tree
version=v4
num_class=1
num_tree_per_iteration=1
label_index=0
max_feature_idx=16
objective=quantile
feature_names=ret_1d ret_5d ret_20d overnight_gap atr_pct parkinson_20 dvol_z_20 dist_ma20 dist_ma50 dist_ma200 spy_ret_1d spy_ret_5d spy_ret_20d vix_level vix_chg_1d sector_ret_1d sector_ret_5d
feature_infos=[-0.53140190578537583:0.31114657019864822] [-0.55344657255116947:0.74069889299032043] [-0.58708433479279354:1.2426337974166262] [-0.4344138729811311:0.2151718980078543] [0.008406745062934028:0.14726955644850151] [0.0054810495122377904:0.13389000468607817] [-2.8216350500356158:4.3534584605457551] [-0.55430670618440292:0.57105524759232562] [-0.58721050755867255:0.72710057412383855] [-0.63561069594256203:1.4187664566604075] [-0.058542971330535654:0.10501930183911301] [-0.11496151859245618:0.082843162776128354] [-0.1226559005192206:0.15756591020035837] [11.859999656677246:52.330001831054688] [-0.35753873962348437:0.74039073966007019] [-0.073180917682286184:0.075364333134955164] [-0.12187676960594984:0.078003472462632839]
tree_sizes=2954 3034 3045 3055 3042 3074 3042 3086 3080 3081 3058 3084 3064 3073 3034 3110 3073 3087 3096 3092 3060 3093 3066 3069 3080 3042 3061 3098 3111 3060 3060 3066 3116 3091 3069 3087 3077 3069 3048 3068 3075 3089 3101 3084 3088 3076 3085 3072 3093 3099 3046 3097 3068

Tree=0
num_leaves=31
num_cat=0
split_feature=4 4 4 13 16 13 13 9 16 16 13 12 10 14 6 14 10 12 16 6 16 8 16 16 10 14 15 14 14 16
split_gain=293.511 70.0599 45.5391 44.1564 26.1694 24.2788 25.8306 23.2109 23.0199 21.3072 24.4289 21.11 22.7729 19.9595 19.0071 18.5883 39.2207 21.4303 16.3212 16.1005 15.7557 15.6428 15.9138 13.277 26.5 15.304 13.3304 12.8436 16.5347 12.3061
threshold=0.021386644306059622 0.040328542098434415 0.016052843555856913 25.505000114440922 -0.018342269970587462 16.469999313354496 16.675000190734867 0.21097757741090398 -0.055746263980944448 -0.016872906359650493 27.365000724792484 -0.0800835440536906 0.020743044846024853 0.10370151545599839 0.56120742245768807 -0.077913276979976895 0.011081127961662387 -0.0036881792371129536 0.07518044325848118 -0.8503491650318401 0.03809472492683464 0.19730012565653457 0.01378217465025078 -0.034933530774668035 0.0052648520275683239 -0.067583665573298909 0.0077637196767963443 0.18763840935801293 0.45247854199056486 0.019725321917501096
decision_type=2 2 2 2 2 2 2 8 2 2 2 2 2 2 2 2 2 2 2 2 2 8 2 2 2 2 2 2 2 2
left_child=2 3 13 5 7 15 -7 -4 -8 27 -11 -3 18 -1 -6 16 -2 -18 -13 29 21 23 -23 24 -10 -25 -27 -5 -29 -17
right_child=1 11 4 9 14 6 8 -9 20 10 -12 12 -14 -15 -16 19 17 -19 -20 -21 -22 22 -24 25 -26 26 -28 28 -30 -31
leaf_value=0.0090089927078224712 0.0095242752227932218 0.01100885784253478 0.009264299902133644 0.0098370242863893512 0.0090618457528762516 0.0095252337399870154 0.0080126553773879998 0.0090629640035331249 0.009693444054573775 0.0097099561244249344 0.0088575111818499867 0.0096097549423575408 0.0087597453733906146 0.0091733931563794616 0.009138811053708196 0.009092140244320035 0.0095338070299476382 0.0088463537569623447 0.0088578466267790652 0.0091478558722883456 0.0089287452399730675 0.0090138743165880438 0.0095797345973551266 0.009342841058969497 0.008854925399646163 0.0092341217212378972 0.0090966590680181987 0.0088335982407443218 0.0098386496305465695 0.0089349456364288919
leaf_weight=7726 426 231 1652 555 12610 438 117 755 491 213 192 3399 109 491 3549 942 64 158 54 7046 263 812 95 1782 110 7440 1322 91 119 409
leaf_count=7726 426 231 1652 555 12610 438 117 755 491 213 192 3399 109 491 3549 942 64 158 54 7046 263 812 95 1782 110 7440 1322 91 119 409
internal_value=0.0090676 0.0127589 0.00536317 0.0117242 0.00673478 0.0112189 0.0126141 0.0115986 0.0121936 0.0211883 0.0119148 0.0190566 0.0181067 0.00226407 0.00601028 0.00923376 0.0173932 0.000353234 0.018817 0.00860409 0.0124034 0.0126676 0.00635311 0.0131814 0.0204099 0.0127694 0.0119104 0.0260978 0.0155656 0.00360408
internal_weight=53661 26878 26783 23085 18566 21915 12870 2407 12432 1170 405 3793 3562 8217 16159 9045 648 222 3453 8397 12315 12052 907 11145 601 10544 8762 765 210 1351
internal_count=53661 26878 26783 23085 18566 21915 12870 2407 12432 1170 405 3793 3562 8217 16159 9045 648 222 3453 8397 12315 12052 907 11145 601 10544 8762 765 210 1351
is_linear=0
shrinkage=1


Tree=1
num_leaves=31
num_cat=0
split_feature=4 11 11 10 4 4 9 12 10 12 11 14 10 4 12 16 11 10 10 11 10 10 12 14 13 14 9 10 10 10
split_gain=265.74 89.9742 65.0496 53.5735 46.8119 32.8031 29.2302 28.6669 18.7487 24.2577 28.3405 17.825 15.7499 14.9766 14.786 14.6228 14.3603 14.3518 14.519 14.2516 13.2211 16.7049 14.9263 12.9859 25.2084 12.8209 12.6217 12.5854 11.4673 11.384
threshold=0.021186389690482674 -0.022310292973000797 -0.0070947628288289813 0.0041080829558171059 0.043901604357967645 0.016052843555856913 -0.21373631795097334 -0.050232690438178178 -0.0069332778537110609 -0.067575688865902969 -0.043674023036412872 0.23397195059943568 0.00446494553626653 0.026115158342048611 0.054737000046613422 0.07518044325848118 -0.0071962553700703471 0.0025359002095745047 0.0091157709324108955 -0.01077904076800079 0.0019017631763441625 -0.00038724572548481934 0.0077064466634939608 -0.075454415356713087 20.980000495910648 0.0250539094836888 inf 0.0092143531748835068 0.011869721142281022 0.0034739164181698538
decision_type=2 2 2 2 2 2 10 2 2 2 2 2 2 2 2 2 2 2 2 2 2 2 2 2 2 2 8 2 2 2
left_child=2 3 6 8 11 -4 19 27 9 -2 -11 13 29 16 20 -6 17 -3 -19 -1 21 -8 28 24 -15 -12 -27 -5 -22 -7
right_child=1 4 5 7 15 12 14 -9 -10 10 25 -13 -14 23 -16 -17 -18 18 -20 -21 22 -23 -24 -25 -26 26 -28 -29 -30 -31
leaf_value=-0.00013239980966318397 0.00095716592390090224 0.0001601463987026364 -0.00012977956852409985 -7.3697895277291547e-05 0.00048659477382898328 -8.1169953045900914e-05 0.00010463360085850583 -0.00037432942190207541 0.00062306065578013662 -0.0015870480585726912 -0.00030656491639092565 -0.00060111732862424107 -2.0441146916709826e-05 0.00034090660046786074 -9.9584287381730962e-05 -0.00028932285000337292 -6.143123609945144e-06 -0.00018334014806896447 0.0001330180303193629 3.4361227299086784e-05 -1.0386565118096753e-05 0.00040349567949306227 -0.0001513872423674911 7.2630285285413268e-05 -6.737889314536007e-05 0.00045929042156785723 -2.3553513456135973e-05 0.00058721777051687243 0.00033217878255527468 -0.0001939430966740474
leaf_weight=1029 487 1486 6630 55 2416 8366 2386 309 955 94 83 102 4706 872 267 42 9598 319 326 541 451 365 274 8878 399 793 167 113 168 876
leaf_count=1029 487 1486 6630 55 2416 8366 2386 309 955 94 83 102 4706 872 267 42 9598 319 326 541 451 365 274 8878 399 793 167 113 168 876
internal_value=4.99505e-05 0.00347894 -0.00356787 0.0115674 0.00246747 -0.00485713 0.00127258 -0.003826 0.0144145 0.0111453 0.007146 0.00173567 -0.00348079 0.00183289 0.00358604 0.00901139 0.000615995 0.00432895 -0.00189922 -0.00449045 0.00441822 0.00613413 -0.000867861 0.00323924 0.00796617 0.00951582 0.0111458 0.0127976 0.00343296 -0.00467972
internal_weight=53553 27494 26059 3056 24438 20578 5481 477 2579 1624 1137 21980 13948 21878 3911 2458 11729 2131 645 1570 3644 2751 893 10149 1271 1043 960 168 619 9242
internal_count=53553 27494 26059 3056 24438 20578 5481 477 2579 1624 1137 21980 13948 21878 3911 2458 11729 2131 645 1570 3644 2751 893 10149 1271 1043 960 168 619 9242
is_linear=0
shrinkage=0.05


Tree=2
num_leaves=31
num_cat=0
split_feature=4 11 5 11 12 13 13 16 6 11 9 13 6 13 13 11 11 16 4 16 16 16 11 11 11 0 16 11 8 13
split_gain=242.366 102.731 55.2865 44.1302 26.9283 22.3517 27.0803 22.5616 22.2334 20.6764 20.1805 19.1517 16.9274 16.4141 28.2227 15.4719 14.8755 15.9482 14.747 14.54 14.1705 12.3346 11.1855 14.3609 11.0402 10.971 10.9352 11.0575 9.93692 9.78838
threshold=0.019439249553594502 -0.022310292973000797 0.021115817327011687 -0.0070947628288289813 -0.067575688865902969 27.855000495910648 25.960000038146976 -0.039503255431099886 -0.79542992692595715 -0.023324981642921735 0.26593030008679602 17.615000724792484 0.029765402502098724 30.345000267028812 28.970000267028812 -0.022672211523631577 -0.030384470516343128 -0.0051526571392221379 0.01713160828976814 0.029826453644017484 -0.010518500811434515 -0.018342269970587462 -0.019307177891106305 -0.013447702851804742 -0.033420125215974254 -0.018046190571305295 0.03809472492683464 0.035554574411001412 -0.24426572008253947 12.119999885559084
decision_type=2 2 2 2 2 2 2 2 2 2 8 2 2 2 2 2 2 2 2 2 2 2 2 2 2 2 2 2 10 2
left_child=3 4 12 10 -2 6 7 -6 -5 11 21 -9 20 14 19 -7 17 24 -10 -4 22 -1 -3 -24 -13 -26 27 -22 -14 -30
right_child=1 2 13 8 5 15 -8 9 18 -11 -12 16 28 -15 -16 -17 -18 -19 -20 -21 26 -23 23 -25 25 -27 -28 -29 29 -31
leaf_value=0.00015237909981806301 0.00079093111833935842 -0.0001189261626277585 0.0003175096178893 -0.0001501272257009987 -0.00014593253921339058 -0.00074507144793460611 0.00063679759693332019 -0.00025985134037910025 -0.00010525729252549351 -0.00010501207422930741 -7.7053825050825249e-05 0.00017500421684235338 -0.00021467417181702332 0.00091134783532470477 -0.00048275557225861123 0.00051596308022271848 0.00045578186470083897 0.00062522475444711737 -4.6055331549723581e-05 -1.4571487554349005e-05 -2.038350445218388e-05 5.2364488583407736e-06 0.00029751756673795173 5.8394702093210118e-05 0.00036537378335196993 -0.00028581534832483157 -0.00015725805215333817 0.0001412346202414483 -0.0003782225643808488 7.2898380509286683e-05
leaf_weight=1013 790 315 4069 3054 308 169 407 75 7674 225 1268 144 361 175 133 63 1063 85 5242 580 11413 1846 388 2108 61 138 636 471 54 9236
leaf_count=1013 790 315 4069 3054 308 169 407 75 7674 225 1268 144 361 175 133 63 1063 85 5242 580 11413 1846 388 2108 61 138 636 471 54 9236
internal_value=5.22739e-05 0.00265859 0.00170764 -0.00428795 0.0107285 0.00838203 0.00975658 0.00746784 -0.00547902 0.00961753 0.000321056 0.0116539 0.00075054 0.00653117 0.00598076 -0.00646552 0.012894 0.00502336 -0.00457185 0.00663046 -0.000282108 0.00264953 0.002926 0.00404647 0.000218659 -0.00741206 -0.0010024 -0.000660552 0.00239094 0.00270721
internal_weight=53564 33467 29939 20097 3528 2738 2506 2099 15970 1791 4127 1566 24982 4957 4782 232 1491 428 12916 4649 15331 2859 2811 2496 343 199 12520 11884 9651 9290
internal_count=53564 33467 29939 20097 3528 2738 2506 2099 15970 1791 4127 1566 24982 4957 4782 232 1491 428 12916 4649 15331 2859 2811 2496 343 199 12520 11884 9651 9290
is_linear=0
shrinkage=0.05


Tree=3
num_leaves=31
num_cat=0
split_feature=11 13 10 6 13 8 12 10 12 12 13 13 10 14 12 11 7 14 10 9 10 11 12 12 16 0 16 11 16 10
split_gain=146.128 63.2016 54.3063 39.2698 38.147 43.4272 32.0756 29.7154 36.0558 37.9445 22.9289 22.2037 19.0017 22.4699 22.2865 19.2305 18.59 19.8182 21.9953 18.5306 23.2275 18.5018 20.8575 17.8813 20.6832 17.5313 17.3266 17.198 21.1098 22.4875
threshold=-0.022024026906729662 16.469999313354496 0.0041080829558171059 -0.84060523626035277 16.675000190734867 -0.066795608431565609 -0.050232690438178178 -0.0069332778537110609 -0.067575688865902969 -0.029032351633034689 12.119999885559084 16.550000190734867 0.0070711617460903495 0.020823614308890352 0.11156893092539701 -0.020756014565235011 0.069506178962676315 -0.077913276979976895 0.015021993582677752 inf -0.013327781970057238 -0.013682721850423905 0.0082902171521933594 0.093566605009263407 0.037772280838337953 0.027316314242672005 0.019725321917501096 -0.031453464626615406 -0.014008964365950003 -0.0089994587968861266
decision_type=2 2 2 2 2 8 2 2 2 2 2 2 2 2 2 2 2 2 2 8 2 2 2 2 2 2 2 2 2 2
left_child=2 3 7 26 11 -6 -4 8 -1 27 -5 -3 13 -7 15 -15 17 18 -12 20 -11 -14 -23 24 -24 -19 -2 -10 -29 -30
right_child=1 4 6 10 5 12 -8 -9 9 19 16 -13 21 14 -16 -17 -18 25 -20 -21 -22 22 23 -25 -26 -27 -28 28 29 -31
leaf_value=0.00084547402306161536 -9.8444131702126426e-05 -5.9647368902006083e-06 0.00036375048136105765 -0.00028861485877168888 0.0002087983195087873 -6.7784772465893144e-05 -0.0002755676972155925 0.00042725182061622034 -0.00031430922532545082 0.00050604572410775292 0.00017445207020682572 0.00025526447613447094 -0.00021611366975848799 -0.00026377469699928043 -0.00036130208896065593 4.2702139315224483e-05 9.7104744447278762e-05 -4.9396331176103549e-05 -0.00027478562621345196 -3.921117082973072e-05 7.1060595564267744e-05 0.00017806430201744666 -4.8092911989078806e-05 0.00027151629467989552 0.00043196842436191222 0.00017278451938182121 -0.000182457878387504 0.00023937349884618018 -0.00034227843381813734 0.00041722886188799751
leaf_weight=524 3268 400 198 376 3339 7558 516 1664 328 576 986 929 365 214 126 5857 1608 17629 208 268 393 1891 1885 188 124 553 1180 186 196 60
leaf_count=524 3268 400 198 376 3339 7558 516 1664 328 576 986 929 365 214 126 5857 1608 17629 208 268 393 1891 1885 188 124 553 1180 186 196 60
internal_value=4.33825e-05 -0.000785679 0.00826543 -0.00248179 0.00112782 0.000620736 -0.00448179 0.010435 0.00702292 0.00397359 -0.00159176 0.00934913 -0.00034051 -0.00125954 0.000972245 0.00140422 -0.00137247 -0.0018012 0.00443886 0.00939774 0.0126161 0.00249832 0.00346135 0.000147929 -0.00123196 -0.00221098 -0.00675585 -0.00474026 0.00169683 -0.00761719
internal_weight=53593 48684 4909 25808 22876 21547 714 4195 2531 2007 21360 1329 18208 13755 6197 6071 20984 19376 1194 1237 969 4453 4088 2197 2009 18182 4448 770 442 256
internal_count=53593 48684 4909 25808 22876 21547 714 4195 2531 2007 21360 1329 18208 13755 6197 6071 20984 19376 1194 1237 969 4453 4088 2197 2009 18182 4448 770 442 256
is_linear=0
shrinkage=0.05


Tree=4
num_leaves=31
num_cat=0
split_feature=4 13 4 4 13 16 14 15 15 13 9 16 6 14 13 14 16 16 13 16 15 6 15 13 9 16 15 13 13 13
split_gain=212.512 57.2582 41.6254 37.8204 22.3007 22.1864 18.7005 28.3904 18.5639 18.4543 16.2518 16.083 15.6823 14.7197 14.719 24.2451 23.3788 17.3861 15.5603 13.5484 12.9704 12.5716 12.1163 12.2372 13.977 11.1684 10.7528 9.91188 22.6234 10.2664
threshold=0.021386644306059622 33.719999313354499 0.015991527512212 0.041859506290018257 16.469999313354496 -0.018342269970587462 -0.077913276979976895 0.013993428888272376 0.046939208635316872 16.675000190734867 0.33959165437234889 0.03809472492683464 -1.1880574552402992 0.10370151545599839 25.505000114440922 0.18763840935801293 -0.049845018620320085 -0.00072536872470629888 27.365000724792484 0.07518044325848118 -0.0053068177358035476 -0.61251276820197564 -0.0023058851613015348 16.579999923706058 -0.17754120167537182 0.03470825403415246 -0.0084579474537897475 30.345000267028812 28.970000267028812 26.494999885559086
decision_type=2 2 2 2 2 2 2 2 2 2 8 2 2 2 2 2 2 2 2 2 2 2 2 2 10 2 2 2 2 2
left_child=2 3 13 4 6 10 7 -2 19 -6 -4 14 -7 -1 16 17 -11 -16 -19 27 26 25 23 -22 -25 -8 -14 28 29 -5
right_child=1 -3 5 8 9 12 21 -9 -10 11 -12 -13 20 -15 15 -17 -18 18 -20 -21 22 -23 -24 24 -26 -27 -28 -29 -30 -31
leaf_value=-0.0001088161462858988 0.00033092382152708524 0.0010872548061268935 0.00011836877861613176 0.00039606928920006795 0.00031650478680148812 -0.00014331285647365807 -4.7206091555490262e-05 -0.00021893738566732286 -0.0013776600771299855 -0.00058114665845150745 -6.0013659624000904e-05 -0.000143341634643366 -4.7286319038530567e-05 4.116060934744384e-05 0.00047677440347961236 -0.00026049445202031165 8.5420044814964055e-05 0.00067427880169070704 -0.00036759981806133517 -0.00025306516274795288 -1.953520214294253e-05 2.4023429025182886e-05 -3.7764388871910353e-05 -0.00010002778425021461 0.0001956618990448988 -0.00027613536190936429 -0.00016373671617376652 0.00080191927331325127 -0.00067491966647721712 0.00092118794076668565
leaf_weight=7559 529 445 1725 2710 454 1004 2117 119 45 211 725 316 1330 455 582 144 12162 158 99 46 1142 6062 10498 210 579 201 1418 141 72 150
leaf_count=7559 529 445 1725 2710 454 1004 2117 119 45 211 725 316 1330 455 582 144 12162 158 99 46 1142 6062 10498 210 579 201 1418 141 72 150
internal_value=2.24685e-05 0.00316949 -0.00313849 0.00286876 0.00216809 -0.00184236 0.000227071 0.00841049 0.00799621 0.00340861 0.00259184 0.00307929 -0.00251375 -0.00615173 0.00334307 0.00923194 0.00287521 0.0124851 0.0016537 0.00845624 -0.0021134 -0.000405728 -0.0014261 0.00221388 0.00700253 -0.00353753 -0.00522198 0.00885942 0.0082367 0.00893357
internal_weight=53408 26763 26645 26318 23154 18631 9028 648 3164 14126 2450 13672 16181 8014 13356 983 12373 839 257 3119 15177 8380 12429 1931 789 2318 2748 3073 2932 2860
internal_count=53408 26763 26645 26318 23154 18631 9028 648 3164 14126 2450 13672 16181 8014 13356 983 12373 839 257 3119 15177 8380 12429 1931 789 2318 2748 3073 2932 2860
is_linear=0
shrinkage=0.05


Tree=5
num_leaves=31
num_cat=0
split_feature=4 11 11 10 4 4 12 9 6 1 6 4 10 15 15 11 16 10 10 16 15 11 11 11 15 9 15 12 10 15
split_gain=196.83 70.4249 51.21 48.4919 37.5387 26.1126 23.0939 18.7769 15.4116 15.2438 15.1736 14.9878 16.5416 14.0166 16.6966 13.4943 11.8139 14.9737 27.3558 32.0614 17.3452 14.1949 19.8544 14.5476 14.0837 16.8653 12.9459 12.0712 11.5649 11.44
threshold=0.021386644306059622 -0.022310292973000797 -0.0070947628288289813 0.0041080829558171059 0.043901604357967645 0.018303019843888661 -0.050232690438178178 -0.15336435572831184 0.20711652049526241 -0.0091566915640978724 -0.37680454873355723 0.033325569963079386 -0.0069332778537110609 -0.012550674326103515 -0.0070007677411399452 -0.011129829158328551 0.031469059813156848 0.0055838034920830957 0.0025359002095745047 0.0049490112797906391 0.010549165318691546 -0.0071962553700703471 -0.019307177891106305 0.025879886513439202 0.010891513112084474 -0.17754120167537182 -0.001421870165842609 0.12951753151584791 0.0041080829558171059 -0.0040520573018016362
decision_type=2 2 2 2 2 2 2 10 2 2 2 2 2 2 2 2 2 2 2 2 2 2 2 2 2 10 2 2 2 2
left_child=2 3 7 11 8 10 -5 15 16 -9 -4 12 -2 -12 -15 28 17 18 21 -20 27 22 -3 -23 25 -19 -24 -21 29 -1
right_child=1 4 5 6 -6 -7 -8 9 -10 -11 13 -13 -14 14 -16 -17 -18 24 19 20 -22 23 26 -25 -26 -27 -28 -29 -30 -31
leaf_value=-0.0001620159252855706 0.00019862659810975585 -0.00010659982245720675 -0.00011963335466166521 0.00032345939047041615 0.00040581865384630653 -3.9378833400191029e-05 -0.00030165316112430447 0.00014115752732649661 0.00010087925870581605 4.4266726538689729e-06 9.1255280776909785e-05 0.00087687840979515396 0.0003942874139337073 -0.00020654868532681911 -6.6521088615048834e-05 4.4295590146528015e-05 -6.0225540984120036e-05 0.000313052488650792 -0.00028316526856930795 -6.8802757680936326e-05 0.00032929498990183904 -1.6895812408676634e-05 0.00011595512518993022 0.00024256338097554181 -2.6154134132168067e-05 7.9009032591472126e-05 0.00027408631726780187 0.00082108402583404316 -0.00038002840594767259 3.8003510027152539e-05
leaf_weight=562 981 386 5465 161 2476 8269 326 1878 6667 2217 269 865 678 616 6467 580 1419 728 788 823 122 5198 932 447 1129 1958 624 46 157 315
leaf_count=562 981 386 5465 161 2476 8269 326 1878 6667 2217 269 865 678 616 6467 580 1419 728 788 823 122 5198 932 447 1129 1958 624 46 157 315
internal_value=4.99542e-05 0.00308365 -0.0029791 0.0102873 0.00217011 -0.00411648 -0.00415811 0.00122176 0.00149175 0.00302198 -0.00552977 0.0130745 0.0102923 -0.00404652 -0.00447198 -0.00334572 0.000582192 0.00104886 -2.66923e-05 -0.00560708 0.000378406 0.0012818 0.0049691 1.32861e-05 0.00368938 0.00565897 0.00748715 -0.00210012 -0.00676983 -0.0045325
internal_weight=53549 26754 26795 3011 23743 21086 487 5709 21267 4095 12817 2524 1659 7352 7083 1614 14600 13181 9366 1779 991 7587 1942 5645 3815 2686 1556 869 1034 877
internal_count=53549 26754 26795 3011 23743 21086 487 5709 21267 4095 12817 2524 1659 7352 7083 1614 14600 13181 9366 1779 991 7587 1942 5645 3815 2686 1556 869 1034 877
is_linear=0
shrinkage=0.05


Tree=6
num_leaves=31
num_cat=0
split_feature=4 11 10 11 4 12 4 9 10 12 11 14 6 16 6 16 12 11 10 11 10 13 13 14 12 14 8 16 14 15
split_gain=184.114 67.9447 41.7 39.3455 34.7573 26.5977 22.8899 21.3639 17.7954 17.1722 24.3019 16.7608 16.0534 16.1429 14.6392 14.2509 14.0542 13.8269 13.7951 13.4324 12.1348 11.4692 10.8392 10.4966 10.9808 10.3194 9.66905 9.64618 9.67771 9.16774
threshold=0.021186389690482674 -0.022310292973000797 0.0041080829558171059 -0.0070947628288289813 0.043901604357967645 -0.050232690438178178 0.017415450941607079 0.31800487856472043 -0.0069332778537110609 -0.067575688865902969 -0.043674023036412872 0.23397195059943568 0.040370961778999251 -0.010518500811434515 -0.87956963942556998 -0.02229144751157652 -0.0080596429832442956 0.070409714471863075 0.00446494553626653 -0.011129829158328551 0.0092143531748835068 30.345000267028812 28.970000267028812 -0.12635401997537379 0.054737000046613422 0.0250539094836888 -0.049719273474377761 -0.065557257532988841 -0.19490876951167976 0.0022414153349572534
decision_type=2 2 2 2 2 2 2 8 2 2 2 2 2 2 2 2 2 2 2 2 2 2 2 2 2 2 10 2 2 2
left_child=3 2 8 7 11 20 14 15 9 26 -11 12 13 -3 -5 16 -1 21 -8 29 -4 22 -6 -17 -25 -12 -2 -14 -29 -9
right_child=1 4 5 6 17 -7 18 19 -10 10 25 -13 27 -15 -16 23 -18 -19 -20 -21 -22 -23 -24 24 -26 -27 -28 28 -30 -31
leaf_value=5.8887113358643226e-05 0.00097427035780694505 0.00011245226061086262 -0.00010757975128283586 -0.0001473231985755969 0.00039009692020259239 -0.00031941343781325673 -6.6571380320775561e-05 -8.8079567217263374e-05 0.00051763303826241828 -0.0015873994478765416 -0.00024882919025704119 -0.00055079128350798664 -0.00155663963164175 -8.9297535590874513e-06 -8.4577653406019016e-05 -0.00017833171699690285 0.00029836480747461968 -0.00019859615561024918 3.6476896056175138e-06 2.4967562879565488e-05 0.00050137805018383194 0.00093928092365548404 -0.00063473123999274403 6.4230867580464867e-05 -8.51031626867678e-05 0.00027672158064991585 0.00026072748141532756 -0.00026372826299952371 9.6219989584984047e-05 -0.00056151125249926314
leaf_weight=463 334 2521 61 1644 2247 330 6760 924 931 90 81 97 43 11216 8630 138 426 63 3503 563 113 125 49 2619 277 963 143 73 7958 90
leaf_count=463 334 2521 61 1644 2247 330 6760 924 931 90 81 97 43 11216 8630 138 426 63 3503 563 113 125 49 2619 277 963 143 73 7958 90
internal_value=6.49836e-05 0.00292295 0.00996389 -0.00294677 0.0020437 -0.0031746 -0.00395262 0.000809091 0.0125688 0.00938858 0.00604056 0.00140816 0.00150039 0.000460435 -0.00562099 0.00278486 0.00835208 0.00764895 -0.00228247 -0.0041059 0.0126437 0.00825072 0.00744774 0.00115359 0.00179558 0.00818966 0.017348 0.00326975 0.00339621 -0.00754438
internal_weight=53475 27438 3046 26037 24392 504 20537 5500 2542 1611 1134 21908 21811 13737 10274 3923 889 2484 10263 1577 174 2421 2296 3034 2896 1044 477 8074 8031 1014
internal_count=53475 27438 3046 26037 24392 504 20537 5500 2542 1611 1134 21908 21811 13737 10274 3923 889 2484 10263 1577 174 2421 2296 3034 2896 1044 477 8074 8031 1014
is_linear=0
shrinkage=0.05


Tree=7
num_leaves=31
num_cat=0
split_feature=4 11 12 4 10 15 4 10 12 14 11 12 12 11 10 10 11 10 12 15 15 15 10 10 11 15 10 10 15 15
split_gain=173.15 63.2371 53.4452 40.1953 23.7033 23.5174 20.9984 20.6839 18.3876 17.9501 17.8335 17.7379 18.7612 17.043 14.8464 13.9027 18.1564 15.4552 12.9347 12.5742 12.2298 22.218 12.1155 12.98 18.1072 12.4442 30.9713 12.9146 12.6087 15.7647
threshold=0.024782450932745139 -0.0075284193939237345 -0.075828258528587975 0.018191072945046672 0.0040309091899630731 0.0019905160809858828 0.041859506290018257 0.020743044846024853 0.0077064466634939608 -0.067583665573298909 -0.023324981642921735 -0.0086076818895993706 0.053097750277519846 -0.022024026906729662 -0.017312000709356064 0.0041080829558171059 -0.033420125215974254 -0.011231034779129566 -0.019977149001015378 0.0046037058047073707 -0.012550674326103515 -0.00524730331798584 0.00446494553626653 0.010824112764753148 0.04888400580692865 0.0088043681294558435 0.0030127975736100603 0.0034564215919221657 0.00026123454524573658 0.0012945312925816135
decision_type=2 2 2 2 2 2 2 2 2 2 2 2 2 2 2 2 2 2 2 2 2 2 2 2 2 2 2 2 2 2
left_child=1 4 -2 20 5 11 10 -8 9 -6 15 -1 -13 -7 -12 17 -17 18 -4 -15 -3 -22 25 24 -24 26 28 -27 -5 -30
right_child=2 3 6 22 8 13 7 -9 -10 -11 14 12 -14 19 -16 16 -18 -19 -20 -21 21 -23 23 -25 -26 27 -28 -29 29 -31
leaf_value=-3.5145455390597291e-05 0.00095269421637477782 4.8468933709215709e-05 -6.1457044082946242e-05 -7.0090355469272158e-06 9.7550121482597663e-05 0.0003991427047404084 0.00037728474447816453 -0.00045318823349931438 -0.00018161238524904674 -0.0001768785756859336 -0.00039539894699579096 0.00012205802297729079 -8.2096939570938367e-05 0.00022306031987025127 6.8254497630990777e-05 0.00063878297460042907 -0.00037777370713247636 0.00041732819617993359 0.00056848322787307528 -3.5096100014854558e-06 -0.00016433537904135179 -7.8791913651766072e-05 4.645573410308026e-05 -6.769217665045391e-05 -0.00023406053667002842 -1.0080374599351394e-05 -0.00020537817881223985 0.00026477874670065684 -0.00023164245175688066 -5.264184943086347e-05
leaf_weight=2002 619 410 297 5422 684 387 3015 107 409 430 205 2426 386 520 12140 45 141 470 198 474 1682 10561 4085 1326 132 490 1025 226 541 2724
leaf_count=2002 619 410 297 5422 684 387 3015 107 409 430 205 2426 386 520 12140 45 141 470 198 474 1682 10561 4085 1326 132 490 1025 226 541 2724
internal_value=6.57907e-05 -0.00189175 0.00419302 -0.00297478 0.0021249 0.00349879 0.00365567 0.00735106 -0.00346356 -0.00013465 0.00280083 0.00184877 0.00440967 0.00925054 0.00224585 0.00875326 -0.00376344 0.0111658 0.005 0.00578471 -0.00507982 -0.00536429 -0.00130706 0.000581815 0.00193858 -0.00231109 -0.00278007 0.00405028 -0.00181018 -0.00426493
internal_weight=53579 36342 17237 28624 7718 6195 16618 3122 1523 1114 13496 4814 2812 1381 12345 1151 186 965 495 994 12653 12243 15971 5543 4217 10428 9712 716 8687 3265
internal_count=53579 36342 17237 28624 7718 6195 16618 3122 1523 1114 13496 4814 2812 1381 12345 1151 186 965 495 994 12653 12243 15971 5543 4217 10428 9712 716 8687 3265
is_linear=0
shrinkage=0.05


Tree=8
num_leaves=31
num_cat=0
split_feature=4 11 11 4 10 6 12 13 15 15 15 10 14 10 12 11 15 6 9 11 15 11 10 10 14 12 13 14 13 10
split_gain=156.122 64.1388 32.309 30.5795 30.3276 22.9078 22.7322 17.5246 16.3794 32.818 19.5751 16.5949 16.3733 16.337 19.8012 22.5247 15.8511 14.8343 14.8263 13.4267 13.237 16.0436 16.6113 12.788 16.3424 16.0432 18.7332 12.5554 22.7913 13.8751
threshold=0.021386644306059622 -0.022310292973000797 -0.0070947628288289813 0.043901604357967645 0.0041080829558171059 -1.1061441797090821 -0.050232690438178178 12.00999975204468 -0.012947084821679554 -0.0047563422266273516 -0.0021615302318224168 0.0043154379998111567 0.23397195059943568 -0.0069332778537110609 -0.067575688865902969 -0.043674023036412872 0.014624681099707606 0.20711652049526241 -0.21373631795097334 -0.011129829158328551 0.0063153792294724518 0.0051016574870994544 0.0083252944612894914 -0.0072745110629502388 0.10773003329269316 0.056027042495551023 17.445000648498539 -0.081825770158787711 19.105000495910648 0.009886389915227169
decision_type=2 2 2 2 2 2 2 2 2 2 2 2 2 2 2 2 2 2 10 2 2 2 2 2 2 2 2 2 2 2
left_child=2 4 18 12 13 -4 -6 -7 -9 -10 -11 16 17 14 -2 -16 23 27 19 -1 -13 22 -22 -12 25 26 -25 28 29 -3
right_child=1 3 5 -5 6 7 -8 8 9 10 11 20 -14 -15 15 -17 -18 -19 -20 -21 21 -23 -24 24 -26 -27 -28 -29 -30 -31
leaf_value=-0.00012514643140286945 0.00069622195955183124 0.00037203619026765543 -0.00013640425504200709 0.00036402518485442389 0.00031282964323817608 -0.00029709470542620066 -0.00027810325695525306 7.8959714137190288e-05 -0.00013477379000804805 4.0758614322218297e-05 9.8221057195857852e-05 3.1876563452812312e-05 -0.00057735714083952919 0.0004674377679249475 -0.001488343256330636 0.00022786768278073726 0.00024035140969925242 9.2861507743152933e-05 4.84326653360026e-05 5.1435889159739351e-05 6.4881616953267265e-06 -1.4013808127201228e-05 -0.0002317215273614226 -8.9586992389825704e-05 0.00026610467139912989 3.4049029532777454e-05 -0.0002642787152159539 -9.2904684672020026e-07 -7.8227041913165547e-05 0.00011284880210709124
leaf_weight=1019 475 379 1773 2460 179 166 317 598 3080 2258 324 2507 106 950 98 1043 130 6660 4081 589 347 2468 641 5437 86 596 767 13247 432 488
leaf_count=1019 475 379 1773 2460 179 166 317 598 3080 2258 324 2507 106 950 98 1043 130 6660 4081 589 347 2468 641 5437 86 596 767 13247 432 488
internal_value=-5.12095e-06 0.00269248 -0.00269941 0.00181516 0.00950359 -0.00359807 -0.00181452 -0.003101 -0.00296143 -0.00322273 -0.00228938 -0.00302 0.00120589 0.0116913 0.00863243 0.00506135 -0.00461172 0.00130388 0.000645983 -0.0034204 -0.00106071 -0.00306713 -0.00845142 -0.00492372 -0.00538048 -0.00565441 -0.00640716 0.000409047 0.00510008 0.00977509
internal_weight=53701 26834 26867 23772 3062 21178 496 19405 19239 18641 15561 13303 21312 2566 1616 1141 7340 21206 5689 1608 5963 3456 988 7210 6886 6800 6204 14546 1299 867
internal_count=53701 26834 26867 23772 3062 21178 496 19405 19239 18641 15561 13303 21312 2566 1616 1141 7340 21206 5689 1608 5963 3456 988 7210 6886 6800 6204 14546 1299 867
is_linear=0
shrinkage=0.05


Tree=9
num_leaves=31
num_cat=0
split_feature=4 11 12 4 5 10 4 12 10 11 10 11 12 10 14 12 12 13 12 13 13 10 15 15 14 15 15 13 15 11
split_gain=143.777 58.9577 52.6636 34.1181 20.3383 17.7618 16.8537 15.7851 19.2966 15.4991 18.3419 18.3937 16.0826 15.2209 15.179 15.1731 17.0391 14.1855 13.925 17.9708 14.2361 12.9205 13.8929 12.879 12.4077 12.1738 24.9022 12.2627 11.8237 13.5422
threshold=0.024782450932745139 -0.0070947628288289813 -0.075828258528587975 0.018191072945046672 0.0094949361209062475 0.0040309091899630731 0.057440111806457521 0.066365823842825869 -0.00038724572548481934 -0.022310292973000797 0.0041080829558171059 -0.033420125215974254 -0.062212447341067838 0.0047561334202744785 0.23397195059943568 0.0077064466634939608 0.0027925929369287954 12.119999885559084 -0.0045413562786246189 20.610000610351566 25.010000228881839 -0.0069332778537110609 -0.037326830199928211 -0.013721322873776974 0.16071726291299396 -0.012550674326103515 -0.0053068177358035476 19.295000076293949 0.0060397567443138964 0.011720934818365893
decision_type=2 2 2 2 2 2 2 2 2 2 2 2 2 2 2 2 2 2 2 2 2 2 2 2 2 2 2 2 2 2
left_child=1 4 -2 17 -1 7 9 8 -6 10 21 -12 -11 18 -14 16 -7 -3 20 23 -5 22 -4 -20 -24 -19 -27 -28 29 -15
right_child=2 3 6 13 5 15 -8 -9 -10 12 11 -13 14 28 -16 -17 -18 25 19 -21 -22 -23 24 -25 -26 26 27 -29 -30 -31
leaf_value=-5.5880038522803044e-05 0.00085788881864411355 -0.00027340191362808903 -0.0016888616602686063 -0.00015706849853595252 7.2045401559136561e-05 -3.3792035782426438e-05 0.00060135795354825821 -0.00020496183892011692 0.00023521515083179775 -0.00021438975965964551 0.00064005514875672606 -0.00031971390921736297 7.9604643360883806e-05 0.00016020555237671356 -0.0007113714628202611 -0.00017314381036650264 0.00042304545799558908 5.7484205894339088e-05 0.00016619524495479284 0.00028207053459032555 0.00090621000053766059 0.00043088510860727161 7.9992554289080091e-05 -4.7877062852363236e-05 0.0005200283755175762 -0.00015636847384465163 -7.1579573151873754e-05 0.00010203415340158673 -2.3009262255195217e-05 4.1809916475270969e-06
leaf_weight=1146 619 287 40 1008 4397 888 1152 143 971 253 47 218 13543 1000 82 352 186 395 256 193 43 471 530 8978 262 1604 9714 401 2914 1280
leaf_count=1146 619 287 40 1008 4397 888 1152 143 971 253 47 218 13543 1000 82 352 186 395 256 193 43 471 530 8978 262 1604 9714 401 2914 1280
internal_value=5.38662e-05 -0.00173692 0.00381454 -0.00282033 0.00202586 0.00304526 0.00328052 0.00433224 0.004769 0.0028454 0.0075574 -0.00443396 0.00231301 -0.00126978 0.00254495 -0.00192847 0.00102421 -0.00477986 -0.00236686 -0.00175825 -0.00782588 0.00999616 0.00625 -0.00207386 0.00770202 -0.00451956 -0.00481056 -0.00389273 0.000943396 0.00364035
internal_weight=53373 36156 17217 28073 8083 6937 16598 5511 5368 15446 1568 265 13878 15672 13625 1426 1074 12401 10478 9427 1051 1303 832 9234 792 12114 11719 10115 5194 2280
internal_count=53373 36156 17217 28073 8083 6937 16598 5511 5368 15446 1568 265 13878 15672 13625 1426 1074 12401 10478 9427 1051 1303 832 9234 792 12114 11719 10115 5194 2280
is_linear=0
shrinkage=0.05


Tree=10
num_leaves=31
num_cat=0
split_feature=4 11 10 4 10 6 4 16 5 11 6 16 14 12 10 16 9 8 16 3 16 12 12 14 14 9 11 11 10 12
split_gain=135.342 70.6997 42.0884 34.0733 24.0526 18.2302 17.4163 15.5199 15.4698 15.0996 12.133 12.2092 11.9908 11.6093 11.3745 17.7041 15.7328 11.0578 11.0169 10.6173 10.4995 13.2005 13.9493 13.5336 10.8607 11.7508 9.71455 12.7414 15.1727 9.15811
threshold=0.019439249553594502 -0.023324981642921735 0.0041080829558171059 0.031232898228882772 -0.0038583192426028807 -1.1061441797090821 0.032296566876205128 -0.034933530774668035 0.0095403780989465996 -0.033420125215974254 -0.59890952629187966 0.036610976839785543 -0.01013918808565367 0.046892647656094029 -0.0069332778537110609 -0.044876715306698949 -0.017274669051588917 0.22817825728112698 -0.036179452020198836 0.0076402307459683136 0.0060903342172385919 0.01698171514572289 0.022394590796643524 0.12307845124318741 0.0091478412114857095 0.21906906933303052 0.024185912746781283 0.04888400580692865 0.012161923601447857 -0.0800835440536906
decision_type=2 2 2 2 2 2 2 2 2 2 2 2 2 2 2 2 10 8 2 2 2 2 2 2 2 8 2 2 2 2
left_child=4 2 6 10 20 -6 14 -7 -9 19 11 -3 13 -10 15 -2 -17 18 -12 -4 21 23 -23 -1 25 -22 -20 -28 -29 -5
right_child=1 3 9 29 5 7 -8 8 12 -11 17 -13 -14 -15 -16 16 -18 -19 26 -21 24 22 -24 -25 -26 -27 27 28 -30 -31
leaf_value=-5.7350905455204851e-05 -0.00022513218040332169 -2.0157005563968025e-05 0.00049069548252180276 0.00098662087690671511 -0.00014708577884145507 0.00018986519879821346 0.00081534779271564314 -0.00010437795870006728 -3.6216610803120264e-06 -0.0003229485454321203 0.00034003011476759312 -0.00016205198703693791 -8.215114717726146e-05 -0.00010029913021742665 0.00028052493921291034 1.6046076132790293e-05 0.00042919226246859152 -0.00013957124413670031 1.3005193631620031e-05 -0.00019282194395766323 0.00024842493753008885 0.0003329917967432111 5.2898473164453461e-05 0.00010420683445126157 -8.5302796724066011e-05 -0.00020576180074571607 0.00013033238007291282 -0.00023839559845124857 0.00031973850988799822 0.00014431076883258481
leaf_weight=1305 248 6593 78 90 1329 178 800 4275 4505 303 179 346 4507 894 864 325 401 623 13360 48 151 200 782 510 1325 49 2046 150 43 7102
leaf_count=1305 248 6593 78 90 1329 178 800 4275 4505 303 179 346 4507 894 864 325 401 623 13360 48 151 200 782 510 1325 49 2046 150 43 7102
internal_value=-7.04173e-05 0.00186836 0.00910499 0.00114143 -0.00332584 -0.00423572 0.011467 -0.00371718 -0.00390135 -0.00541958 0.000214225 -0.00153841 -0.00281647 -0.00122708 0.00878672 0.00508214 0.00902204 0.000955734 0.00121372 0.00912698 -2.31374e-05 0.00179657 0.0064664 -0.000730028 -0.00336066 0.0075 0.00107218 0.00412014 -0.00816062 0.00415044
internal_weight=53609 33599 3067 30532 20010 15688 2638 14359 14181 429 23340 6939 9906 5399 1838 974 726 16401 15778 126 4322 2797 982 1815 1525 200 15599 2239 193 7192
internal_count=53609 33599 3067 30532 20010 15688 2638 14359 14181 429 23340 6939 9906 5399 1838 974 726 16401 15778 126 4322 2797 982 1815 1525 200 15599 2239 193 7192
is_linear=0
shrinkage=0.05


Tree=11
num_leaves=31
num_cat=0
split_feature=5 12 11 5 11 10 4 9 16 6 12 15 10 12 15 10 15 10 10 10 10 10 11 11 11 11 6 11 11 1
split_gain=127.643 46.2015 31.2677 25.9516 21.7224 17.4271 16.584 16.3971 16.5209 14.149 14.1116 13.4877 15.8278 14.4907 14.6306 19.2345 13.1446 12.5428 14.0589 12.3063 21.1188 16.2083 11.9598 11.8554 11.4875 17.8538 11.1017 10.9819 10.9647 10.8182
threshold=0.012716993441272757 -0.075828258528587975 -0.0070947628288289813 0.01827906672439045 -0.0071962553700703471 0.020743044846024853 0.015642672925707438 0.26593030008679602 -0.020852618664827346 -0.0093874216335578676 -0.0080596429832442956 -0.013721322873776974 0.00446494553626653 0.0020578484903100995 0.0075263257563361616 0.003591599140665203 0.0043328126429473821 -0.0046973619314177864 -0.0066833356830042758 0.0025359002095745047 -0.0045512534975928323 0.0091157709324108955 0.022829812381502172 -0.011129829158328551 0.04888400580692865 0.025879886513439202 -0.54274414014423755 -0.015644721758425569 -0.019621569956091153 -0.0508341831664939
decision_type=2 2 2 2 2 2 2 8 2 2 2 2 2 2 2 2 2 2 2 2 2 2 2 2 2 2 2 2 2 2
left_child=2 -2 7 4 19 9 -4 8 10 29 -1 -8 13 17 15 16 22 18 -13 20 -3 -21 -15 -9 25 -6 -27 28 -23 -5
right_child=1 3 6 5 24 -7 11 23 -10 -11 -12 12 -14 14 -16 -17 -18 -19 -20 21 -22 27 -24 -25 -26 26 -28 -29 -30 -31
leaf_value=4.1720496010415419e-05 0.0006881540652772715 5.0990861861112925e-05 -9.1979199904492815e-05 0.00036084781376929882 -1.5415936587618012e-05 -0.0003451907670508433 9.2045277419484673e-05 -0.00013102649158017499 9.6560195572621347e-06 0.00028204600778223183 0.00026970761221677537 -0.00010259487666231258 -7.740943827920467e-06 -6.1316441755723521e-05 6.2107215302170237e-05 -0.00030895734625911351 -0.00015046815282611988 -0.00020560688192513681 0.00034966285457220243 -0.0001306927884097337 0.00020342227750046044 0.00021170955142083413 0.00013233042630974047 2.6894966098674981e-05 -0.00019918948522945883 -6.4760173708411016e-06 0.00014767708611482778 0.00028486241675608519 -0.00046374053147406964 6.821639908810276e-05
leaf_weight=503 701 2354 5531 714 12538 202 369 996 2747 3006 528 229 4456 4978 656 447 945 604 72 698 1412 136 402 543 231 713 1400 349 94 4992
leaf_count=503 701 2354 5531 714 12538 202 369 996 2747 3006 528 229 4456 4978 656 447 945 604 72 698 1412 136 402 543 231 713 1400 349 94 4992
internal_value=-1.21391e-05 0.00218856 -0.00272015 0.00188027 0.000877039 0.00412273 -0.00368265 0.000662968 0.00243515 0.00445937 0.0078322 -0.00271698 -0.0029889 -0.00427517 -0.00354739 -0.00423804 -0.00352964 -0.0102486 -0.0019103 0.00371307 0.00515135 -0.000528583 -0.00257435 -0.00368746 -8.39941e-05 9.04375e-05 0.00434217 0.0056563 -0.00282609 0.00299685
internal_weight=53546 29540 24006 28839 19925 8914 18689 5317 3778 8712 1031 13158 12789 8333 7428 6772 6325 905 301 5043 3766 1277 5380 1539 14882 14651 2113 579 230 5706
internal_count=53546 29540 24006 28839 19925 8914 18689 5317 3778 8712 1031 13158 12789 8333 7428 6772 6325 905 301 5043 3766 1277 5380 1539 14882 14651 2113 579 230 5706
is_linear=0
shrinkage=0.05


Tree=12
num_leaves=31
num_cat=0
split_feature=4 11 10 4 10 4 4 6 13 15 16 15 8 11 16 13 15 15 15 13 11 11 10 15 16 10 9 6 16 3
split_gain=110.848 58.8871 42.2022 34.3052 19.8847 18.6832 15.1575 14.4731 14.0894 13.4372 12.2935 13.8752 12.1236 12.042 16.126 15.2151 16.6741 13.7531 14.9409 13.6089 15.4256 12.0211 11.5155 11.38 18.9457 11.2451 12.4367 10.9093 10.7611 10.6621
threshold=0.018191072945046672 -0.023324981642921735 0.0041080829558171059 0.027357059761211559 -0.0038583192426028807 0.032969895274201903 0.057440111806457521 0.61958788431545464 12.119999885559084 0.0035099098153543733 0.036610976839785543 0.014624681099707606 -0.02183358573684446 -0.0071962553700703471 0.001215859058919633 20.610000610351566 0.0019905160809858828 -0.012947084821679554 -0.0053068177358035476 16.510000228881839 -0.020171834808393903 -0.030384470516343128 -0.017312000709356064 -0.0042573873915031082 0.0065756422602926143 -0.0067260034259559167 -0.022573701554911226 -1.2479506793529413 0.020981076643599276 -0.0060376642406622097
decision_type=2 2 2 2 2 2 2 2 2 2 2 2 10 2 2 2 2 2 2 2 2 2 2 2 2 2 10 2 2 2
left_child=4 2 5 7 23 9 10 13 -6 21 22 -12 -4 14 15 16 -3 -15 28 -16 -21 25 -5 -1 -25 26 -2 -10 -19 -23
right_child=1 3 12 6 8 -7 -8 -9 27 -11 11 -13 -14 17 19 -17 -18 18 -20 20 -22 29 -24 24 -26 -27 -28 -29 -30 -31
leaf_value=-4.113184478318367e-05 -0.00017970570889407154 4.7067665676485453e-05 -0.00031341317824227669 -0.00039660140082153385 -0.00024915586666724777 0.00077967337174778223 0.00056855223251244772 5.0871360444028785e-05 -0.00015373711750391242 0.00041549429410188995 -0.00010831208748271513 0.00060924494095683957 0.00018419945117237563 0.00013842716649149645 -0.00024769847714313921 -5.1968140724548315e-05 0.00030554880277679198 -0.0001359621445751075 -2.2201998498701378e-05 -0.00028801295977990711 7.1171040910734083e-05 0.00034651338744807211 9.6898186770861411e-05 0.00012883988095722596 -4.3022774461605898e-05 0.00021285641740040001 0.00015992125191022371 -6.3314795095430898e-05 0.00011629819906995672 0.00012964738245986138
leaf_weight=1895 297 1282 317 167 292 737 1059 5053 604 317 674 99 151 453 292 789 567 1946 12494 85 367 322 8915 729 664 235 263 11432 189 689
leaf_count=1895 297 1282 317 167 292 737 1059 5053 604 317 674 99 151 453 292 789 567 1946 12494 85 367 322 8915 729 664 235 263 11432 189 689
internal_value=-9.41452e-05 0.0013712 0.00772236 0.000757312 -0.0036373 0.01 0.00307403 -0.000317855 -0.00455873 0.00761894 0.00246322 -0.00358991 -0.00619658 -0.000966746 0.00172975 0.00356331 0.00604381 -0.00157141 -0.0018371 -0.00477151 0.000663717 0.00595238 0.00297842 -0.000182482 0.00324838 0.0013522 -0.0025 -0.00429545 -0.00570258 0.00956973
internal_weight=53375 37759 3328 34431 15616 2860 10914 23517 12328 2123 9855 773 468 18464 3382 2638 1849 15082 14629 744 452 1806 9082 3288 1393 795 560 12036 2135 1011
internal_count=53375 37759 3328 34431 15616 2860 10914 23517 12328 2123 9855 773 468 18464 3382 2638 1849 15082 14629 744 452 1806 9082 3288 1393 795 560 12036 2135 1011
is_linear=0
shrinkage=0.05


Tree=13
num_leaves=31
num_cat=0
split_feature=4 12 4 16 6 13 16 5 13 14 13 16 16 6 13 13 6 16 13 12 13 16 12 3 14 16 16 16 13 16
split_gain=99.2292 49.3976 40.0506 23.1633 16.1614 13.6374 17.4003 15.3486 13.331 12.1953 11.9217 9.84436 11.8601 9.43179 9.31497 10.3757 9.31057 9.13346 9.10641 22.3954 22.1739 24.0802 12.386 15.256 11.6045 17.6215 9.40779 16.5401 9.69701 9.29979
threshold=0.025259607291480024 -0.0800835440536906 0.01789388816019831 -0.018342269970587462 0.0097809851165234409 33.719999313354499 0.029826453644017484 0.031067798905508363 12.00999975204468 -0.018674174310541299 19.520000457763675 0.01645402352398562 -0.00072536872470629888 -0.61251276820197564 17.125000000000004 16.345000267028812 -0.72956933721123673 -0.017128101832317163 28.970000267028812 -0.071455509470426767 25.505000114440922 -0.049845018620320085 -0.062212447341067838 0.0070428454540267813 -0.077913276979976895 -0.036179452020198836 0.016156437624358148 0.019725321917501096 20.500000000000004 -0.036179452020198836
decision_type=2 2 2 2 2 2 2 2 2 2 2 2 2 2 2 2 2 2 2 2 2 2 2 2 2 2 2 2 2 2
left_child=2 -2 8 9 -5 6 7 18 -1 -4 13 12 -12 -10 15 -15 -8 -6 20 -20 21 -3 23 -22 25 -23 29 -28 -29 -26
right_child=1 5 3 4 17 -7 16 -9 10 -11 11 -13 -14 14 -16 -17 -18 -19 19 -21 22 24 -24 -25 26 -27 27 28 -30 -31
leaf_value=-0.00026793998125139098 0.0009368660817469566 -0.00064659660689262127 -2.3380012511827528e-05 -3.7994039180299375e-05 -0.00020917293302828667 0.00051045693297793596 -0.00015804880812078466 0.00050908226218417032 -8.9072638193773317e-05 0.00012961796236012546 5.0122897583643932e-05 0.00015149384178117585 -0.00012659137897805064 -4.9219795871364821e-05 -0.00010550793298873175 4.3244560770998005e-05 6.4967680110451006e-06 2.5563286227599455e-05 0.00025548252863192683 -0.00067649485318100428 -0.00024320946614416437 -0.00087738240162691565 0.00052354327709769268 0.00030191752903592956 0.0004047451608174366 0.00023754677350038513 0.00033315871028411132 0.00011425021963322891 -0.0001007533455137313 2.9905943128718649e-05
leaf_weight=147 438 166 919 11822 111 177 508 1314 3718 2336 818 228 317 6509 1795 990 1192 7500 112 160 100 50 416 65 277 1232 429 1127 170 8220
leaf_count=147 438 166 919 11822 111 177 508 1314 3718 2336 818 228 317 6509 1795 990 1192 7500 112 160 100 50 416 65 277 1232 429 1127 170 8220
internal_value=-8.57336e-05 0.00318671 -0.00150632 -0.000193935 -0.000847785 0.0027251 0.0025679 0.00315436 -0.00355667 0.00370968 -0.00340348 0.00104549 -0.000859031 -0.00386951 -0.00301808 -0.00224363 -0.00220588 0.000949284 0.00261498 -0.00643382 0.00281587 0.00234127 0.0123494 0.000757576 0.00261408 0.00709828 0.00205175 0.00541715 0.00260216 0.00136813
internal_weight=53363 16153 37210 22688 19433 15715 15538 13838 14522 3255 14375 1363 1135 13012 9294 7499 1700 7611 12524 272 12252 11671 581 165 11505 1282 10223 1726 1297 8497
internal_count=53363 16153 37210 22688 19433 15715 15538 13838 14522 3255 14375 1363 1135 13012 9294 7499 1700 7611 12524 272 12252 11671 581 165 11505 1282 10223 1726 1297 8497
is_linear=0
shrinkage=0.05


Tree=14
num_leaves=31
num_cat=0
split_feature=5 13 13 4 11 6 6 8 12 16 14 14 12 14 13 8 12 12 16 16 13 12 14 14 16 16 5 14 16 11
split_gain=101.754 53.3369 27.4051 23.0663 18.0135 17.2132 15.941 12.0444 13.613 12.4607 11.3921 21.6038 16.015 36.3448 14.5204 11.0985 12.9518 11.5195 14.1129 11.0839 10.832 10.069 9.86644 9.70851 11.5084 15.9543 9.69773 9.67797 9.58004 9.36724
threshold=0.012612932684640933 33.719999313354499 19.295000076293949 0.043901604357967645 -0.011940050299307501 -0.84060523626035277 -0.17229272656238764 0.14483895926452908 -0.052281358654850445 0.015070102060115166 -0.025685626403374347 -0.11544121967691799 -0.007281546892151213 0.23397195059943568 17.289999961853031 0.12325687870125336 0.054737000046613422 0.029183090809846383 -0.034933530774668035 0.07518044325848118 12.119999885559084 -0.0800835440536906 -0.14356568835631797 0.12307845124318741 0.010756645493181562 -0.028867492391771773 0.0088764843886577436 0.023650626144740231 0.018333400569675588 -0.022024026906729662
decision_type=2 2 2 2 2 2 2 8 2 2 2 2 2 2 2 8 2 2 2 2 2 2 2 2 2 2 2 2 2 2
left_child=2 3 5 4 7 -1 -6 9 -9 10 11 -2 13 14 -12 16 17 18 -4 21 28 -5 -22 -20 25 -25 -24 -16 -7 -28
right_child=1 -3 15 19 6 20 -8 8 -10 -11 12 -13 -14 -15 27 -17 -18 -19 23 -21 22 -23 26 24 -26 -27 29 -29 -30 -31
leaf_value=-9.6228183360620213e-05 0.00029614747208037715 0.00084184542877134289 0.0002460851366383939 0.0013438057956838879 -1.2911662979157424e-05 -0.00025574381910700212 5.2629016520033782e-05 0.0013845750675862188 -0.00010953030290578314 -0.00024844592395264792 -0.00018657681042664055 -8.1305900873437963e-05 0.00028601059967804161 -0.00082430079356787659 0.00030133654193456035 -0.00011623960772146649 -9.2036021723478645e-05 0.00025800798261927407 -3.7279798185041547e-05 -0.000340971104743649 -0.0002371261444274713 0.00029398222583665643 -7.2890580525843612e-05 -0.00017814488271174043 -0.00031377581945403606 0.0002995978666081292 0.00012273129274559581 9.9592558649207885e-05 0.00054618459228705861 -3.4305623729429662e-05
leaf_weight=3341 393 446 381 76 12302 225 9624 41 427 140 118 840 1031 140 644 402 254 438 1167 43 145 2631 2606 86 47 303 485 1235 40 13521
leaf_count=3341 393 446 381 76 12302 225 9624 41 427 140 118 840 1031 140 644 402 254 438 1167 43 145 2631 2606 86 47 303 485 1235 40 13521
internal_value=-2.61331e-05 0.00189589 -0.00249669 0.00163803 0.00119269 -0.00316137 0.00057466 0.00389798 -0.00373932 0.00468509 0.00515224 0.00107461 0.00673927 0.00427 0.00599649 0.00190058 0.00306428 0.00419075 0.00257056 0.006 -0.00251733 0.00640007 -0.00235872 0.00051466 0.00688073 0.00970437 -0.00224536 0.00706493 -0.0125472 -0.00172426
internal_weight=53572 30131 23441 29685 26935 20363 21926 5009 468 4541 4401 1233 3168 2137 1997 3078 2676 2422 1984 2750 17022 2707 16757 1603 436 389 16612 1879 265 14006
internal_count=53572 30131 23441 29685 26935 20363 21926 5009 468 4541 4401 1233 3168 2137 1997 3078 2676 2422 1984 2750 17022 2707 16757 1603 436 389 16612 1879 265 14006
is_linear=0
shrinkage=0.05


Tree=15
num_leaves=31
num_cat=0
split_feature=4 13 11 13 10 10 15 16 10 11 13 12 4 15 16 10 15 13 12 16 12 12 12 16 16 16 15 16 16 10
split_gain=88.0758 46.7775 34.241 20.9406 17.5575 16.9958 20.1302 24.1284 17.7096 16.8163 16.813 17.4922 16.7682 15.7278 16.5182 24.3712 21.0009 28.771 20.0285 19.4785 18.3442 16.1884 15.2409 19.3883 15.1985 14.3318 14.5078 20.2413 13.4439 12.5932
threshold=0.025161729060172649 33.719999313354499 -0.0070947628288289813 12.119999885559084 0.0043154379998111567 0.0040309091899630731 0.0019905160809858828 -0.00055864416747175561 0.0052648520275683239 -0.0045813235582954906 20.814999580383304 0.001711050909807055 0.053058524079614512 0.014624681099707606 -0.0062878410417409039 0.0022948780910856397 0.0096243130632689428 12.694999694824221 0.097353884534883486 -0.0074726312264736241 0.08698424572651188 0.0053623366190914687 -0.0080596429832442956 -0.034933530774668035 -0.013077458614232261 0.0080424999620087884 0.006384161273564449 0.0067849221063367446 0.018333400569675588 -0.0046973619314177864
decision_type=2 2 2 2 2 2 2 2 2 2 2 2 2 2 2 2 2 2 2 2 2 2 2 2 2 2 2 2 2 2
left_child=2 12 5 28 10 6 22 -8 -7 24 11 29 -2 14 19 18 17 -17 20 -13 21 -16 -1 -24 -6 26 -11 -28 -4 -5
right_child=1 -3 3 4 9 8 7 -9 -10 25 -12 13 -14 -15 15 16 -18 -19 -20 -21 -22 -23 23 -25 -26 -27 27 -29 -30 -31
leaf_value=-3.7180504646077557e-05 5.5740798697317788e-05 0.00079630851932124618 -0.00025334646176294466 -3.4563181604853769e-05 -0.00038544062502345175 -0.00035006501734764187 0.00028934959652788519 -3.1882493472212317e-06 -2.8318696402317505e-05 8.9791382235082109e-05 0.00020169059092587814 -1.0374605766209217e-05 0.00047598025715653861 0.00023469935472842968 0.00024061443100963686 0.00011526064387154334 4.7162397931526001e-05 -0.00020391523178178535 -0.00034096022204431947 0.00039364679807348457 0.00027718305695013278 -4.7118378369105868e-05 0.00036787718678215958 3.6103767659982636e-05 -1.8675898639353801e-05 -3.0269245665299475e-05 -7.0499255250683441e-05 0.00018759221000752362 0.00060086364703704838 -0.00017754150505001326
leaf_weight=2252 14381 421 401 678 160 198 914 594 1469 2200 368 2779 1569 166 229 216 392 1940 226 187 276 10034 271 2669 174 5640 1285 254 62 1211
leaf_count=2252 14381 421 401 678 160 198 914 594 1469 2200 368 2779 1569 166 229 216 392 1940 226 187 276 10034 271 2669 174 5640 1285 254 62 1211
internal_value=-8.95255e-05 0.00296714 -0.00143308 -0.00224912 -0.00207725 0.00138341 0.00250746 0.00759284 -0.00313437 -0.00035262 -0.00297294 -0.00318534 0.00253292 -0.0026619 -0.00281805 -0.00356982 -0.00796703 -0.0099026 -0.00252903 0.000556305 -0.00221321 -0.0025553 0.00103043 0.00340136 -0.0113772 3.99829e-05 0.00244049 -0.0012833 -0.012797 -0.00774219
internal_weight=53616 16371 37245 28878 28415 8367 6700 1508 1667 9713 18702 18334 15950 16445 16279 13313 2548 2156 10765 2966 10539 10263 5192 2940 334 9379 3739 1539 463 1889
internal_count=53616 16371 37245 28878 28415 8367 6700 1508 1667 9713 18702 18334 15950 16445 16279 13313 2548 2156 10765 2966 10539 10263 5192 2940 334 9379 3739 1539 463 1889
is_linear=0
shrinkage=0.05


Tree=16
num_leaves=31
num_cat=0
split_feature=4 13 11 10 10 15 15 10 15 13 13 13 13 11 11 11 10 14 12 13 11 13 6 15 14 10 10 15 14 11
split_gain=75.5359 48.9453 23.9182 27.6663 26.867 22.5448 21.4225 24.2788 20.5528 28.7826 28.544 25.6236 20.1385 24.3384 19.4149 17.5934 17.536 16.4032 15.4583 17.2478 21.9454 15.2544 14.9378 14.387 18.7251 14.2318 14.1902 14.5715 15.4086 15.855
threshold=0.019439249553594502 33.719999313354499 -0.0071962553700703471 0.0025359002095745047 0.0087442389326247722 -0.00079311821653565973 -0.01224989071107052 0.0047561334202744785 0.0063153792294724518 18.564999580383304 16.579999923706058 19.520000457763675 22.429999351501468 -0.022310292973000797 0.011720934818365893 -0.0070947628288289813 -0.017312000709356064 0.45247854199056486 0.001711050909807055 20.610000610351566 0.022829812381502172 18.675000190734867 -0.91265998525544478 0.0084090873952971119 -0.14356568835631797 0.003415324016821653 0.0023442869650027735 0.0024237398140789517 -0.024970108459849868 0.042684586959819588
decision_type=2 2 2 2 2 2 2 2 2 2 2 2 2 2 2 2 2 2 2 2 2 2 2 2 2 2 2 2 2 2
left_child=15 2 3 5 -5 12 -4 18 11 10 23 14 -2 16 -9 -1 17 -14 25 -20 -21 -7 -17 -10 -25 26 27 28 -8 -30
right_child=1 -3 6 4 -6 21 7 8 9 -11 -12 -13 13 -15 -16 22 -18 -19 19 20 -22 -23 -24 24 -26 -27 -28 -29 29 -31
leaf_value=7.763481294841609e-06 0.00014863506925087632 0.00071093498007990653 0.00018630724322932007 -0.00014223924369816303 0.00013127678798311471 9.3617390304193094e-05 0.00028013777182356574 0.00018552273934593498 -0.00012619522201415823 -0.00011955780254503131 0.00016217675692805269 0.00044777272024957779 -0.00024381842994210102 -0.00024321722804554162 2.0542987018985336e-06 -9.603322618399343e-05 0.0002778111010158053 0.00041702028178631882 -1.6709133825025882e-05 0.00037866278217541763 -0.00029725082565160014 0.00029897014807528502 -4.3575333773563688e-05 -0.00029895935056052978 8.1412397451349243e-05 -0.00027743777595366851 0.00030329200742150583 -0.000240710988907672 -0.00010830911803112986 0.0013017059901179054
leaf_weight=4115 2946 449 1219 1228 1198 850 246 1186 632 1481 1181 561 276 638 1932 2352 577 44 11502 243 62 1145 13507 102 1583 265 112 580 1318 58
leaf_count=4115 2946 449 1219 1228 1198 850 246 1186 632 1481 1181 561 276 638 1932 2352 577 44 11502 243 62 1145 13507 102 1583 265 112 580 1318 58
internal_value=-8.3041e-05 0.00136401 0.00114202 0.0033588 -0.00119538 0.00506485 0.00032869 -1.30186e-05 0.002079 -1.50633e-05 0.00245855 0.00491302 0.00309641 -0.00154723 0.00314304 -0.00251827 0.00376254 -0.005625 -0.00127207 -0.000506056 0.0112295 0.00948622 -0.00327417 -0.000766077 0.00164688 -0.00477898 -0.00352204 -0.00440509 -0.00197287 -0.00403343
internal_weight=53588 33614 33165 8902 2426 6476 24263 23044 8658 4979 3498 3679 4481 1535 3118 19974 897 320 14386 11807 305 1995 15859 2317 1685 2579 2314 2202 1622 1376
internal_count=53588 33614 33165 8902 2426 6476 24263 23044 8658 4979 3498 3679 4481 1535 3118 19974 897 320 14386 11807 305 1995 15859 2317 1685 2579 2314 2202 1622 1376
is_linear=0
shrinkage=0.05


Tree=17
num_leaves=31
num_cat=0
split_feature=5 12 16 6 1 10 10 12 8 15 10 15 15 10 15 15 11 11 11 11 14 16 5 10 10 12 14 15 16 15
split_gain=75.5032 39.4739 24.2608 20.6552 20.5358 18.7255 17.8954 16.9429 16.5343 16.3857 25.5494 16.3578 17.6696 21.0145 14.7179 14.3357 14.3202 13.3331 24.4995 20.1871 13.1784 13.099 13.0142 12.8506 15.4566 12.3308 12.1472 14.0862 11.902 11.8842
threshold=0.012716993441272757 -0.0800835440536906 -0.034933530774668035 -0.16367496929192751 -0.022601506805258072 -0.0038583192426028807 0.00446494553626653 -0.0080596429832442956 -0.005895346821070623 -0.0042573873915031082 -0.0048383542662620562 -0.011101185800539979 0.0086357798047058693 0.0030127975736100603 0.046939208635316872 0.0034254646613225419 0.013431733573729733 0.014593172974800341 0.006555889816587058 0.014908342493259121 0.12307845124318741 -0.028867492391771773 0.025520603625639043 -0.0086987636486000035 -0.010705879931759586 -0.0086076818895993706 -0.0015377949631008578 0.0033537869892814602 0.00037853759401518255 0.00080276333584616843
decision_type=2 2 2 2 2 2 2 2 10 2 2 2 2 2 2 2 2 2 2 2 2 2 2 2 2 2 2 2 2 2
left_child=2 8 7 4 -3 9 11 -1 -2 20 25 -7 13 17 22 -15 -17 18 -13 -19 23 -22 -5 24 -4 29 27 -21 -23 -11
right_child=1 3 5 14 -6 6 -8 -9 -10 10 -12 12 -14 15 -16 16 -18 19 -20 26 21 28 -24 -25 -26 -27 -28 -29 -30 -31
leaf_value=4.2548266953482647e-06 0.00090974195482095759 0.00010938818197186859 -5.9785894328007617e-05 6.7537511467261231e-05 -1.4648059462958869e-05 0.00013428957943168373 -2.1343191990851401e-05 0.00026427508991907117 -0.0002779367569658432 -1.6183064719482375e-05 0.00024336065784978262 -5.1101509255118473e-05 4.54440470758277e-05 -0.0002526315129622628 -0.00062417046513007211 -2.4841590258548043e-06 -0.00018755434932527784 0.00028977223946305609 -0.00016395966757091387 0.00010955099747622524 -0.00014375938695886469 0.00020266299558647675 0.00048025469063190681 -2.2595256180230627e-05 -0.00039261496190259784 -1.6654686900281118e-05 -0.00010098720676322598 -8.6757356704330579e-05 -8.3096326275837205e-05 0.00029107717657217251
leaf_weight=438 411 3403 453 11759 12656 295 7095 313 57 191 396 4349 828 882 104 446 189 173 2139 636 157 490 1148 1326 196 1376 976 338 140 213
leaf_count=438 411 3403 453 11759 12656 295 7095 313 57 191 396 4349 828 882 104 446 189 173 2139 636 157 490 1148 1326 196 1376 976 338 140 213
internal_value=-7.32645e-05 0.00161995 -0.00215415 0.00138803 0.000188368 -0.00243944 -0.00317508 0.00669108 0.0160256 0.000293641 0.0035386 -0.00441516 -0.004728 -0.00530213 0.00286873 -0.0107284 -0.005 -0.00434619 -0.00547164 -0.000906736 -0.00226285 0.00320839 0.00301968 -0.00444304 -0.010208 0.000983146 -0.00235897 0.00159138 0.00642857 0.00866337
internal_weight=53573 29538 24035 29070 16059 23284 18346 751 468 4938 2176 11251 10956 10128 13011 1517 635 8611 6488 2123 2762 787 12907 1975 649 1780 1950 974 630 404
internal_count=53573 29538 24035 29070 16059 23284 18346 751 468 4938 2176 11251 10956 10128 13011 1517 635 8611 6488 2123 2762 787 12907 1975 649 1780 1950 974 630 404
is_linear=0
shrinkage=0.05


Tree=18
num_leaves=31
num_cat=0
split_feature=4 13 4 11 8 4 10 6 15 15 10 11 13 15 12 9 11 13 12 10 10 12 12 14 11 10 12 15 6 11
split_gain=72.8285 39.6235 30.0677 19.7921 15.0077 13.6373 12.7171 11.0653 9.72846 19.8703 14.0941 13.3894 10.5662 10.461 14.293 11.3582 19.6929 10.9525 9.77429 9.69342 16.0341 14.1406 13.2474 12.3928 9.67497 10.1888 25.0811 11.9309 9.59037 10.2984
threshold=0.025259607291480024 33.719999313354499 0.017829776058920051 -0.0070947628288289813 0.19730012565653457 0.057440111806457521 -0.0038583192426028807 1.0421379361060763 -0.0053068177358035476 -0.010750835926084666 -0.0020521609912821921 0.0053660058673883357 12.119999885559084 0.00026123454524573658 0.053097750277519846 -0.36035122175673995 -0.0015936378577838248 13.605000019073488 -0.008121323465966555 0.0025359002095745047 -0.00038724572548481934 0.028887239583783812 0.0077064466634939608 -0.01759756320211869 0.04888400580692865 -0.017312000709356064 -0.007281546892151213 -0.016757448659346027 -0.99924313815021526 0.019077303713679553
decision_type=2 2 2 2 8 2 2 2 2 2 2 2 2 2 2 10 2 2 2 2 2 2 2 2 2 2 2 2 2 2
left_child=2 5 6 19 7 24 -1 8 9 10 11 -5 -10 14 15 16 -14 -18 -15 20 -4 -22 23 -21 25 26 -2 -27 -8 -30
right_child=1 -3 3 4 -6 -7 28 -9 12 -11 -12 -13 13 18 -16 -17 17 -19 -20 22 21 -23 -24 -25 -26 27 -28 -29 29 -31
leaf_value=-2.5061259742827341e-06 -0.00043948072659070271 0.00070056955310015688 5.1938751557700781e-05 5.8173816590190859e-05 -0.00016916461655726485 0.00050215032086543983 -0.00010186581006524049 5.572459817175472e-05 -0.00026357929818841103 -0.00012575270051505636 0.00020570999047279435 -0.00025322351120061934 -0.00045542052304205877 5.684820031894166e-05 0.00024377709514912475 4.3349973453352683e-05 0.00033795420261555575 -8.0528329568232715e-05 -3.7798433691294641e-05 5.8799469931687839e-05 0.00031079548146591748 -9.7075654210120052e-05 -0.00014088483956681736 -0.00025955923851857775 -0.00014368586984918251 0.00022832122274424717 0.0004849141605563754 5.7968299267876713e-05 -6.6092578075312069e-05 7.8468943529681409e-06
leaf_weight=3034 278 421 3533 311 622 1163 1336 2385 176 1747 283 149 143 970 433 2596 88 314 7320 925 516 86 319 119 361 748 109 13223 8363 1577
leaf_count=3034 278 421 3533 311 622 1163 1336 2385 176 1747 283 149 143 970 433 2596 88 314 7320 925 516 86 319 119 361 748 109 13223 8363 1577
internal_value=-5.40561e-05 0.00273416 -0.00127125 -0.000153028 -0.000973656 0.00233283 -0.00307128 -0.000693172 -0.00121129 -0.00405622 0.00279273 -0.0026087 -0.000622924 -0.000442515 0.00181869 0.000644699 -0.00591743 -0.000248756 -0.00141737 0.00246453 0.00366989 0.0112126 -0.00119222 0.00153257 0.00192099 0.00212425 -0.00587855 0.00234593 -0.00384445 -0.00330986
internal_weight=53648 16303 37345 23035 17537 15882 14310 16915 14530 2490 743 460 12040 11864 3574 3141 545 402 8290 5498 4135 602 1363 1044 14719 14358 387 13971 11276 9940
internal_count=53648 16303 37345 23035 17537 15882 14310 16915 14530 2490 743 460 12040 11864 3574 3141 545 402 8290 5498 4135 602 1363 1044 14719 14358 387 13971 11276 9940
is_linear=0
shrinkage=0.05


Tree=19
num_leaves=31
num_cat=0
split_feature=4 12 5 11 13 10 14 15 12 15 15 15 16 10 10 10 12 11 15 15 15 12 10 15 11 12 14 12 15 14
split_gain=66.5679 42.2088 30.2808 25.5543 15.4486 14.2453 14.4459 14.7062 14.0795 17.113 14.0196 15.85 19.5808 13.0558 16.4508 15.8708 16.8523 13.295 11.6317 29.0904 15.3264 14.5369 18.0072 16.6914 14.7743 16.8447 13.0728 14.4193 15.5686 13.1785
threshold=0.025259607291480024 -0.0800835440536906 0.0096850947547423624 -0.0071962553700703471 12.119999885559084 0.0043154379998111567 -0.066405515647089006 -0.012947084821679554 0.057603305359047348 0.0015543649871790912 0.0063153792294724518 -0.0017855528893002679 0.03809472492683464 0.0040309091899630731 0.0052648520275683239 -0.00038724572548481934 0.066365823842825869 -0.013682721850423905 -0.0053068177358035476 -0.0022134683160818787 -0.0055723624342829394 0.017439018002644805 0.0027133093769406984 -0.0029824176709669632 0.0032511544819977538 0.042330275267142843 0.065842641676127869 -0.0045413562786246189 0.005560382407473031 0.063421642021299643
decision_type=2 2 2 2 2 2 2 2 2 2 2 2 2 2 2 2 2 2 2 2 2 2 2 2 2 2 2 2 2 2
left_child=2 -2 -1 13 -5 6 -6 -8 10 -10 11 -7 -13 15 -15 -4 -17 -16 20 21 -9 23 24 -20 25 -23 27 28 -21 -29
right_child=1 -3 3 4 5 8 7 18 9 -11 -12 12 -14 14 17 16 -18 -19 19 26 -22 22 -24 -25 -26 -27 -28 29 -30 -31
leaf_value=-6.2846815473267513e-05 0.00078596019838417729 6.8570125859739042e-05 3.784068793200508e-05 -0.00022373874987151847 0.00016026564392182202 -5.0385721342837472e-05 6.671301116455944e-05 -7.8257928079397004e-05 0.00020014284369062956 -0.00014052709441459785 -1.5101859480440555e-05 0.00012770235358848989 -0.00033527588300052318 -0.00031322444300552513 -0.00011532699908120817 0.00019920712134842484 -0.00034796118601483801 0.00010597251521082853 2.2535116540687826e-05 -0.00024267814579101972 -0.00029706493866948767 5.9852964742966418e-05 -0.00036625092668007261 -0.00027256822139408134 0.00019523464179364511 -0.00030739203367665334 9.6659458960658267e-05 -5.4782539238124563e-05 0.00012422059525363612 -0.00059963081057303976
leaf_weight=6572 448 15757 4502 313 276 769 760 2675 202 909 3879 2360 74 158 656 999 49 592 582 536 245 489 119 216 1115 98 535 7533 93 86
leaf_count=6572 448 15757 4502 313 276 769 760 2675 202 909 3879 2360 74 158 656 999 49 592 582 536 245 489 119 216 1115 98 535 7533 93 86
internal_value=-6.48357e-05 0.00261185 -0.00122486 -0.000567813 -0.00134512 -0.00119846 -0.00209663 -0.00230407 0.00048517 -0.00474797 0.00130613 0.00375429 0.00573131 0.00209891 -0.00220484 0.00318919 0.00873092 -0.000280449 -0.00266373 -0.00194264 -0.00547945 0.00268232 0.00514827 -0.00294486 0.00646298 4.25894e-05 -0.00332176 -0.00381305 -0.011089 -0.00321236
internal_weight=53597 16205 37392 30820 23864 23551 15358 15082 8193 1111 7082 3203 2434 6956 1406 5550 1048 1248 14322 11402 2920 2619 1821 798 1702 587 8783 8248 629 7619
internal_count=53597 16205 37392 30820 23864 23551 15358 15082 8193 1111 7082 3203 2434 6956 1406 5550 1048 1248 14322 11402 2920 2619 1821 798 1702 587 8783 8248 629 7619
is_linear=0
shrinkage=0.05


Tree=20
num_leaves=31
num_cat=0
split_feature=5 13 0 13 11 16 14 13 1 0 14 13 11 15 13 16 15 11 13 13 11 12 14 11 13 16 16 11 12 16
split_gain=61.4968 41.8926 21.8573 16.0305 14.7829 15.3734 14.7263 13.3713 11.8417 11.7806 11.8546 24.8138 14.1991 16.2502 15.7816 18.3285 20.1276 14.0063 13.8518 22.8037 15.2776 12.3095 11.025 10.921 12.5466 23.0145 18.4371 17.2847 12.6072 10.8123
threshold=0.012299740598844729 33.719999313354499 -0.018046190571305295 19.295000076293949 -0.0075284193939237345 -0.055746263980944448 0.11927434384443127 12.119999885559084 -0.056064782045050603 0.02946647968903993 -0.075454415356713087 18.94999980926514 0.04888400580692865 0.0025039096781047658 21.664999961853031 0.036610976839785543 -0.005670396220257389 -0.0043480620197820499 19.72500038146973 19.214999198913578 0.036862788200682568 0.07037035112061997 -0.13532199000438486 0.023520128243548103 18.035000801086429 0.0049490112797906391 0.018333400569675588 0.0079965891664850481 0.04087275171318528 0.044581118515677261
decision_type=2 2 2 2 2 2 2 2 2 2 2 2 2 2 2 2 2 2 2 2 2 2 2 2 2 2 2 2 2 2
left_child=3 2 -2 7 5 -4 8 -1 -7 10 11 22 14 -14 18 16 -16 -18 19 23 21 -21 -6 24 -12 27 -27 28 -26 -11
right_child=1 -3 4 -5 9 6 -8 -9 -10 29 12 -13 13 -15 15 -17 17 -19 -20 20 -22 -23 -24 -25 25 26 -28 -29 -30 -31
leaf_value=-0.00019872516099941567 0.00013424177301567722 0.00062147070524775868 -0.00056768217787015374 2.8309873456343077e-05 -8.5369038895540775e-05 0.00031003488983962456 -9.1697658964773427e-05 -3.9348236976239098e-05 7.6867869798610654e-05 0.00018365848653809186 -2.0563366848054111e-05 -0.00011834205773406269 0.00050852238457639674 -0.00021704216254132439 -0.00019779270691208661 -0.00027499921977287579 -0.00025749779117579695 0.00032979062783321331 -0.00016330061482227045 0.00034339395705124045 -0.00036446587910567353 -0.00015539164115455892 0.00021915092431863049 3.4479584250751707e-05 -7.821902937515009e-05 -0.00030162991212855572 0.00056039648314459031 -0.00034716389550947034 0.00025601305310753554 -0.00024414440045325894
leaf_weight=360 4153 441 216 2753 157 727 645 18320 4769 1354 10694 543 42 420 134 101 95 787 877 428 43 78 1076 2571 181 774 75 217 347 84
leaf_count=360 4153 441 216 2753 157 727 645 18320 4769 1354 10694 543 42 420 134 101 95 787 877 428 43 78 1076 2571 181 774 75 217 347 84
internal_value=-8.13662e-05 0.00130585 0.00109219 -0.00215439 0.000580463 0.00269388 0.00315502 -0.00267934 0.00399381 -5.69314e-05 -0.000376782 0.00351914 -0.000764107 -0.00941558 -0.000534421 0.00521486 0.00723425 0.00997732 -0.000928769 -0.000580867 0.00942623 0.0118577 0.0074412 -0.000950602 -0.00157064 -0.00570891 -0.0113369 0.000704698 0.00558712 0.00431154
internal_weight=53462 32029 31588 21433 27435 6357 6141 18680 5496 21078 19640 1776 17864 462 17402 1117 1016 882 16285 15408 549 506 1233 14859 12288 1594 849 745 528 1438
internal_count=53462 32029 31588 21433 27435 6357 6141 18680 5496 21078 19640 1776 17864 462 17402 1117 1016 882 16285 15408 549 506 1233 14859 12288 1594 849 745 528 1438
is_linear=0
shrinkage=0.05


Tree=21
num_leaves=31
num_cat=0
split_feature=4 12 4 8 13 13 16 16 15 14 13 15 16 15 14 14 13 13 16 16 12 10 15 14 8 10 4 10 16 10
split_gain=60.4113 35.8036 24.7099 14.6359 19.7174 33.4646 16.3177 15.4277 14.1242 23.5377 17.2793 14.0432 14.4525 13.3837 15.9744 12.4167 12.3711 19.0092 13.5447 21.395 13.1097 12.1599 12.0647 11.9207 11.7374 10.8421 10.1921 9.85837 9.81754 10.1493
threshold=0.027357059761211559 -0.0800835440536906 0.017829776058920051 0.19730012565653457 16.550000190734867 16.675000190734867 -0.0027118893085669167 0.00029037821281163728 0.0084090873952971119 -0.075454415356713087 16.260000228881839 -0.0053068177358035476 0.03809472492683464 0.012525526418082357 0.0080830591469587282 -0.054805799949304061 17.860000610351566 17.394999504089359 -0.0051526571392221379 -0.010518500811434515 0.042021219268421402 0.020743044846024853 -0.0092865773300838655 -0.12096344977185801 0.034167094864569821 -0.0038583192426028807 0.041859506290018257 -0.004502849423341281 0.025864746098548611 0.0057158529632723729
decision_type=2 2 2 8 2 2 2 2 2 2 2 2 2 2 2 2 2 2 2 2 2 2 2 2 10 2 2 2 2 2
left_child=2 -2 25 4 8 27 16 -8 9 -4 13 -9 -13 -10 -15 -11 17 22 19 -18 -21 23 -7 -3 -24 -1 -25 -6 29 -17
right_child=1 21 3 -5 5 6 7 11 10 15 -12 12 -14 14 -16 28 18 -19 -20 20 -22 -23 24 26 -26 -27 -28 -29 -30 -31
leaf_value=-1.0143696642799654e-06 0.00076718107893161919 0.00029707207202903601 0.00023985016595194227 -0.00010878744610047743 -6.7239650684294705e-05 0.00027367325362897724 -0.00015835874919173864 -0.00014354691549741053 0.00014259905998516024 -0.00017473742940523793 -0.00017892281573304828 2.6250169496617365e-05 -0.0001838363597720741 -8.8634008631053194e-05 0.00033002804674155459 -3.7379723515561586e-05 0.00010914612492913189 -0.00014733196610317847 0.00033539733837185438 -0.00016925442798388577 0.00021461252760240749 -0.00023849311985117634 -3.6726858419320815e-05 4.2042180791041028e-05 0.000155386240497654 -5.2608538178581298e-05 0.00021084528409648628 0.00028831241816031512 -0.00010309295389363672 7.5618134467009799e-05
leaf_weight=2987 404 498 309 1227 42 146 501 746 1302 587 292 4284 215 574 135 7473 3372 443 568 430 117 244 813 8337 378 11325 2952 495 1228 1040
leaf_count=2987 404 498 309 1227 42 146 501 746 1302 587 292 4284 215 574 135 7473 3372 443 568 430 117 244 813 8337 378 11325 2952 495 1228 1040
internal_value=-0.000119707 0.00293325 -0.00104499 -0.00014691 0.000109847 0.00152191 0.000976026 -0.000948486 -0.00125966 -0.0020283 0.00229049 -0.00014776 0.000905757 0.00394083 -0.00158674 -0.00243513 0.00274055 -0.000786517 0.00413974 0.0030939 -0.00607861 0.00244161 0.00218773 0.00267031 0.000524769 -0.00272149 0.00233635 0.0137337 -0.00200955 -0.00140667
internal_weight=53464 12435 41029 26717 25490 12550 12013 5746 12940 10637 2303 5245 4499 2011 709 10328 6267 1780 4487 3919 547 12031 1337 11787 1191 14312 11289 537 9741 8513
internal_count=53464 12435 41029 26717 25490 12550 12013 5746 12940 10637 2303 5245 4499 2011 709 10328 6267 1780 4487 3919 547 12031 1337 11787 1191 14312 11289 537 9741 8513
is_linear=0
shrinkage=0.05


Tree=22
num_leaves=31
num_cat=0
split_feature=4 13 11 13 13 13 11 10 10 14 16 16 16 15 13 14 9 10 11 12 15 4 11 16 14 14 14 14 10 15
split_gain=55.7966 39.5121 22.0408 16.1835 12.8206 13.523 14.1524 18.1803 15.2957 14.9497 14.317 17.214 15.1741 13.9882 18.2625 22.2293 24.6674 14.3323 18.8737 14.3162 12.8045 13.7828 13.7831 12.5318 11.8034 11.6785 16.4477 13.8399 15.7943 11.3195
threshold=0.024238158576961492 33.719999313354499 -0.0070947628288289813 12.00999975204468 20.375000000000004 17.445000648498539 0.025879886513439202 -0.0040208105245407846 -0.0063062203231579175 0.049298283120689408 -0.014636246498350101 -0.01652352444847793 0.015464455936642698 0.0084090873952971119 16.285000801086429 0.042851800685698833 -0.18725745376556976 -0.0077272897241722474 0.015152806552143018 -0.0026166502717502866 0.046939208635316872 0.053058524079614512 -0.0012355564239704961 0.03809472492683464 -0.14356568835631797 -0.075454415356713087 -0.054805799949304061 -0.043478201036805324 0.0011530196642344228 0.0052802669876842465
decision_type=2 2 2 2 2 2 2 2 2 2 2 2 2 2 2 2 10 2 2 2 2 2 2 2 2 2 2 2 2 2
left_child=2 20 -1 -4 5 13 7 8 -7 -10 11 -9 -12 14 17 16 19 18 -5 -16 21 -2 -23 -8 -15 -19 -27 28 -28 -29
right_child=1 -3 3 4 -6 6 23 10 9 -11 12 -13 -14 24 15 -17 -18 25 -20 -21 -22 22 -24 -25 -26 26 27 29 -30 -31
leaf_value=2.0201600752201012e-05 3.9917846687071187e-05 0.00062908666010757326 -0.00020449430486269677 0.00012754892520063489 0.0001032655095793077 -7.1261347838448997e-05 7.4765963589874118e-05 -0.00013320133200654094 -7.4136634745518124e-06 0.00039815148300286374 -0.00018822475368869508 0.0002142394167025261 -3.8738412279430485e-05 -0.00021114206098147561 3.5618136289540177e-05 -9.9295024452927697e-05 8.0713934967720756e-05 0.00011413029181232723 -0.00051325339027303326 -0.00020970059816214856 -0.00074464116073121847 0.00063894964266916451 0.00011772513824827667 -0.00027308565199265399 3.6014054704335819e-05 -0.00018126073184244362 -9.4082595106232764e-05 -4.9448351631962945e-05 0.00013310870302633455 -0.00012655805009269153
leaf_weight=7752 16552 430 223 506 920 759 603 288 180 153 1948 154 640 89 172 759 2697 298 48 318 92 644 897 61 3390 658 226 9874 734 1560
leaf_count=7752 16552 430 223 506 920 759 603 288 180 153 1948 154 640 89 172 759 2697 298 48 318 92 644 897 61 3390 658 226 9874 734 1560
internal_value=-9.93007e-05 0.00211254 -0.00127535 -0.00194438 -0.00183373 -0.0020381 -0.00444003 -0.0055313 0 0.00893393 -0.00752475 0.000791855 -0.00894513 -0.00149913 -0.00206443 0.000937658 0.00276906 -0.00291643 0.0049639 -0.00755102 0.00175832 0.00185293 0.00637573 0.00233434 0.00140126 -0.00324345 -0.0034669 -0.00305793 0.00270833 -0.00354207
internal_weight=53625 18615 35010 27258 27035 26115 4786 4122 1092 333 3030 442 2588 21329 17850 3946 3187 13904 554 490 18185 18093 1541 664 3479 13350 13052 12394 960 11434
internal_count=53625 18615 35010 27258 27035 26115 4786 4122 1092 333 3030 442 2588 21329 17850 3946 3187 13904 554 490 18185 18093 1541 664 3479 13350 13052 12394 960 11434
is_linear=0
shrinkage=0.05


Tree=23
num_leaves=31
num_cat=0
split_feature=4 12 5 11 6 15 12 5 10 2 13 14 6 16 10 14 13 13 13 16 16 11 14 16 13 13 14 15 15 15
split_gain=57.414 32.6798 19.3401 19.9301 12.7973 12.1921 15.1791 11.8585 10.6245 10.4919 8.60626 8.51247 8.60277 8.04898 7.53624 13.3746 9.19439 22.9961 21.9634 24.4497 17.6849 23.9354 12.6781 11.985 12.3877 16.0829 14.165 11.7902 10.3766 13.2085
threshold=0.024782450932745139 -0.0800835440536906 0.0095403780989465996 -0.022024026906729662 -1.2071374716845507 0.0035099098153543733 0.017951128324421587 0.035351422856974048 0.0067105474305927401 -0.032885009144596904 12.119999885559084 -0.19490876951167976 0.72240312308799615 -0.0039277133701508529 0.020743044846024853 -0.12096344977185801 25.505000114440922 27.365000724792484 22.330000877380375 -0.020436581922578686 0.015070102060115166 0.0079965891664850481 -0.077913276979976895 -0.031311111686457442 21.555000305175785 21.295000076293949 -0.077913276979976895 0.0034254646613225419 -0.0029824176709669632 -0.00524730331798584
decision_type=2 2 2 2 2 2 2 2 2 2 2 2 2 2 2 2 2 2 2 2 2 2 2 2 2 2 2 2 2 2
left_child=2 9 -1 5 13 6 -4 14 -7 -2 -6 -12 -13 -5 15 -3 18 -18 23 -20 21 -21 -19 -17 25 26 -25 -26 29 -28
right_child=1 7 3 4 10 8 -8 -9 -10 -11 11 12 -14 -15 -16 16 17 22 19 20 -22 -23 -24 24 27 -27 28 -29 -30 -31
leaf_value=-5.5415382640263032e-05 0.00074429806223589516 0.00026821676738101371 3.2191604343693139e-06 1.5489660441173928e-05 -0.00017041120030559471 0.00036504557982861507 0.00036509273016392088 0.000404931314714589 1.0224985971143877e-05 -0.00010606274925465138 -0.00029769699810891568 -2.0369666507333815e-05 2.7529048202355963e-05 -9.8156040347361072e-05 -0.00018825980711061193 0.00029072758946617667 0.00049120208611049671 -0.00062691217646518088 -0.0003989906028461093 -4.0716909632467373e-05 -0.00014600191293442718 0.00065025695056316203 5.5784800190885903e-05 0.00019871235259801722 0.00042723292973841358 -0.00036519669899964796 3.6383945029761769e-05 -0.00012813300291415969 -5.7279030135980007e-06 0.00021140293894840554
leaf_weight=5933 391 615 1567 355 264 314 195 1012 166 58 84 20981 5084 1259 271 408 416 51 646 349 360 205 580 711 342 162 2444 114 7140 1046
leaf_count=5933 391 615 1567 355 264 314 195 1012 166 58 84 20981 5084 1259 271 408 416 51 646 349 360 205 580 711 342 162 2444 114 7140 1046
internal_value=-0.000146199 0.00222129 -0.00127893 -0.000767287 -0.00113016 0.00376896 0.00184449 0.001867 0.0108333 0.0155345 -0.000866051 -0.000775364 -0.000724151 -0.00545229 0.00153216 0.00167586 0.00137906 0.0058978 0.00103935 -0.00455128 0.00071116 0.00631769 -0.000118859 0.00174456 0.00145706 0.00113666 0.00136011 0.00953947 0.000903104 0.00313754
internal_weight=53523 17321 36202 30269 28027 2242 1762 16872 480 449 26413 26149 26065 1614 15860 15589 14974 1047 13927 1560 914 554 631 12367 11959 11503 11341 456 10630 3490
internal_count=53523 17321 36202 30269 28027 2242 1762 16872 480 449 26413 26149 26065 1614 15860 15589 14974 1047 13927 1560 914 554 631 12367 11959 11503 11341 456 10630 3490
is_linear=0
shrinkage=0.05


Tree=24
num_leaves=31
num_cat=0
split_feature=5 16 5 13 8 15 13 11 6 6 15 15 15 16 16 13 13 11 15 13 11 11 15 13 14 15 13 15 15 16
split_gain=47.1163 31.1601 18.0275 17.6352 13.9174 13.0586 12.8408 12.1959 10.6994 10.4116 11.3907 21.2702 16.3825 16.1209 11.6451 10.9734 10.3491 27.3972 12.2375 12.104 10.2256 9.85474 9.7602 9.6098 19.2801 11.3778 9.57292 11.2201 9.41229 9.34569
threshold=0.012716993441272757 -0.10167657327014505 0.022852686905765317 19.295000076293949 0.22817825728112698 0.046939208635316872 12.119999885559084 -0.023324981642921735 1.1347839880982382 -1.1061441797090821 -0.0047563422266273516 -0.0084579474537897475 -0.0020725581189969806 0.0097883190373134771 -0.0036836591568382144 18.904999732971195 17.180000305175785 -0.0091308536723364014 -0.0017855528893002679 17.994999885559086 -0.011940050299307501 -0.013682721850423905 0.006384161273564449 16.095000267028812 -0.001390218635627771 -0.003705432833846722 16.345000267028812 0.0003879222707203756 -0.0035913850129348219 0.015070102060115166
decision_type=2 2 2 2 8 2 2 2 2 2 2 2 2 2 2 2 2 2 2 2 2 2 2 2 2 2 2 2 2 2
left_child=3 -2 4 6 8 7 22 -4 20 -8 11 15 14 -13 28 -11 18 19 -14 -18 29 -20 -1 24 25 -16 -23 -28 -12 -3
right_child=1 2 5 -5 -6 -7 9 -9 -10 10 12 13 16 -15 23 -17 17 -19 21 -21 -22 26 -24 -25 -26 -27 27 -29 -30 -31
leaf_value=-0.00028045904299439997 0.0012188538385911431 8.2958797427582246e-05 0.00046992020973284109 3.1494500966900139e-05 -9.7480315231083473e-05 -0.00097419245078285909 -7.7680498995332672e-05 0.0001339112691078271 0.00010412555265585191 1.2887413159279154e-05 -8.3089846647958949e-06 -0.0001580715592306544 -0.00023775917342913589 -1.9036027665210455e-06 0.00025403628206480968 -0.00019329971266494002 -7.6774618284433099e-05 -0.00013025347323931166 -0.00013628185907168535 0.00014866340882710435 -2.4841960125268628e-06 -2.0630821008647546e-05 -5.3736218738869006e-05 8.9849022436293979e-05 -0.00015319408154870542 -1.317054276114317e-05 0.00017208400734366504 1.3405448122026047e-05 0.00021228296824191904 -0.00024575118961948802
leaf_weight=200 243 3646 331 3175 1233 45 1527 3992 3056 1763 252 1637 273 567 144 122 113 1772 335 490 16949 8142 193 640 497 240 307 1116 518 104
leaf_count=200 243 3646 331 3175 1233 45 1527 3992 3056 1763 252 1637 273 567 144 122 113 1772 335 490 16949 8142 193 640 497 240 307 1116 518 104
internal_value=-0.000133341 0.0012019 0.0010543 -0.0017785 0.000536257 0.00401786 -0.00230718 0.00429678 0.000805094 -0.00213517 -0.00181477 -0.00415138 -0.0011709 -0.00748639 0.00271715 -0.000251989 -0.00188078 -0.00485263 -0.00118697 0.00435323 0.000397362 -0.00089899 -0.0112595 0.000180802 -0.00320658 0.00520833 -0.000603764 0.0031799 0.00772727 0.00276
internal_weight=53622 29599 29356 24023 24988 4368 20848 4323 23755 20455 18928 4089 14839 2204 2291 1885 12548 2375 10173 603 20699 9900 393 1521 881 384 9565 1423 770 3750
internal_count=53622 29599 29356 24023 24988 4368 20848 4323 23755 20455 18928 4089 14839 2204 2291 1885 12548 2375 10173 603 20699 9900 393 1521 881 384 9565 1423 770 3750
is_linear=0
shrinkage=0.05


Tree=25
num_leaves=31
num_cat=0
split_feature=13 5 0 8 10 15 15 15 15 13 16 12 13 12 14 16 9 15 0 10 13 16 16 16 12 10 16 10 12 14
split_gain=38.3421 32.1344 16.1999 14.4862 14.443 13.1635 13.6959 27.3222 17.1559 13.0282 12.4738 13.9474 19.0431 17.4231 15.5293 16.0786 15.5467 14.1147 12.3466 12.6118 11.8951 11.7641 11.7211 11.7026 15.0588 11.227 12.0111 10.9645 10.8935 14.1958
threshold=33.719999313354499 0.012114717192642246 -0.018046190571305295 inf -0.029463592833469218 0.046939208635316872 -0.0047563422266273516 -0.003181245165858992 -0.0084579474537897475 19.295000076293949 -0.010518500811434515 0.011040694977268452 17.394999504089359 0.12528219708767233 -0.010446241084373918 -0.020750159803232745 0.74769357863177111 -0.00020309236299453912 0.030795860147791235 -0.014256563971479506 12.230000019073488 0.01378217465025078 0.01645402352398562 -0.020750159803232745 0.011040694977268452 -0.0089994587968861266 0.0097883190373134771 0.0052648520275683239 -0.026522895581630176 -0.053534792570075034
decision_type=2 2 2 8 2 2 2 2 2 2 2 2 2 2 2 2 8 2 2 2 2 2 2 2 2 2 2 2 2 2
left_child=1 9 -3 5 -2 6 8 -8 -4 -1 11 14 20 -14 15 16 27 -16 19 -12 -13 -5 23 24 -11 -10 -27 -9 29 -17
right_child=4 2 3 21 -6 -7 7 10 25 22 18 12 13 -15 17 28 -18 -19 -20 -21 -22 -23 -24 -25 -26 26 -28 -29 -30 -31
leaf_value=-3.729937747163517e-05 1.3322218524303674e-05 0.00010805329144923929 3.5956652375214016e-05 -0.00013850993572366073 0.000646135956672104 -0.00049661288207532056 0.00015762768608881684 0.00038978453193785201 -0.0003262956222010885 3.1780602517813424e-05 0.00054792364539964916 -0.00037790077038514649 -0.0002583428879495347 0.00028899202083849479 -0.00019152164698590344 -9.5452718370928058e-05 -0.00013288667845677218 8.4723930794699653e-05 0.00017753677011437922 -8.3362013860739185e-06 0.00014029523492255564 0.00037528448748376953 0.00018564956581898297 -4.0718306153713328e-05 0.00033697994781773299 -0.00013546067589370711 4.6428496301799838e-05 4.1964032275782375e-05 0.00040041283776832851 0.00040788059595561174
leaf_weight=17884 133 4218 2191 1088 314 107 1526 229 259 659 90 54 335 57 252 181 276 393 1216 16050 440 92 357 1366 131 1812 703 357 416 307
leaf_count=17884 133 4218 2191 1088 314 107 1526 229 259 659 90 54 335 57 252 181 276 393 1216 16050 440 92 357 1366 131 1812 703 357 416 307
internal_value=-0.000208906 -0.000331788 0.000640908 0.000211917 0.0143736 0.000446773 0.000515768 0.00104716 -0.00185801 -0.00188876 0.000570135 0.00338944 -0.00197517 -0.0102041 0.00536085 0.00778596 0.00290023 -0.00127907 3.45702e-05 -0.000331475 0.00455466 -0.00521186 0.00148229 9.27644e-05 0.00493671 -0.00447008 -0.0034493 0.00750853 0.0124447 0.00737705
internal_weight=53493 53046 32649 28431 447 27251 27144 22179 4965 20397 20653 3297 886 392 2411 1766 862 645 17356 16140 494 1180 2513 2156 790 2774 2515 586 904 488
internal_count=53493 53046 32649 28431 447 27251 27144 22179 4965 20397 20653 3297 886 392 2411 1766 862 645 17356 16140 494 1180 2513 2156 790 2774 2515 586 904 488
is_linear=0
shrinkage=0.05


Tree=26
num_leaves=31
num_cat=0
split_feature=11 10 5 4 13 10 13 13 11 10 8 16 10 16 5 16 13 8 13 6 14 8 6 11 16 10 10 16 9 11
split_gain=38.8986 30.5327 29.5975 24.0445 16.6964 14.529 14.6877 20.5084 14.6601 15.9279 13.8533 13.6878 28.5215 13.5936 13.1536 13.1074 12.2061 12.3198 12.038 11.675 11.4956 11.2028 11.0929 10.9192 9.40384 8.77369 10.5155 10.191 8.52814 10.6028
threshold=-0.023324981642921735 0.0041080829558171059 0.012716993441272757 0.035319635357960844 17.615000724792484 -0.017312000709356064 30.345000267028812 28.970000267028812 0.04888400580692865 0.012161923601447857 -0.03452853310493708 -0.044876715306698949 -0.0067260034259559167 -0.029736983426283833 0.021360458685409544 0.036065159568202894 12.119999885559084 0.19730012565653457 38.065000534057624 -0.16367496929192751 -0.14356568835631797 0.069420297731580552 0.0097809851165234409 0.025601667077503779 -0.018960027417219857 0.016350116268756935 0.017875659611307108 -0.036179452020198836 0.011740083913832746 -0.031453464626615406
decision_type=2 2 2 2 2 2 2 2 2 2 10 2 2 2 2 2 2 8 2 2 2 10 2 2 2 2 2 2 10 2
left_child=1 3 16 4 -1 -4 7 8 14 -10 -3 12 18 -12 19 -16 21 20 -6 -7 -18 -2 24 25 -22 27 -27 -21 29 -13
right_child=2 10 5 -5 11 6 -8 -9 9 -11 13 28 -14 -15 15 -17 17 -19 -20 23 22 -23 -24 -25 -26 26 -28 -29 -30 -31
leaf_value=-0.00020810606161631622 -0.00018362597380960585 -0.00034154095312553454 -0.00031397861441554158 0.0005758202149491429 -0.00035274823500257312 -1.2983750057365007e-05 0.000368650721603027 -0.00037813403866782472 -0.00020305942363452848 0.00054384576174343465 0.00030081079095988677 -4.6948639744609547e-05 0.0002659384445895876 -0.00011842919223420527 0.00015115258487847756 -0.00014890050775665157 -0.00015540030685046182 -0.0001785288337722119 0.00010808468943592133 0.00056186115162931976 3.5305328596385665e-05 0.00048563803691750263 -8.497602880730253e-07 0.00014516592844070753 -4.0917209136209776e-05 -0.00068988070999195621 -2.0955140034061622e-05 2.7196322255212439e-05 0.00021982050452128664 0.00015007680500227192
leaf_weight=130 343 313 385 604 264 11735 253 195 371 50 146 326 276 132 4077 298 236 408 107 141 881 41 8785 1167 11889 100 218 7863 1093 727
leaf_count=130 343 313 385 604 264 11735 253 195 371 50 146 326 276 132 4077 298 236 408 107 141 881 41 8785 1167 11889 100 218 7863 1093 727
internal_value=-0.000115771 0.00455318 -0.000504693 0.00631557 0.00443893 0.000617249 0.000757519 0.000641808 0.000762875 -0.00849169 -0.00596447 0.00525421 -0.00112056 0.00215827 0.000915075 0.00341143 -0.00183877 -0.00168589 -0.0101752 0.00040049 -0.00152471 -0.0106771 -0.00140455 0.00170461 -0.00234534 0.00106945 -0.00707547 0.00139305 0.00717614 0.00396486
internal_weight=53554 4118 49436 3527 2923 26853 26468 26215 26020 421 591 2793 647 278 25599 4375 22583 22199 371 21224 21791 384 21555 9489 12770 8322 318 8004 2146 1053
internal_count=53554 4118 49436 3527 2923 26853 26468 26215 26020 421 591 2793 647 278 25599 4375 22583 22199 371 21224 21791 384 21555 9489 12770 8322 318 8004 2146 1053
is_linear=0
shrinkage=0.05


Tree=27
num_leaves=31
num_cat=0
split_feature=4 12 5 11 12 12 15 13 13 12 10 12 12 13 12 15 12 15 11 11 15 10 12 15 15 15 11 9 11 13
split_gain=36.4685 30.4244 18.8606 13.7529 18.1929 15.1552 19.1936 15.5414 25.8374 15.327 14.5629 14.2713 13.1432 13.572 13.335 16.6118 14.2143 17.014 13.5657 12.7162 12.2565 27.1237 25.0589 14.2393 16.8291 13.9346 18.9884 17.8897 13.2608 12.6046
threshold=0.028284327289759627 -0.0800835440536906 0.010416843827564659 -0.006050582259528702 0.066365823842825869 -0.0021779841828679087 0.0098750730397748638 16.469999313354496 15.105000019073488 0.00075812242422568243 0.00446494553626653 -0.0093119022308690274 0.024727553990246513 15.654999732971193 0.034486038730235487 0.0060397567443138964 0.057603305359047348 0.0015543649871790912 0.0074730309850676866 0.02886127865524846 0.0086357798047058693 0.0030127975736100603 0.012544135938263425 0.00026123454524573658 0.0012945312925816135 -0.0053068177358035476 0.0084762607672295171 -0.36035122175673995 -0.0025546721187323369 13.659999847412111
decision_type=2 2 2 2 2 2 2 2 2 2 2 2 2 2 2 2 2 2 2 2 2 2 2 2 2 2 2 10 2 2
left_child=2 -2 -1 4 5 -4 7 8 -7 -10 19 -12 13 -13 -14 16 -16 -18 -17 20 21 23 -22 25 -25 26 29 28 -27 -5
right_child=1 -3 3 10 -6 6 -8 -9 9 -11 11 12 14 -15 15 18 17 -19 -20 -21 22 -23 -24 24 -26 27 -28 -29 -30 -31
leaf_value=-3.7183273811392409e-05 0.00065709009241265623 6.4020417118192254e-05 1.9427210740725031e-06 -0.00018678792445887306 -0.00018205406727193158 0.00022005442868531253 -0.00017918352342925119 0.00014949467914091016 0.00026315001278247302 -0.00016178418932020472 0.00010806200162194876 -0.00013477920351412346 9.3009806850790326e-05 2.6298759924205283e-06 0.00014493242868626014 -0.00015654969519583468 0.00011958434283982916 -0.00015787257970744354 -6.6768010807820823e-06 6.9766529292657455e-05 -0.000132751535779398 -0.00015438333626041132 0.00016199415865479074 -0.00020210174442934607 -4.2403315639182604e-05 -0.00044580337313063613 -0.00013836669962489362 7.0390885141442775e-05 -3.2494323574093312e-05 3.4444751001613468e-05
leaf_weight=10115 398 10804 4557 247 200 653 187 2024 46 593 1205 898 1591 1239 985 602 288 404 1164 1150 257 1585 719 695 3797 140 1307 3076 764 1818
leaf_count=10115 398 10804 4557 247 200 653 187 2024 46 593 1205 898 1591 1239 985 602 288 404 1164 1150 257 1585 719 695 3797 140 1307 3076 764 1818
internal_value=-3.27054e-05 0.00250402 -0.000704392 -0.000112609 0.00164649 0.00201613 0.00448901 0.00536791 0.00108359 -0.00606416 -0.000719778 0.000961079 0.000115047 -0.00317033 0.00150973 -0.000239617 0.00332439 -0.00216763 -0.00362401 -0.00162488 -0.00202881 -0.002422 0.00338115 -0.00159997 -0.0038179 -0.000244831 -0.00260973 0.00175879 -0.00442478 0.000375303
internal_weight=53508 11202 42306 32191 8260 8060 3503 3316 1292 639 23931 8376 7171 2137 5034 3443 1677 692 1766 15555 14405 13429 976 11844 4492 7352 3372 3980 904 2065
internal_count=53508 11202 42306 32191 8260 8060 3503 3316 1292 639 23931 8376 7171 2137 5034 3443 1677 692 1766 15555 14405 13429 976 11844 4492 7352 3372 3980 904 2065
is_linear=0
shrinkage=0.05


Tree=28
num_leaves=31
num_cat=0
split_feature=16 5 13 16 16 12 10 13 16 13 15 15 15 12 13 16 15 12 12 16 12 13 10 13 16 15 13 10 15 12
split_gain=34.2767 29.5175 19.8802 15.9701 26.6158 19.3098 21.4598 17.7677 15.4967 14.9176 14.1866 24.5209 13.0451 15.8647 13.7123 14.2783 16.468 14.7139 13.6169 12.8705 13.9014 16.865 19.9064 17.0174 13.7008 16.4085 31.1091 15.0469 14.8343 17.9514
threshold=-0.10167657327014505 0.014868057866364677 12.119999885559084 -0.018342269970587462 -0.017724721356762559 -0.0080596429832442956 0.00038112321022931722 17.994999885559086 -0.028867492391771773 16.894999504089359 -0.0042573873915031082 -0.0026117391897956805 -0.0084579474537897475 0.026461496943730015 19.329999923706058 0.011412212711350846 -0.0070007677411399452 -0.00052816856958670655 0.044263686637043949 -0.011546932103758343 -0.026522895581630176 17.615000724792484 0.0057884366035171339 19.625000000000004 -0.0079271992904675331 -0.0017855528893002679 16.355000495910648 0.00097851086285993837 0.00026123454524573658 -0.0033130043707785268
decision_type=2 2 2 2 2 2 2 2 2 2 2 2 2 2 2 2 2 2 2 2 2 2 2 2 2 2 2 2 2 2
left_child=-1 2 -2 5 -5 7 -7 9 -9 -4 12 -12 13 -6 15 17 -17 -14 -15 -13 -21 24 -23 -24 -22 26 -26 -28 29 -27
right_child=1 -3 3 4 10 6 -8 8 -10 -11 11 19 14 18 -16 16 -18 -19 -20 20 21 22 23 -25 25 28 27 -29 -30 -31
leaf_value=0.0010691289776006111 -0.00016457043708319711 4.3971993748175101e-05 1.7562069735736112e-05 -0.00030595358982302595 -6.5903828707692105e-05 0.00015517449075169756 -3.5697132572300869e-05 -6.6126600936670254e-05 0.00010826617063894686 -0.00021886664984834757 8.2876277443097709e-05 5.0262654299187883e-05 0.00018281817308998281 0.00016028797587531139 5.485422835595196e-05 -0.0002950484807163618 4.2663734615640184e-05 -0.00012800287876417707 -5.3743534258878088e-05 5.8071735873662908e-05 0.00010999145966087568 -0.00013882667607685142 -9.9676484543855003e-05 0.0001823089430661562 -0.00028827421232684354 -0.00023603711610608861 0.00038567982263915194 -8.4173735311681059e-05 -2.8367910700682941e-05 7.5505854662740607e-05
leaf_weight=257 433 18155 192 229 1375 1620 763 1039 766 361 2417 1566 57 655 431 93 713 2480 387 1238 474 2211 570 545 410 154 95 134 12034 1779
leaf_count=257 433 18155 192 229 1375 1620 763 1039 766 361 2417 1566 57 655 431 93 713 2480 387 1238 474 2211 570 545 410 154 95 134 12034 1779
internal_value=-2.56372e-05 -0.000113347 -0.000957525 -0.000824997 -0.00125054 0.00187197 0.00504616 -0.00133588 0.00106648 -0.00917722 -0.00112013 -0.000561857 -0.00325069 -0.000382706 -0.00508744 -0.00616961 -0.000372208 -0.00801143 0.00427063 -0.00110561 -0.00145337 -0.00179833 -0.00502105 0.000426009 -0.00108753 -0.00135903 -0.00919405 0.00556769 -0.00100057 0.00306518
internal_weight=53633 53376 35221 34788 30047 4741 2383 2358 1805 553 29818 23627 6191 2417 3774 3343 806 2537 1042 21210 19644 18406 3326 1115 15080 14606 639 229 13967 1933
internal_count=53633 53376 35221 34788 30047 4741 2383 2358 1805 553 29818 23627 6191 2417 3774 3343 806 2537 1042 21210 19644 18406 3326 1115 15080 14606 639 229 13967 1933
is_linear=0
shrinkage=0.05


Tree=29
num_leaves=31
num_cat=0
split_feature=16 4 4 8 13 13 16 15 14 13 11 13 14 14 11 15 14 16 14 13 16 13 14 14 11 11 11 15 13 13
split_gain=32.7846 27.1752 17.2331 17.4766 19.8766 33.3787 17.3652 14.844 21.2732 15.3599 14.6181 18.6928 16.7946 13.4666 11.8212 13.0988 11.6846 10.7916 13.0105 12.0338 17.409 18.1358 12.323 15.6193 16.8436 20.6254 11.393 13.742 11.3628 9.95257
threshold=-0.10167657327014505 0.01789388816019831 0.053058524079614512 inf 16.550000190734867 16.675000190734867 0.01378217465025078 0.0084090873952971119 -0.075454415356713087 16.260000228881839 -0.0038175375039997124 15.234999656677248 -0.017376391061688031 -0.054805799949304061 -0.012621089037305853 -0.037326830199928211 0.45247854199056486 0.025864746098548611 -0.01013918808565367 15.464999675750734 -0.0018333598764757595 16.095000267028812 0.083142255535003332 0.072802606011034846 -0.0073194397976522043 -0.00146085777352406 -0.0098148392280293355 0.00085531740508293385 13.795000076293947 12.00999975204468
decision_type=2 2 2 8 2 2 2 2 2 2 2 2 2 2 2 2 2 2 2 2 2 2 2 2 2 2 2 2 2 2
left_child=16 29 3 4 7 -6 -5 8 -3 10 -9 12 -12 -10 15 -7 -1 19 -19 22 26 -22 23 24 -15 28 -21 -28 -26 -2
right_child=1 2 -4 6 5 14 -8 9 13 -11 11 -13 -14 17 -16 -17 -18 18 -20 20 21 -23 -24 -25 25 -27 27 -29 -30 -31
leaf_value=0.0012821280480196755 -0.00015189320678599919 0.00021015020203810804 0.00032544308127387611 -0.00013687568619487594 0.00025305660424332403 -0.0013722898611154017 0.00035163125167191907 -0.00017446642756015161 -0.00018302393897799582 -0.00015933506561918668 -4.7148395392870947e-05 0.00025756055281813171 0.00017670602539818686 0.00024951214996333897 8.4830997751487058e-06 7.6836828277516812e-05 -2.1558464303257469e-05 3.0476655065892356e-06 -0.00016726379758015111 -0.00019101673382977588 -0.00023768924548051159 -2.9616426277940222e-05 0.00027477137364704694 -0.00034798474091615777 -0.00030500984975034368 1.5135642087499465e-05 0.00012825797297956682 -0.00010874264937450283 -4.2979692721745874e-05 -2.7350480613252742e-05
leaf_weight=200 151 357 1661 1370 642 54 115 182 694 347 993 666 767 447 13430 5455 69 658 968 223 867 871 298 237 346 5449 801 251 572 14362
leaf_count=200 151 357 1661 1370 642 54 115 182 694 347 993 666 767 447 13430 5455 69 658 968 223 867 871 298 237 346 5449 801 251 572 14362
internal_value=-3.22412e-05 -0.000120224 0.000571395 0.000348084 0.000569923 0.00163807 -0.00496633 -0.000737777 -0.00146292 0.00246193 0.00377684 0.00480214 0.00210227 -0.00180177 0.00125799 0.00320839 0.0173792 -0.00140974 -0.0051968 -0.00081548 -0.0034766 -0.00673188 0.000275548 -0.000145369 0.000293513 -0.000365164 0.000960784 0.00313688 -0.00729847 -0.00196548
internal_weight=53503 53234 38721 37060 35575 19581 1485 15994 13039 2955 2608 2426 1760 12682 18939 5509 269 11988 1626 10362 3013 1738 7349 7051 6814 6367 1275 1052 918 14513
internal_count=53503 53234 38721 37060 35575 19581 1485 15994 13039 2955 2608 2426 1760 12682 18939 5509 269 11988 1626 10362 3013 1738 7349 7051 6814 6367 1275 1052 918 14513
is_linear=0
shrinkage=0.05


Tree=30
num_leaves=31
num_cat=0
split_feature=16 0 5 15 16 11 4 6 16 13 13 11 12 15 15 11 11 11 5 15 12 12 16 9 11 13 12 8 12 4
split_gain=32.7493 26.1785 19.2278 12.3099 11.081 11.9542 11.6468 11.0355 9.73241 16.8804 13.5078 13.4461 11.3845 10.7725 10.7063 10.3332 9.53795 12.7558 9.97437 9.4443 9.39681 9.34537 11.9914 9.2913 15.5484 12.1143 9.49476 8.93995 8.57852 8.41245
threshold=-0.10167657327014505 -0.020007474213209805 0.011934938868350146 -0.037326830199928211 -0.055746263980944448 -0.0071962553700703471 0.053058524079614512 -0.81253263587173374 -0.031311111686457442 20.555000305175785 20.375000000000004 -0.011940050299307501 -0.036045899235514094 0.0098750730397748638 0.017694201233361077 -0.013682721850423905 0.021519760104925626 0.022126128293985085 0.022852686905765317 0.0045032956919310871 -0.032606247407298776 0.0061045845958173093 -0.028867492391771773 inf -0.023324981642921735 25.505000114440922 -0.0033130043707785268 -0.12867163109842053 -0.052281358654850445 0.012698705186528136
decision_type=2 2 2 2 2 2 2 2 2 2 2 2 2 2 2 2 2 2 2 2 2 2 2 8 2 2 2 10 2 2
left_child=-1 3 29 -2 -4 6 8 -7 -6 10 12 15 19 20 -15 -11 18 -18 27 -10 -14 22 -22 24 -5 -25 28 -9 -26 -3
right_child=1 2 4 23 5 7 -8 16 9 11 -12 -13 13 14 -16 -17 17 -19 -20 -21 21 -23 -24 25 26 -27 -28 -29 -30 -31
leaf_value=0.00097998343669802521 -0.0007990800372848115 -7.7074242345788729e-05 -0.00044564450856482836 0.00031268507873134392 0.0001404253991962385 -4.0086314464163505e-05 0.0006507008684908587 -0.00015545223382950951 3.1394961554923052e-06 -2.3552656466215017e-05 0.00054116691212850634 -0.00021265589542739314 -0.00013627094266897654 -0.00019053869156337034 6.4025245600779444e-05 0.00040114002057902148 0.00048067686871304955 4.3223927520101525e-05 0.00018621332473388476 0.00039174808028960236 -0.00021726564832958854 7.8816627510104434e-06 0.00017487002773471823 -4.2910321325841803e-05 0.00030048180556075771 0.00086676272030508563 0.00012618152643466214 -1.1377465103307e-05 -7.7693275988605277e-05 -2.6082159545279435e-05
leaf_weight=260 82 1253 234 601 1066 4893 295 567 113 1488 129 553 124 264 136 50 175 3990 1225 186 67 1436 1028 991 101 75 1951 12087 738 17379
leaf_count=260 82 1253 234 601 1066 4893 295 567 113 1488 129 553 124 264 136 50 175 3990 1225 186 67 1436 1028 991 101 75 1951 12087 738 17379
internal_value=-0.000202197 -0.000288586 -0.000626821 0.00334325 0.000154454 0.000239355 0.0020584 -0.000310633 0.00162651 0.000789379 0.00292133 -0.00276184 0.00231067 0.00139935 -0.00625 -0.000357607 0.000260474 0.00235894 -0.000369263 0.0116221 0.00255179 0.00321019 0.0066895 0.00369643 0.00497641 -0.000375235 0.00340502 -0.000786313 -0.00104291 -0.00188922
internal_weight=53537 53277 48738 4539 30106 29872 6935 22937 6640 5574 3483 2091 3354 3055 400 1538 18044 4165 13879 299 2655 2531 1095 4457 3391 1066 2790 12654 839 18632
internal_count=53537 53277 48738 4539 30106 29872 6935 22937 6640 5574 3483 2091 3354 3055 400 1538 18044 4165 13879 299 2655 2531 1095 4457 3391 1066 2790 12654 839 18632
is_linear=0
shrinkage=0.05


Tree=31
num_leaves=31
num_cat=0
split_feature=4 13 6 4 13 6 15 15 13 15 10 9 13 15 9 13 13 8 15 10 10 13 13 15 14 6 1 12 14 12
split_gain=28.5993 23.8679 17.0146 12.7672 11.1858 9.37354 8.42872 15.3284 15.6753 14.492 12.1512 13.3797 11.8344 11.5824 13.1231 20.5658 8.94944 8.68313 8.05486 7.45097 9.18244 9.57722 7.04953 7.04258 8.15633 7.68284 6.97666 6.95002 6.91692 14.6735
threshold=0.024238158576961492 46.145000457763679 -1.1213176759162378 0.057440111806457521 12.119999885559084 0.74465058976831189 -0.0038568120376837873 -0.0084579474537897475 19.329999923706058 -0.007443534824550623 -0.0089994587968861266 0.26593030008679602 16.775000572204593 -0.0026117391897956805 -0.19854309779210585 16.579999923706058 14.340000152587892 -0.15408467701513964 0.006384161273564449 0.0055838034920830957 0.00069579143919507047 12.88000011444092 14.960000038146974 0.046939208635316872 -0.12096344977185801 1.7894637187565521 0.035272551293403349 -0.0800835440536906 -0.014609583018452553 0.046892647656094029
decision_type=2 2 2 2 2 2 2 2 2 2 2 8 2 2 10 2 2 10 2 2 2 2 2 2 2 2 2 2 2 2
left_child=2 3 22 23 18 6 7 17 9 -9 -11 26 -13 14 16 -16 -8 -6 -4 20 -19 -22 -1 24 -2 -26 -12 -5 29 -15
right_child=1 -3 4 27 5 -7 13 8 -10 10 11 12 -14 28 15 -17 -18 19 -20 -21 21 -23 -24 -25 25 -27 -28 -29 -30 -31
leaf_value=-9.92930920184606e-05 0.00015903310961997135 0.0013820405006320419 -0.00023993089918090819 0.00099233852241659734 -0.00016114657636064745 2.2085055924659163e-05 0.00020328104898877054 -0.00019407977232104441 7.1000151727845977e-05 -0.00032296083816555661 -9.247053136550833e-05 0.00019218640795782204 -7.4071701073797583e-05 1.8080480171751498e-05 1.2143578105164483e-05 0.00028374750573935365 -0.00015488774181641291 1.7871442060504185e-05 -2.7955494836593463e-05 0.00031712437311980042 6.8808884085668927e-05 -0.00020193419088518144 -2.9700308655586157e-05 -0.00044344663542376445 1.2937281605188058e-05 0.00016763788641779213 9.0243460650448487e-05 0.00030575796745978203 -3.1285421279570097e-05 -7.0450289330047013e-05
leaf_weight=1112 789 120 159 75 157 6634 47 562 493 141 1929 296 157 7355 753 548 256 2642 202 53 79 182 1451 72 15000 1273 143 1183 8380 1301
leaf_count=1112 789 120 159 75 157 6634 47 562 493 141 1929 296 157 7355 753 548 256 2642 202 53 79 182 1451 72 15000 1273 143 1183 8380 1301
internal_value=-6.63006e-05 0.00152334 -0.000906314 0.00137832 -0.000596723 -0.000498318 -0.000934286 -0.00243635 -0.00460226 -0.00587051 -0.00433233 -0.00353465 0.00424945 -0.000383584 0.0036783 0.00586088 -0.00569307 0.000152586 -0.00934903 0.000761164 0.000421977 -0.0085249 -0.00482833 0.00102136 0.00108721 0.000846494 -0.00523649 0.00624006 -0.000766025 0.000225277
internal_weight=53544 18512 35032 18392 32469 32108 25474 6834 3721 3228 2666 2525 453 18640 1604 1301 303 3113 361 2956 2903 261 2563 17134 17062 16273 2072 1258 17036 8656
internal_count=53544 18512 35032 18392 32469 32108 25474 6834 3721 3228 2666 2525 453 18640 1604 1301 303 3113 361 2956 2903 261 2563 17134 17062 16273 2072 1258 17036 8656
is_linear=0
shrinkage=0.05


Tree=32
num_leaves=31
num_cat=0
split_feature=16 0 15 15 15 10 13 8 16 16 10 12 11 11 12 12 15 10 12 12 16 13 16 13 10 16 12 10 15 9
split_gain=29.2193 21.5095 15.239 25.228 19.3415 14.8718 14.5567 15.8954 13.997 17.6254 22.3004 27.3502 27.8832 23.524 22.9002 20.9058 20.8777 27.6015 19.0298 31.9893 18.1572 17.1152 21.7169 21.9444 22.6902 16.5558 15.5709 15.1984 23.7707 14.6403
threshold=-0.10167657327014505 -0.020007474213209805 -0.0047563422266273516 -0.003181245165858992 -0.0084579474537897475 -0.014256563971479506 12.119999885559084 0.072461377624287185 -0.055746263980944448 -0.011546932103758343 0.0047561334202744785 0.055635719886634523 0.0079965891664850481 0.022829812381502172 0.04854639636196257 -0.0093119022308690274 0.0088043681294558435 0.0033676557373516496 -0.0093119022308690274 0.012544135938263425 0.03470825403415246 23.409999847412113 -0.015497508109469758 21.82499980926514 0.020743044846024853 -0.0091840498903946171 -0.025750753581570359 0.0018732766831597305 0.0045032956919310871 -0.089368238779539186
decision_type=2 2 2 2 2 2 2 10 2 2 2 2 2 2 2 2 2 2 2 2 2 2 2 2 2 2 2 2 2 10
left_child=-1 -2 4 -4 -3 -5 7 -7 -8 21 11 14 -13 -14 16 26 17 20 -18 -20 -11 22 27 24 -24 -17 29 28 -10 -12
right_child=1 2 3 5 -6 6 8 -9 9 10 15 12 13 -15 -16 25 18 -19 19 -21 -22 -23 23 -25 -26 -27 -28 -29 -30 -31
leaf_value=0.00089062429367657331 8.3959846072300193e-05 2.2381610099809136e-06 8.5438427513960394e-05 0.00043791290558415036 -7.7440897849952091e-05 -0.0001592189647830161 -0.00084836204124143796 0.00063948979609479862 -1.2313661069030241e-05 -2.3213312695921425e-05 0.00017075423409533761 0.00030748070716584146 -0.00011853281366505861 0.00019333999381117799 -0.00020107944749017421 -0.00034437437392523793 0.00040545077327836182 -0.00012819793298043974 -0.0001436071704395468 0.0001264375904093814 -0.00015630356768654504 0.00021135813148604965 0.00015566048684065618 -0.00054220728641902062 -0.00020027136916342825 1.6721453987247675e-06 0.00020230467469855261 -9.6331212749603873e-05 0.00028009944879776508 -2.6823660733107893e-05
leaf_weight=253 4535 4686 2858 124 5415 435 131 67 1429 10347 649 617 739 417 615 125 196 1927 549 1062 816 774 1261 65 67 9870 824 1362 322 1040
leaf_count=253 4535 4686 2858 124 5415 435 131 67 1429 10347 649 617 739 417 615 125 196 1927 549 1062 816 774 1261 65 67 9870 824 1362 322 1040
internal_value=-5.45943e-05 -0.000135024 -0.000441186 1.03391e-05 -0.00217058 -0.000350265 -0.000410295 -0.00886454 -0.00028974 -0.000228808 -0.000700668 -0.00186433 0.00401861 -0.000562284 -0.00253675 0.000907419 -0.00214641 -0.00284186 0.00289153 0.0011018 -0.00188793 0.00243371 0.00125388 0.00644293 0.00783133 -0.000117559 0.00498408 -0.0010681 0.00201314 0.00223505
internal_weight=53577 53324 48789 38688 10101 35830 35706 502 35204 35073 29793 17285 1773 1156 15512 12508 14897 13090 1807 1611 11163 5280 4506 1393 1328 9995 2513 3113 1751 1689
internal_count=53577 53324 48789 38688 10101 35830 35706 502 35204 35073 29793 17285 1773 1156 15512 12508 14897 13090 1807 1611 11163 5280 4506 1393 1328 9995 2513 3113 1751 1689
is_linear=0
shrinkage=0.05


Tree=33
num_leaves=31
num_cat=0
split_feature=1 4 16 11 10 8 11 14 8 16 14 10 10 16 15 11 14 11 10 16 14 12 10 16 13 14 15 12 12 13
split_gain=28.0749 19.2764 14.3724 11.6705 17.5258 14.2507 12.1003 11.6595 11.4701 16.5441 10.6607 11.484 19.6559 44.9525 24.0515 19.1527 23.0942 23.2157 18.6074 16.1563 15.2786 13.8127 22.1474 14.8093 29.2283 27.0183 18.357 19.5409 13.7419 13.4973
threshold=-0.10003664332231758 0.017829776058920051 -0.10167657327014505 -0.023324981642921735 0.0041080829558171059 -0.024203560107274643 -0.031453464626615406 0.23397195059943568 inf 0.01378217465025078 -0.19490876951167976 0.0055838034920830957 0.0025359002095745047 0.0049490112797906391 0.011085411783024803 -0.0040062918952337148 -0.058539441914538297 -0.0030472958153792136 -0.0054955027026999939 0.03470825403415246 0.0066946732173895915 0.11156893092539701 0.0015949691897426679 0.016156437624358148 16.469999313354496 0.0091478412114857095 0.0025039096781047658 0.030284664654711139 0.010183672155494096 22.330000877380375
decision_type=2 2 2 2 2 10 2 2 8 2 2 2 2 2 2 2 2 2 2 2 2 2 2 2 2 2 2 2 2 2
left_child=2 -2 -1 4 6 -6 -3 8 10 -10 -5 12 15 -14 -15 29 -17 18 -18 21 -13 23 -23 26 25 -25 27 -19 -28 -12
right_child=1 3 -4 7 5 -7 -8 -9 9 -11 11 20 13 14 -16 16 17 19 -20 -21 -22 22 -24 24 -26 -27 28 -29 -30 -31
leaf_value=0.001228302341333881 -2.4914284083719757e-05 2.199342601783231e-05 0.00025059788043622076 -0.00026779919409394083 -0.00027775356395435652 0.00014795422599124248 0.0001834068064224407 -0.00041842164669114804 -0.00014721921439317024 0.00033430077766111914 8.3189246769902614e-05 2.9026164820285163e-05 -0.00020497486043492884 -1.8850200399875545e-05 0.00023663628614054136 -0.00046793085332702165 5.0717020941621608e-05 -2.523792689307536e-05 -0.00035413758894374303 -0.00015071637185770257 0.00025424334536905792 -0.00028255789222254526 0.00030090581644472126 7.2348892194044887e-05 0.00026679021757659572 -0.0001643266742324884 -0.00044695594326973908 8.4546890296702869e-05 -5.8923759074888434e-05 -5.6370591268163327e-05
leaf_weight=165 14437 1111 672 111 272 158 1444 148 1065 118 4703 9800 1737 2513 407 189 194 4446 367 690 483 211 59 1196 1274 624 221 2475 1352 1026
leaf_count=165 14437 1111 672 111 272 158 1444 148 1065 118 4703 9800 1737 2513 407 189 194 4446 367 690 483 211 59 1196 1274 624 221 2475 1352 1026
internal_value=-3.54028e-05 -0.000179345 0.00905018 0.000406313 0.00340871 -0.00593023 0.00498043 0.00015321 0.000211991 -0.00462806 0.000380011 0.000430565 -0.000175224 -0.00308675 0.000702055 0.000537394 -0.000503835 -0.000253643 -0.010205 0.000191266 0.00182583 0.000624051 -0.0105556 0.000884536 0.00384615 -0.00021978 -0.000194255 0.000913885 -0.00506993 0.00295427
internal_weight=53668 52831 837 38394 2985 430 2555 35409 35261 1183 34078 33967 23684 4657 2920 19027 13298 13109 561 12548 10283 11858 270 11588 3094 1820 8494 6921 1573 5729
internal_count=53668 52831 837 38394 2985 430 2555 35409 35261 1183 34078 33967 23684 4657 2920 19027 13298 13109 561 12548 10283 11858 270 11588 3094 1820 8494 6921 1573 5729
is_linear=0
shrinkage=0.05


Tree=34
num_leaves=31
num_cat=0
split_feature=16 5 13 15 8 16 16 6 10 14 14 14 13 12 15 15 15 16 11 16 12 12 10 11 11 14 10 13 12 14
split_gain=31.8539 23.247 17.6071 13.6674 12.8811 16.1465 24.894 11.9711 11.3058 9.06752 11.3776 15.2309 11.5081 9.03798 8.93385 24.4745 15.9137 14.9103 16.7929 13.4726 12.0119 11.4702 14.2318 9.70166 9.13038 8.9456 8.71655 8.72369 8.55517 12.9693
threshold=-0.10167657327014505 0.01827906672439045 12.119999885559084 0.006384161273564449 0.22817825728112698 -0.034933530774668035 -0.039503255431099886 -0.39744843842405481 -0.015857538372193832 0.45247854199056486 0.11068884178819839 -0.010794703163862494 27.664999961853031 -0.0800835440536906 -0.0042573873915031082 -0.0029824176709669632 -0.0084579474537897475 -0.029736983426283833 -0.022310292973000797 0.016156437624358148 0.019647566703835165 -0.0026166502717502866 -0.015449557438202309 -0.010042474404749866 -0.0058457765678359688 -0.19490876951167976 0.020743044846024853 26.284999847412113 0.0086975784270316731 -0.01759756320211869
decision_type=2 2 2 2 8 2 2 2 2 2 2 2 2 2 2 2 2 2 2 2 2 2 2 2 2 2 2 2 2 2
left_child=8 2 3 -2 5 6 9 -7 -1 10 11 12 -4 -3 16 -16 17 -9 -19 23 -21 22 -20 -18 -25 -17 -15 -28 29 -27
right_child=1 13 4 -5 -6 7 -8 14 -10 -11 -12 -13 -14 26 15 25 19 18 21 20 -22 -23 -24 24 -26 28 27 -29 -30 -31
leaf_value=-3.560822004479566e-05 -0.0002386830490562808 0.00037489786804277407 -0.00016027619929375725 -1.4793987421853388e-05 -9.691789372996202e-05 -2.726663100817181e-05 0.00028218530120709888 -0.00026291501864674546 0.0010546942477123783 0.00022148376973408682 -0.00018337838627187648 0.00028293106463249049 0.00025363089808744954 6.7071627658022882e-05 0.00014318440344495187 -0.00024362795670312574 -0.00023074551094574619 0.00027048096603653958 0.00023077505005624201 -9.4998514692460365e-05 0.00013151121704221437 4.1208889517538928e-05 -0.00018195637870239449 0.00015923348097091435 -9.0472919220527018e-05 8.6906415921590013e-05 6.2111093572800904e-05 -0.0004130162391876154 -8.8324693820788027e-06 -2.0671016743658037e-05
leaf_weight=64 251 176 355 228 1477 16334 598 208 194 107 251 189 49 8734 1405 118 388 328 118 119 333 2037 501 158 1934 2690 74 116 12059 1946
leaf_count=64 251 176 355 228 1477 16334 598 208 194 107 251 189 49 8734 1405 118 388 328 118 119 333 2037 501 158 1934 2690 74 116 12059 1946
internal_value=-8.45178e-05 -0.000169385 -0.000643376 -0.0101775 -0.000538877 -0.00037833 0.00463202 -0.000569132 0.0174419 -0.000394322 -0.0021327 0.00164418 -0.00383663 0.00213187 0.000133514 0.000688879 -0.00151862 0.000924185 0.00182641 -0.00417804 0.00376106 0.000508283 -0.00545234 -0.005625 -0.0042782 0.000159103 0.00191058 -0.00868421 0.000256065 0.00208154
internal_weight=53539 53281 44181 479 43702 42225 1549 40676 258 951 844 593 404 9100 24342 18218 6124 3192 2984 2932 452 2656 619 2480 2092 16813 8924 190 16695 4636
internal_count=53539 53281 44181 479 43702 42225 1549 40676 258 951 844 593 404 9100 24342 18218 6124 3192 2984 2932 452 2656 619 2480 2092 16813 8924 190 16695 4636
is_linear=0
shrinkage=0.05


Tree=35
num_leaves=31
num_cat=0
split_feature=4 12 6 0 9 10 14 6 14 10 13 13 11 11 11 10 10 12 11 12 10 10 10 12 14 12 13 10 14 12
split_gain=26.1848 21.6319 15.0713 9.44721 9.15717 8.62851 14.5899 8.24191 8.22694 8.49904 9.09549 8.08845 7.93211 11.6847 9.91907 9.17918 17.8546 14.8255 14.1302 9.93799 9.36751 8.84203 14.1931 13.594 23.9966 11.7148 25.3614 14.1455 9.09129 14.048
threshold=0.028284327289759627 -0.0800835440536906 -0.82210404457951125 -0.018046190571305295 0.16961627520400782 0.020743044846024853 -0.12096344977185801 0.54321832575329931 -0.10344834121785244 -0.017312000709356064 25.010000228881839 26.284999847412113 0.04888400580692865 0.021311726855450689 -0.0071962553700703471 0.0040309091899630731 -0.00038724572548481934 0.028887239583783812 -0.013682721850423905 -0.051373899775069835 0.006255070263884722 0.0053455164524482965 0.0067105474305927401 -0.00052816856958670655 -0.10344834121785244 -0.0031637225858343605 20.610000610351566 -0.0016165768674121226 -0.036818887874406285 0.11156893092539701
decision_type=2 2 2 2 10 2 2 2 2 2 2 2 2 2 2 2 2 2 2 2 2 2 2 2 2 2 2 2 2 2
left_child=2 -2 -1 -4 5 6 -3 -8 -9 -10 -11 -7 13 14 15 16 -5 -18 19 -17 -20 25 -23 -24 -25 27 28 -16 -27 -30
right_child=1 4 3 12 -6 11 7 8 9 10 -12 -13 -14 -15 21 18 17 -19 20 -21 -22 22 23 24 -26 26 -28 -29 29 -31
leaf_value=-4.3261862547626027e-05 0.00046119260319499582 0.00026546514340268225 5.1963939982321896e-05 5.0040917448307756e-06 0.00022586793003058831 7.0197643251360915e-05 1.23581895717104e-06 -0.00079003077819864544 -0.00022226972444705419 0.0001532507237722694 0.00068057049568111814 -0.00039823064342089562 -0.00015788476596037481 4.2386594512669031e-05 -6.2202075313368306e-05 0.00016735820984024164 0.00018159020826840098 -0.00013204109626129839 -0.00017222557055744268 -0.00017235134792100259 9.3119365695759848e-05 7.0052875629377613e-05 8.2266769136751536e-05 -0.00022939460889843659 -2.3312308817347396e-05 2.9768313425877988e-05 0.0003589388327814896 -0.00026328653437377548 -3.7133641687608524e-05 -0.00030039250071620658
leaf_weight=7338 382 400 2872 4463 1495 87 6800 80 120 1435 222 134 237 4250 845 71 988 134 86 767 610 1884 820 361 2764 1693 215 385 11610 100
leaf_count=7338 382 400 2872 4463 1495 87 6800 80 120 1435 222 134 237 4250 845 71 988 134 86 767 610 1884 820 361 2764 1693 215 385 11610 100
internal_value=-0.000105316 0.00205065 -0.000671287 -0.000241075 0.00163603 0.00105087 0.00128906 0.000857687 0.00380991 0.00451604 0.00544659 -0.00871041 -0.00048555 -0.000418149 -0.000791481 0.000818233 0.00175918 0.0073975 -0.00260756 -0.00698091 0.00265805 -0.0013457 0.000304512 -0.00140051 -0.002904 -0.00199353 -0.00157145 -0.00666667 -0.00184474 -0.00233988
internal_weight=53648 11155 42493 35155 10773 9278 9057 8657 1857 1777 1657 221 32283 32046 27796 7119 5585 1122 1534 838 696 20677 5829 3945 3125 14848 13618 1230 13403 11710
internal_count=53648 11155 42493 35155 10773 9278 9057 8657 1857 1777 1657 221 32283 32046 27796 7119 5585 1122 1534 838 696 20677 5829 3945 3125 14848 13618 1230 13403 11710
is_linear=0
shrinkage=0.05


Tree=36
num_leaves=31
num_cat=0
split_feature=13 5 4 10 15 15 10 10 15 11 11 6 15 13 10 10 14 12 6 1 13 10 11 11 15 14 13 9 3 10
split_gain=24.3813 20.3023 12.9696 12.7392 13.2986 18.6219 15.1592 11.1912 18.3366 10.7677 12.2803 10.529 9.70628 15.4375 12.3591 11.9495 14.1239 10.3269 8.90722 10.6031 8.9024 11.1968 8.98103 8.38656 8.36923 8.47829 8.3099 8.05311 7.73688 7.56111
threshold=46.145000457763679 0.012716993441272757 0.06342590429180979 -0.0038583192426028807 -0.011101185800539979 -0.0070007677411399452 -0.0032352755768272896 -0.0048383542662620562 -0.0040520573018016362 -0.028186654574093969 -0.013682721850423905 -1.1061441797090821 1.0000000180025095e-35 18.444999694824222 -0.0054955027026999939 -0.0069332778537110609 0.12307845124318741 0.026461496943730015 -0.25326514002805234 -0.019871651156124989 19.880000114440922 -0.0026466543846357378 0.00023769852102906167 0.0096273315293795587 -0.020422024628983512 0.45247854199056486 15.194999694824221 0.19101093112193993 0.00024271144888710075 -0.010705879931759586
decision_type=2 2 2 2 2 2 2 2 2 2 2 2 2 2 2 2 2 2 2 2 2 2 2 2 2 2 2 8 2 2
left_child=1 3 18 7 26 20 -7 12 23 -8 27 -12 14 -14 15 16 17 29 19 -3 21 -6 -23 -9 25 -18 -5 -11 -21 -1
right_child=-2 2 -4 4 5 6 9 8 -10 10 11 -13 13 -15 -16 -17 24 -19 -20 28 -22 22 -24 -25 -26 -27 -28 -29 -30 -31
leaf_value=-3.5714239011974245e-05 0.0010279736392922096 4.927118889610878e-05 0.00044484172973554593 -1.1549210701513007e-05 0.00011340377363310059 -0.00013764970589856857 0.00011711997980326326 5.1143566356755657e-05 0.00021801367674771773 -4.9339898603073533e-05 -6.7181136454610949e-05 -1.4335240566291562e-05 3.4042248603812638e-06 0.00025204474714573817 -0.00011857377420976656 7.3122233164122594e-05 -0.0001981565326796518 3.8357726218058927e-05 3.5561131375426265e-05 -4.8609845715685486e-05 1.7794670328706923e-05 -0.00029786778657885825 -8.6193434529043044e-05 -0.00015746421781806329 8.8470488859666776e-05 0.00024357348956835788 0.00027245269759761673 -0.00020947070757759137 4.6983140366743848e-06 -0.0001730780266095619
leaf_weight=730 130 3377 836 182 83 493 397 253 409 543 1329 14234 642 298 451 603 184 340 13959 5435 132 339 442 115 768 48 210 216 5809 579
leaf_count=730 130 3377 836 182 83 493 397 253 409 543 1329 14234 642 298 451 603 184 340 13959 5435 132 339 442 115 768 48 210 216 5809 579
internal_value=-8.86757e-05 -0.000141291 0.000739394 -0.00121982 -0.0018414 -0.00203757 -0.00165292 0.000913284 0.00646718 -0.00139811 -0.00159601 -0.00129313 -1.61533e-05 0.00452128 -0.00116797 -9.22509e-05 -0.00153832 -0.00438144 0.000559832 -0.000302647 -0.00868474 -0.0105324 -0.012388 -0.00163043 0.00315 -0.00517241 0.00727041 -0.00780632 -0.00104055 -0.00639801
internal_weight=53566 53436 29416 24020 18600 18208 17212 5420 777 16719 16322 15563 4643 940 3703 3252 2649 1649 28580 14621 996 864 781 368 1000 232 392 759 11244 1309
internal_count=53566 53436 29416 24020 18600 18208 17212 5420 777 16719 16322 15563 4643 940 3703 3252 2649 1649 28580 14621 996 864 781 368 1000 232 392 759 11244 1309
is_linear=0
shrinkage=0.05


Tree=37
num_leaves=31
num_cat=0
split_feature=16 4 4 8 13 13 12 12 14 14 13 16 15 12 0 15 15 15 15 13 15 13 16 12 15 12 16 11 12 12
split_gain=28.4832 18.7259 13.1263 12.9413 12.9212 22.4019 13.5126 13.6056 26.1974 25.0653 18.1923 12.9124 11.0075 13.2115 10.5737 10.461 10.3751 11.2787 12.9497 19.2695 17.8687 15.9855 12.3711 29.1693 16.594 11.7539 11.2242 10.5515 11.6392 18.4992
threshold=-0.10167657327014505 0.017829776058920051 0.06342590429180979 inf 16.469999313354496 16.675000190734867 -0.027198413534659901 0.024727553990246513 -0.086337752297859935 0.083812216488613714 15.400000095367433 0.01378217465025078 0.011085411783024803 0.053097750277519846 0.0088801475788337098 -0.0017855528893002679 -0.037326830199928211 -0.016757448659346027 -0.0044310470946681271 22.429999351501468 -0.0026117391897956805 21.724999427795414 -0.015497508109469758 -0.0080596429832442956 -0.011101185800539979 0.042021219268421402 0.023830272747020324 0.035554574411001412 0.011040694977268452 0.022913164694052916
decision_type=2 2 2 8 2 2 2 2 2 2 2 2 2 2 2 2 2 2 2 2 2 2 2 2 2 2 2 2 2 2
left_child=-1 -2 3 4 6 -6 -3 15 -9 10 12 -5 -10 14 -14 -8 -7 -18 19 21 26 22 23 -19 25 -24 -20 28 -26 -30
right_child=1 2 -4 11 5 16 7 8 9 -11 -12 -13 13 -15 -16 -17 17 18 20 -21 -22 -23 24 -25 27 -27 -28 -29 29 -31
leaf_value=0.00070189557247322737 -2.5909096402722765e-05 0.00017192580176160705 0.00039167831523969563 -0.00011513523223337488 0.00016386793991794366 -0.0013030949988374926 -0.00011671537847838167 0.00029779987837769145 -4.482873644559658e-06 0.00034345990132551152 -9.775769672333234e-05 0.00029966000105090225 -2.9112039186248232e-05 -0.00011953130378418755 0.00042213985267417013 -2.4774375298650423e-05 0.00012205591787920063 -0.0001058611453477922 0.00020835522393954192 -0.00015187147510053951 1.5892980971368101e-05 0.00036635133222400027 -0.00051538975697040573 0.00026219469343318603 6.7938908731882562e-05 0.00025146605650019422 -0.00019249215460038246 0.0004944286904011181 -0.00032165392880808424 -3.4173442054510333e-05
leaf_weight=266 14342 334 804 1396 897 53 2108 362 6335 256 1670 114 147 167 347 4442 1612 505 1209 1231 12097 134 260 637 584 60 107 59 186 842
leaf_count=266 14342 334 804 1396 897 53 2108 362 6335 256 1670 114 147 167 347 4442 1612 505 1209 1231 12097 134 260 637 584 60 107 59 186 842
internal_value=-0.000155424 -0.00023688 0.000331793 0.000198553 0.000385497 0.0012199 -0.000671079 -0.000881016 0.000350065 -0.000184936 -0.000640434 -0.00433775 0.000478845 0.00661876 0.0107287 -0.00262595 0.000865856 0.000925831 0.000565295 -0.00175634 0.00134385 0.000252525 -0.000470795 0.00367776 -0.00285033 -0.0132813 0.0068769 -0.000852783 -0.0016129 -0.00481518
internal_weight=53563 53297 38955 38151 36641 20473 16168 15834 9284 8922 8666 1510 6996 661 494 6550 19576 19523 17911 4498 13413 3267 3133 1142 1991 320 1316 1671 1612 1028
internal_count=53563 53297 38955 38151 36641 20473 16168 15834 9284 8922 8666 1510 6996 661 494 6550 19576 19523 17911 4498 13413 3267 3133 1142 1991 320 1316 1671 1612 1028
is_linear=0
shrinkage=0.05


Tree=38
num_leaves=31
num_cat=0
split_feature=16 4 13 10 12 12 12 10 14 16 6 16 3 13 14 15 6 4 16 16 14 7 10 10 15 10 14 14 15 12
split_gain=25.0101 17.4817 12.883 12.0963 10.0137 12.6233 17.963 9.68281 10.4681 26.0536 9.27207 9.83466 9.23908 9.90508 8.6605 9.10267 8.84501 9.80912 8.56772 8.21376 7.60218 7.16314 6.86704 10.0786 6.73097 7.4352 6.68623 10.1907 10.0496 8.91056
threshold=-0.10167657327014505 0.025364906743245392 12.00999975204468 -0.015857538372193832 -0.075828258528587975 -0.062212447341067838 -0.05793872793170584 0.020743044846024853 -0.067583665573298909 -0.036179452020198836 -0.87956963942556998 0.019725321917501096 0.018775376855440621 30.750000000000004 -0.054330610723124943 0.0088043681294558435 -0.047927421049761408 0.043901604357967645 0.020178452445150045 -0.044876715306698949 0.06920052511090892 -0.018428744474501154 -0.020247544478179221 -0.017312000709356064 0.020396279230586626 0.015605159278572868 -0.13532199000438486 -0.12096344977185801 0.011670394268528896 0.012875909391154241
decision_type=2 2 2 2 2 2 2 2 2 2 2 2 2 2 2 2 2 2 2 2 2 2 2 2 2 2 2 2 2 2
left_child=3 2 -2 -1 19 12 -7 8 9 -8 11 20 13 -6 15 -10 -16 22 -13 -3 -4 24 -18 -24 -11 -26 29 28 -28 -12
right_child=1 4 10 -5 5 6 7 -9 14 21 26 18 -14 -15 16 -17 17 -19 -20 -21 -22 -23 23 -25 25 -27 27 -29 -30 -31
leaf_value=-0.00012239031234702915 -0.00013782713996889455 -4.0478243851455048e-05 -2.8625176540042985e-05 0.00096084246816245081 -0.00030320220685535541 0.00056944622909389699 -0.00078723892926002592 -0.00019858244630532605 -0.00019310510540802373 0.00033229866220323059 -6.7596480429026051e-06 -0.00016995125070750892 0.00038619556421151842 5.2340727388299797e-05 -1.7223976579545768e-06 0.00012003050638830713 0.00050441646525376047 0.00044711573227645946 -6.4989123148380664e-05 0.0003198785939884364 7.5420004251671423e-05 9.4873779389672685e-05 -0.00052198335619584198 5.6813852958489002e-05 -0.00040477029278866223 0.00019230330582929863 0.0003334894370143318 -5.8555451642670594e-06 -8.6807029177912078e-05 -0.000185370948255566
leaf_weight=64 224 135 3984 187 355 145 123 297 519 767 347 159 43 138 7011 233 61 711 1003 283 433 1045 90 3696 44 50 191 30996 76 217
leaf_count=64 224 135 3984 187 355 145 123 297 519 767 347 159 43 138 7011 233 61 711 1003 283 433 1045 90 3696 44 50 191 30996 76 217
internal_value=-0.000108621 -0.000182666 -0.000768004 0.0156375 0.00121618 0.00100796 0.0012811 0.00110774 0.00129268 0.0046205 -0.000696412 -0.00257663 -0.00652985 -0.00846856 0.000744664 -0.00445479 0.00108263 0.00279728 -0.00666954 0.00885167 -0.00149989 0.00605981 0.0018001 0.00153196 0.0094367 -0.00319149 -0.000366827 -0.000269488 0.00945693 -0.00576241
internal_weight=53627 53376 37630 251 15746 15328 14792 14647 14350 2029 37406 5579 536 493 12321 752 11569 4558 1162 418 4417 1906 3847 3786 861 94 31827 31263 267 564
internal_count=53627 53376 37630 251 15746 15328 14792 14647 14350 2029 37406 5579 536 493 12321 752 11569 4558 1162 418 4417 1906 3847 3786 861 94 31827 31263 267 564
is_linear=0
shrinkage=0.05


Tree=39
num_leaves=31
num_cat=0
split_feature=13 5 6 12 10 5 8 12 10 13 11 11 11 10 13 10 12 13 11 10 12 13 12 10 13 10 11 11 11 13
split_gain=22.5484 17.7951 15.2178 10.5966 14.3974 8.16735 8.12309 12.8302 8.12086 14.6033 9.35753 7.87885 8.33695 8.47954 7.74075 11.2746 10.651 9.34978 13.3906 14.4449 8.91356 13.0293 10.1843 16.7518 12.4539 11.3733 10.1574 11.9211 15.7942 13.104
threshold=46.145000457763679 0.022852686905765317 -0.21497205534552258 -0.075828258528587975 0.020743044846024853 0.0088079678183147127 0.22817825728112698 -0.052281358654850445 0.0063549452815370175 28.970000267028812 0.019286705415067943 0.025601667077503779 0.04888400580692865 0.012161923601447857 16.345000267028812 0.013844778774777857 0.042121818787083661 15.085000038146974 -0.010042474404749866 -0.0077272897241722474 -0.062212447341067838 25.505000114440922 -0.0080596429832442956 -0.017312000709356064 20.060000419616703 0.0018426398432722648 0.011644602898028602 0.0047087811443838898 0.0035059532242039952 17.914999961853031
decision_type=2 2 2 2 2 2 8 2 2 2 2 2 2 2 2 2 2 2 2 2 2 2 2 2 2 2 2 2 2 2
left_child=1 2 5 -3 8 -1 11 -8 9 10 -5 14 -13 -14 15 17 20 -4 -19 -20 -16 22 23 -22 -24 -26 27 28 29 -25
right_child=-2 3 6 4 -6 -7 7 -9 -10 -11 -12 12 13 -15 16 -17 -18 18 19 -21 21 -23 24 26 25 -27 -28 -29 -30 -31
leaf_value=-6.6746631514976205e-05 0.00081874732043109581 0.00046566143751075373 1.2444286793367264e-05 0.00017373589500662364 -0.00037325485841739685 -1.6494605659591027e-05 0.00071678332311868407 -0.00012242562775463553 0.00020522959699224852 -0.00031403834575335443 -0.00013312410263265591 9.3278287998785746e-05 -0.00016902178708272004 0.00027901809433697738 -0.00010112422327283764 -0.00022931250331418044 -4.669946493855394e-05 -0.00026231788760095143 0.00026538662209513132 -4.3370462482668589e-05 -0.00051131794502033907 0.00028438848988392564 3.8869128840060118e-05 -0.00013092471581487415 0.00024363448389231888 1.4167270203556361e-05 0.00042019539206408513 -0.00025372171107031243 0.00035129890730935275 3.9150582896409217e-05
leaf_weight=1465 137 160 6997 2209 125 23053 49 896 1149 235 514 2110 159 41 511 294 1514 225 166 2618 147 398 4321 421 830 356 118 284 138 1997
leaf_count=1465 137 160 6997 2209 125 23053 49 896 1149 235 514 2110 159 41 511 294 1514 225 166 2618 147 398 4321 421 830 356 118 284 138 1997
internal_value=-3.26267e-06 -5.51402e-05 -0.000327849 0.00299408 0.00251654 -0.00120932 0.000551037 -0.00399471 0.00302532 0.00163962 0.00267169 0.000732713 0.00350649 -0.00625 0.000432388 -0.000553398 0.00135251 -0.000269838 -0.00260053 -0.0016523 0.00197196 0.00233629 0.00192754 -0.000362319 0.00321863 0.00775717 0.000456389 -0.000140845 0.000938967 0
internal_weight=53637 53500 49108 4392 4232 24518 24590 945 4107 2958 2723 23645 2310 200 21335 10300 11035 10006 3009 2784 9521 9010 8612 3105 5507 1186 2958 2840 2556 2418
internal_count=53637 53500 49108 4392 4232 24518 24590 945 4107 2958 2723 23645 2310 200 21335 10300 11035 10006 3009 2784 9521 9010 8612 3105 5507 1186 2958 2840 2556 2418
is_linear=0
shrinkage=0.05


Tree=40
num_leaves=31
num_cat=0
split_feature=1 13 0 15 15 14 15 10 2 13 13 13 13 6 10 10 14 14 5 10 15 10 15 1 12 15 12 13 11 10
split_gain=23.5604 13.0939 12.8558 15.5202 21.3283 22.6224 17.7139 14.5735 13.8262 12.7378 14.2459 12.5285 12.9132 12.4675 11.7825 24.8062 13.7458 11.1828 13.8896 13.2976 11.1644 10.4875 12.5574 11.4624 10.3156 9.35415 9.31006 9.27697 10.148 13.5572
threshold=-0.10999246372956877 25.505000114440922 -0.020007474213209805 -0.0048107695953494281 -0.003181245165858992 0.055948056460050417 -0.0084579474537897475 -0.014256563971479506 -0.047839864124125102 18.335000038146976 17.860000610351566 19.329999923706058 22.429999351501468 -1.2071374716845507 -0.00018001810557455308 -0.0048383542662620562 0.093015395411206861 -0.0059106162699663059 0.016946114561876991 -0.00045040499871334955 -0.007443534824550623 -0.0089994587968861266 -0.0065045637412459159 0.035272551293403349 -0.03685301683685837 -0.037326830199928211 -0.038043904409190692 33.719999313354499 0.04888400580692865 0.012161923601447857
decision_type=2 2 2 2 2 2 2 2 2 2 2 2 2 2 2 2 2 2 2 2 2 2 2 2 2 2 2 2 2 2
left_child=1 24 25 6 5 17 9 -6 -8 10 26 20 -13 -9 15 16 -11 19 -19 -5 -10 -22 -23 -24 -1 -2 -4 28 -15 -30
right_child=2 -3 3 4 7 -7 8 13 11 14 -12 12 -14 27 -16 -17 -18 18 -20 -21 21 22 23 -25 -26 -27 -28 -29 29 -31
leaf_value=-0.0012671654445727614 -0.0006085713688728225 0.00083313839981574711 -0.00026898838139768693 0.00034971406960743949 0.00040196279562659961 0.00020542953541758288 -0.00021535029913335218 -6.2408563200151883e-05 -0.00015355312445559845 -0.00023702076205405636 0.00032459141815622378 0.00013817826241434495 -8.6950915089195187e-05 -9.5102728501421201e-07 -0.00029315794561762365 0.00019737150684873679 -2.6430482608688177e-05 -4.8355080016413045e-05 0.00026713612780228727 3.8866755679574637e-05 -0.00024073113055062876 6.6095069811289043e-05 -9.271798206945763e-05 8.6560162721651459e-05 0.00031509240208779632 7.1390018735722086e-05 2.8093559568274746e-05 0.00030469688379350835 -0.00016057069772858402 0.00038117165280780984
leaf_weight=73 118 261 66 254 123 719 808 2219 717 499 309 483 319 32668 117 311 1288 1267 207 646 252 684 1655 265 299 4162 2111 83 527 60
leaf_count=73 118 261 66 254 123 719 808 2219 717 499 309 483 319 32668 117 311 1288 1267 207 646 252 684 1655 265 299 4162 2111 83 527 60
internal_value=-7.09352e-05 0.00951817 -0.000185598 -0.000416692 3.41733e-05 0.00401714 -0.00218535 -0.000311099 -0.00420123 3.72261e-05 0.00249397 -0.00309143 0.00255611 -0.000370532 -0.00272009 -0.00185891 -0.00412703 0.00166386 -0.00101764 0.00605556 -0.00435908 -0.00295868 -0.00201613 -0.00408854 0.00349462 0.00244159 0.00106798 -0.000128982 -0.000170651 -0.00668654
internal_weight=53570 633 52937 48657 38773 3093 9884 35680 5183 4701 2486 4375 802 35557 2215 2098 1787 2374 1474 900 3573 2856 2604 1920 372 4280 2177 33338 33255 587
internal_count=53570 633 52937 48657 38773 3093 9884 35680 5183 4701 2486 4375 802 35557 2215 2098 1787 2374 1474 900 3573 2856 2604 1920 372 4280 2177 33338 33255 587
is_linear=0
shrinkage=0.05


Tree=41
num_leaves=31
num_cat=0
split_feature=16 5 15 0 14 12 14 12 11 16 13 16 12 15 15 15 15 16 15 14 16 14 15 11 12 14 13 12 12 12
split_gain=21.0388 15.7798 12.1627 12.8683 10.3764 8.66642 33.509 11.3997 9.13929 13.7394 11.1732 10.4301 10.04 9.51617 9.38814 11.1758 18.9144 17.6884 11.7012 11.5984 12.1648 15.8838 12.9366 12.8093 11.3069 10.8467 19.1111 30.7919 16.4855 14.3534
threshold=-0.10167657327014505 0.011251501202969581 -0.037326830199928211 -0.03829749218781902 0.45247854199056486 0.11156893092539701 -0.033094273980848292 0.09080099631636053 -0.0071962553700703471 -0.055746263980944448 14.715000152587892 -0.034933530774668035 -0.040334954813934058 -0.023641331164972575 -0.015977791756208944 -0.0053068177358035476 -0.003181245165858992 0.020981076643599276 -0.005670396220257389 0.076607678117126224 -0.015497508109469758 0.042440575684467692 -0.0070007677411399452 0.010802932788447463 0.021636066325832374 -0.012410493039419599 24.385000228881839 0.0037862010061723299 0.046892647656094029 0.051247563892110277
decision_type=2 2 2 2 2 2 2 2 2 2 2 2 2 2 2 2 2 2 2 2 2 2 2 2 2 2 2 2 2 2
left_child=4 -2 -3 -4 -1 7 -7 8 9 13 -11 -12 -13 -5 -10 17 -17 18 19 20 -16 22 -22 -23 -21 28 27 -27 -18 -29
right_child=1 2 3 5 -6 6 -8 -9 14 10 11 12 -14 -15 15 16 25 -19 -20 24 21 23 -24 -25 -26 26 -28 29 -30 -31
leaf_value=0.00074142102524525286 -2.2726621270413389e-05 -0.00070125098597732761 0.0002093285432697675 0.00013209731630764608 -0.00016172723180164791 0.00021168041775710238 -0.00025413870636971277 0.00013823691943495661 0.0001324205964464774 0.00023324615142301136 0.00014584583178736487 0.00013040774386523062 4.3875262567114394e-06 -0.00050453141975897455 0.00012010088837029464 8.7847284600663797e-05 2.6596588263453921e-05 0.00020382930249933313 -0.00019192535581688685 -0.0003264202923771062 -0.0001402858145664118 0.0002709827480302055 4.1242993440930574e-06 -0.00021551061584474513 -2.0066651780903477e-05 -0.00019401273431188639 0.00041360310863410059 -3.2117889775813444e-05 -9.1830910941590382e-05 0.00010488890014790924
leaf_weight=201 15226 109 1109 92 60 181 318 662 590 437 1069 985 6365 246 344 2099 9333 315 404 368 1046 243 791 65 247 1360 249 6261 1806 998
leaf_count=201 15226 109 1109 92 60 181 318 662 590 437 1069 985 6365 246 344 2099 9333 315 404 368 1046 243 791 65 247 1360 249 6261 1806 998
internal_value=-8.07219e-05 -0.000150043 0.000393783 0.000441645 0.0140805 0.000282042 -0.00626253 0.000371821 0.000251309 0.00160975 0.00198735 0.00158273 0.000911565 -0.00828402 -0.000219654 -0.000361564 7.01167e-05 -0.0028577 -0.00387685 -0.00283505 -0.00131579 -0.00271562 -0.00447741 0.00779221 -0.00898374 -0.000403609 -0.00170839 -0.00210291 0.000635156 -0.00080934
internal_weight=53579 53318 38092 37983 261 36874 499 36375 35713 9194 8856 8419 7350 338 26519 25929 22106 3823 3508 3104 2489 2145 1837 308 615 20007 8868 8619 11139 7259
internal_count=53579 53318 38092 37983 261 36874 499 36375 35713 9194 8856 8419 7350 338 26519 25929 22106 3823 3508 3104 2489 2145 1837 308 615 20007 8868 8619 11139 7259
is_linear=0
shrinkage=0.05


Tree=42
num_leaves=31
num_cat=0
split_feature=5 16 16 11 11 11 15 11 10 2 16 11 14 14 7 15 15 15 15 14 14 15 11 16 16 14 10 11 10 11
split_gain=19.1663 17.7997 9.36025 8.04741 11.6329 8.32885 13.6454 11.9648 10.9447 9.31259 10.6606 9.29075 8.89117 27.0889 7.84827 7.71719 7.59962 24.4878 19.4173 16.2317 18.7316 12.7956 15.1744 11.2417 39.4503 21.2599 12.6951 19.3247 10.8523 13.3211
threshold=0.01827906672439045 -0.10167657327014505 0.029826453644017484 0.04888400580692865 0.039736199013419633 -0.022024026906729662 0.0035099098153543733 -0.020756014565235011 0.0067105474305927401 0.040018646646447283 0.001215859058919633 -0.025492153007652226 0.083142255535003332 0.082777995482000835 -0.070802858638477947 0.0040537403216136534 -0.0053068177358035476 -0.0057908468755489819 -0.0021615302318224168 0.06920052511090892 0.063421642021299643 -0.0017855528893002679 -0.0058457765678359688 -0.0025873537081562144 0.00089035561477923697 0.03406338940495391 0.00048355916176134889 0.020124579922904288 0.0025359002095745047 0.015152806552143018
decision_type=2 2 2 2 2 2 2 2 2 2 2 2 2 2 2 2 2 2 2 2 2 2 2 2 2 2 2 2 2 2
left_child=3 -2 -3 4 5 6 9 -7 -8 10 11 -1 13 16 -4 -5 17 19 23 20 28 22 -20 25 -25 -18 -26 -28 29 -9
right_child=1 2 14 15 -6 7 8 12 -10 -11 -12 -13 -14 -15 -16 -17 18 -19 21 -21 -22 -23 -24 24 26 -27 27 -29 -30 -31
leaf_value=-3.8672248404899919e-05 0.00099857513428287109 7.3259922140486757e-05 0.00033048549224179159 0.00016124214445732804 9.320808399693169e-05 -0.0001697179397151366 0.00026791047212098066 -1.4556411829776367e-05 6.8941020480101436e-07 0.00010679402546688875 -0.00037837512973013275 9.3266941344148733e-05 3.0303608937774893e-05 -0.00036274170170136653 -9.5177411815123262e-05 -0.00015689958432760914 3.6426328402885303e-05 -0.00015156874871181025 0.00013354888305193002 -0.00020323991474474466 0.00026968894979457092 -1.3999195419031694e-05 -0.00021322998644137197 -0.00026148993474556405 9.2195176550032969e-05 0.00026083174911599308 -0.00010335998215883236 0.00025440006477204933 -0.00011059790162695873 0.00014418929814434753
leaf_weight=1644 154 7980 75 51 851 388 476 2828 299 523 98 663 2982 180 1033 264 990 747 120 507 202 24785 688 323 1821 418 721 242 840 601
leaf_count=1644 154 7980 75 51 851 388 476 2828 299 523 98 663 2982 180 1033 264 990 747 120 507 202 24785 688 323 1821 418 721 242 840 601
internal_value=-9.62725e-05 0.00197468 0.00168904 -0.00052879 -0.000471698 -0.000586037 0.00168107 -0.000799203 0.00758065 0.000119536 -0.00119543 -0.000509319 -0.000712271 -0.000929525 -0.00261733 -0.00849206 -0.000832333 -0.00250218 -0.000514813 -0.00123544 -0.000273988 -0.00104814 -0.0072401 0.00250831 0.000828774 0.00621449 0.00274784 -0.00189512 -0.000977981 0.000269758
internal_weight=53494 9242 9088 44252 43937 43086 3703 39383 775 2928 2405 2307 38995 36013 1108 315 35833 5725 30108 4978 4471 25593 808 4515 3107 1408 2784 963 4269 3429
internal_count=53494 9242 9088 44252 43937 43086 3703 39383 775 2928 2405 2307 38995 36013 1108 315 35833 5725 30108 4978 4471 25593 808 4515 3107 1408 2784 963 4269 3429
is_linear=0
shrinkage=0.05


Tree=43
num_leaves=31
num_cat=0
split_feature=5 12 13 8 8 12 4 6 11 8 13 13 12 10 10 13 12 10 11 11 11 11 9 10 6 13 10 14 11 11
split_gain=19.1049 20.97 11.6775 10.1826 9.38058 9.29189 8.77063 8.57247 8.53634 7.69052 7.75496 32.3416 12.0385 15.2968 14.6563 14.6323 13.9276 13.2413 11.6452 13.714 27.4809 10.3377 9.49399 8.38134 8.34053 8.26375 8.87683 8.04678 15.3008 13.6363
threshold=0.016770776770470761 -0.0800835440536906 12.119999885559084 0.053681362843949317 -0.018150857930048721 0.12951753151584791 0.014313281358182292 -0.0093874216335578676 -0.013447702851804742 -0.12867163109842053 16.550000190734867 16.675000190734867 0.022913164694052916 -0.0077272897241722474 -0.0046973619314177864 15.400000095367433 -0.027198413534659901 -0.0060493292963074699 0.025879886513439202 0.014908342493259121 0.011934196002071353 0.0057915448439024306 0.091237439542252288 -0.004502849423341281 -0.6197189883614207 15.875000000000002 0.0018732766831597305 0.016378333086022993 0.01114828882775787 0.010353223203457886
decision_type=2 2 2 10 10 2 2 2 2 10 2 2 2 2 2 2 2 2 2 2 2 2 10 2 2 2 2 2 2 2
left_child=2 4 3 -1 -2 6 -4 8 -3 -8 12 23 16 -14 17 27 -11 21 19 20 25 -15 -13 -12 -18 26 -17 29 -29 -16
right_child=1 7 5 -5 -6 -7 9 -9 -10 10 11 22 13 14 15 18 24 -19 -20 -21 -22 -23 -24 -25 -26 -27 -28 28 -30 -31
leaf_value=-0.00015125923145695337 0.00041999930012272458 0.00010999845462986374 -3.6881016025016364e-05 0.00013823646300789219 -0.0002410491814818453 -0.00024767868905253371 -7.4264151717628389e-05 0.00011092594832985007 -9.3977951731021549e-06 0.00012578392240184387 -6.3628794641713753e-05 -9.7790549970848763e-06 0.00017201033148340458 0.00014353342337539249 8.7870633161872511e-05 -3.5900117561193113e-05 -8.2774340342527792e-05 -0.00024118418956274435 0.00022807379386426772 -0.00023407700398332652 0.00031568146305849015 -0.00022238099823962277 3.5283324865563806e-05 0.00019774356004978162 -2.7746448307524806e-05 -1.0483627853801175e-05 -0.00019134505534274684 -0.00015037720975931681 4.1807134150518129e-05 4.9654023102636662e-06
leaf_weight=389 330 1159 3691 83 41 50 1364 4169 6471 379 61 11171 283 211 2912 292 2156 483 143 332 140 94 4363 700 5079 843 480 668 950 3972
leaf_count=389 330 1159 3691 83 41 50 1364 4169 6471 379 61 11171 283 211 2912 292 2156 483 143 332 140 94 4363 700 5079 843 480 668 950 3972
internal_value=-3.60089e-05 0.00170501 -0.000549178 -0.00836864 0.0134097 -0.000458755 -0.000432335 0.00133698 0.00034076 -0.000200939 -6.02039e-05 0.000744093 -0.000735181 0.000264763 -1.73611e-05 0.000465896 -0.00228526 -0.00659898 -0.00313901 -0.00408481 -0.00232194 0.00155738 0.000251062 0.0108081 -0.00277471 -0.00416409 -0.00790155 0.00141143 -0.00176143 0.00215718
internal_weight=53459 12170 41289 472 371 40817 40767 11799 7630 37076 35712 16295 19417 11803 11520 10732 7614 788 2230 2087 1755 305 15534 761 7235 1615 772 8502 1618 6884
internal_count=53459 12170 41289 472 371 40817 40767 11799 7630 37076 35712 16295 19417 11803 11520 10732 7614 788 2230 2087 1755 305 15534 761 7235 1615 772 8502 1618 6884
is_linear=0
shrinkage=0.05


Tree=44
num_leaves=31
num_cat=0
split_feature=1 13 15 6 14 3 12 15 16 15 12 14 12 16 13 16 13 13 14 11 15 13 12 0 12 16 16 15 14 14
split_gain=20.3381 11.1164 12.0735 9.26063 10.8472 9.03401 11.5575 19.8046 14.0736 12.7702 13.637 12.6877 15.4681 10.9523 12.092 24.516 17.9287 15.3712 12.0559 13.2798 12.4956 10.8576 10.7574 11.1524 10.8141 13.7385 13.2139 14.6362 18.4356 18.3847
threshold=-0.10999246372956877 12.119999885559084 0.006384161273564449 1.3170831411291675 -0.19490876951167976 0.0032102333830154044 -0.010634821304977891 0.0054868592537357106 0.014285200985310388 0.0061110284956166225 0.027494859991687774 -0.015515001009757 0.034486038730235487 -0.0027699609853645275 15.295000076293947 -0.0060316126937487438 14.795000076293947 22.429999351501468 -0.075454415356713087 0.016558544253032163 0.011670394268528896 23.529999732971195 0.11156893092539701 0.006078535078713255 0.019854443093846989 -0.002427181804697975 0.03470825403415246 -0.0053068177358035476 0.043372068741787458 0.032336920174311119
decision_type=2 2 2 2 2 2 2 2 2 2 2 2 2 2 2 2 2 2 2 2 2 2 2 2 2 2 2 2 2 2
left_child=-1 2 -2 5 -5 13 7 8 -7 21 -11 12 -12 14 15 16 -3 -16 19 20 -15 -8 24 -24 25 -20 27 28 -27 -29
right_child=1 3 -4 4 -6 6 9 -9 -10 10 11 -13 -14 18 17 -17 -18 -19 22 -21 -22 -23 23 -25 -26 26 -28 29 -30 -31
leaf_value=0.00040710455043752318 -0.00020674619954062572 3.3238686660428274e-05 -1.233614973369197e-06 -0.00026214297422581464 4.6875746250995461e-05 2.3110045295264475e-05 2.0659264560537584e-05 0.00017004328476359051 -0.00025336528500169436 -8.7247731808397613e-05 8.8603132428393005e-05 0.00014009255440624661 -9.9002908800926561e-05 4.7683094913159726e-05 3.7118558663064776e-05 -0.00020212078473561069 -0.0001964272500968472 -5.898707535849559e-05 -0.00025311120225194255 0.00022516640160233402 -0.00016575101668164861 0.00031792648889749454 -0.00025901956691760675 6.5811718522065763e-05 -1.2134655504175175e-05 4.0069735986041729e-05 -0.00017258411110247093 -4.2488861416112734e-05 -0.00018598800760536197 7.6226290211120311e-05
leaf_weight=635 256 1639 271 144 5603 1537 6208 1449 200 2298 682 599 905 536 8184 486 358 1754 169 401 173 123 234 94 11707 391 678 3851 769 1298
leaf_count=635 256 1639 271 144 5603 1537 6208 1449 200 2298 682 599 905 536 8184 486 358 1754 169 401 173 123 234 94 11707 391 678 3851 769 1298
internal_value=-0.000115603 -0.000222182 -0.00744782 -0.000149609 0.00174439 -0.000382574 0.000680309 0.00332706 -0.00027346 -9.9399e-05 -0.00214095 0.000686185 -0.00165406 -0.000837357 0.000332099 -0.00278896 -0.000338007 0.00111189 -0.00155288 0.00351351 -0.000599436 0.00134655 -0.00184592 -0.0108232 -0.00168982 -0.00322107 -0.00288035 -0.00216754 -0.00724138 -0.00102447
internal_weight=53632 52997 527 52470 5747 46723 14001 3186 1737 10815 4484 2186 1587 32722 12421 2483 1997 9938 20301 1110 709 6331 19191 328 18863 7156 6987 6309 1160 5149
internal_count=53632 52997 527 52470 5747 46723 14001 3186 1737 10815 4484 2186 1587 32722 12421 2483 1997 9938 20301 1110 709 6331 19191 328 18863 7156 6987 6309 1160 5149
is_linear=0
shrinkage=0.05


Tree=45
num_leaves=31
num_cat=0
split_feature=1 5 15 14 14 15 16 15 14 12 12 11 9 12 9 11 15 10 15 10 15 15 15 15 10 16 10 11 12 16
split_gain=16.3373 11.2643 7.45403 8.52789 12.555 20.2206 11.0124 10.9793 10.1426 12.5465 11.4787 9.92999 12.6623 11.7598 12.8592 11.716 9.39117 24.087 10.965 22.1498 14.5774 11.4962 12.3579 29.4052 22.5749 14.3475 21.5764 13.7313 15.9545 17.6033
threshold=-0.10999246372956877 0.011357424470993275 -0.037326830199928211 0.083812216488613714 0.076607678117126224 -0.0041190445581884552 0.01378217465025078 -0.002822566359989009 0.099742575354610077 -0.052281358654850445 0.027082991188188469 -0.023324981642921735 inf -0.0026166502717502866 -0.19854309779210585 0.00081108963534770606 -0.010750835926084666 -0.0048383542662620562 -0.00524730331798584 -0.0058617567091531755 -0.005670396220257389 0.00026123454524573658 0.0026840422200791196 0.0025039096781047658 0.0063549452815370175 -0.012687895520977875 0.016350116268756935 0.0090501537302478691 -0.0059221640754917306 -0.015122380027281944
decision_type=2 2 2 2 2 2 2 2 2 2 2 2 8 2 10 2 2 2 2 2 2 2 2 2 2 2 2 2 2 2
left_child=-1 -2 -3 4 16 -6 7 -7 10 -10 -5 12 -11 14 15 -13 17 -4 19 -18 -21 -20 23 24 -23 26 27 28 -24 -30
right_child=1 2 3 8 5 6 -8 -9 9 11 -12 13 -14 -15 -16 -17 18 -19 21 20 -22 22 25 -25 -26 -27 -28 -29 29 -31
leaf_value=0.00034056651287758116 -2.1002200222143295e-05 -0.00048818852127064413 -9.3026415069692985e-05 2.4672095608699841e-05 -0.00030796424637413169 0.00012029934279207677 0.00023397157928589548 -0.00043125681166926742 0.00023775838453362854 0.00023780070208914386 0.00044654063168128052 -0.00019378171389609506 -0.00013680410542882312 2.7438675142508052e-05 -0.00018276062849124417 0.0004997359555719219 0.00012093209413200808 0.00017996751222115021 4.2087311995225342e-05 -5.3905160607314747e-05 -0.00023632662105664537 -4.5478369737114637e-05 0.00022348941971961044 -0.00031152040976140604 0.00024385508868176849 -4.8013172418215087e-06 -0.00015162114457435751 0.00043353096474185162 -0.00012073089625664166 0.00015371462594385008
leaf_weight=643 15788 152 520 357 404 103 185 145 424 492 291 84 106 1064 880 112 685 891 7891 2665 453 3445 719 394 432 13014 365 209 414 249
leaf_count=643 15788 152 520 357 404 103 185 145 424 492 291 84 106 1064 880 112 685 891 7891 2665 453 3445 719 394 432 13014 365 209 414 249
internal_value=-0.000184784 -0.000281016 0.000194508 0.00023991 -1.73281e-05 -0.00606332 0.00144342 -0.00544355 0.00248031 0.00131246 0.00817901 7.3046e-05 0.00576923 -0.00151869 -0.00520446 0.00637755 0.000139121 0.00412828 -4.28317e-05 -0.00255719 -0.00434573 0.000309598 -0.000349514 -0.00272185 -0.00139928 0.000327321 0.00432004 0.00683532 0.00502894 -0.000565611
internal_weight=53576 52933 37145 36993 33183 837 433 248 3810 3162 648 2738 598 2140 1076 196 32346 1411 30935 3803 3118 27132 19241 4271 3877 14970 1956 1591 1382 663
internal_count=53576 52933 37145 36993 33183 837 433 248 3810 3162 648 2738 598 2140 1076 196 32346 1411 30935 3803 3118 27132 19241 4271 3877 14970 1956 1591 1382 663
is_linear=0
shrinkage=0.05


Tree=46
num_leaves=31
num_cat=0
split_feature=16 4 15 6 10 14 14 14 15 15 15 10 10 15 12 16 9 16 16 12 15 15 14 12 14 12 12 14 12 14
split_gain=16.566 12.8953 11.1496 10.4835 8.01001 7.893 11.7374 10.6807 11.6032 9.35303 9.10361 16.5378 14.3394 12.5359 12.8749 11.8473 10.3109 10.1786 8.79909 9.26556 9.55945 8.43375 8.27631 24.3995 12.5071 11.548 9.44565 15.4361 17.5086 16.29
threshold=-0.10167657327014505 0.059975037697581245 -0.037326830199928211 0.67808806596757865 -0.015857538372193832 -0.067583665573298909 -0.068623004427642229 -0.054805799949304061 0.0088043681294558435 -0.011101185800539979 0.010891513112084474 0.0090796012734996063 0.0085213426073622606 0.011670394268528896 -0.0045413562786246189 0.027127150675187232 0.12419012522243068 -0.020750159803232745 -0.034933530774668035 -0.015496687592758017 -0.0054566298184343101 0.008309087256361149 -0.036818887874406285 0.11156893092539701 -0.035621573523768706 0.097353884534883486 0.030284664654711139 0.049298283120689408 0.031113881398386781 0.063421642021299643
decision_type=2 2 2 2 2 2 2 2 2 2 2 2 2 2 2 2 8 2 2 2 2 2 2 2 2 2 2 2 2 2
left_child=4 2 -2 5 -1 6 10 8 9 -7 11 16 -12 -14 -15 17 -4 -13 19 20 -9 -19 25 24 -24 -20 -26 28 -28 -29
right_child=1 -3 3 -5 -6 7 -8 18 -10 -11 12 15 13 14 -16 -17 -18 21 22 -21 -22 -23 23 -25 26 -27 27 29 -30 -31
leaf_value=-0.0001096066002045793 -0.00054923816955557256 0.00028529489947069569 -7.9406976875021404e-05 2.3338349734461903e-05 0.00074048307559168678 0.00024909870398607116 0.000425266003722229 -8.4176245780308501e-05 1.2047084187806999e-05 -0.00011821370553251887 0.00023532883349806222 -6.7972832682055081e-05 -0.0002384727507940237 7.1514256028012722e-05 -9.7917243502806695e-05 -9.914682864775194e-05 9.9574299952305377e-05 0.00016029017549159643 1.3563770309783439e-05 0.00017387540100572229 0.00015472293043161355 0.00035624808469415439 -0.000209276600505235 -0.00024065738871819524 -2.7314701810713524e-05 0.00022487604497300844 0.00022775305340654844 0.00024761753440995037 -1.3901539580228042e-05 4.4882533030327188e-05
leaf_weight=68 127 1061 830 10428 188 50 176 398 712 1274 210 101 285 687 895 129 437 621 3841 433 167 318 352 294 18325 208 268 314 9149 1172
leaf_count=68 127 1061 830 10428 188 50 176 398 712 1274 210 101 285 687 895 129 437 621 3841 433 167 318 352 294 18325 208 268 314 9149 1172
internal_value=-0.000188722 -0.000249709 -0.000360625 -0.000324538 0.0125 -0.000679537 0.00125293 -0.000924723 -0.00444499 -0.00721299 0.000758919 0.00283251 -0.00167309 -0.00306642 -0.00132743 0.00712147 -0.0011247 0.00889423 -0.000719481 0.00390782 -0.000309735 0.0105165 -0.000855614 -0.00114313 -0.00100068 0.00126574 -0.000887847 0.000277447 -0.000469895 0.00501346
internal_weight=53518 53262 52201 52074 256 41646 4689 36957 2036 1324 4513 2436 2077 1867 1582 1169 1267 1040 34921 998 565 939 33923 29874 29580 4049 29228 10903 9417 1486
internal_count=53518 53262 52201 52074 256 41646 4689 36957 2036 1324 4513 2436 2077 1867 1582 1169 1267 1040 34921 998 565 939 33923 29874 29580 4049 29228 10903 9417 1486
is_linear=0
shrinkage=0.05


Tree=47
num_leaves=31
num_cat=0
split_feature=1 5 8 6 14 16 13 13 13 11 10 10 10 5 11 13 16 10 10 16 13 9 13 10 10 14 10 10 14 13
split_gain=18.086 11.4783 7.67756 8.56405 9.29218 8.09022 7.2544 7.0797 19.7165 8.88737 9.52629 9.03579 7.55118 7.88754 7.75662 10.6846 8.17596 13.962 22.3389 14.4441 14.0775 13.0266 12.7306 9.99714 9.71949 10.9635 9.33906 13.0265 12.4546 23.993
threshold=-0.10999246372956877 0.011251501202969581 inf 1.0421379361060763 -0.19490876951167976 0.01378217465025078 12.00999975204468 30.345000267028812 28.970000267028812 0.04888400580692865 0.012161923601447857 0.00090086479202544656 0.020743044846024853 0.022852686905765317 0.039736199013419633 14.920000076293947 -0.0027118893085669167 -0.0089994587968861266 -0.0077272897241722474 -0.002427181804697975 15.944999694824221 -0.026543379285068221 17.860000610351566 -0.0032352755768272896 -0.0034865672578678337 0.016378333086022993 -0.0017470016399772079 -0.0022250853133904398 0.043372068741787458 13.605000019073488
decision_type=2 2 8 2 2 2 2 2 2 2 2 2 2 2 2 2 2 2 2 2 2 10 2 2 2 2 2 2 2 2
left_child=-1 -2 3 6 -5 -4 -3 8 9 12 11 -11 13 14 16 -16 21 20 -19 -20 -18 22 -8 24 25 -21 27 -25 -28 -30
right_child=1 2 5 4 -6 -7 7 -9 -10 10 -12 -13 -14 -15 15 -17 17 18 19 23 -22 -23 -24 26 -26 -27 28 -29 29 -31
leaf_value=0.00037022485876341888 -1.8843429921636427e-05 -0.00015526433151113615 -7.9953975500328015e-05 -0.00023413524977904825 6.4406325118388218e-05 0.00026533476033135212 -7.3591120029973395e-05 0.00013868135189091653 -0.00039623865807923188 9.9123082187782899e-05 0.00033614927664050981 -0.00019445496593194374 -0.0001103721353692235 9.7107573833930043e-05 -9.086475570767423e-05 0.00015289728114395388 0.00011761392958839381 0.00023216130713180628 -0.00023150965882475663 8.4391616005040934e-05 -0.00020670290088686366 4.8421812308907221e-05 4.8688454787903787e-05 9.5097580754939952e-06 -0.00028934326987848432 -8.8679745448396325e-05 -3.5766047605598728e-06 0.00018088257615631568 0.00024206153080708656 -0.00018529179758363192
leaf_weight=638 15179 107 1415 135 4828 123 2017 568 215 65 49 313 306 2931 151 603 138 367 169 288 645 5664 2154 1100 117 1172 10953 436 86 514
leaf_count=638 15179 107 1415 135 4828 123 2017 568 215 65 49 313 306 2931 151 603 138 367 169 288 645 5664 2154 1100 117 1172 10953 436 86 514
internal_value=-6.0809e-05 -0.000161907 0.00030628 0.000453714 0.00238263 -0.00315345 0.000146171 0.000191 8.78403e-05 0.000195119 -0.00696721 -0.00965608 0.000297709 0.000378749 0.000107248 0.0051061 -3.87297e-05 -0.000736628 -0.000401263 -0.00070273 -0.00724777 0.00109558 -0.00102493 -0.000535252 -0.00429613 -0.00318493 -8.213e-05 0.00358073 -0.000569116 -0.00758333
internal_weight=53446 52808 37629 36091 4963 1538 31128 31021 30453 30238 427 378 29811 29505 26574 754 25820 15985 15202 14835 783 9835 4171 14666 1577 1460 13089 1536 11553 600
internal_count=53446 52808 37629 36091 4963 1538 31128 31021 30453 30238 427 378 29811 29505 26574 754 25820 15985 15202 14835 783 9835 4171 14666 1577 1460 13089 1536 11553 600
is_linear=0
shrinkage=0.05


Tree=48
num_leaves=31
num_cat=0
split_feature=16 13 16 5 10 12 12 9 8 16 16 10 14 5 10 14 12 14 10 3 9 10 10 10 12 10 10 14 16 14
split_gain=14.4333 10.5987 10.7279 9.57182 8.33333 7.63231 7.62478 6.86849 6.817 9.22867 19.2265 6.58548 8.35579 8.06607 6.7463 5.88128 8.02709 7.95611 7.24661 6.76837 6.63671 8.53828 5.88127 21.614 14.6304 14.356 13.5576 11.2754 9.71407 9.56409
threshold=-0.10167657327014505 12.119999885559084 0.018333400569675588 0.016601387670898117 -0.015857538372193832 -0.0800835440536906 0.12951753151584791 0.33959165437234889 -0.12867163109842053 -0.034933530774668035 -0.037661778328213706 0.020743044846024853 -0.12096344977185801 0.023260784338882661 0.018838465196602486 -0.13532199000438486 0.012875909391154241 -0.12096344977185801 0.019654390703208072 0.0053615475085592177 -0.14610583155625487 0.014545936349149692 -0.0017470016399772079 -0.0022250853133904398 0.07037035112061997 -0.0010954591841218495 -0.0012213944728807211 -0.021447279396770266 -0.025741820886289343 -0.041613677684134036
decision_type=2 2 2 2 2 2 2 10 10 2 2 2 2 2 2 2 2 2 2 2 10 2 2 2 2 2 2 2 2 2
left_child=4 2 -2 6 -1 -5 8 11 -3 10 -10 12 -7 -13 -14 16 19 20 22 -11 -17 -22 23 24 29 26 27 -24 -27 -19
right_child=1 3 -4 5 -6 7 -8 -9 9 15 -12 13 14 -15 -16 17 -18 18 -20 -21 21 -23 25 -25 -26 28 -28 -29 -30 -31
leaf_value=-0.00014083292488167726 -0.00013984035957738966 -7.5629420432347984e-05 0.00061280317105903421 0.00026889890515221766 0.00066814514325027577 0.00020902982199344397 -0.0002044060462303345 0.00031878112175206695 6.1750851682104792e-06 -0.00010504912946290249 0.00029812190583501153 2.1828369829057869e-05 1.1101533683999504e-05 -0.00036652340418577502 0.00038827456490750177 0.00076322185161975932 -0.00013114559172258425 -0.00017959239232403368 0.00015730199678330877 0.00010558923857223774 -6.3097483135807249e-05 0.00024799512677233085 0.00011998104189157936 0.00010392834176190626 -0.00016959222711155643 -0.00011850716003351837 -0.00020910802460624652 -0.0001069587956232888 -8.4258357095171387e-06 3.1273806312823216e-06
leaf_weight=64 439 1343 64 216 192 473 50 588 982 311 324 115 10783 123 135 56 266 164 126 182 113 134 283 976 340 361 178 889 22636 10656
leaf_count=64 439 1343 64 216 192 473 50 588 982 311 324 115 10783 123 135 56 266 164 126 182 113 134 283 976 340 361 178 889 22636 10656
internal_value=-0.000125089 -0.000181968 -0.00740557 -0.000113156 0.0117188 0.0010999 -0.000486748 0.000935172 -0.00046255 -0.000341868 0.0037902 0.000668587 0.000840576 -0.00756303 0.00055871 -0.000485121 -0.0048419 -0.000395535 -0.000462318 -0.00106491 0.00767327 0.0041498 -0.000503659 0.000395517 -0.000228495 -0.000951863 -0.00596296 -0.00401024 -0.000657694 9.24214e-05
internal_weight=53562 53306 503 52803 256 12433 40370 12217 40320 38977 1306 11629 11391 238 10918 37671 759 36912 36609 493 303 247 36483 12136 11160 24347 1350 1172 22997 10820
internal_count=53562 53306 503 52803 256 12433 40370 12217 40320 38977 1306 11629 11391 238 10918 37671 759 36912 36609 493 303 247 36483 12136 11160 24347 1350 1172 22997 10820
is_linear=0
shrinkage=0.05


Tree=49
num_leaves=31
num_cat=0
split_feature=4 12 10 5 10 8 15 16 16 15 15 15 10 16 16 9 10 16 15 10 15 12 16 10 15 16 15 10 12 6
split_gain=14.3376 18.9664 9.82246 7.70837 8.58258 7.16815 11.4659 12.6593 13.7982 10.5625 27.1932 14.0088 20.2024 15.0318 13.8507 14.4513 12.224 10.0987 11.0109 10.012 9.22678 10.5375 11.4397 8.69157 8.56712 8.35921 14.1417 16.0074 12.5544 8.24826
threshold=0.036213623012953479 -0.0800835440536906 0.020743044846024853 0.0091154076269897629 -0.0038583192426028807 0.111078396003099 -0.037326830199928211 -0.034933530774668035 -0.037661778328213706 -0.0042573873915031082 -0.003181245165858992 -0.0084579474537897475 -0.0089994587968861266 -0.029736983426283833 -0.018476051828615666 -0.36035122175673995 0.0043154379998111567 -0.012541079341017778 -0.012550674326103515 -0.014256563971479506 -0.007443534824550623 0.11156893092539701 0.012949095766816689 -0.0016894339030639747 0.017404702236284656 0.0005139755806917724 -0.0092865773300838655 -0.0032352755768272896 0.025155853289738354 -1.1061441797090821
decision_type=2 2 2 2 2 8 2 2 2 2 2 2 2 2 2 10 2 2 2 2 2 2 2 2 2 2 2 2 2 2
left_child=3 -2 -3 4 -1 6 -5 8 -8 11 -11 13 -13 -9 15 -15 -17 18 -16 -12 23 22 -22 -14 -7 -19 27 -27 -29 -21
right_child=1 2 -4 5 -6 24 7 9 -10 10 19 12 20 14 17 16 -18 25 -20 29 21 -23 -24 -25 -26 26 -28 28 -30 -31
leaf_value=1.7491241605154905e-05 0.00042081183588005175 7.5975752988157602e-05 -0.00026337028319680923 -0.00089058695492054332 -4.4800393747040816e-05 -3.299351447632517e-05 4.3921034456169582e-05 -0.000256354206046907 0.00030628954208921868 0.00011179464097950078 0.00035250191091160208 -0.00024814066819919996 -1.7102738259439174e-05 -0.00011356897200441906 -0.0001868176266975292 0.00016871078531891602 -0.00025362626097589466 6.8727423307297222e-05 3.6717956407104036e-06 -4.4034152334912485e-05 -3.2136254028003357e-05 -0.00024764088677979964 0.00010330403342620168 -0.00016506169305852727 -0.00027479835397697851 -0.00017592332096230277 0.00050951486869574715 0.00045512674509310075 -2.6553283860040113e-05 3.5795618006884526e-06
leaf_weight=868 275 4859 142 90 3288 3928 1190 246 358 1916 113 360 328 207 427 959 50 1047 467 2429 2856 112 553 482 107 550 113 115 296 24800
leaf_count=868 275 4859 142 90 3288 3928 1190 246 358 1916 113 360 328 207 427 959 50 1047 467 2429 2856 112 553 482 107 550 113 115 296 24800
internal_value=-7.70582e-05 0.00239765 0.00169466 -0.000347632 -0.00240616 -0.000153632 4.86721e-05 8.88077e-05 0.00452196 -8.9783e-05 0.000374257 -0.00157068 -0.00348007 0.000429975 0.00112857 0.00563322 0.00810208 -0.000688226 -0.00514541 -2.9259e-05 -0.00253406 -0.00142715 -0.000931358 -0.00734568 -0.00216233 0.00119048 -0.00190875 -0.00387617 0.00358881 -9.08957e-05
internal_weight=53531 5276 5001 48255 4156 44099 40064 39974 1548 38426 29258 9168 4691 4477 4231 1216 1009 3015 894 27342 4331 3521 3409 810 4035 2121 1074 961 411 27229
internal_count=53531 5276 5001 48255 4156 44099 40064 39974 1548 38426 29258 9168 4691 4477 4231 1216 1009 3015 894 27342 4331 3521 3409 810 4035 2121 1074 961 411 27229
is_linear=0
shrinkage=0.05


Tree=50
num_leaves=31
num_cat=0
split_feature=13 5 13 8 5 11 8 6 13 13 15 14 14 15 11 14 11 3 14 11 11 0 15 15 15 13 0 13 14 1
split_gain=14.0645 12.2133 11.0915 8.93278 8.19144 7.99121 7.39517 8.27511 8.05216 9.00772 7.44388 6.55868 14.6068 8.26257 7.27713 6.37796 6.24263 7.39738 6.80247 5.62175 7.11326 6.68817 7.95648 12.0865 7.81002 6.78645 6.66083 6.61656 5.78707 5.57926
threshold=46.145000457763679 0.033813490876948314 12.119999885559084 0.087680500175900358 0.0091154076269897629 0.00053831818388905283 inf 0.072661005415226396 26.494999885559086 22.429999351501468 -0.037326830199928211 0.0250539094836888 -0.0078563959177023728 -0.0060781588266707312 0.029686707120002768 0.12307845124318741 -0.0070947628288289813 -0.0043446241899059426 -0.040011250304013861 0.025879886513439202 0.04888400580692865 -0.023109079863019574 -0.0040520573018016362 -0.003087809647253525 -0.0085552027955927406 23.529999732971195 0.05717287231450164 12.765000343322756 -0.19490876951167976 -0.010559791691211127
decision_type=2 2 2 10 2 2 8 2 2 2 2 2 2 2 2 2 2 2 2 2 2 2 2 2 2 2 2 2 2 2
left_child=1 2 3 -1 15 -3 7 29 9 11 -9 12 16 -13 -15 -4 17 -8 -18 21 -21 -12 24 27 -23 28 -27 -24 -25 -6
right_child=-2 5 4 -5 6 -7 8 10 -10 -11 19 13 -14 14 -16 -17 18 -19 -20 20 -22 22 23 25 -26 26 -28 -29 -30 -31
leaf_value=-0.00011448590621547916 0.00065464954748012047 0.00045588073231000553 -3.6210888206783358e-05 0.00086433940855611818 1.3070526400181743e-05 0.00011922154694701077 0.00036583221564523167 -0.00067949074449676094 0.00048318647439361855 -0.00025102700543850644 8.9683790387389871e-05 -0.00010180939313316068 -0.00032998294933222778 0.00019072737367165622 -0.00012606048588914036 9.2319810563057085e-05 4.6826537696807078e-05 -7.7017654153207698e-06 -0.00017792666866069262 0.00010380230179036052 -8.2353559725258359e-05 1.2432220490487656e-05 -0.00026516174027143598 -0.00018465974102064523 -6.6684658952058298e-05 0.00024593559026980799 -0.0004706002955948612 0.00024707915222837404 8.7580810543824203e-06 -1.5440594794661167e-05
leaf_weight=465 131 474 3935 40 9062 786 81 111 57 252 1775 189 195 192 67 166 183 237 389 1554 191 1596 62 121 1761 420 43 505 8593 19989
leaf_count=465 131 474 3935 40 9062 786 81 111 57 252 1775 189 195 192 67 166 183 237 389 1554 191 1596 62 121 1761 420 43 505 8593 19989
internal_value=-0.000141733 -0.000181806 -0.000299152 -0.00767327 -0.000227158 0.00468254 -4.25197e-05 8.24542e-05 -0.00314875 -0.0037395 0.000968205 -0.00229941 -0.00440092 0.00279018 0.00859073 -0.00237137 -0.00168539 0.00393082 -0.00480769 0.00105439 0.00373926 0.000739446 0.00034921 0.00107245 -0.00175007 0.000634739 0.00653348 0.00815697 0.000321322 -0.000427696
internal_weight=53622 53491 52231 505 51726 1260 47625 45783 1842 1785 16732 1533 1085 448 259 4101 890 318 572 16621 1745 14876 13101 9744 3357 9177 463 567 8714 29051
internal_count=53622 53491 52231 505 51726 1260 47625 45783 1842 1785 16732 1533 1085 448 259 4101 890 318 572 16621 1745 14876 13101 9744 3357 9177 463 567 8714 29051
is_linear=0
shrinkage=0.05


Tree=51
num_leaves=31
num_cat=0
split_feature=4 13 15 13 5 10 11 16 11 12 12 12 10 10 16 13 11 16 15 15 12 10 9 10 12 15 9 14 12 10
split_gain=12.03 9.60558 13.1215 8.72222 7.8369 7.03729 18.1069 17.8532 23.1934 18.0616 16.825 18.7768 16.7616 22.2963 17.6794 16.3442 14.9857 15.5058 14.8432 20.4341 14.7966 14.2015 19.5202 29.5135 18.884 17.0745 13.024 12.9504 12.8115 12.6147
threshold=0.059975037697581245 12.119999885559084 0.006384161273564449 49.655000686645515 0.0096850947547423624 0.0053455164524482965 -0.014003524534926202 0.01891295580381536 -0.013682721850423905 -0.051373899775069835 -0.0021779841828679087 0.0011335726897910849 -0.0072745110629502388 0.0040309091899630731 -0.044876715306698949 20.375000000000004 0.042684586959819588 -0.036179452020198836 0.0075263257563361616 0.007441350892022248 -0.031331833469953822 0.010824112764753148 0.4228988023459212 0.0056232600765477878 0.032443488096438274 0.0098750730397748638 -0.028232342956725828 0.06920052511090892 0.012544135938263425 0.0056232600765477878
decision_type=2 2 2 2 2 2 2 2 2 2 2 2 2 2 2 2 2 2 2 2 2 2 8 2 2 2 10 2 2 2
left_child=1 2 -1 4 -3 6 12 8 9 -7 16 -12 14 27 -6 18 17 -8 19 -13 -19 22 29 -24 25 -23 -11 -14 -20 -10
right_child=-2 3 -4 -5 5 7 10 -9 21 26 11 15 13 -15 -16 -17 -18 20 28 -21 -22 24 23 -25 -26 -27 -28 -29 -30 -31
leaf_value=-0.00018500050821436016 0.00026194174037263551 -2.3562946372666365e-05 1.4052759461108704e-05 0.0017373012983496507 -0.00017576508916448079 0.00023740913725085017 0.00029173708308501822 -3.2174728283116763e-05 0.0002147209148443437 -0.0003414081512476332 0.00018149083484559044 -1.8418174561774363e-05 9.3335105208062531e-05 -0.00021548799352450227 3.0799857069759884e-05 0.00013857396022024524 0.00024783000409040503 -5.6462964092369486e-06 -9.0333253268308497e-05 -0.00035329298130412721 -0.00013359517310308845 0.00020057864089096067 -0.00067822912760843188 0.00032411349641197631 -0.00014514551873964508 -2.0866590592345021e-05 -5.4645609681215455e-05 0.00035037542517164376 9.4744846191597952e-05 5.0304365394634056e-05
leaf_weight=252 1051 6395 249 56 540 165 111 4195 272 370 658 17998 2447 225 2735 813 227 1337 219 125 2891 505 61 1071 615 858 549 367 1765 4415
leaf_count=252 1051 6395 249 56 540 165 111 4195 272 370 658 17998 2447 225 2735 813 227 1337 219 125 2891 505 61 1071 615 858 549 367 1765 4415
internal_value=-3.96922e-05 -0.000145753 -0.00703593 -7.93498e-05 -0.000100618 0.000129574 -0.000264958 0.0011089 0.00237867 -0.00447417 -0.000845318 -0.000261841 0.00213811 0.00481244 -0.000343511 -0.000523423 -0.00360272 -0.00425789 -0.000804446 -0.00125393 -0.00474219 0.00333141 0.00457553 0.0104682 -0.000328615 0.00295304 -0.00720892 0.00602345 0.00330141 0.00315234
internal_weight=53537 52486 501 51985 51929 45534 32458 13076 8881 1084 26144 21578 6314 3039 3275 20920 4566 4339 20107 18123 4228 7797 5819 1132 1978 1363 919 2814 1984 4687
internal_count=53537 52486 501 51985 51929 45534 32458 13076 8881 1084 26144 21578 6314 3039 3275 20920 4566 4339 20107 18123 4228 7797 5819 1132 1978 1363 919 2814 1984 4687
is_linear=0
shrinkage=0.05


Tree=52
num_leaves=31
num_cat=0
split_feature=1 13 15 13 9 10 10 15 12 14 16 15 15 12 10 14 12 16 12 16 13 12 13 13 15 15 12 12 14 8
split_gain=12.0184 9.55033 11.1967 8.55843 8.09607 6.96303 18.507 31.1997 23.2696 16.054 12.5112 13.1452 17.0819 14.4778 10.881 13.257 10.642 10.4992 10.1631 9.84958 15.841 9.80018 9.66671 9.27969 9.25126 18.9645 15.2514 23.6003 20.9373 14.2088
threshold=-0.1256306897044692 12.119999885559084 0.006384161273564449 25.505000114440922 0.33959165437234889 0.0053455164524482965 0.0030127975736100603 0.0090017510772647542 0.030009469957485328 0.021982133330242685 0.01891295580381536 0.013114070253267053 0.015740995505912129 0.06005823138399214 0.00446494553626653 -0.036136320679139293 0.12951753151584791 -0.055746263980944448 0.027082991188188469 0.03470825403415246 13.554999828338625 0.035826131424975934 16.355000495910648 15.75500011444092 -0.0042573873915031082 -0.0030299251825364744 0.056027042495551023 0.047987288019113346 -0.012700650003930223 0.19730012565653457
decision_type=2 2 2 2 10 2 2 2 2 2 2 2 2 2 2 2 2 2 2 2 2 2 2 2 2 2 2 2 2 8
left_child=3 2 -2 -1 5 6 16 8 18 23 11 -7 -13 17 15 -10 19 -14 -8 24 -21 22 -17 -9 -3 29 27 -27 -28 -26
right_child=1 4 -4 -5 -6 10 7 9 14 -11 -12 12 13 -15 -16 21 -18 -19 -20 20 -22 -23 -24 -25 25 26 28 -29 -30 -31
leaf_value=0.00012062632852497752 -0.00017920534636350628 -1.7694994043584337e-05 2.8052944755322353e-06 0.00075161170529652258 0.00018527541931553113 5.3236603595449138e-05 -0.00010526869497863292 0.00035100349254726758 0.00018324359882696166 -0.00022177865198616637 -2.5228984395453881e-05 -0.00015835416628278638 -0.00057677721113678557 -0.00017460387887082698 9.6020862334864586e-05 -7.2005535556659268e-05 -0.0002216997909083356 7.2069296507319651e-05 -0.00023085316133245596 0.00037895481461674584 -0.0001084544865501074 -0.00015817183781521814 0.00024034952143310944 4.6989131791479551e-05 0.00011039326714602825 1.8820670876670745e-06 -0.00011587982021438273 -0.00017068518330214631 0.00017419305325818313 -0.00022951446642371036
leaf_weight=242 263 12144 259 185 805 8375 1947 310 186 129 4684 375 115 131 572 198 68 1142 567 68 938 691 124 442 2431 14076 450 628 964 151
leaf_count=242 263 12144 259 185 805 8375 1947 310 186 129 4684 375 115 131 572 198 68 1142 567 68 938 691 124 442 2431 14076 450 628 964 151
internal_value=-9.97018e-05 -0.00016672 -0.00689655 0.00825527 -0.000100074 -0.000177243 -0.000543361 -0.00331978 -0.00508168 0.00524972 0.000738767 0.00172618 -0.00219796 0.000360231 -0.0006917 -0.00339867 -9.39909e-05 0.00200875 -0.00817422 -5.18053e-05 -0.00492048 -0.00565153 0.0015528 0.00804521 0.00010699 0.000804813 0.000167515 -0.00030944 0.0051273 0.00478311
internal_weight=53660 53233 522 427 52711 51906 37084 5166 4285 881 14822 10138 1763 1388 1771 1199 31918 1257 2514 31850 1006 1013 322 752 30844 18700 16118 14704 1414 2582
internal_count=53660 53233 522 427 52711 51906 37084 5166 4285 881 14822 10138 1763 1388 1771 1199 31918 1257 2514 31850 1006 1013 322 752 30844 18700 16118 14704 1414 2582
is_linear=0
shrinkage=0.05


end of trees

feature_importances:
spy_ret_1d=214
sector_ret_1d=210
vix_level=202
spy_ret_20d=185
sector_ret_5d=184
spy_ret_5d=174
vix_chg_1d=142
atr_pct=70
dvol_z_20=54
parkinson_20=40
dist_ma200=37
dist_ma50=35
ret_1d=15
ret_5d=14
overnight_gap=8
ret_20d=3
dist_ma20=3

parameters:
[boosting: gbdt]
[objective: quantile]
[metric: quantile]
[tree_learner: serial]
[device_type: cpu]
[data_sample_strategy: bagging]
[data: ]
[valid: ]
[num_iterations: 120]
[learning_rate: 0.05]
[num_leaves: 31]
[num_threads: -1]
[seed: 0]
[deterministic: 0]
[force_col_wise: 1]
[force_row_wise: 0]
[histogram_pool_size: -1]
[max_depth: -1]
[min_data_in_leaf: 40]
[min_sum_hessian_in_leaf: 0.001]
[bagging_fraction: 0.85]
[pos_bagging_fraction: 1]
[neg_bagging_fraction: 1]
[bagging_freq: 1]
[bagging_seed: 3]
[bagging_by_query: 0]
[feature_fraction: 0.85]
[feature_fraction_bynode: 1]
[feature_fraction_seed: 2]
[extra_trees: 0]
[extra_seed: 6]
[early_stopping_round: 0]
[early_stopping_min_delta: 0]
[first_metric_only: 0]
[max_delta_step: 0]
[lambda_l1: 0]
[lambda_l2: 0]
[linear_lambda: 0]
[min_gain_to_split: 0]
[drop_rate: 0.1]
[max_drop: 50]
[skip_drop: 0.5]
[xgboost_dart_mode: 0]
[uniform_drop: 0]
[drop_seed: 4]
[top_rate: 0.2]
[other_rate: 0.1]
[min_data_per_group: 100]
[max_cat_threshold: 32]
[cat_l2: 10]
[cat_smooth: 10]
[max_cat_to_onehot: 4]
[top_k: 20]
[monotone_constraints: ]
[monotone_constraints_method: basic]
[monotone_penalty: 0]
[feature_contri: ]
[forcedsplits_filename: ]
[refit_decay_rate: 0.9]
[cegb_tradeoff: 1]
[cegb_penalty_split: 0]
[cegb_penalty_feature_lazy: ]
[cegb_penalty_feature_coupled: ]
[path_smooth: 0]
[interaction_constraints: ]
[verbosity: -1]
[saved_feature_importance_type: 0]
[use_quantized_grad: 0]
[num_grad_quant_bins: 4]
[quant_train_renew_leaf: 0]
[stochastic_rounding: 1]
[linear_tree: 0]
[max_bin: 255]
[max_bin_by_feature: ]
[min_data_in_bin: 3]
[bin_construct_sample_cnt: 200000]
[data_random_seed: 1]
[is_enable_sparse: 1]
[enable_bundle: 1]
[use_missing: 1]
[zero_as_missing: 0]
[feature_pre_filter: 1]
[pre_partition: 0]
[two_round: 0]
[header: 0]
[label_column: ]
[weight_column: ]
[group_column: ]
[ignore_column: ]
[categorical_feature: ]
[forcedbins_filename: ]
[precise_float_parser: 0]
[parser_config_file: ]
[objective_seed: 5]
[num_class: 1]
[is_unbalance: 0]
[scale_pos_weight: 1]
[sigmoid: 1]
[boost_from_average: 1]
[reg_sqrt: 0]
[alpha: 0.5]
[fair_c: 1]
[poisson_max_delta_step: 0.7]
[tweedie_variance_power: 1.5]
[lambdarank_truncation_level: 30]
[lambdarank_norm: 1]
[label_gain: ]
[lambdarank_position_bias_regularization: 0]
[eval_at: ]
[multi_error_top_k: 1]
[auc_mu_weights: ]
[num_machines: 1]
[local_listen_port: 12400]
[time_out: 120]
[machine_list_filename: ]
[machines: ]
[gpu_platform_id: -1]
[gpu_device_id: -1]
[gpu_device_id_list: ]
[gpu_use_dp: 0]
[num_gpu: 1]

end of parameters

pandas_categorical:[]
