tree
version=v4
num_class=1
num_tree_per_iteration=1
label_index=0
max_feature_idx=16
objective=quantile
feature_names=ret_1d ret_5d ret_20d overnight_gap atr_pct parkinson_20 dvol_z_20 dist_ma20 dist_ma50 dist_ma200 spy_ret_1d spy_ret_5d spy_ret_20d vix_level vix_chg_1d sector_ret_1d sector_ret_5d
feature_infos=[-0.29879720244424268:0.59186745592792978] [-0.30050282803698924:0.82352930451759709] [-0.3779388184325162:1.8593749658515071] [-0.24812031752494035:0.57756033013505337] [0.0085851150713365798:0.17755622177665645] [0.0055609433026195696:0.082832762802696136] [-2.9483600912428245:4.3494726850566288] [-0.29709931656882016:0.88193553564422] [-0.38115356969659275:1.1305109292409616] [-0.45055236968576295:2.5977048509042797] [-0.058542971330535654:0.10501930183911301] [-0.11496151859245618:0.082843162776128354] [-0.1226559005192206:0.15756591020035837] [11.859999656677246:52.330001831054688] [-0.35753873962348437:0.74039073966007019] [-0.062852571542473257:0.088816390052506744] [-0.11675896877857916:0.085294626879873769]
tree_sizes=2938 3009 3014 3040 3014 3048 3041 3023 3039 3054 3053 3068 3044 3052 3036 3054 3041 3053 3030 3028 3034 3053 3045 3044 3045 3051 3067 3047 3039 3023 3059 3063 3038 3055 3048 3055 3045 3043 3039 3061 3084 3053 3103 3050 3044 3051 3078 3069 3048 3031 3035 3022 3027 3072 3079 3073 3079 3038 3077 2997 3037 3088 3083 3082 3054 3014 3077 3090 3024

Tree=0
num_leaves=31
num_cat=0
split_feature=5 4 16 14 6 16 13 13 13 5 10 4 5 16 12 5 15 13 6 6 13 12 14 14 12 13 8 15 16 15
split_gain=92.1419 29.993 17.5356 14.5923 12.2558 9.81749 9.22887 17.1938 10.007 8.361 6.29302 4.93191 4.47794 4.2454 4.1692 3.44481 3.11983 3.22785 3.23656 2.72947 2.62675 4.30217 2.38546 2.37236 3.79297 2.3566 3.34273 2.17742 2.42242 2.94735
threshold=0.01564399842335638 0.041138402302188133 -0.052662510641875819 -0.19490876951167976 0.7561026338082083 -0.052662510641875819 30.345000267028812 28.970000267028812 24.630000114440922 0.012712437047929384 -0.015857538372193832 0.032774570490148966 0.033230167688603283 -0.02451884457008385 -0.042339723299349867 0.010999586668445248 -0.017588270772269262 23.965000152587894 0.2831268052606542 1.8796215281967066 12.00999975204468 0.050572968372656575 0.099742575354610077 0.15436855290822041 -0.026837542037430936 22.429999351501468 0.060296744927139219 -0.014149651100142878 -0.028478835519166409 -0.015091236731875844
decision_type=2 2 2 2 2 2 2 2 2 2 2 2 2 2 2 2 2 2 2 2 2 2 2 2 2 2 8 2 2 2
left_child=2 5 -1 -3 9 10 7 8 12 20 -2 19 16 -14 -9 -6 -5 18 -18 -7 21 -4 -20 -17 -25 -22 -27 28 -11 -30
right_child=1 3 4 6 15 11 -8 14 -10 27 -12 -13 13 -15 -16 23 17 -19 22 -21 25 -23 -24 24 -26 26 -28 -29 29 -31
leaf_value=-0.020810152701064916 -0.021046586376124665 -0.02072231960351522 -0.018608260572046113 -0.02004225292880701 -0.018167334605918392 -0.018359841504010165 -0.018132176018353749 -0.020767975142503465 -0.018221090912984489 -0.017966374973273917 -0.018593098650961919 -0.018616637289490805 -0.020406096780618381 -0.019835862074414758 -0.018762691929663358 -0.01836632119681952 -0.018770834862743873 -0.019822608802626068 -0.019696285742154096 -0.018722884720355448 -0.018026138977265377 -0.017871913539234858 -0.017956510957178849 -0.019223582900864088 -0.018574968985792011 -0.018140186658525743 -0.018814380242954051 -0.01817956125747321 -0.018442323925952506 -0.018944624939548124
leaf_weight=55 65 63 79 88 2791 9578 405 63 431 162 67 4525 53 899 59 4458 1193 52 462 665 18621 69 42 55 144 349 88 10738 384 67
leaf_count=55 65 63 79 88 2791 9578 405 63 431 162 67 4525 53 899 59 4458 1193 52 462 665 18621 69 42 55 144 349 88 10738 384 67
internal_value=-0.0182959 -0.0211689 -0.0168835 -0.0251278 -0.0168427 -0.0201566 -0.0247265 -0.0255904 -0.0248923 -0.0163994 -0.0337319 -0.0200352 -0.025988 -0.0287711 -0.0440151 -0.0186614 -0.0245457 -0.0240835 -0.0237075 -0.0194279 -0.0157636 -0.022399 -0.0270671 -0.0194938 -0.0248352 -0.015712 -0.0193414 -0.0174752 -0.0203736 -0.0222574
internal_weight=56770 18710 38060 3810 38005 14900 3747 3342 3220 30557 132 14768 2789 952 122 7448 1837 1749 1697 10243 19206 148 504 4657 199 19058 437 11351 613 451
internal_count=56770 18710 38060 3810 38005 14900 3747 3342 3220 30557 132 14768 2789 952 122 7448 1837 1749 1697 10243 19206 148 504 4657 199 19058 437 11351 613 451
is_linear=0
shrinkage=1


Tree=1
num_leaves=31
num_cat=0
split_feature=5 4 16 4 14 16 13 13 13 0 16 13 11 11 5 13 13 12 10 12 5 14 10 4 13 16 14 16 10 16
split_gain=80.3396 21.1049 12.9795 10.7439 9.14418 7.754 7.41862 13.3915 7.35652 6.30782 5.50076 6.09862 4.70024 4.86301 5.05857 4.11929 10.0823 15.0295 4.32015 3.36603 3.00102 3.02509 3.3939 2.7015 2.62671 2.5797 2.46487 2.44095 2.34131 5.46397
threshold=0.01564399842335638 0.041138402302188133 -0.052662510641875819 0.019311836999251337 -0.19490876951167976 -0.052662510641875819 30.345000267028812 28.970000267028812 24.630000114440922 -0.01513380705589795 -0.02451884457008385 23.604999542236332 0.037714619913018062 0.036250382984596159 0.018410463902410017 22.330000877380375 23.770000457763675 -0.036045899235514094 -0.018534133998249432 -0.042339723299349867 0.042840999863036681 -0.11544121967691799 0.010706298080283895 0.030244696807514824 23.529999732971195 0.051970924172370377 0.15797637088179853 -0.028478835519166409 -0.0032352755768272896 -0.035810374474839805
decision_type=2 2 2 2 2 2 2 2 2 2 2 2 2 2 2 2 2 2 2 2 2 2 2 2 2 2 2 2 2 2
left_child=2 5 -1 -4 -3 9 7 8 10 -2 11 27 13 14 -7 -5 17 -17 -18 -9 21 -12 -23 -16 26 -14 -19 -6 -25 -30
right_child=1 4 3 15 6 12 -8 19 -10 -11 20 -13 25 -15 23 16 18 24 -20 -21 -22 22 -24 28 -26 -27 -28 -29 29 -31
leaf_value=-0.0024280615192638988 -0.0025281395740810232 -0.00162482437802676 0.00022187279278235823 6.7953050290499404e-05 -0.00016032255272472887 -8.974216315760873e-05 0.00017489387909970164 -0.001662363448790693 1.6327349511501001e-05 0.00021479453387529234 0.00025935119208206169 -0.0021689625319538833 0.00038582965670882867 -0.0013903009605919249 -0.00010533757456015221 -0.00085478555174630505 -0.00078151779656652023 0.00033369365951357508 0.000189922377106585 -0.00052858684063131287 -0.002060440086731953 -0.00084365650507394743 -0.0012233919438328783 -0.0002204247046667076 -0.00079142927776087502 -0.00022584680684207566 -0.00044269653693076452 -0.0014189644456425719 -0.0012441383003198834 -0.0003824631413055586
leaf_weight=56 89 59 19502 17045 62 7471 407 63 425 40 107 50 643 66 1526 159 75 234 792 60 303 1977 169 1436 53 314 45 75 82 3259
leaf_count=56 89 59 19502 17045 62 7471 407 63 425 40 107 50 643 66 1526 159 75 234 792 60 303 1977 169 1436 53 314 45 75 82 3259
internal_value=5.41983e-05 -0.00262993 0.00137523 0.00141076 -0.0059795 -0.00178681 -0.00566793 -0.00645548 -0.00582702 -0.0139922 -0.00677543 -0.0150535 -0.00168041 -0.00191474 -0.00184986 0.000544205 -0.00210604 -0.00783096 0.0011361 -0.0226423 -0.0061698 -0.0055415 -0.00595061 -0.00289307 -0.00177711 0.00170846 0.000161291 -0.00959854 -0.00347812 -0.00420383
internal_weight=56644 18683 37961 37905 3757 14926 3698 3291 3168 129 2743 187 14797 13840 13774 18403 1358 491 867 123 2556 2253 2146 6303 332 957 279 137 4777 3341
internal_count=56644 18683 37961 37905 3757 14926 3698 3291 3168 129 2743 187 14797 13840 13774 18403 1358 491 867 123 2556 2253 2146 6303 332 957 279 137 4777 3341
is_linear=0
shrinkage=0.05


Tree=2
num_leaves=31
num_cat=0
split_feature=5 4 6 13 12 0 11 4 13 13 13 6 16 13 5 11 4 16 13 11 11 12 12 16 3 8 16 16 12 16
split_gain=79.0032 21.4966 10.9681 7.09987 8.33333 6.87571 10.8846 6.81803 6.5071 9.29803 7.7819 5.16224 4.48666 5.07884 4.3939 4.05682 4.68171 3.22498 2.99535 3.86174 2.82165 4.29145 11.1608 8.53944 5.24313 4.1039 3.07107 2.81324 3.72227 7.5099
threshold=0.01564399842335638 0.042750171877138858 0.23106197086409555 27.855000495910648 -0.067575688865902969 0.081283378341888271 -0.022024026906729662 0.019833202752448903 30.345000267028812 28.970000267028812 24.630000114440922 1.1138871629347566 -0.02451884457008385 23.604999542236332 0.010999586668445248 0.037714619913018062 0.034114267721400554 -0.052662510641875819 12.00999975204468 0.015296127885016332 -0.022672211523631577 -0.029235256213089252 -0.031853189963288557 0.002805310396269634 -0.0013791173450407033 0.085264077321151613 -0.032531637882484192 -0.02223276615720032 -0.029235256213089252 0.012185208266253579
decision_type=2 2 2 2 2 2 2 2 2 2 2 2 2 2 2 2 2 2 2 2 2 2 2 2 2 8 2 2 2 2
left_child=2 11 7 14 -5 8 -7 18 9 10 12 15 13 -3 -4 16 17 -2 19 -1 -19 22 25 24 -24 -22 -23 -14 29 -29
right_child=1 5 3 4 -6 6 -8 -9 -10 -11 -12 -13 27 -15 -16 -17 -18 20 -20 -21 21 26 23 -25 -26 -27 -28 28 -30 -31
leaf_value=-0.00031590004630918309 -0.0017325481554875133 -0.0011191946552089871 0.00014736461284558627 0.00010632004518844798 -0.0020736912798970152 -0.0023775592827486617 -0.00049597098346159719 9.280488360188765e-05 0.00016123803792903095 -0.00091416521236725246 6.1745595899217326e-05 -0.00049688627559386336 0.00015561833971648002 -0.0022081272817264176 -5.1359953194787194e-05 0.00020586419657551037 -0.00034824642256874792 0.00020430192965528883 0.00025124567134105039 0.00031205810385370931 -7.9086153170474535e-05 -0.00063230784878855932 -0.0040410292542585593 -9.5565900928581775e-05 -0.00064032698781050308 -0.00080458307604480825 -8.5990611658033449e-05 -0.002240037780570847 -0.0009395501691615688 -0.00031578592881455485
leaf_weight=70 43 116 4568 54 54 41 67 11025 366 97 389 1937 102 45 7551 947 3163 755 14553 63 660 66 44 66 43 47 7644 150 1874 92
leaf_count=70 43 116 4568 54 54 41 67 11025 366 97 389 1937 102 45 7551 947 3163 755 14553 63 660 66 44 66 43 47 7644 150 1874 92
internal_value=9.10183e-05 -0.00256372 0.00140334 0.000170524 -0.0125926 -0.00620096 -0.0186111 0.00198962 -0.00578613 -0.00658813 -0.00605491 -0.00177587 -0.00712694 -0.0151863 0.000284265 -0.001429 -0.00166746 -0.00110589 0.00269508 -0.00477444 -0.0010429 -0.00130105 -0.00465116 -0.0168954 -0.0271839 -0.00200141 -0.000927367 -0.00654193 -0.00693289 -0.0127686
internal_weight=56692 18754 37938 12227 108 3339 108 25711 3231 2865 2768 15415 2379 161 12119 13478 12531 9368 14686 133 9325 8570 860 153 87 707 7710 2218 2116 242
internal_count=56692 18754 37938 12227 108 3339 108 25711 3231 2865 2768 15415 2379 161 12119 13478 12531 9368 14686 133 9325 8570 860 153 87 707 7710 2218 2116 242
is_linear=0
shrinkage=0.05


Tree=3
num_leaves=31
num_cat=0
split_feature=13 10 13 11 12 14 12 13 9 14 11 10 9 6 16 10 12 8 14 1 11 11 2 2 9 13 14 11 11 14
split_gain=19.9426 17.4673 15.8861 17.744 18.2526 15.7383 20.3611 32.8421 12.2991 12.1832 18.9502 14.8242 10.6775 10.0948 9.79284 8.37547 7.44881 6.46102 6.41802 11.0869 6.12186 20.3389 5.73922 4.88788 4.7238 4.52825 4.9922 4.57471 25.0353 12.1304
threshold=21.134999275207523 0.031057656448531649 21.555000305175785 -0.011576467999656779 0.044338323238630302 0.17323568959812755 -0.0078641653034789965 38.065000534057624 0.34656952164502369 -0.027977831131809735 0.011742947758078383 0.020281918733708996 0.3772997489085706 0.65338088581494402 -0.00051258467213810544 -0.029463592833469218 -0.0080789703777397453 -0.077991164631026164 -0.028247300750300127 -0.036646054536410171 -0.0019709579600085676 -0.0018136184139459497 -0.1500759854777752 -0.04563633120567278 0.13229722400746527 14.465000152587892 -0.083456210331023115 0.0023967132721236521 0.0035059532242039952 -0.041747258744347641
decision_type=2 2 2 2 2 2 2 2 10 2 2 2 8 2 2 2 2 10 2 2 2 2 2 2 10 2 2 2 2 2
left_child=8 2 3 -2 16 9 7 15 13 10 11 12 14 17 18 -7 -5 20 22 -20 -1 -22 -4 -17 -18 -19 -27 -28 29 -29
right_child=1 -3 5 4 -6 6 -8 -9 -10 -11 -12 -13 -14 -15 -16 23 24 25 19 -21 21 -23 -24 -25 -26 26 27 28 -30 -31
leaf_value=0.00017939927190936125 -1.1120152661803109e-05 -0.0017383287148589833 -0.0014448237699767558 -0.0040532484449880227 0.00084851499586591033 -0.0033374932166773267 0.0001958691112220432 0.00012515644453108386 -0.00050013692031738825 0.00014295023372260006 0.00045791882956610838 0.00054794326456413542 -0.0018269322939594519 -0.00010245810689414576 -0.0011564319252967898 -0.0014258732535509476 -0.00064578316706738264 0.00018497039076108174 -0.0016291043041254652 -0.00036626416371681847 -0.0013216309868954222 -0.00018728117363332243 -0.00021799215190282484 -0.00090753297915644761 -0.0011912313585878825 0.00035385521856083326 0.00013973462687533227 0.00026439649437902082 5.0468840945898033e-05 -0.00066984782204953792
leaf_weight=1315 274 75 72 68 72 74 338 200 1922 3681 681 285 166 9815 135 61 137 10521 42 90 56 2048 851 156 65 1910 9014 179 11673 725
leaf_count=1315 274 75 72 68 72 74 338 200 1922 3681 681 285 166 9815 135 61 137 10521 42 90 56 2048 851 156 65 1910 9014 179 11673 725
internal_value=7.32793e-05 -0.00232421 -0.00208244 -0.00977273 -0.0173684 -0.00138905 -0.0078468 -0.0143483 0.000440034 -0.000497251 -0.00333333 -0.00624314 -0.00842183 0.000599501 -0.00676471 -0.0250687 -0.0233333 0.000973665 -0.00514218 -0.0154545 -0.00109827 -0.00277091 -0.00366739 -0.0201152 -0.0185149 0.00118188 0.000795924 0.000579177 -3.69721e-05 -0.0080531
internal_weight=56701 7523 7448 616 342 6832 829 491 49178 6003 2322 1641 1356 47256 1190 291 270 37441 1055 132 3419 2104 923 217 202 34022 23501 21591 12577 904
internal_count=56701 7523 7448 616 342 6832 829 491 49178 6003 2322 1641 1356 47256 1190 291 270 37441 1055 132 3419 2104 923 217 202 34022 23501 21591 12577 904
is_linear=0
shrinkage=0.05


Tree=4
num_leaves=31
num_cat=0
split_feature=4 4 15 13 13 5 15 16 13 13 13 13 13 6 5 16 16 13 15 13 1 15 15 13 14 15 13 6 6 5
split_gain=67.68 17.6429 17.8588 11.8614 8.54299 7.58028 7.12608 5.90369 5.84712 5.85016 5.21482 4.98909 4.46783 4.19406 4.01816 3.88158 4.87595 4.73964 3.82688 4.5708 3.46764 3.29074 9.25491 3.19247 3.18396 2.88727 3.77437 2.60665 2.46443 2.33371
threshold=0.024480083916842279 0.042750171877138858 0.063989335118972104 27.855000495910648 30.345000267028812 0.011146213331005744 -0.021715662476849636 -0.052662510641875819 30.345000267028812 28.970000267028812 25.960000038146976 24.630000114440922 23.265000343322757 0.018617105976203838 0.018410463902410017 0.002961643708621065 0.00065190084926847202 21.664999961853031 0.0062516135765524625 15.25500011444092 -0.036646054536410171 -0.0088666457968040718 -0.0091754288420822765 20.714999198913578 0.00619378828642947 -0.017588270772269262 20.060000419616703 0.42588224680239106 0.99326372461205537 0.025835152292221362
decision_type=2 2 2 2 2 2 2 2 2 2 2 2 2 2 2 2 2 2 2 2 2 2 2 2 2 2 2 2 2 2
left_child=3 6 8 5 -5 21 7 -2 9 11 12 25 23 -7 27 16 -16 -17 19 -18 -14 22 -1 -9 -21 26 -3 -8 -23 -27
right_child=1 2 -4 4 -6 13 14 10 -10 -11 -12 -13 20 -15 15 17 18 -19 -20 24 -22 28 -24 -25 -26 29 -28 -29 -30 -31
leaf_value=9.0004804677979008e-05 -0.0025002725367909298 -0.0020315156040005781 -0.0021685199687054512 -0.0018518340183459132 3.6769566998555325e-05 0.00012706776067567042 -2.2757340291748982e-05 -0.00047742797883306765 0.00023830447706357159 -0.00080493519773517481 1.446896421871421e-05 -2.0284769135255157e-05 -0.0010207109937196979 -6.902251075619013e-06 -0.00031029062520525954 -0.00022218634541960013 2.8276393209157741e-06 0.00026710065060376887 -9.8264916814073356e-05 -0.00088913366157858701 -0.00034500581661724053 0.00024560963104972315 -0.0010201173333270724 0.00035023822365165742 -0.00089830390279386119 -0.00028060909198746281 -0.00066189643403596508 -0.00021589306417381447 8.7262002021243178e-05 -0.0010794632284044333
leaf_weight=1489 75 42 42 65 54 12719 7601 82 380 108 195 409 44 7626 2813 3071 57 681 100 77 40 11197 50 64 107 373 61 2945 2023 1956
leaf_count=1489 75 42 42 65 54 12719 7601 82 380 108 195 409 44 7626 2813 3071 57 681 100 77 40 11197 50 64 107 373 61 2945 2023 1956
internal_value=8.54174e-05 -0.00213783 -0.00545684 0.00143131 -0.0143277 0.00148473 -0.00151459 -0.0074 -0.00504806 -0.00580027 -0.00511765 -0.00536607 -0.0102174 0.000858934 -0.00134598 -0.00228352 -0.00357641 -0.00119669 -0.00922287 -0.0126349 -0.0194048 0.00234738 0.000159194 -0.00493151 -0.0164674 -0.00622533 -0.0144175 -0.000732031 0.00260212 -0.00586303
internal_weight=56546 21323 3371 35223 119 35104 17952 500 3329 2949 425 2841 230 20345 17452 6906 3154 3752 341 241 84 14759 1539 146 184 2432 103 10546 13220 2329
internal_count=56546 21323 3371 35223 119 35104 17952 500 3329 2949 425 2841 230 20345 17452 6906 3154 3752 341 241 84 14759 1539 146 184 2432 103 10546 13220 2329
is_linear=0
shrinkage=0.05


Tree=5
num_leaves=31
num_cat=0
split_feature=5 4 5 15 16 16 6 3 6 15 15 15 11 9 16 11 4 10 11 10 11 3 11 16 7 15 15 10 11 9
split_gain=56.5215 13.6579 9.33014 7.4546 6.84442 6.16823 5.31984 4.48307 4.35166 4.206 10.0462 3.89695 3.86071 4.1259 5.60725 4.08237 3.75694 3.50911 5.24691 3.31397 3.30208 3.47625 3.23567 3.50103 3.02634 2.69298 2.55733 10.768 2.72545 3.51443
threshold=0.015967742196231156 0.046908601621937621 0.011146213331005744 0.028811516929134199 -0.052662510641875819 -0.052662510641875819 0.23106197086409555 0.0013592090951657367 1.1138871629347566 -0.0088666457968040718 -0.0091754288420822765 0.01738825686852297 0.024405077895535147 0.5066564874867252 0.03550393863668045 -0.022672211523631577 0.030244696807514824 0.00048355916176134889 -0.026323618530511902 -0.0066340953484539935 0.012210489302713847 -0.0069012698796473418 -0.028866673855592325 0.012766108670365208 0.051591474400640387 -0.005688587334379768 -0.014149651100142878 -0.0030883094408752916 -0.022672211523631577 0.41254812322596507
decision_type=2 2 2 2 2 2 2 2 2 2 2 2 2 8 2 2 2 2 2 2 2 2 2 2 2 2 2 2 2 8
left_child=2 4 9 11 7 -4 26 -2 12 10 -1 19 15 -14 -15 17 -17 -6 -19 -3 21 25 -23 -24 -25 -21 27 28 -7 -30
right_child=1 3 5 -5 8 6 -8 -9 -10 -11 -12 -13 13 14 -16 16 -18 18 -20 20 -22 22 23 24 -26 -27 -28 -29 29 -31
leaf_value=4.6695807533955015e-05 -0.001954760750244726 -0.00052641072829964677 -0.0017723824862609901 -0.0017162038251494164 0.00037334228310334397 0.00030924690877392542 -4.8461782742872569e-05 0.003046156377941854 -0.00042264757422070674 0.00021887191851896476 -0.00082578917908170525 0.00038355641521594633 0.00015100787639190624 -6.373963292294445e-05 -0.0015355026988527988 -9.2061291441434095e-05 -0.00031453941986619516 -0.00045691398003736824 0.00044164375612562329 -0.0023219798891831291 -0.00060043112634274596 -0.0019335971132634279 -0.00081584465777434717 -0.0013298752776283638 -0.00041644606351587296 -0.0019639827250057746 0.00011339866884769544 -0.00072498536195239301 -4.2274067451583585e-06 -0.00049996283994273175
leaf_weight=1517 119 538 62 48 824 275 7560 40 1847 13251 49 161 1848 202 66 4661 5248 162 144 48 615 58 618 68 41 235 15802 44 360 111
leaf_count=1517 119 538 62 48 824 275 7560 40 1847 13251 49 161 1848 202 66 4661 5248 162 144 48 615 58 618 68 41 235 15802 44 360 111
internal_value=0.000133517 -0.0022196 0.00119405 -0.00569959 -0.00166183 0.000589329 0.000629762 -0.0119811 -0.00155246 0.00218229 -0.000268199 -0.00530646 -0.00123337 0.000723063 -0.00507463 -0.00160839 -0.00193309 0.00123894 -0.00333333 -0.00585097 -0.00694296 -0.0086236 -0.00691083 -0.00600413 -0.0142661 -0.0133746 0.00113067 -0.00164557 -0.000227882 -0.00253715
internal_weight=56622 17591 39031 2430 15161 24214 24152 159 15002 14817 1566 2382 13155 2116 268 11039 9909 1130 306 2221 1683 1068 785 727 109 283 16592 790 746 471
internal_count=56622 17591 39031 2430 15161 24214 24152 159 15002 14817 1566 2382 13155 2116 268 11039 9909 1130 306 2221 1683 1068 785 727 109 283 16592 790 746 471
is_linear=0
shrinkage=0.05


Tree=6
num_leaves=31
num_cat=0
split_feature=4 4 10 13 12 6 13 4 10 13 15 13 14 14 9 13 14 13 14 11 16 13 10 11 10 15 14 14 11 15
split_gain=49.1329 13.9881 10.847 8.41467 9.3195 6.58659 5.21003 4.45032 4.23456 8.3503 3.42092 4.06349 3.36369 6.45817 6.59609 5.2567 3.47133 3.06953 4.18661 3.07992 4.48453 16.0672 8.88548 2.70618 3.05656 2.66931 2.64982 2.69364 7.83579 4.87811
threshold=0.024480083916842279 0.040419519513117334 0.031057656448531649 27.855000495910648 -0.067575688865902969 -0.0095723138890852402 24.385000228881839 0.019311836999251337 -0.029463592833469218 39.645000457763679 -0.017588270772269262 18.82499980926514 -0.12096344977185801 -0.098691693357393515 0.22802210250893531 21.134999275207523 -0.10344834121785244 14.614999771118166 -0.093449770795740669 -0.020171834808393903 -0.017857064759930704 16.345000267028812 0.016487844784899178 -0.029337474403061222 0.00048355916176134889 -0.0088666457968040718 -0.075454415356713087 -0.054805799949304061 -0.0065367397500866167 0.021499022875503985
decision_type=2 2 2 2 2 2 2 2 2 2 2 2 2 2 8 2 2 2 2 2 2 2 2 2 2 2 2 2 2 2
left_child=3 8 6 5 -5 7 10 25 9 -2 11 -3 -10 14 16 -16 -14 18 -7 -19 21 -21 -23 24 -12 -1 -15 28 -28 -29
right_child=1 2 -4 4 -6 17 -8 -9 12 -11 23 -13 13 26 15 -17 -18 19 -20 20 -22 22 -24 -25 -26 -27 27 29 -30 -31
leaf_value=6.8951974381294629e-06 -0.0021060796131888173 -0.0019262554118832697 -0.0014831031950672492 0.00021904556577967383 -0.0017544789292581382 -0.00034131106142039558 -0.00013162101223342579 9.6298632972217519e-05 0.00018805666789320391 0.00029409474560470206 -0.00054031942529542251 -0.00048915410798028335 0.00034853601211399268 0.00024492286779218112 -0.00012214842656264725 -0.00072280578595687421 -0.00045038848780954815 0.00030805248143891246 0.00017131878991361006 -0.0013551881991925455 -1.3823993878871674e-06 -4.8157357433936442e-06 -0.0011602680518946426 -0.0007151977044817159 -0.0017706407802278953 0.00023399545849375975 -0.00093271732045032557 -9.3296348302935209e-05 -9.1944231118609669e-05 -0.0014505731996702379
leaf_weight=1004 50 42 44 54 63 71 1024 9145 839 60 46 84 174 736 57 122 118 1230 4559 63 7559 553 44 2735 51 10869 256 13825 1053 59
leaf_count=1004 50 42 44 54 63 71 1024 9145 839 60 46 84 174 736 57 122 118 1230 4559 63 7559 553 44 2735 51 10869 256 13825 1053 59
internal_value=0.000144816 -0.0017462 -0.00440139 0.00129267 -0.012094 0.00133729 -0.00412858 0.0018979 -0.00113004 -0.0109091 -0.0051927 -0.013254 -0.00106764 -0.00122561 -0.00699575 -0.0145531 -0.00236301 0.000500391 0.00155508 -1.64037e-05 -0.000365616 -0.00431818 -0.00178392 -0.00483404 -0.0130412 0.00253643 -0.00105499 -0.00119693 -0.00336516 -0.000992509
internal_weight=56589 21375 4026 35214 117 35097 3982 21018 17349 110 2958 126 17239 16400 471 179 292 14079 4630 9449 8219 660 597 2832 97 11873 15929 15193 1309 13884
internal_count=56589 21375 4026 35214 117 35097 3982 21018 17349 110 2958 126 17239 16400 471 179 292 14079 4630 9449 8219 660 597 2832 97 11873 15929 15193 1309 13884
is_linear=0
shrinkage=0.05


Tree=7
num_leaves=31
num_cat=0
split_feature=4 4 15 15 15 10 4 11 5 10 12 12 12 12 14 14 15 12 11 1 3 2 10 14 14 4 3 12 10 10
split_gain=45.1954 14.6468 12.6958 6.23306 12.1201 16.051 5.49845 5.25535 5.64912 4.02434 15.4247 4.34979 3.56691 2.76915 5.14947 10.6644 5.74746 3.43354 3.20062 3.15315 2.78878 3.67433 2.74308 2.50606 2.49938 3.13708 2.45 2.43678 5.50731 4.98451
threshold=0.024480083916842279 0.033819411177076535 0.063989335118972104 -0.0088666457968040718 -0.0091754288420822765 -0.0042544467454991288 0.018583786971366003 0.030023740679380188 0.028270228761864011 -0.017312000709356064 -0.0075921435528307204 0.0090147692043446321 -0.075828258528587975 0.039911673723807446 0.0071322940265206034 0.014555585659076444 -0.017588270772269262 0.028151180192127593 -0.0021561208113907156 0.00034290092245692355 -0.0011208572426491534 0.022500626983617548 -0.029463592833469218 -0.12096344977185801 0.17323568959812755 0.02115388308393432 0.00096078703919566532 -0.049048436065559579 0.010706298080283895 0.0014013847331743048
decision_type=2 2 2 2 2 2 2 2 2 2 2 2 2 2 2 2 2 2 2 2 2 2 2 2 2 2 2 2 2 2
left_child=3 22 7 4 9 -6 -5 8 23 10 24 -11 -10 14 -13 -16 19 -18 -19 -17 21 -20 -2 -3 26 -26 -1 28 29 -14
right_child=1 2 -4 6 5 -7 -8 -9 12 11 -12 13 27 -15 15 16 17 18 20 -21 -22 -23 -24 -25 25 -27 -28 -29 -30 -31
leaf_value=0.00010183915873820333 -0.0017926508144147056 0.00015035526474644972 -0.0016146846260210034 0.00019724190050510938 -0.00017401976814607212 -0.0011732555911298992 7.7405858384926746e-05 8.5328468976375482e-06 0.00033747065310567147 0.00024615474485381014 0.00030636312603674179 0.00036232722905209496 -0.0013821172698841181 0.00022600742342966979 -0.0005801392375343415 -0.00075715367193469733 5.9371940031237283e-05 0.00024737330481927844 -0.0001694063621607597 -0.0002107483484982348 -0.00031121060689908011 -0.00088263375048024074 -6.1859000532397997e-05 -0.00033986221681807399 -0.0013438375763358086 -0.000587904548608356 -0.00097450635570931225 -0.00096117008113161771 0.0015827552617242282 -0.0018277245233852173
leaf_weight=40 71 228 61 15458 103 57 15715 1019 141 1495 315 256 107 474 50 56 752 102 40 41 117 58 13733 4110 65 68 40 1776 46 63
leaf_count=40 71 228 61 15458 103 57 15715 1019 141 1495 315 256 107 474 50 56 752 102 40 41 117 58 13733 4110 65 68 40 1776 46 63
internal_value=0.000156821 -0.00165886 -0.00342935 0.00125517 -0.000570356 -0.0140625 0.00149697 -0.00324433 -0.0037699 -2.64548e-05 -0.00409091 0.00059721 -0.0058767 -0.000960945 -0.00203125 -0.00338816 -0.00241852 -0.00136108 -0.00572555 -0.0140722 -0.00918605 -0.0154082 -0.000690379 -0.00273398 -0.0144836 -0.0186842 -0.0075 -0.00642068 -0.0114352 -0.0155882
internal_weight=56657 21355 7551 35302 4129 160 31173 7490 6471 3969 528 3441 2133 1946 1472 1216 1166 1069 317 97 215 98 13804 4338 213 133 80 1992 216 170
internal_count=56657 21355 7551 35302 4129 160 31173 7490 6471 3969 528 3441 2133 1946 1472 1216 1166 1069 317 97 215 98 13804 4338 213 133 80 1992 216 170
is_linear=0
shrinkage=0.05


Tree=8
num_leaves=31
num_cat=0
split_feature=4 4 15 4 11 15 15 14 12 15 13 13 10 1 13 15 13 13 11 10 4 11 11 14 14 9 14 13 15 3
split_gain=40.4906 10.609 7.42429 6.32835 4.38342 4.11364 9.68083 3.84742 7.50536 3.84082 3.29281 6.68294 6.98323 4.9485 3.97243 3.26435 3.77164 3.20744 5.84792 5.99507 3.10576 2.88846 3.08395 2.71322 5.79903 4.2283 3.6513 2.69457 4.42697 3.16241
threshold=0.024480083916842279 0.033819411177076535 0.063989335118972104 0.019771384231196218 0.030023740679380188 -0.0088666457968040718 -0.0091754288420822765 0.17323568959812755 -0.013469657386432075 0.017140802593090369 31.844999313354496 28.970000267028812 -0.013327781970057238 -0.020959402316599925 25.505000114440922 -0.00023410918914362752 12.00999975204468 23.604999542236332 -0.0046605922573709204 -0.0056282677308486786 0.048384361610836861 0.037714619913018062 0.036250382984596159 -0.12096344977185801 -0.098691693357393515 0.32474511945614587 -0.10816573528732347 21.134999275207523 0.0092286536313063178 -0.0012521617982428344
decision_type=2 2 2 2 2 2 2 2 2 2 2 2 2 2 2 2 2 2 2 2 2 2 2 2 2 8 2 2 2 2
left_child=3 21 4 5 9 6 -1 -5 -9 10 11 14 -13 -14 17 -7 -17 20 19 -19 -3 22 23 -2 25 26 -25 -18 -29 -30
right_child=1 2 -4 7 -6 15 -8 8 -10 -11 -12 12 13 -15 -16 16 27 18 -20 -21 -22 -23 -24 24 -26 -27 -28 28 29 -31
leaf_value=4.2953243053948618e-05 0.00023255808566852892 -0.00033206941286391162 -0.0013986323326306931 4.5687115102963759e-05 1.1466735627214173e-05 0.0002484724333131497 -0.00064122126211487536 -0.00074070734118456059 7.0805674025029757e-05 0.00025608018762589697 0.00031658707849703169 -0.0030523250501429638 0.00078896615672024778 -0.00035399281959305875 0.00015154515473927841 -0.00030353156332026885 0.00015166513496747469 -0.00026523785686019801 7.5424571957899989e-05 -0.0015318168727239841 -0.0010394273498542425 0.00026761009746027292 -0.0013583074271897914 0.00040166617688155645 -7.7540886514221454e-05 -0.00046774828316042684 -0.00043837862636199928 9.8001705253990406e-05 -0.0018927487578560777 -0.00025062717134418451
leaf_weight=2169 534 3582 58 13764 1027 7310 70 97 208 290 338 47 53 68 403 86 11338 98 133 190 1311 721 66 96 12193 120 116 217 40 63
leaf_count=2169 534 3582 58 13764 1027 7310 70 97 208 290 338 47 53 68 403 86 11338 98 133 190 1311 721 66 96 12193 120 116 217 40 63
internal_value=0.000173925 -0.00154029 -0.00304159 0.00121345 -0.00290451 0.00175715 -0.00027021 0.000390575 -0.00516393 -0.00338323 -0.00364535 -0.00392099 -0.01375 -0.00739669 -0.00363215 0.00199538 0.00147905 -0.00399511 -0.0081829 -0.0121875 -0.00363478 -0.000716452 -0.000885714 -0.000831227 -0.00098004 -0.0075 -0.00325472 0.00155601 -0.00296875 -0.0115049
internal_weight=56806 21444 7598 35362 7540 21293 2239 14069 305 6513 6223 5885 168 121 5717 19054 11744 5314 421 288 4893 13846 13125 13059 12525 332 212 11658 320 103
internal_count=56806 21444 7598 35362 7540 21293 2239 14069 305 6513 6223 5885 168 121 5717 19054 11744 5314 421 288 4893 13846 13125 13059 12525 332 212 11658 320 103
is_linear=0
shrinkage=0.05


Tree=9
num_leaves=31
num_cat=0
split_feature=5 4 16 6 15 12 12 15 11 5 13 11 11 12 11 4 10 11 16 14 12 13 10 13 11 16 12 11 11 14
split_gain=38.732 11.1399 7.83005 6.99474 6.74356 4.36819 5.25377 15.1365 3.86218 4.1458 3.76329 3.72255 5.76903 12.3567 5.30027 3.82511 3.60188 3.3102 2.95655 2.79819 2.73756 2.71154 2.7091 4.18133 2.80632 3.77483 6.22107 4.02226 5.95872 2.95271
threshold=0.014728635586100396 0.033819411177076535 -0.052662510641875819 1.0502424288922307 0.063989335118972104 0.027544134222988518 0.027224927035168659 -0.0065110960463800041 0.030023740679380188 0.032107773739781041 12.119999885559084 0.00023769852102906167 -0.0021561208113907156 0.031537858350708665 -0.00050215269203263125 0.017117696988829732 -0.00335015606772554 0.023193318891049478 0.037850409687187121 -0.12096344977185801 -0.075828258528587975 20.335000038146976 -0.023232598164511228 33.719999313354499 -0.022672211523631577 -0.025601242557224176 -0.038043904409190692 -0.012951361499321188 -0.0099347791487244246 -0.021590127132527389
decision_type=2 2 2 2 2 2 2 2 2 2 2 2 2 2 2 2 2 2 2 2 2 2 2 2 2 2 2 2 2 2
left_child=2 17 -1 5 8 6 10 -8 9 19 -4 12 -7 15 -15 -14 -16 18 22 -3 -11 -20 23 -2 -24 26 -26 -28 -29 -27
right_child=1 4 3 -5 -6 11 7 -9 -10 20 -12 -13 13 14 16 -17 -18 -19 21 -21 -22 -23 24 -25 25 29 27 28 -30 -31
leaf_value=-0.0019863976108608103 -0.0012461792108576994 0.00016062491995832431 -0.00043031012032693011 -5.9825141325724402e-05 -0.0013287007159991586 0.00020578028958508727 -0.0010793671018910246 -3.3941618887238772e-05 -2.2776146471352075e-06 0.00034324821196930928 0.00010044132814316026 0.00023458585584026104 -0.0002893623569817915 0.00020481733428734676 0.00013255550850648908 -0.00078166691052969416 -0.00034649259520503186 0.00010815370393628339 -0.0012349897871409166 -0.00034764738300098555 -0.001198767238135112 -2.7054771568315382e-05 0.00016787157425171426 0.00031616746057436143 -0.00071013258435935391 3.1530419054393878e-05 0.00019349709856864434 -0.00069602063539759543 0.0001199014156224227 -0.00014728434763426612
leaf_weight=41 75 280 52 5062 58 1581 41 190 1031 86 16270 10332 40 406 100 44 183 2211 89 4915 1158 78 1167 50 64 3918 187 95 93 6594
leaf_count=41 75 280 52 5062 58 1581 41 190 1031 86 16270 10332 40 406 100 44 183 2211 89 4915 1158 78 1167 50 64 3918 187 95 93 6594
internal_value=0.000176223 -0.00145402 0.00122765 0.00125375 -0.00301674 0.00155084 0.00101583 -0.00647186 -0.00288487 -0.0033398 0.0011218 0.00224894 0.000454546 -0.00308538 -0.000878084 -0.0211905 -0.00613074 -0.000649408 -0.000966962 -0.00271896 -0.00593248 -0.00757485 -0.000876827 -0.0082 -0.000801287 -0.00104968 -0.00559225 -0.00313333 -0.00829787 -0.000859969
internal_weight=56491 22149 34342 34301 7528 29239 16553 231 7470 6439 16322 12686 2354 773 689 84 283 14621 12410 5195 1244 167 12243 125 12118 10951 439 375 188 10512
internal_count=56491 22149 34342 34301 7528 29239 16553 231 7470 6439 16322 12686 2354 773 689 84 283 14621 12410 5195 1244 167 12243 125 12118 10951 439 375 188 10512
is_linear=0
shrinkage=0.05


Tree=10
num_leaves=31
num_cat=0
split_feature=5 4 4 16 6 6 6 11 1 3 16 12 14 12 11 12 11 11 10 10 16 3 14 14 9 9 9 11 12 14
split_gain=34.1176 8.6091 7.65606 4.75194 4.5259 4.52154 3.41135 3.30416 3.40205 3.25034 3.23806 3.07608 2.87592 3.51915 2.69075 10.0156 2.42061 2.33554 4.20842 4.23373 3.14703 5.71225 3.13063 3.03833 2.80778 2.42552 2.18084 2.56014 2.15158 4.2264
threshold=0.016246309667040146 0.018583786971366003 0.048384361610836861 -0.052662510641875819 1.2140958775931319 0.67197858077914308 0.49295272396220174 0.024405077895535147 0.12116224168034818 -0.024629049958221235 0.030550403112950101 -0.071455509470426767 0.17323568959812755 -0.013469657386432075 0.0056452584945124737 0.0090147692043446321 0.014627027210111112 -0.022672211523631577 0.0038487263964011036 0.0066461345858104268 -0.032531637882484192 -0.0078226877910004804 -0.12096344977185801 -0.098691693357393515 0.25087518435090855 -0.023239044341663847 0.5066564874867252 0.027231962502118127 -0.013469657386432075 0.13092898697672287
decision_type=2 2 2 2 2 2 2 2 2 2 2 2 2 2 2 2 2 2 2 2 2 2 2 2 8 10 8 2 2 2
left_child=1 6 3 9 11 -3 -1 10 26 -2 17 -4 -7 -14 -12 -16 -13 18 -5 25 21 -19 -22 24 -24 -20 -9 -28 29 -25
right_child=2 5 4 7 -6 12 -8 8 -10 -11 14 16 13 -15 15 -17 -18 20 19 -21 22 -23 23 28 -26 -27 27 -29 -30 -31
leaf_value=0.0001888864114256821 -0.0020278152465721287 5.8751093101642756e-05 0.00036194065252342765 0.00030575966979562956 -0.0017678147906450073 -7.1558120019943265e-05 5.2751328585430041e-05 0.00015720321823895983 -0.00066034096968581606 -0.00012136444107007643 -0.00011436512320982574 -0.0009017418851695278 -0.00078100984636926779 -0.0001646964320214563 -0.0015538606941803779 -0.00030315405900007038 -0.00025886298142654523 -7.5349039980762339e-05 -0.00055930915235119386 -7.5850371914637193e-06 0.00022396943342934997 -0.00098472985387462264 -0.00022177161673372957 -0.00024384681832782795 -0.00063997592000216157 -0.00094132413432937 0.00046923268257083068 -0.00075842150123681476 -0.00013567392102051761 -0.00085297515774504463
leaf_weight=13131 63 17681 209 980 267 4887 4038 1870 124 85 186 1234 96 119 98 224 521 93 62 194 339 70 139 1478 103 43 104 173 7842 247
leaf_count=13131 63 17681 209 980 267 4887 4038 1870 124 85 186 1234 96 119 98 224 521 93 62 194 339 70 139 1478 103 43 104 173 7842 247
internal_value=0.000186067 0.000980176 -0.00170826 -0.00128918 -0.00443523 0.000343019 0.00182567 -0.00119737 0.00055262 -0.0102027 -0.00152587 -0.00360489 -0.000968248 -0.00662791 -0.00543307 -0.00819876 -0.00428775 -0.00135462 0.000660673 -0.00453177 -0.0016046 -0.00849693 -0.00149389 -0.00165715 -0.00719008 -0.012619 0.0010177 -0.00312274 -0.00151719 -0.00311594
internal_weight=56700 39952 16748 14517 2231 22783 17169 14369 2271 148 12098 1964 5102 215 508 322 1755 11590 1279 299 10311 163 10148 9809 242 105 2147 277 9567 1725
internal_count=56700 39952 16748 14517 2231 22783 17169 14369 2271 148 12098 1964 5102 215 508 322 1755 11590 1279 299 10311 163 10148 9809 242 105 2147 277 9567 1725
is_linear=0
shrinkage=0.05


Tree=11
num_leaves=31
num_cat=0
split_feature=5 4 5 6 15 15 11 6 6 10 12 12 12 16 12 10 11 15 16 15 12 16 16 16 15 16 15 12 11 15
split_gain=27.8485 9.07039 5.31579 5.12926 4.25754 8.17603 4.06524 3.54856 3.37657 3.35013 5.33341 4.51592 3.31562 3.31421 2.67029 5.54387 2.63887 2.49162 3.02301 4.06678 3.02814 3.95882 8.06758 4.5468 7.42323 5.71244 5.57457 5.91167 5.43564 4.44721
threshold=0.017380269929814156 0.019771384231196218 0.029488709694751095 2.099151356827107 -0.0088666457968040718 -0.0091754288420822765 0.021151753576904912 0.048857676521432108 0.5086145501015028 -0.017312000709356064 -0.0067438381246153192 -0.067575688865902969 -0.075828258528587975 -0.039849087406969401 -0.046451976604296834 -0.017312000709356064 0.029571955445533264 0.011609809416583407 -0.0083909081585669659 0.011113270042622305 0.029587854734561384 0.011621282977439253 0.0086511307364703933 0.002402607413579561 0.0092286536313063178 0.00065190084926847202 0.0062516135765524625 0.0098181061212317972 0.014562779709105135 -0.0036554550430540895
decision_type=2 2 2 2 2 2 2 2 2 2 2 2 2 2 2 2 2 2 2 2 2 2 2 2 2 2 2 2 2 2
left_child=1 4 16 6 5 14 12 17 -6 10 11 -9 -4 -14 15 -1 -2 18 -3 20 21 22 23 24 25 29 27 -27 -29 -20
right_child=2 7 3 -5 8 -7 -8 9 -10 -11 -12 -13 13 -15 -16 -17 -18 -19 19 -21 -22 -23 -24 -25 -26 26 -28 28 -30 -31
leaf_value=-0.0014301658453372832 -0.00018427731194338076 0.00012606050043652051 0.00043098577798228699 -0.002468604276159202 0.00017944209157812354 -0.00087442788563826888 5.2378410634123119e-05 0.00031508982410609674 6.1668408084939667e-05 -5.1498291356580342e-05 0.00032590833977896557 -0.00089816364850311059 -0.0013020336163759869 -0.00099807103619583898 5.6827275193233723e-05 0.00032264311062691703 8.0782893099581364e-05 0.00025989094180421473 -0.00032298886406822107 -0.00052725838012604605 9.4049511575246459e-05 0.00010509805109539029 -0.00051834070509700319 0.00013903477304282518 -0.0032273092395963599 -0.0012457345598920185 0.00068520027846667741 0.00018226433581895697 -0.00068081706897703048 0.00014455487692203404
leaf_weight=54 9589 3688 127 121 14651 73 536 45 4268 8449 105 169 56 1377 2046 71 1363 1305 432 75 3767 1781 289 996 54 111 70 87 44 846
leaf_count=54 9589 3688 127 121 14651 73 536 45 4268 8449 105 169 56 1377 2046 71 1363 1305 432 75 3767 1781 289 996 54 111 70 87 44 846
internal_value=0.000248478 0.000858635 -0.00176589 -0.00399865 0.0016002 -0.000459002 -0.0034208 0.000155291 0.00184444 -0.000628421 -0.00565831 -0.0101869 -0.00471154 -0.00539777 9.44267e-05 -0.007 -0.00131392 0.000662606 0.000441177 -7.48361e-05 2.77223e-05 -0.00081741 -0.00194776 -0.00107955 -0.00269465 -0.00207547 -0.00814103 -0.0117355 -0.00454198 -0.000594679
internal_weight=56645 43476 13169 2217 21163 2244 2096 22313 18919 8768 319 214 1560 1433 2171 125 10952 13545 12240 8552 8477 4710 2929 2640 1644 1590 312 242 131 1278
internal_count=56645 43476 13169 2217 21163 2244 2096 22313 18919 8768 319 214 1560 1433 2171 125 10952 13545 12240 8552 8477 4710 2929 2640 1644 1590 312 242 131 1278
is_linear=0
shrinkage=0.05


Tree=12
num_leaves=31
num_cat=0
split_feature=5 4 15 6 15 13 11 13 13 5 15 13 11 11 16 16 11 16 15 16 11 11 11 8 10 11 11 9 11 13
split_gain=26.2442 7.89698 6.58617 4.6317 3.5011 3.48067 4.92807 3.36829 4.89501 3.35588 3.57741 3.00769 2.86644 3.58843 6.79909 3.1138 3.35632 3.07098 4.71063 2.99874 2.85833 4.71284 2.85565 6.33859 2.96833 5.14155 12.9819 5.264 5.12911 10.5788
threshold=0.01377331057046823 0.033819411177076535 0.063989335118972104 0.45789914864941589 -0.022177877438313117 12.00999975204468 0.015296127885016332 24.385000228881839 24.19999980926514 0.029488709694751095 -0.014149651100142878 27.664999961853031 0.02306163879140322 -0.017686131484892616 -0.032531637882484192 0.030550403112950101 0.022655260909184464 0.033166859963158164 0.0075465991150196485 0.0372553175930408 -0.01413744986297699 -0.040606283895635913 -0.015679772659318188 -0.16801226008986545 0.0035872584015200775 -0.0023578847280503741 -0.0018136184139459497 0.5066564874867252 -0.0049522354803098181 21.134999275207523
decision_type=2 2 2 2 2 2 2 2 2 2 2 2 2 2 2 2 2 2 2 2 2 2 2 10 2 2 2 8 2 2
left_child=3 4 7 5 20 6 -1 8 9 10 -3 -5 13 -6 -15 16 22 18 -17 -19 21 -2 23 -16 25 -24 27 -27 29 -26
right_child=1 2 -4 11 12 -7 -8 -9 -10 -11 -12 -13 -14 14 15 17 -18 19 -20 -21 -22 -23 24 -25 28 26 -28 -29 -30 -31
leaf_value=-0.00045902273523420252 -0.0015892666069697602 -0.00071823296501326349 -0.001518301261353524 2.5227218989408968e-05 0.00010692756189389112 0.00014050078427685518 0.00023219694484944762 -2.271411665779176e-05 -0.0009815585855449721 -0.00093317929318178529 -0.00017032647449755997 -0.0011101704099873877 0.00011621368382768365 -0.00062160481683542265 -0.0015155966244940031 -0.0011130678892465246 -0.00077854062361209424 0.00023632730336722678 -0.00013934410875479739 -0.00050064165406007652 -0.0005839194724576583 0.00012377758605412135 0.00012755581270659658 -7.0432092533249244e-05 2.4883068928636381e-05 -0.00056184274703361694 -0.0001351980657765148 -0.0010336965463825221 0.00012091037076069926 -0.0022023293004643785
leaf_weight=84 71 281 52 7721 2341 21788 74 1635 59 1562 3945 41 2829 63 54 111 52 182 88 257 96 169 2497 226 525 59 5743 40 3684 157
leaf_count=84 71 281 52 7721 2341 21788 74 1635 59 1562 3945 41 2829 63 54 111 52 182 88 257 96 169 2497 226 525 59 5743 40 3684 157
internal_value=0.000240414 -0.000894764 -0.00226706 0.00126363 -0.000357514 0.00163492 -0.00575949 -0.00214381 -0.00270481 -0.00255874 -0.00182679 0.000213863 -0.000267611 -0.000525841 -0.000834182 -0.000758684 -0.000591777 -0.00416928 -0.00932161 -0.00183371 -0.00541667 -0.0025 -0.000541009 -0.00553571 -0.000430933 -0.000983931 -0.00179562 -0.0197475 0.000625286 -0.00335777
internal_weight=56486 26778 7534 29708 19244 21946 158 7482 5847 5788 4226 7762 18908 16079 13738 13675 13037 638 199 439 336 240 12985 280 12705 8339 5842 99 4366 682
internal_count=56486 26778 7534 29708 19244 21946 158 7482 5847 5788 4226 7762 18908 16079 13738 13675 13037 638 199 439 336 240 12985 280 12705 8339 5842 99 4366 682
is_linear=0
shrinkage=0.05


Tree=13
num_leaves=31
num_cat=0
split_feature=4 4 6 15 5 15 16 16 15 15 14 14 13 15 7 15 15 15 15 12 14 16 16 6 15 15 13 13 13 16
split_gain=23.4509 6.00602 5.36579 4.95875 4.30695 3.52943 7.27622 4.91929 3.15046 2.77202 2.70936 4.56621 3.76534 4.58863 2.78419 2.67734 2.60238 2.65202 3.1357 4.44439 4.17604 2.68254 2.46111 3.52911 2.41359 9.5216 3.87574 2.61674 4.81469 5.56649
threshold=0.024480083916842279 0.041138402302188133 1.149792114593599 0.063989335118972104 0.010999586668445248 -0.017588270772269262 0.0087863155833305413 -0.025601242557224176 0.011722306013954078 0.011113270042622305 -0.12096344977185801 -0.098691693357393515 21.134999275207523 0.017935287468797249 -0.03425371913304736 -0.022177877438313117 0.021499022875503985 0.013627280682997569 1.0000000180025095e-35 0.12384640389246161 0.076607678117126224 -0.025601242557224176 0.018519873246738209 0.048857676521432108 0.0069209055601037192 0.0065186067570516268 14.614999771118166 19.880000114440922 16.875000000000004 0.036362793464954531
decision_type=2 2 2 2 2 2 2 2 2 2 2 2 2 2 2 2 2 2 2 2 2 2 2 2 2 2 2 2 2 2
left_child=2 5 4 8 -1 6 7 -2 9 -3 -7 12 -12 14 -14 -6 17 18 19 -13 21 -20 -22 -24 25 27 -27 28 -23 -30
right_child=1 3 -4 -5 15 10 -8 -9 -10 -11 11 16 13 -15 -16 -17 -18 -19 20 -21 22 24 23 -25 -26 26 -28 -29 29 -31
leaf_value=0.00016357048032899065 -0.00059787080731265663 -0.00054207075670372829 -6.2464429213444155e-05 -0.0010975503839767056 -0.00044491294303137413 0.00019167033412314285 -0.0012688981564987929 0.00012128610208826695 8.4338780608836025e-05 -0.0013982427462231385 -8.9456477214256561e-05 1.6253959376026614e-05 -0.00061583577899529732 0.0011701513720159069 -0.00036301793459198679 6.7902431338573503e-05 -0.00067228022727554369 0.00028115927220585498 -0.00049798376827862271 -0.00073917265894429471 -0.00041648177790391209 -1.5761739816426528e-05 -0.00097041035007205316 -0.00044137205776318778 1.5600708567821994e-05 -0.00033237320452034202 -0.0010958056254442683 0.00013871009919958171 -0.00031239850582441461 -0.0016443251083209131
leaf_weight=11843 378 3172 4583 42 152 840 73 387 546 43 222 7274 79 43 124 18487 148 762 117 68 140 1990 52 49 2697 73 128 614 1266 70
leaf_count=11843 378 3172 4583 42 152 840 73 387 546 43 222 7274 79 43 124 18487 148 762 117 68 140 1990 52 49 2697 73 128 614 1266 70
internal_value=0.000191456 -0.00111301 0.000987452 -0.0029148 0.00122728 -0.000723542 -0.00389021 -0.00245098 -0.00272401 -0.00332037 -0.00056517 -0.000711234 -0.00557692 -0.0098374 -0.0129803 0.000753528 -0.000563827 -0.0005 -0.000650708 7.62737e-05 -0.00139244 -0.00116822 -0.00786307 -0.0138119 -0.00103978 -0.00179787 -0.0124129 -0.00125634 -0.00180998 -0.00413174
internal_weight=56462 21397 35065 3803 30482 17594 838 765 3761 3215 16756 15916 468 246 203 18639 15448 15300 14538 7342 7196 6955 241 101 6838 4141 201 3940 3326 1336
internal_count=56462 21397 35065 3803 30482 17594 838 765 3761 3215 16756 15916 468 246 203 18639 15448 15300 14538 7342 7196 6955 241 101 6838 4141 201 3940 3326 1336
is_linear=0
shrinkage=0.05


Tree=14
num_leaves=31
num_cat=0
split_feature=5 6 6 4 2 11 5 13 11 4 12 16 11 14 14 2 13 12 14 3 14 14 11 11 13 12 12 8 14 11
split_gain=21.9116 6.45567 5.10252 3.43214 3.25986 2.99578 3.01336 2.93712 4.14265 2.84656 2.75939 3.81622 2.88754 2.31377 2.73062 2.22378 2.21362 2.75773 6.1504 3.47491 3.02874 5.44691 3.31931 4.26542 2.11062 2.06902 6.60906 3.88889 3.04943 2.43436
threshold=0.01564399842335638 -0.0095723138890852402 1.1138871629347566 0.034722311161649831 -0.19093472056939279 0.02573480883905466 0.011146213331005744 12.00999975204468 0.015296127885016332 0.019169491441848419 -0.075828258528587975 -0.046161116172452159 0.030023740679380188 -0.12096344977185801 -0.098691693357393515 -0.13535949678507517 31.844999313354496 -0.013469657386432075 0.13092898697672287 -0.0012521617982428344 -0.011027468798592786 -0.019219245464752229 -0.0066597624727158236 -0.019621569956091153 19.585000038146976 -0.046451976604296834 -0.051373899775069835 0.051987073085914111 0.18763840935801293 -0.013761586960897574
decision_type=2 2 2 2 2 2 2 2 2 2 2 2 2 2 2 2 2 2 2 2 2 2 2 2 2 2 2 8 2 2
left_child=1 7 3 -2 -4 6 -3 8 -1 -9 -5 -12 13 -13 -15 -14 17 18 20 -20 21 22 23 -16 -22 26 28 -28 -8 -27
right_child=2 5 4 10 -6 -7 25 9 -10 -11 11 12 15 14 16 -17 -18 -19 19 -21 24 -23 -24 -25 -26 29 27 -29 -30 -31
leaf_value=-0.00045163326930396428 -3.8771850854292613e-05 6.7285726284444455e-05 -0.0017827045627456361 0.00072077482834788538 -0.00041109908313156592 0.00023095013564956334 0.00011094110827905104 0.00016318061599581346 0.00021719197604004646 7.6227301437239048e-05 -0.002950875164911802 0.00012431570062163154 -0.00060409080565119522 -0.00077015919002474634 0.00015440167084259361 0.00014580775344081228 0.00077066258433773529 -0.0002626537451371569 -0.00072782858030137545 -0.0013624651293713732 -0.00054331621271812476 -0.0032815081826582724 -5.9655634750270639e-05 -0.0012859350281715085 0.00027510189583334433 0.00014103025247791889 -0.00030076591486419784 -0.0016354934642327059 -0.00110405871530495 -8.3455821559816332e-05
leaf_weight=93 10346 5744 57 342 2341 1459 299 11376 74 10858 40 259 95 88 69 777 141 3064 89 47 128 48 318 135 327 1264 60 45 79 6636
leaf_count=93 10346 5744 57 342 2341 1459 299 11376 74 10858 40 259 95 88 69 777 141 3064 89 47 128 48 318 135 327 1264 60 45 79 6636
internal_value=0.000192952 0.000882802 -0.00120758 -0.000891007 -0.00336113 0.000101373 -0.000121399 0.0014265 -0.00517964 0.00147612 -0.00184599 -0.00211111 -0.0020009 -0.00248992 -0.00275707 0.000642202 -0.00258131 -0.00278698 -0.00486219 -0.0148529 -0.00353659 -0.00596491 -0.00448276 -0.00946078 -0.000494505 -0.000725874 -0.00390269 -0.015 -0.000820106 -0.000531645
internal_weight=56698 37987 18711 16313 2398 15586 14127 22401 167 22234 5967 5625 5585 4713 4454 872 4366 4225 1161 136 1025 570 522 204 455 8383 483 105 378 7900
internal_count=56698 37987 18711 16313 2398 15586 14127 22401 167 22234 5967 5625 5585 4713 4454 872 4366 4225 1161 136 1025 570 522 204 455 8383 483 105 378 7900
is_linear=0
shrinkage=0.05


Tree=15
num_leaves=31
num_cat=0
split_feature=5 5 11 15 10 13 11 11 12 16 7 11 16 12 11 14 14 11 13 15 13 10 15 13 11 11 12 14 15 14
split_gain=20.3204 7.06381 4.04906 3.72993 4.76634 3.59653 3.20799 8.54478 3.06742 4.97776 2.74479 2.7207 5.29591 6.13143 4.268 2.82188 6.36128 29.4948 7.27487 5.65724 5.46343 10.9067 5.61413 10.5767 7.5726 3.15519 4.00031 9.95245 7.14999 11.2741
threshold=0.012672076217317639 0.02236460971959767 0.030023740679380188 -0.021715662476849636 -0.0056282677308486786 27.664999961853031 -0.040606283895635913 -0.055970662091911087 -0.075828258528587975 -0.043979288776460394 -0.0088872199520393363 -0.022672211523631577 -0.032531637882484192 -0.017915825060591469 -0.022310292973000797 -0.012869754487188577 -0.011729089558044635 -0.0071058525984615808 20.060000419616703 0.021499022875503985 19.98499965667725 -0.00262768472957231 -0.014693707057613191 16.425000190734867 0.0028224739741974374 -0.017686131484892616 -0.0013043868274282275 0.050179471356022971 0.0062516135765524625 0.037142264963949019
decision_type=2 2 2 2 2 2 2 2 2 2 2 2 2 2 2 2 2 2 2 2 2 2 2 2 2 2 2 2 2 2
left_child=5 3 8 4 6 -1 7 -2 -3 -10 -6 -5 13 -13 -14 -16 17 -17 19 20 22 -22 23 -18 -25 -24 27 28 29 -27
right_child=1 2 -4 11 10 -7 -8 -9 9 -11 -12 12 14 -15 15 16 18 -19 -20 -21 21 -23 25 24 -26 26 -28 -29 -30 -31
leaf_value=0.00011574649722675764 0.0002094435499071741 0.00035126274341798957 0.00010571842143506976 0.00014504407595419786 -0.00065057442931358198 -0.0011394989391684133 -2.3469927456104749e-05 -0.0024389126586096682 -0.0013698192491057352 -0.00044691713840010265 -0.00026570472171167698 -0.00094425419256914547 -0.00067882139043534424 -0.00020495337267073212 3.8210448239569568e-05 -0.0029808886040297096 0.00022008002114053869 0.00023973197379629588 0.00024325175380475979 -0.0010195482045677142 8.1016574481749794e-05 -0.00096527937994216018 0.00049369405571649298 -0.00066314763522574245 -0.001313342924899042 -0.0003840503645765837 -2.6094066207345861e-05 0.0003131759200212101 0.00053498645381162824 -0.0015231058182882938
leaf_weight=23780 55 300 896 2311 49 45 447 47 92 4478 47 50 90 95 10864 91 148 251 1628 77 82 49 361 84 79 761 8755 482 142 68
leaf_count=23780 55 300 896 2311 49 45 447 47 92 4478 47 50 90 95 10864 91 148 251 1628 77 82 49 361 84 79 761 8755 482 142 68
internal_value=0.000232259 -0.000573466 -0.00216268 -0.000235496 -0.00399225 0.00134418 -0.0021949 -0.0101961 -0.00273101 -0.00305252 -0.0142708 -0.000143947 -0.000300741 -0.00982759 -0.000243212 -0.000202324 -0.000697656 -0.0074269 -0.000516672 -0.000974928 -0.000880483 -0.0110305 -0.000758272 -0.00737942 -0.0161656 -0.00056344 -0.000725901 -0.00315554 -0.00607106 -0.0078468
internal_weight=56704 32879 5766 27113 645 23825 549 102 4870 4570 96 26468 24157 145 24012 23922 13058 342 12716 11088 11011 131 10880 311 163 10569 10208 1453 971 829
internal_count=56704 32879 5766 27113 645 23825 549 102 4870 4570 96 26468 24157 145 24012 23922 13058 342 12716 11088 11011 131 10880 311 163 10569 10208 1453 971 829
is_linear=0
shrinkage=0.05


Tree=16
num_leaves=31
num_cat=0
split_feature=4 6 4 13 11 15 10 11 11 13 8 10 13 11 14 11 12 14 15 11 10 4 13 12 15 11 11 11 10 15
split_gain=16.6225 4.7095 3.59001 3.02042 5.87283 3.13663 4.88754 8.34923 13.8118 4.50624 3.4375 3.24858 5.75957 9.79292 6.86209 7.36181 9.88492 10.6437 9.31571 6.6049 5.90336 3.68079 3.47144 3.83429 2.7338 7.77327 4.01001 6.25266 3.23184 2.80001
threshold=0.024391907530141751 0.7561026338082083 0.046908601621937621 12.00999975204468 0.015296127885016332 -0.0088666457968040718 -0.0061039058742593513 0.0036681526021306037 0.0023967132721236521 13.824999809265138 0.061116599866690165 -0.0034865672578678337 17.195000648498539 -0.020171834808393903 -0.012079756674524154 -0.0072461958036925669 0.030284664654711139 -0.0052640766517011986 0.0016884522598056286 0.0036681526021306037 -0.0018123772327252594 0.018903740194081628 17.250000000000004 0.027464748071709514 -0.017588270772269262 0.008405141908930493 -0.040606283895635913 -0.055970662091911087 -0.0056282677308486786 -7.7196487323516458e-05
decision_type=2 2 2 2 2 2 2 2 2 2 10 2 2 2 2 2 2 2 2 2 2 2 2 2 2 2 2 2 2 2
left_child=1 3 24 4 -1 6 -5 8 9 10 -8 -7 13 -13 -14 -16 17 18 -17 21 -18 -19 -21 -24 25 26 27 -2 -28 -26
right_child=2 -3 -4 5 -6 11 7 -9 -10 -11 -12 12 14 -15 15 16 20 19 -20 22 -22 -23 23 -25 29 -27 28 -29 -30 -31
leaf_value=-0.00045854435748928792 0.00024780828554491868 -2.4000733082196601e-05 -0.00043985592724949643 9.7174243124495201e-05 0.00025033398333485358 0.00023216315501814493 -0.00027905165163847413 0.00011313818755315279 -0.00070374696853317553 -2.9430807723016636e-05 -0.00072108743399475954 -0.00027600500761662452 9.0609522967974846e-05 0.00014241846256605144 0.00022176866405932989 -0.00014394698083677011 -0.00074603143752214772 -0.00031328476052068575 -0.0013602182723517538 -0.00040005272110325244 0.00026307323138708924 -0.00076996566813069883 8.1108356748536836e-05 -0.00039883479307749624 1.879415089650205e-05 -0.0010680113471880589 3.6182934343413261e-05 -0.0016639256602182563 -0.00095765178460365224 -0.00011658629807589492
leaf_weight=105 45 6606 2450 1987 97 3886 99 586 78 277 45 52 3514 15723 500 65 56 96 157 46 526 97 407 49 7921 70 673 70 74 10318
leaf_count=105 45 6606 2450 1987 97 3886 99 586 78 277 45 52 3514 15723 500 65 56 96 157 46 526 97 407 49 7921 70 673 70 74 10318
internal_value=0.000239524 0.000912022 -0.000850793 0.0011913 -0.00490099 0.00123487 -0.000273437 -0.00297235 -0.00772545 -0.00414489 -0.0113194 0.00141892 0.00117625 0.00166244 -0.000214946 -0.00255378 -0.0043062 -0.00754089 -0.0170721 -0.0044964 0.000790378 -0.0123575 -0.0014741 -0.000153509 -0.000620468 -0.0032618 -0.00196056 -0.0106522 -0.00062249 -0.000485498
internal_weight=56675 35054 21621 28448 202 28246 3072 1085 499 421 144 25174 21288 15775 5513 1999 1499 917 222 695 582 193 502 456 19171 932 862 115 747 18239
internal_count=56675 35054 21621 28448 202 28246 3072 1085 499 421 144 25174 21288 15775 5513 1999 1499 917 222 695 582 193 502 456 19171 932 862 115 747 18239
is_linear=0
shrinkage=0.05


Tree=17
num_leaves=31
num_cat=0
split_feature=5 5 6 6 6 11 15 16 12 3 14 14 16 9 10 10 16 11 12 16 10 10 8 9 12 12 12 14 15 3
split_gain=16.4131 5.34924 3.82644 3.65572 3.60696 2.6072 3.78395 5.51199 7.48117 2.58453 2.55918 3.80763 5.72096 3.9861 2.46698 2.94473 2.73097 2.40983 2.53132 3.78471 2.18912 3.94941 2.16451 2.0909 3.99 3.42655 6.88399 2.5827 2.87193 2.45063
threshold=0.013732441415751044 0.028270228761864011 1.1138871629347566 0.69263618717247233 2.9176363584509764 -0.022672211523631577 -0.014149651100142878 -0.032531637882484192 -0.017915825060591469 0.0021785833557674832 -0.12096344977185801 -0.098691693357393515 0.0029246552186634749 0.17013547781572638 0.0038487263964011036 0.0066461345858104268 -0.052662510641875819 0.014627027210111112 -0.075828258528587975 -0.043979288776460394 -0.018534133998249432 -0.016935534775352808 0.021640612764678217 0.18605072831778116 0.028749037613273857 0.0094949334570126904 0.01159583409138454 0.018846539562811352 -0.014149651100142878 0.011504691771663468
decision_type=2 2 2 2 2 2 2 2 2 2 2 2 2 8 2 2 2 2 2 2 2 2 10 8 2 2 2 2 2 2
left_child=2 3 22 5 17 14 9 8 -8 -7 -9 12 13 -12 16 -16 -2 18 -3 -20 -21 -22 23 -1 25 29 -27 -28 -29 -25
right_child=1 4 -4 -5 -6 6 7 10 -10 -11 11 -13 -14 -15 15 -17 -18 -19 19 20 21 -23 -24 24 -26 26 27 28 -30 -31
leaf_value=0.00010283577801647548 -0.00079140015908456523 0.00044938011881545366 -3.7386343717535043e-05 -0.00019258471237201924 -0.0023587601560271822 -0.00019267086839628439 -0.0010155145436313157 0.00020245282009940212 -2.1000249701288803e-05 -0.00056841732076774005 -0.00018054652292414045 -4.7836447491639456e-06 0.00011923326880689371 -0.00054635173705186999 -0.00043967798070260905 0.00020189115952826253 0.00032241513370849956 -4.4348621897226434e-05 -0.0012444952084334953 0.00053978350717660448 -0.0015673157310886724 -0.00072235301841479358 0.00015161732358709936 3.4769388409279457e-06 0.00023093626915773074 -0.00063228263920638657 2.615800938309674e-05 -0.00072924509877270085 -0.00022580478483931899 -0.0007373218362271924
leaf_weight=9324 72 143 4135 4854 68 692 57 643 83 157 73 15976 149 120 144 205 1328 832 45 91 41 1484 11985 2453 875 81 353 43 151 45
leaf_count=9324 72 143 4135 4854 68 692 57 643 83 157 73 15976 149 120 144 205 1328 832 45 91 41 1484 11985 2453 875 81 353 43 151 45
internal_value=0.000247081 -0.000637084 0.00106555 -0.000404635 -0.00274778 -0.000101782 -0.000281337 -0.000119583 -0.01 -0.00353946 -3.80282e-05 -0.000159946 -0.00538012 -0.0110622 0.001741 -0.00202006 0.00267857 -0.00245448 -0.00348115 -0.0040307 -0.00363243 -0.00408197 0.00129593 0.000857411 -9.87251e-05 -0.000934101 -0.00423567 -0.00222121 -0.00685567 -0.000104083
internal_weight=56702 27257 29445 24553 2704 19699 17950 17101 140 849 16961 16318 342 193 1749 349 1400 2636 1804 1661 1616 1525 25310 13325 4001 3126 628 547 194 2498
internal_count=56702 27257 29445 24553 2704 19699 17950 17101 140 849 16961 16318 342 193 1749 349 1400 2636 1804 1661 1616 1525 25310 13325 4001 3126 628 547 194 2498
is_linear=0
shrinkage=0.05


Tree=18
num_leaves=31
num_cat=0
split_feature=4 6 11 4 11 15 10 11 11 8 10 10 13 11 14 11 12 14 15 14 9 10 4 13 9 11 13 10 12 14
split_gain=15.0074 4.06236 3.33339 3.66937 3.44871 2.63245 3.67832 7.62558 14.9425 5.13353 3.04393 2.88424 4.38473 6.93339 5.85258 6.97288 8.53355 8.80189 6.70039 5.93431 5.98776 4.75858 3.67025 3.47912 3.375 3.18349 3.0635 2.81539 2.82786 4.29821
threshold=0.024766619618474959 0.5086145501015028 0.037714619913018062 0.033819411177076535 0.036250382984596159 -0.0088666457968040718 -0.0066717648892578576 0.0036681526021306037 0.0023967132721236521 0.074800239736532617 -0.013932241848525038 -0.0034865672578678337 17.195000648498539 -0.020171834808393903 -0.012079756674524154 -0.0072461958036925669 0.030284664654711139 -0.0052640766517011986 0.0016884522598056286 0.038811658900465458 0.21923395347695765 -0.0018123772327252594 0.021792496265653081 17.250000000000004 0.033932127532240515 0.0036681526021306037 17.605000495910648 -0.014256563971479506 -0.039191714476565991 0.17323568959812755
decision_type=2 2 2 2 2 2 2 2 2 10 2 2 2 2 2 2 2 2 2 2 8 2 2 2 8 2 2 2 2 2
left_child=1 5 3 4 -2 6 10 8 9 -8 27 -7 13 -13 -14 -16 17 18 -17 23 -21 -18 24 -19 -20 -25 -23 28 29 -1
right_child=2 -3 -4 -5 -6 11 7 -9 -10 -11 -12 12 14 -15 15 16 21 19 22 20 -22 26 -24 25 -26 -27 -28 -29 -30 -31
leaf_value=7.3810790625499422e-05 -4.1180995812029945e-05 -4.9618122753255743e-06 0.00016658812503101726 -0.00026311973455754692 -0.0013251269332932602 0.00023358974947966028 -5.721622306256745e-05 0.00015202957879933702 -0.00076041695950286776 -0.00062742671353765381 0.00024973781484850967 -0.00022809839553489895 8.9331612465048528e-05 0.00013231778493707694 0.00021369630173600224 -0.000190704933285886 -0.00059748909658756974 -0.00032318433896858553 -0.002324773879403812 -0.00022846927057525472 -0.0012523405236618021 -0.00016593504562354507 -0.0012596899688093956 -0.00036184601600373374 -0.00048670977784088333 0.00013761852285939109 0.00036827864835219977 -0.00022781808185462851 0.00011767740114351599 -0.00084953954653930834
leaf_weight=87 12398 8669 1435 6857 65 3724 406 578 71 65 946 50 3476 15163 498 65 60 45 40 104 43 54 62 132 60 361 461 71 643 64
leaf_count=87 12398 8669 1435 6857 65 3724 406 578 71 65 946 50 3476 15163 498 65 60 45 40 104 43 54 62 132 60 361 461 71 643 64
internal_value=0.000296284 0.000913662 -0.000774512 -0.000947205 -0.000436091 0.00121281 -0.000203002 -0.00245536 -0.00671587 -0.00349257 0.00118995 0.0013829 0.00115217 0.00158844 -6.31751e-05 -0.00222922 -0.00394418 -0.00695175 -0.0154846 -0.00412409 -0.0130272 0.000826087 -0.0209259 -0.00169145 -0.015 -0.000476673 0.00237864 -0.000953757 -0.000100755 -0.00625828
internal_weight=56753 35998 20755 19320 12463 27329 2931 1120 542 471 1811 24398 20674 15213 5461 1985 1487 912 227 685 147 575 162 538 100 493 515 865 794 151
internal_count=56753 35998 20755 19320 12463 27329 2931 1120 542 471 1811 24398 20674 15213 5461 1985 1487 912 227 685 147 575 162 538 100 493 515 865 794 151
is_linear=0
shrinkage=0.05


Tree=19
num_leaves=31
num_cat=0
split_feature=5 5 11 16 16 15 13 11 11 10 3 15 15 13 16 11 11 14 14 13 15 14 12 4 13 13 16 10 11 10
split_gain=15.4052 5.46407 2.9793 3.3476 3.49628 3.32048 2.92064 5.28405 2.59964 8.32964 2.45786 6.74582 14.0492 5.75591 4.2687 5.52798 3.39686 2.77004 7.36771 4.43649 4.49025 2.41763 6.63893 2.91476 2.80659 2.33916 3.9302 2.25484 2.25083 2.23869
threshold=0.013689983924488665 0.033230167688603283 0.023193318891049478 0.030550403112950101 0.033166859963158164 0.0075465991150196485 12.00999975204468 0.015296127885016332 0.022655260909184464 0.0060647268719028488 -0.0053603325614548494 0.0092286536313063178 0.0095711263093707383 21.409999847412113 -0.052662510641875819 -0.055970662091911087 -0.023324981642921735 -0.11544121967691799 -0.098691693357393515 21.134999275207523 0.012125148494989692 0.17323568959812755 -0.013469657386432075 0.021792496265653081 18.035000801086429 21.954999923706058 -0.043979288776460394 0.0059229211260980472 -0.0035220660232809227 0.016487844784899178
decision_type=2 2 2 2 2 2 2 2 2 2 2 2 2 2 2 2 2 2 2 2 2 2 2 2 2 2 2 2 2 2
left_child=6 2 3 8 5 28 7 -1 10 -10 11 14 -13 -14 15 -2 -16 -12 19 -19 -21 -8 23 -23 -24 -3 -27 -6 -5 -29
right_child=1 25 -4 4 27 -7 21 -9 9 -11 17 12 13 -15 16 -17 -18 18 -20 20 -22 22 24 -25 -26 26 -28 29 -30 -31
leaf_value=-0.00038663937198935602 -0.0001346706612885767 -0.00093760656028335845 7.9644129279090795e-05 -0.00033905744881926347 9.2903531480990906e-05 -0.00026807211185583775 9.1966751685970447e-05 0.0002330858766240417 0.00051717532693538494 -0.00077808532837178243 0.0001876263672071348 -0.0033452029526898569 5.6271701129141619e-05 -0.00061872645150532607 0.00032408245533338369 -0.0023876131492668162 -0.00012012027060063308 -5.0459837352563568e-05 -1.5938225485499212e-05 -0.0006146396773134944 0.00025569184334641641 -0.00067739863875179121 -0.00049300645308314255 -0.00030046213975977611 0.00027916260264815919 -0.002433796807874426 0.00011066641007275866 -0.0012413899727813243 -0.0010894150457349374 7.052362170014536e-05
leaf_weight=100 119 864 3937 55 317 105 28601 87 89 71 814 41 234 161 696 54 3741 150 14947 177 43 60 54 41 306 45 445 135 102 99
leaf_count=100 119 864 3937 55 317 105 28601 87 89 71 814 41 234 161 696 54 3741 150 14947 177 43 60 54 41 306 45 445 135 102 99
internal_value=0.000269889 -0.000581065 -0.000420324 -0.000645598 -0.00379459 -0.00854962 0.00106824 -0.00516043 -0.000525613 -0.006875 -0.000477641 -0.00144074 -0.00738532 -0.00449367 -0.000878525 -0.00858381 -0.000578093 -0.000176368 -0.000327414 -0.0072973 -0.0118182 0.00110832 -0.00248373 -0.0138119 0.000694445 -0.00367799 -0.000918367 -0.00153358 -0.0131529 -0.00525641
internal_weight=56690 27441 26087 22150 813 262 29249 187 21337 160 21177 5046 436 395 4610 173 4437 16131 15317 370 220 29062 461 101 360 1354 490 551 157 234
internal_count=56690 27441 26087 22150 813 262 29249 187 21337 160 21177 5046 436 395 4610 173 4437 16131 15317 370 220 29062 461 101 360 1354 490 551 157 234
is_linear=0
shrinkage=0.05


Tree=20
num_leaves=31
num_cat=0
split_feature=5 16 5 16 11 15 11 11 11 12 15 9 16 13 13 0 3 13 14 14 3 13 11 13 14 14 13 12 12 3
split_gain=13.1091 4.29085 4.03101 2.51516 2.30066 4.21061 2.87988 12.8448 7.81847 9.78308 10.7452 7.06055 5.1819 4.1889 9.41422 7.78779 5.94776 5.03313 4.50778 5.11899 5.18452 4.52077 3.45258 3.37398 3.52361 12.5173 8.26729 3.30814 6.78885 4.3681
threshold=0.01722973639610785 -0.052662510641875819 0.011146213331005744 0.060559153392290906 -0.019621569956091153 -0.022177877438313117 0.0035059532242039952 0.0026615433569360252 0.0028224739741974374 0.022857145298187723 0.0051461293556042129 -0.052950634552865521 -0.023739358925644768 21.134999275207523 21.555000305175785 0.0043521113287040567 0.013766971673616625 16.914999961853031 -0.013975625369978871 -0.012079756674524154 -0.0039272921018774767 16.775000572204593 0.0030141112553000453 12.644999980926515 0.072802606011034846 0.082777995482000835 15.114999771118166 0.026646485703523241 0.032681400814823743 -0.0058576440528586562
decision_type=2 2 2 2 2 2 2 2 2 2 2 10 2 2 2 2 2 2 2 2 2 2 2 2 2 2 2 2 2 2
left_child=1 -1 -3 4 -4 -6 7 13 -9 10 11 -10 -8 17 15 -15 -16 18 -7 20 -20 23 -13 -21 27 26 -26 -25 29 -29
right_child=-2 2 3 -5 5 6 12 8 9 -11 -12 22 -14 14 16 -17 -18 -19 19 21 -22 -23 -24 24 25 -27 -28 28 -30 -31
leaf_value=-0.0011904846844178691 -0.00013381893133599922 0.00010447172106454436 0.00013483698939719787 -0.00064505252741454749 -0.00043140643161076856 0.00013745166845816596 -0.00039146945644974359 -0.00081807692989894316 -0.0012189364818907633 0.00022724989178461643 4.3056842211616476e-05 -0.00064691516063999422 6.7838837632301868e-05 -0.00056175821129503733 1.3634659610775043e-05 -0.0029837396397906437 -0.0017336538395004626 0.0001712587386622433 -7.2509893347847784e-05 -0.00039555363004809821 -0.0013449640192497885 -0.00045690813205995586 1.381086746564961e-05 8.9977863137136603e-05 -0.00011149971591659445 4.1658147886726038e-05 -0.0010453677074022123 -0.0011050467088880441 0.00020650488080993306 -0.00040150021303535314
leaf_weight=98 13560 14662 3047 82 115 1586 79 133 102 303 144 59 14839 90 757 46 44 3729 46 67 55 68 60 1578 57 397 100 41 340 309
leaf_count=98 13560 14662 3047 82 115 1586 79 133 102 303 144 59 14839 90 757 46 44 3729 46 67 55 68 60 1578 57 397 100 41 340 309
internal_value=0.000227325 0.000654498 0.000678351 0.000329466 0.000354901 0.000197662 0.00024152 -0.000409949 -0.00648564 -0.00428144 -0.00979452 -0.0167195 0.000683068 0.000112782 -0.00305763 -0.0152206 -0.000992509 0.000467575 -0.000630921 -0.00175278 -0.0128218 -0.0013747 -0.00844538 -0.00107477 -0.000811481 -0.00438628 -0.0163376 6.17286e-05 -0.00282609 -0.00771429
internal_weight=56593 43033 42935 28273 28191 25144 25029 10111 801 668 365 221 14918 9310 937 136 801 8373 4644 3058 101 2957 119 2889 2822 554 157 2268 690 350
internal_count=56593 43033 42935 28273 28191 25144 25029 10111 801 668 365 221 14918 9310 937 136 801 8373 4644 3058 101 2957 119 2889 2822 554 157 2268 690 350
is_linear=0
shrinkage=0.05


Tree=21
num_leaves=31
num_cat=0
split_feature=4 6 10 12 13 14 13 12 10 14 10 3 4 0 15 15 13 12 12 13 14 12 15 10 10 0 8 15 15 10
split_gain=10.8786 4.79598 3.55921 7.30746 5.65186 3.70507 2.44223 5.23585 2.42865 6.75914 10.0537 2.30354 2.27902 2.31492 2.24223 2.46065 3.92057 3.03612 9.8236 4.08881 6.65686 2.88585 2.97996 4.54741 3.60001 3.52653 3.77516 2.9216 2.64692 7.63266
threshold=0.029378628190978393 1.0000000180025095e-35 -0.017312000709356064 -0.0075921435528307204 38.065000534057624 0.17323568959812755 12.00999975204468 0.050572968372656575 -0.004502849423341281 0.070306169308441371 -0.0037293617198180247 -0.0042765277736692133 0.061259804072719574 0.05372125677763951 0.011722306013954078 -0.00023410918914362752 15.97499990463257 -0.013469657386432075 -0.015132584176042295 16.935000419616703 -0.05546753287916955 0.12384640389246161 -0.0088666457968040718 -0.0066340953484539935 -0.0052692990008561527 -0.013326338194922458 -0.012167878643899619 -0.0094091058901995522 -0.014693707057613191 -0.0029742003737800999
decision_type=2 2 2 2 2 2 2 2 2 2 2 2 2 2 2 2 2 2 2 2 2 2 2 2 2 2 10 2 2 2
left_child=1 6 3 4 5 -3 7 -1 -4 -10 11 -11 -2 -14 15 21 -17 18 19 20 -18 22 23 -8 25 26 -25 28 29 -26
right_child=12 2 8 -5 -6 -7 14 -9 9 10 -12 -13 13 -15 -16 16 17 -19 -20 -21 -22 -23 -24 24 27 -27 -28 -29 -30 -31
leaf_value=-0.00042790526547858781 -0.00010859591526032437 -0.00030496303169863563 0.00012034582984862958 0.00018173119883029224 0.00040697368507613789 -0.0010983778915961636 0.00011946120345056292 0.00019663376323423841 -2.6431103329875582e-06 -0.0012022855963051316 -0.00011658696243369021 -0.00068373686725695148 -0.00066209121385779688 -0.0019807828447782143 0.00024270290193784184 9.9985069225250721e-05 -6.4748706094880398e-05 8.0874676423862108e-06 -0.0012271009287715758 -1.2368125261220701e-05 -0.00027432723947671856 -0.00049808295488803925 0.00017404880518251726 -0.00048550072699623918 0.0002776713978995821 -0.00030048121933942738 -0.00055027754899105233 -0.00074707801772319724 0.00010166825277502035 -0.00054272899239908448
leaf_weight=100 11326 59 4001 255 49 111 1713 94 12858 41 259 47 793 103 2284 6556 167 4564 41 970 107 58 9007 40 108 144 45 70 557 44
leaf_count=100 11326 59 4001 255 49 111 1713 94 12858 41 259 47 793 103 2284 6556 167 4564 41 970 107 58 9007 40 108 144 45 70 557 44
internal_value=0.000266126 0.000630116 -8.48398e-06 -0.0042827 -0.0109817 -0.0152941 0.00105347 -0.00453608 0.000109264 -0.00021772 -0.00710375 -0.0217045 -0.00105466 -0.00348214 0.00109443 0.000953041 0.000461508 -0.000479569 -0.00262646 -0.0018328 -0.00722628 0.00147039 0.00152541 7.53401e-05 -0.00258929 -0.00810044 -0.0161765 -0.000969191 -7.052e-06 -0.00585526
internal_weight=56571 44349 17680 474 219 170 26669 194 17206 13205 347 88 12222 896 26475 24191 12405 5849 1285 1244 274 11786 11728 2721 1008 229 85 779 709 152
internal_count=56571 44349 17680 474 219 170 26669 194 17206 13205 347 88 12222 896 26475 24191 12405 5849 1285 1244 274 11786 11728 2721 1008 229 85 779 709 152
is_linear=0
shrinkage=0.05


Tree=22
num_leaves=31
num_cat=0
split_feature=4 15 15 10 15 12 16 15 15 9 14 12 15 10 16 13 13 8 10 13 8 15 11 16 13 13 11 2 16 16
split_gain=10.8125 3.41372 7.66445 12.6402 5.13958 5.40879 4.18191 4.17579 8.38221 8.03454 11.1485 12.5929 12.561 8.61373 6.87722 6.4401 9.74432 9.56784 6.33611 8.15661 6.27404 4.72245 4.26312 4.05404 4.08557 5.66022 3.80232 5.05826 3.65789 3.44259
threshold=0.028603647637805988 -0.0088666457968040718 -0.0091754288420822765 -0.0042544467454991288 -0.00023410918914362752 0.12384640389246161 -0.052662510641875819 0.0069209055601037192 0.0066620949053729514 0.39383356243184037 -0.036402596487612009 0.029341828441340815 0.0052165560670962572 -4.753109873517624e-05 0.030550403112950101 20.980000495910648 21.724999427795414 -0.13999270813621148 0.0049263446860405855 17.875000000000004 -0.003662610000969901 0.0048229022160620758 -0.0031311720849904741 -0.0278860646697302 12.555000305175783 12.494999885559084 0.0049014316460139771 -0.0029259398503295171 -0.029034151551566741 0.018916129259167639
decision_type=2 2 2 2 2 2 2 2 2 8 2 2 2 2 2 2 2 10 2 2 10 2 2 2 2 2 2 2 2 2
left_child=1 2 6 -4 5 -3 -1 8 9 29 -11 12 13 -12 26 23 20 -18 19 21 -17 -15 -13 -9 25 -25 -10 -28 -8 -6
right_child=-2 4 3 -5 7 -7 28 15 14 10 11 22 -14 18 -16 16 17 -19 -20 -21 -22 -23 -24 24 -26 -27 27 -29 -30 -31
leaf_value=-0.0011792308264608577 -0.00012049793995070285 0.00013142945001551158 -0.00015023205007454597 -0.0011314552137756543 3.5492256427691689e-06 -0.00050408037860421586 0.00026684712104130319 -0.00059495718807936644 0.00048147317276681187 0.00014432400695109008 0.00018236838056373016 -0.00052384550562921471 -0.0006814070407904398 -0.0001551719327348763 -0.00095076297659774447 -0.0022545366585722255 -0.0010465060237426251 0.00011063373640052774 -5.2152551890850238e-05 -0.0010962143765779215 -0.00026978415342763699 -0.00038442750040555283 9.1605432973707195e-05 -7.2686660893248512e-06 0.0001568496232370501 -0.00027819456393581076 -0.00041666473419257779 -4.1066677812758768e-06 -5.0980618255212918e-05 0.00021736700712855157
leaf_weight=56 13380 14227 145 62 7196 55 806 51 83 892 271 59 174 192 54 80 48 583 179 182 65 131 778 185 9824 64 82 86 4243 2482
leaf_count=56 13380 14227 145 62 7196 55 806 51 83 892 271 59 174 192 54 80 48 583 179 182 65 131 778 185 9824 64 82 86 4243 2482
internal_value=0.000259632 0.000643245 -0.000544051 -0.00997585 0.000809116 0.00155861 -0.000161606 0.000358241 -0.000252706 -5.34459e-05 -0.00238278 -0.00448627 -0.0079318 -0.00568063 -0.00844262 0.00107798 -0.00331186 -0.00062599 -0.00866959 -0.0115347 -0.015 -0.00676471 0.000161291 0.00141446 0.00148565 -0.00483936 -0.00496016 -0.00928571 -1.08931e-05 0.000634429
internal_weight=56715 43335 5312 207 38023 14282 5105 23741 12841 12536 2858 1966 1129 955 305 10900 776 631 684 505 145 323 837 10124 10073 249 251 168 5049 9678
internal_count=56715 43335 5312 207 38023 14282 5105 23741 12841 12536 2858 1966 1129 955 305 10900 776 631 684 505 145 323 837 10124 10073 249 251 168 5049 9678
is_linear=0
shrinkage=0.05


Tree=23
num_leaves=31
num_cat=0
split_feature=4 6 13 15 10 14 9 16 12 12 10 13 13 13 13 12 12 13 9 10 11 7 13 16 16 14 7 9 15 15
split_gain=10.6978 4.79762 4.29302 3.27497 3.34031 6.71387 2.63349 2.52116 3.6844 14.7917 10.5971 4.63326 7.16853 4.26272 9.36898 7.66899 10.8418 8.63863 11.8051 5.74139 3.81031 3.21397 4.1309 3.16969 3.00444 2.98499 2.98137 2.86946 2.68173 5.68563
threshold=0.02115388308393432 0.67197858077914308 27.855000495910648 0.011722306013954078 0.015821665920311759 -0.10816573528732347 0.26895841866791165 -0.0089337611641220321 -0.029235256213089252 -0.031853189963288557 0.0063179668043742429 21.724999427795414 21.134999275207523 20.060000419616703 17.860000610351566 0.028749037613273857 0.027464748071709514 18.595000267028812 0.22198420364358198 -0.0086987636486000035 0.028626427066600128 0.050813542517534789 18.105000495910648 -0.0047619908794523927 -0.052662510641875819 -0.033161933899028544 0.023976847960901385 0.0029627777173322216 -0.0062404748587930872 -0.0066138599525605293
decision_type=2 2 2 2 2 2 10 2 2 2 2 2 2 2 2 2 2 2 8 2 2 2 2 2 2 2 2 8 2 2
left_child=2 3 -1 4 6 -6 7 24 9 -9 -11 12 13 14 20 16 17 18 19 -16 28 -17 -23 -19 -2 26 -25 -14 29 -10
right_child=1 -3 -4 -5 5 -7 -8 8 11 10 -12 -13 27 -15 15 21 -18 23 -20 -21 -22 22 -24 25 -26 -27 -28 -29 -30 -31
leaf_value=8.201078017069989e-05 -0.0010931060247793088 -0.00016513549356679557 -0.0010989722650689428 0.00014231690632051654 0.00051580039652548938 -0.0011978905736597855 -0.00023261762459041345 -5.6027189667661653e-05 -0.00012435330471382325 -0.00065318497639100864 -0.0035263310349811249 0.00042765853086458388 0.00031492831024265868 0.00039303324637889113 -0.00097167992800290383 7.5366535722875197e-05 -0.00085647421805461622 -0.00033714464211697412 -0.0013771786677961972 7.7183559009620477e-05 0.00028543486183119483 -0.00071826795762231638 -0.00021532553308221004 -0.00075519092134339761 7.0795681888140491e-05 0.00020518577761295044 2.8584535922853925e-05 -0.00054620143135312657 1.7302712979558464e-05 -0.00085470710971936132
leaf_weight=25609 91 6473 43 2716 74 87 2186 891 852 149 40 836 43 675 42 890 68 55 138 148 1017 43 277 46 6037 467 49 122 6342 109
leaf_count=25609 91 6473 43 2716 74 87 2186 891 852 149 40 836 43 675 42 890 68 55 138 148 1017 43 277 46 6037 467 49 122 6342 109
internal_value=0.00026274 -0.000362852 0.00101785 -4.28745e-05 -0.000247083 -0.00742236 -0.000193633 -8.49315e-06 -0.000395142 -0.00319444 -0.0158995 -0.000147721 -0.000411578 -0.000259404 -0.000506023 -0.00338956 -0.00659921 -0.00521164 -0.0117683 -0.00368421 0.000264423 -0.000702479 -0.005 -0.00172609 0.000830614 -0.000604982 -0.00868421 -0.0107576 -0.000134876 -0.00259625
internal_weight=56615 30963 25652 24490 21774 161 21613 19427 13299 1080 189 12219 11383 11218 10543 2223 1013 945 328 190 8320 1210 320 617 6128 562 95 165 7303 961
internal_count=56615 30963 25652 24490 21774 161 21613 19427 13299 1080 189 12219 11383 11218 10543 2223 1013 945 328 190 8320 1210 320 617 6128 562 95 165 7303 961
is_linear=0
shrinkage=0.05


Tree=24
num_leaves=31
num_cat=0
split_feature=5 6 6 11 16 16 14 11 10 16 2 11 10 1 13 13 10 0 10 11 11 10 11 10 10 13 15 15 13 3
split_gain=10.2301 3.86558 3.1414 2.80144 2.95983 6.64572 3.87641 2.82078 2.78307 2.81331 2.40892 2.27374 3.13808 4.14692 2.48086 3.38733 2.25728 2.59048 2.08432 2.23533 1.98182 2.56626 1.84418 3.96284 2.64507 2.5735 2.37349 4.83378 16.6297 2.82382
threshold=0.01564399842335638 0.21876128541240183 1.1138871629347566 0.02573480883905466 0.030550403112950101 0.033166859963158164 0.004407866869301503 0.025024646146281086 0.017342710294483091 0.060559153392290906 -0.19093472056939279 0.02306163879140322 0.015549892737221739 -0.0049100932419939283 19.010000228881839 18.214999198913578 0.0096244232411890635 -0.0007891211079329995 0.003711171639750988 0.036250382984596159 0.022655260909184464 0.0078926255678808416 -0.022672211523631577 -0.0021138805299539261 -0.029463592833469218 23.265000343322757 0.011609809416583407 0.0092286536313063178 21.295000076293949 -0.012312857775443662
decision_type=2 2 2 2 2 2 2 2 2 2 2 2 2 2 2 2 2 2 2 2 2 2 2 2 2 2 2 2 2 2
left_child=1 -1 8 4 7 6 -6 -3 9 11 -4 12 20 -14 15 -13 17 -11 -17 -20 22 -22 23 24 -2 -25 27 -24 -29 -30
right_child=2 3 10 -5 5 -7 -8 -9 -10 16 -12 14 13 -15 -16 18 -18 -19 19 -21 21 -23 26 25 -26 -27 -28 28 29 -31
leaf_value=8.0051674447667402e-05 -0.0014694401388361451 7.5829000296051657e-07 -0.0014262030634167872 0.00024580554185327377 -0.00077101607935673897 -3.9186844165581601e-05 -0.00062236368008119667 -0.00051870386415894375 0.00031371169264679278 -0.00049753549444535609 -0.00028541303179390522 0.00010471283598750769 -0.0013251588319721471 -0.0002486199494518508 0.00044693922023630503 -1.1984295661559797e-05 6.7004894173850941e-05 -0.0025054365376439981 -0.00016154897822797157 -0.0011429794534399233 -2.7148020874303871e-06 -0.00059489371873070265 -0.00010029397990008302 1.586057302091729e-05 0.0004507388823318184 -0.00059710701919122894 0.00011318922414268665 -0.00019620262384606511 -0.0027802378225725579 -0.0012184675881768878
leaf_weight=25604 59 10736 57 1130 76 413 77 46 610 60 2325 1452 54 86 710 152 64 42 59 105 69 51 9677 241 1039 177 995 433 47 64
leaf_count=25604 59 10736 57 1130 76 413 77 46 610 60 2325 1452 54 86 710 152 64 42 59 105 69 51 9677 241 1039 177 995 433 47 64
internal_value=0.000267149 0.000736831 -0.000693043 1.5227e-05 -0.000221184 -0.00374558 -0.0126471 -3.61712e-05 -0.000444417 -0.000573676 -0.00238875 -0.000504201 -0.000768935 -0.00821429 0.000883777 -0.000118778 -0.00704819 -0.0116667 -0.00481013 -0.00871951 -0.00068783 -0.00708333 -0.000627552 0.00100923 0.00258652 -0.00313397 -0.000848787 -0.00107573 -0.00566176 -0.0229279
internal_weight=56710 38082 18628 12478 11348 566 153 10782 16246 15636 2382 15470 12992 140 2478 1768 166 102 316 164 12852 120 12732 1516 1098 418 11216 10221 544 111
internal_count=56710 38082 18628 12478 11348 566 153 10782 16246 15636 2382 15470 12992 140 2478 1768 166 102 316 164 12852 120 12732 1516 1098 418 11216 10221 544 111
is_linear=0
shrinkage=0.05


Tree=25
num_leaves=31
num_cat=0
split_feature=5 6 6 15 10 13 13 13 10 5 16 16 1 14 12 12 10 16 5 15 14 12 0 1 14 13 15 9 13 13
split_gain=8.1204 2.93536 2.74683 2.277 2.69935 5.71496 2.1147 2.03163 3.6868 2.04795 2.23376 2.89651 2.01764 1.97571 1.96963 2.35684 2.38168 5.49527 2.077 1.90404 1.72032 4.29258 2.3661 1.97603 1.67257 4.05911 1.65962 1.65101 3.12759 8.52306
threshold=0.014728635586100396 -0.22483894054698433 1.292048826565799 0.013627280682997569 0.015549892737221739 19.625000000000004 13.869999885559084 31.844999313354496 -0.029463592833469218 0.020960969237407302 0.019959141703961517 0.017448320044280655 0.0076212460175947303 0.06920052511090892 0.032942550894698559 0.0086975784270316731 0.015549892737221739 -0.023441247901116399 0.010058563404026799 0.035094811877562256 0.15797637088179853 -0.026837542037430936 -1.0000000180025095e-35 -0.011578764948305174 -0.06426442822534599 13.305000305175783 0.011771614539147325 -0.07202889766116731 13.194999694824221 13.085000038146974
decision_type=2 2 2 2 2 2 2 2 2 2 2 2 2 2 2 2 2 2 2 2 2 2 2 2 2 2 2 10 2 2
left_child=1 26 3 4 7 -6 -5 8 -2 -10 11 -11 -13 -12 15 16 20 -18 -17 -4 -3 23 -23 -22 25 -16 27 28 29 -1
right_child=2 14 19 6 5 -7 -8 -9 9 10 13 12 -14 -15 24 18 17 -19 -20 -21 21 22 -24 -25 -26 -27 -28 -29 -30 -31
leaf_value=5.7871110471097983e-06 -0.0022034592756909701 0.00010195290982807635 -0.00025876056964121064 -0.0023665994139609966 -0.00012252742234222805 -0.00066493114174211697 0.00018492276800591883 0.00073690162628290464 -3.8146370345208818e-06 -0.00019490255961663648 0.00010967513727625073 -0.0017133846805536719 -0.00096168346461489676 -0.00084192846027418252 -0.00042911750684380512 6.3729541986907095e-05 -0.00075723169989259887 1.3110974371863144e-06 -0.00011525070758030768 -0.00049444781891590803 -0.00014331218920009923 0.00024431908668090253 -0.00034717072396591082 -0.00070067891800715645 0.00011304768324118282 2.7074618953480136e-05 0.00024732737766309436 0.00010738632345901522 2.8379097142154056e-05 -0.00059613834645545988
leaf_weight=148 46 4821 2435 41 204 78 1504 349 12069 3902 1279 41 100 72 94 1788 65 213 4702 60 64 295 69 76 4892 488 1191 10677 4766 51
leaf_count=148 46 4821 2435 41 204 78 1504 349 12069 3902 1279 41 100 72 94 1788 65 213 4702 60 64 295 69 76 4892 488 1191 10677 4766 51
internal_value=0.000274832 0.000755814 -0.000471145 -0.00027305 -0.000429989 -0.00528369 0.00156958 -0.000353343 -0.000428637 -0.000391399 -0.00120133 -0.00178951 -0.00882979 0.000558845 0.000303695 -5.25095e-05 0.000698733 -0.00381295 -0.000701078 -0.00203407 0.000934272 -0.00184524 0.00101648 -0.00928571 0.00109061 -0.0014433 0.00122765 0.00109065 0.000337362 -0.00580402
internal_weight=56580 34400 22180 19685 18140 282 1545 17858 17509 17463 5394 4043 141 1351 17567 12093 5603 278 6490 2495 5325 504 364 140 5474 582 16833 15642 4965 199
internal_count=56580 34400 22180 19685 18140 282 1545 17858 17509 17463 5394 4043 141 1351 17567 12093 5603 278 6490 2495 5325 504 364 140 5474 582 16833 15642 4965 199
is_linear=0
shrinkage=0.05


Tree=26
num_leaves=31
num_cat=0
split_feature=4 5 11 16 14 14 16 13 16 16 10 10 13 11 16 10 16 16 10 11 11 13 13 14 10 10 6 10 10 6
split_gain=7.81093 3.29845 2.52258 5.92134 3.23763 12.272 12.2122 5.41951 5.02647 4.65749 3.7826 5.50978 3.81781 5.33317 3.38771 4.35258 3.87114 5.87212 3.99509 5.25059 8.01059 5.96188 3.12739 2.99673 3.32723 5.78146 2.43897 2.3946 2.36878 2.56921
threshold=0.020094673776792072 0.018890155861373142 -0.017686131484892616 -0.032531637882484192 -0.0083108400172760537 -0.007258231789176727 0.0086511307364703933 19.010000228881839 -0.024234049097731965 -0.026171265533862949 -1.4888588054484673e-05 -4.753109873517624e-05 18.675000190734867 -0.01680301263819178 0.0096290460770676062 -0.010966446415133555 0.0017343249198992219 0.00065190084926847202 -0.0061039058742593513 0.0029094650612268018 0.0023967132721236521 13.605000019073488 18.719999313354496 -0.0014478944064891806 -0.00090813220521157579 -0.00032910351187348525 2.099151356827107 0.015821665920311759 -0.0051935568801995671 2.0237572105634785
decision_type=2 2 2 2 2 2 2 2 2 2 2 2 2 2 2 2 2 2 2 2 2 2 2 2 2 2 2 2 2 2
left_child=-1 2 -2 -4 8 6 -6 10 9 -5 11 12 13 -7 16 -16 17 18 -15 20 21 -20 -14 -17 -25 -26 -3 -28 -23 -30
right_child=1 26 3 4 5 7 -8 -9 -10 -11 -12 -13 22 14 15 23 -18 -19 19 -21 -22 28 -24 24 25 -27 27 -29 29 -31
leaf_value=7.7141242794601128e-05 0.00010151845559893258 -0.0001006013151050169 -0.00035623263089654085 0.00016052184217195788 -2.6918739067159328e-05 -0.00033479855795875464 -0.0010288348291156355 0.00017790811245397829 6.2974167482538306e-05 -0.00049632345985225427 1.4159073708173523e-05 -0.0012537079733077941 -0.00048711873413652521 0.00015000882395076136 -0.00067030112041304183 -0.0006971645174341924 0.000237253960124192 -0.0012716867050313414 -0.0007804442255022455 0.00025259018982781148 -0.0011033715979726258 -0.00049565237101369607 -0.00035723073864801932 -5.6527724436492066e-05 -0.00075688847107745021 -9.8481404605916663e-05 -0.00046490432290249704 -0.0016963177777965383 -3.3027177073766424e-05 -0.00079235213354904082
leaf_weight=22305 3530 9182 64 92 154 66 146 1957 10232 131 3421 77 41 880 135 69 902 56 61 371 49 123 171 1087 67 109 495 44 563 41
leaf_count=22305 3530 9182 64 92 154 66 146 1957 10232 131 3421 77 41 880 135 69 902 56 61 371 49 123 171 1087 67 109 495 44 563 41
internal_value=0.00024558 -0.000227882 8.03011e-05 -0.000126988 -8.07103e-05 -0.000698843 -0.0106667 -0.000406988 0.000542803 -0.00688341 -0.000965738 -0.00186113 -0.00164788 -0.00134418 -0.00113782 -0.00311179 -0.00018713 -0.00134328 -0.000914751 -0.00278146 -0.0049761 -0.00375634 -0.00820755 -0.00224474 -0.00169042 -0.00806818 -0.00100761 -0.00427644 -0.00249656 -0.00120861
internal_weight=56621 34316 24595 21065 21001 10546 300 10246 10455 223 8289 4868 4791 4579 4513 1467 3046 2144 2088 1208 837 788 212 1332 1263 176 9721 539 727 604
internal_count=56621 34316 24595 21065 21001 10546 300 10246 10455 223 8289 4868 4791 4579 4513 1467 3046 2144 2088 1208 837 788 212 1332 1263 176 9721 539 727 604
is_linear=0
shrinkage=0.05


Tree=27
num_leaves=31
num_cat=0
split_feature=5 6 6 11 4 13 15 11 11 10 14 11 9 14 14 13 14 12 15 14 14 10 11 1 13 11 10 13 13 9
split_gain=6.80341 3.80718 3.06437 2.69167 2.17763 2.14226 4.54563 4.13372 13.2523 10.3214 4.86409 4.90436 3.96301 3.60839 3.12049 4.76146 5.2097 3.73107 4.1432 8.78241 6.41973 4.38041 6.79812 3.09997 3.06686 2.67561 2.60017 3.70559 3.38726 2.52087
threshold=0.014728635586100396 -0.20096632156436309 1.6489852897147028 0.028003232862589215 0.061259804072719574 20.060000419616703 -0.017588270772269262 -0.0065367397500866167 -0.0072461958036925669 0.0063179668043742429 -0.025765440759432264 -0.012951361499321188 0.13870984033029968 -0.077913276979976895 0.039162482689633411 19.814999580383304 -0.0087527259018278496 0.0086975784270316731 -0.0051989458545639846 0.018846539562811352 0.028010740507291913 0.015549892737221739 0.019556764027941379 -0.061390046799881463 14.194999694824221 0.008405141908930493 -0.016935534775352808 31.844999313354496 29.835000038146976 -0.10556178853600771
decision_type=2 2 2 2 2 2 2 2 2 2 2 2 10 2 2 2 2 2 2 2 2 2 2 2 2 2 2 2 2 10
left_child=1 -1 5 -3 -4 6 12 8 10 29 11 23 25 -8 15 17 -17 18 19 -15 -21 -20 -23 -7 -16 -2 27 28 -12 -10
right_child=2 3 4 -5 -6 7 13 -9 9 -11 26 -13 -14 14 24 16 -18 -19 21 20 -22 22 -24 -25 -26 -27 -28 -29 -30 -31
leaf_value=8.3358446458780546e-05 -2.7692698909345781e-05 2.4616144588643155e-07 -0.0002545450970003611 0.00020795693077596926 -0.0020004795530408036 -0.00083160867782269279 0.00017451708889415065 0.00019505268799198286 0.00033048695401731074 -0.0035327772999670204 -0.00017391370908371258 -0.00050961026788923973 -0.0015005834851421081 0.00011713602407139302 -0.00039032720934880846 0.00041672412195870333 -0.00091907776672343346 -5.2446678814287609e-05 -0.00010866029331705514 -0.0011481214417560666 -0.00056209910082261343 -0.0012250647381202464 -1.1351652613493838e-05 4.7273236687989228e-05 0.00013954608576688225 -0.00088448034557260166 0.00027011041669051201 0.0007249844777129094 -0.00089500509224884608 -0.0017158196108334293
leaf_weight=17221 125 15928 1814 1226 86 122 1198 2335 41 42 414 313 47 131 242 58 74 7715 2072 95 59 52 64 541 2326 54 1824 270 96 43
leaf_count=17221 125 15928 1814 1226 86 122 1198 2335 41 42 414 313 47 131 242 58 74 7715 2072 95 59 52 64 541 2326 54 1824 270 96 43
internal_value=0.000259412 0.000700364 -0.000421741 0.000173138 -0.00234211 -0.00024247 -0.00057574 0.000547095 -0.000491095 -0.0164286 6.98326e-05 -0.00294057 -0.00761062 -0.000462871 -0.000706859 -0.00109496 -0.0105303 -0.000972713 -0.00266276 -0.00833333 -0.0164286 -0.00192413 -0.0113793 -0.000505279 0.000852804 -0.00421788 0.00119816 -0.00121795 -0.00372549 -0.00630952
internal_weight=56628 34375 22253 17154 1900 20353 14312 6041 3706 126 3580 976 226 14086 12888 10320 132 10188 2473 285 154 2188 116 663 2568 179 2604 780 510 84
internal_count=56628 34375 22253 17154 1900 20353 14312 6041 3706 126 3580 976 226 14086 12888 10320 132 10188 2473 285 154 2188 116 663 2568 179 2604 780 510 84
is_linear=0
shrinkage=0.05


Tree=28
num_leaves=31
num_cat=0
split_feature=5 6 11 15 16 10 16 10 11 3 0 5 11 16 6 3 0 13 7 11 11 0 16 16 3 12 12 16 0 13
split_gain=6.82987 3.16925 3.00019 3.54579 3.31022 4.52074 3.04375 2.53335 3.37877 2.49682 4.14769 2.19821 2.15707 2.35648 2.09052 1.98182 1.91214 1.86711 2.25015 1.7029 7.30707 7.14059 2.52384 2.74558 3.03333 1.69719 3.35964 7.22666 7.27467 3.19254
threshold=0.012940287201519499 0.67197858077914308 -0.022672211523631577 -0.014149651100142878 -0.032531637882484192 -0.0012572385131596751 -0.052662510641875819 0.00048355916176134889 -0.025492153007652226 0.0034533273834569393 -0.021555000335715609 0.033230167688603283 0.034061336593809395 0.029564188422269381 1.3294663854581807 -0.0055972215496575819 -0.0037699771523828636 19.085000038146976 -0.041828645076959374 0.037714619913018062 0.036250382984596159 0.0075036671943059527 0.051970924172370377 0.055781063865113063 0.0071303292617939116 0.027544134222988518 0.027224927035168659 0.0045931003912819133 -0.0024253497613610504 13.13000011444092
decision_type=2 2 2 2 2 2 2 2 2 2 2 2 2 2 2 2 2 2 2 2 2 2 2 2 2 2 2 2 2 2
left_child=14 2 6 9 5 -5 15 -8 17 -4 -11 19 13 -3 25 -2 -7 -9 -19 20 -6 -22 -21 24 -24 26 29 28 -28 -1
right_child=1 12 3 4 11 16 7 8 -10 10 -12 -13 -14 -15 -16 -17 -18 18 -20 22 21 -23 23 -25 -26 -27 27 -29 -30 -31
leaf_value=-0.00020958719274241793 -0.0013207797922141699 -0.00013462636826291709 -0.00013726193955661414 0.00019931742462620048 6.605562390033036e-06 -0.00097038134069471742 0.00033320350772927568 -0.00038283372603064843 0.00051045063480430935 -0.00088241135992204751 -0.00059362393543062808 -0.0005168182876876151 0.00020736834901360649 -0.00043530462752094365 -4.3683411426499452e-05 0.0027959463520593818 -0.00027838170241587678 -0.00047438536879341802 3.0100148016370617e-05 0.00032231440930787468 -0.0013600357069414996 0.00025233006732763521 -0.00084449261673873394 7.6546131269321282e-05 3.8314398967874606e-05 0.00012080917879252096 -0.00068182433449242002 0.00026682673498623822 -1.5195450402126878e-05 6.1865481786912304e-05
leaf_weight=536 55 5373 921 53 19246 50 1617 48 218 45 101 885 362 554 2959 41 63 112 223 974 62 47 65 342 70 9986 45 101 40 11546
leaf_count=536 55 5373 921 53 19246 50 1617 48 218 45 101 885 362 554 2959 41 63 112 223 974 62 47 65 342 70 9986 45 101 40 11546
internal_value=0.00026172 -0.000228851 2.13965e-05 -0.000151806 -1.44117e-05 -0.00704819 0.00173725 0.00211452 -0.000657238 -0.00296626 -0.0090411 3.94175e-05 -0.00123311 -0.00146195 0.000875144 -0.00697917 -0.0126991 -0.00348564 -0.00216418 0.000143228 1.9375e-05 -0.0128899 0.00179531 -0.00118449 -0.00722222 0.00104116 0.000647212 -0.00602151 -0.0167647 0.000749876
internal_weight=56740 31527 25238 22924 21857 166 2314 2218 601 1067 146 21691 6289 5927 25213 96 113 383 335 20806 19355 109 1451 477 135 22254 12268 186 85 12082
internal_count=56740 31527 25238 22924 21857 166 2314 2218 601 1067 146 21691 6289 5927 25213 96 113 383 335 20806 19355 109 1451 477 135 22254 12268 186 85 12082
is_linear=0
shrinkage=0.05


Tree=29
num_leaves=31
num_cat=0
split_feature=4 5 14 14 9 16 13 16 15 15 15 9 13 13 14 14 13 15 9 7 11 15 9 15 13 8 0 13 16 1
split_gain=6.01138 2.85597 3.24034 3.76159 6.26137 6.46832 3.24095 6.21066 6.2908 20.8094 5.00952 4.81022 4.85119 4.00998 5.27949 5.56872 5.6442 6.53617 4.11984 3.35873 2.89429 2.89075 3.64601 3.58377 2.58089 6.65602 2.55682 2.38557 2.18072 2.97028
threshold=0.020094673776792072 0.032107773739781041 -0.12096344977185801 -0.098691693357393515 0.22802210250893531 0.0043550782599217639 20.060000419616703 0.0017343249198992219 0.0092286536313063178 0.011609809416583407 -0.017588270772269262 0.15654426546375136 18.564999580383304 22.330000877380375 -0.023857248245640224 0.15797637088179853 38.065000534057624 -0.012812211141565997 -0.089751894118386896 -0.013788923481681923 -0.022024026906729662 0.021499022875503985 0.10961580633754743 0.01407487684682074 19.98499965667725 0.20549900461619877 -0.012526080264437965 18.719999313354496 -0.020899886147771881 0.016168842764200279
decision_type=2 2 2 2 8 2 2 2 2 2 2 10 2 2 2 2 2 2 10 2 2 2 10 2 2 8 2 2 2 2
left_child=-1 2 -2 4 -4 -6 10 8 13 -10 11 12 -5 -8 18 -16 17 19 -15 -17 -11 23 -23 24 -12 -26 -21 -14 -20 -30
right_child=1 -3 3 6 5 -7 7 -9 9 20 21 -13 27 14 15 16 -18 -19 28 26 -22 22 -24 -25 25 -27 -28 -29 29 -31
leaf_value=7.1240140925857493e-05 0.00018594493509944884 -0.00054249095419910977 -1.7473367835078082e-06 0.00022698627103960188 -0.00057237986316030216 0.00063189387676529114 0.00022629306454468874 0.00030293291844517989 -0.0029222278814830679 -0.00073358084068985134 -2.339995175988608e-05 -0.0013562774954355835 -0.00093478320689363971 0.00010968883148143718 0.00014419254956386614 -0.00098480052516357807 0.0004563742043828371 0.00019565217212924328 -0.00091618392806142111 -0.00073270689154901437 3.0478959547303415e-05 -8.3859625215069046e-05 -0.0014083502456130601 0.00033667868784931936 9.4932004943390673e-05 -0.00079399410301236515 -0.0007990866018327946 -0.00038652161226335798 -0.00027043971797696312 -0.00085404021164071356
leaf_weight=22258 1429 1551 495 149 225 67 1473 2174 47 51 22277 46 49 142 1757 204 176 135 89 44 251 101 46 817 84 51 44 161 151 47
leaf_count=22258 1429 1551 495 149 225 67 1473 2174 47 51 22277 46 49 142 1757 204 176 135 89 44 251 101 46 817 84 51 44 161 151 47
internal_value=0.00025808 -0.000156846 -5.76534e-05 -0.00016378 -0.00357687 -0.00938356 -7.59011e-05 0.000887988 -0.000150726 -0.00660458 -0.00035091 -0.0058642 -0.00391365 0.000377757 -0.000736823 0.000190678 -0.00395522 -0.00706089 -0.00583916 -0.0112671 -0.00178808 -0.00025539 -0.0072449 -0.000211158 -0.000329734 -0.00722222 -0.0194318 -0.00880952 -0.00928571 -0.00636364
internal_weight=56591 34333 32782 31353 787 292 30566 6785 4611 349 23781 405 359 4262 2789 2360 603 427 429 292 302 23376 147 23229 22412 135 88 210 287 198
internal_count=56591 34333 32782 31353 787 292 30566 6785 4611 349 23781 405 359 4262 2789 2360 603 427 429 292 302 23376 147 23229 22412 135 88 210 287 198
is_linear=0
shrinkage=0.05


Tree=30
num_leaves=31
num_cat=0
split_feature=4 6 6 8 15 11 13 13 16 8 16 11 11 11 16 11 16 16 15 11 9 1 16 11 12 12 12 11 8 13
split_gain=5.75086 3.28034 2.35295 2.07087 1.83809 1.81492 2.73639 8.41683 2.63315 3.36128 2.61264 4.58871 3.46442 11.7889 2.54656 2.37461 1.99681 2.83968 3.51228 5.36708 1.86086 1.84262 1.68962 3.74944 8.40105 3.52346 5.65839 2.74994 2.67769 1.88753
threshold=0.030053254744409615 -0.20890455254012155 1.1138871629347566 -0.16801226008986545 0.017140802593090369 -0.020171834808393903 27.855000495910648 30.345000267028812 -0.015134049650694368 0.33549387461030339 -0.021325673050327284 -0.019307177891106305 0.0047087811443838898 0.0023967132721236521 -0.020456175398356476 -0.0025925478918460416 -0.0096145263179492884 -0.0070577485052474289 1.0000000180025095e-35 -0.010867382103134591 0.062041032591791508 -0.014138970877122901 0.0074942577710678257 0.0030141112553000453 0.057603305359047348 0.035141540141213297 0.023999883801220871 -0.0031311720849904741 -0.021854429774755043 19.880000114440922
decision_type=2 2 2 10 2 2 2 2 2 8 2 2 2 2 2 2 2 2 2 2 8 2 2 2 2 2 2 2 10 2
left_child=1 -1 4 -4 -2 6 -3 -8 9 10 -7 -12 13 14 -13 21 -10 18 19 -18 -15 -16 -19 24 25 26 -24 -28 -29 -25
right_child=2 5 3 -5 -6 8 7 -9 16 -11 11 12 -14 20 15 -17 17 22 -20 -21 -22 -23 23 29 -26 -27 27 28 -30 -31
leaf_value=6.5390048533372358e-05 -8.312561089701009e-05 0.0001809067306765517 -0.0013007357310982392 -0.00029792065165063663 0.0002778317991173717 1.8440683967956155e-05 -0.0013629135881921654 0.00028972044611171092 0.00016350831879374418 -0.00088788678872335481 -0.0011411522469926857 -0.00035538328746784805 0.00040923915054015254 -0.00097006816028847318 2.8804006178340446e-05 0.00038756320368861594 -0.00035629464575461298 7.2057112885800051e-05 -0.00037470713910136254 0.00018474178517479387 -0.00065653882423738767 -0.00033065348782054365 -8.98991014775333e-05 3.5330005859504731e-08 -0.0013065710054719671 0.00023876265743867056 -0.00086055437657193761 -0.0007524083115935231 -0.00011161290928126292 0.00033841193038284059
leaf_weight=22976 9266 2150 128 1381 583 1137 65 105 1258 77 65 53 184 50 330 204 56 5680 334 413 66 319 778 7999 69 350 49 40 152 321
leaf_count=22976 9266 2150 128 1381 583 1137 65 105 1258 77 65 53 184 50 330 204 56 5680 334 413 66 319 778 7999 69 350 49 40 152 321
internal_value=0.000256718 0.000509055 -0.000749251 -0.00258781 -0.00046756 7.71164e-05 0.00140086 -0.00470588 -7.65611e-05 -0.0015996 -0.00127076 -0.00282848 -0.00213101 -0.0032681 -0.00134658 -0.000685815 0.000139722 -8.92784e-06 -0.00290785 -0.000117271 -0.0182759 -0.00216487 0.000141858 -0.000257225 -0.00261474 -0.00175676 -0.00324338 -0.00993776 -0.00723958 0.000150241
internal_weight=56638 45280 11358 1509 9849 22304 2320 170 19984 2485 2408 1271 1206 1022 906 853 17499 16241 803 469 116 649 15438 9758 1438 1369 1019 241 192 8320
internal_count=56638 45280 11358 1509 9849 22304 2320 170 19984 2485 2408 1271 1206 1022 906 853 17499 16241 803 469 116 649 15438 9758 1438 1369 1019 241 192 8320
is_linear=0
shrinkage=0.05


Tree=31
num_leaves=31
num_cat=0
split_feature=4 13 12 4 13 10 14 15 15 10 14 12 0 13 10 15 1 10 13 14 14 13 13 12 9 15 3 10 10 10
split_gain=5.00143 3.12289 2.60018 2.37391 1.92876 4.56747 1.728 2.45324 2.88525 6.46993 5.18881 4.66478 2.39586 1.83294 2.63102 4.32515 2.18338 2.17783 5.78672 3.02736 7.33929 2.95771 4.40408 2.8238 2.68503 2.63377 2.87802 2.30559 4.1766 10.2347
threshold=0.021076627602202132 27.855000495910648 -0.075828258528587975 0.035359888972299393 12.00999975204468 0.0066086691351624491 -0.12096344977185801 0.021499022875503985 0.013627280682997569 0.015549892737221739 -0.060408912479391223 0.027728994316604031 0.0091217550103955842 27.365000724792484 -0.0061039058742593513 -0.014693707057613191 0.020401116520581412 -0.0052692990008561527 17.090000152587894 0.076607678117126224 0.080638292039736062 17.445000648498539 17.605000495910648 0.029341828441340815 0.23544199219154274 -0.0068284211342067849 0.00056476623572598872 -0.0036673028529217162 1.0000000180025095e-35 -4.753109873517624e-05
decision_type=2 2 2 2 2 2 2 2 2 2 2 2 2 2 2 2 2 2 2 2 2 2 2 2 8 2 2 2 2 2
left_child=1 4 -2 6 5 -1 -4 8 9 13 11 12 -11 14 -8 -16 -15 18 25 21 23 -19 24 -21 -23 -17 -27 -24 29 -29
right_child=2 -3 3 -5 -6 -7 7 -9 -10 10 -12 -13 -14 16 15 17 -18 19 -20 20 -22 22 27 -25 -26 26 -28 28 -30 -31
leaf_value=4.6675701886705985e-05 0.00030376146660618999 -0.00096043849999472063 0.00015875741949048199 -0.00015429757706027512 6.4195495255127508e-05 -0.00042598306063411102 9.6503030606288995e-05 -0.00032021793702132053 0.00027523120453098185 -0.00044983089234377463 0.00024932547444240165 0.00051498969549297873 -0.00085773082132890367 -0.00013957689335898193 -0.0005567628461894689 -0.0006634685737854926 -0.00056266040109280771 4.6688738606002847e-05 0.00017114860178962774 -0.0009321091345441681 0.00012960040628685107 -5.1291776165266533e-05 0.00028757517596129527 -0.00042975071233436945 -0.0007115494685331035 0.00017645659911091183 -0.00040087951330720786 -0.00018783832236340131 -6.3928143043151007e-06 -0.0011960772846440395
leaf_weight=129 789 42 1001 6079 25258 53 3902 203 1144 70 91 42 86 256 203 110 52 10385 275 95 284 46 539 103 65 92 62 1480 3668 74
leaf_count=129 789 42 1001 6079 25258 53 3902 203 1144 70 91 42 86 256 203 110 52 10385 275 95 284 46 539 103 65 92 62 1480 3668 74
internal_value=0.000245951 0.000765639 -0.000178548 -0.00025208 0.000788129 -0.00434066 -3.12395e-05 -0.000118532 -7.04893e-05 -0.000197907 -0.00762976 -0.0121717 -0.0161538 -9.88888e-05 -4.37261e-05 -0.00030576 -0.00392857 -0.000220511 -0.00334879 -0.00011978 -0.0040249 -3.99809e-06 -0.000900885 -0.0114141 -0.0107658 -0.00863636 -0.00441558 -0.000710814 -0.00103217 -0.00320463
internal_weight=56678 25482 31196 30407 25440 182 24328 23327 23124 21980 289 198 156 21691 21383 17481 308 17278 539 16739 482 16257 5872 198 111 264 154 5761 5222 1554
internal_count=56678 25482 31196 30407 25440 182 24328 23327 23124 21980 289 198 156 21691 21383 17481 308 17278 539 16739 482 16257 5872 198 111 264 154 5761 5222 1554
is_linear=0
shrinkage=0.05


Tree=32
num_leaves=31
num_cat=0
split_feature=4 6 15 8 15 15 15 9 16 13 11 15 12 11 12 10 15 13 3 13 13 7 12 8 13 10 12 15 12 8
split_gain=4.29976 2.87672 2.08749 3.80628 2.25245 4.82982 6.40118 6.31924 6.08089 5.75958 9.01845 4.61856 4.98441 6.78343 5.96519 7.30332 4.39444 4.21915 4.2329 8.19816 4.78668 3.64204 3.27194 3.24813 3.05897 2.90398 6.31551 6.74174 4.42263 2.82441
threshold=0.028603647637805988 1.0209567110226028 -0.022177877438313117 -0.0063997014066136107 -0.00023410918914362752 0.0069209055601037192 0.0066620949053729514 0.39383356243184037 0.017186382389062452 13.194999694824221 0.025024646146281086 0.0065186067570516268 -0.0023464232413596404 0.028003232862589215 -0.023427957262836582 -0.00025978449841479451 -1.0000000180025095e-35 12.555000305175783 -0.0067258461282276851 21.409999847412113 21.82499980926514 0.00897737775771912 -0.038043904409190692 -0.15073656049628173 12.494999885559084 -1.4888588054484673e-05 0.031537858350708665 0.00016243419886563529 0.066365823842825869 0.046045367559230395
decision_type=2 2 2 10 2 2 2 8 2 2 2 2 2 2 2 2 2 2 2 2 2 2 2 10 2 2 2 2 2 10
left_child=1 2 3 -1 -4 6 7 25 -8 10 -9 12 14 16 22 -16 -14 24 19 -19 -21 -10 23 -11 -7 26 27 -6 29 -28
right_child=-2 -3 4 -5 5 17 8 9 21 11 -12 -13 13 -15 15 -17 -18 18 -20 20 -22 -23 -24 -25 -26 -27 28 -29 -30 -31
leaf_value=3.1372994712394328e-06 -6.3824592704220465e-05 -4.7427725399439225e-05 8.8130330310162751e-05 -0.00048740388412915348 -0.00034199783177280138 -3.7040993393294244e-05 -5.3867814785405891e-05 4.2574141604972325e-05 -0.0005453848785354924 -0.00061298907558583358 -0.00070590679510473852 -0.00053511689880889881 -0.00036853931182423628 -0.00057375573216960653 0.00044390589855551892 -0.0005370874501552333 6.3987256431648521e-05 0.00012100775158806426 0.00014166028260273228 -0.0021330625052994553 -0.00021777920196884481 -0.0003305211028532871 0.00045874830196124765 -4.2367920681174981e-06 -0.00029405651110145104 7.412854852678353e-05 -0.00034510791719832628 0.00027836498996961233 0.00014057885002903946 -8.4297262694825781e-05
leaf_weight=218 13371 6407 16264 82 133 94 136 55 54 53 60 47 59 129 59 228 1650 260 8576 53 58 80 149 113 60 6468 305 949 228 263
leaf_count=218 13371 6407 16264 82 133 94 136 55 54 53 60 47 59 129 59 228 1650 260 8576 53 58 80 149 113 60 6468 305 949 228 263
internal_value=0.000241877 0.000483946 0.000653824 -0.0035 0.000687888 0.000336877 -0.000357461 -0.000169894 -0.00796296 -0.00232129 -0.0132609 -0.00181544 -0.00151639 -0.000223068 -0.00546512 -0.0106794 0.000611469 0.00119273 0.00133397 -0.00389488 -0.0152703 -0.0155224 -0.000714286 -0.00554217 -0.00701299 0.000500839 -0.00123003 0.00125693 -0.00461055 -0.00697183
internal_weight=56661 43290 36883 300 36583 20319 11218 10948 270 2602 115 2487 2440 1838 602 287 1709 9101 8947 371 111 134 315 166 154 8346 1878 1082 796 568
internal_count=56661 43290 36883 300 36583 20319 11218 10948 270 2602 115 2487 2440 1838 602 287 1709 9101 8947 371 111 134 315 166 154 8346 1878 1082 796 568
is_linear=0
shrinkage=0.05


Tree=33
num_leaves=31
num_cat=0
split_feature=5 11 10 10 9 12 12 10 9 13 9 14 14 13 13 10 16 14 9 10 11 16 16 14 3 15 15 10 16 14
split_gain=4.31732 2.58005 3.52948 12.2608 10.787 3.89828 7.49347 10.347 7.15419 4.39172 7.24179 3.9937 3.64632 4.76278 12.311 12.2807 9.49649 8.48676 6.94034 6.60736 6.35102 6.30507 6.98848 11.2634 7.31525 4.34569 3.95826 3.94293 3.94208 3.73705
threshold=0.010097016776292289 0.029305093404121577 -0.0042544467454991288 -0.0041028973297421159 -0.0045321353969553493 0.020963092201194859 0.020115024475367619 0.0059229211260980472 0.06448699610678689 13.234999656677248 -0.10913724236817827 0.078404529959544514 -0.12096344977185801 17.445000648498539 17.914999961853031 0.00040263082252767207 0.03550393863668045 -0.098691693357393515 inf -4.753109873517624e-05 -0.01680301263819178 0.00097369828859239515 -0.0096145263179492884 -0.012079756674524154 -0.011353570959959812 0.0054803121949258413 0.0072581281535450968 -0.0021138805299539261 -0.031384118812434796 -0.027977831131809735
decision_type=2 2 2 2 10 2 2 2 10 2 10 2 2 2 2 2 2 2 8 2 2 2 2 2 2 2 2 2 2 2
left_child=-1 2 -2 4 -4 6 9 8 -8 10 -5 12 -11 16 15 19 -14 20 21 -15 -16 22 27 26 -25 -17 -24 -19 -29 -23
right_child=1 -3 3 5 -6 -7 7 -9 -10 11 -12 -13 13 14 17 25 -18 18 -20 -21 -22 29 23 24 -26 -27 -28 28 -30 -31
leaf_value=9.5090447848927416e-05 5.9337516627948393e-05 0.00011596570145200953 -0.0004070051848761509 -0.00070172251610049361 -0.0015031416881014497 2.0976488810064064e-05 -0.00038229540183098797 0.00044313763228306019 -0.0013919900118531186 0.00015280402263033807 -0.00016152861503139008 -0.00039630584605871745 3.4976574291236519e-05 -0.00078555156387199044 -2.0077096736900958e-05 -0.00038085604857059823 -0.00075179361847247739 0.0006992639377241506 0.00024664026432780873 -0.0010112423326591811 -0.00053243826922246505 -9.7474679126671683e-05 -0.000630012128956464 -0.0023035202684774042 -0.00059944681657680314 0.0004259945354337264 1.1517508193352712e-05 -0.00063030686590326616 -7.6549745488416117e-05 0.00043270708628908357
leaf_weight=8959 11045 4403 93 40 74 16876 133 126 93 1299 97 277 6684 240 193 58 184 252 1378 182 275 712 188 66 190 232 342 264 1081 711
leaf_count=8959 11045 4403 93 40 74 16876 133 126 93 1299 97 277 6684 240 193 58 184 252 1378 182 275 712 188 66 190 232 342 264 1081 711
internal_value=0.000220012 3.11796e-05 -8.5859e-05 -0.000349412 -0.0138623 -0.000279271 -0.000857357 -0.00806818 -0.014469 -0.000687521 -0.00959854 -0.000605078 -0.000491707 -0.000739873 -0.00172533 -0.00792135 0.000173268 -0.000944798 -0.000362654 -0.0133649 -0.00739316 -0.00146348 -0.00303609 -0.00689567 -0.0155078 1.86265e-10 -0.00273585 -0.00113651 -0.0022119 0.00117006
internal_weight=56747 47788 43385 32340 167 32173 15297 352 226 14945 137 14808 14531 13232 6364 712 6868 5652 5184 422 468 3806 2383 786 256 290 530 1597 1345 1423
internal_count=56747 47788 43385 32340 167 32173 15297 352 226 14945 137 14808 14531 13232 6364 712 6868 5652 5184 422 468 3806 2383 786 256 290 530 1597 1345 1423
is_linear=0
shrinkage=0.05


Tree=34
num_leaves=31
num_cat=0
split_feature=5 13 16 15 14 15 9 12 16 11 9 14 10 15 10 9 13 10 11 11 9 13 11 16 10 10 13 14 13 8
split_gain=4.50551 3.6976 5.20842 4.82888 3.32519 3.21014 4.5547 3.20868 4.5691 10.2716 3.26617 3.95947 3.84045 3.1249 3.78805 7.53002 4.60681 4.08805 3.02586 2.76646 3.00256 6.7397 2.94438 5.85784 3.39347 4.22776 4.06389 9.00746 5.03938 4.93605
threshold=0.013278308550207242 20.060000419616703 0.0021907609799732834 -0.017588270772269262 -0.075454415356713087 0.021499022875503985 0.13075033450328569 -0.0063801556439739273 -0.0086552204692673645 -0.0041059390871155945 0.18397210608082795 -0.012079756674524154 0.0063179668043742429 0.013839825176110489 0.011878955917729141 -0.10556178853600771 16.355000495910648 0.012431917251868764 0.008405141908930493 0.029571955445533264 0.83859444964759167 18.510000228881839 -0.0037227155807691976 0.0182314411845832 0.0035872584015200775 0.0035295126653435154 17.445000648498539 0.039671535485110161 18.214999198913578 0.33549387461030339
decision_type=2 2 2 2 2 2 10 2 2 2 10 2 2 2 2 10 2 2 2 2 8 2 2 2 2 2 2 2 2 8
left_child=-1 3 7 18 -5 13 -7 8 -3 10 11 -10 -13 14 19 -16 17 -17 -2 22 -21 -22 23 -6 25 26 -24 28 -28 -30
right_child=1 2 -4 4 5 6 -8 -9 9 -11 -12 12 -14 -15 15 16 -18 -19 -20 20 21 -23 24 -25 -26 -27 27 -29 29 -31
leaf_value=5.3673698506427388e-05 -0.0003698962426153932 -9.9675953202347671e-06 0.00024123180746706127 0.00014739265604155364 9.1409642678565183e-05 -0.00013046461618273467 -0.0014839653147685696 0.00021444739366141292 -0.00034713024142923302 0.0002753277890016346 -0.0016669865525003565 -0.00059328049938995881 -0.0024142248495387861 0.00028062047898202264 5.990534079598507e-05 -0.00088948674086447251 -0.0010539635045675158 0.00020353545991133918 -0.00088442109141371149 0.000186820543582658 0.00068291345552542082 -0.0013431676702120483 -8.0543305989816077e-05 -0.00086622976868614635 1.5532162459128069e-05 -0.00042580957490427401 -0.0006623319291866862 9.7212981948038184e-05 -6.9393424062605158e-05 -0.00037934296239906584
leaf_weight=27145 274 3673 2526 1971 3516 90 40 972 188 226 54 41 47 660 299 48 164 107 103 1566 71 42 6403 186 3741 101 683 822 656 216
leaf_count=27145 274 3673 2526 1971 3516 90 40 972 188 226 54 41 47 660 299 48 164 107 103 1566 71 42 6403 186 3741 101 683 822 656 216
internal_value=0.000230528 -0.000197382 0.000742203 -0.000531044 -0.000432139 -0.000630828 -0.00846154 -0.000162469 -0.000757862 -0.00498201 -0.0106061 -0.0084058 -0.0171591 -0.00057803 -0.000697868 -0.00454693 -0.00989028 -0.00370968 -0.00614058 -0.000565739 0.00136689 -0.00650442 -0.000764518 0.000475419 -0.00112819 -0.00166029 -0.00154328 -0.00330879 -0.00554662 -0.00302752
internal_weight=56631 29486 7727 21759 21382 19411 130 5201 4229 556 330 276 88 19281 18621 618 319 155 377 18003 1679 113 16324 3702 12622 8881 8780 2377 1555 872
internal_count=56631 29486 7727 21759 21382 19411 130 5201 4229 556 330 276 88 19281 18621 618 319 155 377 18003 1679 113 16324 3702 12622 8881 8780 2377 1555 872
is_linear=0
shrinkage=0.05


Tree=35
num_leaves=31
num_cat=0
split_feature=4 6 13 10 11 14 13 12 3 13 13 11 12 11 11 10 10 9 11 11 13 8 10 14 14 13 12 14 12 12
split_gain=4.85821 2.708 1.84352 5.46202 6.45825 4.1732 3.67248 2.79312 2.40985 2.40573 3.47862 5.59094 4.93196 3.80607 5.56878 2.63985 5.96596 10.0782 2.1288 4.30287 9.38292 3.7902 2.53599 2.24371 2.69026 5.03939 7.58271 2.52271 3.88307 6.3321
threshold=0.029378628190978393 0.99326372461205537 12.555000305175783 -0.0021138805299539261 0.020793253578218044 -0.06426442822534599 12.494999885559084 0.026070276169157917 0.0052453430809803478 14.614999771118166 14.765000343322756 -0.0023578847280503741 -0.015853080145958594 0.0083513913524695411 0.0056452584945124737 0.0019017631763441625 0.0018426398432722648 0.33468650819483808 -0.017686131484892616 -0.015548352361618832 15.984999656677248 0.15844649454542184 -0.0077272897241722474 -0.061929277885563232 -0.054107623009077337 16.765000343322757 0.031913925796026928 -0.028247300750300127 0.028818776627478896 0.028594683923194867
decision_type=2 2 2 2 2 2 2 2 2 2 2 2 2 2 2 2 2 8 2 2 2 8 2 2 2 2 2 2 2 2
left_child=1 2 3 -1 5 -5 8 -7 -6 15 11 -11 -13 14 -14 16 -4 -18 -12 20 -20 -22 -21 -24 25 26 -25 -26 29 -29
right_child=-2 -3 9 4 6 7 -8 -9 -10 10 18 12 13 -15 -16 -17 17 -19 19 22 21 -23 23 24 27 -27 -28 28 -30 -31
leaf_value=-0.00047651093317678962 -7.3225768048772576e-05 -3.6738868396527457e-05 6.3397260851466705e-05 -0.00025309488432152702 5.1062922819875033e-05 -0.0002564379301201173 -0.00028694501077140312 0.00019718578880410336 -0.00040183914256288324 -0.0012533724487003687 0.00012719016449978517 -0.00038033234661351387 -5.6138096297658436e-05 0.00016587848773341691 -0.00053809071337608387 0.00018650148812344048 1.6418575576962391e-05 -0.0008730445821143924 -0.00040687315234089205 0.00016157733583218483 4.2894261809107235e-06 -0.00067997739017746175 0.00013320953636991215 -0.00013750675350012869 0.00013791730105623283 0.0001239227385626838 -0.00089873529466685136 -4.5901770477173157e-05 8.2024056505714264e-05 -0.00066449757734566499
leaf_weight=135 12261 6788 5146 60 116 119 101 1229 42 50 3710 47 151 450 54 4505 107 57 54 2094 439 76 3243 363 2945 441 64 7554 4319 45
leaf_count=135 12261 6788 5146 60 116 119 101 1229 42 50 3710 47 151 450 54 4505 107 57 54 2094 439 76 3243 363 2945 441 64 7554 4319 45
internal_value=0.000269973 0.000512763 0.000678227 -0.000882353 -9.898e-05 0.0012358 -0.00735521 0.00181009 -0.00259494 0.00075653 0.000505575 -0.00284574 -0.00169516 -0.000572519 -0.00621951 0.00142384 0.00066855 -0.00871951 0.000605003 0.000415261 -0.00387522 -0.00179612 0.000531137 0.000348899 0.000102028 -0.00260369 -0.00647541 0.000260042 -6.37689e-05 -0.000744177
internal_weight=56765 44504 37716 1802 1667 1408 259 1348 158 35914 26099 752 702 655 205 9815 5310 164 25347 21637 569 515 21068 18974 15731 868 427 14863 11918 7599
internal_count=56765 44504 37716 1802 1667 1408 259 1348 158 35914 26099 752 702 655 205 9815 5310 164 25347 21637 569 515 21068 18974 15731 868 427 14863 11918 7599
is_linear=0
shrinkage=0.05


Tree=36
num_leaves=31
num_cat=0
split_feature=4 6 10 7 11 11 13 11 12 12 10 10 11 10 12 12 13 13 15 15 9 13 12 11 11 11 11 5 11 14
split_gain=4.27035 2.56664 2.24573 2.16841 2.11757 1.92888 1.83173 4.3925 1.7551 1.88229 3.28552 2.91936 1.68764 1.6739 2.54751 1.65099 1.64996 7.24773 4.26875 4.00643 3.73391 2.57807 2.16158 1.99368 3.9015 2.91093 1.81199 1.51259 1.58128 1.52514
threshold=0.030053254744409615 -0.20096632156436309 -0.029463592833469218 -0.037421665886624926 -0.020171834808393903 0.030023740679380188 12.00999975204468 0.015296127885016332 -0.067575688865902969 -0.049048436065559579 -0.00045040499871334955 -0.020247544478179221 -0.031453464626615406 -0.017312000709356064 -0.0067438381246153192 -0.040334954813934058 21.555000305175785 21.134999275207523 -0.017588270772269262 0.0029714415772409413 0.22198420364358198 20.060000419616703 -0.0067438381246153192 -0.0092896544680063902 -0.012951361499321188 -0.010447917606839994 0.0057915448439024306 0.0093709598365199747 0.028003232862589215 -0.098691693357393515
decision_type=2 2 2 2 2 2 2 2 2 2 2 2 2 2 2 2 2 2 2 2 8 2 2 2 2 2 2 2 2 2
left_child=1 6 3 -3 13 8 7 -1 -2 10 11 -10 -12 14 15 -4 17 18 20 -19 22 -20 -11 24 -18 -26 -21 29 -29 -6
right_child=5 2 4 -5 27 -7 -8 -9 9 16 12 -13 -14 -15 -16 -17 23 19 21 26 -22 -23 -24 -25 25 -27 -28 28 -30 -31
leaf_value=-0.00044242218205603907 0.00010351913718535575 -6.4390469208024361e-05 -0.00020182324714312805 -0.00095968024561718466 -0.00020977914707708632 0.00010248085405395135 6.0049245697754785e-05 0.00021798024808065248 -0.0011932392490612363 -0.00074595771771325298 -3.7824537863351835e-05 0.00011106327870426583 -0.00094716626367914942 0.00018637423756438429 0.00031904041951652355 -0.00053253251665750861 0.00010498740817419394 6.2198580066460146e-05 -0.00013323647082530074 -0.0021259127781594039 -0.0013279659835771359 0.00026527997909329059 0.00024149105393563724 0.00028610662899254349 -0.00089101136366093582 -0.00019332381410286931 -0.00057025714901340677 -2.5961472034753144e-05 0.00011841561050871656 0.00011398263500271365
leaf_weight=93 914 79 93 40 59 1446 23028 79 62 50 40 240 88 1880 151 54 859 51 6027 57 46 622 64 494 110 129 58 15561 1646 2545
leaf_count=93 914 79 93 40 59 1446 23028 79 62 50 40 240 88 1880 151 54 859 51 6027 57 46 622 64 494 110 129 58 15561 1646 2545
internal_value=0.000253684 0.000470999 8.54896e-05 -0.00676471 0.000122561 -0.000613278 0.000838362 -0.00430233 -0.000862173 -0.00107425 -0.00430233 -0.00145695 -0.0110156 0.00160239 -0.00187919 -0.00656463 -0.000912221 -0.00124373 -0.000992069 -0.0115663 -0.0090625 -0.000797864 -0.00421053 0.000540201 -0.00064663 -0.00629707 -0.0167391 -4.0129e-05 -0.000210089 0.00108295
internal_weight=56665 45308 22108 119 21989 11357 23200 172 9911 8997 430 302 128 2178 298 147 8567 6975 6809 166 160 6649 114 1592 1098 239 115 19811 17207 2604
internal_count=56665 45308 22108 119 21989 11357 23200 172 9911 8997 430 302 128 2178 298 147 8567 6975 6809 166 160 6649 114 1592 1098 239 115 19811 17207 2604
is_linear=0
shrinkage=0.05


Tree=37
num_leaves=31
num_cat=0
split_feature=4 13 15 8 15 11 3 13 11 11 12 12 15 13 11 13 11 15 14 14 14 13 14 14 12 13 13 12 16 9
split_gain=2.74625 2.79057 3.00214 2.64057 2.53055 3.9452 3.20907 2.50956 2.26605 2.63547 3.18621 5.83552 9.66911 6.08258 10.0124 4.15917 3.92362 3.52714 8.70714 6.19448 5.52356 3.55328 8.20037 12.1362 6.67467 4.20041 12.4164 9.52192 5.984 4.41691
threshold=0.036489027524694316 19.115000724792484 -0.017588270772269262 -0.10809553989044023 0.0092286536313063178 -0.004414694893693615 0.0047410382012994532 19.085000038146976 0.029305093404121577 -0.020171834808393903 0.027544134222988518 0.027224927035168659 -0.0065110960463800041 13.13000011444092 0.025024646146281086 13.554999828338625 0.018027346802980907 -0.014149651100142878 0.020125848996620292 0.11068884178819839 0.13936216153879713 15.025000095367433 -0.0081420083322292763 -0.0241559957087869 0.012875909391154241 21.134999275207523 21.555000305175785 -0.012168103513504501 -0.018109669691648619 0.055800654494707953
decision_type=2 2 2 10 2 2 2 2 2 2 2 2 2 2 2 2 2 2 2 2 2 2 2 2 2 2 2 2 2 10
left_child=8 2 -2 4 -3 6 -6 -4 9 -1 11 13 -13 14 -11 -15 -14 18 -17 -20 -21 22 23 24 -19 -23 27 -27 29 -28
right_child=1 3 7 -5 5 -7 -8 -9 -10 10 -12 12 16 15 -16 17 -18 21 19 20 -22 25 -24 -25 -26 26 28 -29 -30 -31
leaf_value=0.00011062192901787935 -0.0010405854164354156 -7.8545067841657409e-05 -0.00021448551473419108 0.00012032646389248852 -0.0016609826669093095 6.7586247057380148e-06 -0.00064989957134834191 -0.0010795566188543297 0.00015226942618436879 -0.00012757248355517971 5.3847296672006366e-05 -0.000894795781482357 1.4163257734479314e-05 0.00039733159862201492 -0.00055484511588840596 -0.00076239330597970456 -0.0004513517501473859 0.00016717275685727189 0.00011870354631939472 -0.00072150017986744497 -0.00013306127709471622 4.8837372180048546e-05 4.3481775978943007e-05 -0.00061474817230189717 -0.00031055528129068075 -0.0023746861884698118 -0.00043896769764310172 -0.00037424484440011301 0.00023894946827124108 0.00013153746540069607
leaf_weight=4810 58 692 2867 1918 53 95 44 43 3875 638 19046 66 247 782 68 70 64 704 557 173 228 14678 2221 458 464 60 291 229 1023 165
leaf_count=4810 58 692 2867 1918 53 95 44 43 3875 638 19046 66 247 782 68 70 64 704 557 173 228 14678 2221 458 464 60 291 229 1023 165
internal_value=0.000262582 -0.00077123 -0.00183962 0.000360457 -0.00190045 -0.00697917 -0.0140722 -0.00161512 0.000379736 0.000284002 0.000157701 -0.000235918 -0.00640584 -0.000133938 -0.00470255 1.19895e-05 -0.00271704 -0.000119366 -0.00297665 -0.00173278 -0.00647132 2.53784e-05 -0.0013426 -0.00404059 -0.00133562 0.000345373 -0.00195701 -0.011436 -0.0001048 -0.00486842
internal_weight=56687 5770 2968 2802 884 192 97 2910 50917 47042 42232 23186 377 22809 706 22103 311 21321 1028 958 401 20293 3847 1626 1168 16446 1768 289 1479 456
internal_count=56687 5770 2968 2802 884 192 97 2910 50917 47042 42232 23186 377 22809 706 22103 311 21321 1028 958 401 20293 3847 1626 1168 16446 1768 289 1479 456
is_linear=0
shrinkage=0.05


Tree=38
num_leaves=31
num_cat=0
split_feature=4 9 16 11 11 13 14 13 16 14 13 2 13 13 14 11 10 10 15 14 10 10 15 10 14 7 9 9 11 16
split_gain=3.25127 1.97114 1.94928 3.09822 6.50167 9.31704 5.33909 4.58408 4.82593 3.75328 3.24925 3.10013 3.04836 1.8032 5.52132 2.38645 2.21774 2.27825 2.13161 2.99898 2.98228 4.65695 3.96184 3.73662 3.69987 2.11534 2.10687 1.81721 1.73451 2.12352
threshold=0.02115388308393432 0.26895841866791165 -0.023148465593568753 0.0035059532242039952 0.0023967132721236521 14.675000190734865 -0.041747258744347641 15.97499990463257 0.0067228459056728482 -0.033000261342557839 12.230000019073488 0.058732916901192429 18.260000228881839 13.34500026702881 0.059971774713864064 -0.0065367397500866167 0.00097851086285993837 -0.0040208105245407846 -0.0035445095421658408 -0.02620315994355665 -0.0038583192426028807 0.0027596163700298608 0.0065186067570516268 0.00097851086285993837 0.018846539562811352 -0.00041670466201282336 0.1757347681456867 0.082740575240737316 0.023193318891049478 0.0372553175930408
decision_type=2 10 2 2 2 2 2 2 2 2 2 2 2 2 2 2 2 2 2 2 2 2 2 2 2 2 10 10 2 2
left_child=2 28 -1 4 10 9 -7 11 12 -6 -4 -8 -9 14 16 -15 17 -12 -17 -20 -21 22 23 24 -22 -25 -27 -26 29 -2
right_child=1 -3 3 -5 5 6 7 8 -10 -11 13 -13 -14 15 -16 18 -18 -19 19 20 21 -23 -24 25 27 26 -28 -29 -30 -31
leaf_value=0.00017187201073163864 -3.6936220041589892e-06 -0.00017042254109366967 -0.0004137487612477426 7.7369589303139772e-05 -0.00029137605884330266 4.5112027298103371e-05 -0.00044308291718978053 -0.00071634199350348218 0.00015670057515846975 0.00028438433795393902 0.00017185842212747411 -0.00091249752324472084 -0.00036668012492814555 -1.8285642294267209e-05 -0.00036286710068136733 0.00022541364132430393 0.00016576736813091089 -0.00018623739691424465 0.00030871520656681415 0.0003149812122941794 0.00016975141006356312 9.4021292066670612e-05 -0.00086504838117246066 -0.00011769242900197627 -0.00011861276818160285 -0.000525669236458317 -0.00026400532622550542 -0.00046815216499192751 9.3016908733489559e-05 -0.00036521340797784354
leaf_weight=2062 23214 3166 53 14000 78 140 152 106 160 425 148 41 100 3800 102 1456 347 274 673 409 341 495 44 81 98 56 41 63 4232 373
leaf_count=2062 23214 3166 53 14000 78 140 152 106 160 425 148 41 100 3800 102 1456 347 274 673 409 341 495 44 81 98 56 41 63 4232 373
internal_value=0.000273224 -7.18088e-05 0.000688483 0.000560107 -0.000127543 -0.00356905 -0.00730329 -0.00949016 -0.00620219 0.00162028 0.000360217 -0.0157254 -0.0112621 0.000437826 -0.00171642 0.000686119 -0.00026658 -0.00270142 0.00157972 0.000632334 -0.000528255 -0.00176784 -0.0043232 -0.00338235 -0.0011753 -0.00960674 -0.0145876 -0.00742236 6.27271e-05 -0.000104507
internal_weight=56730 30985 25745 23683 9683 1202 699 559 366 503 8481 193 206 8428 871 7557 769 422 3757 2301 1628 1219 724 680 502 178 97 161 27819 23587
internal_count=56730 30985 25745 23683 9683 1202 699 559 366 503 8481 193 206 8428 871 7557 769 422 3757 2301 1628 1219 724 680 502 178 97 161 27819 23587
is_linear=0
shrinkage=0.05


Tree=39
num_leaves=31
num_cat=0
split_feature=4 6 9 11 10 10 10 11 12 13 11 2 11 9 12 10 10 13 10 10 13 13 3 14 12 0 11 6 10 2
split_gain=3.38226 3.04215 2.38009 2.28213 2.77351 2.7772 4.8448 3.09611 2.66336 5.90973 2.14768 3.41465 2.07246 4.80248 5.28508 3.54217 4.15853 9.852 2.99529 14.7125 2.85707 10.3141 2.84403 2.83708 3.77013 12.4758 3.46086 3.74138 3.31922 2.56961
threshold=0.015124520917962122 1.0209567110226028 0.61648706031592104 -0.019621569956091153 -0.016935534775352808 0.0038487263964011036 0.0059882716894145158 -0.026323618530511902 -0.0075921435528307204 31.844999313354496 -0.021243807178240256 -0.049850750081847355 -0.011292664141508811 0.23544199219154274 -0.033014578786643371 -0.0061039058742593513 -0.0051935568801995671 14.765000343322756 -0.0042544467454991288 -0.0041028973297421159 15.574999809265138 14.715000152587892 -0.0042765277736692133 -0.021590127132527389 -0.012168103513504501 0.011823253471313857 0.009693229646918879 -0.62847119149348729 0.015549892737221739 -0.0036028020518095723
decision_type=2 2 10 2 2 2 2 2 2 2 2 2 2 8 2 2 2 2 2 2 2 2 2 2 2 2 2 2 2 2
left_child=-1 2 3 4 8 -6 7 -7 9 10 11 -2 13 -5 29 -14 17 -17 -18 -20 21 -16 23 28 25 26 27 -25 -21 -15
right_child=1 -3 -4 12 5 6 -8 -9 -10 -11 -12 -13 15 14 20 16 18 -19 19 22 -22 -23 -24 24 -26 -27 -28 -29 -30 -31
leaf_value=9.8718851579508311e-05 -0.00042697775082616262 -9.0697526702570693e-05 -0.00074413912933448615 1.7603664697753694e-05 0.00025342392554670998 -0.00027247280574323895 0.00018712839588372974 -0.00026415168728812817 0.00029947157614151237 0.0006280994988853843 -7.1420017273856964e-05 -0.00095768969649487009 0.00014200570242968498 -0.00038896102787098168 0.00010672113735096835 -0.00044077420917321467 0.00026068218440815724 -5.3598989192824004e-05 -0.0011050323244370653 0.00012111077779030011 -2.1981903705836311e-05 -0.00097760921567679473 3.1590979754563118e-05 -0.0013174888986910935 -8.5367658106084803e-05 -0.0019794867065721792 0.00028097698154294116 -0.00024152453057631253 -0.00030253279416639036 -0.00066639837080138397
leaf_weight=5797 175 7654 434 2219 3050 227 547 49 245 274 135 104 3378 157 127 159 904 772 107 1493 595 74 24846 45 2684 48 157 89 124 53
leaf_count=5797 175 7654 434 2219 3050 227 547 49 245 274 135 104 3378 157 127 159 904 772 107 1493 595 74 24846 45 2684 48 157 89 124 53
internal_value=0.000241705 0.000111439 0.000273971 0.000311296 0.00133791 0.00192745 -0.000650061 -0.00605072 -0.00110932 -0.00270349 -0.00647343 -0.00897849 0.000181563 -0.00103101 -0.00389662 0.000293915 0.000128548 -0.00316327 0.000229039 0.000142433 -0.00203518 -0.00718905 0.000209591 -0.000926724 -0.00183096 -0.00679941 -0.00290378 -0.00880597 0.00076376 -0.0109524
internal_weight=56722 50925 43271 42837 4806 3873 823 276 933 688 414 279 38031 3225 1006 34806 31428 931 30497 29593 796 201 29486 4640 3023 339 291 134 1617 210
internal_count=56722 50925 43271 42837 4806 3873 823 276 933 688 414 279 38031 3225 1006 34806 31428 931 30497 29593 796 201 29486 4640 3023 339 291 134 1617 210
is_linear=0
shrinkage=0.05


Tree=40
num_leaves=31
num_cat=0
split_feature=4 15 15 12 15 12 15 15 9 14 12 11 10 14 12 11 10 13 13 13 11 10 12 15 10 14 14 11 15 13
split_gain=3.02866 2.78143 4.79421 4.96603 4.25209 5.89202 4.0457 6.75635 5.61929 7.46553 8.84928 8.69254 7.81823 7.37523 9.10671 4.26312 4.19878 3.71675 3.53333 4.25806 3.35884 3.16389 3.59408 3.83594 4.44974 3.10474 9.85443 6.90716 4.63015 4.44708
threshold=0.036489027524694316 -0.00023410918914362752 -0.0088666457968040718 0.12384640389246161 -0.0091754288420822765 0.029126733628815019 0.0069209055601037192 0.0066620949053729514 -0.17171146803497753 -0.036402596487612009 0.028818776627478896 -0.0019709579600085676 0.0041080829558171059 -0.0068130779793595378 -0.0023464232413596404 -0.0031311720849904741 -0.00090813220521157579 17.494999885559086 12.555000305175783 12.494999885559084 0.053184266574264123 0.00090086479202544656 0.025371468948423018 0.00016243419886563529 -0.00018001810557455308 -0.038683719112648444 -0.041747258744347641 0.013034509173491029 0.021499022875503985 20.714999198913578
decision_type=2 2 2 2 2 2 2 2 10 2 2 2 2 2 2 2 2 2 2 2 2 2 2 2 2 2 2 2 2 2
left_child=1 2 4 -4 -1 -6 7 8 9 -3 11 12 -11 -13 -15 -12 -9 -16 19 -8 21 22 23 24 -10 26 -20 -28 29 -27
right_child=-2 6 3 -5 5 -7 18 16 20 10 15 13 -14 14 17 -17 -18 -19 25 -21 -22 -23 -24 -25 -26 28 27 -29 -30 -31
leaf_value=-6.6404926575282836e-06 -0.00011216305128603781 7.5420878448422151e-05 0.00010329198381521722 -0.0005385069373909613 -0.00081824868640822913 9.6737537742047253e-05 -9.4086975996550418e-05 0.00066351902786245106 -0.00075426260969527572 0.00052369521416353643 -0.00045040438528870129 -0.00067880999550643754 -0.00024860692358583532 -0.00096938068869766622 -0.00033900414864971879 5.4328757701425405e-05 -0.00039905606440917988 0.00031449214457875981 3.8055266759682297e-05 -0.00037172373792833272 -0.00058124936043974179 7.1143793328946948e-05 -0.0001210331872311824 0.00019863636643193888 -5.4478168440980838e-05 0.00020090292330081735 -0.0016109209547933005 -0.0002149390117519019 -0.00063274950126635779 -0.00028674615899132813
leaf_weight=6267 5846 1040 16420 66 127 125 198 68 63 281 67 276 192 72 351 849 319 131 6464 67 80 7235 2140 1532 189 5232 65 205 118 565
leaf_count=6267 5846 1040 16420 66 127 125 198 68 63 281 67 276 192 72 351 849 319 131 6464 67 80 7235 2140 1532 189 5232 65 205 118 565
internal_value=0.000278906 0.000402921 0.000809607 0.0012635 -0.000338242 -0.00670635 6.63695e-05 -0.000495465 -0.000321423 -0.00214943 -0.00378774 -0.00643515 -0.00102537 -0.00951807 -0.00619134 -2.18339e-05 -0.0070155 -0.00371369 0.000713954 -0.005 0.000208649 0.000281835 -0.000861366 0.000795964 -0.00492063 0.000833663 9.94953e-05 -0.00925926 0.00166948 0.00186907
internal_weight=56650 50804 23005 16486 6519 252 27799 14885 14498 3259 2219 1303 473 830 554 916 387 482 12914 265 11239 11159 3924 1784 252 12649 6734 270 5915 5797
internal_count=56650 50804 23005 16486 6519 252 27799 14885 14498 3259 2219 1303 473 830 554 916 387 482 12914 265 11239 11159 3924 1784 252 12649 6734 270 5915 5797
is_linear=0
shrinkage=0.05


Tree=41
num_leaves=31
num_cat=0
split_feature=4 13 16 15 9 14 3 15 14 14 15 11 11 14 14 1 2 11 15 1 4 9 11 13 11 4 14 16 12 15
split_gain=3.7815 2.86697 3.9593 3.029 2.75819 2.61782 6.35865 6.55813 2.72819 2.56281 2.72812 2.32373 4.00775 2.60009 2.47852 2.32873 2.83481 2.2965 2.26409 2.23676 2.14703 1.92679 1.88361 2.47499 6.66769 2.02792 1.94265 3.05438 2.19764 1.66593
threshold=0.024391907530141751 20.060000419616703 0.0021907609799732834 -0.017588270772269262 0.15654426546375136 -0.0087527259018278496 -0.012840699544130639 0.0092286536313063178 0.035942894407802857 -0.075454415356713087 0.021499022875503985 -0.0065367397500866167 -0.0072461958036925669 -0.10816573528732347 -0.025765440759432264 -0.053781678489735966 -0.078768629821754796 0.077392985560090458 -0.025436019726874644 -0.028319688914046345 0.045719300937139336 0.052045170590659613 -0.020171834808393903 17.090000152587894 -0.021243807178240256 0.015124520917962122 -0.062752290881895975 -0.0069144665032979105 0.043496943110048487 1.0000000180025095e-35
decision_type=2 2 2 2 10 2 2 2 2 2 2 2 2 2 2 2 2 2 2 2 2 10 2 2 2 2 2 2 2 2
left_child=18 3 5 4 -2 6 7 19 -7 -5 20 12 13 -8 15 16 -15 -4 -1 -3 29 -12 23 24 -20 26 27 -24 -29 -11
right_child=1 2 17 9 -6 8 11 -9 -10 10 21 -13 -14 14 -16 -17 -18 -19 22 -21 -22 -23 25 -25 -26 -27 -28 28 -30 -31
leaf_value=-0.00071096689679049912 -0.00042634832623231352 0.00027680877141781908 0.00024920872911029563 0.00015650107461264004 -0.0010729228748453518 0.00044439308778977649 0.00015021892851058681 -0.0018334178549236644 -7.2803362879320755e-06 1.4749748137482451e-05 -7.9524958998148287e-05 0.00018115359913092587 -0.0019231090726790495 -0.001011864852483905 0.00052107450775712883 -0.00024492602096355209 -0.00019400469225974604 -0.00043613324125723989 -0.0002743617176925904 -0.00059685089643667555 -0.00051796397107746256 -0.0017676633749116875 -0.00022458533862901241 0.00018620571627196714 0.0004081387297035503 2.0901621595776257e-05 0.00012043716044384874 0.00035537426822872037 -0.00039177528133601495 -9.3840652706109819e-05
leaf_weight=77 220 45 2060 1460 45 581 369 62 2012 5528 47 463 62 70 163 496 52 62 53 40 1265 43 116 2529 88 26838 5136 231 92 6378
leaf_count=77 220 45 2060 1460 45 581 369 62 2012 5528 47 463 62 70 163 496 52 62 53 40 1265 43 116 2529 88 26838 5136 231 92 6378
internal_value=0.000257838 -0.000264136 0.000609607 -0.000645269 -0.0059434 -0.000243488 -0.00169594 -0.0116667 0.000777092 -0.000549895 -0.000768796 -0.000820895 -0.00197195 -0.00130435 -0.00293854 -0.00438511 -0.0105738 0.00238454 0.000577361 -0.00264706 -0.000709513 -0.00944444 0.000596158 0.00187266 -0.00457447 0.000491007 0.00135874 -0.00183371 0.000665635 -0.000501428
internal_weight=56683 21523 6537 14986 265 4415 1822 147 2593 14721 13261 1675 1212 1150 781 618 122 2122 35160 85 13171 90 35083 2670 141 32413 5575 439 323 11906
internal_count=56683 21523 6537 14986 265 4415 1822 147 2593 14721 13261 1675 1212 1150 781 618 122 2122 35160 85 13171 90 35083 2670 141 32413 5575 439 323 11906
is_linear=0
shrinkage=0.05


Tree=42
num_leaves=31
num_cat=0
split_feature=5 5 16 11 11 2 11 11 10 14 14 11 11 9 15 11 11 8 16 10 10 10 11 11 8 11 11 15 10 11
split_gain=3.37839 2.25038 2.13377 2.21151 3.4394 3.7437 2.11191 2.01967 3.00501 3.05735 3.70811 4.45759 2.44978 2.45546 2.41946 2.38086 2.11495 3.74529 2.68821 2.55924 3.30174 5.00326 2.70299 4.68111 8.52178 3.32191 10.5134 4.99915 5.52632 4.74163
threshold=0.019023416804829326 0.010021534905719798 0.060559153392290906 0.037714619913018062 0.036250382984596159 -0.020729179726650001 0.053184266574264123 -0.017686131484892616 -0.017312000709356064 -0.010052360297814309 -0.017647948149660749 -0.026323618530511902 -0.028186654574093969 -0.13066639265422889 -0.022177877438313117 -0.028866673855592325 -0.015548352361618832 0.15844649454542184 -0.007256906051831157 -0.0077272897241722474 0.0035872584015200775 0.0035295126653435154 0.014627027210111112 -0.0038430615531924168 -0.19754248774830843 0.0035059532242039952 0.0033857060530237963 -0.010083989800909075 -0.0056282677308486786 0.0047087811443838898
decision_type=2 2 2 2 2 2 2 2 2 2 2 2 2 10 2 2 2 8 2 2 2 2 2 2 10 2 2 2 2 2
left_child=1 -1 3 4 7 -6 -5 8 -3 10 12 -12 13 -10 -9 -15 17 18 -16 -18 21 22 23 -21 -25 26 27 28 -26 -27
right_child=-2 2 -4 6 5 -7 -8 14 9 -11 11 -13 -14 15 16 -17 19 -19 -20 20 -22 -23 -24 24 25 29 -28 -29 -30 -31
leaf_value=8.1866482291277748e-05 -7.7606633647509343e-05 -0.00013955339182696098 -0.00036600463928857771 0.00026866354159452171 -0.0011178748910143622 -0.00024008038053479529 -0.00029891182447315968 -0.00031701755065667624 0.0002680322590865142 0.00024075276021138625 -6.9758966399245803e-05 -0.00065821211940458738 0.00024186545409348944 -0.0001083400249737628 1.9628737754128482e-05 -0.00065480230438738206 0.00014930602987048552 -0.00067731934173552563 -0.00033131970101379552 7.1003736466875424e-05 5.2594444680559863e-05 -0.00039921335788769782 7.5231953989955444e-05 -0.00036932952973635878 0.0001550283359174119 0.00052499632885283289 -0.00091725159848047319 -8.2450304396033009e-05 -0.0004633553888969803 -6.1633814363116923e-05
leaf_weight=8442 9598 664 118 1185 42 108 106 152 234 2520 168 90 755 415 501 48 2557 113 69 3384 11476 138 4095 175 100 760 109 3315 167 5020
leaf_count=8442 9598 664 118 1185 42 108 106 152 234 2520 168 90 755 415 501 48 2557 113 69 3384 11476 138 4095 175 100 760 109 3315 167 5020
internal_value=0.000259961 0.000434441 0.000272652 0.000293246 0.000222596 -0.00733333 0.00232765 0.000253207 0.00119943 0.00169031 5.84797e-05 -0.00546512 0.00103995 -0.00109756 0.000109085 -0.00320734 0.000138998 -0.00261347 -0.000964912 0.000199067 6.41987e-05 -0.000372762 -0.00029635 -0.000648503 -0.00120983 -0.00100781 -0.00217963 -0.00171413 -0.00829588 -0.000259515
internal_weight=56624 47026 38584 38466 37175 150 1291 37025 4894 4230 1710 258 1452 697 32131 463 31979 683 570 31296 28739 17263 17125 13030 9646 9471 3691 3582 267 5780
internal_count=56624 47026 38584 38466 37175 150 1291 37025 4894 4230 1710 258 1452 697 32131 463 31979 683 570 31296 28739 17263 17125 13030 9646 9471 3691 3582 267 5780
is_linear=0
shrinkage=0.05


Tree=43
num_leaves=31
num_cat=0
split_feature=5 6 9 14 13 10 12 9 13 14 12 14 9 14 14 8 14 10 13 12 10 11 0 14 12 12 10 11 14 11
split_gain=3.31558 2.6964 1.80606 1.76929 3.45907 2.69456 3.16761 1.63636 1.61555 3.82317 2.92711 2.33749 2.79085 2.06842 6.72999 12.4579 2.69544 2.01862 1.71103 4.62331 2.56054 1.98559 1.53838 2.99057 1.69859 1.75412 1.52037 2.18472 2.33574 1.81853
threshold=0.012358366491051022 0.7561026338082083 0.27425140937375064 -0.039689213075018263 12.88000011444092 0.0056625779821857245 0.014776442004869829 0.41254812322596507 20.060000419616703 -0.077913276979976895 -0.0063801556439739273 -0.081825770158787711 -0.21245678411160021 -0.011027468798592786 -0.012079756674524154 0.0078143169414597331 0.035942894407802857 0.000540884636322292 19.625000000000004 0.028594683923194867 -0.00018001810557455308 -0.00050215269203263125 -0.0004069576804247021 0.15436855290822041 0.020528526804308837 -0.027697520987391363 0.020281918733708996 0.016536743017330883 -0.023371909944973176 0.057592534540540592
decision_type=2 2 10 2 2 2 2 10 2 2 2 2 10 2 2 8 2 2 2 2 2 2 2 2 2 2 2 2 2 2
left_child=22 2 8 4 -4 6 7 -6 9 -2 13 12 -12 14 26 -16 -15 -18 -11 20 -20 -21 -1 24 25 -24 27 28 -10 -29
right_child=1 -3 3 -5 5 -7 -8 -9 10 18 11 -13 -14 16 15 -17 17 -19 19 21 -22 -23 23 -25 -26 -27 -28 29 -30 -31
leaf_value=7.9293887915072211e-05 0.00022799466963534546 -8.9047839649597968e-05 -0.0016639155268968421 -6.94304953728778e-05 -0.0003916678479648374 -1.2002359833644384e-05 2.9205640742028085e-05 -0.0024386867371770154 -0.0002130386321824477 -5.9517663492906409e-06 -0.00038726239281810875 0.00026547679147150374 0.0002277977929602279 0.00038282695716232744 -0.0025815738690293435 0.00030562522269655099 3.5716696509947186e-05 -0.00047034037542850342 0.00031074912861631582 -0.00070753881676748759 -0.00030106124350903605 -0.00027852988892058955 0.00012151230513459164 -0.00048797479733288934 6.1406948806578079e-05 -5.6209700358905625e-05 0.00026458192168709948 0.00060671189059397954 0.00042389373578214409 -0.0001320401175933078
leaf_weight=10054 1553 6434 43 1931 44 431 75 44 1204 17077 55 1579 69 885 40 52 1600 46 249 67 119 92 856 114 7052 3845 307 301 213 133
leaf_count=10054 1553 6434 43 1931 44 431 75 44 1204 17077 55 1579 69 885 40 52 1600 46 249 67 119 92 856 114 7052 3845 307 301 213 133
internal_value=0.000244325 -6.01851e-05 0.000150484 -0.00111371 -0.00339874 -0.00240741 -0.00788344 -0.0143182 0.000277095 4.61974e-05 0.000959285 0.00273928 -0.00387097 0.000325246 -0.000777778 -0.0140217 0.00130581 0.000109356 -0.000163599 -0.00296964 0.000108696 -0.0100943 0.00072556 0.000340019 0.000418191 -0.000318017 -0.00021316 -0.000753646 -0.0017043 0.00235023
internal_weight=56564 34643 28209 2568 637 594 163 88 25641 19157 6484 1703 124 4781 2250 92 2531 1646 17604 527 368 159 21921 11867 11753 4701 2158 1851 1417 434
internal_count=56564 34643 28209 2568 637 594 163 88 25641 19157 6484 1703 124 4781 2250 92 2531 1646 17604 527 368 159 21921 11867 11753 4701 2158 1851 1417 434
is_linear=0
shrinkage=0.05


Tree=44
num_leaves=31
num_cat=0
split_feature=14 13 4 15 15 0 12 13 12 13 11 11 6 11 15 15 12 11 1 15 12 0 7 11 11 15 16 14 14 14
split_gain=2.61025 2.87201 2.7389 2.84158 3.77481 3.49227 2.80468 2.63924 2.28702 3.59457 3.58853 4.17 2.91433 2.80478 3.13692 2.58697 2.52966 3.52511 2.89736 2.5124 2.99525 2.27124 2.21327 4.10203 2.01476 3.45992 1.87921 1.86792 2.24373 6.86737
threshold=-0.12096344977185801 14.244999885559084 0.035718135887261047 0.021499022875503985 0.013627280682997569 0.0043521113287040567 0.076917813566943397 24.385000228881839 0.035141540141213297 12.555000305175783 0.02306163879140322 0.0021655694557776166 0.30968960948179308 0.025508848097117291 0.012801635008026892 0.011722306013954078 0.0094949334570126904 0.011605230504387444 0.014915159357595688 0.0060325014833432231 0.039205604027794723 0.081283378341888271 0.042613992667337681 0.014880662239239896 -0.029337474403061222 0.00051842659301559746 0.051970924172370377 0.18763840935801293 -0.0066644727723151323 -0.021590127132527389
decision_type=2 2 2 2 2 2 2 2 2 2 2 2 2 2 2 2 2 2 2 2 2 2 2 2 2 2 2 2 2 2
left_child=1 -1 3 4 5 -2 -6 24 13 10 11 -10 -12 14 15 27 17 18 -16 20 22 -3 -11 -24 25 -4 -26 28 29 -7
right_child=2 21 7 -5 6 8 -8 -9 9 19 12 -13 -14 -15 16 -17 -18 -19 -20 -21 -22 -23 23 -25 26 -27 -28 -29 -30 -31
leaf_value=-0.00023833059711060868 3.708337078895142e-05 0.00020283220866842058 -0.00024225856773558161 -0.00020127358988036227 0.0002560600076758482 -5.3073422160360196e-05 -0.00049111812126001063 0.00014086492495300409 -0.00034343151647121161 -8.0939776454199159e-05 -0.00043732041647826907 0.00016652201458916213 -0.00019077340283595826 0.00012023332353115362 -0.0010500448979852875 0.00021356054949793927 0.00042173369936766641 -4.8613953103010371e-05 -0.0003860641823178605 0.00015700027664365611 7.5248672285464042e-05 -0.00058048694648110124 -0.00020572547136338173 -0.00075835919193677605 -0.00016197154421978722 -0.0010422056925917511 -0.00098052197799455084 -0.00037200274435787408 -1.0698883928691457e-05 -0.00030610390443430149
leaf_weight=76 30243 1802 90 297 2149 3784 60 1311 103 250 76 318 85 1133 40 721 51 81 61 2543 1834 56 138 43 4345 47 46 90 3726 1156
leaf_count=76 30243 1802 90 297 2149 3784 60 1311 103 250 76 318 85 1133 40 721 51 81 61 2543 1834 56 138 43 4345 47 46 90 3726 1156
internal_value=0.000221567 0.00202689 0.000157878 0.000279899 0.000309644 0.000213659 0.00232911 -0.00086573 -0.000377934 0.000463822 -0.00324742 -0.000819477 -0.00959627 -0.000796366 -0.00107106 -0.000930146 -0.00680257 -0.00956044 -0.0157921 0.000913062 -0.000298013 0.00241658 -0.00404872 -0.00825967 -0.00143772 -0.00740876 -0.00125142 -0.0011672 -0.00109278 -0.0017915
internal_weight=56755 1934 54821 48982 48685 46476 2209 5839 16233 5390 582 421 161 10843 9710 9477 233 182 101 4808 2265 1858 431 181 4528 137 4391 8756 8666 4940
internal_count=56755 1934 54821 48982 48685 46476 2209 5839 16233 5390 582 421 161 10843 9710 9477 233 182 101 4808 2265 1858 431 181 4528 137 4391 8756 8666 4940
is_linear=0
shrinkage=0.05


Tree=45
num_leaves=31
num_cat=0
split_feature=4 11 16 11 16 12 11 11 15 9 16 9 0 5 5 9 9 2 12 16 11 10 11 11 9 10 14 15 15 16
split_gain=2.72083 2.33694 2.78864 4.90846 3.55388 4.77728 5.80966 6.24169 3.91378 3.83022 2.45213 4.70302 4.39309 2.28107 2.08563 1.99425 1.95779 3.02574 1.89889 2.12541 2.07149 1.86946 1.84987 3.18653 5.70693 3.39118 5.10568 3.97899 4.45776 3.34251
threshold=0.015124520917962122 0.029305093404121577 0.030087730402371008 -0.0021561208113907156 0.030338555059054143 0.0090147692043446321 0.0056452584945124737 0.019556764027941379 0.021499022875503985 0.05822512167016481 0.036362793464954531 -0.22822677855478404 0.009467194549528048 0.019023416804829326 0.016862779266060238 0.082740575240737316 0.14212001595308202 0.0006843304446242372 -0.075828258528587975 0.020722765648537259 0.0069842899086436381 -0.00090813220521157579 -0.017686131484892616 -0.011292664141508811 0.30705407778703758 -0.0069332778537110609 0.005094684764536229 0.0058255090013185082 0.0053077956713913918 0.0096290460770676062
decision_type=2 2 2 2 2 2 2 2 2 10 2 10 2 2 2 8 8 2 2 2 2 2 2 2 8 2 2 2 2 2
left_child=-1 2 13 14 9 6 -6 16 -7 -5 -3 12 -12 22 21 -10 17 -8 -15 -20 -21 -4 -2 24 -24 29 -27 28 -28 -25
right_child=1 10 3 4 5 8 7 -9 15 -11 11 -13 -14 18 -16 -17 -18 -19 19 20 -22 -23 23 25 -26 26 27 -29 -30 -31
leaf_value=8.6118325881368973e-05 9.0572402359577215e-05 0.00021160640413765198 -0.00025299837387821728 0.00014806079945883265 0.00031264666716734207 0.00018590398217760689 -0.00047315257770143174 -0.00012495415562145852 9.2023508551534403e-05 -0.0034936504482739623 -0.0010797705737042812 8.4791069986283528e-05 2.8875840722999546e-05 0.0004329627335063086 -0.0001991406429313314 -0.0011498979030455986 -0.0010490829453325419 -0.001270497362101634 -0.00013497028377924665 -0.00065194174776755692 0.00034303114719069587 -0.00088635846410533572 -6.071484618233251e-06 0.00025700031774395133 -0.00028668042665823119 4.2554567079623283e-05 -7.3904848402556273e-05 0.0001705560684148027 -0.00039916974235121376 -5.3447999028890191e-05
leaf_weight=5814 5162 2349 73 53 202 1326 42 351 48 75 111 2038 82 407 64 79 80 75 6637 120 568 51 1669 2050 650 17007 7565 1086 120 707
leaf_count=5814 5162 2349 73 53 202 1326 42 351 48 75 111 2038 82 407 64 79 80 75 6637 120 568 51 1669 2050 650 17007 7565 1086 120 707
internal_value=0.000251584 0.000134423 2.77738e-05 -0.00158992 -0.000963106 -0.00049251 -0.00373333 -0.00640511 0.00118032 -0.0090625 0.00121179 2.46528e-05 -0.00743523 0.00012092 -0.0093617 -0.00720472 -0.0135279 -0.0176496 -0.000658303 -0.000843003 0.00180233 -0.0131452 0.000288205 0.000141635 -0.00164079 0.00028649 0.000108232 -0.000871622 -0.00127196 0.00195321
internal_weight=56661 50847 46267 2519 2331 2203 750 548 1453 128 4580 2231 193 43748 188 127 197 117 7732 7325 688 124 36016 30854 2319 28535 25778 8771 7685 2757
internal_count=56661 50847 46267 2519 2331 2203 750 548 1453 128 4580 2231 193 43748 188 127 197 117 7732 7325 688 124 36016 30854 2319 28535 25778 8771 7685 2757
is_linear=0
shrinkage=0.05


Tree=46
num_leaves=31
num_cat=0
split_feature=4 6 14 10 10 9 10 16 15 15 16 10 10 9 7 0 7 15 10 14 16 10 14 9 10 15 12 15 12 10
split_gain=2.41939 2.32569 2.17905 2.39902 8.45107 6.54575 2.60947 3.68569 2.31187 3.98557 4.43497 4.10625 2.77589 2.70769 2.47839 2.27673 2.26418 2.25149 3.19919 3.23839 5.59546 4.53052 5.72029 3.44452 2.89217 2.67853 6.89392 3.59234 3.25723 6.567
threshold=0.015124520917962122 1.0209567110226028 -0.12096344977185801 -0.0042544467454991288 -0.0041028973297421159 -0.11567410039360808 -0.0050236690507816087 0.029726201044593562 -0.017588270772269262 -0.018730415616232173 -0.052662510641875819 -0.0056282677308486786 -0.016935534775352808 0.24250939621657744 -0.011046828395135098 -0.0058336299424464602 0.0011658530069288411 0.013627280682997569 0.011126379781550179 -0.069744182185856193 0.011025739884823917 0.012431917251868764 -0.035510202905524417 0.5066564874867252 0.007947904771433258 1.0000000180025095e-35 0.12384640389246161 0.00016243419886563529 0.012544135938263425 -0.00025978449841479451
decision_type=2 2 2 2 2 10 2 2 2 2 2 2 2 8 2 2 2 2 2 2 2 2 2 8 2 2 2 2 2 2
left_child=-1 2 -2 6 5 -5 7 8 9 10 -4 -12 13 -10 -11 -7 -13 18 24 20 23 22 -21 -20 25 26 -6 -27 29 -29
right_child=1 -3 3 4 17 15 -8 -9 12 14 11 16 -14 -15 -16 -17 -18 -19 19 21 -22 -23 -24 -25 -26 27 -28 28 -30 -31
leaf_value=8.3851257322089141e-05 0.00012462881923155046 -6.0227669484279772e-05 -0.0018817057698202494 0.00026982507622842067 4.5543947387248344e-05 -0.0015036418915040199 0.00033024709819959314 -0.00020804468838402039 -0.00010359846440071487 -0.00028722322655562384 0.00012944931117630357 -0.00047747008023526859 0.00010200333855843853 -0.0010835122013595564 -0.00086540582288727316 -0.00070238816177644583 3.156372030449662e-05 0.00016427721068967686 0.00031095617500680487 -0.00057603124593613166 -0.00074297333213719315 0.00013421352610243313 5.1459674100824914e-05 -0.0003958483447991374 0.00012783344374949111 -0.00046541942444888892 -0.00068689495293708402 0.00039431344218948975 7.4006692396846534e-06 -0.00016095211899297071
leaf_weight=5794 1437 7680 56 48 10874 54 1005 224 379 107 985 77 6487 64 79 41 47 2260 225 166 139 630 163 173 3061 151 65 715 9207 4217
leaf_count=5794 1437 7680 56 48 10874 54 1005 224 379 107 985 77 6487 64 79 41 47 2260 225 166 139 630 163 173 3061 151 65 715 9207 4217
internal_value=0.000234941 0.000124567 0.000267294 0.000201324 -4.81512e-06 -0.0121329 0.000899054 0.000614345 0.000785533 -0.00110659 -2.1459e-05 0.000671777 0.0011544 -0.00267494 -0.00790323 -0.0197368 -0.00790323 4.93043e-05 -6.61383e-05 -0.00231952 -0.00542831 -0.000578728 -0.00533435 -0.00241206 5.30225e-05 -0.000123072 0.000465765 -0.000573828 -0.000491902 -0.00152879
internal_weight=56610 50816 43136 41699 32189 143 9510 8505 8281 1351 1165 1109 6930 443 186 95 124 32046 29786 1496 537 959 329 398 28290 25229 10939 14290 14139 4932
internal_count=56610 50816 43136 41699 32189 143 9510 8505 8281 1351 1165 1109 6930 443 186 95 124 32046 29786 1496 537 959 329 398 28290 25229 10939 14290 14139 4932
is_linear=0
shrinkage=0.05


Tree=47
num_leaves=31
num_cat=0
split_feature=6 9 7 11 11 11 13 13 13 3 13 14 13 14 16 10 16 13 14 11 3 11 16 16 11 13 10 11 11 8
split_gain=3.04304 2.29134 1.9908 1.84081 2.53473 10.7196 5.17357 3.34763 9.17209 5.40535 2.71392 3.13237 4.85862 4.01025 3.13459 7.60718 2.82724 7.78114 4.7974 4.63763 5.12276 4.1628 3.94337 3.76118 3.20215 3.91184 4.31178 2.67214 4.361 2.8332
threshold=1.0209567110226028 0.26895841866791165 -0.14279324140566216 -0.020171834808393903 0.0069842899086436381 0.006555889816587058 16.035000801086429 21.134999275207523 21.555000305175785 -0.010977520135401984 20.060000419616703 -0.013975625369978871 12.644999980926515 -0.013346627210452431 0.028781839519440359 -0.00090813220521157579 0.002805310396269634 19.98499965667725 -0.01262073301810107 0.0023967132721236521 0.00022795940601827438 -0.019621569956091153 0.0078790153782565282 0.0021907609799732834 0.003813504719322514 14.675000190734865 -0.0042544467454991288 0.008405141908930493 0.0086020319162957177 0.22909410968059765
decision_type=2 10 2 2 2 2 2 2 2 2 2 2 2 2 2 2 2 2 2 2 2 2 2 2 2 2 2 2 2 8
left_child=1 3 -2 -1 5 7 -7 10 9 -9 11 -5 -13 -14 16 -16 18 22 -15 21 24 -20 -18 -23 25 -21 -27 -6 -29 -30
right_child=2 -3 -4 4 27 6 -8 8 -10 -11 -12 12 13 14 15 -17 17 -19 19 20 -22 23 -24 -25 -26 26 -28 28 29 -31
leaf_value=0.00010771245426976937 -0.00092924535389866188 -0.00011113137655782357 -5.0761418593680982e-05 9.0271669635757086e-05 0.0001992012024061953 -5.0238947931796774e-05 -0.00043600209715557466 -0.0016399966684346415 -4.6748211357298058e-05 -0.00042397725901898738 0.00021564988352612503 -0.00037606566039996873 -0.00071232607608215392 -0.0010747123301317423 -4.612695191662367e-05 -0.0005948508044177122 0.00040094265248167318 -0.00067651380694484353 -0.0006301813212403381 -6.7480492086781219e-05 1.8400946356519747e-05 2.6431022907360424e-05 1.1654585783265985e-05 -0.00039638632237792788 -4.2588774051691077e-05 -0.00015095945703076915 -0.00070851394389746488 -0.00054712218587618102 5.9864542458442635e-05 -0.00019477131552063403
leaf_weight=4618 72 3260 8323 6212 1769 148 270 47 1529 218 1260 146 57 58 275 86 1261 57 45 112 408 5598 1567 107 170 69 185 135 18015 506
leaf_count=4618 72 3260 8323 6212 1769 148 270 47 1529 218 1260 146 57 58 275 86 1261 57 45 112 408 5598 1567 107 170 69 185 135 18015 506
internal_value=0.000268014 0.000421059 -0.000610482 0.000513934 0.000405607 3.77187e-06 -0.00791866 0.000173884 -0.00188406 -0.0104717 0.000382787 0.000211113 -0.000327909 -0.00019642 -0.000121024 -0.00469529 5.03271e-05 0.00136049 -0.000509478 -0.00038542 -0.00363347 0.000147826 0.00172914 0.00026731 -0.00684701 -0.00948087 -0.0129134 0.000796818 0.000620712 0.000685978
internal_weight=56583 48188 8395 44928 40310 19885 418 19467 1794 265 17673 16413 10201 10055 9998 361 9637 2885 6752 6694 944 5750 2828 5705 536 366 254 20425 18656 18521
internal_count=56583 48188 8395 44928 40310 19885 418 19467 1794 265 17673 16413 10201 10055 9998 361 9637 2885 6752 6694 944 5750 2828 5705 536 366 254 20425 18656 18521
is_linear=0
shrinkage=0.05


Tree=48
num_leaves=31
num_cat=0
split_feature=5 13 16 16 14 10 10 3 12 4 9 14 12 8 14 10 13 12 12 4 0 8 13 16 16 12 13 14 16 10
split_gain=3.4688 2.76632 4.61481 3.86706 3.08431 2.94052 9.52333 9.38063 2.82156 2.77587 2.57528 2.59711 2.09825 2.92167 2.73372 2.09087 2.05611 3.52234 2.04208 2.02615 2.34218 1.90262 1.85518 6.00106 8.27003 6.44517 4.67787 3.21107 2.31314 2.68175
threshold=0.012432021309661758 20.060000419616703 0.0021907609799732834 0.060559153392290906 -0.075454415356713087 0.0038487263964011036 0.0066461345858104268 -0.010977520135401984 -0.0039943573579758742 0.046908601621937621 -0.18924922715770134 -0.10344834121785244 -0.0067438381246153192 -0.021854429774755043 0.11927434384443127 -0.0056282677308486786 12.00999975204468 0.050572968372656575 0.0066896408709551389 0.026222997631032727 0.0011506465063483298 -0.016515758094087226 17.445000648498539 0.0086511307364703933 0.011494976033377348 0.032488819096245465 17.530000686645511 0.15436855290822041 0.051970924172370377 0.0047561334202744785
decision_type=2 2 2 2 2 2 2 2 2 2 10 2 2 8 2 2 2 2 2 2 2 10 2 2 2 2 2 2 2 2
left_child=16 3 5 4 18 12 7 -7 19 22 11 -8 13 -3 -15 21 17 -1 -2 -9 -21 -16 -6 26 25 27 -24 -25 29 -26
right_child=1 2 -4 -5 9 6 10 8 -10 -11 -12 -13 -14 14 15 -17 -18 -19 -20 20 -22 -23 23 24 28 -27 -28 -29 -30 -31
leaf_value=-0.00035770764560570916 0.00036006830988744612 8.8632450375108519e-05 0.00020632870559645378 -0.0014373317360746765 1.4012519153352139e-06 -0.0016301944827463314 -0.0004865546170314647 -0.00035464733103178009 2.7131584306512674e-05 -0.00049991907483607943 0.00010389077241474218 0.00077004250498795463 0.00028322909522535274 -2.3453060320233882e-05 -0.00088027476243650055 -0.00050977944998466566 5.4504080688419385e-05 0.00016019305225728313 1.9092599281127414e-05 -0.0005136202882660445 -0.0015633340947993667 -0.00016185032396899307 -0.00056238621144773465 -0.00056929131552238641 -0.00018849114613875338 -9.2179886149708909e-05 5.2611780223129934e-05 -2.7081093516922041e-05 -0.00055829208775999117 0.00013203385635736492
leaf_weight=82 986 1959 2681 80 15454 44 181 93 121 1138 995 93 996 779 62 44 22177 74 1329 64 88 313 148 385 1100 290 4001 58 121 725
leaf_count=82 986 1959 2681 80 15454 44 181 93 121 1138 995 93 996 779 62 44 22177 74 1329 64 88 313 148 385 1100 290 4001 58 121 725
internal_value=0.000299236 -1.6313e-05 0.0007653 -0.000274065 -0.000239945 -2.40053e-05 -0.00178976 -0.00841463 -0.00579235 -0.000412041 0.00035067 -0.00394161 0.000689863 5.86001e-05 -0.00188648 -0.0051432 0.000784266 -0.0049359 0.00150108 -0.00887755 -0.0124342 -0.00393333 -0.000289022 -0.000975395 -0.00282008 -0.00734652 0.000215715 -0.01114 -0.00111511 -0.000671233
internal_weight=56661 34328 8513 25815 25735 5832 1679 410 366 23420 1269 274 4153 3157 1198 419 22333 156 2315 245 152 375 22282 6828 2679 733 4149 443 1946 1825
internal_count=56661 34328 8513 25815 25735 5832 1679 410 366 23420 1269 274 4153 3157 1198 419 22333 156 2315 245 152 375 22282 6828 2679 733 4149 443 1946 1825
is_linear=0
shrinkage=0.05


Tree=49
num_leaves=31
num_cat=0
split_feature=5 9 6 12 14 16 1 12 10 15 15 10 15 10 12 10 15 14 2 2 16 2 16 8 10 12 7 7 12 15
split_gain=3.00551 2.01385 1.78119 1.80476 1.90508 2.52585 2.58547 1.38112 1.96262 4.03986 2.33229 6.30454 3.29026 2.68635 2.38783 2.24795 3.02165 2.61909 2.52716 2.01876 1.9995 5.98344 2.26683 1.78859 1.62659 2.61379 1.61517 1.59952 1.59128 1.54171
threshold=0.012432021309661758 0.61648706031592104 0.69263618717247233 -0.075828258528587975 -0.075454415356713087 0.060559153392290906 0.059830494604206315 0.027544134222988518 -0.0056282677308486786 -0.0091754288420822765 1.0000000180025095e-35 -1.4888588054484673e-05 0.0022588811963102366 0.0059229211260980472 0.04087275171318528 0.0067212639667129101 0.0085577163086081338 -0.093449770795740669 0.021106500628656603 -0.0096169209185536491 0.0086511307364703933 0.019072744322549132 0.0078790153782565282 0.10996731922392357 0.0059882716894145158 0.031913925796026928 0.026984791952286095 -0.0314888030435636 0.04846927459620843 -0.010286944843569732
decision_type=2 10 2 2 2 2 2 2 2 2 2 2 2 2 2 2 2 2 2 2 2 2 2 8 2 2 2 2 2 2
left_child=7 2 3 -2 -5 -6 -7 27 -9 29 -11 12 20 -13 24 16 26 18 -17 -14 22 -22 -12 -21 25 -15 -16 -1 -19 -10
right_child=1 -3 -4 4 5 6 -8 8 9 10 11 13 19 14 15 17 -18 28 -20 23 21 -23 -24 -25 -26 -27 -28 -29 -30 -31
leaf_value=9.1633372291609387e-05 0.00045100995140627607 -0.00060290209286701724 -4.797466491629734e-05 9.8620211994766821e-05 7.3690181913710238e-06 -0.001408249960913612 -0.0001675414948423911 0.00029371578864225057 -0.00021430508497010349 0.00018393539898037121 -0.00029211035449115067 0.00015749946930869178 -0.00071005913557289815 0.00069300969579521058 -0.00016793900468852995 -0.00065786844732602023 7.6431716810557621e-05 0.00025579026159748851 -2.1943857537639046e-05 0.00013489162716492093 -0.000409107806812799 -9.428968622404523e-05 0.00027480934404759395 -0.00011727295906036335 0.00015614638087351422 -0.00058774356042210504 -0.00027043113139860365 8.7295046384497704e-06 -7.1245626895277646e-05 -0.00034789417146548836
leaf_weight=1634 590 527 6690 2690 23640 40 90 853 217 2434 203 2948 41 44 101 58 89 467 70 403 69 120 71 43 1094 59 49 10648 591 58
leaf_count=1634 590 527 6690 2690 23640 40 90 853 217 2434 203 2948 41 44 101 58 89 467 70 403 69 120 71 43 1094 59 49 10648 591 58
internal_value=0.000296746 2.48071e-06 5.03855e-05 0.000231054 0.000170068 2.73456e-05 -0.00692308 0.00074763 0.00118131 0.000969228 0.00115256 0.000659509 -0.00310526 0.00130162 0.0001373 -0.00124561 -0.00566946 -0.000354131 -0.00710937 -0.000236139 -0.00612311 -0.0100794 -0.00339416 0.00073991 0.00178363 -0.0042233 -0.01 0.00039163 0.000463138 -0.005
internal_weight=56631 34267 33740 27050 26460 23770 130 22364 10082 9229 8954 6520 950 5570 2622 1425 239 1186 128 487 463 189 274 446 1197 103 150 12282 1058 275
internal_count=56631 34267 33740 27050 26460 23770 130 22364 10082 9229 8954 6520 950 5570 2622 1425 239 1186 128 487 463 189 274 446 1197 103 150 12282 1058 275
is_linear=0
shrinkage=0.05


Tree=50
num_leaves=31
num_cat=0
split_feature=5 13 14 14 3 11 15 5 15 15 11 7 6 1 3 11 8 14 14 13 11 3 15 11 9 4 6 11 11 15
split_gain=2.45076 2.13785 2.66496 3.09062 2.89699 2.50135 2.315 2.36866 2.06139 1.96421 2.01605 1.67163 1.65504 1.70724 2.00965 1.97362 1.70528 2.67697 2.46803 1.69139 4.20473 1.66295 1.56248 2.22632 1.54939 1.54132 1.46701 2.89908 1.68169 1.84602
threshold=0.017380269929814156 19.115000724792484 -0.061929277885563232 -0.05546753287916955 -1.0000000180025095e-35 0.0069842899086436381 -0.016247700741756629 0.019612106208093259 0.021499022875503985 -0.025436019726874644 -0.035697741943328191 -0.0114592030848627 -0.23251821701477357 -0.0094980973878845392 0.017878918088074961 0.028626427066600128 0.046045367559230395 0.17323568959812755 0.21504170766917155 12.00999975204468 0.015296127885016332 -0.00052597533550136067 0.010693774482794407 0.050492728349193612 0.054720374632357134 0.048384361610836861 -0.33770781949234474 -0.022672211523631577 -0.022310292973000797 -0.021715662476849636
decision_type=2 2 2 2 2 2 2 2 2 2 2 2 2 2 2 2 10 2 2 2 2 2 2 2 8 2 2 2 2 2
left_child=9 2 -2 4 -4 26 7 -5 22 10 -1 -9 19 14 -14 16 17 -15 24 20 -11 -21 23 25 -19 -8 27 -3 -29 -30
right_child=1 5 3 6 -6 -7 8 11 -10 12 -12 -13 13 15 -16 -17 -18 18 -20 21 -22 -23 -24 -25 -26 -27 -28 28 29 -31
leaf_value=-0.0010458619083325523 0.00012232233039945214 0.00025580101816311684 -0.0011012029950925014 1.86353087663715e-05 -0.00018986301545987394 0.00016166197557406382 -6.7845843096112657e-05 -0.00057175684932598279 -0.0017694843558929592 -0.0003570840258006127 9.9690050414267707e-05 -0.0012342549586351805 6.2255849006177e-05 -4.9010115394052488e-05 -0.00070752793322156069 0.0001423095611242048 2.446801135366001e-05 -0.00077130886949372643 -6.9539254951248209e-05 2.1109995133097064e-05 0.00018126019815701218 7.9214007763094506e-05 0.00020866067563223784 -0.00050819531822754308 -0.00021203305947406915 -0.00053728340911012354 4.6492820155540116e-05 -0.00084427788571725133 -0.00088150505943292124 -0.0002311597355634641
leaf_weight=70 1178 464 67 69 120 1630 5090 49 41 96 55 40 7426 7202 84 1503 5722 42 66 8597 80 12595 361 66 40 783 2150 55 51 984
leaf_count=70 1178 464 67 69 120 1630 5090 49 41 96 55 40 7426 7202 84 1503 5722 42 66 8597 80 12595 361 66 40 783 2150 55 51 984
internal_value=0.000277935 -0.000318988 -0.000843082 -0.00122943 -0.00756684 0.000453693 -0.00104708 -0.00702532 -0.000898123 0.000458718 -0.0058 -0.0124157 0.000476722 0.000173195 0.000785619 -0.000142367 -0.000339657 -0.000843537 -0.0075 0.000790434 -0.00409091 0.000830974 -0.000825397 -0.00101953 -0.0132927 -0.000916908 -0.000264579 -0.00143501 -0.00284404 -0.0023913
internal_weight=56776 13198 7864 6686 187 5334 6499 158 6341 43578 125 89 43453 22085 7510 14575 13072 7350 148 21368 176 21192 6300 5939 82 5873 3704 1554 1090 1035
internal_count=56776 13198 7864 6686 187 5334 6499 158 6341 43578 125 89 43453 22085 7510 14575 13072 7350 148 21368 176 21192 6300 5939 82 5873 3704 1554 1090 1035
is_linear=0
shrinkage=0.05


Tree=51
num_leaves=31
num_cat=0
split_feature=9 11 11 2 9 5 13 13 0 16 10 3 16 10 13 9 4 14 12 16 15 10 9 11 16 11 12 13 14 11
split_gain=2.50887 1.65701 4.14039 4.88169 2.23737 1.81251 1.58887 3.70265 2.3892 2.05028 1.98067 2.63797 2.28677 2.18372 2.22001 1.85791 1.6744 1.60879 2.68738 1.55925 2.53245 2.08483 1.53747 1.46167 1.43688 2.51605 5.17944 1.90126 1.76967 1.54327
threshold=0.61648706031592104 0.037714619913018062 0.036250382984596159 0.0092634032505462 0.20820796107205344 0.017380269929814156 19.115000724792484 19.085000038146976 0.0066079939015867293 0.011310477438085 -0.00262768472957231 -0.012840699544130639 0.0086511307364703933 0.014637758018764104 24.19999980926514 -0.081963638735706654 0.055294754138084053 0.13518549268873961 -0.0067438381246153192 0.051970924172370377 0.010415596002056106 0.012088730385577119 -0.15862538382817395 0.0093718282563531891 0.016672741686673435 0.010411831074112256 0.053097750277519846 17.615000724792484 -0.069744182185856193 -0.0046605922573709204
decision_type=10 2 2 2 8 2 2 2 2 2 2 2 2 2 2 8 2 2 2 2 2 2 10 2 2 2 2 2 2 2
left_child=1 2 5 4 -4 -1 7 17 -9 10 -8 15 13 14 16 -12 -13 24 -19 -3 21 -21 -22 -2 28 26 27 -26 -7 -30
right_child=23 19 3 -5 -6 6 9 8 -10 -11 11 12 -14 -15 -16 -17 -18 18 -20 20 22 -23 -24 -25 25 -27 -28 -29 29 -31
leaf_value=2.8548348147750627e-05 -0.00088815713672902533 0.00024166752379505097 -0.00039110715380963432 2.2394374225908389e-05 -0.0011208142304431098 0.00027560839059490299 9.477895180992621e-05 -6.508695496879292e-05 -0.0011591419717781328 0.0001988504594771887 -0.00096285982653866384 8.569482665005697e-05 -0.00042449673481553341 0.00028524544678650232 -0.00039739395268015054 -0.00037993727083553933 -0.00091134629349565828 -0.00060811402384096597 0.00035743091627138651 -4.0171823729027817e-05 -0.00034245358337646996 -0.0007335958978068462 0.00041912248700473967 -5.3216336091180961e-06 -0.00014954133952720759 -5.1086008394651116e-05 -0.0020672527822573326 -0.00081752455167748714 0.00015997813944498352 -0.00010809198465728745
leaf_weight=42172 296 1464 40 108 54 632 1831 52 50 1055 80 697 85 328 273 149 52 58 49 337 40 70 304 232 310 1162 44 143 894 3575
leaf_count=42172 296 1464 40 108 54 632 1831 52 50 1055 80 697 85 328 273 149 52 58 49 337 40 70 304 232 310 1162 44 143 894 3575
internal_value=0.000286567 0.00031885 0.000263764 -0.00688119 -0.0152128 0.000290645 -0.000265214 -0.000739704 -0.0101961 0.000461539 -0.000121602 -0.00137019 -0.000574913 -7.40739e-05 -0.00121331 -0.00635371 0.000193592 -0.000599243 -0.00668224 0.00165914 -0.000193076 -0.00286241 0.00296512 -0.00314394 -0.000502958 -0.00178119 -0.00475855 -0.00316777 -8.72376e-05 -0.000437458
internal_weight=56636 56108 53893 202 94 53691 11519 6969 102 4550 3495 1664 1435 1350 1022 229 749 6867 107 2215 751 407 344 528 6760 1659 497 453 5101 4469
internal_count=56636 56108 53893 202 94 53691 11519 6969 102 4550 3495 1664 1435 1350 1022 229 749 6867 107 2215 751 407 344 528 6760 1659 497 453 5101 4469
is_linear=0
shrinkage=0.05


Tree=52
num_leaves=31
num_cat=0
split_feature=5 13 13 0 10 16 15 10 10 12 12 13 2 7 5 7 13 16 13 13 12 16 10 14 13 15 14 14 5 16
split_gain=2.21959 2.10459 3.4767 2.19963 2.09523 1.88661 1.80586 1.77015 2.39451 3.37144 6.53657 2.37827 1.73033 1.65133 1.64069 1.6026 1.58807 1.61333 1.46247 2.16905 1.45578 1.92337 1.45264 1.44023 3.8564 1.91399 1.64442 1.68114 1.64397 1.57591
threshold=0.017380269929814156 19.115000724792484 19.085000038146976 0.0066079939015867293 -0.029463592833469218 0.015103495585178874 -0.017588270772269262 -0.00262768472957231 0.014637758018764104 -0.027697520987391363 -0.031853189963288557 23.604999542236332 -0.049850750081847355 -0.10668843022194523 0.019612106208093259 -0.026947109862703652 23.265000343322757 -0.00051258467213810544 24.385000228881839 24.19999980926514 -0.075828258528587975 -0.046161116172452159 -0.0020521609912821921 -0.12096344977185801 14.244999885559084 0.017140802593090369 -0.098691693357393515 -0.083456210331023115 0.0096351895040928514 -0.039849087406969401
decision_type=2 2 2 2 2 2 2 2 2 2 2 2 2 2 2 2 2 2 2 2 2 2 2 2 2 2 2 2 2 2
left_child=4 2 6 -4 12 7 14 20 9 10 13 22 -1 -9 -2 -15 -17 -18 19 23 -3 -22 -11 24 -6 -26 -25 -28 -29 -30
right_child=1 5 3 -5 18 -7 -8 8 -10 11 -12 -13 -14 15 -16 16 17 -19 -20 -21 21 -23 -24 26 25 -27 27 28 29 -31
leaf_value=1.4042156256746446e-05 5.099329011199344e-05 0.00073701582321840961 -0.00011223919926215489 -0.0010738389374547082 -0.00023577504924775472 0.00017522716924677222 -6.020997650801592e-05 -0.0012950902152775942 0.00015561126089245358 -0.00056403315779411818 -0.0021501018650683873 -0.00045842668041808039 -0.00074151220348118009 9.9950523827092898e-06 -0.00088410525925052301 3.2679972455044574e-05 -0.00025569337479401899 -0.00083193620245129545 0.000138375645950987 -0.00026699212028953904 -0.001940533044725648 6.1693170728835604e-05 0.00011447968109438818 -0.00012622708540207218 0.00036495475484314726 -9.8355275426702065e-05 0.0003063296385014089 7.2447589555222776e-05 -0.00026171489920622231 1.5232721675848834e-05
leaf_weight=66 54 333 57 52 48 1505 7593 41 386 41 43 160 62 219 82 61 100 50 1167 66 43 1558 747 724 799 278 1001 6229 106 33082
leaf_count=66 54 333 57 52 48 1505 7593 41 386 41 43 160 62 219 82 61 100 50 1167 66 43 1558 747 724 799 278 1001 6229 106 33082
internal_value=0.000278664 -0.000291428 -0.000811431 -0.0096789 0.00045017 0.000479478 -0.000686376 -0.00011634 -0.00122294 -0.00214774 -0.00540856 -0.000379747 -0.0059375 -0.00370488 -0.00639706 -0.0027907 -0.00590047 -0.00866667 0.000468966 0.00042083 0.000941055 0.000315428 0.000748731 0.000434973 0.0022 0.00281801 0.00038671 0.000429017 0.000377629 0.000237737
internal_weight=56753 13125 7838 109 43628 5287 7729 3782 1848 1462 514 948 128 471 136 430 211 150 43500 42333 1934 1601 788 42267 1125 1077 41142 40418 39417 33188
internal_count=56753 13125 7838 109 43628 5287 7729 3782 1848 1462 514 948 128 471 136 430 211 150 43500 42333 1934 1601 788 42267 1125 1077 41142 40418 39417 33188
is_linear=0
shrinkage=0.05


Tree=53
num_leaves=31
num_cat=0
split_feature=6 5 10 15 9 10 15 10 9 15 11 9 10 15 16 16 11 9 10 11 16 15 15 16 9 3 14 14 11 10
split_gain=2.5089 1.78645 1.75799 2.14801 1.8014 1.45566 3.54878 2.39235 1.99193 2.37348 3.91214 1.82262 1.78486 1.77566 3.33478 1.80332 1.70412 1.6546 1.65337 3.1875 2.10307 1.90403 7.31824 4.18469 2.96714 2.60752 4.71585 8.36876 3.99198 2.97013
threshold=1.0209567110226028 0.012432021309661758 0.017342710294483091 0.021499022875503985 0.13411359436032669 -0.0061039058742593513 -0.019417914233698149 -0.0059409935065934385 -0.28144186167438279 -0.0056388641116485996 -0.010447917606839994 0.001490804539755475 -0.0080075928939195556 -0.012116496800965102 0.010510730946665216 -0.046161116172452159 0.028626427066600128 -0.087288777421004701 0.015549892737221739 -0.0029128519461645848 0.0372553175930408 0.0069857508012245448 0.0065186067570516268 0.0086511307364703933 -0.24513662942962164 -0.0027873602915906566 -0.011729089558044635 -0.012079756674524154 0.006555889816587058 0.0034432931761126944
decision_type=2 2 2 2 10 2 2 2 10 2 2 10 2 2 2 2 2 10 2 2 2 2 2 2 10 2 2 2 2 2
left_child=1 -1 3 5 -5 8 11 -8 9 12 -11 -7 -3 14 15 -10 18 -18 21 -20 -21 22 -9 -24 -23 26 27 28 -26 -30
right_child=-2 2 -4 4 -6 6 7 16 13 10 -12 -13 -14 -15 -16 -17 17 -19 19 20 -22 24 23 -25 25 -27 -28 -29 29 -31
leaf_value=5.0929852838450942e-05 -4.6408372744759626e-05 -4.2735973907691543e-05 0.00016958003998450238 -8.6846173686061452e-05 -0.0016411122137673926 -0.00024574471161549954 -0.00078293741814348657 -1.6916962539328077e-05 -0.00092132700354222033 -0.00049576258267543325 -4.8538453710405633e-05 -0.00085931915524510214 0.00069250022661529746 0.00023656880436649327 -0.00054750212097879778 6.3424342322571556e-05 -6.0607457575650477e-05 0.00016939960132849257 -0.0006794695681872371 0.00022560845278676262 -0.00078091306841232425 0.00023826763923635885 -0.00028135754621718616 -0.00056343122226475508 0.00019774054111127261 5.7512253800260567e-05 0.00016051060009629928 -0.0021723718279264221 -0.0015114472419673456 -0.00020159847350036204
leaf_weight=18781 8412 624 887 106 40 71 81 14197 52 59 266 40 238 2098 67 1624 695 2220 68 147 57 1284 201 168 191 3371 308 54 40 107
leaf_count=18781 8412 624 887 106 40 71 81 14197 52 59 266 40 238 2098 67 1624 695 2220 68 147 57 1284 201 168 191 3371 308 54 40 107
internal_value=0.000262935 0.000402144 0.000158544 9.0258e-05 -0.0059589 0.000121435 -4.50642e-05 -2.37163e-06 0.000892999 -0.00089722 -0.00453846 -0.00896396 0.000475638 0.00144624 0.000266782 0.000704057 2.76962e-05 0.0011578 -0.000135443 -0.00400735 -0.000882353 -8.2576e-05 -0.000378965 -0.00733062 0.000723623 6.26384e-05 -0.00271429 -0.00635204 -0.00343195 -0.00962585
internal_weight=56554 48142 29361 28474 146 28328 23300 23189 5028 1187 325 111 862 3841 1743 1676 23108 2915 20193 272 204 19921 14566 369 5355 4071 700 392 338 147
internal_count=56554 48142 29361 28474 146 28328 23300 23189 5028 1187 325 111 862 3841 1743 1676 23108 2915 20193 272 204 19921 14566 369 5355 4071 700 392 338 147
is_linear=0
shrinkage=0.05


Tree=54
num_leaves=31
num_cat=0
split_feature=14 15 15 12 10 11 11 16 16 12 13 16 10 3 14 12 13 3 15 15 16 13 13 9 14 12 10 10 16 8
split_gain=2.45211 2.17309 4.22243 6.0447 5.22583 9.9773 7.54153 5.28098 4.00217 3.91229 5.16757 3.28885 5.03748 3.72416 3.23947 4.8641 3.22489 9.41239 3.18227 7.36869 5.41645 4.82155 5.76013 4.15404 5.70699 6.59577 7.58157 5.96851 5.48636 6.69548
threshold=-0.12096344977185801 -0.00023410918914362752 -0.0088666457968040718 0.12384640389246161 -0.0061039058742593513 0.0036681526021306037 -0.015679772659318188 0.0037267350656446934 -0.0059412505301810739 0.027544134222988518 13.13000011444092 0.0096290460770676062 -0.014256563971479506 0.0030478103411110129 0.058009640559056781 0.027464748071709514 15.25500011444092 0.0037877081553071572 0.0069209055601037192 0.0066620949053729514 -0.025601242557224176 12.555000305175783 12.494999885559084 0.39383356243184037 -0.037511825146214865 0.028818776627478896 -0.0010954591841218495 0.0057884366035171339 -0.023148465593568753 0.040098909238472154
decision_type=2 2 2 2 2 2 2 2 2 2 2 2 2 2 2 2 2 2 2 2 2 2 2 8 2 2 2 2 2 10
left_child=-1 2 4 9 11 6 -6 8 -8 10 -4 -2 -13 -14 15 -12 17 -16 19 23 -20 22 -22 -3 -25 26 -26 28 -28 -30
right_child=1 18 3 -5 5 -7 7 -9 -10 -11 14 12 13 -15 16 -17 -18 -19 20 -21 21 -23 -24 24 25 -27 27 -29 29 -31
leaf_value=0.00010121791367145748 5.6650933205190472e-05 2.3247383845503261e-06 -0.00033239017599332653 -0.00059367208462705304 0.00084758405442869774 3.1187174345404194e-05 -0.00038732466252382528 0.00056740695930381998 -0.00071013329859071156 0.00017816411700670009 2.1274558390026095e-05 0.00048667466206338294 -0.00025065007377230982 -0.00070731172702142122 9.2934386814106802e-05 -0.00048008401655081793 0.00022047789997248695 -0.00051017784813154872 -0.00050818218113293865 -0.00036463484236153395 -9.0105557004348886e-05 6.5784249345624679e-05 -0.00043002647771159204 5.7017024923380417e-05 9.0809344177943216e-07 -1.6825868602607638e-05 0.00021571559532466137 9.0055287901559273e-05 -0.00061323891834935414 -0.00031893084909183594
leaf_weight=1927 4976 11864 345 69 136 1382 552 66 144 6204 8632 135 225 41 275 65 2310 73 201 415 202 12615 71 1136 472 1100 75 141 509 299
leaf_count=1927 4976 11864 345 69 136 1382 552 66 144 6204 8632 135 225 41 275 65 2310 73 201 415 202 12615 71 1136 472 1100 75 141 509 299
internal_value=0.000237129 0.000175407 0.00051112 0.000930006 -0.000472117 -0.00247807 -0.00658129 -0.00851706 -0.00979885 0.00098693 0.000448718 0.000378464 -0.00397756 -0.00796992 0.00063188 0.000165 0.00215952 -0.00232759 -0.000120275 -0.00059303 0.000458018 0.000585041 -0.00598901 -0.000418056 -0.00187299 -0.00316641 -0.00532754 -0.00774414 -0.00926954 -0.0104703
internal_weight=56657 54730 25630 17973 7657 2280 898 762 696 17904 11700 5377 401 266 11355 8697 2658 348 29100 16011 13089 12888 273 15596 3732 2596 1496 1024 883 808
internal_count=56657 54730 25630 17973 7657 2280 898 762 696 17904 11700 5377 401 266 11355 8697 2658 348 29100 16011 13089 12888 273 15596 3732 2596 1496 1024 883 808
is_linear=0
shrinkage=0.05


Tree=55
num_leaves=31
num_cat=0
split_feature=6 9 14 10 14 14 16 4 15 15 10 10 14 8 14 8 16 10 16 9 16 2 10 14 12 3 15 2 12 12
split_gain=2.34054 1.8175 1.82812 1.79147 2.0814 2.46249 2.09446 2.13039 2.03341 2.76691 3.94806 5.15843 14.7172 6.24206 3.34441 3.31156 3.03407 6.72642 2.98277 2.74825 4.20766 3.61392 2.76829 4.22384 5.23807 3.28738 2.61762 3.22246 2.53988 3.45661
threshold=0.69263618717247233 0.83859444964759167 -0.12096344977185801 0.0180492430338598 -0.096084571305829466 -0.083456210331023115 0.011310477438085 0.015898510460806363 1.0000000180025095e-35 0.0069857508012245448 0.0057641825485008633 0.0063549452815370175 -0.012079756674524154 -0.021854429774755043 0.078404529959544514 0.013479875923026909 0.012185208266253579 0.0060647268719028488 -0.024018882019468831 0.078766737691440727 0.03550393863668045 -0.024845542111072812 -0.0028855615804261321 -0.025186916390587507 -0.0047203102614324912 0.0038642326279980659 0.0066620949053729514 -0.0029259398503295171 0.029587854734561384 0.019260487188196843
decision_type=2 10 2 2 2 2 2 2 2 2 2 2 2 10 2 10 2 2 2 8 2 2 2 2 2 2 2 2 2 2
left_child=1 2 -1 4 6 -6 7 -4 28 15 14 12 16 -14 -11 19 17 -12 -13 -10 22 -22 -21 -24 -25 -26 -17 -28 29 -7
right_child=-2 -3 3 -5 5 8 -8 -9 9 10 11 18 13 -15 -16 26 -18 -19 -20 20 21 -23 23 24 25 -27 27 -29 -30 -31
leaf_value=9.6104110125292674e-05 -3.515191067472146e-05 -0.0015868616396793453 -0.00054315555302319508 0.00033151090216046886 0.00028066232809538099 5.1251973061268356e-05 0.00023105512134295755 -0.00026656555709935918 -2.375268324382683e-05 0.00020638180558645386 -0.00083955544604746423 -0.00024624728759724729 -0.0022429709003319335 -0.00040849079960171211 -0.00048415716840630825 3.1726972133112644e-05 0.00023149788259173296 8.4563088742811653e-05 5.2478353550298997e-05 0.00032049877983873477 -0.0010388216616747531 -0.00020450774301843225 -2.0235744475170474e-05 -0.0004947280750802267 -0.00028740545332969764 0.00016882569257447062 -0.00040889543384925041 -0.00011259118529753942 0.00012567089630104752 -8.1338160233522224e-05
leaf_weight=1357 11497 121 40 422 914 11293 288 535 3267 3136 65 47 42 192 151 6552 426 154 4202 229 56 92 958 269 532 236 50 235 6048 3246
leaf_count=1357 11497 121 40 422 914 11293 288 535 3267 3136 65 47 42 192 151 6552 426 154 4202 229 56 92 958 269 532 236 50 235 6048 3246
internal_value=0.000213761 0.000375928 0.00039237 0.000336218 0.000304589 0.000354076 -0.0021263 -0.00386956 0.000297507 -5.00214e-05 0.000650624 -0.000216458 -0.00370307 -0.0144444 0.00200335 -0.000522603 0.000193799 -0.00458904 0.000504825 -0.00141958 -0.00271501 -0.0108784 -0.00217176 -0.00276942 -0.00498071 -0.0028776 0.000217201 -0.00447368 0.000650168 0.000291973
internal_weight=56652 45155 45034 43677 43255 42392 863 575 41478 20891 8415 5128 879 234 3287 12476 645 219 4249 5639 2372 148 2224 1995 1037 768 6837 285 20587 14539
internal_count=56652 45155 45034 43677 43255 42392 863 575 41478 20891 8415 5128 879 234 3287 12476 645 219 4249 5639 2372 148 2224 1995 1037 768 6837 285 20587 14539
is_linear=0
shrinkage=0.05


Tree=56
num_leaves=31
num_cat=0
split_feature=4 6 11 13 11 10 14 13 9 15 15 10 13 13 10 15 9 15 10 10 8 11 13 11 11 11 14 11 13 14
split_gain=1.77847 1.92232 1.90906 2.87238 2.97173 3.23294 1.72541 3.35523 3.35974 2.78183 3.95725 7.58929 3.9285 5.1876 6.21972 7.06143 8.04895 6.64962 4.33131 3.70641 3.59155 3.1619 2.79636 4.33939 2.62251 5.36317 7.20658 3.92684 3.06344 2.84081
threshold=0.015207508726542446 0.69263618717247233 -0.022672211523631577 17.195000648498539 -0.026323618530511902 0.00048355916176134889 -0.035510202905524417 12.84500026702881 0.17383813959481834 0.009499739304800638 0.0092286536313063178 0.0063179668043742429 18.904999732971195 17.445000648498539 -0.0034865672578678337 -0.0038058575308863025 0.5066564874867252 -0.0020280417101861676 -0.002437487818211181 -0.012508695077667052 0.05533851496579046 -0.010867382103134591 20.610000610351566 -0.012951361499321188 0.030023740679380188 0.020527358618941841 -0.022343626602261631 0.022655260909184464 12.555000305175783 -0.028449828861296097
decision_type=2 2 2 2 2 2 2 2 10 2 2 2 2 2 2 2 8 2 2 2 8 2 2 2 2 2 2 2 2 2
left_child=-1 2 3 -2 5 -5 7 8 -4 10 12 -12 13 24 19 18 17 -17 -16 -15 -18 22 -14 -24 25 -8 27 29 -28 -27
right_child=1 -3 6 4 -6 -7 9 -9 -10 -11 11 -13 21 14 15 16 20 -19 -20 -21 -22 -23 23 -25 -26 26 28 -29 -30 -31
leaf_value=6.960461216167238e-05 -0.00017931563414129315 -3.7082975107306771e-05 -5.4156008535367943e-05 0.0001167623284198726 0.00037244350193510684 -0.00018564704816378984 5.1524252231050259e-06 7.7451732776785025e-05 -0.00058702508618230795 0.00016014258530262771 0.00039062248860312858 -0.0020365395936626806 0.00017860310769443898 -0.00039357273967427752 -0.00037169345090707191 -0.00048195217998489603 -0.00079586622027487592 -0.00014086226660920426 0.00010342778767364817 8.6762439278063422e-05 -0.00044567132853534012 0.00013837578709653567 -8.0416608023843944e-05 -0.00045253506979505586 0.00022394915428641403 2.159598136133449e-05 -0.00039764876398373675 -0.00066328450066728832 -6.4676319481433634e-05 -0.00038230737631123014
leaf_weight=6073 53 10402 379 1806 944 422 12915 10029 123 2216 56 63 485 141 68 206 150 705 563 1186 112 3743 1014 164 1003 107 48 106 1234 101
leaf_count=6073 53 10402 379 1806 944 422 12915 10029 123 2216 56 63 485 141 68 206 150 705 563 1186 112 3743 1014 164 1003 107 48 106 1234 101
internal_value=0.000223166 0.000126029 0.000282996 0.00144961 0.0016425 0.00064632 0.000181082 0.000722154 -0.00326693 -3.48668e-05 -0.000190318 -0.00928571 -0.000145316 -0.000489407 -0.0023459 -0.00425721 -0.00655158 -0.00433041 7.92412e-06 0.000252449 -0.0142748 0.00104144 -0.0007727 -0.00208828 -0.000114735 -0.000285645 -0.00302005 -0.00980892 -0.00135725 -0.00581731
internal_weight=56617 50544 40142 3225 3172 2228 36917 10531 502 26386 24170 119 24051 18645 3131 1804 1173 911 631 1327 262 5406 1663 1178 15514 14511 1596 314 1282 208
internal_count=56617 50544 40142 3225 3172 2228 36917 10531 502 26386 24170 119 24051 18645 3131 1804 1173 911 631 1327 262 5406 1663 1178 15514 14511 1596 314 1282 208
is_linear=0
shrinkage=0.05


Tree=57
num_leaves=31
num_cat=0
split_feature=5 13 16 16 15 13 15 13 16 16 7 11 11 11 2 3 15 11 3 5 13 16 11 11 4 3 16 11 0 11
split_gain=1.86783 1.65394 4.0831 2.48954 2.2474 4.10333 2.91989 3.69417 2.30625 4.04915 2.12418 2.06403 2.68361 2.58109 2.99021 2.21946 1.69292 1.67429 1.66359 1.55363 1.52357 3.68153 3.17706 3.83162 2.9909 2.69903 2.51488 3.69126 3.12117 2.61701
threshold=0.012394434859294342 20.060000419616703 0.0021907609799732834 0.060559153392290906 -0.0088666457968040718 19.98499965667725 -0.0091754288420822765 17.82499980926514 0.0087863155833305413 0.010856126658843281 0.053397927498205051 0.053184266574264123 0.037714619913018062 0.036250382984596159 -0.023202635779598909 0.0027359959820149053 -0.0074049730714610953 0.077392985560090458 0.0021785833557674832 0.014261104327892309 20.610000610351566 -0.0086552204692673645 -0.0041059390871155945 -0.0072461958036925669 0.042750171877138858 -0.0086621592166878352 -0.024234049097731965 -0.012951361499321188 -0.00028140406747467756 -0.0046605922573709204
decision_type=2 2 2 2 2 2 2 2 2 2 2 2 2 2 2 2 2 2 2 2 2 2 2 2 2 2 2 2 2 2
left_child=-1 3 20 4 6 11 8 -8 -2 18 -5 12 13 16 -15 -13 -6 -4 19 -10 -3 26 23 24 -23 -25 27 -22 29 -29
right_child=1 2 17 10 5 -7 7 -9 9 -11 -12 15 -14 14 -16 -17 -18 -19 -20 -21 21 22 -24 25 -26 -27 -28 28 -30 -31
leaf_value=3.7737950347437255e-05 -3.4057121722656486e-05 0.00026053845184446299 0.00019723927441991836 -0.0016484507056648376 0.0001993788948208791 -0.00058904315760797228 -0.00078522845934053892 2.3337774092305213e-05 -0.00050541293159997122 -1.5785610863574387e-05 -1.8422946747761603e-05 -0.00085939837010531352 0.0002130901944085606 -0.00093351938951854129 -1.5810703484035029e-05 -0.00010261257621446265 -9.2299842844684896e-06 -0.00033756754647977494 -0.00063669800922504629 -0.00034670113055593654 -7.7085821264520936e-06 -0.0001293418902571986 3.9492991964019363e-05 -0.0015067737862155762 -0.0011944774471344844 -0.0011736857216666646 0.00012095604074018004 -0.00070046378538365949 -4.9088988499591946e-06 -3.885607147860817e-07
leaf_weight=22094 2120 510 2637 41 757 57 76 69 41 253 42 44 1087 55 90 78 20919 73 42 103 1862 339 279 46 43 74 2295 127 132 51
leaf_count=22094 2120 510 2637 41 757 57 76 69 41 253 42 44 1087 55 90 78 20919 73 42 103 1862 339 279 46 43 74 2295 127 132 51
internal_value=0.000219364 -1.13562e-05 0.000595182 -0.000209863 -0.00018204 -2.23067e-05 -0.00154586 -0.00844828 -0.00115475 -0.0044533 -0.00885542 1.08556e-05 4.53992e-05 -7.53859e-05 -0.00672414 -0.00647541 -3.09096e-05 0.00219557 -0.0100538 -0.0075 -0.000158041 -0.000411585 -0.00357874 -0.00595617 -0.00350785 -0.01375 0.000142154 -0.00107735 -0.00612903 -0.0104494
internal_weight=56436 34342 8468 25874 25791 23087 2704 145 2559 439 83 23030 22908 21821 145 122 21676 2710 186 144 5758 5248 781 502 382 120 4467 2172 310 178
internal_count=56436 34342 8468 25874 25791 23087 2704 145 2559 439 83 23030 22908 21821 145 122 21676 2710 186 144 5758 5248 781 502 382 120 4467 2172 310 178
is_linear=0
shrinkage=0.05


Tree=58
num_leaves=31
num_cat=0
split_feature=9 11 1 15 15 12 13 9 12 10 9 11 11 9 3 12 10 10 12 10 13 11 3 12 13 13 12 15 15 11
split_gain=2.05266 1.56629 2.56017 1.72498 6.51184 1.71367 5.02326 6.37128 3.35228 5.95182 2.85833 2.24637 3.90264 5.53505 4.46874 2.97647 2.93682 4.04057 4.17135 3.61869 4.57259 5.72563 2.88949 2.88133 2.82963 2.65428 2.4515 2.31164 3.51148 2.48058
threshold=0.83859444964759167 0.028626427066600128 0.030515989478146936 0.0016884522598056286 0.0022019405449857925 0.020963092201194859 13.234999656677248 0.25540960002289009 0.020115024475367619 0.0059229211260980472 0.057055241314723178 -0.017686131484892616 -0.011292664141508811 -0.28144186167438279 0.0033153253514321972 -0.0047203102614324912 0.0038487263964011036 0.0063549452815370175 -0.031579620804691948 -0.01645938155843862 31.844999313354496 -0.043674023036412872 0.0040923383779681863 -0.0039943573579758742 23.409999847412113 19.72500038146973 -0.0075921435528307204 -0.0066138599525605293 -0.0065110960463800041 -0.010447917606839994
decision_type=10 2 2 2 2 2 2 8 2 2 10 2 2 10 2 2 2 2 2 2 2 2 2 2 2 2 2 2 2 2
left_child=1 2 5 -3 -5 6 7 -1 11 10 -10 15 13 14 -13 16 19 -18 -19 20 21 -8 23 26 -20 -16 -15 -14 -29 -30
right_child=-2 3 -4 4 -6 -7 8 -9 9 -11 -12 12 27 22 25 -17 17 18 24 -21 -22 -23 -24 -25 -26 -27 -28 28 29 -31
leaf_value=-0.00016845500207346767 -0.0015106954609819113 0.00026486660284402063 -4.4859876007454894e-05 -0.00085560928592238658 6.8312018527788142e-05 4.5906554946922749e-05 -0.0018091841347947569 -0.00052638036436451145 -0.00032991160284159376 0.00039373934555432121 -0.0014025635868980773 -0.00021376178418888562 9.3503252958285058e-05 -0.00013182301650789335 -0.00044985945194416774 0.00033050540218341015 -0.00046758522525654423 0.00016336839020149142 -0.00049234215785567915 0.00016862774587504811 0.0005582567386853461 -0.00017736308993404772 0.00017778294042651823 0.00017894084658311924 -4.5963155668801056e-06 -0.00053121892845942606 -0.00064975305607900243 -0.00061176648956042445 0.00029571814729275464 -1.3671262164239424e-05
leaf_weight=148 177 1380 8744 64 3554 19854 63 49 118 119 76 474 2894 703 70 1020 253 442 116 3020 329 688 563 446 133 128 75 121 451 10326
leaf_count=148 177 1380 8744 64 3554 19854 63 49 118 119 76 474 2894 703 70 1020 253 442 116 3020 329 688 563 446 133 128 75 121 451 10326
internal_value=0.000206545 0.00022341 0.000141279 0.00106843 0.000494749 0.000300968 5.47664e-06 -0.00794416 7.46864e-05 -0.0050639 -0.0104639 0.000146762 -0.000159682 -0.00199471 -0.00586309 0.000968008 0.000469865 -0.00204449 -6.51228e-05 0.00104878 -0.00143518 -0.00358855 -0.000540011 -0.00190359 -0.00524096 -0.0121717 -0.00374036 0.000167489 -0.000166085 -7.09843e-05
internal_weight=56598 56421 51423 4998 3618 42679 22825 197 22628 313 194 22315 16251 2459 672 6064 5044 944 691 4100 1080 751 1787 1224 249 198 778 13792 10898 10777
internal_count=56598 56421 51423 4998 3618 42679 22825 197 22628 313 194 22315 16251 2459 672 6064 5044 944 691 4100 1080 751 1787 1224 249 198 778 13792 10898 10777
is_linear=0
shrinkage=0.05


Tree=59
num_leaves=31
num_cat=0
split_feature=0 15 13 3 9 13 13 12 14 15 9 12 8 14 14 0 13 13 15 3 0 15 4 9 14 13 7 0 15 6
split_gain=1.46662 2.73849 3.4868 2.70585 3.15375 2.18996 6.30962 8.4059 3.79013 3.30101 2.0874 1.92361 1.67214 1.66331 1.55089 1.54597 1.44511 1.82923 1.61575 1.50751 1.67273 1.92393 1.82212 1.41894 1.94468 2.02012 1.6388 1.39581 1.82156 1.43906
threshold=0.0084376836613502277 0.0057624883264436608 12.644999980926515 -0.012312857775443662 -0.036941507841917069 14.570000171661379 15.050000190734865 0.057603305359047348 -0.093449770795740669 0.013425193223203015 0.13229722400746527 0.039205604027794723 0.093131135221276598 0.047546513885702975 -0.061929277885563232 0.020486817794653781 19.115000724792484 19.085000038146976 -0.012812211141565997 0.0095532981931004696 0.01875519836262252 0.0052165560670962572 0.020232451815232221 -0.020420235156334007 0.0091478412114857095 16.775000572204593 0.0059685977417532907 0.023928388816554794 0.010219046488305185 0.84814065637827984
decision_type=2 2 2 2 8 2 2 2 2 2 10 2 10 2 2 2 2 2 2 2 2 2 2 10 2 2 2 2 2 2
left_child=-1 11 10 4 -4 8 7 9 -5 27 -3 14 -12 -8 -2 -11 17 18 -16 20 21 23 -23 24 -20 -26 -27 -7 29 -29
right_child=1 2 3 5 -6 6 13 -9 -10 15 12 -13 -14 -15 16 -17 -18 -19 19 -21 -22 22 -24 -25 25 26 -28 28 -30 -31
leaf_value=2.6607906127442188e-05 0.00012186688020869439 -0.00010918323164012749 -0.00098273583225825362 -0.00025813387815726166 -0.0001934085098865213 -7.4775249261699241e-06 6.5794303871514648e-05 -0.0019122128870113263 0.0002400158024483943 -0.00045101661767409177 -0.00088325526224939516 7.1796528722928871e-05 -0.00014815292111333375 -0.00040477230842579848 -0.00035063096252400906 -0.00015513129370877207 1.9363881779672722e-06 -0.00052779073179184423 -4.0726185796911645e-05 4.0615155304294385e-05 -0.0003101276732907272 -0.00043959363863302456 -0.00016387732761006594 -6.0339493847553056e-06 -0.00020120425855296625 -0.00032532536722118549 -0.00066190415418235834 -0.00031766682172182088 5.4955985319299267e-05 -0.00022702051685701571
leaf_weight=40863 387 186 60 123 100 513 6143 48 1816 40 60 1473 69 155 82 59 849 64 435 543 632 77 81 1235 186 52 40 58 84 40
leaf_count=40863 387 186 60 123 100 513 6143 48 1816 40 60 1473 69 155 82 59 849 64 435 543 632 77 81 1235 186 52 40 58 84 40
internal_value=0.00021334 -0.000197578 0.000331798 0.000508172 -0.0059375 0.000621765 0.000217087 -0.00384798 0.00211191 -0.00261965 -0.00484127 -0.00102184 -0.00972868 0.000760559 -0.00151941 -0.0111616 -0.00179373 -0.00225124 -0.00209188 -0.00191862 -0.00239591 -0.0017189 -0.00702532 -0.0012885 -0.00306452 -0.00633093 -0.0123913 -0.00140288 -0.00516483 -0.00979592
internal_weight=56553 15690 9554 9239 160 9079 7140 842 1939 794 315 6136 129 6298 4663 99 4276 3427 3363 3281 2738 2106 158 1948 713 278 92 695 182 98
internal_count=56553 15690 9554 9239 160 9079 7140 842 1939 794 315 6136 129 6298 4663 99 4276 3427 3363 3281 2738 2106 158 1948 713 278 92 695 182 98
is_linear=0
shrinkage=0.05


Tree=60
num_leaves=31
num_cat=0
split_feature=4 6 14 14 8 12 10 3 3 13 11 10 15 9 10 15 4 14 14 11 13 10 4 14 14 14 13 12 14 13
split_gain=2.08549 1.78698 1.74018 1.94695 1.60412 2.08548 2.41888 1.75741 1.70242 1.53032 2.37368 1.43689 2.19799 3.03339 1.78498 2.97702 1.65955 1.33346 1.94506 3.87772 1.49372 2.46996 1.1407 1.20974 2.0132 1.6017 1.1358 2.2097 4.07013 5.39992
threshold=0.045719300937139336 -0.35320725228704597 -0.12096344977185801 -0.098691693357393515 0.070969774507697383 0.043496943110048487 0.013014651212668095 0.017878918088074961 -0.0046807267561524415 12.00999975204468 0.015296127885016332 0.016487844784899178 0.021499022875503985 0.14379182738538501 0.015549892737221739 0.011113270042622305 0.023948489235512484 -0.067583665573298909 -0.056340529311790281 0.012464191506580515 18.82499980926514 -0.011742886099156634 0.013276317095542958 0.049298283120689408 0.048234950984074383 0.063421642021299643 20.060000419616703 -0.029235256213089252 0.13936216153879713 38.065000534057624
decision_type=2 2 2 2 10 2 2 2 2 2 2 2 2 10 2 2 2 2 2 2 2 2 2 2 2 2 2 2 2 2
left_child=1 9 -3 4 5 6 -4 8 -8 10 -1 12 14 -14 26 -16 -17 -2 19 -19 21 -20 -11 24 -24 -25 -5 28 -28 -30
right_child=17 2 3 11 -6 -7 7 -9 -10 22 -12 -13 13 -15 15 16 -18 18 20 -21 -22 -23 23 25 -26 -27 27 -29 29 -31
leaf_value=-0.00037020623044415669 6.2777638296470175e-05 0.00013626490183176192 9.9067554457360442e-05 -4.5840951202441555e-06 0.00020097305228810084 -0.00037445275841614797 -0.00031656355195056583 -0.0012341542593000746 -0.00011741907090073638 0.00015621688708248606 0.00013558624764269399 0.00032586925510037367 -5.5634582064212533e-05 -0.0010489073484685749 0.00030250392712178356 -0.00040396367087128682 -0.00096027683822405064 -0.0013410626358434377 -0.00069815624648019293 0.00041748814023564291 3.2852784289640729e-05 -0.00038911056276718324 3.1877898322037227e-05 0.00027410766579335285 -0.00019650323512853665 5.5200635940004961e-05 5.2030933073433928e-05 0.00012807664158156009 -0.00058782424398559944 0.0004159231658620826
leaf_weight=88 604 1099 253 23950 104 144 40 42 110 861 75 343 138 43 71 72 59 72 48 43 962 988 18211 840 86 2868 1250 2784 293 133
leaf_count=88 604 1099 253 23950 104 144 40 42 110 861 75 343 138 43 71 72 59 72 48 43 962 988 18211 840 86 2868 1250 2784 293 133
internal_value=0.000223559 0.000291621 4.33266e-05 -2.86632e-05 -0.00264791 -0.00365874 -0.00196629 -0.00619792 -0.00366667 0.000625082 -0.00420245 3.36356e-05 -4.68845e-06 -0.00549724 3.00575e-05 -0.00465347 -0.00912214 -0.00112808 -0.0017203 -0.00804348 -0.00135636 -0.00267374 0.000659495 0.000589639 0.000422747 0.00141316 6.33582e-05 0.000795964 -0.000638425 -0.00485915
internal_weight=56674 53957 30928 29829 693 589 445 192 150 23029 163 29136 28793 181 28612 202 131 2717 2113 115 1998 1036 22866 22005 18297 3708 28410 4460 1676 426
internal_count=56674 53957 30928 29829 693 589 445 192 150 23029 163 29136 28793 181 28612 202 131 2717 2113 115 1998 1036 22866 22005 18297 3708 28410 4460 1676 426
is_linear=0
shrinkage=0.05


Tree=61
num_leaves=31
num_cat=0
split_feature=14 9 15 15 15 15 15 12 15 12 14 12 14 12 16 10 9 4 16 11 16 11 7 11 11 16 14 14 12 15
split_gain=1.94989 2.32686 1.72077 2.66744 2.03746 4.50937 2.6278 4.78346 4.01872 4.24271 3.19756 2.84305 3.51404 4.14995 2.75858 2.57311 2.35056 2.33463 2.2367 4.83801 2.97465 2.06828 4.52472 2.02499 2.31433 2.65797 2.6167 7.57753 3.23675 3.17656
threshold=-0.12096344977185801 -0.1997289899439538 0.013627280682997569 0.021499022875503985 1.0000000180025095e-35 0.00016243419886563529 -0.0088666457968040718 0.12384640389246161 -0.0094091058901995522 0.029126733628815019 -0.018046897283232773 0.027544134222988518 0.058009640559056781 0.027464748071709514 -0.023148465593568753 -0.011231034779129566 0.070846256433273927 0.023302378754429504 -0.052662510641875819 -0.055970662091911087 -0.028478835519166409 -0.028866673855592325 -0.057184494995520523 0.030456438390909838 -0.019621569956091153 -0.031384118812434796 0.018846539562811352 0.032336920174311119 0.026646485703523241 -0.0023125773011111734
decision_type=2 8 2 2 2 2 2 2 2 2 2 2 2 2 2 2 10 2 2 2 2 2 2 2 2 2 2 2 2 2
left_child=1 -1 4 -4 6 -6 8 11 10 16 -2 12 13 15 -13 -8 17 -10 19 -12 -20 22 -7 24 -17 -26 29 -28 -29 -27
right_child=2 -3 3 -5 5 21 7 -9 9 -11 18 14 -14 -15 -16 23 -18 -19 20 -21 -22 -23 -24 -25 25 26 27 28 -30 -31
leaf_value=-0.0008968433684864649 -0.00037964324236966572 0.00010431296113739058 0.00018538357607011483 -0.00014661160618519226 -0.00037940513986309179 -0.00088597043764917182 -0.00038112830856835137 -0.00066799509775981143 -0.00010849621992896167 -7.4608495459601841e-05 0.00037710960463783712 -0.00025692045221399786 0.00015063202052396503 -0.00039684447012967275 0.00015623046895182999 0.00021579320416126955 -0.00045031480874803734 -0.00083705323967332365 0.00018164972288003053 -0.0017104274184786179 -1.8437862017897763e-05 -7.7992377626394677e-06 -7.829308568147265e-05 0.00025002785188920203 -0.00058010442175279069 7.079691934581488e-05 -0.00030029481718795429 0.00014787665166401571 -0.00043386507941390565 -8.8959039271179407e-05
leaf_weight=45 134 1904 2535 405 196 40 68 69 102 338 69 67 2686 65 6248 1089 43 59 1252 76 5598 25134 235 619 69 3940 889 1031 68 1629
leaf_count=45 134 1904 2535 405 196 40 68 69 102 338 69 67 2686 65 6248 1089 43 59 1252 76 5598 25134 235 619 69 3940 889 1031 68 1629
internal_value=0.000239145 0.00179323 0.000183826 0.00136054 0.000117056 -0.000200156 0.000426969 0.000749043 -0.000351323 -0.00450184 -3.57692e-05 0.000798137 0.000350942 -0.000101933 0.00165875 -1.48903e-05 -0.0101961 -0.00742236 0.000110794 -0.00603448 0.000240876 -0.000141879 -0.00445455 5.57105e-05 -0.000140562 -0.000448466 -0.000359269 -0.0019165 0.000859873 0.000196624
internal_weight=56702 1949 54753 2940 51813 25605 26208 18537 7671 542 7129 18468 12153 9467 6315 9402 204 161 6995 145 6850 25409 275 9334 8715 7626 7557 1988 1099 5569
internal_count=56702 1949 54753 2940 51813 25605 26208 18537 7671 542 7129 18468 12153 9467 6315 9402 204 161 6995 145 6850 25409 275 9334 8715 7626 7557 1988 1099 5569
is_linear=0
shrinkage=0.05


Tree=62
num_leaves=31
num_cat=0
split_feature=6 7 11 11 10 8 11 10 13 11 10 12 11 12 16 11 11 12 14 9 6 11 9 4 3 15 14 11 11 12
split_gain=1.67782 1.89593 2.72434 2.03608 2.36128 2.44329 2.03624 2.07565 1.77951 2.63581 1.57001 2.24212 2.61399 2.16343 1.77366 3.30176 6.01772 2.18169 2.30647 3.85725 1.95482 1.74035 1.60385 1.54049 1.51953 1.55484 2.62179 2.70089 6.6881 5.72024
threshold=-0.33090170081250597 -0.010169804343566511 -0.035697741943328191 -0.020171834808393903 0.0035872584015200775 0.038656271501527291 -0.018660876046821092 -0.0020521609912821921 12.00999975204468 0.015296127885016332 0.0057641825485008633 -0.00073998910017980524 -0.0094173901882642057 0.038010784982444708 0.016672741686673435 0.0063364892264597969 0.0026615433569360252 0.0048491257127185614 -0.0023991033821552095 0.14212001595308202 0.89515501807637288 0.053184266574264123 0.0029627777173322216 0.021288929339765856 -0.0025729787721192605 1.0000000180025095e-35 -0.021590127132527389 0.0074730309850676866 -0.0072461958036925669 -0.012168103513504501
decision_type=2 2 2 2 2 10 2 2 2 2 2 2 2 2 2 2 2 2 2 10 2 2 8 2 2 2 2 2 2 2
left_child=8 -2 -3 -4 5 6 7 -5 9 -1 13 12 -12 -6 22 16 -16 -17 21 -20 -18 -19 -13 -7 25 -10 -27 28 -28 -30
right_child=1 2 3 4 10 23 -8 -9 24 -11 11 14 -14 -15 15 17 20 18 19 -21 -22 -23 -24 -25 -26 26 27 -29 29 -31
leaf_value=-0.00031404316852511651 3.7793320439729217e-05 -0.00051234150154191675 0.00013445222125900978 -0.00030845377904154019 1.4067638569508204e-05 4.1655475524485226e-05 -0.00010118285104342609 -0.0020721644629959402 3.6826274337063391e-05 0.00011112230236222346 -0.00015974940688582927 -0.0001401692084835191 0.00033026883199443563 0.00033496571276588017 0.000234223916021967 -0.0007477462327971458 -0.00045690707258149089 8.5135935466671374e-05 -3.6027931832396197e-05 -0.00064695583204008294 -0.0012383174673834705 -0.00039931860225405469 6.92255800252191e-05 -7.7975006599780101e-05 5.2155979013298976e-05 5.6476431367563339e-05 0.00015655191102263561 -1.5828931882674693e-05 -0.001135666037932276 -0.00025081809622876929
leaf_weight=96 10716 197 1139 63 1344 3145 5160 40 4217 84 190 366 892 861 94 93 112 1345 339 101 42 57 2185 3231 17824 1127 273 811 91 416
leaf_count=96 10716 197 1139 63 1344 3145 5160 40 4217 84 190 366 892 861 94 93 112 1345 339 101 42 57 2185 3231 17824 1127 273 811 91 416
internal_value=0.000202203 -3.91017e-05 -0.000315298 -0.000259868 -0.000378942 -0.000833834 -0.0016312 -0.00859223 0.000509042 -0.00444444 0.000281137 -0.000149587 0.00190388 0.00141723 -0.000618927 -0.00166514 -0.00709677 -0.000968992 -0.000591748 -0.00375 -0.0131818 0.00039943 0.000276362 -0.000175659 0.000545054 -8.29126e-05 -0.00101545 -0.00232244 -0.00442308 -0.00782051
internal_weight=56651 31712 20996 20799 19660 11639 5263 103 24939 180 8021 5816 1082 2205 4734 2183 248 1935 1842 440 154 1402 2551 6376 24759 6935 2718 1591 780 507
internal_count=56651 31712 20996 20799 19660 11639 5263 103 24939 180 8021 5816 1082 2205 4734 2183 248 1935 1842 440 154 1402 2551 6376 24759 6935 2718 1591 780 507
is_linear=0
shrinkage=0.05


Tree=63
num_leaves=31
num_cat=0
split_feature=1 0 10 10 9 10 11 15 10 11 13 13 10 9 11 11 14 9 11 8 11 11 15 4 7 10 13 11 14 13
split_gain=1.50747 1.52257 1.40797 6.04677 4.91494 2.76357 2.70232 2.98024 3.4593 2.61374 1.95599 6.73467 3.9826 3.40654 2.89946 8.22326 3.12408 4.06128 2.93937 2.77683 2.65668 5.5526 5.27248 2.82117 4.26222 2.64898 4.03997 2.61653 2.55705 4.13442
threshold=0.031486608894557129 -0.076295898304792262 -0.0042544467454991288 -0.0041028973297421159 -0.11567410039360808 -0.0049442003687586436 0.009693229646918879 -0.011539952694264386 -0.0029742003737800999 0.0095883601476249875 14.675000190734865 14.824999809265138 0.0092344351500740513 0.0055825215563886097 0.0023967132721236521 0.0035059532242039952 -0.041747258744347641 0.20042314049730639 0.0028224739741974374 -0.16801226008986545 0.0057915448439024306 0.0069842899086436381 0.0053077956713913918 0.018714068361965232 0.0034382270856511137 -0.00071790543685490416 12.694999694824221 0.0060643629866489199 -0.056340529311790281 12.994999885559084
decision_type=2 2 2 2 10 2 2 2 2 2 2 2 2 10 2 2 2 8 2 8 2 2 2 2 2 2 2 2 2 2
left_child=1 -1 5 4 -4 -3 7 8 -5 10 25 12 13 -12 19 16 -16 18 -18 -13 -17 22 27 24 -24 26 -9 -22 29 -27
right_child=-2 2 3 6 -6 -7 -8 9 -10 -11 11 14 -14 -15 15 20 17 -19 -20 -21 21 -23 23 -25 -26 28 -28 -29 -30 -31
leaf_value=-0.00049630952760787732 -1.9271038500783103e-05 4.8280014094259009e-05 0.00024366477314051295 0.00085561216843290473 -0.0007228397184819009 0.00034213280241755274 6.3166322976191267e-05 -0.00032150191191664763 -0.00032641690584946559 -0.00026326209080424661 -0.00018177306733924392 -0.00099015226149749987 0.00047280040393034886 -0.00090987916645140067 -2.9335104864603982e-05 0.00015356063205888029 -0.00049319569412253103 -0.0007232987742222083 -6.2064778039524552e-05 3.216764157906498e-05 -0.00020131945392080878 4.0763060399776979e-05 -0.00062384207827122186 -0.00033213095187665262 -0.00025508587900000245 -0.00035819858125916569 1.2274543257538164e-05 0.00012837711907981523 0.0001747389518400436 0.00014470116838569808
leaf_weight=216 11037 10280 66 108 114 1035 13750 265 329 146 107 113 54 107 236 1390 113 168 193 10094 179 1583 47 214 93 182 893 305 2917 305
leaf_count=216 11037 10280 66 108 114 1035 13750 265 329 146 107 113 54 107 236 1390 113 168 193 10094 179 1583 47 214 93 182 893 305 2917 305
internal_value=0.000264747 0.00039165 0.000411581 0.000251093 -0.00888889 0.00089483 0.000299637 -6.92615e-05 -0.00415332 2.13157e-05 7.10708e-05 -0.000204721 -0.0080597 -0.0111215 -6.17869e-05 -0.0011159 -0.00605634 -0.00839662 -0.00496732 0.000405114 -0.000195487 -0.00119579 -0.00448687 -0.00912429 -0.0146429 0.000977642 -0.00108808 -0.00109504 0.00168038 -0.00167351
internal_weight=56639 45602 45386 34071 180 11315 33891 20141 437 19704 19558 14996 268 214 14728 4521 710 474 306 10207 3811 2421 838 354 140 4562 1158 484 3404 487
internal_count=56639 45602 45386 34071 180 11315 33891 20141 437 19704 19558 14996 268 214 14728 4521 710 474 306 10207 3811 2421 838 354 140 4562 1158 484 3404 487
is_linear=0
shrinkage=0.05


Tree=64
num_leaves=31
num_cat=0
split_feature=9 14 9 13 16 11 12 13 9 16 16 16 12 15 14 14 16 16 12 10 5 10 11 9 3 13 9 4 11 16
split_gain=1.83851 1.54328 2.83714 2.64154 1.64264 1.88461 1.87121 5.83042 5.59042 3.14252 2.61405 5.58241 8.41938 5.09252 3.18595 3.87941 2.96112 6.95688 2.584 7.15875 4.67961 4.44326 2.33481 5.54589 4.30222 2.41443 2.29394 2.1795 2.14061 3.97643
threshold=0.39383356243184037 -0.12096344977185801 -0.1997289899439538 14.244999885559084 0.067620731466845677 0.028626427066600128 0.020963092201194859 13.234999656677248 0.19524198574362675 0.03550393863668045 -0.021325673050327284 -0.019135595035562888 0.032195588291084938 -0.011299001506726079 0.078404529959544514 0.028010740507291913 0.019748541181097926 0.011310477438085 0.019647566703835165 -0.00090813220521157579 0.016577864303569521 0.0082345390094904509 0.018027346802980907 0.04298097186028272 -0.0022864294719971419 12.454999923706056 0.15654426546375136 0.021725500194507318 -0.017686131484892616 -0.031384118812434796
decision_type=10 2 8 2 2 2 2 2 8 2 2 2 2 2 2 2 2 2 2 2 2 2 2 8 2 2 10 2 2 2
left_child=1 2 -1 -4 5 6 7 8 -3 18 -8 12 -12 -14 15 -13 17 22 28 20 27 -21 25 24 -24 -17 -11 -20 -9 -30
right_child=-2 4 3 -5 -6 -7 10 9 -10 26 11 14 13 -15 -16 16 -18 -19 19 21 -22 -23 23 -25 -26 -27 -28 -29 29 -31
leaf_value=-0.00082983446798145242 -0.00024102917496566601 -0.00012536892600084561 -0.00026518153367410786 0.00011157126437557682 -0.00014625143615371546 9.7096348540447677e-05 0.00035808147202914624 5.897381980009793e-05 -0.00061844803006072448 -0.00037826220365328968 -0.00054485401787712111 4.1386355197886566e-05 -0.00030900011557866494 0.0005347053478348266 0.00028496712449180734 -0.00066043468605490483 0.00011136914463254763 -0.00043565226249200168 -0.00034622342808073589 0.00034272313758189734 -0.0013013849995753485 -0.00037461306368000082 -0.00088255235052127053 3.7802388419125343e-05 -0.00016677152794259176 -5.1360371795620842e-06 0.00017013589590968289 4.3899920892224301e-05 -0.00057391036234429049 -1.2017492155644887e-05
leaf_weight=44 1556 157 66 1748 129 4393 854 5994 104 239 190 18167 136 264 1209 63 616 327 194 395 76 72 50 162 56 1806 92 65 70 17321
leaf_count=44 1556 157 66 1748 129 4393 854 5994 104 239 190 18167 136 264 1209 63 616 327 194 395 76 72 50 162 56 1806 92 65 70 17321
internal_value=0.000171774 0.000219674 0.00163617 0.00194046 0.000170204 0.000183901 9.43941e-05 -0.000210057 -0.00764368 -0.000130924 0.000410042 0.000309381 -0.00449153 -0.000375 0.000435519 0.000293453 -0.0013474 -0.00212256 -6.4704e-05 -0.00285536 -0.00843284 0.00114561 -0.00108329 -0.00544776 -0.0143396 -0.000457464 -0.00496979 -0.00523166 3.1003e-05 -0.000249842
internal_weight=56615 55059 1858 1814 53201 53072 48679 24779 261 24518 23900 23046 590 400 22456 21247 3080 2464 24187 802 335 467 2137 268 106 1869 331 259 23385 17391
internal_count=56615 55059 1858 1814 53201 53072 48679 24779 261 24518 23900 23046 590 400 22456 21247 3080 2464 24187 802 335 467 2137 268 106 1869 331 259 23385 17391
is_linear=0
shrinkage=0.05


Tree=65
num_leaves=31
num_cat=0
split_feature=11 9 11 11 0 6 16 16 10 11 16 11 13 7 4 14 14 14 13 12 12 16 12 13 13 13 11 16 4 11
split_gain=1.60564 1.56237 4.26305 2.07647 1.62052 1.52588 1.84417 4.26638 7.26756 4.7207 4.04283 2.35212 2.11261 2.55969 2.1125 1.80911 2.30834 2.15529 1.96147 1.80047 7.04858 4.259 3.10438 2.91616 2.17564 3.22145 2.14486 3.76234 1.92513 1.78213
threshold=0.028626427066600128 -0.22822677855478404 0.036250382984596159 0.040036417291261513 -0.026092875693981051 -0.66463615996567027 0.016672741686673435 0.018063076816427385 0.0095301201573585476 -0.0021561208113907156 0.017186382389062452 0.0036681526021306037 15.905000209808351 0.03212682128523537 0.024391907530141751 -0.12096344977185801 -0.096084571305829466 -0.10816573528732347 25.319999694824222 0.013329890655183642 0.0094949334570126904 0.032019340189368813 0.0090147692043446321 18.444999694824222 18.335000038146976 20.814999580383304 0.012763459668046597 0.019113871112856454 0.026115046986961182 0.010411831074112256
decision_type=2 10 2 2 2 2 2 2 2 2 2 2 2 2 2 2 2 2 2 2 2 2 2 2 2 2 2 2 2 2
left_child=5 2 4 -4 -2 -1 15 8 10 -9 12 -11 -8 -14 -15 18 17 -17 -7 20 21 24 23 -23 -13 -26 29 28 -28 -21
right_child=1 -3 3 -5 -6 6 7 9 -10 11 -12 19 13 14 -16 16 -18 -19 -20 26 -22 22 -24 -25 25 -27 27 -29 -30 -31
leaf_value=3.6627330826449582e-05 -0.00039866405117563341 0.00010977367161010777 -0.00085955791656925718 -0.00019614613867199377 0.00011557140985767878 0.00018230647491829547 0.00017442101807024161 -0.00061779852693860367 -0.00099538581164622668 0.0003219781139143022 -0.00030768667827263613 0.00029062299965244295 8.1209222614141965e-05 -0.00042171565822161954 -5.674437042377369e-05 -3.0910778490758742e-06 8.4109429598853806e-06 -0.00034471724820270738 -0.00025658260024869747 3.495619105467031e-05 -0.0007320567150209072 -0.00062341074379322452 0.00056855519393385844 0.00027209521331648728 -0.00031843951564146741 0.00015767783346261408 -0.00011915584090365889 -2.2089561254733605e-06 -0.00076758212914668277 0.00039735165188461719
leaf_weight=12707 40 4284 89 56 474 824 290 338 115 361 206 594 98 40 40 437 30006 429 189 721 43 298 72 76 185 149 136 2654 44 536
leaf_count=12707 40 4284 89 56 474 824 290 338 115 361 206 594 98 40 40 437 30006 429 189 721 43 298 72 76 185 149 136 2654 44 536
internal_value=0.000184058 0.00104491 -0.00122155 -0.0087931 0.000914397 0.000101574 -5.38822e-05 -0.000789022 -0.00425222 -0.0003488 -0.00227003 -1.78904e-05 0.000299145 -0.00398876 -0.010625 0.000107417 3.91943e-05 -0.00250577 0.00218657 -0.000274147 -0.00181016 -0.00118632 -0.00520179 -0.00703209 0.000743535 -0.00248503 0.000257883 -0.000504587 -0.0075 0.00197693
internal_weight=56531 4943 659 145 514 51588 38881 6996 789 6207 674 5869 468 178 80 31885 30872 866 1013 5508 1417 1374 446 374 928 334 4091 2834 180 1257
internal_count=56531 4943 659 145 514 51588 38881 6996 789 6207 674 5869 468 178 80 31885 30872 866 1013 5508 1417 1374 446 374 928 334 4091 2834 180 1257
is_linear=0
shrinkage=0.05


Tree=66
num_leaves=31
num_cat=0
split_feature=4 13 14 13 13 11 12 10 10 10 11 2 14 14 14 12 13 10 3 10 10 9 13 12 9 11 3 9 11 11
split_gain=1.51691 1.56546 2.62151 4.84802 3.02759 3.45659 4.62705 5.2263 5.0298 4.58377 3.35661 2.96955 3.03697 2.58984 3.57049 3.31861 3.6399 2.6252 2.58738 2.40486 2.77362 3.58485 2.31166 4.13074 3.25563 3.48477 2.27556 2.26145 2.16698 4.31553
threshold=0.016542468283017347 18.904999732971195 -0.067583665573298909 13.305000305175783 17.445000648498539 -0.020171834808393903 0.042968168515443945 -0.0026894409206161814 0.0063549452815370175 -0.012508695077667052 -0.0069171580210211072 0.037385405344923857 0.038811658900465458 -0.0068130779793595378 -0.0083108400172760537 -0.0042212478114914123 19.159999847412113 -0.016935534775352808 -0.00070257965340014817 -0.0012213944728807211 -0.0034865672578678337 -0.0336514333770273 31.844999313354496 -0.016321490228624388 -0.069528732228683651 -0.022310292973000797 0.0014725789414821169 -0.099018670720326038 -0.0071058525984615808 -0.011576467999656779
decision_type=2 2 2 2 2 2 2 2 2 2 2 2 2 2 2 2 2 2 2 2 2 10 2 2 8 2 2 10 2 2
left_child=-1 2 3 -2 -4 -6 7 9 10 26 -9 12 -12 14 15 16 -3 22 -16 20 -8 -22 23 24 -15 -26 -7 -10 29 -18
right_child=1 13 4 -5 5 6 19 8 27 -11 11 -13 -14 17 18 -17 28 -19 -20 -21 21 -23 -24 -25 25 -27 -28 -29 -30 -31
leaf_value=4.5870934482447484e-05 -0.00062460139644137682 -0.00042303484735293297 -1.5792361979499982e-06 0.00011689916727327813 0.00018260280076187884 -0.00037403952858753269 1.8867021092112483e-05 -7.3605315608352086e-06 0.00010372565275331905 5.1965951105546718e-05 -0.00039826986356054304 -0.00035723161869884553 -0.00069146117702194342 2.9229435291411149e-05 -0.001028402322070326 9.8618509065676572e-05 -4.1380268026331449e-05 0.00014601894891818395 -9.3808280503885195e-05 9.3700434462623851e-05 -0.00070887650986821839 -0.00027380403466041478 0.00055620775968234445 0.00015484278753626139 -0.00070853291876660078 -0.00020411509127960198 -0.00052809533885860179 -0.00080167375044796693 4.1327567280165922e-05 -0.00053064481491795715
leaf_weight=10038 87 188 23383 3624 788 150 312 182 356 1124 637 343 78 212 49 2689 1667 5742 82 1323 63 135 345 418 154 292 75 55 1486 384
leaf_count=10038 87 188 23383 3624 788 150 312 182 356 1124 637 343 78 212 49 2689 1667 5742 82 1323 63 135 345 418 154 292 75 55 1486 384
internal_value=0.000203769 8.32563e-05 -0.000104692 0.00114659 -0.000264791 -0.00130671 -0.00180737 -0.00301667 -0.00490309 -0.000707932 -0.00649194 -0.00757089 -0.00940559 0.000531806 -0.000187166 -2.0268e-05 -0.000986577 0.00118875 -0.00835878 0.00017185 -0.0027451 -0.00737374 -0.000735397 -0.00187732 -0.0043465 -0.0067713 -0.00722222 -0.000109489 -0.000626237 -0.00167967
internal_weight=56461 46423 32715 3711 29004 5621 4833 3000 1651 1349 1240 1058 715 13708 6545 6414 3725 7163 131 1833 510 198 1421 1076 658 446 225 411 3537 2051
internal_count=56461 46423 32715 3711 29004 5621 4833 3000 1651 1349 1240 1058 715 13708 6545 6414 3725 7163 131 1833 510 198 1421 1076 658 446 225 411 3537 2051
is_linear=0
shrinkage=0.05


Tree=67
num_leaves=31
num_cat=0
split_feature=4 13 12 8 12 13 13 12 2 16 16 15 15 10 16 12 12 12 14 7 12 10 16 14 10 9 13 15 16 10
split_gain=1.64291 1.45868 3.21173 1.41208 3.81058 3.21916 3.00409 1.74999 1.73965 1.5439 4.20057 2.68852 3.15703 3.57681 3.71405 3.36661 3.24871 3.93336 6.14356 4.68837 2.71997 3.24805 2.49702 5.45993 3.55046 4.64236 6.52636 3.92598 4.41627 3.83424
threshold=0.057929388644751896 12.00999975204468 0.050572968372656575 0.12440074116121226 -0.033014578786643371 20.375000000000004 25.960000038146976 -0.027314401107970562 0.13280497521290793 0.0031233721368245653 0.0057456134134316059 -0.0088666457968040718 -0.00023410918914362752 0.0012069827106450106 0.011821766913907352 0.12384640389246161 0.012058033695657168 0.04780913250788877 -0.019219245464752229 0.0067158855213785848 0.050572968372656575 0.00063379839939814453 -0.0096145263179492884 0.004407866869301503 -0.0092548931155976826 -0.24513662942962164 15.114999771118166 -0.0062404748587930872 -0.0090844960433554816 -0.0055565432698074782
decision_type=2 2 2 8 2 2 2 2 2 2 2 2 2 2 2 2 2 2 2 2 2 2 2 2 2 10 2 2 2 2
left_child=1 2 -1 9 6 7 -5 -6 -9 22 -11 -12 15 14 16 -13 -14 18 19 -18 -16 -22 -3 -24 -25 26 -26 -27 -29 -28
right_child=-2 3 -4 4 5 -7 -8 8 -10 10 11 12 13 -15 20 -17 17 -19 -20 -21 21 -23 23 24 25 27 29 28 -30 -31
leaf_value=-0.00034909202923557496 -0.0004143617016115658 3.4454311038649093e-05 0.00010010756203119888 -0.00049804768849953716 0.00031014304806968053 0.00021427348604846131 0.00046889004928059216 -0.00013520507939899888 -2.2012502232753073e-06 0.00024119588629354459 -0.00021788141922656455 0.00014329900871517609 0.00032233749675232825 4.072690294183857e-05 4.9843288384456225e-05 -0.0004949051353328657 -0.00023052924245874681 0.00013137912394433211 -0.00016622718043138863 -0.00064741437208636716 -0.00029271914223139657 0.00014489071205484903 3.6841633803621235e-05 9.6837204329984798e-05 7.7005883532171848e-05 -0.00029516972463753923 -0.0005907600842281703 -0.00073724223501898001 -1.1819682124760833e-05 -0.00048695070208439078
leaf_weight=138 1104 13388 136 301 218 903 82 1675 2196 2187 685 5757 118 12693 2340 48 76 306 627 169 304 117 5879 903 213 877 67 120 2620 409
leaf_count=138 1104 13388 136 301 218 903 82 1675 2196 2187 685 5757 118 12693 2340 48 76 306 627 169 304 117 5879 903 213 877 67 120 2620 409
internal_value=0.000207039 0.000244996 -0.00339416 0.000263034 -0.000506977 -0.000138221 -0.00531332 -0.000734898 -0.000980367 0.000345971 0.000618831 0.000421687 0.000515407 0.000167164 -0.00112522 0.00152024 -0.00333333 -0.00412564 -0.00583716 -0.012551 -8.87358e-05 -0.0037886 6.25104e-05 -0.000492424 -0.00167115 -0.00226893 -0.00603048 -0.00155239 -0.000620438 -0.00928571
internal_weight=56656 55552 274 55278 5375 4992 383 4089 3871 49903 25427 23240 22555 16750 4057 5805 1296 1178 872 245 2761 421 24476 11088 5209 4306 689 3617 2740 476
internal_count=56656 55552 274 55278 5375 4992 383 4089 3871 49903 25427 23240 22555 16750 4057 5805 1296 1178 872 245 2761 421 24476 11088 5209 4306 689 3617 2740 476
is_linear=0
shrinkage=0.05


Tree=68
num_leaves=31
num_cat=0
split_feature=4 5 14 14 4 9 16 12 10 14 1 8 12 3 9 1 10 16 3 16 10 16 6 11 12 12 0 9 10 8
split_gain=1.31012 1.13356 1.26076 1.62485 1.9009 1.62629 2.50563 1.46803 1.51547 1.38081 1.49 1.35265 1.68975 1.30316 1.3472 1.28952 1.25143 1.70774 1.46688 1.32745 2.47017 2.1833 2.46829 2.53006 1.76698 3.30161 2.44534 1.9511 2.65942 1.9427
threshold=0.01150596957849045 0.032107773739781041 -0.12096344977185801 -0.098691693357393515 0.018840837090923115 0.3772997489085706 0.0019930117319788558 0.0082902171521933594 0.015271909157567489 -0.10344834121785244 -0.013722176463930922 0.021640612764678217 0.043496943110048487 0.0075718951269933008 0.10813385227082929 0.06766080102829021 0.017342710294483091 0.060559153392290906 0.007427721242001529 0.044952978607285317 0.012088730385577119 0.030550403112950101 -1.6924082691938105 0.0010676984150611581 0.0061045845958173093 -0.002636560654466102 0.023928388816554794 0.3772997489085706 0.0057884366035171339 0.0085265518881212383
decision_type=2 2 2 2 2 8 2 2 2 2 2 10 2 2 8 2 2 2 2 2 2 2 2 2 2 2 2 8 2 10
left_child=-1 2 7 4 11 9 -7 -2 -9 -6 -11 12 -4 14 -10 -15 17 19 -19 21 -21 -5 -23 -24 25 -25 27 -26 -29 -28
right_child=1 -3 3 16 5 6 -8 8 13 10 -12 -13 -14 15 -16 -17 -18 18 -20 20 -22 22 23 24 26 -27 29 28 -30 -31
leaf_value=0.00015203013947573635 0.00018367201585567968 -0.00027975646008195787 -0.00030916146730333369 1.7925892708826652e-05 0.00023888289807635378 -0.00038808570646521384 0.00036710543981653541 0.00015292738925448587 -0.0004235771496951248 -0.00026418565667543132 4.9397923458817059e-05 2.9577924561699846e-05 -0.00069518552212858014 5.1146640361410682e-05 -1.1616829530279032e-05 -0.00032617605543635073 0.00023335717886396889 -4.9398204374656146e-05 -0.0015335025265406062 0.00021012864633344712 -0.00062309771452387147 -0.00044784234533595574 -0.00040278652394147194 -3.9036593959792161e-05 0.00014589692311224746 -0.00096433759857322799 -0.00034410691846026412 -0.00069347214547593175 7.1325430392930319e-05 -9.7443718925804463e-05
leaf_weight=449 1308 1541 98 47051 389 180 65 201 53 106 113 61 43 193 58 40 541 139 42 1165 62 67 197 521 1253 166 41 149 269 181
leaf_count=449 1308 1541 98 47051 389 180 65 201 53 106 113 61 43 193 58 40 541 139 42 1165 62 67 197 521 1253 166 41 149 269 181
internal_value=0.000194036 0.000172579 0.000210221 0.000165315 -0.00177725 -0.000744431 -0.00418367 0.00149218 -0.000688073 0.000641448 -0.00253425 -0.00613861 -0.00882979 -0.00270349 -0.00716216 -0.000579399 0.000204845 0.000179619 -0.00466851 0.000196784 0.00182152 0.00015683 -0.00118847 -0.000959668 -0.000542635 -0.0027147 0.000245642 0.000900658 -0.00205742 -0.00468468
internal_weight=56742 56293 54752 52899 1055 853 245 1853 545 608 219 202 141 344 111 233 51844 51303 181 51122 1227 49895 2844 2777 2580 687 1893 1671 418 222
internal_count=56742 56293 54752 52899 1055 853 245 1853 545 608 219 202 141 344 111 233 51844 51303 181 51122 1227 49895 2844 2777 2580 687 1893 1671 418 222
is_linear=0
shrinkage=0.05


end of trees

feature_importances:
spy_ret_5d=290
vix_level=261
spy_ret_1d=219
sector_ret_1d=211
vix_chg_1d=208
sector_ret_5d=186
spy_ret_20d=184
dist_ma200=107
atr_pct=84
dvol_z_20=64
parkinson_20=63
overnight_gap=53
dist_ma50=40
ret_1d=30
dist_ma20=26
ret_20d=23
ret_5d=21

parameters:
[boosting: gbdt]
[objective: quantile]
[metric: quantile]
[tree_learner: serial]
[device_type: cpu]
[data_sample_strategy: bagging]
[data: ]
[valid: ]
[num_iterations: 120]
[learning_rate: 0.05]
[num_leaves: 31]
[num_threads: -1]
[seed: 0]
[deterministic: 0]
[force_col_wise: 1]
[force_row_wise: 0]
[histogram_pool_size: -1]
[max_depth: -1]
[min_data_in_leaf: 40]
[min_sum_hessian_in_leaf: 0.001]
[bagging_fraction: 0.85]
[pos_bagging_fraction: 1]
[neg_bagging_fraction: 1]
[bagging_freq: 1]
[bagging_seed: 3]
[bagging_by_query: 0]
[feature_fraction: 0.85]
[feature_fraction_bynode: 1]
[feature_fraction_seed: 2]
[extra_trees: 0]
[extra_seed: 6]
[early_stopping_round: 0]
[early_stopping_min_delta: 0]
[first_metric_only: 0]
[max_delta_step: 0]
[lambda_l1: 0]
[lambda_l2: 0]
[linear_lambda: 0]
[min_gain_to_split: 0]
[drop_rate: 0.1]
[max_drop: 50]
[skip_drop: 0.5]
[xgboost_dart_mode: 0]
[uniform_drop: 0]
[drop_seed: 4]
[top_rate: 0.2]
[other_rate: 0.1]
[min_data_per_group: 100]
[max_cat_threshold: 32]
[cat_l2: 10]
[cat_smooth: 10]
[max_cat_to_onehot: 4]
[top_k: 20]
[monotone_constraints: ]
[monotone_constraints_method: basic]
[monotone_penalty: 0]
[feature_contri: ]
[forcedsplits_filename: ]
[refit_decay_rate: 0.9]
[cegb_tradeoff: 1]
[cegb_penalty_split: 0]
[cegb_penalty_feature_lazy: ]
[cegb_penalty_feature_coupled: ]
[path_smooth: 0]
[interaction_constraints: ]
[verbosity: -1]
[saved_feature_importance_type: 0]
[use_quantized_grad: 0]
[num_grad_quant_bins: 4]
[quant_train_renew_leaf: 0]
[stochastic_rounding: 1]
[linear_tree: 0]
[max_bin: 255]
[max_bin_by_feature: ]
[min_data_in_bin: 3]
[bin_construct_sample_cnt: 200000]
[data_random_seed: 1]
[is_enable_sparse: 1]
[enable_bundle: 1]
[use_missing: 1]
[zero_as_missing: 0]
[feature_pre_filter: 1]
[pre_partition: 0]
[two_round: 0]
[header: 0]
[label_column: ]
[weight_column: ]
[group_column: ]
[ignore_column: ]
[categorical_feature: ]
[forcedbins_filename: ]
[precise_float_parser: 0]
[parser_config_file: ]
[objective_seed: 5]
[num_class: 1]
[is_unbalance: 0]
[scale_pos_weight: 1]
[sigmoid: 1]
[boost_from_average: 1]
[reg_sqrt: 0]
[alpha: 0.1]
[fair_c: 1]
[poisson_max_delta_step: 0.7]
[tweedie_variance_power: 1.5]
[lambdarank_truncation_level: 30]
[lambdarank_norm: 1]
[label_gain: ]
[lambdarank_position_bias_regularization: 0]
[eval_at: ]
[multi_error_top_k: 1]
[auc_mu_weights: ]
[num_machines: 1]
[local_listen_port: 12400]
[time_out: 120]
[machine_list_filename: ]
[machines: ]
[gpu_platform_id: -1]
[gpu_device_id: -1]
[gpu_device_id_list: ]
[gpu_use_dp: 0]
[num_gpu: 1]

end of parameters

pandas_categorical:[]
