tree
version=v4
num_class=1
num_tree_per_iteration=1
label_index=0
max_feature_idx=16
objective=quantile
feature_names=ret_1d ret_5d ret_20d overnight_gap atr_pct parkinson_20 dvol_z_20 dist_ma20 dist_ma50 dist_ma200 spy_ret_1d spy_ret_5d spy_ret_20d vix_level vix_chg_1d sector_ret_1d sector_ret_5d
feature_infos=[-0.29879720244424268:0.59186745592792978] [-0.30050282803698924:0.82352930451759709] [-0.3779388184325162:1.8593749658515071] [-0.24812031752494035:0.57756033013505337] [0.0085851150713365798:0.17755622177665645] [0.0055609433026195696:0.082832762802696136] [-2.9483600912428245:4.3494726850566288] [-0.29709931656882016:0.88193553564422] [-0.38115356969659275:1.1305109292409616] [-0.45055236968576295:2.5977048509042797] [-0.058542971330535654:0.10501930183911301] [-0.11496151859245618:0.082843162776128354] [-0.1226559005192206:0.15756591020035837] [11.859999656677246:52.330001831054688] [-0.35753873962348437:0.74039073966007019] [-0.062852571542473257:0.088816390052506744] [-0.11675896877857916:0.085294626879873769]
tree_sizes=2904 2982 2986 3012 2971 2983 2998 3000 3003 3009 3005 2992 3018 3002 3006 3011 3026 3031 2996 3032 3019 3002 3023 3026 3013 3015 3020 3016 3049 3019 3000 3028 3022 3036 3043 3037 3034 3039 3070 3056 3038 3006 3055 3073 3021 3021 3043 3039 3044 3070 3039 3042 3047 3036 3012 3028 3031 3033 3014 3035 3051 3051 3042 3059 3077 3044 3028 3038 3067 3006 3023 3090

Tree=0
num_leaves=31
num_cat=0
split_feature=4 4 13 5 12 4 6 12 9 6 6 6 12 13 13 13 13 4 12 6 16 15 14 3 15 15 10 5 5 15
split_gain=324.601 85.6361 52.6057 36.8122 25.1171 19.2316 13.2323 12.1532 12.1493 12.0675 10.5139 10.2194 5.97297 5.66448 5.10636 7.87315 5.46727 5.01095 4.92126 4.26824 4.17994 3.98686 3.81484 3.67125 3.51089 3.72751 3.49942 3.30597 3.27789 3.55907
threshold=0.030807796011555973 0.05327144697603952 38.065000534057624 0.014049556776466555 -0.0800835440536906 0.039874305779988482 -0.028505179967757758 -0.075828258528587975 0.29940142246925644 0.21876128541240183 0.69263618717247233 1.5463212884382871 -0.087458748104097359 28.970000267028812 28.970000267028812 26.494999885559086 33.719999313354499 0.018394255081422811 -0.071455509470426767 -0.66463615996567027 0.0058800745568491361 -0.0018430547924185301 0.035115678917499234 0.017878918088074961 -0.018730415616232173 -0.021715662476849636 -0.020247544478179221 0.017912000330039767 0.016652336114032582 -0.0054270747244281594
decision_type=2 2 2 2 2 2 2 2 10 2 2 2 2 2 2 2 2 2 2 2 2 2 2 2 2 2 2 2 2 2
left_child=3 2 5 10 -3 9 -5 -7 14 28 17 13 -8 20 15 19 -16 24 -4 -6 -9 27 -14 -23 25 -1 -19 -11 -2 -30
right_child=1 4 18 6 8 7 12 11 -10 21 -12 -13 22 -15 16 -17 -18 26 -20 -21 -22 23 -24 -25 -26 -27 -28 -29 29 -31
leaf_value=0.027240983796885377 0.027577950116095151 0.032779630154067263 0.031782256879925974 0.027672343616751527 0.028752358853218984 0.028988742854555483 0.029449625833752834 0.028754334851757334 0.03088271525991191 0.028063743829782339 0.027632793230428488 0.029445965792036712 0.027883293979108669 0.027483490912843411 0.027940855993778248 0.029775120267093058 0.028828295571670992 0.028016327573281253 0.028628331553475307 0.030004767349108931 0.028522357004727873 0.028231544644605755 0.028194270554420565 0.028308609023073795 0.027247916061931065 0.028285926595161472 0.027465943120530488 0.028666586482775581 0.028233388261166482 0.027972942578662518
leaf_weight=75 322 119 115 9259 184 97 46 1153 447 207 6515 222 4277 137 142 73 65 89 67 532 998 899 1575 200 12916 65 11448 563 930 3033
leaf_count=75 322 119 115 9259 184 97 46 1153 447 207 6515 222 4277 137 142 73 65 89 67 532 998 899 1575 200 12916 65 11448 563 930 3033
internal_value=0.0277471 0.0356815 0.0337948 0.0259455 0.0464834 0.0332421 0.027966 0.0368413 0.0446626 0.0317173 0.024961 0.0361702 0.0298171 0.0351764 0.0415891 0.0434229 0.0345996 0.0244879 0.0604012 0.0418281 0.0358043 0.0350699 0.029676 0.0331369 0.023817 0.0316924 0.0252471 0.0378288 0.0302551 0.0306493
internal_weight=56770 10505 8943 46265 1562 8761 15157 2607 1443 6154 31108 2510 5898 2288 996 789 207 24593 182 716 2151 1869 5852 1099 13056 140 11537 770 4285 3963
internal_count=56770 10505 8943 46265 1562 8761 15157 2607 1443 6154 31108 2510 5898 2288 996 789 207 24593 182 716 2151 1869 5852 1099 13056 140 11537 770 4285 3963
is_linear=0
shrinkage=1


Tree=1
num_leaves=31
num_cat=0
split_feature=4 12 4 5 14 9 4 4 16 4 11 4 13 10 3 10 14 0 5 5 3 10 11 11 16 14 11 9 11 14
split_gain=281.074 81.6071 50.2447 37.3458 12.5029 11.2917 11.1186 10.6982 9.95875 9.06349 7.39505 6.31984 5.75851 6.04042 5.24336 5.99684 5.12111 4.7319 4.51472 4.15807 3.71564 3.92693 3.68511 4.54185 4.34466 3.51913 3.51259 3.3538 3.24836 3.22675
threshold=0.031006337421928282 -0.075828258528587975 0.05327144697603952 0.012787474479696652 -0.098691693357393515 0.32474511945614587 0.041138402302188133 0.037826053328967518 -0.025601242557224176 0.027140403282764385 0.044463646975978717 0.065579257743233393 25.505000114440922 -0.020247544478179221 0.008066602513095213 -0.00335015606772554 0.039671535485110161 0.043216812612611018 0.018304054023044341 0.026313107342753665 0.026834365371658845 0.013997034893864614 -0.023324981642921735 -0.033420125215974254 0.028781839519440359 0.027028120883943799 0.057592534540540592 0.19298919003724171 -0.013761586960897574 0.022797718540964799
decision_type=2 2 2 2 2 8 2 2 2 2 2 2 2 2 2 2 2 2 2 2 2 2 2 2 2 2 2 8 2 2
left_child=3 4 7 -1 -2 11 8 16 -6 12 19 26 13 -5 15 -14 17 -3 29 25 21 28 23 -18 -24 -9 -4 -19 -21 -11
right_child=1 2 5 9 6 -7 -8 10 -10 18 -12 -13 14 -15 -16 -17 22 27 -20 20 -22 -23 24 -25 -26 -27 -28 -29 -30 -31
leaf_value=-0.00037520083221289377 0.00042165839234966913 0.00020058105405564575 0.0012008757020941286 0.00052515761529311252 0.002212167804984011 0.0028173694564345517 0.0041817439144780271 0.00053626423179444838 0.00026581092828065135 -2.8064901208130211e-05 -5.7304327861717944e-05 0.001908703663652961 -0.00013081607268607327 -0.00013005206184434867 0.0012651053299887784 0.0009504825430311115 0.00034372093491037529 0.00045404518122124692 0.00040735320596234082 0.0014858608949521203 0.0016583379215147642 -0.00011209248993541477 0.000400259127443523 0.001537304103084924 0.0021938843799830378 0.00093694328613268458 -0.00062029600712887778 0.0011542222385785941 0.00099396692015040421 0.0002414345405093138
leaf_weight=24340 61 3541 495 83 129 560 247 1249 74 2844 237 314 258 16027 65 79 95 101 1464 167 71 97 1000 106 43 578 46 68 940 1265
leaf_count=24340 61 3541 495 83 129 560 247 1249 74 2844 237 314 258 16027 65 79 95 101 1464 167 71 97 1000 106 43 578 46 68 940 1265
internal_value=-8.42113e-05 0.00742294 0.00639782 -0.00173667 0.0268982 0.015106 0.0297778 0.00491197 0.0211084 -0.000247907 0.00709943 0.0114912 -0.000836363 -0.000983862 0.00507463 0.00256676 0.00343762 0.00250674 0.0014956 0.00774984 0.00994118 0.00928571 0.00621383 0.0124129 0.00501917 0.00622058 0.00821626 0.0106805 0.010131 0.000646141
internal_weight=56644 10219 9708 46425 511 1415 450 8293 203 22085 3339 855 16512 16110 402 337 4954 3710 5573 3102 1275 1204 1244 201 1043 1827 541 169 1107 4109
internal_count=56644 10219 9708 46425 511 1415 450 8293 203 22085 3339 855 16512 16110 402 337 4954 3710 5573 3102 1275 1204 1244 201 1043 1827 541 169 1107 4109
is_linear=0
shrinkage=0.05


Tree=2
num_leaves=31
num_cat=0
split_feature=4 4 13 5 12 6 9 6 6 4 12 11 13 11 6 6 3 12 5 3 6 11 9 1 5 13 4 0 11 11
split_gain=245.598 63.1505 36.8487 32.8072 21.2929 14.9974 14.4341 12.1393 10.0332 9.97452 7.282 5.6097 5.08778 4.71138 4.53191 4.24602 4.10725 4.02029 3.64546 3.56539 3.47453 3.36109 3.34356 3.28346 3.17565 3.1614 3.11705 3.01164 2.91092 2.78355
threshold=0.030807796011555973 0.05327144697603952 43.015001296997077 0.014049556776466555 -0.0800835440536906 1.5463212884382871 0.32474511945614587 -0.028505179967757758 0.0097286718701676041 0.038285598082264859 -0.075828258528587975 0.044463646975978717 39.645000457763679 -0.023324981642921735 1.702104451519737 -0.59333754891936741 -0.014946558713783252 -0.017626677985756452 0.022099463845261128 0.0071303292617939116 0.21876128541240183 -0.005167394522302581 -0.019059934078007986 -0.063490175922197009 0.023132433465639687 19.880000114440922 0.017574628799977871 -0.018840213130518143 0.0047087811443838898 -0.023324981642921735
decision_type=2 2 2 2 2 2 10 2 2 2 2 2 2 2 2 2 2 2 2 2 2 2 10 2 2 2 2 2 2 2
left_child=3 2 5 8 -3 9 15 -5 26 13 -11 17 -9 22 29 -6 -4 19 21 -12 -15 -7 -2 -8 -19 -17 -1 -24 -26 -10
right_child=1 4 16 7 6 18 23 12 14 10 11 -13 -14 20 -16 25 -18 24 -20 -21 -22 -23 27 -25 28 -27 -28 -29 -30 -31
leaf_value=-0.00050263754738449028 0.00044418110113240126 0.0045475220149216551 0.0011620497091611856 -9.4816252065536854e-05 0.00082102867971209966 0.0011472747893856445 0.0039048535889473872 0.00020526789256142456 5.0843884823898315e-05 0.00095700591495767292 0.00019000388640101523 -0.00013627792195185974 0.0013834535034362727 0.0001512212645123091 2.915619335456431e-05 0.0022829281674715393 0.0041328851083657419 0.00051599462783308259 0.0013468802267523354 0.0006859275469239648 0.00048845913710268815 0.00045507936826165267 0.0013931296263176751 0.0027574436995350111 0.0011066288461828026 0.0011393921039768819 -0.00030284940099029902 0.00039762967972135845 0.00076853073099922113 -0.00027858842186729015
leaf_weight=8241 233 115 67 9268 305 183 87 5864 772 122 576 219 54 3519 2588 339 46 435 334 178 1063 253 58 353 670 358 10201 170 828 9193
leaf_count=8241 233 115 67 9268 305 183 87 5864 772 122 576 219 54 3519 2588 339 46 435 334 178 1063 253 58 353 670 358 10201 170 828 9193
internal_value=-0.000158048 0.00674008 0.00512397 -0.00172809 0.016034 0.00476134 0.0143828 0.000175819 -0.00266091 0.00412526 0.00639366 0.00589126 0.00194491 0.00276323 -0.00157054 0.0110679 0.0334956 0.00651842 0.0114286 0.00342175 0.00227848 0.00841743 0.00758134 0.0219318 0.00772633 0.0132209 -0.0034031 0.011886 0.00881842 -0.00205469
internal_weight=56692 10511 8954 46181 1557 8841 1442 15186 30995 8071 3028 2906 5918 5043 12553 1002 113 2687 770 754 4582 436 461 440 1933 697 18442 228 1498 9965
internal_count=56692 10511 8954 46181 1557 8841 1442 15186 30995 8071 3028 2906 5918 5043 12553 1002 113 2687 770 754 4582 436 461 440 1933 697 18442 228 1498 9965
is_linear=0
shrinkage=0.05


Tree=3
num_leaves=31
num_cat=0
split_feature=12 9 13 8 6 3 13 0 3 8 1 13 12 10 9 10 11 8 9 9 1 3 14 16 14 16 3 7 2 11
split_gain=82.1438 49.5602 32.4968 28.6963 25.4547 18.8922 11.8675 11.5763 11.208 8.5728 7.50481 6.59717 11.2625 17.2165 6.68251 6.44794 7.03014 6.44637 5.79925 5.11863 4.22798 4.39116 3.87028 4.76019 3.67793 22.8688 4.00163 3.61604 3.57231 3.5418
threshold=-0.075828258528587975 0.46652212185799585 30.345000267028812 -0.13247912607217757 0.52527235175191012 0.012704951416964818 17.494999885559086 0.027940652746256237 -0.014946558713783252 -0.094213578299719922 -0.049154667532664946 21.724999427795414 0.075051018880184076 -0.0012922180120633062 -0.049196942171529694 -0.020247544478179221 -0.024572919887126395 -0.032178510102409345 0.27425140937375064 0.70160561730524984 -0.053781678489735966 0.010252773538903083 0.054586954999164335 0.015103495585178874 0.065842641676127869 0.015103495585178874 0.0095532981931004696 -0.045722769236753384 0.19957555425280529 -0.023324981642921735
decision_type=2 10 2 8 2 2 2 2 2 8 2 2 2 2 10 2 2 10 10 10 2 2 2 2 2 2 2 2 2 2
left_child=2 3 9 -2 7 17 28 8 29 -1 -3 15 24 -14 -15 16 -10 -4 22 -12 -17 -22 -8 27 -13 26 -26 -24 -6 -5
right_child=1 10 5 4 6 -7 18 -9 11 -11 19 12 13 14 -16 20 -18 -19 -20 -21 21 -23 23 -25 25 -27 -28 -29 -30 -31
leaf_value=0.0016004575210617077 0.0011315555796723915 0.0030896490100988509 0.0015091363091325122 0.00062251054790759804 -3.5721818033811722e-05 0.0045290014871357271 0.00017580756940953354 0.0003912009772947902 0.0008610558808503472 8.3247418241429931e-05 0.00059740735719663587 -0.00014176355551990616 -0.00052904126379660951 0.0029363099486492384 0.001077811992424496 0.00010474250003228529 -0.00015070972937759615 0.00010821511216670528 0.0010721798047153687 0.0022580882963275928 -0.00025358289656590829 3.9526319850401699e-05 0.00062431447425343259 0.0012279530191797816 -8.9900511801876138e-05 0.0020560631458504874 0.00096071017200210433 0.00031674634403221674 0.00075437834644356263 0.00025391122249499666
leaf_weight=82 883 108 256 176 7559 105 3141 1045 63 337 633 2075 114 52 74 1140 79 54 219 305 32999 1570 349 123 995 93 61 1139 164 708
leaf_count=82 883 108 256 176 7559 105 3141 1045 63 337 633 2075 114 52 74 1140 79 54 219 305 32999 1570 349 123 995 93 61 1139 164 708
internal_value=-0.00025229 -0.000484813 0.0153237 -0.000690521 -0.000836888 0.025241 0.001121 -0.00143948 -0.00157454 0.00550119 0.0102964 -0.00169973 0.000383948 0.0108333 0.0235714 -0.00190106 0.00873239 0.0190323 0.00302655 0.00885927 -0.00194335 -0.00204215 0.00265993 0.00465239 -0.000393922 0.00187554 -0.000217804 0.00387097 -0.00010553 0.00399321
internal_weight=56701 55867 834 54821 53938 415 12694 41244 40199 419 1046 39315 3464 240 126 35851 142 310 4971 938 35709 34569 4752 1611 3224 1149 1056 1488 7723 884
internal_count=56701 55867 834 54821 53938 415 12694 41244 40199 419 1046 39315 3464 240 126 35851 142 310 4971 938 35709 34569 4752 1611 3224 1149 1056 1488 7723 884
is_linear=0
shrinkage=0.05


Tree=4
num_leaves=31
num_cat=0
split_feature=5 4 5 13 6 6 3 5 13 6 3 15 16 16 14 14 16 4 6 3 6 5 13 9 16 14 4 15 13 0
split_gain=203.822 49.3903 31.1787 21.3979 14.979 13.356 9.22717 8.15292 8.11501 7.6759 6.10354 5.98644 5.65101 5.43253 4.91689 4.75527 7.75135 4.64941 4.34942 3.85187 3.76557 3.65562 3.28721 2.99486 2.90723 4.79021 2.87033 2.62734 2.48887 2.37436
threshold=0.018523399206779905 0.057929388644751896 0.012787474479696652 38.065000534057624 1.149792114593599 0.048857676521432108 -0.0053603325614548494 0.023132433465639687 46.145000457763679 0.65338088581494402 0.026834365371658845 0.0077384832550849722 -0.015973040862799156 0.035035748343718261 0.072802606011034846 0.03328086000020148 0.030338555059054143 0.037329462115323279 1.8135201110599273 -0.019913524434224335 -0.019210261641638242 0.017721344590517631 29.835000038146976 0.22198420364358198 -0.019135595035562888 -0.0081420083322292763 0.023865461590743781 -0.00432556242745502 21.724999427795414 0.013816200818690951
decision_type=2 2 2 2 2 2 2 2 2 2 2 2 2 2 2 2 2 2 2 2 2 2 2 10 2 2 2 2 2 2
left_child=2 3 9 4 7 15 -5 27 18 -1 12 17 14 -9 24 22 -17 -6 21 -16 28 -7 29 -15 25 -3 -18 -2 -14 -4
right_child=1 10 5 6 11 8 -8 13 -10 -11 -12 -13 20 23 19 16 26 -19 -20 -21 -22 -23 -24 -25 -26 -27 -28 -29 -30 -31
leaf_value=-0.00037591301010774913 0.00043233944787362416 0.0012207305377018561 -0.00023805148524222994 0.0011929856666107145 0.0010656597887313392 2.2404705003000204e-05 0.0038467840373915597 0.00070469756482168921 0.0017854161346392405 -0.00016336881907453538 0.0041440064100657049 0.00075421222334270076 0.0018240397995595787 -5.3571547494697235e-05 0.0028737531126692886 -2.0357321672542346e-06 0.00041983339349481013 0.0016068773652444688 0.00037071557272265953 0.0006626700702076359 0.0025382659573855142 0.00048318631390684499 0.00069092274267813184 0.001062874514631309 0.0028736466096335568 0.0024408477899074345 0.0013648043267950299 0.00016973165614100137 0.00054324414502764865 -1.0196389341468525e-05
leaf_weight=19124 1330 71 8485 118 405 5989 46 2977 40 5284 158 332 297 464 66 3149 42 338 1605 68 235 513 40 66 40 60 45 3292 124 1743
leaf_count=19124 1330 71 8485 118 405 5989 46 2977 40 5284 158 332 297 464 66 3149 42 338 1605 68 235 513 40 66 40 60 45 3292 124 1743
internal_value=-0.00026315 0.00602794 -0.00169554 0.00484201 0.00452303 -0.000314305 0.0227439 0.00378952 0.00128452 -0.00292076 0.0159562 0.0100698 0.0144589 0.00560736 0.020082 -0.00127888 0.000392459 0.0125639 0.00117368 0.0129104 0.0118445 0.000598276 -0.00180561 0.000943395 0.0257018 0.0220992 0.0151149 0.00241021 0.00901425 -0.00186156
internal_weight=56546 10487 46059 9368 9204 21651 164 8129 8147 24408 1119 1075 961 3507 305 13504 3236 743 8107 134 656 6502 10268 530 171 131 87 4622 421 10228
internal_count=56546 10487 46059 9368 9204 21651 164 8129 8147 24408 1119 1075 961 3507 305 13504 3236 743 8107 134 656 6502 10268 530 171 131 87 4622 421 10228
is_linear=0
shrinkage=0.05


Tree=5
num_leaves=31
num_cat=0
split_feature=5 12 4 4 6 16 6 4 9 11 15 5 16 15 10 15 6 4 6 11 9 16 5 5 10 10 4 10 11 10
split_gain=185.381 45.7638 28.5216 27.7223 13.8984 13.3172 13.1023 10.2777 9.1279 7.67635 6.42449 6.41879 5.76437 5.43635 6.62592 5.38015 4.43003 4.32919 4.27905 4.15145 4.09512 3.87006 3.33562 3.12381 3.00713 3.78788 2.97551 2.92569 2.89202 2.69802
threshold=0.018410463902410017 -0.075828258528587975 0.019240082049252451 0.051597255623565784 0.5425895302821232 -0.02989800374500395 1.5463212884382871 0.049890531142972684 0.29940142246925644 -0.023324981642921735 -0.0049578424561361181 0.015457954423856954 -0.018617786900092078 -0.018730415616232173 -0.0042544467454991288 0.0089769984510322826 -0.73421586083762913 0.039874305779988482 0.7135327957522416 -0.014879372351697838 -0.01604209879003959 -0.011090857917433248 0.014049556776466555 0.022617851861797985 -0.020247544478179221 -0.023232598164511228 0.027635960794906909 -0.0074311148447236399 0.036250382984596159 0.015549892737221739
decision_type=2 2 2 2 2 2 2 2 10 2 2 2 2 2 2 2 2 2 2 2 8 2 2 2 2 2 2 2 2 2
left_child=2 5 13 6 11 10 17 -7 16 21 -2 24 -9 14 -1 27 -5 26 -15 -10 -19 -6 -11 -12 25 -4 -3 -8 29 -18
right_child=1 3 4 8 9 7 15 12 19 22 23 -13 -14 18 -16 -17 28 20 -20 -21 -22 -23 -24 -25 -26 -27 -28 -29 -30 -31
leaf_value=-0.00011302186101294597 0.0040516673824210203 -4.4553627199886691e-05 -0.00015196937830223495 0.00035540666088261703 0.00047168763306612408 0.00021039226015760862 0.0013854249382221203 0.0010177763378605446 0.0031346499830124837 -4.8994270874587814e-05 0.00076005765249337299 4.2040473533322513e-06 0.002169543566981564 -0.00039690775393018575 0.0008211362880842923 0.00035729825382758046 0.0016057889302949976 0.00026217869527645209 -0.00022587597183025451 0.0024367693378516452 0.00074452918666657755 0.001119756130499221 0.00022533040517355992 0.0015421250839272307 -0.00019820487518156719 0.00044921679276114092 0.00031662590615302795 0.0012125913275539239 0.00048843757447656689 -2.8078343955784018e-05
leaf_weight=207 118 687 66 279 698 157 151 56 81 2789 40 6558 50 15538 70 178 699 614 3627 394 1467 60 2966 42 13290 44 5117 416 114 49
leaf_count=207 118 687 66 279 698 157 151 56 81 2789 40 6558 50 15538 70 178 699 614 3627 394 1467 60 2966 42 13290 44 5117 416 114 49
internal_value=-0.000273923 0.00564992 -0.00165563 0.0049551 -0.000587625 0.0210259 0.00382966 0.0136312 0.0109653 0.00141793 0.03075 -0.00124211 0.0256604 -0.00310976 0.00384476 0.0101678 0.00854075 0.00323082 -0.00321028 0.0167895 0.00518741 0.00614776 0.00079496 0.02 -0.0018694 0.00636364 0.00252929 0.0125485 0.0103132 0.0114438
internal_weight=56622 10709 45913 10246 26471 463 8630 263 1616 6513 200 19958 106 19442 277 745 1141 7885 19165 475 2081 758 5755 82 13400 110 5804 567 862 748
internal_count=56622 10709 45913 10246 26471 463 8630 263 1616 6513 200 19958 106 19442 277 745 1141 7885 19165 475 2081 758 5755 82 13400 110 5804 567 862 748
is_linear=0
shrinkage=0.05


Tree=6
num_leaves=31
num_cat=0
split_feature=4 4 4 12 4 13 6 6 6 11 16 11 10 6 14 16 10 14 15 11 4 8 11 15 13 14 10 11 12 3
split_gain=153.563 40.1181 25.9787 25.4983 12.8878 10.3381 7.866 7.70502 6.58096 5.71479 5.69943 6.45854 4.54817 4.53269 3.59258 4.90319 6.9552 3.45369 3.39584 3.37093 3.32943 3.26464 3.94938 2.96313 6.20111 4.40077 3.41349 3.24903 5.26577 3.10606
threshold=0.030244696807514824 0.043754447693586225 0.020740684625364252 -0.075828258528587975 0.065579257743233393 46.145000457763679 1.5463212884382871 0.94412278214244505 0.65338088581494402 0.044463646975978717 -0.028478835519166409 -0.036898887484870739 -0.0049442003687586436 -0.10025880248509943 0.03406338940495391 0.027781710438194555 -0.0029742003737800999 -1.0000000180025095e-35 -0.01575778668897709 0.036250382984596159 0.017251059236857515 -0.022569044708004356 -0.01413744986297699 0.0070853707220388537 13.174999713897707 0.023749598899870165 -0.0040208105245407846 -0.023324981642921735 0.0011335726897910849 0.0095532981931004696
decision_type=2 2 2 2 2 2 2 2 2 2 2 2 2 2 2 2 2 2 2 2 2 8 2 2 2 2 2 2 2 2
left_child=2 5 8 10 9 6 14 17 20 13 -3 -12 -8 -5 19 -16 -17 18 -4 -2 -1 -15 -23 27 25 -25 -26 28 29 -19
right_child=1 3 7 4 -6 -7 12 -9 -10 -11 11 -13 -14 21 15 16 -18 23 -20 -21 -22 22 -24 24 26 -27 -28 -29 -30 -31
leaf_value=-0.00041904375450744027 0.00022443141101359965 0.0037048924584737702 0.00049765662705140718 0.00073061089022275144 0.0023209488003709954 0.0020728711306536754 0.00098705766888984733 0.00022220129229416825 -0.00016231284853577451 -7.9453169022633508e-05 0.00048761034723873524 0.0019014235323120841 0.00051064352841540971 0.0009065669858567126 0.00040920571137754351 -0.00010016878572349901 0.0019406943632090485 2.2412704317797502e-06 -0.00015280347785590111 -0.00014325871733843418 -0.00025772311627346114 0.0017311871299485534 0.0011937226595202912 0.00058630054474597825 0.00092082869816602667 0.0010725798053707635 9.6079707037467259e-06 -6.6234448468339968e-05 0.00065985994347511308 0.00091081428577744123
leaf_weight=10008 4777 103 47 1180 592 56 230 3558 4955 202 56 79 487 437 1757 44 52 684 9777 603 9365 80 404 59 51 40 575 6168 105 58
leaf_count=10008 4777 103 47 1180 592 56 230 3558 4955 202 56 79 487 437 1757 44 52 684 9777 603 9365 80 404 59 51 40 575 6168 105 58
internal_value=-0.000327715 0.00493357 -0.00161716 0.00973029 0.00843696 0.00305646 0.00290566 -0.00033425 -0.00273101 0.00674555 0.0254622 0.0187037 0.00790098 0.00751785 0.00241048 0.00430923 0.0153125 -0.000764064 -0.0013864 0.0017565 -0.00314691 0.0101466 0.0129752 2.58386e-05 0.00306896 0.014697 0.00123003 -0.000288668 0.00261511 0.00113207
internal_weight=56589 11139 45450 3133 2895 8006 7950 21122 24328 2303 238 135 717 2101 7233 1853 96 17564 9824 5380 19373 921 484 7740 725 99 626 7015 847 742
internal_count=56589 11139 45450 3133 2895 8006 7950 21122 24328 2303 238 135 717 2101 7233 1853 96 17564 9824 5380 19373 921 484 7740 725 99 626 7015 847 742
is_linear=0
shrinkage=0.05


Tree=7
num_leaves=31
num_cat=0
split_feature=5 4 4 12 11 5 15 10 11 15 10 15 15 15 11 4 5 15 14 9 3 10 14 11 12 14 4 14 3 12
split_gain=139.969 36.5927 21.3655 21.1579 11.6303 10.2596 6.51458 6.06796 5.73195 6.4556 7.55902 4.87769 8.60279 4.41742 4.02263 3.52723 3.33473 3.28112 3.24705 3.03658 3.03228 2.96776 7.49261 6.00472 2.91494 3.19898 3.687 3.21416 2.84149 2.55079
threshold=0.017812454286145859 0.045719300937139336 0.020740684625364252 -0.0800835440536906 -0.055970662091911087 0.038049871428955599 -0.0084738514865007036 -0.0067260034259559167 -0.023324981642921735 -0.0051989458545639846 -0.0042544467454991288 -0.018730415616232173 -0.021715662476849636 -0.0046190218034202193 0.057592534540540592 0.018394255081422811 0.015457954423856954 -0.022177877438313117 0.022797718540964799 -0.28144186167438279 0.010024191792718186 -0.023232598164511228 0.11365091649526195 -0.024572919887126395 0.12951753151584791 0.049298283120689408 0.026222997631032727 0.066707247335420675 0.039747139714500286 0.075051018880184076
decision_type=2 2 2 2 2 2 2 2 2 2 2 2 2 2 2 2 2 2 2 10 2 2 2 2 2 2 2 2 2 2
left_child=2 4 11 6 7 14 -3 -2 9 10 19 12 -1 20 17 -13 -10 -5 -19 -4 -6 -21 -23 -24 25 26 -15 -27 -7 -28
right_child=1 3 8 5 13 28 -8 -9 16 -11 -12 15 -14 24 -16 -17 -18 18 -20 21 -22 22 23 -25 -26 27 29 -29 -30 -31
leaf_value=-0.00041971378078379 0.0022914368140706048 0.0014190864184652503 -0.0001060391824068992 -0.00024293556577349002 0.00038444869135974643 0.002030357624409557 0.0040080217758805018 0.00037322584038122856 -0.0001367235204846342 -5.3809977270284627e-05 0.00090206044945370157 -0.00035899045514628682 0.00068242101969138123 -0.00026828493681357082 -0.00075240376020689875 -0.000201624109777137 1.3941457275897177e-05 0.00073855318583583183 0.0013666937784182348 7.9768376695954241e-06 0.001212846001957168 9.8291628059709219e-05 0.0014753013773076789 0.00011505729173107247 0.00058402556885409106 0.0011969712614511145 0.00017645928649896007 0.00036581041710183018 0.0030261681174273383 0.00091762988997507616
leaf_weight=225 48 75 198 70 2263 554 94 59 12012 919 81 16320 162 436 72 7638 6454 1254 523 188 197 261 139 64 78 202 5262 368 49 392
leaf_count=225 48 75 198 70 2263 554 94 59 12012 919 81 16320 162 436 72 7638 6454 1254 523 188 197 261 139 64 78 202 5262 368 49 392
internal_value=-0.000400393 0.0043948 -0.00168839 0.00952991 0.00290972 0.00838224 0.0266568 0.0192991 -0.00049124 0.00216216 0.00509667 -0.00268741 0.00288114 0.00271907 0.00659458 -0.00277736 -0.000757068 0.00704656 0.00746483 0.00370588 0.00453252 0.00535276 0.0075 0.0147044 0.00205699 0.00194444 0.00160919 0.00552631 0.0140713 0.00195083
internal_weight=56657 11996 44661 2691 9305 2522 169 107 20316 1850 931 24345 387 9198 1919 23958 18466 1847 1777 850 2460 652 464 203 6738 6660 6090 570 603 5654
internal_count=56657 11996 44661 2691 9305 2522 169 107 20316 1850 931 24345 387 9198 1919 23958 18466 1847 1777 850 2460 652 464 203 6738 6660 6090 570 603 5654
is_linear=0
shrinkage=0.05


Tree=8
num_leaves=31
num_cat=0
split_feature=4 13 4 4 12 6 13 6 6 14 4 15 15 14 10 12 4 11 6 15 4 3 13 11 11 14 3 12 11 11
split_gain=124.164 36.3355 32.1572 22.2005 9.18216 8.87943 7.67978 7.05486 6.44718 5.20782 4.76638 3.88318 6.15741 3.61315 3.7838 9.8448 3.453 3.39695 3.38963 3.38205 2.97901 4.05093 2.67244 2.59371 3.69067 5.23861 6.05 4.16869 2.60871 2.53347
threshold=0.029543857155292317 49.655000686645515 0.051597255623565784 0.020671074342874525 -0.075828258528587975 1.8135201110599273 28.970000267028812 0.91950002596504843 -0.082874699374251251 0.039671535485110161 0.065579257743233393 -0.018730415616232173 -0.021715662476849636 0.035115678917499234 -0.0051366845172721711 -0.026837542037430936 0.039874305779988482 0.032599059043066377 -0.25420315116157294 -0.016247700741756629 0.041138402302188133 0.026834365371658845 26.284999847412113 0.01583058355048839 0.010325604265528312 0.042440575684467692 0.0010175869174872123 0.035141540141213297 -0.013624975324509013 -0.023324981642921735
decision_type=2 2 2 2 2 2 2 2 2 2 2 2 2 2 2 2 2 2 2 2 2 2 2 2 2 2 2 2 2 2
left_child=3 2 5 8 -4 9 10 13 -1 19 -6 12 -10 -5 -15 -16 -7 18 -11 -2 -21 -22 -13 24 28 26 -26 -27 -17 -12
right_child=1 -3 4 7 6 16 -8 -9 11 17 29 22 -14 14 15 23 -18 -19 -20 20 21 -23 -24 -25 25 27 -28 -29 -30 -31
leaf_value=-0.00035018582126291714 0.0012576771483033919 0.0050240772316882173 0.0018614948964347411 -0.00012342488650715749 0.0011197756703628817 0.00062460888117272172 0.00012462674319550101 0.0001946251375591902 -0.00032651567048576314 0.00024293222366961574 0.0027573141098368279 -0.00022134648655621373 0.0010085620314305571 -5.1577161710120227e-05 0.0010430881659015958 0.00078765344701988847 0.0012933094015857459 0.001763871689646111 0.00057255061507854551 0.00012221556894466884 0.00041417821696714745 0.00093299334424803981 0.00029358551543506579 -0.00025392069218729466 0.0016004509121259624 -0.00020284485233553184 0.00017837317096164811 0.00083345244912651445 1.1390402764935438e-05 0.0022736010073123067
leaf_weight=13832 63 54 136 12826 878 592 241 3553 140 1067 46 10053 109 2725 55 117 199 52 1116 5688 1331 68 52 339 40 110 40 46 756 482
leaf_count=13832 63 54 136 12826 878 592 241 3553 140 1067 46 10053 109 2725 55 117 199 52 1116 5688 1331 68 52 339 40 110 40 46 756 482
internal_value=-0.000436223 0.00407766 0.00389288 -0.0016468 0.0100869 0.00280759 0.00905586 -0.000440871 -0.00267428 0.00237879 0.0104694 -0.00173073 0.00443775 -0.000863142 0.000404445 0.0024185 0.00789507 0.00448546 0.00418461 0.00172028 0.00161775 0.00368477 -0.00188273 0.00162983 0.00279982 0.00834746 0.01875 0.00301282 0.00130011 0.0142235
internal_weight=56806 12013 11959 44793 1783 10176 1647 20607 24186 9385 1406 10354 249 17054 4228 1503 791 2235 2183 7150 7087 1399 10105 1448 1109 236 80 156 873 528
internal_count=56806 12013 11959 44793 1783 10176 1647 20607 24186 9385 1406 10354 249 17054 4228 1503 791 2235 2183 7150 7087 1399 10105 1448 1109 236 80 156 873 528
is_linear=0
shrinkage=0.05


Tree=9
num_leaves=31
num_cat=0
split_feature=5 13 5 4 6 12 6 4 6 12 14 12 12 4 13 13 13 3 3 12 3 6 14 11 15 15 10 14 16 10
split_gain=106.618 41.0289 26.7431 16.7628 11.465 8.62276 8.07733 5.93243 5.26451 5.24885 4.78974 3.65601 3.47471 4.56551 4.03318 3.96231 3.54429 3.41715 3.22185 3.1753 3.16366 3.13945 3.05235 2.96192 3.57215 4.72849 4.27848 2.78831 2.78307 3.38558
threshold=0.016720294643339951 49.655000686645515 0.036250261281930075 0.018394255081422811 -0.019210261641638242 -0.0800835440536906 0.18357364668012993 0.040419519513117334 0.0097286718701676041 -0.075828258528587975 0.083812216488613714 -0.05793872793170584 -0.036045899235514094 0.028462407383029808 25.505000114440922 23.694999694824222 17.445000648498539 -0.0006408760506533272 0.007906375686267177 -0.017626677985756452 -0.015825911762642805 0.65338088581494402 1.0000000180025095e-35 0.041951552464954973 0.0070853707220388537 0.0074072914135810972 -0.0040208105245407846 0.13936216153879713 -0.035810374474839805 -0.0042544467454991288
decision_type=2 2 2 2 2 2 2 2 2 2 2 2 2 2 2 2 2 2 2 2 2 2 2 2 2 2 2 2 2 2
left_child=3 2 4 21 9 -4 22 10 20 18 -6 -9 16 -14 15 -15 -11 -10 -2 -13 -7 -1 -5 24 -24 -26 -27 -21 29 -8
right_child=1 -3 5 6 7 8 28 11 17 12 -12 19 13 14 -16 -17 -18 -19 -20 27 -22 -23 23 -25 25 26 -28 -29 -30 -31
leaf_value=-0.00033580365936633722 0.00012598584800191346 0.0043822431907862098 0.0021202120342914917 -0.00022489506402819482 0.00028857418191315153 0.0021739721467714432 1.1153067416866455e-05 0.00084353766146191399 0.0024578582629665013 0.00080428121131620239 0.00071524326685258881 0.00011839544694268411 -4.6218337262836762e-05 0.00026700436824072729 0.0017050101853783675 -0.00029580530201707628 -0.00017794749136162776 0.0025687301287352286 0.0010412098133761039 0.0010202476174791665 0.0010192060623327253 -0.00019832923323728259 -0.00012900224522980402 0.00075113530951873475 0.00070003234713381394 0.00061148722589001944 -4.3940772753601921e-05 0.0015193022962350239 1.4842679301256728e-05 0.00073906657461510216
leaf_weight=13199 151 63 43 9149 3602 88 174 177 127 42 576 301 1942 4934 86 363 1126 167 97 734 433 3350 6373 69 66 71 435 52 8356 145
leaf_count=13199 151 63 43 9149 3602 88 174 177 127 42 576 301 1942 4934 86 363 1126 167 97 734 433 3350 6373 69 66 71 435 52 8356 145
internal_value=-0.000448834 0.00314685 0.00297819 -0.00176106 0.00245963 0.0115501 -0.00093969 0.0042613 0.0103988 0.00133795 0.00335328 0.00726266 0.00112858 0.00153242 0.00228218 0.0021078 -0.00140411 0.0157483 0.00850806 0.00617755 0.00738004 -0.00299384 -0.00160026 -0.000815513 -0.000917928 0.00286713 0.0012253 0.00784987 0.000291065 0.00487461
internal_weight=56491 15104 15041 41387 14183 858 24838 5442 815 8741 4178 1264 8493 7325 5383 5297 1168 294 248 1087 521 16549 16163 7014 6945 572 506 786 8675 319
internal_count=56491 15104 15041 41387 14183 858 24838 5442 815 8741 4178 1264 8493 7325 5383 5297 1168 294 248 1087 521 16549 16163 7014 6945 572 506 786 8675 319
is_linear=0
shrinkage=0.05


Tree=10
num_leaves=31
num_cat=0
split_feature=5 11 5 4 3 6 6 5 10 12 11 5 14 6 6 11 8 11 12 3 16 10 10 9 9 3 10 12 12 16
split_gain=102.919 25.6775 18.4892 18.0848 10.1798 9.3258 8.16866 6.54619 5.2639 5.19518 4.5406 4.19984 3.88106 3.81545 3.6987 3.09089 6.02269 2.91602 3.76351 2.99252 2.91486 3.37938 8.42838 2.96816 2.83083 2.83066 2.96059 2.72081 6.81555 10.14
threshold=0.017721344590517631 -0.055970662091911087 0.030380818580123137 0.018394255081422811 0.016762252300220774 -0.10025880248509943 0.969190975139119 0.049561312735130821 -0.0049442003687586436 -0.0800835440536906 0.044463646975978717 0.022877408092988858 -1.0000000180025095e-35 0.65338088581494402 1.5463212884382871 0.041951552464954973 -0.0086438936709163344 -0.023324981642921735 0.0011335726897910849 0.0095532981931004696 0.010397470363401553 0.002679704606603384 0.0031820809505899166 -0.0058620693002024984 0.10211825381069962 0.026834365371658845 0.010706298080283895 0.015576127060618618 0.0020578484903100995 0.013099982441017845
decision_type=2 2 2 2 2 2 2 2 2 2 2 2 2 2 2 2 10 2 2 2 2 2 2 8 8 2 2 2 2 2
left_child=3 4 5 13 11 -3 12 9 14 -4 25 -2 -5 -1 -7 17 -17 18 19 -14 -19 27 -23 -24 -20 26 -11 28 -22 -30
right_child=1 2 7 6 -6 8 -8 -9 -10 10 -12 -13 15 -15 -16 16 -18 20 24 -21 21 22 23 -25 -26 -27 -28 -29 29 -31
leaf_value=-0.00032160455475528952 0.00046057606619808762 0.00012938261310403088 0.0012869459739135306 -0.00018531702622027671 0.0042497960301065519 0.00059093266923673283 0.00015211482887808709 0.0027415953935786999 0.0003817573572469739 0.0011247886170789041 -0.00014627240177824931 0.0020889321272595661 -5.379207375226862e-06 -0.00018678822661043483 0.0012892140048179545 0.0012388596451043327 -0.00028304255118981916 -0.0001427630722052582 0.00012459275863638754 0.00067087876807667862 -0.00027869156894987936 0.00090330539854890403 0.0010537347802502324 2.691153896202618e-05 0.0007249722096365032 0.0014523049926605212 -8.3821423828153924e-06 -0.0002102078613255109 0.00090740347417783685 0.00026803783565336871
leaf_weight=13187 76 5923 59 12868 60 788 4650 224 3174 1209 185 43 906 3360 246 41 79 6406 89 80 422 63 66 435 53 144 166 1264 42 392
leaf_count=13187 76 5923 59 12868 60 788 4650 224 3174 1209 185 43 906 3360 246 41 79 6406 89 80 422 63 66 435 53 144 166 1264 42 392
internal_value=-0.000472664 0.00357526 0.00329757 -0.0015937 0.0223743 0.00243263 -0.000815983 0.0077076 0.00423241 0.00668463 0.00617958 0.0139076 -0.00119926 -0.00290294 0.00733075 -0.00047785 0.0075 -0.000571542 0.00182624 0.000730222 -0.000869088 0.000514157 0.0039539 0.00178643 0.00943662 0.00708031 0.00638182 -0.000400945 0.0017757 0.00617511
internal_weight=56700 12297 12118 44403 179 10131 27856 1987 4208 1763 1704 119 23206 16547 1034 10338 120 10218 1128 986 9090 2684 564 501 142 1519 1375 2120 856 434
internal_count=56700 12297 12118 44403 179 10131 27856 1987 4208 1763 1704 119 23206 16547 1034 10338 120 10218 1128 986 9090 2684 564 501 142 1519 1375 2120 856 434
is_linear=0
shrinkage=0.05


Tree=11
num_leaves=31
num_cat=0
split_feature=5 11 4 4 10 6 6 5 12 10 4 5 11 16 5 6 1 0 5 12 6 11 16 5 16 6 1 9 6 10
split_gain=91.7258 24.9496 20.0423 15.5579 8.07207 7.86212 6.52126 5.15856 4.11512 3.82695 3.72169 3.53944 3.50029 4.33216 4.06769 3.38019 2.93561 2.93836 2.87761 2.81248 2.62206 2.37758 2.93262 2.68336 2.60475 2.24938 2.59286 2.11071 2.08828 2.05044
threshold=0.018410463902410017 -0.055970662091911087 0.01833146579446868 0.061259804072719574 -0.0067260034259559167 0.18357364668012993 -0.10025880248509943 0.015337845353656411 -0.0800835440536906 -0.0069332778537110609 0.036489027524694316 0.049561312735130821 0.050492728349193612 0.04892981208796688 0.036250261281930075 0.038796440264501512 0.00065151144652642057 -0.034668456957045006 0.014049556776466555 -0.087458748104097359 1.5957394321729699 0.017632958734851271 0.002402607413579561 0.02236460971959767 0.028781839519440359 0.018617105976203838 -0.017858369158703476 -0.067255423330107297 0.5425895302821232 0.00034889263673931753
decision_type=2 2 2 2 2 2 2 2 2 2 2 2 2 2 2 2 2 2 2 2 2 2 2 2 2 2 2 10 2 2
left_child=2 4 15 6 -2 7 12 -4 -5 20 -11 16 13 14 21 -1 17 -10 -7 -20 27 23 -23 -3 -25 26 -13 -8 -18 -19
right_child=1 3 5 8 -6 18 9 -9 11 10 -12 25 -14 -15 -16 -17 28 29 19 -21 -22 22 -24 24 -26 -27 -28 -29 -30 -31
leaf_value=-0.00032571169950843703 0.0037809873783731479 8.7247639696946984e-05 -0.00018186225161667579 0.0016452450829936378 0.0008264363773830101 -3.3495656365464791e-05 0.00033999451261480058 -6.4750789136724799e-06 0.00075066637935932606 0.00021166294378716037 0.00063521725915450166 0.002798644105530879 -0.00047381352986772127 0.0016139961976917372 0.0011528065866855172 -0.00021596972670149549 0.00026058334923969938 0.0017589538470688861 0.00083402980274968933 0.000153409383302431 0.0012735854906098729 0.00058863322482577223 -0.0001133314728558921 0.00042054257658285783 0.0010038634718042882 0.0037770615181193911 0.0012558675091332563 0.0007330441982536486 0.0019506188460895035 0.0012234724933616599
leaf_weight=10177 79 2186 13384 46 74 5322 247 6145 108 1682 1546 41 252 62 141 6100 226 91 62 4769 172 79 1066 1839 47 85 83 335 52 147
leaf_count=10177 79 2186 13384 46 74 5322 247 6145 108 1682 1546 41 252 62 141 6100 226 91 62 4769 172 79 1066 1839 47 85 83 335 52 147
internal_value=-0.000460324 0.00371233 -0.00143052 0.00342115 0.0237582 -0.000657302 0.00284131 -0.00124405 0.00978953 0.00439226 0.00364312 0.00898559 0.00175247 0.00202029 0.00186823 -0.00284051 0.00709936 0.0101734 0.000471288 0.00135479 0.00759947 0.00164175 -0.00037118 0.00220776 0.00358961 0.0146172 0.0103226 0.00599656 0.00327338 0.0132773
internal_weight=56645 10686 45959 10533 153 29682 9654 19529 879 3982 3228 833 5672 5420 5358 16277 624 346 10153 4831 754 5217 1145 4072 1886 209 124 582 278 238
internal_count=56645 10686 45959 10533 153 29682 9654 19529 879 3982 3228 833 5672 5420 5358 16277 624 346 10153 4831 754 5217 1145 4072 1886 209 124 582 278 238
is_linear=0
shrinkage=0.05


Tree=12
num_leaves=31
num_cat=0
split_feature=5 13 4 5 6 11 11 5 6 13 15 10 10 16 6 5 3 10 15 15 16 13 13 15 6 6 15 11 0 16
split_gain=81.5152 36.034 17.9126 14.2066 9.36146 5.93488 5.47867 5.00842 4.74129 3.88591 5.44285 5.18571 3.81116 3.49787 3.05008 3.04779 2.92603 2.829 2.37328 3.92202 2.32119 2.26613 6.1218 2.26393 2.19765 2.04838 1.91563 9.50918 1.79855 2.91623
threshold=0.017812454286145859 49.655000686645515 0.01833146579446868 0.025364760120837739 0.18357364668012993 0.044463646975978717 -0.043674023036412872 0.042840999863036681 -0.29607142183680019 25.505000114440922 -0.014693707057613191 -0.013327781970057238 -0.020247544478179221 0.046738053510408058 1.7606746095194932 0.015337845353656411 0.026834365371658845 -0.0049442003687586436 -0.018730415616232173 -0.021715662476849636 0.035035748343718261 30.750000000000004 30.345000267028812 0.002681967250864115 0.39610974166415441 2.5528278947605956 0.016193130479605914 -0.0083605121660306741 -1.0000000180025095e-35 -0.019977287221109193
decision_type=2 2 2 2 2 2 2 2 2 2 2 2 2 2 2 2 2 2 2 2 2 2 2 2 2 2 2 2 2 2
left_child=2 3 14 8 15 6 -5 13 -2 12 -11 -12 -6 16 18 -4 20 23 19 -1 21 22 24 -10 28 -14 -20 -28 29 -8
right_child=1 -3 4 5 9 -7 7 -9 17 10 11 -13 25 -15 -16 -17 -18 -19 26 -21 -22 -23 -24 -25 -26 -27 27 -29 -30 -31
leaf_value=-0.00037724582170276644 4.0081998282272904e-05 0.0040567708412166418 -0.00017156914491925829 0.0013751690767056877 0.00074422445194218369 -3.8396789183198245e-05 -4.9600442696608687e-05 0.0020887768517240369 0.00044791274150698593 3.2037651615084805e-05 0.00097459731687032371 0.00035974479883571156 -2.7831497443922437e-06 0.0021123328284684303 -4.543412316214569e-05 -3.0053705525098482e-05 0.0012064282800242562 0.00024507351444266745 -0.00029571720670318709 0.00046433517670708372 -0.00018283367398311864 -9.2466904765540136e-05 0.0013485558964871343 0.0012517553137970068 0.0011764877010541305 0.00033805101489416844 0.0013739991750016333 -0.00033487897520244423 0.00032300342304746564 0.00089515391753033479
leaf_weight=108 3906 56 13266 51 85 347 166 398 941 297 48 112 8061 46 1173 5159 175 3224 14607 94 188 142 43 68 519 1174 62 283 942 745
leaf_count=108 3906 56 13266 51 85 347 166 398 941 297 48 112 8061 46 1173 5159 175 3224 14607 94 188 142 43 68 519 1174 62 283 942 745
internal_value=-0.000465249 0.00320022 -0.00144951 0.00301193 -0.000686477 0.0055529 0.00618594 0.00593936 0.00183745 0.000564078 0.00506564 0.0125 0.000343346 0.00523264 -0.0027675 -0.00135007 0.00501712 0.00299669 -0.00295764 0.00242574 0.00461749 0.00501173 0.00537267 0.00530723 0.00503373 0.000246344 -0.00303037 0.000652173 0.00422828 0.00581229
internal_weight=56486 11957 44529 11901 28202 3762 3415 3364 8139 9777 457 160 9320 2966 16327 18425 2920 4233 15154 202 2745 2557 2415 1009 2372 9235 14952 345 1853 911
internal_count=56486 11957 44529 11901 28202 3762 3415 3364 8139 9777 457 160 9320 2966 16327 18425 2920 4233 15154 202 2745 2557 2415 1009 2372 9235 14952 345 1853 911
is_linear=0
shrinkage=0.05


Tree=13
num_leaves=31
num_cat=0
split_feature=5 13 4 4 6 6 4 12 14 12 6 4 5 5 6 8 14 16 15 15 13 6 12 12 13 13 13 13 16 6
split_gain=76.908 30.9119 15.7489 13.5663 7.7686 7.08654 5.86476 5.73988 4.65458 4.03535 3.42863 3.09808 2.94273 2.71836 2.62589 2.82146 2.49285 3.89182 3.64288 2.78685 6.98083 2.47486 2.41844 3.99287 4.43222 10.947 2.28962 2.42971 2.13312 2.04565
threshold=0.016652336114032582 49.655000686645515 0.065579257743233393 0.017574628799977871 0.048857676521432108 0.0097286718701676041 0.040419519513117334 -0.0800835440536906 0.083812216488613714 -0.0067438381246153192 0.7135327957522416 0.028462407383029808 0.014173516499203854 0.049561312735130821 1.4581996204318157 0.01135938486773347 0.014555585659076444 0.037850409687187121 -0.01575778668897709 0.0070853707220388537 13.444999694824221 1.1834133524653152 -0.075828258528587975 -0.036045899235514094 25.505000114440922 27.070000648498539 24.695000648498539 24.385000228881839 -0.028478835519166409 0.80015618169272307
decision_type=2 2 2 2 2 2 2 2 2 2 2 2 2 2 2 10 2 2 2 2 2 2 2 2 2 2 2 2 2 2
left_child=3 2 4 10 11 16 8 -4 -6 -10 -1 -2 -7 -9 -8 -16 18 19 -5 -18 -21 -14 28 -24 26 -26 27 -25 -13 -11
right_child=1 -3 7 5 6 12 14 13 9 29 -12 22 21 -15 15 -17 17 -19 -20 20 -22 -23 23 24 25 -27 -28 -29 -30 -31
leaf_value=-0.00030003186195945496 -6.15944252999243e-05 0.0024639157151912679 0.0015995952841210148 0.00051934334213911697 0.00022610191013052702 -5.1653854193758771e-05 0.00066112682730081428 0.0010962938025577101 0.00025523280283572497 0.00068798875526078301 -0.00015246514186795809 0.00088217962135489774 2.091508260630806e-05 0.0027663109038617143 0.0007389948064146785 0.0012088137807440859 -0.00012163268252816212 0.00079534867880088332 -0.00020594506076772724 0.00073087054429951182 3.0381810603019081e-05 0.00040367262251440287 -0.00010729890304204456 0.00022360525077893485 0.001907666339375299 -0.00013563480911648714 -0.00047920543950215387 0.00085849382313228162 0.00010082339914428511 0.0016960237506310799
leaf_weight=11013 2198 58 54 48 3493 7584 874 410 352 115 2549 79 2412 199 215 127 4942 54 10815 58 351 1242 1112 5519 40 48 206 42 162 91
leaf_count=11013 2198 58 54 48 3493 7584 874 410 352 115 2549 79 2412 199 215 127 4942 54 10815 58 351 1242 1112 5519 40 48 206 42 162 91
internal_value=-0.000481918 0.00253215 0.00239437 -0.00161172 0.00205377 -0.000973607 0.00359123 0.00993213 0.00267712 0.00691756 -0.00290591 0.00119285 -8.00973e-06 0.0085468 0.00663651 0.0103509 -0.00164065 -0.000763183 -0.00207724 -0.000897964 0.00306846 0.00115763 0.00169395 0.00152361 0.00204526 0.0131818 0.00187532 0.00206707 0.00661826 0.0124757
internal_weight=56462 15394 15336 41068 14673 27506 5267 663 4051 558 13562 9406 11238 609 1216 342 16268 5405 10863 5351 409 3654 7208 6967 5855 88 5767 5561 241 206
internal_count=56462 15394 15336 41068 14673 27506 5267 663 4051 558 13562 9406 11238 609 1216 342 16268 5405 10863 5351 409 3654 7208 6967 5855 88 5767 5561 241 206
is_linear=0
shrinkage=0.05


Tree=14
num_leaves=31
num_cat=0
split_feature=4 13 4 4 6 11 16 5 11 0 14 6 13 13 0 13 12 12 12 13 12 11 12 6 6 1 13 11 16 14
split_gain=67.9663 33.0333 14.8852 14.4009 6.98847 5.46589 5.46325 4.79245 3.8061 3.81455 3.64662 3.54479 2.81633 6.22234 3.33626 3.29925 2.79996 7.72059 12.0287 4.69468 5.86298 7.38952 3.79132 2.91696 2.72678 2.62932 2.61545 9.38145 4.92767 2.54634
threshold=0.028172515350843055 49.655000686645515 0.041138402302188133 0.017251059236857515 0.84814065637827984 0.044463646975978717 0.041924910118512633 0.042840999863036681 -0.043674023036412872 -0.013088097759882787 1.0000000180025095e-35 -0.019210261641638242 24.855000495910648 26.85000038146973 0.0011506465063483298 25.505000114440922 1.0000000180025095e-35 0.0098181061212317972 0.0094949334570126904 16.510000228881839 0.0027925929369287954 -0.014879372351697838 0.0086975784270316731 -0.31685782228695053 0.82542864620355971 -0.094203774890323208 13.174999713897707 0.022371704579513211 0.029726201044593562 -0.12096344977185801
decision_type=2 2 2 2 2 2 2 2 2 2 2 2 2 2 2 2 2 2 2 2 2 2 2 2 2 2 2 2 2 2
left_child=3 2 11 24 10 6 7 8 9 -4 29 -2 16 14 15 -14 -12 18 19 22 21 -21 -18 -24 -1 -9 27 28 -19 -5
right_child=1 -3 5 4 -6 -7 -8 25 -10 -11 12 -13 13 -15 -16 -17 17 26 -20 20 -22 -23 23 -25 -26 -27 -28 -29 -30 -31
leaf_value=-0.00028894101602437369 6.1231992261626947e-05 0.0029995721219803519 0.0002736080642921397 0.00013412602167385022 8.3596682744612816e-05 -8.5947096296513741e-05 0.0019772180213769044 0.0035401298479114714 0.00056279624435441795 0.00065708208419206307 -0.00016871919518283786 0.00027760222337378507 -0.00044774947919464983 -0.00025506728674685645 0.0011463452726904317 0.0006593909681168903 -0.00017151897849555732 -9.6365985429556738e-05 0.0011327821223201312 0.00022807699898161834 7.4615304297206237e-05 0.0010678570810925584 -0.00016152491838226457 0.00078594891619020017 -0.00016413912476296536 0.0016151385532817576 -0.00013339821389262541 0.00093574813879318303 0.00079616292577723677 -0.00018484880714560349
leaf_weight=10362 6079 65 57 700 5428 311 84 62 2869 45 2678 4146 63 206 50 86 596 754 44 90 289 89 40 56 2132 320 5654 74 49 13220
leaf_count=10362 6079 65 57 700 5428 311 84 62 2869 45 2678 4146 63 206 50 86 596 754 44 90 289 89 40 56 2132 320 5654 74 49 13220
internal_value=-0.000502488 0.00251531 0.00234989 -0.00149555 -0.000904331 0.00504536 0.00561973 0.0053042 0.00462639 0.0141176 -0.00126081 0.00136186 -0.000572196 0.00351852 0.00982412 0.00607382 -0.000731299 -0.00024887 0.00343023 0.0024569 0.00632479 0.0134358 -0.000158961 0.0090625 -0.002923 0.0105759 -0.000927118 0.00161345 4.35854e-05 -0.00179598
internal_weight=56698 14038 13973 42660 30166 3748 3437 3353 2971 102 24738 10225 10818 405 199 149 10413 7735 1204 1160 468 179 692 96 12494 382 6531 877 803 13920
internal_count=56698 14038 13973 42660 30166 3748 3437 3353 2971 102 24738 10225 10818 405 199 149 10413 7735 1204 1160 468 179 692 96 12494 382 6531 877 803 13920
is_linear=0
shrinkage=0.05


Tree=15
num_leaves=31
num_cat=0
split_feature=5 13 4 4 4 11 11 16 16 10 16 13 10 14 11 13 3 11 15 10 13 12 11 14 14 13 12 16 15 10
split_gain=61.6871 30.4383 14.6256 10.6929 5.5151 4.50106 3.78029 6.79003 5.1767 9.74013 4.65634 3.62182 3.9321 3.48683 4.84481 4.38398 3.44924 3.42321 3.40178 5.79467 3.15652 2.78945 13.6633 6.77608 3.16723 2.67348 2.67377 2.60468 2.58871 3.14616
threshold=0.016177026851667914 49.655000686645515 0.041920330087119276 0.017309261842257669 0.086042829359596201 0.044463646975978717 -0.0081164241286432719 -0.0030257487906731324 0.0043550782599217639 0.012088730385577119 0.015103495585178874 21.134999275207523 0.00057749123294836846 0.03406338940495391 0.032599059043066377 18.260000228881839 0.026834365371658845 -0.043674023036412872 -0.016247700741756629 -0.0042544467454991288 25.505000114440922 0.075051018880184076 0.0029094650612268018 -0.042564517769286651 -0.081825770158787711 31.844999313354496 -0.0800835440536906 0.044952978607285317 -0.0056388641116485996 -0.0042544467454991288
decision_type=2 2 2 2 2 2 2 2 2 2 2 2 2 2 2 2 2 2 2 2 2 2 2 2 2 2 2 2 2 2
left_child=3 2 13 -1 5 16 7 28 9 11 -10 12 -9 18 15 -15 17 -4 19 -2 -8 -20 -23 24 -24 26 -19 -28 29 -5
right_child=1 -3 4 6 -6 -7 20 8 10 -11 -12 -13 -14 14 -16 -17 -18 25 21 -21 -22 22 23 -25 -26 -27 27 -29 -30 -31
leaf_value=-0.00025359415226736701 -3.6477810930194607e-05 0.0035529264369843182 0.00052605926221291159 -1.4249498113627642e-06 0.0021824193749188404 -0.00022331668208077791 -0.00013969900298657197 0.00074998301336553737 -0.00023099888950599225 0.0032709497878586793 0.00054552260805151018 -0.00043161808445721584 0.00038360248213629885 0.00045717308374754509 0.0014336212034139584 8.112226288948198e-05 0.0010775965288719743 0.00096044840178046852 2.9950665034045424e-05 0.0011574316032647847 0.00047123535514067622 0.0029921632260936724 0.00013139159989294645 -0.00011865360552728653 0.0012434645020413118 -0.00015505075754318915 0.0005931566423528434 0.0017403569926572084 -0.00013489825164813641 0.00029811264553754671
leaf_weight=12784 63 64 83 2138 218 267 20547 72 371 43 112 84 162 1394 64 2005 238 75 8891 44 65 46 66 588 125 163 2424 42 3220 246
leaf_count=12784 63 64 83 2138 218 267 20547 72 371 43 112 84 162 1394 64 2005 238 75 8891 44 65 46 66 588 125 163 2424 42 3220 246
internal_value=-0.000545289 0.00198992 0.00185877 -0.00161806 0.00472934 0.00421932 -0.00105506 1.54968e-06 0.00418246 0.00871191 0.0007971 0.00569182 0.00888889 0.00110041 0.00246462 0.002208 0.00476859 0.00427521 0.000619463 0.00948598 -0.0013856 0.000521818 0.00330303 0.00173941 0.00992146 0.00396819 0.00436639 0.00408353 -0.000628124 0.000620804
internal_weight=56704 16860 16796 39844 3510 3292 27060 6448 844 361 483 318 234 13286 3463 3399 3025 2787 9823 107 20612 9716 825 779 191 2704 2541 2466 5604 2384
internal_count=56704 16860 16796 39844 3510 3292 27060 6448 844 361 483 318 234 13286 3463 3399 3025 2787 9823 107 20612 9716 825 779 191 2704 2541 2466 5604 2384
is_linear=0
shrinkage=0.05


Tree=16
num_leaves=31
num_cat=0
split_feature=4 13 4 4 6 4 11 6 3 15 15 12 6 14 10 14 12 10 10 14 6 14 15 15 10 15 15 14 8 12
split_gain=56.7738 22.127 11.8506 11.6833 6.41134 4.78659 4.49722 3.72168 3.59368 3.09529 3.70604 4.12128 3.08631 2.54311 4.24421 5.09827 4.91082 4.27195 3.90734 2.49787 2.37078 2.33086 3.0241 3.99514 2.80729 2.4697 2.39082 2.2271 2.13061 2.11303
threshold=0.028462407383029808 49.655000686645515 0.039271904574843121 0.017950033946986167 -0.25420315116157294 0.086042829359596201 0.037714619913018062 -0.019210261641638242 0.026834365371658845 -0.017588270772269262 -0.014149651100142878 -0.049048436065559579 1.702104451519737 0.039671535485110161 -0.0080075928939195556 0.041854253665611248 0.0027925929369287954 -0.0010954591841218495 -0.0040208105245407846 0.14228104891203866 1.8135201110599273 0.020125848996620292 0.0070853707220388537 0.0076346840588322759 0.0066461345858104268 0.011113270042622305 0.011229107734697765 0.053057710402313336 -0.058598137497177176 0.0066896408709551389
decision_type=2 2 2 2 2 2 2 2 2 2 2 2 2 2 2 2 2 2 2 2 2 2 2 2 2 2 2 2 10 2
left_child=3 2 7 12 13 6 8 -2 9 -4 11 -11 21 -5 -15 17 18 -16 27 -12 -6 25 -23 -24 -25 -1 -27 -17 -10 -28
right_child=1 -3 5 4 20 -7 -8 -9 28 10 19 -13 -14 14 15 16 -18 -19 -20 -21 -22 22 23 24 -26 26 29 -29 -30 -31
leaf_value=-0.00031438349615484947 2.6806241033858319e-05 0.003435507642807754 -5.7434096631229256e-05 -0.00018565831578987765 -3.867213486013685e-05 0.002155137099700674 -4.819524549105211e-05 0.00025892830876221524 0.00068089024297322191 0.0010478321053388128 0.00052650566118109775 0.0010906498773453589 -3.7335129397180603e-06 -0.0002114909299871899 -1.782230514190791e-06 0.00052638090952842351 -5.7249661718479097e-05 0.0011855409419520527 0.00096052745894219444 0.0013239746629366634 0.00017008524337789783 -0.00018216341722484001 0.00055900269474811989 -0.00028261762346616144 0.00036425577321664454 0.00086005298941976447 0.0002143045332433636 5.3156826833547249e-07 0.0013423039283269515 -0.00025003421429784233
leaf_weight=8544 5397 62 297 10592 12504 222 467 3694 75 63 2994 77 1098 1246 40 70 1208 57 72 56 2186 3886 67 204 81 46 261 167 153 789
leaf_count=8544 5397 62 297 10592 12504 222 467 3694 75 63 2994 77 1098 1246 40 70 1208 57 72 56 2186 3886 67 204 81 46 261 167 153 789
internal_value=-0.00052713 0.00229512 0.00215821 -0.00141449 -0.000814087 0.00428701 0.00390722 0.00112694 0.00448856 0.00409091 0.00454545 0.0125 -0.00254274 -0.00160274 -0.000279721 0.00141264 0.000702042 0.0125258 0.00632686 0.00418033 -9.19004e-05 -0.00274463 -0.00176734 0.00267045 8.77181e-05 -0.00317428 -0.000939782 0.00322785 0.0105702 -0.00142857
internal_weight=56675 13557 13495 43118 28142 4404 4182 9091 3715 3487 3190 140 14976 13452 2860 1614 1517 97 309 3050 14690 13878 4238 352 285 9640 1096 237 228 1050
internal_count=56675 13557 13495 43118 28142 4404 4182 9091 3715 3487 3190 140 14976 13452 2860 1614 1517 97 309 3050 14690 13878 4238 352 285 9640 1096 237 228 1050
is_linear=0
shrinkage=0.05


Tree=17
num_leaves=31
num_cat=0
split_feature=5 5 5 11 3 6 6 12 15 15 14 5 15 15 10 12 12 15 12 10 3 12 6 11 11 16 10 6 10 8
split_gain=51.2874 11.9411 11.4203 7.84482 6.50636 6.25494 5.83448 3.83149 3.80302 4.69784 3.32084 3.15036 3.14303 10.3332 2.64407 5.09735 5.0897 3.05378 3.20664 6.04528 2.59945 2.53735 2.44144 2.42314 2.37891 3.58897 7.85734 2.35527 2.15576 2.85494
threshold=0.016791067428167897 0.011847513093928765 0.036250261281930075 -0.043674023036412872 0.020844868999694403 -0.1096597605535046 -0.019210261641638242 -0.0800835440536906 -0.018730415616232173 -0.021715662476849636 0.03328086000020148 0.020171369948976489 0.016193130479605914 0.016734821577835127 -0.0074311148447236399 0.010183672155494096 0.0094949334570126904 0.0022019405449857925 0.0061045845958173093 -0.0040208105245407846 -0.0038367931578227594 1.0000000180025095e-35 1.9524753838353508 -0.010255103003419084 0.050492728349193612 0.04892981208796688 0.0059229211260980472 -0.028505179967757758 -0.0069332778537110609 -0.012167878643899619
decision_type=2 2 2 2 2 2 2 2 2 2 2 2 2 2 2 2 2 2 2 2 2 2 2 2 2 2 2 2 2 10
left_child=1 8 3 4 -2 10 24 -4 9 -1 -3 -8 27 -14 -12 16 17 18 19 21 -11 -16 -7 -17 25 -5 -27 -10 29 -13
right_child=2 5 7 6 -6 22 11 -9 12 20 14 28 13 -15 15 23 -18 -19 -20 -21 -22 -23 -24 -25 -26 26 -28 -29 -30 -31
leaf_value=-0.00023071941533488999 0.00038574427144642609 -0.0001701006752774234 0.003639799668145221 9.2191536083436376e-05 0.0019108199963885669 -4.6292761409288709e-06 0.00017084460191973917 0.0011606232302137226 -0.00024564782231589706 0.00051206689471916002 -0.00015378732934035464 0.00052830383833051974 0.0028291400781059253 -0.00016032929492512148 8.4242960347738098e-05 0.00017340941252569263 0.00074806160610298871 -0.00022973870777649323 -0.00018576129227967358 0.00068711723233921417 0.00015969447003371312 0.00034977137406789718 0.00028093622222942667 -0.00015038648806278752 -0.00035286923625708883 0.0015117240240750313 -9.6815845806180601e-05 -0.00017800453260549145 0.0004570019907121929 0.0012216608130504144
leaf_weight=159 212 9729 45 8155 42 8658 2629 859 10445 54 1346 280 53 439 157 136 46 142 103 96 65 44 1524 1013 302 40 72 7530 2121 206
leaf_count=159 212 9729 45 8155 42 8658 2629 859 10445 54 1346 280 53 439 157 136 46 142 103 96 65 44 1524 1013 302 40 72 7530 2121 206
internal_value=-0.000514269 -0.00141463 0.00199726 0.00164699 0.0103543 -0.000651041 0.00148678 0.00744469 -0.00235129 0.00345324 -0.0013862 0.00280176 -0.00243868 0.00150406 4.37873e-05 0.00133276 0.00511905 0.00376384 0.006 0.00863636 0.0109664 0.00370647 0.000274012 -0.000604875 0.000683276 0.000842505 0.00973214 -0.00254659 0.00403337 0.00703704
internal_weight=56702 41739 14963 14059 254 22994 13805 904 18745 278 12812 5236 18467 492 3083 1737 588 542 400 297 119 201 10182 1149 8569 8267 112 17975 2607 486
internal_count=56702 41739 14963 14059 254 22994 13805 904 18745 278 12812 5236 18467 492 3083 1737 588 542 400 297 119 201 10182 1149 8569 8267 112 17975 2607 486
is_linear=0
shrinkage=0.05


Tree=18
num_leaves=31
num_cat=0
split_feature=4 13 4 4 6 4 6 10 6 13 14 15 10 15 6 1 13 3 15 15 12 10 11 11 13 15 15 10 11 9
split_gain=48.9515 20.399 12.3611 8.55534 4.66754 4.54648 4.37272 3.23569 2.71711 2.69925 2.6021 5.14362 6.1836 7.00195 2.52599 2.404 2.39498 4.7159 3.41644 8.41206 4.11089 3.24049 2.32683 2.54769 2.11732 2.05424 2.0095 5.27801 2.86622 8.96056
threshold=0.025466094696002528 49.655000686645515 0.037826053328967518 0.017574628799977871 -0.39488521097252111 0.086042829359596201 0.10081529992355366 0.023991459337660673 -0.19294450624285739 17.994999885559086 -1.0000000180025095e-35 0.0070853707220388537 -0.0040208105245407846 0.0076346840588322759 -0.037506220946849279 0.01523029295573153 24.855000495910648 0.0065128498737860871 -0.018730415616232173 -0.021715662476849636 -0.0067438381246153192 -0.0018123772327252594 0.017238129431086383 0.015629796183489589 17.180000305175785 0.035094811877562256 0.011609809416583407 0.013997034893864614 0.02573480883905466 0.14379182738538501
decision_type=2 2 2 2 2 2 2 2 2 2 2 2 2 2 2 2 2 2 2 2 2 2 2 2 2 2 2 2 2 8
left_child=3 2 14 8 -5 6 7 9 -1 22 26 16 15 -14 -2 -13 18 21 19 -12 -21 -18 23 -4 -7 -8 -6 28 -28 -30
right_child=1 -3 5 4 10 24 25 -9 -10 -11 11 12 13 -15 -16 -17 17 -19 -20 20 -22 -23 -24 -25 -26 -27 27 -29 29 -31
leaf_value=-0.00026994450764525156 5.9446268663924834e-06 0.001745778502295873 0.00060208616239850723 -0.00016802874344183478 -0.00014951851633693351 0.0010405129475048742 0.00077890745950684589 0.0007720277081771853 -0.00017670616859293491 7.1688517072152655e-05 -0.00034763045785006627 0.00042858216869740375 0.00066887588163004586 2.1520700849971005e-06 0.00015885476628595021 0.0011324068820809379 -0.00010489258746700706 0.00073905262360753933 -7.6087638393523949e-05 4.4036733812089967e-05 0.0012772452912629053 0.00042404650011255431 5.07202675310305e-05 0.0015032033664249536 0.0021616074972897982 -0.00072651804433703469 0.00015636595155766591 -0.00031985395930523935 -0.00049195152516176175 0.0015092385402686028
leaf_weight=7198 8230 68 869 9612 6207 72 1657 55 6475 1766 173 53 108 545 5791 49 236 40 5143 58 119 49 393 57 155 57 931 497 50 40
leaf_count=7198 8230 68 869 9612 6207 72 1657 55 6475 1766 173 53 108 545 5791 49 236 40 5143 58 119 49 393 57 155 57 931 497 50 40
internal_value=-0.000569398 0.0014867 0.00138938 -0.00161815 -0.00104768 0.00350226 0.00317882 0.00207006 -0.00261574 0.00185575 -0.000474893 0.000256351 0.00413907 0.00235069 0.000623706 0.0155882 -0.000247509 0.00392308 -0.000494267 0.00428571 0.0119492 0.00166667 0.0035671 0.0049352 0.0104185 0.00521003 -0.00109709 0.000533596 0.0025906 0.0111111
internal_weight=56753 19170 19102 37583 23910 5081 4854 3140 13673 3085 14298 6573 755 653 14021 102 5818 325 5493 350 177 285 1319 926 227 1714 7725 1518 1021 90
internal_count=56753 19170 19102 37583 23910 5081 4854 3140 13673 3085 14298 6573 755 653 14021 102 5818 325 5493 350 177 285 1319 926 227 1714 7725 1518 1021 90
is_linear=0
shrinkage=0.05


Tree=19
num_leaves=31
num_cat=0
split_feature=5 13 5 4 12 14 16 12 14 16 12 10 13 11 16 10 15 10 16 16 11 11 10 3 15 15 11 11 12 12
split_gain=44.4367 15.1959 11.0796 8.78561 4.55925 4.36222 4.06618 9.37084 3.54858 3.47965 6.10738 6.60335 6.18311 3.8442 3.72316 3.72144 3.41697 4.79911 6.49855 9.32993 15.6255 5.92147 3.93082 3.35613 3.25501 3.18172 3.19588 3.07261 4.80179 5.11681
threshold=0.016177026851667914 49.655000686645515 0.032107773739781041 0.017251059236857515 -0.075828258528587975 0.03328086000020148 0.033166859963158164 0.11156893092539701 0.022797718540964799 0.023481239868257012 0.04854639636196257 0.002679704606603384 17.994999885559086 -0.014526458794264228 -0.0030257487906731324 0.0066461345858104268 0.010307991470511759 0.013997034893864614 0.002961643708621065 0.0094081933472988117 0.02573480883905466 -0.0083605121660306741 0.013014651212668095 0.0017627047065822412 0.010496188067741887 -0.0041994789190122886 0.03197650803521624 -0.023324981642921735 -0.0063801556439739273 0.014344491575221776
decision_type=2 2 2 2 2 2 2 2 2 2 2 2 2 2 2 2 2 2 2 2 2 2 2 2 2 2 2 2 2 2
left_child=3 2 5 -1 -4 -2 27 -8 16 13 11 12 -11 14 -10 -15 25 18 -18 20 21 -20 -21 -14 -19 26 -5 -7 -29 -30
right_child=1 -3 4 8 -6 6 7 -9 9 10 -12 -13 23 15 -16 -17 17 24 19 22 -22 -23 -24 -25 -26 -27 -28 28 29 -31
leaf_value=-0.00021595092308207155 6.9357417911041012e-05 0.0026967760366616474 0.0012246325852172178 -3.5731913329724913e-05 0.00087371810504744047 0.00046915023576984884 0.0013385457683404722 -0.0010910293897479994 4.6551623876621258e-05 -2.6208807934837577e-05 -0.00031866857735058805 0.0010996423526230409 0.00050157669602577607 -0.00011942325213913212 0.00033874590987201822 0.00043923748433462344 -0.00016652951603529718 0.00027869937715178814 0.0029947217141697105 2.5476740130082698e-05 0.001527134779574671 0.00013273445745728448 0.00072244079654235299 0.00046921834309555076 -0.00035564368777835342 -0.00019015707239989732 0.000410739210295733 -7.0771141291696649e-05 0.00080609604680914138 0.00015697482558767734
leaf_weight=12462 11222 65 88 2850 1493 661 73 56 2237 264 271 64 71 5189 199 73 835 40 65 1284 46 248 80 74 1023 12242 176 1153 697 1389
leaf_count=12462 11222 65 88 2850 1493 661 73 56 2237 264 271 64 71 5189 199 73 835 40 65 1284 46 248 80 74 1023 12242 176 1153 697 1389
internal_value=-0.000508027 0.00164023 0.00154705 -0.00142023 0.00553131 0.00113402 0.0025453 0.0112791 -0.000918555 -6.63362e-05 0.00319892 0.00662791 0.00429095 -0.000381919 0.00126026 -0.00114215 -0.00129943 8.1468e-05 0.00125489 0.00300928 0.0101811 0.00618211 0.0011217 0.0125862 -0.00274224 -0.00162693 -0.00017515 0.00225641 0.00162241 0.00305369
internal_weight=56690 16897 16832 39793 1581 15251 4029 129 27331 8442 744 473 409 7698 2436 5262 18889 3621 2558 1723 359 313 1364 145 1063 15268 3026 3900 3239 2086
internal_count=56690 16897 16832 39793 1581 15251 4029 129 27331 8442 744 473 409 7698 2436 5262 18889 3621 2558 1723 359 313 1364 145 1063 15268 3026 3900 3239 2086
is_linear=0
shrinkage=0.05


Tree=20
num_leaves=31
num_cat=0
split_feature=5 13 5 5 14 15 16 15 16 11 14 11 13 15 13 16 16 11 11 2 13 15 11 14 16 14 14 16 11 16
split_gain=39.0344 19.7169 9.2527 7.86344 4.09794 3.89905 4.06656 5.02855 3.80562 3.66049 3.55122 3.51878 3.04845 3.35189 3.61287 2.99331 8.89572 7.90065 6.95574 4.69698 3.84525 5.57077 2.98122 2.96702 12.7485 7.57944 3.32417 4.18551 3.2303 2.94632
threshold=0.015397779512295403 49.655000686645515 0.025364760120837739 0.010304124262187872 0.024903216094988693 0.010307991470511759 -0.032531637882484192 -0.0049578424561361181 0.014415526655814139 -0.014526458794264228 0.027028120883943799 -0.043674023036412872 13.13000011444092 -0.012116496800965102 21.724999427795414 0.00097369828859239515 0.0093059521930792827 0.023193318891049478 -0.0083605121660306741 -0.0021553493114028761 13.174999713897707 0.012801635008026892 0.057592534540540592 0.039671535485110161 0.028781839519440359 0.052213768787031663 0.043372068741787458 0.012890195108974047 0.014627027210111112 -0.0030257487906731324
decision_type=2 2 2 2 2 2 2 2 2 2 2 2 2 2 2 2 2 2 2 2 2 2 2 2 2 2 2 2 2 2
left_child=3 2 23 -1 5 6 7 -5 9 29 -10 -4 -12 -14 -15 -7 17 18 19 -17 21 -18 -13 -2 26 -26 27 -25 -28 -6
right_child=1 -3 11 4 8 15 -8 -9 10 -11 12 22 13 14 -16 16 20 -19 -20 -21 -22 -23 -24 24 25 -27 28 -29 -30 -31
leaf_value=-0.00023249947598193198 2.3518258951586022e-05 0.0027394463938997509 0.0010998621015075312 0.0011054043704892495 3.6181302779053902e-05 -0.00017234479219202804 -0.0001757823961642898 1.6789340882315971e-05 0.00088927285194570277 -0.00011682819836244217 0.00073094978468025333 0.00050890429687627781 0.00059260940593830588 -4.718261159677146e-05 0.00051337233932515446 0.00065687712766174038 0.00078966907158417956 0.0010123263077556105 2.6106280686020208e-06 0.0024553677824876198 -9.0086361680519387e-05 -0.00034648161165002776 -0.00055525621414889779 0.00027969931634745968 0.0001990219290183619 0.0012909185686296887 0.00015470099534341874 0.0017935623416375811 -0.00044847601055762547 0.00032974765418503673
leaf_weight=9959 12010 68 55 54 1945 989 15465 169 79 4606 59 3559 73 914 44 69 80 71 284 52 1870 79 120 213 53 78 3022 42 349 163
leaf_count=9959 12010 68 55 54 1945 989 15465 169 79 4606 59 3559 73 914 44 69 80 71 284 52 1870 79 120 213 53 78 3022 42 349 163
internal_value=-0.000594863 0.00121135 0.00111763 -0.00154954 -0.00110752 -0.00150193 -0.00183835 0.00486547 -0.000147788 -0.000606197 0.00248503 0.00335565 0.00174312 0.00111057 0.00032359 8.58496e-06 0.000928143 0.00707983 0.00438271 0.0144215 -0.000515033 0.00694968 0.00316798 0.000587619 0.00181395 0.0171374 0.00126034 0.0067647 0.000843962 0.00111954
internal_weight=56593 19569 19501 37024 27065 19182 15688 223 7883 6714 1169 3734 1090 1031 958 3494 2505 476 405 121 2029 159 3679 15767 3757 131 3626 255 3371 2108
internal_count=56593 19569 19501 37024 27065 19182 15688 223 7883 6714 1169 3734 1090 1031 958 3494 2505 476 405 121 2029 159 3679 15767 3757 131 3626 255 3371 2108
is_linear=0
shrinkage=0.05


Tree=21
num_leaves=31
num_cat=0
split_feature=4 13 4 4 6 4 1 6 6 13 15 13 14 15 15 15 12 6 14 8 12 14 14 10 13 16 10 12 14 16
split_gain=35.9334 16.649 8.57429 6.48955 4.65369 3.42167 3.2222 3.15718 3.09576 2.54674 3.04875 2.80181 2.23146 3.39089 6.31013 2.38323 6.2215 2.22395 2.10774 4.12761 2.10591 2.08399 3.31087 5.50289 2.07916 1.99405 1.93829 2.97606 1.90882 3.56154
threshold=0.027026187052167059 49.655000686645515 0.017574628799977871 0.037826053328967518 -0.39488521097252111 0.086042829359596201 -0.1180689429200376 1.6489852897147028 2.5528278947605956 19.440000534057621 0.018353485560039799 19.23499965667725 0.0017102699334086149 0.0070853707220388537 0.0075465991150196485 0.016193130479605914 0.012875909391154241 0.94412278214244505 -0.031180558164108082 0.065474332086547751 -0.075828258528587975 0.039671535485110161 0.041854253665611248 -0.0010954591841218495 14.340000152587892 0.030338555059054143 0.0047561334202744785 0.034486038730235487 0.054586954999164335 0.0037267350656446934
decision_type=2 2 2 2 2 2 2 2 2 2 2 2 2 2 2 2 2 2 2 10 2 2 2 2 2 2 2 2 2 2
left_child=2 3 7 17 21 8 -7 12 9 10 11 -5 15 24 -15 -1 -17 -2 -10 -20 -11 -4 23 -23 -14 -24 -26 -28 -22 -30
right_child=1 -3 4 5 -6 6 -8 -9 18 20 -12 -13 13 14 -16 16 -18 -19 19 -21 28 22 25 -25 26 -27 27 -29 29 -31
leaf_value=-0.0002689771502384257 3.5695446777796558e-05 0.0026239429376212018 -0.0001608033404238327 0.00042440076411305963 -2.3528714082734525e-05 0.0030422010023214026 0.0010823526790585847 2.2566306219215526e-05 0.0004010109948153991 0.00042248843048740419 0.0010129759017815097 0.0014355303717692187 -0.0003138916128179251 0.00063740893176851597 1.9016845443041164e-06 0.00076502060785106228 -0.00028013427536475029 0.00032540583515219384 0.00078337697688611076 0.0016127987985621794 -5.1283134803336439e-05 -0.00010927197559006093 -6.2485336260686798e-05 0.00068634623444840319 -0.00012239452610001225 0.00046222292221989245 -5.6254929381814116e-05 0.0010205229799480715 0.00020088203312703605 0.0012552332207098193
leaf_weight=6665 9069 67 8628 2353 16091 47 176 1064 64 257 62 47 1850 54 487 80 181 1814 92 41 1337 51 2115 42 3084 60 68 41 501 83
leaf_count=6665 9069 67 8628 2353 16091 47 176 1064 64 257 62 47 1850 54 487 80 181 1814 92 41 1337 51 2115 42 3084 60 68 41 501 83
internal_value=-0.000534816 0.00147095 -0.00132652 0.00136643 -0.000810947 0.00284585 0.00890134 -0.00235156 0.00256667 0.00230603 0.0034078 0.003125 -0.00257394 -0.00183023 0.00193161 -0.00317355 0.00151341 0.00067858 0.00870558 0.0122932 0.0010606 -0.00160885 -0.000260142 0.00897849 -0.00223379 -0.000655174 -0.00146101 0.00509174 0.00049193 0.00287671
internal_weight=56571 16010 40561 15943 26987 5060 223 13574 4837 4640 2462 2400 12510 5584 541 6926 261 10883 197 133 2178 10896 2268 93 5043 2175 3193 109 1921 584
internal_count=56571 16010 40561 15943 26987 5060 223 13574 4837 4640 2462 2400 12510 5584 541 6926 261 10883 197 133 2178 10896 2268 93 5043 2175 3193 109 1921 584
is_linear=0
shrinkage=0.05


Tree=22
num_leaves=31
num_cat=0
split_feature=4 13 4 4 11 14 15 15 13 15 15 10 10 10 11 14 13 10 12 14 15 11 15 11 13 10 16 7 13 13
split_gain=31.8551 11.3113 7.31136 6.85528 3.5278 3.45693 6.06285 10.4328 8.55502 5.72726 4.51348 4.76063 3.66232 3.54365 4.91953 16.0412 6.52374 3.55198 8.024 3.43697 3.19298 2.84193 2.69722 2.88308 2.65062 2.61714 4.94158 2.87858 2.43511 5.20117
threshold=0.025466094696002528 49.655000686645515 0.037826053328967518 0.015523467233467774 0.057592534540540592 0.020125848996620292 0.0070853707220388537 0.0089769984510322826 14.244999885559084 -0.016247700741756629 0.010307991470511759 0.0022948780910856397 -0.0041028973297421159 0.014457964154200089 0.023193318891049478 -0.096084571305829466 14.920000076293947 0.012088730385577119 0.0061045845958173093 -0.018046897283232773 0.010496188067741887 0.041951552464954973 -0.0023125773011111734 0.014562779709105135 14.340000152587892 0.0023442869650027735 0.00021032904865880833 -0.020843035168291387 15.400000095367433 15.375000000000002
decision_type=2 2 2 2 2 2 2 2 2 2 2 2 2 2 2 2 2 2 2 2 2 2 2 2 2 2 2 2 2 2
left_child=3 2 -2 -1 -4 9 21 8 -8 -5 22 19 -10 14 17 -16 -17 -13 -19 -12 -15 24 23 -11 -7 -25 -27 -28 29 -26
right_child=1 -3 4 5 -6 6 7 -9 12 10 11 13 -14 20 15 16 -18 18 -20 -21 -22 -23 -24 25 28 26 27 -29 -30 -31
leaf_value=-0.00023956797703938296 5.2244918451830889e-05 0.0020197971713171634 0.00039533653209176039 0.0009947860795312864 -0.00062786090838525292 -0.00024302341130341012 0.00095757030398440398 -0.00016892563757722355 0.0013657046961611709 -0.0001430529003134716 0.0004470151446506808 -7.8143693788857691e-05 0.00015928176485765231 0.00042997387012403071 0.0014137647902204952 0.0011145910295258688 -8.5681462069629258e-05 -0.00015764272016922812 0.0027427884107148227 0.00024486620667753923 -0.00031834328330326134 0.00032434796253915331 -0.00020590239024495104 -6.7061928700084246e-06 7.2105137017151899e-05 0.00096454563851658371 0.00080973534290075587 -1.5157657407225092e-05 -5.7704756365520673e-05 0.0013652923537348022
leaf_weight=6917 14036 65 4968 61 159 1419 82 430 72 3603 81 2064 286 42 52 67 292 113 87 141 909 54 11972 1018 714 48 41 201 6674 47
leaf_count=6917 14036 65 4968 61 159 1419 82 430 72 3603 81 2064 286 42 52 67 292 113 87 141 909 54 11972 1018 714 48 41 201 6674 47
internal_value=-0.000554087 0.00110048 0.00102985 -0.00140275 0.0026458 -0.00108113 -0.00030579 0.00367816 0.00909091 -0.00144575 -0.00149076 5.45726e-05 0.00575419 -0.000380586 0.000551401 0.00558394 0.00182451 -0.000362192 0.006 0.00716216 -0.0030021 -0.000694882 -0.00184298 -0.000856242 -0.000764627 0.00115443 0.00534483 0.00243802 -0.000386686 0.00229303
internal_weight=56715 19228 19163 37487 5127 30570 9778 870 440 20792 20731 3848 358 3626 2675 411 359 2264 200 222 951 8908 16883 4911 8854 1308 290 242 7435 761
internal_count=56715 19228 19163 37487 5127 30570 9778 870 440 20792 20731 3848 358 3626 2675 411 359 2264 200 222 951 8908 16883 4911 8854 1308 290 242 7435 761
is_linear=0
shrinkage=0.05


Tree=23
num_leaves=31
num_cat=0
split_feature=5 13 6 4 4 11 16 5 14 15 6 15 15 13 16 5 6 13 13 14 9 9 7 10 16 12 11 13 10 11
split_gain=30.7079 8.35966 7.82961 6.72648 4.52247 3.99095 5.05939 3.55501 3.08646 3.4291 2.93066 2.92789 6.54803 5.94789 2.96148 2.77086 2.61152 2.56877 6.27722 2.38352 2.34418 2.31199 2.28345 2.23895 2.1182 2.73139 2.15017 3.22193 2.08501 4.11941
threshold=0.01564399842335638 49.655000686645515 0.0097286718701676041 0.03691405276686735 0.014173485856257596 0.050492728349193612 0.04892981208796688 0.011847513093928765 0.020125848996620292 -0.015091236731875844 -0.30352756885830051 0.0070853707220388537 0.0089769984510322826 14.244999885559084 0.037850409687187121 0.042840999863036681 2.5528278947605956 14.734999656677248 14.765000343322756 0.020823614308890352 0.24250939621657744 -0.13928878867468694 -0.12035662304526622 -0.020247544478179221 0.014301193876948505 0.061776801509566666 -0.023324981642921735 20.375000000000004 -0.0086987636486000035 -0.0086028412340181642
decision_type=2 2 2 2 2 2 2 2 2 2 2 2 2 2 2 2 2 2 2 2 10 8 2 2 2 2 2 2 2 2
left_child=2 3 4 10 -1 6 15 -4 9 -6 21 14 13 -13 17 16 -5 -10 -19 -12 -18 -2 -17 -20 26 -26 27 -21 -25 -30
right_child=1 -3 7 5 8 -7 -8 -9 11 -11 19 12 -14 -15 -16 22 20 18 23 24 -22 -23 -24 28 25 -27 -28 -29 29 -31
leaf_value=-0.00032866181126202761 0.00026964268070953367 0.0020231242245667027 -0.00011696736233537691 0.00029730393328373833 0.0003997953919541357 -0.00030762014461859633 0.0027480271239745807 3.1341043320257365e-05 -0.00028714570749209604 -0.00016993185198273855 4.6913699772078238e-05 0.00074705596635328867 -0.00018471277967695111 0.00019868854146255703 0.00031445380718726399 0.00216314941902897 0.00042962337309792686 0.00063593018916981365 0.00021403917969459483 0.00070776493408509816 0.0012503807001329819 -5.0673910008834354e-05 0.0012486163928675745 -0.00017541580138209735 0.0007380788751008571 -0.00023186733958885107 7.1373462469933709e-05 0.0001753457372972405 0.00013272802046370368 -9.5847168827972238e-05
leaf_weight=2240 435 61 7708 4586 45 264 61 7452 1151 14440 4495 58 224 193 55 42 151 58 87 116 46 5775 373 1621 447 112 1423 318 677 1901
leaf_count=2240 435 61 7708 4586 45 264 61 7452 1151 14440 4495 58 224 193 55 42 151 58 87 116 46 5775 373 1621 447 112 1423 318 677 1901
internal_value=-0.000547118 0.00111066 -0.00136508 0.0010502 -0.00195165 0.00251403 0.00281517 -0.00048483 -0.00171868 -0.00211426 0.000434036 -0.000767636 0.003 0.00854582 -0.00109009 0.00264717 0.00230713 -0.00120564 -0.000649172 0.00114238 0.00794416 -0.000354269 0.00656626 -0.000870277 0.00240894 0.00510733 0.00159666 0.00467742 -0.00103477 -0.000151281
internal_weight=56615 18705 37910 18644 22750 5523 5259 15160 20510 14485 13121 6025 475 251 5550 5198 4783 5495 4344 6911 197 6210 415 4286 2416 559 1857 434 4199 2578
internal_count=56615 18705 37910 18644 22750 5523 5259 15160 20510 14485 13121 6025 475 251 5550 5198 4783 5495 4344 6911 197 6210 415 4286 2416 559 1857 434 4199 2578
is_linear=0
shrinkage=0.05


Tree=24
num_leaves=31
num_cat=0
split_feature=5 13 5 6 6 11 5 6 14 15 15 13 5 13 13 15 11 15 13 11 11 15 16 11 13 11 11 10 13 10
split_gain=26.8066 9.85701 6.15818 5.15981 3.96638 3.88995 3.2308 3.11061 2.60663 2.70195 2.70864 2.64428 2.50431 2.39985 4.32757 2.40544 4.09839 4.79115 2.81787 2.25079 2.05654 1.92501 1.90147 1.89908 4.16636 3.64388 4.13796 1.92722 2.40764 2.88542
threshold=0.014173516499203854 49.655000686645515 0.020171369948976489 -0.38757698973627736 0.10081529992355366 0.022655260909184464 0.011847513093928765 -0.13550258763544357 0.0012326341754252958 -0.021715662476849636 -0.018730415616232173 21.555000305175785 0.010470784514695693 26.284999847412113 26.85000038146973 0.0070853707220388537 0.0035059532242039952 0.0076346840588322759 12.88000011444092 -0.055970662091911087 0.021459782264152908 -0.022177877438313117 -0.046161116172452159 0.02573480883905466 12.454999923706056 0.029571955445533264 0.029305093404121577 -0.014256563971479506 20.375000000000004 -0.017312000709356064
decision_type=2 2 2 2 2 2 2 2 2 2 2 2 2 2 2 2 2 2 2 2 2 2 2 2 2 2 2 2 2 2
left_child=3 2 7 12 5 20 23 -2 -9 -10 11 -11 -1 15 -15 -12 -17 -18 -19 -6 21 -4 -21 27 -25 26 -26 28 29 -5
right_child=1 -3 4 6 19 -7 -8 8 9 10 13 -13 -14 14 -16 16 17 18 -20 22 -22 -23 -24 24 25 -27 -28 -29 -30 -31
leaf_value=-0.00025160739923526349 -4.8782531148364367e-05 0.0015583296158719481 -0.00024304916720621286 0.00060275923769586366 0.00087923963466063836 -0.00015896864984825669 -2.1077198760982182e-05 -1.1386450808371409e-05 -0.00025926214878326399 0.0019231546163893305 0.00010782897567861583 -0.00010852165137424679 -0.00014402253240575831 0.00064107931878257859 0.00018493366630036422 0.00096796204014420637 0.0005421081158287817 0.0011043925431093277 -0.00019200638103095569 -0.0012255263626027458 0.00042003025443968232 0.00022711338904974227 0.00049067629662061848 0.001062323623583902 7.2603182111408685e-05 -0.0002538622564563679 0.00091255003799016162 -0.00015563189903063679 -0.00011362663570539265 0.00010161794067855949
leaf_weight=4301 9347 73 152 42 62 1185 7749 4129 272 77 2448 43 8409 73 133 82 51 42 218 82 83 3905 2443 47 221 466 63 9975 295 242
leaf_count=4301 9347 73 152 42 62 1185 7749 4129 272 77 2448 43 8409 73 133 82 51 42 218 82 83 3905 2443 47 221 466 63 9975 295 242
internal_value=-0.000602188 0.000626505 0.000572561 -0.00156397 0.00172396 0.000943661 -0.0010445 3.39923e-05 0.000787525 0.0018043 0.00221503 0.00958333 -0.00234461 0.00192484 0.00713592 0.00154699 0.00517812 0.00255627 -0.000192309 0.00333011 0.00166667 0.00150727 0.00309901 -0.0015818 0.000771642 -0.000133335 0.00433098 -0.00175952 0.0010449 0.00433098
internal_weight=56710 24900 24827 31810 7912 5325 19100 16915 7568 3439 3167 120 12710 3047 206 2841 393 311 260 2587 4140 4057 2525 11351 797 750 284 10554 579 284
internal_count=56710 24900 24827 31810 7912 5325 19100 16915 7568 3439 3167 120 12710 3047 206 2841 393 311 260 2587 4140 4057 2525 11351 797 750 284 10554 579 284
is_linear=0
shrinkage=0.05


Tree=25
num_leaves=31
num_cat=0
split_feature=5 5 13 6 5 6 6 10 14 16 15 10 13 14 16 16 16 10 6 14 15 13 10 9 13 15 10 13 15 5
split_gain=26.7645 8.71109 10.8018 5.01931 4.21633 4.13126 2.91094 3.58727 2.6129 4.62028 2.95849 3.65203 2.80693 2.89516 2.21476 2.25729 7.69246 9.57303 2.28848 2.0688 2.5189 2.45183 3.16125 2.38861 6.55752 2.18764 4.36757 4.62796 2.27658 2.10175
threshold=0.013689983924488665 0.025364760120837739 43.015001296997077 1.702104451519737 0.0097708289168674783 -0.14387720532398821 0.10081529992355366 0.025743646111632715 0.040951993391927573 0.028781839519440359 0.011722306013954078 0.014457964154200089 24.855000495910648 0.18763840935801293 0.026905242747961692 0.002961643708621065 0.0094081933472988117 0.0094779140604006624 -0.12685858832631203 0.0012326341754252958 -0.021715662476849636 25.505000114440922 -0.020247544478179221 -0.18924922715770134 26.85000038146973 0.0070853707220388537 -0.0041028973297421159 13.174999713897707 0.0076346840588322759 0.017721344590517631
decision_type=2 2 2 2 2 2 2 2 2 2 2 2 2 2 2 2 2 2 2 2 2 2 2 10 2 2 2 2 2 2
left_child=3 5 6 4 -1 -2 7 -3 10 12 -6 14 -10 -14 15 -12 17 -17 -18 -7 -21 22 -22 -23 -25 29 -27 -28 -29 -24
right_child=1 2 -4 -5 8 19 -8 -9 9 -11 11 -13 13 -15 -16 16 18 -19 -20 20 21 23 25 24 -26 26 27 28 -30 -31
leaf_value=-0.00022133670867819068 -3.0988099208748118e-05 0.0002182351828062769 0.0028227041350655097 6.8093465431054022e-05 -0.00016003018441639811 3.7025965321901683e-05 0.00080185492068921872 0.0009531806202311326 -6.5809096028207433e-05 0.00042904470890178271 -0.00010207289000693884 -0.0002726924051833747 0.00038433532397606296 -0.00016064877244992805 -0.00025129315995889995 0.00025601627733806671 -0.00010058989999737743 0.0026007900946569238 0.00016081695416870248 -0.00013151366904127918 0.00074342095852596287 -2.312362598807495e-05 3.6448696840996372e-05 0.0011483653568326493 0.00022420214682978906 0.001003920942075611 0.0010476027977789815 0.00041179515610154874 -0.00013927238057357891 0.00031707584437075268
leaf_weight=6516 12973 2475 45 2464 14096 5799 1197 43 4022 139 319 440 129 94 217 115 360 72 298 391 49 96 2286 81 201 78 57 72 331 1125
leaf_count=6516 12973 2475 45 2464 14096 5799 1197 43 4022 139 319 440 129 94 217 115 360 72 298 391 49 96 2286 81 201 78 57 72 331 1125
internal_value=-0.00048869 0.000637568 0.00287234 -0.00153871 -0.00173715 0.000280597 0.00257739 0.00161239 -0.00138195 -0.000301096 -0.00167965 0.000216913 -0.000594819 0.00486547 0.00148081 0.00234536 0.00369822 0.0126471 0.00115501 0.00101457 0.00178624 0.0021298 0.00176588 0.00597883 0.00829787 0.00160927 0.00457249 0.00271739 0.000831264 0.00114189
internal_weight=56580 27299 3760 29281 26817 23539 3715 2518 20301 4384 15917 1821 4245 223 1381 1164 845 187 658 10566 4767 4376 3998 378 282 3949 538 460 403 3411
internal_count=56580 27299 3760 29281 26817 23539 3715 2518 20301 4384 15917 1821 4245 223 1381 1164 845 187 658 10566 4767 4376 3998 378 282 3949 538 460 403 3411
is_linear=0
shrinkage=0.05


Tree=26
num_leaves=31
num_cat=0
split_feature=5 4 13 6 4 6 6 11 16 16 10 11 10 14 10 8 13 3 9 6 11 14 13 9 16 16 11 11 11 16
split_gain=24.3719 7.55888 7.4929 5.01082 3.76585 3.54244 3.49305 3.24433 5.44479 5.72975 4.19583 2.73723 2.45244 2.13047 2.40049 3.07265 1.97501 2.43931 2.20036 1.94108 2.2601 6.11633 2.99015 2.57687 2.28271 4.00787 2.01044 2.69563 1.83666 4.12244
threshold=0.013689983924488665 0.03691405276686735 49.655000686645515 1.702104451519737 0.014173485856257596 0.94412278214244505 0.10081529992355366 -0.0069171580210211072 -0.0041352492767769413 -0.0024073605472826882 0.012088730385577119 0.022655260909184464 0.025743646111632715 0.041854253665611248 -0.0074311148447236399 0.088984238897314452 14.904999732971193 -0.0074588346934257857 0.05822512167016481 -0.82615296476165423 0.02573480883905466 -0.12635401997537379 12.644999980926515 -0.017574805343900487 0.047257929619919044 0.051970924172370377 0.031328768079461174 0.029305093404121577 -0.023324981642921735 -0.011090857917433248
decision_type=2 2 2 2 2 2 2 2 2 2 2 2 2 2 2 8 2 2 8 2 2 2 2 8 2 2 2 2 2 2
left_child=3 5 6 4 -1 28 11 8 13 -10 16 12 -3 -6 -15 -16 -11 18 -18 -9 -21 -22 -23 26 -25 -26 27 -24 29 -2
right_child=1 2 -4 -5 7 -7 -8 19 9 10 -12 -13 -14 14 15 -17 17 -19 -20 20 21 22 23 24 25 -27 -28 -29 -30 -31
leaf_value=-0.00026061094533733314 8.3370559710767544e-05 0.00024568209317468557 0.002482058538521298 7.2289835130017764e-05 -0.00013558134611479014 0.00019761241183232595 0.0005233984625756076 -0.00022559876374264381 0.00087200004330854051 0.00039181918442356492 0.0022060390608055406 -9.1616469916505053e-05 0.00086770843390332204 -8.1394537485174627e-05 9.638916018931826e-05 0.00042866060993818528 0.00010307178919814434 -4.888044495397514e-05 0.00052399995728272643 -0.00014664874107389857 0.00092623651281165424 0.0014891921327107259 4.8692119162562183e-05 -0.00020424958703453515 0.0005582952941821463 -0.00021468239553207227 2.9170211525410096e-05 0.0010410559305434207 -2.5249244062904288e-05 0.00075818990939477914
leaf_weight=3320 1361 2761 40 2410 2744 3427 1920 3473 42 65 60 747 55 1298 434 54 61 605 42 13001 56 47 45 1041 80 131 146 41 17043 71
leaf_count=3320 1361 2761 40 2410 2744 3427 1920 3473 42 65 60 747 55 1298 434 54 61 605 42 13001 56 47 45 1041 80 131 146 41 17043 71
internal_value=-0.000535227 0.000535095 0.00218812 -0.00154062 -0.0017371 0.000118253 0.00203082 -0.00151411 -0.000439409 0.00317143 0.0022629 0.00110441 0.00181818 -0.00113687 0.000207166 0.00319672 0.00127425 0.000508473 0.00762136 -0.00183572 -0.00158281 0.000198487 -0.000395168 -0.000788411 -0.0016853 0.00305687 0.00405172 0.0101163 -0.000155617 0.00156424
internal_weight=56621 27425 5523 29196 26786 21902 5483 23466 5405 875 833 3563 2816 4530 1786 488 773 708 103 18061 14588 1587 1531 1484 1252 211 232 86 18475 1432
internal_count=56621 27425 5523 29196 26786 21902 5483 23466 5405 875 833 3563 2816 4530 1786 488 773 708 103 18061 14588 1587 1531 1484 1252 211 232 86 18475 1432
is_linear=0
shrinkage=0.05


Tree=27
num_leaves=31
num_cat=0
split_feature=4 4 11 6 6 11 4 15 14 13 10 11 4 15 12 12 10 15 10 15 10 13 14 14 10 9 11 15 11 15
split_gain=20.1844 6.94527 5.29703 4.77551 4.34943 3.87868 3.42279 2.48258 2.9317 2.3379 3.67325 2.52378 2.29892 2.13656 4.7385 2.6677 2.60243 2.08053 2.60612 2.49409 2.25566 2.76593 3.64565 1.98727 1.97119 3.23335 1.80757 3.71428 5.0785 5.52607
threshold=0.021869226281272507 0.039271904574843121 -0.055970662091911087 0.87175833898958388 -0.246449115545298 0.035212885385391253 0.046908601621937621 -0.019417914233698149 -0.016062326519559963 14.765000343322756 -0.015857538372193832 0.034590323148393838 0.014391387915935102 -0.014149651100142878 -0.052281358654850445 -0.002636560654466102 -0.013327781970057238 0.011722306013954078 0.014457964154200089 -0.0023125773011111734 0.012088730385577119 16.375000000000004 -0.077913276979976895 0.13092898697672287 0.0091384647102960032 0.017154688205919148 -0.023324981642921735 -0.01575778668897709 -0.036898887484870739 -0.022177877438313117
decision_type=2 2 2 2 2 2 2 2 2 2 2 2 2 2 2 2 2 2 2 2 2 2 2 2 2 10 2 2 2 2
left_child=4 3 6 26 12 7 -3 -4 -9 10 -6 -12 -1 14 -10 -16 -15 19 20 -11 21 22 -19 -18 25 -24 27 28 -2 -30
right_child=1 2 5 -5 9 -7 -8 8 13 17 11 -13 -14 16 15 -17 23 18 -20 -21 -22 -23 24 -25 -26 -27 -28 -29 29 -31
leaf_value=-0.00025970739572391422 -0.00010091625301536332 8.2534520850948274e-05 -0.00032696113145423602 0.0001831913385079597 0.0012032615091023826 -0.0001913775988266944 0.0017280464239574319 0.00024281109007197248 0.0012883525573199517 2.8334523146716587e-05 -0.00016384184904223026 0.0008965055089198787 -0.00013317660019101198 -0.00016853306458264761 -0.0007135979292395519 0.0014965476704583789 0.00065589376686079693 0.00066594763159019547 -0.00019566536570788 -0.00012050070032151657 0.0021344028618279251 -3.4903367296114605e-05 6.2186086023710213e-05 0.0021843879682724556 -0.00045792793786757777 0.0013588705956765412 -3.2148255454939345e-05 -8.1547309509936436e-07 -0.00020419001178219486 0.00073860665681015612
leaf_weight=2068 117 43 245 4336 46 537 68 1679 57 3540 5300 72 11667 174 78 50 1454 43 210 4259 56 383 113 46 84 77 18258 1280 77 211
leaf_count=2068 117 43 245 4336 46 537 68 1679 57 3540 5300 72 11667 174 78 50 1454 43 210 4259 56 383 113 46 84 77 18258 1280 77 211
internal_value=-0.000518119 0.000412747 0.00223313 8.05211e-05 -0.00147539 0.00195602 0.013018 0.00252049 0.00285755 -0.000861244 -0.00167774 -0.00179821 -0.00210958 0.00422539 0.00932432 0.00398437 0.00366189 -0.000356533 0.0018323 -0.000627646 0.00320106 0.00242857 0.00588328 0.00433333 0.00375912 0.00657895 -0.000246454 0.00132047 0.00549383 0.0090625
internal_weight=56628 28710 4431 24279 27918 4320 111 3783 3538 14183 5418 5372 13735 1859 185 128 1674 8765 966 7799 756 700 317 1500 274 190 19943 1685 405 288
internal_count=56628 28710 4431 24279 27918 4320 111 3783 3538 14183 5418 5372 13735 1859 185 128 1674 8765 966 7799 756 700 317 1500 274 190 19943 1685 405 288
is_linear=0
shrinkage=0.05


Tree=28
num_leaves=31
num_cat=0
split_feature=4 13 4 4 11 16 12 6 5 11 11 10 16 16 13 3 12 11 16 16 16 11 0 6 13 12 13 10 0 15
split_gain=20.8536 6.59661 4.49885 4.20735 3.25207 3.24711 22.9764 3.18146 2.74989 2.73803 6.53459 2.86457 3.34582 2.74106 4.08128 8.72519 2.59399 4.82866 6.07064 2.17115 2.92758 5.46667 2.25851 2.08455 2.06717 3.42021 3.86396 4.1623 2.33438 2.07818
threshold=0.023865461590743781 49.655000686645515 0.015366606817931677 0.061259804072719574 0.050492728349193612 0.047257929619919044 -0.001873391702030158 1.7606746095194932 0.018410463902410017 -0.0081164241286432719 -0.0094173901882642057 0.012088730385577119 -0.011332599369490602 -0.0030257487906731324 16.894999504089359 -0.0006408760506533272 -0.017626677985756452 -0.01680301263819178 -0.014507225106410114 -0.0024073605472826882 -0.0018545839629355851 0.00081108963534770606 -0.0040466431047327936 -0.7914499896810826 13.174999713897707 0.034009495166023369 13.085000038146974 0.0092344351500740513 0.0071992180564126604 -0.018730415616232173
decision_type=2 2 2 2 2 2 2 2 2 2 2 2 2 2 2 2 2 2 2 2 2 2 2 2 2 2 2 2 2 2
left_child=2 3 -1 4 5 8 -7 9 -2 10 13 12 -12 -4 15 -15 -10 18 -18 -11 21 -21 -23 -22 25 -25 27 -27 -29 -26
right_child=1 -3 7 -5 -6 6 -8 -9 16 19 11 -13 -14 14 -16 -17 17 -19 -20 20 23 22 -24 24 29 26 -28 28 -30 -31
leaf_value=-0.00018802545329164909 -2.4129730572565438e-06 0.0019039805121080151 -7.4610920080785207e-05 0.00080937584423922029 -0.00041664748603241556 0.0013528953012811552 -6.3752448088388804e-05 7.0159782967141768e-05 -3.0629944102359768e-05 -0.0001821811450525544 0.00031608157259387809 0.0023619528861296211 6.3545204536176681e-05 0.0008493705843993694 -1.6640583748816073e-05 0.00010702986406540012 0.00039383043768979783 0.00015433060224432867 0.0016515287909139799 -0.00025537392626504989 -0.00018815982647505834 0.00022211547384495692 0.00041943567026734619 -0.00020285331622964982 0.00035739335986343285 2.8793445294759708e-05 0.00059037289342792195 7.2634979761567568e-05 0.00072792524492507472 -0.00010277386217197604
leaf_weight=6456 12131 65 4267 873 432 69 318 2132 2457 4385 84 60 291 41 364 130 354 6188 149 120 3321 61 62 499 68 817 61 44 67 10374
leaf_count=6456 12131 65 4267 873 432 69 318 2132 2457 4385 84 60 291 41 364 130 354 6188 149 120 3321 61 62 499 68 817 61 44 67 10374
internal_value=-0.000526966 0.000632487 -0.00131943 0.000587479 0.000452981 0.000538631 0.00507752 -0.00103824 0.000456082 -0.00119565 -0.000178539 0.00568965 0.00406667 -0.000710122 0.00266355 0.00903509 0.00111062 0.00162083 0.00633201 -0.00146361 -0.00118562 0.00425926 0.0116667 -0.00127238 -0.000963958 0.000779569 0.0024823 0.00168103 0.0107658 -0.00121241
internal_weight=56740 23036 33704 22971 22098 21666 387 27248 21279 25116 5237 435 375 4802 535 171 9148 6691 503 19879 15494 243 123 15251 11930 1488 989 928 111 10442
internal_count=56740 23036 33704 22971 22098 21666 387 27248 21279 25116 5237 435 375 4802 535 171 9148 6691 503 19879 15494 243 123 15251 11930 1488 989 928 111 10442
is_linear=0
shrinkage=0.05


Tree=29
num_leaves=31
num_cat=0
split_feature=5 4 11 15 14 11 14 3 15 4 11 15 15 11 16 7 11 4 16 1 9 13 8 16 11 16 11 11 13 13
split_gain=18.258 6.08974 4.14354 5.05353 9.63021 3.11494 2.96987 2.89189 3.63982 2.79292 2.40081 3.64546 8.55041 3.59258 3.44575 2.14829 3.01471 2.1125 1.9743 1.93265 2.10853 1.92444 1.92646 1.9219 12.7929 6.32646 5.57464 4.50873 2.33646 5.4258
threshold=0.014049556776466555 0.041920330087119276 -0.0069171580210211072 0.016193130479605914 -0.068623004427642229 0.044463646975978717 -0.0051066036826416519 0.026834365371658845 -0.0041994789190122886 0.015366606817931677 -0.023324981642921735 -0.016247700741756629 -0.022177877438313117 -0.036898887484870739 -0.011090857917433248 -0.015562552561244501 -0.024572919887126395 0.029883189811116793 0.046738053510408058 0.017908516648141418 0.24250939621657744 18.675000190734867 0.052835895229902737 0.002961643708621065 0.03197650803521624 0.0037267350656446934 -0.0071058525984615808 -0.020171834808393903 18.015000343322757 17.994999885559086
decision_type=2 2 2 2 2 2 2 2 2 2 2 2 2 2 2 2 2 2 2 2 8 2 10 2 2 2 2 2 2 2
left_child=2 10 3 6 -5 7 -1 18 -9 -4 11 12 -2 -14 -13 -8 19 -16 -3 20 21 -17 -23 24 -12 26 -25 -27 29 -29
right_child=1 5 9 4 -6 -7 15 8 -10 -11 23 14 13 -15 17 16 -18 -19 -20 -21 -22 22 -24 25 -26 27 -28 28 -30 -31
leaf_value=-0.00012351767012731184 -0.00015311062513885496 0.00035938857348278772 -0.00020324441173820635 -0.00019828956466639484 0.0018600255525070099 -0.00020406309904378502 -5.9113017757377282e-05 0.0024351252134127638 0.00066321530076188218 -0.00010578170164820924 -5.7155335665581408e-05 -3.3638674052643077e-06 8.7098237568071605e-05 0.0010705150781854637 0.00026342898931795559 0.00065274790178248806 2.8808617706821212e-05 0.0011147766779351816 0.0012475326333291814 -0.00040733378777488565 -1.7433034377745161e-05 0.00012369500958634813 0.00026251163523257948 0.0023426035634238362 0.0008725218528111982 0.00098807175115547081 0.00031459747232768538 7.4517263481526397e-05 -9.0297869252210447e-05 0.0015404441334745068
leaf_weight=2451 204 2947 5319 96 96 288 1804 62 222 18649 8672 1326 75 243 40 58 2147 40 41 67 75 190 43 47 48 57 216 7392 3630 46
leaf_count=2451 204 2947 5319 96 96 288 1804 62 222 18649 8672 1326 75 243 40 58 2147 40 41 67 75 190 43 47 48 57 216 7392 3630 46
internal_value=-0.000491334 0.000496951 -0.00130747 -0.000239791 0.00776042 0.00241573 -0.000464522 0.00285452 0.00767606 -0.0016205 0.000186966 0.00187241 0.00544061 0.010566 0.000547652 0.00031478 0.00124031 0.010625 0.00239625 0.00504619 0.00647541 0.00840206 0.00637339 2.53618e-05 -0.000533258 0.000453107 0.00811787 0.000271909 0.000199674 0.000707178
internal_weight=56591 25596 30995 7027 192 3560 6835 3272 284 23968 22036 1928 522 318 1406 4384 2580 80 2988 433 366 291 233 20108 8720 11388 263 11125 11068 7438
internal_count=56591 25596 30995 7027 192 3560 6835 3272 284 23968 22036 1928 522 318 1406 4384 2580 80 2988 433 366 291 233 20108 8720 11388 263 11125 11068 7438
is_linear=0
shrinkage=0.05


Tree=30
num_leaves=31
num_cat=0
split_feature=5 6 5 5 6 3 12 12 15 15 13 13 13 11 11 11 13 13 16 16 11 13 13 3 13 12 13 15 9 9
split_gain=18.1986 5.30085 4.98463 4.69987 3.0298 2.40985 2.16495 2.18682 2.06995 2.76963 2.6787 2.67299 6.10364 2.81737 2.79495 6.2467 2.51681 2.46687 2.41943 8.57288 5.03773 2.65349 4.74415 2.21435 1.9783 2.98069 2.09758 2.04111 3.825 1.90952
threshold=0.015397779512295403 1.702104451519737 0.032107773739781041 0.010304124262187872 -0.5667037497478592 0.039747139714500286 -0.075828258528587975 -0.017626677985756452 -0.0031917409301730477 0.0056656544913822335 21.82499980926514 15.97499990463257 15.905000209808351 -0.015548352361618832 -0.0083605121660306741 -0.0088251851150741283 19.440000534057621 22.285000801086429 0.0029246552186634749 0.0085117257928037943 0.02573480883905466 13.174999713897707 12.994999885559084 8.0771694905057436e-05 14.994999885559084 0.018681855298992137 15.295000076293947 0.0063535189857866223 -0.010341653287995909 0.11553316441774687
decision_type=2 2 2 2 2 2 2 2 2 2 2 2 2 2 2 2 2 2 2 2 2 2 2 2 2 2 2 2 10 8
left_child=1 3 4 -1 -2 6 -4 -8 -5 10 -10 12 13 -11 15 16 -13 -12 -15 20 23 22 29 -20 27 26 -26 28 -23 -21
right_child=2 -3 5 8 -6 -7 7 -9 9 11 17 14 -14 18 -16 -17 -18 -19 19 21 -22 24 -24 -25 25 -27 -28 -29 -30 -31
leaf_value=-0.00015809078919167086 -3.8948530187942351e-05 8.0900611966565098e-05 0.00064282843668004772 -1.6846416239033232e-05 0.00010220060371381249 0.0017631333400790817 -5.3562551429136809e-05 0.0007875309980093447 -0.00015868719738190682 0.00025081493598683153 0.0005654893323743086 0.00019488614177849901 0.00064138895282512989 -0.00021896621459453134 -0.00018737638977544483 0.0024362747289367252 -0.00018057307909727529 -9.6396470582670011e-07 0.00043643142994525034 0.00024072614704685137 0.0012460676690236273 0.0005297241934589616 0.00053939498889945831 0.00015863854951824705 -3.4774717694726832e-05 -0.0001512702399002505 0.00032280508092907861 -0.00025128061106310896 -0.00066590091058526136 -0.00024420955353052969
leaf_weight=9237 5634 3110 82 7786 12382 84 460 928 9328 46 84 450 82 618 2729 50 486 275 98 202 43 40 91 191 97 471 145 1165 45 199
leaf_count=9237 5634 3110 82 7786 12382 84 460 928 9328 46 84 450 82 618 2729 50 486 275 98 202 43 40 91 191 97 471 145 1165 45 199
internal_value=-0.000520676 -0.0011719 0.000712825 -0.00135285 0.000478462 0.00342986 0.00295918 0.00249279 -0.000993286 -0.00130351 -0.00185661 -0.000564295 0.000420321 9.99698e-05 -0.00150067 0.000780932 -0.00013889 0.00238161 -6.60805e-05 0.000561535 0.00810241 -0.00045825 0.0028252 0.00572664 -0.0012812 0.000820476 0.00533058 -0.00248 0.005 0.000486283
internal_weight=56638 37068 19570 33958 18016 1554 1470 1388 24721 16935 9687 7248 3533 3451 3715 986 936 359 3405 2787 332 2455 492 289 1963 713 242 1250 85 401
internal_count=56638 37068 19570 33958 18016 1554 1470 1388 24721 16935 9687 7248 3533 3451 3715 986 936 359 3405 2787 332 2455 492 289 1963 713 242 1250 85 401
is_linear=0
shrinkage=0.05


Tree=31
num_leaves=31
num_cat=0
split_feature=4 4 6 6 15 13 3 10 10 10 12 14 14 10 13 12 15 14 15 3 15 2 4 9 12 12 13 10 15 13
split_gain=16.9388 6.30238 3.8074 3.00907 2.63739 7.46499 2.63087 2.4979 5.76372 2.38616 5.73722 2.94171 11.3216 12.9914 2.78112 3.68069 3.71475 2.25988 2.12313 2.03051 6.24981 2.01602 1.94634 1.8419 2.72607 2.00926 1.82364 2.79401 1.9174 3.16195
threshold=0.021869226281272507 0.057929388644751896 -0.246449115545298 -0.019210261641638242 -0.018730415616232173 18.154999732971195 0.039747139714500286 0.010706298080283895 0.010626562990690537 0.007947904771433258 0.088722835990844309 -0.027300254032733503 -0.025765440759432264 0.00034889263673931753 16.765000343322757 -0.023427957262836582 0.012577743157088929 -0.040830821857172121 -0.021715662476849636 0.0095532981931004696 -0.014693707057613191 -0.023202635779598909 0.014173485856257596 0.43739236883036464 0.033096137453612735 -0.028754212853801194 14.824999809265138 -0.015857538372193832 0.011722306013954078 15.984999656677248
decision_type=2 2 2 2 2 2 2 2 2 2 2 2 2 2 2 2 2 2 2 2 2 2 2 8 2 2 2 2 2 2
left_child=2 3 22 7 5 -4 -3 8 9 11 23 14 13 -13 15 21 -17 -8 -7 -14 -21 -2 -1 -11 25 -25 27 -6 -28 -30
right_child=1 6 4 -5 26 18 17 -9 -10 10 -12 12 19 -15 -16 16 -18 -19 -20 20 -22 -23 -24 24 -26 -27 28 -29 29 -31
leaf_value=-0.00024708929452233619 0.00061324357826906823 0.0006756049003845318 0.0013291365806339967 9.2658736002032967e-05 0.00058762893687153671 -0.00027299309927263305 0.00059824842328520095 -0.00015513754994245712 0.00057388660442738132 1.1730621702992314e-05 0.00097099509999918417 0.002537756228140908 -1.6245085225706525e-05 -0.00051493686702901316 -0.00023763086390413254 -8.6692828482610846e-05 0.00067628205781840116 0.0034333053269322827 0.00045570400256081129 0.0010105609451451544 0.0001455668977282439 6.6129782701055529e-05 -0.00012025411756737062 0.00043636037124914878 0.0011547456282606325 -6.3556279078800813e-05 -6.0328246312827132e-05 -0.0001384695530715006 0.00042956821690765207 -2.3319616288361206e-05
leaf_weight=1817 44 1014 62 11292 44 209 40 1574 66 918 69 55 9443 46 2092 1164 60 46 85 54 488 41 11887 44 63 118 7412 5447 298 686
leaf_count=1817 44 1014 62 11292 44 209 40 1574 66 918 69 55 9443 46 2092 1164 60 46 85 54 488 41 11887 44 63 118 7412 5447 298 686
internal_value=-0.000518545 0.000333959 -0.00139496 0.000186203 -0.00082251 0.00342697 0.00404545 -0.000247568 -4.57174e-05 -0.000111914 0.0020132 -0.000302885 0.000125916 0.0167822 -0.00157454 0.000233001 -0.000465687 0.0124419 0.00010204 -4.2565e-05 0.00293358 0.0102941 -0.00198993 0.00116798 0.00522222 0.00179012 -0.000931448 -0.00163996 -0.000468081 0.00160569
internal_weight=56678 28731 27947 27631 14243 356 1100 16339 14765 14699 1212 13487 10086 101 3401 1309 1224 86 294 9985 542 85 13704 1143 225 162 13887 5491 8396 984
internal_count=56678 28731 27947 27631 14243 356 1100 16339 14765 14699 1212 13487 10086 101 3401 1309 1224 86 294 9985 542 85 13704 1143 225 162 13887 5491 8396 984
is_linear=0
shrinkage=0.05


Tree=32
num_leaves=31
num_cat=0
split_feature=4 6 4 4 12 11 16 12 12 11 16 6 12 10 13 13 15 2 0 11 11 13 15 16 12 10 13 13 2 13
split_gain=14.237 5.01431 3.76617 3.7604 2.16014 2.0566 5.40778 15.7256 2.50735 3.37409 3.11735 2.27264 1.89008 2.03434 1.70979 1.69631 1.7077 1.56062 1.52846 4.88664 5.95836 2.36803 1.97208 2.62331 3.38443 2.19203 1.70771 1.51603 2.42935 2.01039
threshold=0.027026187052167059 1.702104451519737 0.017574628799977871 0.061259804072719574 -0.0800835440536906 0.045591167028525621 0.047257929619919044 -0.001873391702030158 -0.017626677985756452 -0.023324981642921735 -0.011090857917433248 -0.58666170838383802 -0.025044060788607044 0.025743646111632715 20.500000000000004 14.465000152587892 -0.0029052466257976635 0.08849519545901631 0.013816200818690951 -0.0083605121660306741 -0.0088251851150741283 14.715000152587892 0.012013164106694731 -0.023739358925644768 -0.030461524413172677 0.010289449151106191 16.675000190734867 14.715000152587892 -0.065539011835804836 13.174999713897707
decision_type=2 2 2 2 2 2 2 2 2 2 2 2 2 2 2 2 2 2 2 2 2 2 2 2 2 2 2 2 2 2
left_child=1 2 15 5 -5 6 8 -8 11 10 17 -2 13 -13 -6 -1 -17 -10 -4 20 21 -20 23 -23 -25 -26 27 29 -29 -21
right_child=3 -3 18 4 14 -7 7 -9 9 -11 -12 12 -14 -15 -16 16 -18 -19 19 26 -22 22 -24 24 25 -27 -28 28 -30 -31
leaf_value=-0.00017637624114656756 -0.0002201842367112243 9.8755684164667098e-05 -7.7176011511882804e-05 0.0017782278071698532 0.0010036911053060763 -0.00025122534532393177 0.0013937957160453198 4.7921012634717407e-05 0.0001373378912540562 9.7358659725332956e-05 0.0013233613646918942 6.2743332914719005e-05 -0.00029848533508394152 0.00038030884770964932 1.7244612277539768e-05 -1.6790441771415165e-05 -0.00012810319556784549 0.0011016587699723113 0.00077159510585326791 0.00015378104633129044 0.0027052266388838237 -0.00025276251379313853 -0.00026928087345944095 0.00044025852000859262 -6.2103903329143093e-05 0.00063284959806281075 -0.00020932628572909717 0.00080293861028137318 6.5348038582851227e-05 -0.00024580137478021123
leaf_weight=5512 1173 3246 21013 65 504 656 52 146 285 10034 92 2134 475 70 311 2359 4725 49 49 359 42 89 130 93 142 63 1176 40 878 699
leaf_count=5512 1173 3246 21013 65 504 656 52 146 285 10034 92 2134 475 70 311 2359 4725 49 49 359 42 89 130 93 142 63 1176 40 878 699
internal_value=-0.000518082 -0.00101625 -0.00117999 0.000742863 0.00392045 0.000558485 0.000682287 0.00888889 0.000568752 0.000970362 0.00532864 -0.000521808 0.00028182 0.000898365 0.00322086 -0.00188393 -0.00137211 0.00308383 -0.000822066 0.000106382 0.00421053 0.00286219 0.00186654 0.00365633 0.00590604 0.00231707 -0.00068528 0.000212549 0.00169935 -0.00107751
internal_weight=56661 40615 37369 16046 880 15166 14510 198 14312 10460 426 3852 2679 2204 815 12596 7084 334 24773 3760 608 566 517 387 298 205 3152 1976 918 1058
internal_count=56661 40615 37369 16046 880 15166 14510 198 14312 10460 426 3852 2679 2204 815 12596 7084 334 24773 3760 608 566 517 387 298 205 3152 1976 918 1058
is_linear=0
shrinkage=0.05


Tree=33
num_leaves=31
num_cat=0
split_feature=5 4 12 11 10 12 16 16 3 4 14 15 15 9 14 11 13 16 10 15 12 10 14 15 14 8 14 14 13 12
split_gain=14.2483 5.07712 2.93789 2.8623 3.27692 4.97839 3.21906 3.11801 2.78616 2.69959 2.55323 3.64758 7.89665 4.5137 2.37285 21.3159 3.27868 4.58597 3.17422 4.79427 7.65663 15.3898 7.99285 6.40222 6.05685 3.08446 3.00294 9.77589 7.52113 6.21759
threshold=0.012787474479696652 0.061259804072719574 -0.0800835440536906 -0.023324981642921735 0.0041080829558171059 0.017951128324421587 -0.023739358925644768 -0.011090857917433248 0.0089440044384075951 0.024480083916842279 0.020125848996620292 0.0070853707220388537 0.0074072914135810972 -0.021947777728856862 0.039671535485110161 0.041951552464954973 18.015000343322757 0.028781839519440359 -0.0022250853133904398 -0.00432556242745502 0.075051018880184076 -0.00071790543685490416 -0.042564517769286651 -0.0082312374601999343 -0.081825770158787711 -0.050901938948037177 0.016378333086022993 0.0080830591469587282 17.914999961853031 0.034825809297672435
decision_type=2 2 2 2 2 2 2 2 2 2 2 2 2 10 2 2 2 2 2 2 2 2 2 2 2 10 2 2 2 2
left_child=10 3 -3 4 5 7 -5 8 -2 -7 -1 -12 13 -13 18 16 17 -16 -8 23 -21 -22 24 -20 -23 -26 27 28 -25 -29
right_child=1 2 -4 6 -6 9 14 -9 -10 -11 11 12 -14 -15 15 -17 -18 -19 19 20 21 22 -24 26 25 -27 -28 29 -30 -31
leaf_value=-0.00012491733314839195 6.5382405869007516e-05 0.0017914318897702336 0.0006281325944700023 -0.0001896328139605127 -0.00025916424891116917 0.00093971357510053491 -0.00015208676477956623 0.00077902669728154266 0.00040062460264354475 0.00035194071486204426 -6.1143900398416559e-05 0.00012511165270363082 1.6311543830873834e-05 0.00083898919389211151 0.00012643403755951326 0.0012610462712668812 -4.5829058664309675e-05 0.00054975871039777047 -0.00020899705593804886 -4.4901674292782704e-05 0.0021721902642736928 0.00011776001140488971 -6.0403723524132992e-05 0.00011373000936054661 0.0011714071865844555 0.00095427526210431599 -0.00012360848414573355 0.001428733405147369 0.00060125243163941001 0.00026106002381120911
leaf_weight=16779 1835 69 827 1523 405 49 3443 138 336 57 7067 54 489 62 2622 63 2817 140 405 15235 64 130 604 736 90 107 259 72 175 95
leaf_count=16779 1835 69 827 1523 405 49 3443 138 336 57 7067 54 489 62 2622 63 2817 140 405 15235 64 130 604 736 90 107 259 72 175 95
internal_value=-0.000472009 0.000217363 0.00392857 0.000111464 0.0016312 0.00232919 -3.84896e-05 0.00184279 0.00137955 0.0129245 -0.00138256 -0.000626956 0.00309917 0.0148276 8.74069e-05 0.000999644 0.000673058 0.00189717 -0.000152931 0.000113509 -0.000154037 0.00409548 0.00246509 0.0026062 0.00876147 0.0142893 0.00427449 0.00543599 0.00339736 0.0165569
internal_weight=56747 32296 896 31400 2820 2415 28580 2309 2171 106 24451 7672 605 116 27057 5642 5579 2762 21415 17972 16230 995 931 1742 327 197 1337 1078 911 167
internal_count=56747 32296 896 31400 2820 2415 28580 2309 2171 106 24451 7672 605 116 27057 5642 5579 2762 21415 17972 16230 995 931 1742 327 197 1337 1078 911 167
is_linear=0
shrinkage=0.05


Tree=34
num_leaves=31
num_cat=0
split_feature=5 5 6 5 6 14 14 12 16 14 15 13 10 10 7 11 16 10 9 10 15 15 12 6 2 13 14 16 14 10
split_gain=12.5956 4.34573 3.39842 3.74919 3.32624 2.61742 3.2244 5.87439 3.44368 3.09878 3.07584 4.82638 3.509 3.75115 3.29376 3.23323 2.97383 3.85335 2.81013 2.69487 2.69477 2.53433 2.39538 2.33999 2.30986 2.30334 2.27021 3.19408 2.15286 2.53846
threshold=0.016720294643339951 0.0097708289168674783 -0.57346182133546686 0.028859334299183959 1.7606746095194932 -1.0000000180025095e-35 -0.037511825146214865 -0.034828252855943369 -0.012647495123913831 -0.039689213075018263 0.0070853707220388537 13.174999713897707 0.0097813604305170294 0.0031820809505899166 0.026583398476419887 0.041951552464954973 0.047257929619919044 0.0014914798272115395 -0.14342577117640906 -0.0040208105245407846 0.0076346840588322759 0.0081129369840079475 -0.075828258528587975 -0.091218937288208596 0.0071074262398442842 16.954999923706058 0.005094684764536229 0.023753078403781939 0.031770832380203846 0.00090086479202544656
decision_type=2 2 2 2 2 2 2 2 2 2 2 2 2 2 2 2 2 2 10 2 2 2 2 2 2 2 2 2 2 2
left_child=1 -1 -2 -4 5 6 9 8 18 -3 15 12 13 14 -12 26 17 24 -8 -13 23 -19 -5 -21 -11 -24 27 -7 29 -28
right_child=2 4 3 22 -6 10 7 -9 -10 16 11 19 -14 -15 -16 -17 -18 21 -20 20 -22 -23 25 -25 -26 -27 28 -29 -30 -31
leaf_value=-0.00014236054982024523 -2.4372077803026855e-05 -6.3656317120160645e-05 8.9357787322309905e-05 0.0023046373717407662 0.00010656521391142653 0.00017594210019293045 0.00036009128710492967 -0.00018331601420672593 1.9192332218940548e-05 0.00019487176000616615 0.00039296525951617038 0.00029507740084813255 0.0012334347774304417 -0.00018608208747746672 0.00057116621185135125 0.00047224237596492569 0.00064251712065235595 -0.00021497738249835093 2.2776411412992904e-05 5.1807732546066653e-05 -9.6303666130297694e-05 0.00025515400174178511 0.0012095068622236371 0.00041153924078446836 0.00058529568802537452 0.00028514733690902761 -0.00020745594203908937 -0.00036220957576807758 -2.3661153630757559e-05 2.3167358980501998e-05
leaf_weight=7205 4699 7437 8676 80 2728 694 96 8910 313 94 49 113 71 96 40 64 44 274 83 93 890 121 522 59 65 1064 3048 224 7654 1125
leaf_count=7205 4699 7437 8676 80 2728 694 96 8910 313 94 49 113 71 96 40 64 44 274 83 93 890 121 522 59 65 1064 3048 224 7654 1125
internal_value=-0.000485689 -0.00093412 0.00075427 0.00126088 -0.000700161 -0.000844522 -0.00125509 -0.00188364 0.00343496 -0.000519603 -0.00034107 0.00187456 0.00808594 0.00445946 0.0118539 -0.000585137 0.00294314 0.00194946 0.00896648 0.000497834 -0.000297506 -0.000696204 0.00343337 0.00585526 0.00852201 0.00300757 -0.000641429 0.00175381 -0.000827345 -0.00174095
internal_weight=56631 41590 15041 10342 34385 31657 17437 9402 492 8035 14220 1411 256 185 89 12809 598 554 179 1155 1042 395 1666 152 159 1586 12745 918 11827 4173
internal_count=56631 41590 15041 10342 34385 31657 17437 9402 492 8035 14220 1411 256 185 89 12809 598 554 179 1155 1042 395 1666 152 159 1586 12745 918 11827 4173
is_linear=0
shrinkage=0.05


Tree=35
num_leaves=31
num_cat=0
split_feature=4 4 6 6 14 12 11 14 14 13 10 13 1 12 11 12 11 10 13 11 13 11 14 9 11 11 14 12 10 10
split_gain=11.7661 3.49994 3.5147 3.16117 2.02794 2.63517 13.7203 3.76525 4.67898 3.36386 2.48052 7.38027 3.71721 3.65019 3.17356 4.48436 5.08396 3.61029 2.73444 3.23733 2.33517 3.35387 1.91055 3.08353 1.90419 12.4724 1.851 1.8407 2.53478 4.10541
threshold=0.020740684625364252 0.034410087377087985 -0.57346182133546686 -0.19294450624285739 -1.0000000180025095e-35 0.075051018880184076 0.0051016574870994544 -0.042564517769286651 -0.081825770158787711 18.904999732971195 -0.0022250853133904398 25.505000114440922 0.0079697158071034852 0.0020578484903100995 0.017027234780288007 0.0098181061212317972 0.0021655694557776166 -0.00015260304164599334 18.719999313354496 0.011124133624280887 13.554999828338625 0.022371704579513211 -0.12096344977185801 -0.084541361429365677 0.013370949203247886 0.012589195808640931 0.0012326341754252958 0.035826131424975934 0.0023442869650027735 0.0028223419671780108
decision_type=2 2 2 2 2 2 2 2 2 2 2 2 2 2 2 2 2 2 2 2 2 2 2 10 2 2 2 2 2 2
left_child=3 4 -3 -1 5 -2 -7 8 -8 -9 24 13 -13 -12 15 16 -15 -18 19 -17 21 -16 23 -5 25 -6 -24 28 -21 -30
right_child=1 2 -4 22 10 6 7 9 -10 -11 11 12 -14 14 20 18 17 -19 -20 27 -22 -23 26 -25 -26 -27 -28 -29 29 -31
leaf_value=-0.00012246174093081931 -6.3692212993696274e-05 -4.5258359221768846e-05 0.00027276350819517103 0.00063632742693276009 -1.056862024751173e-05 0.0018693972367651219 -0.00040926504141924089 -0.00037947661108842878 0.00076963296986164696 0.00031347473887008236 -0.00025491604471619282 0.00024011363488649713 0.00090558724009536483 0.00015841265106751029 -0.00011539731828491141 -2.7979724321282434e-05 0.0013299483123351405 0.00036850193716561142 0.00050101702658319753 0.00021339470632084873 -0.00011842500870824655 0.00079511085374305815 -0.00010937959423008984 3.6634228046980925e-05 -0.00044220161464024026 0.00071209594225108775 -1.0196526975174339e-05 1.6364200529007686e-05 0.00092260395210109081 0.00029669792185979505
leaf_weight=12694 13231 2151 4987 40 6316 65 98 526 149 47 674 70 40 142 143 1220 67 55 190 327 1019 95 6005 233 393 42 5385 230 58 73
leaf_count=12694 13231 2151 4987 40 6316 65 98 526 149 47 674 70 40 142 143 1220 67 55 190 327 1019 95 6005 233 393 42 5385 230 58 73
internal_value=-0.000472564 0.000151505 0.00112917 -0.00130291 -0.000124655 -0.000522812 0.00211864 0.000365852 0.00552631 -0.00185864 0.000379235 0.00130252 0.0140909 0.000974842 0.00160403 0.00268416 0.00882576 0.0163115 0.00191134 0.00134172 -0.000425618 0.00403361 -0.000708652 0.00342491 -0.000222931 -1.41566e-05 -0.000807727 0.0040843 0.00591703 0.0117939
internal_weight=56765 32408 7138 24357 25270 14116 885 820 247 573 11154 4403 110 4293 3619 2362 264 122 2098 1908 1257 238 11663 273 6751 6358 11390 688 458 131
internal_count=56765 32408 7138 24357 25270 14116 885 820 247 573 11154 4403 110 4293 3619 2362 264 122 2098 1908 1257 238 11663 273 6751 6358 11390 688 458 131
is_linear=0
shrinkage=0.05


Tree=36
num_leaves=31
num_cat=0
split_feature=5 4 6 6 14 15 15 10 13 11 15 15 9 14 10 13 13 10 10 13 15 13 15 14 14 12 11 11 10 9
split_gain=10.5974 4.04342 3.68589 3.40192 2.41018 4.82495 4.74777 5.99838 4.44738 3.65961 2.85807 8.38621 4.78619 2.93944 5.49922 2.52785 4.38917 6.90073 2.87765 5.20818 3.24008 3.8591 4.46844 5.62905 7.22551 2.81601 2.73429 3.64603 4.22249 3.45797
threshold=0.017721344590517631 0.013823945461566385 1.8796215281967066 0.08922626957146608 0.020125848996620292 -0.016247700741756629 0.010307991470511759 0.0046724296084912362 12.555000305175783 0.041951552464954973 0.0070853707220388537 0.0074072914135810972 0.10663376357196631 0.028971532531295811 0.0066461345858104268 14.734999656677248 14.765000343322756 -0.0010954591841218495 -0.0052692990008561527 15.114999771118166 -0.014693707057613191 16.095000267028812 -0.0026941036490142896 0.054586954999164335 0.06920052511090892 0.018681855298992137 -0.024572919887126395 -0.029337474403061222 -0.013327781970057238 0.12271772836012641
decision_type=2 2 2 2 2 2 2 2 2 2 2 2 8 2 2 2 2 2 2 2 2 2 2 2 2 2 2 2 2 10
left_child=1 -1 4 -2 5 -3 -7 -8 -9 10 15 12 -12 14 -13 -6 17 -17 19 -18 -20 -22 23 -23 -25 -26 27 -21 29 -29
right_child=3 2 -4 -5 9 6 7 8 -10 -11 11 13 -14 -15 -16 16 18 -19 20 26 21 22 -24 24 25 -27 -28 28 -30 -31
leaf_value=-0.00018306517921119547 1.9513574785047301e-05 0.00063660454644390719 0.00010304917321051065 0.00023910834993456768 -0.00015622473504716048 -0.00011099949687769907 0.00023716994818662131 0.0012234920869797149 -4.2673577844327695e-05 0.00065684932746258693 0.00079548643789884531 -6.5586311637649638e-05 0.00017467234397788671 -0.00014345054727201429 0.00079577746779327429 -0.00058261031597751521 0.00031339191745754418 0.00087174780066814591 0.00087223036470724605 -4.9155799570701423e-05 -0.0002923011582236819 2.6900475298211806e-05 -2.0549825050926211e-06 0.00089516540682153031 0.00041489181586734631 4.5208248727854988e-05 -0.00012822040002100118 0.00080672283970296466 4.0594091861305148e-05 -5.4558645840105261e-06
leaf_weight=2954 8042 76 2977 4215 2244 21518 517 44 4168 77 69 195 97 548 98 45 97 43 48 666 497 511 1830 87 163 152 4349 93 205 40
leaf_count=2954 8042 76 2977 4215 2244 21518 517 44 4168 77 69 195 97 548 98 45 97 43 48 666 497 511 1830 87 163 152 4349 93 205 40
internal_value=-0.000500751 -0.000859981 -0.00073262 0.000800766 -0.000863764 -0.00113266 -0.00116909 0.000265383 -0.000358501 -0.00028139 -0.000350668 0.0021996 0.0124699 0.000172413 0.00421502 -0.000582657 -0.000201678 0.0109091 -0.000313574 -0.00101835 0.000854622 0.000663579 0.0013981 0.0042552 0.00868159 0.00515873 -0.00122642 0.0011255 0.00535503 0.0122932
internal_weight=56665 44408 41454 12257 38477 26323 26247 4729 4212 12154 12077 1007 166 841 293 11070 8826 88 8738 5450 3288 3240 2743 913 402 315 5353 1004 338 133
internal_count=56665 44408 41454 12257 38477 26323 26247 4729 4212 12154 12077 1007 166 841 293 11070 8826 88 8738 5450 3288 3240 2743 913 402 315 5353 1004 338 133
is_linear=0
shrinkage=0.05


Tree=37
num_leaves=31
num_cat=0
split_feature=4 4 15 15 13 14 11 13 16 15 14 13 15 11 13 13 11 11 15 16 3 11 12 13 13 13 14 15 15 12
split_gain=10.5145 3.86045 3.43249 4.40765 3.72496 2.80766 10.6634 4.30831 3.27111 3.41623 3.37048 3.36499 2.58509 3.07193 2.8426 6.54177 10.7783 2.49653 3.07148 3.28348 3.04311 2.33576 3.14136 3.03552 2.32893 7.06673 3.93713 4.05776 3.33089 2.85986
threshold=0.025565565937729174 0.013705679576082685 -0.0031917409301730477 0.0022588811963102366 21.82499980926514 0.039671535485110161 0.041951552464954973 18.105000495910648 0.028781839519440359 -0.017588270772269262 0.041854253665611248 16.164999961853031 -0.016247700741756629 -0.029337474403061222 21.954999923706058 21.82499980926514 -0.004414694893693615 0.0057915448439024306 -0.018730415616232173 -0.046161116172452159 -0.024629049958221235 0.027231962502118127 0.060791249063014259 17.224999427795414 15.97499990463257 15.905000209808351 0.0053913947730825926 0.0070853707220388537 0.0024070377794001012 0.04854639636196257
decision_type=2 2 2 2 2 2 2 2 2 2 2 2 2 2 2 2 2 2 2 2 2 2 2 2 2 2 2 2 2 2
left_child=1 -1 21 4 -4 12 7 8 9 -7 -11 -12 13 -2 15 -14 -17 18 -9 -20 -21 -3 23 -23 25 26 28 -28 -5 -29
right_child=5 2 3 24 -6 6 -8 17 -10 10 11 -13 14 -15 -16 16 -18 -19 19 20 -22 22 -24 -25 -26 -27 27 29 -30 -31
leaf_value=-0.00018763383706935067 0.0008589232277497373 -1.4830538793745815e-05 -0.00016606312310888844 0.00026681511460929785 0.00018924167495385383 0.0025596488759820958 0.0015217303296849922 -0.00016673255138908985 0.00075150132725712538 0.0015494537881630549 -2.9725564545801567e-05 0.00041899610238735672 3.0986453953152749e-05 0.00029611029163364609 -0.0001253861922130508 -0.00043083757400666847 0.0032004877502883259 -0.00029803284078796794 0.0010124115514321744 0.00055780861588197294 0.00011894341612191843 0.00021751537308126856 0.00042841218724225119 -0.00028596257946561954 -8.3767482492375358e-05 0.00062796744281546301 -4.402186942688934e-05 0.00031625126758649878 -7.9612151688738443e-05 -0.00018101252823360877
leaf_weight=2681 54 10521 8761 102 371 40 43 730 60 79 667 679 11538 89 2510 49 41 540 88 144 1604 247 68 146 7223 111 705 714 5919 163
leaf_count=2681 54 10521 8761 102 371 40 43 730 60 79 667 679 11538 89 2510 49 41 540 88 144 1604 247 68 146 7223 111 705 714 5919 163
internal_value=-0.000413412 -0.000896058 -0.000756185 -0.00109041 -0.00195576 0.000547348 0.00161104 0.00138091 0.00355738 0.00308874 0.00268421 0.0020951 0.000199215 0.00688811 0.000131559 0.000460955 0.0138889 0.000312298 0.000962586 0.00205338 0.00157895 -2.36763e-05 0.00345987 0.001743 -0.000561359 4.27782e-05 -0.000140077 0.00207964 -0.000723303 0.00435006
internal_weight=56687 37732 35051 24069 9132 18955 4674 4631 1525 1465 1425 1346 14281 143 14138 11628 90 3106 2566 1836 1748 10982 461 393 14937 7714 7603 1582 6021 877
internal_count=56687 37732 35051 24069 9132 18955 4674 4631 1525 1465 1425 1346 14281 143 14138 11628 90 3106 2566 1836 1748 10982 461 393 14937 7714 7603 1582 6021 877
is_linear=0
shrinkage=0.05


Tree=38
num_leaves=31
num_cat=0
split_feature=4 4 6 11 15 14 16 15 6 16 12 11 16 12 13 15 10 14 12 15 16 12 12 16 11 14 14 14 15 4
split_gain=10.5509 5.2215 2.97228 2.91339 4.94743 4.0116 2.41624 2.85565 2.33945 2.22902 2.89941 2.05995 3.10226 13.4902 2.03982 3.72531 3.64416 4.74065 4.41371 4.31714 3.32838 4.29054 11.4052 3.27709 4.09909 4.18043 3.12327 2.95083 3.73236 2.70714
threshold=0.021869226281272507 0.057929388644751896 1.149792114593599 -0.0069171580210211072 0.016193130479605914 -0.068623004427642229 -0.0024073605472826882 -0.0040951234180019993 0.048857676521432108 0.020722765648537259 0.02175136827995228 0.050492728349193612 0.047257929619919044 -0.001873391702030158 19.085000038146976 0.0069209055601037192 0.0099108597244759195 -0.098691693357393515 -0.025044060788607044 0.0074725802166027986 0.025895775855445783 0.075051018880184076 0.076917813566943397 0.002961643708621065 0.00053831818388905283 -0.048915299030690522 0.18763840935801293 -0.0046275643275077152 0.0076346840588322759 0.025061653674532326
decision_type=2 2 2 2 2 2 2 2 2 2 2 2 2 2 2 2 2 2 2 2 2 2 2 2 2 2 2 2 2 2
left_child=3 2 11 4 -1 -6 -5 9 -9 -8 -11 12 14 -14 15 26 17 -17 -19 -18 21 -16 -23 -20 -25 29 -2 -27 -29 -26
right_child=1 -3 -4 6 5 -7 7 8 -10 10 -12 -13 13 -15 20 16 19 18 23 -21 -22 22 -24 24 25 27 -28 28 -30 -31
leaf_value=-2.1579913742584168e-05 -2.2813708832066495e-05 0.00061028882313543704 0.00017734716832612128 -0.00018686568305540665 -0.0001779373909686657 0.0015494572160880073 -1.8147212895243533e-05 -0.00012490745428405146 -4.2413778237272933e-05 -0.00028722129024632035 0.0001998318255295961 -0.00041171239599473706 0.00086230977190264674 3.9606517737616403e-05 -5.5152175329025248e-05 0.0013317307288265058 0.0012275762595038307 0.0006348008288715823 -0.00014855900551344586 -6.2235371669517147e-05 -0.00052036220264093627 0.0022370846321606223 -9.9113557269231314e-06 0.00085609429457271416 7.3632090963583172e-05 -0.00014892641433255651 0.0012256303115863536 0.00054696506300277732 5.403861106490877e-05 0.00056488608665204026
leaf_weight=5766 11694 1106 3750 4831 48 99 2470 9298 5052 108 288 432 73 392 6587 40 67 105 475 1458 783 57 173 96 131 685 40 102 228 296
leaf_count=5766 11694 1106 3750 4831 48 99 2470 9298 5052 108 288 432 73 392 6587 40 67 105 475 1458 783 57 173 96 131 685 40 102 228 296
internal_value=-0.000406312 0.000265901 0.000131216 -0.001098 -0.000112465 0.00894558 -0.00136232 -0.00108504 -0.00137282 0.000355896 0.00383838 -7.40164e-05 -1.10735e-05 0.00403226 -9.27587e-05 0.000237723 0.00162503 0.00294717 0.00262512 -0.000245903 -0.000763159 -0.000408539 0.00630435 0.00210382 0.00322497 0.00255894 -0.000197717 0.000812807 0.00469697 0.0067096
internal_weight=56730 28770 27664 27960 5913 147 22047 17216 14350 2866 396 23914 23482 465 23017 15417 3683 2158 2118 1525 7600 6817 230 2013 1538 1442 11734 1015 330 427
internal_count=56730 28770 27664 27960 5913 147 22047 17216 14350 2866 396 23914 23482 465 23017 15417 3683 2158 2118 1525 7600 6817 230 2013 1538 1442 11734 1015 330 427
is_linear=0
shrinkage=0.05


Tree=39
num_leaves=31
num_cat=0
split_feature=4 5 6 4 11 3 14 6 11 7 13 12 12 10 6 5 11 12 10 8 11 11 14 9 9 11 14 3 0 11
split_gain=8.42959 3.53247 2.79715 2.49498 2.26249 2.01366 1.87198 1.73275 1.88928 1.71088 1.69886 2.76117 11.763 1.90982 1.85968 1.71536 2.02866 1.6961 1.66629 2.36261 1.59423 1.55356 1.42134 3.68188 1.68056 1.51355 2.16922 3.11558 1.94253 1.62439
threshold=0.021869226281272507 0.032107773739781041 0.4127470579446671 0.013705679576082685 -0.0069171580210211072 0.039747139714500286 0.57916123255262542 -0.7824500168993237 1.0000000180025095e-35 -0.015562552561244501 19.085000038146976 0.075051018880184076 0.076917813566943397 0.0042053474893619667 -0.44160408915415333 0.015457954423856954 -0.021243807178240256 0.053097750277519846 -0.010966446415133555 0.017626640220605564 0.044463646975978717 -0.0071058525984615808 -0.12096344977185801 -0.0015427803399615245 -0.013064413809120599 0.0013310128060490813 -0.012079756674524154 -0.0018143235641400743 -0.0055163810108345137 0.00066761306825102739
decision_type=2 2 2 2 2 2 2 2 2 2 2 2 2 2 2 2 2 2 2 10 2 2 2 10 8 2 2 2 2 2
left_child=3 2 10 -1 9 20 -4 -6 18 21 15 14 -13 -14 -12 -2 -17 -11 19 -9 -3 -5 23 24 -10 26 27 28 -24 -29
right_child=1 5 6 4 7 -7 -8 8 22 17 11 12 13 -15 -16 16 -18 -19 -20 -21 -22 -23 25 -25 -26 -27 -28 29 -30 -31
leaf_value=-0.00016405748184050164 -4.8632841056688898e-05 0.00043432370736057292 8.374600069566238e-05 -6.8006683264945205e-05 -0.00015003998138760094 0.0014119808824868158 0.00051427688395868114 -0.00015860629917887421 0.00027238355497174674 5.8543158986150754e-05 -0.00013623530592942737 0.0021099883076384578 -0.00061109651636884589 0.00020074171436091425 -1.3406180917695555e-05 0.00042619326928282656 5.0321159255196136e-05 -0.00026959360504596471 -0.00019179264756863333 0.00055915621169006066 -0.00016464640512767371 0.00063164050650772589 0.00042459318069068406 -6.4451258570325345e-05 0.00073173519533850163 -6.3064426412690142e-05 -5.7113028527129552e-05 0.00051547103831358482 0.00047383021684950706 -7.1496754782960885e-05
leaf_weight=2688 5121 1326 7358 2078 3955 87 52 86 50 3149 3396 59 151 44 2981 162 7959 224 2574 90 143 46 41 115 40 11961 438 104 57 187
leaf_count=2688 5121 1326 7358 2078 3955 87 52 86 50 3149 3396 59 151 44 2981 162 7959 224 2574 90 143 46 41 115 40 11961 438 104 57 187
internal_value=-0.000365115 0.00023423 0.000102077 -0.00098501 -0.000830523 0.00255141 0.000931173 -0.00108082 -0.000845774 6.63987e-05 -0.000207066 -0.000860354 0.00425197 -0.00166667 -0.00106398 0.000120071 0.000571973 0.000766379 -0.00203636 0.00267045 0.00211368 -0.0010452 -0.000593782 0.00353658 0.0111111 -0.000659995 0.0014087 0.00412596 0.0118367 0.00152921
internal_weight=56722 28839 27283 27883 25195 1556 7410 19698 15743 5497 19873 6631 254 195 6377 13242 8121 3373 2750 176 1469 2124 12993 205 90 12788 827 389 98 291
internal_count=56722 28839 27283 27883 25195 1556 7410 19698 15743 5497 19873 6631 254 195 6377 13242 8121 3373 2750 176 1469 2124 12993 205 90 12788 827 389 98 291
is_linear=0
shrinkage=0.05


Tree=40
num_leaves=31
num_cat=0
split_feature=5 6 15 15 13 11 14 13 11 14 4 0 15 15 12 9 14 13 14 9 10 15 15 13 8 10 14 6 12 13
split_gain=8.11957 3.26717 2.73274 3.61978 3.7944 2.12554 4.79661 3.4244 2.30565 2.10158 3.39209 2.03383 2.03133 2.18275 2.69874 2.07239 2.00933 4.06731 1.82541 2.44469 2.00964 2.60392 3.42247 1.85894 2.26397 2.42672 1.81606 1.80836 1.73728 1.72447
threshold=0.013689983924488665 -0.14387720532398821 -0.0023125773011111734 0.0022588811963102366 21.954999923706058 0.015980558357876488 -0.027977831131809735 14.340000152587892 0.016276955956380904 0.0012326341754252958 0.05327144697603952 -0.012024833209449191 -0.021715662476849636 -0.018730415616232173 -0.0067438381246153192 0.12911203118185768 0.052213768787031663 14.244999885559084 -0.0068130779793595378 0.25540960002289009 -0.0018123772327252594 -0.0074049730714610953 -0.0035445095421658408 16.914999961853031 -0.023403967007530942 -0.00090813220521157579 0.03406338940495391 -0.90301117738248715 0.019260487188196843 12.494999885559084
decision_type=2 2 2 2 2 2 2 2 2 2 2 2 2 2 2 8 2 2 2 10 2 2 2 2 8 2 2 2 2 2
left_child=2 -2 5 4 26 7 -7 -1 -8 -3 12 -12 -11 14 -14 -16 27 -18 -9 20 -20 -22 23 -23 -25 -26 -4 -5 -21 -29
right_child=1 9 3 16 -6 6 8 18 -10 10 11 -13 13 -15 15 -17 17 -19 19 28 21 22 -24 24 25 -27 -28 29 -30 -31
leaf_value=-0.00015973411784176935 -2.0713052271908539e-05 2.5426123327160879e-05 -0.00023092222888085215 -0.00018041245651426098 0.00020159700024013113 0.00041404182550969714 0.00061076278685320449 -0.00016148242334886552 1.8236912362567647e-06 -0.00018964044298274807 0.00042609527698584066 0.0015447922951428753 -0.00011628946360849396 0.00013560222567359886 0.0013604209231442988 0.0017338706263228241 0.00062221910212044819 5.3434444673256716e-05 -1.5377973735626048e-05 0.00039239779440953951 -0.00033288110649621868 0.0001328015054677207 -2.3094157115290131e-05 9.9189962323501541e-05 0.00028575678119618784 0.00058600836297720467 -4.3361997505641211e-05 0.00025497147808500165 4.6016061910472396e-05 -5.2398605319035573e-05
leaf_weight=2352 15052 6705 4957 1605 116 146 50 1377 1181 427 231 129 67 4632 40 57 46 310 4921 60 167 152 233 67 80 45 1121 477 73 9774
leaf_count=2352 15052 6705 4957 1605 116 146 50 1377 1181 427 231 129 67 4632 40 57 46 310 4921 60 167 152 233 67 80 45 1121 477 73 9774
internal_value=-0.000385703 0.000234088 -0.000963836 -0.00133544 -0.00231999 -0.000336575 0.00149964 -0.000601975 0.000483346 0.000839029 0.00155561 0.00625 0.00123205 0.00152627 0.00719512 0.0125258 -0.000836064 0.00286517 -5.92346e-05 0.000329423 0.000172108 0.00259408 0.00418544 0.00735465 0.010625 0.0146 -0.00249095 -0.000947201 0.00703007 -0.000702859
internal_weight=56650 27340 29310 18406 6194 10904 1377 9527 1231 12288 5583 360 5223 4796 164 97 12212 356 7175 5798 5665 744 577 344 192 125 6078 11856 133 10251
internal_count=56650 27340 29310 18406 6194 10904 1377 9527 1231 12288 5583 360 5223 4796 164 97 12212 356 7175 5798 5665 744 577 344 192 125 6078 11856 133 10251
is_linear=0
shrinkage=0.05


Tree=41
num_leaves=31
num_cat=0
split_feature=5 14 11 12 12 16 12 11 11 11 13 12 12 15 3 14 16 1 14 11 11 16 14 9 15 14 5 16 11 11
split_gain=7.16788 3.0255 9.45675 2.99841 4.78249 6.46536 3.98777 3.40031 2.85128 3.34728 3.06355 3.00708 5.60523 2.76144 3.54511 3.39273 8.0827 2.67678 2.43663 2.39722 2.56454 11.8649 4.12817 7.73459 3.91309 3.40031 2.37372 2.34877 2.55277 2.24965
threshold=0.012787474479696652 0.032336920174311119 0.041951552464954973 -0.0067438381246153192 0.010183672155494096 0.023481239868257012 0.0094949334570126904 0.010325604265528312 -0.023324981642921735 -0.030384470516343128 26.284999847412113 -0.049048436065559579 -0.062212447341067838 -0.0079682392953030461 0.0023676986082827871 0.072802606011034846 -0.001278846704757308 -0.0091838772821791741 0.10600204873107434 0.036250382984596159 0.02573480883905466 0.0038767855976370451 -0.081825770158787711 0.12585111783813088 -0.016247700741756629 0.020125848996620292 0.020171369948976489 0.047257929619919044 0.035212885385391253 0.027231962502118127
decision_type=2 2 2 2 2 2 2 2 2 2 2 2 2 2 2 2 2 2 2 2 2 2 2 8 2 2 2 2 2 2
left_child=-1 19 3 8 5 6 13 -8 9 -3 -11 12 -10 14 -5 16 -15 -14 -16 20 24 -22 23 -23 25 -2 -26 29 -29 -24
right_child=1 2 -4 4 -6 -7 7 -9 11 10 -12 -13 17 15 18 -17 -18 -19 -20 -21 21 22 27 -25 26 -27 -28 28 -30 -31
leaf_value=-7.147865348945711e-05 0.00091843001272460709 1.0815445519293898e-06 0.00098693475942659937 0.00029291273978501899 4.4540593057953939e-05 0.0010792004215674611 0.0001538533164099018 0.00092303866268864619 -0.00020364489411686004 0.00040251204563162483 0.001119871732136438 -0.00020545459508097667 0.00032213552634880453 0.0012246883509010845 0.0018938241025326036 -0.00030730374692134409 3.7384972965652002e-05 0.00053138893783197933 0.00020037968922313691 -0.00023647867704697516 0.00077535959302539332 -0.00029133108325086679 0.00035373570505042921 0.0012566964746589168 -5.1562176216463132e-05 -3.7341416569516465e-05 8.8464979987541121e-05 0.00061060830905842859 0.00018966855702799983 -0.00011482047676330463
leaf_weight=24422 98 783 64 518 3826 89 49 42 246 199 54 1795 77 49 48 363 252 56 77 1950 65 60 339 42 15326 91 4424 40 63 1176
leaf_count=24422 98 783 64 518 3826 89 49 42 246 199 54 1795 77 49 48 363 252 56 77 1950 65 60 339 42 15326 91 4424 40 63 1176
internal_value=-0.000441315 4.78894e-05 0.000851868 0.000708083 0.00143704 0.00384331 0.00301144 0.0131319 -0.000498444 0.00166023 0.00666008 -0.00152714 0.00251979 0.00230681 0.0046423 4.51795e-05 0.0039701 0.0107895 0.0122 -0.000243728 -9.29859e-05 0.00172269 0.000930231 0.0106863 -0.000255531 0.00690476 -0.000324052 0.000315203 0.00762136 -0.000181519
internal_weight=56683 32261 8587 8523 5313 1487 1398 91 3210 1036 253 2174 379 1307 643 664 301 133 125 23674 21724 1785 1720 102 19939 189 19750 1618 103 1515
internal_count=56683 32261 8587 8523 5313 1487 1398 91 3210 1036 253 2174 379 1307 643 664 301 133 125 23674 21724 1785 1720 102 19939 189 19750 1618 103 1515
is_linear=0
shrinkage=0.05


Tree=42
num_leaves=31
num_cat=0
split_feature=4 6 5 8 11 15 15 16 16 11 11 10 16 16 11 16 15 10 15 10 10 16 3 9 9 5 15 8 9 3
split_gain=7.29235 3.07494 3.05266 2.7627 2.51928 3.49154 5.71694 2.50855 2.33683 2.14824 2.0641 2.52365 5.30654 7.70237 4.23376 4.73627 2.63504 2.15561 2.87348 4.32228 5.69498 2.85384 5.35617 2.40585 2.08491 2.00636 1.96496 1.92782 1.88694 1.8569
threshold=0.021869226281272507 -0.30983422329651444 0.023132433465639687 0.10084313853335981 -0.023324981642921735 -0.01575778668897709 -0.022177877438313117 -0.011090857917433248 -0.02473340800841017 0.057592534540540592 0.050492728349193612 0.007947904771433258 0.0099479331042453562 0.0096290460770676062 0.015980558357876488 0.0080645665381526861 0.010971544879966435 0.0067212639667129101 0.011609809416583407 0.0012830782027211109 0.0053455164524482965 0.04892981208796688 -0.0027122377482998723 0.22198420364358198 0.086670647411040705 0.0092568791854659178 0.0077708186895578688 -0.0086438936709163344 -0.024567298012508839 0.039747139714500286
decision_type=2 2 2 8 2 2 2 2 2 2 2 2 2 2 2 2 2 2 2 2 2 2 2 8 10 2 2 10 8 2
left_child=1 25 3 4 5 6 -2 -7 -6 -4 11 17 13 14 26 16 -16 18 21 -20 24 27 -23 -22 -21 -1 -13 -10 -3 -29
right_child=2 28 9 -5 8 7 -8 -9 10 -11 -12 12 -14 -15 15 -17 -18 -19 19 20 23 22 -24 -25 -26 -27 -28 29 -30 -31
leaf_value=-0.0001862060962947775 -7.6895754423853251e-05 8.0776432896669182e-05 0.00019872021997347406 -0.0001273301130445938 -0.0002668015155965057 1.078978020925736e-05 0.00068181900475103167 0.001131853597496686 -6.9675882720288005e-05 -0.00046955967048201478 -0.00052673531480335598 0.00026261113324954144 -5.1331945863193284e-05 0.0011767429129025155 0.00049041748823883092 0.0011916866578875556 -0.00034164926635942868 -0.00026527400970427815 -0.00014859195692431464 0.00081890564875021412 -0.00018876091042658672 0.00095961974073189519 -2.0639765809820672e-05 0.00055274026802826822 0.00068369126158308717 -7.6346675663591812e-05 1.6763009122891711e-05 3.4520959547399072e-05 -4.907759241240058e-05 0.00037876268277045101
leaf_weight=2130 176 1844 4947 4112 884 1369 337 71 5665 162 231 375 1457 51 198 61 68 760 127 53 119 40 62 61 42 10566 999 6303 13309 45
leaf_count=2130 176 1844 4947 4112 884 1369 337 71 5665 162 231 375 1457 51 198 61 68 760 127 53 119 40 62 61 42 10566 999 6303 13309 45
internal_value=-0.000383584 -0.000960359 0.00017463 -6.46509e-05 0.000183082 0.00188684 0.00542885 0.000624999 -5.96676e-06 0.00128303 0.000126517 0.000192283 0.00145061 0.00330479 0.00273075 0.00784404 0.0049624 -0.000111849 4.51374e-05 0.00420398 0.00772727 -9.28613e-05 0.00823529 0.0025 0.0176316 -0.00153434 0.00151383 -0.000163574 -0.000479444 0.000434781
internal_weight=56624 27849 28775 23666 19554 1953 513 1440 17601 5109 16717 16486 3209 1752 1701 327 266 13277 12517 402 275 12115 102 180 95 12696 1374 12013 15153 6348
internal_count=56624 27849 28775 23666 19554 1953 513 1440 17601 5109 16717 16486 3209 1752 1701 327 266 13277 12517 402 275 12115 102 180 95 12696 1374 12013 15153 6348
is_linear=0
shrinkage=0.05


Tree=43
num_leaves=31
num_cat=0
split_feature=5 4 14 14 4 8 10 11 12 9 14 9 10 14 13 13 12 14 9 14 14 6 12 12 12 11 10 14 14 9
split_gain=7.25035 3.06335 2.71106 3.22397 2.39717 2.38676 3.71397 2.74169 3.5258 3.57498 3.1487 2.68843 2.74748 3.10323 2.32878 4.83554 6.94585 2.25603 3.44246 3.51784 2.30843 2.25158 2.19905 2.09323 2.00858 5.90978 9.32286 6.17805 6.10246 3.93264
threshold=0.018410463902410017 0.013705679576082685 -1.0000000180025095e-35 -0.0035273854570452286 0.072393705169950681 -0.026633279719212474 0.013206622940740933 -0.018044492725928726 0.0033715039290467268 0.20042314049730639 0.00619378828642947 -0.010341653287995909 0.0047561334202744785 0.023372981459681922 22.330000877380375 21.724999427795414 0.0033715039290467268 -0.0052640766517011986 0.20561019661959537 -0.0046275643275077152 -0.037511825146214865 -0.44160408915415333 -0.034828252855943369 0.079276268912555029 0.026873361674282784 0.015980558357876488 0.010706298080283895 -0.098691693357393515 -0.039689213075018263 0.14212001595308202
decision_type=2 2 2 2 2 10 2 2 2 10 2 8 2 2 2 2 2 2 8 2 2 2 2 2 2 2 2 2 2 8
left_child=1 -1 3 17 14 -4 7 8 -7 10 -10 12 -9 -14 15 -2 -17 20 23 -20 24 -16 -22 -19 -3 28 27 -27 -26 -30
right_child=4 2 5 -5 -6 6 -8 11 9 -11 -12 -13 13 -15 21 16 -18 18 19 -21 22 -23 -24 -25 25 26 -28 -29 29 -31
leaf_value=-0.00014929192609116628 0.0001058251243882559 -6.4546943354528718e-05 -6.7809339166316086e-05 -0.00025722010994991864 0.00084473195417517164 1.9727564552822015e-05 0.0011115739037904193 6.965124511346265e-05 0.00075159874976496747 0.00034547939330151597 0.00011694734560328085 -2.5792891562869769e-05 0.00010426260644910533 0.0012860739371699465 -0.00020354040059958215 0.00059606542622053923 0.0029257214738382881 -0.00019655129779553942 0.00031212731994120514 -6.6081530054227106e-05 8.7686966135737209e-05 4.7948939270281286e-05 -0.00012748492766162669 0.00059707192597927689 -0.00011761599743086455 0.0010741820389135264 -0.00025843776565774454 0.00033427809587846351 8.3274228193293352e-05 0.00056527863322673082
leaf_weight=2682 7268 7064 5595 1404 456 1108 87 1364 68 44 479 10525 50 51 1154 145 40 442 147 106 595 1563 10140 49 2375 65 486 800 127 85
leaf_count=2682 7268 7064 5595 1404 456 1108 87 1364 68 44 479 10525 50 51 1154 145 40 442 147 106 595 1563 10140 49 2375 65 486 800 127 85
internal_value=-0.000403438 -0.000675695 -0.000574026 -0.000930502 0.000773573 -0.000134481 0.000219221 0.000153772 0.00203355 0.00515228 0.00404936 -0.000112595 0.0018942 0.00985148 0.000614551 0.00107138 0.00905405 -0.000785331 0.00192204 0.00666008 -0.000877997 -0.000638573 -0.00139963 -0.000519349 -0.000369025 0.000535804 0.00321614 0.00632948 -0.000863936 0.00726415
internal_weight=56564 45938 43256 23885 10626 19371 13776 13689 1699 591 547 11990 1465 101 10170 7453 185 22481 744 253 21737 2717 10735 491 11002 3938 1351 865 2587 212
internal_count=56564 45938 43256 23885 10626 19371 13776 13689 1699 591 547 11990 1465 101 10170 7453 185 22481 744 253 21737 2717 10735 491 11002 3938 1351 865 2587 212
is_linear=0
shrinkage=0.05


Tree=44
num_leaves=31
num_cat=0
split_feature=4 6 14 4 4 14 14 12 12 11 13 8 14 15 13 14 14 15 11 1 11 12 8 11 15 11 7 0 14 13
split_gain=5.98035 3.29682 2.32773 2.02557 2.0081 1.86181 4.616 3.59014 6.91999 3.30605 5.59645 2.33535 2.26752 1.84593 3.21104 3.90549 2.67104 2.55005 2.31458 3.15703 1.84076 2.06348 2.58787 1.78536 5.38242 5.18295 2.05023 1.75417 1.97268 1.68551
threshold=0.028172515350843055 -0.246449115545298 0.035115678917499234 0.014781496848305051 0.061259804072719574 -0.067583665573298909 -0.071225645536492452 -0.0047203102614324912 0.0066896408709551389 0.02573480883905466 18.105000495910648 -0.0078689122546187745 0.0017102699334086149 0.0048229022160620758 13.174999713897707 0.027028120883943799 0.005094684764536229 0.0051072955788041838 -0.002761626055579391 -0.027174852423422931 -0.024572919887126395 -0.0067438381246153192 -0.037282363708825698 -0.014526458794264228 -0.0035894356227681996 -0.014879372351697838 0.024853792045489102 -0.0043248528886355433 -0.10816573528732347 18.510000228881839
decision_type=2 2 2 2 2 2 2 2 2 2 2 8 2 2 2 2 2 2 2 2 2 2 10 2 2 2 2 2 2 2
left_child=1 2 3 -1 29 6 9 -8 -9 27 11 -11 -7 16 15 -15 18 -16 19 -14 21 -18 -23 24 -4 26 -26 28 -3 -2
right_child=4 5 23 -5 -6 12 7 8 -10 10 -12 -13 13 14 17 -17 20 -19 -20 -21 -22 22 -24 -25 25 -27 -28 -29 -30 -31
leaf_value=-0.00015840047980810888 0.00010632399189329587 0.00024106938474602503 -6.2325852893220976e-06 -7.5802570394825831e-05 0.00053743587878724572 -7.9700202048832674e-05 -0.0002597944848196299 0.0021799239336277999 0.0002375061849615294 0.001103291785978548 -0.00026103609198100411 0.00091880363846094334 3.2359957242439516e-05 0.00023342026782262708 0.00081784556449447676 0.00071654091801245619 2.3346239040474514e-05 2.4135471736076739e-06 0.00012538163686429178 0.0024114290406279776 -5.1819073159165703e-05 -0.00031320954039535184 0.00048080027124857214 -4.4033855909459068e-05 2.2443209863579577e-05 0.00083017017361636356 0.0002164490373719641 -7.7471477161572533e-05 -7.5889641747996342e-06 -2.0903307773848832e-05
leaf_weight=2048 7058 113 825 14241 893 9521 71 72 151 44 98 81 40 232 66 69 662 1253 197 45 7224 43 127 3477 106 50 43 1616 192 6097
leaf_count=2048 7058 113 825 14241 893 9521 71 72 151 44 98 81 40 232 66 69 662 1253 197 45 7224 43 127 3477 106 50 43 1616 192 6097
internal_value=-0.000406573 -0.00070094 -0.001152 -0.00143011 0.000488325 -0.000273077 0.00102953 0.00690476 0.0100224 0.000223879 0.00598655 0.013 -0.000436112 9.13826e-05 0.0016358 0.00629568 -0.000208684 0.000572402 0.00457447 0.0114706 -0.000376118 0.00185096 0.0067647 -0.000145524 0.00168945 0.00907035 0.00439597 -0.000445082 0.00303279 0.000332572
internal_weight=56755 42707 20790 16289 14048 21917 2438 294 223 2144 223 125 19479 9958 1620 301 8338 1319 282 85 8056 832 170 4501 1024 199 149 1921 305 13155
internal_count=56755 42707 20790 16289 14048 21917 2438 294 223 2144 223 125 19479 9958 1620 301 8338 1319 282 85 8056 832 170 4501 1024 199 149 1921 305 13155
is_linear=0
shrinkage=0.05


Tree=45
num_leaves=31
num_cat=0
split_feature=5 6 5 15 15 11 11 3 11 12 3 14 14 12 0 14 15 15 6 15 10 16 14 16 15 14 9 9 2 3
split_gain=5.91723 3.17795 2.57482 2.20023 4.10578 2.29553 2.41115 2.40477 2.08841 3.18787 2.03707 1.91245 4.5651 1.88281 1.78139 1.61062 1.58073 1.85476 2.22043 1.54654 2.52227 1.66067 2.64115 2.90857 1.91259 1.60534 1.71312 1.41694 1.41553 1.65952
threshold=0.012787474479696652 -0.30983422329651444 0.024464745810612559 -0.0023125773011111734 0.0022588811963102366 0.013609022082518242 0.013148939613643941 0.0028606491919344061 0.024405077895535147 0.02175136827995228 0.056718138219671872 0.024903216094988693 0.025331387226238514 0.024709772202027306 0.033195629025766012 -1.0000000180025095e-35 -0.021715662476849636 -0.018730415616232173 0.94412278214244505 0.0024070377794001012 0.00097851086285993837 0.018916129259167639 0.052213768787031663 0.019503736293567501 0.017935287468797249 -0.022508843870219172 0.027543711641278227 -0.052950634552865521 0.056130431375078345 0.0033153253514321972
decision_type=2 2 2 2 2 2 2 2 2 2 2 2 2 2 2 2 2 2 2 2 2 2 2 2 2 2 8 8 2 2
left_child=3 14 16 8 -5 6 19 -8 -1 -10 15 -7 -13 -11 -2 -4 -3 18 -18 20 -6 24 23 -23 -21 26 -25 -19 29 -15
right_child=1 2 10 4 5 11 7 -9 9 13 -12 12 -14 28 -16 -17 17 27 -20 21 -22 22 -24 25 -26 -27 -28 -29 -30 -31
leaf_value=-3.2319493605895131e-05 -3.8752250238004212e-05 -0.00020141088426570857 5.0519547998135539e-05 -0.00017584426160339707 0.00041794916908574706 -0.00015489055522994769 0.00047072958957077482 -0.00012893068065350204 -0.00023697480832196775 0.00041843778749649815 0.0010060406936105272 0.0009926462498882373 -3.6901342848425605e-05 -2.5872083303500761e-05 0.00047251952317017669 0.00060443655239425878 6.828864345348046e-05 0.00013213188790316575 0.0022898842227112412 -5.121056435263541e-05 1.0985719513641388e-06 0.00036451956187630584 0.00048856814541693488 0.00050908363795215423 0.00024324131501799536 -6.1150525135718366e-05 2.0420282417224736e-05 9.695048990948452e-06 0.00041777583843278035 0.0001476035586948643
leaf_weight=8580 14600 496 1169 5312 83 3009 45 49 148 52 85 44 391 134 223 981 146 2394 69 5507 184 52 50 41 105 409 79 12066 88 70
leaf_count=8580 14600 496 1169 5312 83 3009 45 49 148 52 85 44 391 134 223 981 146 2394 69 5507 184 52 50 41 105 409 79 12066 88 70
internal_value=-0.000373362 7.15182e-05 0.000529701 -0.000960217 -0.00132487 -0.000730495 -0.000184738 0.00776596 -0.000342814 0.0028252 0.00211409 -0.001777 0.00132184 0.00546512 -0.000466506 0.00181395 0.000296288 0.000390118 0.005 -0.00029954 0.00342697 -0.000458915 0.00197306 0.0010241 -0.00073236 -8.50674e-05 0.005 0.000321576 0.00390411 0.00161765
internal_weight=56661 32229 17406 24432 15360 10048 6604 94 9072 492 2235 3444 435 344 14823 2150 15171 14675 215 6510 267 6243 631 581 5612 529 120 14460 292 204
internal_count=56661 32229 17406 24432 15360 10048 6604 94 9072 492 2235 3444 435 344 14823 2150 15171 14675 215 6510 267 6243 631 581 5612 529 120 14460 292 204
is_linear=0
shrinkage=0.05


Tree=46
num_leaves=31
num_cat=0
split_feature=4 6 15 15 4 10 10 16 15 15 6 1 3 10 7 14 14 14 12 15 15 15 6 9 10 7 14 15 15 10
split_gain=5.39805 2.60652 2.1032 2.11377 2.06037 1.96985 4.65388 3.60809 2.91438 2.86613 1.82969 1.70704 1.62156 1.5461 1.49328 1.44622 2.53418 1.8106 1.8591 1.68396 1.87527 1.64689 1.41151 1.39939 1.2992 1.93363 1.21185 2.16144 3.30921 2.58894
threshold=0.023865461590743781 0.65338088581494402 -0.0029537102132302646 0.0022588811963102366 0.061259804072719574 -0.0014527022796280706 -0.00071790543685490416 0.020722765648537259 -0.005688587334379768 -0.0060158040335710474 -1.1692264081067281 -0.14311337466482502 -0.0035848866593827795 -0.0051366845172721711 -0.039208629331992588 -0.0068130779793595378 -0.0040037207838661817 -0.039055332959848192 0.024849110031729963 -0.0062404748587930872 -0.0042393385267306951 -0.0066138599525605293 1.9524753838353508 0.031258882073056722 0.0012069827106450106 0.037232588675654606 0.11365091649526195 -0.010286944843569732 -0.0079682392953030461 -0.010112209824456707
decision_type=2 2 2 2 2 2 2 2 2 2 2 2 2 2 2 2 2 2 2 2 2 2 2 8 2 2 2 2 2 2
left_child=1 2 5 -4 14 26 8 15 -7 -9 -5 12 -6 23 -2 17 -17 18 21 -18 -21 -8 -16 -12 -11 -26 -1 -28 29 -29
right_child=4 -3 3 10 11 6 7 9 -10 24 13 -13 -14 -15 22 16 19 -19 -20 20 -22 -23 -24 -25 25 -27 27 28 -30 -31
leaf_value=-6.8114194764038046e-05 -4.983951560415263e-05 4.342645601404882e-06 -0.00013064913587286303 -0.00018764838088390322 0.00033743734377220314 0.00066491361575522518 0.00011406061944068012 0.00021920328223353969 0.00017191977121928028 -0.00024450033353492915 0.00032461786414817112 0.00035317515115716215 0.0022885698943842583 -4.7693761822173832e-05 2.6679541688611816e-05 0.00031139461452963648 -0.00018996595907771918 -0.00025881804418969478 0.00015192870465587408 0.00021307608514154584 -0.00029795965802733291 -0.00040884925192467787 0.00029125469013892215 5.1507075210703157e-05 0.00028715110756375367 -0.00014777660794939996 -4.7651017824487093e-05 0.00028786144036438795 -0.00020316071572961297 3.9634430474122216e-05
leaf_weight=5112 5148 7104 7209 879 47 42 42 81 153 65 41 799 46 10069 15825 107 351 623 89 222 85 121 1046 131 56 54 632 165 161 105
leaf_count=5112 5148 7104 7209 879 47 42 42 81 153 65 41 799 46 10069 15825 107 351 623 89 222 85 121 1046 131 56 54 632 165 161 105
internal_value=-0.000380676 -0.000783259 -0.00101053 -0.00130913 0.000211469 -0.000348416 0.000978 0.000221518 0.00833333 0.00574219 -0.0008768 0.00256726 0.00897849 -0.000688899 0.000116035 -0.000640245 0.000947711 -0.00202857 0.00154762 -0.000212767 0.00249186 -0.00162577 0.000343488 0.00401163 0.00214286 0.00545454 -0.000797572 0.000738475 0.00346868 0.00685185
internal_weight=56610 33699 26595 18329 22911 8266 2091 1896 195 256 11120 892 93 10241 22019 1640 765 875 252 658 307 163 16871 172 175 110 6175 1063 431 270
internal_count=56610 33699 26595 18329 22911 8266 2091 1896 195 256 11120 892 93 10241 22019 1640 765 875 252 658 307 163 16871 172 175 110 6175 1063 431 270
is_linear=0
shrinkage=0.05


Tree=47
num_leaves=31
num_cat=0
split_feature=5 6 14 14 11 10 10 13 16 13 13 9 16 14 13 13 0 16 9 8 16 14 13 13 7 10 3 0 13 9
split_gain=6.37464 3.25826 2.49018 2.74856 2.20003 1.88911 5.78345 7.32243 3.76468 3.63486 3.33599 3.31114 2.71196 2.83642 2.28641 4.18161 4.32804 1.96679 1.96082 4.02181 3.03576 1.84358 3.48706 2.78949 2.03892 2.00295 1.84443 4.544 3.04652 2.80311
threshold=0.018410463902410017 1.7606746095194932 1.0000000180025095e-35 -0.037511825146214865 0.057592534540540592 0.0023442869650027735 0.0028970765900091515 16.095000267028812 0.0057456134134316059 16.164999961853031 16.375000000000004 0.24692059621592979 0.033166859963158164 0.005094684764536229 15.464999675750734 15.375000000000002 -0.01419283865645765 0.032506989925160108 -0.003040132405558837 -0.027403018027320532 0.025179042068587124 -0.039689213075018263 14.824999809265138 16.579999923706058 0.0023363937819794738 -0.00053944274453426855 -0.0009419689161229704 0.023276354758524079 14.00500011444092 0.25087518435090855
decision_type=2 2 2 2 2 2 2 2 2 2 2 8 2 2 2 2 2 2 8 10 2 2 2 2 2 2 2 2 2 8
left_child=1 2 3 21 -2 9 7 11 -8 14 -11 -7 13 -12 15 -4 -17 -18 19 -10 -21 25 -23 24 -24 -1 27 28 29 -27
right_child=4 -3 5 -5 -6 6 8 -9 18 10 12 -13 -14 -15 -16 16 17 -19 -20 20 -22 22 23 -25 -26 26 -28 -29 -30 -31
leaf_value=-0.00028021771831783363 9.8329801255338988e-05 7.2870695403473682e-05 -0.00010618510703704244 -0.00011431535719947581 -0.00044275839487790405 0.00068028132705110801 -0.00030336560587540268 -0.00012424839119551766 -0.0001238562714150773 0.00028737838089915084 0.00018496753534050784 5.0883951888371247e-05 0.00039223172540858676 -1.937437404129636e-05 -0.00031619556660791138 0.00098185622923126171 -3.0357519286238922e-05 0.0003588723669525882 4.1105151463639381e-05 0.00025006430674057205 0.0013099154435685799 -0.0003581698715034976 0.00012655127909134918 3.5266610416256771e-05 0.00042600752774443398 0.00020141799355321546 -6.3252391142682842e-05 0.00079211103868624786 -3.759399112349689e-05 0.00048928118198250442
leaf_weight=460 10460 3589 4891 12989 214 171 774 204 128 165 302 66 157 8866 1172 57 228 51 1456 100 51 187 115 375 133 174 7287 63 1593 105
leaf_count=460 10460 3589 4891 12989 214 171 774 204 128 165 302 66 157 8866 1172 57 228 51 1456 100 51 187 115 375 133 174 7287 63 1593 105
internal_value=-0.000381123 -0.000637022 -0.000759689 -0.00110323 0.000719504 -0.000331494 0.000830507 0.00611111 -9.76497e-05 -0.000547235 7.37607e-05 0.0120886 -5.09395e-05 -0.000162523 -0.0014682 -0.00102066 0.004375 0.00181003 0.00119596 0.00503584 0.0105629 -0.000501336 0.00179012 0.00358748 0.00770161 -0.00069304 -0.000532424 0.000839792 0.000395298 0.00521505
internal_weight=56583 45909 42320 23481 10674 18839 2950 441 2509 15889 9490 237 9325 9168 6399 5227 336 279 1735 279 151 10492 810 623 248 9682 9222 1935 1872 279
internal_count=56583 45909 42320 23481 10674 18839 2950 441 2509 15889 9490 237 9325 9168 6399 5227 336 279 1735 279 151 10492 810 623 248 9682 9222 1935 1872 279
is_linear=0
shrinkage=0.05


Tree=48
num_leaves=31
num_cat=0
split_feature=4 5 5 14 14 13 13 13 12 13 14 14 10 10 13 10 10 14 10 14 9 14 14 16 14 16 10 3 14 13
split_gain=4.51689 2.29945 2.07422 1.93241 1.92229 3.49305 4.31214 6.64814 3.20059 9.56001 5.47344 3.80558 3.03809 2.67255 2.57379 2.48731 4.74402 3.28972 5.50091 5.13232 4.63673 3.33546 3.12816 3.88541 4.58111 3.22578 5.28125 2.86518 2.43105 2.87562
threshold=0.01997036090288214 0.049561312735130821 0.0086093373305112259 0.020125848996620292 -1.0000000180025095e-35 13.174999713897707 12.765000343322756 12.88000011444092 0.075051018880184076 18.904999732971195 -0.042564517769286651 -0.081825770158787711 0.0042053474893619667 0.0010681623083543814 14.244999885559084 -0.0052692990008561527 0.00048355916176134889 0.03328086000020148 -0.0010954591841218495 0.005094684764536229 -0.21245678411160021 0.078404529959544514 0.055948056460050417 -0.00051258467213810544 0.06920052511090892 0.027781710438194555 -0.0029742003737800999 -0.005008768544773389 -0.0040037207838661817 19.085000038146976
decision_type=2 2 2 2 2 2 2 2 2 2 2 2 2 2 2 2 2 2 2 2 10 2 2 2 2 2 2 2 2 2
left_child=2 4 -1 -4 8 6 -6 -8 28 10 11 -10 -11 -9 -7 -16 17 19 21 -17 -20 22 25 24 -24 -19 -27 -22 29 -2
right_child=1 -3 3 -5 5 14 7 13 9 12 -12 -13 -14 -15 15 16 -18 18 20 -21 27 -23 23 -25 -26 26 -28 -29 -30 -31
leaf_value=-0.00012992381653972231 1.6265549434649063e-06 0.0011114427790237507 -7.2137890711305538e-05 -7.0756633753605494e-07 3.0512139918619214e-05 -0.00019271896174137117 0.0010743724726959888 -4.0389060859518867e-06 3.2496790503384024e-07 0.0020313127700069353 -0.00027502808116241557 0.0011559778248836959 0.00046142574269840474 0.00030547251196787423 -2.4095405339086242e-05 0.00053508596989553425 -8.1823497560615382e-05 1.7081809038001629e-05 -0.00075218951175479642 -2.4348930871778539e-05 0.0017152623505250386 -0.0001544579882153197 0.0013341275957988819 0.00024035947473127585 0.00043788117975190975 7.8363101684735524e-05 0.00056186514037811152 0.00071055875189321091 -0.00020592673935164826 -0.00011257241243902536
leaf_weight=2648 11795 211 13284 5930 480 1210 92 199 125 68 714 129 130 143 6616 416 2280 654 55 1909 51 385 66 208 206 96 48 186 951 5376
leaf_count=2648 11795 211 13284 5930 480 1210 92 199 125 68 714 129 130 143 6616 416 2280 654 55 1909 51 385 66 208 206 96 48 186 951 5376
internal_value=-0.000368067 -1.42257e-05 -0.000931298 -0.000750496 -4.59709e-05 0.000372548 0.0033698 0.00698157 -0.000377956 0.00216123 0.000113635 0.00641732 0.0121717 0.00377193 0.00018212 0.000384789 0.00107469 0.00205607 0.00356777 0.000784945 0.00989726 0.0024564 0.00368544 0.006875 0.0108088 0.00176692 0.00854167 0.0129325 -0.000541332 -0.000405045
internal_weight=56661 34799 21862 19214 34588 15300 914 434 19288 1166 968 254 198 342 14386 13176 6560 4280 1955 2325 292 1663 1278 480 272 798 144 237 18122 17171
internal_count=56661 34799 21862 19214 34588 15300 914 434 19288 1166 968 254 198 342 14386 13176 6560 4280 1955 2325 292 1663 1278 480 272 798 144 237 18122 17171
is_linear=0
shrinkage=0.05


Tree=49
num_leaves=31
num_cat=0
split_feature=6 5 14 16 15 10 4 14 12 4 6 7 16 10 12 2 9 8 14 14 16 15 12 15 12 14 12 15 15 10
split_gain=4.45446 2.75845 2.18788 3.12173 2.86731 3.32144 2.08562 1.57392 1.54283 1.32308 1.29859 1.74728 1.51814 1.85055 2.55051 1.43891 1.34906 1.31211 1.33862 1.33358 1.24823 1.84588 3.72863 3.14758 2.45748 2.34706 1.83188 2.65456 2.87732 1.91213
threshold=-0.028505179967757758 0.017721344590517631 0.022797718540964799 0.04892981208796688 -0.016247700741756629 -0.0042544467454991288 0.017824355039895164 0.023372981459681922 0.12951753151584791 0.065579257743233393 1.7606746095194932 -0.015562552561244501 0.029726201044593562 0.010000560194363352 0.027544134222988518 0.012088545694953436 -0.051027094525605714 -0.0086438936709163344 0.004407866869301503 -0.12096344977185801 0.036362793464954531 0.0062516135765524625 0.097353884534883486 0.0063535189857866223 0.041108028160014472 0.013406221047230662 0.02175136827995228 -0.0070211488824927218 -0.0078102354421633038 0.0092344351500740513
decision_type=2 2 2 2 2 2 2 2 2 2 2 2 2 2 2 2 8 10 2 2 2 2 2 2 2 2 2 2 2 2
left_child=2 10 4 7 5 -1 -6 -4 20 -3 16 -12 13 -13 15 -15 17 19 -19 -2 21 26 23 -23 25 -25 27 28 -8 -29
right_child=1 9 3 -5 6 -7 8 -9 -10 -11 11 12 -14 14 -16 -17 -18 18 -20 -21 -22 22 -24 24 -26 -27 -28 29 -30 -31
leaf_value=-0.00041317540140437149 0.00033594978908899932 0.00011707921355986397 0.00021667215038924728 0.00070839303132095557 -0.00010463071527163931 0.00077198225819331389 -4.5023234515043763e-05 -1.650957663822805e-05 0.00054252545187969911 0.0010539770459024862 -7.0350943207330696e-05 0.00020454271559341037 -0.00019813604307960674 0.00081320797936522231 0.00095838173054967426 -0.00027132167646909183 -3.5512770745888046e-05 0.00011538786322649374 0.00044925970335713515 -7.5146118070162149e-06 -0.00019717420547028948 0.00048040198301475671 0.00076892753778270843 1.1622885120337997e-05 -0.00020636847477298187 0.00041266283065551887 -2.7683957801497158e-05 -0.00016425986048395613 0.0005932467879094719 0.00023982534386406641
leaf_weight=42 60 4493 173 53 6382 65 215 9261 50 290 1083 1833 359 51 111 53 13293 236 157 1223 1391 57 43 4138 853 90 5417 4915 92 152
leaf_count=42 60 4493 173 53 6382 65 215 9261 50 290 1083 1833 359 51 111 53 13293 236 157 1223 1391 57 43 4138 853 90 5417 4915 92 152
internal_value=-0.000392101 0.000139402 -0.000762079 -0.000119639 -0.00101707 0.00714953 -0.00105379 -0.00018762 -0.000770403 0.00120949 -0.000137874 0.000730658 0.0014811 0.00200683 0.00639535 0.00076923 -0.000340371 0.000996419 0.00352417 0.000222134 -0.000795659 -0.00067055 0.000105191 -1.75177e-05 -0.000148594 0.000345316 -0.001043 -0.00169706 0.00281759 -0.0019706
internal_weight=56631 23242 33389 9487 23902 107 23795 9434 17413 4783 18459 3490 2407 2048 215 104 14969 1676 393 1283 17363 15972 5181 5138 5081 4228 10791 5374 307 5067
internal_count=56631 23242 33389 9487 23902 107 23795 9434 17413 4783 18459 3490 2407 2048 215 104 14969 1676 393 1283 17363 15972 5181 5138 5081 4228 10791 5374 307 5067
is_linear=0
shrinkage=0.05


Tree=50
num_leaves=31
num_cat=0
split_feature=5 6 14 11 4 13 14 11 8 11 11 14 9 15 11 13 13 14 4 14 1 11 15 11 15 14 11 7 9 14
split_gain=4.33338 2.63796 2.44582 2.27176 2.03548 1.73214 1.54719 1.66208 1.53864 1.72724 2.54968 4.16754 3.85172 1.70023 2.96662 2.74955 5.55148 4.71472 3.21911 3.37467 2.77446 2.65549 3.96687 2.52313 2.36872 4.01944 1.96478 1.69449 1.69418 1.69367
threshold=0.020171369948976489 -0.81763871645633834 0.039671535485110161 0.050492728349193612 0.012540736413595681 49.655000686645515 0.068214198873392098 -0.011292664141508811 0.080750420654038049 -0.028186654574093969 -0.030384470516343128 0.11365091649526195 0.066985581962424226 0.0056656544913822335 0.027231962502118127 15.97499990463257 15.905000209808351 0.0053913947730825926 0.018263902319454111 -0.12096344977185801 0.046205358234927892 0.030023740679380188 0.0048229022160620758 0.0056452584945124737 0.0065483679190436747 -0.04215392714757548 0.012763459668046597 -0.048977607935238747 0.099186512290246789 -0.067583665573298909
decision_type=2 2 2 2 2 2 2 2 8 2 2 2 10 2 2 2 2 2 2 2 2 2 2 2 2 2 2 2 10 2
left_child=1 2 -1 5 -3 -2 7 -4 9 10 -6 28 -13 14 -11 16 17 18 -15 -20 -19 22 -16 -17 25 26 -21 -25 -12 -26
right_child=3 4 6 -5 8 -7 -8 -9 -10 13 11 12 -14 15 21 23 -18 20 19 24 -22 -23 -24 27 29 -27 -28 -29 -30 -31
leaf_value=-0.00011089577191140964 9.6524849354658911e-05 -0.00018717453207577959 0.00052778903743688429 -0.00028564845360691814 -2.4045550316764618e-08 0.0016209733595544586 -8.3319344635910935e-05 7.3421117018005949e-05 -7.2876669070115471e-05 -4.3918274242270815e-05 4.5181796854081024e-05 0.0011260090747413833 0.00038559365909486386 -9.7547213056293697e-05 0.00012852990029155537 2.8728061322545464e-05 0.00060496935374037501 0.00017967126116044793 0.00079906487284563165 0.00022777429363053192 0.00074520393198694893 5.4244725908058602e-05 0.001098006989995608 0.00026263820911367011 0.00013294385890098346 -2.1021163013211749e-05 0.00049743896719354368 -0.0001521616770496258 0.00017161632148560735 -6.6582903900594626e-05
leaf_weight=6927 7640 921 83 373 1175 40 835 595 7454 19726 416 58 43 1523 205 2196 106 756 70 57 80 1023 50 106 521 145 62 2211 42 1337
leaf_count=6927 7640 921 83 373 1175 40 835 595 7454 19726 416 58 43 1523 205 2196 106 756 70 57 80 1023 50 106 521 145 62 2211 42 1337
internal_value=-0.000387137 -0.000564724 -0.00136848 0.00068732 -0.000396322 0.000872395 0.000452742 0.00222714 -0.000341955 -0.000190862 0.00134371 0.00412343 0.0133168 -0.000279049 -0.000527044 0.000288985 0.00114129 0.000877828 0.0001144 0.00134124 0.00427033 0.00180751 0.00637255 -0.000590517 0.000984919 0.00541667 0.0122269 -0.00174148 0.00209607 0.000355219
internal_weight=56776 48723 8440 8053 40283 7680 1513 678 39362 31908 1734 559 101 30174 21004 9170 4657 4551 3715 2192 836 1278 255 4513 2122 264 119 2317 458 1858
internal_count=56776 48723 8440 8053 40283 7680 1513 678 39362 31908 1734 559 101 30174 21004 9170 4657 4551 3715 2192 836 1278 255 4513 2122 264 119 2317 458 1858
is_linear=0
shrinkage=0.05


Tree=51
num_leaves=31
num_cat=0
split_feature=5 13 11 16 14 13 14 11 5 15 10 15 14 16 16 11 14 9 7 10 13 14 16 10 13 10 9 11 13 10
split_gain=4.10963 2.41714 3.12989 4.84678 3.60291 6.19484 5.00733 4.38272 4.04211 2.93285 4.31124 2.11989 2.41204 2.38009 2.79495 2.75351 2.59688 3.03654 2.50464 2.14725 1.94078 5.54156 4.3695 3.91219 5.68408 3.87942 3.95609 3.00479 2.18043 3.9014
threshold=0.018410463902410017 14.715000152587892 0.010167890880724896 0.00021032904865880833 0.0080830591469587282 13.174999713897707 0.01016731697942619 0.011525613692411897 0.012182355653987299 -0.0036170282920096049 0.0097813604305170294 -0.0060158040335710474 0.0091478412114857095 0.024165924392452801 0.0094081933472988117 0.0087021572317970159 -0.035714459440522088 0.12112009685012971 0.010776495591901082 0.00048355916176134889 15.775000095367433 -0.12096344977185801 0.010397470363401553 -0.00025978449841479451 15.050000190734865 -0.0032352755768272896 0.06448699610678689 -0.0031311720849904741 15.09500026702881 -0.0023625599212317434
decision_type=2 2 2 2 2 2 2 2 2 2 2 2 2 2 2 2 2 8 2 2 2 2 2 2 2 2 8 2 2 2
left_child=1 2 3 -1 -4 6 8 -8 -6 -9 -11 -5 13 14 16 -16 -13 18 -18 -19 21 -3 28 25 27 -24 -27 -25 29 -23
right_child=-2 20 4 11 5 -7 7 9 -10 10 -12 12 -14 -15 15 -17 17 19 -20 -21 -22 22 23 24 -26 26 -28 -29 -30 -31
leaf_value=-0.00011191125513430281 6.7153435669590477e-05 0.00093639169128267191 -0.00018634026978373952 0.00027525555551511461 0.00047221290010851557 -0.00026248658580988989 0.00035846128488959393 0.00011252659918724653 0.0013603089350273654 -0.00033496681618002376 0.00047618868403997549 -3.4734866276886877e-05 -0.00016748423030551383 0.00065997573252881802 -0.00013973735579334446 0.00020006726840422298 0.00023740789477349244 -0.00010621522811449711 0.00058367206819968356 0.00019353807971512501 -2.6989769274465555e-05 0.00028939529621503201 -0.0001879488203066122 0.00037420012922422056 0.00021282082873586304 0.00074074558232890722 0.00029126601555349007 -0.00018000664055860412 -0.00011722317089150373 -4.871444529200157e-05
leaf_weight=3388 10673 57 5180 307 95 954 63 254 40 511 64 435 818 67 900 258 174 155 117 324 26174 303 112 65 1057 128 161 967 1945 890
leaf_count=3388 10673 57 5180 307 95 954 63 254 40 511 64 435 818 67 900 258 174 155 117 324 26174 303 112 65 1057 128 161 967 1945 890
internal_value=-0.000332475 -0.000537716 -0.00108267 -0.000326229 -0.00181609 -2.52517e-06 0.00269231 0.00133408 0.0116667 0.000367912 -0.0016087 0.000963431 0.000588053 0.0013786 0.00111511 -0.000639034 0.00280083 0.00454545 0.00857388 0.00209812 -0.000296464 0.000540896 0.000383794 0.00194779 0.00107946 0.00647132 0.00953287 -0.00156008 -0.000857235 0.000825648
internal_weight=56636 45963 14104 6943 7161 1981 1027 892 135 829 575 3555 3248 2430 2363 1158 1205 770 291 479 31859 5685 5628 2490 2089 401 289 1032 3138 1193
internal_count=56636 45963 14104 6943 7161 1981 1027 892 135 829 575 3555 3248 2430 2363 1158 1205 770 291 479 31859 5685 5628 2490 2089 401 289 1032 3138 1193
is_linear=0
shrinkage=0.05


Tree=52
num_leaves=31
num_cat=0
split_feature=5 4 13 13 16 15 14 15 13 16 16 16 10 14 9 15 15 13 14 0 10 14 9 16 12 12 13 10 16 14
split_gain=3.13569 2.42744 2.18585 3.29982 7.4699 2.60497 1.98637 2.84653 4.05458 3.66026 5.66607 5.90131 6.3424 4.7307 3.06614 2.97711 2.24 2.80422 2.90786 3.52278 2.47064 2.36328 3.03717 3.96248 3.66067 7.62712 9.7443 3.72406 2.96958 2.83175
threshold=0.018410463902410017 0.013562976798676369 22.330000877380375 21.724999427795414 0.011310477438085 -0.00432556242745502 0.03406338940495391 0.010307991470511759 12.454999923706056 0.026905242747961692 0.002961643708621065 0.0043550782599217639 0.010927080992059636 -0.12635401997537379 -0.020420235156334007 0.0097709758103867745 -0.021715662476849636 24.855000495910648 0.18763840935801293 0.0058812831581417377 -0.020247544478179221 0.078404529959544514 -0.22822677855478404 -0.0077568313402278091 0.0098181061212317972 1.0000000180025095e-35 16.579999923706058 -0.011231034779129566 0.030338555059054143 0.043372068741787458
decision_type=2 2 2 2 2 2 2 2 2 2 2 2 2 2 10 2 2 2 2 2 2 2 10 2 2 2 2 2 2 2
left_child=1 -1 3 5 -5 -2 7 15 -9 10 -10 14 13 -13 -12 -3 -8 20 19 -19 -18 22 23 -22 25 -24 29 -26 -29 -27
right_child=2 6 -4 4 -6 -7 16 8 9 -11 11 12 -14 -15 -16 -17 17 18 -20 -21 21 -23 24 -25 27 26 -28 28 -30 -31
leaf_value=-0.00012756425639303312 0.00024799586184446319 -5.2125293437856309e-05 -6.9742318935420375e-05 0.00010133360961686765 0.0023211588179105481 1.8340317123060587e-05 -0.00025071465163346325 0.0011102165225827906 -7.6859470904737273e-05 -0.00015770064193833841 0.00023039795015086394 0.00085625089863292515 -0.00026472040820511107 0.00015907016237021689 0.0020393256801278588 -0.00025531766336340969 0.00040294465296283958 0.00020112503689266408 -0.00020246384926754654 0.00084089001953236732 0.00010338676641693227 -6.221806288664326e-05 -1.7040980061589352e-05 -0.00023736553534433279 0.00064307429238429526 0.00031383921123819008 0.00062925215017207439 -1.4579959688710774e-05 0.00031622011703339977 4.2154241328305956e-06
leaf_weight=2460 1976 26365 2885 140 56 5646 614 56 1771 1374 77 61 667 1617 93 761 118 383 182 46 351 3970 573 1039 101 266 117 2655 122 211
leaf_count=2460 1976 26365 2885 140 56 5646 614 56 1771 1374 77 61 667 1617 93 761 118 383 182 46 351 3970 573 1039 101 266 117 2655 122 211
internal_value=-0.000365885 -0.000545061 0.000405025 0.000839088 0.0072449 0.000674362 -0.000458822 -0.00065191 0.00036214 0.000229681 0.000949602 0.00247515 0.00182303 0.00346245 0.0114706 -0.000865591 0.000131186 0.00030886 0.00359247 0.00583916 9.81822e-05 7.97329e-06 0.000685371 -0.00133094 0.00137824 0.00374036 0.00771044 0.00042043 7.74205e-05 0.00453878
internal_weight=56753 46050 10703 7818 196 7622 43590 32842 5716 5660 4286 2515 2345 1678 170 27126 10748 10134 611 429 9523 9405 5435 1390 4045 1167 594 2878 2777 477
internal_count=56753 46050 10703 7818 196 7622 43590 32842 5716 5660 4286 2515 2345 1678 170 27126 10748 10134 611 429 9523 9405 5435 1390 4045 1167 594 2878 2777 477
is_linear=0
shrinkage=0.05


Tree=53
num_leaves=31
num_cat=0
split_feature=4 9 6 10 1 11 15 14 16 16 14 5 3 0 11 14 3 15 3 7 9 9 10 5 7 1 6 15 10 14
split_gain=3.65045 2.41534 2.30931 2.28355 2.02102 1.8125 2.00099 2.10789 1.73774 3.13092 2.50043 1.696 1.43869 1.35619 1.33113 1.3292 2.2079 1.28682 1.28562 1.2169 1.35539 1.25952 1.53164 1.19556 1.16842 2.4517 1.14429 1.12396 2.88157 3.59857
threshold=0.020740684625364252 -0.024567298012508839 -0.31685782228695053 0.0092344351500740513 0.01523029295573153 0.011605230504387444 -0.0018430547924185301 -0.027977831131809735 0.023481239868257012 0.02444177336864484 0.047546513885702975 0.020171369948976489 1.0000000180025095e-35 0.033195629025766012 -0.028186654574093969 0.0017102699334086149 0.039747139714500286 -0.0062404748587930872 0.0043302373512447154 -0.016885895412059034 0.06961616576415787 0.065643136894464785 -0.0021138805299539261 0.010058563404026799 0.055311012043372972 -0.008518690142086836 -0.3738197727491967 -0.0056388641116485996 -0.0019499726080666744 0.0080830591469587282
decision_type=2 8 2 2 2 2 2 2 2 2 2 2 2 2 2 2 2 2 2 2 8 8 2 2 2 2 2 2 2 2
left_child=1 3 13 14 -5 8 7 -7 -3 23 -11 24 -12 27 26 -13 -17 -9 -6 20 -19 22 -21 -10 25 -4 -1 28 -2 -30
right_child=2 5 11 4 18 6 -8 17 9 10 12 15 -14 -15 -16 16 -18 19 -20 21 -22 -23 -24 -25 -26 -27 -28 -29 29 -31
leaf_value=-6.4114802471593193e-05 -3.9014899427195851e-05 -4.7688398484129891e-05 -2.4861847946173649e-05 9.4626725535522325e-05 0.00029682312330954361 0.00019090011874916705 -0.00015106103014425617 -0.00015185564778499408 0.00014362786534119606 -0.00011951392771988954 0.00012385643767666798 6.2454100031143276e-05 0.00032417307071830716 0.00036630021762226836 -9.5916308996788573e-06 0.00024542893291658292 0.0012806338682961899 -7.5775466122684289e-06 0.00021284354587129754 0.00043013620679277953 0.00032600793426893556 -6.9402891359439462e-05 5.3407448755525414e-05 0.00064235423404352613 -8.681289943729127e-05 8.2514958783311089e-05 0.00034789687804876661 -5.1372044699803858e-05 5.2176392216391008e-05 0.00041088697593697344
leaf_weight=43 2297 14011 5756 229 40 114 5261 503 45 280 51 2369 54 236 2432 1800 60 57 52 43 48 632 233 44 2261 5756 81 11157 396 213
leaf_count=43 2297 14011 5756 229 40 114 5261 503 45 280 51 2369 54 236 2432 1800 60 57 52 43 48 632 233 44 2261 5756 81 11157 396 213
internal_value=-0.000369913 -0.000833506 -2.18271e-05 0.000526589 0.00450156 -0.00101656 -0.00168408 -0.000153375 -0.000699 0.00227848 0.000324674 0.000354959 0.00690476 -0.00049619 2.73853e-05 0.00123079 0.00223118 -0.000646439 0.0107609 0.000380058 0.00547619 -0.000209252 0.00260869 0.0107303 8.60367e-05 0.000290131 0.00508064 -0.00055927 0.000316585 0.00337438
internal_weight=56554 24253 32301 2877 321 21376 6891 1630 14485 474 385 18002 105 14299 2556 4229 1860 1516 92 1013 105 908 276 89 13773 11512 124 14063 2906 609
internal_count=56554 24253 32301 2877 321 21376 6891 1630 14485 474 385 18002 105 14299 2556 4229 1860 1516 92 1013 105 908 276 89 13773 11512 124 14063 2906 609
is_linear=0
shrinkage=0.05


Tree=54
num_leaves=31
num_cat=0
split_feature=4 6 11 8 15 10 13 13 11 13 4 13 11 15 13 13 8 15 13 13 11 9 13 7 13 13 10 9 11 3
split_gain=4.0974 2.41588 2.1081 1.93964 1.74877 4.12395 3.01782 2.93143 3.37152 2.82324 4.50161 2.33635 4.09739 3.49714 4.14194 4.44844 2.43056 2.31225 2.30035 4.34242 2.29599 2.36861 2.25173 1.97155 1.8101 8.59871 5.4878 2.61404 1.81229 1.9008
threshold=0.03691405276686735 1.7606746095194932 0.057592534540540592 0.053644866130982856 0.0056656544913822335 0.0033239655967035602 16.164999961853031 19.295000076293949 0.020793253578218044 14.84500026702881 0.017882636554876465 16.765000343322757 0.029305093404121577 -0.0022877472475987255 16.550000190734867 16.675000190734867 0.017626640220605564 -0.017588270772269262 16.85000038146973 16.875000000000004 -0.0035220660232809227 0.093694837796191602 16.375000000000004 0.020416759396418297 17.914999961853031 17.945000648498539 0.0024545779679250317 0.10663376357196631 -0.0035220660232809227 -1.0000000180025095e-35
decision_type=2 2 2 8 2 2 2 2 2 2 2 2 2 2 2 2 10 2 2 2 2 10 2 2 2 2 2 10 2 2
left_child=1 3 -2 4 6 7 17 8 9 10 -6 12 13 14 22 -16 -17 -1 -13 -20 21 -11 -8 -12 27 26 -26 -21 29 -29
right_child=2 -3 -4 -5 5 -7 11 -9 -10 20 23 18 -14 -15 15 16 -18 -19 19 24 -22 -23 -24 -25 25 -27 -28 28 -30 -31
leaf_value=0.00061936753076969556 0.00015399631463945196 8.0408668717289381e-05 -0.00047755258862947547 -7.1978284335544931e-05 6.1565537897043378e-05 -1.7470248548084841e-05 0.0002328628871655001 -0.00018097741848567219 -0.00030265271072147016 0.00016166334118579298 0.00041312363436208239 -0.00027128409138857683 0.00097646261637919203 -7.9304360132053043e-05 0.00053589180301937044 -0.00013225763962699313 0.00016970355727086387 -8.9781264232954811e-05 0.00052272458064559402 -0.00012933372214097945 4.9489534437344023e-05 0.00094029263033923059 -0.00012390800785339867 0.00079502782734450911 3.2353057427509552e-05 -8.7837128141455207e-06 0.00073300801352862651 9.8345494249287718e-06 7.0452916818024408e-05 0.00062749022244734383
leaf_weight=42 5452 3970 160 14490 200 7564 332 270 156 226 152 357 75 760 135 126 42 9907 44 2982 672 46 424 70 82 7505 82 48 245 41
leaf_count=42 5452 3970 160 14490 200 7564 332 270 156 226 152 357 75 760 135 126 42 9907 44 2982 672 46 424 70 82 7505 82 48 245 41
internal_value=-0.000313025 -0.000454012 0.00096935 -0.000553905 -0.000339882 0.00023728 -0.000572346 0.00239397 0.00324573 0.00404099 0.00744076 -7.90675e-05 0.00154699 0.00107477 0.00293201 0.00787129 0.00244047 -0.00123078 -0.000349553 -0.000221689 0.00252119 0.00639706 0.00095238 0.0123423 -0.00028448 0.000137566 0.0114634 -0.00126056 0.00293413 0.00904494
internal_weight=56657 51045 5612 47075 32585 9356 23229 1792 1522 1366 422 13280 1894 1819 1059 303 168 9949 11386 11029 944 272 756 222 10985 7669 164 3316 334 89
internal_count=56657 51045 5612 47075 32585 9356 23229 1792 1522 1366 422 13280 1894 1819 1059 303 168 9949 11386 11029 944 272 756 222 10985 7669 164 3316 334 89
is_linear=0
shrinkage=0.05


Tree=55
num_leaves=31
num_cat=0
split_feature=6 4 4 16 15 16 15 14 16 14 12 16 14 9 14 12 1 6 12 15 16 9 4 10 14 6 16 15 15 15
split_gain=3.31039 2.25129 1.54038 1.41567 2.27601 3.44732 6.08442 4.03243 3.24208 3.05789 2.59182 2.50518 2.36967 2.90897 3.56905 6.0186 3.24268 2.19182 1.94999 1.80449 3.20367 2.28802 1.78412 4.02148 2.08905 1.74419 1.71843 1.64305 1.59128 2.06422
threshold=-0.31685782228695053 0.035359888972299393 0.015366606817931677 0.030550403112950101 0.010818926287891275 0.002961643708621065 0.013053334303232413 -0.096084571305829466 0.0059712305623393922 -0.12096344977185801 -0.027314401107970562 0.023481239868257012 -0.066405515647089006 0.1757347681456867 0.024903216094988693 0.050572968372656575 0.036056714470977365 1.9524753838353508 0.018300587263459293 0.0086511143901035776 0.047257929619919044 0.05822512167016481 0.023071611407319625 0.0053455164524482965 0.0053913947730825926 0.2831268052606542 0.02444177336864484 -0.0013907481695490385 -0.0023125773011111734 0.0022588811963102366
decision_type=2 2 2 2 2 2 2 2 2 2 2 2 2 8 2 2 2 2 2 2 2 10 2 2 2 2 2 2 2 2
left_child=2 3 -1 4 9 10 7 -7 -8 -2 -6 17 -13 14 26 16 -16 28 19 20 21 -5 24 -24 -9 -22 -14 -20 -11 -30
right_child=1 -3 -4 18 5 6 8 22 -10 11 -12 12 13 -15 15 -17 -18 -19 27 -21 25 -23 23 -25 -26 -27 -28 -29 29 -31
leaf_value=-9.241334074908239e-05 0.00024145815536695967 0.00017650427287666502 -3.9945983156844434e-05 -0.00020293478913029027 9.4999878883564331e-05 0.0009434604294940327 0.00087966620784200107 8.4560558929324363e-05 -0.00010927237161709786 -8.0738062490154268e-06 -0.00020591020464102918 0.001078070419618762 0.00037960393146815316 -0.00011126127019881608 0.00076757220732207889 -0.00064245667829831348 0.00063571990143733827 0.00011333462452289688 0.0001675161174574068 -9.2176286885137357e-05 0.00071665504565027139 0.0002919940385737893 0.00072272305413459794 0.000282060680794443 0.00066262850933540899 0.00047005465800275376 -7.9681463959196811e-05 -0.00028101074167816614 -0.00014770594134017883 -3.333924403043462e-05
leaf_weight=3051 307 3582 22294 347 405 62 99 355 825 8766 725 52 76 522 139 99 63 2377 190 488 43 242 49 133 134 40 386 1498 3704 5599
leaf_count=3051 307 3582 22294 347 405 62 99 355 825 8766 725 52 76 522 139 99 63 2377 190 488 43 242 49 133 134 40 386 1498 3704 5599
internal_value=-0.00032585 1.80459e-05 -0.000750642 -0.000134356 -1.34674e-05 0.00133297 0.00278515 0.0061869 8.65789e-05 -0.000183342 -0.000796461 -0.00025318 0.00184368 0.00142023 0.00338794 0.00762458 0.0125743 -0.000390298 -0.00119031 0.00038793 0.00206845 0.000772495 0.00505961 0.00928571 0.00348671 0.0112651 0.000627704 -0.00227488 -0.000578063 -0.00103354
internal_weight=56652 31307 25345 27725 24877 2787 1657 733 924 22090 1130 21783 1337 1285 763 301 202 20446 2848 1160 672 589 671 182 489 83 462 1688 18069 9303
internal_count=56652 31307 25345 27725 24877 2787 1657 733 924 22090 1130 21783 1337 1285 763 301 202 20446 2848 1160 672 589 671 182 489 83 462 1688 18069 9303
is_linear=0
shrinkage=0.05


Tree=56
num_leaves=31
num_cat=0
split_feature=6 4 14 14 13 11 11 8 13 15 13 13 9 4 3 15 13 15 14 10 14 14 2 10 15 13 15 10 6 3
split_gain=2.65032 2.83754 2.04387 2.67745 3.32441 2.81023 3.13367 2.89895 2.5384 2.17408 3.09407 8.89557 2.4973 2.13725 2.02973 1.94469 3.10202 1.85596 1.83547 3.25775 2.19198 4.93019 2.54054 2.12685 5.75105 4.82054 4.45951 2.44063 2.1039 1.92666
threshold=2.5528278947605956 0.072393705169950681 -1.0000000180025095e-35 -0.037511825146214865 17.945000648498539 0.00053831818388905283 0.0023967132721236521 -0.13247912607217757 30.345000267028812 -0.021715662476849636 25.505000114440922 26.85000038146973 0.13075033450328569 0.02052305709270676 -8.0609938213405105e-05 -0.018730415616232173 20.060000419616703 -0.0018023452367353363 -0.038683719112648444 0.0063179668043742429 -0.049735428455543622 -0.053009001646986846 0.095597494346691084 0.013206622940740933 0.012013164106694731 16.85000038146973 0.013839825176110489 0.0180492430338598 0.33764372372723622 -0.0018798112631263628
decision_type=2 2 2 2 2 2 2 10 2 2 2 2 8 2 2 2 2 2 2 2 2 2 2 2 2 2 2 2 2 2
left_child=1 2 3 4 5 -1 14 -8 -5 -4 15 12 -12 17 -7 16 -11 -9 20 -20 21 23 -23 24 -15 26 29 -25 -29 -26
right_child=-2 -3 9 8 -6 6 7 13 -10 10 11 -13 -14 18 -16 -17 -18 -19 19 -21 -22 22 -24 27 25 -27 -28 28 -30 -31
leaf_value=-0.00011697184410924831 0.00015708416456906702 0.00069492477340823413 -0.00024148003033250514 -8.421310400459701e-05 -9.2309881147118012e-05 0.00044695498100086025 0.00075301432214118491 0.00014676868096156345 0.00056126819789711489 0.00082892956547823016 0.00086494358225294883 -4.9918874020485319e-05 0.00017525879365436729 1.5460171899680011e-05 6.1669989431747331e-05 -1.078105493750865e-05 -7.0661289209240942e-06 -5.6068089517002195e-05 0.00010795242626045895 0.00059311762252164057 -9.4760767270553767e-05 0.00073114226476979566 -1.6368712576802387e-05 -0.00043577641595010332 0.0002211759212002213 -1.7521165471359229e-06 0.00039247488642608615 0.00056598827716280466 -1.5173966506609655e-05 0.00089032516956292357
leaf_weight=1941 2204 436 984 15721 5196 176 126 211 72 188 141 584 147 1229 192 21758 323 2847 129 43 863 130 49 350 40 172 182 44 56 83
leaf_count=1941 2204 436 984 15721 5196 176 126 211 72 188 141 584 147 1229 192 21758 323 2847 129 43 863 130 49 350 40 172 182 44 56 83
internal_value=-0.000347688 -0.000416538 -0.000448989 -0.000725581 -0.000223701 0.000364999 0.000836462 0.000584375 -0.00117236 -0.000106737 -8.85993e-06 0.00291284 0.0101042 0.000437149 0.00532609 -0.000123267 0.00292563 -0.000519949 0.00130564 0.00633721 0.00103502 0.00183083 0.00980447 0.00116883 0.00197538 0.00663522 0.0104098 -0.00188889 0.005 0.0177642
internal_weight=56617 54413 53977 29852 14059 8863 6922 6554 15793 24125 23141 872 288 6428 368 22269 511 3058 3370 172 3198 2335 179 2156 1706 477 305 450 100 123
internal_count=56617 54413 53977 29852 14059 8863 6922 6554 15793 24125 23141 872 288 6428 368 22269 511 3058 3370 172 3198 2335 179 2156 1706 477 305 450 100 123
is_linear=0
shrinkage=0.05


Tree=57
num_leaves=31
num_cat=0
split_feature=5 9 16 11 6 11 6 13 10 10 15 13 13 1 11 6 13 16 15 11 16 3 15 16 9 5 15 10 13 7
split_gain=3.20159 2.25248 2.39174 2.06012 1.87242 1.79739 5.23321 1.82292 2.61012 1.731 1.53714 2.13979 2.06674 2.16585 1.50885 1.49275 1.46035 1.3645 1.65873 1.34013 1.29478 1.27671 2.88958 1.21659 1.18894 1.32844 1.16621 2.98339 3.82287 2.34417
threshold=0.022617851861797985 -0.043752381342950446 0.0083304878034657932 0.057592534540540592 1.0820231737550456 -0.0042559755894635001 -0.17717653224209226 19.295000076293949 0.0180492430338598 0.025743646111632715 -0.00034442118372368652 13.59500026702881 18.214999198913578 0.0028627978724508067 0.048369851131751858 -1.2855299637101283 14.765000343322756 -0.0018545839629355851 -0.0085972411238394702 0.047360860375368914 0.012449373405843624 0.039747139714500286 -0.0022212802605170441 0.029726201044593562 0.059496937357031106 0.01336037736957405 0.0056656544913822335 0.0031820809505899166 19.295000076293949 0.0045299547634162227
decision_type=2 8 2 2 2 2 2 2 2 2 2 2 2 2 2 2 2 2 2 2 2 2 2 2 10 2 2 2 2 2
left_child=1 2 -1 21 9 6 -4 8 10 14 11 -7 -13 -14 15 -3 17 -6 -19 26 -9 -2 -23 -20 -21 -26 -17 28 29 -28
right_child=3 4 5 -5 16 7 -8 20 -10 -11 -12 12 13 -15 -16 19 -18 18 23 24 -22 22 -24 -25 25 -27 27 -29 -30 -31
leaf_value=-2.2426045541793832e-05 0.0001033670240734877 -0.00011496113250188472 0.0015858058681926226 -0.00037795083312603794 -0.00026377438544594208 0.00070387453986489232 -3.0278387984387294e-05 0.00023663662487880802 0.00038879240118979943 0.00019289534873581963 5.2546353867087354e-05 2.9111552220297874e-05 0.00057718030048267254 -1.7417126832982291e-05 -0.00033755577752406322 -5.0306736025947393e-05 7.6654518587120364e-05 0.00093427533588414475 6.356671165548928e-05 -0.00010031797594878425 -0.00022194417885464869 0.0019742898097754877 0.00016009351203575355 -0.00032638586865383679 0.0003468407709188458 0.00012001544543825427 0.00024065511057542994 -4.1443743367198671e-05 -0.00019829767927841892 7.5908042547032499e-05
leaf_weight=4468 5187 1712 53 180 596 43 87 47 66 70 1485 284 59 44 368 25377 4257 40 984 51 294 45 132 324 54 43 529 8054 378 1125
leaf_count=4468 5187 1712 53 180 596 43 87 47 66 70 1485 284 59 44 368 25377 4257 40 984 51 294 45 132 324 54 43 529 8054 378 1125
internal_value=-0.000323908 -0.000448205 0.000389609 0.000817098 -0.000580275 0.00164094 0.00714286 0.00130922 0.00189046 -0.000712509 0.00155352 0.00418605 0.00301033 0.00907767 -0.000727098 -0.000695685 0.000224963 -0.000910495 -2.96748e-05 -0.000626353 -0.00206745 0.00099366 0.00516949 -0.000336393 0.00412162 0.00737113 -0.000646168 -0.000191356 0.00152067 0.00255744
internal_weight=56436 50892 6930 5544 43962 2462 140 2322 1981 37761 1915 430 387 103 37691 37323 6201 1944 1348 35611 341 5364 177 1308 148 97 35463 10086 2032 1654
internal_count=56436 50892 6930 5544 43962 2462 140 2322 1981 37761 1915 430 387 103 37691 37323 6201 1944 1348 35611 341 5364 177 1308 148 97 35463 10086 2032 1654
is_linear=0
shrinkage=0.05


Tree=58
num_leaves=31
num_cat=0
split_feature=4 6 4 15 15 13 6 14 13 15 5 14 12 14 12 7 0 14 10 13 11 9 11 11 13 4 11 11 11 12
split_gain=2.61275 2.02664 1.72322 1.67285 4.38867 2.92065 2.28963 1.64129 4.2747 1.76843 1.46557 2.41733 1.44799 1.34867 2.33196 1.77868 2.021 2.4025 3.38019 1.34496 1.32718 1.57213 1.32017 5.00448 6.87942 1.63291 1.62772 1.8339 4.31306 4.1445
threshold=0.021869226281272507 0.52527235175191012 0.012771453665175269 -0.0023125773011111734 0.0022019405449857925 21.954999923706058 -0.90301117738248715 -0.039055332959848192 16.775000572204593 -0.0023923005513376556 0.030380818580123137 0.0037598780805861991 0.0077064466634939608 0.03406338940495391 0.01698171514572289 0.002706063338992926 0.0070410077945276548 0.043372068741787458 -0.0036395989223323984 16.954999923706058 -0.022672211523631577 0.46652212185799585 0.044463646975978717 0.041951552464954973 15.654999732971193 0.031006337421928282 0.036250382984596159 0.03197650803521624 0.032599059043066377 0.060791249063014259
decision_type=2 2 2 2 2 2 2 2 2 2 2 2 2 2 2 2 2 2 2 2 2 10 2 2 2 2 2 2 2 2
left_child=2 22 -1 7 5 13 -6 8 12 -9 -3 -12 -4 -5 15 -15 17 -17 -19 -11 -13 -22 23 26 -25 -26 27 -2 29 -29
right_child=1 10 3 4 6 -7 -8 9 -10 19 11 20 -14 14 -16 16 -18 18 -20 -21 21 -23 -24 24 25 -27 -28 28 -30 -31
leaf_value=-0.00014745958675699519 -1.2628610747258984e-05 5.653790909984219e-05 -0.00026372331000064044 -0.00017301753095893375 -0.00012390589729581285 0.00020184402000789238 -4.5279953661942078e-07 -1.3507199496728569e-05 -0.00019466811601333463 2.0471064550740737e-05 1.5926497814243349e-05 0.0010261751087985282 0.00023282630550610983 -7.7477626197380248e-05 -0.00015191416949960045 0.00026973924527969636 -0.00015116592437270545 0.00020895135406504966 -0.00049703479000707282 0.00062270546851331114 0.00023914754926436592 0.0019074900831751772 -0.00019093924455963453 -0.00062257187649491282 0.00054230848174993218 0.0011775110564593771 -0.00032588001468648284 4.2472132052744142e-05 1.8960636395324901e-05 0.00096790276436964817
leaf_weight=1356 19675 6606 55 4335 1570 87 9858 8874 196 138 207 47 284 128 700 40 45 74 59 56 94 40 956 54 49 42 471 51 399 52
leaf_count=1356 19675 6606 55 4335 1570 87 9858 8874 196 138 207 47 284 128 700 40 45 74 59 56 94 40 956 54 49 42 471 51 399 52
internal_value=-0.000298422 3.60076e-05 -0.000643512 -0.00055455 -0.000854049 -0.00201902 -0.000296641 -2.75967e-05 0.00266355 -0.000186371 0.000776379 0.00376289 0.00606195 -0.00216596 -0.000554494 0.00280347 0.00555046 0.00800578 0.00477443 0.00453608 0.00798342 0.00544776 -0.000202079 -0.000118551 0.00913793 0.0175275 -0.000183554 -0.000115727 0.00286852 0.0119903
internal_weight=56598 28743 27855 26499 16896 5468 11428 9603 535 9068 6994 388 339 5381 1046 346 218 173 133 194 181 134 21749 20793 145 91 20648 20177 502 103
internal_count=56598 28743 27855 26499 16896 5468 11428 9603 535 9068 6994 388 339 5381 1046 346 218 173 133 194 181 134 21749 20793 145 91 20648 20177 502 103
is_linear=0
shrinkage=0.05


Tree=59
num_leaves=31
num_cat=0
split_feature=6 5 12 14 14 16 16 14 0 15 15 6 9 13 13 15 9 2 15 0 16 15 15 15 16 7 16 13 16 8
split_gain=2.45528 2.39924 2.29154 1.92589 2.10515 2.37085 2.22092 1.54653 2.10804 1.54447 2.21344 2.23529 1.72561 1.70709 4.57237 1.81703 1.68889 1.59727 1.53084 3.0792 1.46071 2.47609 1.64417 3.54861 3.29091 4.30675 2.66042 2.52451 2.46723 2.29053
threshold=-0.82615296476165423 0.036250261281930075 -0.075828258528587975 0.039671535485110161 0.068214198873392098 -0.0025738081315417878 -0.0065520206459375721 0.041854253665611248 -0.0092172888064881425 -0.021715662476849636 -0.018730415616232173 0.59650752437714194 -0.047280263335221721 25.505000114440922 26.85000038146973 -0.016247700741756629 0.19298919003724171 -0.075587642672563668 -0.016247700741756629 -0.010834601547202836 0.03550393863668045 -0.0048236010043711799 0.0069209055601037192 0.0076346840588322759 0.023753078403781939 0.027862550345154728 0.013606511311507698 25.19999980926514 0.010397470363401553 -0.033750259961199673
decision_type=2 2 2 2 2 2 2 2 2 2 2 2 8 2 2 2 8 2 2 2 2 2 2 2 2 2 2 2 2 10
left_child=3 9 -3 -1 5 6 -5 8 -7 -2 11 -11 18 15 16 -14 17 -15 19 -12 22 -22 29 24 26 -26 28 -25 -24 -17
right_child=1 2 -4 4 -6 7 -8 -9 -10 10 12 -13 13 14 -16 20 -18 -19 -20 -21 21 -23 23 27 25 -27 -28 -29 -30 -31
leaf_value=-9.2705274766897129e-05 -0.00019286913919324577 0.0018348284114757857 0.00047622244769025303 0.00023947846875292959 -8.0998721766139287e-05 -9.1486422175346166e-05 0.00088822562336643082 -7.7540189347705449e-05 0.00042556407135922801 5.8383887688007187e-05 -1.4653269333539702e-05 0.00087607549117660376 -0.00032620951867798245 0.00040332973749716876 -3.2753979905261964e-05 -0.00011179010725664847 0.00011850674360810354 0.00039689001430823862 3.2577326730208749e-05 0.0011284127273690787 0.00019001557916567877 -0.00016057106289382077 9.4804018071639707e-05 -6.192121779289182e-06 8.2003893424901478e-05 0.00065439673645945246 -0.00012055542263433566 0.00024859874210932537 0.00054494522655461417 -1.1575627097527418e-05
leaf_weight=7884 979 42 691 211 989 48 44 443 44 306 63 150 442 50 546 4971 152 96 6105 40 190 2124 525 7593 127 133 310 40 86 21129
leaf_count=7884 979 42 691 211 989 48 44 443 44 306 63 150 442 50 546 4971 152 96 6105 40 190 2124 525 7593 127 133 310 40 86 21129
internal_value=-0.00027965 -0.000130093 0.00270805 -0.00100538 0.000480606 0.00240506 0.00637255 0.000514017 0.00641304 -0.000175164 -0.000132588 0.00333333 -0.000167927 -0.000292622 0.00193128 -0.000342449 0.00691275 0.0107534 0.000605669 0.00665048 -0.000304611 -0.00152118 -0.00022398 0.000366461 0.00291702 0.00788461 0.00151466 -2.81684e-05 0.0034288 -0.000423373
internal_weight=56553 46890 733 9663 1779 790 255 535 92 46157 45178 456 44722 38514 844 37670 298 146 6208 103 37228 2314 34914 8814 1181 260 921 7633 611 26100
internal_count=56553 46890 733 9663 1779 790 255 535 92 46157 45178 456 44722 38514 844 37670 298 146 6208 103 37228 2314 34914 8814 1181 260 921 7633 611 26100
is_linear=0
shrinkage=0.05


Tree=60
num_leaves=31
num_cat=0
split_feature=4 13 11 15 15 13 14 14 14 13 13 12 15 10 10 14 13 11 12 12 15 15 11 10 14 6 15 6 9 1
split_gain=2.55462 2.20161 2.13765 2.81821 3.78188 2.12633 4.21391 10.3365 2.53317 2.22927 2.34899 2.14585 2.10968 2.31434 4.07482 3.79774 3.06221 2.03384 5.84952 2.48667 2.15748 3.18598 2.13874 4.04391 2.02919 5.7569 1.90365 1.87878 2.05079 1.77655
threshold=0.023948489235512484 18.510000228881839 -0.0069171580210211072 0.016193130479605914 0.016734821577835127 17.615000724792484 -0.012869754487188577 -0.011729089558044635 -0.067583665573298909 17.795000076293949 18.444999694824222 -0.0033751485842052893 0.0062516135765524625 0.0099108597244759195 0.0091384647102960032 -0.048915299030690522 17.369999885559086 -0.0025925478918460416 0.075051018880184076 0.0011335726897910849 0.0091041689469210114 0.0089769984510322826 -0.01680301263819178 0.025743646111632715 0.15436855290822041 -0.44912557586852497 -0.0091754288420822765 -1.086135300295566 -0.021947777728856862 -0.010853154696233767
decision_type=2 2 2 2 2 2 2 2 2 2 2 2 2 2 2 2 2 2 2 2 2 2 2 2 2 2 2 2 8 2
left_child=2 5 3 -1 -5 12 8 -8 11 -9 26 -7 -2 14 16 -16 -14 18 19 22 21 -19 -3 -24 27 -26 -11 -4 -29 -21
right_child=1 17 24 4 -6 6 7 9 -10 10 -12 -13 13 -15 15 -17 -18 20 -20 29 -22 -23 23 -25 25 -27 -28 28 -30 -31
leaf_value=3.9366640543597642e-07 -1.9042384514222029e-05 1.4925303094523435e-05 -0.00012241532120763112 0.0018540732463818614 5.862339141750065e-05 -0.00027229333110007612 0.00099188097035536062 0.00073235607015878967 -0.00025863292220184691 0.0003336147238702208 0.00068998413048641403 0.00041746390512256899 0.00013619217820895238 -2.0222590069528555e-05 0.0012455943978742794 0.0002659648443871979 0.001150531200824464 -7.4261624563580513e-05 0.0015098830566250519 3.9116614123087463e-05 -0.0003221138804147447 0.00041871232986612347 -0.00021744043724156929 0.00024808430810743559 0.00049964506912129826 -7.7298643605974455e-05 -7.8283020261353219e-05 2.5751859852054664e-05 -5.7958184102345981e-05 0.00050834232205193683
leaf_weight=7300 7782 2984 2295 50 137 129 50 264 541 352 66 195 1780 1214 72 56 54 2853 77 542 1063 76 1593 55 40 124 614 3178 20742 396
leaf_count=7300 7782 2984 2295 50 137 129 50 264 541 352 66 195 1780 1214 72 56 54 2853 77 542 1063 76 1593 55 40 124 614 3178 20742 396
internal_value=-0.000301198 0.000107856 -0.000576686 0.000168958 0.00622995 0.000528133 0.00194256 0.00369242 -0.000780348 0.00283179 0.00178294 0.00271605 0.000242744 0.00132871 0.00239042 0.0110156 0.00178844 -0.000466336 0.000144323 -4.48845e-05 -0.00133016 -0.000629909 -0.000520295 -0.00196602 -0.000788318 0.0047561 0.00115942 -0.000823003 -0.000691891 0.00230277
internal_weight=56674 22808 33866 7487 187 13169 2211 1346 865 1296 1032 324 10958 3176 1962 128 1834 9639 5647 5570 3992 2929 4632 1648 26379 164 966 26215 23920 938
internal_count=56674 22808 33866 7487 187 13169 2211 1346 865 1296 1032 324 10958 3176 1962 128 1834 9639 5647 5570 3992 2929 4632 1648 26379 164 966 26215 23920 938
is_linear=0
shrinkage=0.05


Tree=61
num_leaves=31
num_cat=0
split_feature=11 5 16 12 4 16 5 12 11 1 0 16 8 14 14 10 12 15 14 15 15 8 11 11 9 11 0 14 15 9
split_gain=2.05626 2.16526 2.04781 7.37723 2.41856 2.11886 1.83226 2.09102 2.09475 1.74094 1.73317 1.75063 1.5777 1.80993 2.85074 2.86909 3.08418 2.40069 2.05161 1.95405 1.7922 2.63379 1.75923 4.65667 3.9208 1.75185 1.60908 1.54431 4.18881 2.78903
threshold=0.050492728349193612 0.0089514909865790054 0.047257929619919044 -0.001873391702030158 0.031006337421928282 0.03550393863668045 0.022617851861797985 -0.017626677985756452 -0.01680301263819178 0.044294760148460684 -0.011773197794289257 -0.020899886147771881 -0.06394840793716787 -1.0000000180025095e-35 0.005094684764536229 0.0088263757382542902 0.065716784169568623 0.00016243419886563529 -0.0035273854570452286 -0.0012067177688491191 0.011722306013954078 -0.11679009761581159 0.029571955445533264 0.027231962502118127 0.014585455187593689 0.016655619585763119 0.016279776705170449 -0.0052640766517011986 0.0039261490854015655 -0.15318649461908915
decision_type=2 2 2 2 2 2 2 2 2 2 2 2 10 2 2 2 2 2 2 2 2 10 2 2 8 2 2 2 2 10
left_child=1 -1 5 4 9 6 12 -8 10 -4 11 -9 20 18 17 22 26 19 27 -15 -3 -22 23 -16 -25 -23 -17 -14 29 -29
right_child=-2 2 3 -5 -6 -7 7 8 -10 -11 -12 -13 13 14 15 16 -18 -19 -20 -21 21 25 -24 24 -26 -27 -28 28 -30 -31
leaf_value=-8.8221948879768915e-05 -0.00028044232613520028 -8.2723300104431215e-05 0.00013081533800644884 3.0322990176573237e-06 0.0020077265419481674 -0.00019472588204773583 -7.4139234788235569e-05 0.00044383270045169536 0.00015322869666891975 0.00067455617698090832 0.00036263096536520646 0.0016798092260237242 -2.9860358492090806e-05 0.00020659455471223746 -6.5685771941496616e-07 0.00028902073677514417 -0.00026439896121029061 -1.9231222904683195e-05 -0.00018818043640942133 0.0010179000179408771 0.00027485015286677592 -0.00010310733520410921 -0.00019530480483825787 0.0011822656259105329 0.00029744629758458413 0.00069718505902653433 0.00089739412066101453 0.00032654424101540317 0.00041303414023852219 -0.0001817047136775419
leaf_weight=3777 639 6041 46 678 41 1923 1629 66 2971 50 153 52 18840 683 15366 118 59 486 1229 54 119 284 463 46 96 42 48 151 165 387
leaf_count=3777 639 6041 46 678 41 1923 1629 66 2971 50 153 52 18840 683 15366 118 59 486 1229 54 119 284 463 46 96 42 48 151 165 387
internal_value=-0.000301754 -0.000269609 -0.000186093 0.00230061 0.0128832 -0.000225468 -0.000162268 0.00075857 0.0014929 0.00854167 0.00570111 0.0102542 -0.000262664 -0.000140217 0.000235661 5.98901e-05 0.00566667 0.00256337 -0.000455422 0.00436228 -0.000983658 0.00207865 -1.90983e-05 7.15748e-05 0.00908451 -0.0002454 0.00915663 -0.00033081 0.00197013 -0.000167287
internal_weight=56702 56063 52286 815 137 51471 49548 4871 3242 96 271 118 44677 38191 17419 16196 225 1223 20772 737 6486 445 15971 15508 142 326 166 19543 703 538
internal_count=56702 56063 52286 815 137 51471 49548 4871 3242 96 271 118 44677 38191 17419 16196 225 1223 20772 737 6486 445 15971 15508 142 326 166 19543 703 538
is_linear=0
shrinkage=0.05


Tree=62
num_leaves=31
num_cat=0
split_feature=5 4 15 16 15 13 4 12 12 9 13 11 16 16 13 15 13 11 12 13 11 7 12 16 13 13 14 13 9 4
split_gain=2.11381 1.6053 1.55541 2.37623 1.8659 3.85525 2.80927 2.1046 7.8773 3.78478 2.25465 1.92796 3.32299 5.0113 4.10863 3.47613 2.70644 3.63459 3.44853 2.61213 2.56249 2.4577 2.41355 1.97479 1.76702 2.12318 1.76525 1.76326 1.74197 1.65977
threshold=0.015397779512295403 0.012540736413595681 -0.0054270747244281594 0.020722765648537259 0.0022588811963102366 20.714999198913578 0.014685050328734522 0.04854639636196257 0.04780913250788877 -0.036941507841917069 12.434999942779543 0.013609022082518242 0.002805310396269634 0.0038767855976370451 17.154999732971195 0.0023548092494805055 13.194999694824221 0.0087021572317970159 0.028448808963007281 14.870000362396242 0.01199540999330473 0.032590360337018683 0.025371468948423018 -0.0026393722611759425 13.444999694824221 18.105000495910648 -0.017413311949199203 13.050000190734865 0.099186512290246789 0.020037938702758808
decision_type=2 2 2 2 2 2 2 2 2 8 2 2 2 2 2 2 2 2 2 2 2 2 2 2 2 2 2 2 10 2
left_child=1 -1 3 -3 5 -4 -7 8 11 -10 -9 12 15 14 -14 -6 17 27 19 -18 22 -19 -21 -17 -13 29 -5 -15 -24 -26
right_child=-2 2 4 26 7 6 -8 10 9 -11 -12 24 13 16 -16 23 18 21 -20 20 -22 -23 28 -25 25 -27 -28 -29 -30 -31
leaf_value=-0.00015330548387681639 8.1916662940250499e-06 -3.4130840188561155e-06 -8.3279127627957912e-05 0.00019182538588148281 0.00040127894105517891 0.00082757430873156622 9.1490153844899026e-05 0.00045953757658233498 0.00091744016500013123 0.0003349196726980755 -0.00017327176010423846 -0.00025548393006008687 0.00015467183375906515 -0.00023056949989752986 0.0016066030997684705 -3.4137484318168275e-05 -0.00017256307855087217 0.00043544375036897462 -0.00013177218007191717 3.1919810864801977e-05 0.00031617942300928953 0.00052777500661609392 3.7901338094845796e-05 -0.00026427437196126571 -6.6866733591964606e-05 -0.00020863235275890696 7.4259552062188602e-05 0.00057867812997953712 0.00044051981262163264 6.7254733258195458e-05
leaf_weight=1117 19568 7808 11901 103 59 47 734 99 40 391 1983 676 273 155 109 2808 319 136 1664 1606 261 59 43 1027 1494 533 282 107 48 1201
leaf_count=1117 19568 7808 11901 103 59 47 734 99 40 391 1983 676 273 155 109 2808 319 136 1664 1606 261 59 43 1027 1494 533 282 107 48 1201
internal_value=-0.000315177 -0.00053704 -0.000479065 0.000126326 -0.000657654 -0.00110472 0.00229833 -0.000281957 -4.57388e-05 0.00660093 -0.00175793 -0.000273495 0.000141802 0.0010251 0.00651832 -0.000942477 0.000547975 0.00419037 0.000125601 0.00138999 0.00207354 0.00935897 0.00136417 -0.00112777 -0.00119621 -0.000709419 0.00396104 0.00034351 0.00928571 -0.000139148
internal_weight=56651 37083 35966 8193 27773 12682 781 15091 13009 431 2082 12578 8674 4780 382 3894 4398 457 3941 2277 1958 195 1697 3835 3904 3228 385 262 91 2695
internal_count=56651 37083 35966 8193 27773 12682 781 15091 13009 431 2082 12578 8674 4780 382 3894 4398 457 3941 2277 1958 195 1697 3835 3904 3228 385 262 91 2695
is_linear=0
shrinkage=0.05


Tree=63
num_leaves=31
num_cat=0
split_feature=9 6 14 10 15 11 15 4 1 5 11 9 11 10 10 9 15 15 0 9 15 15 10 10 14 0 7 11 1 14
split_gain=2.24246 2.14667 1.68883 3.14458 3.03683 1.90093 1.78668 2.01061 1.66427 1.58353 1.39903 3.70505 4.08752 2.96164 2.31159 2.64826 2.04623 2.04965 2.00197 1.94009 1.61124 2.35059 2.75793 1.64774 3.47852 1.78823 1.81539 1.54941 1.52936 1.45329
threshold=0.70160561730524984 -0.81763871645633834 0.038811658900465458 -0.0080075928939195556 0.0013534232188116004 0.010411831074112256 -0.00050719428237933062 0.022106573857194139 0.031962696530739139 0.0089514909865790054 -0.01680301263819178 0.21640477495878788 -0.019307177891106305 0.0040309091899630731 0.025743646111632715 0.077637636955137826 -0.021715662476849636 -0.018730415616232173 -0.029520938061958431 -0.049196942171529694 -0.0017426777685068948 -0.0054270747244281594 -0.0072745110629502388 -0.013327781970057238 0.13518549268873961 0.0020614347441769714 -0.029341408332423709 -0.015679772659318188 0.00065151144652642057 -0.038140088306099655
decision_type=10 2 2 2 2 2 2 2 2 2 2 10 2 2 2 10 2 2 2 8 2 2 2 2 2 2 2 2 2 2
left_child=1 2 -1 -4 5 6 7 -5 -7 -3 11 13 18 16 19 -16 -11 -18 -13 -12 21 22 23 24 25 26 -19 -21 -15 -22
right_child=-2 9 3 4 -6 8 -8 -9 -10 10 14 12 -14 28 15 -17 17 20 -20 27 29 -23 -24 -25 -26 -27 -28 -29 -30 -31
leaf_value=-8.2677151800527262e-05 0.00054847635234745145 -8.0825921876537591e-05 -0.000153829596096759 6.6765655750644718e-05 -0.00020509813001043497 -0.00017924548669644489 0.00075828750125617433 0.00068423323025352514 0.00044119226062307398 -0.00012776890187890058 5.3968349865878119e-05 0.00086192641720811078 0.00095177082483367543 -0.00028082424478634196 0.00011012359683141746 0.00036310218330540934 0.00056836690579197544 0.00029341702796459594 6.6267033588303519e-05 -0.00029625259130389197 0.00018422231339908592 -0.00010868432682291828 0.00024432233600366467 -0.00013589361031550578 -0.00018600874522624406 0.00063011706728367714 -2.3776328390438232e-05 -2.0049965447985355e-05 9.6779628580350723e-05 0.00014540747665218469
leaf_weight=8016 356 3189 803 345 260 167 60 191 40 628 4988 55 81 852 96 41 231 408 249 342 151 954 345 668 361 100 196 31429 206 831
leaf_count=8016 356 3189 803 345 260 167 60 191 40 628 4988 55 81 852 96 41 231 408 249 342 151 954 345 668 361 100 196 31429 206 831
internal_value=-0.000247975 -0.000272997 -0.000942118 0.000412646 0.00219661 0.00371731 0.00515101 0.00423507 -0.000410629 -0.000130494 -5.11444e-05 0.000636478 0.00538961 0.000327937 -0.000168854 0.00631387 0.000848552 0.00124264 0.00273026 -0.000193015 0.000979072 0.00040897 0.00135226 0.000539526 0.00176056 0.00380682 0.00278146 -0.000336944 -0.00206994 0.00273931
internal_weight=56639 56283 9882 1866 1063 803 596 536 207 46401 43212 6316 385 5931 36896 137 4873 4245 304 36759 4014 3032 2078 1733 1065 704 604 31771 1058 982
internal_count=56639 56283 9882 1866 1063 803 596 536 207 46401 43212 6316 385 5931 36896 137 4873 4245 304 36759 4014 3032 2078 1733 1065 704 604 31771 1058 982
is_linear=0
shrinkage=0.05


Tree=64
num_leaves=31
num_cat=0
split_feature=14 15 14 4 3 15 12 12 13 14 14 10 4 13 12 14 12 15 11 3 13 16 15 10 15 14 16 13 1 9
split_gain=2.38973 2.83224 2.26839 2.15809 2.05814 1.91752 1.97302 1.8841 10.568 3.77315 2.74672 2.03172 1.95305 1.94836 2.79591 4.73007 2.77373 3.65381 3.21791 2.85182 2.49648 2.35061 2.23796 2.22135 4.98132 3.70218 2.75658 2.44711 2.41871 2.50269
threshold=-1.0000000180025095e-35 -0.016247700741756629 -0.0035273854570452286 0.051597255623565784 0.031682420428001408 -0.021715662476849636 0.097353884534883486 0.075051018880184076 18.904999732971195 -0.042564517769286651 -0.081825770158787711 -0.0046973619314177864 0.032078082705570492 17.164999961853031 -0.0042212478114914123 -0.06426442822534599 0.013329890655183642 0.017935287468797249 0.041951552464954973 -0.0015535721546435231 17.154999732971195 0.047257929619919044 0.010307991470511759 0.0012069827106450106 0.0022588811963102366 -0.048915299030690522 0.024165924392452801 15.295000076293947 -0.031520290353800433 0.70160561730524984
decision_type=2 2 2 2 2 2 2 2 2 2 2 2 2 2 2 2 2 2 2 2 2 2 2 2 2 2 2 2 2 8
left_child=1 -1 7 5 -5 -2 -7 11 9 10 12 -3 -9 14 15 -13 17 -16 19 23 22 -17 -21 24 26 28 -18 -26 -25 -30
right_child=3 2 -4 4 -6 6 -8 8 -10 -11 -12 13 -14 -15 16 21 18 -19 -20 20 -22 -23 -24 25 27 -27 -28 -29 29 -31
leaf_value=0.00059015518997116519 -0.00016382394216239899 -0.00022972498249863513 -0.00018196539683574436 0.00033807938355669181 0.0011447144161157274 6.7102239866241584e-06 -0.00048859870651454514 -0.00042600716743433701 0.0012371779066433245 -0.00017923183834849953 0.00065577312261593228 0.00026200503039288569 0.00049063650479530465 -7.5703327867622202e-05 -0.00020001630382881488 -3.6062944164283785e-05 2.7063746676663263e-05 0.00026786954544055498 0.00035076943275158095 -6.5403347954439293e-05 0.00095009341640651707 0.00049874712948872629 5.9306187759868794e-05 0.00066791588917929339 0.00033023715558714125 -9.8798098677321236e-05 0.00027967579161935601 0.0014180239585291519 -4.1083087250778469e-06 0.00049460914334453667
leaf_weight=74 963 491 1699 724 44 23226 327 93 206 886 137 557 40 11137 2491 1147 808 142 214 7351 63 68 1723 74 146 1333 108 48 225 70
leaf_count=74 963 491 1699 724 44 23226 327 93 206 886 137 557 40 11137 2491 1147 808 142 214 7351 63 68 1723 74 146 1333 108 48 225 70
internal_value=-0.000289235 -0.000581055 -0.000604186 7.23766e-05 0.00268229 -9.38282e-06 8.00311e-05 -0.000502065 0.00131424 -0.000544984 0.00462963 -0.000589801 -0.000488723 -0.000533298 -0.000189523 0.00168736 -0.000414302 -0.00188568 -9.57835e-05 -0.000204621 -0.000633141 -6.17296e-05 -0.000702007 0.00118777 0.00292793 5.28778e-05 0.00138646 0.0102062 0.00448509 0.00245763
internal_weight=56615 31331 31257 25284 768 24516 23553 29558 1362 1156 270 28196 133 27705 16568 1772 14796 2633 12163 11949 9137 1215 9074 2812 1110 1702 916 194 369 295
internal_count=56615 31331 31257 25284 768 24516 23553 29558 1362 1156 270 28196 133 27705 16568 1772 14796 2633 12163 11949 9137 1215 9074 2812 1110 1702 916 194 369 295
is_linear=0
shrinkage=0.05


Tree=65
num_leaves=31
num_cat=0
split_feature=8 13 3 10 9 14 11 14 14 10 13 14 8 14 16 14 13 13 10 10 10 13 13 12 12 10 10 4 13 16
split_gain=2.15387 2.52747 2.34873 2.34225 3.08421 2.46335 2.27812 2.08422 2.19885 2.15434 2.84493 2.05684 1.84808 1.83237 2.98122 2.49098 1.96449 7.58489 6.64589 3.54084 3.04066 4.81335 2.2554 3.81542 7.44728 4.63085 2.89171 2.86731 3.11714 2.48194
threshold=inf 18.214999198913578 0.0095532981931004696 0.025743646111632715 0.068400255378516586 -0.073802250117532039 -0.015679772659318188 -1.0000000180025095e-35 -0.0035273854570452286 0.013206622940740933 12.494999885559084 -0.071225645536492452 -0.13247912607217757 0.005094684764536229 0.030338555059054143 0.0066946732173895915 16.550000190734867 16.614999771118168 -0.0019499726080666744 0.00090086479202544656 0.0028970765900091515 13.13000011444092 18.510000228881839 -0.013469657386432075 0.0061045845958173093 -0.00090813220521157579 0.0047561334202744785 0.039874305779988482 17.945000648498539 -0.017484700389287008
decision_type=8 2 2 2 10 2 2 2 2 2 2 2 10 2 2 2 2 2 2 2 2 2 2 2 2 2 2 2 2 2
left_child=2 -2 7 5 -5 -4 12 8 -1 10 -9 -8 -7 14 -12 -15 19 18 -18 -17 21 -21 23 -19 25 27 29 28 -25 -26
right_child=1 -3 3 4 -6 6 11 9 -10 -11 13 -13 -14 15 -16 16 17 22 -20 20 -22 -23 -24 24 26 -27 -28 -29 -30 -31
leaf_value=-3.1734253228711144e-05 0.00047810944643521041 -0.00018190477612678031 -8.4632064466073551e-05 8.8963135070155454e-05 0.00034663224188788769 0.00083895377300806915 0.00064900087977003812 -0.00035372583340394426 -0.00017339848855427007 0.0005722477193196594 0.00017895267831898238 3.7901051234614507e-05 0.00018730265938164426 -0.00020077654832244027 -0.00016176399434004806 -8.646572412143723e-05 0.00076939798457212392 -0.00013754132300617482 5.925200071868808e-06 0.00046723322883757026 -1.4745542296209649e-05 0.00010146071725419201 -1.3878941061772289e-05 4.946746483153699e-05 0.0002682982385732139 0.00085325850916379692 0.00087540555505672985 0.0014147958989767803 0.00040574879940982538 -3.0612338993387876e-06
leaf_weight=24695 109 1893 1252 113 43 77 81 453 1579 90 1121 3086 576 690 423 6377 137 821 120 199 1513 692 6719 425 128 75 66 59 366 2553
leaf_count=24695 109 1893 1252 113 43 77 81 453 1579 90 1121 3086 576 690 423 6377 137 821 120 199 1513 692 6719 425 128 75 66 59 366 2553
internal_value=-0.000242435 -0.00185315 -0.000183298 0.000824406 0.00685897 0.0006388 0.00126963 -0.000290158 -0.000594505 5.71057e-05 2.68114e-05 0.000715187 0.00395865 0.000105852 0.00176813 -1.67156e-05 8.39494e-05 0.000514865 0.00900778 -0.000478876 0.0011564 0.00347362 0.000320191 0.0011874 0.00187636 0.00575676 0.000569711 0.00470588 0.00391277 0.00031518
internal_weight=56531 2002 54529 5228 156 5072 3820 49301 26274 23027 22937 3167 653 22484 1544 20940 20250 11469 257 8781 2404 891 11212 4493 3672 925 2747 850 791 2681
internal_count=56531 2002 54529 5228 156 5072 3820 49301 26274 23027 22937 3167 653 22484 1544 20940 20250 11469 257 8781 2404 891 11212 4493 3672 925 2747 850 791 2681
is_linear=0
shrinkage=0.05


Tree=66
num_leaves=31
num_cat=0
split_feature=14 11 3 11 13 5 1 2 13 10 4 13 11 9 9 11 13 13 5 12 10 13 10 6 14 10 14 9 12 10
split_gain=1.91184 2.92427 3.19718 2.00618 2.16119 1.82485 1.78416 1.96305 1.73736 3.10977 2.37293 1.97396 1.73909 3.68607 2.44966 2.23043 1.6975 2.97816 1.60842 1.43637 1.42968 3.27712 2.45674 1.75185 1.48894 2.86621 2.20607 3.85895 1.65022 5.86219
threshold=0.021982133330242685 0.041951552464954973 0.00012307296616143051 0.029571955445533264 13.234999656677248 0.0097708289168674783 0.0272327204558287 0.063347407522480262 16.095000267028812 -0.0052692990008561527 0.035718135887261047 26.284999847412113 0.0074730309850676866 -0.062893191154108116 0.18605072831778116 0.0049014316460139771 17.224999427795414 18.595000267028812 0.01583145697985831 0.061776801509566666 -0.0022250853133904398 30.345000267028812 -0.0021138805299539261 -1.086135300295566 0.0071322940265206034 0.0063549452815370175 0.0091478412114857095 -0.099018670720326038 0.075051018880184076 0.00057749123294836846
decision_type=2 2 2 2 2 2 2 2 2 2 2 2 2 8 8 2 2 2 2 2 2 2 2 2 2 2 2 10 2 2
left_child=5 2 19 4 6 -1 -4 -8 -6 11 12 -10 14 -14 -11 18 -12 -18 -16 -2 21 -7 -22 -24 28 26 27 -26 -25 -30
right_child=1 -3 3 -5 8 20 7 -9 9 10 16 -13 13 -15 15 -17 17 -19 -20 -21 22 -23 23 24 25 -27 -28 -29 29 -31
leaf_value=-7.8457153036187182e-05 -1.8626213272748797e-05 0.00059162756665779984 0.0001299083832236081 -0.00024904064412660482 -5.4194833328828207e-05 -9.5161925869506449e-05 0.0004966018135459763 0.00010865359902326368 -7.9929298315919791e-06 1.6521313316251866e-06 0.00022631036330141406 0.00035374814402945208 0.00099121821106369092 0.00023247764635669517 0.0001574740493564284 -0.0004876561643653804 0.0015095187619525996 0.00070195719988178453 0.0007361041146581261 -0.00030842017105505532 0.00046790925731211787 0.0006034604564383267 -9.1762878700979824e-05 -2.1968182139657012e-05 7.686037160590217e-05 0.0009657542456833944 1.0661651082382065e-05 0.00096652161946663589 0.0013858383724086238 5.6399432391242745e-05
leaf_weight=5000 10162 63 333 353 1580 4591 66 62 2241 901 64 248 41 383 214 57 52 58 86 614 173 68 2589 23151 197 77 1779 48 49 1161
leaf_count=5000 10162 63 333 353 1580 4591 66 62 2241 901 64 248 41 383 214 57 52 58 86 614 173 68 2589 23151 197 77 1779 48 49 1161
internal_value=-0.000312695 0.000120035 8.13576e-05 0.000935598 0.00113843 -0.000508321 0.00443601 0.00945312 0.000881855 0.00139816 0.0029472 0.000243068 0.00237217 0.00514151 0.00143879 0.00494398 0.00850575 0.0122727 0.00666667 -0.000452859 -0.000376739 -0.00119017 -0.000247058 -0.000282436 -0.000160987 0.00111613 0.000755928 0.00520408 -0.000271131 0.00152892
internal_weight=56461 17578 17515 6739 6386 38883 461 128 5925 4345 1856 2489 1682 424 1258 357 174 110 300 10776 33883 4659 29224 29051 26462 2101 2024 245 24361 1210
internal_count=56461 17578 17515 6739 6386 38883 461 128 5925 4345 1856 2489 1682 424 1258 357 174 110 300 10776 33883 4659 29224 29051 26462 2101 2024 245 24361 1210
is_linear=0
shrinkage=0.05


Tree=67
num_leaves=31
num_cat=0
split_feature=13 9 13 13 16 14 3 10 10 15 14 10 9 9 15 10 15 15 10 5 1 2 12 3 12 13 8 13 16 14
split_gain=1.76361 1.86754 1.66863 4.64816 2.10806 1.92517 2.18365 1.77221 5.81233 3.73549 5.68826 2.78024 2.61821 2.3725 2.20711 1.9507 4.12745 5.46603 2.46837 1.88688 2.15928 2.51443 2.00245 1.75249 1.75167 1.60438 2.39715 1.60377 4.14723 4.33612
threshold=14.675000190734865 -0.076642940799095879 19.055000305175785 19.010000228881839 0.025179042068587124 0.065842641676127869 -0.0021426449868778281 0.010927080992059636 0.010626562990690537 0.011806722243309144 -0.10344834121785244 0.008641135349341968 0.081378313612774603 0.097771188845180226 -0.0034808211514139593 -0.0012572385131596751 -0.0074049730714610953 -0.0056388641116485996 0.0025359002095745047 0.014307460538883765 0.026319867059309002 0.032246868301455074 0.0066896408709551389 0.0049848454347074531 0.010183672155494096 15.050000190734865 0.040793799427463091 17.914999961853031 -0.0080209026986166037 -0.038140088306099655
decision_type=2 8 2 2 2 2 2 2 2 2 2 2 10 10 2 2 2 2 2 2 2 2 2 2 2 2 10 2 2 2
left_child=1 -1 3 7 -4 -6 -7 8 9 13 -11 19 -10 27 15 23 -17 18 -18 -12 21 22 -21 25 -19 26 -15 -2 29 -29
right_child=2 -3 4 -5 5 6 -8 -9 12 10 11 -13 -14 14 -16 16 17 24 -20 20 -22 -23 -24 -25 -26 -27 -28 28 -30 -31
leaf_value=0.00019790726707354743 -4.1504778137309281e-05 -5.9874498066336292e-05 -2.1938102472683685e-05 0.00047614097515452208 -0.00023173654964863991 0.00065152949599853703 -5.2465334768661902e-05 -9.2025992639775648e-05 0.00068137512403561914 0.00082710650879616392 5.7285283327989445e-05 -0.00023202821243559148 -0.00011069003238919655 0.00073213894132790225 5.7408961361933208e-06 -3.3076657899916606e-05 0.0015718486996419716 -0.000450658827923074 0.0005219482654823523 0.00096575786271330946 0.00019804560479432627 0.00058310339710912875 7.2007172972480772e-06 0.00027336528347945283 0.00025218395252673653 -2.8753995986945456e-05 3.838722043400272e-05 -0.00037003364754436587 -8.3913403568582735e-05 0.00023609393748175915
leaf_weight=656 12819 14615 12510 131 1568 56 79 2201 165 69 497 353 42 50 4850 305 78 55 83 41 143 65 71 252 321 1143 86 262 1851 1239
leaf_count=656 12819 14615 12510 131 1568 56 79 2201 165 69 497 353 42 50 4850 305 78 55 83 41 143 65 71 252 321 1143 86 262 1851 1239
internal_value=-0.000290879 -0.000750116 -0.000121422 0.000108198 -0.000560404 -0.00221081 0.00351852 6.26814e-05 0.000183171 0.000113059 0.00278854 0.00196581 0.00852657 -2.8641e-05 0.000724767 0.00197429 0.00390736 0.00654562 0.0142547 0.00356793 0.0065625 0.0102542 0.00571428 0.000911168 0.00324468 0.00016028 0.00529412 -0.000365161 0.000608591 0.00256162
internal_weight=56656 15271 41385 27172 14213 1703 135 27041 24840 24633 1239 1170 207 23394 7223 2373 842 537 161 817 320 177 112 1531 376 1279 136 16171 3352 1501
internal_count=56656 15271 41385 27172 14213 1703 135 27041 24840 24633 1239 1170 207 23394 7223 2373 842 537 161 817 320 177 112 1531 376 1279 136 16171 3352 1501
is_linear=0
shrinkage=0.05


Tree=68
num_leaves=31
num_cat=0
split_feature=4 4 6 9 10 11 12 8 1 9 11 16 10 8 12 12 11 2 11 12 11 9 12 11 16 5 2 12 1 12
split_gain=2.45302 1.64014 1.48425 1.45829 1.43155 1.42581 1.36046 1.30201 1.28701 1.23756 1.59706 1.23162 1.62691 1.22856 1.19373 2.32057 4.49374 2.22927 2.16767 1.82696 1.79367 1.77905 2.12836 1.74794 2.58304 2.81615 1.66028 1.51389 1.35729 1.33437
threshold=0.020740684625364252 0.072393705169950681 1.0820231737550456 -0.021947777728856862 0.013206622940740933 0.011634052199270497 -0.033014578786643371 -0.026633279719212474 -0.1180689429200376 0.20561019661959537 0.031328768079461174 0.022358471384598125 -0.00020808109627140634 0.11906054246682952 -0.036045899235514094 -0.031853189963288557 0.0077476262447705455 -0.068149220943813191 -0.0033635921331804926 -0.029235256213089252 -0.004414694893693615 0.61648706031592104 -0.046451976604296834 -0.01680301263819178 -0.014507225106410114 0.019765095472697423 0.055206151784763409 -0.027314401107970562 -0.0032500903364146567 -0.025840768177680992
decision_type=2 2 2 8 2 2 2 10 2 10 2 2 2 8 2 2 2 2 2 2 2 8 2 2 2 2 2 2 2 2
left_child=3 2 13 4 6 11 -1 -8 -3 -4 -11 -5 -13 14 18 16 -16 -18 20 -17 21 -2 -23 24 26 -26 27 -21 -22 -25
right_child=1 8 9 5 -6 -7 7 -9 -10 10 -12 12 -14 -15 15 19 17 -19 -20 23 28 22 -24 29 25 -27 -28 -29 -30 -31
leaf_value=0.00019514738047931324 -5.2149716404327962e-05 0.0015661763089745491 3.4370782491264626e-05 -3.3114085561483668e-05 0.00013712709918143617 -8.6894040754007738e-05 -6.408734778312421e-05 4.4529072079981171e-05 0.00025699557795811674 0.00025615704404635827 0.00059314652934091758 -0.00010667228170232462 0.00013042330054250821 -8.473187632638239e-05 1.8255646393739391e-05 -0.0003918536381054456 0.00070162580971275788 0.00035505060928486202 -0.00022385794572864811 0.0003176918447371576 0.00023146630578421538 7.7349874825777203e-06 0.00031346279439082187 0.00017810334057157272 0.00015005623078785939 0.0012888471397698791 0.00021490415007915909 -5.223699899154272e-05 -1.7398207861703071e-05 -8.86439891096083e-06
leaf_weight=127 1851 75 3834 13969 91 6832 1420 1440 367 683 53 249 348 3830 223 284 43 56 1129 111 67 162 87 381 332 74 200 1032 45 17347
leaf_count=127 1851 75 3834 13969 91 6832 1420 1440 367 683 53 249 348 3830 223 284 43 56 1129 111 67 162 87 381 332 74 200 1032 45 17347
internal_value=-0.000279512 6.81713e-06 -3.51948e-05 -0.000656971 0.000360623 -0.000803347 0.000172413 -5.24487e-05 0.00303167 0.000798686 0.00267663 -0.000523824 0.00170017 -0.000175021 -3.92771e-05 0.000106308 0.00431677 0.0131818 -0.000914398 3.76993e-05 -4.52199e-06 -0.000333335 0.00363454 9.57528e-05 0.00160377 0.00509852 0.000547281 -0.000188103 0.00616071 -5.30247e-05
internal_weight=56742 32266 31824 24476 3078 21398 2987 2860 442 4570 736 14566 597 27254 23424 20083 322 99 3341 19761 2212 2100 249 19477 1749 406 1343 1143 112 17728
internal_count=56742 32266 31824 24476 3078 21398 2987 2860 442 4570 736 14566 597 27254 23424 20083 322 99 3341 19761 2212 2100 249 19477 1749 406 1343 1143 112 17728
is_linear=0
shrinkage=0.05


Tree=69
num_leaves=31
num_cat=0
split_feature=6 7 11 16 12 1 11 8 15 12 6 15 15 14 2 14 16 3 14 9 11 10 3 8 15 16 6 0 2 11
split_gain=2.31844 1.91814 1.81294 1.57933 3.50221 2.67969 1.51909 1.56065 1.85756 1.90922 1.47709 1.45703 1.36273 1.33915 3.64694 2.76274 2.79261 1.42037 1.91256 1.33128 2.34089 1.70157 2.25248 3.13581 1.3658 2.14316 1.62894 1.29389 1.28472 1.76875
threshold=1.9524753838353508 -0.025774940117422315 0.050492728349193612 0.047257929619919044 -0.001873391702030158 0.036647361049741208 0.036250382984596159 inf 0.011722306013954078 -0.052281358654850445 -0.82615296476165423 -0.021715662476849636 -0.0023125773011111734 -0.12096344977185801 0.016955005504051605 -0.13532199000438486 -0.023739358925644768 0.0027359959820149053 -0.16769008837329388 -0.067255423330107297 0.021459782264152908 0.0024545779679250317 0.0014725789414821169 -0.017978558085110004 -0.014149651100142878 -0.016944112454655099 0.12140730864103995 0.0084376836613502277 0.014846863597762551 -0.020171834808393903
decision_type=2 2 2 2 2 2 2 8 2 2 2 2 2 2 2 2 2 2 2 8 2 2 2 10 2 2 2 2 2 2
left_child=2 -2 3 6 5 -5 7 10 9 -9 -1 -12 -3 14 15 17 -17 -13 -19 20 24 -22 23 -23 25 26 -15 -18 -26 -30
right_child=1 12 -4 4 -6 -7 -8 8 -10 -11 11 13 -14 19 -16 16 27 18 -20 -21 21 22 -24 -25 28 -27 -28 -29 29 -31
leaf_value=-5.368601709573493e-05 -7.9418801622235392e-05 0.00042564051591063927 -0.00026052818174036538 0.00011934758908872272 2.5317181583046385e-05 0.00095239403134883853 -0.00018969124282777701 0.00038555751220591865 0.00012901965059526925 -0.0001939676598687201 -0.00017982821955956607 -0.00018132349603651603 8.6577603094814914e-05 0.0010285381632076361 -0.00016666459589706128 6.4144308085671979e-05 0.00025742524736680432 0.0002150922932325776 1.7279024697742229e-05 -1.5192623199395314e-05 3.4177630724043999e-05 0.00033099972963497354 0.00028179646848784174 0.0013033766994525215 -3.1144290101292393e-05 2.8568079457197944e-05 0.00022305616449529798 0.00095949652452987581 0.00076710180646329086 0.00014237734239711477
leaf_weight=8753 1011 896 619 56 656 72 1255 53 72 1712 854 166 1837 47 498 128 76 109 192 33566 163 74 145 41 2716 199 53 66 41 592
leaf_count=8753 1011 896 619 56 656 72 1255 53 72 1712 854 166 1837 47 498 128 76 109 192 33566 163 74 145 41 2716 199 53 66 41 592
internal_value=-0.00028633 0.000916131 -0.000371315 -0.00033951 0.00188775 0.00945312 -0.00037337 -0.000330512 -0.00176102 -0.00208215 -0.000276306 -0.000146756 0.00160446 -0.000101874 0.00151822 0.00375169 0.00777778 0.00142398 0.00347176 -0.000155035 0.000698844 0.00421986 0.00673077 0.0119565 0.000290569 0.00352843 0.0095 0.0126056 1.49179e-06 0.00203001
internal_weight=56718 3744 52974 52355 784 128 51571 50316 1837 1765 48479 39726 2733 38872 1235 737 270 467 301 37637 4071 423 260 115 3648 299 100 142 3349 633
internal_count=56718 3744 52974 52355 784 128 51571 50316 1837 1765 48479 39726 2733 38872 1235 737 270 467 301 37637 4071 423 260 115 3648 299 100 142 3349 633
is_linear=0
shrinkage=0.05


Tree=70
num_leaves=31
num_cat=0
split_feature=11 4 13 11 16 11 3 13 6 16 7 5 16 10 10 9 10 5 14 14 14 13 14 8 14 8 9 13 2 16
split_gain=1.95702 1.61755 1.32263 2.41595 7.00184 5.85234 2.61357 1.7215 1.77677 1.36984 1.87021 2.02461 1.44405 1.63154 4.62158 1.77223 1.31297 1.29096 1.78183 1.63559 2.0475 1.94576 7.42809 1.91324 1.88326 1.73051 1.65407 1.65282 2.29648 1.517
threshold=0.050492728349193612 0.021651244819087527 18.510000228881839 -0.0025925478918460416 0.011310477438085 -0.004414694893693615 -0.0069012698796473418 18.394999504089359 -0.42714602149898312 0.047257929619919044 0.027862550345154728 0.015899832110461681 0.025895775855445783 0.0095301201573585476 0.01137039076296076 0.61648706031592104 -0.017312000709356064 0.028859334299183959 1.0000000180025095e-35 -0.037511825146214865 -0.017647948149660749 17.615000724792484 -0.011729089558044635 -0.0043254306163596481 -0.039689213075018263 0.33549387461030339 0.27897674770142994 14.824999809265138 -0.022398502598806543 0.026261640511164201
decision_type=2 2 2 2 2 2 2 2 2 2 2 2 2 2 2 8 2 2 2 2 2 2 2 8 2 8 8 2 2 2
left_child=1 -1 7 4 -4 6 -6 16 -9 12 11 -11 13 -5 -15 -16 -3 19 -19 24 -21 23 -23 26 25 -18 -22 -26 -29 -20
right_child=-2 2 3 9 5 -7 -8 8 -10 10 -12 -13 -14 14 15 -17 17 18 29 20 21 22 -24 -25 27 -27 -28 28 -30 -31
leaf_value=-2.8606660316839005e-05 -0.00027235031412594285 0.00085891659407673078 -9.0964132180833728e-06 -0.00011390551848161775 0.00069538780519828392 0.001845508689869875 3.2606971353282401e-05 0.000391877703225801 0.00015617342824866866 -0.00016120359230723048 -7.2798356990791302e-05 0.0006349660016655988 -0.00035461403798623422 0.00037925762541465553 0.00032279542772763252 -0.00043052689664037168 3.1727086150259516e-05 2.6985701889687677e-05 0.00066728057919109799 -0.00014247805336604658 -5.5640783226361591e-05 0.00064405661902623918 0.00010411841750162298 3.8642638684585491e-05 -0.00026589822687883336 0.000675733767790258 -0.00028424658504709838 0.00016607805787430122 0.00031153439533484085 0.0015028735052076577
leaf_weight=27177 621 43 6616 2576 40 64 130 85 158 46 160 79 1092 140 40 203 4050 620 365 2232 2427 54 1378 5179 54 71 624 125 118 40
leaf_count=27177 621 43 6616 2576 40 64 130 85 158 46 160 79 1092 140 40 203 4050 620 365 2232 2427 54 1378 5179 54 71 624 125 118 40
internal_value=-0.000276204 -0.000245241 1.57925e-05 -0.000409442 0.000175181 0.00867521 0.00382353 0.000285705 0.00446502 -0.00133303 0.00201754 0.0066 -0.00156875 -0.00099527 0.00204961 -0.00211934 0.000227272 0.000205628 0.00192683 9.74731e-05 -0.000207669 0.000107637 0.00180866 -0.000188337 0.000918967 0.000641833 -0.00118158 0.00476431 0.00652263 0.00450617
internal_weight=56607 55986 28809 11186 6850 234 170 17623 243 4336 285 125 4051 2959 383 243 17380 17337 1025 16312 11894 9662 1432 8230 4418 4121 3051 297 243 405
internal_count=56607 55986 28809 11186 6850 234 170 17623 243 4336 285 125 4051 2959 383 243 17380 17337 1025 16312 11894 9662 1432 8230 4418 4121 3051 297 243 405
is_linear=0
shrinkage=0.05


Tree=71
num_leaves=31
num_cat=0
split_feature=5 6 4 6 4 13 7 16 15 12 12 12 12 14 13 12 12 16 16 16 14 12 12 14 16 14 8 16 12 13
split_gain=1.97574 1.64672 1.27049 1.41825 1.30008 1.3284 1.18072 1.12495 1.11653 2.20498 3.76081 2.19859 3.20407 9.20142 5.78125 2.8735 2.26621 2.1399 1.91682 5.15955 3.21823 2.68036 3.00756 2.34225 5.23378 2.24455 5.1602 2.05681 2.63116 1.85163
threshold=0.0088886456097670482 -1.2339323993600779 0.055294754138084053 2.5528278947605956 0.034722311161649831 16.85000038146973 -0.015562552561244501 -0.031384118812434796 -0.0023125773011111734 0.04854639636196257 0.044338323238630302 1.0000000180025095e-35 0.0027925929369287954 0.072802606011034846 16.579999923706058 0.001711050909807055 -0.043864321053953818 -0.025601242557224176 0.0029246552186634749 0.0037267350656446934 -0.062752290881895975 -0.038043904409190692 -0.031853189963288557 0.03406338940495391 0.023481239868257012 0.041854253665611248 0.048257875723796591 -0.010354017991522189 -0.012168103513504501 12.119999885559084
decision_type=2 2 2 2 2 2 2 2 2 2 2 2 2 2 2 2 2 2 2 2 2 2 2 2 2 2 8 2 2 2
left_child=7 -2 3 8 6 -6 -5 -1 11 10 18 16 13 14 15 -13 -3 -14 27 20 -20 -21 -23 -24 25 26 -25 -10 -29 -11
right_child=1 2 -4 4 5 -7 -8 -9 9 29 -12 12 17 -15 -16 -17 -18 -19 19 21 -22 22 23 24 -26 -27 -28 28 -30 -31
leaf_value=0.00021468783802156075 -8.4986860236667384e-05 4.2067442016697613e-05 0.00020349301227714188 -9.138217574997615e-05 -0.00028327001440667671 0.00059152942648556738 0.00018662536167021878 -8.3196606858979444e-05 -1.0782953047461422e-05 0.00035357008320562527 0.00015121655196698595 0.00073566380185415567 0.00028068030422110296 -0.00014608311653128186 0.00090583391675434213 -0.00040003323335842644 -8.6392400670027886e-05 1.2468057429521892e-05 0.0022162692129606833 -0.00035954922940635282 0.00025513556027588138 0.00017959385463224646 -2.6470767388068535e-05 0.00066066683878350475 0.00033080678353411878 -9.9627593881984158e-05 -0.00015251676077500262 1.5061221132863215e-05 -0.00017714255817457438 -0.00014161090148010489
leaf_weight=64 2558 1695 1234 598 66 155 1228 3547 3811 104 1540 52 267 229 120 65 4711 10718 63 504 401 213 12068 52 421 973 61 1225 3736 4072
leaf_count=64 2558 1695 1234 598 66 155 1228 3547 3811 104 1540 52 267 229 120 65 4711 10718 63 504 401 213 12068 52 421 973 61 1225 3736 4072
internal_value=-0.000282136 -0.00020495 -0.000142115 -0.000181901 0.0011065 0.00472851 0.000668126 -0.00141374 -0.000237894 -0.000428123 -0.000250919 7.36394e-05 0.000488602 0.00454936 0.0114557 0.00354701 -0.000668125 0.000316339 -0.000407601 -5.9638e-05 0.00512931 -0.000228101 -9.71872e-05 -0.000189688 0.00166888 -0.000165747 0.00650442 -0.000992933 -0.00166398 -0.00149186
internal_weight=56551 52940 50382 49148 2047 221 1826 3611 47101 29244 25068 17857 11451 466 237 117 6406 10985 23528 14756 464 14292 13788 13575 1507 1086 113 8772 4961 4176
internal_count=56551 52940 50382 49148 2047 221 1826 3611 47101 29244 25068 17857 11451 466 237 117 6406 10985 23528 14756 464 14292 13788 13575 1507 1086 113 8772 4961 4176
is_linear=0
shrinkage=0.05


end of trees

feature_importances:
vix_level=247
vix_chg_1d=235
sector_ret_1d=232
spy_ret_5d=231
spy_ret_1d=185
spy_ret_20d=169
sector_ret_5d=166
dvol_z_20=150
atr_pct=144
parkinson_20=107
dist_ma200=94
overnight_gap=66
dist_ma50=38
ret_5d=28
ret_1d=27
dist_ma20=24
ret_20d=17

parameters:
[boosting: gbdt]
[objective: quantile]
[metric: quantile]
[tree_learner: serial]
[device_type: cpu]
[data_sample_strategy: bagging]
[data: ]
[valid: ]
[num_iterations: 120]
[learning_rate: 0.05]
[num_leaves: 31]
[num_threads: -1]
[seed: 0]
[deterministic: 0]
[force_col_wise: 1]
[force_row_wise: 0]
[histogram_pool_size: -1]
[max_depth: -1]
[min_data_in_leaf: 40]
[min_sum_hessian_in_leaf: 0.001]
[bagging_fraction: 0.85]
[pos_bagging_fraction: 1]
[neg_bagging_fraction: 1]
[bagging_freq: 1]
[bagging_seed: 3]
[bagging_by_query: 0]
[feature_fraction: 0.85]
[feature_fraction_bynode: 1]
[feature_fraction_seed: 2]
[extra_trees: 0]
[extra_seed: 6]
[early_stopping_round: 0]
[early_stopping_min_delta: 0]
[first_metric_only: 0]
[max_delta_step: 0]
[lambda_l1: 0]
[lambda_l2: 0]
[linear_lambda: 0]
[min_gain_to_split: 0]
[drop_rate: 0.1]
[max_drop: 50]
[skip_drop: 0.5]
[xgboost_dart_mode: 0]
[uniform_drop: 0]
[drop_seed: 4]
[top_rate: 0.2]
[other_rate: 0.1]
[min_data_per_group: 100]
[max_cat_threshold: 32]
[cat_l2: 10]
[cat_smooth: 10]
[max_cat_to_onehot: 4]
[top_k: 20]
[monotone_constraints: ]
[monotone_constraints_method: basic]
[monotone_penalty: 0]
[feature_contri: ]
[forcedsplits_filename: ]
[refit_decay_rate: 0.9]
[cegb_tradeoff: 1]
[cegb_penalty_split: 0]
[cegb_penalty_feature_lazy: ]
[cegb_penalty_feature_coupled: ]
[path_smooth: 0]
[interaction_constraints: ]
[verbosity: -1]
[saved_feature_importance_type: 0]
[use_quantized_grad: 0]
[num_grad_quant_bins: 4]
[quant_train_renew_leaf: 0]
[stochastic_rounding: 1]
[linear_tree: 0]
[max_bin: 255]
[max_bin_by_feature: ]
[min_data_in_bin: 3]
[bin_construct_sample_cnt: 200000]
[data_random_seed: 1]
[is_enable_sparse: 1]
[enable_bundle: 1]
[use_missing: 1]
[zero_as_missing: 0]
[feature_pre_filter: 1]
[pre_partition: 0]
[two_round: 0]
[header: 0]
[label_column: ]
[weight_column: ]
[group_column: ]
[ignore_column: ]
[categorical_feature: ]
[forcedbins_filename: ]
[precise_float_parser: 0]
[parser_config_file: ]
[objective_seed: 5]
[num_class: 1]
[is_unbalance: 0]
[scale_pos_weight: 1]
[sigmoid: 1]
[boost_from_average: 1]
[reg_sqrt: 0]
[alpha: 0.9]
[fair_c: 1]
[poisson_max_delta_step: 0.7]
[tweedie_variance_power: 1.5]
[lambdarank_truncation_level: 30]
[lambdarank_norm: 1]
[label_gain: ]
[lambdarank_position_bias_regularization: 0]
[eval_at: ]
[multi_error_top_k: 1]
[auc_mu_weights: ]
[num_machines: 1]
[local_listen_port: 12400]
[time_out: 120]
[machine_list_filename: ]
[machines: ]
[gpu_platform_id: -1]
[gpu_device_id: -1]
[gpu_device_id_list: ]
[gpu_use_dp: 0]
[num_gpu: 1]

end of parameters

pandas_categorical:[]
