tree
version=v4
num_class=1
num_tree_per_iteration=1
label_index=0
max_feature_idx=16
objective=quantile
feature_names=ret_1d ret_5d ret_20d overnight_gap atr_pct parkinson_20 dvol_z_20 dist_ma20 dist_ma50 dist_ma200 spy_ret_1d spy_ret_5d spy_ret_20d vix_level vix_chg_1d sector_ret_1d sector_ret_5d
feature_infos=[-0.29879720244424268:0.29249905872742832] [-0.30050282803698924:0.42767107118627856] [-0.3779388184325162:0.59619596153197874] [-0.20150677218560886:0.24387482645680136] [0.0085851150713365798:0.12285122871287434] [0.0055609433026195696:0.061255448775437732] [-2.9483600912428245:4.3494726850566288] [-0.29709931656882016:0.34502544946905123] [-0.38115356969659275:0.48323208839974918] [-0.45055236968576295:0.91197822818144303] [-0.058542971330535654:0.10501930183911301] [-0.11496151859245618:0.082843162776128354] [-0.1226559005192206:0.15756591020035837] [11.859999656677246:52.330001831054688] [-0.35753873962348437:0.74039073966007019] [-0.062852571542473257:0.088816390052506744] [-0.11675896877857916:0.085294626879873769]
tree_sizes=2989 3076 3045 3041 3072 3090 3077 3080 3061 3083 3085 3094 3067 3083 3074 3101 3080 3071 3038 3065 3084 3065 3093 3062 3081 3067 3088 3059 3086 3082 3068 3069 3076 3100 3091 3038 3064 3087 3060 3069 3037 3064 3108 3065 3108 3097 3094 3077 3048 3072 3077 3109 3092 3084 3057 3079 3038 3097 3081 3062 3074 3080

Tree=0
num_leaves=31
num_cat=0
split_feature=4 4 10 13 4 16 12 6 12 13 12 6 13 12 16 16 14 5 15 15 13 12 15 10 10 12 13 13 16 10
split_gain=321.826 80.9398 69.4187 52.4715 41.881 33.0304 26.1566 23.3585 22.0843 22.4823 30.6835 21.0822 19.0466 21.2553 17.9634 24.6376 18.4401 15.1245 14.2922 14.1734 14.0172 14.0419 13.4107 13.4015 15.7261 13.2019 12.4197 14.3535 12.8503 12.1756
threshold=0.02103783821449412 0.028211670339992743 -0.0037750757818245657 33.719999313354499 0.015735217939919 -0.0095684477331620648 -0.031853189963288557 0.5983044198775036 -0.075828258528587975 28.970000267028812 -0.071455509470426767 -0.28834802454689828 25.505000114440922 -0.042339723299349867 -0.009004786696278964 -0.0060284369859573408 0.047142331582309634 0.023137414577477644 0.0099882881474724367 0.010307991470511759 30.345000267028812 0.040312415369648032 -0.00418174708981811 0.020919762355870345 -0.017312000709356064 0.0094949334570126904 27.855000495910648 25.505000114440922 -0.017484700389287008 0.0015949691897426679
decision_type=2 2 2 2 2 2 2 2 2 2 2 2 2 2 2 2 2 2 2 2 2 2 2 2 2 2 2 2 2 2
left_child=2 5 14 8 18 20 -6 -7 -3 12 -11 19 13 -10 -1 -16 -17 -15 -4 22 21 26 -8 24 -14 -13 27 29 -29 -2
right_child=1 3 4 -5 6 7 11 -9 9 10 -12 25 23 17 15 16 -18 -19 -20 -21 -22 -23 -24 -25 -26 -27 -28 28 -30 -31
leaf_value=0.0092484766151756052 0.009285028604790569 0.01003299099393189 0.0090114921564236287 0.010317218909040093 0.0092559750657528646 0.0091480928473174575 0.0091463520890101794 0.0092791717033833265 0.0090452718315646059 0.0095546944998204705 0.0087883862841408693 0.0092117077670991424 0.0090241880621761087 0.0093184123747050759 0.0089236097643151883 0.0090817821328528225 0.0092378746718168262 0.0095085283275693662 0.0091299051884561784 0.009176479792222381 0.0096833188552409404 0.0095285161398351199 0.0090192653238773349 0.0090748449089005593 0.0099352239165455096 0.0090996207203716036 0.0087529883239767514 0.0096617508213967078 0.0090744746150448925 0.0091458572540432208
leaf_weight=2563 2598 341 5157 413 772 9923 916 2811 616 112 355 1495 88 7858 303 1150 1628 3436 851 758 111 308 4663 72 491 5151 68 249 68 1170
leaf_count=2563 2598 341 5157 413 772 9923 916 2811 616 112 355 1495 88 7858 303 1150 1628 3436 851 758 111 308 4663 72 491 5151 68 249 68 1170
internal_value=0.00914392 0.0125555 0.00496951 0.0154144 0.00357283 0.0102788 0.00509403 0.00896989 0.0148721 0.0145434 0.00377114 0.00456235 0.0149439 0.0144887 0.00986014 0.00728738 0.00876403 0.014982 9.0114e-05 0.00249897 0.0139243 0.0134876 0.00162736 0.0232717 0.0258015 0.00652979 0.0127236 0.0130764 0.0232947 0.0122167
internal_weight=56495 31088 25407 13782 19763 17306 13755 12734 13369 13028 467 12983 12561 11910 5644 3081 2778 11294 6008 6337 4572 4461 5579 651 579 6646 4153 4085 317 3768
internal_count=56495 31088 25407 13782 19763 17306 13755 12734 13369 13028 467 12983 12561 11910 5644 3081 2778 11294 6008 6337 4572 4461 5579 651 579 6646 4153 4085 317 3768
is_linear=0
shrinkage=1


Tree=1
num_leaves=31
num_cat=0
split_feature=4 11 11 5 10 5 12 11 13 13 12 10 11 13 10 12 11 12 13 10 16 12 14 12 14 11 16 16 16 11
split_gain=292.279 105.339 60.2351 50.2459 47.4084 32.4387 28.4449 25.5229 22.4024 33.9978 20.0141 20.6595 21.7756 18.6475 18.3073 18.2427 17.8017 17.2168 17.1614 16.3054 14.9502 14.9342 14.5905 20.9414 21.7362 16.0226 17.5884 15.4337 13.8822 13.5992
threshold=0.02103783821449412 -0.022310292973000797 -0.0069171580210211072 0.018049341480113012 0.0041960795209391452 0.0094299076102999143 -0.050232690438178178 0.049786162731180202 30.345000267028812 27.855000495910648 0.054737000046613422 0.0040968178286348031 -0.013909745802050731 16.510000228881839 -0.0077272897241722474 0.040312415369648032 -0.023324981642921735 0.0066896408709551389 15.944999694824221 -0.0080075928939195556 -0.025366837521803628 0.010183672155494096 0.039671535485110161 -0.062212447341067838 -0.015155298785694047 -0.016157928863008927 0.0019930117319788558 -0.0059098813899476346 0.0067228459056728482 0.043629648098683645
decision_type=2 2 2 2 2 2 2 2 2 2 2 2 2 2 2 2 2 2 2 2 2 2 2 2 2 2 2 2 2 2
left_child=2 4 10 7 8 19 -6 20 9 16 11 13 -13 15 18 -1 -2 -14 -7 -4 -3 22 23 -22 -25 -26 27 -27 -20 -23
right_child=1 3 5 -5 6 14 -8 -9 -10 -11 -12 12 17 -15 -16 -17 -18 -19 28 -21 21 29 -24 24 25 26 -28 -29 -30 -31
leaf_value=-7.630996522493663e-05 0.00043222237844020133 -0.00018375416053459053 7.6412276539485904e-05 0.0001762826414778829 0.00031114048557356005 0.0002308805793290958 -0.00025513833155855532 -0.00029849500395357615 0.00094580043689347811 -0.00042753483034175589 -0.00023432276037056002 -0.00025345011847093701 0.000180630914401263 0.00010567467426881193 -8.7032000301405822e-05 0.00024320263648405671 -3.1077512539922845e-06 -0.00014638533350080254 9.9004181101918214e-05 -0.00015817938954569403 -0.00042185375466942789 -6.1994837597012693e-06 0.00017360077472403646 0.00010383264627307652 0.00039295634604059155 -5.102800671011208e-05 5.0093291793018584e-05 -0.00038825473282486203 -0.00016589941922575237 0.0002813009824603796
leaf_weight=1118 1979 613 172 9789 198 299 393 181 612 114 246 455 322 2778 14682 185 229 204 277 4361 113 10727 1631 2630 80 473 786 279 249 204
leaf_count=1118 1979 613 172 9789 198 299 393 181 612 114 246 455 322 2778 14682 185 229 204 277 4361 113 10727 1631 2630 80 473 786 279 249 204
internal_value=-3.68045e-05 0.00321694 -0.00402004 0.00217407 0.0113546 -0.00527445 -0.00156514 0.000585596 0.0139571 0.011714 0.000715901 0.00139273 -0.00512232 0.00295883 -0.00418682 -0.00197621 0.0130888 0.00180608 0.00306061 -0.00899515 0.000778399 0.00105625 0.00306242 0.00155354 0.00211864 -0.00244129 -0.00357607 -0.00904255 -0.00237643 -4.34544e-05
internal_weight=56379 31031 25348 27506 3525 20040 591 17717 2934 2322 5308 5062 981 4081 15507 1303 2208 526 825 4533 17536 16923 5992 4361 4248 1618 1538 752 526 10931
internal_count=56379 31031 25348 27506 3525 20040 591 17717 2934 2322 5308 5062 981 4081 15507 1303 2208 526 825 4533 17536 16923 5992 4361 4248 1618 1538 752 526 10931
is_linear=0
shrinkage=0.05


Tree=2
num_leaves=31
num_cat=0
split_feature=4 11 4 11 5 6 13 11 6 16 16 16 6 0 16 16 16 13 13 12 16 11 11 12 11 11 6 12 12 3
split_gain=264.482 94.4605 64.3529 52.4315 41.2552 25.5763 25.5056 20.7987 20.4681 18.8071 27.9724 18.7546 15.4921 15.1636 13.8941 13.7686 15.055 13.3546 12.8513 11.65 14.1081 11.3048 11.0825 15.7434 14.8264 10.4255 9.76654 9.74148 15.0242 14.0278
threshold=0.022359824294793936 -0.022310292973000797 0.015358436884088842 -0.0072461958036925669 0.018049341480113012 -0.29566719436842737 33.719999313354499 0.049786162731180202 -0.019376246941168976 -0.00052318759456543285 -0.0092952240173663752 -0.052662510641875819 0.14600397351918706 0.060152983161517966 -0.025366837521803628 -0.016220849427219072 -0.019768776997275358 25.960000038146976 20.865000724792484 0.0033715039290467268 -0.0061741887012938803 0.077392985560090458 -0.023324981642921735 -0.046451976604296834 -0.030384470516343128 0.011626690848287493 -0.94547118674711172 -0.075828258528587975 -0.052281358654850445 0.013013558557859019
decision_type=2 2 2 2 2 2 2 2 2 2 2 2 2 2 2 2 2 2 2 2 2 2 2 2 2 2 2 2 2 2
left_child=2 6 25 9 7 26 11 12 21 10 15 -2 -3 17 -14 16 -4 22 -11 20 -12 27 24 -24 -13 -1 -5 -6 29 -29
right_child=1 4 3 5 8 -7 -8 -9 -10 18 19 13 14 -15 -16 -17 -18 -19 -20 -21 -22 -23 23 -25 -26 -27 -28 28 -30 -31
leaf_value=-0.00010990384587785231 -0.0014079996207674414 -6.4749979064799954e-06 4.6951267926488055e-05 -0.0001451384975225665 0.0013463159978855403 -3.1089477764908222e-05 0.001093954642477911 -0.00029178331745788452 0.00029670280427671969 0.00026953544619027521 -0.00018894355118391108 0.00011621267755981537 -0.0002583520101616159 -0.00067648651177296419 0.00010554802813567219 0.00014221509531489571 -0.00014256295259110633 0.0004515842698165216 -0.00024937798743485476 -0.00019893677688378379 0.00025535144674358891 -0.00031511037208838388 0.00043856313906144351 -0.00013981800654437395 0.00047139279684051876 -0.00016399650491075594 -8.6111796612385692e-05 -0.00045817749005800583 0.00011932492977939548 0.00067192271840758628
leaf_weight=4490 51 9008 2333 2348 77 9517 397 151 3609 605 146 681 229 83 4731 922 393 726 76 440 136 63 58 204 990 2003 5942 198 5756 43
leaf_count=4490 51 9008 2333 2348 77 9517 397 151 3609 605 146 681 229 83 4731 922 393 726 76 440 136 63 58 204 990 2003 5942 198 5756 43
internal_value=-1.68422e-05 0.00354925 -0.00330398 -0.00205617 0.0024691 -0.00333156 0.0116301 0.000741908 0.00497127 0.00244011 0.0012357 0.0099445 0.000941438 0.0105033 0.00318548 0.00301535 0.00122891 0.0111602 0.0101689 -0.00775623 0.000177305 0.00321411 0.00898862 -0.000572519 0.0104877 -0.00769675 -0.00536188 0.00343266 0.00320577 -0.0090249
internal_weight=56406 27055 29351 22858 23865 17807 3190 14119 9746 5051 4370 2793 13968 2742 4960 3648 2726 2659 681 722 282 6137 1933 262 1671 6493 8290 6074 5997 241
internal_count=56406 27055 29351 22858 23865 17807 3190 14119 9746 5051 4370 2793 13968 2742 4960 3648 2726 2659 681 722 282 6137 1933 262 1671 6493 8290 6074 5997 241
is_linear=0
shrinkage=0.05


Tree=3
num_leaves=31
num_cat=0
split_feature=11 13 10 10 12 6 13 13 13 6 12 16 10 12 10 3 12 9 12 12 16 13 11 11 8 13 2 9 3 13
split_gain=150.839 79.3315 46.7229 44.4154 44.2168 34.679 30.653 33.0945 26.1259 26.0104 21.5144 19.305 18.6608 18.2642 24.265 22.1567 18.4308 16.7552 17.3528 26.4615 16.2937 15.7516 15.8897 15.7161 14.6075 14.4627 13.9875 13.8765 13.5815 14.9192
threshold=-0.021243807178240256 15.194999694824221 0.0041960795209391452 -0.0072745110629502388 -0.046451976604296834 0.058293366937267936 30.345000267028812 27.855000495910648 15.105000019073488 -0.5362485099106401 0.018300587263459293 -0.024559210988937371 0.0092143531748835068 -0.0078641653034789965 -0.016935534775352808 -0.0095320493658284638 -0.026837542037430936 0.23105359465344591 0.0048491257127185614 -0.001873391702030158 -0.011021481892577621 15.355000019073488 0.04720517450512441 0.01754949105466486 inf 24.119999885559086 0.1593915882314462 0.38701359891478698 0.0019872609523056144 33.719999313354499
decision_type=2 2 2 2 2 2 2 2 2 2 2 2 2 2 2 2 2 10 2 2 2 2 2 2 8 2 2 10 2 2
left_child=2 3 6 8 12 17 7 13 -2 27 11 -7 -4 14 -1 -16 -17 18 19 28 -18 -20 -23 -21 -15 -13 -11 -5 29 -3
right_child=1 5 4 9 -6 10 -8 -9 -10 26 -12 25 -14 24 15 16 20 -19 21 23 -22 22 -24 -25 -26 -27 -28 -29 -30 -31
leaf_value=-0.000333671696070087 0.00020964287802053151 -5.9379841441113999e-05 -0.00011236015310860234 -0.00013676113215915398 -0.00026823376141837794 -0.00016232235057832444 0.00082776249435555661 -0.00045216904289845854 -0.00056798875301683439 -6.0099776773131414e-05 1.0344784185872467e-05 0.00012857391154102511 0.00060769198973430324 0.00050135364260058858 0.00049210870841052393 0.00022272489336028231 -3.7202858194359612e-05 0.00012542851467442227 0.00019684919475694183 0.00018716083294275447 0.00076028327660169462 -4.7128806702676292e-05 -0.00035063219781732196 -0.00015134330123255498 2.7648862107889759e-05 0.00052005187583854427 0.0001483008089155192 0.00018926603893050926 4.636936364840949e-05 0.00051034131726482898
leaf_weight=145 748 3698 137 6020 555 410 619 137 64 11459 5381 5493 205 871 381 1377 738 1705 350 1174 111 10633 185 156 203 469 619 167 2160 49
leaf_count=145 748 3698 137 6020 555 410 619 137 64 11459 5381 5493 205 871 381 1377 738 1705 350 1174 111 10633 185 156 203 469 619 167 2160 49
internal_value=-3.94371e-05 -0.000887318 0.00784358 -0.00343739 -0.00259197 0.000639456 0.00988651 0.00827025 0.00800493 -0.00394607 0.00279716 0.00476303 0.0115497 0.00913487 0.00697674 0.008084 0.006177 -0.000621581 -0.00106085 0.000846345 0.000382803 -0.00229674 -0.0026345 0.00721805 0.0146648 0.00548474 -0.00259563 -0.00658235 -0.000588285 -0.00240859
internal_weight=56419 50940 5479 19077 897 31863 4582 3963 812 18265 11753 6372 342 3826 2752 2607 2226 20110 18405 7237 849 11168 10818 1330 1074 5962 12078 6187 5907 3747
internal_count=56419 50940 5479 19077 897 31863 4582 3963 812 18265 11753 6372 342 3826 2752 2607 2226 20110 18405 7237 849 11168 10818 1330 1074 5962 12078 6187 5907 3747
is_linear=0
shrinkage=0.05


Tree=4
num_leaves=31
num_cat=0
split_feature=4 4 13 14 4 15 6 16 13 6 15 13 15 15 15 13 13 16 14 5 15 13 14 16 13 14 15 16 14 15
split_gain=234.583 83.1469 53.1077 38.3743 22.4439 21.0907 18.8851 18.249 17.9211 16.7912 16.0615 15.6879 28.0538 16.2084 15.581 16.3472 20.7397 20.3545 19.6075 13.8445 13.2291 16.2093 12.0277 11.2997 14.4575 11.3252 11.2321 11.124 10.9725 10.4779
threshold=0.025711914196345016 0.017801743840322737 33.719999313354499 0.0250539094836888 0.013420666152499679 -0.0043588636449231602 0.15860298944239817 -0.010142093357846214 28.970000267028812 1.5497225966590245 0.010307991470511759 16.510000228881839 0.0070702040545356235 -0.014693707057613191 0.063989335118972104 25.505000114440922 22.330000877380375 -0.052662510641875819 -0.13532199000438486 0.023137414577477644 0.010307991470511759 21.724999427795414 -0.033000261342557839 -0.0097924835523301428 16.614999771118168 0.054586954999164335 -0.0023125773011111734 0.021787890463105256 0.017796206966189224 0.010496188067741887
decision_type=2 2 2 2 2 2 2 2 2 2 2 2 2 2 2 2 2 2 2 2 2 2 2 2 2 2 2 2 2 2
left_child=1 4 7 6 -1 -6 20 14 9 19 -7 12 13 -5 15 16 -2 -17 -18 -9 21 26 29 25 -25 -13 28 -24 -3 -22
right_child=2 3 -4 11 5 10 -8 8 -10 -11 -12 23 -14 -15 -16 17 18 -19 -20 -21 22 -23 27 24 -26 -27 -28 -29 -30 -31
leaf_value=-0.00015017472433406518 0.00022170824495537081 -9.2082195014518697e-06 0.00093122567050319066 0.00025127281747147205 -1.3431952876817458e-05 -0.00011872974449084729 1.3349804685567485e-05 5.4184179223229839e-05 -0.00029990569612964465 0.00034774617277464129 -2.0018719823710827e-05 0.00025582560385824769 0.0004064486928762927 -7.4834730851725949e-05 -0.00098939941040909621 -0.0014996434031597711 0.00043774452605877754 0.00047373393760120967 -0.00010249542751178524 0.00022299785144263304 0.00038081052502227981 0.00012655076817580268 0.00023738393700899901 0.00036857152311698879 2.0408899654648927e-05 0.00012199603049739376 -0.00010392530576053104 -3.6457706464134398e-05 -0.00017731322944469872 -3.5177829618987785e-05
leaf_weight=2239 2827 2341 432 150 3040 7746 5500 8720 202 1140 1407 466 272 2003 71 42 116 983 938 2851 68 445 309 125 2271 1613 6248 155 279 1271
leaf_count=2239 2827 2341 432 150 3040 7746 5500 8720 202 1140 1407 466 272 2003 71 42 116 983 938 2851 68 445 309 125 2271 1613 6248 155 279 1271
internal_value=-9.41887e-05 -0.00233741 0.0045519 -0.000503912 -0.00532497 -0.00448003 -0.00180549 0.00413359 0.00314218 0.003377 -0.00567847 0.00263043 -0.000608247 -0.00251974 0.00670585 0.0070424 0.00555913 0.0126585 -0.000426945 0.00280659 -0.00299118 -0.00375013 0.000929007 0.00438547 0.00204508 0.00708273 -0.00421741 0.00786638 -0.00146947 -0.00147498
internal_weight=56270 37948 18322 23516 14432 12193 16616 17890 12913 12711 9153 6900 2425 2153 4977 4906 3881 1025 1054 11571 11116 9313 1803 4475 2396 2079 8868 464 2620 1339
internal_count=56270 37948 18322 23516 14432 12193 16616 17890 12913 12711 9153 6900 2425 2153 4977 4906 3881 1025 1054 11571 11116 9313 1803 4475 2396 2079 8868 464 2620 1339
is_linear=0
shrinkage=0.05


Tree=5
num_leaves=31
num_cat=0
split_feature=4 4 12 11 10 11 4 6 15 10 16 9 15 16 11 12 10 15 11 16 15 11 10 8 11 12 15 12 6 6
split_gain=210.798 75.9826 55.7764 45.1486 29.1764 26.2646 20.5949 20.0863 19.2947 21.2479 17.6741 18.3981 16.628 16.6315 16.1917 15.6919 14.5075 22.8614 15.2879 13.8014 13.1203 12.5307 11.8562 13.5262 11.556 11.3635 15.0554 11.7424 10.9972 10.7384
threshold=0.025711914196345016 0.017801743840322737 -0.075828258528587975 -0.0072461958036925669 -0.0037750757818245657 -0.023324981642921735 0.034551876674412674 -0.30292199881735676 0.0070336128420815944 0.0040968178286348031 -0.046161116172452159 0.06890587807043759 -0.0036170282920096049 0.0031233721368245653 0.013904298755215152 -0.062212447341067838 0.0033989606523996412 0.0055794380547897768 -0.023324981642921735 -0.025366837521803628 0.0067070622543276013 0.0063364892264597969 0.0091157709324108955 0.12840312824139291 0.047954932638038301 0.0098181061212317972 -0.0023125773011111734 0.013329890655183642 0.068439317316353804 -0.30292199881735676
decision_type=2 2 2 2 2 2 2 2 2 2 2 8 2 2 2 2 2 2 2 2 2 2 2 8 2 2 2 2 2 2
left_child=1 4 -2 16 20 10 15 -5 12 14 11 -4 13 -6 -10 -7 17 18 -3 -17 -1 -15 -18 -24 -21 -9 -27 -28 -14 -8
right_child=2 3 5 7 8 6 29 25 9 -11 -12 -13 28 21 -16 19 22 -19 -20 24 -22 -23 23 -25 -26 26 27 -29 -30 -31
leaf_value=-1.8342942532755936e-05 0.00092607874287841709 0.00015638883642135626 -0.001167200879396245 -7.051409652452921e-05 -0.00011198768270288574 -0.00026473024766316669 0.00010992330857888012 6.1013022560930073e-05 0.0001316071819914286 -7.6750199178779544e-05 0.00041217601863145417 0.00055666641532498777 -0.00016476945516026906 0.00021831745835517626 -0.00016064299296626998 -0.00013840640265498768 -0.00011851435924808089 0.00039049561149747021 2.7099717383593114e-05 7.8986520039623417e-05 0.00032081942315141351 -1.9795611934369899e-05 0.00010120684715505934 -0.0010800426598043269 -0.00015625261352212504 6.3362858333333887e-05 -0.00020616691689070651 -3.914784999826046e-05 -0.00010693287972665719 0.00028579677240179443
leaf_weight=2939 650 1355 103 8200 1159 148 2658 2342 569 2458 1320 65 4447 190 156 457 754 423 2633 9765 98 466 533 46 248 2177 263 4838 1895 2984
leaf_count=2939 650 1355 103 8200 1159 148 2658 2342 569 2458 1320 65 4447 190 156 457 754 423 2633 9765 98 466 533 46 248 2177 263 4838 1895 2984
internal_value=-8.4311e-06 -0.00213819 0.00438363 -0.000390426 -0.00500278 0.00385677 0.00327491 -0.001633 -0.00616843 -0.00286679 0.0102151 -0.00505952 -0.00745679 -0.00323691 0.00465517 0.00197777 0.00346448 0.00484584 0.00367352 0.0022063 -0.000650313 0.003125 -0.00110653 0.00427461 0.00259413 -8.31601e-05 -0.00105798 -0.00254362 -0.00866446 0.00571606
internal_weight=56339 37941 18398 23564 14377 17748 16260 17820 11340 3183 1488 168 8157 1815 725 10618 5744 4411 3988 10470 3037 656 1333 579 10013 9620 7278 5101 6342 5642
internal_count=56339 37941 18398 23564 14377 17748 16260 17820 11340 3183 1488 168 8157 1815 725 10618 5744 4411 3988 10470 3037 656 1333 579 10013 9620 7278 5101 6342 5642
is_linear=0
shrinkage=0.05


Tree=6
num_leaves=31
num_cat=0
split_feature=4 11 11 4 10 4 16 16 10 6 16 10 12 10 6 6 12 15 12 16 11 12 10 13 16 11 13 13 13 8
split_gain=188.237 67.0835 54.6662 44.685 31.7271 20.3199 19.0495 22.9095 24.5129 19.0108 18.7455 17.4747 17.2579 16.2748 14.8943 13.8676 13.1698 14.266 12.9406 12.8756 27.0813 17.6516 13.91 21.5959 13.14 12.769 12.184 11.8988 11.5794 17.8864
threshold=0.025610175634492038 -0.0072461958036925669 -0.023324981642921735 0.017801743840322737 0.0041960795209391452 0.039750669581070777 -0.00052318759456543285 -0.0092952240173663752 0.0004408774644957259 -0.30292199881735676 -0.0069906088319675588 -0.0077272897241722474 0.0033715039290467268 -0.00038724572548481934 -0.4552201913079878 -0.12711987162331714 0.0098181061212317972 -0.0023125773011111734 -0.029235256213089252 -0.016220849427219072 -0.020171834808393903 0.017951128324421587 -0.0032212946186138121 18.719999313354496 -0.017484700389287008 0.077392985560090458 18.510000228881839 20.865000724792484 19.010000228881839 0.14366662293917312
decision_type=2 2 2 2 2 2 2 2 2 2 2 2 2 2 2 2 2 2 2 2 2 2 2 2 2 2 2 2 2 8
left_child=1 6 4 11 -2 15 7 8 13 -5 -9 -3 -12 19 -13 18 -11 -18 -4 20 21 24 23 -22 -1 -7 -19 -8 -10 -30
right_child=2 3 5 9 -6 25 27 10 28 16 12 14 -14 -15 -16 -17 17 26 -20 -21 22 -23 -24 -25 -26 -27 -28 -29 29 -31
leaf_value=7.3868686190180135e-05 0.00054543482665563991 5.566756038596177e-05 -9.1537492089606871e-05 -6.9198896955037639e-05 -0.00016191416199153554 0.00030664610136467695 0.00021905370579632249 -0.0002199619827210074 -0.00012365625001811904 6.6844391880885136e-05 0.00021659111171445003 -0.00013788344049906341 -9.1349569673446825e-05 0.00033210740729693457 -7.8439903836333928e-05 0.00012070172508093623 5.4493595162989369e-05 -3.6090225867151325e-05 4.9562468847390427e-05 0.00013667659477634801 0.00011867297095478495 0.00041523177865506069 -0.00022674125003690809 -0.00020792710562893524 -0.00028029928763745847 -0.00033019707763884474 -0.00020454592545101157 -0.00017479537210604836 6.8080381131398196e-05 -0.00040770129001102876
leaf_weight=1621 1721 560 1013 8128 300 3152 951 495 720 2359 253 4434 458 255 6733 5924 2188 4510 6438 1244 411 309 234 350 51 56 532 124 654 137
leaf_count=1621 1721 560 1013 8128 300 3152 951 495 720 2359 253 4434 458 255 6733 5924 2188 4510 6438 1244 411 309 234 350 51 56 532 124 654 137
internal_value=-4.12856e-05 -0.00207168 0.00407439 -0.0031891 0.0118382 0.0031282 0.00190819 0.000980256 0.00224691 -0.00160439 -0.0053068 -0.00558327 -0.000105485 0.00410615 -0.00601549 0.00227103 -9.64647e-05 -0.00115491 0.000835458 0.00336493 0.0015793 0.00495962 -0.00515075 -0.00187254 0.00293062 0.006702 -0.00261801 0.00811628 -0.00325943 0.000916561
internal_weight=56315 37711 18604 29444 2021 16583 8267 7192 5986 17717 1206 11727 711 4475 11167 13375 9589 7230 7451 4220 2976 1981 995 761 1672 3208 5042 1075 1511 791
internal_count=56315 37711 18604 29444 2021 16583 8267 7192 5986 17717 1206 11727 711 4475 11167 13375 9589 7230 7451 4220 2976 1981 995 761 1672 3208 5042 1075 1511 791
is_linear=0
shrinkage=0.05


Tree=7
num_leaves=31
num_cat=0
split_feature=4 11 5 10 10 4 15 15 11 4 15 14 12 14 14 12 10 10 10 14 10 15 15 10 11 10 10 12 8 11
split_gain=186.763 73.352 39.6299 36.7631 34.945 29.1828 20.303 25.9403 19.4841 17.0086 16.9161 16.0021 15.5029 15.103 14.9595 14.3339 15.5479 12.946 15.062 12.9035 12.6459 11.3815 12.2331 13.7066 11.1355 12.3438 11.12 11.0112 10.9341 10.8946
threshold=0.020765037328306191 -0.023324981642921735 0.017499742184051748 0.0041960795209391452 -0.0037750757818245657 0.015358436884088842 0.010307991470511759 -0.00418174708981811 0.049786162731180202 0.029899666217434881 0.0067070622543276013 -0.10344834121785244 -0.018483569638135518 -0.035401414565419224 0.038811658900465458 1.0000000180025095e-35 9.4848672244407531e-05 -0.004854933316951914 -0.0043931743596038455 0.0250539094836888 0.025743646111632715 0.0049236042199862782 1.0000000180025095e-35 -0.0029934085869046663 0.0056452584945124737 0.0083252944612894914 0.0092143531748835068 0.028818776627478896 -0.19128988687607204 -4.6336307806593695e-05
decision_type=2 2 2 2 2 2 2 2 2 2 2 2 2 2 2 2 2 2 2 2 2 2 2 2 2 2 2 2 10 2
left_child=4 3 8 9 10 -6 7 -7 28 -2 14 -8 26 15 17 -9 -17 -1 -19 -15 -4 22 23 -21 25 -13 -5 -18 -3 -29
right_child=1 2 20 12 5 6 11 13 -10 -11 -12 24 -14 19 -16 16 27 18 -20 21 -22 -23 -24 -25 -26 -27 -28 29 -30 -31
leaf_value=-0.00012719319754739451 0.00021930975617613868 -0.00013097254964697041 0.00012270079935130051 -8.2963032795899729e-05 -0.00011651177106576909 1.9910992146636268e-05 -0.00016354230791672922 6.6858848471714358e-05 -0.00026090824088942122 0.00070204154522346374 0.00031500985925209048 0.00026469509725994501 -0.00037260869822935256 -0.00013116348027476153 2.4688610071158838e-05 0.00015200876090791073 -0.000154224670566506 0.00028401881368624309 -3.5366946112935954e-05 -0.00019758195780759377 0.0011063806666159845 0.00011262141239245802 -0.00022917202248083082 0.00012043458918673742 -1.24116199806562e-05 2.728757943318821e-05 0.00040531360563399491 0.00021858972588002107 1.2885498056084159e-05 -5.5510419117906466e-05
leaf_weight=1083 1444 760 11201 168 5145 2042 404 717 175 1147 174 457 225 5302 3652 164 885 149 337 124 136 372 496 339 912 521 75 75 16660 1064
leaf_count=1083 1444 760 11201 168 5145 2042 404 717 175 1147 174 457 225 5302 3652 164 885 149 337 124 136 372 496 339 912 521 75 75 16660 1064
internal_value=-7.7564e-05 0.00243584 0.00165733 0.00979895 -0.00337102 -0.00437852 -0.00318582 -0.00403713 0.000171924 0.0121285 0.000180723 0.0011116 -0.00309829 -0.0051321 -0.000330396 -0.00212565 -0.0041362 -0.00441364 0.00236626 -0.00644882 0.00396269 -0.00204733 -0.00492701 0.000917927 0.00304233 0.00674847 0.00565844 -0.00533597 0.000338691 -0.00208516
internal_weight=56405 31991 28932 3059 24414 19019 13874 11580 17595 2591 5395 2294 468 9538 5221 2905 2188 1569 486 6633 11337 1331 959 463 1890 978 243 2024 17420 1139
internal_count=56405 31991 28932 3059 24414 19019 13874 11580 17595 2591 5395 2294 468 9538 5221 2905 2188 1569 486 6633 11337 1331 959 463 1890 978 243 2024 17420 1139
is_linear=0
shrinkage=0.05


Tree=8
num_leaves=31
num_cat=0
split_feature=4 11 11 10 4 10 6 11 4 6 12 8 12 4 10 15 6 4 15 13 13 13 12 13 12 15 14 14 10 10
split_gain=170.162 58.2567 36.8572 33.4907 30.4913 27.4001 22.4534 19.0423 17.4527 17.3146 14.6742 13.2933 12.9519 12.9117 12.9114 14.8961 12.5386 11.9556 11.4889 11.2096 11.4016 23.2348 21.0761 14.109 16.8692 15.7084 12.3465 15.2129 11.9724 15.2963
threshold=0.021904952566329402 -0.023324981642921735 -0.0072461958036925669 0.0041960795209391452 0.034551876674412674 -0.0074311148447236399 -0.82628431220059184 0.049786162731180202 0.015888424527393689 1.6528774582209189 -0.018483569638135518 inf 0.032816307706160404 0.029899666217434881 0.01137039076296076 0.0070702040545356235 0.38177944533591951 0.015116917483167574 0.0078825826638765379 14.315000057220461 22.330000877380375 21.664999961853031 -0.067575688865902969 24.119999885559086 0.12951753151584791 0.0074725802166027986 -0.028449828861296097 0.039671535485110161 0.000540884636322292 -0.0086987636486000035
decision_type=2 2 2 2 2 2 2 2 2 2 2 8 2 2 2 2 2 2 2 2 2 2 2 2 2 2 2 2 2 2
left_child=2 3 17 13 7 12 18 9 -8 11 -5 19 -4 -2 15 -13 -6 -1 -7 -3 21 22 -21 24 -22 -25 -24 -28 29 -29
right_child=1 4 5 10 16 6 8 -9 -10 -11 -12 14 -14 -15 -16 -17 -18 -19 -20 20 23 -23 26 25 -26 -27 27 28 -30 -31
leaf_value=-6.4880117430954557e-05 0.00022397412531041747 -4.3944544775610146e-05 8.9257964354800153e-06 0.00012766714601974004 0.00012894171371960882 -0.00014196730391129045 -9.5156095501118578e-05 -0.00018490714063415384 -4.5897902848678846e-05 0.00018350867586287118 -0.00043488734084654799 -0.00013337649562795775 0.00017639841542115388 0.00064928716674859824 -0.0003172027707285406 0.0003675795015260661 0.00040254686164256149 2.9032325779571047e-05 -2.910884904280013e-05 -0.00040857101680802322 -0.00018958944932088176 0.00029314109817110803 9.5240532271035925e-05 -4.5496605672493753e-05 0.0008379549816000814 0.00041035845260753158 -1.5999821549444841e-05 1.1742035942047085e-05 -9.2441714152556459e-05 0.00024134288159009259
leaf_weight=966 1269 3230 1002 225 4371 3205 5154 277 12016 1757 205 508 286 1150 172 107 1417 4806 689 116 606 295 3811 641 42 221 5345 936 380 1332
leaf_count=966 1269 3230 1002 225 4371 3205 5154 277 12016 1757 205 508 286 1150 172 107 1417 4806 689 116 606 295 3811 641 42 221 5345 936 380 1332
internal_value=-2.52047e-05 0.00270387 -0.00278232 0.00948578 0.00194805 -0.00370213 -0.00413502 0.00101386 -0.0033576 0.00119878 -0.00337209 0.000729906 0.00337733 0.0117714 -0.00562262 -0.00223577 0.00513994 0.000779626 -0.00756292 0.00102477 0.00164845 0.00215514 0.00181208 -0.00245033 -0.00802469 0.00174014 0.0020205 0.000903916 0.00400302 0.00537919
internal_weight=56537 28413 28124 2849 25564 22352 21064 19776 17170 19499 430 17742 1288 2419 787 615 5788 5772 3894 16955 13725 12215 11920 1510 648 862 11804 7993 2648 2268
internal_count=56537 28413 28124 2849 25564 22352 21064 19776 17170 19499 430 17742 1288 2419 787 615 5788 5772 3894 16955 13725 12215 11920 1510 648 862 11804 7993 2648 2268
is_linear=0
shrinkage=0.05


Tree=9
num_leaves=31
num_cat=0
split_feature=5 11 15 5 15 14 10 13 11 12 16 6 4 6 14 15 11 6 10 11 12 16 11 10 5 13 16 12 16 10
split_gain=154.757 62.9151 36.6184 32.4075 29.6424 31.2962 27.8371 25.8022 20.6933 20.0134 18.9841 17.0779 16.2302 16.1516 15.6513 15.3588 16.478 14.31 13.9756 16.1039 13.3297 12.2196 12.4808 12.2789 11.6758 11.4126 13.1009 11.395 11.3528 11.4361
threshold=0.012996611827043003 -0.023324981642921735 -0.0043588636449231602 0.017499742184051748 0.0067070622543276013 0.0053913947730825926 0.0041960795209391452 21.409999847412113 0.049786162731180202 0.0062346359643689073 -0.023921459017009147 2.1839502906844639 0.015035031241742597 -0.32348324447017002 -0.10344834121785244 0.01011580600718587 0.040003835634240599 0.18389766331424467 0.0061050863391346475 0.0069117178035681412 -0.025840768177680992 0.032506989925160108 0.01754949105466486 0.0040968178286348031 0.016137443529680651 17.914999961853031 0.015921379958606877 0.12384640389246161 0.032019340189368813 -0.00075291424678586283
decision_type=2 2 2 2 2 2 2 2 2 2 2 2 2 2 2 2 2 2 2 2 2 2 2 2 2 2 2 2 2 2
left_child=2 6 12 8 7 9 24 14 11 10 -6 27 -1 28 -4 18 21 20 19 -11 -16 22 23 -17 -2 26 -14 -3 -5 -30
right_child=1 3 4 13 5 -7 -8 -9 -10 15 -12 -13 25 -15 17 16 -18 -19 -20 -21 -22 -23 -24 -25 -26 -27 -28 -29 29 -31
leaf_value=-7.532262855399746e-05 0.0001669799553654582 2.3895747705129925e-06 0.00025161827623363769 7.8143998171975604e-05 -0.0003936327422747306 0.00013230881049389431 -0.00012060887462867383 0.00014702972023961596 -0.00023063926471337086 9.5917440309003935e-05 7.7088425885306951e-05 0.00021429575668423391 -2.1076853345839473e-05 0.00018843210853423953 1.410006501590213e-05 0.00027484629453657859 0.00025823974384452358 -6.5543544329482386e-05 -0.00020446969020660518 -0.00011103878760842716 -0.00013130110117481547 -0.00017561207504680374 0.00022499708212265709 -4.7336355637093812e-05 0.00053362907534406875 8.735842438630164e-05 0.00014128365087975943 -0.00028953978769276454 -0.00035638357961605697 -3.8021088412377395e-05
leaf_weight=1313 1035 15384 92 4502 129 965 405 359 168 308 1197 910 3029 5945 448 104 110 3668 935 646 7962 403 151 1242 1433 1958 459 145 131 655
leaf_count=1313 1035 15384 92 4502 129 965 405 359 168 308 1197 910 3029 5945 448 104 110 3668 935 646 7962 403 151 1242 1433 1958 459 145 131 655
internal_value=-6.27325e-05 0.00232719 -0.00294372 0.00160022 -0.00408275 -0.00125202 0.00937174 -0.00548128 0.000197206 -0.0027799 0.0025264 0.000375631 0.00021083 0.00367444 -0.00587099 -0.00458451 -0.00154229 -0.00602749 -0.0078216 -0.00356394 -0.00716409 -0.00263158 -0.000551102 -0.00208024 0.0113655 0.00141388 -0.000301032 -1.4489e-05 0.00166415 -0.00388041
internal_weight=56191 30713 25478 27840 18719 6190 2873 12529 16607 5225 1326 16439 6759 11233 12170 3899 2010 12078 1889 954 8410 1900 1497 1346 2468 5446 3488 15529 5288 786
internal_count=56191 30713 25478 27840 18719 6190 2873 12529 16607 5225 1326 16439 6759 11233 12170 3899 2010 12078 1889 954 8410 1900 1497 1346 2468 5446 3488 15529 5288 786
is_linear=0
shrinkage=0.05


Tree=10
num_leaves=31
num_cat=0
split_feature=4 12 4 11 5 16 10 16 6 11 6 6 12 11 12 12 5 16 14 10 11 10 12 11 10 11 10 16 16 14
split_gain=135.552 55.4856 30.5743 29.9377 21.961 16.4579 18.9751 23.3291 16.3971 16.2982 15.7934 15.6993 13.9582 12.6805 11.8916 11.2204 10.2957 14.0282 10.1496 17.1335 9.20686 9.18989 9.01655 8.43695 8.33842 8.02475 7.73632 7.96272 8.17739 9.29173
threshold=0.020765037328306191 -0.075828258528587975 0.028211670339992743 -0.0072461958036925669 0.009252309688902019 -0.00049601645940972039 0.0004408774644957259 -0.008895653948508107 1.7077814473260837 -0.0072461958036925669 -0.075400246180721664 -0.50914858997615309 0.0066896408709551389 0.049786162731180202 -0.062212447341067838 -0.030461524413172677 0.021704584222005139 -0.046161116172452159 -0.015155298785694047 0.020281918733708996 -0.022310292973000797 0.0077313966519441122 -0.025044060788607044 -0.015698134800596782 -0.0074311148447236399 -0.015590131479171264 -0.00038724572548481934 -0.010407726520023362 -0.031011212726662404 0.15797637088179853
decision_type=2 2 2 2 2 2 2 2 2 2 2 2 2 2 2 2 2 2 2 2 2 2 2 2 2 2 2 2 2 2
left_child=3 18 8 5 -5 6 7 26 9 -3 -6 15 -7 14 -11 20 -13 -18 19 -2 -4 -22 -17 -19 -12 -9 27 28 29 -1
right_child=1 2 11 4 10 12 -8 25 -10 13 24 16 -14 -15 -16 22 17 23 -20 -21 21 -23 -24 -25 -26 -27 -28 -29 -30 -31
leaf_value=0.00027505674080188417 -0.00015596808859899276 5.9751108275502182e-05 0.00011595583730919756 -0.00011165261774092961 -7.6045225719738928e-05 0.00029076254757340444 -0.00010918110209046719 -0.00036265562789171814 0.00014804096808207547 -0.00041766837121259511 9.8189211178909786e-05 0.00010244522329756495 -4.8066334739092521e-05 -0.00021696660220009851 -1.6073977957332347e-05 0.00030146851431684112 -0.0010543398816416272 0.00056463682813594196 0.00080470118806976604 0.00055473371661467414 -0.0002644304980642028 4.5448315794726675e-05 5.7888837588367064e-05 0.00022642379470444947 -2.6957530984066374e-05 -7.2848112857813906e-05 0.00024229427894423977 0.00019255406145679907 1.1067693047828696e-05 -4.0172951503322877e-05
leaf_weight=262 126 4043 156 4023 9224 392 1091 93 1562 80 422 5299 197 177 12134 162 71 662 551 129 488 233 3270 2795 5903 466 172 140 1989 109
leaf_count=262 126 4043 156 4023 9224 392 1091 93 1562 80 422 5299 197 177 12134 162 71 662 551 129 488 233 3270 2795 5903 466 172 140 1989 109
internal_value=-8.55178e-05 0.00206024 0.00172491 -0.00288465 -0.00376047 0.000605783 -0.000462749 0.0014624 0.000386197 -7.91043e-05 -0.00290855 0.00355892 0.00844652 -0.000978533 -0.000785983 0.00108494 0.00476663 0.00685941 0.0150124 0.00676471 -0.00396237 -0.00634535 0.00237471 0.00731125 -0.00098419 -0.00782648 0.00340569 0.0027 0.00201271 0.00882749
internal_weight=56421 31938 31132 24483 19572 4911 4322 3231 17996 16434 15549 13136 589 12391 12214 4309 8827 3528 806 255 877 721 3432 3457 6325 559 2672 2500 2360 371
internal_count=56421 31938 31132 24483 19572 4911 4322 3231 17996 16434 15549 13136 589 12391 12214 4309 8827 3528 806 255 877 721 3432 3457 6325 559 2672 2500 2360 371
is_linear=0
shrinkage=0.05


Tree=11
num_leaves=31
num_cat=0
split_feature=4 11 4 10 10 11 15 16 12 6 4 6 11 16 6 15 12 9 11 10 12 11 12 10 10 9 15 15 16 16
split_gain=127.304 62.8891 38.9964 29.7093 21.9902 20.6013 16.8205 15.187 20.4893 15.079 15.0458 14.3965 14.3717 15.8338 13.9094 13.5405 12.9625 12.318 11.0822 11.0496 11.2098 11.8785 11.0016 10.2141 14.7735 11.849 10.0181 9.93739 11.6829 9.85181
threshold=0.018367993701036724 -0.023324981642921735 0.028211670339992743 0.0041960795209391452 -0.0037750757818245657 0.047954932638038301 0.010307991470511759 -0.025366837521803628 0.0098181061212317972 0.65624694312226262 0.038731604707630991 -0.4552201913079878 0.037452898348852799 0.036362793464954531 -0.46868416013893782 -0.0013907481695490385 0.0011335726897910849 -0.023279110714613579 -0.013165495067365194 0.023991459337660673 -0.029235256213089252 0.049786162731180202 0.034436834161626247 0.0077313966519441122 0.0014013847331743048 -0.24787073226987091 -0.0035894356227681996 -0.0043588636449231602 0.0021907609799732834 -0.0097924835523301428
decision_type=2 2 2 2 2 2 2 2 2 2 2 2 2 2 2 2 2 10 2 2 2 2 2 2 2 10 2 2 2 2
left_child=4 3 5 10 18 7 11 -3 14 19 16 -6 13 29 -9 -15 -2 -5 26 20 23 -22 -14 24 -4 -26 -1 28 -13 -10
right_child=1 2 9 17 6 -7 -8 8 12 -11 -12 27 22 15 -16 -17 -18 -19 -20 -21 21 -23 -24 -25 25 -27 -28 -29 -30 -31
leaf_value=2.6251342619454041e-05 0.00016755579158990984 -0.00015192477472881526 -2.5263122389619468e-05 -0.00024357870866314069 -0.00011385394568303818 -0.00021127007774643543 -1.931254471482496e-06 -9.36559525668932e-06 5.9662285113200152e-05 0.00026209323063935221 0.00089158212001198974 -7.0434840780583349e-05 0.00037933951563110489 0.00019289621998183523 8.4355370937463676e-05 -0.0002182505610834708 0.00061528678960292692 0.00010871865461888026 -3.3987866507661188e-05 0.00088983856383041248 9.5369203674442954e-05 -0.00017414858451057192 2.310580649238373e-05 0.00011889771369584598 0.00019401416679932514 -0.00045602264769628917 0.00025672899699884265 -8.3473751124987056e-05 9.9607134470859141e-05 -3.1486443289462012e-05
leaf_weight=881 2361 654 759 301 4729 327 1848 2885 2087 2394 538 662 152 111 4667 583 234 220 2417 132 7855 197 225 542 49 256 218 5236 460 12397
leaf_count=881 2361 654 759 301 4729 327 1848 2885 2087 2394 538 662 152 111 4667 583 234 220 2417 132 7855 197 225 542 49 256 218 5236 460 12397
internal_value=-3.23714e-05 0.00149276 0.000862925 0.00774494 -0.00373382 -0.000303055 -0.0046869 -0.000131518 8.11442e-05 0.00316809 0.00958347 -0.00542302 -0.000956284 -0.00119581 0.00221796 -0.00857349 0.00800578 -0.00331094 -0.000227531 0.00229826 0.00210188 0.00286264 0.008687 -0.00171233 -0.00455827 -0.0138525 0.0039354 -0.00386914 0.00040107 -0.000842309
internal_weight=56377 39926 36272 3654 16451 24088 12935 23761 23107 12184 3133 11087 15555 15178 7552 694 2595 521 3516 9790 9658 8052 377 1606 1064 305 1099 6358 1122 14484
internal_count=56377 39926 36272 3654 16451 24088 12935 23761 23107 12184 3133 11087 15555 15178 7552 694 2595 521 3516 9790 9658 8052 377 1606 1064 305 1099 6358 1122 14484
is_linear=0
shrinkage=0.05


Tree=12
num_leaves=31
num_cat=0
split_feature=5 13 4 11 11 4 6 10 11 11 6 16 16 16 13 13 16 13 15 13 13 13 11 16 3 13 16 16 10 10
split_gain=118.792 47.1448 43.0239 27.2823 24.2892 20.9407 20.0774 18.2218 15.433 13.8208 13.7343 13.1017 16.3839 13.0813 13.5917 12.0044 14.4835 24.6876 20.7829 18.8905 25.027 13.438 16.7625 13.6877 13.3176 11.9277 12.6957 12.7089 11.6678 16.0336
threshold=0.015127785291553781 33.719999313354499 0.017350857986485516 0.049786162731180202 -0.0069171580210211072 0.042438388695621256 -0.2614255667392395 -0.0037750757818245657 -0.023324981642921735 -0.030384470516343128 -1.0852018450990528 -0.028704172201534425 -0.052662510641875819 -0.0031855134162837024 20.659999847412113 18.015000343322757 0.0086379701369299084 20.375000000000004 0.0088480169249886016 23.604999542236332 24.385000228881839 21.134999275207523 -0.0043480620197820499 -0.010142093357846214 0.0029080549943244498 14.870000362396242 0.002961643708621065 0.00065190084926847202 0.00038112321022931722 -0.00038724572548481934
decision_type=2 2 2 2 2 2 2 2 2 2 2 2 2 2 2 2 2 2 2 2 2 2 2 2 2 2 2 2 2 2
left_child=2 3 7 5 13 8 -6 -1 9 11 -9 12 -2 28 -15 25 21 24 19 -19 -21 -17 23 -23 -18 -10 27 -27 29 -4
right_child=1 -3 4 -5 6 -7 -8 10 15 -11 -12 -13 -14 14 -16 16 17 18 -20 20 -22 22 -24 -25 -26 26 -28 -29 -30 -31
leaf_value=-7.6430039622011992e-06 -0.0012188153624736959 0.00080136419537016616 4.6778188266860013e-05 -0.00015978760158414371 -6.6885737058588676e-05 0.00033518390331843553 1.9677955338013188e-06 -0.00014851562095077983 2.0241865028586272e-05 0.00033177820250878472 -7.5826835260003024e-05 -9.861992457998702e-05 0.00048588071026799584 0.00022811043182263021 -9.9754641516453844e-05 0.00012851722260644535 -0.00024191923658128717 0.00066626338672131637 -0.00015637256515420924 -0.00029844750401459002 0.00033420696945265843 -2.1672941792604507e-05 0.00028074909088675386 -0.00029351957894669024 -6.0002161167100476e-06 9.4077184512206092e-05 0.00017613774935888585 -0.00020827612849661512 -4.4798318535914551e-05 0.00035368727908183603
leaf_weight=2759 40 446 3418 466 7923 2490 9098 894 3476 736 9217 359 259 765 169 2146 894 288 251 150 280 962 310 346 479 1907 3650 382 1529 158
leaf_count=2759 40 446 3418 466 7923 2490 9098 894 3476 736 9217 359 259 765 169 2146 894 288 251 150 280 962 310 346 479 1907 3650 382 1529 158
internal_value=-7.42262e-05 0.00298149 -0.00180212 0.00262065 -0.00050954 0.00290776 -0.00147612 -0.0041181 0.00227756 0.00731707 -0.00510088 0.00205167 0.00978261 0.00221477 0.00765525 0.00182495 9.8264e-05 -0.0029889 0.00312178 0.00745125 0.000813953 0.00201913 -0.00142151 -0.00389908 -0.00730153 0.00294477 0.00430628 0.00138707 0.00121939 0.00278244
internal_weight=56247 20317 35930 19871 23060 19405 17021 12870 16915 1394 10111 658 299 6039 934 15521 6106 2342 969 718 430 3764 1618 1308 1373 9415 5939 2289 5105 3576
internal_count=56247 20317 35930 19871 23060 19405 17021 12870 16915 1394 10111 658 299 6039 934 15521 6106 2342 969 718 430 3764 1618 1308 1373 9415 5939 2289 5105 3576
is_linear=0
shrinkage=0.05


Tree=13
num_leaves=31
num_cat=0
split_feature=4 12 5 14 6 6 13 14 12 16 12 16 6 12 16 13 12 12 13 15 15 14 14 14 16 15 15 16 16 16
split_gain=107.497 45.4022 39.3663 29.6374 16.4087 16.2995 16.113 13.9353 13.1224 15.1948 12.125 17.4171 11.0046 10.8947 18.2082 10.5667 14.9094 10.4846 10.2366 10.2431 15.6969 20.7035 12.307 13.6398 14.599 10.5883 13.7867 10.1958 10.1158 14.5712
threshold=0.025711914196345016 -0.075828258528587975 0.010336682579681313 0.0250539094836888 -0.96734507774542378 -0.019376246941168976 19.625000000000004 0.017796206966189224 0.04854639636196257 -0.010657903441641135 0.11156893092539701 0.023481239868257012 -0.4552201913079878 -0.062212447341067838 0.0059712305623393922 18.035000801086429 0.06005823138399214 0.050572968372656575 12.119999885559084 -0.00418174708981811 0.0057155139791004181 -0.10344834121785244 0.0053913947730825926 -0.012079756674524154 -0.023921459017009147 0.0070336128420815944 0.0077108076784566668 0.010397470363401553 -0.0097924835523301428 -0.0067787423857693088
decision_type=2 2 2 2 2 2 2 2 2 2 2 2 2 2 2 2 2 2 2 2 2 2 2 2 2 2 2 2 2 2
left_child=2 -2 6 4 -4 13 12 8 18 -10 11 28 -1 14 -3 16 -11 -13 -6 -20 21 -21 23 24 -22 -25 -27 -9 -5 -30
right_child=1 5 3 10 7 -7 -8 27 9 15 -12 17 -14 -15 -16 -17 -18 -19 19 20 22 -23 -24 25 -26 26 -28 -29 29 -31
leaf_value=-0.00010825487469383715 0.00068753854850476788 4.0412391487060873e-05 -9.4752143835513463e-05 8.1403018387692878e-05 -0.00029575515564916947 0.00014170528923625905 3.2356066462023913e-05 -0.00018024593844597351 0.00023000629223506204 -0.00013971968740514448 -0.00038146968011587535 0.00035212165652027553 -6.1120500132884079e-05 4.8626592746438621e-05 -0.00046572087773679295 -0.00023711790092861607 2.9899762169969139e-05 3.9249441451889687e-06 6.7041517686655842e-05 0.00033858170781698641 -0.00028002657000596057 -4.797924770481711e-05 0.00022256798029998576 -0.00051745990545336046 4.3830564615786375e-05 0.00025628268190200333 -0.00012645291156080548 1.5702971010071126e-05 -0.00021899845083160597 1.4000297439725492e-05
leaf_weight=3383 672 230 2538 2929 118 7194 810 785 114 987 68 437 5984 10210 171 475 781 208 1927 139 191 5940 266 93 4206 129 520 329 356 4004
leaf_count=3383 672 230 2538 2929 118 7194 810 785 114 987 68 437 5984 10210 171 475 781 208 1927 139 191 5940 266 93 4206 129 520 329 356 4004
internal_value=-0.000108553 0.00301591 -0.00163918 -0.000657226 -0.00170693 0.0025344 -0.00429645 -0.00114706 -0.000767972 -0.00421086 0.00190577 0.00208596 -0.0048815 0.00128876 -0.00679551 -0.00511592 -0.0033371 0.00996124 -0.000168157 -3.9147e-05 -0.00060519 -0.00234825 0.00135523 0.000812415 0.00187059 -0.00545822 -0.00319723 -0.00655296 0.00138908 -0.000137615
internal_weight=56194 18477 37717 27540 19538 17805 10177 17000 15886 2357 8002 7934 9367 10611 401 2243 1768 645 13529 13411 11484 6079 5405 5139 4397 742 649 1114 7289 4360
internal_count=56194 18477 37717 27540 19538 17805 10177 17000 15886 2357 8002 7934 9367 10611 401 2243 1768 645 13529 13411 11484 6079 5405 5139 4397 742 649 1114 7289 4360
is_linear=0
shrinkage=0.05


Tree=14
num_leaves=31
num_cat=0
split_feature=4 11 13 5 6 11 13 13 13 14 16 16 16 12 16 16 16 12 14 14 11 13 13 16 13 14 14 12 16 16
split_gain=94.2859 39.9382 38.2307 28.0852 20.8839 16.7251 15.9992 16.8073 16.4952 18.3617 15.5349 16.3999 22.3328 16.3769 15.5892 14.7168 18.0326 15.6578 14.32 14.4487 14.166 19.0996 14.1651 20.3862 18.8458 18.2524 13.8246 12.9646 13.1024 18.0992
threshold=0.028211670339992743 -0.0072461958036925669 33.719999313354499 0.01045736461576199 0.94704990811999568 0.049786162731180202 14.315000057220461 14.194999694824221 17.164999961853031 -0.067583665573298909 0.0021907609799732834 -0.0092952240173663752 -0.0069906088319675588 0.054737000046613422 0.0045931003912819133 -0.016220849427219072 -0.031011212726662404 0.044456917101200373 0.024414321868059811 -0.16769008837329388 -0.017686131484892616 28.970000267028812 16.510000228881839 0.0031233721368245653 16.875000000000004 0.040951993391927573 0.043372068741787458 0.11156893092539701 0.027781710438194555 0.0096290460770676062
decision_type=2 2 2 2 2 2 2 2 2 2 2 2 2 2 2 2 2 2 2 2 2 2 2 2 2 2 2 2 2 2
left_child=1 10 5 -3 6 20 7 -5 9 -8 11 15 -13 -14 -12 16 -1 -18 19 -10 -2 -22 25 24 -24 -11 -27 28 29 -20
right_child=2 3 -4 4 -6 -7 8 -9 18 22 14 12 13 -15 -16 -17 17 -19 27 -21 21 -23 23 -25 -26 26 -28 -29 -30 -31
leaf_value=0.00013934407432895162 0.0002555350335092462 -7.6416256508088541e-05 0.00073394715983519292 -7.3551318392324049e-05 5.4872465872910208e-05 -0.00012014197363595589 0.00013991569503737355 -0.00026515287801035837 0.00034123072948103871 -5.8621113223507677e-05 0.00055901060465336587 -0.00020951012915037417 6.5528900709262939e-05 -0.00028046653835422681 7.4413498953513875e-05 0.00010622870985906538 -2.6160840200053876e-05 0.00031829917919380435 8.2448387015564338e-05 -9.1756329415442319e-05 8.5825875495655287e-05 -0.00066822348392616868 0.00013844649808341007 0.00012393483534400832 -0.00022193749173105874 0.00052780267322450269 4.772810526664081e-05 -0.0003578113132364166 0.00058039107282717645 -0.00013235144580452446
leaf_weight=1040 2283 8803 417 5616 3752 379 860 225 79 4511 276 563 882 183 740 1688 4017 180 1256 4372 10655 66 257 1313 336 156 823 75 117 502
leaf_count=1040 2283 8803 417 5616 3752 379 860 225 79 4511 276 563 882 183 740 1688 4017 180 1256 4372 10655 66 257 1313 336 156 823 75 117 502
internal_value=-9.57073e-05 -0.00125874 0.00349638 -0.00208226 -0.00120412 0.00303183 -0.00183189 -0.00404468 -0.000950058 0.00052689 0.00158585 0.0008915 -0.00362408 0.000633803 0.0074311 0.00195307 0.000644453 -0.000816059 -0.00285502 -0.00442035 0.00333359 0.00257205 -0.000277177 0.00343652 -0.00425801 -0.00156648 0.00462206 0.000717949 0.00153333 0.000455063
internal_weight=56422 42622 13800 33053 24250 13383 20498 5841 14657 8256 9569 8553 1628 1065 1016 6925 5237 4197 6401 4451 13004 10721 7396 1906 593 5490 979 1950 1875 1758
internal_count=56422 42622 13800 33053 24250 13383 20498 5841 14657 8256 9569 8553 1628 1065 1016 6925 5237 4197 6401 4451 13004 10721 7396 1906 593 5490 979 1950 1875 1758
is_linear=0
shrinkage=0.05


Tree=15
num_leaves=31
num_cat=0
split_feature=4 13 11 4 4 15 15 10 11 13 14 11 16 15 11 16 15 10 16 12 12 12 14 10 9 10 16 11 13 11
split_gain=86.3716 40.9347 27.7369 26.6976 22.469 21.0404 29.5637 23.4668 17.3835 17.3457 14.2411 14.1048 18.2501 17.6079 16.7657 32.2457 19.3241 15.2412 13.5486 14.9861 12.8403 12.5484 12.5322 12.1842 21.7171 12.5361 11.92 16.424 18.1235 14.5588
threshold=0.020765037328306191 33.719999313354499 0.049786162731180202 0.039750669581070777 0.013420666152499679 -0.0043588636449231602 0.0069850589999882482 0.0040968178286348031 0.013658203513240543 21.409999847412113 -0.10816573528732347 -0.023324981642921735 -0.025366837521803628 -0.022177877438313117 -0.030384470516343128 -0.028704172201534425 -0.016790394144515549 0.0041960795209391452 -0.0097924835523301428 0.040312415369648032 -0.062212447341067838 -0.038043904409190692 -0.031797969764534688 -0.0037750757818245657 -0.23022843351293018 -0.0045587761694280129 -0.0071335133968779543 -0.0072461958036925669 20.865000724792484 0.021563069340693967
decision_type=2 2 2 2 2 2 2 2 2 2 2 2 2 2 2 2 2 2 2 2 2 2 2 2 10 2 2 2 2 2
left_child=4 2 3 11 -1 -6 9 8 -8 10 -7 14 21 -14 15 16 -2 -16 19 -15 -20 -13 -10 24 25 -12 29 28 -28 -22
right_child=1 -3 -4 -5 5 6 7 -9 22 -11 23 12 13 18 17 -17 -18 -19 20 -21 26 -23 -24 -25 -26 -27 27 -29 -30 -31
leaf_value=-0.00010204576742427131 -0.0004412264377300657 0.00058851112284679849 -0.00015951764551227853 0.00025482968597841923 1.1869879179230055e-05 0.00029002274290572996 0.00017048351208415427 -2.9057402415824838e-05 0.00026215770870890797 0.00014139326933735029 -0.00019721647263444805 -0.00069398306728520726 -0.00041875330851482979 6.6776914947184896e-05 0.00029120727647099549 -0.00011747041405801156 0.00037178354318204143 -0.00016410769153136977 -0.00026561374021473889 0.00027645339416024938 -0.00010010874976023112 -8.3806589136334068e-05 -0.00013728717713839316 -9.151347515345627e-05 8.6449753726925571e-05 6.3481319104237782e-05 0.00018070885464177498 1.2291161036747647e-05 -0.00026648592241922158 0.00042946023102061176
leaf_weight=2238 117 469 565 3262 5695 91 1042 4127 52 312 343 139 106 3806 1109 588 366 142 249 420 1060 805 234 9315 973 87 1379 17134 160 47
leaf_count=2238 117 469 565 3262 5695 91 1042 4127 52 312 343 139 106 3806 1109 588 366 142 249 420 1060 805 234 9315 973 87 1379 17134 160 47
internal_value=-0.000118727 0.00159524 0.00137661 0.00157742 -0.00235118 -0.00187127 -0.00277208 0.000242896 0.0060241 -0.00425097 -0.00458646 0.00107232 0.000730093 0.000994417 0.00480189 0.000210084 0.00978261 0.00873301 0.00108328 0.00365594 0.000540466 -0.0060911 -0.0048951 -0.00475369 -0.000409836 -0.00976744 0.000682508 0.000981363 0.00592917 -0.00435863
internal_weight=56432 31923 31454 30889 24509 22271 16576 5455 1328 11121 10809 27627 25305 24361 2322 1071 483 1251 24255 4226 20029 944 286 10718 1403 430 19780 18673 1539 1107
internal_count=56432 31923 31454 30889 24509 22271 16576 5455 1328 11121 10809 27627 25305 24361 2322 1071 483 1251 24255 4226 20029 944 286 10718 1403 430 19780 18673 1539 1107
is_linear=0
shrinkage=0.05


Tree=16
num_leaves=31
num_cat=0
split_feature=4 13 13 6 11 10 4 13 12 13 11 13 13 12 13 12 13 10 15 15 15 11 10 14 10 15 10 12 15 6
split_gain=79.1586 41.2521 27.1064 22.4302 19.0082 18.6141 17.4079 16.8326 14.6129 15.5589 21.257 20.9434 19.4511 17.0207 16.3396 14.5849 14.6316 15.0766 13.2571 21.4709 12.9738 26.6246 28.2733 19.1602 16.8386 16.5344 15.2952 15.2652 13.1691 12.6679
threshold=0.023417570567092066 33.719999313354499 15.194999694824221 -0.83499966528090874 0.049786162731180202 -0.0072745110629502388 0.038249453391899509 15.355000019073488 0.0098181061212317972 17.164999961853031 0.023556507007103659 17.050000190734867 20.375000000000004 0.033074860381173139 21.409999847412113 -0.075828258528587975 28.970000267028812 0.0014013847331743048 -0.00028770278768397434 -0.0012677115600719933 0.0036253037598222852 0.011626690848287493 0.0095076227407933107 0.0091478412114857095 0.0017576086312266483 -0.0034245668613106513 0.009886389915227169 0.050572968372656575 -0.0023125773011111734 0.94704990811999568
decision_type=2 2 2 2 2 2 2 2 2 2 2 2 2 2 2 2 2 2 2 2 2 2 2 2 2 2 2 2 2 2
left_child=2 4 3 -1 6 -5 29 -4 -9 10 11 -10 18 -14 -15 -8 -17 -18 19 -11 23 22 -22 24 28 -25 -23 -28 -7 -2
right_child=1 -3 7 5 -6 20 15 8 9 12 -12 -13 13 14 -16 16 17 -19 -20 -21 21 26 -24 25 -26 -27 27 -29 -30 -31
leaf_value=-0.00011348378974790634 1.8865644077756911e-05 0.00061383297550868254 0.00016613143458202304 0.0001160865649730729 -0.00014119498062852489 5.6381356672005611e-05 0.0011463061875900107 1.5425101632132322e-05 -2.9589306270454467e-05 -8.3004748687640469e-05 0.0002415901931690976 0.00020550866667400455 0.00022154576479240093 -0.00020784146344677079 0.00016211618527744954 0.00021457791349805802 6.7617740947028233e-05 -0.00082158072988287 -0.00012671832787691757 0.00024782952038447295 9.5207188896105285e-05 -0.0001247605528931347 -0.00019077923150633491 -8.7238577996204793e-05 -0.00010186256905962889 -0.00020401719885293482 0.00011666440526620797 -0.0001990884288669957 -7.3506776636124345e-05 0.00013320261560763994
leaf_weight=2388 15976 465 440 590 474 1280 173 7956 4476 1817 373 345 385 254 203 3556 99 97 2106 191 1863 1648 350 1335 1456 1118 501 231 1134 3105
leaf_count=2388 15976 465 440 590 474 1280 173 7956 4476 1817 373 345 385 254 203 3556 99 97 2106 191 1863 1648 350 1335 1456 1118 501 231 1134 3105
internal_value=-9.97606e-05 0.00208081 -0.00170931 -0.00337916 0.00178876 -0.00246393 0.00199296 -0.00045832 -0.00069314 -0.00195074 -3.8506e-05 -0.000928231 -0.0039548 0.00296912 -0.0035558 0.00502548 0.004371 -0.00892857 -0.0053719 -0.00246514 -0.00293148 -0.000908992 0.00303886 -0.0044006 -0.0022093 -0.00785773 -0.00457983 0.00143443 0.000352113 0.00136916
internal_weight=56385 23945 32440 13894 23480 11506 23006 18546 18106 10150 5194 4821 4956 842 457 3925 3752 196 4114 2008 10916 4593 2213 6323 3870 2453 2380 732 2414 19081
internal_count=56385 23945 32440 13894 23480 11506 23006 18546 18106 10150 5194 4821 4956 842 457 3925 3752 196 4114 2008 10916 4593 2213 6323 3870 2453 2380 732 2414 19081
is_linear=0
shrinkage=0.05


Tree=17
num_leaves=31
num_cat=0
split_feature=5 12 15 15 14 10 11 5 16 14 6 16 16 16 11 11 16 16 10 6 10 14 10 10 12 15 12 12 11 12
split_gain=81.8318 33.767 31.5941 35.6357 27.6885 27.3356 18.0835 17.2752 15.656 18.1648 14.1906 14.0189 13.1962 16.1206 24.2785 18.3174 18.7804 12.9197 12.7624 12.203 11.7371 11.5148 11.4784 12.3215 11.4739 17.3135 11.2778 14.0622 18.2514 14.9662
threshold=0.016609073246823355 -0.075828258528587975 -0.0043588636449231602 0.0070336128420815944 -0.10344834121785244 0.0031270998422653355 0.0039565944761287284 0.011250324600926518 0.0372553175930408 -1.0000000180025095e-35 1.4633300359670944 0.013497547864459116 0.035035748343718261 0.022549420662547063 0.016611692881519539 0.011580501349989005 0.011494976033377348 -0.031011212726662404 -0.0022466027012056906 -0.29566719436842737 0.0028760808963153033 0.032336920174311119 0.0053939228347296151 0.0042845596589152777 0.027082991188188469 0.00021127380678642729 0.079276268912555029 0.031890039061923899 -0.013642656733636292 -0.051373899775069835
decision_type=2 2 2 2 2 2 2 2 2 2 2 2 2 2 2 2 2 2 2 2 2 2 2 2 2 2 2 2 2 2
left_child=2 -2 10 4 -4 6 -5 -6 9 12 11 17 13 14 15 26 -17 -1 -13 -3 -8 -9 23 -10 -23 -26 27 28 29 -7
right_child=1 19 3 5 7 8 20 21 22 -11 -12 18 -14 -15 -16 16 -18 -19 -20 -21 -22 24 -24 -25 25 -27 -28 -29 -30 -31
leaf_value=0.00012394398292307182 0.0007443121161569068 2.9573495011143634e-05 0.00025612355689240543 0.00024916354623975959 -8.6750908298842248e-05 0.00024251415955854963 -1.2461213338123019e-05 -5.7080012636851007e-05 -0.000205341725057317 0.00013720792149440834 0.00013296648128330635 1.691753948571753e-05 0.00024439676050698201 -0.00010586181001452416 0.0001548307317231221 -0.00025911069291247312 -1.6749717173205217e-05 -1.5458255754199946e-05 0.00023068887959636349 0.0001398911990364502 0.0003205471069376185 8.6144462386636298e-05 -0.000172610303830998 0.00027953222861588358 6.0540006162798692e-05 -0.00017932558347161936 0.00041810799581083681 -7.8025540163742144e-05 6.9262434870466177e-05 -0.00019489971338034921
leaf_weight=738 553 7071 305 706 7857 61 791 9769 61 781 1365 616 151 894 606 425 429 7940 456 7760 210 1280 725 90 434 402 63 1254 2085 548
leaf_count=738 553 7071 305 706 7857 61 791 9769 61 781 1365 616 151 894 606 425 429 7940 456 7760 210 1280 725 90 434 402 63 1254 2085 548
internal_value=-6.20281e-06 0.00310387 -0.00117197 -0.00201741 -0.00322866 0.000440283 0.00619508 -0.00345963 -0.000761654 -3.42607e-06 0.00110436 0.000435897 -0.000867096 -0.00121367 -0.000196491 -0.00137205 -0.00802108 -0.000230468 0.00583022 0.00265154 0.00187313 -0.00225705 -0.00707763 0.00546358 0.00108696 -0.0034689 4.363e-05 -0.000291287 0.00174462 -0.00587028
internal_weight=56426 15384 41042 29927 20047 9880 1707 19742 8173 7297 11115 9750 6516 6365 5471 4865 854 8678 1072 14831 1001 11885 876 151 2116 836 4011 3948 2694 609
internal_count=56426 15384 41042 29927 20047 9880 1707 19742 8173 7297 11115 9750 6516 6365 5471 4865 854 8678 1072 14831 1001 11885 876 151 2116 836 4011 3948 2694 609
is_linear=0
shrinkage=0.05


Tree=18
num_leaves=31
num_cat=0
split_feature=4 12 13 10 6 12 11 12 12 10 14 6 11 9 14 15 14 10 13 8 12 10 13 14 10 15 13 13 14 14
split_gain=70.3613 34.6673 25.6975 22.8124 20.1957 16.0427 18.6312 16.916 18.0644 21.5047 15.9731 15.7572 15.7599 14.8167 14.0543 23.1847 22.0446 16.4711 12.5425 12.2164 12.6798 20.2904 12.1161 14.1605 30.7593 18.623 16.7243 17.6562 14.211 13.5786
threshold=0.023822566437112218 -0.075828258528587975 14.244999885559084 -0.0072745110629502388 -1.1684485053203868 0.060450454040979047 0.0081473860033931551 0.04854639636196257 0.04760809957201418 -0.00020808109627140634 0.0250539094836888 1.3349443381550044 -0.023324981642921735 0.25008007094500578 -0.037374592254897913 0.010693774482794407 -0.041361708055104078 0.012088730385577119 12.325000286102297 inf -0.062212447341067838 0.015271909157567489 12.119999885559084 0.0091478412114857095 0.00090086479202544656 0.00016243419886563529 12.84500026702881 13.525000095367433 0.044393091515214207 -0.021590127132527389
decision_type=2 2 2 2 2 2 2 2 2 2 2 2 2 8 2 2 2 2 2 8 2 2 2 2 2 2 2 2 2 2
left_child=2 -2 3 -1 -5 7 -7 8 22 -10 14 12 -3 -8 16 -16 -4 -18 -9 20 21 -14 -6 25 -25 26 -24 -28 -26 -27
right_child=1 11 10 4 5 6 13 18 9 -11 -12 -13 19 -15 15 -17 17 -19 -20 -21 -22 -23 23 24 28 29 27 -29 -30 -31
leaf_value=0.00014416356514996705 0.00053717395029905391 0.00017809692188807812 -1.0434405987652619e-05 -0.00015315443582791138 -0.00030255887197632933 0.0002497371829710664 -9.3094407486991036e-05 0.0001152694622020552 -0.00022751675766896683 0.00022337379635682157 2.1789307695545269e-05 0.00019217619617821585 -0.00032875753892805387 0.00035583707696880667 -6.1929990975999593e-05 0.00010024616871295682 0.0002049918993750934 -0.00030941323626598608 -0.00019072895389845979 -0.00013053947701732963 3.4459780346701722e-05 0.00082199714183538218 -7.245646128495793e-05 -0.00018484128746369877 -1.9714238687823949e-05 -2.9264481714268914e-05 0.00021751893591401197 5.1209040225548353e-06 0.00053127492994102098 -0.00012688443111388755
leaf_weight=319 729 1506 5578 656 201 239 354 104 104 438 7823 2561 366 65 8865 820 576 41 895 674 16981 61 511 1462 512 1682 474 616 110 1160
leaf_count=319 729 1506 5578 656 201 239 354 104 104 438 7823 2561 366 65 8865 820 576 41 895 674 16981 61 511 1462 512 1682 474 616 110 1160
internal_value=-7.56865e-05 0.00206312 -0.00153177 -0.00367098 -0.00410884 -0.00348661 0.00402736 -0.00408453 -0.00324622 0.00553506 -0.000638105 0.00171001 0.00122779 -0.00232697 -0.00154912 -0.00273877 0.000310734 0.00927877 -0.0101852 0.000818494 0.00107422 -0.0074356 -0.00395363 -0.00358128 -0.00698177 -0.00198627 0.00232667 0.00582569 0.00233119 -0.0044159
internal_weight=56483 22878 33605 9902 9583 8927 658 8269 7270 542 23703 22149 19588 419 15880 9685 6195 617 999 18082 17408 427 6728 6527 2084 4443 1601 1090 622 2842
internal_count=56483 22878 33605 9902 9583 8927 658 8269 7270 542 23703 22149 19588 419 15880 9685 6195 617 999 18082 17408 427 6728 6527 2084 4443 1601 1090 622 2842
is_linear=0
shrinkage=0.05


Tree=19
num_leaves=31
num_cat=0
split_feature=5 11 10 13 5 16 13 11 5 13 13 13 11 13 13 16 13 12 3 11 13 16 14 11 10 15 15 13 16 10
split_gain=72.1878 30.5476 25.6973 19.8727 19.3532 16.5709 15.4812 13.8346 12.7509 12.1246 22.0514 16.9732 15.9136 14.3697 14.157 20.6631 19.0724 16.9941 15.2508 14.7672 15.1041 14.5062 14.154 13.662 12.3258 12.1976 12.1154 12.1044 11.7054 11.0146
threshold=0.013664768158134234 -0.023324981642921735 0.0041960795209391452 12.84500026702881 0.022880490683211633 -0.031011212726662404 12.88000011444092 0.049786162731180202 0.009009035242985448 22.330000877380375 25.505000114440922 21.724999427795414 -0.0072461958036925669 27.365000724792484 18.015000343322757 0.0086379701369299084 20.375000000000004 0.043286848423385378 0.0055034224395615903 -0.0030472958153792136 14.675000190734865 0.008435613431825419 -0.036136320679139293 0.010353223203457886 0.0070711617460903495 0.010496188067741887 -0.0023517382171462926 46.145000457763679 0.018916129259167639 0.025743646111632715
decision_type=2 2 2 2 2 2 2 2 2 2 2 2 2 2 2 2 2 2 2 2 2 2 2 2 2 2 2 2 2 2
left_child=3 2 27 -1 7 -5 -7 9 -8 11 24 12 -3 -12 19 17 18 21 -17 -14 23 -16 -19 -21 -11 -26 -25 -2 -22 -27
right_child=1 4 -4 5 -6 6 8 -9 -10 10 13 -13 14 -15 15 16 -18 22 -20 20 28 -23 -24 26 25 29 -28 -29 -30 -31
leaf_value=-8.9124226251681936e-05 0.00024700818689433156 0.00011208079762421936 -0.00015788402945830535 0.00012167720972273014 0.00015178635346172243 0.00027459845302636244 -6.9083330798248212e-05 -0.00015386616599091918 -2.188827829304428e-05 -0.000196838952949845 0.00041645254894032998 0.00032818927156528469 -0.00011228902775751258 -5.9572145316887008e-05 -8.1859524406803074e-05 -0.00022300832768150578 0.00018981015257512441 -0.00015175329192949774 5.9259547658624056e-06 7.8102193599121792e-05 4.4460883106871909e-05 0.0005754322473831132 0.00023163643456875022 0.00011964581230657323 0.00026740886758269661 -0.00027876854792492384 -0.00010843802884237236 0.0021860490156630648 0.00016802521275994928 0.00049727687028410428
leaf_weight=2686 2101 2803 378 666 4290 200 3247 284 22302 894 288 245 882 213 1088 1297 305 117 393 1416 5007 64 508 377 154 209 1945 134 1859 50
leaf_count=2686 2101 2803 378 666 4290 200 3247 284 22302 894 288 245 882 213 1088 1297 305 117 393 1416 5007 64 508 377 154 209 1945 134 1859 50
internal_value=-8.95358e-05 0.00175726 0.0068982 -0.0018221 0.00121314 -0.00140545 -0.00160686 0.000571134 -0.00171533 0.000725863 -0.00318031 0.00111166 0.000934334 0.00573852 0.000298204 -0.00235949 -0.00585213 0.00156162 -0.00792899 0.00117099 0.00168804 -0.00203993 0.0082 -0.000869449 -0.00659908 0.000544794 -0.00322997 0.00893736 0.0030804 -0.00608108
internal_weight=56402 27301 2613 29101 24688 26415 25749 20398 25549 20114 1808 18306 18061 501 15258 3772 1995 1777 1690 11486 10604 1152 625 3738 1307 413 2322 2235 6866 259
internal_count=56402 27301 2613 29101 24688 26415 25749 20398 25549 20114 1808 18306 18061 501 15258 3772 1995 1777 1690 11486 10604 1152 625 3738 1307 413 2322 2235 6866 259
is_linear=0
shrinkage=0.05


Tree=20
num_leaves=31
num_cat=0
split_feature=4 4 12 11 11 16 15 15 16 15 11 14 14 11 12 14 14 14 13 14 14 15 15 12 15 13 13 13 13 16
split_gain=62.865 27.4852 26.364 16.4508 14.8867 17.1762 17.8011 23.6898 22.6135 22.43 20.0689 19.4545 19.4514 17.9697 14.6734 13.6763 25.5598 15.2651 13.0998 13.6915 13.1379 11.9509 11.8629 11.7934 11.009 11.0041 10.866 21.097 14.5969 19.6098
threshold=0.028344752463091528 0.017289958296764284 -0.075828258528587975 0.047954932638038301 -0.023324981642921735 -0.025366837521803628 0.0068591194263190056 -0.00022044964607037529 0.0372553175930408 0.00080251337777137454 0.033347436707806384 -0.10344834121785244 -0.0087527259018278496 0.043629648098683645 0.029689605968967085 0.032336920174311119 0.0091478412114857095 0.037142264963949019 12.994999885559084 -0.13532199000438486 -0.12096344977185801 0.017540331478376973 0.0065398309894846305 0.031326676992261111 0.010496188067741887 17.615000724792484 19.010000228881839 17.875000000000004 16.355000495910648 0.019503736293567501
decision_type=2 2 2 2 2 2 2 2 2 2 2 2 2 2 2 2 2 2 2 2 2 2 2 2 2 2 2 2 2 2
left_child=1 -1 -2 4 25 24 7 14 12 10 -9 -11 18 -10 15 16 -7 -17 -8 -20 -21 -14 26 -16 -6 -3 27 28 -13 -30
right_child=2 3 -4 -5 5 6 8 9 13 11 -12 22 21 -15 23 17 -18 -19 19 20 -22 -23 -24 -25 -26 -27 -28 -29 29 -31
leaf_value=-4.9312481806880259e-05 0.00062326899079493618 -0.00018199524579087846 7.4633752182141268e-05 -0.00021094072865996368 -8.6453382431468878e-05 -6.3450902046550793e-06 -0.00013480590902628653 -0.00017719465738766615 -0.00016989537384728536 0.00031344976481078273 0.00016007246513553494 -7.3590310465550517e-05 0.00017181895313595443 0.00023521026099375072 0.00036524949446179941 0.00034065013312756373 -0.00018291913265316799 1.8493148121620767e-05 -0.00012059411350403673 0.00060920323453331042 3.7247788898811055e-05 -0.00031485947308509564 -0.00034752422316831764 4.4421431418098166e-05 -0.00040440257632347445 9.3980999965517092e-05 6.6842921230383584e-05 -0.00026251385985459613 -3.2178287459020633e-05 0.00020079326627689818
leaf_weight=12650 585 118 12918 339 624 2969 254 1240 663 155 81 3375 1432 98 199 190 1076 3556 338 169 4262 43 272 3472 137 2137 895 454 1056 527
leaf_count=12650 585 118 12918 339 624 2969 254 1240 663 155 81 3375 1432 98 199 190 1076 3556 338 169 4262 43 272 3472 137 2137 895 454 1056 527
internal_value=-6.5738e-05 -0.00100453 0.00290861 -0.000183366 -5.87406e-05 -0.000378582 -0.000168061 -0.000954296 0.00194586 -0.00303228 -0.0089894 -0.00186368 0.00290089 -0.00620894 0.00050602 -0.000721987 -0.00273795 0.00145489 0.00141848 0.00200776 0.00274769 0.00794915 -0.00227618 0.00311223 -0.00778581 0.00384701 -0.00183526 -0.00267923 -0.00173457 0.00222678
internal_weight=56284 42781 13503 30131 29792 27537 26776 19517 7259 8055 1321 6734 6498 761 11462 7791 4045 3746 5023 4769 4431 1475 6579 3671 761 2255 6307 5412 4958 1583
internal_count=56284 42781 13503 30131 29792 27537 26776 19517 7259 8055 1321 6734 6498 761 11462 7791 4045 3746 5023 4769 4431 1475 6579 3671 761 2255 6307 5412 4958 1583
is_linear=0
shrinkage=0.05


Tree=21
num_leaves=31
num_cat=0
split_feature=4 4 12 6 6 10 10 15 6 16 4 16 12 12 13 16 13 10 15 16 10 12 15 10 16 13 13 13 10 16
split_gain=56.3312 26.3086 25.7914 13.7258 12.4687 11.9911 14.6687 12.8038 11.4602 12.7349 10.4091 9.84684 12.013 9.40975 10.0163 15.435 13.0933 12.253 9.0373 8.88177 8.82184 8.54698 8.95712 13.3748 13.4581 10.5176 12.2308 9.10212 14.3507 8.86679
threshold=0.030408485184508179 0.018367993701036724 -0.0800835440536906 -1.2107249421672053 -0.28834802454689828 -0.0043931743596038455 -0.004854933316951914 -0.017588270772269262 -0.0097370779132217398 -0.046161116172452159 0.012257772705835834 -0.009004786696278964 0.040312415369648032 0.010183672155494096 17.945000648498539 0.0086379701369299084 20.154999732971195 -0.0074311148447236399 0.0067070622543276013 0.083494080699273013 -0.00075291424678586283 -0.051373899775069835 0.0069850589999882482 0.010706298080283895 0.046738053510408058 20.375000000000004 23.604999542236332 20.814999580383304 0.0070711617460903495 0.044952978607285317
decision_type=2 2 2 2 2 2 2 2 2 2 2 2 2 2 2 2 2 2 2 2 2 2 2 2 2 2 2 2 2 2
left_child=1 3 -2 -1 11 6 18 -7 19 -10 -9 12 -3 -6 17 -16 20 -15 -5 -4 -17 -13 25 24 27 -23 -27 -24 -29 -28
right_child=2 4 8 5 13 7 -8 10 9 -11 -12 21 -14 14 15 16 -18 -19 -20 -21 -22 22 23 -25 -26 26 29 28 -30 -31
leaf_value=-0.0001087653310312981 0.0007296078230904394 5.942607813990472e-06 4.8149313094536696e-05 -6.9705939578551016e-06 6.1120567818096725e-05 0.00070494959826979868 0.0002321142319635758 -0.00011129181360378472 -0.00065843547663164189 0.00019555058447653147 -4.3438227635282423e-05 -0.00023229668253700277 0.00023330903227332901 0.00023272520690629551 1.8899658769374815e-05 -0.00040186485947510972 0.0001451037451102844 9.1734843800232384e-06 0.00027606848993786597 -0.00025306045416219856 -0.00015771761828141455 -6.1151278192415987e-05 9.7295439772431425e-05 -9.1584180384165527e-05 -0.00016486616353796735 0.00017809870177492131 -0.00022383074297845922 -0.0003663648246231381 0.00041276096412652972 0.00042302786120251195
leaf_weight=900 388 3139 6159 2739 6094 61 173 680 120 3911 11850 156 279 405 1116 244 158 7270 78 58 445 6645 1715 657 130 400 132 103 44 48
leaf_count=900 388 3139 6159 2739 6094 61 173 680 120 3911 11850 156 279 405 1116 244 158 7270 78 58 445 6645 1715 657 130 400 132 103 44 48
internal_value=-8.03773e-05 -0.000843718 0.00319669 -0.00244069 5.82591e-05 -0.0020939 0.000752508 -0.00276984 0.0027176 0.0047941 -0.00288109 -0.00105964 0.00125805 0.00101386 4.15024e-05 -0.0031457 -0.00823495 0.000856678 -0.000115371 0.00137124 -0.0112119 -0.00184945 -0.00166599 0.000821065 0.00286145 -0.00257785 0.00387931 0.00394737 -0.0079932 -0.00694444
internal_weight=56297 45661 10636 16481 29180 15581 2990 12591 10248 4031 12530 13448 3418 15732 9638 1963 847 7675 2817 6217 689 10030 9874 2649 1992 7225 580 1862 147 180
internal_count=56297 45661 10636 16481 29180 15581 2990 12591 10248 4031 12530 13448 3418 15732 9638 1963 847 7675 2817 6217 689 10030 9874 2649 1992 7225 580 1862 147 180
is_linear=0
shrinkage=0.05


Tree=22
num_leaves=31
num_cat=0
split_feature=4 12 4 11 11 11 13 9 11 12 12 11 10 10 13 9 15 10 15 14 10 11 14 15 10 15 10 14 12 12
split_gain=48.4448 25.9688 24.9679 17.1391 14.0727 12.9554 18.6503 11.1188 11.5078 11.0496 12.4387 15.0262 10.9656 21.3342 15.0743 18.47 14.1365 19.5315 17.6343 17.5229 11.4375 10.9168 10.7836 10.7231 10.5328 10.4705 10.1537 9.98416 9.78153 9.69913
threshold=0.028211670339992743 -0.0800835440536906 0.017289958296764284 -0.0072461958036925669 0.047954932638038301 -0.0030472958153792136 19.520000457763675 0.15650341651724567 -0.017686131484892616 0.04854639636196257 0.060450454040979047 0.0081473860033931551 0.0047289362595872584 0.010706298080283895 14.119999885559084 -0.23022843351293018 -0.0018430547924185301 0.0036023274720613512 0.0069850589999882482 -0.031797969764534688 0.0180492430338598 -0.0030472958153792136 0.022733060097011152 -0.019417914233698149 -0.0019771286698093134 0.0077708186895578688 0.0099554274081197231 -0.062752290881895975 0.0098181061212317972 0.044320340975829382
decision_type=2 2 2 2 2 2 2 8 2 2 2 2 2 2 2 10 2 2 2 2 2 2 2 2 2 2 2 2 2 2
left_child=2 -2 9 -4 5 6 -5 -3 -9 29 -11 21 16 14 22 -16 17 19 -18 -7 25 -12 -14 -21 -20 28 -17 -27 -15 -1
right_child=1 7 3 4 -6 12 -8 8 -10 10 11 -13 13 20 15 26 18 -19 24 23 -22 -23 -24 -25 -26 27 -28 -29 -30 -31
leaf_value=-4.1986126531053797e-05 0.00062386575727282456 2.6323385345914871e-05 4.1445301875623051e-05 -0.00010622241478580545 -0.00018510907529514258 0.00040395013258004279 0.00012910522455540863 0.00030304823087548083 0.00010015477596165739 -0.00013551216106990431 -0.00015052330176920935 -9.1745819802904716e-05 -5.6546663195763697e-05 0.0002658010961866844 0.00025640292088665933 3.299277466662261e-05 -6.9933414700804752e-05 -0.00042191401720275708 -0.00020351694723024332 -0.00045097081599068488 7.0033328701197756e-05 0.00021691133558637008 0.0001927563354377225 2.0460150253548807e-05 7.4479501100332754e-05 -0.00021518200750419506 0.00034003885130159646 -6.5547851171226344e-05 -6.6675434840310536e-05 3.9756951518065874e-05
leaf_weight=10061 415 7893 7363 1777 344 193 422 689 4776 1024 69 432 1140 105 663 2736 5913 127 165 55 352 177 171 5386 1276 502 350 662 313 884
leaf_count=10061 415 7893 7363 1777 344 193 422 689 4776 1024 69 432 1140 105 663 2736 5913 127 165 55 352 177 171 5386 1276 502 350 662 313 884
internal_value=-0.000136883 0.00244137 -0.000969247 -0.000184075 -0.000865266 -0.000710507 -0.00435425 0.00205869 0.00379231 -0.00283269 -0.00658049 -0.00132743 -0.000312049 0.00128682 0.00299407 0.0046079 -0.0011647 0.000689984 -0.00261762 0.00112709 -0.00317994 0.00853659 -0.0016209 0.000601911 0.00234212 -0.00499368 0.00298121 -0.00743127 0.00179426 -0.00224989
internal_weight=56435 13773 42662 30015 22652 22308 2199 13358 5465 12647 1702 678 20109 6994 5060 3749 13115 5761 7354 5634 1934 246 1311 5441 1441 1582 3086 1164 418 10945
internal_count=56435 13773 42662 30015 22652 22308 2199 13358 5465 12647 1702 678 20109 6994 5060 3749 13115 5761 7354 5634 1934 246 1311 5441 1441 1582 3086 1164 418 10945
is_linear=0
shrinkage=0.05


Tree=23
num_leaves=31
num_cat=0
split_feature=5 11 6 13 12 15 13 13 6 13 6 13 16 10 11 11 16 14 15 14 12 16 15 16 13 11 14 11 16 15
split_gain=45.9493 27.8366 25.7131 19.502 14.9503 13.5992 12.8809 20.9692 12.4131 11.883 11.3334 10.8265 11.0071 9.99393 9.37467 12.5327 11.8289 25.0485 16.6379 11.7249 11.9392 11.347 14.1372 10.8091 10.6288 10.6053 28.496 9.14382 11.4852 9.14015
threshold=0.016609073246823355 -0.014346854625401638 -0.28834802454689828 14.244999885559084 0.0094949334570126904 -0.0023125773011111734 17.164999961853031 16.914999961853031 -1.5181814633679236 38.065000534057624 -0.019376246941168976 13.795000076293947 0.047257929619919044 0.031057656448531649 0.037452898348852799 0.049786162731180202 0.029726201044593562 0.047546513885702975 0.010818926287891275 -0.049735428455543622 0.037928209773965056 0.0058800745568491361 0.014330559564012193 -0.002139927825190346 12.325000286102297 0.0069117178035681412 0.0091478412114857095 -0.020171834808393903 -0.017857064759930704 0.010307991470511759
decision_type=2 2 2 2 2 2 2 2 2 2 2 2 2 2 2 2 2 2 2 2 2 2 2 2 2 2 2 2 2 2
left_child=2 9 3 8 11 27 7 14 -1 13 -3 -4 -13 -2 16 -16 18 -18 19 24 23 -20 -23 -21 -7 26 -25 -6 -29 -5
right_child=1 10 4 29 5 6 -8 -9 -10 -11 -12 12 -14 -15 15 -17 17 -19 21 20 -22 22 -24 25 -26 -27 -28 28 -30 -31
leaf_value=-0.00018778148596760764 0.00020698210075698878 1.5160760375850998e-06 0.00018399137556440281 -3.0937987321892624e-05 0.00031142444079187612 -0.00029509062233267565 -0.00010254495845566673 0.00021532777771413647 -7.1587011157457029e-05 0.00069089987700196305 0.00010515725476779141 3.0269236376689402e-05 0.00055036542404586248 -0.00065581632240204889 0.00031285877573999617 -9.042934754995851e-05 -0.00015002786670759117 0.00067932603183543984 -6.3287838905335287e-05 -0.00020719470358396917 2.5410290127948592e-06 0.0003229709339143649 -5.0314737637339318e-06 0.00019651324849214672 9.1715193350638396e-05 -9.8401035541575334e-05 -0.00015766163960172729 -0.00010877762943378297 3.4266550553395916e-05 2.8603227025313964e-05
leaf_weight=243 2648 7779 214 11892 257 40 1967 306 5006 272 4523 7238 91 66 134 59 1077 88 263 471 1848 429 281 359 711 1515 300 629 3975 1647
leaf_count=243 2648 7779 214 11892 257 40 1967 306 5006 272 4523 7238 91 66 134 59 1077 88 263 471 1848 429 281 359 711 1515 300 629 3975 1647
internal_value=-8.96535e-05 0.00225013 -0.000961257 -0.00232329 0.000188747 -0.000739343 -0.00180747 -0.000904073 -0.00491046 0.00658071 0.00119899 0.00199854 0.00167485 0.00558217 -0.00142244 0.00945596 -0.00170685 -0.00633047 -0.000840438 -0.00195461 -0.00292121 0.00516444 0.0084507 -0.00507561 0.00382823 -0.00358786 0.00170713 0.0014246 0.00091225 -0.00132026
internal_weight=56328 15288 41040 18788 22252 14709 9848 7881 5249 2986 12302 7543 7329 2714 7575 193 7382 1165 6217 5244 4493 973 710 2645 751 2174 659 4861 4604 13539
internal_count=56328 15288 41040 18788 22252 14709 9848 7881 5249 2986 12302 7543 7329 2714 7575 193 7382 1165 6217 5244 4493 973 710 2645 751 2174 659 4861 4604 13539
is_linear=0
shrinkage=0.05


Tree=24
num_leaves=31
num_cat=0
split_feature=5 11 10 6 15 15 13 15 15 11 10 11 16 13 13 13 13 15 14 15 11 10 14 11 16 11 6 10 11 13
split_gain=47.8326 28.1794 20.073 19.8948 16.5106 17.5421 15.544 14.3441 16.3236 19.8872 21.0196 15.7205 16.7778 15.7181 15.5563 14.8817 29.948 16.3682 16.613 18.8301 12.9435 17.0523 12.4429 13.6701 16.9943 11.2286 11.1528 11.0462 12.0034 11.0338
threshold=0.012806422940597332 -0.023324981642921735 0.0041960795209391452 1.6528774582209189 -0.0043588636449231602 0.0069850589999882482 21.409999847412113 0.0069850589999882482 0.0086511143901035776 0.0057915448439024306 0.0053216631929108313 0.016611692881519539 0.022731201585275865 25.19999980926514 19.295000076293949 22.330000877380375 21.724999427795414 -0.0023125773011111734 -0.10344834121785244 0.00080251337777137454 0.04720517450512441 0.0080340527889744013 0.004407866869301503 0.002577635332758899 -0.0061741887012938803 0.029466618007373716 -0.69530864174280038 0.010524417785837016 0.020728631229320785 21.409999847412113
decision_type=2 2 2 2 2 2 2 2 2 2 2 2 2 2 2 2 2 2 2 2 2 2 2 2 2 2 2 2 2 2
left_child=4 2 -2 7 -1 6 26 15 25 10 -10 14 -13 29 -11 16 17 -3 19 -19 21 -20 23 24 -7 -9 -6 -23 -29 -12
right_child=1 3 -4 -5 5 22 -8 8 9 11 13 12 -14 -15 -16 -17 -18 18 20 -21 -22 27 -24 -25 -26 -27 -28 28 -30 -31
leaf_value=7.3631503194671479e-06 0.0002219032173761045 4.3503523602584589e-05 -0.00011783797094724311 0.00016379212973971873 -8.9436539529216323e-05 -6.5006120596673578e-05 0.00015187219165070754 0.0001932868603544939 0.000412253190681357 -3.0792463972044045e-05 5.6751088857318055e-05 0.00025075854977611533 -1.7373257866487926e-05 0.00065014994900396876 -0.0002569065983793902 -9.5434844076339092e-05 0.00041845195137649735 -0.00024996825829741307 -5.0608626911349954e-05 0.00042354079918277099 -0.00024130889861814732 0.0002549604418219745 9.7117565036063645e-05 -4.7271035319829996e-05 9.872600305022048e-05 -8.8027017779397559e-05 -4.8115655616118567e-05 0.00013726735377159643 -0.0002822296085248336 -0.00020449182140594045
leaf_weight=6494 2541 7860 442 2358 3152 542 356 1603 387 1051 1162 505 1487 183 497 2111 205 66 7766 237 232 377 951 3395 900 181 8640 266 126 368
leaf_count=6494 2541 7860 442 2358 3152 542 356 1603 387 1051 1162 505 1487 183 497 2111 205 66 7766 237 232 377 951 3395 900 181 8640 266 126 368
internal_value=-2.43617e-05 0.00124723 0.00587496 0.000771669 -0.00169054 -0.00247268 -0.00355203 0.000382452 0.00224946 0.000930851 0.00478571 -0.00135593 0.00158133 0.00240806 -0.00513566 -0.000337733 0.000150277 -7.97401e-05 -0.00152701 0.0099835 -0.00192483 -0.00160808 -0.000207326 -0.00123527 0.00284327 0.00641816 -0.00386279 0.00549415 -0.000382653 0.000751634
internal_weight=56441 32011 2983 29028 24430 17936 12148 26670 7424 5640 2100 3540 1992 1713 1548 19246 17135 16930 9070 303 8767 8535 5788 4837 1442 1784 11792 769 392 1530
internal_count=56441 32011 2983 29028 24430 17936 12148 26670 7424 5640 2100 3540 1992 1713 1548 19246 17135 16930 9070 303 8767 8535 5788 4837 1442 1784 11792 769 392 1530
is_linear=0
shrinkage=0.05


Tree=25
num_leaves=31
num_cat=0
split_feature=5 13 6 5 16 10 15 12 15 6 15 5 8 16 14 14 14 14 12 12 16 14 15 16 3 10 10 16 12 10
split_gain=46.1691 25.0011 19.7347 14.1104 13.6716 12.234 11.5255 14.1344 14.7445 11.08 11.2526 10.6338 10.1681 9.76285 11.0521 13.8297 12.7092 16.9412 10.5317 9.53731 9.3377 9.24097 8.73002 8.18063 18.3678 8.00719 7.69722 7.52972 7.35186 7.14506
threshold=0.013664768158134234 33.719999313354499 -0.47486612941659084 0.02369448420978074 0.040055379790317487 0.031057656448531649 0.010307991470511759 -0.025840768177680992 -0.00418174708981811 0.94704990811999568 -0.022177877438313117 0.0093663353090718271 inf -0.0095684477331620648 0.083142255535003332 0.079615825148664734 0.11068884178819839 0.16071726291299396 0.040312415369648032 -0.043864321053953818 -0.031011212726662404 0.049298283120689408 -0.0050308076872648258 0.0043550782599217639 -0.0024847594737423258 -0.00075291424678586283 -0.015857538372193832 0.024165924392452801 -0.028754212853801194 -0.0086987636486000035
decision_type=2 2 2 2 2 2 2 2 2 2 2 2 8 2 2 2 2 2 2 2 2 2 2 2 2 2 2 2 2 2
left_child=2 3 6 9 5 -5 7 -1 27 10 -2 -4 13 18 15 19 -16 -18 -12 22 -13 -10 -15 24 -14 -6 -21 -9 -25 -23
right_child=1 -3 11 4 25 -7 -8 8 21 -11 12 20 23 14 16 -17 17 -19 -20 26 -22 29 -24 28 -26 -27 -28 -29 -30 -31
leaf_value=3.5371855027683479e-05 -0.00019386278960812839 0.00040896194101000923 -5.0445174035943713e-05 0.00021948100824457852 -0.00033652184004363394 -0.0010204192012055211 2.7470752489648469e-05 -1.8566022345104918e-05 -8.9022971329362756e-05 0.00010268614918417818 4.6475641180309616e-05 0.00014352917337729553 0.00019848472615763271 0.00012858346776843543 0.00025346890337197544 -0.00040893030199077684 -0.00023547447263212588 0.00046792065368614377 0.00025689223697358875 0.00029087401205800807 -3.3301812022042392e-06 -0.00014961117707784248 -0.00021786311140200372 3.3661546177236747e-05 -0.00016369822096563036 -1.5842291611029058e-05 -5.5295743441778969e-07 0.00036887357257857952 -0.00024049877411580134 9.45244729795351e-05
leaf_weight=889 293 469 3458 3518 105 46 927 1963 5811 3532 4073 444 175 110 436 112 264 125 417 52 14888 98 284 94 262 334 12281 66 378 406
leaf_count=889 293 469 3458 3518 105 46 927 1963 5811 3532 4073 444 175 110 436 112 264 125 417 52 14888 98 284 94 262 334 12281 66 378 406
internal_value=-7.10353e-05 0.00140168 -0.00146287 0.00120208 0.00394079 0.00496633 -0.00323819 -0.0037718 -0.00441035 0.000723086 0.000253151 -0.000502927 0.000402612 0.000661011 -3.65925e-06 -0.000364125 0.00560606 -0.00096401 0.00268374 -0.000210183 6.19619e-05 -0.00560174 -0.00786802 -0.00475798 0.000171625 -0.00438497 3.44604e-05 -0.000702316 -0.00932203 0.000892857
internal_weight=56310 27360 28950 26891 4003 3564 10160 9233 8344 22888 19356 18790 19063 18154 13664 12839 825 389 4490 12727 15332 6315 394 909 437 439 12333 2029 472 504
internal_count=56310 27360 28950 26891 4003 3564 10160 9233 8344 22888 19356 18790 19063 18154 13664 12839 825 389 4490 12727 15332 6315 394 909 437 439 12333 2029 472 504
is_linear=0
shrinkage=0.05


Tree=26
num_leaves=31
num_cat=0
split_feature=5 6 13 13 6 16 14 3 5 6 5 16 11 11 14 3 11 13 16 11 16 10 14 14 13 6 16 10 14 11
split_gain=38.1186 22.8499 19.2485 15.4704 12.3887 10.8291 14.6791 12.3789 11.9352 10.5888 9.15245 8.74952 10.1553 7.91354 7.75604 8.71707 7.67649 10.3106 7.50807 10.0172 8.47744 7.46642 7.42129 7.35247 7.39458 7.01245 6.94427 10.2471 6.75759 9.42555
threshold=0.016609073246823355 -0.29566719436842737 33.719999313354499 14.315000057220461 1.6528774582209189 0.035035748343718261 0.065842641676127869 0.022331742832738869 0.030799244622325528 -1.1684485053203868 0.0094827160252856767 -0.031011212726662404 -0.031453464626615406 0.047954932638038301 -0.19490876951167976 -0.00046051180549794285 -0.0072461958036925669 14.194999694824221 -0.024559210988937371 -0.014346854625401638 -0.023921459017009147 -0.014256563971479506 0.041854253665611248 0.15797637088179853 26.494999885559086 0.71602718780085162 -0.0031855134162837024 -0.0020576212459770811 -0.037374592254897913 -0.010482872844075284
decision_type=2 2 2 2 2 2 2 2 2 2 2 2 2 2 2 2 2 2 2 2 2 2 2 2 2 2 2 2 2 2
left_child=1 3 5 9 10 8 7 22 25 -1 -3 23 -13 -5 -6 -16 -11 -18 21 26 -21 -14 -7 24 -12 -2 27 -20 -22 -30
right_child=2 4 -4 13 14 6 -8 -9 -10 16 11 12 18 -15 15 -17 17 -19 19 20 28 -23 -24 -25 -26 -27 -28 -29 29 -31
leaf_value=-0.00012059757564701225 3.3522086806804653e-05 -4.8453838445558206e-05 0.00040156117424180494 -1.8294312600239827e-05 -0.00027533951905752292 -8.6818022385619327e-05 0.0022427404564208039 0.00050445382844852514 0.00036799391259617538 9.7986540087314667e-05 0.00014233271782239276 -0.00018359555996279466 0.00024293078811169887 -0.00017373712979392166 0.00013355875309425765 2.1242819764271575e-05 -6.1075020514068628e-05 -0.00019994903456759238 0.00011591916909338652 0.00019459760390784487 2.6452487335003457e-05 -0.00013363256232559479 -0.00041483962903060036 -6.2982080031191189e-05 0.00044681842638657457 0.00016278622559599896 0.00033406852281556111 -8.624214523912729e-05 -0.00016701523506956653 -1.1646937663794926e-05
leaf_weight=770 10110 2708 411 13147 80 1202 51 152 1012 217 280 236 125 172 1539 1950 4239 135 843 88 3475 526 62 177 99 2304 245 345 302 9388
leaf_count=770 10110 2708 411 13147 80 1202 51 152 1012 217 280 236 125 172 1539 1950 4239 135 843 88 3475 526 62 177 99 2304 245 345 302 9388
internal_value=-9.13282e-05 -0.00088473 0.00203868 -0.00217612 0.000191913 0.00174411 -0.0023347 -0.0032839 0.00218978 -0.00444413 -0.000319849 0.00013175 -8.82938e-05 -0.00126323 0.00289297 0.00324592 -0.00353409 -0.00398948 7.00919e-05 0.00030301 -0.000126386 -0.00518433 -0.00490506 0.00629496 0.0102243 0.00176414 0.00427425 0.0026936 -0.000229776 -0.000908153
internal_weight=56390 41086 15304 18680 22406 14893 1467 1416 13426 5361 18837 16129 15573 13319 3569 3489 4591 4374 15337 14686 13253 651 1264 556 379 12414 1433 1188 13165 9690
internal_count=56390 41086 15304 18680 22406 14893 1467 1416 13426 5361 18837 16129 15573 13319 3569 3489 4591 4374 15337 14686 13253 651 1264 556 379 12414 1433 1188 13165 9690
is_linear=0
shrinkage=0.05


Tree=27
num_leaves=31
num_cat=0
split_feature=4 11 10 4 4 6 11 15 12 13 9 6 11 13 1 12 10 11 11 11 10 14 12 12 14 12 15 10 9 11
split_gain=38.4496 24.8799 20.9716 15.2284 13.5302 13.4433 13.3462 13.249 11.6416 11.6844 11.2633 10.3136 9.53174 11.1172 10.321 12.5292 10.9398 9.43719 8.95875 8.33089 7.34293 6.93661 12.9236 12.6086 10.8617 11.0656 10.6694 13.2363 13.1991 10.2785
threshold=0.019067964006482759 -0.023324981642921735 0.0041960795209391452 0.039750669581070777 0.013420666152499679 -0.49504863052139741 0.049786162731180202 -0.021715662476849636 0.0011335726897910849 46.145000457763679 0.036129584663787913 -0.22473601873429824 -0.030384470516343128 21.724999427795414 -0.019940865575594765 -0.067575688865902969 -0.0017365024253572778 -0.043674023036412872 0.010628223547882733 -0.022310292973000797 0.023991459337660673 0.039671535485110161 0.11156893092539701 -0.046451976604296834 0.068214198873392098 0.0065049739274190008 0.0067070622543276013 0.010706298080283895 0.45745513670761856 -0.022024026906729662
decision_type=2 2 2 2 2 2 2 2 2 2 10 2 2 2 2 2 2 2 2 2 2 2 2 2 2 2 2 2 8 2
left_child=4 2 8 6 -1 18 7 19 9 12 -4 21 14 -14 15 -2 17 -17 -6 -3 -5 23 24 29 25 -23 -25 28 -28 -9
right_child=1 3 10 20 5 -7 -8 11 -10 -11 -12 -13 13 -15 -16 16 -18 -19 -20 -21 -22 22 -24 26 -26 -27 27 -29 -30 -31
leaf_value=-7.7352511870819928e-05 0.00033495554341324122 8.8116666945340435e-05 -0.0001929423193125549 0.00012149334856113919 -2.6390977706650025e-05 -7.1121335158234445e-06 -0.00014074693528537703 0.00017101462201876626 0.00051885956966637753 0.0019029277197242242 0.00019372933473863887 2.986037206785218e-05 9.9002779775548248e-05 0.00035109958102247358 -0.00011281039000968843 -0.00085911633289172888 0.0002713799190422861 7.1329025836990288e-06 -7.6317121351241943e-05 -0.00026606401681886666 0.0011521833881040875 0.00026769165588246528 -0.00029686586496501573 -3.5424249091019084e-05 -1.0092100541205918e-05 6.0791044359074202e-05 3.1267081669540506e-05 -6.2790837634169383e-05 0.00021150223752941624 -0.0002264608262512325
leaf_weight=2221 372 68 376 3099 3513 10798 407 43 228 136 124 14871 797 451 369 100 135 380 2342 348 76 430 84 8055 1706 945 1878 1083 531 367
leaf_count=2221 372 68 376 3099 3513 10798 407 43 228 136 124 14871 797 451 369 100 135 380 2342 348 76 430 84 8055 1706 945 1878 1083 531 367
internal_value=-8.83141e-05 0.000838917 0.00487313 0.000427319 -0.00192858 -0.00143968 8.76168e-05 0.000207998 0.006469 0.00556569 -0.0046 0.000330911 0.00481951 0.00797276 0.0019174 0.0045846 0.000203252 -0.00333333 -0.00336892 -0.00865385 0.00372441 -0.000588546 0.00149289 -0.0011395 0.00202045 0.00532727 -0.00083355 0.0014748 0.00353881 -0.0097561
internal_weight=56333 37459 3468 33991 18874 16653 30816 30409 2968 2740 500 29993 2604 1248 1356 987 615 480 5855 416 3175 15122 3165 11957 3081 1375 11547 3492 2409 410
internal_count=56333 37459 3468 33991 18874 16653 30816 30409 2968 2740 500 29993 2604 1248 1356 987 615 480 5855 416 3175 15122 3165 11957 3081 1375 11547 3492 2409 410
is_linear=0
shrinkage=0.05


Tree=28
num_leaves=31
num_cat=0
split_feature=4 11 10 16 6 12 3 10 12 11 3 12 4 11 16 15 6 16 15 11 10 12 12 13 12 12 13 11 16 13
split_gain=37.9466 22.8766 20.9918 17.236 19.0757 15.6117 14.7861 13.4774 11.7822 23.124 12.6044 13.2979 11.7691 14.0244 18.7965 14.9901 11.5813 15.0512 13.8964 14.5678 13.7712 11.3613 20.083 15.1115 28.9642 23.3532 11.498 14.751 11.2574 28.2453
threshold=0.019067964006482759 -0.023324981642921735 0.0041960795209391452 -0.025366837521803628 1.6002428885328153 -0.038043904409190692 0.0033637610751233731 -0.0037750757818245657 0.0048491257127185614 0.047954932638038301 0.017366842942838637 -0.029235256213089252 0.038249453391899509 -0.030384470516343128 -0.028704172201534425 -0.017588270772269262 -1.1889183094540587 0.002805310396269634 -0.0043588636449231602 -0.0084234558750331794 -0.0029934085869046663 -0.023427957262836582 -0.018483569638135518 16.510000228881839 0.00075812242422568243 -0.0082551652511544376 14.715000152587892 0.0093910494145468277 -0.0085804597072085525 19.72500038146973
decision_type=2 2 2 2 2 2 2 2 2 2 2 2 2 2 2 2 2 2 2 2 2 2 2 2 2 2 2 2 2 2
left_child=7 2 12 5 8 -3 -7 -1 10 -10 11 28 13 14 15 -2 -9 -18 -19 -20 -21 -13 -23 25 -25 -24 -27 -28 -5 -30
right_child=1 3 -4 4 -6 6 -8 16 9 -11 -12 21 -14 -15 -16 -17 17 18 19 20 -22 22 23 24 -26 26 27 -29 29 -31
leaf_value=1.3554692023849811e-05 -0.00020904879950422222 -0.00060336219890482694 -0.00012489482768881884 8.890888282842695e-05 0.00013439744618305483 -0.00014267727039942333 0.00012564997422095762 -9.26864789665569e-05 -3.4355572319017502e-06 -0.0002006099039872646 0.00034278800175454433 0.00016227522971140287 0.00055522821402940092 0.00020313049002511718 -0.00012210880369630607 0.00026033085167433188 -6.9274366445148667e-05 6.807952543628851e-05 0.00026130365597360188 -0.00018279115631024374 -2.4188374472257964e-05 -0.00015001426654936341 0.00044463525036708999 4.4564853598993812e-05 0.00033220890807870366 3.5130363256101168e-05 -9.1380934677627677e-05 -0.00036192195876135288 6.4100816013210914e-05 -0.0001861977308533647
leaf_weight=4088 164 184 523 1006 2917 821 263 933 19983 417 414 883 566 1275 478 473 5166 682 162 236 7613 376 146 2825 670 350 537 220 965 1128
leaf_count=4088 164 184 523 1006 2917 821 263 933 19983 417 414 883 566 1275 478 473 5166 682 162 236 7613 376 146 2825 670 350 537 220 965 1128
internal_value=-8.8552e-05 0.00083014 0.00469244 0.000436153 0.000657033 -0.00528391 -0.00299815 -0.00191737 0.000280749 -0.000397059 0.00173319 0.00134527 0.00632612 0.00479079 0.000695067 0.00631868 -0.00261966 -0.00225666 -0.000986426 -0.00156972 -0.00187604 0.00271766 0.00181499 0.00269587 0.00438484 -0.00201516 -0.00449413 -0.00795905 -0.00131494 -0.0034042
internal_weight=56464 37584 3479 34105 32837 1268 1084 18880 29920 20400 9520 9106 2956 2390 1115 637 14792 13859 8693 8011 7849 6007 5124 4748 3495 1253 1107 757 3099 2093
internal_count=56464 37584 3479 34105 32837 1268 1084 18880 29920 20400 9520 9106 2956 2390 1115 637 14792 13859 8693 8011 7849 6007 5124 4748 3495 1253 1107 757 3099 2093
is_linear=0
shrinkage=0.05


Tree=29
num_leaves=31
num_cat=0
split_feature=5 11 13 11 14 14 11 13 15 15 11 16 15 14 15 15 15 13 14 11 13 14 13 16 14 16 13 15 16 11
split_gain=32.3139 17.8358 13.1962 11.9727 27.4737 17.3564 18.4046 16.2678 15.1998 14.3958 22.066 15.0399 12.3348 24.5964 18.9312 10.9243 21.8674 10.5432 10.4517 10.2389 17.1056 24.3215 20.468 19.9476 14.929 13.5929 13.1103 16.1996 12.951 12.4179
threshold=0.015127785291553781 -0.055970662091911087 14.244999885559084 0.010353223203457886 0.0091478412114857095 -0.00096971916429922078 -0.0011663048193322754 13.34500026702881 -0.012273501432090326 -0.0021671753652477417 0.016075376677511469 0.025895775855445783 0.006060739251569692 0.027028120883943799 0.0065398309894846305 -0.0045154277691138991 -0.0035894356227681996 12.434999942779543 -1.0000000180025095e-35 -0.0079919495408850554 17.164999961853031 -0.067583665573298909 16.469999313354496 0.019503736293567501 0.040951993391927573 0.011310477438085 14.570000171661379 -0.0013182643325493901 0.0085553072886944709 0.017171324823033188
decision_type=2 2 2 2 2 2 2 2 2 2 2 2 2 2 2 2 2 2 2 2 2 2 2 2 2 2 2 2 2 2
left_child=2 -2 3 4 5 6 7 -1 -6 10 -5 17 -11 14 -14 -4 -17 -12 -16 -18 21 -21 24 29 26 28 27 -23 -22 -24
right_child=1 -3 15 9 8 -7 -8 -9 -10 12 11 -13 13 -15 18 16 19 -19 -20 20 25 22 23 -25 -26 -27 -28 -29 -30 -31
leaf_value=-0.00029548278827990729 0.00087607442470375222 3.472094758634921e-05 2.0283424332366488e-05 -0.00010067360801929218 0.00017030874335367428 0.00016280586024751227 3.856289478811957e-05 -4.9940361798202566e-06 -0.00013226433323887645 -0.00010670643134959431 -0.00010699586281251485 -0.00020414622605639468 0.0001493579577155946 0.00074983180458261609 -0.00014416214224332682 -0.0001734106707075365 2.6313170026723634e-05 0.0001767366703170699 -9.6025031105899564e-06 0.00012545020911807083 -7.1206416507860112e-05 -0.00024555130328616489 -1.6685309976795324e-05 0.00015430438019341971 9.7245085853389388e-05 -2.4418891783703319e-06 -8.0431292446513921e-05 6.464941443091676e-05 -0.00018044606394987408 0.00025248728537236145
leaf_weight=255 225 20212 7563 536 115 492 2115 337 1536 2626 52 54 274 106 670 745 3813 552 454 1129 2621 51 1264 649 580 1705 4228 600 656 124
leaf_count=255 225 20212 7563 536 115 492 2115 337 1536 2626 52 54 274 106 670 745 3813 552 454 1129 2621 51 1264 649 580 1705 4228 600 656 124
internal_value=-0.000142441 0.00144468 -0.0010459 -0.00257028 -0.000773196 0.00193029 0.000360177 -0.00743243 -0.00601151 -0.00420736 0.000628141 0.00676292 -0.00560533 -0.00199468 -0.00375536 -0.000443097 -0.0011079 0.00902318 -0.00662811 -0.000749139 -0.00139083 -4.34783e-05 -0.00107391 0.00320324 -0.0026699 -0.0037234 -0.00357143 0.00303379 -0.00560726 -0.000180115
internal_weight=56339 20437 35902 10174 4850 3199 2707 592 1651 5324 1194 658 4130 1504 1398 25728 18165 604 1124 17420 13607 8625 7496 2037 5459 4982 4879 651 3277 1388
internal_count=56339 20437 35902 10174 4850 3199 2707 592 1651 5324 1194 658 4130 1504 1398 25728 18165 604 1124 17420 13607 8625 7496 2037 5459 4982 4879 651 3277 1388
is_linear=0
shrinkage=0.05


Tree=30
num_leaves=31
num_cat=0
split_feature=5 6 12 13 13 15 15 11 11 13 6 3 4 12 16 11 12 15 11 13 8 11 11 16 9 12 4 12 16 16
split_gain=33.284 18.9187 15.3105 12.0905 13.6663 12.8849 12.4284 12.4932 16.3864 11.6067 11.0221 11 9.09403 8.91523 12.0686 9.24136 8.81077 8.78359 8.3449 10.3222 9.25408 9.24024 9.43403 8.54446 9.90738 8.21077 8.04139 7.76634 17.2307 12.9116
threshold=0.016609073246823355 -0.29566719436842737 -0.075828258528587975 16.469999313354496 16.614999771118168 0.0067070622543276013 -0.0023125773011111734 0.010353223203457886 0.0060643629866489199 16.285000801086429 0.255885356122801 0.0070843722711890775 0.013420666152499679 0.019191673463848761 -0.0092952240173663752 0.02428096069129582 -0.023427957262836582 -0.0043588636449231602 0.0036681526021306037 13.414999961853029 -0.10370201436621566 0.0023967132721236521 1.0000000180025095e-35 -0.0065187451070007887 -0.16472724479141884 0.053884801678240841 0.032700096715020936 0.0077064466634939608 -0.024115936195774564 -0.028420230338943805
decision_type=2 2 2 2 2 2 2 2 2 2 2 2 2 2 2 2 2 2 2 2 10 2 2 2 10 2 2 2 2 2
left_child=1 3 26 5 -5 6 13 8 11 -7 -4 -8 -3 14 -1 25 -9 18 19 -14 -20 22 -21 24 -24 -15 -2 28 29 -19
right_child=2 12 10 4 -6 9 7 16 -10 -11 -12 -13 17 15 -16 -17 -18 27 20 21 -22 -23 23 -25 -26 -27 -28 -29 -30 -31
leaf_value=9.6944574454798033e-06 -1.3133143705960134e-05 -5.3466114284733735e-05 1.7619561382384818e-05 0.00016188065195574974 -1.6849032050009552e-05 1.3542758784530762e-05 -0.00011840288316810004 0.00019289538858383183 7.0035459665666861e-05 -0.00020547161707550586 0.00013715551979192743 0.00017939231955172851 -0.0002771260169287751 7.911637791388851e-06 -0.00016806646633810846 0.00028942613502015133 -0.0001166393766522382 4.2117907750249687e-05 -0.0001344160466141712 2.5914499086655222e-05 9.2798860419387921e-05 -9.5335352288912365e-05 0.00032635595113818759 0.00032376667972419898 -9.2470866117449558e-05 -0.00013399100379224123 0.00058297545435169549 -1.8951102454373018e-05 6.1130110554051718e-05 -0.00021842441366376952
leaf_weight=502 112 1151 10417 327 8124 2278 1325 47 562 132 4280 99 174 1762 652 143 2520 216 94 3546 1841 310 48 227 143 191 430 10890 3453 360
leaf_count=502 112 1151 10417 327 8124 2278 1325 47 562 132 4280 99 174 1762 652 143 2520 216 94 3546 1841 310 48 227 143 191 430 10890 3453 360
internal_value=-0.000101143 -0.000840893 0.00189481 -0.00201725 -0.00061827 -0.00317488 -0.00416186 -0.00584779 -0.00287009 2.07469e-05 0.00159046 -0.00572331 0.000136953 -0.0018 -0.00532929 0.00014313 -0.00815154 0.000370857 0.00192308 0.000730665 0.00466408 0.00121666 0.0018668 0.00897129 0.00117801 -0.000755248 0.0101476 -0.00029325 0.00158228 -0.00642361
internal_weight=56356 41117 15239 18664 8451 10213 7803 4553 1986 2410 14697 1424 22453 3250 1154 2096 2567 21302 6383 4448 1935 4274 3964 418 191 1953 542 14919 4029 576
internal_count=56356 41117 15239 18664 8451 10213 7803 4553 1986 2410 14697 1424 22453 3250 1154 2096 2567 21302 6383 4448 1935 4274 3964 418 191 1953 542 14919 4029 576
is_linear=0
shrinkage=0.05


Tree=31
num_leaves=31
num_cat=0
split_feature=4 4 12 6 15 6 8 12 12 15 12 12 13 10 15 15 10 14 10 13 10 12 12 13 12 15 15 15 12 15
split_gain=31.5416 16.0767 15.9068 14.2437 9.29811 10.4909 8.94717 15.2506 9.45377 14.282 16.6288 10.9317 12.7517 11.4816 10.0007 9.07517 13.8013 10.9332 13.0118 8.70043 8.46353 11.6423 8.28151 9.13601 8.18146 9.10881 10.6292 10.5076 8.84436 7.41725
threshold=0.034551876674412674 0.014951784607975022 -0.075828258528587975 -0.29566719436842737 0.063989335118972104 1.4633300359670944 -0.19128988687607204 -0.052281358654850445 0.010183672155494096 -0.0023125773011111734 0.013329890655183642 -0.062212447341067838 30.345000267028812 -0.014256563971479506 -0.0024664466922381663 -0.010234037127043181 -0.013932241848525038 0.13936216153879713 -0.0066833356830042758 12.494999885559084 0.0004408774644957259 -0.0075921435528307204 -0.05793872793170584 13.824999809265138 0.04854639636196257 0.010307991470511759 0.013734962837330446 0.012505696454764627 0.018300587263459293 -0.022177877438313117
decision_type=2 2 2 2 2 2 10 2 2 2 2 2 2 2 2 2 2 2 2 2 2 2 2 2 2 2 2 2 2 2
left_child=1 -1 -2 19 5 -4 7 -5 11 -10 -11 12 -8 -13 15 16 -15 18 -17 -3 21 -16 -20 -24 25 -12 27 -27 -28 -21
right_child=2 3 4 6 -6 -7 8 -9 9 10 24 13 -14 14 20 17 -18 -19 22 29 -22 -23 23 -25 -26 26 28 -29 -30 -31
leaf_value=-4.4816726534764336e-05 0.00060926017528406377 -0.00010264984792417026 6.3803276938585778e-05 0.00058240362080155296 -0.00088765303604638926 0.00043472125775716414 -0.00028284977673764393 -0.00011345347462126655 4.9001763562034822e-05 -0.00019033276120221959 -1.7006748994055501e-05 0.00022157243605751763 0.00017998427957834873 -0.00034501700762876696 3.2149498141388754e-05 -0.00016273620074983201 0.00016187603561677746 0.00027893437182352617 0.00045107892061307822 -0.00016341355813544439 4.1439165438228805e-05 0.00026107588856045616 0.00024969959705460143 -4.0234007755427046e-05 -7.7824613619393272e-05 7.2385230563253974e-05 0.00041652701609519904 0.00062569557739210516 -3.3647627836657072e-05 -1.8519225150339521e-05
leaf_weight=5373 402 822 5592 52 56 589 269 908 4888 473 5982 875 153 89 542 569 639 135 48 162 3321 638 77 1107 1964 523 52 160 647 19269
leaf_count=5373 402 822 5592 52 56 589 269 908 4888 473 5982 875 153 89 542 569 639 135 48 162 3321 638 77 1107 1964 523 52 160 647 19269
internal_value=-0.000190684 -0.000622776 0.00304639 -0.000309936 0.00242504 0.0026088 0.000511177 -0.00421875 0.000707313 -5.95684e-05 -0.0011606 0.00203853 -0.00580569 0.00245025 0.00178995 -0.000638138 0.00412088 -0.00242769 -0.00345641 -0.00128746 0.00322706 0.00686441 -0.000568182 -0.00139358 -0.000696827 6.78979e-05 0.00372648 0.00816252 -0.000608011 -0.00107431
internal_weight=56376 49737 6639 44364 6237 6181 24111 960 23151 14689 9801 8462 422 8040 7165 2664 728 1936 1801 20253 4501 1180 1232 1184 9328 7364 1382 683 699 19431
internal_count=56376 49737 6639 44364 6237 6181 24111 960 23151 14689 9801 8462 422 8040 7165 2664 728 1936 1801 20253 4501 1180 1232 1184 9328 7364 1382 683 699 19431
is_linear=0
shrinkage=0.05


Tree=32
num_leaves=31
num_cat=0
split_feature=4 12 11 10 16 16 11 11 12 13 6 15 12 13 16 16 13 15 12 15 15 11 11 16 15 13 15 12 15 15
split_gain=25.6901 15.1571 13.7982 19.2935 30.3734 18.3911 14.9591 19.5371 20.9059 17.7043 15.2848 13.7855 19.5489 15.8151 13.7083 25.183 11.881 11.3935 11.036 10.9273 15.6972 12.3351 20.1428 10.9115 11.9934 10.7654 9.86595 9.2169 9.17096 17.9089
threshold=0.028211670339992743 -0.0800835440536906 -0.0072461958036925669 -0.0077272897241722474 0.0067228459056728482 0.013497547864459116 0.00023769852102906167 0.0015109510563884323 0.023999883801220871 13.795000076293947 -0.31648092197330197 0.0085577163086081338 0.063084503819231377 18.94999980926514 -0.0069906088319675588 -0.011456140200488683 17.090000152587894 0.0065398309894846305 0.015576127060618618 -0.00022044964607037529 0.0022588811963102366 0.0036681526021306037 0.0047087811443838898 0.011821766913907352 0.0012232259090017019 17.875000000000004 0.0029714415772409413 0.0048491257127185614 0.012842948004904599 0.011722306013954078
decision_type=2 2 2 2 2 2 2 2 2 2 2 2 2 2 2 2 2 2 2 2 2 2 2 2 2 2 2 2 2 2
left_child=2 -2 -1 4 -4 -6 9 8 16 14 -9 12 17 -13 15 -5 18 -11 -8 21 23 27 -23 -21 -25 -22 -27 -12 29 -3
right_child=1 28 3 6 5 -7 7 10 -10 11 19 13 -14 -15 -16 -17 -18 -19 -20 20 25 22 -24 24 -26 26 -28 -29 -30 -31
leaf_value=1.6428748314346529e-05 0.00044842189208148188 4.5375775167567395e-05 0.00013824687256267561 -0.00024088955305177247 -0.00022118828097915963 9.0913669131864258e-05 0.00010376763685954004 -4.0649935037953907e-05 0.00014355417419504866 -5.8442434135257475e-05 0.00044578047158702161 0.00015159518453210162 0.00038874277328445933 -8.8730429787718245e-05 -0.00025970817648108944 0.00011572428391707279 -0.00035174108460940328 -0.0003173260623031991 -0.00045567511536274665 -0.00016136772773924597 1.2676912998723333e-05 0.00032039935564569418 3.0871283087768982e-05 7.9789918337312137e-05 -0.00012254141885864348 0.00026464101870573317 -0.00013211593717434594 -8.9767718454395392e-05 -6.3727072738852493e-05 0.00041012741552939674
leaf_weight=9589 405 11607 1249 304 362 304 285 11492 943 3413 65 368 98 255 488 235 102 185 63 847 6338 333 3168 319 361 73 918 482 1333 407
leaf_count=9589 405 11607 1249 304 362 304 285 11492 943 3413 65 368 98 255 488 235 102 185 63 847 6338 333 3168 319 361 73 918 482 1333 407
internal_value=-0.000112163 0.00176702 -0.000718239 -0.00120272 0.00366841 -0.00495495 -0.00150233 -0.00100333 0.00475592 -0.00390947 -0.00133219 -0.00250637 -0.00366613 0.004374 -0.00981013 -0.00431354 -0.00411111 -0.00426626 0.000287356 -0.000151116 -0.00113482 0.00200099 0.00309197 -0.00574656 -0.00102941 -0.000173966 -0.00502018 -0.00498172 0.00147786 0.00191443
internal_weight=56391 13752 42639 33050 1915 666 31135 25789 1393 5346 24396 4319 3696 623 1027 539 450 3598 348 12904 8856 4048 3501 1527 680 7329 991 547 13347 12014
internal_count=56391 13752 42639 33050 1915 666 31135 25789 1393 5346 24396 4319 3696 623 1027 539 450 3598 348 12904 8856 4048 3501 1527 680 7329 991 547 13347 12014
is_linear=0
shrinkage=0.05


Tree=33
num_leaves=31
num_cat=0
split_feature=5 14 14 10 14 11 11 15 15 12 13 11 11 15 15 16 12 12 16 12 10 14 15 14 10 12 11 13 11 10
split_gain=25.1544 14.8814 20.0296 29.6088 24.4916 22.0684 14.6266 15.0637 28.5698 21.3625 17.389 16.3474 16.9429 15.1715 20.2696 14.5098 13.6642 13.771 19.3948 13.3352 12.9081 18.701 25.5416 23.049 22.9806 18.5666 16.3059 15.0603 14.8671 13.9931
threshold=0.01902817541818699 0.0250539094836888 0.0091478412114857095 0.00090086479202544656 0.0080830591469587282 -0.011586998354799647 0.025709080400856291 0.0070702040545356235 1.0000000180025095e-35 0.035909029638549812 15.105000019073488 0.015185778563904908 0.016401124207615306 0.00086534932722681656 0.0013534232188116004 -0.011021481892577621 0.08698424572651188 0.0098181061212317972 0.0031233721368245653 -0.075828258528587975 0.00034889263673931753 -0.044237182658373335 0.01011580600718587 -0.054107623009077337 0.0040968178286348031 0.037030624356881099 0.043629648098683645 12.325000286102297 -0.026323618530511902 0.00048355916176134889
decision_type=2 2 2 2 2 2 2 2 2 2 2 2 2 2 2 2 2 2 2 2 2 2 2 2 2 2 2 2 2 2
left_child=1 2 4 5 20 15 7 8 11 13 -9 -3 -13 -10 -15 -4 17 18 -7 -2 -1 23 28 26 -24 -25 27 -22 -23 -30
right_child=19 6 3 -5 -6 16 -8 10 9 -11 -12 12 -14 14 -16 -17 -18 -19 -20 -21 21 22 24 25 -26 -27 -28 -29 29 -31
leaf_value=1.7671562635163446e-05 0.00049734685765951032 3.3112853639489944e-05 -8.0559191240004666e-05 2.0715286841027029e-05 0.00031254664547914298 -0.00025106572812550403 0.00015995024172560658 0.00049810419714288576 -0.00018508493254509219 -0.00026563113935073446 1.3986818740644586e-05 -0.00054024118256846708 -5.2007853069830303e-05 0.00075223706805236214 -4.1896041984689373e-05 0.00026902969310333504 0.00010007707571496601 -0.00018021347361934703 0.000330513477193184 6.3427547180703242e-05 -0.00024705974127870215 0.00017450624730815372 0.00033022239280714729 2.9963680139538522e-05 9.3788217605608477e-06 0.00023243004605366809 0.00033302519723685985 -1.7612054186373281e-05 -0.00015664068260095679 -5.8085183474179463e-05
leaf_weight=7092 411 9560 413 1658 247 111 666 325 313 425 455 121 428 118 1123 177 131 1893 187 8908 134 174 249 1336 1794 634 175 6831 482 9897
leaf_count=7092 411 9560 413 1658 247 111 666 325 313 425 455 121 428 118 1123 177 131 1893 187 8908 134 174 249 1336 1794 634 175 6831 482 9897
internal_value=-4.78147e-05 -0.000516978 -0.00108062 -0.00415755 -0.000596488 -0.00719437 0.000882961 0.000509015 7.4454e-05 -0.0054194 0.00724359 0.00114997 -0.00724044 -0.0027027 -0.000221595 0.00144068 -0.00938846 -0.0103263 -0.00033557 0.00232589 -0.000730954 -0.00133604 -0.00258415 0.000389682 0.00253304 0.00517766 -0.000931373 -0.00131012 -0.00357481 -0.00381781
internal_weight=56468 47149 33615 4570 29045 2912 13534 12868 12088 1979 780 10109 549 1554 1241 590 2322 2191 298 9319 28798 21706 12596 9110 2043 1970 7140 6965 10553 10379
internal_count=56468 47149 33615 4570 29045 2912 13534 12868 12088 1979 780 10109 549 1554 1241 590 2322 2191 298 9319 28798 21706 12596 9110 2043 1970 7140 6965 10553 10379
is_linear=0
shrinkage=0.05


Tree=34
num_leaves=31
num_cat=0
split_feature=5 6 12 15 15 10 15 9 14 11 12 10 14 11 13 13 12 16 12 12 16 11 10 12 16 12 13 10 15 16
split_gain=23.0725 14.4053 13.2824 11.8074 21.7984 21.2025 19.9297 16.728 15.6876 20.2046 17.5493 16.1251 16.0691 14.9423 16.8905 14.6757 19.2672 12.6995 28.6542 25.6583 24.4776 16.71 15.9427 15.6337 15.4682 14.7911 12.5145 12.2452 11.9702 11.7006
threshold=0.017584606306249865 1.6528774582209189 -0.075828258528587975 0.0069850589999882482 -0.00022044964607037529 0.010706298080283895 -1.0000000180025095e-35 0.60709208927971137 -0.021590127132527389 0.020728631229320785 0.0048491257127185614 0.010626562990690537 -0.05546753287916955 -0.0084234558750331794 23.694999694824222 18.94999980926514 0.0066896408709551389 0.0033791458128604739 0.028448808963007281 0.063084503819231377 -0.022863456982678384 0.035870480362144803 -0.0037750757818245657 0.030501686071182203 0.0085553072886944709 0.031500774247518855 12.494999885559084 0.0063034677603397435 -0.00088034228695765815 0.021787890463105256
decision_type=2 2 2 2 2 2 2 8 2 2 2 2 2 2 2 2 2 2 2 2 2 2 2 2 2 2 2 2 2 2
left_child=1 3 -2 4 28 7 -6 15 9 11 -11 12 -8 14 -7 16 -5 19 21 20 -10 -19 -22 -20 -25 -26 -18 -14 -1 -17
right_child=2 -3 -4 5 6 13 8 -9 17 10 -12 -13 27 -15 -16 29 26 18 23 -21 22 -23 -24 24 25 -27 -28 -29 -30 -31
leaf_value=-1.1866146595437703e-05 0.00041186901843431813 5.0351821133327565e-05 4.4287424716608818e-05 0.00019942511032461984 -0.00026348002231617708 0.00011506320966732988 -9.262830495968631e-05 0.00011195972933327982 9.5495421539076235e-05 2.3765267741856057e-05 -0.00015870265248678502 0.00020549595728954078 7.7824341556785231e-06 -8.4467253257169931e-05 -0.00046204776019938124 -4.9572688911463628e-05 -0.00022091120711280245 8.5254912144115252e-05 -0.00031626613330920411 0.00025331328396779716 2.6661598968761963e-05 -0.00019231799516826508 -0.00022644055396367865 3.9326782052712726e-05 0.00013587197139653127 -0.0001172141033920122 1.6386735283397887e-05 0.00015987902011941666 8.4438424289663266e-05 -0.000213609303827579
leaf_weight=17532 486 3826 11867 624 274 496 839 1483 334 364 718 367 2073 2043 80 853 90 1563 326 121 225 121 1632 603 163 1830 3969 457 809 169
leaf_count=17532 486 3826 11867 624 274 496 839 1483 334 364 718 367 2073 2043 80 853 90 1563 326 121 225 121 1632 603 163 1830 3969 457 809 169
internal_value=-0.000134459 -0.000670698 0.00177487 -0.000949998 -0.00143735 0.000558275 -0.00309326 0.0019616 -0.00278204 -0.000591532 -0.00660813 0.00115096 6.67854e-05 -0.00329324 0.00381944 0.000731814 0.00191651 -0.0043076 -0.00278984 -0.00733131 -0.00856915 0.00240499 -0.0108104 -0.00578371 -0.00448767 -0.00661064 0.000659029 0.00205534 -0.000353034 -0.00469667
internal_weight=56337 43984 12353 40158 30351 9807 12010 7188 11736 4818 1082 3736 3369 2619 576 5705 4683 6918 4606 2312 2191 1684 1857 2922 2596 1993 4059 2530 18341 1022
internal_count=56337 43984 12353 40158 30351 9807 12010 7188 11736 4818 1082 3736 3369 2619 576 5705 4683 6918 4606 2312 2191 1684 1857 2922 2596 1993 4059 2530 18341 1022
is_linear=0
shrinkage=0.05


Tree=35
num_leaves=31
num_cat=0
split_feature=11 10 4 9 12 13 4 11 8 8 10 3 13 6 13 13 13 12 13 12 12 9 12 13 13 12 4 12 12 14
split_gain=26.0375 23.1753 18.5549 15.011 13.1273 14.3615 12.3535 11.5303 11.0899 11.0638 10.8384 13.7538 13.426 10.3987 11.1833 9.67671 18.1145 10.9331 12.4459 10.2067 9.57832 9.28511 8.91903 10.5777 14.8677 11.2152 8.90885 8.80219 9.96454 10.9057
threshold=-0.023324981642921735 0.0041960795209391452 0.018555266199307138 -0.13113371550473282 -0.0078641653034789965 49.655000686645515 0.04637421895231917 0.049786162731180202 -0.19128988687607204 inf -0.01645938155843862 -0.010134380587823953 33.719999313354499 0.1214666889299367 25.505000114440922 22.330000877380375 21.724999427795414 0.12951753151584791 24.119999885559086 0.12384640389246161 -0.022249459031218995 -0.24787073226987091 -0.067575688865902969 21.134999275207523 20.375000000000004 0.040854106099518013 0.013420666152499679 0.04854639636196257 0.044320340975829382 -0.056925165822572281
decision_type=2 2 2 10 2 2 2 2 10 8 2 2 2 2 2 2 2 2 2 2 2 10 2 2 2 2 2 2 2 2
left_child=1 4 26 -3 5 10 7 9 -6 13 12 -12 -1 15 -15 16 19 18 -17 22 -13 -20 -4 24 -24 -26 -2 28 -28 -30
right_child=2 3 6 -5 8 -7 -8 -9 -10 -11 11 20 -14 14 -16 17 -18 -19 21 -21 -22 -23 23 -25 25 -27 27 -29 29 -31
leaf_value=-0.00025992667478652842 -6.2362746711840849e-05 -0.00037890731891135788 -0.00021800818514645313 -6.2960457228849332e-07 -3.6977864293152776e-05 0.0030363805889722 0.00017779259746275933 -0.00011641519304671238 0.00032598691883464347 -9.0147665950690754e-05 0.00029372192209525978 0.00010328985002003993 0.00013562667833421984 3.3796100882381441e-05 0.0003953784784789123 -0.0001718365045501445 0.0002364769901544027 0.00080175075221591374 0.00031956041404597013 -0.00022450367154702602 -3.3604854866839351e-05 -3.9945601110773053e-05 -1.0501422154338829e-06 -0.00027570854517682713 0.0001942207571084759 -0.00017170930380728291 -1.9815391775030541e-05 -7.0701043784256426e-05 -0.00018782025706466535 8.8489713630941422e-05
leaf_weight=278 2164 196 221 417 144 75 1644 486 764 1243 355 1241 209 10943 261 709 303 45 62 173 734 1032 17623 338 518 66 11523 1802 72 859
leaf_count=278 2164 196 221 417 144 75 1644 486 764 1243 355 1241 209 10943 261 709 303 45 62 173 734 1032 17623 338 518 66 11523 1802 72 859
internal_value=-9.02655e-05 0.00359733 -0.000402692 -0.00542414 0.00505263 0.00340595 0.000237615 3.30659e-05 0.0102974 0.000143871 0.00283103 0.00424893 -0.00395277 0.000322041 0.00155302 -0.000331911 0 -0.00378788 -0.00439545 -0.000194044 0.00262025 -0.00105119 -8.25962e-05 3.6398e-05 0.000199099 0.00804795 -0.00179354 -0.00133979 -0.000867191 0.00410849
internal_weight=56500 4413 52087 613 3800 2892 35667 34023 908 33537 2817 2330 487 32294 11204 21090 19242 1848 1803 18939 1975 1094 18766 18545 18207 584 16420 14256 12454 931
internal_count=56500 4413 52087 613 3800 2892 35667 34023 908 33537 2817 2330 487 32294 11204 21090 19242 1848 1803 18939 1975 1094 18766 18545 18207 584 16420 14256 12454 931
is_linear=0
shrinkage=0.05


Tree=36
num_leaves=31
num_cat=0
split_feature=4 6 12 13 6 10 14 15 15 15 10 14 15 14 12 10 10 11 10 13 15 15 14 13 9 14 13 13 13 14
split_gain=22.454 15.6821 13.7602 11.8224 12.9153 11.8252 13.2514 28.4174 9.16401 15.8038 14.2262 10.9838 9.02728 9.40314 16.1724 14.1461 21.9647 15.849 15.4264 12.8466 11.7197 14.8703 14.2372 18.0105 18.82 17.079 16.0614 13.046 13.0006 12.663
threshold=0.039750669581070777 0.058293366937267936 -0.0800835440536906 14.315000057220461 -1.5181814633679236 -0.0072745110629502388 0.03406338940495391 0.0071479375551677391 -0.0023125773011111734 -0.0057624137398977751 0.0017576086312266483 0.022733060097011152 -0.022177877438313117 0.039162482689633411 0.11156893092539701 -0.0080075928939195556 0.000540884636322292 0.015185778563904908 -0.00098146470718468693 16.345000267028812 0.0070336128420815944 0.0060083977676280717 0.005094684764536229 16.345000267028812 0.54252283966557724 -1.0000000180025095e-35 16.98499965667725 19.085000038146976 14.340000152587892 0.024414321868059811
decision_type=2 2 2 2 2 2 2 2 2 2 2 2 2 2 2 2 2 2 2 2 2 2 2 2 8 2 2 2 2 2
left_child=1 3 -2 4 -1 -6 8 -8 9 10 -7 -10 -5 20 15 17 18 -15 -17 -18 21 22 25 -24 26 28 -25 -26 -14 -28
right_child=2 -3 -4 12 5 6 7 -9 11 -11 -12 -13 13 14 -16 16 19 -19 -20 -21 -22 -23 23 24 27 -27 29 -29 -30 -31
leaf_value=-0.00015027465614026391 0.00099294917255807517 1.5140533513088861e-05 9.9558707917225136e-05 -0.00015764414944155448 0.00017859649164525564 4.194508717163172e-06 -0.00022908304075480542 0.00048317780863847633 -5.7094359624577323e-05 7.5981548767155866e-05 -0.00028505270991276328 9.4653016430934348e-05 0.00023345436702776822 -6.758662599480646e-06 -0.00026790139237971566 9.9492100765329487e-05 4.1607224253991743e-05 -0.00055109074216677222 0.00067755511868383927 -0.00025873580711782343 1.3914409066763172e-05 -0.00016102606422225115 -0.00016707118392026341 0.00018291088347541283 -0.0002559021475754252 0.00016888851642418262 -0.00010502288401638581 6.1579978854919403e-05 -1.8591432357870218e-05 8.5343542329115914e-05
leaf_weight=307 230 19751 3513 285 171 525 729 95 4695 1232 262 290 97 2728 101 2320 300 67 241 281 5826 791 976 539 507 567 764 164 7634 394
leaf_count=307 230 19751 3513 285 171 525 729 95 4695 1232 262 290 97 2728 101 2320 300 67 241 281 5826 791 976 539 507 567 764 164 7634 394
internal_value=-0.000155191 -0.000421266 0.0035867 -0.00109006 -0.00272092 -0.00233467 -0.0026188 -0.0086165 -0.00191319 0.000928678 -0.0046061 -0.00306419 -0.000539012 -0.000435239 0.00127526 0.00161277 0.0039147 -0.000974955 0.0059059 -0.00486231 -0.00100088 -0.00186801 -0.00141728 -0.00417165 -0.00181588 -0.000307303 0.000987036 -0.00890462 -0.000921614 -0.00233161
internal_weight=56382 52639 3743 32888 8306 7999 7828 824 7004 2019 787 4985 24582 24297 6038 5937 3142 2795 2561 581 18259 12433 11642 3344 2368 8298 1697 671 7731 1158
internal_count=56382 52639 3743 32888 8306 7999 7828 824 7004 2019 787 4985 24582 24297 6038 5937 3142 2795 2561 581 18259 12433 11642 3344 2368 8298 1697 671 7731 1158
is_linear=0
shrinkage=0.05


Tree=37
num_leaves=31
num_cat=0
split_feature=11 14 4 16 12 3 3 16 14 14 14 13 12 14 15 15 13 11 15 15 12 14 14 16 12 13 14 12 11 14
split_gain=21.874 18.5334 13.7389 16.0308 13.7117 12.862 11.8731 11.682 14.8981 12.0427 14.9952 11.5215 11.3151 11.2754 10.2274 19.6293 21.6573 18.7813 17.6551 12.8144 14.1161 13.1273 21.1881 14.0475 13.112 12.3253 11.6119 11.2904 13.3978 11.5901
threshold=-0.023324981642921735 -0.017113211502094435 0.01842853739731418 -0.025366837521803628 -0.038043904409190692 0.00095741297906337685 0.020122525282923024 0.051970924172370377 -0.16769008837329388 -0.13532199000438486 -0.11544121967691799 49.655000686645515 0.0011335726897910849 0.083142255535003332 0.0068591194263190056 0.0091041689469210114 20.500000000000004 0.0056452584945124737 0.0065398309894846305 -0.00022044964607037529 -0.050232690438178178 0.031770832380203846 0.018934443393513026 0.025895775855445783 0.044320340975829382 27.855000495910648 -0.029810288463271824 0.0098181061212317972 0.00066761306825102739 0.052213768787031663
decision_type=2 2 2 2 2 2 2 2 2 2 2 2 2 2 2 2 2 2 2 2 2 2 2 2 2 2 2 2 2 2
left_child=1 -1 -2 4 -4 -6 7 8 -5 -10 -11 12 13 -3 18 27 17 26 19 21 -21 22 -12 -23 -24 -18 -17 -16 -29 -30
right_child=2 11 3 6 5 -7 -8 -9 9 10 14 -13 -14 -15 15 16 25 -19 -20 20 -22 23 24 -25 -26 -27 -28 28 29 -31
leaf_value=-4.3945459685172448e-05 -2.5412970625255717e-05 0.00011347571723064809 -0.00060464969034191348 0.00035527411826760647 -0.00015778099429232339 8.4622198691729645e-05 0.00018030239495956486 -9.4586742464894055e-05 -0.00012322875297565421 0.00023781179384342393 6.7995812464025694e-06 0.0029002655417897077 0.00039003987510764104 1.3142793031044364e-05 0.00022129689215425569 6.4397806834076655e-05 -0.0001965375171015465 -1.8749715332803604e-05 -0.00030497784789234569 -0.00066350810298836582 -3.0055368224499255e-05 5.0475010172239184e-05 -0.00021974692269254695 0.00049538398637467449 9.2020417201761246e-05 0.0004373354647247331 0.00029114868195581953 0.00024139230856666302 3.4504667205487781e-06 0.00058673890772459553
leaf_weight=1207 15964 1373 192 138 737 363 1057 783 558 429 7142 72 352 1384 848 1098 652 2937 340 68 9418 6000 612 284 167 88 410 223 1404 89
leaf_count=1207 15964 1373 192 138 737 363 1057 783 558 429 7142 72 352 1384 848 1098 652 2937 340 68 9418 6000 612 284 167 88 410 223 1404 89
internal_value=-0.000165369 0.0032247 -0.000451434 8.94914e-05 -0.00537926 -0.00322727 0.000292848 0.000129126 0.000272755 0.000203711 0.000329877 0.00522634 0.00476841 0.00369061 0.000204531 0.0017841 1.44648e-05 0.00133296 -0.000304815 -0.000142459 -0.00156546 0.000807814 -0.000546017 0.00251432 -0.00837612 -0.00790541 0.0058687 0.00536271 0.0030303 0.00132284
internal_weight=56389 4388 52001 36037 1292 1100 34745 33688 32905 32767 32209 3181 3109 2757 31780 7749 5185 4445 24031 23691 9486 14205 7921 6284 779 740 1508 2564 1716 1493
internal_count=56389 4388 52001 36037 1292 1100 34745 33688 32905 32767 32209 3181 3109 2757 31780 7749 5185 4445 24031 23691 9486 14205 7921 6284 779 740 1508 2564 1716 1493
is_linear=0
shrinkage=0.05


Tree=38
num_leaves=31
num_cat=0
split_feature=4 6 12 4 15 15 10 10 16 13 12 12 13 15 10 16 12 16 15 11 12 11 11 14 16 14 16 11 11 10
split_gain=20.6279 15.0638 12.0039 11.6422 9.3384 9.18843 7.99717 23.3475 14.9372 8.76753 7.79673 12.4456 8.22283 8.42671 7.76348 7.67923 8.87222 7.65823 12.9045 7.48272 12.881 7.964 7.43369 10.579 7.58744 7.27269 7.02552 6.99964 6.89189 6.8116
threshold=0.042438388695621256 0.1116115316182409 -0.0800835440536906 0.017289958296764284 0.063989335118972104 -0.0043588636449231602 0.010706298080283895 0.0092143531748835068 0.016357390601165259 15.025000095367433 0.04854639636196257 0.060450454040979047 17.945000648498539 0.011229107734697765 0.011799208640730032 0.0029246552186634749 0.0072856290131225751 0.0372553175930408 0.010307991470511759 0.011580501349989005 0.0082902171521933594 -0.015698134800596782 0.00023769852102906167 -0.0062634959442488527 0.0086379701369299084 0.005094684764536229 0.0017343249198992219 0.077392985560090458 0.029184901237695352 0.012431917251868764
decision_type=2 2 2 2 2 2 2 2 2 2 2 2 2 2 2 2 2 2 2 2 2 2 2 2 2 2 2 2 2 2
left_child=1 3 -2 -1 27 -3 7 -5 -9 -10 15 -12 13 -13 -8 26 -17 18 22 20 21 -16 24 29 -18 -25 -7 -4 -27 -24
right_child=2 5 4 6 -6 10 14 8 9 -11 11 12 -14 -15 19 16 17 -19 -20 -21 -22 -23 23 25 -26 28 -28 -29 -30 -31
leaf_value=-3.6619995883489928e-05 0.0010015113977712047 5.2304809361880101e-05 0.00014033605337122497 -9.1991864027648949e-06 -0.00094956317531734761 -1.0342026702277728e-05 -0.00014272345246945346 0.00021749318017010431 -0.00026037831531232212 2.8067360396444395e-05 -0.00014045902736083303 0.00019818794864028073 -9.1871136399004045e-05 -8.4413083592069471e-05 -0.0001179664825348396 0.000120322890479258 -2.8617499283783033e-05 -0.00011854546398011304 0.00016168248024955685 -8.3994245763282035e-05 -9.0428349978098025e-05 0.00021112945219678715 -4.1018515016174895e-05 0.00018478780013431292 -0.00029343387259231655 1.3181164812054673e-05 -0.00021735894316156761 -0.00026809252051572378 0.00034358649924378488 0.00034326282770679671
leaf_weight=8328 208 5873 2558 22722 42 4226 391 925 92 235 885 402 446 190 117 1652 208 553 730 1039 294 423 1891 396 132 1081 217 50 114 43
leaf_count=8328 208 5873 2558 22722 42 4226 391 925 92 235 885 402 446 190 117 1652 208 553 730 1039 294 423 1891 396 132 1081 217 50 114 43
internal_value=-8.0141e-05 -0.000300811 0.00405878 -0.000922872 0.00315094 0.000828562 -0.0004059 -0.000137649 0.00650958 -0.00267584 9.49415e-05 -0.00284711 0.000867052 0.00472973 -0.00324647 0.00059815 0.00165441 0.000631313 0.00130033 -0.0019087 0.00161871 0.0062037 0.000148771 0.000829787 -0.00691176 0.00384978 -0.00101846 0.00352761 0.00190377 -0.0016546
internal_weight=56463 53605 2858 34566 2650 19039 26238 23974 1252 327 13166 1923 1038 592 2264 11243 6800 5148 4595 1873 834 540 3865 3525 340 1591 4443 2608 1195 1934
internal_count=56463 53605 2858 34566 2650 19039 26238 23974 1252 327 13166 1923 1038 592 2264 11243 6800 5148 4595 1873 834 540 3865 3525 340 1591 4443 2608 1195 1934
is_linear=0
shrinkage=0.05


Tree=39
num_leaves=31
num_cat=0
split_feature=5 3 13 10 10 11 13 13 6 12 12 10 12 14 13 10 10 4 14 12 6 12 10 5 14 11 10 12 9 10
split_gain=19.2292 14.7355 13.0017 11.4941 11.9002 12.5392 15.5831 10.5913 10.5049 10.2098 11.4752 19.5196 10.7103 9.49405 10.346 9.03007 10.7641 9.80679 8.63774 10.5659 8.62216 8.61097 13.6411 8.42555 8.2505 7.99662 7.64469 7.26397 7.23054 7.03504
threshold=0.014905637082775586 0.017366842942838637 27.070000648498539 0.010706298080283895 0.0079281319106555576 -0.014346854625401638 28.970000267028812 25.505000114440922 -1.1889183094540587 -0.0047203102614324912 0.0048491257127185614 0.0070711617460903495 -0.0080789703777397453 0.15436855290822041 17.125000000000004 -0.017312000709356064 0.0040968178286348031 0.050810492639506058 -0.058539441914538297 0.0066896408709551389 1.6528774582209189 -0.012168103513504501 0.0070711617460903495 0.0093663353090718271 -0.06426442822534599 0.047954932638038301 -0.0055565432698074782 -0.027697520987391363 -0.15916425260938186 -0.0077272897241722474
decision_type=2 2 2 2 2 2 2 2 2 2 2 2 2 2 2 2 2 2 2 2 2 2 2 2 2 2 2 2 10 2
left_child=8 3 -3 4 5 15 7 9 27 12 11 -11 13 14 24 -2 17 29 19 -12 23 28 26 -10 -7 -6 -23 -1 -16 -17
right_child=1 2 -4 -5 25 6 -8 -9 20 10 18 -13 -14 -15 21 16 -18 -19 -20 -21 -22 22 -24 -25 -26 -27 -28 -29 -30 -31
leaf_value=9.4640569970688107e-05 -3.9143838512319035e-05 0.00015373302234538292 0.0011564267694929502 -6.407610406492462e-05 0.00018818101978337618 0.00055342918505000736 -0.00037911948762012676 0.0012335662084674431 -4.0814034460147456e-05 0.00018839196998210453 -0.00020557056877477302 -0.00044540116977646014 -0.00037218433436351264 0.00045427615686825882 1.541141417540663e-05 4.7710421567738904e-05 -0.00012809631080113791 0.001075795642140342 -3.2236780708749109e-06 0.00020875910548845595 3.4980963258822486e-05 0.00044465731044534293 0.00066021058564844071 -9.5606694944508226e-06 5.9051452589302394e-05 -0.00010884823864171006 -7.8894899039039416e-05 -6.2186987412494465e-05 -0.0001709548072838567 0.0002274239953021934
leaf_weight=201 774 1120 159 1872 1449 59 132 78 4583 1006 85 72 306 68 371 959 249 143 8813 446 3045 76 61 25540 249 114 439 1748 1071 1165
leaf_count=201 774 1120 159 1872 1449 59 132 78 4583 1006 85 72 306 68 371 959 249 143 8813 446 3045 76 61 25540 249 114 439 1748 1071 1165
internal_value=-0.000112926 0.00107096 0.00627443 0.000739143 0.00112318 0.000730959 4.87549e-05 0.000219697 -0.000832218 0.000110501 0.00082038 0.00570501 -0.00262963 -0.00150376 -0.00204213 0.00349544 0.00494833 0.0060322 0.000256849 0.00645009 -0.000622588 -0.0033449 0.00182292 -0.000878897 0.00649351 0.00529431 -0.000825243 -0.00439969 -0.00540915 0.00517891
internal_weight=56453 21336 1279 20057 18185 16622 13332 13200 35117 13122 10422 1078 2700 2394 2326 3290 2516 2267 9344 531 33168 2018 576 30123 308 1563 515 1949 1442 2124
internal_count=56453 21336 1279 20057 18185 16622 13332 13200 35117 13122 10422 1078 2700 2394 2326 3290 2516 2267 9344 531 33168 2018 576 30123 308 1563 515 1949 1442 2124
is_linear=0
shrinkage=0.05


Tree=40
num_leaves=31
num_cat=0
split_feature=11 6 13 10 15 10 8 11 12 13 13 13 15 13 10 13 13 10 14 13 12 12 14 10 11 13 13 11 12 12
split_gain=20.0776 17.0394 14.7806 11.3801 29.1496 15.77 11.626 11.1084 15.3353 13.4508 14.7153 11.7846 17.6322 16.901 16.9289 13.4176 13.3794 13.8821 12.9663 12.0676 11.0369 12.1848 12.6662 10.9148 27.0552 21.1876 17.2313 15.3189 25.8304 15.9919
threshold=-0.0072461958036925669 1.1873094069141732 49.655000686645515 0.0025149873033184504 0.002681967250864115 0.0091157709324108955 inf -0.023324981642921735 0.0011335726897910849 20.659999847412113 26.494999885559086 16.510000228881839 -0.0070793052447908336 17.289999961853031 0.00038112321022931722 20.060000419616703 17.605000495910648 -0.00038724572548481934 0.013647468145900345 14.119999885559084 -0.049048436065559579 0.0011335726897910849 0.028010740507291913 -0.0077272897241722474 0.015185778563904908 17.394999504089359 20.814999580383304 0.00023769852102906167 -0.062212447341067838 0.075051018880184076
decision_type=2 2 2 2 2 2 8 2 2 2 2 2 2 2 2 2 2 2 2 2 2 2 2 2 2 2 2 2 2 2
left_child=2 23 3 4 7 -5 -7 8 -1 11 20 12 -9 -13 15 16 -15 -18 19 -14 -11 -22 -23 24 25 -2 -27 29 -29 -25
right_child=1 -3 -4 5 -6 6 -8 9 -10 10 -12 13 18 14 -16 -17 17 -19 -20 -21 21 22 -24 27 -26 26 -28 28 -30 -31
leaf_value=5.1581848433878037e-05 0.0002017808672068424 4.7700932334919772e-05 0.0026372412110458061 -9.4588379494422401e-05 0.00021020417984218614 6.627244403493628e-05 -0.00083497098695024189 7.5182994707369017e-05 0.00040296293542591878 0.00022776714523174582 9.4482216114772949e-05 0.00025955126343551912 0.00010456661983215094 0.0002461274455416999 -0.00023968364672549288 0.00026398918372068126 -4.0926509368487826e-05 0.00039562129187785671 -0.00022700749627795676 -9.1818924373304701e-05 -0.0002599436175152959 0.00040956084270515111 -7.681056406668433e-05 -6.683283904846043e-05 -0.00048468811751297417 -6.7559048404102363e-05 0.00019405943196313443 -0.00034502848023868068 -1.0469108307042865e-05 0.0016633383950398883
leaf_weight=2895 643 5147 67 1913 1299 1526 62 687 349 133 485 541 204 143 135 282 1004 72 405 483 748 71 475 5972 127 973 381 261 28852 62
leaf_count=2895 643 5147 67 1913 1299 1526 62 687 349 133 485 541 204 143 135 282 1004 72 405 483 748 71 475 5972 127 973 381 261 28852 62
internal_value=-7.1369e-05 -0.000612947 0.001572 0.00145917 0.00228844 -0.00100686 0.00267632 0.00128951 0.00363748 -8.52079e-06 -0.00345188 0.00165571 -0.00136313 0.00412265 0.00158924 0.00311459 0.000840853 -0.00106877 -0.00531136 -0.00112809 -0.00600911 -0.00741886 -0.00173993 -0.000985351 0.00249529 0.00391838 0.000369276 -0.00119569 -0.000720469 -0.00348856
internal_weight=56397 42418 13979 13912 10411 3501 1588 9112 3244 5868 1912 3956 1779 2177 1636 1501 1219 1076 1092 687 1427 1294 546 37271 2124 1997 1354 35147 29113 6034
internal_count=56397 42418 13979 13912 10411 3501 1588 9112 3244 5868 1912 3956 1779 2177 1636 1501 1219 1076 1092 687 1427 1294 546 37271 2124 1997 1354 35147 29113 6034
is_linear=0
shrinkage=0.05


Tree=41
num_leaves=31
num_cat=0
split_feature=4 5 13 9 12 16 14 14 11 12 12 15 13 14 11 14 11 13 13 9 11 14 11 15 11 16 16 16 15 14
split_gain=17.4262 14.0619 12.863 10.128 11.8693 33.4592 15.7918 26.4209 18.8882 22.813 15.1177 12.9112 12.3404 11.467 10.3168 9.62464 9.38418 9.26664 23.2697 22.4502 17.8663 18.5082 17.7407 17.3425 14.6423 14.9402 18.18 15.683 14.5692 13.7147
threshold=0.052576891367840453 0.010255081590190588 49.655000686645515 0.2681886282612263 0.04854639636196257 -0.010657903441641135 -0.04215392714757548 -0.054805799949304061 0.0072247197872850064 0.075051018880184076 0.044320340975829382 -0.00022044964607037529 18.94999980926514 -0.056925165822572281 -0.0043480620197820499 0.083812216488613714 -0.00050215269203263125 16.510000228881839 17.164999961853031 0.2681886282612263 1.0000000180025095e-35 -0.060408912479391223 0.026061152013762138 -0.0012279094085169693 0.013298964163099282 0.0029246552186634749 0.0054824749372600632 0.012185208266253579 0.0081129369840079475 -0.035621573523768706
decision_type=2 2 2 10 2 2 2 2 2 2 2 2 2 2 2 2 2 2 2 8 2 2 2 2 2 2 2 2 2 2
left_child=1 -1 3 4 10 -6 7 12 9 11 17 16 -7 -12 -11 -10 -8 20 19 -19 28 22 -22 -23 25 -25 -27 -28 -3 -30
right_child=-2 2 -4 -5 5 6 8 -9 15 14 13 -13 -14 -15 -16 -17 -18 18 -20 -21 21 23 -24 24 -26 26 27 -29 29 -31
leaf_value=-3.0118044938488422e-05 0.00026912560414825881 -9.5975614631621615e-05 0.0018476029251841893 7.1725217041098115e-05 0.00022651773430956685 1.6408650539109695e-05 -0.00014617597777018631 0.00040094474140567739 -0.0001190696732643679 -0.00013725230517759956 -0.0001645338609051677 -0.00023292937917944692 -0.00016597835346921958 0.00014676328641136625 0.00038747042264888573 0.00043700310851778329 9.2053976524054783e-05 0.00015830364750094757 3.301923372863239e-07 -2.633796710695604e-05 6.2804049178458862e-05 4.5481989703921505e-05 0.00055223419290120171 -0.00010034918189616707 -7.306694638532828e-05 0.00026940915183064649 -0.00011571464863836127 0.00010951398317107543 -4.745109901485023e-05 0.00023493351341727204
leaf_weight=9841 1102 3403 52 3251 477 437 209 311 3198 63 150 271 179 1229 352 60 370 2173 16199 963 1334 3412 250 1020 2982 290 843 1235 461 294
leaf_count=9841 1102 3403 52 3251 477 437 209 311 3198 63 150 271 179 1229 352 60 370 2173 16199 963 1334 3412 250 1020 2982 290 843 1235 461 294
internal_value=-0.000100601 -0.000224647 0.000146257 0.0001178 -8.95292e-05 -0.00216383 -0.00327523 0.0026699 -0.0044937 0.0006917 0.000249738 -0.004 -0.00332792 0.00538434 0.0103012 -0.00650706 0.000215889 4.66164e-05 0.000777088 0.00471939 -0.00086318 0.000162766 0.00517677 -0.000649152 -0.00218995 5.90319e-05 0.00223818 0.00060154 -0.00366763 0.00261589
internal_weight=56411 55309 45468 45416 42165 5927 5450 927 4523 1265 36238 850 616 1379 415 3258 579 34859 19335 3136 15524 11366 1584 9782 6370 3388 2368 2078 4158 755
internal_count=56411 55309 45468 45416 42165 5927 5450 927 4523 1265 36238 850 616 1379 415 3258 579 34859 19335 3136 15524 11366 1584 9782 6370 3388 2368 2078 4158 755
is_linear=0
shrinkage=0.05


Tree=42
num_leaves=31
num_cat=0
split_feature=4 6 5 8 16 11 16 16 16 3 11 10 10 16 11 15 16 16 15 10 16 16 11 10 11 14 15 15 11 11
split_gain=17.3298 14.0983 12.1052 10.9395 19.6593 13.1999 18.5383 30.3421 14.3414 10.2306 9.72358 9.96431 27.5775 17.6259 16.0288 15.8097 14.5285 13.8915 13.8849 11.8743 20.3524 21.3751 14.4021 14.1349 12.7317 11.5914 10.5368 18.271 18.0094 15.7527
threshold=0.052576891367840453 2.1033003767242398 0.0093663353090718271 inf -0.046161116172452159 -0.014346854625401638 -0.0031855134162837024 -0.010142093357846214 -0.011021481892577621 0.0041529734292802276 0.047954932638038301 0.0083252944612894914 0.010706298080283895 0.018916129259167639 -0.0084234558750331794 0.018096404377466183 0.017186382389062452 0.019959141703961517 0.0065398309894846305 -0.0061039058742593513 0.0067228459056728482 0.013497547864459116 -0.011429268480369846 -0.0059409935065934385 -0.0019312453480846423 0.10773003329269316 -0.0023125773011111734 -0.0024664466922381663 0.0036681526021306037 0.0060643629866489199
decision_type=2 2 2 8 2 2 2 2 2 2 2 2 2 2 2 2 2 2 2 2 2 2 2 2 2 2 2 2 2 2
left_child=1 2 -1 5 -5 6 7 8 9 -4 11 13 -13 15 -14 16 19 -15 -16 20 24 -22 -21 -24 -7 26 27 28 -25 -30
right_child=-2 -3 3 4 -6 10 -8 -9 -10 -11 -12 12 14 17 18 -17 -18 -19 -20 22 21 -23 23 25 -26 -27 -28 -29 29 -31
leaf_value=-4.0560310869818051e-05 0.0002752608276015693 7.6991448314932577e-05 5.6698676979689317e-06 0.0005260813565327408 -8.6952238719990692e-05 7.8934032326916443e-06 0.00026232405490769154 -0.00027042672111353199 0.0002908306454262719 0.00011838982219701264 -9.4226031993047956e-05 0.00010431169458855177 0.00015703876079574853 0.00016623478855576368 0.00013629553773572239 0.00047896419690692964 -0.00014572364838223375 1.2079817432163361e-05 -7.2005959021826171e-05 -0.00020252778790187214 -0.00032809577083403287 5.7696010712915673e-05 -0.0005550268373107584 -5.5762866763669457e-05 0.00014576216415638357 0.00025990100149943571 -4.3036459719396759e-05 0.00017246870331911272 0.00020959678300551822 1.6841378404057299e-05
leaf_weight=4968 1102 3200 4174 60 1779 1588 620 329 199 1322 772 2849 388 682 388 118 732 6682 2712 669 359 306 101 3310 1126 177 11520 446 530 3144
leaf_count=4968 1102 3200 4174 60 1779 1588 620 329 199 1322 772 2849 388 682 388 118 732 6682 2712 669 359 306 101 3310 1126 177 11520 446 530 3144
internal_value=-0.000128656 -0.000252489 -0.000450528 -0.000202838 -0.00398314 -4.91789e-05 0.00200933 0.00116202 0.00201493 0.00153748 -0.000403508 -0.000290137 0.00151886 -0.000654176 -0.00146216 -0.00130772 -0.00139745 0.00148696 -0.00266129 -0.00117933 0.00156111 -0.0062782 -0.00164472 -0.0013938 0.00348195 -0.00129529 -0.00141425 5.38358e-05 -0.000572738 0.00183723
internal_weight=56352 55250 52050 47082 1839 45243 6644 6024 5695 5496 38599 37827 6337 31490 3488 24126 24008 7364 3100 23276 3379 665 19897 19228 2714 19127 18950 7430 6984 3674
internal_count=56352 55250 52050 47082 1839 45243 6644 6024 5695 5496 38599 37827 6337 31490 3488 24126 24008 7364 3100 23276 3379 665 19897 19228 2714 19127 18950 7430 6984 3674
is_linear=0
shrinkage=0.05


Tree=43
num_leaves=31
num_cat=0
split_feature=13 5 11 13 10 10 14 14 14 11 14 14 11 14 13 11 13 11 8 12 12 12 10 14 14 11 12 8 12 14
split_gain=18.1572 14.6289 9.01447 9.68449 14.79 15.1557 11.1454 15.1668 17.3483 24.011 12.2372 19.6084 15.4768 14.5017 13.3936 12.4922 13.7475 21.6206 12.9052 11.9312 13.4511 11.9283 20.0369 11.0303 14.9388 10.2676 10.2033 9.96091 15.3839 9.30007
threshold=49.655000686645515 0.01902817541818699 0.047954932638038301 14.315000057220461 -0.0072745110629502388 -0.0050682190267434804 0.076607678117126224 0.052213768787031663 0.035942894407802857 0.027669188413944949 -0.060408912479391223 -0.049735428455543622 0.010353223203457886 0.00619378828642947 14.059999942779543 0.0029094650612268018 12.84500026702881 0.0063364892264597969 0.054372756969623522 0.0094949334570126904 0.025371468948423018 0.04854639636196257 0.00090086479202544656 0.0091478412114857095 -0.0017400209240098772 0.018660476103213201 0.0062346359643689073 -0.19128988687607204 -0.052281358654850445 -0.01262073301810107
decision_type=2 2 2 2 2 2 2 2 2 2 2 2 2 2 2 2 2 2 10 2 2 2 2 2 2 2 2 10 2 2
left_child=1 2 3 4 -1 -6 7 8 10 -10 26 14 15 19 -12 23 18 -18 -17 -14 -21 22 25 24 -13 -15 -7 28 -5 -22
right_child=-2 -3 -4 27 5 6 -8 -9 9 -11 11 12 13 21 -16 16 17 -19 -20 20 29 -23 -24 -25 -26 -27 -28 -29 -30 -31
leaf_value=0.00012214863455733025 0.0025041818897148117 5.1447893517263255e-05 -0.0001148729210109039 0.0005142174542866868 -0.00014405521555492461 0.00019941540226912506 -0.00026587614303475842 0.0002849120632295967 -0.00026312995514583652 0.00034999025723455522 0.00022814583056943172 -2.7239047099357917e-05 4.0644335788472303e-05 2.2830343633087856e-05 -0.00017077355637218935 5.8103183067097176e-05 0.0002391248296904747 2.8945419216293462e-06 -0.00015743099883996515 -0.00022496440876015227 -2.692694422348008e-05 -0.00011902664497860584 0.00013386884837462767 -0.00013154162708583738 0.00011973445658112308 -0.00018073226947868155 -0.00013388501220542608 3.2647558368001589e-06 -8.1929942964071269e-05 -0.00010237459778032759
leaf_weight=390 72 9283 447 64 756 61 305 252 320 63 556 1137 365 254 54 293 627 583 221 297 1429 253 781 491 387 197 612 32658 1624 1445
leaf_count=390 72 9283 447 64 756 61 305 252 320 63 556 1137 365 254 54 293 627 583 221 297 1429 253 781 491 387 197 612 32658 1624 1445
internal_value=-9.28443e-05 -0.000124989 -0.000483782 -0.000415815 -0.00163039 -0.00194863 -0.00147728 -0.00120809 -0.00150106 -0.0119452 -0.00110276 -0.000635005 -0.00123858 -0.00305218 0.00803279 0.00119684 0.00432135 0.0072314 -0.00252918 -0.00479355 -0.00577893 0.00109428 0.003125 -0.00147643 0.00062336 -0.00526608 -0.00761516 1.3102e-05 -0.00373223 -0.00473208
internal_weight=56277 56205 46922 46475 12129 11739 10983 10678 10426 383 10043 9370 8760 5021 610 3739 1724 1210 514 3536 3171 1485 1232 2015 1524 451 673 34346 1688 2874
internal_count=56277 56205 46922 46475 12129 11739 10983 10678 10426 383 10043 9370 8760 5021 610 3739 1724 1210 514 3536 3171 1485 1232 2015 1524 451 673 34346 1688 2874
is_linear=0
shrinkage=0.05


Tree=44
num_leaves=31
num_cat=0
split_feature=13 6 11 15 15 16 11 11 14 15 14 3 11 11 11 12 15 12 13 12 11 15 11 12 11 13 13 16 15 13
split_gain=16.0119 12.9814 11.0028 12.3717 15.7266 18.4263 20.2728 19.6652 15.5043 13.9515 18.7105 21.9764 18.645 27.9034 18.9769 16.7885 15.7455 13.6997 13.9197 13.6914 15.3582 17.0991 24.5773 15.0584 13.5071 12.6566 23.1283 16.0988 15.0796 12.476
threshold=49.655000686645515 1.4633300359670944 -0.023324981642921735 0.0070336128420815944 0.0076346840588322759 0.022549420662547063 0.016611692881519539 0.011662466264334872 -0.10344834121785244 -0.00022044964607037529 -0.010234659349895312 0.0039156271547123875 0.0036681526021306037 0.0079965891664850481 0.0023967132721236521 0.020229824127922073 0.00086534932722681656 -0.033014578786643371 21.409999847412113 -0.05793872793170584 0.018824683840572235 0.0016884522598056286 0.028526369862389215 -0.0097422082030401685 0.037452898348852799 22.330000877380375 16.510000228881839 0.0087142695257781417 -0.0023125773011111734 12.84500026702881
decision_type=2 2 2 2 2 2 2 2 2 2 2 2 2 2 2 2 2 2 2 2 2 2 2 2 2 2 2 2 2 2
left_child=1 2 -1 9 -5 6 7 8 -6 12 19 16 14 29 25 -16 24 -10 -19 -11 -21 -22 -23 -24 -12 26 28 -28 -4 -14
right_child=-2 -3 3 4 5 -7 -8 -9 17 10 11 -13 13 -15 15 -17 -18 18 -20 20 21 22 23 -25 -26 -27 27 -29 -30 -31
leaf_value=4.8043611676103649e-05 0.002378972795229071 5.4923853037649411e-05 -2.3292193906089837e-05 0.00013060777520331452 -6.0495809600181338e-05 -5.0170643557748165e-05 0.00016484416943638708 -8.7740142636880697e-05 0.00024897854188958742 -0.00062351079741089217 -0.0001855782330855003 2.2274050587164551e-05 -0.00014847160309538544 3.2287559003450935e-06 -0.00023759731272053847 -2.6882816056256025e-05 -7.8553736417188085e-05 4.2484710370935573e-05 -0.00070005461854263159 2.248980495052613e-05 6.9243733326154806e-05 -0.00016338422954424909 0.00033073369199017132 -6.687958855964306e-05 0.00013024865434715986 -0.00010585442127608344 6.2921058727256161e-05 -0.00019339231498887124 -0.00015543566432225974 0.00015556373958994219
leaf_weight=3687 64 5688 3922 1193 1102 3158 947 1173 576 68 1144 1546 135 6986 489 640 4169 3732 128 5577 512 956 189 539 56 1396 4146 123 715 1731
leaf_count=3687 64 5688 3922 1193 1102 3158 947 1173 576 68 1144 1546 135 6986 489 640 4169 3732 128 5577 512 956 189 539 56 1396 4146 123 715 1731
internal_value=4.86838e-06 -2.34833e-05 -0.000277422 -0.000483549 0.000901407 0.000300481 0.00162575 0.000659365 0.00190502 -0.000958218 -0.00212795 -0.00402386 -0.000107233 0.00161545 -0.00144126 -0.00759522 -0.00553641 0.00322362 0.00215026 -0.000455937 -0.000260517 -0.00380237 -0.00623515 0.000686813 -0.0105833 -0.000766841 -7.29845e-05 0.00258257 -0.00251779 0.00704716
internal_weight=56487 56423 50735 47048 12009 10816 7658 6711 5538 35039 14756 6915 20283 8852 11431 1129 5369 4436 3860 7841 7773 2196 1684 728 1200 10302 8906 4269 4637 1866
internal_count=56487 56423 50735 47048 12009 10816 7658 6711 5538 35039 14756 6915 20283 8852 11431 1129 5369 4436 3860 7841 7773 2196 1684 728 1200 10302 8906 4269 4637 1866
is_linear=0
shrinkage=0.05


Tree=45
num_leaves=31
num_cat=0
split_feature=4 6 12 14 11 12 12 10 15 14 10 12 11 11 16 12 10 16 3 14 10 15 14 14 15 14 11 10 11 11
split_gain=16.4646 11.6644 10.9706 10.9309 10.4826 13.8468 19.9905 11.1541 19.9006 11.115 18.2107 18.3996 10.6833 10.2554 16.0397 10.6096 14.5383 33.3572 16.5497 14.3173 13.0083 17.2995 29.2925 16.7829 14.9114 13.356 12.4971 12.0575 10.2186 10.0357
threshold=0.044304345631068061 1.6528774582209189 -0.0800835440536906 -0.16769008837329388 -0.0072461958036925669 -0.037333160893422583 -0.031853189963288557 0.0025149873033184504 0.0067070622543276013 -0.083456210331023115 0.010706298080283895 -0.00073998910017980524 0.047954932638038301 0.040003835634240599 0.035035748343718261 -0.018805690577708031 -0.0077272897241722474 0.0067228459056728482 0.00012162722907504976 0.15436855290822041 -0.0049765791871394507 -0.010234037127043181 0.068214198873392098 0.0250539094836888 -0.0067728167275152842 0.076607678117126224 0.0083592080830587907 -0.0045277696636227818 0.010806447691469769 0.026061152013762138
decision_type=2 2 2 2 2 2 2 2 2 2 2 2 2 2 2 2 2 2 2 2 2 2 2 2 2 2 2 2 2 2
left_child=1 3 -2 -1 7 -6 -7 8 -5 10 29 -12 13 15 -15 19 17 -17 -19 -11 21 23 -23 -18 -24 27 -27 28 -22 -8
right_child=2 -3 -4 4 5 6 9 -9 -10 12 11 -13 -14 14 -16 16 20 18 -20 -21 25 22 24 -25 -26 26 -28 -29 -30 -31
leaf_value=0.00019859937673368791 0.0010960125001347729 4.6496001146651821e-05 0.00011153805117617078 1.6128778337516853e-05 -0.000113303338600088 0.00017607126394350903 7.7486004452875538e-05 -3.3409367248633242e-05 0.00020404571791601182 -9.877249090741942e-05 0.00033712025951213102 -9.973335768206737e-05 -0.00012366085518998853 -0.00012081165233477058 0.0001738862135807145 0.00017159506501463075 -0.00024628920861613312 -0.00026335619054914327 0.00010842953577440535 0.00040904861651170878 0.00024148131045608319 -0.00020777920955425487 -6.916788533373369e-05 0.00020259347958616529 0.00017838747205046841 -0.00030276683162040302 -7.2376359853935581e-06 -1.5370097604265741e-05 -7.8568641563078146e-05 0.00064088061242009329
leaf_weight=307 195 4626 2269 8086 1239 505 967 2848 742 1229 109 525 547 216 637 993 128 412 284 57 294 1107 278 323 251 416 373 26154 133 125
leaf_count=307 195 4626 2269 8086 1239 505 967 2848 742 1229 109 525 547 216 637 993 128 412 284 57 294 1107 278 323 251 416 373 26154 133 125
internal_value=-0.000121064 -0.000303741 0.00387581 -0.000529066 -0.000588019 -0.000997266 -0.000818706 0.000719424 0.00159719 -0.000958997 0.00295481 -0.00378549 -0.00115867 -0.00104476 0.00436694 -0.0011871 -0.00100334 0.00350799 -0.00488506 -0.00563764 -0.00126201 -0.00506708 -0.00745721 0.0036031 0.00222117 -0.000971867 -0.00738276 -0.000781573 0.00755269 0.00686813
internal_weight=56375 53911 2464 49285 48978 37302 36063 11676 8828 35558 1726 634 33832 33285 853 32432 31146 1689 696 1286 29457 2087 1636 451 529 27370 789 26581 427 1092
internal_count=56375 53911 2464 49285 48978 37302 36063 11676 8828 35558 1726 634 33832 33285 853 32432 31146 1689 696 1286 29457 2087 1636 451 529 27370 789 26581 427 1092
is_linear=0
shrinkage=0.05


Tree=46
num_leaves=31
num_cat=0
split_feature=4 3 6 15 6 15 15 14 15 14 3 16 12 10 8 12 16 10 14 12 12 16 10 6 15 12 10 12 15 16
split_gain=16.8108 12.1719 9.00084 8.62273 7.13645 7.04493 16.831 16.1433 15.6958 15.534 19.2826 19.4846 16.6193 16.082 13.8474 12.3911 12.2261 12.0628 16.1808 11.4189 10.8407 10.6329 10.1566 10.1173 9.89669 9.44427 9.41165 9.27468 8.98777 11.1037
threshold=0.031767499148601157 0.020122525282923024 0.65624694312226262 0.035094811877562256 1.6528774582209189 0.0070336128420815944 -0.00022044964607037529 0.004407866869301503 -1.0000000180025095e-35 -0.021590127132527389 0.0039156271547123875 0.0033791458128604739 0.028448808963007281 0.0012830782027211109 0.12012033876474794 0.029689605968967085 -0.022863456982678384 0.0057612220393999944 -0.0035273854570452286 0.063084503819231377 0.034436834161626247 0.0086379701369299084 -0.0020576212459770811 -1.4629480180673933 -0.00088034228695765815 0.12384640389246161 -0.0022466027012056906 0.076917813566943397 0.0086511143901035776 -0.0052950944017466353
decision_type=2 2 2 2 2 2 2 2 2 2 2 2 2 2 8 2 2 2 2 2 2 2 2 2 2 2 2 2 2 2
left_child=2 3 5 4 -2 6 24 17 -8 14 11 16 13 -13 23 -14 -11 18 -7 22 28 -17 -18 -10 25 -1 -26 -9 29 -19
right_child=1 -3 -4 -5 -6 7 8 27 9 10 -12 12 15 -15 -16 21 19 20 -20 -21 -22 -23 -24 -25 26 -27 -28 -29 -30 -31
leaf_value=-7.8260485269586805e-06 2.7360799711097144e-05 0.00043413162249929694 1.6149190543940632e-05 -0.00066385481960719588 0.00034834080625761291 6.5807996046220413e-05 -0.00021229402237326318 0.00012795002387375542 -0.00012082376086542156 6.712907738440051e-05 2.7081157957058092e-05 0.00012883798692038133 -0.0002794273766997196 -0.00010238791688332458 -0.00013271570855435139 2.3181585629349729e-05 -6.8445386657463981e-05 -6.3083481891676023e-05 -0.00011490278948847232 0.0001967763072111805 -8.9495892011898058e-05 -0.0001014471047971987 -0.00024065496421456147 1.5099097774590003e-05 0.00024225152636357501 -0.00027898135177847357 2.3894075439978807e-05 -0.00019590571811108678 -2.2311044145803367e-05 0.00015592934923449383
leaf_weight=16024 7842 634 9975 66 590 1672 264 1386 245 198 1319 724 189 509 471 509 344 231 189 46 1547 1537 1070 4113 222 93 558 85 3305 393
leaf_count=16024 7842 634 9975 66 590 1672 264 1386 245 198 1319 724 189 509 471 509 344 231 189 46 1547 1537 1070 4113 222 93 558 85 3305 393
internal_value=-0.000129547 0.00183421 -0.00050934 0.00133561 0.00147652 -0.000866606 -0.00124934 0.000368983 -0.00272144 -0.00243924 -0.00404577 -0.00543309 -0.00330161 0.00135848 -0.000295092 -0.00587248 -0.00989144 -0.000589478 0.00288823 -0.0114726 -0.00177137 -0.00474096 -0.0122702 0.000585131 -0.000244126 -0.000510331 0.00525641 0.00514956 -0.000375414 0.00512821
internal_weight=56350 9132 47218 8498 8432 37243 28435 8808 11538 11274 6445 5126 3468 1233 4829 2235 1658 7337 1861 1460 5476 2046 1414 4358 16897 16117 780 1471 3929 624
internal_count=56350 9132 47218 8498 8432 37243 28435 8808 11538 11274 6445 5126 3468 1233 4829 2235 1658 7337 1861 1460 5476 2046 1414 4358 16897 16117 780 1471 3929 624
is_linear=0
shrinkage=0.05


Tree=47
num_leaves=31
num_cat=0
split_feature=13 4 11 13 16 11 16 16 6 3 13 14 14 13 13 16 5 16 16 16 16 10 11 14 11 14 13 13 10 10
split_gain=16.3307 13.3755 8.83585 12.4752 11.8539 11.1123 14.9014 12.2672 10.6092 10.2341 11.4263 10.0143 11.1913 8.9815 8.67661 8.57376 8.4132 7.91988 8.78486 12.0717 21.5381 16.6123 12.3275 9.35831 9.28106 10.7314 8.81093 15.4908 14.9029 14.8107
threshold=49.655000686645515 0.032924795655821341 -0.023324981642921735 17.615000724792484 -0.025366837521803628 -0.030384470516343128 -0.028704172201534425 -0.052662510641875819 2.1033003767242398 1.0000000180025095e-35 23.604999542236332 -0.022508843870219172 0.11108526702174228 18.94999980926514 24.19999980926514 -0.024351145189139885 0.009009035242985448 -0.021403158390594864 -0.017857064759930704 -0.0095684477331620648 -0.0067787423857693088 0.0034641248169459131 0.021563069340693967 0.17323568959812755 -0.0030472958153792136 0.079615825148664734 17.840000152587894 18.595000267028812 0.0056131556755568699 -0.0077272897241722474
decision_type=2 2 2 2 2 2 2 2 2 2 2 2 2 2 2 2 2 2 2 2 2 2 2 2 2 2 2 2 2 2
left_child=1 2 3 -1 11 6 7 -5 16 -7 13 -4 -13 -11 15 -8 -6 -18 24 21 22 23 -21 -20 -19 -26 29 28 -28 -22
right_child=-2 -3 4 5 8 9 14 -9 -10 10 -12 12 -14 -15 -16 -17 17 18 19 20 26 -23 -24 -25 25 -27 27 -29 -30 -31
leaf_value=-0.00015227368381808446 0.0022118009623171495 5.4367841422167798e-05 -0.0002132545506948718 -0.00037068567704746301 -3.9753169776974852e-05 0.00018772378721279538 -0.00011670976370315727 0.00017156819368625392 6.3305517517553122e-05 0.00010977209423815564 0.00033439683055357436 5.6730722931936903e-05 -0.00022108577856641293 -8.4306263757716503e-05 -0.00024520666452629069 6.6650855208226671e-05 6.2214389233841268e-05 -0.00014079915507653109 8.7553078138778115e-05 -0.00011084762486998431 0.00012109435006718304 -5.186309489211166e-05 0.00021889962477731072 -0.00019594442250582631 7.4262802581549683e-05 -0.00026278226934854849 -0.00022314812392270223 -1.087028714441558e-05 3.1145984683517886e-06 -3.3454944616847886e-06
leaf_weight=186 65 7950 473 102 3548 873 307 561 2494 243 117 462 241 453 200 283 1427 802 2777 1605 848 837 53 102 391 99 1112 5252 616 21814
leaf_count=186 65 7950 473 102 3548 873 307 561 2494 243 117 462 241 453 200 283 1427 802 2777 1605 848 837 53 102 391 99 1112 5252 616 21814
internal_value=-4.75192e-05 -7.64744e-05 -0.000389411 0.00209774 -0.000573377 0.00284326 -0.000361321 0.00516591 -0.0004403 0.00560498 0.00156827 -0.00552721 -0.00174253 -0.000862069 -0.005 -0.00194915 -0.000631616 -0.000412747 -0.000556351 -0.000406957 -0.000726837 0.00228741 -0.00627262 0.00408996 -0.00460526 0.000816327 -0.000416639 -0.00196991 -0.00607639 6.17774e-05
internal_weight=56293 56228 48278 3325 44953 3139 1453 663 43777 1686 813 1176 703 696 790 590 41283 37735 36308 35016 31300 3716 1658 2879 1292 490 29642 6980 1728 22662
internal_count=56293 56228 48278 3325 44953 3139 1453 663 43777 1686 813 1176 703 696 790 590 41283 37735 36308 35016 31300 3716 1658 2879 1292 490 29642 6980 1728 22662
is_linear=0
shrinkage=0.05


Tree=48
num_leaves=31
num_cat=0
split_feature=13 5 9 14 12 16 8 14 12 10 10 16 16 14 14 14 16 16 14 13 12 14 10 12 14 10 12 10 14 12
split_gain=17.1469 13.0608 9.49775 8.47166 18.3968 14.7546 12.3778 10.2269 9.72093 9.58162 8.93863 8.68116 10.2365 9.15716 7.39522 11.2315 11.3984 11.0785 11.2197 15.4547 11.5259 10.7359 10.7291 10.2682 10.0279 9.08689 8.82673 9.43928 8.51291 8.18606
threshold=49.655000686645515 0.011753070905927976 0.32242722193009227 0.0250539094836888 0.11156893092539701 0.025179042068587124 0.12304077401349757 0.017796206966189224 0.12951753151584791 -0.0029934085869046663 0.0011106724976560625 -0.0051711704141383366 -0.011021481892577621 0.024414321868059811 0.072802606011034846 0.083812216488613714 0.0096290460770676062 -0.019768776997275358 0.039671535485110161 14.244999885559084 0.012875909391154241 0.079615825148664734 0.0057612220393999944 -0.0097422082030401685 0.11068884178819839 0.0036023274720613512 -0.010763089356595755 -0.015213589282174643 0.06028471113356227 0.018681855298992137
decision_type=2 2 10 2 2 2 8 2 2 2 2 2 2 2 2 2 2 2 2 2 2 2 2 2 2 2 2 2 2 2
left_child=1 -1 3 7 5 14 9 8 -3 -7 11 12 -9 -13 17 16 21 25 22 28 23 29 -19 -21 26 -5 27 -17 -20 -16
right_child=-2 2 -4 4 -6 6 -8 10 -10 -11 -12 13 -14 -15 15 24 -18 18 19 20 -22 -23 -24 -25 -26 -27 -28 -29 -30 -31
leaf_value=-1.7549282684055693e-05 0.0019704443848509966 -1.4800916782757492e-06 0.00010873327530260199 0.00019243498299328454 -0.00027516171074277481 8.2943501703263659e-05 -0.00010541790491927902 -0.00012431233505559962 0.00074738758325984924 0.00045916093039140505 6.4123300542750364e-05 -0.00022553299597996112 0.00028887268205134798 0.0003308339220233902 -0.00011488801860504456 0.00022178554066183483 -0.00041994939855902235 -8.1075980007470647e-05 -0.00030312228402989256 2.2935717465841569e-05 3.2759248322435574e-05 -0.00019538169069545277 0.00030519812907537741 0.00035133378389320941 -1.9522183743069314e-05 -7.9602597400087448e-05 0.00020057861465459204 -7.7069687623778681e-05 0.0001063824735572394 0.00024616349454776242
leaf_weight=18216 68 23652 2107 733 130 231 123 234 70 363 341 762 131 49 136 158 188 1331 155 329 1470 505 128 628 2617 111 829 294 54 244
leaf_count=18216 68 23652 2107 733 130 231 123 234 70 363 341 762 131 49 136 158 188 1331 155 329 1470 505 128 628 2617 111 829 294 54 244
internal_value=-9.26632e-05 -0.00012296 0.000403512 0.000212524 0.00138747 0.00161617 0.00854254 -0.000288244 -3.3724e-05 0.011532 -0.00426829 -0.00633503 6.84932e-05 -0.00921702 0.00111504 -0.000246429 -0.00477633 0.00248532 0.00141026 0.00335736 0.00448084 -0.00240113 -0.00210761 0.00875131 0.00100051 0.00770142 0.00462529 -0.000995575 -0.009689 0.00394737
internal_weight=56387 56319 38103 35996 10757 10627 717 25239 23722 594 1517 1176 365 811 9910 4971 1073 4939 4095 2636 2427 885 1459 957 3898 844 1281 452 209 380
internal_count=56387 56319 38103 35996 10757 10627 717 25239 23722 594 1517 1176 365 811 9910 4971 1073 4939 4095 2636 2427 885 1459 957 3898 844 1281 452 209 380
is_linear=0
shrinkage=0.05


Tree=49
num_leaves=31
num_cat=0
split_feature=5 4 15 15 10 10 16 15 16 14 15 8 15 14 12 16 12 15 15 10 10 15 15 16 16 10 14 10 15 12
split_gain=14.4925 8.5987 8.4881 9.32766 7.93294 16.8198 13.9708 10.1406 9.66106 10.5245 8.65976 7.67518 7.22569 8.8072 19.0961 19.2748 9.61776 9.18554 10.553 9.70709 13.3378 9.7614 9.54897 10.053 10.7843 8.96142 10.4274 9.24188 8.51712 12.9428
threshold=0.013037611913491667 0.054637965428488679 -0.021715662476849636 -0.018730415616232173 0.010706298080283895 0.0092143531748835068 0.016357390601165259 0.006060739251569692 -0.046161116172452159 0.06920052511090892 0.0030933442137744964 -0.12591080962189402 -0.017588270772269262 0.039162482689633411 0.11156893092539701 0.025895775855445783 0.12951753151584791 0.0070336128420815944 0.0086511143901035776 0.0057612220393999944 -0.0019771286698093134 0.011722306013954078 0.0095711263093707383 0.028184317829487052 0.011995144079500421 0.000540884636322292 0.063421642021299643 -0.00038724572548481934 0.0014907666845965786 0.030225139979897734
decision_type=2 2 2 2 2 2 2 2 2 2 2 10 2 2 2 2 2 2 2 2 2 2 2 2 2 2 2 2 2 2
left_child=-1 2 -2 -4 5 8 -7 -8 9 -5 -6 -9 -10 16 15 25 17 28 -19 20 -20 -22 -21 24 -24 27 -27 -15 29 -14
right_child=1 -3 3 4 10 6 7 11 12 -11 -12 -13 13 14 -16 -17 -18 18 19 22 21 -23 23 -25 -26 26 -28 -29 -30 -31
leaf_value=-1.4686123020399897e-05 -0.00011663202312991159 0.00027875700278202166 0.00026584610670605082 3.5436906770353747e-05 0.00055468316721093839 0.00024237391893486006 0.00049164795661734209 0.0010910156197547099 -0.000440899350894088 0.00090118121575872017 -4.4901246644864833e-05 -0.00011889640572714583 -2.5135684821683738e-05 5.1876449021730831e-05 -0.00026640338668406505 0.00059871593766371446 0.0006524603591741081 0.00014601504482178842 -0.0002014024723849494 -0.00025308183541985097 5.0266960609194819e-05 0.00037204937961132496 -8.6277391242755005e-05 -8.2393970542701377e-05 0.0002342486468771785 1.0539254780402452e-05 -0.00042358333472766995 0.0004297488859425502 -5.7838259377525525e-05 5.5198545341035929e-05
leaf_weight=25716 762 886 359 118 46 1085 72 54 172 91 2984 299 5917 4819 124 248 69 1186 172 273 789 307 408 356 353 378 176 157 4753 3238
leaf_count=25716 762 886 359 118 46 1085 72 54 172 91 2984 299 5917 4819 124 248 69 1186 172 273 789 307 408 356 353 378 176 157 4753 3238
internal_value=-0.000170756 0.000563603 0.000419116 0.000555977 0.000455593 0.000741782 0.00586093 -0.00182353 0.000421092 0.0111244 -0.0019637 -0.00531161 0.000327474 0.000401509 0.00207557 0.00249221 -0.000152909 -0.000225327 0.00193809 0.000188111 0.00335174 0.00538321 -0.00269784 -0.00064906 0.00259527 0.00188065 -0.00415162 0.00255225 -0.000823267 6.82687e-05
internal_weight=56367 30651 29765 29003 28644 25614 1510 425 24104 209 3030 353 23895 23723 5902 5778 17821 17752 3844 2658 1268 1096 1390 1117 761 5530 554 4976 13908 9155
internal_count=56367 30651 29765 29003 28644 25614 1510 425 24104 209 3030 353 23895 23723 5902 5778 17821 17752 3844 2658 1268 1096 1390 1117 761 5530 554 4976 13908 9155
is_linear=0
shrinkage=0.05


Tree=50
num_leaves=31
num_cat=0
split_feature=13 9 4 11 11 13 11 13 13 13 15 13 14 11 11 11 11 13 11 14 3 13 14 11 11 14 15 11 13 14
split_gain=16.8041 11.3394 8.57984 7.17064 8.50896 21.1707 16.1053 14.8143 10.3886 18.9778 31.4006 17.2789 19.1609 16.7088 23.414 13.8275 19.9785 18.7366 17.0808 16.019 13.8223 13.7289 17.9338 16.5448 16.7884 12.6878 18.3718 11.2211 16.0426 21.5394
threshold=49.655000686645515 0.29797308088904756 0.013420666152499679 -0.0072461958036925669 -0.0030472958153792136 19.520000457763675 -0.0043480620197820499 20.659999847412113 17.945000648498539 20.375000000000004 0.0051276281036692914 23.604999542236332 0.065842641676127869 0.021392341691460984 0.029184901237695352 0.0060643629866489199 0.012286911014520287 19.98499965667725 0.013658203513240543 0.030785511680663128 0.0045536669128481986 15.194999694824221 -0.060408912479391223 0.026061152013762138 0.01754949105466486 0.018374042720191389 -0.0020280417101861676 0.010353223203457886 14.904999732971193 0.0091478412114857095
decision_type=2 10 2 2 2 2 2 2 2 2 2 2 2 2 2 2 2 2 2 2 2 2 2 2 2 2 2 2 2 2
left_child=1 2 -1 -4 5 -5 7 -7 21 15 11 -11 -13 -12 -15 17 -17 19 -18 25 -20 27 23 24 -23 26 -10 28 29 -6
right_child=-2 -3 3 4 8 6 -8 -9 9 10 13 12 -14 14 -16 16 18 -19 20 -21 -22 22 -24 -25 -26 -27 -28 -29 -30 -31
leaf_value=-4.4416067176253224e-05 0.0020304316986694284 8.7040924321091055e-05 1.5021444759212448e-05 -7.5290973649194383e-05 7.0244413883245507e-05 0.00011223927040089717 0.00052203074658110156 -0.00022169180807594062 0.00035675186959975742 0.00024642430413623207 -0.00017407828970561636 -7.7285519266787327e-05 0.00063907038027990104 0.00051096743842652553 -5.6540017668149689e-05 -0.00020177244699100868 0.00023910739939767521 -0.00019879928804787076 -0.00012330830034543318 0.00017233214768575005 4.5655229098452363e-05 9.3522254574805779e-05 6.6440885133764102e-06 0.00049751099681693937 -0.00012635461155192712 -0.00030181388800764512 -6.689775977018735e-05 -3.5622275918714565e-05 -0.00015922672359830735 -5.9840449216302594e-05
leaf_weight=2223 70 2781 13004 2875 3491 325 266 245 135 768 645 383 128 133 527 1071 250 395 1623 780 533 1856 10059 339 257 125 583 8447 529 1625
leaf_count=2223 70 2781 13004 2875 3491 325 266 245 135 768 645 383 128 133 527 1071 250 395 1623 780 533 1856 10059 339 257 125 583 8447 529 1625
internal_value=-0.000197004 -0.00022739 -0.000388847 -0.000257311 -0.000601021 -0.00287658 0.00412679 -0.000614035 -0.000357534 -0.00192784 0.00160604 0.00717357 4.89237e-05 -0.00385057 0.00174242 -0.00358963 -0.00550043 -0.000297324 -0.00297174 0.00207948 -0.00440631 0.000119347 0.00132483 0.00515905 0.00351396 -0.0026987 -0.000139276 -0.000950894 0.000775022 0.00163213
internal_weight=56471 56401 53620 51397 38393 3711 836 570 34682 8079 2584 1279 511 1305 660 5495 3477 2018 2406 1623 2156 26603 12511 2452 2113 843 718 14092 5645 5116
internal_count=56471 56401 53620 51397 38393 3711 836 570 34682 8079 2584 1279 511 1305 660 5495 3477 2018 2406 1623 2156 26603 12511 2452 2113 843 718 14092 5645 5116
is_linear=0
shrinkage=0.05


Tree=51
num_leaves=31
num_cat=0
split_feature=13 0 5 15 10 12 16 16 12 10 14 10 14 10 16 15 16 3 13 15 15 13 14 3 12 10 12 10 11 14
split_gain=14.7931 12.5055 9.06609 8.27107 12.2305 8.07068 8.59049 19.1106 14.2155 11.4787 13.7158 11.142 17.4196 9.93838 9.88853 14.7711 13.8828 10.2083 8.7058 9.14895 13.1419 11.0775 9.37814 11.6537 10.0996 10.7881 10.7244 10.6878 12.7795 15.07
threshold=49.655000686645515 -0.024112873730841585 0.013664768158134234 -0.021715662476849636 -0.0056282677308486786 -0.027697520987391363 0.0029246552186634749 0.0054824749372600632 0.034436834161626247 0.0024545779679250317 -0.034895651013681799 0.0055649513085964672 -0.052212744330840215 0.0061050863391346475 -0.0095684477331620648 -0.0013907481695490385 -0.010407726520023362 -0.0087851272304452204 12.230000019073488 -0.0023125773011111734 -0.0017426777685068948 14.059999942779543 0.0250539094836888 -1.0000000180025095e-35 -0.020341503552033343 0.00090086479202544656 -0.0042212478114914123 0.010927080992059636 0.0069117178035681412 -0.093449770795740669
decision_type=2 2 2 2 2 2 2 2 2 2 2 2 2 2 2 2 2 2 2 2 2 2 2 2 2 2 2 2 2 2
left_child=1 3 5 4 -1 -3 9 8 -8 10 -7 12 -11 -13 15 16 17 -12 -9 21 -21 -20 24 -24 -22 -26 -27 28 -28 -30
right_child=-2 2 -4 -5 -6 6 7 18 -10 11 14 13 -14 -15 -16 -17 -18 -19 19 20 22 -23 23 -25 25 26 27 -29 29 -31
leaf_value=1.9465303188621537e-06 0.0016511165551964025 3.0070527980431499e-05 7.6031027776039992e-06 0.00011276967169533301 -0.00062329001584453714 7.0393131178470445e-05 0.00016510698689069228 0.00038646418922938107 -2.7707434942399971e-05 0.00014049190356963566 0.0001507786768850307 7.972777445707466e-05 -0.0001761492575014967 -5.1348533240680341e-05 -5.9709071019623607e-05 0.00011532530372170779 0.00015494049649424004 -5.3433928002971209e-05 8.015016732270762e-05 -0.00012813640712836411 -0.00017659039707950677 -6.5679478398916536e-06 -3.4896928612634155e-05 0.00011550245433147355 -6.9584269067686415e-05 0.00013310141216163655 7.6916565521128658e-05 -0.00010693210223248254 0.00024477150706298309 -3.2371005915618133e-05
leaf_weight=530 70 2570 24648 2752 70 609 928 109 463 141 278 260 1171 1944 3206 568 277 2521 735 450 232 1760 659 783 1890 245 1066 847 194 4411
leaf_count=530 70 2570 24648 2752 70 609 928 109 463 141 278 260 1171 1944 3206 568 277 2521 735 450 232 1760 659 783 1890 245 1066 847 194 4411
internal_value=-0.000113945 -0.000142497 -0.000329935 0.00281921 -0.0025 -0.000940248 -0.00120694 -0.000419713 0.00515816 -0.00226651 -0.00115632 -0.00462173 -0.00826982 -0.00245009 -0.00179562 -1.37212e-05 -0.00138166 -0.00243837 -0.000999552 -0.00111513 -0.00174678 0.00161323 -0.0013823 0.00235784 -0.00198931 -0.00171328 -0.000779979 -0.001166 -0.00038353 -0.00152552
internal_weight=56387 56317 52965 3352 600 28317 25747 14772 1391 10975 7459 3516 1312 2204 6850 3644 3076 2799 13381 13272 10777 2495 10327 1442 8885 8653 6763 6518 5671 4605
internal_count=56387 56317 52965 3352 600 28317 25747 14772 1391 10975 7459 3516 1312 2204 6850 3644 3076 2799 13381 13272 10777 2495 10327 1442 8885 8653 6763 6518 5671 4605
is_linear=0
shrinkage=0.05


Tree=52
num_leaves=31
num_cat=0
split_feature=13 5 16 10 0 15 15 15 10 12 5 10 10 12 16 15 15 7 9 10 15 13 16 15 15 12 16 14 14 14
split_gain=14.365 10.9832 10.0489 8.67032 7.58968 7.53227 16.3595 12.5824 7.70635 6.95143 6.84899 6.94062 22.8839 11.887 10.9152 9.91028 14.889 10.8846 9.77894 9.16053 8.7766 14.4659 11.9251 10.7852 12.7031 11.5779 9.81904 9.29179 14.1102 12.2033
threshold=49.655000686645515 0.024425953546982192 0.033739302256470489 0.031057656448531649 -0.0089660880867222775 -0.021715662476849636 -0.018730415616232173 -0.017588270772269262 -0.0056282677308486786 -0.038043904409190692 0.01045736461576199 0.010706298080283895 0.0092143531748835068 0.032469113334652529 -0.023921459017009147 0.006060739251569692 0.0072329690354423501 0.011904717015189472 -0.067333718706517318 0.01137039076296076 0.0069850589999882482 20.714999198913578 0.046738053510408058 -0.00022044964607037529 -1.0000000180025095e-35 0.029535426722854145 -0.025366837521803628 0.031770832380203846 0.043372068741787458 0.0091478412114857095
decision_type=2 2 2 2 2 2 2 2 2 2 2 2 2 2 2 2 2 2 10 2 2 2 2 2 2 2 2 2 2 2
left_child=1 4 3 -3 5 8 -7 -8 9 -1 -6 12 20 14 18 -14 -17 -18 -13 -16 23 22 26 25 -25 27 -22 29 -29 -12
right_child=-2 2 -4 -5 10 6 7 -9 -10 -11 11 13 15 -15 19 16 17 -19 -20 -21 21 -23 -24 24 -26 -27 -28 28 -30 -31
leaf_value=-0.00027788577969237925 0.0014755951420530313 0.00015377514230655292 -5.9973193123038804e-05 -0.00091666340528441461 -2.4747294094130869e-05 0.00032448131910999824 -0.00039661329842351889 1.7428639838287103e-05 -0.00046818794644663022 3.2002135841434268e-05 -1.0592209120088414e-05 -0.00051014079370017976 0.00031562995391560953 -0.00011694391446125828 -0.00011405090648818071 -0.00016139884969941477 0.00017848172399392709 8.9573948814488262e-06 8.2288163225719855e-05 3.0232504797085037e-05 -0.00030080586512698992 -0.00011542300040254111 -9.6429763702290651e-05 -0.0002434086369778153 -3.4911671695931032e-05 5.2662999585603375e-05 6.127981792076834e-05 0.00021195654820604389 -5.4439084041821122e-06 -0.00011506603546406472
leaf_weight=279 68 3147 609 42 9217 402 182 10629 94 362 3245 137 398 1085 300 230 647 536 53 2111 96 539 453 243 9206 3252 4642 481 2687 1117
leaf_count=279 68 3147 609 42 9217 402 182 10629 94 362 3245 137 398 1085 300 230 647 536 53 2111 96 539 453 243 9206 3252 4642 481 2687 1117
internal_value=-0.000173043 -0.000200723 0.002396 0.00351991 -0.000388138 0.000719786 0.0010412 0.000672926 -0.00418367 -0.00222309 -0.000713583 -0.000362388 -9.18191e-05 -0.00240098 -0.00056709 0.00534235 0.00337933 0.00564243 -0.0121053 0.000342182 -0.000470899 0.00125654 0.00206608 -0.00096016 -0.00219335 0.000120571 0.00280709 -0.000956175 0.0011048 -0.002453
internal_weight=56489 56421 3798 3189 52623 11948 11213 10811 735 641 40675 31458 27772 3686 2601 1811 1413 1183 190 2411 25961 5730 5191 20231 9449 10782 4738 7530 3168 4362
internal_count=56489 56421 3798 3189 52623 11948 11213 10811 735 641 40675 31458 27772 3686 2601 1811 1413 1183 190 2411 25961 5730 5191 20231 9449 10782 4738 7530 3168 4362
is_linear=0
shrinkage=0.05


Tree=53
num_leaves=31
num_cat=0
split_feature=11 10 9 16 15 6 15 1 16 16 4 10 10 16 14 2 15 15 10 16 16 16 10 15 14 14 15 15 15 10
split_gain=12.1351 13.9236 13.8775 11.4675 15.0215 12.7379 10.3383 9.82538 11.7538 10.2478 9.06616 7.94542 7.36814 6.89253 7.6471 6.64268 6.5561 6.52142 7.3151 6.36264 9.30137 11.1229 12.894 15.8925 10.4582 12.6773 8.31884 7.47 8.81724 10.5398
threshold=-0.023324981642921735 0.0041960795209391452 -0.076851969870825362 -0.025366837521803628 0.010496188067741887 2.1839502906844639 0.0067070622543276013 -0.058380675742921821 -0.011021481892577621 -0.017857064759930704 0.019067964006482759 0.023991459337660673 0.020919762355870345 -0.022863456982678384 0.11108526702174228 -0.057515471694576208 -0.022177877438313117 -0.022177877438313117 -0.018534133998249432 0.002805310396269634 -0.0095684477331620648 -0.0065187451070007887 -0.002449885434601728 0.0024070377794001012 0.13936216153879713 0.079615825148664734 -0.00418174708981811 -0.00022044964607037529 -0.0059947095893043692 -0.00098146470718468693
decision_type=2 2 10 2 2 2 2 2 2 2 2 2 2 2 2 2 2 2 2 2 2 2 2 2 2 2 2 2 2 2
left_child=1 7 -3 4 6 10 -2 -1 9 16 19 12 13 14 -12 -4 -9 18 -15 20 24 -22 -23 27 25 26 -5 28 -24 -30
right_child=3 2 15 5 -6 -7 -8 8 -10 -11 11 -13 -14 17 -16 -17 -18 -19 -20 -21 21 22 23 -25 -26 -27 -28 -29 29 -31
leaf_value=0.00024042760600901511 -7.1133310784419085e-05 -0.00027881416756472404 -0.00029770303694221428 5.2712441954065256e-05 -0.00033711379338515959 7.8673240390319491e-05 0.00018411186196825744 -8.8696920672965213e-05 0.00054610712319361318 -9.9940754484158928e-05 0.00015540530870858244 0.00029651060430823089 -0.00023966479314814981 0.00012687635515958178 -0.00011358916253096179 8.8117757294511886e-05 6.4728196077811032e-05 2.6137656041739895e-06 -0.00031449915051324074 -5.8026042079447651e-06 -0.00012795769847235102 4.2152347425571377e-05 -0.00023591897527574515 1.2991095353684412e-05 0.00022523593519986423 -0.00012666947761498263 -2.474724727563715e-05 -0.00017950037276856414 -0.00012505575644919959 3.9924080618083253e-05
leaf_weight=841 1239 280 63 971 200 2673 135 250 188 367 579 273 134 64 88 277 2088 29576 128 10188 702 763 224 834 162 422 1322 423 319 481
leaf_count=841 1239 280 63 971 200 2673 135 250 188 367 579 273 134 64 88 277 2088 29576 128 10188 702 763 224 834 162 422 1322 423 319 481
internal_value=-3.19977e-05 0.00250345 -0.00443548 -0.000244701 -0.00444727 -0.000113262 -0.0025837 0.0036556 0.00227273 0.00143253 -0.00030166 0.000207509 0.000131669 0.000183177 0.0052099 0.00235294 0.00265184 7.05456e-05 -0.00911458 -0.0012358 -0.00244225 -0.00408436 -0.00277595 -0.00465804 -0.000304136 -0.00104052 0.000425207 -0.00782654 -0.00551758 -0.0030625
internal_weight=56254 4354 620 51900 1574 50326 1374 3734 2893 2705 47653 30842 30569 30435 667 340 2338 29768 192 16811 6623 3746 3044 2281 2877 2715 2293 1447 1024 800
internal_count=56254 4354 620 51900 1574 50326 1374 3734 2893 2705 47653 30842 30569 30435 667 340 2338 29768 192 16811 6623 3746 3044 2281 2877 2715 2293 1447 1024 800
is_linear=0
shrinkage=0.05


Tree=54
num_leaves=31
num_cat=0
split_feature=13 4 6 14 9 12 13 14 13 13 10 10 12 13 10 10 15 15 11 13 11 10 11 16 14 16 16 11 10 16
split_gain=13.1361 9.30147 8.34157 8.86814 8.38147 7.57859 7.52885 7.37983 7.13025 7.11445 6.89155 15.5022 12.9855 12.3965 10.5813 22.134 9.49453 11.3651 12.4022 9.47873 11.5875 9.87789 9.42899 9.51628 9.26338 8.55706 8.14474 16.3849 15.2383 12.2239
threshold=49.655000686645515 0.052576891367840453 0.71602718780085162 -0.16769008837329388 -0.10578951102583505 -0.0800835440536906 28.970000267028812 -0.19490876951167976 26.494999885559086 12.00999975204468 0.010706298080283895 0.0092143531748835068 0.032469113334652529 13.824999809265138 0.0095076227407933107 0.009588523086034308 0.010693774482794407 0.0097709758103867745 0.040003835634240599 21.914999961853031 -0.0084234558750331794 0.0180492430338598 0.021563069340693967 0.018916129259167639 -0.056340529311790281 0.014665842454227864 0.018916129259167639 0.01196305437964529 -0.00025978449841479451 0.016672741686673435
decision_type=2 2 2 2 10 2 2 2 2 2 2 2 2 2 2 2 2 2 2 2 2 2 2 2 2 2 2 2 2 2
left_child=1 2 3 4 -1 -3 8 -4 -7 -5 11 16 13 -12 -13 -16 17 26 -19 20 -15 24 23 -17 -22 -14 29 28 -28 -11
right_child=-2 5 7 9 -6 6 -8 -9 -10 10 12 14 25 19 15 22 -18 18 -20 -21 21 -23 -24 -25 -26 -27 27 -29 -30 -31
leaf_value=-0.00016158896000908563 0.001636697421732094 0.0011313210763447394 -0.00018954334429508671 -0.00016299857408143471 0.00021334997779381406 0.00021865113011227067 -8.9095043467313692e-05 2.653148717652134e-05 0.00073512840725579044 -1.3412064458397968e-05 0.00025256420017869707 0.00019389074693318856 -0.00014378783896557652 0.00013217914343694901 -0.00021532652888930153 5.1034061013834677e-05 4.7570550759969566e-05 -0.00015606117566965207 0.00016556969019201342 -0.00018637740423751095 -9.7489917948672723e-05 9.5385391220700986e-05 0.0002982570839284676 -0.00044354003500071242 5.7466851629153511e-05 -4.8112136836152899e-05 -1.7165484075871812e-06 -8.5704608337499334e-06 0.0001882235829912973 -8.9102708638723197e-05
leaf_weight=42 67 97 186 250 223 678 232 10820 78 27903 92 450 559 455 155 1031 2357 576 51 324 991 301 343 52 281 552 658 4740 815 1014
leaf_count=42 67 97 186 250 223 678 232 10820 78 27903 92 450 559 455 155 1031 2357 576 51 324 991 301 343 52 281 552 658 4740 815 1014
internal_value=-0.000111312 -0.000137641 -0.000227721 -0.000534321 0.00858491 0.004447 0.00313765 0.001004 0.00555556 -0.000589306 -0.00054119 -0.000354341 -0.0026512 -0.000613748 0.00390202 0.0019766 -0.000581151 -0.000783763 -0.00745614 -0.00131803 -4.93097e-05 -0.00208201 0.00392707 0.00163897 -0.00400943 -0.00713321 -0.000664674 0.000977789 0.00558384 -0.00101757
internal_weight=56373 56306 55221 44215 265 1085 988 11006 756 43950 43700 40145 3555 2444 2031 1581 38114 35757 627 2352 2028 1573 1426 1083 1272 1111 35130 6213 1473 28917
internal_count=56373 56306 55221 44215 265 1085 988 11006 756 43950 43700 40145 3555 2444 2031 1581 38114 35757 627 2352 2028 1573 1426 1083 1272 1111 35130 6213 1473 28917
is_linear=0
shrinkage=0.05


Tree=55
num_leaves=31
num_cat=0
split_feature=4 12 6 12 16 12 12 14 14 16 12 9 14 14 16 14 15 10 14 6 10 12 14 10 14 10 10 16 16 10
split_gain=11.2679 9.42048 8.99126 7.26919 16.2839 16.0777 12.4906 15.9839 16.2218 13.6631 13.025 12.6503 11.959 11.1919 10.1431 15.5172 12.4405 12.3907 12.0729 13.4288 12.1865 11.6429 10.5207 10.2209 9.90989 10.2712 9.10038 8.98251 8.77096 9.05662
threshold=0.044304345631068061 -0.0800835440536906 -1.133900222782825 0.04854639636196257 -0.010657903441641135 0.044320340975829382 0.060450454040979047 -0.039689213075018263 -0.081825770158787711 0.0011731777569723436 0.08698424572651188 0.14554193859003797 -0.056925165822572281 0.049298283120689408 0.014415526655814139 0.025331387226238514 0.018096404377466183 0.0010681623083543814 -0.12096344977185801 2.1839502906844639 0.016487844784899178 -0.051373899775069835 -0.13532199000438486 0.000540884636322292 0.023650626144740231 0.0095076227407933107 0.00040263082252767207 -0.023921459017009147 0.010557269196267096 0.0087442389326247722
decision_type=2 2 2 2 2 2 2 2 2 2 2 8 2 2 2 2 2 2 2 2 2 2 2 2 2 2 2 2 2 2
left_child=2 -2 -1 5 -5 14 13 8 -8 10 11 -9 -7 24 16 21 18 23 22 20 28 -16 -4 26 25 -6 -17 -24 29 -20
right_child=1 -3 3 4 6 12 7 9 -10 -11 -12 -13 -14 -15 15 17 -18 -19 19 -21 -22 -23 27 -25 -26 -27 -28 -29 -30 -31
leaf_value=-3.4532172898584e-05 0.001013324911503268 8.6405780315646473e-05 -3.8194570922652113e-06 0.00014907345554707768 -5.1085065161014283e-05 -0.00013517715960428592 -6.0882166924603261e-05 -0.00019302504344149404 0.00026678131655250356 -7.0791618338733684e-05 0.00018050104621742904 0.00030265088537859966 9.7841671543837507e-05 6.4506940577516991e-05 -0.00028350557688160523 5.9373581204343268e-05 0.00018161256288828627 0.00030800985191089506 -1.745912092097964e-05 9.0242441832813846e-05 -0.00028948262111254776 9.752962906857052e-06 6.8146033187725322e-05 -0.00074022036492102546 -0.00020529705809419651 -0.00019079535644736544 0.00042193053296661864 0.0005404019391494787 -6.679982385818127e-05 5.1386388440799029e-05
leaf_weight=3657 195 2254 457 481 1733 196 199 202 453 2049 500 55 1922 392 126 1122 404 329 23360 1726 196 8463 184 49 268 441 178 241 2440 2119
leaf_count=3657 195 2254 457 481 1733 196 199 202 453 2049 500 55 1922 392 126 1122 404 329 23360 1726 196 8463 184 49 268 441 178 241 2440 2119
internal_value=-0.00014231 0.00317477 -0.000292907 -0.000118823 -0.00164255 0.000118358 -0.00232041 -0.000303644 0.00674847 -0.00194227 0.00379789 -0.00535019 0.00436733 -0.00478123 -9.90482e-05 0.00126376 -0.000548559 0.0056615 -0.000663184 -0.000833585 -0.00109639 0.000404587 0.00510204 0.00353966 -0.00604013 -0.0049218 0.00438462 0.0107647 -0.00100917 -0.000734919
internal_weight=56391 2449 53942 50285 6773 43512 6292 3458 652 2806 757 257 2118 2834 41394 10267 31127 1678 30723 29841 28115 8589 882 1349 2442 2174 1300 425 27919 25479
internal_count=56391 2449 53942 50285 6773 43512 6292 3458 652 2806 757 257 2118 2834 41394 10267 31127 1678 30723 29841 28115 8589 882 1349 2442 2174 1300 425 27919 25479
is_linear=0
shrinkage=0.05


Tree=56
num_leaves=31
num_cat=0
split_feature=13 6 15 15 5 14 4 11 8 11 11 2 11 9 13 13 15 15 3 14 8 14 13 8 10 13 11 2 10 15
split_gain=10.414 9.2394 8.39915 9.54789 8.0257 7.78869 8.5925 6.57663 6.29938 6.67716 6.83202 6.22933 6.14669 6.12505 7.98828 9.50041 8.16403 7.94914 7.60203 6.25804 9.89277 6.91162 10.7702 6.88806 8.65948 6.10061 5.94896 5.71419 5.64675 10.0982
threshold=49.655000686645515 0.6750886292372783 -0.022177877438313117 -0.018730415616232173 0.013664768158134234 -0.19490876951167976 0.03483901086295154 -0.021243807178240256 inf -0.014346854625401638 -0.015236039284217738 -0.025575838165140915 -0.016157928863008927 0.2681886282612263 17.945000648498539 17.914999961853031 -0.0069538168210759302 -0.014149651100142878 0.025671527691142785 -0.028449828861296097 0.075631185665197456 -0.054805799949304061 13.795000076293947 0.036353671894728719 0.0057612220393999944 12.00999975204468 -0.022310292973000797 0.1095343893447084 -0.011742886099156634 -0.0088589038351732912
decision_type=2 2 2 2 2 2 2 2 8 2 2 2 2 8 2 2 2 2 2 2 10 2 2 10 2 2 2 2 2 2
left_child=1 2 26 7 25 11 -7 -4 9 10 -6 -3 -9 14 15 28 17 -16 -18 20 21 -15 -23 24 -21 -5 -1 -10 -11 -30
right_child=-2 5 3 4 8 6 -8 12 27 13 -12 -13 -14 19 16 -17 18 -19 -20 23 -22 22 -24 -25 -26 -27 -28 -29 29 -31
leaf_value=-5.4794785047864976e-05 0.0014588904074685602 -0.00030348582443165292 0.00040249083349107339 -0.00017524010983788676 5.1213377530352248e-05 1.4043668014981004e-05 0.00022886660310160207 -0.00058384450539717661 -2.7720740850377057e-05 0.00028412281785212141 0.00030791018145288386 -3.4316538797800505e-05 5.2122874682731863e-05 4.7315161252831824e-05 -0.00023886169039100255 0.00085455371702481623 -7.1132401077962179e-05 0.00016113832946606382 0.00045157813630520557 -8.7508274412609419e-05 -1.5905578215689997e-05 -0.00011363488513921467 0.00019067207168854477 4.7502813841541081e-05 0.00022225164532478723 -1.5214800448164376e-05 -0.00027015212996223131 -0.00026467104946910754 -0.00013370536914412314 1.0822710075430011e-05
leaf_weight=334 69 88 217 168 2755 10212 1206 41 775 70 138 105 316 422 132 86 3866 451 81 1053 669 69 483 1929 144 22401 227 190 418 7210
leaf_count=334 69 88 217 168 2755 10212 1206 41 775 70 138 105 316 422 132 86 3866 451 81 1053 669 69 483 1929 144 22401 227 190 418 7210
internal_value=-0.000209942 -0.000233753 -0.000560533 -0.000483168 -0.000567686 0.00102274 0.0011911 0.00592334 0.00013729 0.000327893 0.00254926 -0.00893782 0.0017507 -4.82936e-05 -0.000637486 0.000334018 -0.00230684 0.00321612 -0.00312262 0.00147306 0.00397139 0.00718686 0.0108696 0.000159949 -0.00281955 -0.00122181 -0.00663993 -0.00380829 0.000149389 1.96644e-05
internal_weight=56325 56256 44645 44084 43510 11611 11418 574 20941 19976 2893 193 357 17083 12314 7784 4530 583 3947 4769 1643 974 552 3126 1197 22569 561 965 7698 7628
internal_count=56325 56256 44645 44084 43510 11611 11418 574 20941 19976 2893 193 357 17083 12314 7784 4530 583 3947 4769 1643 974 552 3126 1197 22569 561 965 7698 7628
is_linear=0
shrinkage=0.05


Tree=57
num_leaves=31
num_cat=0
split_feature=13 9 6 15 15 13 11 4 13 15 5 11 10 15 10 9 15 11 11 15 10 11 15 15 11 16 13 13 13 3
split_gain=10.8604 9.08889 7.2754 6.80104 12.3046 7.10961 7.08164 6.63355 6.23722 7.26859 5.98413 5.96984 7.2096 5.94212 15.8943 13.5835 13.1713 12.3108 24.9042 15.9663 11.6806 16.2339 15.8298 14.2682 12.4432 12.0365 21.9047 23.7393 17.9061 19.3001
threshold=49.655000686645515 0.45745513670761856 1.6528774582209189 -0.021715662476849636 -0.018730415616232173 21.555000305175785 -0.022310292973000797 0.012257772705835834 12.00999975204468 -0.0032755707699114174 0.010987767417830705 -0.043674023036412872 -0.0014592383155322961 0.0070336128420815944 0.010706298080283895 -0.24787073226987091 0.0065398309894846305 0.0056452584945124737 0.0087352100413986573 0.0076346840588322759 0.0080340527889744013 0.047954932638038301 -0.00022044964607037529 -0.00088034228695765815 0.023462518909958655 0.018916129259167639 13.824999809265138 13.050000190734865 18.130000114440922 0.0016959380292959072
decision_type=2 10 2 2 2 2 2 2 2 2 2 2 2 2 2 10 2 2 2 2 2 2 2 2 2 2 2 2 2 2
left_child=1 2 3 6 5 -5 -1 -6 9 -9 -8 12 -10 16 15 -15 20 -17 -19 -20 22 -22 23 24 -13 -24 27 -27 -28 -30
right_child=-2 -3 -4 4 7 -7 10 8 11 -11 -12 13 -14 14 -16 17 -18 18 19 -21 21 -23 25 -25 -26 26 28 -29 29 -31
leaf_value=-1.5963182584041984e-05 0.0015311913589548525 0.00019340491049760051 4.0212783828246992e-05 0.00057205068063812979 -5.3766507173805618e-05 2.4297071136507137e-05 0.00010987012269043819 -0.0005493735927044667 3.6571704567273969e-05 -2.5200710179918632e-05 -0.00025008214581639292 -8.6762754417288833e-06 0.00051470056643652539 0.00010708968416933037 -3.5015616373818788e-05 6.8127220829561268e-05 -0.00014118075042871114 -0.00011423258341943784 0.00035531105815477426 -4.3831417560179832e-06 8.8484847528164838e-05 -0.00018069456931883775 -5.3916241950737301e-05 9.1845914015706992e-05 9.3842448446612202e-05 7.2971329164196202e-05 0.00011813230567572892 -0.00016853590222966103 -0.00014449320377930047 0.00024735520884498882
leaf_weight=517 71 876 4709 230 837 259 46 73 223 168 381 17929 59 1623 3755 2432 903 838 439 3257 1564 135 9164 942 1464 376 1490 709 492 198
leaf_count=517 71 876 4709 230 837 259 46 73 223 168 381 17929 59 1623 3755 2432 903 838 439 3257 1564 135 9164 942 1464 376 1490 709 492 198
internal_value=-0.00017673 -0.000201469 -0.000281642 -0.000456904 -0.000376824 0.00751534 -0.00466102 -0.000455472 -0.00037889 -0.00840249 -0.00942623 -0.000338598 0.00691489 -0.000381471 0.000563027 0.00174933 -0.000711135 0.000789549 -0.00074989 0.00101461 -0.000554943 0.00348735 -0.000764559 9.46644e-05 -0.000197236 -0.00217033 0.000436447 -0.00536866 0.00332569 -0.00333333
internal_weight=56159 56088 55212 50503 49559 489 944 49070 48233 241 427 47992 282 47710 12344 8589 35366 6966 4534 3696 34463 1699 32764 20335 19393 12429 3265 1085 2180 690
internal_count=56159 56088 55212 50503 49559 489 944 49070 48233 241 427 47992 282 47710 12344 8589 35366 6966 4534 3696 34463 1699 32764 20335 19393 12429 3265 1085 2180 690
is_linear=0
shrinkage=0.05


Tree=58
num_leaves=31
num_cat=0
split_feature=13 5 6 14 9 15 15 11 11 13 14 11 13 14 12 11 12 10 14 13 15 14 11 11 11 13 15 11 10 11
split_gain=11.1289 7.80354 7.37511 8.68637 12.9708 7.82965 7.10959 9.23085 12.6642 8.36641 9.31749 9.20687 10.5733 13.0352 10.3501 10.2046 9.59646 10.2798 13.344 12.8015 10.2171 8.37938 8.24103 18.0683 15.2055 16.2799 19.9924 15.3315 14.0714 13.8165
threshold=49.655000686645515 0.011753070905927976 1.6528774582209189 -0.16769008837329388 -0.11252176620691871 0.022739698003030998 -0.022177877438313117 -0.014346854625401638 -0.015236039284217738 17.994999885559086 0.15436855290822041 -0.0027153641144564973 15.234999656677248 -0.058539441914538297 0.029689605968967085 0.034544234085898358 -0.0082551652511544376 0.0018426398432722648 0.00619378828642947 14.734999656677248 -0.0034245668613106513 0.040951993391927573 0.0023967132721236521 0.003813504719322514 0.0057915448439024306 20.555000305175785 0.0099199283575813774 0.012447212921004149 0.0070711617460903495 0.013658203513240543
decision_type=2 2 2 2 10 2 2 2 2 2 2 2 2 2 2 2 2 2 2 2 2 2 2 2 2 2 2 2 2 2
left_child=1 -1 3 4 -3 6 -5 8 -8 11 22 -9 14 -14 16 -16 -13 18 -18 20 -20 -21 -11 -24 -25 27 28 -26 -27 -29
right_child=-2 2 -4 5 -6 -7 7 9 -10 10 -12 12 13 -15 15 -17 17 -19 19 21 -22 -23 23 24 25 26 -28 29 -30 -31
leaf_value=-1.3840857135283356e-05 0.0013535639854115539 -0.00018006260906355007 7.0106357533546168e-05 -0.00010558606159790027 0.0002497018010612164 -0.00012382299848410304 3.3250887114585643e-05 -3.8191364259597841e-05 0.00027464065553629965 3.7557530608140453e-06 0.00030178102866749252 0.00017207233202941069 0.00013524846342965677 2.1377843961639644e-05 8.7823324063596161e-06 0.00025889920070317965 8.432077350356684e-05 -8.939061674009676e-05 -4.391206426693621e-05 -5.6984908792897261e-05 -0.00022818954990439191 0.00052217525648854399 -0.00028851129727960716 0.00017772970758202623 -0.00020666081622425954 2.9712754756643526e-05 -0.00012916093446265538 0.00034844664100190144 0.00029796155401006288 -6.621497558622304e-05
leaf_weight=18241 72 84 3193 645 277 352 4966 3003 272 3473 146 225 1544 6778 4344 201 844 1666 228 198 295 103 362 347 942 1072 435 144 211 1689
leaf_count=18241 72 84 3193 645 277 352 4966 3003 272 3473 146 225 1544 6778 4344 201 844 1666 228 198 295 103 362 347 942 1072 435 144 211 1689
internal_value=-0.000200525 -0.000225657 0.00018205 -2.86977e-05 0.00768698 -0.000109468 -3.29593e-05 6.71882e-05 0.00199504 -0.000290265 -0.00156728 0.000289516 0.000754901 0.00200673 -0.000530602 0.00105061 -0.00254987 -0.00322436 -0.00044964 -0.00497573 -0.00970363 0.0032392 -0.0017781 -0.00303729 -0.0022314 -0.00301024 0.000814901 -0.00537838 0.00395557 -0.00271413
internal_weight=56352 56280 38039 34846 361 34485 34133 33488 5238 28250 8821 19429 16426 8322 8104 4545 3559 3334 1668 824 523 301 8675 5202 4840 4493 1718 2775 1283 1833
internal_count=56352 56280 38039 34846 361 34485 34133 33488 5238 28250 8821 19429 16426 8322 8104 4545 3559 3334 1668 824 523 301 8675 5202 4840 4493 1718 2775 1283 1833
is_linear=0
shrinkage=0.05


Tree=59
num_leaves=31
num_cat=0
split_feature=13 6 14 14 5 13 12 9 16 16 8 16 16 12 14 16 16 13 16 12 14 8 13 12 3 16 14 13 12 13
split_gain=11.5511 7.84305 7.88561 7.34498 6.66802 6.05458 7.22402 5.88103 5.52359 7.17302 5.43406 5.86706 24.8116 12.9756 11.2037 12.181 18.6469 13.0602 10.8915 14.5038 10.3514 10.2234 9.51853 9.28421 13.655 11.2904 15.6213 16.7607 26.2772 15.884
threshold=49.655000686645515 0.6750886292372783 -0.19490876951167976 -0.16769008837329388 0.01902817541818699 12.00999975204468 0.041391540818904844 -0.035364566502314891 0.029726201044593562 0.030087730402371008 inf -0.0095684477331620648 -0.0067787423857693088 0.040312415369648032 0.049298283120689408 0.028781839519440359 0.0096290460770676062 13.59500026702881 -0.012017229543047512 0.035394103010096385 0.06028471113356227 0.017617477816902486 24.119999885559086 -0.062212447341067838 0.013013558557859019 0.002402607413579561 -0.028449828861296097 16.875000000000004 0.019896172979441355 12.994999885559084
decision_type=2 2 2 2 2 2 2 8 2 2 8 2 2 2 2 2 2 2 2 2 2 10 2 2 2 2 2 2 2 2
left_child=1 3 -3 7 8 6 -5 -1 -4 -10 11 13 22 18 23 16 17 -16 19 -7 -19 -22 -13 24 -14 26 29 28 -28 -25
right_child=-2 2 4 5 -6 10 -8 -9 9 -11 -12 12 14 -15 15 -17 -18 20 -20 -21 21 -23 -24 25 -26 -27 27 -29 -30 -31
leaf_value=-9.37086422641096e-06 0.0013896068814421084 -0.00021856338030187963 1.9411465269794908e-05 -0.00061988850675029079 0.0001764486456660039 -5.5037699510294281e-06 -2.9127444946535363e-05 0.00020791990951474164 -0.00036697218395854129 -3.4503209582360505e-05 -5.9337736288029784e-05 -0.00010337766631327797 -0.00028584203849119706 0.00014636251860351436 -0.00031244244196077724 0.00044585414513128473 -9.7666077839202785e-05 0.00028059949779779954 8.2431237014232267e-05 -0.00032306509679759575 -1.4213348724491023e-05 0.00011696411005101184 0.00016755039656120852 -0.00021294910515688034 0.00043056222265559568 -3.6018308387494872e-06 -0.00014255192022370755 -0.00020279209669643675 2.7189067525989608e-05 4.2598504552060405e-05
leaf_weight=121 67 197 8645 65 1691 8074 187 187 85 973 1549 1629 264 851 123 233 1067 366 1330 165 912 951 61 221 47 20793 828 1275 1627 1705
leaf_count=121 67 197 8645 65 1691 8074 187 187 85 973 1549 1629 264 851 123 233 1067 366 1330 165 912 951 61 221 47 20793 828 1275 1627 1705
internal_value=-0.000226065 -0.000250792 0.000908032 -0.000551747 0.00107952 -0.000605216 -0.00833333 0.00714286 0.000574565 -0.00283554 -0.000561027 -0.000455059 -0.00078967 0.000575816 -0.000461989 0.00213582 0.00138198 0.00386905 4.96395e-05 -0.00062811 0.00474428 0.00323403 -0.00668639 -0.000816517 -0.00940514 -0.000715528 -0.00269625 -0.00458445 -0.00216904 0.00096054
internal_weight=56289 56222 11591 44631 11394 44323 252 308 9703 1058 44071 42522 32102 10420 30412 3652 3419 2352 9569 8239 2229 1863 1690 26760 311 26449 5656 3730 2455 1926
internal_count=56289 56222 11591 44631 11394 44323 252 308 9703 1058 44071 42522 32102 10420 30412 3652 3419 2352 9569 8239 2229 1863 1690 26760 311 26449 5656 3730 2455 1926
is_linear=0
shrinkage=0.05


Tree=60
num_leaves=31
num_cat=0
split_feature=13 9 12 13 11 12 10 10 10 12 12 14 12 10 13 12 10 11 13 10 12 12 14 12 1 13 13 11 14 14
split_gain=9.607 9.19076 8.75041 16.0818 13.5265 22.5034 21.474 13.376 11.1006 10.9569 10.6726 12.645 10.1093 12.4859 14.8637 13.6726 9.9538 9.65357 9.52865 8.95003 6.75827 10.0638 7.61824 6.64819 7.87322 6.23048 27.0272 14.4095 13.105 15.6086
threshold=49.655000686645515 0.27794651740097359 0.04854639636196257 12.119999885559084 0.0072247197872850064 0.075051018880184076 0.0011530196642344228 0.0095076227407933107 -0.0013159673486659027 0.12951753151584791 0.044320340975829382 -0.056925165822572281 0.050926196899882765 -0.0020576212459770811 19.159999847412113 0.055635719886634523 0.0014013847331743048 0.010806447691469769 12.555000305175783 0.013206622940740933 0.060450454040979047 0.063084503819231377 -0.039689213075018263 0.068159537643105575 0.026176493046664809 16.510000228881839 16.644999504089359 -0.0034482650078786477 0.0091478412114857095 -1.0000000180025095e-35
decision_type=2 10 2 2 2 2 2 2 2 2 2 2 2 2 2 2 2 2 2 2 2 2 2 2 2 2 2 2 2 2
left_child=1 2 3 17 5 7 -6 12 -7 16 25 -12 -4 -14 15 -15 23 -1 19 -13 -18 -22 -23 -8 -25 27 -27 -5 29 -29
right_child=-2 -3 4 10 6 8 9 -9 -10 -11 11 18 13 14 -16 -17 20 -19 -20 -21 21 22 -24 24 -26 26 -28 28 -30 -31
leaf_value=-2.7906035020905298e-06 0.0010920113408999898 6.2003049308853152e-05 -0.00011881124654217384 -5.7798255949879094e-05 -0.00011773227296800003 -4.5333536078221406e-05 0.00020097647421037147 -0.00018413756057198791 0.00029617072898296552 0.00063999334313559215 -0.00012883911371773589 -9.5789745000536563e-05 0.00012555238615131965 -9.9163628688570861e-05 -0.00023581579330981021 0.00018245161965497851 -8.1927178892795437e-05 -0.00029511734279943924 0.00010159244044102832 0.00060089208471226206 0.00013702393677924733 0.00010735751903154017 -6.1125277091664875e-05 0.00031907178702007772 -0.00016340629069477096 0.00016908272474802259 3.8075087469269503e-07 4.3345132655437173e-07 -4.4497713369827434e-05 0.00010426931864357249
leaf_weight=119 72 3303 272 3901 1564 121 130 130 383 63 196 195 529 251 194 333 1272 194 1653 67 258 320 1155 44 87 842 21870 10579 4925 1364
leaf_count=119 72 3303 272 3901 1564 121 130 130 383 63 196 195 529 251 194 333 1272 194 1653 67 258 320 1155 44 87 842 21870 10579 4925 1364
internal_value=-0.000196857 -0.000220194 -0.000379638 -0.000126892 -0.00201238 0.00123136 -0.00347946 -0.00150673 0.0105159 -0.00120907 -4.93508e-05 0.00342255 -0.000237492 0.00158761 -0.00244216 0.0015411 -0.00160747 -0.0114217 0.00466057 -0.00419847 -0.00242097 -0.000389498 -0.00198305 0.00775862 -0.00019084 -0.000217911 0.000354438 -0.000843806 -0.000210458 0.000684501
internal_weight=56386 56314 53011 45905 7106 2213 4893 1709 504 3329 45592 2111 1579 1307 778 584 3266 313 1915 262 3005 1733 1475 261 131 43481 22712 20769 16868 11943
internal_count=56386 56314 53011 45905 7106 2213 4893 1709 504 3329 45592 2111 1579 1307 778 584 3266 313 1915 262 3005 1733 1475 261 131 43481 22712 20769 16868 11943
is_linear=0
shrinkage=0.05


Tree=61
num_leaves=31
num_cat=0
split_feature=11 10 12 10 10 14 14 16 15 15 16 11 8 12 12 10 10 4 8 12 12 10 11 11 14 12 16 6 15 10
split_gain=8.35199 13.0974 12.4857 11.3336 10.8216 11.977 8.88903 8.68779 15.4435 10.8853 8.6719 8.61565 8.82776 7.83384 8.33959 8.72611 10.3951 8.43418 7.43259 7.36136 13.161 17.671 13.1141 27.9595 14.0448 12.0946 11.6378 11.6135 10.8851 15.2677
threshold=-0.023324981642921735 0.0041960795209391452 -0.0078641653034789965 0.0055649513085964672 -0.01645938155843862 0.11365091649526195 0.11068884178819839 -0.025366837521803628 0.010496188067741887 0.0067070622543276013 -0.021403158390594864 -0.031453464626615406 -0.022520822658601166 -0.036045899235514094 0.021636066325832374 -0.010112209824456707 0.0086193665790624836 0.016841749608193648 0.12304077401349757 0.04854639636196257 0.060450454040979047 -0.0022466027012056906 -0.0043480620197820499 0.0081473860033931551 -0.039689213075018263 0.044320340975829382 0.0011731777569723436 1.259518808913338 0.00021127380678642729 0.0035638668904001141
decision_type=2 2 2 2 2 2 2 2 2 2 2 2 10 2 2 2 2 2 8 2 2 2 2 2 2 2 2 2 2 2
left_child=1 2 4 -3 -1 6 -6 8 9 -2 13 -5 -13 -9 15 -15 -17 -16 -4 25 28 -22 -23 -24 -25 27 -26 -12 -21 -30
right_child=7 3 18 11 5 -7 -8 10 -10 -11 19 12 -14 14 17 16 -18 -19 -20 20 21 22 23 24 26 -27 -28 -29 29 -31
leaf_value=-0.00012699415720146009 -6.4608992237710292e-05 -0.00024706702302360804 0.00025162244358458227 0.00025223045319157074 3.4325920845297395e-05 0.00050259374594054671 -0.00029752074362841092 0.0002734922166289534 -0.00030630147892270979 0.00017949372550064358 -9.3932021136647697e-06 -0.00031018812037018727 8.7877699736265904e-05 0.00022696602261317668 -2.3217716414259196e-05 -5.8158034005043655e-05 0.00014804081128398747 0.00024868333561427317 -2.1469626822902699e-05 -2.5778856726929158e-06 -0.00012757677600243027 -0.00018402755978070927 0.00025380776871557919 0.00020420263296616129 0.00019177744833518657 5.8313790882314204e-05 -5.2003534835294403e-05 5.0923558632847825e-05 -0.00023263939500412748 -5.7135952218150508e-05
leaf_weight=489 1221 203 720 71 2020 279 68 211 196 138 34677 195 161 141 158 893 201 324 161 1179 743 136 536 545 338 2092 1859 4469 555 1462
leaf_count=489 1221 203 720 71 2020 279 68 211 196 138 34677 195 161 141 158 893 201 324 161 1179 743 136 536 545 338 2092 1859 4469 555 1462
internal_value=-0.000113836 0.00198649 0.00311078 -0.00468254 0.0015056 0.00290452 0.00160441 -0.000289972 -0.00397106 -0.00207873 -0.000176666 -5.8548e-05 -0.00323034 0.00311203 0.00199476 -0.000182186 -0.00169104 0.00757261 0.00831442 -0.000307156 -0.00176459 9.02093e-05 0.00161101 0.00224222 0.000200584 -4.72865e-05 -0.0015817 -0.000245236 -0.0041771 -0.00640803
internal_weight=56441 4367 3737 630 2856 2367 2088 52074 1555 1359 50519 427 356 1928 1717 1235 1094 482 881 48591 7353 4157 3414 3278 2742 41238 2197 39146 3196 2017
internal_count=56441 4367 3737 630 2856 2367 2088 52074 1555 1359 50519 427 356 1928 1717 1235 1094 482 881 48591 7353 4157 3414 3278 2742 41238 2197 39146 3196 2017
is_linear=0
shrinkage=0.05


end of trees

feature_importances:
spy_ret_5d=242
vix_level=240
spy_ret_20d=237
spy_ret_1d=220
sector_ret_1d=212
sector_ret_5d=211
vix_chg_1d=194
dvol_z_20=87
atr_pct=77
parkinson_20=46
dist_ma200=31
overnight_gap=27
dist_ma50=25
ret_20d=4
ret_1d=3
ret_5d=3
dist_ma20=1

parameters:
[boosting: gbdt]
[objective: quantile]
[metric: quantile]
[tree_learner: serial]
[device_type: cpu]
[data_sample_strategy: bagging]
[data: ]
[valid: ]
[num_iterations: 120]
[learning_rate: 0.05]
[num_leaves: 31]
[num_threads: -1]
[seed: 0]
[deterministic: 0]
[force_col_wise: 1]
[force_row_wise: 0]
[histogram_pool_size: -1]
[max_depth: -1]
[min_data_in_leaf: 40]
[min_sum_hessian_in_leaf: 0.001]
[bagging_fraction: 0.85]
[pos_bagging_fraction: 1]
[neg_bagging_fraction: 1]
[bagging_freq: 1]
[bagging_seed: 3]
[bagging_by_query: 0]
[feature_fraction: 0.85]
[feature_fraction_bynode: 1]
[feature_fraction_seed: 2]
[extra_trees: 0]
[extra_seed: 6]
[early_stopping_round: 0]
[early_stopping_min_delta: 0]
[first_metric_only: 0]
[max_delta_step: 0]
[lambda_l1: 0]
[lambda_l2: 0]
[linear_lambda: 0]
[min_gain_to_split: 0]
[drop_rate: 0.1]
[max_drop: 50]
[skip_drop: 0.5]
[xgboost_dart_mode: 0]
[uniform_drop: 0]
[drop_seed: 4]
[top_rate: 0.2]
[other_rate: 0.1]
[min_data_per_group: 100]
[max_cat_threshold: 32]
[cat_l2: 10]
[cat_smooth: 10]
[max_cat_to_onehot: 4]
[top_k: 20]
[monotone_constraints: ]
[monotone_constraints_method: basic]
[monotone_penalty: 0]
[feature_contri: ]
[forcedsplits_filename: ]
[refit_decay_rate: 0.9]
[cegb_tradeoff: 1]
[cegb_penalty_split: 0]
[cegb_penalty_feature_lazy: ]
[cegb_penalty_feature_coupled: ]
[path_smooth: 0]
[interaction_constraints: ]
[verbosity: -1]
[saved_feature_importance_type: 0]
[use_quantized_grad: 0]
[num_grad_quant_bins: 4]
[quant_train_renew_leaf: 0]
[stochastic_rounding: 1]
[linear_tree: 0]
[max_bin: 255]
[max_bin_by_feature: ]
[min_data_in_bin: 3]
[bin_construct_sample_cnt: 200000]
[data_random_seed: 1]
[is_enable_sparse: 1]
[enable_bundle: 1]
[use_missing: 1]
[zero_as_missing: 0]
[feature_pre_filter: 1]
[pre_partition: 0]
[two_round: 0]
[header: 0]
[label_column: ]
[weight_column: ]
[group_column: ]
[ignore_column: ]
[categorical_feature: ]
[forcedbins_filename: ]
[precise_float_parser: 0]
[parser_config_file: ]
[objective_seed: 5]
[num_class: 1]
[is_unbalance: 0]
[scale_pos_weight: 1]
[sigmoid: 1]
[boost_from_average: 1]
[reg_sqrt: 0]
[alpha: 0.5]
[fair_c: 1]
[poisson_max_delta_step: 0.7]
[tweedie_variance_power: 1.5]
[lambdarank_truncation_level: 30]
[lambdarank_norm: 1]
[label_gain: ]
[lambdarank_position_bias_regularization: 0]
[eval_at: ]
[multi_error_top_k: 1]
[auc_mu_weights: ]
[num_machines: 1]
[local_listen_port: 12400]
[time_out: 120]
[machine_list_filename: ]
[machines: ]
[gpu_platform_id: -1]
[gpu_device_id: -1]
[gpu_device_id_list: ]
[gpu_use_dp: 0]
[num_gpu: 1]

end of parameters

pandas_categorical:[]
