tree
version=v4
num_class=1
num_tree_per_iteration=1
label_index=0
max_feature_idx=16
objective=quantile
feature_names=ret_1d ret_5d ret_20d overnight_gap atr_pct parkinson_20 dvol_z_20 dist_ma20 dist_ma50 dist_ma200 spy_ret_1d spy_ret_5d spy_ret_20d vix_level vix_chg_1d sector_ret_1d sector_ret_5d
feature_infos=[-0.36626226916931681:0.70247658502878108] [-0.48252200127121203:1.1251355924849222] [-0.60685567956864706:2.169683297733493] [-0.2999951128702113:0.81091037918768527] [0.0032988724806232487:0.25940783354984664] [0:0.14307659814888143] [-3.2907615304949616:4.3572650102159498] [-0.46576173674646171:0.95360892160540733] [-0.53223618031946573:1.2955511739187724] [-0.73774673575219962:3.8068149082611287] [-0.058542971330535654:0.10501930183911301] [-0.11496151859245618:0.082843162776128354] [-0.1226559005192206:0.15756591020035837] [11.859999656677246:52.330001831054688] [-0.35753873962348437:0.74039073966007019] [-0.091999030713283303:0.13425697132599002] [-0.18680848466589095:0.11773217696052685]
tree_sizes=3078 3164 3124 3180 3102 3153 3157 3152 3155 3154 3157 3168 3142 3121 3145 3165 3193 3161 3156 3170 3151 3124 3175 3149 3125 3142 3162 3175 3162 3134 3162 3176 3158 3137 3152 3172 3163 3180 3155 3167 3150 3178 3157 3164 3141 3202 3161 3127 3175 3151 3140 3186 3175 3202 3142 3149 3154 3145 3134 3103 3189 3166 3155 3148 3088 3172 3174 3108 3181 3150 3147 3127 3105 3160

Tree=0
num_leaves=31
num_cat=0
split_feature=4 4 13 4 10 10 10 6 4 14 6 12 13 12 16 6 12 12 13 13 13 13 10 12 14 10 12 13 4 9
split_gain=2271.33 567.219 348.12 278.148 145.911 121.936 104.831 90.5429 80.4725 75.9014 75.6671 63.7219 115.474 55.431 55.0025 50.9953 47.7933 46.3427 44.4264 42.8668 41.2408 36.8897 51.6395 51.9426 50.2094 42.1652 36.4249 35.3114 33.0866 32.707
threshold=0.024819239616226021 0.01819452200254016 33.719999313354499 0.038560760665692688 -0.0039079154947589392 -0.0039079154947589392 0.06903334451863076 -0.33221244925881394 0.015236436633674957 -0.016062326519559963 -0.038020899515561056 -0.071455509470426767 28.970000267028812 0.0098181061212317972 -0.011384398757747881 -0.75420006158022568 -0.050232690438178178 -0.027198413534659901 26.284999847412113 26.494999885559086 25.505000114440922 16.510000228881839 -0.0065884615881859334 0.017951128324421587 0.071117405502143641 -0.0045415973375320098 -0.062212447341067838 20.060000419616703 0.053774659337297581 0.52394507286238978
decision_type=2 2 2 2 2 2 2 2 2 2 2 2 2 2 2 2 2 2 2 2 2 2 2 2 2 2 2 2 2 8
left_child=1 4 3 10 27 9 11 17 -6 -3 14 -5 19 20 18 -10 -14 -7 -2 26 29 22 23 24 -11 -23 -13 -1 -28 -9
right_child=2 5 -4 6 8 7 -8 13 15 21 -12 12 16 -15 -16 -17 -18 -19 -20 -21 -22 25 -24 -25 -26 -27 28 -29 -30 -31
leaf_value=0.0093834558269008991 0.0095566852483898405 0.0091025838744826608 0.010577952396124602 0.010392904514446855 0.0092832264024764292 0.0094746726797893636 0.0080642615444958213 0.0095176301430910833 0.0092818628763779998 0.0095471019856631749 0.0096053535118699081 0.0089867406866687809 0.0086636093910783529 0.0094107529381290082 0.0094832264818251136 0.0093469149898737676 0.0094532466726377599 0.009361838712356985 0.0098242804408073432 0.010308598959818482 0.0099423085805028684 0.009511655219830573 0.009345793747343123 0.0096381437033414841 0.0092497846693731841 0.0096978574292734265 0.0097590016201138489 0.00949464445002377 0.010129349073395133 0.0093983442988246676
leaf_weight=14826 14460 606 2723 1720 24102 4262 272 10649 9330 1234 43146 164 409 35004 45953 32749 744 38654 1307 1248 450 17864 4155 2188 1252 1354 22742 3155 8252 4389
leaf_count=14826 14460 606 2723 1720 24102 4262 272 10649 9330 1234 43146 164 409 35004 45953 32749 744 38654 1307 1248 450 17864 4155 2188 1252 1354 22742 3155 8252 4389
internal_value=0.00944341 0.00608461 0.0142825 0.0139391 0.00292664 0.00826205 0.0177611 0.00738678 0.00184147 0.0111154 0.0126434 0.0179995 0.0175184 0.00882195 0.0115204 0.00316101 0.00196929 0.00569826 0.0140686 0.0180716 0.0113125 0.0114937 0.00881833 0.0124237 0.00747874 0.0127227 0.0177077 0.00692072 0.017832 0.0108662
internal_weight=349363 206223 143140 140417 84162 122061 35551 93408 66181 28653 104866 35279 33559 50492 61720 42079 1153 42916 15767 32406 15488 28047 8829 4674 2486 19218 31158 17981 30994 15038
internal_count=349363 206223 143140 140417 84162 122061 35551 93408 66181 28653 104866 35279 33559 50492 61720 42079 1153 42916 15767 32406 15488 28047 8829 4674 2486 19218 31158 17981 30994 15038
is_linear=0
shrinkage=1


Tree=1
num_leaves=31
num_cat=0
split_feature=4 4 4 11 11 12 10 10 10 10 11 11 4 4 13 4 10 12 10 11 10 10 12 11 9 10 11 10 12 10
split_gain=2075.86 422.425 378.637 216.108 210.634 201.616 119.252 99.3669 93.6705 84.0037 75.259 63.6261 61.0247 57.4013 57.0822 53.7192 52.3123 59.087 49.147 44.3012 43.4895 46.301 40.4908 39.4198 51.1225 43.8013 37.0851 35.5865 34.5868 34.5411
threshold=0.023181933652590189 0.033948949943443475 0.017575803627924626 -0.0070947628288289813 -0.023458930823045284 -0.075828258528587975 -0.0039079154947589392 0.06903334451863076 0.0041080829558171059 0.0025856466909506275 -0.023458930823045284 0.04888400580692865 0.014724119527984915 0.027463228540008437 27.664999961853031 0.044747440640168369 0.0047289362595872584 0.057354881634701156 -0.0075899452364679423 0.015152806552143018 -0.029463592833469218 0.0041080829558171059 0.054230156972347017 -0.013624975324509013 0.36778466480602939 -0.0070887111791633197 0.077392985560090458 -0.0070887111791633197 0.021076066619432846 0.0030127975736100603
decision_type=2 2 2 2 2 2 2 2 2 2 2 2 2 2 2 2 2 2 2 2 2 2 2 2 8 2 2 2 2 2
left_child=2 4 6 9 8 -3 23 10 27 22 20 13 -8 -6 -10 -12 18 -18 19 28 -7 -22 -4 24 -1 -26 -17 -2 -5 -20
right_child=1 5 3 16 11 7 12 -9 14 -11 15 -13 -14 -15 -16 26 17 -19 29 -21 21 -23 -24 -25 25 -27 -28 -29 -30 -31
leaf_value=8.9135115267708918e-05 0.00029299692658241839 0.0013469507033005358 9.0808699605986467e-05 -3.2180813141167132e-05 1.5282979002222403e-05 -0.0012686021975241602 -0.00016587674384936689 -0.0011811753432266416 -0.00020525390165857974 -6.7720774095505519e-05 0.00018970223958604039 -0.00017122358083724979 -0.00012093928875401613 8.9022293686866726e-05 0.00042345797177404163 0.00044984574429690843 -9.2061958275735729e-06 -0.00014650070923380557 -8.3639130461961048e-05 -0.00051452294748742132 0.00071700324071571236 3.7351725623011556e-05 -0.0001270634133834392 -7.9738277709111554e-05 -0.00020435170619748533 0.00012917924439534548 -0.0002283433836419135 0.00043057059694547213 0.00013960802461951972 -0.00015272869612090292
leaf_weight=3289 4574 2676 18639 2853 55084 198 18647 334 1076 6125 30508 1557 37609 46451 308 18379 23997 3459 42148 301 3601 555 803 10332 1105 475 233 3626 1814 8369
leaf_count=3289 4574 2676 18639 2853 55084 198 18647 334 1076 6125 30508 1557 37609 46451 308 18379 23997 3459 42148 301 3601 555 803 10332 1105 475 233 3626 1814 8369
internal_value=-1.15288e-05 0.00396518 -0.00374948 -0.00188834 0.00219612 0.00749416 -0.00657563 0.00682798 0.00928631 0.00213068 0.00699779 0.00153698 -0.00763741 0.0016908 -0.00274566 0.00643933 -0.00312722 -0.00134215 -0.00401054 0.000734702 0.0132981 0.0143888 0.00373933 -0.00264621 0.00106285 -0.00632911 0.00855631 0.0113171 0.00193379 -0.00447721
internal_weight=349125 169160 179965 108508 112676 56484 71457 53808 9584 25567 53474 103092 56256 101535 1384 49120 82941 27456 55485 4968 4354 4156 19442 15201 4869 1580 18612 8200 4667 50517
internal_count=349125 169160 179965 108508 112676 56484 71457 53808 9584 25567 53474 103092 56256 101535 1384 49120 82941 27456 55485 4968 4354 4156 19442 15201 4869 1580 18612 8200 4667 50517
is_linear=0
shrinkage=0.05


Tree=2
num_leaves=31
num_cat=0
split_feature=4 4 11 11 12 4 6 6 13 13 12 13 9 11 5 4 11 13 13 13 13 11 12 13 11 12 13 12 13 12
split_gain=1884.97 489.569 251.36 221.238 200.558 175.267 96.8936 81.6783 63.5411 77.1515 147.007 78.8324 62.1441 53.7858 53.5213 49.9874 49.725 49.4496 49.2762 90.7541 44.8565 43.4194 42.8617 39.2537 51.1895 44.7905 39.1321 41.3896 38.8374 37.8169
threshold=0.021433631534862104 0.033461495682343474 -0.0070947628288289813 -0.023458930823045284 -0.0800835440536906 0.016190599159581435 0.039291891790660463 -0.56476425006342346 33.719999313354499 28.970000267028812 -0.071455509470426767 26.494999885559086 -0.27450680122793253 -0.0071962553700703471 0.024206885649800444 0.026434829635683114 -0.010736588985834903 18.82499980926514 30.345000267028812 27.855000495910648 25.505000114440922 0.063670328165119208 0.028887239583783812 25.960000038146976 -0.025492153007652226 -0.0800835440536906 20.610000610351566 -0.067575688865902969 16.510000228881839 0.054230156972347017
decision_type=2 2 2 2 2 2 2 2 2 2 2 2 10 2 2 2 2 2 2 2 2 2 2 2 2 2 2 2 2 2
left_child=2 3 12 18 -3 -4 13 -7 9 11 -11 14 16 26 -6 -15 17 22 19 23 -8 -12 -1 24 -2 -25 28 -28 -5 -14
right_child=1 4 5 6 8 7 20 -9 -10 10 21 -13 29 15 -16 -17 -18 -19 -20 -21 -22 -23 -24 25 -26 -27 27 -29 -30 -31
leaf_value=-0.00019463667969102976 0.00011992675912915726 0.0014124915758147838 -0.00013991129357600581 6.3858060166240021e-06 0.00017322961922036485 -0.000121587228262797 6.9053599669132321e-05 -5.9854853549040895e-05 0.0007322277749190107 0.00059386761457426484 -0.00071550427380134363 0.00073636299563804646 3.6318248632596791e-05 -4.1635049215983655e-05 0.00038128271978348497 2.4808437563478977e-05 2.9623281501699186e-05 3.110943362116814e-06 0.00066780593091971246 -0.00043584942372399391 0.0004080998764256947 -1.59768064622767e-05 0.00013159253989579152 -0.00017543859366560356 0.000405193319733371 0.00048803744610631831 0.00030853776267031205 -5.7943531312048412e-05 0.00016053477954119447 -0.00011380818899488083
leaf_weight=4138 6359 2084 36795 3869 26336 25594 48032 54441 883 680 1050 1887 20592 37515 25497 28148 3105 2218 1076 365 898 758 467 209 1962 1527 350 4757 6577 1347
leaf_count=4138 6359 2084 36795 3869 26336 25594 48032 54441 883 680 1050 1887 20592 37515 25497 28148 3105 2218 1076 365 898 758 467 209 1962 1527 350 4757 6577 1347
internal_value=2.28888e-06 0.00316193 -0.00426488 0.00156625 0.00698141 -0.00533853 0.000978901 -0.00402543 0.00642527 0.0062162 -0.00239148 0.00661485 -0.00032871 -8.00335e-05 0.0062494 -0.000706258 -0.003611 -0.00599809 0.00821447 0.00716273 0.00273656 -0.00984513 -0.00895223 0.00805161 0.0066248 0.0148906 0.00256381 -0.00102311 0.00431744 0.00115662
internal_weight=349516 200819 148697 141644 59175 116830 130146 80035 57091 56208 2488 53720 31867 81216 51833 65663 9928 6823 11498 10422 48930 1808 4605 10057 8321 1736 15553 5107 10446 21939
internal_count=349516 200819 148697 141644 59175 116830 130146 80035 57091 56208 2488 53720 31867 81216 51833 65663 9928 6823 11498 10422 48930 1808 4605 10057 8321 1736 15553 5107 10446 21939
is_linear=0
shrinkage=0.05


Tree=3
num_leaves=31
num_cat=0
split_feature=11 0 0 10 12 13 13 8 13 9 10 14 10 11 9 14 13 6 11 11 11 12 11 14 0 3 10 10 14 11
split_gain=693.128 286.606 314.093 280.881 255.542 215.194 180.509 122.842 121.219 105.556 66.6722 65.9347 80.2546 117.365 92.183 85.3019 73.4318 65.1078 65.0365 64.9002 69.936 64.0292 62.5387 82.3322 59.9051 59.6653 58.5525 49.1115 83.0219 70.303
threshold=-0.021594422824346479 -0.019264394847912866 0.017938574904911023 0.0041080829558171059 -0.050232690438178178 14.275000095367433 30.345000267028812 -0.064464461043566498 27.855000495910648 0.30716451765896796 0.0091813381816910917 0.020125848996620292 0.0047289362595872584 -0.0070947628288289813 0.30716451765896796 -0.031180558164108082 14.835000038146974 -1.1056271633547576 0.04888400580692865 -0.010482872844075284 -0.012789082312227194 0.11156893092539701 0.011040470394420245 -0.031797969764534688 0.032902571548007249 -0.0113372604061146 0.00069579143919507047 -0.0070887111791633197 0.16190048637044233 -0.028186654574093969
decision_type=2 2 2 2 2 2 2 8 2 10 2 2 2 2 8 2 2 2 2 2 2 2 2 2 2 2 2 2 2 2
left_child=3 -2 5 6 10 17 8 -7 25 11 -5 12 13 15 22 -9 -16 -3 -14 20 -17 -13 -15 -24 -4 -1 -25 28 29 -27
right_child=1 2 24 4 -6 7 -8 9 -10 -11 -12 21 18 14 16 19 -18 -19 -20 -21 -22 -23 23 26 -26 27 -28 -29 -30 -31
leaf_value=0.00055564745681222112 0.00012081798640720077 -0.00016359296045266098 4.3103877088287833e-05 -7.745718249789203e-05 -0.00026711292392064942 7.9070118116214916e-05 0.00080566244359652059 -0.00016242325679777429 -0.00038370418448612333 0.00017883386030298419 0.00060771226306387694 7.1483703213744845e-07 -9.0173466567648918e-06 -0.00011366990138485566 0.0001421942290427978 7.1527552881161651e-05 -0.00020391454339260237 -7.9024987306911513e-05 -0.00019671086369780818 0.00017276639402116417 -0.0001867526827103575 -0.00031983048109686943 0.00023093903778935782 2.3607558902585812e-05 0.00023051306347333586 0.00017111501441031577 -0.00010156868681660859 0.00023438740263081854 0.00038245188265282199 -8.1095912819728274e-05
leaf_weight=2760 28325 6722 27721 422 3762 20255 3800 1817 839 5818 1261 48749 44175 21875 692 3743 9834 60171 2013 3548 1810 711 1763 6563 12266 5512 7896 9016 2037 3491
leaf_count=2760 28325 6722 27721 422 3762 20255 3800 1817 839 5818 1261 48749 44175 21875 692 3743 9834 60171 2013 3548 1810 711 1763 6563 12266 5512 7896 9016 2037 3491
internal_value=-2.72636e-05 -0.000745338 -0.00121711 0.00687994 -0.00349403 -0.00187977 0.00893735 -0.000985314 0.00731241 -0.00144699 0.0127005 -0.00169487 -0.00239977 -0.00361306 -0.00466497 0.00107162 -0.00880676 -0.00430351 -0.000835715 0.00304637 -0.000328651 -0.000188031 -0.00352062 -0.00116817 0.00289532 0.00799877 -0.00241199 0.00705026 0.00481431 0.00275186
internal_weight=349367 316467 288142 32900 5445 248155 27455 181262 23655 161007 1683 155189 105729 59541 48623 10918 10526 66893 46188 9101 5553 49460 38097 16222 39987 22816 14459 20056 11040 9003
internal_count=349367 316467 288142 32900 5445 248155 27455 181262 23655 161007 1683 155189 105729 59541 48623 10918 10526 66893 46188 9101 5553 49460 38097 16222 39987 22816 14459 20056 11040 9003
is_linear=0
shrinkage=0.05


Tree=4
num_leaves=31
num_cat=0
split_feature=4 13 4 4 6 13 13 4 14 6 6 15 14 13 6 13 16 13 13 14 14 14 4 13 4 13 8 13 13 13
split_gain=1657.14 340.929 316.163 270.157 83.1653 70.5154 69.3387 63.7175 60.2213 56.8282 52.1982 50.9019 49.3313 43.4878 38.4331 37.8783 36.3027 35.6785 35.0048 34.1571 32.6509 31.3443 29.812 27.8204 27.7961 26.5694 25.9486 24.3523 108.984 45.2717
threshold=0.023025245356988893 33.719999313354499 0.017301251662899166 0.032113383772617722 -0.29034056119504981 19.625000000000004 25.505000114440922 0.046456896433288687 0.17907813454888047 -0.29757374840759421 0.019000078379068929 0.037331228257165068 -0.015155298785694047 16.469999313354496 0.28387139927530947 16.614999771118168 -0.009668745416375411 23.965000152587894 28.970000267028812 0.013307758970990903 -0.19490876951167976 -0.19490876951167976 0.013454908680470517 19.72500038146973 0.014488502356192897 27.855000495910648 inf 30.345000267028812 28.970000267028812 26.494999885559086
decision_type=2 2 2 2 2 2 2 2 2 2 2 2 2 2 2 2 2 2 2 2 2 2 2 2 2 2 8 2 2 2
left_child=2 3 5 6 13 9 10 14 12 24 16 27 21 -4 -5 -15 -2 -6 -16 -17 -13 -8 -11 -7 -1 -10 -18 28 29 -9
right_child=1 -3 4 7 17 23 8 11 25 22 -12 20 -14 15 18 19 26 -19 -20 -21 -22 -23 -24 -25 -26 -27 -28 -29 -30 -31
leaf_value=-0.00016912404897739182 6.4399847593813337e-05 0.00092427906835415336 -9.3583653389359844e-05 0.00012914817882301579 -1.6688443853636255e-05 0.00024187797486505577 0.00035143142443281249 0.00044578765573191056 0.00027496954782938696 -0.00014565914370410612 7.8922140706854358e-05 -0.0013835303648525952 0.00042340903042815611 0.000155380913603949 0.00030284048295674444 -7.1245875005988753e-05 -1.1393602710450726e-06 0.0001642294007851159 -0.00036636738457364125 5.6927324108982727e-06 0.00082735496448674891 -0.0001208148391336727 -8.3271628142538373e-05 -3.1560020213364717e-05 -0.00012780593667121145 -0.00035554074534353288 -0.00013790423584883688 0.00075398392574148603 -0.00049170902527708674 0.0011695525091532908
leaf_weight=9242 15948 2824 28198 33096 57151 232 255 15677 121 5378 38923 202 2197 962 13391 13133 43810 2125 394 9036 120 557 26415 5864 19135 405 1632 802 583 853
leaf_count=9242 15948 2824 28198 33096 57151 232 255 15677 121 5378 38923 202 2197 962 13391 13133 43810 2125 394 9036 120 557 26415 5864 19135 405 1632 802 583 853
internal_value=-2.94699e-05 0.00346819 -0.00342665 0.00318023 -0.00179038 -0.00615776 0.00159705 0.00570503 0.00847949 -0.00667692 0.00135451 0.0082127 0.011208 -0.00326375 0.00472953 -0.00165687 0.000446327 -0.000514542 0.00694777 -0.00207835 -0.0114907 0.00067734 -0.00522521 -0.00103346 -0.00830338 -0.00712928 -0.000273976 0.00856684 0.00816777 0.00891712
internal_weight=348661 171790 176871 168966 110605 66266 103848 65118 3535 60170 100313 18237 3009 51329 46881 23131 61390 59276 13785 22169 322 812 31793 6096 28377 526 45442 17915 17113 16530
internal_count=348661 171790 176871 168966 110605 66266 103848 65118 3535 60170 100313 18237 3009 51329 46881 23131 61390 59276 13785 22169 322 812 31793 6096 28377 526 45442 17915 17113 16530
is_linear=0
shrinkage=0.05


Tree=5
num_leaves=31
num_cat=0
split_feature=4 4 12 11 5 10 11 10 10 6 4 6 12 10 11 10 12 11 8 11 11 10 10 12 6 11 10 11 10 9
split_gain=1519.03 406.895 288.143 177.734 169.51 107.743 93.085 87.6559 87.1502 69.9679 62.4945 56.8984 52.0296 51.2467 55.9872 49.7506 47.3913 44.3272 43.5228 45.3603 42.483 41.8165 70.323 41.2326 41.2063 40.0443 39.0787 38.4648 38.6112 49.6198
threshold=0.025098072173476659 0.01819452200254016 -0.075828258528587975 -0.0070947628288289813 0.021427690963386113 -0.0039079154947589392 -0.023458930823045284 0.0025856466909506275 0.06903334451863076 0.6006525241510372 0.015236436633674957 0.039291891790660463 -0.062212447341067838 0.0041080829558171059 -0.033420125215974254 0.0091813381816910917 -0.05793872793170584 -0.023458930823045284 inf 0.04888400580692865 0.04888400580692865 0.0047289362595872584 0.010824112764753148 0.06610047212240612 -0.75420006158022568 -0.031453464626615406 0.0091813381816910917 -0.013624975324509013 -0.0070887111791633197 -0.15050265151262213
decision_type=2 2 2 2 2 2 2 2 2 2 2 2 2 2 2 2 2 2 8 2 2 2 2 2 2 2 2 2 2 10
left_child=1 5 -2 7 6 27 13 23 11 20 -7 17 -8 25 -15 -9 -14 -6 19 -18 21 -5 26 -3 -12 -4 -23 28 29 -1
right_child=2 3 4 9 8 10 12 15 -10 -11 24 -13 16 14 -16 -17 18 -19 -20 -21 -22 22 -24 -25 -26 -27 -28 -29 -30 -31
leaf_value=-0.00017321844295028132 0.00082010516513177925 9.2109331035833669e-05 0.00013930405368199904 -7.1733952233335015e-05 0.00051131547768266863 -0.0001369200885669052 -0.00021516976419001376 -0.00012520009689160366 -0.001050890867696794 1.5207023244845961e-05 -0.00013792356893951372 0.00042235966086102782 0.00060158793634427826 0.0004653224607439115 -0.00025304755996399217 5.8190167561388007e-05 6.8099384847802822e-05 0.0001772759733752591 -9.6215574149093313e-05 -0.00015597132626110762 -0.00021727301365656604 -9.7846680799483589e-06 -0.00010386427681115677 -0.00023516040230486397 -8.3062285778101865e-05 0.00041441719727746383 0.0001056888095895265 -6.5566121771036629e-05 0.00015323999847882439 4.8637107773844003e-05
leaf_weight=1319 4159 22593 2370 49938 1864 24127 1193 4444 318 20773 9298 15576 496 236 848 3068 75482 27688 3249 1265 807 14346 6106 488 32706 3845 3948 12127 1718 2828
leaf_count=1319 4159 22593 2370 49938 1864 24127 1193 4444 318 20773 9298 15576 496 236 848 3068 75482 27688 3249 1265 807 14346 6106 488 32706 3845 3948 12127 1718 2828
internal_value=-3.38609e-05 -0.00270873 0.00403152 -0.000916719 0.00363051 -0.00540369 0.00236166 0.00240169 0.00611495 -0.00197512 -0.00633704 0.00629875 0.00187825 0.00777161 -0.00226015 -0.00228967 0.00203188 0.00500981 0.00193635 0.00217631 -0.00268514 -0.00256127 -0.000864754 0.00392856 -0.00517213 0.00952132 0.000686017 -0.0019731 0.00135124 -0.00125995
internal_weight=349223 210634 138589 126511 134430 84123 88984 30593 45446 95918 66131 45128 81685 7299 1084 7512 80492 29552 79996 76747 75145 74338 24400 23081 42004 6215 18294 17992 5865 4147
internal_count=349223 210634 138589 126511 134430 84123 88984 30593 45446 95918 66131 45128 81685 7299 1084 7512 80492 29552 79996 76747 75145 74338 24400 23081 42004 6215 18294 17992 5865 4147
is_linear=0
shrinkage=0.05


Tree=6
num_leaves=31
num_cat=0
split_feature=4 4 4 12 11 11 10 10 6 10 6 13 4 10 6 13 10 11 4 14 11 12 12 13 10 13 8 11 10 14
split_gain=1398.56 367.401 183.898 182.823 180.147 138.872 94.4266 91.9617 75.9022 66.3483 61.7876 56.5851 52.6693 43.7946 41.8025 40.217 39.1185 38.7698 39.7733 38.3689 40.541 66.4711 43.2628 37.5906 35.4401 34.4452 33.2532 33.6749 32.6672 34.0742
threshold=0.021433631534862104 0.034777644997245109 0.015948282988784323 -0.075828258528587975 -0.023458930823045284 -0.0070947628288289813 0.0041080829558171059 0.06903334451863076 -0.11820341067979405 0.0025856466909506275 0.63866639935608005 27.664999961853031 0.053774659337297581 -0.0044419794643563706 -0.16002410584498497 25.505000114440922 -0.0070887111791633197 -0.0071962553700703471 0.02808806222197369 0.016703104234397029 -0.031453464626615406 -0.067575688865902969 -0.052281358654850445 22.330000877380375 0.0012830782027211109 21.134999275207523 -0.20286517195006867 0.04888400580692865 0.011197957811865391 -0.12635401997537379
decision_type=2 2 2 2 2 2 2 2 2 2 2 2 2 2 2 2 2 2 2 2 2 2 2 2 2 2 10 2 2 2
left_child=2 4 13 -3 6 9 16 12 17 24 -7 -8 14 -1 -5 26 19 23 -19 -2 21 -21 -23 -6 -4 -18 -10 -28 -11 -30
right_child=1 3 5 7 8 10 11 -9 15 28 -12 -13 -14 -15 -16 -17 25 18 -20 20 -22 22 -24 -25 -26 -27 27 -29 29 -31
leaf_value=-5.5860946526754921e-05 -0.00017457711243416726 0.0011407387597552757 3.0348899860865606e-05 0.00012450006345960871 8.5156415258381103e-05 -8.2918724548035604e-05 -0.00020471056292851238 -0.001031445639939155 -0.00010458087004921839 -0.00012946141737436314 -1.8410092205986551e-05 0.00031964311892896058 0.00054045067149477205 -0.00012155886369075997 0.00028436457452405165 0.00033342987003060257 0.00017001987278091984 -3.6986805766478898e-05 3.1680177493148558e-05 0.00051215070970984694 0.00038839117034410414 -0.00040048073302358214 4.9800368010173399e-05 -7.0609908680252734e-05 0.00021367487039244178 0.00043493225933210583 6.6300371169021949e-05 -0.00017667165680752578 -0.00016071716731028948 0.00017877562240336859
leaf_weight=7754 464 2558 17387 21235 11357 66071 1369 335 2427 4166 16895 352 10080 33601 18137 1096 1980 41402 20021 909 2427 391 1724 3214 1185 2660 55821 725 371 958
leaf_count=7754 464 2558 17387 21235 11357 66071 1369 335 2427 4166 16895 352 10080 33601 18137 1096 1980 41402 20021 909 2427 391 1724 3214 1185 2660 55821 725 371 958
internal_value=-6.67484e-05 0.00265467 -0.00374727 0.00625609 0.00138382 -0.00265315 0.00718475 0.0055863 0.000860447 0.00069078 -0.00362317 -0.00367519 0.00576316 -0.00657901 0.00493752 0.00218873 0.00895547 -0.000189489 -0.000739544 0.00625951 0.00743442 0.00357143 -0.00128842 0.00212923 0.00211878 0.0123922 0.00201236 0.00225834 -0.00413558 0.00268999
internal_weight=349072 200684 148388 52345 148339 107033 12276 49787 136063 24067 82966 1721 49452 41355 39372 60069 10555 75994 61423 5915 5451 3024 2115 14571 18572 4640 58973 56546 5495 1329
internal_count=349072 200684 148388 52345 148339 107033 12276 49787 136063 24067 82966 1721 49452 41355 39372 60069 10555 75994 61423 5915 5451 3024 2115 14571 18572 4640 58973 56546 5495 1329
is_linear=0
shrinkage=0.05


Tree=7
num_leaves=31
num_cat=0
split_feature=4 4 12 11 4 11 10 10 11 10 14 4 11 12 14 12 11 10 10 10 9 10 10 12 10 10 9 11 8 11
split_gain=1260.96 342.781 250.451 157.732 133.001 92.7051 86.1727 78.9422 72.3226 52.78 52.6654 51.5515 50.7284 49.6206 61.5297 53.1271 45.1837 45.1451 56.6319 53.2188 44.6793 43.1097 42.3994 41.375 41.94 52.7455 44.6988 38.8057 38.2144 39.3821
threshold=0.025298951213135811 0.01819452200254016 -0.075828258528587975 -0.0070947628288289813 0.038997702667401164 -0.0070947628288289813 0.0025856466909506275 0.06903334451863076 -0.023458930823045284 0.0041080829558171059 -0.015155298785694047 0.014724119527984915 0.04888400580692865 -0.062212447341067838 0.12823776336165052 -0.05793872793170584 -0.033420125215974254 0.0047289362595872584 0.010824112764753148 0.0028153334889018393 0.31676784317276879 0.0091813381816910917 0.0091813381816910917 0.059758748559170745 -0.0075899452364679423 -0.013327781970057238 -0.29690257497223094 -0.023458930823045284 inf 0.04888400580692865
decision_type=2 2 2 2 2 2 2 2 2 2 2 2 2 2 2 2 2 2 2 2 8 2 2 2 2 2 10 2 8 2
left_child=1 5 10 6 8 20 23 27 9 -4 -2 -7 17 14 -10 -15 -11 19 21 -5 -1 -19 -8 24 25 26 -3 -6 29 -17
right_child=2 3 4 12 7 11 22 -9 13 16 -12 -13 -14 15 -16 28 -18 18 -20 -21 -22 -23 -24 -25 -26 -27 -28 -29 -30 -31
leaf_value=4.5012429753554014e-06 0.00031859059960077203 -7.1610883391212124e-05 0.0002931232077361904 -3.9950216853395628e-05 0.00059005269080952881 -0.00012553591388495206 -0.00011850684218251171 -0.0010440170826817488 -0.00031316809378512052 0.00040575107008458829 0.00091598689682116825 -9.0030391251479894e-05 -0.00020576561031110949 0.00059546060140022337 0.00023437502520086921 7.343473154541527e-05 -0.0002465581185274992 -3.8913620525361792e-07 -7.1757067609582589e-05 -0.00011853975913105565 -9.2202756513787469e-05 0.00011552358983667708 4.7781814992473419e-05 -0.00016593695544357031 0.00012656539193710883 -4.877341809979225e-05 0.00021019349119233457 0.00026420870641052181 -8.5339396108664346e-05 -0.0001029214842617002
leaf_weight=11208 1375 1376 6396 53895 2758 19367 4560 269 1025 212 2772 47959 1045 538 354 83352 945 18409 8431 11039 5621 5174 3168 629 12865 4507 4171 30671 3430 1785
leaf_count=11208 1375 1376 6396 53895 2758 19367 4560 269 1025 212 2772 47959 1045 538 354 83352 945 18409 8431 11039 5621 5174 3168 629 12865 4507 4171 30671 3430 1785
internal_value=-2.67674e-05 -0.00242381 0.00373817 -0.000807038 0.00335731 -0.00490731 0.0022845 0.00606713 0.00242587 0.00712631 0.0158367 -0.00573701 -0.00179375 0.00203351 -0.00737854 0.00217917 -0.00270095 -0.00167564 -0.000139002 -0.00243324 -0.00158803 0.00111839 -0.00229684 0.00378801 0.00413522 0.00171574 0.00498017 0.00628421 0.00208402 0.00229248
internal_weight=349306 213424 135882 129269 131735 84155 31276 33698 98037 7553 4147 67326 97993 90484 1379 89105 1157 96948 32014 64934 16829 23583 7728 23548 22919 10054 5547 33429 88567 85137
internal_count=349306 213424 135882 129269 131735 84155 31276 33698 98037 7553 4147 67326 97993 90484 1379 89105 1157 96948 32014 64934 16829 23583 7728 23548 22919 10054 5547 33429 88567 85137
is_linear=0
shrinkage=0.05


Tree=8
num_leaves=31
num_cat=0
split_feature=4 4 13 4 11 11 10 10 6 10 11 6 6 11 12 12 10 10 10 11 14 14 14 12 13 11 11 10 11 10
split_gain=1163.97 289.57 285.429 145.635 114.521 96.2375 90.6554 76.0395 68.6914 67.6386 58.6157 58.0035 54.73 51.1245 49.3627 47.8893 41.2706 51.9542 49.0674 39.7561 39.3651 39.1958 38.3381 36.6702 41.0224 34.2239 39.6164 33.2445 32.4154 39.7008
threshold=0.024635091924004374 0.01833501039179852 33.719999313354499 0.039459854769431875 -0.0070947628288289813 -0.022762768939498131 -0.0039079154947589392 0.06903334451863076 1.6367871605475275 0.0025856466909506275 0.04888400580692865 -0.46194954679428513 -0.64823001325223084 0.04888400580692865 -0.0800835440536906 -0.038043904409190692 0.0041080829558171059 0.0091813381816910917 -0.0070887111791633197 -0.043674023036412872 -0.078457350194131512 -0.04841526643133464 0.17907813454888047 -0.018266326902635351 21.134999275207523 0.047954932638038301 0.042684586959819588 0.0091813381816910917 -0.013624975324509013 -0.0070887111791633197
decision_type=2 2 2 2 2 2 2 2 2 2 2 2 2 2 2 2 2 2 2 2 2 2 2 2 2 2 2 2 2 2
left_child=1 6 3 5 9 16 28 10 13 -3 14 -8 -6 15 -5 21 18 -18 19 -2 23 -7 -23 -17 -25 26 -14 -11 29 -1
right_child=2 4 -4 7 12 8 11 -9 -10 27 -12 -13 25 -15 -16 20 17 -19 -20 -21 -22 22 -24 24 -26 -27 -28 -29 -30 -31
leaf_value=-2.2009987406015681e-05 -0.00075210559178701944 7.3261912226569797e-05 0.00081354813446596775 0.0012107340074370685 -7.4038837725295354e-05 -0.00016369824105073817 -0.00011992530205140722 -0.0010378121185650273 0.00020682609601686128 -0.00011207068229241707 -9.9814794518315495e-05 -8.0340481515232438e-05 -2.2188892338048574e-05 -0.00014602909300329847 0.00030218799187050488 0.00042722317136996597 -0.00023991164446795699 0.00021151420751393813 0.00036628608810460999 0.0002093085213277298 4.2344231578305556e-05 7.5513718286910128e-05 -0.00053284723785699346 0.00014859438962780988 -0.00023263122975526905 -0.00021723843064577731 0.00023292480313011484 3.9749281519969962e-05 -5.4669178597474078e-05 0.00015915903982701985
leaf_weight=4280 345 21096 2744 648 24014 2676 26712 254 8883 4073 1308 41542 62669 1738 30686 970 958 741 3608 4258 76929 3034 293 5347 588 834 997 2789 12434 1793
leaf_count=4280 345 21096 2744 648 24014 2676 26712 254 8883 4073 1308 41542 62669 1738 30686 970 958 741 3608 4258 76929 3034 293 5347 588 834 997 2789 12434 1793
internal_value=-2.79893e-05 -0.00247462 0.00337755 0.0030716 -0.000845697 0.00220127 -0.00466137 0.00599161 0.00173754 0.00194399 0.00620366 -0.00550297 -0.00172685 0.00133033 0.00663656 0.00149465 0.00690212 -0.000191289 0.00836987 0.00494786 0.00180356 -0.00281942 0.000804028 0.00541999 0.00394693 -0.000968217 -0.000836396 -0.00236811 -0.00155752 0.00143669
internal_weight=349241 203233 146008 143264 116472 110368 86761 32896 100458 27958 32642 68254 88514 91575 31334 89837 9910 1699 8211 4603 83834 6003 3327 6905 5935 64500 63666 6862 18507 6073
internal_count=349241 203233 146008 143264 116472 110368 86761 32896 100458 27958 32642 68254 88514 91575 31334 89837 9910 1699 8211 4603 83834 6003 3327 6905 5935 64500 63666 6862 18507 6073
is_linear=0
shrinkage=0.05


Tree=9
num_leaves=31
num_cat=0
split_feature=4 4 13 11 11 4 11 5 10 10 6 10 6 10 11 10 11 12 10 11 12 5 10 6 12 10 10 13 13 11
split_gain=1061.31 345.065 205.216 133.935 98.6191 87.343 70.1969 71.1383 66.2848 65.8095 58.185 53.8195 49.5873 48.9764 48.8483 68.7998 48.078 59.0034 47.2043 48.2631 43.8962 41.1812 38.7907 38.4297 39.5172 36.9023 36.3644 33.9049 32.6345 32.3959
threshold=0.020859762420951309 0.030438399344349741 33.719999313354499 -0.0070947628288289813 -0.0071962553700703471 0.015948282988784323 0.04888400580692865 0.030214416445156995 0.0025856466909506275 0.0025856466909506275 -0.21619732703404546 0.06903334451863076 0.11240126944088234 0.0091813381816910917 -0.022762768939498131 0.0041080829558171059 -0.014346854625401638 0.0065049739274190008 -0.0075899452364679423 -0.017638953461458159 -0.050232690438178178 0.009370485474548303 -0.029463592833469218 0.63866639935608005 -0.038043904409190692 0.0091813381816910917 0.011869721142281022 30.345000267028812 28.970000267028812 -0.020508631147506503
decision_type=2 2 2 2 2 2 2 2 2 2 2 2 2 2 2 2 2 2 2 2 2 2 2 2 2 2 2 2 2 2
left_child=3 4 6 8 9 -5 7 14 21 18 -6 29 -7 -11 15 22 -10 26 -2 -20 25 -1 -3 24 27 -17 -18 28 -16 -9
right_child=1 2 -4 5 10 12 -8 11 16 13 -12 -13 -14 -15 23 20 17 -19 19 -21 -22 -23 -24 -25 -26 -27 -28 -29 -30 -31
leaf_value=-5.8644186230398347e-05 5.2113253303516299e-05 -0.0010079917370468909 0.00087576418779283186 -0.00010509548453005065 -3.1682631323663207e-05 -8.121548323087418e-05 -0.00010272105608863173 0.0010432783613463898 -0.00019744799157543538 -9.671721733617197e-05 2.7402121390769987e-05 -0.0011798541550111967 -3.1764217354214674e-05 8.5628723647622267e-05 -6.9122811654590821e-05 -0.00022868591566911362 4.4590262011943996e-06 -0.00014223865025556333 0.00024341958260964722 8.4218815634678692e-05 -0.00039507336758541904 3.4153232877964095e-05 0.00041122151544668861 0.00024726161839813676 0.00010931028006327965 0.00050466134715074793 0.00033266302293357086 0.00042069116791585185 -0.00051851009734674971 0.00043676964147461056
leaf_weight=4708 11374 235 2275 33679 50417 48936 2253 1616 2860 4775 48175 139 25757 3670 3542 201 1347 1346 6126 7350 752 18495 5229 11640 40594 369 584 342 207 10435
leaf_count=4708 11374 235 2275 33679 50417 48936 2253 1616 2860 4775 48175 139 25757 3670 3542 201 1347 1346 6126 7350 752 18495 5229 11640 40594 369 584 342 207 10435
internal_value=-4.70769e-05 0.00217532 0.00476988 -0.00346375 0.000604874 -0.00427509 0.00433569 0.00459589 -0.000466939 0.00295765 -0.000189671 0.0080927 -0.00332193 -0.000855536 0.00392047 0.00792809 -0.00508799 -0.000953616 0.00425352 0.00625557 -0.00230711 0.00075529 0.0104045 0.00343764 0.00277106 0.00815789 0.00464785 -0.00191274 -0.00328754 0.00844951
internal_weight=349428 211716 79829 137712 131887 108372 77554 75301 29340 33295 98592 12190 74693 8445 63111 6786 6137 3277 24850 13476 1322 23203 5464 56325 44685 570 1931 4091 3749 12051
internal_count=349428 211716 79829 137712 131887 108372 77554 75301 29340 33295 98592 12190 74693 8445 63111 6786 6137 3277 24850 13476 1322 23203 5464 56325 44685 570 1931 4091 3749 12051
is_linear=0
shrinkage=0.05


Tree=10
num_leaves=31
num_cat=0
split_feature=4 4 12 11 5 10 10 10 11 6 6 12 14 6 14 8 12 11 11 11 14 12 10 10 12 10 12 6 10 10
split_gain=946.548 261.585 230.882 117.815 98.1014 74.6216 74.1452 61.5244 57.2481 54.7507 47.0805 44.9667 53.0001 43.4923 42.9423 42.0631 41.4696 41.2257 45.6919 39.824 38.3028 36.984 35.2663 34.4234 50.3911 44.2078 42.8942 33.44 33.2714 31.5816
threshold=0.025787110536112903 0.01819452200254016 -0.075828258528587975 -0.0070947628288289813 0.022424437753380436 -0.0039079154947589392 0.06903334451863076 0.0025856466909506275 -0.023458930823045284 -0.88628784820505013 -0.31863497915981825 -0.062212447341067838 0.12823776336165052 -0.065779235788651802 -0.015155298785694047 inf -0.05793872793170584 0.047954932638038301 0.042684586959819588 -0.026323618530511902 0.24994374642796716 0.06610047212240612 0.0091813381816910917 -0.0075899452364679423 0.021076066619432846 0.0047289362595872584 0.055910594976570589 0.21885682769787487 0.020281918733708996 0.0012830782027211109
decision_type=2 2 2 2 2 2 2 2 2 2 2 2 2 2 2 8 2 2 2 2 2 2 2 2 2 2 2 2 2 2
left_child=1 5 14 7 8 -1 13 21 19 -5 -7 12 -10 -6 28 17 -13 18 23 -4 27 29 -9 24 -11 -25 -27 -18 -2 -3
right_child=2 3 4 9 6 10 -8 22 11 15 -12 16 -14 -15 -16 -17 20 -19 -20 -21 -22 -23 -24 25 -26 26 -28 -29 -30 -31
leaf_value=-2.4576976221442598e-05 -2.7943716940879128e-05 6.7929462267291021e-05 0.00013094226808343769 -8.2472795957207851e-05 0.00015710438781380356 -0.0001072609966590918 -0.00088190223540451007 -0.00010139369091146204 -0.00029211509024025772 -1.0958095668097551e-05 -6.9901182235091635e-05 0.00054984852606878567 0.00024693196608278537 0.00036436012639729323 0.00084173956655248395 -0.00016574013599250198 3.1433507358334926e-05 -0.00018167356076442665 0.00021598019217516039 0.00035516488443526536 -0.00079392320515997363 -0.00023929084952355515 4.6229862264578593e-05 -4.3748922075618173e-05 0.00023054325075569024 2.8557049431323507e-05 -9.7365067845056871e-05 0.00010811538944923341 0.00066128041569873085 0.00027480025046637665
leaf_weight=18013 612 23153 5104 16000 23772 31374 303 4821 975 3173 34532 487 305 14990 2678 2648 52528 1187 1318 2046 250 481 3324 49642 1693 24113 3122 24828 756 1294
leaf_count=18013 612 23153 5104 16000 23772 31374 303 4821 975 3173 34532 487 305 14990 2678 2648 52528 1187 1318 2046 250 481 3324 49642 1693 24113 3122 24828 756 1294
internal_value=-6.58042e-06 -0.00200443 0.00338221 -0.000649597 0.00300347 -0.00419959 0.00508319 0.00194645 0.00206448 -0.00148402 -0.00497906 0.00167847 -0.00761719 0.00527579 0.0151384 -0.000989113 0.00183083 -0.000794084 -0.000661863 0.00634965 0.00173956 0.00317916 -0.00182627 -0.000810773 0.00326757 -0.00106892 0.000549844 0.0018027 0.00793129 0.0034493
internal_weight=349522 219888 129634 135969 125588 83919 39065 33073 86523 102896 65906 79373 1280 38762 4046 86896 78093 84248 83061 7150 77606 24928 8145 81743 4866 76877 27235 77356 1368 24447
internal_count=349522 219888 129634 135969 125588 83919 39065 33073 86523 102896 65906 79373 1280 38762 4046 86896 78093 84248 83061 7150 77606 24928 8145 81743 4866 76877 27235 77356 1368 24447
is_linear=0
shrinkage=0.05


Tree=11
num_leaves=31
num_cat=0
split_feature=4 12 4 5 11 11 10 6 8 10 10 11 6 6 6 11 11 12 8 11 12 11 12 6 11 11 10 12 10 10
split_gain=881.397 221.675 169.941 141.344 116.198 66.1196 64.4809 63.2723 62.1726 57.4888 50.641 55.8263 49.6938 47.4225 40.3195 38.0256 36.6141 36.1836 37.7265 36.0758 35.4601 51.0333 33.9284 31.652 31.0571 35.1191 33.9485 47.1053 40.1026 30.3836
threshold=0.022867505649695426 -0.075828258528587975 0.015948282988784323 0.020899449783969234 -0.0070947628288289813 -0.023458930823045284 0.06903334451863076 -0.88628784820505013 -0.061738680377908021 0.0025856466909506275 0.0041080829558171059 -0.033420125215974254 -0.074531163463625941 1.6903674972132419 1.4036913354081408 -0.030384470516343128 0.04888400580692865 -0.062212447341067838 inf -0.023458930823045284 0.0077064466634939608 -0.015679772659318188 0.054230156972347017 0.159665654233102 0.047954932638038301 0.046573185426083692 0.0044245853053562776 0.057354881634701156 -0.0075899452364679423 0.0028153334889018393
decision_type=2 2 2 2 2 2 2 2 10 2 2 2 2 2 2 2 2 2 8 2 2 2 2 2 2 2 2 2 2 2
left_child=2 8 23 5 9 10 12 -6 -2 22 15 -12 19 16 24 -3 17 -7 -19 -5 21 -11 -4 -1 25 26 28 -28 -9 -30
right_child=1 3 4 6 7 13 -8 14 -10 20 11 -13 -14 -15 -16 -17 -18 18 -20 -21 -22 -23 -24 -25 -26 -27 27 -29 29 -31
leaf_value=-0.00010111442657623088 0.00092561147516262334 7.1955935737199299e-05 5.369032102115765e-05 0.00040609785567519537 -9.8742722466120888e-05 -0.00016499456589394755 -0.00078477660984295017 2.6402286835305273e-05 0.00022015437803881764 -0.00013073912487498505 0.00036282714695802412 -0.00026575197975461549 0.00030459409989106584 0.00013959255821046051 2.0978893888024162e-05 0.00029670073936003495 -0.00013933323782076317 2.7969882848313379e-05 -0.00010007320743821895 0.00010502566658090254 -0.00016173716197846668 7.8533638492493633e-05 -0.00011830418065838667 -5.8526473839235713e-05 -0.00018940544064911482 0.00034864811104938552 -2.8105611436774536e-06 -0.00013344128409629587 -6.010082314794941e-05 -0.0001242910715417202
leaf_weight=27906 2551 3395 22547 1896 15974 1388 317 4241 2011 2459 275 1087 19418 9683 10479 4756 1440 94318 3962 28247 1769 2864 987 13396 807 418 23224 2760 37554 7127
leaf_count=27906 2551 3395 22547 1896 15974 1388 317 4241 2011 2459 275 1087 19418 9683 10479 4756 1440 94318 3962 28247 1769 2864 987 13396 807 418 23224 2760 37554 7127
internal_value=-3.76515e-05 0.00247247 -0.00255111 0.0021809 -0.00168231 0.00125308 0.00441878 -0.00248918 0.0133494 0.00102037 0.00525334 -0.00367107 0.00456256 0.000909596 -0.00195589 0.00674457 0.000589469 0.000703837 0.000817053 0.00329181 -0.00292583 -0.000887657 0.00220957 -0.00535325 -0.00235614 -0.00225161 -0.00233226 -0.00087169 -0.00310801 -0.00354905
internal_weight=349256 174744 174512 170182 133210 120304 49878 102584 4562 30626 9513 1362 49561 110791 86610 8151 101108 99668 98280 30143 7092 5323 23534 41302 76131 75324 74906 25984 48922 44681
internal_count=349256 174744 174512 170182 133210 120304 49878 102584 4562 30626 9513 1362 49561 110791 86610 8151 101108 99668 98280 30143 7092 5323 23534 41302 76131 75324 74906 25984 48922 44681
is_linear=0
shrinkage=0.05


Tree=12
num_leaves=31
num_cat=0
split_feature=4 5 13 11 4 13 10 11 10 6 10 6 6 11 10 11 11 10 5 11 13 11 13 5 13 11 13 13 13 11
split_gain=817.179 222.914 219.866 98.3885 87.5125 78.2248 64.0591 57.3202 67.2484 54.5649 54.1109 52.7874 43.9593 41.6885 39.2514 37.1122 36.7065 36.473 34.5785 32.3637 55.4059 31.7261 28.2981 27.5709 27.3242 27.2326 26.8654 44.3709 26.3812 24.9846
threshold=0.025892145651401875 0.0115511801328246 33.719999313354499 -0.0070947628288289813 0.044010543360611047 19.625000000000004 0.06903334451863076 -0.023458930823045284 0.0041080829558171059 -0.074531163463625941 0.0025856466909506275 -0.33221244925881394 0.65800054032703981 0.04888400580692865 0.0012830782027211109 -0.030384470516343128 0.04888400580692865 -0.023232598164511228 0.0092429864597562712 -0.020508631147506503 28.970000267028812 0.047954932638038301 22.119999885559086 0.0087200095171904631 27.070000648498539 -0.035697741943328191 27.365000724792484 30.750000000000004 26.494999885559086 0.042684586959819588
decision_type=2 2 2 2 2 2 2 2 2 2 2 2 2 2 2 2 2 2 2 2 2 2 2 2 2 2 2 2 2 2
left_child=1 5 4 10 7 9 13 8 15 18 14 -5 16 19 -3 17 26 -2 -1 -6 24 29 -10 -11 -21 -19 28 -28 -9 -13
right_child=2 3 -4 11 6 -7 -8 12 22 23 -12 21 -14 -15 -16 -17 -18 25 -20 20 -22 -23 -24 -25 -26 -27 27 -29 -30 -31
leaf_value=-0.00012092457285713073 -0.00026822109708859695 6.108892505807228e-05 0.00072511825252494992 -5.1604292205895395e-05 0.00059926773713734824 7.8651645917410171e-06 -0.00093764073636408212 4.4111576948658362e-05 -0.00038635965816179781 -9.3114653833521006e-05 -3.6772395885538049e-05 -4.7477406514238702e-06 0.00013747702355806557 -0.00010627098426113005 0.00027387623570495153 0.0003633296241220518 -0.00013641350019945095 0.00033686229979718171 -7.9944695495283007e-05 0.00028502657880816152 -0.00061735635495430553 -0.00018628814711061753 2.756200480161159e-05 -4.1906429980079728e-05 0.00077910933076715894 8.4877646664210592e-07 -0.00031838099007851066 0.00029288276726460982 0.00029003740436441336 0.00020911067927019156
leaf_weight=12590 508 21107 2620 46567 3455 9808 206 71894 453 6322 7526 50955 19291 979 1381 3961 1653 1826 33147 16971 336 759 1030 30196 371 1083 808 204 412 948
leaf_count=12590 508 21107 2620 46567 3455 9808 206 71894 453 6322 7526 50955 19291 979 1381 3961 1653 1826 33147 16971 336 759 1030 30196 371 1083 808 204 412 948
internal_value=-5.2452e-05 -0.00189195 0.00312644 -0.000552641 0.00282703 -0.00377215 0.00566583 0.00221265 0.00605744 -0.00427542 0.00195575 -0.00131136 0.00185122 0.00592438 0.00318392 0.0080103 0.0013035 0.00419227 -0.00542613 0.00639166 0.00552664 -0.000226919 -0.00365813 -0.00283422 0.00591627 0.00635098 0.00146963 -0.00662055 0.00158286 -7.85118e-05
internal_weight=349367 221306 128061 129243 125441 92063 22318 103123 8861 82255 30014 99229 94262 22112 22488 7378 74971 3417 45737 21133 17678 52662 1483 36518 17342 2909 73318 1012 72306 51903
internal_count=349367 221306 128061 129243 125441 92063 22318 103123 8861 82255 30014 99229 94262 22112 22488 7378 74971 3417 45737 21133 17678 52662 1483 36518 17342 2909 73318 1012 72306 51903
is_linear=0
shrinkage=0.05


Tree=13
num_leaves=31
num_cat=0
split_feature=4 4 13 13 13 4 12 13 6 5 6 13 13 6 12 13 13 12 12 12 14 13 12 14 13 13 15 14 12 8
split_gain=745.059 268.958 193.262 69.462 63.5772 60.6804 55.8118 71.2513 55.2309 54.8347 48.0452 41.4175 55.2792 38.9245 35.3737 58.6433 40.5158 32.9468 34.9762 32.3476 32.2462 30.8011 29.0365 28.8046 28.796 49.1837 28.429 26.9329 32.9804 27.8867
threshold=0.028217051085678051 0.018819905787951844 33.719999313354499 25.505000114440922 19.625000000000004 0.050738006214010575 -0.062212447341067838 30.345000267028812 -0.26134847670326727 0.0085424567112176632 -0.44220921596666823 16.469999313354496 16.775000572204593 0.079913380711692961 -0.0800835440536906 28.970000267028812 26.494999885559086 -0.027198413534659901 0.01720269272798958 -0.071455509470426767 -0.086337752297859935 28.970000267028812 -0.026063395053075141 0.083482873400912663 27.855000495910648 25.505000114440922 -0.040614005752933995 0.02466440867966813 0.11156893092539701 0.35151420868843569
decision_type=2 2 2 2 2 2 2 2 2 2 2 2 2 2 2 2 2 2 2 2 2 2 2 2 2 2 2 2 2 8
left_child=1 4 5 8 9 13 7 -5 11 -1 22 17 -13 -2 -7 16 -16 -3 -19 -17 -20 -8 -11 -22 25 -15 -9 29 -29 -14
right_child=2 3 -4 6 -6 14 21 26 -10 10 -12 12 27 24 15 19 -18 18 20 -21 23 -23 -24 -25 -26 -27 -28 28 -30 -31
leaf_value=-0.00011100041917356031 5.8189048637200504e-05 0.00015309313895201925 0.00069772226837300883 -0.00027283083139672718 4.8741122507299161e-06 0.0016548118764435661 0.00031649923215537655 -0.00022370806133996577 1.367744342154224e-05 4.7783417664626872e-06 -4.60141631498036e-05 0.0001484463334252452 -2.4896257545788549e-05 0.0001428698327076353 0.00039239072965543384 0.00034321568154561016 0.0010988453398925368 -0.00010505409074447305 0.0001681391687565947 -0.00042791034464243779 -5.2994996043073718e-05 -0.00016048158665395962 -9.3453917359549382e-05 0.00014706226820550695 -0.00018868272521665015 0.00049959964493113788 0.00038690037146442652 3.7212432009750031e-05 -0.00029481598744123688 -0.00013729013438582789
leaf_weight=11638 54365 645 2487 841 9761 367 2022 144 76860 2114 45531 2922 20133 28454 10899 266 630 10150 968 836 23854 210 27412 696 830 1318 695 10094 297 2006
leaf_count=11638 54365 645 2487 841 9761 367 2022 144 76860 2114 45531 2922 20133 28454 10899 266 630 10150 968 836 23854 210 27412 696 830 1318 695 10094 297 2006
internal_value=-3.91335e-05 -0.00150556 0.00359575 -0.000198804 -0.0035721 0.00324631 0.00637781 -0.000505952 -0.000371909 -0.00400283 -0.00350767 -0.0013694 -0.000153729 0.0027596 0.00642791 0.0059833 0.0070366 -0.00255625 -0.00275878 -0.0050363 -0.0017713 0.0115591 -0.00507857 -0.00212424 0.004186 0.00444209 0.00980334 -0.000745466 0.00135454 -0.00173111
internal_weight=349445 248993 100452 152537 96456 97965 3912 1680 148625 86695 75057 71765 35452 84967 12998 12631 11529 36313 35668 1102 25518 2232 29526 24550 30602 29772 839 32530 10391 22139
internal_count=349445 248993 100452 152537 96456 97965 3912 1680 148625 86695 75057 71765 35452 84967 12998 12631 11529 36313 35668 1102 25518 2232 29526 24550 30602 29772 839 32530 10391 22139
is_linear=0
shrinkage=0.05


Tree=14
num_leaves=31
num_cat=0
split_feature=4 4 12 11 11 4 11 6 6 8 4 11 14 12 12 11 13 12 11 8 14 12 13 14 6 13 11 14 14 14
split_gain=686.024 222.972 166.179 96.2885 74.4878 63.8451 49.5211 42.8484 42.0153 41.8773 41.2923 37.4247 49.7034 35.7792 43.3445 37.5706 35.0398 51.4402 38.0884 31.3499 30.9348 30.0581 29.6521 39.6773 28.424 27.8462 26.924 32.0808 33.5541 30.8958
threshold=0.020790133227585373 0.030438399344349741 -0.0800835440536906 -0.0070947628288289813 -0.022762768939498131 0.015868331932973146 0.04888400580692865 0.13558825076826811 1.4930942845563655 -0.032451552371557051 0.052147055501550202 -0.023458930823045284 -0.044237182658373335 -0.062212447341067838 -0.05793872793170584 0.0033857060530237963 17.914999961853031 0.028887239583783812 -0.0237759721784318 -0.18323084349974736 0.15844695899744313 -0.067575688865902969 18.719999313354496 -0.038288845342256843 -0.88628784820505013 17.530000686645511 0.037935675142188215 -0.069951740507607593 0.066086361924944784 -0.10816573528732347
decision_type=2 2 2 2 2 2 2 2 2 10 2 2 2 2 2 2 2 2 2 10 2 2 2 2 2 2 2 2 2 2
left_child=3 4 9 16 25 -5 8 -7 19 -3 11 12 -4 15 -15 21 17 18 -1 -6 -20 -13 23 -18 -21 -2 -16 29 -29 -28
right_child=1 2 10 5 6 7 -8 -9 -10 -11 -12 13 -14 14 26 -17 22 -19 20 24 -22 -23 -24 -25 -26 -27 27 28 -30 -31
leaf_value=-0.00026415933199556562 -0.00023683569226550915 0.001020199711627651 -0.00010643186534383593 -8.632878955610316e-05 -0.00010676499441202763 -6.7503126227311637e-05 -0.00014955254003019564 -2.0622976838524264e-05 8.7591531827908679e-05 0.00012833777695737871 0.00036315545519768948 0.00022331129267587634 0.00032891848420640781 0.00081980878128008359 0.00010352743682089032 -0.00032278581638759546 -9.5404055819897041e-05 0.00015046468971376101 -5.1220060397763438e-05 -3.6677003562125226e-05 0.00018044047793247523 -0.00041881325106029287 6.6285164685770795e-06 0.00018293361766999499 1.0709879051254424e-05 0.00011717400914951224 -3.4079317162666583e-05 -9.4539254235149342e-05 0.0019222829198647933 0.00056144817019293785
leaf_weight=714 291 1927 1134 32692 3994 49394 1476 25106 12201 449 11748 554 4655 386 53570 735 537 1255 10443 17448 229 263 13740 1984 87192 10900 494 3411 152 419
leaf_count=714 291 1927 1134 32692 3994 49394 1476 25106 12201 449 11748 554 4655 386 53570 735 537 1255 10443 17448 229 263 13740 1984 87192 10900 494 3411 152 419
internal_value=-6.93147e-05 0.00169975 0.00378894 -0.00284326 0.000449431 -0.00353385 9.2183e-05 -0.0027255 0.000203377 0.016814 0.00338973 0.00290203 0.00674123 0.00253151 0.00273052 -0.00496134 -0.000281987 -0.00225655 -0.00331548 -0.000109082 -0.00256747 0.00241738 0.001253 0.0062376 5.68616e-05 0.00435395 0.00261947 -0.0011059 -0.00324867 0.0072563
internal_weight=349493 213399 79897 136094 133502 107192 122311 74500 120835 2376 77521 65773 5789 59984 58432 1552 28902 12641 11386 108634 10672 817 16261 2521 104640 11191 58046 4476 3563 913
internal_count=349493 213399 79897 136094 133502 107192 122311 74500 120835 2376 77521 65773 5789 59984 58432 1552 28902 12641 11386 108634 10672 817 16261 2521 104640 11191 58046 4476 3563 913
is_linear=0
shrinkage=0.05


Tree=15
num_leaves=31
num_cat=0
split_feature=4 13 5 11 4 11 10 11 12 10 10 13 13 13 11 11 3 13 12 9 10 13 13 10 10 10 14 10 12 10
split_gain=621.62 212.201 129.826 113.556 77.6673 58.2387 54.4141 60.0219 61.7687 50.4743 44.8267 49.6398 43.2175 63.5843 43.0733 41.9858 39.4295 54.3073 35.6184 45.4006 41.9346 42.7099 60.5852 38.056 50.386 62.0657 34.4993 34.3398 52.5474 42.8075
threshold=0.022478188303395225 33.719999313354499 0.020401043030407528 -0.0070947628288289813 0.016190599159581435 -0.023458930823045284 0.06903334451863076 -0.020508631147506503 -0.029235256213089252 0.0025856466909506275 0.0041080829558171059 27.664999961853031 19.010000228881839 20.610000610351566 0.04888400580692865 0.04888400580692865 0.014516269252479065 26.284999847412113 0.054230156972347017 0.52394507286238978 -0.0070887111791633197 18.214999198913578 17.195000648498539 -0.00041832988897705364 -0.013327781970057238 -0.0087573770433467795 0.24994374642796716 0.0044245853053562776 0.057354881634701156 0.0030127975736100603
decision_type=2 2 2 2 2 2 2 2 2 2 2 2 2 2 2 2 2 2 2 8 2 2 2 2 2 2 2 2 2 2
left_child=3 2 5 9 -5 10 7 -4 16 18 -2 -12 -11 -14 26 -10 17 -9 19 23 -21 22 -22 24 -1 -26 -7 29 -29 -6
right_child=1 -3 6 4 27 14 -8 8 15 12 11 -13 13 -15 -16 -17 -18 -19 -20 20 21 -23 -24 -25 25 -27 -28 28 -30 -31
leaf_value=0.00015949811482233336 0.00016869060710084763 0.00058927846324771259 0.0003914522602719452 -7.9303309583601182e-05 -4.760436711266883e-05 1.8469509569282077e-05 -0.00063124471376569151 -4.5404598874697855e-06 0.00016843252310792074 -0.00012495024826380264 -0.00021117582756950858 0.0002983603163012351 0.00016946889999013969 -0.00010006478798437772 -0.00014438524766416478 -0.00013210460359952357 0.00029839992557529563 -0.00031740636534003091 -9.5146203998582648e-05 -0.00010737823353410762 2.3970183398018369e-05 0.00018163091194863996 -0.00022468024505564168 0.00019117247149517551 -0.00011324353776180465 5.0188727232130087e-05 -0.00061865932650667849 -2.5991803525000395e-06 -0.00011566950209643776 -0.00011711263692066599
leaf_weight=4271 8912 2820 6482 36946 53938 112066 342 3245 40686 3917 1233 355 1516 2514 1435 1259 1023 1341 1461 3594 3207 1779 758 2373 3097 8218 325 28470 3696 8247
leaf_count=4271 8912 2820 6482 36946 53938 112066 342 3245 40686 3917 1233 355 1516 2514 1435 1259 1023 1341 1461 3594 3207 1779 758 2373 3097 8218 325 28470 3696 8247
internal_value=-5.22136e-05 0.00197632 0.00176157 -0.00224402 -0.00293133 0.000870293 0.00379933 0.00392516 0.00330992 0.000214548 0.00443333 -0.00330605 -0.00331257 0.000322581 0.000541616 0.00396889 -0.00161794 -0.00359791 0.00118923 0.00159633 -0.00123153 0.00141887 -0.0014691 0.00306671 0.00216861 0.000422006 0.00065152 -0.00217035 -0.000844059 -0.0028564
internal_weight=349526 181524 178704 168002 131297 124326 54378 54036 47554 36705 10500 1588 7947 4030 113826 41945 5609 4586 28758 27297 9338 5744 3965 17959 15586 11315 112391 94351 32166 62185
internal_count=349526 181524 178704 168002 131297 124326 54378 54036 47554 36705 10500 1588 7947 4030 113826 41945 5609 4586 28758 27297 9338 5744 3965 17959 15586 11315 112391 94351 32166 62185
is_linear=0
shrinkage=0.05


Tree=16
num_leaves=31
num_cat=0
split_feature=4 4 13 10 11 6 11 4 14 10 10 6 14 10 10 14 6 14 14 10 10 11 10 10 12 10 12 11 11 10
split_gain=552.422 192.359 155.471 75.303 61.0335 54.1499 50.1064 53.3487 46.0139 44.5435 39.6298 39.5912 35.2892 39.842 37.5057 36.3426 35.1842 34.8943 41.6829 36.1995 34.4874 34.0989 44.5126 33.7707 32.4818 32.0057 29.2406 28.5614 28.0301 32.3207
threshold=0.028217051085678051 0.019833260927219303 33.719999313354499 -0.0039079154947589392 -0.0070947628288289813 -1.1225237233288947 0.04888400580692865 0.052147055501550202 -0.036818887874406285 0.06903334451863076 0.0025856466909506275 0.21885682769787487 -0.035621573523768706 0.0045502623367793546 0.0053216631929108313 -0.029810288463271824 0.28387139927530947 -0.016062326519559963 0.013307758970990903 -0.013327781970057238 -0.0075899452364679423 -0.023458930823045284 0.0041080829558171059 0.0091813381816910917 -0.038043904409190692 0.0017576086312266483 -0.0800835440536906 -0.017638953461458159 0.04888400580692865 0.0047289362595872584
decision_type=2 2 2 2 2 2 2 2 2 2 2 2 2 2 2 2 2 2 2 2 2 2 2 2 2 2 2 2 2 2
left_child=1 3 6 17 10 -5 7 16 25 26 20 28 -10 15 -15 -14 21 -1 -19 -20 -3 22 -2 -12 -23 -7 -9 -22 29 -6
right_child=2 4 -4 5 11 8 -8 9 12 -11 23 -13 13 14 -16 -17 -18 18 19 -21 27 24 -24 -25 -26 -27 -28 -29 -30 -31
leaf_value=-0.00024363922579984576 0.00026449017809215543 1.9543129062133196e-05 0.00061600341461587381 -0.00011493381304180586 -4.4784057826943859e-05 3.9993533161497476e-05 -9.6725536816037226e-05 0.0015319499202718317 -0.00022700248431179105 -0.0010604134553747889 -8.2675281661574994e-05 2.0891011391779501e-05 -0.00018247690938158237 8.7331934400003506e-05 -4.1941335201496799e-05 -7.4842019725572276e-05 0.00015128032284534196 9.8849715613570261e-05 5.3701950863993717e-05 -3.7388444144493673e-05 0.0001753518551260353 -6.8804058097868666e-05 -0.00015111159523614767 6.1312077305773503e-05 5.886186394131869e-05 -3.7082463840428396e-05 0.00038178790459469404 5.4700576412819969e-05 -0.00017317135178914348 8.2919297058040797e-06
leaf_weight=375 4014 11069 2454 7493 44706 4295 2523 344 880 143 4926 31223 1931 1631 11751 42523 25079 2600 5738 16823 6198 4794 779 3511 49694 21032 10525 7311 937 22048
leaf_count=375 4014 11069 2454 7493 44706 4295 2523 344 880 143 4926 31223 1931 1631 11751 42523 25079 2600 5738 16823 6198 4794 779 3511 49694 21032 10525 7311 937 22048
internal_value=-5.69629e-05 -0.00131917 0.00307502 -0.00279443 -1.00433e-05 -0.00346421 0.00276342 0.00294741 -0.00310109 0.00622049 0.00185143 -0.000631357 -0.00386947 -0.00371827 -0.00132641 -0.0044383 0.00252015 -0.000393562 -0.000167919 -0.000858783 0.00286638 0.00185599 0.00589923 -0.00110525 0.00150033 -0.00131974 0.00658524 0.00456177 -0.00131074 -0.00119019
internal_weight=349350 249001 100349 117072 131929 91536 97895 95372 84043 11012 33015 98914 58716 57836 13382 44454 84360 25536 25161 22561 24578 59281 4793 8437 54488 25327 10869 13509 67691 66754
internal_count=349350 249001 100349 117072 131929 91536 97895 95372 84043 11012 33015 98914 58716 57836 13382 44454 84360 25536 25161 22561 24578 59281 4793 8437 54488 25327 10869 13509 67691 66754
is_linear=0
shrinkage=0.05


Tree=17
num_leaves=31
num_cat=0
split_feature=5 5 12 11 10 6 8 16 10 10 14 10 12 6 10 5 11 12 3 12 11 10 10 12 10 10 14 12 12 10
split_gain=501.151 159.433 153.955 65.3759 61.6722 53.1721 48.0929 46.7818 46.4963 42.7875 46.8448 46.1085 48.2873 42.519 39.9456 39.7073 39.4611 39.0637 61.8878 35.6407 35.1726 36.672 49.9116 52.618 48.975 50.7246 38.4356 47.324 43.2657 40.7468
threshold=0.016258372623730765 0.011712528030164088 -0.075828258528587975 -0.0070947628288289813 -0.0039079154947589392 -0.065779235788651802 inf -0.065661010248675752 0.06903334451863076 0.0045502623367793546 -0.067149022617353324 0.0030127975736100603 0.060736878271406176 1.1719893595750306 0.0025856466909506275 0.025599319011084132 -0.014346854625401638 -0.062212447341067838 0.0178294313272972 0.06610047212240612 0.04888400580692865 0.0047289362595872584 0.0032637883634802915 0.032077134319751129 0.010824112764753148 0.0091813381816910917 -0.036818887874406285 0.097353884534883486 0.092854768976221705 -0.0039079154947589392
decision_type=2 2 2 2 2 2 8 2 2 2 2 2 2 2 2 2 2 2 2 2 2 2 2 2 2 2 2 2 2 2
left_child=1 4 7 14 -1 16 13 -2 15 10 -6 -12 -13 20 19 -7 -4 18 -18 -3 21 22 26 -24 25 -23 29 28 -28 -5
right_child=2 3 5 6 9 8 -8 -9 -10 -11 11 12 -14 -15 -16 -17 17 -19 -20 -21 -22 24 23 -25 -26 -27 27 -29 -30 -31
leaf_value=-1.1425934835376188e-05 0.0014914444332461906 6.9517234092018534e-05 0.00014477733044576503 -0.00033740039102121461 0.00011245615176417367 0.00010099893935797854 -0.00015432282690577381 0.00032810881405242581 -0.00050707508484281935 -3.7524529183553058e-05 -7.0103449397241238e-05 -0.0001579237833158873 5.8529791862579748e-05 5.1628563519348901e-05 -2.8638794395896821e-05 0.00037398593867886203 -0.00032789284128196384 3.3390356040253429e-05 0.0006283924671471431 -0.00022199266119483433 -0.00016374133445872316 8.1338681818967858e-06 -0.00017770734791971982 -3.0050572146481192e-05 -6.4813635716192122e-05 0.00014442165308212272 -3.2682476467618117e-05 -0.00024974032142412991 0.00040535654444376671 7.9702886125991801e-05
leaf_weight=21888 1117 24547 9671 224 638 35830 3236 2548 407 28474 38866 7087 786 12333 8483 9289 1088 56887 182 551 1030 16624 3841 4006 6927 4591 42260 986 425 4454
leaf_count=21888 1117 24547 9671 224 638 35830 3236 2548 407 28474 38866 7087 786 12333 8483 9289 1088 56887 182 551 1030 16624 3841 4006 6927 4591 42260 986 425 4454
internal_value=-4.62385e-05 -0.00139059 0.00262201 -0.000273941 -0.00292744 0.0022959 -0.000909726 0.012708 0.00361771 -0.00360213 -0.00452276 -0.00470645 -0.00819573 -0.000711098 0.00163709 0.00376948 0.00140871 0.000916915 -0.00775591 0.00263965 -0.00110756 -0.000995399 -0.00173322 -0.00543201 0.000477933 0.00166981 -0.00113291 -0.00159431 -0.00134415 0.00317443
internal_weight=349276 232257 117019 134518 97739 113354 100937 3665 45526 75851 47377 46739 7873 97701 33581 45119 67828 58157 1270 25098 85368 84338 56196 7847 28142 21215 48349 43671 42685 4678
internal_count=349276 232257 117019 134518 97739 113354 100937 3665 45526 75851 47377 46739 7873 97701 33581 45119 67828 58157 1270 25098 85368 84338 56196 7847 28142 21215 48349 43671 42685 4678
is_linear=0
shrinkage=0.05


Tree=18
num_leaves=31
num_cat=0
split_feature=4 13 4 11 6 14 12 10 9 11 10 11 14 11 8 11 12 11 14 14 10 13 12 13 11 13 12 10 12 11
split_gain=470.145 173.006 118.824 70.8612 52.7252 48.5914 49.1713 45.0549 43.5804 53.4143 43.992 47.0482 41.8379 52.136 72.1718 51.7122 84.4505 50.1889 53.1794 47.7422 49.7482 47.6901 47.3425 45.4461 41.2929 48.868 43.0393 39.5419 53.9071 43.1245
threshold=0.021213872817227582 33.719999313354499 0.035369109011152609 -0.0070947628288289813 -1.1756167854613897 0.026259504689798433 0.11156893092539701 0.06903334451863076 -0.18711358811165288 -0.010736588985834903 0.0004408774644957259 -0.017638953461458159 -0.036818887874406285 -0.0071962553700703471 inf -0.0031311720849904741 0.073733903664651171 -0.010482872844075284 -0.025765440759432264 -0.039568606403770572 -0.0024606857444454673 13.835000038146974 0.11156893092539701 18.444999694824222 -0.020508631147506503 28.970000267028812 -0.050232690438178178 0.0044245853053562776 0.057354881634701156 -0.0066204979438934655
decision_type=2 2 2 2 2 2 2 2 10 2 2 2 2 2 8 2 2 2 2 2 2 2 2 2 2 2 2 2 2 2
left_child=3 2 5 8 -5 12 -7 24 9 10 11 -1 19 17 15 16 -15 18 -14 20 -2 -21 -17 -20 -4 -26 -27 29 -29 -6
right_child=1 -3 7 4 27 6 -8 -9 -10 -11 -12 -13 13 14 -16 22 -18 -19 23 21 -22 -23 -24 -25 25 26 -28 28 -30 -31
leaf_value=1.2989972592218494e-05 -0.00028504210569619333 0.00049821451524441633 0.00033563428069884743 -0.00010771683088272471 -0.00024142416217050224 6.092807016667163e-05 -0.00028524080915786086 -0.00063533170059682604 2.1857150861933098e-05 4.4234636093053864e-05 -0.00021388105535570225 -0.00016947918207631054 -0.00021161639506307348 -0.0002266742985560722 -0.00027417836296390842 -1.0361953564568938e-05 0.0016535799257037761 0.00017468700305641176 -5.4225799950737355e-05 -0.00013681213440491034 2.579416650814355e-05 0.00022994089845083674 -0.0003172504725334009 0.00014022930463162739 0.0001400858367080341 -0.00057699035871351949 -1.8992598822110358e-05 -9.0981339536718157e-06 -0.00012634621110489469 -5.6277220727013337e-05
leaf_weight=3236 617 2893 6718 7477 719 43434 532 313 21180 3026 1776 1758 1277 3527 1644 49984 277 2922 3032 328 38619 2831 678 4676 39504 376 863 31721 3755 69422
leaf_count=3236 617 2893 6718 7477 719 43434 532 313 21180 3026 1776 1758 1277 3527 1644 49984 277 2922 3032 328 38619 2831 678 4676 39504 376 863 31721 3755 69422
internal_value=-5.09145e-05 0.00148711 0.00131337 -0.00223988 -0.00282022 0.000639016 0.00204476 0.00349249 -0.000121061 -0.00287873 -0.00534712 -0.00294353 7.92486e-05 -0.000689166 -0.00132686 -0.00101531 -0.00663775 0.00231586 0.000464663 0.00131207 0.000835967 0.00722539 -0.000593147 0.00203036 0.00361718 0.00301831 -0.00675948 -0.00253297 -0.00117262 -0.00322101
internal_weight=349115 205045 202152 144070 113094 154378 43966 47774 30976 9796 6770 4994 110412 68017 56110 54466 3804 11907 8985 42395 39236 3159 50662 7708 47461 40743 1239 105617 35476 70141
internal_count=349115 205045 202152 144070 113094 154378 43966 47774 30976 9796 6770 4994 110412 68017 56110 54466 3804 11907 8985 42395 39236 3159 50662 7708 47461 40743 1239 105617 35476 70141
is_linear=0
shrinkage=0.05


Tree=19
num_leaves=31
num_cat=0
split_feature=4 5 11 11 5 8 10 13 10 14 10 12 12 14 11 10 12 12 11 11 12 10 12 10 13 10 13 14 12 10
split_gain=432.373 153.882 137.296 73.1062 63.9202 56.465 47.3505 43.8718 43.4072 63.9729 48.609 74.3175 45.6683 55.6362 48.4732 43.2422 41.6825 71.687 62.7041 50.4384 39.6511 39.3846 39.2271 37.4419 36.5579 36.4172 49.1125 45.8321 45.712 36.1045
threshold=0.027463228540008437 0.010403482212515932 -0.055970662091911087 -0.0070947628288289813 0.030972180730375824 -0.18323084349974736 0.0025856466909506275 19.625000000000004 -0.012001983030752781 0.15522193331306103 0.0047289362595872584 0.055910594976570589 -0.0045413562786246189 -0.067149022617353324 0.042684586959819588 0.0012830782027211109 -0.0080596429832442956 -0.037333160893422583 -0.0046605922573709204 -0.0029128519461645848 0.06610047212240612 -0.0016439356314020823 -0.0066426412641200075 0.06903334451863076 15.784999847412111 0.0075431397626640759 22.429999351501468 -0.10344834121785244 -0.051373899775069835 -0.0075899452364679423
decision_type=2 2 2 2 2 10 2 2 2 2 2 2 2 2 2 2 2 2 2 2 2 2 2 2 2 2 2 2 2 2
left_child=1 7 -2 6 -4 -5 15 -1 -7 10 12 16 14 -14 21 20 17 -12 -18 -20 -3 22 -10 -6 -8 26 -26 28 -27 -15
right_child=2 3 4 5 23 8 24 -9 9 -11 11 -13 13 29 -16 -17 18 -19 19 -21 -22 -23 -24 -25 25 27 -28 -29 -30 -31
leaf_value=-6.6912360741812777e-05 0.0010966815657204945 4.4446684859638341e-05 6.1748137202351753e-05 -0.00014033217335492475 0.00035297590680455788 0.0001353183128945668 -0.00028686391300957424 1.5427683824651177e-05 -2.6251888750917184e-05 0.00039515490254231112 -7.0837189692825927e-05 -9.0893744222693941e-05 0.00014494931293652816 6.5260467120019716e-05 0.00026240741684417472 0.00023396147427678894 -0.00028907013873018884 0.00015720863135206084 0.00030313389937171379 6.3372702706678349e-06 -0.00020296095351013483 -0.00021392624059235122 -0.00046211169716932771 -0.00095027244333406732 -0.00011201496806221894 0.00025781598448161336 0.00023391323727222702 0.00016738382837802178 -0.00011499442265464708 -3.8062230298698334e-05
leaf_weight=49796 1271 30221 95229 4209 12034 2428 751 5184 3189 465 1911 6413 1042 3613 427 1975 695 4845 814 31253 770 3084 439 131 4028 295 676 2570 2389 77417
leaf_count=49796 1271 30221 95229 4209 12034 2428 751 5184 3189 465 1911 6413 1042 3613 427 1975 695 4845 814 31253 770 3084 439 131 4028 295 676 2570 2389 77417
internal_value=-5.278e-05 -0.00123382 0.00256545 -0.000546609 0.00237211 -0.001096 0.0012427 -0.00355766 -0.000922049 -0.00104069 -0.00110439 0.000217174 -0.00178481 -0.00145116 -0.00562054 0.00218104 0.00102738 0.00460332 0.00028997 0.000612 0.00172389 -0.00665971 -0.00312845 0.00578504 -0.00164581 -0.000843543 -0.00403912 0.00201751 -0.00255216 -0.00159879
internal_weight=349564 240899 108665 185919 107394 142244 43675 54980 138035 135607 135142 45931 89211 82072 7139 32966 39518 6756 32762 32067 30991 6712 3628 12165 10709 9958 4704 5254 2684 81030
internal_count=349564 240899 108665 185919 107394 142244 43675 54980 138035 135607 135142 45931 89211 82072 7139 32966 39518 6756 32762 32067 30991 6712 3628 12165 10709 9958 4704 5254 2684 81030
is_linear=0
shrinkage=0.05


Tree=20
num_leaves=31
num_cat=0
split_feature=4 13 5 5 13 12 11 12 11 5 11 13 15 12 12 13 14 9 11 13 13 14 11 11 11 13 13 14 14 14
split_gain=407.817 154.641 103.617 59.1692 57.0744 77.2473 56.415 48.0988 44.4671 44.9903 38.8858 38.2677 30.2233 29.8616 29.2978 44.9179 38.5852 28.4921 31.5394 27.3624 26.4172 79.6831 43.8809 28.4458 28.1427 49.1933 37.9185 48.4596 39.2142 34.1161
threshold=0.020790133227585373 33.719999313354499 0.017820312580234154 0.0089682097020271773 25.505000114440922 -0.062212447341067838 -0.0070947628288289813 -0.071455509470426767 0.04888400580692865 0.030972180730375824 0.04888400580692865 46.145000457763679 -0.013326158273109011 -0.0800835440536906 -0.0800835440536906 28.970000267028812 -0.015155298785694047 -0.17442924056126427 -0.010736588985834903 12.00999975204468 22.330000877380375 0.15522193331306103 -0.023458930823045284 -0.030384470516343128 -0.0070947628288289813 21.704999923706058 18.015000343322757 -0.044237182658373335 -0.041361708055104078 0.10924586065415166
decision_type=2 2 2 2 2 2 2 2 2 2 2 2 2 2 2 2 2 10 2 2 2 2 2 2 2 2 2 2 2 2
left_child=3 2 4 -1 10 7 17 13 9 -4 20 -3 -8 -6 -11 -16 -17 18 -5 -14 21 24 23 -22 29 26 27 -26 -29 -2
right_child=1 11 8 6 5 -7 12 -9 -10 14 -12 -13 19 -15 15 16 -18 -19 -20 -21 22 -23 -24 -25 25 -27 -28 28 -30 -31
leaf_value=-7.4327744265296428e-05 5.4612456424226171e-05 0.00027938269771663745 7.709976543588613e-05 -7.8667908333473037e-05 -0.00027130559168704821 0.00027936129148058093 3.8131986446680326e-05 -0.00034537649525844178 -9.569655469626017e-05 0.0017153108282546585 -0.00015629749380707806 0.0013536991751638286 -0.00020596475529732988 0.0002360999155027261 0.00036959185585040276 -0.00082919963328548652 0.0002333891062296971 2.873226924618392e-05 3.8595988246835574e-05 -4.4546376852417236e-05 -5.6675011391394728e-06 0.00026806471295726407 -0.00013120608061750221 0.00032869926613531843 6.2213975416084135e-05 0.00032819869879627153 -5.8572764816280329e-05 -0.0001508022637237476 -8.4371004616335721e-06 -0.00010200457965929793
leaf_weight=19339 21189 2088 71794 5216 225 2529 3634 552 2509 281 1180 869 860 599 10112 301 283 17362 2352 87091 1283 2336 5101 540 15434 616 17041 1393 52933 1900
leaf_count=19339 21189 2088 71794 5216 225 2529 3634 552 2509 281 1180 869 860 599 10112 301 283 17362 2352 87091 1283 2336 5101 540 15434 616 17041 1393 52933 1900
internal_value=-4.61395e-05 0.0013187 0.00115892 -0.00218691 0.000241288 0.00619078 -0.00176179 -0.00334302 0.00250235 0.00270113 4.91955e-05 0.0126733 -0.00233581 0.00430825 0.00568234 0.00526365 -0.00821918 0.000346972 -0.00221327 -0.00252044 0.000138186 0.000322132 -0.00285962 0.00379868 0.000128952 -0.000281124 -0.000381044 0.000135464 -0.000566948 0.00168154
internal_weight=348942 213088 210131 135854 124851 3905 116515 1376 85280 82771 120946 2957 91585 824 10977 10696 584 24930 7568 87951 119766 112842 6924 1823 110506 87417 86801 69760 54326 23089
internal_count=348942 213088 210131 135854 124851 3905 116515 1376 85280 82771 120946 2957 91585 824 10977 10696 584 24930 7568 87951 119766 112842 6924 1823 110506 87417 86801 69760 54326 23089
is_linear=0
shrinkage=0.05


Tree=21
num_leaves=31
num_cat=0
split_feature=4 13 4 6 4 10 4 10 14 12 12 14 13 13 6 10 12 13 10 12 12 12 6 12 14 14 10 14 6 12
split_gain=362.66 138.252 88.9277 64.3356 53.094 39.6285 40.9677 39.5528 38.7143 34.8256 34.1074 41.3861 32.5653 37.2426 31.9433 30.084 36.6431 30.3758 27.3943 54.5578 39.4261 27.2709 26.2662 26.2362 112.706 53.9211 34.1789 27.3857 25.9906 25.535
threshold=0.021213872817227582 33.719999313354499 0.030438399344349741 0.67832304849828418 0.015868331932973146 0.06903334451863076 0.053774659337297581 -0.029463592833469218 0.026259504689798433 0.11156893092539701 -0.027198413534659901 0.15522193331306103 14.234999656677248 13.894999980926515 1.6903674972132419 0.0018978301535613753 -0.0013043868274282275 16.345000267028812 -0.001437784202310832 0.001711050909807055 0.0072856290131225751 -0.0800835440536906 0.61995351628762796 -0.022817686824558477 0.15844695899744313 0.15844695899744313 -0.0019809489570107304 0.11212440385738133 -1.1225237233288947 0.024727553990246513
decision_type=2 2 2 2 2 2 2 2 2 2 2 2 2 2 2 2 2 2 2 2 2 2 2 2 2 2 2 2 2 2
left_child=3 2 8 4 -1 6 14 -3 22 12 -6 28 13 29 -4 16 23 -17 20 -20 -18 -8 -2 24 26 -25 27 -14 -12 -10
right_child=1 7 5 -5 10 -7 21 -9 9 -11 11 -13 15 -15 -16 17 18 -19 19 -21 -22 -23 -24 25 -26 -27 -28 -29 -30 -31
leaf_value=-6.5527380758293504e-05 -1.7190801632897608e-05 0.00010862180949898588 5.8332885800616759e-05 2.53303210653727e-06 2.1704526982618216e-05 -0.00052261904768593527 0.0014673322956837568 0.00054992807805177119 -0.0004264894066296779 -0.00028189553820620578 -9.0461719726689122e-05 0.00011569420598477746 4.5872920458957336e-05 -0.00026489850575565801 0.00026361139460434645 9.1712314373395241e-05 0.00026091497107783425 -0.00016211031098100422 -0.00034498379656668201 0.00030431823010025063 5.4304813868170151e-05 0.00030824798431058198 3.9323492396221679e-05 -0.00010866091387896974 -0.00033570890840576895 0.00015696840808639078 0.00060945377117828023 0.00024947303687895069 -3.9014366633219941e-05 8.0784914744167109e-05
leaf_weight=32386 70364 822 61406 28867 8172 390 300 2086 309 392 6845 1406 3593 880 5618 1161 2467 1392 157 2126 11115 9812 18922 4497 978 1792 528 1642 66537 2236
leaf_count=32386 70364 822 61406 28867 8172 390 300 2086 309 392 6845 1406 3593 880 5618 1161 2467 1392 157 2126 11115 9812 18922 4497 978 1792 528 1642 66537 2236
internal_value=-8.86317e-05 0.0012629 0.00110713 -0.0020097 -0.00253802 0.0024366 0.00251698 0.0120873 0.000279604 0.00168226 -0.00186777 -0.00220289 0.00184885 -0.00278102 0.00206941 0.00235309 0.00281277 -0.00284959 0.00442641 0.00949409 0.00357458 0.00548358 -0.000274399 0.000848043 0.00301513 -0.0014748 0.00567847 0.00445559 -0.0023657 0.000284872
internal_weight=349198 204985 202077 144213 115346 77526 77136 2908 124551 35265 82960 74788 34873 3425 67024 31448 28895 2553 15865 2283 13582 10112 89286 13030 6741 6289 5763 5235 73382 2545
internal_count=349198 204985 202077 144213 115346 77526 77136 2908 124551 35265 82960 74788 34873 3425 67024 31448 28895 2553 15865 2283 13582 10112 89286 13030 6741 6289 5763 5235 73382 2545
is_linear=0
shrinkage=0.05


Tree=22
num_leaves=31
num_cat=0
split_feature=4 4 12 11 12 13 12 10 8 11 10 14 12 10 12 14 15 12 12 11 12 11 9 10 8 14 11 10 11 12
split_gain=330.031 119.438 119.27 57.9847 53.5091 71.5852 68.7584 68.373 42.2971 40.6124 45.9529 52.9725 64.995 51.7894 63.5982 47.5129 47.399 42.4727 39.3417 84.197 79.2674 53.4934 38.8396 38.5335 37.5796 38.8359 37.0906 43.3726 50.8209 36.7152
threshold=0.028217051085678051 0.017301251662899166 -0.075828258528587975 -0.0070947628288289813 -0.062212447341067838 30.750000000000004 -0.05793872793170584 0.01542612816856115 -0.16766952772051816 0.04888400580692865 0.0047289362595872584 0.0066946732173895915 0.034436834161626247 0.0030127975736100603 0.032077134319751129 -0.056925165822572281 -0.0084496149364465239 0.11156893092539701 0.05549664954164369 0.0081473860033931551 0.048021249302454556 0.02466677756805891 0.40775699532834703 0.0015949691897426679 -0.065873702113461594 -0.098691693357393515 0.0035059532242039952 0.00048355916176134889 0.0039113123019577376 0.06610047212240612
decision_type=2 2 2 2 2 2 2 2 10 2 2 2 2 2 2 2 2 2 2 2 2 2 10 2 10 2 2 2 2 2
left_child=1 -1 24 29 5 7 -6 -4 -5 10 13 12 -12 16 15 -15 -10 18 20 -20 26 -21 -8 -19 25 -2 -18 28 -28 -3
right_child=2 3 4 8 6 -7 22 -9 9 -11 11 -13 -14 14 -16 -17 17 23 19 21 -22 -23 -24 -25 -26 -27 27 -29 -30 -31
leaf_value=-4.723111205356518e-05 -9.4340140683919953e-05 3.0104422993421609e-05 -0.00036593460005350525 -0.00012899017527739036 0.00060214519402628994 0.00024107664505811411 6.2321123422783795e-05 0.00033790970418267306 4.1858406977006652e-05 -0.00013936796653369045 3.6331236625270933e-05 0.00013682013111614451 -5.2001107684263117e-05 5.8189750314346212e-05 -1.3478315494986509e-05 -0.00016827733227136539 -6.572740556753877e-05 -0.00028280800662229365 0.00024339652674073328 -0.00010782433887509078 -0.00021388926819685753 0.0001803480277331594 0.00031054051608761572 0.00018351283347690505 0.00018189264499492044 0.00083339641239617279 0.00025530341254436593 -4.7677563978882656e-05 1.4292392031069797e-05 -0.00021267827890265241
leaf_weight=66176 279 43733 2028 4238 802 882 86114 404 13094 1650 25812 3997 14219 914 6626 5965 17922 846 2188 3028 2441 1119 6444 179 1366 1982 1061 13657 19166 664
leaf_count=66176 279 43733 2028 4238 802 882 86114 404 13094 1650 25812 3997 14219 914 6626 5965 17922 846 2188 3028 2441 1119 6444 179 1366 1982 1061 13657 19166 664
internal_value=-5.30092e-05 -0.00102947 0.00236812 -0.000369688 0.00203416 -0.00420941 0.00225578 -0.00863487 -0.000874951 -0.000719279 -0.000622003 0.000697284 0.000149259 -0.00128053 -0.00412995 -0.00749746 -0.000765385 -0.00134603 -0.00117527 0.00255328 -0.00161069 -0.00163371 0.00212948 -0.011439 0.0112696 0.0152256 -0.00119581 -0.000222819 0.0012471 0.00120222
internal_weight=348996 248695 100301 182519 96674 3314 93360 2432 138122 133884 132234 44028 40031 88206 13505 6879 74701 61607 60582 6335 54247 4147 92558 1025 3627 2261 51806 33884 20227 44397
internal_count=348996 248695 100301 182519 96674 3314 93360 2432 138122 133884 132234 44028 40031 88206 13505 6879 74701 61607 60582 6335 54247 4147 92558 1025 3627 2261 51806 33884 20227 44397
is_linear=0
shrinkage=0.05


Tree=23
num_leaves=31
num_cat=0
split_feature=5 12 5 13 12 12 11 12 10 10 13 13 12 6 4 5 11 12 13 12 14 14 12 12 6 13 13 10 9 10
split_gain=314.498 108.63 100.95 59.0745 50.3653 64.2141 54.5235 57.4743 48.8122 50.553 47.8939 44.4847 41.5759 41.4542 39.5269 38.8237 38.6048 36.845 44.7671 34.7293 31.76 33.7575 32.4844 31.335 35.9314 40.453 60.4307 31.0268 29.7682 29.926
threshold=0.016258372623730765 -0.075828258528587975 0.011712528030164088 19.625000000000004 -0.062212447341067838 -0.05793872793170584 0.0033857060530237963 -0.067575688865902969 -0.0060493292963074699 -0.0053055515245151166 25.19999980926514 27.070000648498539 -0.062212447341067838 -0.21619732703404546 0.047347709899675329 0.0081975175957595802 0.015152806552143018 -0.017557998492747081 25.505000114440922 -0.067575688865902969 0.10240420019672193 0.15522193331306103 -0.00052816856958670655 -0.026063395053075141 -0.89653599546625828 16.819999694824222 16.550000190734867 -0.0022949150076642662 0.40775699532834703 0.020743044846024853
decision_type=2 2 2 2 2 2 2 2 2 2 2 2 2 2 2 2 2 2 2 2 2 2 2 2 2 2 2 2 10 2
left_child=2 14 3 15 6 -6 7 -3 16 11 13 -10 19 -4 -2 -1 17 18 -7 -12 -19 22 -22 -17 -25 26 -26 -27 29 -11
right_child=1 4 10 -5 5 8 -8 -9 9 28 12 -13 -14 -15 -16 23 -18 20 -20 -21 21 -23 -24 24 25 27 -28 -29 -30 -31
leaf_value=-8.8601181154796202e-05 0.00022941771782832265 0.00023151733990841471 -2.7288693859083827e-05 2.0048415321171452e-05 0.00055736544851265691 -4.4466613839868818e-05 -0.00031123900527673011 -0.00035269434258158975 -0.00025318494744313978 4.8144581882112771e-05 0.00010497061108277473 0.00041505171921372779 0.00019526996863589928 1.125399433079084e-05 0.0011075931643840921 1.968357521012548e-05 -0.00022855075292106667 0.00028502520739019237 0.0002805615616348554 -0.00031034789102604991 -0.00023684312036647447 0.00032229154607500899 0.00011677766573146885 -8.7839752704665236e-05 -3.6098224597085015e-05 -2.8588743081409652e-05 9.7833261160368894e-05 -0.00011303588184373142 0.00026424204732921128 -0.00015972886956892309
leaf_weight=7799 2387 1297 66292 10596 835 3831 1209 998 2725 81146 1041 281 2624 64157 1283 5919 678 6057 1295 452 907 2308 1974 10339 45970 4880 2785 9497 5760 1967
leaf_count=7799 2387 1297 66292 10596 835 3831 1209 998 2725 81146 1041 281 2624 64157 1283 5919 678 6057 1295 452 907 2308 1974 10339 45970 4880 2785 9497 5760 1967
internal_value=-6.3343e-05 0.00205151 -0.00112771 -0.00235031 0.0017772 0.00196558 -0.00412386 0.00040305 0.0018597 0.00140375 -0.000239288 -0.00497339 0.00507044 -0.000406864 0.0105177 -0.00277873 0.00431672 0.00480088 0.00128755 -0.00159076 0.00640228 0.00353151 -7.80979e-05 -0.00244804 -0.00272999 -0.00228252 -0.00159522 -0.00461327 0.00161945 0.00137854
internal_weight=349289 116938 232351 97785 113268 109764 3504 2295 108929 91879 134566 3006 4117 130449 3670 87189 17050 16372 5126 1493 11246 5189 2881 79390 73471 63132 48755 14377 88873 83113
internal_count=349289 116938 232351 97785 113268 109764 3504 2295 108929 91879 134566 3006 4117 130449 3670 87189 17050 16372 5126 1493 11246 5189 2881 79390 73471 63132 48755 14377 88873 83113
is_linear=0
shrinkage=0.05


Tree=24
num_leaves=31
num_cat=0
split_feature=5 13 5 10 6 10 11 6 11 10 13 13 11 13 13 11 14 8 11 13 10 13 13 14 14 14 6 11 10 5
split_gain=274.436 105.589 83.1403 73.529 61.5339 48.2667 46.993 44.4501 44.0601 56.1614 35.6137 53.654 52.2179 47.2434 46.4255 57.0346 44.7891 44.8765 43.797 43.5832 38.6425 47.9373 39.7599 33.7005 33.5668 33.332 31.097 30.863 30.6473 30.6342
threshold=0.013666996203146481 46.145000457763679 0.024206885649800444 -0.013327781970057238 -0.44220921596666823 0.06903334451863076 -0.020508631147506503 1.6903674972132419 -0.023458930823045284 0.0041080829558171059 22.330000877380375 21.704999923706058 0.04888400580692865 23.409999847412113 21.134999275207523 -0.0070947628288289813 -0.067149022617353324 inf 0.042684586959819588 21.555000305175785 0.010824112764753148 18.904999732971195 20.714999198913578 0.049481808267930923 0.082844690184075601 0.15522193331306103 1.4036913354081408 -0.030384470516343128 0.010655378584307098 0.0097699903982941382
decision_type=2 2 2 2 2 2 2 2 2 2 2 2 2 2 2 2 2 8 2 2 2 2 2 2 2 2 2 2 2 2
left_child=3 2 7 -1 29 6 -4 8 9 27 11 12 14 -12 15 -10 18 25 20 -16 21 -17 -23 -19 -25 -18 -6 -2 -13 -5
right_child=1 -3 5 4 26 -7 -8 -9 10 -11 13 28 -14 -15 19 16 17 23 -20 -21 -22 22 -24 24 -26 -27 -28 -29 -30 -31
leaf_value=5.803745286154499e-05 5.2630841802070104e-05 0.0013708692159461809 0.00042368089282600281 -7.562419009699215e-05 -2.815586147015617e-05 -0.00062542380453057167 0.00013010663040313367 0.00012110271711593298 8.4281575862366325e-05 -0.00011291688242909661 -0.00022308258896247131 0.00041499793115504365 -0.00016365271194029036 -2.3499773115470866e-05 -0.00035570885945569237 0.00016064293960228097 -5.3252033217036056e-06 -0.00022806786417307862 0.00057871745932302663 7.4835043484164455e-05 -4.0152080538037425e-05 -0.00012949574517989561 0.0004315952124042286 0.00015525300093170572 -0.0003644074149431898 0.00035017008501478543 2.0279214269849825e-05 0.00021959953646918546 -2.0397068472269993e-05 -4.5135001123429814e-05
leaf_weight=9311 4592 829 4307 12755 80371 264 26881 12540 17570 1752 2224 1107 1439 8785 1465 5695 80349 2126 478 692 3933 1312 185 658 233 619 16137 5086 500 45058
leaf_count=9311 4592 829 4307 12755 80371 264 26881 12540 17570 1752 2224 1107 1439 8785 1465 5695 80349 2126 478 692 3933 1312 185 658 233 619 16137 5086 500 45058
internal_value=-9.15525e-05 0.0012244 0.00114453 -0.00158435 -0.00184469 0.00348626 0.00366647 0.00066421 0.000410156 0.00338583 0.000147252 0.000400259 0.000275365 -0.00257289 0.000393487 0.000532 5.07386e-05 -0.000351551 0.0029626 -0.00687297 0.00232584 0.00450501 -0.00345691 -0.00633908 0.00182379 -0.000128446 -0.00107193 0.00487704 0.00947418 -0.00313468
internal_weight=349253 185621 184792 163632 154321 31452 31188 153340 140800 11430 129370 118361 116754 11009 115315 113158 95588 83985 11603 2157 11125 7192 1497 3017 891 80968 96508 9678 1607 57813
internal_count=349253 185621 184792 163632 154321 31452 31188 153340 140800 11430 129370 118361 116754 11009 115315 113158 95588 83985 11603 2157 11125 7192 1497 3017 891 80968 96508 9678 1607 57813
is_linear=0
shrinkage=0.05


Tree=25
num_leaves=31
num_cat=0
split_feature=5 12 6 12 6 8 5 14 13 12 13 5 13 5 10 5 3 14 12 12 14 12 12 10 13 13 12 10 14 12
split_gain=258.787 94.3538 81.008 59.6851 51.4165 46.3569 38.5413 35.3436 33.1388 52.7305 33.7092 31.6905 29.8587 29.3858 26.9346 34.6106 26.4615 26.459 40.3308 36.9066 33.9187 25.6532 50.4103 24.6408 24.595 49.5148 33.8387 41.1389 30.7832 29.0137
threshold=0.014993303487473459 -0.075828258528587975 -0.29034056119504981 -0.026063395053075141 0.21885682769787487 -0.023231711464420209 0.010403482212515932 -0.098691693357393515 25.505000114440922 -0.062212447341067838 30.345000267028812 0.031817040740061232 12.00999975204468 0.0096087250940260962 0.06903334451863076 0.0233843510201838 0.0087414182060434626 0.026259504689798433 0.11156893092539701 -0.062212447341067838 0.016703104234397029 0.051085048604070045 0.049504532457416379 0.020281918733708996 16.469999313354496 16.765000343322757 0.01720269272798958 -0.0065884615881859334 -0.091137781806863202 0.023603379375990999
decision_type=2 2 2 2 2 10 2 2 2 2 2 2 2 2 2 2 2 2 2 2 2 2 2 2 2 2 2 2 2 2
left_child=2 5 3 -1 11 7 -5 23 12 10 -10 17 -4 -14 15 -6 -9 19 21 -3 -21 22 -19 -2 26 -26 -8 -28 29 -29
right_child=1 4 8 6 14 -7 24 16 9 -11 -12 -13 13 -15 -16 -17 -18 18 -20 20 -22 -23 -24 -25 25 -27 27 28 -30 -31
leaf_value=2.1639358906123951e-05 -0.00036600473283520004 -0.00022417016002065438 -0.00025123293934883005 -6.9402246820363814e-05 7.0135238465417936e-05 -9.6753970638121307e-06 -0.00010082778370361251 0.00038834934661189995 -0.00028507689593893377 0.00027472846153823457 0.00024182966425719985 0.0002017863339084801 -3.7388761315817383e-05 -1.8367598134212335e-07 -0.00040055185128410492 0.00030013847997185233 0.0015740689324638569 5.4204523220919171e-05 -0.00025951783132364752 1.0616393027598281e-05 -0.00011662912653909868 0.00017353526595153114 -0.00050793131484982697 0.00028781286528782005 0.00012524863982363578 -3.0782217260381551e-05 0.0001440972880342323 -0.00021734240672002214 -4.8900204169796984e-05 0.00024385840942057585
leaf_weight=9720 228 1136 449 22372 33496 1020 9528 1810 488 1398 400 7398 18498 89155 396 9469 846 22353 461 60720 4718 2442 370 208 2253 21359 907 139 24793 524
leaf_count=9720 228 1136 449 22372 33496 1020 9528 1810 488 1398 400 7398 18498 89155 396 9469 846 22353 461 60720 4718 2442 370 208 2253 21359 907 139 24793 524
internal_value=-6.47464e-05 0.00153072 -0.00122646 -0.00232573 0.00131594 0.00899805 -0.0027655 0.0120472 -0.000314346 0.00564304 -0.00388514 0.000690275 -0.000440325 -0.000386659 0.00275305 0.00287269 0.0142131 0.000437636 0.00180286 -8.78721e-05 6.72392e-05 0.00207133 0.00154799 -0.00114679 -0.00210031 -0.000847027 -0.00292483 -0.00200186 -0.00237469 0.00825792
internal_weight=349054 147071 201983 91595 142959 4112 81875 3092 110388 2286 888 99598 108102 107653 43361 42965 2656 92200 25626 66574 65438 25165 22723 436 59503 23612 35891 26363 25456 663
internal_count=349054 147071 201983 91595 142959 4112 81875 3092 110388 2286 888 99598 108102 107653 43361 42965 2656 92200 25626 66574 65438 25165 22723 436 59503 23612 35891 26363 25456 663
is_linear=0
shrinkage=0.05


Tree=26
num_leaves=31
num_cat=0
split_feature=4 11 5 4 6 13 11 13 10 13 6 14 11 11 11 10 10 13 13 6 11 10 11 13 8 10 13 11 13 13
split_gain=231.321 95.0544 85.7008 45.2716 43.8913 43.7064 34.7306 32.2592 35.4419 33.1337 35.4901 33.2189 41.8907 32.0395 31.7388 41.9363 36.9652 48.0828 30.2889 29.2984 29.8632 56.3356 28.3995 28.0102 27.9462 27.8471 26.4759 50.8082 34.9421 34.2119
threshold=0.028217051085678051 -0.055970662091911087 0.011712528030164088 0.060606397051234696 0.98603028323128272 19.295000076293949 -0.0070947628288289813 19.105000495910648 -0.0039079154947589392 17.180000305175785 -1.1756167854613897 -0.044237182658373335 0.026267188685395574 0.04888400580692865 0.0091429221400685119 -0.0049804246831087187 -0.0065884615881859334 14.920000076293947 16.550000190734867 1.6903674972132419 -0.023458930823045284 0.0041080829558171059 -0.026323618530511902 14.275000095367433 -0.16766952772051816 0.06903334451863076 20.555000305175785 -0.022762768939498131 16.510000228881839 15.105000019073488
decision_type=2 2 2 2 2 2 2 2 2 2 2 2 2 2 2 2 2 2 2 2 2 2 2 2 10 2 2 2 2 2
left_child=2 -2 5 13 6 7 26 8 14 10 -10 -12 -13 19 15 16 17 -1 -17 20 21 22 -3 -18 -8 -5 28 -28 29 -4
right_child=1 3 4 25 -6 -7 24 -9 9 -11 11 12 -14 -15 -16 18 23 -19 -20 -21 -22 -23 -24 -25 -26 -27 27 -29 -30 -31
leaf_value=0.00010238609514430439 0.00095722724369042781 0.00014484824679311003 8.9432470643805321e-05 0.00040024834848764252 5.1678901680031823e-05 1.5216508170699112e-05 -0.0001127875780406139 -0.00014839577287560998 -9.8115608053148988e-05 -9.2000646049732618e-05 7.446346511487271e-06 -5.4267169173259589e-05 4.2318398721367775e-05 -9.2937626394586003e-05 -0.00013290466258188811 7.4106477310662569e-06 -0.00017745213722952522 -2.9001122420483326e-05 0.00019126753752366339 0.00020550021955841586 3.5683966228875146e-05 -0.00015386318053639894 0.00039513768824858204 -2.7918264031574337e-05 -1.6251875800751478e-05 -0.00099129961180269917 5.5639942322920168e-05 -9.9770349592201177e-05 8.1970723576702857e-05 -9.7910003180468749e-05
leaf_weight=2834 1212 4713 2697 6559 22361 12003 3187 1828 3930 9683 11436 38731 4115 2470 1639 1230 1241 5271 1382 7812 74620 1263 1663 2379 95442 88 5763 5888 12275 3356
leaf_count=2834 1212 4713 2697 6559 22361 12003 3187 1828 3930 9683 11436 38731 4115 2470 1639 1230 1241 5271 1382 7812 74620 1263 1663 2379 95442 88 5763 5888 12275 3356
internal_value=-6.05178e-05 0.00196514 -0.000878369 0.00179508 -0.00013165 -0.0020322 -0.000487139 -0.00242797 -0.00228476 -0.00278334 -0.00233285 -0.00200066 -0.00263969 0.00150879 -0.000165874 0.00058764 -0.000688699 0.00118754 0.006317 0.00166285 0.00138495 0.00436248 0.00627353 -0.0048895 -0.000940139 0.0057808 0.0010032 -0.000860441 0.00218791 -0.000921031
internal_weight=349071 100400 248671 99188 150969 97702 128608 85699 83871 67895 58212 54282 42846 92541 15976 14337 11725 8105 2612 90071 82259 7639 6376 3620 98629 6647 29979 11651 18328 6053
internal_count=349071 100400 248671 99188 150969 97702 128608 85699 83871 67895 58212 54282 42846 92541 15976 14337 11725 8105 2612 90071 82259 7639 6376 3620 98629 6647 29979 11651 18328 6053
is_linear=0
shrinkage=0.05


Tree=27
num_leaves=31
num_cat=0
split_feature=5 4 12 10 6 10 11 10 5 11 9 11 10 12 6 11 14 10 13 11 12 10 10 14 10 14 13 14 10 13
split_gain=218.693 86.4013 97.0108 56.8189 51.3159 41.6189 41.5232 46.1975 38.1457 36.7293 52.6252 45.4478 37.7453 35.1811 33.455 32.2354 35.5283 33.5966 30.7723 30.7165 39.9352 29.8963 76.4189 28.8482 26.8129 27.1957 26.6283 27.2763 25.4816 24.9902
threshold=0.012753268708339373 0.042682695039649991 -0.0800835440536906 -0.0039079154947589392 0.21885682769787487 0.06903334451863076 0.01196305437964529 -0.0048905857364926466 0.0090417836880449191 -0.012951361499321188 0.9285659345969004 -0.017638953461458159 0.0041080829558171059 -0.062212447341067838 -0.98415622542939307 0.02466677756805891 -0.036818887874406285 0.0070525899853967075 16.125000000000004 0.029686707120002768 0.014776442004869829 0.010510737947986739 0.0081754329593887193 -0.081825770158787711 -0.0075899452364679423 0.0037598780805861991 12.994999885559084 -0.096084571305829466 -0.0044419794643563706 49.655000686645515
decision_type=2 2 2 2 2 2 2 2 2 2 8 2 2 2 2 2 2 2 2 2 2 2 2 2 2 2 2 2 2 2
left_child=3 4 -3 6 9 -4 7 -1 -5 10 -2 12 24 -11 -10 16 17 23 28 20 -17 22 -18 -16 -12 -26 -19 -28 -9 -6
right_child=1 2 5 8 29 -7 -8 18 14 13 11 -13 -14 -15 15 19 21 26 -20 -21 -22 -23 -24 -25 25 -27 27 -29 -30 -31
leaf_value=-1.4732062295534123e-06 8.2202090766935699e-05 0.00085860018237822401 0.00015080735528224398 -6.5414688273680516e-05 5.2205676887272191e-05 -0.00062876217870182184 -0.00015585971169498474 0.00030760002084598753 -6.8418836444172478e-05 -0.00018811841473813427 -6.9637359639667436e-05 -0.00026922968229429691 -0.00029519296228728968 -6.2066726851732827e-06 0.00013520913507297436 -3.7430418491382409e-05 -5.0497526734696443e-05 -0.00015592513428011677 0.00017128836875425477 -1.7371138984325405e-05 0.00022014574222158041 -0.00026728267071234518 0.00014304084228675113 1.7587061621472318e-05 -3.8062648779038907e-06 0.00038787878054081419 -0.00010412306129087661 6.6328574422441954e-06 -3.257731364220695e-05 0.0016601675518543042
leaf_weight=24790 16350 1332 24556 16252 58750 224 1598 233 10501 1275 1227 1113 509 108610 1281 1200 43549 895 2220 5110 2281 1023 1499 8606 824 836 3205 7940 1345 152
leaf_count=24790 16350 1332 24556 16252 58750 224 1598 233 10501 1275 1227 1113 509 108610 1281 1200 43549 895 2220 5110 2281 1023 1499 8606 824 836 3205 7940 1345 152
internal_value=-4.63803e-05 0.000937856 0.00363434 -0.00163674 0.000566582 0.00292776 0.000271649 0.000710088 -0.00219417 1.45322e-05 0.00193801 -0.00284431 2.94464e-05 -0.000350594 -0.00177919 -0.00141633 -0.00178093 -0.000124276 0.00584518 0.00146956 0.00509193 -0.0025694 -0.00237746 0.0020355 0.00224281 0.00638554 -0.00189784 -0.00123149 0.000506971 0.00179196
internal_weight=349286 215758 26112 133528 189646 24780 30186 28588 103342 130744 20859 4509 3396 109885 87090 76589 67998 21927 3798 8591 3481 46071 45048 9887 2887 1660 12040 11145 1578 58902
internal_count=349286 215758 26112 133528 189646 24780 30186 28588 103342 130744 20859 4509 3396 109885 87090 76589 67998 21927 3798 8591 3481 46071 45048 9887 2887 1660 12040 11145 1578 58902
is_linear=0
shrinkage=0.05


Tree=28
num_leaves=31
num_cat=0
split_feature=5 13 4 10 6 12 13 13 13 0 12 10 10 11 11 5 6 12 10 12 11 13 13 12 12 10 10 10 10 10
split_gain=199.803 92.2252 71.9239 49.9265 42.4679 38.2759 38.6779 65.4631 41.536 41.517 35.7405 39.6651 49.5979 35.0872 33.6063 33.2783 31.3088 25.9096 25.731 26.3616 30.408 24.9455 67.437 49.0942 60.8104 71.0237 66.1729 47.608 33.4252 30.1867
threshold=0.012753268708339373 46.145000457763679 0.033461495682343474 -0.013327781970057238 0.67832304849828418 -0.075828258528587975 28.970000267028812 30.750000000000004 26.494999885559086 0.064217648621686566 -0.029235256213089252 -0.0060493292963074699 -0.0053055515245151166 0.04888400580692865 0.04888400580692865 0.0086374030539084889 1.8725894627305721 -0.026063395053075141 0.010655378584307098 -0.062212447341067838 0.0076914611036220668 16.469999313354496 16.875000000000004 -0.008121323465966555 -0.0041728590088926923 -0.0065884615881859334 -0.0041401831937402647 0.0056894709733393842 0.0034739164181698538 0.018351280015906694
decision_type=2 2 2 2 2 2 2 2 2 2 2 2 2 2 2 2 2 2 2 2 2 2 2 2 2 2 2 2 2 2
left_child=3 2 14 -1 15 -4 8 -8 10 -9 18 -12 -13 -14 16 -5 21 -17 19 -7 -21 23 -23 27 -25 -26 -27 28 -2 -28
right_child=1 -3 5 4 -6 6 7 9 -10 -11 11 12 13 -15 -16 17 -18 -19 -20 20 -22 22 -24 24 25 26 29 -29 -30 -31
leaf_value=5.0389902162217667e-05 6.9193919430262597e-05 0.0010217996496302039 0.00033712563630709021 -7.3116980015708934e-05 -6.147830841784445e-07 -0.00037009700366678715 -0.00038897794843904864 0.00013068359538360901 0.00036395214754806325 -0.00057185675366741519 0.00023950081228944409 -0.00036856610855831909 0.00010499162822195538 -0.00018936223931874299 -0.00010941096863701467 1.2787870578933204e-05 9.1677176789524938e-05 -3.987356658672959e-05 -0.00022203692925127172 -3.305288515888321e-05 0.00042439022710973523 0.00013227730287361335 5.8596375399959986e-06 -0.00027480835330714323 0.00013614585262741583 -0.0001841330353353707 -1.9079114436018751e-05 0.00022947627376541875 -0.0002952976278519238 0.00023530964428054182
leaf_weight=7382 977 860 2194 10527 25883 398 1079 1844 1718 281 6578 1158 36501 1141 1934 7428 10612 82366 1517 3450 884 7405 70100 1246 3832 3415 53466 2105 358 709
leaf_count=7382 977 860 2194 10527 25883 398 1079 1844 1718 281 6578 1158 36501 1141 1934 7428 10612 82366 1517 3450 884 7405 70100 1246 3832 3415 53466 2105 358 709
internal_value=-7.25637e-05 0.000868318 0.000802924 -0.00159223 -0.00182601 0.00229432 0.00204292 -0.00329276 0.00236339 0.0018 0.00210888 0.00259707 0.0019884 0.00230195 0.000241901 -0.00229189 0.00032404 -0.00198009 -0.00143623 0.000380389 0.00151131 0.000130385 0.000738985 -0.000583137 -0.000902374 -0.000680538 -0.00111912 0.00523256 -0.00215356 -0.000693586
internal_weight=349348 215762 214902 133586 126204 58743 56549 3204 53345 2125 51627 45378 38800 37642 156159 100321 154225 89794 6249 4732 4334 143613 77505 66108 62668 61422 57590 3440 1335 54175
internal_count=349348 215762 214902 133586 126204 58743 56549 3204 53345 2125 51627 45378 38800 37642 156159 100321 154225 89794 6249 4732 4334 143613 77505 66108 62668 61422 57590 3440 1335 54175
is_linear=0
shrinkage=0.05


Tree=29
num_leaves=31
num_cat=0
split_feature=5 16 5 13 13 8 4 13 13 11 11 11 11 14 11 14 13 14 13 11 11 11 14 9 14 13 13 14 11 13
split_gain=185.895 81.0815 63.5013 49.5502 50.5057 45.9139 41.3596 41.1497 68.0993 39.264 51.1861 49.7691 54.9745 37.6161 45.4957 57.6657 46.5482 37.1298 35.8666 32.9211 47.7039 29.9465 33.1541 39.2859 35.2241 35.9601 32.3933 37.1204 44.1421 38.901
threshold=0.016194001475781952 -0.080616081605567033 0.009928912971014326 25.505000114440922 26.85000038146973 inf 0.06370703158410719 16.469999313354496 16.765000343322757 0.002577635332758899 0.0036681526021306037 0.0057609593190406381 0.0069842899086436381 -0.078457350194131512 0.003813504719322514 -0.12096344977185801 16.260000228881839 -0.14356568835631797 19.295000076293949 -0.0042559755894635001 0.00023769852102906167 -0.014346854625401638 -0.043135883928100298 -0.38142855358677646 0.17907813454888047 22.429999351501468 26.284999847412113 -0.067149022617353324 0.042684586959819588 25.505000114440922
decision_type=2 2 2 2 2 8 2 2 2 2 2 2 2 2 2 2 2 2 2 2 2 2 2 10 2 2 2 2 2 2
left_child=2 -2 -1 5 -5 7 21 13 19 17 -11 18 -13 14 15 -4 -16 -10 -12 -9 -21 22 23 -3 -24 -26 27 28 -23 -29
right_child=1 6 3 4 -6 -7 -8 8 9 10 11 12 -14 -15 16 -17 -18 -19 -20 20 -22 26 24 -25 25 -27 -28 29 -30 -31
leaf_value=-4.2717103112964454e-05 0.00094266550055975031 -0.00070147346647434156 -0.00023794381091833314 0.00036971646861575565 1.9573700318488605e-05 -9.1121943859079704e-05 0.00038513467319709429 0.0002562902318522684 -0.00011917633733753964 -0.00017803495362760953 3.7302992713801417e-05 -0.00021618675223080818 -2.0171444320811406e-05 -2.8099729889141798e-05 0.00015306145137000969 2.2262456975680581e-05 -0.00018868344360911725 2.6227213938988986e-05 0.00033240955836603644 -0.00017959582416230831 0.00011547222375149431 9.2937839650604872e-05 0.00016196548954135212 1.4148118976024978e-05 0.00040245837977460289 -0.00019044687472502994 -0.00012687701091918706 1.5450014298804602e-05 0.00079615438715594726 0.00088356511625312529
leaf_weight=41346 1047 403 503 1409 2647 7075 5385 1497 1706 2193 2736 1732 24272 93198 3267 2058 531 38702 811 731 4500 12484 13354 3127 618 1871 1914 77704 391 400
leaf_count=41346 1047 403 503 1409 2647 7075 5385 1497 1706 2193 2736 1732 24272 93198 3267 2058 531 38702 811 731 4500 12484 13354 3127 618 1871 1914 77704 391 400
internal_value=-5.96375e-05 0.00154847 -0.000886261 -0.000499029 0.00496795 -0.000618558 0.00142519 -0.000461928 0.0003911 -5.75175e-05 -0.00137349 -0.000826537 -0.00158437 -0.00113779 0.00258295 -0.00256736 0.00605582 0.000976292 0.00472935 0.00520214 0.0033311 0.00121987 0.00300805 -0.00137394 0.00398441 -0.0014765 0.000846942 0.00098237 0.0034699 0.000572314
internal_weight=349612 118698 230914 189568 4056 185512 117651 178437 78880 72152 31744 29551 26004 99557 6359 2561 3798 40408 3547 6728 5231 112266 19373 3530 15843 2489 92893 90979 12875 78104
internal_count=349612 118698 230914 189568 4056 185512 117651 178437 78880 72152 31744 29551 26004 99557 6359 2561 3798 40408 3547 6728 5231 112266 19373 3530 15843 2489 92893 90979 12875 78104
is_linear=0
shrinkage=0.05


Tree=30
num_leaves=31
num_cat=0
split_feature=5 16 4 11 13 6 6 4 6 11 12 13 13 12 12 12 12 13 13 11 12 11 12 12 12 13 12 12 11 12
split_gain=178.512 77.784 70.6349 37.6446 38.1071 34.0231 31.587 31.0877 30.7307 26.9103 26.1077 28.1815 55.7995 37.0433 31.2995 30.6555 69.8354 52.7896 49.8014 43.1189 38.9053 34.9197 28.5256 56.2412 52.3281 32.231 29.4898 34.1143 29.1629 31.8131
threshold=0.017734561499617663 -0.080616081605567033 0.01819452200254016 -0.022762768939498131 17.615000724792484 1.2415665391797204 -0.33903522723233687 0.06370703158410719 0.079913380711692961 0.04888400580692865 -0.046451976604296834 16.469999313354496 16.875000000000004 -0.027198413534659901 0.0066896408709551389 0.0072856290131225751 -0.0016966552105460717 21.134999275207523 24.119999885559086 0.036862788200682568 -0.024522731320259335 -0.0070947628288289813 -0.008121323465966555 -0.019407613730768488 -0.005215251084133842 16.125000000000004 0.00075812242422568243 0.001711050909807055 0.014627027210111112 -0.0013043868274282275
decision_type=2 2 2 2 2 2 2 2 2 2 2 2 2 2 2 2 2 2 2 2 2 2 2 2 2 2 2 2 2 2
left_child=2 -2 6 4 -4 9 -1 8 -3 10 -5 13 -13 -12 22 16 17 21 -19 -18 -20 -14 23 25 -24 -15 28 -28 29 -26
right_child=1 7 3 5 -6 -7 -8 -9 -10 -11 11 12 15 14 -16 -17 19 18 20 -21 -22 -23 24 -25 26 -27 27 -29 -30 -31
leaf_value=-4.7412757639181061e-05 0.0011234413662868715 2.4092903691287941e-05 -0.00019390010378743082 -0.0001025398787123388 6.5016665208647228e-05 3.9232049639156222e-05 -1.9084842592534033e-05 0.00036787349036670612 0.00011055256166446187 -0.00012587150232194088 0.00013852966883727601 9.008716663526e-05 0.0001009852734205445 -0.00022756552731996151 -1.8748311117615988e-05 -3.0988627253312769e-05 0.00016156827971999791 -0.00020670527719707579 0.00013748117472550149 -0.00026556908456323034 -0.00015277497944841376 -1.1592228111621979e-05 -0.00035313124041635221 0.00017967599377833799 -5.6736587841607883e-05 6.2432255755531446e-05 -0.00033610128455304719 -7.7517063417410426e-05 -0.00014734213213203796 0.00021078828817641107
leaf_weight=36935 888 54694 662 4014 14246 20249 47006 5369 28215 1406 1303 8137 4859 888 61314 28841 4989 3487 1627 211 1028 8025 1191 1218 932 733 433 4472 572 953
leaf_count=36935 888 54694 662 4014 14246 20249 47006 5369 28215 1406 1303 8137 4859 888 61314 28841 4989 3487 1627 211 1028 8025 1191 1218 932 733 433 4472 572 953
internal_value=-0.000100531 0.00182973 -0.000763193 -0.000193413 0.00221022 -0.000416144 -0.00195643 0.00168162 0.00144285 -0.00069205 -0.000622544 -0.000504574 0.000289197 -0.00116101 -0.00131076 -0.000301977 0.00100925 -0.000394197 -0.00420873 0.00614423 0.000951036 0.00142425 -0.00371752 0.00062522 -0.00515901 -0.00547502 -0.00358598 -0.00582569 0.000885226 0.00388594
internal_weight=348897 89166 259731 175790 14908 160882 83941 88278 82909 140633 139227 135213 61204 74009 72706 53067 24226 19026 6142 5200 2655 12884 11392 2839 8553 1621 7362 4905 2457 1885
internal_count=348897 89166 259731 175790 14908 160882 83941 88278 82909 140633 139227 135213 61204 74009 72706 53067 24226 19026 6142 5200 2655 12884 11392 2839 8553 1621 7362 4905 2457 1885
is_linear=0
shrinkage=0.05


Tree=31
num_leaves=31
num_cat=0
split_feature=4 13 4 12 10 13 14 14 6 6 14 10 10 10 10 10 10 14 10 10 10 13 9 13 13 14 12 12 14 12
split_gain=147.442 85.1894 58.239 50.3259 46.6967 39.2302 34.4195 37.265 34.2206 33.4933 36.0367 35.4393 57.1821 52.216 43.4999 34.3903 32.4322 42.0631 32.4017 32.5789 32.1223 31.0705 27.5986 26.1653 60.2578 39.9864 51.5733 71.5964 32.065 54.4158
threshold=0.020790133227585373 49.655000686645515 0.039932387008320365 -0.0800835440536906 -0.0039079154947589392 12.00999975204468 -0.021590127132527389 0.013307758970990903 0.98603028323128272 -1.1756167854613897 -0.036818887874406285 0.0044245853053562776 0.0039695003321817976 0.0038619915499665818 0.0030127975736100603 0.0017576086312266483 0.010510737947986739 0.009860755526874045 0.0083806190799177189 0.0053216631929108313 0.06903334451863076 13.34500026702881 0.15746371250066507 16.469999313354496 16.875000000000004 -0.078457350194131512 0.028151180192127593 -0.0036881792371129536 0.02466440867966813 0.11156893092539701
decision_type=2 2 2 2 2 2 2 2 2 2 2 2 2 2 2 2 2 2 2 2 2 2 8 2 2 2 2 2 2 2
left_child=4 2 8 -4 6 -6 -1 -8 23 -7 15 12 13 14 -12 -11 18 -18 19 -13 22 -16 -5 25 -25 26 27 -2 -26 -30
right_child=1 -3 3 20 5 9 7 -9 -10 10 11 16 -14 -15 21 -17 17 -19 -20 -21 -22 -23 -24 24 28 -27 -28 -29 29 -31
leaf_value=-0.00021184954765041095 0.00028599394051336691 0.0025977663746023522 0.00050579265725024492 4.21795560133836e-05 -0.00020361587754894105 -7.150993534084599e-05 9.6927281301872003e-05 -6.4912576437092814e-07 5.9302282774104705e-05 5.7541503037221317e-05 -4.013052691524803e-05 7.2184939268912877e-05 -0.00017918546078766716 0.00015357719401976451 -0.00022612362616544103 -1.4302188120318715e-05 -0.00021953667993492194 0.00011627452843130252 9.887729758724198e-05 -2.9026325581951339e-05 -0.00052913714247864753 -8.1354585842415358e-05 0.0002208044233569669 0.00012442712962746854 -1.2914518383262902e-05 -2.4171432633214412e-05 0.00032182982645147224 -0.00010974361016772693 4.8203376048840815e-05 -0.0002816023331733866
leaf_weight=418 1000 432 1300 17676 1012 7100 3098 26472 28310 4903 43918 2553 1940 1228 1071 24996 1561 560 2280 9872 253 3114 13576 7602 50112 61923 1448 1893 27331 587
leaf_count=418 1000 432 1300 17676 1012 7100 3098 26472 28310 4903 43918 2553 1940 1228 1071 24996 1561 560 2280 9872 253 3114 13576 7602 50112 61923 1448 1893 27331 587
internal_value=-8.43254e-05 0.000735677 0.000690692 0.00262841 -0.00137036 -0.00186272 0.000371815 0.000573216 0.000337947 -0.00176838 -0.00152812 -0.00216346 -0.00281689 -0.00248576 -0.00274567 -8.11064e-05 -0.000172352 -0.00595238 0.00066134 -0.000344064 0.0022306 -0.00761649 0.00237425 4.04882e-05 0.00061776 -0.000705511 0.00393343 7.77739e-05 0.000203768 0.00156172
internal_weight=349539 213443 213011 32805 136096 106108 29988 29570 180206 105096 97996 68097 51271 49331 48103 29899 16826 2121 14705 12425 31505 4185 31252 151896 85632 66264 4341 2893 78030 27918
internal_count=349539 213443 213011 32805 136096 106108 29988 29570 180206 105096 97996 68097 51271 49331 48103 29899 16826 2121 14705 12425 31505 4185 31252 151896 85632 66264 4341 2893 78030 27918
is_linear=0
shrinkage=0.05


Tree=32
num_leaves=31
num_cat=0
split_feature=4 16 6 4 9 11 10 10 10 12 11 10 13 10 10 13 9 10 12 10 12 12 10 11 11 10 12 13 10 10
split_gain=142.198 70.6187 58.2041 51.2642 34.5678 28.7108 34.543 70.0118 40.7943 44.8301 40.5686 42.5483 45.2048 33.7051 40.8782 34.0219 51.703 33.3599 32.821 35.5938 32.0542 30.4808 36.0675 30.316 40.589 31.1561 36.4492 28.6534 28.2729 37.6092
threshold=0.028217051085678051 -0.080616081605567033 1.4036913354081408 0.017301251662899166 0.40775699532834703 -0.0070947628288289813 0.0047289362595872584 0.010824112764753148 0.0028153334889018393 0.012544135938263425 0.04888400580692865 0.0091813381816910917 14.105000019073488 0.0067604630299248356 0.006337694363773628 16.550000190734867 -0.330300766330197 0.0028760808963153033 0.11156893092539701 0.0015949691897426679 0.06610047212240612 0.070121882080432366 0.017875659611307108 0.00023769852102906167 0.0069842899086436381 0.0042471425647833136 0.015481737814256992 12.434999942779543 0.0025856466909506275 0.0075431397626640759
decision_type=2 2 2 2 10 2 2 2 2 2 2 2 2 2 2 2 10 2 2 2 2 2 2 2 2 2 2 2 2 2
left_child=2 -2 3 -1 -3 20 8 10 18 -10 11 12 -8 14 15 16 -14 -11 -7 -20 28 22 27 -19 -25 26 -26 -9 -5 -30
right_child=1 4 -4 5 -6 6 7 21 9 17 -12 -13 13 -15 -16 -17 -18 23 19 -21 -22 -23 -24 24 25 -27 -28 -29 29 -31
leaf_value=-3.5526256578662944e-05 0.00090144888540505017 3.7673423592649723e-05 3.5717642423616166e-05 3.4692752941512232e-05 0.00026352981635376424 -1.7444540476917701e-05 -4.939104643577521e-05 0.00095667994788423626 -0.00017546683620584002 -0.00026913629311763266 -0.00013214087730299581 0.00012057231656794954 -0.00048638487366611945 -8.8576293199219613e-06 0.00024030455961868187 0.00011429103617679945 1.8418448708265245e-05 -0.0002736109733510948 -0.00024103659237621934 0.00020988006538384511 -0.00022222504998193257 -0.00018436343147213579 9.7313917001694286e-05 9.9401794156034275e-05 0.00021585331856432117 4.9719831845381012e-05 -0.00010626651208015279 -8.0638450347903198e-05 -9.2541608107036589e-05 3.0601396777519851e-05
leaf_weight=59734 1055 93063 26273 28776 6490 66947 6833 157 2292 510 992 6438 281 7154 1906 3639 3881 641 840 184 579 1138 1851 2148 430 1988 5942 7576 4634 5087
leaf_count=59734 1055 93063 26273 28776 6490 66947 6833 157 2292 510 992 6438 281 7154 1906 3639 3881 641 840 184 579 1138 1851 2148 430 1988 5942 7576 4634 5087
internal_value=-7.04661e-05 0.00151578 -0.000711771 -0.00097449 0.00137942 -0.00051491 -0.000887952 0.000280791 -0.00148495 -0.00394775 0.00148117 0.00180871 0.000829324 0.00221962 0.00413877 0.00253493 -0.000552619 -0.00269105 -0.000979462 -0.00986328 0.00066665 -0.00320369 -0.00228506 -0.00211902 -0.00147507 -0.00305024 -0.00475518 -0.00378572 0.000842273 -0.00148904
internal_weight=349459 100608 248851 222578 99553 162844 123768 41846 81922 13951 31124 30132 23694 16861 9707 7801 4162 11659 67971 1024 39076 10722 9584 11149 10508 8360 6372 7733 38497 9721
internal_count=349459 100608 248851 222578 99553 162844 123768 41846 81922 13951 31124 30132 23694 16861 9707 7801 4162 11659 67971 1024 39076 10722 9584 11149 10508 8360 6372 7733 38497 9721
is_linear=0
shrinkage=0.05


Tree=33
num_leaves=31
num_cat=0
split_feature=5 13 5 10 13 12 5 10 9 8 12 13 12 13 14 10 11 10 11 12 11 13 11 12 13 10 9 13 13 10
split_gain=132.395 74.6231 52.4034 47.3196 44.9259 37.5533 37.4539 32.0089 31.5284 29.8463 49.9533 29.3474 37.4815 35.6776 29.1507 33.0385 43.7117 47.1835 43.0575 43.025 42.9499 49.3269 44.7437 49.8221 64.1076 35.9039 34.5836 34.3514 33.6595 33.2646
threshold=0.013666996203146481 49.655000686645515 0.025599319011084132 -0.013327781970057238 12.00999975204468 -0.075828258528587975 0.0080515977766327171 0.020743044846024853 -0.21102103469987424 inf -0.052281358654850445 18.214999198913578 0.057354881634701156 19.98499965667725 0.15522193331306103 -0.0087573770433467795 -0.0070947628288289813 0.0025856466909506275 -0.014346854625401638 0.0082902171521933594 0.00023769852102906167 13.775000095367433 0.0015109510563884323 0.024098951150824836 13.835000038146974 0.012020737458552368 -0.11248884570394622 15.105000019073488 12.804999828338625 -0.0083356219639727485
decision_type=2 2 2 2 2 2 2 2 10 8 2 2 2 2 2 2 2 2 2 2 2 2 2 2 2 2 10 2 2 2
left_child=3 2 9 8 -5 -4 -6 -7 -1 -2 -11 -12 13 -13 15 27 17 -17 26 25 21 28 23 24 -22 -20 -19 -8 -18 -24
right_child=1 -3 5 4 6 7 14 -9 -10 10 11 12 -14 -15 -16 16 20 18 19 -21 22 -23 29 -25 -26 -27 -28 -29 -30 -31
leaf_value=-3.4753992560130566e-05 1.6082583040042386e-05 0.0023613914070641138 0.0006566254458181711 -0.00020978790389256595 -6.8325834131675997e-05 0.00013441309264554131 0.00011802993648921679 -0.00030952338878573063 9.0433493910918681e-05 0.0005600885704082118 0.00056513972344948563 7.0219603501049413e-05 -0.00036086514789032334 -0.00012914332320365941 0.00013869768460168902 4.2452286077285328e-05 -2.1985245949090409e-05 -0.00025070698052028108 3.2807604586557446e-05 -0.000108578204721334 0.00033329678083792482 -4.2767201615789885e-05 0.00029632740499794066 0.00011738729404311369 -0.00015863502670778829 0.00037379037277274695 -5.3472198540621429e-05 -0.00010570744020738444 -0.00020480630751053665 -2.2922952144686234e-05
leaf_weight=3100 152304 434 1072 1048 6561 24111 473 751 6218 226 322 1698 1083 3586 1026 17513 1252 1335 2455 1212 262 15353 267 3624 1469 603 2387 5628 2705 89313
leaf_count=3100 152304 434 1072 1048 6561 24111 473 751 6218 226 322 1698 1083 3586 1026 17513 1252 1335 2455 1212 262 15353 267 3624 1469 603 2387 5628 2705 89313
internal_value=-7.93524e-05 0.000835053 0.000786512 -0.00111536 -0.00132407 0.00287075 -0.0012536 0.00247567 0.00234492 0.000447026 -0.00276573 -0.00354687 -0.00429166 -0.00255488 -0.0010885 -0.00114758 -0.00099034 0.0008812 -0.0023023 0.00112412 -0.00140816 -0.00355774 -0.000970927 0.00346872 -0.00350953 0.00428385 -0.00623321 -0.00474922 -0.00853551 -0.00123633
internal_weight=349391 185587 185153 163804 154486 25934 153438 24862 9318 159219 6915 6689 6367 5284 146877 145851 139750 25505 7992 4270 114245 19310 94935 5355 1731 3058 3722 6101 3957 89580
internal_count=349391 185587 185153 163804 154486 25934 153438 24862 9318 159219 6915 6689 6367 5284 146877 145851 139750 25505 7992 4270 114245 19310 94935 5355 1731 3058 3722 6101 3957 89580
is_linear=0
shrinkage=0.05


Tree=34
num_leaves=31
num_cat=0
split_feature=5 13 6 12 6 11 10 10 13 14 5 10 14 14 9 12 13 12 12 14 10 5 14 11 11 11 10 11 10 13
split_gain=117.709 68.6655 53.9244 43.2183 36.4355 37.6044 40.4069 58.2689 39.5684 34.2807 30.8709 29.2909 27.8298 38.0374 26.5616 26.5055 41.941 25.3521 25.9187 30.3287 24.5386 28.9721 24.3458 47.5999 40.6717 37.9385 42.8648 34.5294 31.5566 31.0316
threshold=0.015041761822545427 49.655000686645515 0.13558825076826811 -0.026063395053075141 0.65800054032703981 -0.014346854625401638 0.0040309091899630731 -0.0075899452364679423 27.664999961853031 0.15522193331306103 0.010360082647564391 -0.0096296118595212126 0.15844695899744313 0.12392426755799714 -0.29690257497223094 -0.062212447341067838 28.970000267028812 -0.029235256213089252 -0.067575688865902969 0.24994374642796716 0.06903334451863076 0.024890922934492427 -0.069951740507607593 0.046573185426083692 -0.011429268480369846 0.042684586959819588 0.010824112764753148 0.011544109732890885 0.020743044846024853 25.505000114440922
decision_type=2 2 2 2 2 2 2 2 2 2 2 2 2 2 10 2 2 2 2 2 2 2 2 2 2 2 2 2 2 2
left_child=2 4 3 12 5 6 7 11 14 10 -5 17 13 -1 -8 16 -7 18 -2 -20 21 -6 25 24 -24 26 -17 -28 29 -26
right_child=1 -3 -4 9 20 15 8 -9 -10 -11 -12 -13 -14 -15 -16 22 -18 -19 19 -21 -22 -23 23 -25 28 -27 27 -29 -30 -31
leaf_value=1.6103519996365145e-05 0.00014687565490059483 0.0024626522450028761 4.0180118771223015e-06 -4.9263901165839324e-05 6.6339023443804084e-05 -5.6214359892699654e-05 -0.00039820654930762555 0.00022056850804345269 0.0003320046412217839 9.7230544593695459e-05 -2.6952346602068995e-05 -0.00016185130584430745 -0.00020983558496058031 0.0003279468587017085 -6.1997854528810488e-05 0.000124849570175366 -0.0004873738477215133 0.00017322552612749622 -5.5519276709923605e-05 -0.0010335687149660943 -0.00035716020585287059 0.00038126891874986171 -0.00017534613844605898 -0.00013746392246309156 1.1201489074304586e-05 0.00029539158879890275 4.8140243140715796e-05 -0.00015524310754023226 -0.00036083979083008708 0.0012311390260070863
leaf_weight=12858 1633 383 72650 30896 23557 1494 671 6833 694 1776 84186 1277 525 533 2613 6266 389 3212 2599 253 356 5139 2439 3170 76110 1215 2491 2066 381 309
leaf_count=12858 1633 383 72650 30896 23557 1494 671 6833 694 1776 84186 1277 525 533 2613 6266 389 3212 2599 253 356 5139 2439 3170 76110 1215 2491 2066 381 309
internal_value=-0.000100724 0.000984885 -0.000877478 -0.00148424 0.000929102 0.000532877 0.00251832 0.00365186 -0.00198592 -0.00179791 -0.00190429 0.0010029 0.00114976 0.00159249 -0.00427832 0.000125091 -0.00574881 0.00216643 -0.000261984 -0.00313815 0.00251274 0.00267459 0.000242199 -6.46167e-05 0.000175734 0.00234258 0.00140211 -0.00228769 0.000377604 0.000449168
internal_weight=348974 145550 203424 130774 145167 116115 19785 15807 3978 116858 115082 8974 13916 13391 3284 96330 1883 7697 4485 2852 29052 28696 94447 82409 79239 12038 10823 4557 76800 76419
internal_count=348974 145550 203424 130774 145167 116115 19785 15807 3978 116858 115082 8974 13916 13391 3284 96330 1883 7697 4485 2852 29052 28696 94447 82409 79239 12038 10823 4557 76800 76419
is_linear=0
shrinkage=0.05


Tree=35
num_leaves=31
num_cat=0
split_feature=4 13 6 13 4 13 13 4 11 11 12 8 13 10 14 12 11 11 10 14 14 11 14 14 12 13 12 14 6 12
split_gain=114.353 59.996 48.5363 36.5443 33.9327 33.8519 34.8503 33.5402 30.3894 43.7867 29.3787 28.6037 41.9417 33.0162 36.5598 38.205 76.5698 29.4864 28.725 37.0749 29.0705 28.4799 25.751 34.2107 33.3456 30.574 42.2634 34.2509 25.1696 24.1383
threshold=0.028217051085678051 49.655000686645515 -0.83875488048049507 12.00999975204468 0.05788256839513449 16.550000190734867 16.614999771118168 0.013454908680470517 0.047954932638038301 0.042684586959819588 -0.0800835440536906 -0.18323084349974736 26.284999847412113 -0.013327781970057238 0.14080193058780369 -0.016111251712643489 -0.011940050299307501 -0.015548352361618832 -0.012508695077667052 0.15522193331306103 0.10924586065415166 0.014880662239239896 0.090945376715582463 0.076004279758720053 -0.0062518932096157767 14.994999885559084 0.033074860381173139 0.081032983629692037 1.8088029890560058 0.028448808963007281
decision_type=2 2 2 2 2 2 2 2 2 2 2 10 2 2 2 2 2 2 2 2 2 2 2 2 2 2 2 2 2 2
left_child=2 4 5 -4 28 21 -7 -5 9 11 -6 12 -9 14 -13 17 -17 -16 -15 20 22 -1 23 29 -24 -25 27 -27 -2 -20
right_child=1 -3 3 7 10 6 -8 8 -10 -11 -12 13 -14 18 15 16 -18 -19 19 -21 -22 -23 24 25 -26 26 -28 -29 -30 -31
leaf_value=-3.6637053887044439e-05 2.3781210982052987e-05 0.0025216056178711827 -0.00018483856256996242 -4.7779638181370994e-05 0.0009027019818575833 0.00024732866321916313 -1.7305800522584996e-05 -8.62808025079768e-05 -0.00012198204512697446 0.00019480574155634374 0.00024169829189154863 0.0001317947836760991 0.00038654401741569004 -0.00016449228469395344 -0.00021966946832141529 0.00015352553101862797 -0.00016431748540723115 0.00029214741967292242 8.505808395912335e-06 0.00017004848403544097 -0.00010331569156577305 -8.7617728415216502e-05 -0.00012353661294860541 -0.00021949136643123991 0.00013086419293611385 -0.00025565287846033197 0.00013531882328692517 -8.9044343457834591e-06 0.00016353105137912355 -1.6655400323780475e-05
leaf_weight=15280 84465 369 1031 9047 523 467 17734 6798 1745 1913 7704 6193 261 935 1491 2266 1212 170 91263 1253 2959 8315 676 1395 2789 1291 1297 1662 7211 69772
leaf_count=15280 84465 369 1031 9047 523 467 17734 6798 1745 1913 7704 6193 261 935 1491 2266 1212 170 91263 1253 2959 8315 676 1395 2789 1291 1297 1662 7211 69772
internal_value=-7.30356e-05 0.00135282 -0.000646731 -0.000333504 0.00127849 -0.00220117 -0.000581012 -0.000286596 -0.000150121 -9.15152e-05 0.00435456 -0.000165864 -0.00329013 -4.76895e-05 0.00256795 -0.000549718 0.00242956 -0.00678808 -0.000216781 -0.00016991 -0.000231941 -0.00345094 -0.000146493 -0.000235181 0.00411977 -0.00406112 -0.00195294 -0.00525737 0.00100244 -0.000101065
internal_weight=349487 100272 249215 207419 99903 41796 18201 206388 197341 195596 8227 193683 7059 186624 11332 5139 3478 1661 175292 174357 173104 23595 170145 166680 3465 5645 4250 2953 91676 161035
internal_count=349487 100272 249215 207419 99903 41796 18201 206388 197341 195596 8227 193683 7059 186624 11332 5139 3478 1661 175292 174357 173104 23595 170145 166680 3465 5645 4250 2953 91676 161035
is_linear=0
shrinkage=0.05


Tree=36
num_leaves=31
num_cat=0
split_feature=5 11 6 12 9 13 5 14 14 11 12 11 13 13 12 14 10 13 13 9 12 12 13 14 8 12 12 11 13 13
split_gain=102.349 58.3775 46.8632 43.3893 25.6338 24.7742 24.1064 23.7345 38.1379 24.1198 44.0596 27.7701 23.7188 62.2443 44.4393 62.4743 49.2542 32.3298 38.5837 29.8838 28.0128 35.4592 37.6968 35.2351 27.1458 27.9133 39.2608 28.6537 26.4148 36.8026
threshold=0.017820312580234154 -0.055970662091911087 -0.21619732703404546 -0.026063395053075141 0.36778466480602939 12.00999975204468 0.0099790348387754028 0.15844695899744313 0.12392426755799714 -0.028186654574093969 -0.046451976604296834 -0.018044492725928726 16.469999313354496 16.765000343322757 0.02287817606641707 -0.078457350194131512 -0.0060493292963074699 15.355000019073488 14.234999656677248 -0.22085760042011129 0.04851916087108233 0.046585170844293929 12.555000305175783 -0.042370343814534299 0.21156144277996872 -0.0080596429832442956 0.0072856290131225751 0.031996235435177052 15.234999656677248 13.59500026702881
decision_type=2 2 2 2 10 2 2 2 2 2 2 2 2 2 2 2 2 2 2 10 2 2 2 2 8 2 2 2 2 2
left_child=2 -2 3 7 -3 -4 -5 8 9 -1 -11 -12 14 -14 28 -16 -17 18 20 -20 21 -18 -23 -22 25 -15 27 -27 29 -8
right_child=1 4 5 6 -6 -7 12 -9 -10 10 11 -13 13 24 15 16 17 -19 19 -21 23 22 -24 -25 -26 26 -28 -29 -30 -31
leaf_value=0.00014409274150934095 0.00080895135936171988 3.4977122124968959e-05 -0.00021155003093775135 -4.6888051711340731e-05 0.00020382016374473832 3.1349595330963743e-06 5.5115397924788718e-06 -0.00020159002262071999 0.00026079937234492191 -9.8741726282756967e-05 -5.2296379547509946e-05 5.4820243480463507e-05 0.00012739971945027558 -7.472353828476909e-05 0.00016888692114921017 0.00013570653861069183 -3.0345253076550888e-05 -9.3235037048925408e-05 0.00019964457350629726 1.2823391040294894e-05 0.00021068773196042845 -8.3167317756439052e-05 0.00027452189128165656 -0.00010944348627075331 -0.00010421446969369831 9.0799958908680943e-05 -2.2004116585068112e-05 -0.00015904415150779411 -2.9100923603571623e-05 -0.00011706360392407152
leaf_weight=2058 1078 79256 487 18887 7627 130792 2436 451 714 2710 2242 7226 3586 5102 1302 1327 14475 6095 1431 4062 467 453 1111 4977 3147 6487 20917 363 7892 9710
leaf_count=2058 1078 79256 487 18887 7627 130792 2436 451 714 2710 2242 7226 3586 5102 1302 1327 14475 6095 1431 4062 467 453 1111 4977 3147 6487 20917 363 7892 9710
internal_value=-5.18821e-05 0.00142307 -0.000549142 -0.0012235 0.00127959 0.000116736 -0.00155939 0.00126777 0.0016087 0.00104313 0.000197077 0.00180608 -0.0012361 -0.00030049 -0.00190086 -0.000843137 -0.00125007 -0.00162907 -0.000885973 0.00285363 -0.00184215 -0.000790261 0.00636189 -0.00494122 -0.000925977 -0.000501232 0.000123348 0.00340876 -0.00378531 -0.00524864
internal_weight=348868 87961 260907 129628 86883 131279 114227 15401 14950 14236 12178 9468 95340 39602 55738 35700 34398 33071 26976 5493 21483 16039 1564 5444 36016 32869 27767 6850 20038 12146
internal_count=348868 87961 260907 129628 86883 131279 114227 15401 14950 14236 12178 9468 95340 39602 55738 35700 34398 33071 26976 5493 21483 16039 1564 5444 36016 32869 27767 6850 20038 12146
is_linear=0
shrinkage=0.05


Tree=37
num_leaves=31
num_cat=0
split_feature=4 12 13 13 14 14 14 14 11 11 11 12 12 13 11 12 9 11 12 14 14 11 11 11 11 14 13 14 11 13
split_gain=91.0389 64.0533 46.3157 68.3005 45.3251 60.1485 86.7317 62.6782 54.6953 78.4679 70.5375 49.4177 48.7497 128.419 56.1299 118.005 54.4477 46.4768 79.9686 61.7848 56.7624 43.1867 41.4732 48.9761 48.0591 38.6368 38.5349 59.2916 47.7378 44.0162
threshold=0.033948949943443475 -0.0800835440536906 14.275000095367433 14.164999961853029 0.02466440867966813 -0.036818887874406285 -0.039568606403770572 -0.031180558164108082 -0.0071962553700703471 0.010526835170153516 -0.010482872844075284 0.11156893092539701 0.019740246760277528 15.085000038146974 0.0069842899086436381 0.057873618969341407 0.59999576517158881 -0.0016854433058603455 0.023603379375990999 0.012690398168021646 -0.017113211502094435 0.0028224739741974374 -0.012789082312227194 -0.0237759721784318 -0.020508631147506503 0.02886495700878167 17.994999885559086 -0.060212487769074334 0.025879886513439202 17.050000190734867
decision_type=2 2 2 2 2 2 2 2 2 2 2 2 2 2 2 2 8 2 2 2 2 2 2 2 2 2 2 2 2 2
left_child=2 -2 3 -1 5 6 26 -7 10 12 22 25 16 -14 15 17 -10 18 -15 20 -19 -5 23 -9 -25 -6 27 28 -4 -29
right_child=1 -3 4 21 11 7 -8 8 9 -11 -12 -13 13 14 -16 -17 -18 19 -20 -21 -22 -23 -24 24 -26 -27 -28 29 -30 -31
leaf_value=-2.1884895724374632e-05 0.00043567603378727102 5.9025112624384697e-05 3.9198898686540563e-05 -5.0671108902180076e-05 0.00014900063652601212 -0.00014436425567475694 0.00015668062441343133 -6.522551891389784e-05 -8.5685049486743713e-05 -2.9200613259737974e-06 0.00012993317103431284 -0.00022865615391102546 0.0001687126112150923 7.9199940934292313e-05 -0.00016720010588859016 0.00026788722337002752 -0.00024499696257163572 -0.00011550454916377795 -0.00032802834850354504 -0.00024099368834191689 7.1816894775821001e-05 -0.00024793615683178723 -0.00014351772250341976 0.00045818059538127188 3.7797325361338834e-05 1.8521193975616637e-05 -3.2877209832000161e-05 -4.7760142831313437e-05 0.0003321496394510866 0.00010099147348430796
leaf_weight=70320 2025 54454 18355 2281 3159 5119 5016 4758 8861 33814 4724 658 1940 745 3869 1393 3365 1450 2273 1120 4116 1892 2207 761 5729 68351 22010 10705 2156 1806
leaf_count=70320 2025 54454 18355 2281 3159 5119 5016 4758 8861 33814 4724 658 1940 745 3869 1393 3365 1450 2273 1120 4116 1892 2207 761 5729 68351 22010 10705 2156 1806
internal_value=-8.82861e-05 0.00174977 -0.000442648 -0.00151927 -7.55287e-05 -0.000581372 0.00063366 -0.00142735 -0.00108875 -0.00178645 0.00132708 0.000949867 -0.00368838 -0.00194901 -0.00351797 -0.00170992 -0.00609357 -0.00366344 -0.00881378 -0.00133862 0.000817463 -0.00773424 -0.000518395 0.000711238 0.00353621 0.00107537 5.99651e-05 0.00114015 0.00279484 -0.00157262
internal_weight=349432 56479 292953 74493 218460 146292 60048 86244 81125 62946 18179 72168 29132 16906 14966 11097 12226 9704 3018 6686 5566 4173 13455 11248 6490 71510 55032 33022 20511 12511
internal_count=349432 56479 292953 74493 218460 146292 60048 86244 81125 62946 18179 72168 29132 16906 14966 11097 12226 9704 3018 6686 5566 4173 13455 11248 6490 71510 55032 33022 20511 12511
is_linear=0
shrinkage=0.05


Tree=38
num_leaves=31
num_cat=0
split_feature=4 13 6 13 4 4 11 12 10 16 14 14 12 12 6 10 12 10 12 12 14 12 12 12 13 12 13 14 12 14
split_gain=84.2931 55.5808 43.7868 39.6861 33.7452 32.8498 27.6382 25.5982 25.4569 23.4306 24.138 33.0125 37.5964 26.6093 23.0384 20.7075 38.573 29.3487 44.2921 37.5722 28.4712 26.8922 30.7382 27.9611 26.9271 24.8087 23.1051 20.5136 20.4626 20.2529
threshold=0.028217051085678051 49.655000686645515 1.4036913354081408 12.00999975204468 0.06370703158410719 0.01833501039179852 0.04888400580692865 0.043599285029212627 0.012161923601447857 -0.009668745416375411 0.083482873400912663 0.079095926518506735 -0.0013043868274282275 -0.062212447341067838 0.28387139927530947 0.0047289362595872584 0.04851916087108233 0.0031270998422653355 0.032077134319751129 0.11156893092539701 -0.037855116903532098 0.045605778399391624 -0.0080596429832442956 -0.0059221640754917306 16.550000190734867 -0.011160123859114189 17.180000305175785 -0.19490876951167976 -0.0800835440536906 -0.056925165822572281
decision_type=2 2 2 2 2 2 2 2 2 2 2 2 2 2 2 2 2 2 2 2 2 2 2 2 2 2 2 2 2 2
left_child=2 4 3 -1 6 -5 14 27 -8 -7 11 13 -13 -11 -2 17 21 19 -19 -15 -20 22 25 -24 -25 -17 -26 -4 -6 -23
right_child=1 -3 7 5 28 9 8 -9 -10 10 -12 12 -14 15 -16 16 -18 18 20 -21 -22 29 23 24 26 -27 -28 -29 -30 -31
leaf_value=-0.00017802700478907344 1.4993015708481516e-05 0.0023792779155930883 -0.00018165765275069998 -2.556604852928684e-05 0.00090163441143369842 1.6647156404358664e-05 -0.00014339494820408199 -4.1773810424277933e-05 0.00015691403920110696 -0.00018470078982841065 4.6493488447232548e-05 -0.00043211697938156876 -5.5457178827693879e-05 -1.2762225819143089e-05 8.558043104833421e-05 5.2069449828102839e-05 -6.450660133495348e-05 -0.00012141780307509944 0.00028246802099697236 -0.00019449546407401534 -3.3983527730674803e-05 -0.0002247177585052114 -0.00025443904322673005 -2.3584378493630988e-05 0.00016869484897939345 0.00040914850436764608 2.1513594904212439e-05 5.711958943981676e-05 0.00027314109249737799 0.00028079732090658267
leaf_weight=1355 64169 376 501 77611 388 38109 2049 5371 509 839 6855 459 965 50841 27751 5910 6290 5023 594 803 4246 144 484 13775 1583 424 5169 20424 5056 1297
leaf_count=1355 64169 376 501 77611 388 38109 2049 5371 509 839 6855 459 965 50841 27751 5910 6290 5023 594 803 4246 144 484 13775 1583 424 5169 20424 5056 1297
internal_value=-6.58328e-05 0.00115805 -0.000558674 -0.00078644 0.00108585 -0.000734235 0.000865281 0.00137093 -0.00426114 -0.000286837 -0.00067005 -0.000869029 -0.00842697 -0.000758556 0.00100794 -0.000681538 0.000287946 -0.00123441 -0.00373365 -0.000757106 -0.000320248 0.00106302 0.000712196 -0.000208224 7.18566e-05 0.00376539 0.00265847 0.00216129 0.00491367 0.00772033
internal_weight=349370 100298 249072 222776 99922 221421 94478 26296 2558 143810 105701 98846 1424 97422 91920 96583 35076 61507 9863 51644 4840 28786 27345 21011 20527 6334 6752 20925 5444 1441
internal_count=349370 100298 249072 222776 99922 221421 94478 26296 2558 143810 105701 98846 1424 97422 91920 96583 35076 61507 9863 51644 4840 28786 27345 21011 20527 6334 6752 20925 5444 1441
is_linear=0
shrinkage=0.05


Tree=39
num_leaves=31
num_cat=0
split_feature=5 13 0 13 13 14 12 12 12 3 10 8 11 12 14 10 10 12 13 11 12 12 13 11 14 14 13 12 12 14
split_gain=87.8875 56.0052 37.7617 34.5482 29.0163 29.3061 28.2087 43.5541 27.9842 25.4124 45.5448 37.4436 26.2272 64.9443 52.1223 51.7386 54.0139 44.8853 43.2634 41.2428 36.7026 55.9302 34.6766 28.9512 28.2533 27.5318 26.7154 26.2137 29.6812 26.9447
threshold=0.012714348224443553 49.655000686645515 -0.019770128185237709 20.060000419616703 12.00999975204468 -0.14858037571203178 -0.0077540971574964193 0.033074860381173139 -0.013091202195066818 0.011662815827783281 0.020743044846024853 inf -0.014346854625401638 -0.062212447341067838 -0.067149022617353324 0.0040309091899630731 -0.0075899452364679423 -0.017790302697979262 14.340000152587892 0.047954932638038301 -0.042339723299349867 -0.050232690438178178 25.505000114440922 -0.011429268480369846 0.057010542427024198 -0.11544121967691799 14.164999961853029 -0.032606247407298776 -0.036045899235514094 0.083482873400912663
decision_type=2 2 2 2 2 2 2 2 2 2 2 8 2 2 2 2 2 2 2 2 2 2 2 2 2 2 2 2 2 2
left_child=3 2 -2 4 -1 -6 8 -8 -5 10 12 -11 15 -14 18 16 -4 25 26 22 21 -20 23 -16 -18 -17 -15 28 -25 -29
right_child=1 -3 9 6 5 -7 7 -9 -10 11 -12 -13 13 14 19 17 24 -19 20 -21 -22 -23 -24 27 -26 -27 -28 29 -30 -31
leaf_value=-0.00017785283422984107 7.2597814014125185e-05 0.001860523754262833 -1.0201734884984077e-06 -1.1613754491807041e-05 -0.0001590196664620348 -2.1549069257419966e-05 0.00010051568933967629 -5.1149724539438328e-05 -0.00019863121985812016 8.3562458458451294e-05 -0.00020091704157050539 -0.00040434227023976348 -0.00021347452736901181 3.5336550782486549e-05 -0.00012141805216279354 0.00024041550899629407 0.00010508570282181975 -0.00023290913780307958 0.00026558883161169246 -0.00012389259142061215 0.00010252250558640013 -0.0002580932659976648 0.00065861716705020409 3.8653382792253879e-05 0.00035370471890698802 -3.8466623402525288e-05 -0.00024143926449863651 -1.2467645303244814e-05 0.00033394144816005776 6.850695393878312e-05
leaf_weight=917 28730 429 9016 4963 835 117074 5874 2005 446 19853 1772 766 1892 758 3426 535 8342 1862 396 3154 14508 866 514 4092 1863 2087 768 104353 1026 6347
leaf_count=917 28730 429 9016 4963 835 117074 5874 2005 446 19853 1772 766 1892 758 3426 535 8342 1862 396 3154 14508 866 514 4092 1863 2087 768 104353 1026 6347
internal_value=-7.63301e-05 0.000541855 0.000506163 -0.00109337 -0.00136376 -0.00129485 0.0013245 0.00323328 -0.00145591 0.000248411 4.46064e-05 0.0019048 0.000129821 -0.000127023 -2.8529e-06 0.00166948 0.00279772 -0.00316682 0.00256707 -0.000364488 0.00334496 -0.0048336 -0.000215852 -0.000271712 0.00528907 0.00104882 -0.00547182 -0.000137716 0.00336069 -0.000299458
internal_weight=349469 217355 216926 132114 118826 117909 13288 7879 5409 188196 167577 20619 165805 142100 140208 23705 19221 4484 17296 122912 15770 1262 119758 119244 10205 2622 1526 115818 5118 110700
internal_count=349469 217355 216926 132114 118826 117909 13288 7879 5409 188196 167577 20619 165805 142100 140208 23705 19221 4484 17296 122912 15770 1262 119758 119244 10205 2622 1526 115818 5118 110700
is_linear=0
shrinkage=0.05


Tree=40
num_leaves=31
num_cat=0
split_feature=5 13 5 12 11 14 12 14 12 10 13 11 11 12 13 11 10 14 13 14 11 10 10 12 12 11 11 12 10 14
split_gain=83.3704 50.3002 40.2477 32.9304 70.9458 61.7792 50.4256 49.2157 60.4669 47.1222 44.3879 42.5547 41.0996 32.0978 35.1122 38.6783 26.8463 41.94 60.5826 48.5382 44.986 30.3387 81.7325 49.4744 41.8006 33.9143 36.3129 34.2391 32.4943 46.7847
threshold=0.017734561499617663 49.655000686645515 0.0097213073463824056 0.04851916087108233 0.0072247197872850064 -0.042370343814534299 0.048426875368409401 -0.013346627210452431 0.051085048604070045 0.0099380285822571208 12.119999885559084 -0.0031311720849904741 -0.019307177891106305 0.073733903664651171 14.994999885559084 0.00081108963534770606 -0.013327781970057238 0.14080193058780369 22.429999351501468 0.45247854199056486 -0.011940050299307501 0.0091813381816910917 0.010824112764753148 0.032469113334652529 -0.036045899235514094 -0.0083605121660306741 0.042684586959819588 0.016694426342218852 0.0086043784321214751 -0.04578454363779693
decision_type=2 2 2 2 2 2 2 2 2 2 2 2 2 2 2 2 2 2 2 2 2 2 2 2 2 2 2 2 2 2
left_child=2 -2 -1 6 7 9 10 13 -9 -6 -4 12 -10 14 15 -5 17 -12 20 -20 -19 28 -23 24 -24 27 -27 -26 -18 -30
right_child=1 -3 3 4 5 -7 -8 8 11 -11 16 -13 -14 -15 -16 -17 21 18 19 -21 -22 22 23 -25 25 26 -28 -29 29 -31
leaf_value=-3.2320218449535983e-05 4.1207833036422965e-05 0.0023480447393554186 -0.00018739790260042453 -0.00029934630982875199 0.00028700472914341204 -8.9618086886470059e-05 0.00031589802415451742 -0.00010940596521032806 0.0002944131164921834 -3.0434504133609248e-05 0.00010920353219094652 0.00020325987516448779 -9.1493867289125282e-05 0.00022220454248462942 -0.00016214754285340431 0.00016579616907737898 -7.4902667348022291e-06 0.0001904028176119908 -0.00025791513243979887 8.9041471562024879e-05 -0.0001367064526061575 0.00010274850299776453 -0.00011965828712194021 -0.0001557488925074653 0.00024574926065215738 -7.3821556925296641e-06 0.0005284848533898621 -7.9768267897805799e-05 -0.00018442451106552652 0.00016700790394703408
leaf_weight=35875 88867 340 1412 282 1118 17311 834 1174 599 1976 7663 3355 1121 464 1752 860 151043 2233 1629 772 1050 9751 1995 2534 1808 7963 301 568 1922 544
leaf_count=35875 88867 340 1412 282 1118 17311 834 1174 599 1976 7663 3355 1121 464 1752 860 151043 2233 1629 772 1050 9751 1995 2534 1808 7963 301 568 1922 544
internal_value=-7.2612e-05 0.00124626 -0.00052528 -0.000276297 -0.00181761 -0.00348567 -3.78823e-05 0.0017253 0.0043487 0.00302198 -9.08442e-05 0.00671429 0.000319767 -0.00315664 -0.00511403 0.00170753 -2.58114e-05 0.00213718 -0.00111717 -0.00715327 0.00329729 -0.00018761 0.00143058 -0.000865251 0.000413534 0.00165883 0.000145208 0.0069234 -0.000450299 -0.00614355
internal_weight=349116 89207 259909 224034 30012 20405 194022 9607 6249 3094 193188 5075 1720 3358 2894 1142 191776 13347 5684 2401 3283 178429 24920 15169 12635 10640 8264 2376 153509 2466
internal_count=349116 89207 259909 224034 30012 20405 194022 9607 6249 3094 193188 5075 1720 3358 2894 1142 191776 13347 5684 2401 3283 178429 24920 15169 12635 10640 8264 2376 153509 2466
is_linear=0
shrinkage=0.05


Tree=41
num_leaves=31
num_cat=0
split_feature=5 16 13 13 12 13 14 13 14 14 14 13 11 11 11 11 11 12 12 12 12 14 14 14 14 14 12 13 13 12
split_gain=72.8831 52.2067 35.5896 34.22 72.7089 54.6925 43.0813 93.9561 42.8784 58.7361 40.1862 37.6738 36.4681 31.552 35.824 49.0865 34.6951 73.6706 66.5205 51.5408 50.5397 53.0201 52.5817 48.9202 48.0898 70.9689 34.0547 60.514 57.8746 57.5815
threshold=0.018998761973006397 -0.080616081605567033 12.00999975204468 25.505000114440922 -0.062212447341067838 30.345000267028812 0.15522193331306103 22.429999351501468 0.10924586065415166 0.090945376715582463 0.12392426755799714 23.529999732971195 -0.017638953461458159 0.04888400580692865 0.025879886513439202 0.029686707120002768 0.0091429221400685119 0.073733903664651171 0.10123020179199861 0.06610047212240612 -0.039191714476565991 0.061654808594579842 0.084043037151879788 0.052093484772870687 0.043755363545313626 0.047312370481515272 0.048021249302454556 12.119999885559084 16.345000267028812 0.0082902171521933594
decision_type=2 2 2 2 2 2 2 2 2 2 2 2 2 2 2 2 2 2 2 2 2 2 2 2 2 2 2 2 2 2
left_child=2 -2 -1 6 5 -5 8 -8 9 13 -10 12 -11 14 16 -16 17 19 20 -4 -18 23 -23 24 26 -26 28 -28 29 -22
right_child=1 -3 3 4 -6 -7 7 -9 10 11 -12 -13 -14 -15 15 -17 18 -19 -20 -21 21 22 -24 -25 25 -27 27 -29 -30 -31
leaf_value=-0.00015598635182992329 0.00089678286114854488 4.6294738074564249e-05 -6.4574652648950044e-06 -0.00023324828471808632 0.00017712021976959885 0.00012680433083879272 0.00015763082414970017 -0.00015040724082609932 -0.00015183683902161911 0.00034668745291122885 -2.5958921887435156e-05 -0.00015894160779623891 7.4901600357790872e-05 -0.00010660915161384341 0.00012278437951590026 -2.8160888594284258e-06 -0.00020012530056604181 0.00017925812419360181 -0.00021316342987825327 -0.00022203946813228754 -0.00013167297780987254 -0.00022233328755317277 0.00011182820426331175 0.00026707040867960063 -0.00030765899166304962 4.5180305087249522e-05 0.0005607222240012295 -6.9885951304307232e-05 4.3257263179942943e-05 -1.5894129598368733e-05
leaf_weight=1485 795 70782 137751 1409 3883 1449 4702 1643 3827 1044 5170 811 4775 1924 7167 16257 1324 2930 1448 689 2924 2596 711 1089 1117 727 384 13832 17238 37233
leaf_count=1485 795 70782 137751 1409 3883 1449 4702 1643 3827 1044 5170 811 4775 1924 7167 16257 1324 2930 1448 689 2924 2596 711 1089 1117 727 384 13832 17238 37233
internal_value=-4.46843e-05 0.00137789 -0.000411564 -0.000370036 0.00314864 -0.00290413 -0.00045811 0.00361308 -0.000556341 -0.000436172 -0.00394854 0.00420814 0.00561523 -0.000560663 -0.000510661 0.00134904 -0.000706892 -0.000234845 -0.00153461 -0.000400896 -0.00134039 -0.00117564 -0.00737073 -0.00090081 -0.00105677 -0.00902928 -0.000851475 -0.00304235 -0.000308825 -0.00134908
internal_weight=349116 71577 277539 276054 6741 2858 269313 6345 262968 253971 8997 6630 5819 247341 245417 23424 221993 141370 80623 138440 79175 77851 3307 74544 73455 1844 71611 14216 57395 40157
internal_count=349116 71577 277539 276054 6741 2858 269313 6345 262968 253971 8997 6630 5819 247341 245417 23424 221993 141370 80623 138440 79175 77851 3307 74544 73455 1844 71611 14216 57395 40157
is_linear=0
shrinkage=0.05


Tree=42
num_leaves=31
num_cat=0
split_feature=5 16 6 16 6 15 5 10 3 11 14 14 10 10 11 11 11 14 10 10 14 10 14 10 10 14 11 10 11 10
split_gain=71.3018 47.8436 37.1687 31.5325 30.4552 26.3299 24.2758 31.7385 24.0068 21.629 20.2903 23.5434 19.1814 22.1088 18.0398 25.052 25.5284 26.0287 23.9152 27.8851 23.079 28.22 26.5102 26.0157 36.5592 22.7028 21.5689 19.2061 17.9039 17.6873
threshold=0.012672890371448199 -0.080616081605567033 -0.21619732703404546 -0.018308742553242715 -0.44220921596666823 -0.040614005752933995 0.025599319011084132 0.06903334451863076 0.015886899436118321 -0.040606283895635913 0.039048416537089688 0.035592479952137442 0.020743044846024853 0.025167554774320647 0.023520128243548103 0.029686707120002768 0.02752921867583458 -0.086337752297859935 -0.0041401831937402647 -0.0048173800930231261 -0.044237182658373335 0.0070525899853967075 -0.10344834121785244 0.0103636474765072 0.0083806190799177189 -0.021590127132527389 0.011626690848287493 0.010591445370862431 0.030714770173313481 0.014545936349149692
decision_type=2 2 2 2 2 2 2 2 2 2 2 2 2 2 2 2 2 2 2 2 2 2 2 2 2 2 2 2 2 2
left_child=4 8 3 -3 -1 9 10 -8 -2 -4 11 -7 -5 -14 18 16 17 -16 19 25 21 -20 -23 24 -22 -6 -21 -24 -17 -12
right_child=1 2 5 12 14 6 7 -9 -10 -11 29 -13 13 -15 15 28 -18 -19 20 26 23 22 27 -25 -26 -27 -28 -29 -30 -31
leaf_value=-3.2205093945048309e-05 0.00021612882256642928 4.1642575675787014e-05 -0.00087223601562084726 -1.0729067215145334e-05 -0.00021975482486620589 1.6174164328969318e-05 0.00020929708730113843 -0.00049470695859624191 0.0020638462985180079 2.9500277122796165e-05 6.9942906399017395e-05 -0.00019097276171281595 -0.00028155407709848037 2.4261061929254507e-05 0.00057718112646952351 -0.00014738182566266826 0.00025175880954313558 4.2598231393887589e-06 5.2643929523080689e-05 0.00016984633501106313 -3.2232800100895963e-05 -0.00010470566593705693 -3.0953323536096412e-05 -0.00019059829675102614 0.00011249045633542126 9.9378912944794428e-06 -0.0001085638669456475 7.2490658645575978e-05 1.2280525779274215e-05 -0.00028644096260410266
leaf_weight=47546 926 18176 403 93544 335 68302 11110 209 326 370 22779 1007 545 399 161 649 1235 2107 5593 1449 37743 2643 3959 1207 1313 18004 273 2531 3803 274
leaf_count=47546 926 18176 403 93544 335 68302 11110 209 326 370 22779 1007 545 399 161 649 1235 2107 5593 1449 37743 2643 3959 1207 1313 18004 273 2531 3803 274
internal_value=-3.51799e-05 0.00051747 0.00046127 -0.000168643 -0.000959587 0.00114069 0.00120924 0.00339473 0.0102636 -0.00805304 0.000941404 0.000514003 -0.000535518 -0.00762712 -0.000381604 0.00188246 0.00504568 0.00189594 -0.000621586 0.000856139 -0.00116069 0.000533071 -0.00117979 -0.00178017 -0.00155674 0.000284912 0.00693961 0.000539291 -0.000606469 0.00222639
internal_weight=348921 218370 217118 112664 130551 104454 103681 11319 1252 773 92362 69309 94488 944 83005 7955 3503 2268 75050 20061 54989 14726 9133 40263 39056 18339 1722 6490 4452 23053
internal_count=348921 218370 217118 112664 130551 104454 103681 11319 1252 773 92362 69309 94488 944 83005 7955 3503 2268 75050 20061 54989 14726 9133 40263 39056 18339 1722 6490 4452 23053
is_linear=0
shrinkage=0.05


Tree=43
num_leaves=31
num_cat=0
split_feature=4 12 6 9 10 12 14 14 8 12 14 14 13 13 12 10 14 12 12 10 12 4 13 13 13 9 12 11 11 14
split_gain=69.6727 61.8937 44.3802 28.8514 31.4685 27.2821 32.2785 35.9761 30.6584 32.2216 58.6799 48.6005 40.3307 65.5765 38.7056 73.3926 77.1117 47.1042 61.707 44.9942 39.0988 37.7104 37.4031 34.8103 45.065 39.045 33.5123 38.0496 44.7749 43.8588
threshold=0.037008864177614793 -0.0800835440536906 -0.056983580250725543 0.14754937765886203 0.020743044846024853 -0.025396955116120775 0.15844695899744313 0.12823776336165052 inf -0.017557998492747081 -0.05519920999413213 -0.0057009871463875031 16.469999313354496 16.765000343322757 0.02287817606641707 -0.0060493292963074699 -0.078457350194131512 -0.008121323465966555 -0.0059221640754917306 -0.0049804246831087187 -0.0066426412641200075 0.016802073648203703 15.144999980926515 15.400000095367433 14.234999656677248 -0.21102103469987424 0.023603379375990999 0.00023769852102906167 0.0059862979664929714 -0.021977147879264466
decision_type=2 2 2 8 2 2 2 2 8 2 2 2 2 2 2 2 2 2 2 2 2 2 2 2 2 10 2 2 2 2
left_child=2 -2 5 4 -3 6 7 -1 9 10 -7 -12 14 -14 17 -16 -17 -11 20 -18 -19 -15 -20 24 26 -26 -21 29 -29 -28
right_child=1 3 -4 -5 -6 8 -8 -9 -10 12 11 -13 13 21 15 16 19 18 22 23 -22 -23 -24 -25 25 -27 27 28 -30 -31
leaf_value=1.2269286547412833e-05 0.0004848422411710466 2.6994870529885827e-05 8.3023431991393833e-06 0.00015070385378625797 -0.00029993592490464634 0.00013843542580607932 -0.00019747445359511148 0.00024290592809190459 -9.9251239572207737e-05 0.00016111376344886703 -0.00025313268912727872 -4.3024413655471543e-05 0.00011737845745915851 -5.7032356262078132e-05 0.00013104539008886203 0.0001601175371825555 -0.0002050949709305674 -6.8857803206003832e-05 -7.6526240062860804e-05 0.00021608619113230366 -0.00046881422409025494 5.4681654293471838e-06 -8.9419160261039549e-06 -8.0781545582616585e-05 0.00016314780954834697 1.2719169380933119e-05 -3.5593296172277976e-05 5.1500692888640545e-05 -3.6303327151744091e-05 -0.00027703623722209026
leaf_weight=21216 1713 22481 128853 17567 983 890 749 973 4522 794 1936 2458 5520 7399 2325 2006 1768 626 16850 745 692 43347 11056 8279 2357 6854 2080 5480 24411 1524
leaf_count=21216 1713 22481 128853 17567 983 890 749 973 4522 794 1936 2458 5520 7399 2325 2006 1768 626 16850 745 692 43347 11056 8279 2357 6854 2080 5480 24411 1524
internal_value=-6.71538e-05 0.00182365 -0.000331523 0.00143489 0.000287675 -0.00084574 0.000762926 0.00110753 -0.00108547 -0.000962703 -0.0047975 -0.00716887 -0.000822098 0.000223048 -0.00149151 -0.000735358 -0.00109992 -0.00294823 -0.00327471 -0.0014608 -0.0138467 -0.000339928 -0.00277539 -0.00119273 -0.000626568 0.00247802 -0.00146174 -0.00169503 -0.00110987 -0.00654828
internal_weight=348454 42744 305710 41031 23464 176857 22938 22189 153919 149397 5284 4394 144113 56266 87847 57829 55504 30018 29224 53498 1318 50746 27906 51730 43451 9211 34240 33495 29891 3604
internal_count=348454 42744 305710 41031 23464 176857 22938 22189 153919 149397 5284 4394 144113 56266 87847 57829 55504 30018 29224 53498 1318 50746 27906 51730 43451 9211 34240 33495 29891 3604
is_linear=0
shrinkage=0.05


Tree=44
num_leaves=31
num_cat=0
split_feature=4 11 6 16 12 14 12 14 11 12 12 12 15 13 13 16 14 14 13 16 13 8 14 13 14 12 13 4 13 3
split_gain=59.4016 47.7861 43.7058 29.7601 30.4041 26.8399 26.6652 54.5608 34.1779 24.1085 42.8279 42.3691 23.2865 26.2863 39.5242 25.1385 22.8782 26.6778 23.4084 21.6634 21.3631 21.1216 24.2098 46.0183 22.1737 21.0793 20.6318 19.7684 19.705 20.9488
threshold=0.044747440640168369 -0.055970662091911087 -0.056983580250725543 -0.018670378771827253 0.039205604027794723 -0.00055695222357982066 0.10123020179199861 -0.033482886717690945 0.010209194758885378 0.028448808963007281 0.029183090809846383 0.02751670136279594 -0.040614005752933995 25.505000114440922 26.85000038146973 -0.01727135580738692 0.083482873400912663 0.082844690184075601 17.744999885559086 -0.017935908723338664 12.00999975204468 inf 0.15522193331306103 22.625000000000004 0.14679152351577887 0.036024186060428572 12.119999885559084 0.018819905787951844 25.960000038146976 9.2561023386950061e-05
decision_type=2 2 2 2 2 2 2 2 2 2 2 2 2 2 2 2 2 2 2 2 2 8 2 2 2 2 2 2 2 2
left_child=2 -2 3 4 28 -6 20 -8 -9 11 -11 12 -4 26 -15 -16 17 19 -18 25 -5 22 24 -24 27 -12 -14 -22 -1 -30
right_child=1 -3 9 6 5 -7 7 8 -10 10 16 -13 13 14 15 -17 18 -19 -20 -21 21 -23 23 -25 -26 -27 -28 -29 29 -31
leaf_value=-5.2369409871612373e-06 0.0014867041814249527 0.00010246157752409188 -0.00026812234239768917 -0.00013796874441463519 -1.2756387898595241e-05 0.00019388437354059783 0.00019061594825169319 5.1947571578798285e-06 -0.00022824423907143277 -0.00013507482306606726 -6.3743206433926596e-05 0.00016628048378618124 -0.00031491235387326276 0.0003275402935152893 0.0001180152475702653 -0.0001149942993571164 0.00019606962797261553 -0.00047465584784474264 2.0539870220328063e-07 -1.1810156594996812e-05 -2.609581506906279e-05 -8.342540121187249e-05 0.00022222983368008157 -0.00015707573182084761 -0.00020419051009908548 0.0001483765844201535 1.4969490926415586e-05 -8.9811986804386012e-06 2.5901193163806182e-06 0.00024241519180423577
leaf_weight=22176 477 21654 839 1131 1272 2103 585 703 1747 2907 805 2509 140 1758 2217 1091 1061 194 1183 43268 47207 4845 1396 637 577 2166 77505 103153 1110 946
leaf_count=22176 477 21654 839 1131 1272 2103 585 703 1747 2907 805 2509 140 1758 2217 1091 1061 194 1183 43268 47207 4845 1396 637 577 2166 77505 103153 1110 946
internal_value=-7.94305e-05 0.00242759 -0.000248983 -0.000741344 0.000776071 0.00522222 -0.000999963 -0.0056425 -0.00891837 0.00042919 -0.00042552 0.000941505 0.000749252 0.000833323 0.00432294 0.00110339 -7.34433e-05 -0.000311739 0.0048574 -0.00023411 -0.000911316 -0.000862244 -0.000759299 0.0046606 -0.000832301 0.00389599 0.000605641 -0.000794759 0.000156817 0.00483949
internal_weight=349362 22131 327231 189588 27607 3375 161981 3035 2450 137643 51584 86059 83550 82711 5066 3308 48677 46433 2244 46239 158946 157815 152970 2033 150937 2971 77645 150360 24232 2056
internal_count=349362 22131 327231 189588 27607 3375 161981 3035 2450 137643 51584 86059 83550 82711 5066 3308 48677 46433 2244 46239 158946 157815 152970 2033 150937 2971 77645 150360 24232 2056
is_linear=0
shrinkage=0.05


Tree=45
num_leaves=31
num_cat=0
split_feature=0 5 11 10 11 0 12 11 12 10 10 12 11 12 12 11 10 14 11 10 10 14 14 12 12 12 10 12 14 12
split_gain=55.2661 41.2081 30.7124 29.2984 28.9442 25.9501 24.402 48.8742 47.1012 33.5894 60.9918 36.2469 44.3997 35.7391 41.5423 34.7146 28.8066 28.125 24.6855 74.9302 30.3764 27.4783 25.658 24.8589 92.1625 47.1136 55.0737 59.1561 42.1464 42.87
threshold=-0.019770128185237709 0.012028438817271885 0.04888400580692865 0.0096673329469677566 -0.043674023036412872 0.023611254732340051 -0.062212447341067838 0.0033857060530237963 -0.05793872793170584 0.012727043065882683 0.0089823327220962552 0.0062346359643689073 -0.015679772659318188 -0.030911519525162908 -0.016111251712643489 0.042684586959819588 0.010824112764753148 -0.12635401997537379 -0.017638953461458159 0.0040309091899630731 0.00057749123294836846 -0.14858037571203178 -0.062363141141350546 -0.0045413562786246189 -0.007281546892151213 0.0048491257127185614 1.0000000180025095e-35 0.001711050909807055 -0.019636199294238706 1.0000000180025095e-35
decision_type=2 2 2 2 2 2 2 2 2 2 2 2 2 2 2 2 2 2 2 2 2 2 2 2 2 2 2 2 2 2
left_child=-1 -2 4 -4 -3 6 7 -6 -8 10 18 12 -12 -11 -15 -16 17 -13 19 20 22 -20 -10 24 -23 26 27 -25 29 -28
right_child=1 2 3 -5 5 -7 8 -9 9 13 11 16 -14 14 15 -17 -18 -19 21 -21 -22 23 -24 25 -26 -27 28 -29 -30 -31
leaf_value=5.5199303010150443e-05 -1.8919532775935145e-05 0.00023263012916252998 -0.00012727121251302124 5.2889749433874226e-05 1.7045622441777196e-06 6.0621559252779443e-05 0.00027881852480941149 -0.00022126612840961819 0.00051607547165022295 -0.00019818397577247226 -0.00019014757491671265 0.00091880634843854656 0.00022069071057261255 0.00016376031837014751 -7.8597756056100586e-05 0.00058570233015179068 -5.7617278280096057e-05 6.7499596689137023e-05 0.00033523953874231723 -0.00014638759167018498 0.00021623992495372344 -2.8233629714792716e-05 4.5920338890184396e-05 6.4131074435781106e-05 -0.00040119157891138141 -1.0689148109028872e-05 0.00016729395221262044 0.00044229738692127749 -0.00019192815548028653 -8.1030686016896069e-05
leaf_weight=34649 104475 1489 2955 1199 3183 24077 1056 1729 243 1778 776 221 4418 1046 6230 195 2700 6198 284 2571 1865 20293 12707 4102 1457 101085 1961 1792 1347 1249
leaf_count=34649 104475 1489 2955 1199 3183 24077 1056 1729 243 1778 776 221 4418 1046 6230 195 2700 6198 284 2571 1865 20293 12707 4102 1457 101085 1961 1792 1347 1249
internal_value=-9.07451e-05 -0.00029943 0.000103946 -0.00415262 0.000189758 0.000139199 -6.64872e-05 -0.00354235 3.07563e-05 -3.29479e-05 0.00013115 0.00325054 0.00658452 -0.00296519 -0.00144894 -0.00295331 0.00135157 0.00317417 -0.000164618 0.00160762 0.00297503 -0.000395298 0.00211583 -0.000428402 -0.00197471 -0.000126865 0.00306908 0.0062606 -0.00105881 0.00205607
internal_weight=349330 314681 210206 4154 206052 204563 180486 4912 175574 174518 165269 14313 5194 9249 7471 6425 9119 6419 150956 17386 14815 133570 12950 133286 21750 111536 10451 5894 4557 3210
internal_count=349330 314681 210206 4154 206052 204563 180486 4912 175574 174518 165269 14313 5194 9249 7471 6425 9119 6419 150956 17386 14815 133570 12950 133286 21750 111536 10451 5894 4557 3210
is_linear=0
shrinkage=0.05


Tree=46
num_leaves=31
num_cat=0
split_feature=4 12 6 4 9 10 10 14 12 3 8 12 3 14 14 16 15 12 12 14 14 14 10 14 12 12 10 10 10 15
split_gain=52.8524 50.483 40.8264 31.3757 27.6045 27.9041 28.4596 32.8742 43.7502 24.3185 22.3246 48.4395 30.9674 28.2511 25.9929 24.3723 30.9209 22.0402 20.1308 84.9356 20.1779 55.915 61.1319 48.1626 33.4692 74.9084 42.8609 34.0838 33.0221 30.5267
threshold=0.042074620402019446 -0.0800835440536906 1.4036913354081408 0.016802073648203703 0.13488147542551746 0.020743044846024853 0.0083806190799177189 -0.018785167459125836 -0.062212447341067838 0.0070577306930776915 inf -0.019407613730768488 -0.00038720834320155045 -0.073325209407562916 -0.029810288463271824 -0.032254350146877324 -0.040614005752933995 0.043599285029212627 0.11156893092539701 -0.033482886717690945 0.026259504689798433 0.017796206966189224 0.00090086479202544656 0.02886495700878167 0.051085048604070045 0.049504532457416379 0.0028760808963153033 -0.0085002337003969291 0.0047289362595872584 -0.00030282683661492221
decision_type=2 2 2 2 8 2 2 2 2 2 8 2 2 2 2 2 2 2 2 2 2 2 2 2 2 2 2 2 2 2
left_child=2 9 3 -1 5 6 7 8 -3 -2 15 12 -12 -13 -15 16 -5 -4 20 -20 21 -17 -23 -22 25 26 -25 -26 -28 -24
right_child=1 4 17 10 -6 -7 -8 -9 -10 -11 11 13 -14 14 -16 18 -18 -19 19 -21 23 22 29 24 27 -27 28 -29 -30 -31
leaf_value=-2.4231471084541119e-05 0.00022722000197381907 -0.00061622880711713628 5.2526295231940855e-05 -0.00036855987714929696 0.00018507115678606211 -0.00034797030332920661 0.00023515700853429385 5.911695490865739e-05 -9.2515397448437149e-05 0.0015053994170579714 0.00015215398718198937 0.00053077905478600971 -4.2610906304266817e-05 -0.00027302935163453794 -8.1505594861048481e-05 -4.779691106326033e-06 5.805261092584578e-05 -2.8989839252325719e-05 0.00016866576638494446 -0.0002104684664922101 0.00023999374130309246 -0.00014503125063581061 0.00021402556693734081 1.459943832176256e-05 -0.00016602301793703194 -0.00037310762900369962 -0.00023624791804990826 0.00015245513794367432 2.3695824038039379e-05 -3.6544352702133546e-05
leaf_weight=51110 846 455 27417 474 12024 692 2599 7275 3197 504 1648 280 1796 1427 4263 143540 12501 6817 979 1723 1482 7924 1294 47184 459 804 1635 3642 1139 2156
leaf_count=51110 846 455 27417 474 12024 692 2599 7275 3197 504 1648 280 1796 1427 4263 143540 12501 6817 979 1723 1482 7924 1294 47184 459 804 1635 3642 1139 2156
internal_value=-8.50306e-05 0.00201508 -0.000265159 -0.000459542 0.00152999 3.86834e-05 0.000539701 -0.000578841 -0.00444962 0.0114444 -0.000216628 -0.00260251 0.00211963 -0.00532663 -0.00608963 -0.000117654 0.00198651 0.00136706 -0.000245255 -0.00453368 -0.000190406 -0.000485108 -0.00385968 0.000619842 0.000379582 2.85647e-05 0.000272229 0.00472446 -0.00576784 0.00169565
internal_weight=349286 27592 321694 287460 26242 14218 13526 10927 3652 1350 236350 9414 3444 5970 5690 226936 12975 34234 213961 2702 211259 154914 11374 56345 54863 50762 49958 4101 2774 3450
internal_count=349286 27592 321694 287460 26242 14218 13526 10927 3652 1350 236350 9414 3444 5970 5690 226936 12975 34234 213961 2702 211259 154914 11374 56345 54863 50762 49958 4101 2774 3450
is_linear=0
shrinkage=0.05


Tree=47
num_leaves=31
num_cat=0
split_feature=13 6 5 4 14 11 8 13 5 11 13 13 13 13 10 9 13 13 14 10 11 11 13 10 13 11 13 14 10 11
split_gain=56.1889 47.4821 43.0804 29.5917 27.4701 27.126 26.5548 35.1209 22.852 22.0363 35.9032 56.9167 50.5885 67.2395 40.2728 34.6981 33.8418 78.5815 42.9606 82.3117 59.94 30.8892 30.8091 30.2873 26.3221 25.7676 25.6653 25.3344 70.3601 33.4129
threshold=49.655000686645515 1.5389476719022097 0.012672890371448199 0.06370703158410719 -0.19490876951167976 0.04888400580692865 inf 26.494999885559086 0.0080515977766327171 -0.022762768939498131 21.134999275207523 21.555000305175785 22.330000877380375 23.409999847412113 0.010655378584307098 0.9285659345969004 23.604999542236332 24.385000228881839 -0.0044982788531557341 0.00040263082252767207 0.0033857060530237963 -0.030384470516343128 20.375000000000004 0.0041080829558171059 20.335000038146976 -0.023458930823045284 21.704999923706058 -0.086337752297859935 0.0099380285822571208 -0.021594422824346479
decision_type=2 2 2 2 2 2 8 2 2 2 2 2 2 2 2 8 2 2 2 2 2 2 2 2 2 2 2 2 2 2
left_child=1 2 8 5 -3 6 9 -8 -1 21 22 -12 14 -14 26 16 -15 -18 20 -20 -19 -4 24 -23 27 -25 -13 28 -11 -29
right_child=-2 4 3 -5 -6 -7 7 -9 -10 10 11 12 13 15 -16 -17 17 18 19 -21 -22 23 -24 25 -26 -27 -28 29 -30 -31
leaf_value=-5.699774555109182e-05 0.0015834239868941912 -0.00017939377959546741 -1.1603874427217834e-05 0.0002535799025835419 5.5634093631596037e-05 -8.9708690324312446e-05 -7.3347334873054661e-05 0.00047981098428994171 -1.4560743098010997e-05 0.00027618987095972224 -0.00030665829349259851 3.2131906437390859e-05 -0.00023173209155524625 0.00018691748166868818 -0.00036806210674492816 0.00042512883218564503 -0.00021965307746977457 8.0376407063863148e-06 1.5707357436110878e-05 0.0008320679281768967 -0.00024073302874456773 0.00016050876287429969 0.00011417106731501587 -0.0001361225948610728 -0.00019016483342534866 0.00017461812771829826 0.00035325911602848361 0.00041284069539525607 -3.7193932281732317e-08 2.7742209693727531e-06
leaf_weight=6307 430 828 6467 4982 32071 3631 7906 215 111381 2638 2010 902 2558 1403 296 444 2551 2680 3875 753 990 6675 5113 937 815 345 1380 444 6133 131885
leaf_count=6307 430 828 6467 4982 32071 3631 7906 215 111381 2638 2010 902 2558 1403 296 444 2551 2680 3875 753 990 6675 5113 937 815 345 1380 444 6133 131885
internal_value=-3.98946e-05 -6.21746e-05 -0.000250542 0.000199719 0.00174549 0.00010153 0.000183592 -0.00261359 -0.00100817 0.000308891 0.000146821 -0.00184961 -0.000950538 -0.00204537 0.00552754 -0.000555293 -0.00105289 -0.00199788 0.000361533 0.00356525 -0.00367847 0.00218386 0.000416247 0.00426983 0.000278864 -0.00276911 0.00777826 0.000330617 0.00293296 0.000158129
internal_weight=349045 348615 315716 198028 32899 193046 189415 8121 117688 181294 166870 19842 17832 15254 2578 12696 12252 10849 8298 4628 3670 14424 147028 7957 141915 1282 2282 141100 8771 132329
internal_count=349045 348615 315716 198028 32899 193046 189415 8121 117688 181294 166870 19842 17832 15254 2578 12696 12252 10849 8298 4628 3670 14424 147028 7957 141915 1282 2282 141100 8771 132329
is_linear=0
shrinkage=0.05


Tree=48
num_leaves=31
num_cat=0
split_feature=16 13 9 13 0 10 10 12 10 12 12 13 14 14 10 14 12 13 13 16 13 13 13 13 14 13 10 12 12 13
split_gain=49.7182 43.6191 40.6157 34.7438 30.252 27.2204 89.4237 77.821 66.4631 63.977 61.9601 57.5864 54.4483 47.5052 46.6176 52.985 50.8395 68.2272 51.6901 46.9485 43.656 77.6114 58.6251 43.4044 42.7569 45.6392 38.3172 32.9136 97.4695 72.4466
threshold=-0.032254350146877324 12.00999975204468 0.29000781322918595 49.655000686645515 -0.031787336622824951 0.0047289362595872584 0.0030127975736100603 0.054230156972347017 0.0041080829558171059 0.097353884534883486 0.055910594976570589 18.94999980926514 0.023650626144740231 -0.0046275643275077152 0.0032637883634802915 -0.013346627210452431 0.018300587263459293 13.414999961853029 13.894999980926515 0.016291901519912003 27.365000724792484 25.505000114440922 30.345000267028812 20.865000724792484 0.009860755526874045 12.994999885559084 0.0089823327220962552 -0.0026166502717502866 0.0053623366190914687 20.375000000000004
decision_type=2 2 10 2 2 2 2 2 2 2 2 2 2 2 2 2 2 2 2 2 2 2 2 2 2 2 2 2 2 2
left_child=3 -2 4 -1 -3 6 9 12 13 20 24 -12 14 -9 19 23 -17 -18 -19 -8 21 27 -22 -16 25 -7 -26 -6 -29 -30
right_child=1 2 -4 -5 5 10 7 8 -10 -11 11 -13 -14 -15 15 16 17 18 -20 -21 22 -23 -24 -25 26 -27 -28 28 29 -31
leaf_value=5.1100625171503645e-05 -0.00014671819632517877 8.7187193742172429e-05 7.8981485652677641e-05 0.0014449279127470059 -3.2922043676915804e-05 -7.4048619978397701e-05 -0.00011771570848752686 -9.6680423674106895e-05 0.00042360698535454398 -0.00013822886611667087 -4.2323302913109975e-05 -0.00022509290939695106 -0.000208170627954185 0.00035888251748224454 -0.00013763836814890555 -0.00012592457516353846 -0.0001075904113436698 0.0002849760971793622 1.7109309060339263e-05 0.00033626600596753332 -0.00029266725521299444 0.00024126289183606377 7.3674756849916208e-05 7.1236861041559972e-05 6.0913439418305458e-05 1.6635870759150246e-05 0.00046148862023752906 9.4204329167787464e-05 -1.08489033718837e-05 0.00012068073741285709
leaf_weight=21680 1656 9604 16247 427 38753 4687 421 1660 1135 3461 10846 1229 2503 409 10055 2348 1558 1207 3099 748 1736 2428 1198 938 4596 73122 1182 11645 114056 4878
leaf_count=21680 1656 9604 16247 427 38753 4687 421 1660 1135 3461 10846 1229 2503 409 10055 2348 1558 1207 3099 748 1736 2428 1198 938 4596 73122 1182 11645 114056 4878
internal_value=-8.41173e-05 -0.000239077 -0.000197928 0.00221084 -0.000325846 -0.000414308 -0.00074032 -0.00347475 0.00382335 -0.000340013 0.000281721 -0.00306625 -0.00449687 -0.00151039 -0.0036419 -0.00423197 -0.00119338 0.00129604 0.00454018 0.00605218 -0.000206647 -0.000103342 -0.00625426 -0.00650186 0.00076537 0.000457209 0.0049152 -0.000230612 0.000149143 -0.000278306
internal_weight=349512 327405 325749 22107 309502 299898 204236 26081 3204 178155 95662 12075 22877 2069 20374 19205 8212 5864 4306 1169 174694 171760 2934 10993 83587 77809 5778 169332 130579 118934
internal_count=349512 327405 325749 22107 309502 299898 204236 26081 3204 178155 95662 12075 22877 2069 20374 19205 8212 5864 4306 1169 174694 171760 2934 10993 83587 77809 5778 169332 130579 118934
is_linear=0
shrinkage=0.05


Tree=49
num_leaves=31
num_cat=0
split_feature=0 0 16 10 10 4 6 1 10 14 8 10 10 10 12 10 12 14 10 12 10 10 16 10 5 14 8 12 12 12
split_gain=44.5482 29.8825 30.8484 27.248 27.7682 21.9496 21.8409 21.3741 20.4382 33.2955 31.5027 20.1705 22.0047 38.7518 25.5871 18.5878 32.8488 21.3278 19.218 38.4713 18.52 16.8157 16.5264 16.3031 16.2022 15.7357 15.0362 14.7848 87.2002 53.4004
threshold=-0.019770128185237709 0.027331161803037966 -0.032254350146877324 0.06903334451863076 0.025167554774320647 0.011119692788534299 -0.61265251859476411 -0.11275646401053695 0.0040309091899630731 -0.041361708055104078 0.35151420868843569 0.020743044846024853 0.018351280015906694 0.013844778774777857 -0.051373899775069835 -0.029463592833469218 -0.007281546892151213 0.29251442523831755 -0.017312000709356064 0.0011335726897910849 -0.020247544478179221 -0.0017418859842210919 -0.040609702708118749 0.020743044846024853 0.030972180730375824 -0.13532199000438486 0.0082798924204945407 0.028448808963007281 0.029183090809846383 0.02751670136279594
decision_type=2 2 2 2 2 2 2 2 2 2 8 2 2 2 2 2 2 2 2 2 2 2 2 2 2 2 10 2 2 2
left_child=7 2 8 4 11 -4 23 -1 9 21 22 12 13 -3 -15 16 -9 18 19 20 -17 -2 25 -7 27 -10 -27 29 -29 -8
right_child=1 3 5 -5 -6 6 24 15 10 -11 -12 -13 -14 14 -16 17 -18 -19 -20 -21 -22 -23 -24 -25 -26 26 -28 28 -30 -31
leaf_value=0.00034413580837480836 -2.4464563311749936e-05 7.7782127237212813e-05 -9.2998729173969638e-05 -0.00036534384525473921 0.00040121633389112447 -2.0559065017488254e-05 -1.2064841663897431e-06 -0.00038490057799543036 0.00020121254209363364 5.3345319308042767e-05 -0.00070097370070120325 -0.00021058632074409499 0.00035376345284860811 0.0012290091209280823 -0.00021573435966482465 1.9076992351204846e-05 0.00012892756151827167 0.00027641859095050967 4.8333044384882806e-05 0.00047093446057546828 -0.00028908712515245675 0.00034962128714718374 6.668613154634362e-05 -0.00019573306688067094 0.00018879650755573019 -0.00019913001201287374 9.2177714598907156e-05 -0.00014892390500179654 -7.8218841808802911e-06 0.00013025732513462576
leaf_weight=2231 215 15994 1315 384 778 87753 106575 745 272 10408 234 542 859 81 1729 631 311 625 28717 256 1081 822 1567 544 3218 1120 300 4085 72175 3463
leaf_count=2231 215 15994 1315 384 778 87753 106575 745 272 10408 234 542 859 81 1729 631 311 625 28717 256 1081 822 1567 544 3218 1120 300 4085 72175 3463
internal_value=-6.04533e-05 -0.000247827 -0.000376106 0.00160431 0.00185783 -0.000494576 -0.000464071 0.00164248 0.0018376 0.00285933 -0.00151016 0.00148269 0.00175883 0.00138171 -0.00555249 0.0013162 -0.00520833 0.00153625 0.00135001 -0.00342988 -0.00613318 0.0114031 -0.000237803 -0.00111357 -0.000161464 -0.0036643 -0.00577465 -0.000222225 -0.000757278 0.000148585
internal_weight=349030 314433 294066 20367 19983 279128 277813 34597 14938 11445 3493 19205 18663 17804 1810 32366 1056 31310 30685 1968 1712 1037 3259 88297 189516 1692 1420 186298 76260 110038
internal_count=349030 314433 294066 20367 19983 279128 277813 34597 14938 11445 3493 19205 18663 17804 1810 32366 1056 31310 30685 1968 1712 1037 3259 88297 189516 1692 1420 186298 76260 110038
is_linear=0
shrinkage=0.05


Tree=50
num_leaves=31
num_cat=0
split_feature=5 13 13 6 5 4 6 14 14 14 13 14 13 13 14 14 11 13 14 13 11 13 13 13 14 14 11 14 14 14
split_gain=46.5202 39.1109 26.1621 24.9302 23.7335 23.6296 22.2668 19.4846 44.3854 33.3972 54.5001 24.0901 35.9218 36.9348 35.9062 41.8085 53.701 38.6266 39.3364 35.6364 32.2553 36.5402 42.351 41.0444 30.9605 29.8151 29.8075 28.7185 52.8287 28.4514
threshold=0.016732552515002309 49.655000686645515 12.00999975204468 1.4036913354081408 0.0078920580697783901 0.074891398724044891 0.67832304849828418 -0.036818887874406285 -0.035621573523768706 -0.039568606403770572 13.835000038146974 -0.044237182658373335 17.445000648498539 23.965000152587894 -0.053822016056010884 -0.056395923843761568 0.0039113123019577376 15.234999656677248 -0.096084571305829466 21.914999961853031 -0.0061808553148448566 19.010000228881839 21.134999275207523 21.704999923706058 -0.056395923843761568 -0.091137781806863202 0.025879886513439202 -0.049354087797768446 -0.048867405145294966 -0.16769008837329388
decision_type=2 2 2 2 2 2 2 2 2 2 2 2 2 2 2 2 2 2 2 2 2 2 2 2 2 2 2 2 2 2
left_child=2 5 -1 4 -4 6 -2 9 -9 11 -11 12 14 19 15 17 -17 18 -6 20 21 -14 -23 -24 29 -20 -19 -16 -29 -22
right_child=1 -3 3 -5 7 -7 -8 8 -10 10 -12 -13 13 -15 27 16 -18 26 25 -21 24 22 23 -25 -26 -27 -28 28 -30 -31
leaf_value=-0.00012582154715859805 8.3580346223360517e-06 0.0015328523968774002 -5.5773826568389969e-05 2.4245435171660899e-05 -0.00015315455406830859 0.0004280741077685427 8.217875766001952e-05 -0.0001419502769671276 -1.3823479672737992e-05 -0.0001002952376860524 0.00011329832479735191 -5.1241909949603995e-05 -9.824462146106855e-05 0.00013494739780160818 0.00017738853284542022 0.00016114939010330927 -0.00013664327308243778 4.2630379111582808e-05 0.00023617093161794274 -0.0002048232217449212 0.00015823592938768086 0.0001464945473973069 -0.00042727126013561976 0.00011158756691767849 3.837665615018704e-05 -2.3479999475221739e-05 0.00037403700513883887 -0.00018026100820239693 6.7956919148614829e-05 -0.00010497366525556553
leaf_weight=1370 84335 367 4903 26216 982 2679 20182 1707 155441 626 4375 5721 1208 1405 2423 628 2168 9542 555 1680 425 2645 391 455 1651 5234 690 578 3958 5552
leaf_count=1370 84335 367 4903 26216 982 2679 20182 1707 155441 626 4375 5721 1208 1405 2423 628 2168 9542 555 1680 425 2645 391 455 1651 5234 690 578 3958 5552
internal_value=-6.19837e-05 0.000803483 -0.000445823 -0.000406682 -0.000584225 0.000747696 0.000628845 -0.000503952 -0.000783338 0.000326136 0.00421416 -7.98689e-05 0.000333175 -0.00158967 0.00144069 0.000354816 -0.00531116 0.00128654 -0.00164304 -0.00236489 -0.00143384 0.00182486 0.0044185 -0.00531915 -0.00344127 -7.34151e-05 0.00322518 0.0045301 0.00218254 -0.00511544
internal_weight=350092 107563 242529 241159 214943 107196 104517 210040 157148 52892 5001 47891 42170 15412 26758 19799 2796 17003 6771 14007 12327 4699 3491 846 7628 5789 10232 6959 4536 5977
internal_count=350092 107563 242529 241159 214943 107196 104517 210040 157148 52892 5001 47891 42170 15412 26758 19799 2796 17003 6771 14007 12327 4699 3491 846 7628 5789 10232 6959 4536 5977
is_linear=0
shrinkage=0.05


Tree=51
num_leaves=31
num_cat=0
split_feature=5 11 11 13 13 13 14 14 14 14 12 12 14 10 14 12 10 10 10 14 11 11 13 14 14 11 12 11 13 12
split_gain=44.0671 44.2658 28.9346 62.5501 32.5798 79.5027 54.1502 53.9848 52.4656 42.8937 40.1437 35.2296 37.5704 33.2863 34.8542 64.3566 56.5511 60.1697 67.0058 59.172 54.7788 45.4838 44.8778 44.7039 67.3224 64.5758 42.4787 42.6912 38.7343 55.032
threshold=0.024206885649800444 -0.055970662091911087 -0.022762768939498131 17.530000686645511 22.330000877380375 24.119999885559086 0.15522193331306103 0.10924586065415166 0.090945376715582463 0.19875689507511787 -0.024522731320259335 -0.038043904409190692 -0.11544121967691799 -0.015857538372193832 -0.036818887874406285 0.11156893092539701 -0.0039079154947589392 0.0033676557373516496 0.0042130189286166972 -0.03892751900237456 -0.021594422824346479 0.016026700615921933 21.82499980926514 -0.044237182658373335 -0.04841526643133464 0.023520128243548103 -0.042339723299349867 -0.013909745802050731 15.234999656677248 0.045231398838846089
decision_type=2 2 2 2 2 2 2 2 2 2 2 2 2 2 2 2 2 2 2 2 2 2 2 2 2 2 2 2 2 2
left_child=2 -2 3 -1 6 11 7 8 13 -8 -7 -6 -13 -4 16 20 -15 21 -19 23 -16 -18 -22 24 26 -25 -20 -28 29 -29
right_child=1 -3 4 -5 5 10 9 -9 -10 -11 -12 12 -14 14 15 -17 17 18 19 -21 22 -23 -24 25 -26 -27 27 28 -30 -31
leaf_value=-0.00022824985919277794 0.0015899155884432081 6.6851788167645015e-05 0.00024958413794993762 4.486674719375093e-05 -0.0003122287185206436 6.9601089805206362e-05 0.00021625175130201673 -0.00010216043841543561 9.3650268841021872e-05 -7.5642233744735446e-05 -0.00011275770657740271 0.00022670126183711389 -0.00011930249607663541 -0.00025686796862033675 0.00028905734703511983 -0.00019860356255943938 3.6886509917484124e-05 -9.1134303887258577e-05 -0.00014552400132131742 0.0001579203336427064 -1.4954574250075539e-05 0.00021728003162094271 0.00036280184436237694 -0.00013744729405730819 0.00016532814910258438 6.1252637823882702e-05 -0.00015764117247188527 -7.0110438036425767e-05 3.4834785039692966e-05 0.00010377803760346469
leaf_weight=819 423 31291 780 23980 1902 6129 2296 6762 5862 793 2655 344 4386 795 800 1556 10420 3198 1466 2812 185255 2737 783 3957 3188 1891 1946 9133 28344 2404
leaf_count=819 423 31291 780 23980 1902 6129 2296 6762 5862 793 2655 344 4386 795 800 1556 10420 3198 1466 2812 185255 2737 783 3957 3188 1891 1946 9133 28344 2404
internal_value=-5.39233e-05 0.00172321 -0.000231495 0.00140832 -0.000370479 -0.00260768 -0.000246051 -0.000320243 -0.00020864 0.006337 0.000512295 -0.00674005 -0.00442918 -0.000313522 -0.000344381 -0.000702517 0.000588939 0.000736405 4.75668e-05 0.00045565 -0.000618183 0.00379076 -0.000674325 7.59617e-05 0.000594329 -0.00404412 7.79572e-05 0.000371172 0.000724029 -0.00171838
internal_weight=349107 31714 317393 24799 292594 15416 277178 274089 267327 3089 8784 6632 4730 261465 260685 188394 72291 71496 58339 55141 186838 13157 186038 52329 46481 5848 43293 41827 39881 11537
internal_count=349107 31714 317393 24799 292594 15416 277178 274089 267327 3089 8784 6632 4730 261465 260685 188394 72291 71496 58339 55141 186838 13157 186038 52329 46481 5848 43293 41827 39881 11537
is_linear=0
shrinkage=0.05


Tree=52
num_leaves=31
num_cat=0
split_feature=0 5 9 13 10 10 14 12 14 12 12 14 9 13 13 10 10 12 12 10 14 10 10 10 12 14 13 14 14 14
split_gain=43.4814 30.7281 21.437 21.3805 18.311 51.5944 33.6859 55.2492 32.4765 54.6988 32.1742 38.1756 46.3296 41.3481 37.1397 31.9788 63.9606 51.9926 40.0223 62.7078 99.0132 48.361 47.3723 37.0752 34.5028 30.1076 28.6432 58.3943 57.7785 55.7735
threshold=-0.019770128185237709 0.012070739266403273 0.28285360775978646 49.655000686645515 0.0079905561282167543 0.010824112764753148 -0.10344834121785244 -0.023732636933337933 -0.091137781806863202 0.028230710168881127 0.032469113334652529 -0.10344834121785244 -0.38142855358677646 16.095000267028812 12.434999942779543 0.0025856466909506275 0.0038619915499665818 0.11156893092539701 0.013959739003271522 0.006337694363773628 -0.04841526643133464 0.0060226165635326465 0.0070525899853967075 0.0039695003321817976 -0.036045899235514094 0.043755363545313626 16.469999313354496 0.0091478412114857095 0.037991361441833245 0.043755363545313626
decision_type=2 2 10 2 2 2 2 2 2 2 2 2 10 2 2 2 2 2 2 2 2 2 2 2 2 2 2 2 2 2
left_child=3 -2 4 -1 6 -6 7 -3 9 -8 11 12 -7 -14 -12 17 -17 26 19 23 22 25 -21 -18 -22 -20 27 -10 -29 -30
right_child=1 2 -4 -5 5 10 8 -9 15 -11 14 -13 13 -15 -16 16 18 -19 21 20 24 -23 -24 -25 -26 -27 -28 28 29 -31
leaf_value=4.4443725215316315e-05 -1.65060148434469e-05 -0.0001609868318651354 6.6204995125140499e-05 0.0016657793871943383 7.509086715416026e-05 -0.00028072410286843089 -0.00035136077666468585 0.00028265520944404943 2.2017339977065641e-05 0.00036571517304667401 0.0011873535218993047 6.4530378361866381e-05 -0.00020680583129618785 2.8247187520961601e-05 -0.00010117489531044963 -0.00010502609309515819 0.00027987454626605154 -0.00017777476757847041 8.3961654821026075e-05 9.380330888577069e-05 -2.9273588688636483e-05 -4.3347320881487075e-05 -0.00017257259715922502 -0.00014471593931544551 0.00031539632640133409 -0.00024980579773114332 2.5687788811580745e-05 -0.00011503682423718056 0.00021060672019469146 -4.7099969067772138e-05
leaf_weight=34526 105754 393 14722 182 17182 1336 1075 1418 23944 253 171 8837 537 4446 5879 11176 286 1651 12119 1034 720 8146 2167 7455 2104 553 61635 9477 2152 7703
leaf_count=34526 105754 393 14722 182 17182 1336 1075 1418 23944 253 171 8837 537 4446 5879 11176 286 1651 12119 1034 720 8146 2167 7455 2104 553 61635 9477 2152 7703
internal_value=-9.04642e-05 -0.000275909 7.61132e-05 0.00158897 -6.35804e-05 0.000914348 -0.00030506 0.00647432 -0.000384966 -0.00817018 -0.000735641 0.000494854 -0.0024727 -0.00025587 -0.00381818 -0.000317091 -0.00142264 0.000157655 -0.000359993 -0.00245169 0.00137344 0.00102315 -0.00464699 -0.00542889 0.00819759 0.00295533 0.000296203 -0.000689759 -0.00273381 -5.32725e-05
internal_weight=349033 314325 208571 34708 193849 38388 155461 1811 153650 1328 21206 15156 6319 4983 6050 152322 45760 106562 34584 13766 6025 20818 3201 7741 2824 12672 104911 43276 19332 9855
internal_count=349033 314325 208571 34708 193849 38388 155461 1811 153650 1328 21206 15156 6319 4983 6050 152322 45760 106562 34584 13766 6025 20818 3201 7741 2824 12672 104911 43276 19332 9855
is_linear=0
shrinkage=0.05


Tree=53
num_leaves=31
num_cat=0
split_feature=16 9 15 16 6 10 14 10 14 11 9 15 10 15 10 11 10 9 11 11 11 11 11 10 14 14 11 10 11 10
split_gain=38.8783 33.6834 29.0915 32.319 29.99 29.156 31.5916 26.5276 22.9025 30.7501 22.1879 22.1811 25.3791 23.7305 33.9494 46.2737 35.1442 32.4113 31.1012 30.8387 42.2247 59.2333 51.7597 56.8432 34.2436 29.1134 25.7063 25.4538 25.1362 31.3505
threshold=-0.080616081605567033 0.28285360775978646 -0.040614005752933995 -0.032254350146877324 1.8088029890560058 0.0040309091899630731 -0.041361708055104078 0.0053216631929108313 -0.060212487769074334 -0.031453464626615406 -0.044050623345895816 0.0070289901450647516 -0.0063062203231579175 -0.00014993904781085418 0.0045502623367793546 -0.0042559755894635001 0.0025856466909506275 0.28285360775978646 0.031454156137576302 -0.010736588985834903 -0.0070947628288289813 -0.0031311720849904741 0.0015109510563884323 0.003415324016821653 0.01496713949618589 0.15522193331306103 0.047954932638038301 0.0014914798272115395 -0.0046605922573709204 0.0055649513085964672
decision_type=2 10 2 2 2 2 2 2 2 2 10 2 2 2 2 2 2 8 2 2 2 2 2 2 2 2 2 2 2 2
left_child=-1 2 -2 5 11 6 -4 -7 9 -9 -11 13 -13 17 15 16 27 26 -17 -19 24 -22 23 -23 -21 -24 -5 -15 29 -16
right_child=1 -3 3 4 -6 7 -8 8 -10 10 -12 12 -14 14 28 18 -18 19 -20 20 21 22 25 -25 -26 -27 -28 -29 -30 -31
leaf_value=0.00038930551153133872 -0.0003480912303288779 6.9708152574087402e-05 0.00024301762127602826 5.6039808526991804e-06 3.903814477219502e-05 -0.00025782750558922502 5.5673862045536009e-05 0.00033608661351825506 0.00014328961257578879 -0.00026033242221189218 1.7151390295956465e-05 0.00013966275870407686 2.812564849686357e-06 2.32219016644465e-05 -0.0002970736046015417 -5.7964414392979806e-05 -9.1130239466551829e-05 -8.5715170181867271e-05 3.9661185365435802e-05 0.00014208738672190984 -0.0001712282648541526 0.00011771092491631024 -5.2264117190822631e-05 -0.00025222875807890825 -3.976053279706169e-05 0.00037007985341440018 -0.00016008328327980667 0.00017237489420340348 1.3165265775374937e-05 -4.0854547041972809e-05
leaf_weight=1349 1036 18238 1059 93191 22251 824 13808 240 885 1237 1147 2073 69904 10219 562 44232 2495 6748 3281 2133 2621 3437 13377 381 1374 212 1025 1078 25523 3358
leaf_count=1349 1036 18238 1059 93191 22251 824 13808 240 885 1237 1147 2073 69904 10219 562 44232 2495 6748 3281 2133 2621 3437 13377 381 1374 212 1025 1078 25523 3358
internal_value=-7.67253e-05 -0.000109571 -0.000225273 -0.000198905 -0.000322401 0.00179167 0.00284355 -0.00181745 7.83699e-05 -0.00226753 -0.0039849 -0.000459398 0.000300443 -0.000713483 -0.0013284 -0.00199861 0.000551044 -0.000265263 -0.00273872 -0.00168824 -0.000833864 -0.00172009 -0.000664962 0.00447878 0.00422726 -0.00211016 0.000192112 0.00173719 6.70788e-05 -0.00366071
internal_weight=349298 347949 329711 328675 309475 19200 14867 4333 3509 2624 2384 287224 71977 215247 90748 61305 13792 124499 47513 30283 23535 20028 17407 3818 3507 13589 94216 11297 29443 3920
internal_count=349298 347949 329711 328675 309475 19200 14867 4333 3509 2624 2384 287224 71977 215247 90748 61305 13792 124499 47513 30283 23535 20028 17407 3818 3507 13589 94216 11297 29443 3920
is_linear=0
shrinkage=0.05


Tree=54
num_leaves=31
num_cat=0
split_feature=13 6 4 11 14 13 12 8 12 10 14 10 13 12 11 12 10 13 10 12 13 13 14 11 11 3 13 12 11 12
split_gain=38.3426 34.6306 30.7987 27.1785 25.0475 24.856 23.6976 23.2174 44.3183 32.6664 27.757 25.3059 25.2634 43.3125 23.926 79.3049 53.9159 43.7744 36.9845 38.849 31.816 53.9416 47.205 78.2063 67.5772 49.9394 44.6024 72.4516 38.3882 34.6191
threshold=49.655000686645515 1.5389476719022097 0.060606397051234696 0.04888400580692865 -0.19490876951167976 12.00999975204468 0.043599285029212627 inf -0.019407613730768488 0.016350116268756935 -0.073325209407562916 -0.015213589282174643 18.904999732971195 0.051085048604070045 -0.022762768939498131 -0.0077540971574964193 0.0073562807386337034 17.530000686645511 -0.029463592833469218 -0.010634821304977891 21.134999275207523 21.555000305175785 -0.060212487769074334 -0.004414694893693615 0.0033857060530237963 0.0080030361559585445 20.375000000000004 0.040929519425786161 -0.021594422824346479 -0.046451976604296834
decision_type=2 2 2 2 2 2 2 8 2 2 2 2 2 2 2 2 2 2 2 2 2 2 2 2 2 2 2 2 2 2
left_child=1 2 3 5 -3 -1 -6 14 9 11 -10 -9 -12 -14 15 17 -17 -7 -19 -20 26 -22 24 -24 25 -23 28 -28 -16 -30
right_child=-2 4 -4 -5 6 7 -8 8 10 -11 12 -13 13 -15 20 16 -18 18 19 -21 21 22 23 -25 -26 -27 27 -29 29 -31
leaf_value=-0.00012583117814712693 0.0011974463797772437 -0.00016664975858060799 0.00019545155076450046 -8.4709453009719396e-05 6.6627392758904404e-05 -0.00021202003207215016 -2.7993595550684927e-05 -9.4898104127920559e-05 0.00044652010418591321 -0.00055557237260703708 -0.00021372811260211724 9.8126241618107495e-05 -0.0001218840286689977 0.00012152215346786944 0.00025575443773910003 0.00024559584765047312 -0.00011037663406323188 -0.00053660180937370114 4.09112376576452e-05 -0.00017790748564386184 -0.00020837707503824324 -0.00013351283426596902 -7.000309579635357e-05 0.00013432771927145661 -0.00024657080442282798 0.00020945679379884123 0.00013263757265935473 -0.00015873710419956897 -0.00011721982259715489 -3.5985230315525862e-06
leaf_weight=1588 441 823 6198 4008 25591 834 6465 759 323 342 1878 2995 3845 789 862 4026 701 485 13387 1137 2777 1831 9929 6071 1705 974 6510 1126 3284 237475
leaf_count=1588 441 823 6198 4008 25591 834 6465 759 323 342 1878 2995 3845 789 862 4026 701 485 13387 1137 2777 1831 9929 6071 1705 974 6510 1126 3284 237475
internal_value=-5.13376e-05 -6.99706e-05 -0.000230735 -0.00030059 0.00147435 -0.000246947 0.00169547 -0.00021436 -0.0024769 0.00163574 -0.00494148 0.00298348 -0.00565111 -0.00366854 -0.000129984 0.00151434 0.00719801 -0.000181468 0.00043807 0.000891628 -0.000254087 -0.00202151 -0.00113603 0.0001375 -0.0056541 -0.000882353 -8.89644e-05 0.00367339 -0.000207867 -0.000245578
internal_weight=349159 348718 315839 309641 32879 305633 32056 304045 10931 4096 6835 3754 6512 4634 293114 20570 4727 15843 15009 14524 272544 23287 20510 16000 4510 2805 249257 7636 241621 240759
internal_count=349159 348718 315839 309641 32879 305633 32056 304045 10931 4096 6835 3754 6512 4634 293114 20570 4727 15843 15009 14524 272544 23287 20510 16000 4510 2805 249257 7636 241621 240759
is_linear=0
shrinkage=0.05


Tree=55
num_leaves=31
num_cat=0
split_feature=4 12 6 8 12 15 10 14 14 12 10 10 15 10 3 16 10 10 12 12 14 12 14 12 14 14 12 12 14 14
split_gain=34.2287 35.8206 27.9479 27.5307 50.7553 24.3443 29.6442 25.0155 36.4341 30.5942 23.3357 37.425 23.3055 20.9857 20.6925 20.0385 17.9439 56.6302 39.9313 51.8028 39.0068 30.1984 27.6221 34.6037 34.147 29.5165 26.4617 23.9939 22.7189 23.296
threshold=0.053774659337297581 -0.0800835440536906 -0.83875488048049507 inf -0.052281358654850445 -0.01044277003818944 -0.015213589282174643 0.10924586065415166 0.12392426755799714 -0.015496687592758017 0.011869721142281022 0.0059366515309086107 -0.040614005752933995 0.06903334451863076 -0.006867285906108688 -0.0079314334508355771 0.0091813381816910917 0.010263968374022882 0.018300587263459293 -0.027486551032664949 0.009860755526874045 -0.043864321053953818 -0.12635401997537379 0.014344491575221776 -0.065772214787702996 -0.071593592008693294 0.0082902171521933594 -0.005215251084133842 -0.19490876951167976 -0.10816573528732347
decision_type=2 2 2 8 2 2 2 2 2 2 2 2 2 2 2 2 2 2 2 2 2 2 2 2 2 2 2 2 2 2
left_child=2 -2 15 5 -5 12 -7 16 -9 -10 11 -6 -4 -3 -11 -1 28 -18 19 21 -20 -19 26 24 25 -24 -21 -27 -8 -30
right_child=1 13 3 4 10 6 7 8 9 14 -12 -13 -14 -15 -16 -17 17 18 20 22 -22 -23 23 -25 -26 27 -28 -29 29 -31
leaf_value=7.3447344201559109e-06 0.00074391480126540519 0.00013648476534157866 -0.00020796974247182929 0.0004086025658884279 -7.308776691150945e-05 0.00011056246937100851 -0.00020794636664251345 -0.0001762834509019695 0.00022616746559568141 0.00010166189875482329 -0.00020972396524783881 0.00020075604910128818 3.8529743469089715e-05 -0.00065566916215377619 -9.7077077485156765e-05 -3.1882717531822482e-05 9.3003831315676647e-05 2.784057338300703e-05 -6.8543914313078534e-05 8.2539181656920033e-05 0.00020157007716848269 -0.00017497512151843552 8.0558395038484939e-05 0.00028611462500390965 -1.640204277393656e-05 8.7478639577786001e-05 -0.00014436826553275024 0.000904796508396883 0.00013570785429155194 -5.586402097618876e-06
leaf_weight=14406 765 10240 1098 396 7085 4184 408 2058 541 844 1526 1055 33428 127 2355 41898 9252 1713 11137 1499 812 2208 3413 1079 3003 757 1072 755 1924 188169
leaf_count=14406 765 10240 1098 396 7085 4184 408 2058 541 844 1526 1055 33428 127 2355 41898 9252 1713 11137 1499 812 2208 3413 1079 3003 757 1072 755 1924 188169
internal_value=-6.45033e-05 0.00266349 -0.00015433 4.88872e-05 -0.00251938 0.000143996 -3.65751e-05 -0.000111481 -0.00335461 -0.000414439 -0.00323815 -0.00217445 0.00138446 0.00189303 -0.00227415 -0.00117132 -2.87191e-05 0.000983651 -0.00015666 0.00151784 -0.00232865 -0.00344938 0.00320003 0.00450483 0.0033615 0.00592386 -0.00137106 0.0117394 -0.000223752 -0.000198455
internal_weight=349207 11132 338075 281771 10062 271709 237183 232999 5798 3740 9666 8140 34526 10367 3199 56304 227201 36700 27448 15499 11949 3921 11578 9007 7928 4925 2571 1512 190501 190093
internal_count=349207 11132 338075 281771 10062 271709 237183 232999 5798 3740 9666 8140 34526 10367 3199 56304 227201 36700 27448 15499 11949 3921 11578 9007 7928 4925 2571 1512 190501 190093
is_linear=0
shrinkage=0.05


Tree=56
num_leaves=31
num_cat=0
split_feature=5 13 8 6 10 9 14 10 14 13 10 10 11 10 13 14 11 10 13 13 14 14 14 14 11 9 14 13 11 10
split_gain=31.8842 28.1578 22.0628 21.9101 20.6338 23.298 24.216 23.2772 26.7438 22.1933 20.1277 34.4886 35.8603 28.7994 21.3325 23.5464 19.6364 40.3905 33.354 38.5903 32.1921 41.3808 49.2363 32.003 31.827 30.8512 27.9873 27.4484 32.9617 27.2271
threshold=0.013666996203146481 49.655000686645515 -0.099526856183501641 1.8725894627305721 -0.013327781970057238 -0.017751953064056133 0.14080193058780369 -0.012508695077667052 0.15522193331306103 19.72500038146973 -0.0087573770433467795 -0.0096296118595212126 0.015152806552143018 -0.0085002337003969291 15.784999847412111 0.02466440867966813 -0.0070947628288289813 0.0025856466909506275 17.164999961853031 15.194999694824221 0.061654808594579842 0.020125848996620292 0.005094684764536229 -0.12096344977185801 -0.013909745802050731 -0.22085760042011129 -0.062363141141350546 16.425000190734867 0.0093910494145468277 0.0086942135082223055
decision_type=2 2 10 2 2 10 2 2 2 2 2 2 2 2 2 2 2 2 2 2 2 2 2 2 2 10 2 2 2 2
left_child=4 3 -3 -2 5 6 9 -6 10 -1 11 12 14 -12 -9 -16 17 -15 19 23 21 22 26 -18 -19 -24 -21 -27 -29 -25
right_child=1 2 -4 -5 7 -7 -8 8 -10 -11 13 -13 -14 16 15 -17 18 24 -20 20 -22 -23 25 29 -26 27 -28 28 -30 -31
leaf_value=-3.8762231934878942e-05 5.5055727999228648e-06 0.0021144247149843939 -0.00011058968470302119 8.7011583627156624e-05 -0.00014058730648183637 8.5493309469441951e-05 -9.0870504673057741e-05 0.0001040481153849423 0.00012838858557625315 0.00013728996039226245 0.00016362670077608375 -0.0001759211281800315 -0.00034234770208058378 3.6684943613937059e-05 -0.00023337919436741832 -7.0227088299554268e-07 -0.00016693709099665135 -0.00010262212334591347 -4.558233620712495e-05 8.5911815342763721e-05 -7.2820881206012224e-05 0.00010832732189057361 -0.00022030995494792943 -2.6608818850504994e-05 1.3957492777121355e-05 -0.0001277119970557903 4.4044842198066087e-06 0.00023470885387530478 -0.00021595503028880455 2.5972198345280627e-05
leaf_weight=1700 172319 286 136 12960 719 4731 1593 662 973 1266 943 1348 352 17774 475 2787 396 3881 25395 5144 2588 5701 961 54061 4270 975 15489 625 332 8595
leaf_count=1700 172319 286 136 12960 719 4731 1593 662 973 1266 943 1348 352 17774 475 2787 396 3881 25395 5144 2588 5701 961 54061 4270 975 15489 625 332 8595
internal_value=-7.91988e-05 0.000369276 0.0132701 0.000339893 -0.000587837 0.00170075 -0.000849967 -0.000725496 -0.000683517 0.00182063 -0.000736151 -0.00367176 -0.00147334 -0.000623938 -0.000101937 -0.00176272 -0.000680122 0.000567985 -0.000949178 -0.000518357 0.000901304 0.00137459 0.00044844 -0.0012347 -0.00234634 -0.00566021 0.00130495 -0.00201863 0.00399687 -0.00114514
internal_weight=349437 185701 422 185279 163736 9290 4559 154446 153727 2966 152754 5624 4276 147130 3924 3262 146187 25925 120262 94867 31815 29227 23526 63052 8151 2893 20633 1932 957 62656
internal_count=349437 185701 422 185279 163736 9290 4559 154446 153727 2966 152754 5624 4276 147130 3924 3262 146187 25925 120262 94867 31815 29227 23526 63052 8151 2893 20633 1932 957 62656
is_linear=0
shrinkage=0.05


Tree=57
num_leaves=31
num_cat=0
split_feature=5 16 13 15 11 10 13 13 10 9 6 10 5 11 15 15 9 13 13 13 10 13 11 13 10 16 3 13 15 13
split_gain=33.7697 26.0817 29.6905 28.1327 24.0709 22.9286 22.3712 22.4373 21.8161 29.2472 21.5551 20.3883 19.7679 17.7347 17.3783 20.8585 24.0736 30.8773 41.1663 35.9652 29.6638 81.412 62.2019 29.8608 27.9005 21.683 26.6778 30.3309 21.4826 20.4689
threshold=0.030972180730375824 -0.032254350146877324 12.00999975204468 -0.040614005752933995 0.022829812381502172 0.06903334451863076 33.719999313354499 22.625000000000004 0.0040309091899630731 -0.044050623345895816 0.65800054032703981 -0.001437784202310832 0.0086374030539084889 0.011893359495945945 0.0070289901450647516 1.0000000180025095e-35 inf 19.085000038146976 15.97499990463257 19.98499965667725 -0.0010410794067141624 18.260000228881839 -0.0035220660232809227 18.214999198913578 -0.0083356219639727485 -0.016128707162764985 -0.0034502613099400832 14.994999885559084 0.0004705349990347108 16.035000801086429
decision_type=2 2 2 2 2 2 2 2 2 10 2 2 2 2 2 2 8 2 2 2 2 2 2 2 2 2 2 2 2 2
left_child=1 3 -3 -1 5 -2 7 -6 11 13 12 -5 -4 -10 15 16 29 18 24 -19 21 22 -20 -22 -18 -26 27 -27 -17 -14
right_child=4 2 10 8 6 -7 -8 -9 9 -11 -12 -13 14 -15 -16 28 17 19 20 -21 23 -23 -24 -25 25 26 -28 -29 -30 -31
leaf_value=-0.00024021796332475214 0.00024258709480525897 -0.00012430194212689611 -3.6069374054165778e-05 4.7035917140046247e-05 0.00013263826794153514 -0.00063917605565843769 0.0003756129611682189 -0.00019558678731548425 -0.00017792793153338659 5.4669199244817423e-05 1.3780260704746203e-05 0.00018777301264983682 -1.3925780176596639e-05 0.00032629978886989991 7.8334598238366179e-06 -0.0001022741219592306 -0.00044170007589391783 0.00012360516991913098 -9.0204384596783964e-05 -3.0167445343028122e-05 -0.00022302561124207268 -0.00028067285002241117 0.00010578891325486658 -4.0243316068314974e-05 0.00017106425772265185 -0.00015379441548434057 3.5456074438360628e-05 0.00015515101964513368 -2.2033990972803115e-05 2.1498570212250165e-05
leaf_weight=1037 9185 1632 10488 12411 1317 134 142 1534 1915 2123 64041 3110 34743 128 59180 4065 234 2376 2676 3707 2572 1779 2404 1215 987 1779 4699 514 70310 46469
leaf_count=1037 9185 1632 10488 12411 1317 134 142 1534 1915 2123 64041 3110 34743 128 59180 4065 234 2376 2676 3707 2572 1779 2404 1215 987 1779 4699 514 70310 46469
internal_value=-8.25437e-05 -0.000176622 -0.00028936 0.00154169 0.00248944 0.00374235 -0.00141163 -0.00237636 0.00196449 -0.0012482 -0.000254425 0.00282682 -0.000463934 -0.00551884 -0.000370971 -0.000614721 -0.000164855 -0.00152353 -0.00252267 0.00157406 -0.00457449 -0.00261335 0.000610236 -0.00812649 0.000136978 0.000636045 -0.000343249 -0.0047645 -0.00125681 0.000252426
internal_weight=348906 336594 315870 20724 12312 9319 2993 2851 19687 4166 314238 15521 250197 2043 239709 180529 106154 24942 18859 6083 10646 6859 5080 3787 8213 7979 6992 2293 74375 81212
internal_count=348906 336594 315870 20724 12312 9319 2993 2851 19687 4166 314238 15521 250197 2043 239709 180529 106154 24942 18859 6083 10646 6859 5080 3787 8213 7979 6992 2293 74375 81212
is_linear=0
shrinkage=0.05


Tree=58
num_leaves=31
num_cat=0
split_feature=5 13 11 11 6 12 11 14 14 14 14 14 14 11 11 10 12 11 13 13 11 10 14 13 13 10 14 10 10 12
split_gain=31.8154 37.151 21.9969 45.5802 43.8704 28.3255 26.0831 39.8009 76.6345 49.3002 41.5128 52.1725 70.4556 55.7273 52.8375 41.4075 36.8584 63.9725 34.3395 34.2359 31.377 31.3479 40.8083 42.126 44.3521 36.192 31.1424 28.0846 108.948 30.4946
threshold=0.0186883979606219 49.655000686645515 0.025879886513439202 0.029686707120002768 -1.2162920798711285 -0.011160123859114189 0.011662466264334872 0.043755363545313626 0.084043037151879788 0.042627787477236175 0.039671535485110161 -1.0000000180025095e-35 -0.0092233020628675871 0.016026700615921933 0.025601667077503779 -0.00068260077248677431 0.018681855298992137 0.01196305437964529 13.894999980926515 20.865000724792484 0.022829812381502172 0.011768344004807198 -0.039568606403770572 16.579999923706058 14.63499975204468 0.0058855718957657741 -0.021977147879264466 0.00090086479202544656 1.0000000180025095e-35 0.018878621288125678
decision_type=2 2 2 2 2 2 2 2 2 2 2 2 2 2 2 2 2 2 2 2 2 2 2 2 2 2 2 2 2 2
left_child=2 -2 6 4 -4 -6 -1 9 18 10 11 12 13 16 19 -15 17 -8 -9 27 -20 22 25 24 -24 -17 -18 28 -13 -29
right_child=1 -3 3 -5 5 -7 7 8 -10 -11 -12 14 -14 15 -16 21 26 -19 20 -21 -22 -23 23 -25 -26 -27 -28 29 -30 -31
leaf_value=-3.0347699865132443e-06 2.827586413613071e-05 0.0016778794275525697 -0.00010441648547582454 -3.4827753268374407e-06 -4.5601393184770962e-05 0.00018034525546702722 -0.00021580182711774867 0.00011987392546972806 0.0001579730602550603 0.00035027661700699888 -0.0002677650580567829 4.6081161250157054e-05 -0.00010255148925134482 -0.00013553622438394579 -0.00019464683713056277 0.00021848756034178828 -0.00011467397019283687 6.2169669844934492e-05 -0.00023376984373212913 0.0002853207941418799 9.6223274601291159e-05 -3.9665162147154313e-05 -7.4212092004787402e-06 0.00011067156522624666 -0.00020490735379247459 4.2566767821033105e-05 2.1517856827714228e-06 0.00023700520472557003 -0.00016775986070455555 4.8510396229350662e-05
leaf_weight=185119 75395 324 725 18196 683 5645 599 366 713 365 722 5966 7924 1535 349 2509 6933 3368 2838 385 319 4143 5090 2773 712 3456 2147 1108 1799 6978
leaf_count=185119 75395 324 725 18196 683 5645 599 366 713 365 722 5966 7924 1535 349 2509 6933 3368 2838 385 319 4143 5090 2773 712 3456 2147 1108 1799 6978
internal_value=-5.48421e-05 0.000852164 -0.000305981 0.00110004 0.00451226 0.00584703 -0.000449004 -0.00132693 -0.00600803 -0.000990044 -0.00110435 -0.000955447 -0.00190888 -0.000899594 0.00141242 0.000744386 -0.00344715 0.000573481 -0.00903349 0.00182619 -0.0107143 0.00139298 0.00248624 0.000276968 -0.00214581 0.0056622 -0.00520374 0.00146836 -0.00067933 0.00353079
internal_weight=349184 75719 273465 25249 7053 6328 248216 63097 4236 58861 58496 57774 41189 33265 16585 20218 13047 3967 3523 16236 3157 18683 14540 8575 5802 5965 9080 15851 7765 8086
internal_count=349184 75719 273465 25249 7053 6328 248216 63097 4236 58861 58496 57774 41189 33265 16585 20218 13047 3967 3523 16236 3157 18683 14540 8575 5802 5965 9080 15851 7765 8086
is_linear=0
shrinkage=0.05


Tree=59
num_leaves=31
num_cat=0
split_feature=0 8 12 14 13 3 13 16 13 12 13 3 6 13 13 12 12 13 14 12 14 14 13 12 15 12 12 16 13 14
split_gain=29.8341 24.9765 45.1276 37.5856 30.9854 28.7672 31.899 26.8451 26.5039 40.8827 25.5025 23.4922 19.3799 19.1324 24.8315 24.222 31.7733 24.931 40.8461 32.7904 31.0039 33.0792 23.285 22.7743 22.7621 19.8661 19.5134 22.8559 18.2871 17.8298
threshold=-0.031787336622824951 inf -0.019407613730768488 -0.078457350194131512 18.214999198913578 0.01202516416563282 26.284999847412113 0.014528131249462286 18.904999732971195 0.051085048604070045 12.00999975204468 -0.0064244719539290332 -0.74624822269186752 16.510000228881839 16.675000190734867 -0.027198413534659901 0.02287817606641707 14.734999656677248 0.0091478412114857095 0.0082902171521933594 0.071117405502143641 0.043063332139787643 15.75500011444092 0.018300587263459293 0.0023406617106036536 0.0062346359643689073 0.035394103010096385 0.011454390711683306 14.765000343322756 -0.0078859681506743256
decision_type=2 8 2 2 2 2 2 2 2 2 2 2 2 2 2 2 2 2 2 2 2 2 2 2 2 2 2 2 2 2
left_child=-1 5 3 -3 -4 10 -7 -8 -6 29 -2 -5 13 15 -15 -12 17 18 24 20 21 22 -19 -20 -17 -26 -18 -28 -21 -10
right_child=1 2 4 11 8 6 7 -9 9 -11 12 -13 -14 14 -16 16 26 19 23 28 -22 -23 -24 -25 25 -27 27 -29 -30 -31
leaf_value=8.6977589266846152e-05 -0.00011390162312963862 -0.00058947028024978305 0.00035642953307096466 0.00021332574437974317 -0.00021420513659592966 3.455273870685309e-05 0.00047785160685091203 -7.3371644748451541e-05 -6.3184183266772875e-05 0.00011244872288682781 0.00013001830511619192 1.8003522670940759e-05 1.4206145358752494e-06 0.00013618572398176686 -5.8895501585657555e-06 4.8912855210274737e-05 1.800558352188556e-05 -0.0002040032545027612 -0.00018206210382159236 0.00055774949426980885 -0.00031267234259941287 0.000235300432338831 -2.4575749090926497e-05 0.00013970223414903896 9.2835247740989068e-06 -0.00011091403978491523 -1.485617968901361e-06 -7.0029410048290695e-05 4.3530350794894397e-06 -0.00023691879875013976
leaf_weight=13775 1633 422 525 880 2010 20775 1290 397 2479 784 789 3059 232754 1481 30982 1227 8698 1089 1988 323 603 488 1484 150 760 1651 6630 5164 3379 1541
leaf_count=13775 1633 422 525 880 2010 20775 1290 397 2479 784 789 3059 232754 1481 30982 1227 8698 1089 1988 323 603 488 1484 150 760 1651 6630 5164 3379 1541
internal_value=-4.28109e-05 -0.000136465 -0.00240598 0.00162233 -0.0047997 -5.44427e-05 0.00167171 0.00828394 -0.0057015 -0.00368443 -0.00018314 0.00314166 -0.000149179 -0.000899291 -2.8494e-05 -0.00172051 -0.00192365 -0.00384264 -0.00630194 -0.0019142 -0.00526747 -0.00322607 -0.0054897 -0.0117867 -0.00307861 -0.00590004 -0.000692953 -0.00201798 0.00140465 -0.00572139
internal_weight=349210 335435 11700 4361 7339 323735 22462 1687 6814 4804 301273 3939 299640 66886 32463 34423 33634 13142 5776 7366 3664 3061 2573 2138 3638 2411 20492 11794 3702 4020
internal_count=349210 335435 11700 4361 7339 323735 22462 1687 6814 4804 301273 3939 299640 66886 32463 34423 33634 13142 5776 7366 3664 3061 2573 2138 3638 2411 20492 11794 3702 4020
is_linear=0
shrinkage=0.05


Tree=60
num_leaves=31
num_cat=0
split_feature=4 12 9 4 11 11 11 14 11 13 11 10 12 13 13 10 14 12 10 12 11 12 13 12 13 14 13 10 12 11
split_gain=27.4078 37.1227 25.8173 22.6941 21.4514 24.5694 51.8472 41.9274 42.923 49.4579 27.4135 66.5034 26.8633 62.0978 59.9492 72.9794 59.56 97.6373 67.5819 59.2157 79.3709 58.6174 83.6441 58.6034 52.4024 50.0169 48.8307 48.759 64.355 46.3899
threshold=0.050738006214010575 -0.0800835440536906 0.30716451765896796 0.011119692788534299 0.04888400580692865 0.025879886513439202 0.026267188685395574 -0.043135883928100298 0.042684586959819588 16.345000267028812 0.025278563424786519 0.0023194269217708956 0.0098181061212317972 20.375000000000004 17.945000648498539 -0.0065884615881859334 -0.00055695222357982066 0.040838161547757219 0.00097851086285993837 0.021076066619432846 0.022126128293985085 0.013329890655183642 14.605000019073488 0.0094949334570126904 18.595000267028812 -0.051474636784154308 13.775000095367433 -0.0049804246831087187 0.018878621288125678 0.0096273315293795587
decision_type=2 2 8 2 2 2 2 2 2 2 2 2 2 2 2 2 2 2 2 2 2 2 2 2 2 2 2 2 2 2
left_child=3 -2 -3 -1 5 10 -7 8 -8 -10 12 -12 23 14 15 19 18 24 -16 -14 -21 22 -17 26 -18 -20 -5 28 -23 -19
right_child=1 2 -4 4 -6 6 7 -9 9 -11 11 -13 13 -15 16 21 17 29 25 20 -22 27 -24 -25 -26 -27 -28 -29 -30 -31
leaf_value=-8.8169796358112323e-05 0.00064298871359459709 -1.8367801453561715e-05 0.00027994504801845963 0.00018462431622565893 -7.8817299072466405e-05 0.00038383077956999036 -0.00011717016195382409 3.8151612168719932e-05 0.00029256165254779216 -0.00010623405732079865 -0.00024047622464062779 5.2761572991990706e-05 -2.9366413532667815e-05 8.0189501957758224e-05 -0.00020290955478918533 -0.00021533345869928055 -0.00030964009750768712 0.00015541650522651521 -0.00015611483238495502 0.00015987716839591573 -0.0003498551454306804 0.0001262034586996354 -3.9432640468348161e-05 0.00052538602639333714 -5.2642446980332726e-05 -1.1955270912159629e-05 4.8878325476030278e-06 -4.6104328765133115e-06 -0.00016108514027174224 -6.8024666061011939e-05
leaf_weight=1406 874 7999 5054 1229 3808 1244 3816 23304 1236 678 1187 1199 3692 8706 4881 2032 1267 4068 2519 6173 408 1218 5295 818 4530 7286 109749 127141 4925 1620
leaf_count=1406 874 7999 5054 1229 3808 1244 3816 23304 1236 678 1187 1199 3692 8706 4881 2032 1267 4068 2519 6173 408 1218 5295 818 4530 7286 109749 127141 4925 1620
internal_value=-7.85718e-05 0.00209485 0.00142688 -0.000168811 -0.000142128 -9.91003e-05 0.00125834 0.000830061 -0.00300175 0.00310867 -0.000236128 -0.00557418 -0.000193324 -0.000561878 -0.000764593 -0.000381419 -0.00297371 -0.000276448 -0.00508307 0.00368685 0.00653016 -0.000678645 -0.00503276 0.000419067 -0.00484302 -0.00268995 0.000320784 -0.000439288 -0.00479 0.00437764
internal_weight=349362 13927 13053 335435 334029 330221 30278 29034 5730 1914 299943 2386 297557 185761 177055 150884 26171 11485 14686 10273 6581 140611 7327 111796 5797 9805 110978 133284 6143 5688
internal_count=349362 13927 13053 335435 334029 330221 30278 29034 5730 1914 299943 2386 297557 185761 177055 150884 26171 11485 14686 10273 6581 140611 7327 111796 5797 9805 110978 133284 6143 5688
is_linear=0
shrinkage=0.05


Tree=61
num_leaves=31
num_cat=0
split_feature=9 16 6 15 10 11 4 15 11 11 14 12 16 12 14 14 12 12 14 12 11 11 11 12 9 10 10 14 0 12
split_gain=28.7025 28.2923 22.5007 23.9344 20.5 20.4524 20.3546 19.4828 24.6319 30.476 33.547 24.8343 24.0938 29.0189 28.4712 33.7267 28.6523 25.0994 23.9385 23.1211 29.6658 24.4564 22.3389 23.1124 24.5978 25.6824 21.6393 21.4627 19.5329 18.965
threshold=0.28285360775978646 -0.080616081605567033 -0.43540108888995765 -0.040614005752933995 -0.0070887111791633197 -0.040606283895635913 0.042682695039649991 -0.01044277003818944 0.023342878332686227 0.029686707120002768 -0.086337752297859935 0.0098181061212317972 -0.024283503692845817 -0.051373899775069835 -0.024601750905799354 -0.027300254032733503 0.0094949334570126904 -0.050232690438178178 -0.10344834121785244 -0.034329308665193063 -0.015679772659318188 -0.0033635921331804926 0.029387931380338687 0.014776442004869829 0.28285360775978646 0.0020115949089920542 0.0090978943428771126 -0.083456210331023115 0.0069816853723538861 -0.0014831897497937228
decision_type=10 2 2 2 2 2 2 2 2 2 2 2 2 2 2 2 2 2 2 2 2 2 2 2 8 2 2 2 2 2
left_child=1 6 -3 5 -2 -4 -1 -5 11 10 -10 12 13 -9 15 19 29 -15 26 21 -21 28 23 -12 25 -25 -13 -20 -14 -16
right_child=4 2 3 7 -6 -7 -8 8 9 -11 22 18 14 17 16 -17 -18 -19 27 20 -22 -23 -24 24 -26 -27 -28 -29 -30 -31
leaf_value=6.1795310011316003e-05 0.00026779348367246791 -1.4386961598312002e-05 -0.00079161026643760439 3.3830070728182052e-05 3.9897105006463879e-05 -1.8097104674074174e-05 0.00085834813010807025 0.00010913949723815632 0.00048450394824799684 1.093003918435035e-06 -5.5682349513125473e-05 0.00013355136838964061 -6.6528683728842624e-05 -0.00095663078838829777 -2.6165987423694589e-05 0.00036135325937699863 0.0010727644262908986 -6.1604117357220081e-05 7.1212449885374541e-05 -9.4793623785618223e-05 8.9198541947763639e-05 -9.7978311101012752e-05 0.00026968869625633598 0.00027745249468613383 0.00022534643283655519 -1.4570743519596404e-05 -0.00013153778193834492 -1.7212988833630819e-05 0.00017317698492221807 4.1980852502757509e-05
leaf_weight=796 1960 128249 462 27598 16164 497 543 1733 555 14596 1718 354 1004 182 17470 781 147 7474 2657 1263 12767 2219 920 713 1661 2880 2454 89971 1457 7981
leaf_count=796 1960 128249 462 27598 16164 497 543 1733 555 14596 1718 354 1004 182 17470 781 147 7474 2657 1263 12767 2219 920 713 1661 2880 2454 89971 1457 7981
internal_value=-0.000108383 -0.000214435 -0.000243887 8.5602e-05 0.00182907 -0.00779458 0.00703883 0.000123283 -7.35732e-05 0.00144838 0.00383864 -0.00030751 0.000544256 -0.00176004 0.00102409 0.00246396 -7.22713e-05 -0.00308255 -0.000793726 0.00203902 0.00305417 -0.00100427 0.00300304 0.00203672 0.00368291 0.0013568 -0.00534188 -0.000655849 0.00242787 -0.000199403
internal_weight=349226 331102 329763 201514 18124 959 1339 200555 172957 23043 8447 149914 54478 9389 45089 19491 25598 7656 95436 18710 14030 4680 7892 6972 5254 3593 2808 92628 2461 25451
internal_count=349226 331102 329763 201514 18124 959 1339 200555 172957 23043 8447 149914 54478 9389 45089 19491 25598 7656 95436 18710 14030 4680 7892 6972 5254 3593 2808 92628 2461 25451
is_linear=0
shrinkage=0.05


Tree=62
num_leaves=31
num_cat=0
split_feature=13 9 8 13 8 5 12 13 14 15 12 14 13 13 12 12 10 10 10 11 12 12 11 10 14 14 10 14 13 13
split_gain=27.7554 26.293 23.0311 48.8203 21.6304 21.2308 19.0424 38.5418 24.4865 24.3687 18.8559 91.1917 22.6587 82.6346 46.4877 86.3577 47.0196 38.8194 51.8135 43.6551 46.567 34.2616 59.0899 57.0188 38.1101 56.8093 51.9417 51.4406 36.9764 34.9698
threshold=49.655000686645515 0.28285360775978646 inf 26.284999847412113 -0.10948249463499903 0.010634289390055155 -0.019407613730768488 22.429999351501468 -0.073325209407562916 0.00016761001587584093 0.11156893092539701 -0.033482886717690945 16.550000190734867 16.614999771118168 -0.008121323465966555 -0.005215251084133842 0.0056894709733393842 -0.0065884615881859334 -0.0041401831937402647 0.022126128293985085 0.02697009064661449 -0.0080596429832442956 -0.022354679901405047 0.0073562807386337034 0.10924586065415166 0.032869961540085708 0.0018978301535613753 0.031125014591034009 16.73499965667725 16.875000000000004
decision_type=2 10 8 2 10 2 2 2 2 2 2 2 2 2 2 2 2 2 2 2 2 2 2 2 2 2 2 2 2 2
left_child=1 2 5 6 -2 -1 7 -4 -8 -10 12 -12 14 -14 16 -16 -7 19 -19 20 -17 -15 23 -23 25 27 28 29 -27 -24
right_child=4 -3 3 -5 -6 10 8 -9 9 -11 11 -13 13 21 15 17 -18 18 -20 -21 -22 22 24 -25 -26 26 -28 -29 -30 -31
leaf_value=-1.4881871920039847e-05 0.0019296162457801689 5.9280514560753308e-05 5.3623592503769787e-05 0.00038332356369969855 -4.0407081191244992e-05 -2.5695994777254552e-05 0.00037171681654793708 -0.0002445941293590822 -5.1623313756605715e-05 -0.00018882067680611267 0.000174419070630238 -0.00019974729930181498 0.00021296323019336287 -1.3190770363469793e-05 -0.00026784967303126301 1.1932889407782495e-05 0.00015655943431580377 -0.00011708562593684657 -8.7135452313090094e-06 -0.00039195959987571691 0.000173640049768538 0.00026067210012723212 0.00010459398285807107 -0.00013383446785240121 -8.0776441728361992e-05 -0.00011552114714056691 -0.00016797859341956091 -0.00025357911632792671 0.00013416394211649831 1.1068939284010309e-06
leaf_weight=60642 266 18103 2968 439 168 2668 430 1260 4311 2994 1191 1989 2628 55607 1611 4930 3778 6753 98251 319 3074 3595 5808 635 5073 942 952 1067 12700 44137
leaf_count=60642 266 18103 2968 439 168 2668 430 1260 4311 2994 1191 1989 2628 55607 1611 4930 3778 6753 98251 319 3074 3595 5808 635 5073 942 952 1067 12700 44137
internal_value=-7.89461e-05 -9.46668e-05 -0.00019622 -0.00231011 0.0125576 -0.000113868 -0.00291106 -0.000212867 -0.00438591 -0.00506845 8.42038e-05 -0.00374214 0.000132009 0.000582452 -0.000362074 -0.000593798 0.00376978 -0.000430392 -0.000690926 0.00285654 0.00357946 0.000405697 0.00110367 0.00684397 0.000760127 0.00108298 0.00383377 0.000296009 0.00462176 0.000528081
internal_weight=349289 348855 330752 12402 434 318350 11963 4228 7735 7305 257708 3180 254528 133144 121384 114938 6446 113327 105004 8323 8004 130516 74909 4230 70679 65606 14594 51012 13642 49945
internal_count=349289 348855 330752 12402 434 318350 11963 4228 7735 7305 257708 3180 254528 133144 121384 114938 6446 113327 105004 8323 8004 130516 74909 4230 70679 65606 14594 51012 13642 49945
is_linear=0
shrinkage=0.05


Tree=63
num_leaves=31
num_cat=0
split_feature=5 3 13 11 10 10 10 11 11 11 11 10 10 13 14 10 10 11 14 9 14 14 11 11 11 11 10 10 11 10
split_gain=26.38 23.0824 32.2712 16.9944 24.3664 22.2319 46.2973 41.673 41.9693 34.3116 41.1543 27.0423 26.882 27.9489 28.6787 19.869 37.2133 53.4399 47.7824 35.7641 50.121 41.793 33.0991 31.6833 27.7722 43.916 34.7431 27.103 25.4788 25.2928
threshold=0.012794429959400175 0.027761330643726771 27.664999961853031 0.04888400580692865 0.012161923601447857 0.013844778774777857 0.0089823327220962552 0.042684586959819588 0.02886127865524846 0.02167406842699671 0.017097581194909787 0.009431747271499093 0.012020737458552368 15.085000038146974 -0.13532199000438486 0.0025856466909506275 0.0038619915499665818 -0.0046605922573709204 -0.056925165822572281 -0.24384212396371077 -0.043135883928100298 -0.063971302018411821 0.01397341061460511 0.011040470394420245 0.029686707120002768 0.019771226358341946 -0.0032013225684498488 0.0040309091899630731 0.0055727448944625788 0.0033676557373516496
decision_type=2 2 2 2 2 2 2 2 2 2 2 2 2 2 2 2 2 2 2 10 2 2 2 2 2 2 2 2 2 2
left_child=-1 3 -3 5 -5 6 15 8 -7 10 11 -8 13 -13 -15 24 18 27 -17 20 21 -19 23 -20 25 -2 -26 -18 -21 -25
right_child=1 2 -4 4 -6 7 9 -9 -10 -11 -12 12 -14 14 -16 16 17 19 22 28 -22 -23 -24 29 26 -27 -28 -29 -30 -31
leaf_value=-1.0698541825373242e-05 1.4829935670467075e-05 9.2779546341169652e-05 0.00095544970422174909 -9.3485364952391146e-05 0.00016226625771894481 -9.8180336925849869e-06 0.00024281177833536014 0.00066736837414050742 -0.00015555099967707754 0.00021675647179412091 -0.00014326718704364659 -9.1541020491391986e-05 0.00021981308351258543 0.00028134951107978008 2.4799951205506899e-05 0.00028719682827609049 0.00024681881532811876 0.00014995648176543646 -9.2125088549107787e-05 7.1419987107161894e-05 0.00020633235270158575 -0.00021375936562855987 -0.00014769138068854723 0.00054446457463231811 -0.00016214592379654101 -8.3910927106455301e-05 0.00013243226798792602 -0.00012056257028848235 -1.8362378004665355e-05 1.7256621283424967e-05
leaf_weight=134875 109002 4326 525 3305 772 8344 1979 295 3131 3926 1385 2109 1745 633 6470 659 330 803 6480 7441 3838 1109 3531 378 632 7432 5332 7361 20030 1063
leaf_count=134875 109002 4326 525 3305 772 8344 1979 295 3131 3926 1385 2109 1745 633 6470 659 330 803 6480 7441 3838 1109 3531 378 632 7432 5332 7361 20030 1063
internal_value=-7.99591e-05 0.000264734 0.0036745 0.000185786 -0.00301079 0.000249224 0.00037745 -0.00186066 -0.00233769 0.00277443 0.0016392 0.00251623 0.00154467 0.000466782 0.00196748 0.00012812 -0.000680365 4.03305e-05 -0.00311494 0.000909816 0.00449565 -0.0021182 -0.00386832 -0.0020736 0.000478357 0.0003079 0.00380617 -0.00371538 0.000159259 0.0046322
internal_weight=349241 214366 4851 209515 4077 205438 193668 11770 11475 18247 14321 12936 10957 9212 7103 175421 53023 40912 12111 33221 5750 1912 11452 7921 122398 116434 5964 7691 27471 1441
internal_count=349241 214366 4851 209515 4077 205438 193668 11770 11475 18247 14321 12936 10957 9212 7103 175421 53023 40912 12111 33221 5750 1912 11452 7921 122398 116434 5964 7691 27471 1441
is_linear=0
shrinkage=0.05


Tree=64
num_leaves=31
num_cat=0
split_feature=6 16 12 9 11 13 14 10 14 5 11 13 10 10 10 12 11 12 14 11 13 13 11 10 14 12 13 15 4 12
split_gain=27.9194 23.106 38.0156 24.7114 25.298 54.2502 44.8888 27.5893 24.301 23.0611 22.2673 21.706 23.7292 32.3794 22.6981 28.6313 22.5123 21.4233 56.946 29.9895 20.306 20.0694 19.7512 17.7367 17.6202 18.5728 22.857 17.1571 17.0826 19.0949
threshold=0.65800054032703981 -0.018670378771827253 0.039911673723807446 inf -0.010736588985834903 17.914999961853031 -0.044602619567361605 -0.015857538372193832 -0.00055695222357982066 0.020244547012317936 -0.0065232260485101326 16.085000038146976 -0.0053055515245151166 -0.013327781970057238 -0.017312000709356064 -0.007281546892151213 0.015699633377659786 0.10123020179199861 -0.033482886717690945 0.010209194758885378 33.719999313354499 19.98499965667725 -0.036898887484870739 0.06903334451863076 0.049481808267930923 -0.050232690438178178 24.19999980926514 0.0056819270781957041 0.040435160135094191 0.001711050909807055
decision_type=2 2 2 8 2 2 2 2 2 2 2 2 2 2 2 2 2 2 2 2 2 2 2 2 2 2 2 2 2 2
left_child=1 2 3 11 5 -5 -7 -8 10 -2 -4 16 13 14 15 20 -1 -3 -19 -20 -13 -6 -14 -11 25 -24 -27 -18 29 -15
right_child=9 17 8 4 21 6 7 -9 -10 23 -12 12 22 28 -16 -17 27 18 19 -21 -22 -23 24 -25 -26 26 -28 -29 -30 -31
leaf_value=-5.2951618818149197e-05 9.4099895003683417e-06 -9.1686295391318291e-06 -0.00025189769656192333 -0.00014505404120165202 8.2482278340112637e-05 -0.00045991635368749628 -0.00013030781671419735 9.0301778947218158e-05 0.00017714694203378725 0.00015750172896811885 4.5624311478020211e-05 -0.00034055162270316261 -0.00019219273172232077 -0.00014240039640068882 0.00014530771759918448 0.00014971682732190883 0.00023507619066599086 0.00015744001823394719 2.6193059621572312e-06 -0.00017586712518370698 3.8412090584034716e-05 -0.00012117896926154902 0.00028948298232155714 -0.00031860948563584195 0.0002187973852447968 7.2381598864177402e-05 -0.00011417587027502023 -0.00021542345160066226 0.0001608772752148659 3.7905235499838872e-05
leaf_weight=5589 61875 229008 215 2971 2314 369 658 2684 2957 10799 1513 984 404 2861 2631 934 335 877 941 2224 805 812 902 306 876 9462 1269 72 722 1001
leaf_count=5589 61875 229008 215 2971 2314 369 658 2684 2957 10799 1513 984 404 2861 2631 934 335 877 941 2224 805 812 902 306 876 9462 1269 72 722 1001
internal_value=-8.40084e-05 -0.000313687 0.000746424 0.000230889 -0.00193719 -0.00367405 0.000357047 0.00218432 0.005 0.000785832 0.000289352 0.000968038 0.00167061 -0.000166029 0.00247479 -0.000725303 -0.00170947 -0.000510835 -0.00411925 -0.00724329 -0.00442985 0.00177543 0.0030841 0.00288384 0.00343553 0.00292057 0.00234135 0.00964373 -0.00325044 -0.00457017
internal_weight=349370 276390 43340 38655 9808 6682 3711 3342 4685 72980 1728 28847 22851 9938 5354 2723 5996 233050 4042 3165 1789 3126 12913 11105 12509 11633 10731 407 4584 3862
internal_count=349370 276390 43340 38655 9808 6682 3711 3342 4685 72980 1728 28847 22851 9938 5354 2723 5996 233050 4042 3165 1789 3126 12913 11105 12509 11633 10731 407 4584 3862
is_linear=0
shrinkage=0.05


Tree=65
num_leaves=31
num_cat=0
split_feature=9 16 10 13 4 12 12 13 13 10 12 11 10 8 12 13 13 11 14 12 11 14 13 12 12 12 13 13 13 10
split_gain=23.3591 23.5405 22.44 20.0162 18.9533 17.7625 61.5252 41.1901 57.283 24.8066 23.2962 21.1235 92.137 41.6781 39.0341 38.6246 35.0195 69.5484 56.1449 71.6125 54.1724 63.1602 52.3885 56.8338 52.3728 40.2127 44.2933 53.274 89.9884 47.4419
threshold=0.27644401829624871 -0.080616081605567033 -0.0070887111791633197 12.00999975204468 0.045572307385731869 -0.062212447341067838 -0.05793872793170584 30.345000267028812 28.970000267028812 0.01542612816856115 -0.087458748104097359 -0.023458930823045284 0.0041080829558171059 -0.023231711464420209 -0.0077540971574964193 26.284999847412113 21.134999275207523 -0.004414694893693615 -0.054348672595206975 -0.043864321053953818 0.022829812381502172 0.066086361924944784 20.375000000000004 -0.050232690438178178 0.040929519425786161 -0.025396955116120775 18.015000343322757 16.550000190734867 16.614999771118168 0.017875659611307108
decision_type=10 2 2 2 2 2 2 2 2 2 2 2 2 10 2 2 2 2 2 2 2 2 2 2 2 2 2 2 2 2
left_child=1 4 -2 -3 -1 7 -7 8 9 -5 -9 12 14 -14 15 -8 22 -18 19 -19 -20 -22 23 -13 -24 -25 27 29 -29 -27
right_child=2 3 -4 5 -6 6 11 10 -10 -11 -12 16 13 -15 -16 -17 17 18 20 -21 21 -23 24 25 -26 26 -28 28 -30 -31
leaf_value=6.9043806978283387e-05 0.00025041402691189976 -0.00010614943778083463 3.3608995446431868e-05 -0.0001019295718803881 0.00091060225674570439 0.00024212590312892423 7.2100331983986602e-06 -0.0001090457045460457 -0.0005427572710554558 0.00015027948010142662 0.00016712068272190135 -0.00027141876078505734 -0.00026933240903892459 1.892616874333993e-05 0.0001552871751849856 0.00024514006214931637 -0.0001111873287709197 0.0001089749127942573 0.00016888100797665207 -0.00018618490483901623 -0.00012517543406884577 0.0010103905916362846 0.00011133715949318332 4.0763555646817188e-05 -0.00012516021608633866 -1.1784728867119885e-05 -4.2356218885388756e-05 0.0001930706855864244 1.8036299549251924e-05 0.00017382914207756054
leaf_weight=875 2058 1548 17017 4517 484 1645 10541 802 832 813 1983 820 1800 1115 5269 1119 14051 1262 5321 2097 2479 387 8878 16991 1215 152467 41321 3206 43998 1956
leaf_count=875 2058 1548 17017 4517 484 1645 10541 802 832 813 1983 820 1800 1115 5269 1119 14051 1262 5321 2097 2479 387 8878 16991 1215 152467 41321 3206 43998 1956
internal_value=-4.85142e-05 -0.000146911 0.00165269 -0.000174084 0.00642016 -0.000147223 -8.5394e-05 -0.00234436 -0.00462512 -0.00272045 0.00270197 -0.000135555 0.00144376 -0.00676672 0.00285752 0.00124357 -0.000241273 -0.00200902 0.000866101 -0.00457726 0.00309943 -0.00244243 -7.42103e-05 -0.000211019 0.00346032 -0.000169559 -0.000334022 -2.8394e-05 0.00144162 -0.000477746
internal_weight=348867 329792 19075 328433 1359 326885 317938 8947 6162 5330 2785 316293 19844 2915 16929 11660 296449 25597 11546 3359 8187 2866 270852 260759 10093 259939 242948 201627 47204 154423
internal_count=348867 329792 19075 328433 1359 326885 317938 8947 6162 5330 2785 316293 19844 2915 16929 11660 296449 25597 11546 3359 8187 2866 270852 260759 10093 259939 242948 201627 47204 154423
is_linear=0
shrinkage=0.05


Tree=66
num_leaves=31
num_cat=0
split_feature=4 6 11 10 10 11 10 10 12 13 13 11 13 11 11 10 11 10 14 14 11 13 12 13 10 12 12 14 14 13
split_gain=24.6918 23.5102 17.137 17.8785 75.886 45.0765 47.6968 49.4025 39.5311 29.1809 51.7764 29.9151 39.7114 25.6201 24.0467 18.0877 51.9128 59.7249 51.0237 54.5652 49.1358 52.1579 46.3873 43.2915 40.0596 36.8944 42.5092 36.6714 88.1781 50.6017
threshold=0.068207556574371234 0.67832304849828418 0.04888400580692865 0.010824112764753148 0.0091813381816910917 0.02167406842699671 0.0094914683342374202 0.0095537147442000831 0.032469113334652529 14.164999961853029 14.444999694824221 0.011544109732890885 21.295000076293949 0.0072247197872850064 0.042684586959819588 0.0025856466909506275 -0.0047792055268489611 0.0038619915499665818 0.052093484772870687 -0.056925165822572281 0.0055727448944625788 19.159999847412113 0.11156893092539701 15.784999847412111 0.0040309091899630731 0.0053623366190914687 0.015919336049390002 -0.053822016056010884 -0.063971302018411821 24.385000228881839
decision_type=2 2 2 2 2 2 2 2 2 2 2 2 2 2 2 2 2 2 2 2 2 2 2 2 2 2 2 2 2 2
left_child=1 2 3 4 15 6 -6 -8 9 -5 -11 -12 14 -10 -13 22 23 18 19 -18 21 24 -1 -17 -19 -21 -27 28 -22 -29
right_child=-2 -3 -4 8 5 -7 7 -9 13 10 11 12 -14 -15 -16 16 17 20 -20 25 27 -23 -24 -25 -26 26 -28 29 -30 -31
leaf_value=1.9404271732119221e-07 0.00027847470347880588 1.7216480977379319e-05 -7.2428893008013014e-05 0.00016086371010870116 0.0001472066670528332 0.00023790562626163419 -0.00029297159926963408 2.316431195760506e-05 -0.00018479570171552685 -0.00016836231014465776 4.5737129451840211e-05 -3.1921684554166988e-05 -0.00023052594325977108 -5.7687284008077749e-05 0.00044329816894018623 -0.00026705980341925776 0.00024204005145217548 0.00029156791417570476 0.00027274586731278845 -0.00030632678598665168 2.6214054098421848e-05 -0.00015097159383665269 -0.00014554898908468238 -6.349255725500956e-05 7.2105796276813585e-05 9.987838378775652e-05 -8.9693548473727464e-05 8.5102390297447676e-07 -0.0001565740723517866 0.00057688561233071908
leaf_weight=159021 4151 70860 3761 823 2457 3082 566 7323 1744 1132 8102 3805 957 4863 248 1457 743 826 722 699 4153 1139 1772 10384 9879 1013 10434 28892 3563 354
leaf_count=159021 4151 70860 3761 823 2457 3082 566 7323 1744 1132 8102 3805 957 4863 248 1457 743 826 722 699 4153 1139 1772 10384 9879 1013 10434 28892 3563 354
internal_value=-8.11779e-05 -0.00012733 -0.000337332 -0.000290669 -0.000170538 0.00348525 0.00190412 9.50691e-06 -0.0016679 -0.000253866 -0.000782786 0.000102959 -0.00293413 -0.00489254 -0.000771034 -0.000379386 -0.00102481 -0.000448996 -0.00337778 -0.00410234 0.000367783 0.00317038 -8.13157e-05 -0.00406005 0.00425269 -0.00490697 -0.004226 -0.000530274 -0.00359642 0.000278671
internal_weight=348925 344774 273914 270153 248479 13428 10346 7889 21674 15067 14244 13112 5010 6607 4053 235051 74258 62417 13611 12889 48806 11844 160793 11841 10705 12146 11447 36962 7716 29246
internal_count=348925 344774 273914 270153 248479 13428 10346 7889 21674 15067 14244 13112 5010 6607 4053 235051 74258 62417 13611 12889 48806 11844 160793 11841 10705 12146 11447 36962 7716 29246
is_linear=0
shrinkage=0.05


Tree=67
num_leaves=31
num_cat=0
split_feature=5 13 5 10 16 13 13 10 10 12 13 14 14 10 10 14 10 10 13 13 14 10 3 3 8 12 12 12 10 10
split_gain=24.1318 30.09 18.5407 17.0793 14.9926 20.1671 37.7347 16.2434 32.0077 16.458 25.2523 17.846 15.6912 15.239 14.9067 14.3658 24.3748 20.48 19.1026 29.812 22.3889 16.6567 16.5372 15.3262 14.1624 31.7669 17.6491 18.7081 16.7793 41.1078
threshold=0.018998761973006397 49.655000686645515 0.0080515977766327171 0.06903334451863076 -0.017935908723338664 28.970000267028812 30.345000267028812 -0.0060493292963074699 -0.0053055515245151166 -0.014960350168733092 19.585000038146976 -0.0020187599820463693 0.020125848996620292 0.025167554774320647 -0.017312000709356064 -0.078457350194131512 0.020743044846024853 0.0040309091899630731 24.385000228881839 24.695000648498539 0.030560716771395605 0.0073562807386337034 0.022276629416952857 -0.015067666049669968 inf -0.052281358654850445 -0.019407613730768488 -0.039191714476565991 -0.013327781970057238 -0.0087573770433467795
decision_type=2 2 2 2 2 2 2 2 2 2 2 2 2 2 2 2 2 2 2 2 2 2 2 2 8 2 2 2 2 2
left_child=2 3 -1 4 13 7 -7 9 12 10 -6 -11 -9 -2 -12 17 18 -10 -17 21 22 -20 23 -21 28 -26 27 -27 -4 -30
right_child=1 -3 24 -5 5 6 -8 8 15 11 14 -13 -14 -15 -16 16 -18 -19 19 20 -22 -23 -24 -25 25 26 -28 -29 29 -31
leaf_value=-3.9106663128465999e-05 7.4992030551792598e-05 0.0013105395123904047 3.3259420984474041e-05 -0.00030241813091759951 -0.00029578222631251817 -0.00029244500453938954 1.9682065902198489e-05 0.00024919908723025982 0.00050532682793196296 -0.00049013115497782342 -0.00023491899731931996 0.00020041759404034406 -0.00028129718476966746 0.00060997290958203065 0.00018490942616498077 3.0830344364754517e-07 -0.00027644786040764219 7.5994733713461669e-05 0.00059084416695101951 0.00043204818647319418 0.0012646808221929049 5.5960719667252569e-05 0.00041437780472110383 -6.0314161501577464e-05 0.00030628056828341325 -0.00016501814984192596 -8.3159998857503797e-05 4.6445808809800838e-05 -6.1062510547173554e-05 -1.9058123182184689e-06
leaf_weight=6934 13870 298 15194 368 666 917 1513 174 281 157 422 4357 1326 280 1215 37850 397 4864 374 184 190 150 270 1500 340 1046 5951 2460 11500 234301
leaf_count=6934 13870 298 15194 368 666 917 1513 174 281 157 422 4357 1326 280 1215 37850 397 4864 374 184 190 150 270 1500 340 1046 5951 2460 11500 234301
internal_value=-6.26165e-05 0.000755693 -0.000273651 0.00068945 0.00074517 0.000382435 -0.00407407 0.000581588 0.000254415 0.00286416 -0.000575337 0.00461896 -0.00693333 0.00220141 0.0027642 0.000488493 0.000175364 0.00297862 0.000296165 0.00438531 0.00177239 0.0150763 0.00017912 -0.00166271 -0.000208278 -0.00207461 -0.00261447 0.000199658 -0.000138221 -0.000237896
internal_weight=349349 71623 277726 71325 70957 56807 2430 54377 47560 6817 2303 4514 1500 14150 1637 46060 40915 5145 40518 2668 2144 524 1954 1684 270792 9797 9457 3506 260995 245801
internal_count=349349 71623 277726 71325 70957 56807 2430 54377 47560 6817 2303 4514 1500 14150 1637 46060 40915 5145 40518 2668 2144 524 1954 1684 270792 9797 9457 3506 260995 245801
is_linear=0
shrinkage=0.05


Tree=68
num_leaves=31
num_cat=0
split_feature=5 11 4 11 14 14 10 10 12 12 14 10 3 10 8 12 10 10 14 14 10 11 12 11 11 10 10 10 14 14
split_gain=24.7354 31.6366 18.3452 17.2916 23.2295 20.2629 17.3783 18.691 18.337 26.4549 25.1538 22.979 19.0568 18.2883 17.2111 31.7807 18.5399 37.3123 49.8956 37.0451 29.7565 59.1659 36.7232 28.9529 44.6191 48.0463 42.1656 38.8297 38.2716 42.047
threshold=0.021809967582478874 -0.055970662091911087 0.013454908680470517 0.037935675142188215 -0.069951740507607593 0.066086361924944784 0.06903334451863076 0.025167554774320647 -0.062212447341067838 -0.05793872793170584 -0.083456210331023115 0.020281918733708996 0.0178294313272972 0.014545936349149692 -0.24064357652648041 -0.052281358654850445 -0.013327781970057238 -0.012508695077667052 0.15522193331306103 0.13242625205871941 -0.0087573770433467795 0.015152806552143018 0.029654960476763418 -0.0071962553700703471 -0.0031311720849904741 -0.0075899452364679423 0.0025856466909506275 0.0091813381816910917 0.10240420019672193 0.094478150147642728
decision_type=2 2 2 2 2 2 2 2 2 2 2 2 2 2 10 2 2 2 2 2 2 2 2 2 2 2 2 2 2 2
left_child=2 -2 -1 6 -5 -6 7 8 10 -10 11 -3 -12 -11 15 -4 19 -18 20 -16 21 22 -19 26 -25 -26 28 -28 29 -22
right_child=1 3 14 4 5 -7 -8 -9 9 13 12 -13 -14 -15 16 -17 17 18 -20 -21 23 -23 -24 24 25 -27 27 -29 -30 -31
leaf_value=-2.8793717859278277e-05 0.00079001438522756482 -0.00043542946329637217 0.00026709599716977266 0.00012209600916626923 -0.00011525679974084135 0.0017535485808422527 -0.0002690888369107227 0.00045523701240359447 0.00075495371991101193 7.0855473292813238e-05 -7.9845636156004534e-05 0.00037939584104958337 0.00042450104892047079 -0.00014159275531548527 9.7611471195254958e-05 -5.1371925450752984e-05 -0.00015926234209557501 -5.8160700654284271e-05 0.00015561450500582296 -1.688767250922433e-05 4.3156554049872487e-05 -0.00037819216632728312 0.0001557560333437768 -5.568995421685614e-05 0.00016723169923222358 -3.8122474771246001e-06 -6.4452682003167793e-05 3.3587231987606346e-05 -0.0001371448533982857 0.00034571302749631419
leaf_weight=11067 609 451 368 1027 3132 105 319 555 317 34855 2106 107 286 1634 7958 10601 1447 8842 1815 9108 28292 405 1058 16313 1981 185894 8819 7236 1361 1480
leaf_count=11067 609 451 368 1027 3132 105 319 555 317 34855 2106 107 286 1634 7958 10601 1447 8842 1815 9108 28292 405 1058 16313 1981 185894 8819 7236 1361 1480
internal_value=-5.04938e-05 0.00103674 -0.000213209 0.000883192 -0.00214587 -0.00422459 0.00120108 0.00129307 0.00116586 0.00146987 -0.00262712 -0.0121864 -0.000397157 0.00134493 -0.000137724 -0.00208086 -6.21434e-05 -0.000165035 -0.000121064 0.00153522 -0.000178366 -0.00281174 -0.00204545 -7.04124e-05 -0.000328374 -0.000110579 0.00104582 -0.0010355 0.00211913 0.00249395
internal_weight=349548 45503 304045 44894 4264 3237 40630 40311 39756 36806 2950 558 2392 36489 292978 10969 282009 264943 263496 17066 261681 10305 9900 251376 204188 187875 47188 16055 31133 29772
internal_count=349548 45503 304045 44894 4264 3237 40630 40311 39756 36806 2950 558 2392 36489 292978 10969 282009 264943 263496 17066 261681 10305 9900 251376 204188 187875 47188 16055 31133 29772
is_linear=0
shrinkage=0.05


Tree=69
num_leaves=31
num_cat=0
split_feature=0 6 8 12 3 10 10 10 12 11 12 12 11 11 10 10 14 12 14 14 11 12 10 12 12 15 11 11 12 12
split_gain=23.1202 18.5767 18.3969 30.1274 18.8656 24.2304 19.3894 46.8293 28.4313 55.7434 24.6826 39.2058 23.1354 27.2394 32.1802 41.5581 22.3417 22.327 28.9915 30.7556 21.2672 20.8376 19.4211 19.1705 34.9101 29.836 19.0106 18.8563 18.7393 35.0496
threshold=-0.031787336622824951 -1.1956790651798881 inf -0.052281358654850445 0.013377587805818771 0.020743044846024853 0.0091813381816910917 0.010263968374022882 0.033795205498032839 0.014319946344864666 -0.027486551032664949 -0.0036881792371129536 0.04888400580692865 0.02167406842699671 0.0094914683342374202 0.0095537147442000831 -0.19490876951167976 0.0020578484903100995 -0.12635401997537379 -0.040830821857172121 -0.0081164241286432719 -0.043864321053953818 0.0094914683342374202 0.018300587263459293 0.02751670136279594 0.0055978024059314411 -0.0038430615531924168 0.040649708867645969 -0.062212447341067838 -0.05793872793170584
decision_type=2 2 8 2 2 2 2 2 2 2 2 2 2 2 2 2 2 2 2 2 2 2 2 2 2 2 2 2 2 2
left_child=-1 -2 4 -4 5 6 16 12 10 -10 21 -12 13 14 -8 -16 -3 -13 20 23 -19 -9 -15 25 -25 -20 -6 -24 -18 -30
right_child=1 2 3 -5 26 -7 7 8 9 -11 11 17 -14 22 15 -17 28 18 19 -21 -22 -23 27 24 -26 -27 -28 -29 29 -31
leaf_value=6.9866172478044201e-05 -3.0495423805586655e-05 -0.00018965533020222177 0.00026179116119286715 -5.4345648737697374e-05 0.00014431994397970513 -0.00010357778349731193 0.00014388877331561941 5.5266263342458777e-05 -0.00022725012670348009 2.9004911092436747e-06 0.00011204622545191151 -0.0001135077633204291 -9.7544948044722086e-05 3.1609148565837863e-05 -0.00022616069512044909 4.9850686446678131e-05 -7.4766425964856739e-05 -4.8210757110313605e-06 -3.8234627658741747e-05 -9.0477752241577549e-05 -0.00016177224500891509 -0.00014773314561667807 0.00043418232590513943 -0.00014763198309658543 9.8168781697003093e-05 0.00023170433978691595 1.5578056923343113e-05 4.4729195589845919e-05 0.00022610798442256896 -3.301893072812706e-06
leaf_weight=13838 19386 416 369 10800 5501 2285 2584 1127 1927 4376 4269 1160 543 718 753 3240 5642 1129 724 1285 773 1977 1514 924 2179 2308 12902 397 1125 243464
leaf_count=13838 19386 416 369 10800 5501 2285 2584 1127 1927 4376 4269 1160 543 718 753 3240 5642 1129 724 1285 773 1977 1514 924 2179 2308 12902 397 1125 243464
internal_value=-7.34337e-05 -0.000155972 -6.392e-05 -0.00205703 9.00925e-06 -9.0556e-05 -4.93755e-05 0.00107279 -0.000107625 -0.00299461 0.000911509 0.00176429 0.00399785 0.0045894 0.00286985 5.63486e-05 -0.000201179 0.000119252 0.000933276 0.00234501 -0.00457413 -0.00314111 0.00889121 0.00381826 0.00105543 0.00664578 0.00156089 0.0115254 -0.000181932 -0.000116215
internal_weight=349635 335797 316411 11169 305242 286839 284554 33907 24158 6303 17855 14751 9749 9206 6577 3993 250647 10482 9322 7420 1902 3104 2629 6135 3103 3032 18403 1911 250231 244589
internal_count=349635 335797 316411 11169 305242 286839 284554 33907 24158 6303 17855 14751 9749 9206 6577 3993 250647 10482 9322 7420 1902 3104 2629 6135 3103 3032 18403 1911 250231 244589
is_linear=0
shrinkage=0.05


Tree=70
num_leaves=31
num_cat=0
split_feature=5 6 11 10 8 13 13 14 14 14 14 10 13 14 14 14 13 5 8 16 11 13 10 11 13 14 13 14 11 13
split_gain=22.9055 19.5709 20.382 53.5491 39.4222 33.7086 60.66 39.0292 39.0136 39.1706 81.6182 41.9723 35.2069 33.0041 31.76 28.9736 27.2414 26.1902 32.1904 25.5872 28.0375 29.041 47.1166 70.755 39.4863 34.2299 29.9732 29.4659 29.1732 28.8429
threshold=0.037540862575434715 2.0152881020375522 -0.023458930823045284 0.0041080829558171059 -0.023231711464420209 22.330000877380375 24.119999885559086 0.15522193331306103 0.10924586065415166 0.083482873400912663 0.079095926518506735 0.000540884636322292 21.704999923706058 0.16190048637044233 -0.03892751900237456 -0.062363141141350546 21.914999961853031 0.014263089217307635 inf -0.011384398757747881 -0.021594422824346479 18.015000343322757 -0.0075899452364679423 -0.014686675718860785 18.130000114440922 0.077019604552505241 20.375000000000004 0.071117405502143641 0.00036209902272010824 21.134999275207523
decision_type=2 2 2 2 10 2 2 2 2 2 2 2 2 2 2 2 2 2 8 2 2 2 2 2 2 2 2 2 2 2
left_child=1 2 3 15 -5 7 -7 8 9 10 12 -12 19 -9 16 -1 -14 -11 -19 -4 -21 22 23 -22 -23 27 -26 -24 -25 -28
right_child=-2 -3 5 4 -6 6 -8 13 -10 17 11 -13 14 -15 -16 -17 -18 18 -20 20 21 24 25 28 26 -27 29 -29 -30 -31
leaf_value=0.00033229012021912183 0.00019483220330498681 3.8009841091112517e-05 1.8006447378035845e-05 -0.0002134676450127734 3.7333628976044543e-05 -0.00012263178165151172 -2.5010648877796772e-06 0.0002046490446287797 -8.8738271126348562e-05 1.0696499999929623e-05 -0.00010721356770194866 -0.0004582574540440903 9.6227038258705271e-05 -2.0411746339161172e-06 0.00024191022330082189 4.7589916460503198e-05 -0.00036938164147810637 0.00019970034686473662 -0.00034787046687357551 0.00029268676913560488 -0.00035011157700192319 -0.00018815185649499738 -5.9179672701170947e-06 4.3945041708230714e-05 -4.4158394785322014e-05 -0.00056703818012350787 7.5177710586141254e-05 0.00055226645815662292 0.00022510940122918901 -8.9825088380034344e-05
leaf_weight=384 5474 21689 43704 1958 1428 8042 12485 1604 6689 5147 3500 803 788 1419 1635 20139 399 3712 235 497 325 1790 162608 1790 31104 404 5306 295 2023 1905
leaf_count=384 5474 21689 43704 1958 1428 8042 12485 1604 6689 5147 3500 803 788 1419 1635 20139 399 3712 235 497 325 1790 162608 1790 31104 404 5306 295 2023 1905
internal_value=-6.678e-05 -0.000117871 -0.000215759 0.00118888 -0.00463674 -0.000328377 -0.00228358 -0.000183843 -0.000246032 -0.000151883 -0.000265185 -0.00709389 -0.000149761 0.00546642 0.00540397 0.00215003 -0.000821398 0.00307346 0.00613757 -0.000212015 -0.000443049 -0.000471453 -0.000182 0.005087 -0.00167997 -0.00031551 -0.00134086 -0.000279461 0.0069958 0.00156358
internal_weight=349281 343807 322118 23909 3386 298209 20527 277682 274659 267970 258876 4303 254573 3023 2822 20523 1187 9094 3947 251751 208047 207550 167445 4138 40105 163307 38315 162903 3813 7211
internal_count=349281 343807 322118 23909 3386 298209 20527 277682 274659 267970 258876 4303 254573 3023 2822 20523 1187 9094 3947 251751 208047 207550 167445 4138 40105 163307 38315 162903 3813 7211
is_linear=0
shrinkage=0.05


Tree=71
num_leaves=31
num_cat=0
split_feature=5 13 8 9 12 12 13 13 15 12 14 8 3 5 3 14 12 16 14 14 14 13 13 12 13 13 12 12 12 12
split_gain=22.2631 17.9858 21.3175 17.1549 14.8432 43.8763 36.7996 51.0325 25.6899 18.9854 18.201 19.3981 17.8482 14.754 14.5191 16.6332 14.2981 13.8273 13.3767 43.9061 37.7881 37.0962 41.0925 42.4299 33.881 34.7997 29.6293 41.5391 41.5054 39.1834
threshold=0.012070739266403273 49.655000686645515 -0.12176219167243711 0.59999576517158881 -0.062212447341067838 -0.05793872793170584 30.345000267028812 28.970000267028812 0.015795381015182412 -0.075828258528587975 0.004407866869301503 0.038996893805763551 -0.023331274985219804 0.0070110631363273831 0.0029164517904597402 0.15522193331306103 -0.087458748104097359 -0.017935908723338664 0.026259504689798433 0.016703104234397029 0.027456401234134179 14.234999656677248 13.894999980926515 0.024727553990246513 13.114999771118166 12.88000011444092 -0.0014831897497937228 0.018681855298992137 -0.016111251712643489 0.02001241425028322
decision_type=2 2 10 10 2 2 2 2 2 2 2 8 2 2 2 2 2 2 2 2 2 2 2 2 2 2 2 2 2 2
left_child=13 3 -3 4 6 -6 7 8 9 10 -2 -12 -7 -1 15 -11 -8 -18 19 -14 -20 22 23 -22 25 -25 28 -28 -23 -29
right_child=1 2 -4 -5 5 12 16 -9 -10 14 11 -13 18 -15 -16 -17 17 -19 20 -21 21 26 -24 24 -26 -27 27 29 -30 -31
leaf_value=-7.5817411573999175e-05 -0.00013222747499017329 0.0016605222994909099 -8.1857366815780644e-05 0.00023405825076195871 0.00025336930173826933 0.00012427967286258629 -4.3694429712039245e-05 -0.00048267954950147152 0.00019288640128470411 -0.00024047117278018149 0.00017079976158512202 -0.00019270866311146717 1.6619246483737988e-06 -1.057357439305795e-05 2.4902345737739131e-05 -5.2735060160254148e-05 0.00029615890052915925 1.9008994779534227e-05 0.0003685994432766676 -7.6789218232752601e-05 -0.00040965412481005613 3.5440359903098337e-05 -0.00021714580975102724 1.5985659035741824e-06 0.00013949063101128127 -0.0004810493400553528 0.00010252917644070579 -0.00018243133116244105 -9.0925037365469959e-05 3.1931809077862063e-05
leaf_weight=1415 887 250 166 3208 1392 4825 1273 822 514 1334 990 219 147284 108925 552 633 1099 918 683 11994 519 12276 1472 1030 2198 408 14492 1992 8848 16562
leaf_count=1415 887 250 166 3208 1392 4825 1273 822 514 1334 990 219 147284 108925 552 633 1099 918 683 11994 519 12276 1472 1030 2198 408 14492 1992 8848 16562
internal_value=-8.19062e-05 0.000189457 0.0105769 0.000171333 0.000121803 0.000202124 -0.00184233 -0.00418837 -0.00233476 -0.00351571 0 0.0039909 0.000147273 -0.000669295 -0.00644105 -0.00845196 0.00240122 0.00501983 8.12257e-05 -0.000159156 0.000714286 0.000580715 -0.00328328 -0.000740072 0.00116887 -0.00479833 0.000982093 0.00191702 -0.000480496 0.000350329
internal_weight=349180 238840 416 238424 235216 225975 9241 5951 5129 4615 2096 1209 224583 110340 2519 1967 3290 2017 219758 159278 60480 59797 5627 4155 3636 1438 54170 33046 21124 18554
internal_count=349180 238840 416 238424 235216 225975 9241 5951 5129 4615 2096 1209 224583 110340 2519 1967 3290 2017 219758 159278 60480 59797 5627 4155 3636 1438 54170 33046 21124 18554
is_linear=0
shrinkage=0.05


Tree=72
num_leaves=31
num_cat=0
split_feature=4 13 12 11 11 11 14 11 13 13 14 14 11 13 14 11 14 16 13 11 10 11 11 1 15 12 2 14 13 15
split_gain=22.134 19.4059 20.1181 18.5114 17.7023 44.5919 35.7036 40.8092 38.7939 29.8608 25.4006 25.1337 51.9194 51.4701 39.7962 28.111 26.484 25.5411 21.9236 21.8964 65.0964 21.0805 19.6516 19.124 19.0665 18.2796 18.2363 17.9808 24.1602 17.8117
threshold=0.085575255456620564 12.00999975204468 0.041666429099885278 0.04888400580692865 0.025879886513439202 0.026267188685395574 -0.043135883928100298 0.042684586959819588 16.345000267028812 25.505000114440922 -0.078457350194131512 -0.0081420083322292763 0.028348457070928038 13.554999828338625 -0.017413311949199203 0.026646600134674018 0.0017102699334086149 0.0006242734045941446 12.454999923706056 0.025278563424786519 0.0023194269217708956 0.033003694836419857 0.034662910488433514 0.026169469972287977 0.0051484638051426676 -0.020341503552033343 0.15736706517807944 0.025116667172691901 17.224999427795414 0.010650480299002287
decision_type=2 2 2 2 2 2 2 2 2 2 2 2 2 2 2 2 2 2 2 2 2 2 2 2 2 2 2 2 2 2
left_child=1 2 -1 4 19 29 7 10 -9 11 26 13 15 14 -8 -13 -14 -18 -19 -3 -21 -15 -23 -22 -20 -26 -7 -27 -29 -6
right_child=-2 3 -4 -5 5 6 9 8 -10 -11 -12 12 16 21 -16 -17 17 18 24 20 23 22 -24 -25 25 27 -28 28 -30 -31
leaf_value=-0.00027073512630574644 0.00051256926659678864 -2.1294415172472185e-06 -3.0697442480341749e-05 -6.7147877479878458e-05 0.0002054547028301458 -4.6694081605504638e-05 -8.7592889904579684e-05 0.00028962372858945361 -7.9145180071003941e-05 0.00094970507232975299 -0.00014822038234446247 -2.5516995448720931e-05 -0.00010486561606798166 0.0001938403105209131 0.00014585349285283996 0.00030765336552230905 0.00023190865116089451 0.00059530788287061158 1.0063524582467959e-05 -0.00021713431524466019 0.00015544733038997768 -6.1077292359883059e-05 8.4443987149862725e-05 -7.4937668760885744e-05 0.00066556414040701652 -0.00018445292572526114 0.00055654782350836643 7.5153579433581794e-05 -0.00032279399174657645 0.00088037306713423561
leaf_weight=430 1379 307526 1273 4570 911 1136 2109 1268 840 427 2905 420 3365 3396 861 856 890 431 4401 1253 727 850 3812 551 62 1030 145 843 404 367
leaf_count=430 1379 307526 1273 4570 911 1136 2109 1268 840 427 2905 420 3365 3396 861 856 890 431 4401 1253 727 850 3812 551 62 1030 145 843 404 367
internal_value=-6.7537e-05 -9.25849e-05 -0.00541691 -6.64057e-05 -2.41379e-05 0.00110073 0.000716725 -0.00263743 0.00303605 0.00159064 -0.00549451 0.00135483 -0.000161392 0.0031012 -0.00252525 0.00940439 -0.00122965 0.000325642 -0.000665876 -0.000139249 -0.00477084 0.00517498 0.00299228 0.00316901 -0.00136499 -0.00501283 0.000370804 -0.0057422 -0.00170409 0.0102504
internal_weight=349438 348059 1703 346356 341786 31729 30451 6294 2108 24157 4186 23730 12702 11028 2970 1276 11426 8061 7171 310057 2531 8058 4662 1278 6740 2339 1281 2277 1247 1278
internal_count=349438 348059 1703 346356 341786 31729 30451 6294 2108 24157 4186 23730 12702 11028 2970 1276 11426 8061 7171 310057 2531 8058 4662 1278 6740 2339 1281 2277 1247 1278
is_linear=0
shrinkage=0.05


Tree=73
num_leaves=31
num_cat=0
split_feature=5 13 4 6 5 16 11 13 13 13 16 11 11 11 11 13 11 13 11 11 11 13 13 13 11 13 3 6 13 11
split_gain=20.8501 20.0255 24.1906 18.0926 15.6808 15.2548 21.06 14.808 34.7618 67.2824 33.1892 27.0944 32.3676 39.5023 39.3428 37.8093 27.3519 27.346 24.9904 24.1184 28.7808 67.4003 46.6483 31.2879 25.7741 31.2787 24.045 23.6129 22.9535 65.0321
threshold=0.0078920580697783901 49.655000686645515 0.040435160135094191 0.67832304849828418 0.021078981890476241 -0.018670378771827253 0.014627027210111112 18.015000343322757 16.550000190734867 16.614999771118168 0.013485778275576956 -0.010482872844075284 0.011626690848287493 0.0035059532242039952 0.0039113123019577376 16.375000000000004 0.012677016047660918 12.84500026702881 -0.010342392625162121 0.013370949203247886 0.01618775383610949 16.345000267028812 15.944999694824221 14.734999656677248 0.017097581194909787 12.84500026702881 0.0047281746645719833 -1.0468473124696003 19.010000228881839 -0.019741563271709391
decision_type=2 2 2 2 2 2 2 2 2 2 2 2 2 2 2 2 2 2 2 2 2 2 2 2 2 2 2 2 2 2
left_child=-1 3 -3 5 -5 6 -2 8 11 -10 -11 -7 13 18 17 16 -14 -15 -13 -18 21 22 23 -21 25 -22 -16 -26 29 -9
right_child=1 2 -4 4 -6 7 -8 28 9 10 -12 12 15 14 26 -17 19 -19 -20 20 24 -23 -24 -25 27 -27 -28 -29 -30 -31
leaf_value=-3.7424531303145216e-05 1.0500057788718392e-05 -4.0293653994231961e-05 0.0018935610672860502 9.6661504057648541e-06 0.00013146811143918048 -8.3012896787816354e-05 0.00014639861876146668 0.00024980515055725939 0.00018478962325921167 -6.9379106408639767e-06 6.4952609168908443e-05 0.00047392016242762258 -8.9900669273156741e-05 -5.6576252818042937e-05 6.8759282313256809e-06 -0.00019617051519458438 6.9987527304202993e-05 0.00021390918870808535 -2.015343358085062e-05 -9.4394824769166732e-05 -5.0320523790504864e-06 0.00036450224525044831 -0.00036044254649922228 8.7323170708008761e-06 -5.81651455992179e-05 0.0002567944094657093 8.1357371935851476e-05 -3.9873958397498681e-06 -1.0054351480354943e-05 -7.3646230926906808e-05
leaf_weight=5650 41178 193 221 60769 9520 5052 1504 1059 2526 26001 12230 362 5029 412 21281 1039 3071 2357 33550 6272 2040 572 408 3173 4546 1408 5996 27257 48413 16439
leaf_count=5650 41178 193 221 60769 9520 5052 1504 1059 2526 26001 12230 362 5029 412 21281 1039 3071 2357 33550 6272 2040 572 408 3173 4546 1408 5996 27257 48413 16439
internal_value=-4.92092e-05 2.90801e-07 0.0109903 -1.29562e-05 0.000702457 -0.000197035 0.000671243 -0.00035782 -0.000104203 0.00116238 0.000640187 -0.000521098 -0.00036856 0.000395572 0.0017157 -0.00126015 -0.00107762 0.00739437 -0.000774062 -0.000715429 -0.00100381 -0.00331175 -0.00428042 -0.00356538 -0.000321267 0.0037848 0.00113924 -0.000766437 -0.000991109 -0.00254315
internal_weight=349528 343878 414 343464 70289 273175 42682 230493 164582 40757 38231 123825 118773 63958 30046 54815 53776 2769 33912 48747 45676 10425 9853 9445 35251 3448 27277 31803 65911 17498
internal_count=349528 343878 414 343464 70289 273175 42682 230493 164582 40757 38231 123825 118773 63958 30046 54815 53776 2769 33912 48747 45676 10425 9853 9445 35251 3448 27277 31803 65911 17498
is_linear=0
shrinkage=0.05


end of trees

feature_importances:
spy_ret_1d=379
vix_level=368
spy_ret_20d=358
spy_ret_5d=345
vix_chg_1d=298
atr_pct=106
dvol_z_20=100
parkinson_20=76
dist_ma200=46
dist_ma50=44
sector_ret_5d=35
sector_ret_1d=26
overnight_gap=22
ret_1d=14
ret_5d=2
ret_20d=1

parameters:
[boosting: gbdt]
[objective: quantile]
[metric: quantile]
[tree_learner: serial]
[device_type: cpu]
[data_sample_strategy: bagging]
[data: ]
[valid: ]
[num_iterations: 120]
[learning_rate: 0.05]
[num_leaves: 31]
[num_threads: -1]
[seed: 0]
[deterministic: 0]
[force_col_wise: 1]
[force_row_wise: 0]
[histogram_pool_size: -1]
[max_depth: -1]
[min_data_in_leaf: 40]
[min_sum_hessian_in_leaf: 0.001]
[bagging_fraction: 0.85]
[pos_bagging_fraction: 1]
[neg_bagging_fraction: 1]
[bagging_freq: 1]
[bagging_seed: 3]
[bagging_by_query: 0]
[feature_fraction: 0.85]
[feature_fraction_bynode: 1]
[feature_fraction_seed: 2]
[extra_trees: 0]
[extra_seed: 6]
[early_stopping_round: 0]
[early_stopping_min_delta: 0]
[first_metric_only: 0]
[max_delta_step: 0]
[lambda_l1: 0]
[lambda_l2: 0]
[linear_lambda: 0]
[min_gain_to_split: 0]
[drop_rate: 0.1]
[max_drop: 50]
[skip_drop: 0.5]
[xgboost_dart_mode: 0]
[uniform_drop: 0]
[drop_seed: 4]
[top_rate: 0.2]
[other_rate: 0.1]
[min_data_per_group: 100]
[max_cat_threshold: 32]
[cat_l2: 10]
[cat_smooth: 10]
[max_cat_to_onehot: 4]
[top_k: 20]
[monotone_constraints: ]
[monotone_constraints_method: basic]
[monotone_penalty: 0]
[feature_contri: ]
[forcedsplits_filename: ]
[refit_decay_rate: 0.9]
[cegb_tradeoff: 1]
[cegb_penalty_split: 0]
[cegb_penalty_feature_lazy: ]
[cegb_penalty_feature_coupled: ]
[path_smooth: 0]
[interaction_constraints: ]
[verbosity: -1]
[saved_feature_importance_type: 0]
[use_quantized_grad: 0]
[num_grad_quant_bins: 4]
[quant_train_renew_leaf: 0]
[stochastic_rounding: 1]
[linear_tree: 0]
[max_bin: 255]
[max_bin_by_feature: ]
[min_data_in_bin: 3]
[bin_construct_sample_cnt: 200000]
[data_random_seed: 1]
[is_enable_sparse: 1]
[enable_bundle: 1]
[use_missing: 1]
[zero_as_missing: 0]
[feature_pre_filter: 1]
[pre_partition: 0]
[two_round: 0]
[header: 0]
[label_column: ]
[weight_column: ]
[group_column: ]
[ignore_column: ]
[categorical_feature: ]
[forcedbins_filename: ]
[precise_float_parser: 0]
[parser_config_file: ]
[objective_seed: 5]
[num_class: 1]
[is_unbalance: 0]
[scale_pos_weight: 1]
[sigmoid: 1]
[boost_from_average: 1]
[reg_sqrt: 0]
[alpha: 0.5]
[fair_c: 1]
[poisson_max_delta_step: 0.7]
[tweedie_variance_power: 1.5]
[lambdarank_truncation_level: 30]
[lambdarank_norm: 1]
[label_gain: ]
[lambdarank_position_bias_regularization: 0]
[eval_at: ]
[multi_error_top_k: 1]
[auc_mu_weights: ]
[num_machines: 1]
[local_listen_port: 12400]
[time_out: 120]
[machine_list_filename: ]
[machines: ]
[gpu_platform_id: -1]
[gpu_device_id: -1]
[gpu_device_id_list: ]
[gpu_use_dp: 0]
[num_gpu: 1]

end of parameters

pandas_categorical:[]
