tree
version=v4
num_class=1
num_tree_per_iteration=1
label_index=0
max_feature_idx=16
objective=quantile
feature_names=ret_1d ret_5d ret_20d overnight_gap atr_pct parkinson_20 dvol_z_20 dist_ma20 dist_ma50 dist_ma200 spy_ret_1d spy_ret_5d spy_ret_20d vix_level vix_chg_1d sector_ret_1d sector_ret_5d
feature_infos=[-0.36626226916931681:0.70247658502878108] [-0.48252200127121203:1.1251355924849222] [-0.60685567956864706:2.169683297733493] [-0.2999951128702113:0.81091037918768527] [0.0032988724806232487:0.25940783354984664] [0:0.14307659814888143] [-3.2907615304949616:4.3572650102159498] [-0.46576173674646171:0.95360892160540733] [-0.53223618031946573:1.2955511739187724] [-0.73774673575219962:3.8068149082611287] [-0.058542971330535654:0.10501930183911301] [-0.11496151859245618:0.082843162776128354] [-0.1226559005192206:0.15756591020035837] [11.859999656677246:52.330001831054688] [-0.35753873962348437:0.74039073966007019] [-0.091999030713283303:0.13425697132599002] [-0.18680848466589095:0.11773217696052685]
tree_sizes=3116 3128 3078 3154 3061 3120 3167 3141 3129 3126 3098 3180 3161 3131 3146 3177 3178 3141 3128 3158 3137 3164 3154 3153 3167 3156 3140 3157 3140 3107 3146 3125 3188 3149 3179 3117 3162 3172 3155 3136 3147 3123 3132 3177

Tree=0
num_leaves=31
num_cat=0
split_feature=10 8 10 12 4 12 13 13 12 4 12 13 3 14 8 16 10 10 14 13 13 10 10 16 12 12 14 14 9 13
split_gain=132.946 71.4535 69.4112 69.141 49.4324 48.3852 42.8702 141.216 85.6326 36.9491 27.474 25.7082 25.5644 25.0743 19.7381 19.4923 18.8356 43.2472 45.0128 23.8625 28.8805 17.7914 74.436 15.4088 13.9772 47.7223 25.0465 29.3407 36.6751 17.713
threshold=0.06903334451863076 0.35151420868843569 0.016350116268756935 -0.0013043868274282275 0.024635091924004374 0.0011335726897910849 30.345000267028812 28.970000267028812 -0.042339723299349867 0.038156884538655282 0.057354881634701156 18.015000343322757 -0.0035288698468039499 -0.078457350194131512 -0.047329506610510157 -0.021227959630086665 -0.017312000709356064 -0.020247544478179221 0.24994374642796716 24.385000228881839 24.19999980926514 -0.0024295590031904175 -0.0025714907564299279 -0.052831729765246686 -0.005215251084133842 -0.0093119022308690274 0.12823776336165052 0.079095926518506735 -0.27450680122793253 19.329999923706058
decision_type=2 8 2 2 2 2 2 2 2 2 2 2 2 2 10 2 2 2 2 2 2 2 2 2 2 2 2 2 10 2
left_child=1 4 3 23 12 -5 7 13 14 -2 21 -12 -1 -6 -9 -4 17 -15 -19 20 24 22 -7 -3 25 -18 27 29 -29 -27
right_child=9 2 15 5 6 10 -8 8 -10 -11 11 -13 -14 16 -16 -17 19 18 -20 -21 -22 -23 -24 -25 -26 26 -28 28 -30 -31
leaf_value=-0.0013291846455030709 -0.0017065660519653084 -0.0018863359498819375 -0.0027606214686903717 -0.0018608237460090598 -0.0012281270806497849 -0.0013962668374239671 -0.00077142089828276662 -0.0029256138089228338 -0.0015253111999573685 -0.0030366999313772109 -0.0013520085688925915 -0.0016733759452448814 -0.0012699416535949294 -0.0011842180891512533 -0.0018138014121325111 -0.0019549312417591349 -0.0013704045265947658 -0.0015774859015712187 -0.0023181578769924565 -0.0011616754865948289 -0.0019529412164978916 -0.0012710765828120808 -0.0017818110161678708 -0.0012377855529381494 -0.001343514513120557 -0.0017410975230439433 -0.0011234692643776953 -0.00086887720437148577 -0.0022074815440326087 -0.0013785612580777163
leaf_weight=41074 144 386 176 451 13615 1912 4576 467 746 278 601 1745 156009 1166 215 267 18700 1175 287 8205 325 2023 416 5662 84521 1504 585 202 742 1188
leaf_count=41074 144 386 176 451 13615 1912 4576 467 746 278 601 1745 156009 1166 215 267 18700 1175 287 8205 325 2023 416 5662 84521 1504 585 202 742 1188
internal_value=-0.00131857 -0.00128465 -0.00483224 -0.00417869 -0.00114035 -0.00750782 -0.00186528 -0.00202823 -0.0176674 -0.0293658 -0.00644029 -0.0108016 -0.000631936 -0.00185931 -0.0304731 -0.0242999 -0.00209261 -0.00627844 -0.0120066 -0.00199776 -0.00219566 -0.00408871 -0.00706919 -0.00024407 -0.00215064 -0.00324575 -0.00804781 -0.00959271 -0.0171775 -0.00693296
internal_weight=349363 348941 13639 13196 335302 7148 138219 133643 1428 422 6697 2346 197083 132215 682 443 118600 2628 1462 115972 107767 4351 2328 6048 107442 22921 4221 3636 944 2692
internal_count=349363 348941 13639 13196 335302 7148 138219 133643 1428 422 6697 2346 197083 132215 682 443 118600 2628 1462 115972 107767 4351 2328 6048 107442 22921 4221 3636 944 2692
is_linear=0
shrinkage=1


Tree=1
num_leaves=31
num_cat=0
split_feature=10 8 10 12 4 12 13 13 12 4 14 16 8 3 12 13 11 10 14 10 14 7 12 12 11 12 13 13 11 10
split_gain=122.486 61.9582 63.9052 63.5726 43.6366 42.9286 41.4256 119.55 61.9524 39.1583 23.6354 22.0878 21.5728 20.6986 19.5472 20.7131 19.2457 61.4757 59.0168 22.7582 20.0328 15.9643 15.652 39.4907 28.8142 41.2336 18.4703 26.0788 45.4929 38.8657
threshold=0.06903334451863076 0.35151420868843569 0.016350116268756935 -0.0013043868274282275 0.024635091924004374 0.0011335726897910849 30.345000267028812 28.970000267028812 -0.042339723299349867 0.038997702667401164 -0.078457350194131512 -0.021227959630086665 -0.063106071131630123 -0.0035288698468039499 0.057354881634701156 18.015000343322757 -0.022762768939498131 0.0041080829558171059 0.24994374642796716 -0.020247544478179221 0.02886495700878167 -0.013535617581766855 -0.005215251084133842 -0.0093119022308690274 -0.013624975324509013 -0.007281546892151213 17.494999885559086 18.675000190734867 0.0033857060530237963 0.006337694363773628
decision_type=2 8 2 2 2 2 2 2 2 2 2 2 10 2 2 2 2 2 2 2 2 2 2 2 2 2 2 2 2 2
left_child=1 4 3 -3 13 -5 7 10 12 -2 -6 -4 -9 -1 -7 -16 17 -12 22 -20 21 -19 23 26 -25 -26 -18 28 -28 -30
right_child=9 2 11 5 6 14 -8 8 -10 -11 16 -13 -14 -15 15 -17 18 20 19 -21 -22 -23 -24 24 25 -27 27 -29 29 -31
leaf_value=-1.6850538881738738e-05 -0.00033324345301314018 5.5132979678467392e-05 -0.0013931660741999133 -0.00051657033125567171 8.1946838848275433e-05 -0.00014772204000019606 0.00050536215714433225 -0.0015512277400935904 -0.00021196275286902868 -0.0017203667186466067 0.00022888181249644093 -0.00068875669925849183 -0.00047808254883528062 3.6611449143136216e-05 -2.0548145948591134e-05 -0.00035889938580365598 0.00010835298364884861 -0.00099755080283363512 -4.7599559659072616e-06 -0.00098046606648235558 8.9566699448490029e-05 -0.00014614230404739589 -3.2350595776433484e-05 0.00048064760605425638 -0.00040905212125390234 -0.00076059999657210613 -7.4718867542437233e-05 -7.8391776974262884e-05 -0.0010182657538140194 0.00049117445222185419
leaf_weight=41072 152 6027 167 433 13648 4307 4624 426 733 272 8327 274 263 155817 591 1762 4208 413 103 282 211 175 84496 497 2318 701 1427 14664 575 160
leaf_count=41072 152 6027 167 433 13648 4307 4624 426 733 272 8327 274 263 155817 591 1762 4208 413 103 282 211 175 84496 497 2318 701 1427 14664 575 160
internal_value=1.79737e-05 5.0631e-05 -0.00326266 -0.00263338 0.000184699 -0.00584167 -0.000496163 -0.000657165 -0.0150774 -0.0268396 -0.000502061 -0.0219841 -0.0258418 0.000662785 -0.00484985 -0.00851466 -0.00072889 0.0014771 -0.000912858 -0.0204545 -0.011771 -0.0165136 -0.000843864 -0.00195519 -0.00686007 -0.00869659 -0.0011353 -0.00187626 -0.00700277 -0.0171088
internal_weight=349125 348701 13561 13120 335140 7093 138251 133627 1422 424 132205 441 689 196889 6660 2353 118557 9126 109431 385 799 588 109046 24550 3516 3019 21034 16826 2162 735
internal_count=349125 348701 13561 13120 335140 7093 138251 133627 1422 424 132205 441 689 196889 6660 2353 118557 9126 109431 385 799 588 109046 24550 3516 3019 21034 16826 2162 735
is_linear=0
shrinkage=0.05


Tree=2
num_leaves=31
num_cat=0
split_feature=4 12 8 3 12 3 13 0 13 11 13 12 12 13 8 11 3 12 12 11 11 12 12 12 11 13 11 13 13 13
split_gain=57.4105 32.1327 31.3005 29.4845 30.0144 29.1775 26.5439 116.072 86.6455 49.0075 24.3362 22.5501 24.5165 22.8315 21.9723 21.4584 19.3803 18.038 45.1942 70.6429 20.831 17.5827 16.5508 16.1964 16.3212 15.9059 29.282 44.1441 15.8667 77.6287
threshold=0.03011640285305987 -0.075828258528587975 inf 0.01095759417383846 0.00075812242422568243 -0.0035288698468039499 28.970000267028812 0.064217648621686566 30.750000000000004 -0.020508631147506503 22.730000495910648 0.029183090809846383 0.02859938253974537 18.904999732971195 inf -0.010482872844075284 0.016791328246870466 -0.005215251084133842 -0.007281546892151213 -0.011940050299307501 -0.0042559755894635001 -0.026063395053075141 -0.042339723299349867 0.00075812242422568243 -0.0237759721784318 14.184999942779543 0.002577635332758899 14.164999961853029 21.409999847412113 21.555000305175785
decision_type=2 2 8 2 2 2 2 2 2 2 2 2 2 2 8 2 2 2 2 2 2 2 2 2 2 2 2 2 2 2
left_child=2 -2 5 4 -4 17 14 8 9 -8 -5 12 15 -13 -3 -6 23 18 28 -20 -19 -7 -11 -16 -25 26 -22 -28 -1 -30
right_child=1 6 3 10 11 21 7 -9 -10 22 -12 13 -14 -15 16 -17 -18 20 19 -21 25 -23 -24 24 -26 -27 27 -29 29 -31
leaf_value=1.5657137008267293e-05 0.00050636757177517438 -6.8381314923815603e-05 4.4742964207345693e-05 -0.00029936376627219909 -0.00034523043444931439 0.00010452655755993157 -0.0018025405652478774 -0.0015052643859808799 0.00025808527589601287 -0.00041679588883899304 -0.00092470125665005244 -0.00021485572979102518 -0.0003611993858231147 2.9947129352870022e-05 -6.8155864624185053e-06 0.00035124021717020413 -0.00109804554734288 9.5690206329951145e-05 0.00024018904462573705 -0.0004171904694299513 -0.00022538923098778453 2.485191760304335e-05 -0.00020426726091539113 -0.00070412781408013807 -0.00028891821735216463 8.5792870269365799e-06 -8.4297646549587634e-06 -0.00039871154459776391 -0.0021931959524099415 -0.00010387556442255915
leaf_weight=7643 3280 72453 4552 308 289 19960 186 286 2123 385 181 1548 304 1772 1345 292 250 10344 520 723 2399 179720 633 77 1430 22636 8522 290 320 4745
leaf_count=7643 3280 72453 4552 308 289 19960 186 286 2123 385 181 1548 304 1772 1345 292 250 10344 520 723 2399 179720 633 77 1430 22636 8522 290 320 4745
internal_value=2.3404e-05 -0.00112992 0.000379454 -0.00247891 -0.00181169 0.000481961 -0.00133084 -0.00551758 -0.00288999 -0.0136047 -0.0144274 -0.00485731 -0.0119492 -0.00296687 -0.00113063 -0.00592943 -0.00525145 -0.000503766 -0.00207118 -0.0111706 -8.93829e-06 0.000768981 -0.00929273 -0.00408135 -0.00764101 -0.000609064 -0.00214923 -0.000815933 -0.00118115 -0.00335143
internal_weight=349516 82448 267068 9246 8757 257822 79168 3613 3327 1204 489 4205 885 3320 75555 581 3102 58142 13951 1243 44191 199680 1018 2852 1507 33847 11211 8812 12708 5065
internal_count=349516 82448 267068 9246 8757 257822 79168 3613 3327 1204 489 4205 885 3320 75555 581 3102 58142 13951 1243 44191 199680 1018 2852 1507 33847 11211 8812 12708 5065
is_linear=0
shrinkage=0.05


Tree=3
num_leaves=31
num_cat=0
split_feature=10 8 10 12 8 3 14 14 12 10 11 10 10 13 16 12 11 14 10 12 12 13 13 11 14 11 12 10 10 11
split_gain=104.708 48.166 49.5051 47.2384 37.3564 35.7564 40.6463 57.8838 139.181 38.3565 73.6165 52.9334 39.7691 27.6977 21.4095 19.1196 18.2396 22.7919 32.9567 20.2896 17.9701 42.8867 78.5312 52.9458 30.2261 25.1466 17.5923 29.7547 16.4255 42.0753
threshold=0.06903334451863076 0.35151420868843569 0.016350116268756935 -0.0013043868274282275 -0.058100736777864252 -0.0052817098352617711 0.22590160926733996 0.45247854199056486 -0.0077540971574964193 -0.0060493292963074699 0.015152806552143018 -0.0055671377170214966 -0.0056690374548943314 21.134999275207523 -0.021227959630086665 0.082959740110242888 -0.020508631147506503 -0.036818887874406285 -0.0051366845172721711 0.11156893092539701 -0.005215251084133842 23.409999847412113 21.409999847412113 -0.0071962553700703471 -0.017647948149660749 0.0057609593190406381 -0.05793872793170584 0.0076450481048171435 -0.0017418859842210919 0.0010676984150611581
decision_type=2 8 2 2 10 2 2 2 2 2 2 2 2 2 2 2 2 2 2 2 2 2 2 2 2 2 2 2 2 2
left_child=1 5 3 -3 -2 6 9 8 -8 10 -1 12 -11 15 -4 -5 -7 18 -18 28 21 22 24 -24 -13 -25 27 -20 -19 -30
right_child=4 2 14 13 -6 16 7 -9 -10 11 -12 20 -14 -15 -16 -17 17 19 26 -21 -22 -23 23 25 -26 -27 -28 -29 29 -31
leaf_value=0.00012518461606173618 -0.0014555871974959729 4.7867209278701256e-05 -0.0012908482032552623 -0.00014177153202665887 -0.0005730321779918204 0.00010046278902529549 -0.0013953807146311653 0.00044260190479144509 -4.1566968275582464e-05 -0.0001141069871742399 -0.00028281268678457752 7.8799705461762238e-05 -0.00078297856985043858 -0.00045229934151800152 -0.0005406386183882684 -0.00035648995729309975 -0.00025880944737090137 3.4749228711923358e-05 -0.00041060034990632359 -0.00019611306844515079 -3.4767207527686192e-05 8.336024255046966e-05 -0.00027945216780474945 -0.0032163144426466672 -0.00025515471279361586 -0.00073318060102041469 5.5149429707752518e-05 -3.1455812449108901e-06 -9.5010515304057549e-05 7.7655382878168448e-06
leaf_weight=16147 225 6113 164 5760 197 22649 581 739 866 576 323 2495 511 429 269 958 399 62639 399 1381 31951 3281 626 296 2616 519 72815 1144 24662 87637
leaf_count=16147 225 6113 164 5760 197 22649 581 739 866 576 323 2495 511 429 269 958 399 62639 399 1381 31951 3281 626 296 2616 519 72815 1144 24662 87637
internal_value=3.31602e-05 6.32623e-05 -0.00284342 -0.00230015 -0.0248578 0.000181983 -0.000907163 -0.00760293 -0.0134174 -0.000660504 0.00139041 -0.00144841 -0.0123413 -0.00506016 -0.0194804 -0.00427359 0.000426797 0.000304211 0.00103582 -5.98329e-06 -0.00116504 -0.00303417 -0.00537088 -0.0156801 -0.00246429 -0.0240798 0.00111273 -0.00417045 4.16721e-05 -0.000320172
internal_weight=349367 348945 13693 13260 422 335252 61527 2186 1447 59341 16470 42871 1087 7147 433 6718 273725 251076 74757 176319 41784 9833 6552 1441 5111 815 74358 1543 174938 112299
internal_count=349367 348945 13693 13260 422 335252 61527 2186 1447 59341 16470 42871 1087 7147 433 6718 273725 251076 74757 176319 41784 9833 6552 1441 5111 815 74358 1543 174938 112299
is_linear=0
shrinkage=0.05


Tree=4
num_leaves=31
num_cat=0
split_feature=4 15 13 13 13 15 8 14 14 4 3 8 14 13 13 14 13 13 13 13 3 14 14 13 13 7 15 14 14 14
split_gain=51.2883 60.7162 52.156 40.1491 62.3759 46.7002 25.9928 33.7843 27.5369 25.5677 18.8643 17.8988 25.1043 16.8767 25.9014 32.4321 20.7279 24.4896 18.0321 17.7212 16.4373 14.2505 37.374 28.6768 39.0659 13.9245 13.1089 20.5107 13.0616 13.8898
threshold=0.030785389155059097 0.037331228257165068 31.844999313354496 30.345000267028812 28.970000267028812 -0.020989620954321716 inf -0.081825770158787711 -0.036818887874406285 0.041466386179885732 -0.0035288698468039499 inf -0.096084571305829466 24.385000228881839 22.429999351501468 0.12115074894469659 23.409999847412113 22.930000305175785 23.265000343322757 24.119999885559086 0.011662815827783281 0.083482873400912663 0.081032983629692037 23.265000343322757 23.529999732971195 -0.064559802794730323 -0.040614005752933995 0.45247854199056486 -0.069419882954705067 -0.067149022617353324
decision_type=2 2 2 2 2 2 8 2 2 2 2 8 2 2 2 2 2 2 2 2 2 2 2 2 2 2 2 2 2 2
left_child=6 3 -3 4 11 -6 8 20 -1 -4 21 13 -13 14 28 16 17 -16 -17 -18 -8 22 -10 -23 -25 -19 27 -26 -2 -30
right_child=1 2 9 -5 5 -7 7 -9 10 -11 -12 12 -14 -15 15 18 19 25 -20 -21 -22 23 -24 24 26 -27 -28 -29 29 -31
leaf_value=5.5407160783142679e-05 6.0270448941756868e-05 -8.7434512490007968e-05 -0.00037823931885225698 0.00047704425634781356 -0.0017611901049007278 -0.0003158853244711758 -0.00016002023596583701 -6.9327478251788075e-05 -4.2326999721577827e-05 -0.0015066815720698786 1.7601606672073014e-05 -0.0012885339085748927 -0.0002463233492493972 9.6690897861609196e-05 -0.0001882504000314434 -0.00041297936177142825 0.00012281804800761298 -0.0013649531425563243 -0.00091782735360131085 -0.00034186547535681978 -0.00088227138149964211 0.00012456403939784257 -0.00019962669584627828 -0.00079344685546539747 -0.0011823255475211199 -0.00069843740625030195 -4.7554696076719931e-05 4.0283039731409413e-05 -0.00058641003531377891 -7.4271561209955224e-05
leaf_weight=67163 7777 365 147 3821 159 1042 133 9113 38416 246 144997 126 2709 6867 520 260 1848 167 373 1107 169 8669 830 121 126 148 1847 130 562 48703
leaf_count=67163 7777 365 147 3821 159 1042 133 9113 38416 246 144997 126 2709 6867 520 260 1848 167 373 1107 169 8669 830 121 126 148 1847 130 562 48703
internal_value=3.60094e-05 -0.00110355 -0.0151847 -0.000963459 -0.0012272 -0.0125271 0.000358723 -0.00222252 0.000451374 -0.0278244 0.000150818 -0.00103651 -0.00492945 -0.000874992 -0.00113764 -0.00482365 -0.00307388 -0.0100299 -0.0153002 -0.00110829 -0.0186755 -0.000685195 -0.00112929 0.000914808 -0.00415018 -0.0210317 -0.00256063 -0.0131641 -0.000851828 -0.00115244
internal_weight=348661 76947 758 76189 72368 1201 271714 9415 262299 393 195136 71167 2835 68332 61465 4423 3790 835 633 2955 302 50139 39246 10893 2224 315 2103 256 57042 49265
internal_count=348661 76947 758 76189 72368 1201 271714 9415 262299 393 195136 71167 2835 68332 61465 4423 3790 835 633 2955 302 50139 39246 10893 2224 315 2103 256 57042 49265
is_linear=0
shrinkage=0.05


Tree=5
num_leaves=31
num_cat=0
split_feature=10 4 4 8 10 12 11 12 15 11 11 10 10 10 11 10 7 11 12 10 11 5 9 12 12 11 10 10 11 12
split_gain=84.954 42.296 38.2204 28.7481 38.23 33.5298 27.7972 23.1374 41.2963 70.0942 18.755 30.7416 28.4248 21.7034 18.2309 32.5496 17.431 16.4607 17.697 20.5318 17.541 16.4283 15.9721 15.6655 69.2696 28.1548 25.8512 111.911 34.7027 63.1486
threshold=0.06903334451863076 0.022478188303395225 0.044010543360611047 inf 0.016350116268756935 0.00075812242422568243 -0.0237759721784318 -0.075828258528587975 -0.040614005752933995 -0.040606283895635913 -0.022762768939498131 0.0041080829558171059 -0.017312000709356064 0.006684196327708559 -0.021144103651132392 -0.020247544478179221 -0.02212296641681832 -0.020508631147506503 -0.062212447341067838 0.010824112764753148 0.023085169776383866 0.030214416445156995 -0.23174397357067286 -0.005215251084133842 -0.007281546892151213 -0.011940050299307501 0.006337694363773628 0.0063034677603397435 0.0057609593190406381 -0.026063395053075141
decision_type=2 2 2 8 2 2 2 2 2 2 2 2 2 2 2 2 2 2 2 2 2 2 10 2 2 2 2 2 2 2
left_child=1 -1 -2 7 5 -5 -7 -3 9 -9 11 -10 14 16 15 -12 22 -14 19 21 23 -19 -13 24 26 -26 27 28 -20 -30
right_child=2 3 -4 4 -6 6 -8 8 10 -11 12 13 17 -15 -16 -17 -18 18 20 -21 -22 -23 -24 -25 25 -27 -28 -29 29 -31
leaf_value=2.479784801543173e-05 -0.00030832718704385832 0.00032954199986611344 -0.0014768252755013233 5.796849390127117e-05 -0.0010479582291680564 -0.00053928654385039813 -0.0002020531144625924 -0.0014658247510584779 0.000205347185150422 -4.8762203006093e-05 0.00036956401266002549 -0.00013394687696125597 0.00016788211759936531 -4.7262170680373537e-05 -1.7327607062462452e-05 -0.00058479263373568198 -0.00010599307573258444 -0.0001592893880573649 -3.8149093011789395e-05 4.1543912113361353e-05 3.8189926281242223e-05 -0.00053256792769325334 -0.0013262903808586098 -2.4789664439319864e-05 0.00058403093990874754 -0.00048599762696892134 7.1620541745480597e-05 -0.003102905386176785 0.00018786753473419348 -0.00068556522079738717
leaf_weight=167967 211 4592 211 3309 298 240 3816 246 9928 465 337 114 3517 1055 830 951 181 915 12569 784 26599 236 170 97158 217 1211 7823 253 1078 1942
leaf_count=167967 211 4592 211 3309 298 240 3816 246 9928 465 337 114 3517 1055 830 951 181 915 12569 784 26599 236 170 97158 217 1211 7823 253 1078 1942
internal_value=5.07271e-05 7.78526e-05 -0.0223697 -0.000452791 -0.00344969 -0.00273931 -0.00578649 -0.000320175 -0.000415562 -0.0124402 -0.000364632 0.00158892 -0.000507608 -0.00503289 -0.00626062 -0.00998447 -0.0140323 -0.00042864 -0.00050751 -0.0052584 -0.000445751 -0.00950912 -0.0217606 -0.000698931 -0.00181266 -0.012507 -0.00116734 -0.00232862 -0.00179325 -0.00660596
internal_weight=349223 348801 422 180834 7663 7365 4056 173171 168579 711 167868 11448 156420 1520 2118 1288 465 154302 150785 1935 148850 1151 284 122251 25093 1428 23665 15842 15589 3020
internal_count=349223 348801 422 180834 7663 7365 4056 173171 168579 711 167868 11448 156420 1520 2118 1288 465 154302 150785 1935 148850 1151 284 122251 25093 1428 23665 15842 15589 3020
is_linear=0
shrinkage=0.05


Tree=6
num_leaves=31
num_cat=0
split_feature=10 4 8 10 12 3 14 14 12 10 11 10 10 11 4 16 14 10 10 10 14 12 10 10 11 11 11 10 12 12
split_gain=92.7892 38.4567 37.966 38.2884 38.7004 29.9044 34.0296 47.5026 108.892 33.3534 58.8248 50.927 35.6263 26.7047 19.6172 18.5743 16.9686 25.3132 22.291 32.5768 35.8269 114.504 29.0924 25.038 22.0571 16.8912 106.934 52.7683 24.315 39.1538
threshold=0.06903334451863076 0.042074620402019446 0.27434669229613268 0.016350116268756935 -0.00022029863059441765 -0.0050525958282289221 0.22590160926733996 0.45247854199056486 -0.0077540971574964193 -0.0060493292963074699 0.015152806552143018 -0.0055671377170214966 -0.0056690374548943314 -0.025492153007652226 0.030785389155059097 -0.021227959630086665 -0.036818887874406285 -0.0051366845172721711 -0.0017418859842210919 0.0044245853053562776 0.077019604552505241 0.038546150430795463 -0.001475294192564147 0.010510737947986739 0.030916964079815371 0.0010676984150611581 0.00053831818388905283 0.0036023274720613512 -0.0093119022308690274 -0.025396955116120775
decision_type=2 2 8 2 2 2 2 2 2 2 2 2 2 2 2 2 2 2 2 2 2 2 2 2 2 2 2 2 2 2
left_child=2 -2 5 4 -4 6 9 8 -8 10 -1 12 -11 -6 16 -5 17 -7 -18 20 22 -22 -20 -21 -25 26 27 -24 29 -27
right_child=1 -3 3 15 13 14 7 -9 -10 11 -12 -13 -14 -15 -16 -17 18 -19 19 23 21 -23 25 24 -26 28 -28 -29 -30 -31
leaf_value=0.00011391529163698703 -0.00030046699941878871 -0.0013880813671739876 5.2661029346225146e-05 -0.0011384880177120326 -0.00040825749764297368 -0.0002389104436893829 -0.0011584080695394535 0.00041431206420320928 -4.6884783556047005e-05 -0.00012049693775832598 -0.00023032317088951881 -5.5762433052777353e-05 -0.00069364031710338839 -0.00015795556574674447 -3.3528709115816239e-05 -0.00046423508287108919 4.8475447359773601e-05 5.3656192417121152e-05 -0.00015684150081198532 7.1663020454542907e-05 8.550845346688734e-05 -0.00061148412672565008 7.4907243855310761e-06 -0.00016624442392599442 7.5790240266167399e-05 9.8813474669504078e-05 -0.00068439578981826501 -0.00017435289444078491 1.3129899609826558e-05 -0.00033148888256113426
leaf_weight=16611 192 246 6268 172 439 342 583 711 859 603 354 43372 521 7887 49874 289 64081 60564 2688 26020 1256 697 12682 1911 1385 987 702 1587 44273 916
leaf_count=16611 192 246 6268 172 439 342 583 711 859 603 354 43372 521 7887 49874 289 64081 60564 2688 26020 1256 697 12682 1911 1385 987 702 1587 44273 916
internal_value=3.0968e-05 -0.022968 5.98624e-05 -0.00239621 -0.00194806 0.000170709 -0.00080454 -0.00698328 -0.0121983 -0.000588096 0.00129826 -0.00130731 -0.0118149 -0.00418208 0.000400515 -0.0165835 0.00060341 0.00131317 0.000331847 -0.000153831 -0.000771569 -0.0074424 -0.000567478 0.00123243 -0.00287318 -0.00034368 -0.00180315 -0.000865863 0.000129505 -0.00540462
internal_weight=349072 438 348634 15055 14594 333579 63614 2153 1442 61461 16965 44496 1124 8326 269965 461 220091 60906 159185 95104 65788 1953 63835 29316 3296 61147 14971 14269 46176 1903
internal_count=349072 438 348634 15055 14594 333579 63614 2153 1442 61461 16965 44496 1124 8326 269965 461 220091 60906 159185 95104 65788 1953 63835 29316 3296 61147 14971 14269 46176 1903
is_linear=0
shrinkage=0.05


Tree=7
num_leaves=31
num_cat=0
split_feature=10 4 4 12 15 11 8 14 12 11 11 14 10 10 12 14 12 2 14 10 11 11 10 11 10 3 9 1 10 11
split_gain=76.6624 38.2566 34.719 23.5515 39.4662 60.1866 20.234 26.6818 26.1595 21.6802 14.5163 38.7673 25.605 21.2956 18.4912 18.6381 23.1978 14.7769 14.0103 29.2562 24.1887 20.7499 29.1459 58.9094 28.6673 17.2428 17.3198 15.5828 15.3297 48.5189
threshold=0.06903334451863076 0.024635091924004374 0.044010543360611047 -0.075828258528587975 -0.040614005752933995 -0.040606283895635913 inf -0.096084571305829466 0.00075812242422568243 -0.023458930823045284 -0.023458930823045284 0.24994374642796716 0.0041080829558171059 0.006684196327708559 -0.062212447341067838 -0.037374592254897913 0.11156893092539701 -0.096908702574642666 -0.036818887874406285 0.010510737947986739 0.030916964079815371 -0.0071962553700703471 0.0044245853053562776 -0.0038430615531924168 0.0064542446486700608 -0.0013800293578433152 -0.13868572780540575 0.00070098555038444765 -0.0039079154947589392 0.0010676984150611581
decision_type=2 2 2 2 2 2 8 2 2 2 2 2 2 2 2 2 2 2 2 2 2 2 2 2 2 2 10 2 2 2
left_child=1 18 -2 -3 5 -5 10 -8 -9 -10 12 14 -6 17 -12 -16 -17 -14 -1 21 25 -20 28 24 27 26 -21 -24 -23 -30
right_child=2 3 -4 4 6 -7 7 8 9 -11 11 -13 13 -15 15 16 -18 -19 19 20 -22 22 23 -25 -26 -27 -28 -29 29 -31
leaf_value=4.8615018042224427e-05 -0.00023192275178191628 0.0003444194574701509 -0.001342902389798349 -0.0014101521519730813 0.00020683300991687945 -0.000210071324096121 -0.0010224532332598021 5.736257600473427e-05 -0.0005645120790147163 -0.00020979513799099293 -0.00017839739698896577 -0.00070354670455264169 -0.0012481583129296081 -5.0923385898640158e-05 2.5797008496410905e-05 -4.9981716346130575e-05 -0.00026526577136589487 -0.00041248649025695016 6.6147593208028084e-05 1.5891046485379549e-05 7.0359855918575837e-05 3.69681052017774e-05 -0.001049861546966331 8.8516369490523319e-05 7.568333273958632e-06 -0.00012196958769134659 -0.00033852189986771663 -0.0006324203620618477 -0.00011639603767429576 -2.7539056873716073e-06
leaf_weight=50758 205 4265 212 208 7852 432 240 2553 189 2945 2655 337 122 873 35892 84848 1476 256 35378 135 1066 22775 264 20591 327 1606 449 258 13069 57070
leaf_count=50758 205 4265 212 208 7852 432 240 2553 189 2945 2655 337 122 873 35892 84848 1476 256 35378 135 1066 22775 264 20591 327 1606 449 258 13069 57070
internal_value=4.675e-05 7.23584e-05 -0.0213789 -0.000547977 -0.000658797 -0.0130469 -0.000602262 -0.00346128 -0.00277211 -0.0058328 -0.000476096 -0.000616254 0.00145172 -0.00519185 -0.000570549 -0.00048087 -0.000879014 -0.0151058 0.000514268 0.000275447 -0.00441339 0.000377408 5.00203e-05 0.00171175 -0.0111955 -0.00742009 -0.0147774 -0.0184674 -0.000333426 -0.000699397
internal_weight=349306 348889 417 145143 140878 640 140238 5927 5687 3134 134311 125208 9103 1251 124871 122216 86324 378 203746 152988 3256 149732 114354 21440 849 2190 584 522 92914 70139
internal_count=349306 348889 417 145143 140878 640 140238 5927 5687 3134 134311 125208 9103 1251 124871 122216 86324 378 203746 152988 3256 149732 114354 21440 849 2190 584 522 92914 70139
is_linear=0
shrinkage=0.05


Tree=8
num_leaves=31
num_cat=0
split_feature=10 4 4 13 13 10 3 10 11 14 12 12 15 10 10 8 10 10 8 10 12 14 11 13 13 12 14 11 12 13
split_gain=69.3474 33.1473 32.7618 34.6747 53.1425 46.1517 16.4683 14.884 18.7653 18.3727 14.6327 41.3831 14.8059 25.4781 31.4541 14.7808 14.5668 19.5908 14.3327 18.1458 17.6589 15.5382 15.1968 14.0743 28.5344 42.0571 19.3659 16.3077 18.3772 29.1421
threshold=0.06903334451863076 0.043299858552477193 0.02782910815244561 30.345000267028812 28.970000267028812 -0.013327781970057238 -0.0036966929359280028 -0.029463592833469218 -0.0071962553700703471 0.45247854199056486 -0.005215251084133842 -0.0066426412641200075 -0.005316214321073375 0.006337694363773628 0.0063034677603397435 0.0075823826091083743 0.0040309091899630731 0.0042130189286166972 inf 0.016350116268756935 0.00075812242422568243 -0.078457350194131512 -0.0237759721784318 24.385000228881839 22.730000495910648 -0.038043904409190692 -0.039568606403770572 -0.020508631147506503 -0.005215251084133842 21.409999847412113
decision_type=2 2 2 2 2 2 2 2 2 2 2 2 2 2 2 10 2 2 8 2 2 2 2 2 2 2 2 2 2 2
left_child=2 -2 6 4 18 -6 7 9 16 -1 11 12 -10 14 -14 -16 -9 -18 21 20 -20 -4 -22 24 27 -26 -27 -23 29 -29
right_child=1 -3 3 -5 5 -7 -8 8 10 -11 -12 -13 13 -15 15 -17 17 -19 19 -21 22 23 -24 -25 25 26 -28 28 -30 -31
leaf_value=-0.00091443600868583029 -0.00027585161344943938 -0.0011585437782602633 7.0813218231896748e-05 0.00042218091459489876 -0.0014425151594499416 -0.00022313419248601256 2.4473812107353981e-05 8.8109711758447299e-05 0.00012506736647661606 -1.7464375783227294e-05 -2.2197637322527534e-05 -0.00027310263326111938 -0.00019700467703091739 6.5864858816521687e-05 -0.0019683736228570448 -0.0013132520253925091 -0.00018352565236196355 -4.257413104173263e-05 6.0996610022028303e-05 -0.0010084245468397392 -0.00054248202323114406 0.00014878943603418226 -0.00023514458318382275 8.6909845008292211e-05 -0.00088630033366643565 0.00019378445339080741 -0.00032889122312105884 -0.00011399845947970419 -4.3327587463760154e-05 -0.00076133703106609062
leaf_weight=131 204 216 10078 4258 217 1111 191775 13225 1454 165 32656 460 1637 1237 129 72 253 1527 1750 171 131 4817 1990 7640 439 893 2340 9001 57468 1796
leaf_count=131 204 216 10078 4258 217 1111 191775 13225 1454 165 32656 460 1637 1237 129 72 253 1527 1750 171 131 4817 1990 7640 439 893 2340 9001 57468 1796
internal_value=6.67306e-05 -0.0202381 9.11788e-05 -0.000651777 -0.000840227 -0.0107756 0.000407219 -0.000373399 -0.000310541 -0.0115541 -0.000906495 -0.00342854 -0.00197726 -0.00394309 -0.00767682 -0.0263433 0.00118461 -0.0030618 -0.000706295 -0.00362197 -0.00291785 -0.000581548 -0.00598538 -0.000803137 -0.00100685 -0.00530773 -0.00333591 -0.000790755 -0.00098916 -0.00288182
internal_weight=349241 420 348821 104100 99842 1328 244721 52946 52650 296 37645 4989 4529 3075 1838 201 15005 1780 98514 4042 3871 94472 2121 84394 76754 3672 3233 73082 68265 10797
internal_count=349241 420 348821 104100 99842 1328 244721 52946 52650 296 37645 4989 4529 3075 1838 201 15005 1780 98514 4042 3871 94472 2121 84394 76754 3672 3233 73082 68265 10797
is_linear=0
shrinkage=0.05


Tree=9
num_leaves=31
num_cat=0
split_feature=10 8 4 13 13 10 8 10 12 14 11 12 12 10 13 10 10 4 12 13 13 11 12 11 7 11 10 7 12 13
split_gain=56.8477 32.1379 31.1152 34.8869 69.9124 48.2763 19.9951 23.4997 20.7377 16.8516 14.3474 13.9147 43.2242 49.2966 19.4033 17.2503 21.1303 13.2843 12.9749 12.9655 26.8084 49.7136 20.2687 39.7319 18.9241 16.9426 21.6599 16.089 15.5672 32.2439
threshold=0.06903334451863076 -0.061738680377908021 0.023584047254952136 30.345000267028812 28.970000267028812 -0.013327781970057238 inf 0.016350116268756935 0.00075812242422568243 -0.078457350194131512 -0.0237759721784318 0.037030624356881099 0.037928209773965056 -0.00046739358765091049 12.119999885559084 0.0043390634008905202 0.0028153334889018393 0.068207556574371234 0.082959740110242888 24.385000228881839 22.730000495910648 -0.010342392625162121 -0.035060451823698983 -0.012951361499321188 0.0035038288679237754 -0.020508631147506503 0.0073562807386337034 -0.023675645096423056 -0.005215251084133842 21.409999847412113
decision_type=2 10 2 2 2 2 8 2 2 2 2 2 2 2 2 2 2 2 2 2 2 2 2 2 2 2 2 2 2 2
left_child=2 -2 11 4 6 -6 9 8 -8 -4 -10 14 13 -13 -1 16 -15 -7 -12 20 25 22 27 -24 -25 26 -11 -22 29 -27
right_child=1 -3 3 -5 5 17 7 -9 10 19 18 12 -14 15 -16 -17 -18 -19 -20 -21 21 -23 23 24 -26 28 -28 -29 -30 -31
leaf_value=-0.00017171852373403407 -0.0012073443199193401 -0.00030189294957993828 6.6380637443695415e-05 0.00041136196278167579 -0.0012015896091941728 -0.00014103762379443052 3.3821515065329648e-05 -0.00089531146999141838 -0.00048876209791743361 0.00015529934969064679 -0.00013075273500979718 -0.00040278673747712324 6.0614861675529607e-06 -7.9374854486337904e-05 3.387667601294299e-05 9.7396518917029884e-05 -0.00022426753354067098 -0.0006801652096157353 -0.00038806058443133804 8.2681407959060376e-05 -0.00088176954984543602 2.2992963626182354e-05 1.7334263646426252e-06 -0.00071941529742711749 -0.00017668184634721568 -7.0033236031768402e-05 -0.00040545848955676869 -0.00031989043085439429 -2.3226878521414522e-05 -0.00063497509166746948
leaf_weight=572 212 202 15119 4693 277 1001 2897 261 234 7552 2836 608 49428 754 134611 894 274 185 511 9787 351 2709 922 494 212 14342 238 260 94527 2465
leaf_count=572 212 202 15119 4693 277 1001 2897 261 234 7552 2836 608 49428 754 134611 894 274 185 511 9787 351 2709 922 494 212 14342 238 260 94527 2465
internal_value=8.69709e-05 -0.01843 0.000108936 -0.000398677 -0.000525512 -0.0114046 -0.0004233 -0.00308725 -0.0024946 -0.000302796 -0.00503909 0.000548009 -0.000147427 -0.00652174 0.000815302 -0.00259625 -0.00701362 -0.00701518 -0.00420227 -0.000481514 -0.000619721 -0.00422595 -0.00973872 -0.00682432 -0.0157507 -0.00046993 0.00178434 -0.0175041 -0.000627661 -0.00202981
internal_weight=349428 414 349014 161873 157180 1463 155717 6739 6478 148978 3581 187141 51958 2530 135183 1922 1028 1186 3347 133859 124072 4948 2239 1628 706 119124 7790 611 111334 16807
internal_count=349428 414 349014 161873 157180 1463 155717 6739 6478 148978 3581 187141 51958 2530 135183 1922 1028 1186 3347 133859 124072 4948 2239 1628 706 119124 7790 611 111334 16807
is_linear=0
shrinkage=0.05


Tree=10
num_leaves=31
num_cat=0
split_feature=10 4 4 12 12 10 14 10 8 3 14 11 14 11 10 10 1 11 7 12 12 12 11 14 12 4 12 12 16 14
split_gain=57.4747 34.6 28.2308 20.4991 18.9988 74.1962 19.073 17.5743 16.5418 23.8587 17.871 15.6333 43.1436 31.556 29.2916 23.2125 16.217 14.7964 16.578 14.5428 16.0121 22.7732 21.8854 12.5832 38.1382 12.4676 11.8901 14.6965 15.2575 10.7458
threshold=0.06903334451863076 0.045572307385731869 0.022478188303395225 -0.075828258528587975 -0.062212447341067838 -0.029463592833469218 0.083482873400912663 0.010824112764753148 inf 0.013908199252541721 -0.069419882954705067 -0.013624975324509013 -0.056198841691910133 -0.011586998354799647 0.0055649513085964672 0.00069579143919507047 -0.02558685341979838 -0.012951361499321188 -0.045412079087083938 0.00075812242422568243 0.028753487620467037 0.02859938253974537 -0.0237759721784318 0.22590160926733996 -0.0077540971574964193 0.040927241857818937 -0.039191714476565991 -0.052281358654850445 -0.042844933292562941 -0.03443408845307621
decision_type=2 2 2 2 2 2 2 2 8 2 2 2 2 2 2 2 2 2 2 2 2 2 2 2 2 2 2 2 2 2
left_child=2 -2 -1 -4 5 -5 7 25 10 19 -6 12 14 15 -12 17 -16 -13 -19 26 21 22 -21 -14 -25 -7 27 -10 -29 -15
right_child=1 -3 3 4 8 6 -8 -9 9 -11 11 13 23 29 16 -17 -18 18 -20 20 -22 -23 -24 24 -26 -27 -28 28 -30 -31
leaf_value=2.1359483333236532e-05 -0.00020244113603257023 -0.0011718792057056294 0.00030260869318667234 -0.0011308111314630722 5.1720120531205594e-05 -0.00011914187120017072 0.00012752029593499889 3.9799997254027624e-05 0.0008945148101386362 -0.00058115410248732642 0.00018362058837085833 -0.00014324602165413238 0.00010848261070206593 2.0171080346922997e-05 -0.00079664726237192783 0.0001522682542133391 -0.0003195371859311322 -0.00068443833297373701 -0.00038706528787076132 -0.0004138367239282909 -0.00011082583876021819 -0.00042624426548596166 0.00037618073796468236 -0.00065674024315973459 5.1060735626613107e-05 -0.0003557206194823476 0.0001368770176916076 -0.0010529526552803573 -5.584518999530486e-05 -4.8413982224639756e-05
leaf_weight=167722 229 203 4622 300 21920 977 1754 808 279 570 399 518 19774 24697 502 630 363 299 828 188 2987 261 309 318 1459 552 2406 226 354 93068
leaf_count=167722 229 203 4622 300 21920 977 1754 808 279 570 399 518 19774 24697 502 630 363 299 828 188 2987 261 309 318 1459 552 2406 226 354 93068
internal_value=7.81355e-05 -0.0181481 0.000100691 -0.000331701 -0.000417661 -0.00366545 -0.0019054 -0.00486307 -0.000334919 -0.00261873 -0.000229859 -0.000433831 0.000765944 -0.000661863 -0.00821202 -0.00649451 -0.0133815 -0.00962006 -0.012835 -0.00181883 -0.00394526 -0.0104354 -0.00415493 0.00129252 -0.00273776 -0.00801504 0.000620215 -0.00442957 -0.00896552 -0.000549187
internal_weight=349522 432 349090 181368 176746 4391 4091 2337 172355 7580 164775 142855 22815 120040 1264 2275 865 1645 1127 7010 3745 758 497 21551 1777 1529 3265 859 580 117765
internal_count=349522 432 349090 181368 176746 4391 4091 2337 172355 7580 164775 142855 22815 120040 1264 2275 865 1645 1127 7010 3745 758 497 21551 1777 1529 3265 859 580 117765
is_linear=0
shrinkage=0.05


Tree=11
num_leaves=31
num_cat=0
split_feature=10 4 4 12 15 11 9 12 10 12 10 8 15 11 10 11 10 11 11 15 10 12 12 11 12 12 10 10 11 12
split_gain=51.8446 28.671 25.7322 22.2334 19.5366 37.3822 15.2346 22.4707 40.9266 28.9774 17.0036 18.1075 17.604 16.2698 27.4916 24.8265 20.934 18.2604 16.2297 16.4173 15.6266 23.5347 15.5818 13.8403 14.1774 79.1679 24.7365 34.245 37.6409 35.9759
threshold=0.06903334451863076 0.046456896433288687 0.03011640285305987 -0.075828258528587975 -0.040614005752933995 -0.040606283895635913 0.3517854213118688 -0.017790302697979262 0.016350116268756935 -0.017557998492747081 -0.0070887111791633197 -0.14668003761109991 -0.0020936962922272757 -0.0068475669097032279 0.0086942135082223055 -0.0031311720849904741 0.010263968374022882 -0.0037227155807691976 -0.012951361499321188 -0.040614005752933995 0.0039394105391010745 -0.011548252560612314 0.058395968691513429 0.023520128243548103 -0.005215251084133842 -0.0066426412641200075 0.0070525899853967075 0.0063034677603397435 0.0057609593190406381 -0.025396955116120775
decision_type=2 2 2 2 2 2 8 2 2 2 2 10 2 2 2 2 2 2 2 2 2 2 2 2 2 2 2 2 2 2
left_child=2 -2 6 -4 5 -5 18 8 -8 -9 12 -12 -11 14 -13 17 -16 -15 19 -1 21 -17 -23 24 25 26 27 28 -20 -30
right_child=1 -3 3 4 -6 -7 7 9 -10 10 11 13 -14 15 16 20 -18 -19 23 -21 -22 22 -24 -25 -26 -27 -28 -29 29 -31
leaf_value=-0.00043264795283630691 -0.00021988549013315708 -0.0011213411015961977 0.0004071604418298791 -0.0011751275882744194 -5.2898406545365949e-05 -0.00012926891906178928 8.4627424782098766e-05 -0.00017317460685454755 -0.00038269111809991797 -9.3089632127291174e-05 -0.00012760444574266684 0.00015892841643925861 -0.00022336123746257634 -0.00010415111087068493 -0.00039064755712457959 -0.00035660348730063516 4.4557133321477204e-05 -0.00042312551000611601 2.6111668438964933e-05 8.9679280862803453e-05 4.9340315123705069e-05 -4.6395271461112912e-05 0.00021659326470569265 6.0417454435902456e-05 1.4558986756397819e-05 -0.0002655870580943167 0.0001191254636266745 -0.0016224788371209725 -3.3533213560653152e-06 -0.00041534488580131441
leaf_weight=478 233 177 3318 160 78246 322 13951 377 552 4812 3811 5887 738 2633 339 351 365 388 5854 29232 11787 17470 1537 22590 135669 527 4612 332 1136 1372
leaf_count=478 233 177 3318 160 78246 322 13951 377 552 4812 3811 5887 738 2633 339 351 365 388 5854 29232 11787 17470 1537 22590 135669 527 4612 332 1136 1372
internal_value=8.65556e-05 -0.0176829 0.00010744 -0.000666943 -0.000835916 -0.0108714 0.000345577 -0.000320164 0.00141454 -0.000818398 -0.000714514 -0.000389517 -0.00332432 -8.13355e-05 0.00219314 -0.000520108 -0.00714489 -0.00484773 0.000560005 0.00163918 -0.000100337 -0.000974274 -0.00073736 0.000373696 0.000199396 -0.00132545 -0.000572674 -0.00214286 -0.00151758 -0.00664274
internal_weight=349256 410 348846 82046 78728 482 266800 64998 14503 50495 50118 44568 5550 40757 6591 34166 704 3021 201802 29710 31145 19358 19007 172092 149502 13833 13306 8694 8362 2508
internal_count=349256 410 348846 82046 78728 482 266800 64998 14503 50495 50118 44568 5550 40757 6591 34166 704 3021 201802 29710 31145 19358 19007 172092 149502 13833 13306 8694 8362 2508
is_linear=0
shrinkage=0.05


Tree=12
num_leaves=31
num_cat=0
split_feature=10 4 13 13 15 4 9 11 13 13 13 11 10 10 10 10 10 11 11 13 10 0 8 10 10 10 11 10 11 11
split_gain=41.8151 28.7166 25.674 75.5017 42.7266 26.7615 14.5762 17.3491 15.8988 57.8478 25.0876 17.104 47.0176 27.5525 35.2847 79.7837 24.8992 21.1726 78.5899 22.0275 16.5799 14.1966 14.1762 13.8885 15.4609 11.4604 43.6192 39.4899 28.0942 16.1683
threshold=0.06903334451863076 0.049459013219752344 30.345000267028812 28.970000267028812 -0.020989620954321716 0.030785389155059097 0.3517854213118688 -0.012951361499321188 17.695000648498539 17.744999885559086 16.469999313354496 0.0019507060207528684 -0.0087573770433467795 -0.0065884615881859334 0.0012069827106450106 0.0011530196642344228 0.013844778774777857 -0.00050215269203263125 -0.00023797623425253486 16.425000190734867 0.00097851086285993837 -0.0068410861068531328 0.060750343833884453 -0.0055671377170214966 -0.0056690374548943314 0.0055649513085964672 -0.013624975324509013 0.00522211431460995 -0.016546519308648141 -0.0071962553700703471
decision_type=2 2 2 2 2 2 8 2 2 2 2 2 2 2 2 2 2 2 2 2 2 2 10 2 2 2 2 2 2 2
left_child=2 -2 3 5 -5 6 7 -1 10 -10 11 13 -13 -9 15 17 -16 19 -19 22 -20 -17 -15 24 -24 27 28 29 -27 -8
right_child=1 -3 -4 4 -6 -7 25 8 9 -11 -12 12 -14 14 16 21 -18 18 20 -21 -22 -23 23 -25 -26 26 -28 -29 -30 -31
leaf_value=8.596835990862077e-05 -0.00017202114471046487 -0.0011002402580821027 0.00035231953936790681 -0.0010079150072033758 -0.00023655234744756625 -5.1647672991277414e-05 3.0932952079828267e-05 0.00015019414909816687 -0.0003928942099103136 -1.6203293768096119e-05 9.1982795590304738e-05 -0.00020084538475406959 2.8459918816329654e-05 2.1078984105015039e-05 5.7811091095706065e-05 -0.0001739565378434259 -0.00021195931667803843 -0.0004167744389800632 -0.00011588694759365546 -0.00053936932875734984 0.00025785038615967624 -0.00090238524490099848 -0.00012173995683798736 -6.4146301741688783e-05 -0.00046310301733536131 6.3304518912315897e-05 5.2815100468597541e-05 -0.00023768498033026228 -0.00044844948401035904 -4.7819946991586335e-05
leaf_weight=28914 270 155 5114 324 1378 71735 15653 4744 368 38160 25449 363 83038 6579 8799 72 398 744 3330 321 758 297 310 1280 220 381 16629 766 651 32167
leaf_count=28914 270 155 5114 324 1378 71735 15653 4744 368 38160 25449 363 83038 6579 8799 72 398 744 3330 321 758 297 310 1280 220 381 16629 766 651 32167
internal_value=8.56837e-05 -0.0155882 0.000104774 5.24683e-05 -0.0104524 0.000104728 0.0003325 0.000541628 0.000354392 -0.000542722 0.000607233 0.000283273 0.000641539 -0.00078953 -0.00150208 -0.00309072 0.000900837 -0.00246566 -0.00512003 -0.000993111 -0.00239971 -0.0260298 -0.000501251 -0.00441989 -0.0112264 -0.000311938 0.000778835 -0.000708434 -0.00919574 -0.000528022
internal_weight=349367 425 348942 343828 1702 342126 270391 204144 175230 38528 136702 111253 83401 27852 23108 13911 9197 13542 4832 8710 4088 369 8389 1810 530 66247 17661 48586 1032 47820
internal_count=349367 425 348942 343828 1702 342126 270391 204144 175230 38528 136702 111253 83401 27852 23108 13911 9197 13542 4832 8710 4088 369 8389 1810 530 66247 17661 48586 1032 47820
is_linear=0
shrinkage=0.05


Tree=13
num_leaves=31
num_cat=0
split_feature=4 13 14 12 15 0 14 14 12 15 14 14 12 12 12 13 14 3 13 16 16 12 12 14 8 14 14 14 13 14
split_gain=27.2544 24.6511 23.9226 48.7913 24.1679 25.5154 16.5083 14.6655 14.382 13.5035 12.5901 52.7169 47.9493 47.982 33.1448 15.5897 22.2476 13.9882 15.2146 12.3316 11.4037 10.6182 43.9746 30.5061 22.2997 15.1252 13.6038 13.0576 12.8173 17.0495
threshold=0.030785389155059097 33.719999313354499 0.24994374642796716 -0.007281546892151213 0.037331228257165068 0.08438858307250964 -0.036818887874406285 -0.039568606403770572 0.11156893092539701 -0.040614005752933995 0.083482873400912663 0.077019604552505241 0.038546150430795463 0.089699149328903008 0.021076066619432846 16.644999504089359 0.081032983629692037 -0.0016445818740749572 12.00999975204468 -0.014649393636673334 0.01731381614224126 0.027409196484277535 0.02952133598580731 -0.0078859681506743256 0.053000689437162303 -0.033482886717690945 -0.018046897283232773 -0.022343626602261631 16.469999313354496 0.035592479952137442
decision_type=2 2 2 2 2 2 2 2 2 2 2 2 2 2 2 2 2 2 2 2 2 2 2 2 8 2 2 2 2 2
left_child=6 2 4 -4 -2 -6 7 -1 9 -8 11 17 14 20 15 -13 19 18 -11 -17 -14 25 23 -23 -25 -20 27 -24 29 -28
right_child=1 -3 3 -5 5 -7 8 -9 -10 10 -12 12 13 -15 -16 16 -18 -19 21 -21 -22 22 26 24 -26 -27 28 -29 -30 -31
leaf_value=2.9777688395632788e-05 -4.8110983295530298e-05 0.00062264319020264225 -0.00096963109782969832 0.00041241276672615421 -0.00017247350597769022 -0.0008239811197627338 -0.00037421088694589995 0.00016123114378510978 -0.00012302244253402364 -0.00020229879032542748 5.5565655334929803e-05 -0.00018925404058076241 -0.00036527723927227149 8.3508783989307204e-05 0.00012631730887035321 -8.2331761654300768e-05 3.722967061182099e-05 1.9390914927758683e-05 -0.00032319087045684284 -0.00058105368457881214 -0.0009946148942724985 2.9823901411685602e-05 -3.8866056181205721e-05 -0.00016805068343012019 -0.00043853625757563747 1.4704184823102596e-05 1.0648908905545681e-05 -0.00016559639956907325 0.00011149507857357434 -0.00013973751388135109
leaf_weight=63458 73421 2286 340 364 481 250 664 6116 1486 398 26350 343 578 286 1834 290 865 110384 196 590 184 747 3616 977 759 31643 10538 1606 5567 2828
leaf_count=63458 73421 2286 340 364 481 250 664 6116 1486 398 26350 343 578 286 1834 290 865 110384 196 590 184 747 3616 977 759 31643 10538 1606 5567 2828
internal_value=0.00010252 -0.0007271 -0.000883296 -0.0100568 -0.000796202 -0.00984268 0.000337547 0.0010021 0.000109481 0.00014567 0.000169235 1.51814e-05 -0.00506036 -0.0145611 -0.00252167 -0.0068295 -0.00491404 0.000164216 -0.000458174 -0.0105114 -0.0211155 -0.000391863 -0.00112846 -0.00746476 -0.0111002 0.00022441 -0.000477127 -0.0027365 0.000146041 -0.000693551
internal_weight=349445 77142 74856 704 74152 731 272303 69574 202729 201243 200579 174229 4970 1048 3922 2088 1745 169259 58875 880 762 58477 26638 2483 1736 31839 24155 5222 18933 13366
internal_count=349445 77142 74856 704 74152 731 272303 69574 202729 201243 200579 174229 4970 1048 3922 2088 1745 169259 58875 880 762 58477 26638 2483 1736 31839 24155 5222 18933 13366
is_linear=0
shrinkage=0.05


Tree=14
num_leaves=31
num_cat=0
split_feature=4 13 14 12 14 11 11 11 14 11 8 14 8 11 14 14 3 14 14 0 16 14 11 11 11 14 11 12 12 12
split_gain=24.6505 22.1348 21.2609 40.2225 16.2112 23.6485 30.4716 81.5091 23.5421 32.9746 25.1039 23.2008 18.4124 17.5704 24.2677 15.0527 14.9473 13.4143 13.0349 32.4329 12.7309 11.4385 10.8544 10.6636 24.9983 24.5745 24.002 19.2323 11.981 11.2736
threshold=0.031327172124276638 33.719999313354499 0.24994374642796716 -0.007281546892151213 -0.036818887874406285 -0.0071962553700703471 -0.00038402430290213058 -0.00050215269203263125 0.02466440867966813 -0.0070947628288289813 0.0075823826091083743 -0.033482886717690945 0.27434669229613268 -0.0031311720849904741 0.0012326341754252958 0.01016731697942619 -0.0050525958282289221 -0.039568606403770572 -0.19490876951167976 0.064217648621686566 -0.0056473115058624504 -0.0078859681506743256 -0.020508631147506503 0.01812197320346565 0.01397341061460511 0.042177860659315065 0.014319946344864666 0.027409196484277535 -0.0033130043707785268 0.11156893092539701
decision_type=2 2 2 2 2 2 2 2 2 2 10 2 8 2 2 2 2 2 2 2 2 2 2 2 2 2 2 2 2 2
left_child=4 2 18 -4 17 11 7 8 9 10 -7 -6 13 14 -11 -16 23 -1 19 -2 -17 -14 -20 24 29 26 -26 28 -27 -8
right_child=1 -3 3 -5 5 6 16 -9 -10 12 -12 -13 21 -15 15 20 -18 -19 22 -21 -22 -23 -24 -25 25 27 -28 -29 -30 -31
leaf_value=2.8582361739415632e-05 9.3498705143236843e-05 0.00057195496529889014 -0.00096810640256473821 0.00033732933008260305 -0.0002060931601902036 -0.0017812474231010912 -2.7152865067558677e-05 -0.00037172259675119675 2.5477842935843281e-05 -6.61065397936608e-05 -0.00061636751622332173 5.5501698094148809e-05 -8.977749523644623e-05 -5.759715071767817e-06 -0.0004294420950286349 -0.00021179828971662593 1.3428310173843055e-05 0.00015117718312484413 7.6473922777675599e-05 -0.00074538611980461882 -4.8432884440858251e-05 -0.00030405442478040405 -6.3452916562595476e-05 3.9992023245560315e-05 -0.00040927951939945321 -0.00017405735282807235 -3.8284064455943527e-05 -0.00041925991157515456 3.2479223847603558e-05 -0.00021988627555766293
leaf_weight=64440 428 2194 348 344 539 183 11795 779 11558 4949 141 49624 337 7941 708 318 107732 6203 8684 299 769 311 60698 4710 233 251 2064 455 320 138
leaf_count=64440 428 2194 348 344 539 183 11795 779 11558 4949 141 49624 337 7941 708 318 107732 6203 8684 299 769 311 60698 4710 233 251 2064 455 320 138
internal_value=9.63254e-05 -0.00072094 -0.000874211 -0.00959538 0.000312082 8.78047e-05 -0.000216389 -0.00171037 -0.0012539 -0.0025174 -0.0183025 0.00103194 -0.00218385 -0.00181988 -0.00369662 -0.00867688 0.000111122 0.00096563 -0.00078813 -0.00744842 -0.0049816 -0.0104321 -0.000718342 -0.00114545 -0.00178749 -0.00562293 -0.00274924 -0.0120565 -0.00594571 -0.000719433
internal_weight=349493 72995 70801 692 276498 205855 155692 27994 27215 15657 324 50163 15333 14685 6744 1795 127698 70643 70109 727 1087 648 69382 19966 15256 3323 2297 1026 571 11933
internal_count=349493 72995 70801 692 276498 205855 155692 27994 27215 15657 324 50163 15333 14685 6744 1795 127698 70643 70109 727 1087 648 69382 19966 15256 3323 2297 1026 571 11933
is_linear=0
shrinkage=0.05


Tree=15
num_leaves=31
num_cat=0
split_feature=10 5 13 13 15 4 14 11 11 11 10 11 14 3 10 14 12 10 10 10 12 12 10 10 11 9 14 12 12 10
split_gain=24.8114 23.2027 22.8507 55.4008 33.8265 20.0778 15.9321 25.7939 28.6696 66.3306 31.6783 37.8814 31.019 25.0924 22.1357 21.7244 19.7178 17.0795 24.4373 16.7883 30.963 36.8415 16.1324 15.6921 25.3198 61.0658 16.663 14.6273 14.7136 50.872
threshold=0.06903334451863076 0.031817040740061232 30.345000267028812 28.970000267028812 -0.03111367366882339 0.034217827438179076 -0.036818887874406285 -0.0071962553700703471 -0.00038402430290213058 -0.00050215269203263125 -0.0056690374548943314 -0.0070947628288289813 0.060125948457031016 -0.0082907182118033256 -0.0051366845172721711 -0.033482886717690945 0.018681855298992137 -0.0025714907564299279 -0.0024295590031904175 0.0044245853053562776 0.057873618969341407 0.060339682487529529 0.011768344004807198 0.0046302571828166226 -0.013624975324509013 0.9285659345969004 -0.069419882954705067 0.0020578484903100995 0.0048491257127185614 0.012020737458552368
decision_type=2 2 2 2 2 2 2 2 2 2 2 2 2 2 2 2 2 2 2 2 2 2 2 2 2 8 2 2 2 2
left_child=2 -2 3 5 -5 6 14 15 9 10 -9 13 17 -12 -1 -8 -14 -13 -19 -10 22 -22 -21 -16 25 26 -25 -26 29 -29
right_child=1 -3 -4 4 -6 -7 7 8 19 -11 11 12 16 -15 23 -17 -18 18 -20 20 21 -23 -24 24 27 -27 -28 28 -30 -31
leaf_value=-0.00023114299110903828 -0.00015484980939467545 -0.0010452778900335853 0.0003346553491659493 -0.0008593970388560175 -0.0002172388121566287 -5.8743182338092179e-05 -0.00019052895436545543 7.0155175910253495e-05 -1.101024462684441e-05 -0.0003564012818156587 -0.0018868406450551316 3.470950000109641e-05 -0.00010465460429082165 -0.00062397276327560384 8.6654996787820037e-05 5.508896278003749e-05 -0.00047564240694863264 -0.00028521441304952964 -6.7761924010306587e-05 8.5409019103627854e-05 -0.00034096977406585573 -5.8952678692120266e-05 -0.00010074083264974717 6.7293743693874273e-05 9.9426412660601836e-05 -0.00037050981875805006 -0.0001795881898916978 -0.00037267367589281114 2.0153010187426134e-05 4.8042386979646337e-05
leaf_weight=377 294 121 5047 285 1412 50449 605 7608 104348 808 185 5287 647 168 20343 51462 763 339 13435 24232 395 4259 1920 2874 15537 1055 1308 395 32530 1038
leaf_count=377 294 121 5047 285 1412 50449 605 7608 104348 808 185 5287 647 168 20343 51462 763 339 13435 24232 395 4259 1920 2874 15537 1055 1308 395 32530 1038
internal_value=0.000109949 -0.0121084 0.000124473 7.54803e-05 -0.00893636 0.000120149 0.000279325 6.12352e-05 -0.000245933 -0.00166553 -0.00126407 -0.00227286 -0.00199282 -0.0185127 0.000904953 0.00103108 -0.00914894 -0.00146346 -0.00239074 6.11896e-05 0.0010868 -0.00267082 0.00175551 0.000965637 0.000524965 -0.00278117 -6.93446e-05 0.000874748 0.000293408 -0.00466504
internal_weight=349526 415 349111 344064 1697 342367 291918 216461 164394 29240 28432 20824 20471 353 75457 52067 1410 19061 13774 135154 30806 4654 26152 75080 54737 5237 4182 49500 33963 1433
internal_count=349526 415 349111 344064 1697 342367 291918 216461 164394 29240 28432 20824 20471 353 75457 52067 1410 19061 13774 135154 30806 4654 26152 75080 54737 5237 4182 49500 33963 1433
is_linear=0
shrinkage=0.05


Tree=16
num_leaves=31
num_cat=0
split_feature=4 13 10 3 10 4 8 10 11 10 11 10 10 7 1 11 14 12 10 11 12 12 11 12 11 11 11 10 11 14
split_gain=23.0354 20.8763 27.9515 31.9806 19.2004 19.1029 11.8065 20.7358 13.5216 25.7618 24.5523 18.0271 21.9198 13.7079 12.475 12.1855 13.7192 18.5813 15.9999 13.7026 12.221 38.6393 24.3888 19.6527 17.0051 25.4445 42.319 18.1716 16.7048 15.7295
threshold=0.022247228673016015 33.719999313354499 -0.029463592833469218 -0.023331274985219804 0.06903334451863076 0.053774659337297581 0.35151420868843569 0.016350116268756935 -0.022762768939498131 -0.017312000709356064 -0.021144103651132392 0.0041080829558171059 0.0091813381816910917 -0.046409279227651638 -0.036998698412531665 -0.020508631147506503 -0.035621573523768706 0.11156893092539701 -0.0051366845172721711 0.01079875175925993 -0.005215251084133842 -0.008121323465966555 -0.011940050299307501 0.015682487762849754 1.0000000180025095e-35 -0.0041059390871155945 -0.0031311720849904741 -0.0037750757818245657 -0.00050215269203263125 -0.02620315994355665
decision_type=2 2 2 2 2 2 8 2 2 2 2 2 2 2 2 2 2 2 2 2 2 2 2 2 2 2 2 2 2 2
left_child=-1 2 3 -2 6 -6 8 -8 11 10 -10 -4 13 -13 -9 -11 18 20 -17 -19 21 -18 -23 -22 25 29 27 -27 -28 -25
right_child=1 -3 4 -5 5 -7 7 14 9 15 -12 12 -14 -15 -16 16 17 19 -20 -21 23 22 -24 24 -26 26 28 -29 -30 -31
leaf_value=2.0305614421074805e-05 -0.00092611872834436168 0.00048995081794861277 0.00015968558828085189 -9.9727882566649562e-07 -0.00014477542629801258 -0.00091175756541970554 -8.8898807829302151e-05 -0.00084589506944899012 -0.00042438068874290421 0.00013673087723220054 -5.624151952020464e-06 -0.00054522570487707997 0.00029718119712830097 -0.00011863108805171589 -0.00029352018013222226 -0.00028320904651212041 -6.1862030014386984e-05 -0.00040942965537792543 2.3797102734982921e-05 -0.00016005120493864231 5.2349375603583476e-05 -4.4190260357391376e-05 -0.00049308882632044721 -0.00032959418820751912 -1.7874940556081595e-05 -0.00027007685086209997 -0.00010459626514429683 -0.00060869113268133929 -0.00036521260333725614 7.8642245844768663e-06
leaf_weight=163744 250 2844 11166 275 305 128 8750 157 973 3991 885 540 908 852 159 192 17724 242 46897 1212 23974 740 1426 240 48511 658 4038 623 394 6552
leaf_count=163744 250 2844 11166 275 305 128 8750 157 973 3991 885 540 908 852 159 192 17724 242 46897 1212 23974 740 1426 240 48511 658 4038 623 394 6552
internal_value=0.000110777 -0.000270573 -0.000336722 -0.0118571 -0.000303533 -0.0108199 -0.000278487 -0.00203728 -0.000186178 -0.000314807 -0.00616792 0.00133521 -0.00269565 -0.00663793 -0.0146203 -0.000245721 -0.000316673 -0.000631312 0.000393829 -0.00624484 -0.00055349 -0.00166918 -0.00797322 -0.000292387 -0.000768978 -0.00241303 -0.00487222 -0.0128767 -0.00255866 -0.000344523
internal_weight=349350 185606 182762 525 182237 433 181804 9066 172738 159272 1858 13466 2300 1392 316 157414 153423 106334 47089 1454 104880 19890 2166 84990 61016 12505 5713 1281 4432 6792
internal_count=349350 185606 182762 525 182237 433 181804 9066 172738 159272 1858 13466 2300 1392 316 157414 153423 106334 47089 1454 104880 19890 2166 84990 61016 12505 5713 1281 4432 6792
is_linear=0
shrinkage=0.05


Tree=17
num_leaves=31
num_cat=0
split_feature=10 8 10 12 16 5 3 14 10 10 10 11 14 12 14 11 14 11 11 14 12 14 12 11 12 10 14 15 14 11
split_gain=20.2422 17.9774 21.6516 21.2886 20.9511 17.6727 15.676 15.0139 26.5325 30.8965 27.2367 26.4088 25.5841 57.788 13.0431 26.0506 29.6953 14.4265 15.6824 37.8135 19.5545 14.079 13.0232 12.5317 12.6599 12.1171 30.0451 10.8877 10.6311 10.1842
threshold=0.06903334451863076 0.27434669229613268 0.016350116268756935 -0.00022029863059441765 -0.021227959630086665 0.031817040740061232 -0.0046296754110640151 0.22590160926733996 -0.0060493292963074699 -0.0055671377170214966 -0.0056690374548943314 0.015152806552143018 0.45247854199056486 -0.0077540971574964193 0.035592479952137442 -0.010150080872612098 0.039048416537089688 0.030714770173313481 0.014880662239239896 0.047312370481515272 -0.0033130043707785268 0.087469095216172646 0.010183672155494096 -0.025492153007652226 0.057354881634701156 0.010510737947986739 -0.021271104882925714 -0.01161565322711827 -0.037374592254897913 0.0035059532242039952
decision_type=2 8 2 2 2 2 2 2 2 2 2 2 2 2 2 2 2 2 2 2 2 2 2 2 2 2 2 2 2 2
left_child=1 6 3 -3 -4 -2 7 8 11 10 -10 -1 13 -9 25 -16 -17 18 20 -20 -18 -22 -8 -5 -25 -11 -27 -28 -26 -24
right_child=5 2 4 23 -6 -7 22 12 9 14 -12 -13 -14 -15 15 16 17 -19 19 -21 21 -23 29 24 28 26 27 -29 -30 -31
leaf_value=9.791589003108296e-05 -0.00014344459017674903 4.164484716975247e-05 -0.00085589845007425348 -0.00029368279844092001 -0.00022952451178835989 -0.0010190855349268451 3.6590168295799152e-05 -0.00072433096912197757 -6.4305440784380419e-05 -4.4702766740454468e-06 -0.00054216780521785255 -0.00017636802976660334 0.00030750827916898015 -1.8343738349458827e-05 0.00027999189335734643 -0.00028933832942759185 -0.00055774815024766105 0.00027556684828048441 -0.00036390835769896162 -1.6910685426014692e-05 -2.9796641857995331e-06 -0.00028540848343587305 -2.1094948414429997e-05 -5.4423310854470146e-05 -4.0285623052117181e-05 -5.8904189865085761e-05 -0.00064185266492080325 -0.00026211226151441418 -0.00030845570168605498 1.4224859512381307e-05
leaf_weight=17494 298 6283 165 411 300 130 97703 598 647 35454 558 369 763 905 1319 809 557 693 672 780 4055 271 53867 5258 922 2693 73 345 1668 113216
leaf_count=17494 298 6283 165 411 300 130 97703 598 647 35454 558 369 763 905 1319 809 557 693 672 780 4055 271 53867 5258 922 2693 73 345 1668 113216
internal_value=9.59988e-05 0.000109331 -0.00158359 -0.00124398 -0.0122043 -0.010771 0.000185433 -0.000485482 -0.000349683 -0.000951845 -0.00885892 0.00129961 -0.00448808 -0.00827345 -0.000752184 -0.00244867 -0.00354281 -0.00249858 -0.00324783 -0.00780992 -0.00189126 -0.000755894 0.000360404 -0.00291258 -0.00246687 -0.00034941 -0.00334137 -0.0158134 -0.00532819 9.22597e-05
internal_weight=349276 348848 15007 14542 465 428 333841 69055 66789 48926 1205 17863 2266 1503 47721 9156 7837 7028 6335 1452 4883 4326 264786 8259 7848 38565 3111 418 2590 167083
internal_count=349276 348848 15007 14542 465 428 333841 69055 66789 48926 1205 17863 2266 1503 47721 9156 7837 7028 6335 1452 4883 4326 264786 8259 7848 38565 3111 418 2590 167083
is_linear=0
shrinkage=0.05


Tree=18
num_leaves=31
num_cat=0
split_feature=10 13 13 15 4 4 14 13 9 1 13 13 13 12 11 11 13 14 14 11 11 10 2 9 13 13 10 11 13 11
split_gain=19.1035 19.868 47.865 26.196 18.9013 16.7199 11.3607 15.2468 23.5053 29.9069 16.7105 12.0452 15.2098 33.2398 25.6976 39.6963 70.5748 29.648 13.8542 13.8266 17.5778 16.2235 14.2969 13.7856 12.6123 26.1104 29.4606 38.6357 21.6431 22.4944
threshold=0.06903334451863076 30.345000267028812 28.970000267028812 -0.03111367366882339 0.020581997556947753 0.049459013219752344 -0.069419882954705067 20.980000495910648 -0.38142855358677646 -0.02895239462940696 21.704999923706058 24.385000228881839 22.330000877380375 -0.038043904409190692 -0.0071962553700703471 -0.0070947628288289813 21.409999847412113 -0.067149022617353324 -0.039568606403770572 -0.022762768939498131 -0.010482872844075284 -0.018534133998249432 -0.001478619513614776 -0.093851611267091559 17.875000000000004 19.010000228881839 -0.012508695077667052 0.008381662460648533 17.914999961853031 0.0059862979664929714
decision_type=2 2 2 2 2 2 2 2 10 2 2 2 2 2 2 2 2 2 2 2 2 2 2 10 2 2 2 2 2 2
left_child=1 2 4 -4 -1 -2 7 -6 9 -9 -10 12 14 -14 17 16 -16 -8 -15 -20 21 -21 23 -23 -17 26 27 -26 -28 -30
right_child=5 -3 3 -5 6 -7 11 8 10 -11 -12 -13 13 18 15 24 -18 -19 19 20 -22 22 -24 -25 25 -27 28 -29 29 -31
leaf_value=2.082705519610994e-05 -0.00011398935248062913 0.00029209817656128655 -0.00072251465684856084 -0.00020981151246691278 6.7242958339754481e-05 -0.00081430260209888706 -0.00043096513625547392 -0.00070817044484115235 -0.00021873300796977418 -8.0833163354505843e-05 5.1039200644822463e-05 8.80794290281267e-05 -0.00048194249185295541 8.9909213866463014e-05 -2.0767609989778726e-05 -1.4782807323076089e-05 -0.0027709565393851487 6.7320031869659105e-05 0.0001048521041964065 0.00025472907878864882 -8.876256857887295e-05 -0.00023696986472817742 -0.000239839618233453 -0.00062343098781808331 -3.12667028578071e-06 -3.2791529483238993e-06 -0.00038375188020929509 -0.0012361059137610175 4.1966405874910142e-05 -0.00015528448159537201
leaf_weight=131448 268 5067 295 1439 20866 159 867 357 761 744 4148 11330 1009 2253 483 98595 287 32846 1218 228 2564 197 390 513 283 15842 280 330 4409 9639
leaf_count=131448 268 5067 295 1439 20866 159 867 357 761 744 4148 11330 1009 2253 483 98595 287 32846 1218 228 2564 197 390 513 283 15842 280 330 4409 9639
internal_value=0.000112642 0.000125585 7.97538e-05 -0.00820646 0.00012178 -0.0104567 -0.000172045 0.000788064 -0.00143095 -0.00803361 4.99085e-05 -0.000312617 -0.0004165 -0.00249522 -0.000310293 -0.000628976 -0.0119481 0.000919972 -0.00132894 -0.00276908 -0.00422405 -0.00889307 -0.0114091 -0.0156338 -0.00056161 -0.00144512 -0.00294458 -0.0136786 -0.00248534 -0.00221099
internal_weight=349115 348688 343621 1734 341887 427 210439 26876 6010 1101 4909 183563 172233 8372 163861 130148 770 33713 7363 5110 3892 1328 1100 710 129378 30783 14941 613 14328 14048
internal_count=349115 348688 343621 1734 341887 427 210439 26876 6010 1101 4909 183563 172233 8372 163861 130148 770 33713 7363 5110 3892 1328 1100 710 129378 30783 14941 613 14328 14048
is_linear=0
shrinkage=0.05


Tree=19
num_leaves=31
num_cat=0
split_feature=4 13 15 11 10 5 11 10 14 10 11 1 11 14 11 11 10 12 8 12 10 11 13 13 10 10 13 13 10 8
split_gain=16.5547 16.2399 22.2049 20.449 13.1604 12.9945 12.4713 22.6375 24.876 21.4753 20.3247 13.4523 13.1858 11.4783 19.9957 19.3687 19.0211 16.5938 17.2938 16.5027 16.0156 14.759 14.2272 13.7594 38.2521 14.3276 13.7451 97.317 20.8397 13.7171
threshold=0.020581997556947753 33.719999313354499 -0.040614005752933995 -0.040606283895635913 0.06903334451863076 0.031817040740061232 -0.022762768939498131 0.0041080829558171059 -0.069419882954705067 -0.017312000709356064 -0.021144103651132392 -0.017701588970732592 -0.028866673855592325 -0.036136320679139293 -0.013624975324509013 -0.011586998354799647 0.00069579143919507047 -0.050232690438178178 0.12922955318062759 0.11156893092539701 -0.0039079154947589392 0.01079875175925993 20.255000114440922 15.984999656677248 -0.0083356219639727485 -0.0015878085358975167 21.555000305175785 21.409999847412113 0.0063034677603397435 -0.038186418984659125
decision_type=2 2 2 2 2 2 2 2 2 2 2 2 2 2 2 2 2 2 8 2 2 2 2 2 2 2 2 2 2 10
left_child=-1 2 3 -2 6 -6 7 -4 -9 10 -8 12 -10 17 23 16 22 18 -11 26 -19 -21 -16 24 -15 -26 27 -17 -29 -30
right_child=1 -3 4 -5 5 -7 9 8 11 13 -12 -13 -14 14 15 19 -18 20 -20 21 -22 -23 -24 -25 25 -27 -28 28 29 -31
leaf_value=1.942831532316626e-05 -0.00070241010176779785 0.00043131152113345483 0.00013632130777769679 -0.00020538838032715807 -0.00012983116947492689 -0.00082220037945528548 -0.00036101470820779302 0.00010415396373596083 -0.00053428022228021272 -7.4819056730977761e-05 -3.2214714551977457e-05 -1.2731513037761421e-05 -0.00015474687542108852 -0.0005522696501926999 -0.00013726401251665317 -2.934425471439719e-05 0.00013594050887637808 -0.00019791879739025089 -0.00065151518481941419 -0.00036658603857978028 3.1386942601190909e-05 -0.00011464156534775067 -0.00044535679930022859 0.00012893312217949324 0.00019018580927104031 -0.00019685961374338708 0.00010590873635237461 -0.0006973899953617922 -0.0028539686060872795 -0.0015693496864213918
leaf_weight=132061 251 2926 15090 463 294 117 1039 1390 452 2431 1245 443 583 180 842 111740 700 481 376 289 54168 1401 1024 10612 1106 547 6623 393 171 126
leaf_count=132061 251 2926 15090 463 294 117 1039 1390 452 2431 1245 443 583 180 842 111740 700 481 376 289 54168 1401 1024 10612 1106 547 6623 393 171 126
internal_value=0.000115773 -0.000152343 -0.000202794 -0.0090056 -0.000173405 -0.00911192 -0.000156194 0.0011048 -0.00296722 -0.000272029 -0.00509194 -0.00748308 -0.0106039 -0.000215051 -0.000465769 -0.000658549 -0.00495713 0.000377332 -0.00337193 -0.000567196 0.00056991 -0.00547337 -0.00759378 0.00144436 -0.00255592 -0.000172414 -0.000497551 -0.000627946 -0.0193478 -0.0293434
internal_weight=349564 217503 214577 714 213863 411 213452 17958 2868 195494 2284 1478 1035 193210 135754 123309 2566 57456 2807 120743 54649 1690 1866 12445 1833 1653 119053 112430 690 297
internal_count=349564 217503 214577 714 213863 411 213452 17958 2868 195494 2284 1478 1035 193210 135754 123309 2566 57456 2807 120743 54649 1690 1866 12445 1833 1653 119053 112430 690 297
is_linear=0
shrinkage=0.05


Tree=20
num_leaves=31
num_cat=0
split_feature=4 13 15 11 9 12 14 11 13 13 13 14 12 13 12 12 12 12 13 12 11 4 11 12 14 14 12 12 14 12
split_gain=15.8022 17.5071 16.224 13.7191 11.2681 17.5149 22.9114 14.3193 13.9389 46.3843 20.6607 21.1291 63.5817 30.2282 21.5598 31.6647 17.2127 16.9556 17.3533 25.8426 23.3425 18.8053 16.4134 13.7397 13.5922 13.42 24.7204 38.1553 25.2387 16.4827
threshold=0.028623432887218244 33.719999313354499 -0.040614005752933995 -0.040606283895635913 0.3517854213118688 -0.020341503552033343 -0.10344834121785244 -0.012789082312227194 17.695000648498539 17.744999885559086 16.469999313354496 0.035592479952137442 0.05049188092826485 16.404999732971195 0.035909029638549812 0.039911673723807446 0.037289246294732965 -0.005215251084133842 14.184999942779543 0.032568477984274209 0.010391715368283873 0.018059954169983624 0.015152806552143018 -0.046451976604296834 0.044810362746474881 0.018934443393513026 0.038788210906795524 0.037528575282214767 0.024046021378642205 0.030878652672085786
decision_type=2 2 2 2 8 2 2 2 2 2 2 2 2 2 2 2 2 2 2 2 2 2 2 2 2 2 2 2 2 2
left_child=4 2 3 -2 7 6 -6 -1 10 -10 11 -9 13 14 17 16 -16 22 19 20 21 -19 -13 -8 -22 -7 27 28 29 -27
right_child=1 -3 -4 -5 5 25 23 8 9 -11 -12 12 -14 -15 15 -17 -18 18 -20 -21 24 -23 -24 -25 -26 26 -28 -29 -30 -31
leaf_value=7.3120826095544352e-05 -0.00084490054637337362 0.00047069377006617326 -3.2851476675130629e-05 -0.00025321778123958282 -0.00025593615802764794 -5.5512376006059431e-06 -3.2955016338850363e-05 2.1939652157531653e-05 -0.00037420609560859588 -1.4062975108563917e-05 8.2321170161644934e-05 2.2694170334558788e-05 -0.00048788946983073305 -0.00039947859292032545 -0.00011347126791295456 4.855523350340716e-05 -0.00033095590962667386 -0.00011135747994579599 7.605462924405263e-05 0.00027310162598997919 -0.00014790395019907601 -0.00038758604733588623 -0.00016268361559059082 0.00012554416627644306 0.00014258320240258642 -0.00028528930635605 4.7734398023303282e-05 -0.00035023681432197397 -6.6765039098347378e-05 7.1108890230969561e-06
leaf_weight=28323 169 2453 93251 261 533 34150 3323 86867 344 33759 23506 321 697 579 689 1430 712 619 9884 1063 348 518 316 9160 1047 1043 4395 382 8434 366
leaf_count=28323 169 2453 93251 261 533 34150 3323 86867 344 33759 23506 321 697 579 689 1430 712 619 9884 1063 348 518 316 9160 1047 1043 4395 382 8434 366
internal_value=0.000112082 -0.000433561 -0.000542746 -0.0102326 0.000319571 -0.000267374 0.00136217 0.000509418 0.000328798 -0.000569891 0.000567125 0.00026739 -0.00128052 -0.000691544 -0.000307724 -0.00429 -0.00963241 0.000490932 0.000867646 -0.00210709 -0.00485387 -0.0101715 -0.00748038 0.00179564 -0.000519713 -0.000702276 -0.0019699 -0.00331785 -0.00271614 -0.00891057
internal_weight=348942 96134 93681 430 252808 61786 13016 191022 162699 34103 128596 105090 18223 17526 16947 2831 1401 14116 13479 3595 2532 1137 637 12483 1395 48770 14620 10225 9843 1409
internal_count=348942 96134 93681 430 252808 61786 13016 191022 162699 34103 128596 105090 18223 17526 16947 2831 1401 14116 13479 3595 2532 1137 637 12483 1395 48770 14620 10225 9843 1409
is_linear=0
shrinkage=0.05


Tree=21
num_leaves=31
num_cat=0
split_feature=10 13 13 15 4 13 12 4 14 10 10 10 10 13 14 12 14 10 10 14 14 13 12 14 16 10 10 13 14 14
split_gain=17.4743 16.7507 37.1177 16.3443 15.7137 13.2633 13.9753 11.4115 10.7095 18.8972 16.5089 16.1153 30.3871 29.4087 26.8377 16.8925 19.3053 15.2877 29.4827 21.283 68.9462 19.3556 25.5121 18.943 15.4905 14.0978 29.0467 50.4908 17.4187 17.3205
threshold=0.06903334451863076 30.345000267028812 28.970000267028812 -0.03111367366882339 0.031327172124276638 12.00999975204468 0.041666429099885278 0.049459013219752344 -0.036818887874406285 0.013844778774777857 -0.0051366845172721711 0.0070525899853967075 0.0076450481048171435 16.85000038146973 -0.069951740507607593 0.047210036884337898 -0.063971302018411821 -0.0017418859842210919 -0.001475294192564147 0.077019604552505241 0.083482873400912663 13.605000019073488 0.017951128324421587 0.044810362746474881 0.01731381614224126 0.0044245853053562776 0.0039695003321817976 16.894999504089359 0.042627787477236175 0.037991361441833245
decision_type=2 2 2 2 2 2 2 2 2 2 2 2 2 2 2 2 2 2 2 2 2 2 2 2 2 2 2 2 2 2
left_child=1 2 4 -4 5 6 -1 -2 10 17 -7 -12 13 -13 -15 -14 -17 -10 21 25 24 -19 -23 -24 -21 26 28 -28 29 -20
right_child=7 -3 3 -5 -6 8 -8 -9 9 -11 11 12 15 14 -16 16 -18 18 19 20 -22 22 23 -25 -26 -27 27 -29 -30 -31
leaf_value=-0.00025932270335931359 -0.00012293935910913918 0.00025846572766545511 -0.00063501069476214677 -0.00018665118506657963 -3.9179161134821197e-05 -0.00019866723480206692 -4.9521073745393197e-05 -0.00072992207115596885 2.7662403494480775e-05 -0.00017679932868937211 6.941197648698718e-05 -0.00034447378609493251 3.6387090093749351e-05 -0.00032537092917570644 -1.4172831608427506e-05 -7.0897121148090797e-06 -0.00020418759257919826 6.9410951243457092e-05 -7.1360158439797155e-06 -0.00029846215664706196 0.0001166161956427604 4.9420087446022535e-05 -0.00014108502031109316 -0.00034691549547770687 -0.00083105120193092323 3.6566236647475509e-05 -3.4572378293468911e-05 -0.00022388249268886931 0.00011675271359983268 -0.00014645221685887617
leaf_weight=350 267 5092 309 1411 67649 356 1151 170 88552 1270 30651 388 31961 210 1476 3701 1318 777 63065 744 1407 870 1371 774 239 32546 2828 1127 5420 1748
leaf_count=350 267 5092 309 1411 67649 356 1151 170 88552 1270 30651 388 31961 210 1476 3701 1318 777 63065 744 1407 870 1371 774 239 32546 2828 1127 5420 1748
internal_value=0.000117956 0.000130476 8.82974e-05 -0.00723837 0.00012515 0.000293474 -0.00439374 -0.00987414 0.000319265 0.000135101 0.000852186 0.000907037 0.000233523 -0.00565574 -0.00279953 0.000563818 -0.00213289 0.000173427 -0.000212282 -6.16728e-05 -0.00472803 -0.00454641 -0.00635987 -0.00928904 -0.0148881 4.28169e-05 -0.00033779 -0.00450695 -0.000103014 -0.00033072
internal_weight=349198 348761 343669 1720 341949 274300 1501 437 272799 202738 70061 69705 39054 2074 1686 36980 5019 201468 112916 109124 2390 3792 3015 2145 983 106734 74188 3955 70233 64813
internal_count=349198 348761 343669 1720 341949 274300 1501 437 272799 202738 70061 69705 39054 2074 1686 36980 5019 201468 112916 109124 2390 3792 3015 2145 983 106734 74188 3955 70233 64813
is_linear=0
shrinkage=0.05


Tree=22
num_leaves=31
num_cat=0
split_feature=4 12 15 11 10 4 11 10 11 10 10 14 1 4 12 9 13 12 12 12 10 13 10 10 13 10 11 13 13 10
split_gain=16.0921 13.9837 15.929 13.6849 13.2866 11.1132 11.0822 14.409 11.7151 28.9634 22.0343 17.2717 15.2597 9.90294 9.7715 9.48433 14.5379 12.6126 20.0998 17.9138 15.5829 11.7722 21.0306 17.9351 29.6915 32.6677 29.5455 20.6074 17.808 22.8044
threshold=0.020581997556947753 -0.075828258528587975 -0.040614005752933995 -0.040606283895635913 0.06903334451863076 0.05788256839513449 0.023085169776383866 -0.0045894862186584553 -0.023458930823045284 0.0041080829558171059 0.006684196327708559 0.24994374642796716 -0.033371115082623519 0.040435160135094191 0.12832311924221709 -0.38142855358677646 12.925000190734865 -0.050232690438178178 -0.015496687592758017 -0.014960350168733092 0.017102322993862277 18.675000190734867 -0.006703838533231087 -0.0016439356314020823 14.164999961853029 0.0055649513085964672 -0.012951361499321188 13.934999942779543 14.275000095367433 -0.0012722764150241981
decision_type=2 2 2 2 2 2 2 2 2 2 2 2 2 2 2 10 2 2 2 2 2 2 2 2 2 2 2 2 2 2
left_child=-1 -2 3 -3 6 -6 8 -8 9 -4 12 13 -11 15 -9 16 -10 -18 20 -20 -19 22 -21 27 -25 28 -27 -24 -26 -30
right_child=1 2 4 -5 5 -7 7 14 11 10 -12 -13 -14 -15 -16 -17 17 18 19 21 -22 -23 23 24 25 26 -28 -29 29 -31
leaf_value=1.947946055335031e-05 0.00021726569670296706 -0.00062056912353849331 0.00013747571387839425 -0.00018379936233625259 -0.00013139348865761393 -0.00086817050430479576 -0.00024659943881076828 4.3863767042432632e-05 -0.00037454696934680228 -0.00063649110138129506 -7.8113346479149244e-06 -0.00041325141909248278 -0.00014642521932458038 -0.00011690577930381939 -0.00029262341454896806 -1.489412845625098e-06 -0.00023659379865638379 0.00011125654972852378 -0.0003504710203939001 -0.00019950883773692569 -0.00023315717696540986 3.1970651761766919e-05 -0.00026279995386810319 6.9912614285334436e-05 -0.000431102469190275 -0.00042913772788872321 9.3127799710859347e-05 0.0001597973558954718 0.00021588407096942398 -0.00022107184101628977
leaf_weight=131802 4863 261 13004 534 325 105 304 31336 453 416 1223 465 439 21220 329 110038 918 6898 267 2274 304 5730 652 3545 182 236 2479 4145 493 3756
leaf_count=131802 4863 261 13004 534 325 105 304 31336 453 416 1223 465 439 21220 329 110038 918 6898 267 2274 304 5730 652 3545 182 236 2479 4145 493 3756
internal_value=0.000125302 -0.000139184 -0.0001999 -0.00726415 -0.000173351 -0.00895349 -0.000155467 0.000702087 -0.000308507 0.00102506 -0.00445621 -0.000431105 -0.010614 -0.000403753 0.000806095 -0.000253564 -0.00100643 -0.000880046 -0.000708795 -0.0014102 0.00160511 -0.00126383 -0.00189956 -0.00124031 -0.00238004 -0.00423594 8.28731e-05 0.00129977 -0.00688219 -0.00622617
internal_weight=348996 217194 212331 795 211536 430 211106 31969 179137 15082 2078 164055 855 163590 31665 142370 32332 31879 30961 23759 7202 23492 17762 15488 10691 7146 2715 4797 4431 4249
internal_count=348996 217194 212331 795 211536 430 211106 31969 179137 15082 2078 164055 855 163590 31665 142370 32332 31879 30961 23759 7202 23492 17762 15488 10691 7146 2715 4797 4431 4249
is_linear=0
shrinkage=0.05


Tree=23
num_leaves=31
num_cat=0
split_feature=4 12 10 9 12 10 10 12 12 11 11 11 14 12 14 10 12 11 10 10 13 13 11 12 13 15 12 9 1 14
split_gain=13.8886 17.5769 12.2319 11.0525 17.3025 20.5226 15.5059 17.0298 34.1558 19.4801 13.911 17.9084 24.1433 17.7366 17.1361 15.2964 13.7875 18.2157 26.4114 28.5977 19.912 19.0924 16.6358 12.0442 11.6087 12.3147 11.352 11.2876 11.2408 10.9796
threshold=0.030955709513845572 -0.075828258528587975 0.06903334451863076 0.3517854213118688 -0.020341503552033343 0.016350116268756935 -0.0070887111791633197 0.00075812242422568243 0.0011335726897910849 0.0091429221400685119 -0.025492153007652226 -0.0070947628288289813 -0.071593592008693294 0.024994032932905811 -0.037374592254897913 0.0041080829558171059 0.038546150430795463 0.016026700615921933 -0.0037750757818245657 0.0056441897511456682 13.835000038146974 14.835000038146974 -0.0019709579600085676 -0.046451976604296834 12.00999975204468 -0.0033400127438040768 0.048302189377787193 0.3517854213118688 -0.027229185460650004 0.079889052526069274
decision_type=2 2 2 8 2 2 2 2 2 2 2 2 2 2 2 2 2 2 2 2 2 2 2 2 2 2 2 10 2 2
left_child=3 -2 -3 24 5 23 7 -6 -9 29 15 12 13 -12 -13 -8 17 18 -16 20 -20 -22 -23 -5 25 -1 -26 -24 -7 -10
right_child=1 2 -4 4 6 28 10 8 9 -11 11 14 -14 -15 16 -17 -18 -19 19 -21 21 22 27 -25 26 -27 -28 -29 -30 -31
leaf_value=-0.0002821840744675447 0.00038828051651812668 -3.7513640590569235e-05 -0.00038565450073312405 -3.4333660362060286e-05 0.00019178985225340336 -0.0004691272747670565 5.61401064902503e-07 -0.00034092722532801361 7.1958531452620333e-05 -0.00020276974315314221 2.7729434386749801e-05 3.6094752540592576e-05 0.00014724565576938937 -0.00035114182914014686 4.4439768713526691e-05 -0.00015541352286064527 6.0720161240425161e-06 1.8767568696185324e-06 8.2146603128432945e-06 3.4095913884916776e-05 -0.00029676473844113802 -5.1174789023346274e-05 -0.00020103243243523055 0.00011357183491943417 2.7269210837197482e-05 -7.0936163537381933e-05 -1.3802045215959385e-05 3.3262028155340531e-07 -0.00011022571750410205 -0.00011962011959462633
leaf_weight=162 3162 72103 362 3562 956 165 691 382 1459 1037 350 11077 6504 368 2607 705 10078 6032 1002 1605 1237 1438 2766 9776 176724 1333 28970 407 412 1857
leaf_count=162 3162 72103 362 3562 956 165 691 382 1459 1037 350 11077 6504 368 2607 705 10078 6032 1002 1605 1237 1438 2766 9776 176724 1333 28970 407 412 1857
internal_value=0.000148001 -0.000451756 -0.000610984 0.000313745 -0.000247243 0.00132052 -0.000662316 -0.00312687 -0.00435586 -0.00309786 -0.000363048 -0.000212113 0.00207145 -0.00662953 -0.000643285 -0.00527937 -0.001319 -0.00218381 -0.00338908 -0.00474571 -0.00615328 -0.00726915 -0.00578942 0.0017199 0.000493728 -0.00389632 0.000525635 -0.00781122 -0.00791161 -0.00122738
internal_weight=349289 75627 72465 273662 66473 13915 52558 5691 4735 4353 46867 45471 7222 718 38249 1396 27172 17094 11062 8455 6850 5848 4611 13338 207189 1495 205694 3173 577 3316
internal_count=349289 75627 72465 273662 66473 13915 52558 5691 4735 4353 46867 45471 7222 718 38249 1396 27172 17094 11062 8455 6850 5848 4611 13338 207189 1495 205694 3173 577 3316
is_linear=0
shrinkage=0.05


Tree=24
num_leaves=31
num_cat=0
split_feature=13 15 11 5 13 15 10 5 11 10 10 14 14 14 16 13 10 13 10 14 10 10 14 13 11 11 14 10 11 11
split_gain=12.7084 16.8541 17.1003 13.7554 10.333 11.9395 9.22106 9.7465 9.16811 12.943 24.1425 19.1915 18.2695 66.2522 16.8361 15.539 19.4482 17.9675 21.9139 11.8079 19.0306 44.4869 19.7947 19.5494 16.7384 41.1339 15.1059 14.5485 14.0587 31.8236
threshold=33.719999313354499 -0.040614005752933995 -0.040606283895635913 0.018477766176098764 12.00999975204468 -0.0033400127438040768 0.06903334451863076 0.035588976171067668 0.023520128243548103 -0.0017418859842210919 -0.001475294192564147 0.018374042720191389 0.077019604552505241 0.083482873400912663 0.01731381614224126 13.84500026702881 0.013844778774777857 13.869999885559084 0.010510737947986739 -0.036136320679139293 0.0044245853053562776 0.0039695003321817976 0.041106720448919616 14.684999942779543 -0.0038430615531924168 -0.0071962553700703471 0.037991361441833245 0.011768344004807198 0.010056617818882453 0.00053831818388905283
decision_type=2 2 2 2 2 2 2 2 2 2 2 2 2 2 2 2 2 2 2 2 2 2 2 2 2 2 2 2 2 2
left_child=1 2 -1 4 5 -3 -5 -8 9 -6 11 -11 15 14 -14 16 -12 18 -17 -19 21 22 26 -23 25 -22 28 -26 29 -21
right_child=-2 3 -4 6 8 -7 7 -9 -10 10 12 -13 13 -15 -16 17 -18 19 -20 20 24 23 -24 -25 27 -27 -28 -29 -30 -31
leaf_value=-0.00058288389108726156 0.00036499859142939087 -0.0002665477806412758 -0.00013538599247137504 -2.8213677841995958e-05 3.0199487430652329e-05 -7.4176398048203505e-05 -0.00015301513890116303 -0.00088656093935591911 4.303450042024678e-05 -4.4551206396921236e-05 3.9704823002243596e-05 -0.00022155187228733216 -0.00028771331567587562 0.00010997127208723266 -0.0008571495562214132 2.2943368565104746e-06 -0.00018623984064940064 1.6405194004279438e-05 -0.00031927942406020151 -3.3329987612769825e-06 4.6828868741680216e-05 0.00019046378766510475 0.00010175590232861109 -0.00016482479429644916 9.3184258397543225e-05 -0.0006175899488756176 -0.00025013842696327133 -0.00014803176796836953 1.5641494585664421e-05 -0.00012674108681705676
leaf_weight=293 2959 151 572 75556 88932 1327 313 75 29809 2250 37252 1432 699 1376 222 392 385 47662 360 12989 1764 324 4081 2525 10655 668 1006 688 13228 9308
leaf_count=293 2959 151 572 75556 88932 1327 313 75 29809 2250 37252 1432 699 1376 222 392 385 47662 360 12989 1764 324 4081 2525 10655 668 1006 688 13228 9308
internal_value=0.000148789 0.000120909 -0.00684971 0.000138364 0.000305861 -0.00386333 -0.000455994 -0.00814433 0.000328854 0.000225401 -5.9089e-05 -0.00405758 4.20378e-05 -0.0043818 -0.0147611 0.000112955 0.000985334 -0.000197823 -0.00789894 -0.000142615 -0.000626703 -0.00113999 -0.000716291 -0.00717971 0.000992741 -0.00277138 -0.00108524 0.00179979 -0.000914145 -0.00168027
internal_weight=349253 346294 865 345429 269485 1478 75944 388 268007 238198 149266 3682 145584 2297 921 143287 37637 105650 752 104898 57236 43461 40612 2849 13775 2432 36531 11343 35525 22297
internal_count=349253 346294 865 345429 269485 1478 75944 388 268007 238198 149266 3682 145584 2297 921 143287 37637 105650 752 104898 57236 43461 40612 2849 13775 2432 36531 11343 35525 22297
is_linear=0
shrinkage=0.05


Tree=25
num_leaves=31
num_cat=0
split_feature=8 14 12 16 10 13 5 14 10 10 9 12 14 14 14 16 10 10 10 13 13 3 12 10 13 9 12 10 14 13
split_gain=14.35 14.7423 15.2261 12.1055 12.4036 10.8441 13.3781 12.3086 18.0628 20.8437 19.929 15.7415 15.5225 15.3165 64.4932 16.0471 15.5095 29.6689 18.3948 21.6168 21.0817 29.979 20.8599 19.4401 35.9119 15.1731 17.5282 23.859 14.8345 13.2841
threshold=0.35151420868843569 -0.10344834121785244 -0.0013043868274282275 -0.052831729765246686 -0.012508695077667052 33.719999313354499 0.022870805401378695 -0.036818887874406285 -0.0017418859842210919 -0.001475294192564147 -0.27450680122793253 0.11156893092539701 0.01016731697942619 0.077019604552505241 0.083482873400912663 0.01731381614224126 0.010510737947986739 0.010824112764753148 0.0044245853053562776 20.814999580383304 22.119999885559086 -0.010255343109652924 0.064838979523685905 0.0039695003321817976 16.894999504089359 0.4368987028685834 0.015481737814256992 -0.0010410794067141624 -0.041361708055104078 16.510000228881839
decision_type=8 2 2 2 2 2 2 2 2 2 10 2 2 2 2 2 2 2 2 2 2 2 2 2 2 8 2 2 2 2
left_child=5 -2 3 4 -3 6 7 28 11 10 -10 12 -9 16 15 -15 18 -18 23 22 21 -21 -20 25 -25 -11 27 -27 -1 -14
right_child=1 2 -4 -5 -6 -7 -8 8 9 13 -12 -13 29 14 -16 -17 17 -19 19 20 -22 -23 -24 24 -26 26 -28 -29 -30 -31
leaf_value=2.1382596954913073e-05 -0.0004873465987065399 -0.00081038861296299091 -0.00012167744673781287 5.2955544232279824e-05 0.00099092060024661755 0.00034072153598482027 -5.9554134097391678e-05 9.4898125796061988e-05 -0.00030273286819789053 5.8473761633332543e-06 -9.1010171273760715e-05 -0.00016134983565478672 -2.3700074372324488e-05 -0.00028392646255566488 0.00011382475870676634 -0.00085622460639937423 -0.00034163876820607662 -6.1862383163872618e-05 7.3558979555016476e-05 -0.0018736733363732998 -6.1953899850761055e-06 -0.00030298645793645405 -9.3675289893125293e-05 -3.1407506276743557e-05 -0.0002135405584222722 0.00023455689728721222 -1.5348641564932042e-05 -0.00014575041950861629 0.00011148995202936103 3.9155771383072645e-05
leaf_weight=68787 463 254 7153 5657 124 2975 34746 21101 425 60466 3716 850 25385 790 1548 266 399 3849 27064 156 1426 635 2877 3112 1189 789 9558 4886 8984 49424
leaf_count=68787 463 254 7153 5657 124 2975 34746 21101 425 60466 3716 850 25385 790 1548 266 399 3849 27064 156 1426 635 2877 3112 1189 789 9558 4886 8984 49424
internal_value=0.000131699 -0.0014574 -0.00114953 0.000700083 -0.00796296 0.000196376 0.00016948 0.000277847 8.66489e-05 -0.00031502 -0.00380222 0.000597871 0.000657909 -0.000193681 -0.00398617 -0.0135133 -0.000108843 -0.00307439 3.47742e-06 0.00101343 -0.00375056 -0.0102971 0.00136619 -0.0004025 -0.0036724 -0.000216713 -0.00162706 -0.00382819 0.000818493 0.000320082
internal_weight=349054 13651 13188 6035 378 335403 332428 297682 219911 123151 4141 96760 95910 119010 2604 1056 116406 4248 112158 32158 2217 791 29941 80000 4301 75699 15233 5675 77771 74809
internal_count=349054 13651 13188 6035 378 335403 332428 297682 219911 123151 4141 96760 95910 119010 2604 1056 116406 4248 112158 32158 2217 791 29941 80000 4301 75699 15233 5675 77771 74809
is_linear=0
shrinkage=0.05


Tree=26
num_leaves=31
num_cat=0
split_feature=8 10 16 11 10 14 14 10 13 10 10 11 13 14 14 10 7 10 4 13 13 10 11 16 11 10 14 10 11 5
split_gain=12.5251 17.2054 14.0756 10.5078 32.9249 30.4436 31.7441 27.724 19.8803 32.4551 18.5415 15.7123 29.2877 14.9987 16.7943 14.2806 12.0543 11.8988 11.8745 10.8326 10.8891 10.5022 10.4201 16.5817 10.373 10.1251 13.8995 11.9957 22.7463 10.1136
threshold=0.27434669229613268 0.016350116268756935 -0.021227959630086665 -0.012951361499321188 0.0040309091899630731 -0.078457350194131512 -0.056198841691910133 -0.0075899452364679423 16.125000000000004 -0.0083356219639727485 0.0042130189286166972 -0.011429268480369846 21.134999275207523 -0.067149022617353324 -0.061650873150224432 0.00069579143919507047 -0.10356778552000605 0.010824112764753148 0.019022577566253553 19.105000495910648 19.440000534057621 0.06903334451863076 0.0066220138343902066 -0.019747940684916806 -0.011586998354799647 -0.017312000709356064 0.11212440385738133 -0.020247544478179221 -0.021144103651132392 0.037540862575434715
decision_type=8 2 2 2 2 2 2 2 2 2 2 2 2 2 2 2 2 2 2 2 2 2 2 2 2 2 2 2 2 2
left_child=3 -2 -3 4 7 21 16 8 9 -1 -8 12 15 17 -15 24 -7 19 -16 -13 -21 -6 -19 -24 -5 27 -27 -10 -29 -23
right_child=1 2 -4 11 5 6 10 -9 25 -11 -12 13 -14 14 18 -17 -18 22 -20 20 -22 29 23 -25 -26 26 -28 28 -30 -31
leaf_value=-0.00033731781720927568 -4.6979168860132039e-05 -0.00069943937645823855 -0.00014599428568169755 -0.00020424164323099014 6.3216552400522188e-05 -0.0011903784602554336 -0.00012894485587744596 0.00015208453948884458 2.3129170235709147e-05 0.00011240455193881256 4.0525962469928466e-05 0.00014333049911151614 -0.00029166969795474575 -9.4506451457762415e-05 1.9520048387356814e-05 8.7960421481462218e-05 -0.000322742319159712 6.0092367687605636e-05 -8.2342592559288464e-06 -0.00013887995313353397 1.723170289057315e-05 -0.00010897428981344437 -0.00029347594122897656 -1.9229344509084643e-05 8.1517319872774927e-05 -1.5914870838085183e-05 0.00014185472230257074 -0.00032853425064693979 7.4198971505094372e-05 -0.0009873668681998338
leaf_weight=420 14510 183 290 815 4640 87 852 21468 5072 414 2142 14256 1706 5469 76448 2933 1586 6287 159884 417 2982 359 327 7709 420 7201 7578 1264 1278 74
leaf_count=420 14510 183 290 815 4640 87 852 21468 5072 414 2142 14256 1706 5469 76448 2933 1586 6287 159884 417 2982 359 327 7709 420 7201 7578 1264 1278 74
internal_value=0.000153851 -0.00126043 -0.0106448 0.000217278 0.000852852 -0.00178131 -0.00469574 0.00142689 0.00022969 -0.00735012 -0.00161323 9.35626e-05 -0.0024651 0.000148459 1.38752e-05 -0.000206334 -0.0102122 0.00116611 7.72644e-05 0.00203483 -0.000501618 0.000899862 9.53014e-05 -0.00109756 -0.0047166 0.000511991 0.00127512 -0.000969267 -0.00377262 -0.00654734
internal_weight=349071 14983 473 334088 54435 9740 4667 44695 23227 834 2994 279653 5874 273779 241801 4168 1673 31978 236332 17655 3399 5073 14323 8036 1235 22393 14779 7614 2542 433
internal_count=349071 14983 473 334088 54435 9740 4667 44695 23227 834 2994 279653 5874 273779 241801 4168 1673 31978 236332 17655 3399 5073 14323 8036 1235 22393 14779 7614 2542 433
is_linear=0
shrinkage=0.05


Tree=27
num_leaves=31
num_cat=0
split_feature=15 11 10 13 12 12 13 10 13 12 14 14 15 13 5 10 9 13 12 10 14 12 13 12 12 10 13 12 4 12
split_gain=11.7537 14.4956 41.8501 15.3465 16.9142 18.6192 16.1563 15.7525 40.2881 16.985 24.81 22.8804 16.1525 15.0539 14.5485 15.9945 13.2921 21.1832 23.0822 41.3151 15.5431 55.1632 29.4978 29.7912 24.2729 34.3686 19.0026 30.772 16.7438 14.8372
threshold=-0.040614005752933995 -0.023458930823045284 0.0041080829558171059 17.875000000000004 -0.050232690438178178 -0.027198413534659901 18.94999980926514 -0.0085002337003969291 18.510000228881839 0.024444486921004319 0.048986719728816526 -0.0028149085248330703 -0.02208690872343921 18.365000724792484 0.035588976171067668 0.006684196327708559 0.33911830738656185 16.469999313354496 -0.024522731320259335 0.0014013847331743048 0.035592479952137442 0.05049188092826485 16.404999732971195 -0.005215251084133842 0.035909029638549812 -0.0060493292963074699 14.030000209808351 0.024727553990246513 0.019766702166674924 0.032568477984274209
decision_type=2 2 2 2 2 2 2 2 2 2 2 2 2 2 2 2 8 2 2 2 2 2 2 2 2 2 2 2 2 2
left_child=-1 2 -2 4 -3 -6 7 8 -5 -9 11 -11 -10 -13 15 -4 17 20 19 -19 -7 22 23 -22 26 -26 27 28 -25 -29
right_child=1 3 14 6 5 16 -8 9 12 10 -12 13 -14 -15 -16 -17 -18 18 -20 -21 21 -23 -24 24 25 -27 -28 29 -30 -31
leaf_value=-0.0002613811749511936 0.00013185217641504927 -0.00013590747355022597 -0.00019508324110416601 -1.7365368307852997e-05 0.00011852919212849771 1.5457193371494484e-05 -1.9364498923221884e-06 1.5545526848073625e-05 -0.0016158253287530844 -7.2327861431099698e-05 8.1094369773853213e-05 -0.00030778666842386535 -0.00039168441192696205 -0.00017453217831743027 -0.00078135634274911303 3.4751240414408415e-06 -1.977544739993498e-05 0.00028778256818732709 8.0475034829916069e-05 -0.00038531251240038678 -0.00017125045110194341 -0.00041640438215139499 -0.00040218143760047337 -0.00013872113822627623 0.00019687161723161542 -0.00019904121425102291 7.0837271723707851e-05 -0.00010867579597442946 -0.00056267831546806101 0.00024894572033415927
leaf_weight=1383 21840 812 1647 2045 8807 106574 70553 11877 114 7197 2593 855 1156 1268 152 1982 49177 408 35914 412 393 801 797 495 1218 2030 13287 2004 297 1198
leaf_count=1383 21840 812 1647 2045 8807 106574 70553 11877 114 7197 2593 855 1156 1268 152 1982 49177 408 35914 412 393 801 797 495 1218 2030 13287 2004 297 1198
internal_value=0.000164278 0.000182565 0.00132723 9.1566e-05 0.000319067 0.000345201 -0.00043171 -0.00146929 -0.00469834 -0.00101934 -0.00235331 -0.00355687 -0.0116929 -0.00811823 -0.00352949 -0.00289474 0.000252901 0.00046699 0.00152638 -0.00676829 0.000165538 -0.00102797 -0.000552742 -0.000193098 6.79528e-05 -0.00389778 0.000813321 -0.00221082 -0.0110354 -2.81072e-05
internal_weight=349286 347903 25621 322282 224624 223812 97658 27105 3315 23790 11913 9320 1270 2123 3781 3629 215005 165828 36734 820 129094 22520 21719 20922 20529 3248 17281 3994 792 3202
internal_count=349286 347903 25621 322282 224624 223812 97658 27105 3315 23790 11913 9320 1270 2123 3781 3629 215005 165828 36734 820 129094 22520 21719 20922 20529 3248 17281 3994 792 3202
is_linear=0
shrinkage=0.05


Tree=28
num_leaves=31
num_cat=0
split_feature=4 13 10 3 5 10 13 12 12 10 10 10 10 10 15 16 4 11 10 13 10 12 12 11 11 12 12 3 10 13
split_gain=11.0633 14.5386 14.1483 14.2837 7.76385 14.4464 7.24615 6.67695 28.6888 29.736 13.1756 13.0836 15.4901 11.2498 9.62627 9.16456 8.09094 7.88773 14.3037 14.1395 12.5668 7.42742 12.3748 10.6725 6.44111 19.1046 12.4115 13.9194 13.239 10.8181
threshold=0.024635091924004374 33.719999313354499 -0.029463592833469218 -0.030523986194713523 0.034013837056671638 0.06903334451863076 12.00999975204468 0.037030624356881099 0.037928209773965056 0.0043390634008905202 0.010263968374022882 0.0028153334889018393 -0.00046739358765091049 0.012020737458552368 -0.00323769594744111 0.029433506008250124 0.016874900985189078 0.0093910494145468277 9.4848672244407531e-05 13.525000095367433 0.0094914683342374202 0.038133523914403618 0.06610047212240612 0.01079875175925993 0.0035059532242039952 0.028448808963007281 0.028753487620467037 -0.00087299470197288443 0.0038285567866845898 15.784999847412111
decision_type=2 2 2 2 2 2 2 2 2 2 2 2 2 2 2 2 2 2 2 2 2 2 2 2 2 2 2 2 2 2
left_child=6 2 3 -2 -4 -6 -1 24 9 11 17 12 -9 14 -12 -14 -16 20 19 -19 -10 -21 -23 -24 25 29 27 -27 -28 -8
right_child=1 -3 4 -5 5 -7 7 8 10 -11 13 -13 15 -15 16 -17 -18 18 -20 21 -22 22 23 -25 -26 26 28 -29 -30 -31
leaf_value=-7.9967210837986869e-05 -0.00085626355409021328 0.00037294940740624667 -6.8593785945904658e-06 -9.4561116664226759e-05 -0.00014362949858934233 -0.00067561573669062025 -1.7154393350499656e-05 -0.00030141949858794782 4.7812430547794271e-05 7.8529032748606906e-05 -0.00041135355264248358 -0.00022424232097248908 4.4643017410869776e-05 -1.7075764873648693e-05 -0.00016831672818255476 -0.00026706937821073187 -7.3089803630138568e-05 0.00012711094704972976 1.531493996967017e-05 3.188369838202168e-05 -0.00030422896814324296 -0.00018993631730529893 -0.00015367064137213811 3.6084789246067212e-05 3.3119784078249714e-05 -0.00032233507170019709 -1.5806883746059094e-05 -7.2108266699066472e-05 -0.00010602355848819526 3.6329449387854732e-05
leaf_weight=1265 199 2725 135003 231 7678 93 18178 661 23231 932 67 299 533 3398 506 280 1127 859 18698 570 344 2033 384 1218 69415 302 6700 424 1578 50417
leaf_count=1265 199 2725 135003 231 7678 93 18178 661 23231 932 67 299 533 3398 506 280 1127 859 18698 570 344 2033 384 1218 69415 302 6700 424 1578 50417
internal_value=0.000154688 -0.000177518 -0.000246362 -0.00930233 -0.000219087 -0.00175589 0.000393007 0.000416613 -5.25932e-05 -0.00507394 0.000206446 -0.00887479 -0.0069403 -0.00220871 -0.00552941 -0.00231857 -0.0047673 0.000466549 -0.000176332 -0.00253357 0.00111453 -0.0037277 -0.00455983 -0.00127341 0.000592597 0.000279579 -0.00188583 -0.00815427 -0.00133607 0.000563817
internal_weight=349348 145929 143204 430 142774 7771 203419 202154 55140 2705 52435 1773 1474 5098 1700 813 1633 47337 23762 5064 23575 4205 3635 1602 147014 77599 9004 726 8278 68595
internal_count=349348 145929 143204 430 142774 7771 203419 202154 55140 2705 52435 1773 1474 5098 1700 813 1633 47337 23762 5064 23575 4205 3635 1602 147014 77599 9004 726 8278 68595
is_linear=0
shrinkage=0.05


Tree=29
num_leaves=31
num_cat=0
split_feature=4 13 15 11 13 15 9 13 11 13 13 13 14 11 11 11 8 11 11 13 15 16 11 15 13 11 11 13 11 8
split_gain=10.5475 14.2649 10.1733 9.51105 7.04794 7.8771 5.74682 13.1194 9.98855 10.6249 35.2834 15.1085 15.2472 15.6498 17.06 12.0867 12.0384 11.1113 18.7009 22.8372 7.88454 7.75704 7.45911 6.37654 6.22341 7.27695 15.9501 9.22162 26.8756 9.75298
threshold=0.026876906608075474 33.719999313354499 -0.040614005752933995 -0.040606283895635913 12.00999975204468 -0.0033400127438040768 -0.22085760042011129 13.114999771118166 -0.012789082312227194 17.695000648498539 17.744999885559086 16.469999313354496 0.060125948457031016 -0.0021561208113907156 1.0000000180025095e-35 -0.00050215269203263125 0.064497452925407331 0.015152806552143018 0.01812197320346565 13.894999980926515 -0.040614005752933995 0.01731381614224126 -0.0018136184139459497 0.010650480299002287 16.644999504089359 0.0066220138343902066 0.0072247197872850064 16.73499965667725 0.0048631754826448112 0.057332590384235001
decision_type=2 2 2 2 2 2 10 2 2 2 2 2 2 2 2 2 10 2 2 2 2 2 2 2 2 2 2 2 2 10
left_child=4 2 3 -2 5 -1 7 -6 20 11 -11 12 -10 -14 15 16 -15 -16 19 -19 -8 -21 23 -18 -13 27 -27 28 29 -26
right_child=1 -3 -4 -5 6 -7 8 -9 9 10 -12 24 13 14 17 -17 22 18 -20 21 -22 -23 -24 -25 25 26 -28 -29 -30 -31
leaf_value=-0.00025981960804340225 -0.00066458405630262811 0.0003658367755520092 -1.7942754901473149e-05 -0.00025932124588449226 -0.00014342300775507561 -5.8056134122638222e-05 -0.0002340919610216864 1.1737278011078587e-06 1.6636485053415115e-05 -0.00033568513342119538 -1.0683035347350055e-05 0.00016337165882072735 8.1779529598015782e-05 4.3118292307635829e-05 2.0116928368391505e-06 -0.00027382419452898291 -0.00038284308576060078 2.934759806155002e-05 5.4562923521450825e-05 -0.00017486303456685061 6.7802480087682661e-05 -0.00049771232728479658 2.7870052355224579e-05 -1.1034768906664084e-05 -0.00046395001630821197 -0.0001041591279134358 3.8803446061274229e-05 0.00013358904286297566 0.00018492732333152823 -0.00088098816876791899
leaf_weight=138 202 2565 112656 318 1160 1234 362 54952 89874 317 30326 4260 2593 471 3186 689 144 323 553 346 25076 270 82 44 223 1212 8573 6796 604 63
leaf_count=138 202 2565 112656 318 1160 1234 362 54952 89874 317 30326 4260 2593 471 3186 689 144 323 553 346 25076 270 82 44 223 1212 8573 6796 604 63
internal_value=0.00014376 -0.000246628 -0.000330193 -0.00730769 0.000336959 -0.00323615 0.000358045 -8.26916e-05 0.000498251 0.000343792 -0.000487387 0.0005555 0.000292417 -0.00170613 -0.00308775 -0.00786713 -0.00343455 -0.00162676 -0.00518767 -0.00948349 0.00141481 -0.0151299 -0.0118519 -0.0173404 0.00174888 0.00133106 0.000426674 0.00248244 -0.00230337 -0.0149301
internal_weight=349612 115741 113176 520 233871 1372 232499 56112 176387 150949 30643 120306 98575 8701 6108 1430 741 4678 1492 939 25438 616 270 188 21731 17471 9785 7686 890 286
internal_count=349612 115741 113176 520 233871 1372 232499 56112 176387 150949 30643 120306 98575 8701 6108 1430 741 4678 1492 939 25438 616 270 188 21731 17471 9785 7686 890 286
is_linear=0
shrinkage=0.05


Tree=30
num_leaves=31
num_cat=0
split_feature=8 3 13 11 13 13 11 13 12 11 15 12 12 12 13 11 0 13 13 12 13 15 12 11 12 11 11 0 3 13
split_gain=10.6681 11.1781 9.85708 9.0429 16.057 79.2201 12.7799 23.9291 21.2912 11.9112 10.0708 8.75139 11.1767 28.3339 10.6817 10.8974 12.0297 8.93899 38.8603 8.35615 8.26963 8.23414 10.0158 7.82147 10.7559 8.9148 42.7275 42.6606 13.6838 11.5964
threshold=0.27434669229613268 0.011300949833092712 21.134999275207523 -0.012951361499321188 15.984999656677248 15.105000019073488 -0.011429268480369846 21.134999275207523 0.015682487762849754 -0.018660876046821092 -0.0014531312070477085 -0.0014831897497937228 -0.067575688865902969 -0.062212447341067838 17.125000000000004 -0.022762768939498131 0.08438858307250964 21.914999961853031 23.409999847412113 0.057354881634701156 14.684999942779543 0.0051484638051426676 -0.007281546892151213 0.023520128243548103 -0.051373899775069835 -0.0071962553700703471 -0.0070947628288289813 0.0048301540710462562 -0.010944211261077584 20.375000000000004
decision_type=8 2 2 2 2 2 2 2 2 2 2 2 2 2 2 2 2 2 2 2 2 2 2 2 2 2 2 2 2 2
left_child=3 19 -3 4 5 20 7 8 -5 11 -7 12 -6 -14 -15 16 -16 -17 -19 -2 -1 22 -9 25 -25 -8 27 -27 -29 -28
right_child=1 2 -4 6 9 10 23 21 -10 -11 -12 -13 13 14 15 17 -18 18 -20 -21 -22 -23 -24 24 -26 26 29 28 -30 -31
leaf_value=0.0001303157321943387 -5.4731138076326226e-06 -0.00017262399489896519 -0.00043078237027819574 0.00013205296921218576 0.00018664100492648365 -0.00036978323182298723 4.7275532334097942e-05 -0.00020859023661561808 -0.00016155782204233451 0.00011517944959733072 -0.0002524739930758161 0.00011210643988363459 -0.00025689677857793227 -0.0001031821682158084 6.529772939937145e-05 3.5008615917929134e-05 -0.00039797395703223323 -0.00039037486472466863 5.5884457384093399e-06 -0.00013408573710277952 -0.00021614469740519759 -3.0939877059042861e-05 -0.00040230880596058634 -0.00019581678804668625 3.5211952608308905e-05 -0.00017825193676420851 -5.7369719664742567e-06 -0.0026310647329673286 -0.00097389445902452791 7.2435321644237036e-05
leaf_weight=2906 10912 1355 435 2946 5942 290 21002 648 1270 12127 980 5859 1255 427 15837 2932 234 1293 3802 2255 426 410 630 435 40972 561 196533 141 168 13914
leaf_count=2906 10912 1355 435 2946 5942 290 21002 648 1270 12127 980 5859 1255 427 15837 2932 234 1293 3802 2255 426 410 630 435 40972 561 196533 141 168 13914
internal_value=0.000125352 -0.00118105 -0.00488827 0.000183866 0.000774259 -0.00205128 6.91988e-05 -0.00223238 -0.000218216 0.00103585 -0.0126772 0.000596179 0.000268268 -0.000182312 0.000192661 0.000331563 0.00108301 -0.00117292 -0.00243867 -0.000677071 0.0019988 -0.00726303 -0.009241 0.000118842 0.000751926 6.00486e-06 -9.16394e-05 -0.0111494 -0.026068 -4.59259e-05
internal_weight=348897 14957 1790 333940 54310 4602 279630 5904 4216 49708 1270 37581 31722 25780 24525 24098 16071 8027 5095 13167 3332 1688 1278 273726 41407 232319 211317 870 309 210447
internal_count=348897 14957 1790 333940 54310 4602 279630 5904 4216 49708 1270 37581 31722 25780 24525 24098 16071 8027 5095 13167 3332 1688 1278 273726 41407 232319 211317 870 309 210447
is_linear=0
shrinkage=0.05


Tree=31
num_leaves=31
num_cat=0
split_feature=4 13 10 3 13 15 4 10 13 13 13 13 3 12 13 12 14 14 12 10 12 8 1 12 7 12 12 12 10 14
split_gain=10.8167 12.542 11.3667 10.9907 7.79503 7.29098 6.36923 8.53663 6.56027 9.20709 8.61845 9.52903 7.67565 6.41162 13.0428 15.1923 17.9146 6.05152 8.13208 7.79228 7.801 8.65914 7.21122 6.8241 6.96412 5.92381 5.91133 20.0003 24.5443 23.3587
threshold=0.024635091924004374 33.719999313354499 -0.029463592833469218 -0.030523986194713523 12.00999975204468 -0.0033400127438040768 0.043299858552477193 0.06903334451863076 30.345000267028812 28.970000267028812 24.385000228881839 23.694999694824222 0.0010947009476631744 -0.028469935291830225 21.409999847412113 -0.067575688865902969 0.02886495700878167 -0.036136320679139293 0.11156893092539701 -0.0039079154947589392 -0.042339723299349867 0.15871389298083707 -0.05585892920903434 -0.043864321053953818 -0.020559208111640689 -0.0093119022308690274 0.037030624356881099 0.037928209773965056 0.0043390634008905202 -0.010052360297814309
decision_type=2 2 2 2 2 2 2 2 2 2 2 2 2 2 2 2 2 2 2 2 2 8 2 2 2 2 2 2 2 2
left_child=4 2 3 -2 5 -1 17 8 9 10 11 13 -11 14 -8 -16 -17 19 -19 -4 21 23 -23 -21 -25 -13 -6 28 29 -28
right_child=1 -3 6 -5 26 -7 7 -9 -10 12 -12 25 -14 -15 15 16 -18 18 -20 20 -22 22 -24 24 -26 -27 27 -29 -30 -31
leaf_value=-0.00023837009164240179 -0.00074759657514584621 0.00033615072811305993 -0.00021438972563065379 -6.9544504112105789e-05 1.9706725362158797e-05 -6.1772062847089719e-05 -5.7341717327542552e-05 -0.0003867655481017637 0.00027496338495319587 -7.3467699324220189e-05 0.00014506468505698695 -0.00026107471803716036 -0.00030794319981079484 -6.6539196363745665e-05 0.00056387900558980671 -0.0020571619540540468 -0.00037806451480879228 -1.3918696830578272e-05 -0.00015371599345903803 -1.1987614201680276e-05 3.9568289475489421e-05 -0.00079635535494542635 -0.00028102349342602414 -0.00034739595067918231 3.2324811004043372e-05 -0.00065188719402777711 4.9401214206144383e-05 5.8482583721884349e-06 7.9341613060294558e-05 -0.0002391328380932156
leaf_weight=129 201 2746 258 240 147066 1167 1229 218 969 288 2886 560 334 16204 151 202 263 83616 1035 3343 30644 70 171 123 83 235 480 52470 916 1242
leaf_count=129 201 2746 258 240 147066 1167 1229 218 969 288 2886 560 334 16204 151 202 263 83616 1035 3343 30644 70 171 123 83 235 480 52470 916 1242
internal_value=0.00014203 -0.000186247 -0.000250378 -0.00826531 0.000377697 -0.00348765 -0.000225641 -0.000977314 -0.000885253 -0.00105986 -0.000888173 -0.00127786 -0.00705788 -0.00104189 -0.00383469 -0.00977273 -0.0142473 -7.73818e-05 -0.000305312 0.000478785 0.000543649 -0.00159631 -0.0107676 -0.000973513 -0.00980582 -0.00663522 0.000402475 -3.91956e-05 -0.00428734 -0.00780488
internal_weight=349539 146069 143323 441 203470 1296 142882 23539 23321 22352 21730 18844 622 18049 1845 616 465 119343 84651 34692 34434 3790 241 3549 206 795 202174 55108 2638 1722
internal_count=349539 146069 143323 441 203470 1296 142882 23539 23321 22352 21730 18844 622 18049 1845 616 465 119343 84651 34692 34434 3790 241 3549 206 795 202174 55108 2638 1722
is_linear=0
shrinkage=0.05


Tree=32
num_leaves=31
num_cat=0
split_feature=15 13 4 12 9 12 10 11 11 12 12 10 10 11 12 10 0 12 10 11 11 13 15 13 12 11 12 13 12 12
split_gain=9.57001 12.0974 11.3637 7.68674 10.9945 20.2402 16.5758 16.3274 15.8384 17.2376 21.2418 21.5211 84.6913 17.4045 18.6622 17.214 16.603 15.0237 13.5665 22.973 22.8364 19.2825 16.2295 15.4321 14.1952 13.041 12.7624 13.7044 12.7047 20.3093
threshold=-0.040614005752933995 33.719999313354499 0.034217827438179076 0.011040694977268452 0.40775699532834703 0.012058033695657168 -0.0065884615881859334 0.0035059532242039952 -0.004414694893693615 0.060736878271406176 0.057354881634701156 0.0014914798272115395 0.0011530196642344228 0.00023769852102906167 0.018681855298992137 0.012727043065882683 -0.00073549491766650144 0.018878621288125678 0.0011530196642344228 -0.012789082312227194 0.0091429221400685119 19.98499965667725 -0.0011131392432552343 12.925000190734865 0.015919336049390002 -0.00050215269203263125 0.036024186060428572 15.84500026702881 0.040929519425786161 0.041666429099885278
decision_type=2 2 2 2 8 2 2 2 2 2 2 2 2 2 2 2 2 2 2 2 2 2 2 2 2 2 2 2 2 2
left_child=-1 2 3 -2 6 -6 -5 8 -8 10 11 12 13 14 -10 -13 -14 -16 20 -20 21 24 -23 -21 -7 26 27 -19 -9 -30
right_child=1 -3 -4 4 5 18 7 28 9 -11 -12 15 16 -15 17 -17 -18 25 19 23 -22 22 -24 -25 -26 -27 -28 -29 29 -31
leaf_value=-0.00021820065354952089 2.337209209857943e-05 0.0003736511064155648 -4.1118749082200723e-05 0.00010290893946367913 -0.00020156685475166759 -0.00012050293108625148 2.7261962500828813e-05 3.3628199136756995e-05 5.5610810552080232e-05 0.00018492562811241146 -0.00023617581368962746 4.5564920076879058e-05 -0.00032452736216023043 -4.7086313474438499e-06 -0.00053820444679479726 -0.00010165808589078761 -0.00089031780933748793 -8.5076588115812367e-05 -0.00029265587339049958 -0.00016204162794268508 -0.00012760647120379896 -0.00011335781139257245 -0.00035268448312622324 4.5987199396417379e-05 4.0107500602501957e-05 -0.00018405012048922672 9.3427443187782465e-05 -0.00024682939093119584 -0.00016493426388857483 -2.3576820355634637e-07
leaf_weight=1358 106594 2479 53014 11353 731 1207 12878 59852 1527 2249 774 8233 127 6440 368 1501 265 3028 401 987 6037 1171 284 15487 11077 1560 1118 1149 1905 34305
leaf_count=1358 106594 2479 53014 11353 731 1207 12878 59852 1527 2249 774 8233 127 6440 368 1501 265 3028 401 987 6037 1171 284 15487 11077 1560 1118 1149 1905 34305
internal_value=0.000131761 0.000148104 0.00012314 0.000245175 5.11791e-05 -0.000715317 0.000243958 9.21119e-05 -0.00074035 -0.00140107 -0.00176313 -0.00151367 -0.0026659 -0.00207373 -0.00352571 0.000330799 -0.0256122 -0.00458743 -0.000551008 0.000490371 -0.00143962 -0.000313341 -0.00575601 0.000778196 0.000331325 -0.00405908 -0.00287535 -0.00414532 0.000449293 -0.000289975
internal_weight=349459 348101 345622 292608 186014 37382 148632 137279 41217 28339 26090 25316 15582 15190 8750 9734 392 7223 36651 16875 19776 13739 1455 16474 12284 6855 5295 4177 96062 36210
internal_count=349459 348101 345622 292608 186014 37382 148632 137279 41217 28339 26090 25316 15582 15190 8750 9734 392 7223 36651 16875 19776 13739 1455 16474 12284 6855 5295 4177 96062 36210
is_linear=0
shrinkage=0.05


Tree=33
num_leaves=31
num_cat=0
split_feature=4 13 10 3 13 15 8 3 1 14 16 14 10 11 11 10 11 10 10 4 10 16 15 14 14 11 10 13 12 12
split_gain=9.48495 10.5947 9.74668 11.0148 6.28497 6.23588 5.90861 11.215 6.69161 6.67077 10.329 10.0444 12.1858 14.0003 6.57154 13.7116 13.0924 13.0504 9.87914 9.34894 8.03331 7.89007 7.80067 7.39336 10.5002 10.2958 10.1158 8.99345 9.19392 19.8664
threshold=0.022247228673016015 33.719999313354499 -0.029463592833469218 -0.010594707389300349 12.00999975204468 -0.0033400127438040768 inf 0.010359529749419784 -0.10249152620323192 0.094478150147642728 -0.080616081605567033 0.018374042720191389 -0.0021924638285548688 -0.0019709579600085676 -0.022762768939498131 -0.017312000709356064 -0.021144103651132392 0.0041080829558171059 -0.016935534775352808 0.05788256839513449 0.0091813381816910917 -0.052831729765246686 -0.0046484426263682646 -0.034895651013681799 -0.031797969764534688 0.02246977949783591 -0.0039079154947589392 12.00999975204468 -0.005215251084133842 0.015682487762849754
decision_type=2 2 2 2 2 2 8 2 2 2 2 2 2 2 2 2 2 2 2 2 2 2 2 2 2 2 2 2 2 2
left_child=4 2 3 -2 5 -1 14 9 -9 11 -11 12 13 -8 17 16 22 -4 -17 20 21 -19 -16 26 25 -25 -20 -26 -29 -30
right_child=1 -3 6 -5 -6 -7 7 8 -10 10 -12 -13 -14 -15 15 18 -18 19 23 -21 -22 -23 -24 24 27 -27 -28 28 29 -31
leaf_value=-0.00021271451278945946 -0.00049025569675258628 0.00028722788302499111 0.00011668858678410249 8.1819330835769611e-05 1.4725683893521892e-05 -5.3392600027873504e-05 1.513947220212238e-05 -0.00074618179767571829 -0.00023996088527985677 -0.0025947716542468096 -0.00012432207164488022 0.00022451550917127321 8.7551553600224882e-06 -0.00030182486580614549 -0.00036515575620430364 0.00034389998938219308 -1.7853880038979884e-05 -0.00050496698460017638 -0.00020196501790995777 -0.00071748462908943159 9.3948857214475214e-05 -0.00012434971178289066 -4.5897684054575006e-05 -6.7478815816525561e-05 -0.00025622031434924714 -0.00044462869460364324 1.9531631193536284e-05 -7.9615984011931104e-05 6.0834007737794225e-05 -2.8528169500855319e-05
leaf_weight=117 285 2899 11204 237 162449 1009 450 46 808 51 1039 1714 3096 583 708 1350 920 75 403 251 1170 1213 268 1716 286 604 49127 20745 23657 60911
leaf_count=117 285 2899 11204 237 162449 1009 450 46 808 51 1039 1714 3096 583 708 1350 920 75 403 251 1170 1213 268 1716 286 604 49127 20745 23657 60911
internal_value=0.00014126 -0.000103166 -0.000150697 -0.00697318 0.000418921 -0.00330373 -0.000131171 -0.00147875 -0.00688525 -0.000812779 -0.00440367 -0.000142906 -0.00147857 -0.00618103 -7.10733e-05 -0.00016133 -0.00438819 0.000971394 -0.000110863 -0.00214286 -0.00120423 -0.00392857 -0.00842213 -0.000147381 -0.000379497 -0.0037069 0.000358369 -0.000306395 -0.000282349 -5.09647e-05
internal_weight=349391 185816 182917 522 163575 1126 182395 7787 854 6933 1090 5843 4129 1033 174608 160695 1896 13913 158799 2709 2458 1288 976 157449 107919 2320 49530 105599 105313 84568
internal_count=349391 185816 182917 522 163575 1126 182395 7787 854 6933 1090 5843 4129 1033 174608 160695 1896 13913 158799 2709 2458 1288 976 157449 107919 2320 49530 105599 105313 84568
is_linear=0
shrinkage=0.05


Tree=34
num_leaves=31
num_cat=0
split_feature=13 6 14 14 14 12 14 11 11 11 10 12 12 12 12 10 11 11 11 11 8 10 13 13 14 10 15 11 8 11
split_gain=7.55836 7.99055 8.33884 13.8673 30.3878 26.9322 15.6962 15.115 14.3845 20.2039 16.2093 14.4577 37.1031 18.7824 45.5895 34.462 19.032 38.1927 26.5799 28.3506 27.1125 18.8264 15.8974 29.7056 27.0675 26.8131 22.059 33.813 24.2145 14.7975
threshold=46.145000457763679 1.0144814791797325 -0.069419882954705067 -0.056198841691910133 -0.056395923843761568 0.0037862010061723299 -0.036818887874406285 -0.031453464626615406 -0.012951361499321188 -0.011586998354799647 0.00069579143919507047 -0.005215251084133842 -0.008121323465966555 0.015682487762849754 0.015919336049390002 0.0011530196642344228 -0.00038402430290213058 -0.0042559755894635001 -0.0031311720849904741 -0.00050215269203263125 0.13285994584900088 -0.0037750757818245657 17.494999885559086 18.675000190734867 -0.0051066036826416519 -0.012001983030752781 0.0072538273825033537 -0.0025925478918460416 0.0075823826091083743 0.035554574411001412
decision_type=2 2 2 2 2 2 2 2 2 2 2 2 2 2 2 2 2 2 2 2 8 2 2 2 2 2 2 2 8 2
left_child=1 2 -1 4 -4 -6 7 -5 -8 10 -10 12 22 -13 15 -15 17 -16 21 20 -20 -19 -11 24 -24 -26 -25 28 -28 -29
right_child=-2 -3 3 6 5 -7 8 -9 9 11 -12 13 -14 14 16 -17 -18 18 19 -21 -22 -23 23 26 25 -27 27 29 -30 -31
leaf_value=3.6335156040400724e-05 0.00086691206735358762 -2.2371650045494063e-05 -2.5022149023999126e-05 -0.00019826327157297809 -0.0001571864880770137 -0.00042672908172966751 4.4561727963986247e-05 5.3614367421661461e-05 -0.00026721467659478654 9.8217530982808949e-05 8.659343668313017e-05 4.1531876698034318e-05 -0.00023308088665960908 -7.0043227481446494e-06 4.9577852481313652e-05 -0.00075191742114387851 6.4148108411104419e-06 -0.00012524778561644697 -1.9563165541661341e-05 -0.00027747903804509785 -0.00028690185706479668 -0.00034987986489139786 -0.0003749718499857969 5.4062968570243471e-05 -0.00083957760739374976 -9.3223212859486193e-05 -0.0019227827028145757 0.00014802410113677901 -0.00012306347199208238 -0.00067506974005540686
leaf_weight=32420 834 52054 13046 375 717 401 37747 31441 1517 4378 735 36628 1930 294 9747 393 96794 1083 8454 774 791 1343 395 9059 297 3879 265 806 198 179
leaf_count=32420 834 52054 13046 375 717 401 37747 31441 1517 4378 735 36628 1930 294 9747 393 96794 1083 8454 774 791 1343 395 9059 297 3879 265 806 198 179
internal_value=0.000125855 0.000114466 0.000214904 0.000121859 -0.00140003 -0.00931127 0.000208255 0.0012456 5.66414e-05 -0.000129516 -0.0048357 -6.98699e-05 -0.00128916 9.69605e-05 -0.00020627 -0.0130495 -0.000132116 -0.00145278 -0.00328847 -0.00215141 -0.00138183 -0.00798434 -0.000633223 -0.00140337 -0.0047681 -0.00358477 6.04361e-05 -0.00566989 -0.0168143 -0.000431472
internal_weight=348974 348140 296086 263666 14164 1118 249502 31816 217686 179939 2252 177687 21386 156301 119673 687 118986 22192 12445 10019 9245 2426 19456 15078 4571 4176 10507 1448 463 985
internal_count=348974 348140 296086 263666 14164 1118 249502 31816 217686 179939 2252 177687 21386 156301 119673 687 118986 22192 12445 10019 9245 2426 19456 15078 4571 4176 10507 1448 463 985
is_linear=0
shrinkage=0.05


Tree=35
num_leaves=31
num_cat=0
split_feature=13 4 3 10 11 12 12 14 0 12 13 13 9 10 14 10 6 13 13 13 0 11 10 1 10 14 10 10 3 11
split_gain=8.00681 9.78305 7.66855 13.1297 10.5461 13.6801 15.0349 13.5399 11.9525 11.1525 8.86483 18.4096 6.82985 8.72137 19.8686 6.72002 6.36104 6.28142 6.59831 19.4063 8.79339 8.33455 11.9732 7.1793 6.23787 6.02795 9.83546 9.12172 12.0985 8.07303
threshold=33.719999313354499 0.042074620402019446 -0.0065633494037184428 -0.029463592833469218 -0.022354679901405047 -0.005215251084133842 -0.0077540971574964193 0.24994374642796716 0.017231975168444106 0.0048491257127185614 21.409999847412113 21.654999732971195 -0.38142855358677646 0.010510737947986739 -0.0023991033821552095 -0.029463592833469218 1.0144814791797325 17.445000648498539 23.529999732971195 21.409999847412113 -0.0018062832046730757 0.0023967132721236521 0.006337694363773628 -0.016841031146869075 -0.017312000709356064 -0.083456210331023115 0.010824112764753148 0.011081127961662387 0.00092231109754714613 -0.0093788353030525001
decision_type=2 2 2 2 2 2 2 2 2 2 2 2 10 2 2 2 2 2 2 2 2 2 2 2 2 2 2 2 2 2
left_child=1 2 3 -1 -5 6 7 8 17 -7 -10 -12 -11 -14 -15 -3 25 -6 19 21 -21 -19 -23 -22 -20 26 29 28 -28 -4
right_child=-2 15 16 4 5 9 -8 -9 10 12 11 -13 13 14 -16 -17 -18 18 24 20 23 22 -24 -25 -26 -27 27 -29 -30 -31
leaf_value=-0.00035914783766090547 0.00025732448349202736 -0.00091784211385135628 -6.0721998189427833e-06 0.00012684265935907887 9.2037114287352612e-05 0.00012274676887629298 -0.00027495938632826378 -0.00046830423397231988 -0.00013863750687052265 -8.4562190459505637e-05 -0.0023354800058645866 -0.00020503176183701393 1.1675874594063913e-05 -1.8392904258859221e-05 -0.00038638143087072315 -6.3890357034828744e-05 -1.4246739422236582e-05 6.7230708983984848e-05 -0.0001516500522296691 -0.00021997842127380578 -0.001037500408683685 -0.00029578640486580855 0.00013483939115824063 -0.00067452150880883618 6.8851255948382614e-05 1.1391616816254897e-05 -0.00020981619568521127 8.7013745357954816e-06 -4.6708858069228939e-05 0.00014542848929002217
leaf_weight=290 2951 86 2429 4714 1814 3209 856 188 225 6395 74 134 18886 531 217 26180 38332 1764 309 321 135 572 378 235 1706 221099 77 7375 263 7742
leaf_count=290 2951 86 2429 4714 1814 3209 856 188 225 6395 74 134 18886 531 217 26180 38332 1764 309 321 135 572 378 235 1706 221099 77 7375 263 7742
internal_value=0.000136157 0.000114072 0.000190152 -0.000431518 -0.000359445 -0.000636512 -0.00237573 -0.00169001 -0.00136494 -0.000118339 -0.00943418 -0.016875 -0.000461216 1.01883e-06 -0.00529412 -0.000813599 0.000286441 -0.000881946 -0.00173432 -0.00307636 -0.0105572 -0.0011717 -0.00494737 -0.0158108 0.000533499 0.000382346 0.00126524 -8.10108e-05 -0.00808823 0.0022864
internal_weight=349487 346536 320270 42953 42663 37949 8711 7855 7667 29238 433 208 26029 19634 748 26266 277317 7234 5420 3405 691 2714 950 370 2015 238985 17886 7715 340 10171
internal_count=349487 346536 320270 42953 42663 37949 8711 7855 7667 29238 433 208 26029 19634 748 26266 277317 7234 5420 3405 691 2714 950 370 2015 238985 17886 7715 340 10171
is_linear=0
shrinkage=0.05


Tree=36
num_leaves=31
num_cat=0
split_feature=4 12 8 12 13 15 12 12 14 4 11 10 12 9 15 10 6 10 10 11 10 14 12 12 12 11 14 13 10 12
split_gain=8.13748 9.15245 10.2947 9.30056 15.9503 12.382 9.22812 9.02545 11.5141 11.7907 8.13136 11.9326 7.20094 7.60989 6.58474 6.79356 6.47751 8.08718 11.1177 7.9753 27.64 9.2701 8.26752 17.3885 12.671 18.1775 11.7746 13.5103 12.0689 11.9646
threshold=0.020654016208388411 -0.075828258528587975 -0.0070471711368644266 -0.062212447341067838 30.750000000000004 -0.0049911934294358242 -0.05793872793170584 -0.0800835440536906 0.016703104234397029 0.033948949943443475 0.023085169776383866 -0.0045894862186584553 0.12832311924221709 -0.074158319309278783 -0.0063485861191152062 -0.029463592833469218 1.0144814791797325 0.016350116268756935 0.017875659611307108 -0.023458930823045284 0.0041080829558171059 -0.036136320679139293 -0.005215251084133842 0.0061045845958173093 -0.0093119022308690274 -0.011940050299307501 -0.020031535513597539 12.00999975204468 -0.0015878085358975167 0.0062346359643689073
decision_type=2 2 10 2 2 2 2 2 2 2 2 2 2 10 2 2 2 2 2 2 2 2 2 2 2 2 2 2 2 2
left_child=-1 2 -2 4 5 14 -5 8 9 -4 16 -12 -13 -14 15 -3 19 -18 -19 20 -8 -21 24 -24 -23 -26 28 -28 -25 -29
right_child=1 3 7 6 -6 -7 10 -9 -10 -11 11 12 13 -15 -16 -17 17 18 -20 21 -22 22 23 26 25 -27 27 29 -30 -31
leaf_value=1.407108402477231e-05 0.00032201792191727426 -0.00038088157855548804 -0.00051472808052895394 0.00043561850993960858 0.00021035432056629852 -5.0222314773713037e-05 0.00015031139563422309 0.00018817721848834071 -3.0749625203883544e-05 -0.00042001094906797537 -0.00022231840160279485 3.9995077879245397e-05 -0.00043583380674586656 -6.7385874885093373e-05 -0.00032181197686174018 -0.00013532287061773917 -4.8778232638372724e-05 -0.00044155809226021085 -0.00013568561780831492 2.0499525237288807e-05 -0.00018904484399310726 -4.088179527536034e-05 0.00011233585637741488 -0.00024150307816402767 2.2083350037500808e-06 -0.00032198752158065598 -0.00036113842724826915 -0.00025546675742819236 -7.5160880568044404e-05 -3.5665084341521334e-06
leaf_weight=133160 3778 316 136 1416 1180 2045 9684 468 396 94 297 30852 83 244 293 811 25445 297 868 36879 1490 16937 8292 504 1463 1895 189 353 11076 57927
leaf_count=133160 3778 316 136 1416 1180 2045 9684 468 396 94 297 30852 83 244 293 811 25445 297 868 36879 1490 16937 8292 504 1463 1895 189 353 11076 57927
internal_value=0.000142862 -4.68687e-05 0.00209565 -9.6378e-05 -0.00230893 -0.00401876 -4.65343e-05 -0.0021755 -0.00610224 -0.015 -7.43497e-05 0.000664951 0.000759967 -0.00662079 -0.00760563 -0.00586956 -0.000208628 -0.000926343 -0.005 -7.84311e-05 0.00120548 -0.000184297 -0.000437163 -0.000204171 -0.00133654 -0.00414235 -0.000460463 -0.000171971 -0.0019171 -0.000128689
internal_weight=348868 215708 4872 210836 4645 3465 206191 1094 626 230 204775 31476 31179 327 1420 1127 173299 26610 1165 146689 11174 135515 98636 78341 20295 3358 70049 58469 11580 58280
internal_count=348868 215708 4872 210836 4645 3465 206191 1094 626 230 204775 31476 31179 327 1420 1127 173299 26610 1165 146689 11174 135515 98636 78341 20295 3358 70049 58469 11580 58280
is_linear=0
shrinkage=0.05


Tree=37
num_leaves=31
num_cat=0
split_feature=15 11 4 16 12 11 14 12 12 9 12 15 14 14 13 13 9 15 13 12 14 16 9 11 11 12 12 13 12 11
split_gain=8.0308 10.1731 7.82948 6.81404 6.81044 9.12641 10.2677 17.4654 36.3293 16.2009 16.1249 11.9084 11.7203 41.0436 15.0925 34.5406 24.0058 14.0114 12.991 15.4683 12.595 10.9474 10.1934 10.1702 23.3874 26.328 19.1469 9.8559 11.8525 14.5098
threshold=-0.040614005752933995 -0.055970662091911087 0.032537016254687585 -0.080616081605567033 0.011040694977268452 -0.019741563271709391 0.017796206966189224 0.051085048604070045 0.050860094870715973 0.47146044104062929 0.049504532457416379 0.0013109802710320475 -0.0014673976412659104 -0.0023991033821552095 15.84500026702881 16.260000228881839 0.23859460494697707 -0.011107100289789394 17.945000648498539 0.012058033695657168 -0.0028149085248330703 -0.002319642995565085 -0.330300766330197 -0.0038430615531924168 1.0000000180025095e-35 0.013959739003271522 0.029429838614500662 16.469999313354496 0.025155853289738354 -0.012789082312227194
decision_type=2 2 2 2 2 2 2 2 2 8 2 2 2 2 2 2 8 2 2 2 2 2 10 2 2 2 2 2 2 2
left_child=3 -2 4 -1 -3 -6 12 8 9 10 23 -10 13 18 -14 16 -16 -15 19 22 -20 -11 -7 -8 26 -26 -25 28 29 -21
right_child=1 2 -4 -5 5 6 7 -9 11 21 -12 -13 14 17 15 -17 -18 -19 20 27 -22 -23 -24 24 25 -27 -28 -29 -30 -31
leaf_value=0.00029013637539710937 0.00054658363296963765 2.3278037411928728e-05 -2.5204346685927881e-05 -0.00026604463039519297 0.00014296616399004774 -0.00018665340818661141 7.0061013439559462e-05 6.4212284947864838e-05 -0.0008513478169063631 -2.2156127826363598e-05 -0.00013832578613684238 -0.00032378858017728321 7.0731762195274043e-05 -0.00038591999906499396 -0.00043705942630668223 2.2760309047994788e-05 1.8745737779853897e-06 -0.00018866885078523525 -3.0103242775511591e-05 -0.00023524386740789947 -0.0001974872921862048 -0.00013148072264912658 3.1620376926655868e-05 -6.0703865898340746e-05 -0.00027606410452800048 1.410347989565437e-05 -0.00022419888936101322 7.3573336740453605e-05 2.1529870954270374e-05 -2.2956009285477201e-05
leaf_weight=322 1284 102456 63277 1037 2900 710 8464 8037 109 3371 783 270 19870 48 619 6573 417 1527 17172 756 358 4648 335 3977 410 19698 1561 14945 47993 15505
leaf_count=322 1284 102456 63277 1037 2900 710 8464 8037 109 3371 783 270 19870 48 619 6573 417 1527 17172 756 358 4648 335 3977 410 19698 1561 14945 47993 15505
internal_value=0.000153278 0.000168255 0.000151807 -0.00368285 0.000264045 7.96993e-05 3.44082e-05 -0.000562266 -0.000959668 -0.000823546 -0.000357808 -0.016372 0.000275886 2.31006e-05 0.00118982 -0.000703772 -0.00918919 -0.00798413 0.000152086 0.000421465 -0.001081 -0.00285011 -0.00562201 -0.000194957 -0.000690946 0.000101452 -0.00356807 0.000501206 0.000232204 -0.000934444
internal_weight=349432 348073 346789 1359 283512 181056 178156 51328 43291 42912 34893 379 126828 99349 27479 7609 1036 1575 97774 80244 17530 8019 1045 34110 25646 20108 5538 79199 64254 16261
internal_count=349432 348073 346789 1359 283512 181056 178156 51328 43291 42912 34893 379 126828 99349 27479 7609 1036 1575 97774 80244 17530 8019 1045 34110 25646 20108 5538 79199 64254 16261
is_linear=0
shrinkage=0.05


Tree=38
num_leaves=31
num_cat=0
split_feature=13 12 13 10 12 14 12 14 14 12 11 14 11 9 15 11 11 10 13 14 10 10 12 12 9 10 13 13 3 12
split_gain=7.59476 6.99483 15.3731 15.1838 15.0514 30.197 24.2539 13.5856 39.6239 16.4771 13.4902 11.69 17.8024 11.3733 11.0354 11.0296 21.1199 27.044 11.8401 30.1616 31.2325 27.3138 15.1908 62.9775 29.68 18.7991 26.1097 51.5846 19.5441 18.5158
threshold=46.145000457763679 0.04851916087108233 12.00999975204468 0.0063034677603397435 0.051085048604070045 0.023650626144740231 0.050860094870715973 -0.018046897283232773 -0.036136320679139293 0.11156893092539701 0.01079875175925993 -0.067149022617353324 0.0053137315210420874 0.092235835696791293 0.0013109802710320475 0.0097669532521742503 0.0093910494145468277 0.0075431397626640759 14.684999942779543 0.014406301774378962 0.012727043065882683 -0.0065884615881859334 0.014938847679140889 0.016281098665468789 0.2260470123204156 -7.490452526071055e-05 21.134999275207523 21.704999923706058 -0.010255343109652924 -0.008121323465966555
decision_type=2 2 2 2 2 2 2 2 2 2 2 2 2 10 2 2 2 2 2 2 2 2 2 2 8 2 2 2 2 2
left_child=1 2 -1 4 5 -3 -7 8 -6 -9 -11 -5 -13 -10 -8 16 18 -18 19 20 -4 -21 25 24 -24 -20 -27 28 29 -28
right_child=-2 3 15 11 7 6 14 9 13 10 -12 12 -14 -15 -16 -17 17 -19 22 21 -22 -23 23 -25 -26 26 27 -29 -30 -31
leaf_value=-0.00015603046044134448 0.00077775772056103566 5.4305431057215898e-05 8.8002522297356896e-05 2.1994526198693271e-05 9.4766923119907101e-05 -0.0001089747539742522 -0.00082859397541523217 7.3438931759104291e-05 -0.00016719581968731165 -0.00027275940339770995 -2.7919758460166432e-05 -0.00025267088962378862 -8.5309045819650787e-05 1.1251169060822836e-05 -0.00045675205414444868 2.5464861860807516e-05 -8.5321572249716761e-05 -0.00040833550973373532 3.6103602336250711e-05 0.0001273484647924755 -0.0001365995436578691 -8.7089719350672365e-05 -0.00071432766406423292 -2.2455149119927541e-05 -0.00016768592943413175 5.8609403377419816e-06 -0.0021740627656484878 -5.9182044373906903e-05 -0.00026994774509211342 -0.0007879907362541975
leaf_weight=828 860 2135 23740 3799 4654 1671 134 18186 3536 419 1281 846 8823 1090 304 103816 1284 420 64349 4621 1245 9277 358 48446 912 30396 186 10243 1283 228
leaf_count=828 860 2135 23740 3799 4654 1671 134 18186 3536 419 1281 846 8823 1090 304 103816 1284 420 64349 4621 1245 9277 358 48446 912 30396 186 10243 1283 228
internal_value=0.000132668 0.000121087 0.000209394 -0.000447118 0.000124214 -0.00265787 -0.00690137 0.000529041 -0.00105065 0.00126622 -0.00344118 -0.00186442 -0.00278778 -0.00432771 -0.0173744 0.000228122 8.32557e-06 -0.00553404 5.66869e-05 0.000837513 0.00187613 -0.00102964 -0.000137435 -0.000859281 -0.0118504 0.00019895 -0.000619331 -0.0026005 -0.0106747 -0.0201208
internal_weight=349370 348510 301632 46878 33410 4244 2109 29166 9280 19886 1700 13468 9669 4626 438 300804 196988 1704 195284 38883 24985 13898 156401 49716 1270 106685 42336 11940 1697 414
internal_count=349370 348510 301632 46878 33410 4244 2109 29166 9280 19886 1700 13468 9669 4626 438 300804 196988 1704 195284 38883 24985 13898 156401 49716 1270 106685 42336 11940 1697 414
is_linear=0
shrinkage=0.05


Tree=39
num_leaves=31
num_cat=0
split_feature=13 4 6 11 10 10 10 8 14 12 10 10 11 0 10 10 14 11 13 9 10 3 10 10 12 14 10 12 14 12
split_gain=7.37402 7.29796 5.89952 6.44016 10.4746 14.3894 9.08002 7.22039 6.05589 9.00199 6.70692 16.5671 27.0945 13.1821 6.22872 24.6842 22.2124 11.7154 9.64393 6.85087 10.1474 6.61746 13.6504 42.9578 8.7407 6.90011 7.1177 8.25029 9.49852 11.1836
threshold=46.145000457763679 0.024635091924004374 1.0144814791797325 -0.022762768939498131 0.00522211431460995 0.006684196327708559 -0.017312000709356064 -0.058100736777864252 -0.037374592254897913 0.11156893092539701 -0.014256563971479506 -0.013932241848525038 0.008381662460648533 -0.011334437237255966 -0.0060493292963074699 -0.005204649425331386 0.035592479952137442 0.033003694836419857 14.765000343322756 -0.38142855358677646 -0.006703838533231087 -0.0082907182118033256 0.0061050863391346475 0.006337694363773628 0.057873618969341407 -0.02620315994355665 -0.0027244353612394519 0.06610047212240612 -0.03443408845307621 0.10669083960097593
decision_type=2 2 2 2 2 2 2 10 2 2 2 2 2 2 2 2 2 2 2 10 2 2 2 2 2 2 2 2 2 2
left_child=1 -1 3 4 -3 7 -5 -6 -8 10 -10 12 -12 -14 19 16 17 -16 -18 20 -13 22 -17 -24 -25 26 -23 -28 -29 -30
right_child=-2 2 -4 6 5 -7 8 -9 9 -11 11 14 13 -15 15 21 18 -19 -20 -21 -22 25 23 24 -26 -27 27 28 29 -31
leaf_value=1.1073769064432259e-05 0.00076581276120254972 0.00012416783677124418 -6.5170405108038926e-05 -0.00016399171482498989 -0.00037169793898736344 4.1837602431163358e-05 2.5385273416205856e-05 -0.00012331821689923455 0.00016820317192959154 -0.00017251138000354933 -8.6928604343172814e-05 -0.00013188623211404245 -0.0013747236681109225 -0.00039505252537506074 0.00016891684238084967 -4.9971850894386411e-05 -0.00045777378941150272 -0.00023834440899964072 -0.00039185780427184954 0.00010767867658929534 0.00025652450498208425 -0.00032295135861410014 -0.0021494170321231065 0.00017670776228984519 -0.0004795032047654741 1.1990433686489148e-05 -2.3615907312984127e-05 0.0001791755665092442 -0.00041672084297371517 0.00024005553679730569
leaf_weight=203328 842 9873 21985 1866 404 1161 33267 244 2360 1354 484 2344 126 65 937 7533 165 169 1378 7306 847 129 172 400 213 44653 4566 246 853 199
leaf_count=203328 842 9873 21985 1866 404 1161 33267 244 2360 1354 484 2344 126 65 937 7533 165 169 1378 7306 847 129 172 400 213 44653 4566 246 853 199
internal_value=0.000148354 0.000137066 -0.000133552 9.73312e-07 0.00111796 -0.00237977 -0.000115916 -0.00834877 -5.71213e-05 -0.00030203 -0.000229223 -0.000314282 -0.00811111 -0.0240576 -0.000241298 -0.000433106 -0.00515478 0.000253165 -0.00903111 0.000884539 -0.00104826 -0.000220982 -0.00152801 -0.00780255 -0.00160685 -6.31818e-06 -0.00159937 -0.00134379 -0.00486132 -0.00692966
internal_weight=349469 348627 145299 123314 11682 1809 111632 648 109766 76499 75145 72785 675 191 72110 61613 2649 1106 1543 10497 3191 58964 8318 785 613 50646 5993 5864 1298 1052
internal_count=349469 348627 145299 123314 11682 1809 111632 648 109766 76499 75145 72785 675 191 72110 61613 2649 1106 1543 10497 3191 58964 8318 785 613 50646 5993 5864 1298 1052
is_linear=0
shrinkage=0.05


Tree=40
num_leaves=31
num_cat=0
split_feature=12 12 13 15 8 12 12 0 4 9 12 10 12 10 13 10 8 12 10 1 10 13 12 12 10 11 12 10 13 13
split_gain=7.03383 9.49386 15.645 12.9704 8.68347 8.60594 8.19026 8.02033 7.43788 6.92755 10.3168 20.8543 13.0351 10.3296 13.6337 11.9261 11.7777 11.2109 12.96 9.36306 8.83108 16.4608 8.47352 17.116 16.7055 13.5581 10.1402 9.79519 7.9683 18.0798
threshold=-0.075828258528587975 -0.062212447341067838 30.750000000000004 -0.0049911934294358242 -0.0070471711368644266 -0.0800835440536906 -0.05793872793170584 -0.023861312968540879 0.038156884538655282 0.3517854213118688 -0.019407613730768488 0.016350116268756935 -0.046451976604296834 -0.006703838533231087 20.060000419616703 -0.0065884615881859334 0.057332590384235001 -0.0059221640754917306 0.0086942135082223055 -0.036998698412531665 0.00038112321022931722 24.855000495910648 0.0082902171521933594 0.015481737814256992 0.0048530643765671852 0.0032511544819977538 0.021643968214260404 0.003415324016821653 15.105000019073488 15.234999656677248
decision_type=2 2 2 2 10 2 2 2 2 8 2 2 2 2 2 2 8 2 2 2 2 2 2 2 2 2 2 2 2 2
left_child=4 2 3 -2 -1 7 -3 -6 9 -8 11 12 20 14 16 -15 28 18 -17 -13 21 -11 27 24 25 -24 -25 -19 -12 -30
right_child=1 6 -4 -5 5 -7 8 -9 -10 10 13 19 -14 15 -16 17 -18 22 -20 -21 -22 -23 23 26 -26 -27 -28 -29 29 -31
leaf_value=0.00026729795235710794 -0.00023879140227343572 0.00034173718857939206 0.00020378507401778501 -3.5376831758015878e-05 -0.00050679038415390695 0.00015742275029683611 1.3099634933253167e-05 -0.00014289811041639096 -4.5085540073451367e-05 -0.00015721347888388308 -6.0847787236675705e-05 -0.00045165660047924693 9.229963933232038e-05 0.00023600863294256648 9.5960602918107932e-05 -0.00010072298658935959 -5.525582380282583e-06 0.0001168193516048668 0.00013034540248535329 -0.00011732321631656846 8.0782576581131079e-05 0.00029418303763116836 2.8220116241096051e-05 0.00010477362100649169 2.3769076599246063e-05 -0.00016976826973151614 -1.713928408536023e-05 -2.7244542256693129e-05 -0.00033555251756176637 -0.00013412097940004221
leaf_weight=3790 1611 1697 1308 2220 110 566 228124 581 34256 1567 1329 189 11110 1601 1954 3622 1857 5599 872 519 1221 720 576 3944 1592 2158 28488 3268 392 2275
leaf_count=3790 1611 1697 1308 2220 110 566 228124 581 34256 1567 1329 189 11110 1601 1954 3622 1857 5599 872 519 1221 720 576 3944 1592 2158 28488 3268 392 2275
internal_value=0.000145167 0.000117985 -0.00201498 -0.00362699 0.00199822 -0.00160302 0.000150326 -0.00534732 0.00013289 0.000211848 -0.000205536 0.000951325 0.00135723 -0.000503385 -0.00219867 -0.000247486 -0.00340595 -0.000383188 -0.00276591 -0.00742938 -0.00129989 -0.00313292 -0.000148493 -0.00048316 -0.00343736 -0.00580834 -8.91093e-05 0.00123886 -0.00493493 -0.00651106
internal_weight=349116 344069 5139 3831 5047 1257 338930 691 337233 302977 74853 15326 14618 59527 7807 51720 5853 50119 4494 708 3508 2287 45625 36758 4326 2734 32432 8867 3996 2667
internal_count=349116 344069 5139 3831 5047 1257 338930 691 337233 302977 74853 15326 14618 59527 7807 51720 5853 50119 4494 708 3508 2287 45625 36758 4326 2734 32432 8867 3996 2667
is_linear=0
shrinkage=0.05


Tree=41
num_leaves=31
num_cat=0
split_feature=11 13 13 12 12 13 16 15 13 14 14 14 16 13 11 13 11 1 12 13 12 9 11 16 0 3 12 12 15 13
split_gain=7.52254 15.6581 10.3049 15.0822 13.4916 13.0777 14.0783 32.8091 25.3054 16.6594 11.0672 24.1685 10.8994 10.5682 25.3607 32.7029 21.6884 14.9154 13.8283 19.6645 17.9176 14.995 11.3141 10.4788 10.4005 9.89002 9.75611 14.1895 9.74556 9.73582
threshold=-0.022762768939498131 17.530000686645511 17.875000000000004 -0.050232690438178178 -0.027198413534659901 18.94999980926514 -0.013815990819644906 -0.013646890467615134 18.510000228881839 -0.071593592008693294 0.048986719728816526 0.043755363545313626 -0.022250149633245394 21.134999275207523 0.0072247197872850064 21.555000305175785 -0.011586998354799647 0.017006556215626526 -0.0036881792371129536 23.409999847412113 -0.0077540971574964193 inf -0.016025846447031252 -0.016864350553213444 -0.020795598922934085 -0.0137423506968794 -0.062212447341067838 0.012058033695657168 0.0034399107585506576 16.469999313354496
decision_type=2 2 2 2 2 2 2 2 2 2 2 2 2 2 2 2 2 2 2 2 2 8 2 2 2 2 2 2 2 2
left_child=1 -1 3 12 -5 6 -4 8 -8 -9 11 -11 -2 26 15 16 -15 25 19 22 21 -21 -17 -23 -10 28 -7 -28 -18 -6
right_child=2 -3 5 4 29 13 7 9 24 10 -12 -13 -14 14 -16 18 17 -19 -20 20 -22 23 -24 -25 -26 -27 27 -29 -30 -31
leaf_value=-8.9592795204056851e-05 -0.00022132354250543483 6.4955846203720543e-05 4.2256759234523487e-05 0.0001002958571062057 1.1809787681984372e-06 -0.00010869868644071987 -0.00012939657923817838 0.00011787598239169362 -0.0013167969878232785 -7.3521680958524191e-05 4.6356820585583907e-06 -0.00033496194886325933 -9.9969333265845779e-05 -3.5398112023701874e-05 6.1810603460503999e-05 -0.00034481036778143928 -0.00081046038531575732 -0.00029119976126472705 0.00013836253524297746 1.3055166467543012e-05 -0.00031713990521232646 -0.00049530825070275659 -0.00010751647641656587 -2.8317630601841961e-05 -0.00057088287002884865 -0.00046566310820341292 9.5358641385762241e-05 -7.1411095911569203e-06 -0.002241705584179503 3.9067473194973762e-05
leaf_weight=845 138 27468 5093 8809 166067 1274 469 2448 180 13186 4766 820 697 829 10542 1264 64 432 2994 9771 848 226 1672 230 224 628 17920 20333 141 48738
leaf_count=845 138 27468 5093 8809 166067 1274 469 2448 180 13186 4766 820 697 829 10542 1264 64 432 2994 9771 848 226 1672 230 224 628 17920 20333 141 48738
internal_value=0.000153474 0.00093473 8.45225e-05 0.000270195 0.000295241 -0.000347987 -0.00127713 -0.00182343 -0.011323 -0.00143261 -0.00193853 -0.00264672 -0.00643713 1.72047e-05 -0.000696501 -0.00178308 -0.00767908 -0.0117984 -0.00105704 -0.00171615 -0.000751693 -0.000172582 -0.00535422 -0.00903509 -0.020495 -0.0157083 0.000552407 0.000695763 -0.0252439 0.000216592
internal_weight=349116 28313 320803 224449 223614 96354 27186 22093 873 21220 18772 14006 835 69168 29641 19099 2094 1265 17005 14011 11075 10227 2936 456 404 833 39527 38253 205 214805
internal_count=349116 28313 320803 224449 223614 96354 27186 22093 873 21220 18772 14006 835 69168 29641 19099 2094 1265 17005 14011 11075 10227 2936 456 404 833 39527 38253 205 214805
is_linear=0
shrinkage=0.05


Tree=42
num_leaves=31
num_cat=0
split_feature=9 11 10 10 14 14 1 14 14 10 10 11 10 4 11 11 11 14 11 11 14 11 14 15 11 14 8 10 4 14
split_gain=6.45057 8.90911 12.3048 17.7031 12.8791 11.7578 11.8603 9.18089 22.8158 13.9501 22.5875 19.2324 26.2077 17.5667 15.2031 27.4408 24.0611 21.7833 16.3014 18.1658 15.8247 12.715 12.2786 11.6614 11.491 10.7382 12.1506 10.7637 10.4313 9.71717
threshold=0.3517854213118688 -0.012951361499321188 0.0040309091899630731 -0.0070887111791633197 -0.069419882954705067 -0.056198841691910133 -0.035500941624068742 0.035592479952137442 0.037991361441833245 -0.0060493292963074699 -0.0058617567091531755 0.008381662460648533 -0.011000827975735815 0.024635091924004374 0.02752921867583458 0.014880662239239896 0.0036681526021306037 0.077019604552505241 -0.0037227155807691976 -0.0033635921331804926 0.052093484772870687 0.015152806552143018 0.048986719728816526 0.0040388269186525392 -0.011429268480369846 0.052093484772870687 0.11140503563885197 -0.0055671377170214966 0.01785092527445482 0.039671535485110161
decision_type=8 2 2 2 2 2 2 2 2 2 2 2 2 2 2 2 2 2 2 2 2 2 2 2 2 2 10 2 2 2
left_child=1 2 3 -1 -4 6 -6 -3 -9 11 -11 -10 13 -13 15 16 18 20 24 -20 -17 -14 -21 -15 -12 28 -27 -28 -24 -18
right_child=-2 7 4 -5 5 -7 -8 8 9 10 14 12 21 23 -16 17 29 -19 19 22 -22 -23 25 -25 -26 26 27 -29 -30 -31
leaf_value=1.7788160951295545e-05 -9.5241926668111963e-06 1.0964091336500668e-05 3.1410474417958774e-05 0.00014538954436472365 -0.00054002437665781513 -3.4392336946233615e-05 -0.00012399357211566122 -0.00021272658718961336 6.6944880329918081e-05 -0.00032149706898220294 -0.00038304234041467594 -0.00021011261715801725 6.9082472210095597e-05 -0.0013464756929492509 0.00015748308933794734 -0.00017407878407198039 -0.00024653994102366989 -0.0006257002291894468 -0.00059035716060313378 3.228534067099326e-05 1.3108197806320618e-05 -0.0001365797522488117 -0.00012688225633094433 -0.00040054054028919615 5.0507844998847907e-05 -0.00010810342973439333 -0.00071239033640622864 -0.00015166561567966788 -0.00053811027915000482 7.68050835457003e-05
leaf_weight=20120 86576 174219 4980 16001 484 2036 779 1232 14672 393 401 170 1248 175 2418 1626 788 398 403 1634 1205 399 199 68 4421 3824 88 142 191 7631
leaf_count=20120 86576 174219 4980 16001 484 2036 779 1232 14672 393 401 170 1248 175 2418 1626 788 398 403 1634 1205 399 199 68 4421 3824 88 142 191 7631
internal_value=0.000147612 0.000271113 0.000916667 0.00131516 -0.000821959 -0.00324492 -0.00703484 0.0001396 -0.000508164 -0.000313691 -0.00104379 0.000810423 -0.00371359 -0.0149758 -0.000859513 -0.00125681 -0.000557246 -0.00552958 -0.0020645 -0.00370236 -0.00398976 -0.000889496 -0.00302073 -0.0236008 0.000136873 -0.00438344 -0.00362111 -0.0147826 -0.0123077 0.00146633
internal_weight=348921 262345 44400 36121 8279 3299 1263 217945 43726 42494 25762 16732 2060 413 25369 22951 19722 3229 11303 6481 2831 1647 6078 243 4822 4444 4054 230 390 8419
internal_count=348921 262345 44400 36121 8279 3299 1263 217945 43726 42494 25762 16732 2060 413 25369 22951 19722 3229 11303 6481 2831 1647 6078 243 4822 4444 4054 230 390 8419
is_linear=0
shrinkage=0.05


Tree=43
num_leaves=31
num_cat=0
split_feature=13 5 13 12 6 14 14 11 11 0 11 10 11 8 10 13 11 11 11 10 3 4 12 11 10 10 12 10 14 8
split_gain=6.67484 7.18421 5.88126 11.82 5.76773 6.33163 13.9828 11.4205 20.2918 25.8872 13.6785 24.0336 18.143 14.7468 10.5512 13.8525 13.0761 13.6699 14.419 30.4252 12.6459 10.8588 10.8424 10.1627 10.1031 11.4225 14.3599 10.0807 10.0691 9.66877
threshold=33.719999313354499 0.034013837056671638 12.00999975204468 0.041666429099885278 0.85616958256764097 -0.036818887874406285 -0.025765440759432264 -0.0071962553700703471 -0.0070947628288289813 0.0051043847831000475 1.0000000180025095e-35 -0.0090889117917126155 -0.00050215269203263125 0.15285650749845472 0.0036023274720613512 14.835000038146974 -0.0019709579600085676 -0.0038430615531924168 -0.0031311720849904741 -0.0037750757818245657 0.0015606103013815489 0.018261867885690699 0.001711050909807055 -0.0037227155807691976 0.0041080829558171059 0.0039695003321817976 0.027409196484277535 -0.0070887111791633197 -0.039568606403770572 -0.050447313842118639
decision_type=2 2 2 2 2 2 2 2 2 2 2 2 2 8 2 2 2 2 2 2 2 2 2 2 2 2 2 2 2 10
left_child=1 2 3 -1 5 28 -7 27 9 -9 11 -10 13 14 16 20 17 22 19 -19 -16 -21 -13 -15 25 -12 -27 -8 -4 -11
right_child=-2 -3 4 -5 -6 6 7 8 10 29 24 12 -14 23 15 -17 -18 18 -20 21 -22 -23 -24 -25 -26 26 -28 -29 -30 -31
leaf_value=-0.00021468695941086313 0.00022273221482545553 -0.00013847997669817408 1.728987451354804e-05 -1.7607630321129749e-05 -1.2850111764187571e-05 -4.4143404072735565e-05 7.0962513999047757e-06 -9.4260922616928896e-05 0.00020856607245505303 -0.002062586694414482 4.4182132837929782e-06 -0.00010302277766878919 -0.00018281720328491887 -3.7312846793728621e-05 -0.00022794385161442284 1.7774271099478718e-05 9.3286745809190746e-05 -6.1661533931313392e-05 -3.8826790137392429e-05 -0.00016773894419307793 -3.9660082395770386e-05 -0.00046664965220081313 6.4364406713618902e-05 -0.0002733957881520972 4.2415940222225752e-05 -2.5583832770604969e-05 -0.0003319535243762274 7.5432989282666235e-05 0.00010375049587462737 -0.00073627935841867826
leaf_weight=408 2971 7801 66683 1251 58229 17342 22200 479 2519 97 87363 1643 1104 490 915 1037 3405 1697 4450 246 592 581 5309 665 25318 709 389 25984 6423 154
leaf_count=408 2971 7801 66683 1251 58229 17342 22200 479 2519 97 87363 1643 1104 490 915 1037 3405 1697 4450 246 592 581 5309 665 25318 709 389 25984 6423 154
internal_value=0.000149432 0.000129138 0.000163793 -0.00280591 0.000178455 0.000273296 0.000130638 0.000256371 2.66598e-05 -0.00828767 7.05041e-05 -0.000997242 -0.0015239 -0.00119591 -0.000876729 -0.00388365 -0.000435347 -0.00111446 -0.00267852 -0.00569731 -0.00694426 -0.0135611 0.000454546 -0.00668831 0.000301857 4.97961e-05 -0.00501821 0.000919808 0.000672722 -0.0212948
internal_weight=348454 345483 337682 1659 336023 277794 204688 187346 139162 730 138432 24653 22134 21030 19875 2544 17331 13926 6974 2524 1507 827 6952 1155 113779 88461 1098 48184 73106 251
internal_count=348454 345483 337682 1659 336023 277794 204688 187346 139162 730 138432 24653 22134 21030 19875 2544 17331 13926 6974 2524 1507 827 6952 1155 113779 88461 1098 48184 73106 251
is_linear=0
shrinkage=0.05


end of trees

feature_importances:
spy_ret_1d=252
spy_ret_20d=226
spy_ret_5d=206
vix_level=188
vix_chg_1d=161
atr_pct=59
sector_ret_1d=47
dist_ma50=43
overnight_gap=32
dist_ma200=28
sector_ret_5d=25
ret_1d=13
ret_5d=13
parkinson_20=11
dist_ma20=9
dvol_z_20=5
ret_20d=2

parameters:
[boosting: gbdt]
[objective: quantile]
[metric: quantile]
[tree_learner: serial]
[device_type: cpu]
[data_sample_strategy: bagging]
[data: ]
[valid: ]
[num_iterations: 120]
[learning_rate: 0.05]
[num_leaves: 31]
[num_threads: -1]
[seed: 0]
[deterministic: 0]
[force_col_wise: 1]
[force_row_wise: 0]
[histogram_pool_size: -1]
[max_depth: -1]
[min_data_in_leaf: 40]
[min_sum_hessian_in_leaf: 0.001]
[bagging_fraction: 0.85]
[pos_bagging_fraction: 1]
[neg_bagging_fraction: 1]
[bagging_freq: 1]
[bagging_seed: 3]
[bagging_by_query: 0]
[feature_fraction: 0.85]
[feature_fraction_bynode: 1]
[feature_fraction_seed: 2]
[extra_trees: 0]
[extra_seed: 6]
[early_stopping_round: 0]
[early_stopping_min_delta: 0]
[first_metric_only: 0]
[max_delta_step: 0]
[lambda_l1: 0]
[lambda_l2: 0]
[linear_lambda: 0]
[min_gain_to_split: 0]
[drop_rate: 0.1]
[max_drop: 50]
[skip_drop: 0.5]
[xgboost_dart_mode: 0]
[uniform_drop: 0]
[drop_seed: 4]
[top_rate: 0.2]
[other_rate: 0.1]
[min_data_per_group: 100]
[max_cat_threshold: 32]
[cat_l2: 10]
[cat_smooth: 10]
[max_cat_to_onehot: 4]
[top_k: 20]
[monotone_constraints: ]
[monotone_constraints_method: basic]
[monotone_penalty: 0]
[feature_contri: ]
[forcedsplits_filename: ]
[refit_decay_rate: 0.9]
[cegb_tradeoff: 1]
[cegb_penalty_split: 0]
[cegb_penalty_feature_lazy: ]
[cegb_penalty_feature_coupled: ]
[path_smooth: 0]
[interaction_constraints: ]
[verbosity: -1]
[saved_feature_importance_type: 0]
[use_quantized_grad: 0]
[num_grad_quant_bins: 4]
[quant_train_renew_leaf: 0]
[stochastic_rounding: 1]
[linear_tree: 0]
[max_bin: 255]
[max_bin_by_feature: ]
[min_data_in_bin: 3]
[bin_construct_sample_cnt: 200000]
[data_random_seed: 1]
[is_enable_sparse: 1]
[enable_bundle: 1]
[use_missing: 1]
[zero_as_missing: 0]
[feature_pre_filter: 1]
[pre_partition: 0]
[two_round: 0]
[header: 0]
[label_column: ]
[weight_column: ]
[group_column: ]
[ignore_column: ]
[categorical_feature: ]
[forcedbins_filename: ]
[precise_float_parser: 0]
[parser_config_file: ]
[objective_seed: 5]
[num_class: 1]
[is_unbalance: 0]
[scale_pos_weight: 1]
[sigmoid: 1]
[boost_from_average: 1]
[reg_sqrt: 0]
[alpha: 0.1]
[fair_c: 1]
[poisson_max_delta_step: 0.7]
[tweedie_variance_power: 1.5]
[lambdarank_truncation_level: 30]
[lambdarank_norm: 1]
[label_gain: ]
[lambdarank_position_bias_regularization: 0]
[eval_at: ]
[multi_error_top_k: 1]
[auc_mu_weights: ]
[num_machines: 1]
[local_listen_port: 12400]
[time_out: 120]
[machine_list_filename: ]
[machines: ]
[gpu_platform_id: -1]
[gpu_device_id: -1]
[gpu_device_id_list: ]
[gpu_use_dp: 0]
[num_gpu: 1]

end of parameters

pandas_categorical:[]
