tree
version=v4
num_class=1
num_tree_per_iteration=1
label_index=0
max_feature_idx=16
objective=quantile
feature_names=ret_1d ret_5d ret_20d overnight_gap atr_pct parkinson_20 dvol_z_20 dist_ma20 dist_ma50 dist_ma200 spy_ret_1d spy_ret_5d spy_ret_20d vix_level vix_chg_1d sector_ret_1d sector_ret_5d
feature_infos=[-0.53140190578537583:0.59186745592792978] [-0.55344657255116947:1.1923076993614967] [-0.6215591474861033:2.1758241995767809] [-0.4344138729811311:0.57756033013505337] [0.0029216137760144784:0.25940783354984664] [0:0.13861703702934206] [-3.0076397506120913:4.3581316252685829] [-0.55430670618440292:0.95360892160540733] [-0.58721050755867255:1.5813494958408683] [-0.74650367204901091:3.9078919756203154] [-0.058542971330535654:0.10501930183911301] [-0.11496151859245618:0.082843162776128354] [-0.1226559005192206:0.15756591020035837] [11.859999656677246:52.330001831054688] [-0.35753873962348437:0.74039073966007019] [-0.091999030713283303:0.13425697132599002] [-0.18680848466589095:0.11773217696052685]
tree_sizes=3105 3121 3147 3159 3099 3158 3118 3152 3155 3151 3170 3160 3163 3129 3147 3172 3172 3145 3146 3167 3169 3142 3165 3162 3166 3123 3162 3125 3190 3142 3174 3132 3199 3166 3189 3132 3157 3129 3158 3189 3182 3139 3177 3117 3182 3210 3139 3130 3142 3196 3190 3167 3182 3174 3176 3164 3206 3173 3137 3135 3131 3197 3141 3142 3182 3172 3126 3147 3161 3198 3137 3110 3136 3163 3139 3118 3159 3150 3133 3171 3116 3165 3162 3153 3126 3170 3125 3182 3090 3148 3140 3129 3141 3123 3126 3120 3201 3125 3115 3110 3133 3132 3121 3115 3163 3075 3142 3178

Tree=0
num_leaves=31
num_cat=0
split_feature=5 5 4 13 12 8 5 13 13 4 8 14 6 12 13 12 13 13 10 14 14 10 13 12 10 10 4 13 13 13
split_gain=1791.98 301.183 262.161 94.047 253.574 88.9719 77.2916 63.2373 60.4405 60.1635 49.2633 44.5934 40.0526 34.2816 33.2722 72.1365 54.9605 41.8431 37.6475 35.59 39.0888 33.252 54.5337 32.2224 30.8344 38.5101 30.3094 29.7712 58.7556 52.2031
threshold=0.014521542372414825 0.019072011657822709 0.016292500693612766 39.645000457763679 -0.075828258528587975 -0.12660899234383119 0.012372027848105944 43.015001296997077 35.690000534057624 0.036547391249698379 -0.24267613887847991 -0.098691693357393515 0.53170249908499734 -0.075828258528587975 21.134999275207523 -0.0036881792371129536 21.409999847412113 23.409999847412113 0.000540884636322292 -0.037220785866969024 -0.039568606403770572 0.06903334451863076 31.844999313354496 0.12951753151584791 0.0044510746205346239 0.0043510585935800936 0.013954963151007553 28.970000267028812 30.750000000000004 26.494999885559086
decision_type=2 2 2 2 2 10 2 2 2 2 10 2 2 2 2 2 2 2 2 2 2 2 2 2 2 2 2 2 2 2
left_child=2 7 26 4 11 -4 24 10 9 23 -2 -3 13 -12 19 17 -17 18 -16 20 -15 22 27 -6 25 -7 -1 29 -29 -11
right_child=1 3 5 -5 8 6 -8 -9 -10 21 12 -13 -14 14 15 16 -18 -19 -20 -21 -22 -23 -24 -25 -26 -27 -28 28 -30 -31
leaf_value=-0.0085133686196058982 -0.0088637225795537237 -0.0088761411607265472 -0.0087607631925493475 -0.0096216934267431501 -0.0088319667847827077 -0.0086027176585048437 -0.0086390900425612933 -0.010052984161302448 -0.0083339562581386424 -0.0090294762048870325 -0.0084485404426231977 -0.0080698646837845441 -0.008779130037873983 -0.0086538352770730853 -0.0088185850530862805 -0.009276929032057523 -0.008452144579496234 -0.0087582987733185284 -0.0091947439126670357 -0.0087049676571041342 -0.0084848727332428094 -0.011916435277089476 -0.008368169923778623 -0.0083188949531177066 -0.0085628922563046224 -0.0092200054321438067 -0.0085592452669516206 -0.0099288261961191886 -0.0086837911512702703 -0.0086122348206117746
leaf_weight=15167 4071 341 5750 1148 27090 49827 64091 402 492 37625 946 1589 19609 13764 1068 188 1230 4362 1162 42127 1169 306 339 310 22089 243 31839 935 453 1351
leaf_count=15167 4071 341 5750 1148 27090 49827 64091 402 492 37625 946 1589 19609 13764 1068 188 1230 4362 1162 42127 1169 306 339 310 22089 243 31839 935 453 1351
internal_value=-0.00871546 -0.012573 -0.00540755 -0.0149844 -0.0147543 -0.00647894 -0.00622183 -0.0106465 -0.015255 -0.0153806 -0.0105578 0.0031206 -0.0103023 -0.00971293 -0.00985031 -0.012868 -0.00263735 -0.0150687 -0.0206401 -0.00942669 -0.00732933 -0.0165927 -0.0164692 -0.0135666 -0.0050995 -0.005786 -0.00217099 -0.0166369 -0.0238327 -0.0163807
internal_weight=351083 162077 189006 71979 70831 142000 136250 90098 68901 68409 89696 1930 85625 66016 65070 8010 1418 6592 2230 57060 14933 41009 40703 27400 72159 50070 47006 40364 1388 38976
internal_count=351083 162077 189006 71979 70831 142000 136250 90098 68901 68409 89696 1930 85625 66016 65070 8010 1418 6592 2230 57060 14933 41009 40703 27400 72159 50070 47006 40364 1388 38976
is_linear=0
shrinkage=1


Tree=1
num_leaves=31
num_cat=0
split_feature=5 5 5 12 13 13 11 11 4 10 4 12 4 13 13 10 13 12 11 5 14 14 13 14 11 13 8 11 12 12
split_gain=1645.03 273.266 246.728 87.4685 202.624 75.1214 73.8108 58.7016 52.6512 47.5783 43.9677 47.251 42.5849 42.9931 71.5035 62.7692 50.3124 41.2588 41.7313 40.0893 39.6853 37.6172 36.2397 42.2521 36.0873 31.539 31.2377 31.0012 29.0159 28.669
threshold=0.014521542372414825 0.019668146645020815 0.010832169556985531 -0.075828258528587975 43.015001296997077 43.015001296997077 0.023520128243548103 0.025601667077503779 0.020066290280573714 0.06903334451863076 0.023380138196307763 -0.075828258528587975 0.038068529165607719 30.750000000000004 28.970000267028812 -0.029463592833469218 26.494999885559086 -0.022997185287748575 0.049786162731180202 0.0088977212272126609 -0.098691693357393515 -0.014609583018452553 19.440000534057621 -0.067149022617353324 -0.020944114247125386 24.19999980926514 -0.1471039401082431 0.049786162731180202 0.12951753151584791 -0.038623236339942461
decision_type=2 2 2 2 2 2 2 2 2 2 2 2 2 2 2 2 2 2 2 2 2 2 2 2 2 2 10 2 2 2
left_child=2 5 19 4 20 7 8 10 -4 12 -2 21 28 14 16 -15 -14 -9 22 -1 -3 25 23 -19 -18 -12 -10 -8 -5 -13
right_child=1 3 6 9 -6 -7 27 17 26 -11 11 29 13 15 -16 -17 24 18 -20 -21 -22 -23 -24 -25 -26 -27 -28 -29 -30 -31
leaf_value=0.00013574900978710502 8.2749337889253923e-06 -0.00015164578799158336 5.5558240273967388e-05 -0.00017015584162436426 -0.0011885148170404137 -0.0013317027338780464 0.00012936464278027419 0.00023222397896461189 -0.00011271194787696007 -0.0028082281840033831 0.00022049710853025317 -0.00020294604590162638 -0.00036505645839497448 -0.00059760098112747071 -0.0012089293473400177 0.0001819176849676296 -0.00026994279003702106 0.00033996821613982322 -0.00022750650648958984 9.6008100081235176e-05 0.00058319935225881637 0.00035485004074871542 -0.0002348468636046164 2.3689732188358903e-05 0.00024262458202429116 -0.00040238005283754324 1.6656881198287046e-05 -0.00010047551477327944 0.00030644064259831798 -7.5236243428662437e-05
leaf_weight=18080 12922 302 46243 25668 696 493 12619 1339 2998 363 168 6237 32795 310 863 1170 644 791 900 50171 1517 718 614 7787 613 328 58148 699 301 64312
leaf_count=18080 12922 302 46243 25668 696 493 12619 1339 2998 363 168 6237 32795 310 863 1170 644 791 900 50171 1517 718 614 7787 613 328 58148 699 301 64312
internal_value=2.87193e-05 -0.00367081 0.00319754 -0.00617087 0.00297217 -0.00198248 0.00183896 -0.00188262 0.00140354 -0.00653746 -0.0023366 -0.00282005 -0.0064324 -0.00753606 -0.00788988 0.000810811 -0.00752966 0.00148062 0.000386445 0.00560028 0.011751 0.00696046 0.00139252 0.00223246 0.00228719 -0.00362903 0.000440748 0.0053499 -0.00488563 -0.00298835
internal_weight=350809 161851 188958 65242 2515 96609 120707 96116 107389 62727 84685 71763 62364 36395 34915 1480 34052 11431 10092 68251 1819 1214 9192 8578 1257 496 61146 13318 25969 70549
internal_count=350809 161851 188958 65242 2515 96609 120707 96116 107389 62727 84685 71763 62364 36395 34915 1480 34052 11431 10092 68251 1819 1214 9192 8578 1257 496 61146 13318 25969 70549
is_linear=0
shrinkage=0.05


Tree=2
num_leaves=31
num_cat=0
split_feature=5 4 5 4 12 13 11 13 6 5 11 11 13 11 12 13 11 11 8 12 12 4 13 13 11 13 12 12 11 12
split_gain=1467.11 263.245 202.368 82.0559 80.9432 183.548 62.9976 58.6325 45.2013 44.7239 41.5992 40.0772 79.3089 50.4853 63.3811 77.3422 41.1937 34.6326 42.6246 34.5076 34.3231 36.1865 33.2063 34.7952 32.4518 31.9525 31.4627 38.0792 29.9162 29.0198
threshold=0.015069919633341223 0.019185422551170801 0.019668146645020815 0.015256306194895125 -0.075828258528587975 43.015001296997077 0.023520128243548103 43.015001296997077 0.24861397454469483 0.036041126573750394 0.025601667077503779 0.0035059532242039952 24.385000228881839 0.0023967132721236521 -0.067575688865902969 28.970000267028812 0.035554574411001412 -0.022075871244429331 -0.18370077001290216 0.12951753151584791 -0.075828258528587975 0.023534952842189795 20.980000495910648 20.610000610351566 0.023520128243548103 24.630000114440922 -0.050554756764267676 -0.025840768177680992 0.049786162731180202 -0.0062518932096157767
decision_type=2 2 2 2 2 2 2 2 2 2 2 2 2 2 2 2 2 2 10 2 2 2 2 2 2 2 2 2 2 2
left_child=1 3 7 -1 5 25 8 10 17 11 20 13 19 14 -6 -16 -14 -3 -19 22 -2 -22 23 -13 -5 -4 -8 -28 -12 -23
right_child=2 6 4 24 9 -7 26 -9 -10 -11 28 12 16 -15 15 -17 -18 18 -20 -21 21 29 -24 -25 -26 -27 27 -29 -30 -31
leaf_value=0.00012195335638534745 0.00017843860643915831 0.00011401192628545691 -7.2786852251737963e-06 6.7340610112296434e-05 0.00016488491526979487 -0.0011311739349039271 -0.00035997181793209158 -0.0011960322748636827 -2.7980929706245603e-05 -0.00063528471451718366 4.622104839654639e-05 -0.00019828031596262011 0.00039029484221828168 -0.00070731077235541319 -0.00026528390109888279 -0.0013475633501075209 3.6676711170002471e-06 -0.00014985527924727649 2.731807206873783e-05 0.00029684375301440016 8.640681393444527e-06 -0.00014701814588624987 -0.00031846276935539215 0.00025011676378198898 0.00013625549373682598 0.00060272720590000967 0.00027277937729377306 8.7782674119807862e-05 -0.00018936444417340682 -6.5907956974115258e-05
leaf_weight=30636 1119 5472 477 65096 816 694 110 440 29829 6659 8736 24429 666 1940 22120 886 2132 1985 52382 367 8936 17177 2178 494 6798 1405 669 11279 926 44389
leaf_count=30636 1119 5472 477 65096 816 694 110 440 29829 6659 8736 24429 666 1940 22120 886 2132 1985 52382 367 8936 17177 2178 494 6798 1405 669 11279 926 44389
internal_value=1.33811e-05 0.00275463 -0.00379594 0.00454257 -0.00587201 0.00281444 0.000952559 -0.00213802 0.000496275 -0.00622896 -0.00203948 -0.00576854 -0.00453479 -0.007218 -0.00658635 -0.00707207 0.00348463 0.00128888 0.00090726 -0.00535168 -0.00245494 -0.00259283 -0.00555791 -0.00504052 0.00361922 0.0109192 0.00434566 0.00459073 0.00104016 -0.0030244
internal_weight=351242 204256 146986 102530 65263 2576 101726 81723 89668 62687 81283 56028 30266 25762 23822 23006 2798 59839 54367 27468 71621 70502 27101 24923 71894 1882 12058 11948 9662 61566
internal_count=351242 204256 146986 102530 65263 2576 101726 81723 89668 62687 81283 56028 30266 25762 23822 23006 2798 59839 54367 27468 71621 70502 27101 24923 71894 1882 12058 11948 9662 61566
is_linear=0
shrinkage=0.05


Tree=3
num_leaves=31
num_cat=0
split_feature=8 1 13 14 11 10 13 11 13 12 13 11 11 11 14 11 13 13 13 13 14 14 12 14 9 12 10 14 12 11
split_gain=376.696 227.38 217.899 139.763 133.068 152.775 115.581 102.366 91.5847 128.977 82.4234 118.326 198.176 155.715 131.414 128.262 112.933 107.938 93.1624 91.5692 89.9126 81.8251 81.4143 71.162 89.302 76.7052 78.2376 74.2706 65.9588 64.5345
threshold=-0.09686190005083832 0.069218380116512726 17.195000648498539 -0.077913276979976895 -0.022672211523631577 0.0028153334889018393 43.015001296997077 0.023520128243548103 39.645000457763679 -0.0800835440536906 13.84500026702881 0.0013310128060490813 -0.0042559755894635001 0.01196305437964529 0.010891009150098998 0.01259030861125965 16.510000228881839 15.464999675750734 16.644999504089359 13.934999942779543 0.015727597801877272 0.23397195059943568 -0.0059221640754917306 -0.0066427814256201914 inf -0.0059221640754917306 0.0025149873033184504 0.02559063550932739 0.028915668765050032 -0.022354679901405047
decision_type=10 2 2 2 2 2 2 2 2 2 2 2 2 2 2 2 2 2 2 2 2 2 2 2 8 2 2 2 2 2
left_child=8 2 3 -2 5 6 22 10 9 -1 11 12 -5 14 -13 -15 17 19 -18 -12 28 -6 -4 24 -21 -25 -27 -28 -14 -20
right_child=1 -3 4 7 21 -7 -8 -9 -10 -11 16 13 20 15 -16 -17 18 -19 29 23 -22 -23 -24 25 -26 26 27 -29 -30 -31
leaf_value=0.00062005601117416523 0.00014885937735525657 -0.00015614592990459647 0.00010598513808290595 0.00016420975926776011 -3.7222714481322322e-05 -0.0001486299619224155 -0.00096998380735167304 0.00010674144677468578 -0.0010442433188844007 -0.00016016983049048578 -0.00017519991807785117 0.00018375924915235375 0.00015483827929456311 -0.00026520226756183545 1.6371860492653963e-06 4.9374536489267499e-05 0.00022135219970587062 -7.3247273918968832e-05 -0.00047143434304089166 -6.3228261740005089e-05 -0.00037702558231394507 -0.00074844939549584526 0.00037895265280094459 -0.00035834474451985443 0.00014267996161142945 4.9665453816851326e-05 0.00027251851836117567 1.0132508298556785e-05 -0.00011433400891255581 5.0666716356499807e-05
leaf_weight=684 12113 18200 13354 3576 92475 3772 489 20491 1001 33749 3565 14350 1178 1942 4754 19200 4627 30188 358 13848 2044 1095 2331 405 2356 21471 2752 1522 5249 17938
leaf_count=684 12113 18200 13354 3576 92475 3772 489 20491 1001 33749 3565 14350 1178 1942 4754 19200 4627 30188 358 13848 2044 1095 2331 405 2356 21471 2752 1522 5249 17938
internal_value=-8.18909e-06 0.000540563 0.00087252 0.00193569 -0.0008501 0.00285772 0.00497094 0.00156972 -0.00489643 -0.00446302 0.00112062 0.00272646 -0.00162074 0.00402773 0.00729952 0.00107133 0.000272645 -0.000654013 0.00334926 0.000872732 -0.00578739 -0.00164048 0.00571725 0.00152052 -0.00108307 0.00313384 0.00347349 0.00965138 -0.00288237 0.00174628
internal_weight=351077 315643 297443 183927 113516 19946 16174 171814 35434 34433 151323 52293 12047 40246 19104 21142 99030 76107 22923 45919 8471 93570 15685 42354 16204 26150 25745 4274 6427 18296
internal_count=351077 315643 297443 183927 113516 19946 16174 171814 35434 34433 151323 52293 12047 40246 19104 21142 99030 76107 22923 45919 8471 93570 15685 42354 16204 26150 25745 4274 6427 18296
is_linear=0
shrinkage=0.05


Tree=4
num_leaves=31
num_cat=0
split_feature=4 4 5 13 13 5 4 5 13 14 13 13 13 13 15 14 14 8 13 8 13 6 15 14 13 6 13 13 14 14
split_gain=1320.34 227.5 209.344 68.0352 150.858 56.0958 54.6605 46.4313 66.1013 56.5267 53.06 69.2301 45.3238 111.428 41.4178 34.7086 52.449 31.4254 29.1175 27.5032 29.5569 27.4276 26.9313 26.8078 25.5449 24.6199 21.9118 24.4813 26.7863 23.6828
threshold=0.024398441466636101 0.0180207927391694 0.01852878815215445 39.645000457763679 33.719999313354499 0.012893472584911079 0.015058073732417439 0.024730253845392829 24.385000228881839 -0.19490876951167976 23.604999542236332 23.409999847412113 30.345000267028812 28.970000267028812 -0.040614005752933995 0.26245601507157795 0.23397195059943568 0.14823106080062445 24.779999732971195 -0.24267613887847991 25.505000114440922 -0.38231680454361644 -0.040614005752933995 -0.0043060965648996632 26.494999885559086 0.41812182216264843 23.694999694824222 20.500000000000004 -0.040461984062780003 -0.033482886717690945
decision_type=2 2 2 2 2 2 2 2 2 2 2 2 2 2 2 2 2 8 2 10 2 2 2 2 2 2 2 2 2 2
left_child=1 6 14 4 7 17 -1 -4 10 -10 11 -9 13 18 -2 16 19 25 23 20 26 -7 -23 -11 -20 -3 27 28 -16 -29
right_child=2 5 3 -5 -6 21 -8 8 9 12 -12 -13 -14 -15 15 -17 -18 -19 24 -21 -22 22 -24 -25 -26 -27 -28 29 -30 -31
leaf_value=0.00011622071274603515 -0.0015766040280874587 6.8353041754271564e-05 -0.00015218614423949473 -0.00073825779031409192 0.00046830488396532027 3.1294298890024908e-05 7.661918417224113e-05 -0.00038352350464250788 -0.0029288364957114395 -0.0015087168364466561 -0.00072805263199006735 0.00034312666754394744 0.00030355520204600916 -0.0010907842453250123 2.7347268868616049e-05 0.00028880511942054002 -0.001377575276013631 -8.2016590849634703e-05 -0.00017590630933334985 -3.4017103318292367e-05 0.00058964440356663558 -0.0015033845347558964 -1.3958482348207323e-05 0.00032642348627403406 0.00014061395164197162 2.5557592544519147e-05 -0.00078008542489536924 -0.00066967946053759087 -0.0003392055952308874 4.1451393046154427e-05
leaf_weight=27827 380 40416 46159 1205 931 26498 52418 21665 289 73 1261 508 1013 699 390 551 263 2407 1726 68991 151 159 33087 933 948 16590 278 98 1408 1056
leaf_count=27827 380 40416 46159 1205 931 26498 52418 21665 289 73 1261 508 1013 699 390 551 263 2407 1726 68991 151 159 33087 933 948 16590 278 98 1408 1056
internal_value=5.56542e-05 0.0027264 -0.00347174 -0.00528678 -0.00510039 0.00134046 0.00478441 -0.0053478 -0.00691139 -0.0020727 -0.00808441 -0.00751703 -0.000918027 -0.00312286 -0.00156186 -0.00147638 -0.00157121 0.00242834 0.000353261 -0.00149022 -0.00589323 0.000258603 -0.000697828 0.00760437 -0.00237472 0.00266463 -0.00690402 -0.00564024 -0.0092881 4.33276e-05
internal_weight=350378 199402 150976 77410 76205 119157 80245 75274 29115 5681 23434 22173 5392 4379 73566 73186 72635 59413 3680 72372 3381 59744 33246 1006 2674 57006 3230 2952 1798 1154
internal_count=350378 199402 150976 77410 76205 119157 80245 75274 29115 5681 23434 22173 5392 4379 73566 73186 72635 59413 3680 72372 3381 59744 33246 1006 2674 57006 3230 2952 1798 1154
is_linear=0
shrinkage=0.05


Tree=5
num_leaves=31
num_cat=0
split_feature=4 4 5 11 5 12 11 10 5 15 11 10 12 11 10 10 11 8 11 10 12 10 6 12 10 11 11 8 12 10
split_gain=1188.1 201.942 199.743 69.891 67.0134 60.4664 178.931 56.1873 46.1254 42.5256 41.0328 35.1989 34.841 30.8927 63.1444 61.3541 47.3624 37.45 29.9996 62.5629 29.6047 46.9904 28.8294 28.6972 34.1419 28.2868 39.4593 30.3541 28.1806 50.7692
threshold=0.024050573650693362 0.016212009162345078 0.01852878815215445 0.023520128243548103 0.011964713798237492 -0.075828258528587975 -0.040606283895635913 0.06903334451863076 0.026187618630382482 -0.040614005752933995 0.025879886513439202 -0.029463592833469218 -0.022997185287748575 -0.022672211523631577 0.00048355916176134889 -0.017312000709356064 -0.0237759721784318 -0.24267613887847991 -0.01680301263819178 0.0028153334889018393 0.035909029638549812 0.0094657292137089195 -0.38231680454361644 0.038133523914403618 0.013844778774777857 0.0035059532242039952 0.0023967132721236521 0.35788925720260206 0.0027925929369287954 0.00040263082252767207
decision_type=2 2 2 2 2 2 2 2 2 2 2 2 2 2 2 2 2 10 2 2 2 2 2 2 2 2 2 8 2 2
left_child=1 -1 9 4 -3 6 -4 8 25 -2 13 -6 -12 14 -11 -15 -16 -17 19 -13 21 28 -20 -22 -25 26 -7 -27 29 -5
right_child=2 3 5 20 11 7 -8 -9 -10 10 12 18 -14 15 16 17 -18 -19 22 -21 23 -23 -24 24 -26 27 -28 -29 -30 -31
leaf_value=0.00010078888145332346 -0.0015075510654620158 5.4747673300658326e-05 -0.00077039424917205168 -0.0001973116122862429 -0.0013987301882138568 -0.00018398637271543894 0.00043491227881380746 -0.0023058409634736025 -0.00034157011733616316 9.1000585598629256e-05 0.00023398291886530021 0.0001178811707905389 1.4969443231813758e-05 -0.00067919940725759626 -0.00035100510231022241 -0.00021916543540545535 8.1264230365485666e-05 -4.7574952411754642e-05 2.6422672309496173e-05 -8.3015444458704179e-05 -0.00018587829556780699 0.00025186573023918351 -2.0354843826009449e-05 9.2835151448445732e-05 -0.0001541397821310549 -9.7327841898011644e-05 -0.00050314027739986524 -0.00040242896607465265 0.00013030865611894754 0.00010345565455966797
leaf_weight=45737 403 56054 1173 531 268 22055 1708 386 23600 6149 1030 7545 7951 920 1330 2231 430 58461 29723 2074 464 2000 36758 4166 695 26081 1769 875 6823 1534
leaf_count=45737 403 56054 1173 531 268 22055 1708 386 23600 6149 1030 7545 7951 920 1330 2231 430 58461 29723 2074 464 2000 36758 4166 695 26081 1769 875 6823 1534
internal_value=-9.26126e-06 0.00260171 -0.003251 0.00170771 0.00132833 -0.00505139 0.00205658 -0.00532528 -0.00522654 -0.00147931 -0.00139614 0.000364682 0.00178432 -0.00180701 0.00113478 -0.00218464 -0.00721591 -0.00199038 0.000428384 0.00303826 0.00480633 0.00630051 5.07664e-05 0.00175117 0.00288521 -0.00437771 -0.00563298 -0.00326829 0.00474235 -0.000375303
internal_weight=350924 194372 156552 148635 132422 77647 2881 74766 74380 78905 78502 76368 8981 69521 7909 61612 1760 60692 76100 9619 16213 10888 66481 5325 4861 50780 23824 26956 8888 2065
internal_count=350924 194372 156552 148635 132422 77647 2881 74766 74380 78905 78502 76368 8981 69521 7909 61612 1760 60692 76100 9619 16213 10888 66481 5325 4861 50780 23824 26956 8888 2065
is_linear=0
shrinkage=0.05


Tree=6
num_leaves=31
num_cat=0
split_feature=4 4 4 11 13 12 4 13 10 14 13 13 13 13 13 11 12 11 12 13 13 13 12 11 11 10 11 12 15 8
split_gain=1085.3 191.532 161.108 63.2569 61.5507 175.632 59.2595 53.0894 48.5328 44.0675 41.9227 35.7922 51.4713 63.9593 41.4558 53.5311 42.9459 40.9287 80.7174 49.305 59.2399 44.8777 56.2421 44.5552 35.5445 41.3401 37.4327 33.6719 33.2896 32.0957
threshold=0.024489190666410889 0.016292500693612766 0.031442063293381985 0.023520128243548103 39.645000457763679 -0.075828258528587975 0.019933731196286077 35.690000534057624 0.06903334451863076 -0.098691693357393515 18.214999198913578 31.844999313354496 28.970000267028812 30.750000000000004 26.494999885559086 -0.020944114247125386 -0.063506994691829508 0.021519760104925626 -0.0093119022308690274 23.604999542236332 23.409999847412113 22.330000877380375 -0.0041728590088926923 0.0079965891664850481 -0.01963547275857069 0.00048355916176134889 -0.0237759721784318 -0.059602846746386766 -0.040614005752933995 0.19948687991374728
decision_type=2 2 2 2 2 2 2 2 2 2 2 2 2 2 2 2 2 2 2 2 2 2 2 2 2 2 2 2 2 8
left_child=1 -1 29 6 5 9 -3 8 11 -4 -5 12 14 -14 16 -16 -7 19 -19 20 21 24 -23 -21 25 -18 -27 -26 -8 -2
right_child=2 3 4 10 -6 7 28 -9 -10 -11 -12 -13 13 -15 15 -17 17 18 -20 23 -22 22 -24 -25 27 26 -28 -29 -30 -31
leaf_value=9.485703041099206e-05 -3.5248297027187011e-05 4.9218407758630858e-05 -0.00018489553483301723 0.00011488944339735287 -0.00071388203649768031 -0.0004991183909845967 -0.0010316865863403322 0.00029069269372425719 -0.0022253048000383351 0.00044036209520561447 -1.400138670716953e-05 0.00029930830281013388 -0.0010383082319077822 9.1194956973108997e-06 -0.00017767578707690189 0.00029327923475373812 8.7526926357022614e-05 0.00015431357471773152 -0.00016763334163465688 -0.00055154261796025211 0.00022510346299300699 -0.0010356136069531079 5.2647573224652321e-05 9.9186157915495861e-05 0.00074083987336182576 -0.00065030275868167018 8.077187771987904e-05 -0.00022674483501204423 7.144694402545348e-06 -0.0001594606015333045
leaf_weight=47132 71663 64465 418 13816 1227 705 240 577 362 1758 3200 383 1192 560 1183 851 3017 2843 9226 3297 890 1177 446 472 213 569 311 41689 72372 4513
leaf_count=47132 71663 64465 418 13816 1227 705 240 577 362 1758 3200 383 1192 560 1183 851 3017 2843 9226 3297 890 1177 446 472 213 569 311 41689 72372 4513
internal_value=4.95343e-05 0.00244714 -0.0031767 0.001594 -0.00484898 -0.0046601 0.00123708 -0.00509519 -0.00522079 0.00932904 0.00446932 -0.00512503 -0.00521008 -0.0136701 -0.00498849 0.00204031 -0.00520893 -0.00507405 -0.00245049 -0.00568201 -0.00525232 -0.00549218 -0.013663 -0.01119 -0.00520262 -0.000635104 -0.0101705 -0.00562742 0.000257533 -0.00156611
internal_weight=350767 201225 149542 154093 73366 72139 137077 69963 69386 2176 17016 69024 68641 1752 66889 2034 64855 64150 12069 52081 48312 47422 1623 3769 45799 3897 880 41902 72612 76176
internal_count=350767 201225 149542 154093 73366 72139 137077 69963 69386 2176 17016 69024 68641 1752 66889 2034 64855 64150 12069 52081 48312 47422 1623 3769 45799 3897 880 41902 72612 76176
is_linear=0
shrinkage=0.05


Tree=7
num_leaves=31
num_cat=0
split_feature=5 5 4 12 11 11 11 10 12 10 5 5 14 11 11 5 12 12 11 11 12 3 15 11 10 10 8 11 10 10
split_gain=1020.9 188.017 135.557 71.0791 162.053 57.4746 47.4539 71.7413 91.3071 43.2187 38.2567 36.8015 34.2749 33.612 33.4868 32.4034 32.2624 34.564 31.9558 31.5318 30.4259 29.7232 29.661 29.352 26.6004 35.8857 26.4136 26.2354 40.368 38.7055
threshold=0.015069919633341223 0.010832169556985531 0.031824617264263381 -0.075828258528587975 -0.040606283895635913 0.023520128243548103 0.021519760104925626 -0.0020576212459770811 -0.0093119022308690274 0.06903334451863076 0.012974542861815748 0.023048057730075042 -0.037220785866969024 -0.0092896544680063902 0.049786162731180202 0.0088977212272126609 -0.050554756764267676 -0.025840768177680992 0.045591167028525621 0.02466677756805891 0.11156893092539701 -0.0061816871287864719 -0.040614005752933995 0.042684586959819588 -0.0018259871478111254 -0.0066846188692691313 0.27953399357623937 -0.023324981642921735 -0.017312000709356064 0.00048355916176134889
decision_type=2 2 2 2 2 2 2 2 2 2 2 2 2 2 2 2 2 2 2 2 2 2 2 2 2 2 8 2 2 2
left_child=1 15 12 4 21 10 9 -8 19 11 -3 -5 13 26 16 -1 -7 -18 -10 -9 22 -4 -14 -21 25 -23 -2 29 -29 -24
right_child=2 5 3 6 -6 14 7 8 18 -11 -12 -13 20 -15 -16 -17 17 -19 -20 23 -22 24 27 -25 -26 -27 -28 28 -30 -31
leaf_value=0.0001085642306748179 -8.4992749326337242e-05 3.6967874293695763e-05 -0.0014952320139765378 -0.00014714159078047222 0.00038967011327552996 -0.00034339956934181771 -0.00049782614031187501 0.00075968166920566626 -8.3591654484651418e-05 -0.0022265425279530799 -1.6060886602998517e-06 -0.00033378745562207836 -0.001482000983956873 2.4341351015250408e-05 -0.0001201955891434855 7.4968042365386201e-05 0.00026854721966633265 9.0642189914939491e-05 -0.00033490298252005331 -2.0361330124063581e-05 -0.00023870620869419239 -0.00023463806754710269 9.6721798988043923e-05 0.00023449682603590138 -0.00089017670779643161 0.00052745879814559786 -0.00068232189449849204 -0.00048803573275534707 -6.2184750102295543e-05 -0.00017921138988966071
leaf_weight=18162 3446 65294 509 26833 1795 122 1235 443 6428 357 55580 27143 310 16802 841 49961 722 13712 1739 1589 965 325 3861 1464 208 180 199 857 49348 613
leaf_count=18162 3446 65294 509 26833 1795 122 1235 443 6428 357 55580 27143 310 16802 841 49961 722 13712 1739 1589 965 325 3861 1464 208 180 199 857 49348 613
internal_value=5.31986e-05 0.00233715 -0.00313009 -0.00471544 0.00279251 0.00126494 -0.00505236 -0.00232594 -0.00111249 -0.00569957 0.000898456 -0.00558489 -0.00167243 7.94738e-05 0.00414204 0.00448197 0.00470253 0.00491894 -0.00400698 0.00564931 -0.00231261 -0.011252 -0.00215816 0.00384048 -0.00466339 0.00153465 -0.00427298 -0.00207072 -0.00239767 0.00159812
internal_weight=351043 204394 146649 70248 3017 136271 67231 12898 11663 54333 120874 53976 76401 20447 15397 68123 14556 14434 8167 3496 55954 1222 54989 3053 713 505 3645 54679 50205 4474
internal_count=351043 204394 146649 70248 3017 136271 67231 12898 11663 54333 120874 53976 76401 20447 15397 68123 14556 14434 8167 3496 55954 1222 54989 3053 713 505 3645 54679 50205 4474
is_linear=0
shrinkage=0.05


Tree=8
num_leaves=31
num_cat=0
split_feature=4 4 4 10 10 10 8 11 10 10 11 4 14 6 8 13 11 14 10 12 12 11 10 11 12 13 13 14 14 11
split_gain=880.403 181.132 115.613 62.8852 103.824 55.9572 49.8071 49.4203 48.8685 65.3539 46.9574 46.1211 43.7346 41.3879 39.0531 39.4633 34.4487 44.3557 56.2402 38.2257 33.1772 32.9033 48.9027 38.4481 38.4027 34.5342 37.1157 40.8707 31.8612 31.1993
threshold=0.022904493731390242 0.031442063293381985 0.016212009162345078 -0.029463592833469218 -0.020247544478179221 -0.017312000709356064 -0.16831456849003826 0.023520128243548103 0.06903334451863076 0.017693997216902905 0.005853569089809941 0.048974231882408591 -0.048976395362543328 -0.037109658775908758 0.19948687991374728 43.015001296997077 -0.0019709579600085676 -0.048201737040391705 -0.0021666724277842882 -0.029235256213089252 -0.048266057813245992 0.021519760104925626 -0.0019060348460245289 0.02167406842699671 -0.022997185287748575 19.214999198913578 19.010000228881839 -0.067149022617353324 -0.049859902036150087 -0.022075871244429331
decision_type=2 2 2 2 2 2 10 2 2 2 2 2 2 2 8 2 2 2 2 2 2 2 2 2 2 2 2 2 2 2
left_child=2 14 -1 -3 -5 -6 10 13 9 11 28 -7 -12 -8 15 21 17 -16 19 -19 -11 29 -23 -24 -25 26 27 -26 -4 -2
right_child=1 3 6 4 5 8 7 -9 -10 20 12 -13 -14 -15 16 -17 -18 18 -20 -21 -22 22 23 24 25 -27 -28 -29 -30 -31
leaf_value=8.5979437788647915e-05 4.1074826774555258e-05 -0.0011072432370660516 -0.00025194190393746063 0.00031984509287328558 -0.0011037778140042473 -0.00013781423342113579 4.9601867355203185e-05 9.4883269072498257e-05 -0.0020127125488771272 0.00031653386813416446 0.00013420388512233082 -0.00041603856973448737 -0.0002965450684677497 1.1301296327663381e-05 -0.00036463775187407479 -0.00093884509658477631 -0.00022143143885481982 -0.0008272796880038467 0.00025295745207385057 1.6314559484026338e-05 -2.3413609030985533e-05 -0.00019735219445414753 0.00052494382263250546 0.00022714865156979607 0.00024059735427447708 -0.00013557703871702257 0.00036705061855287218 1.7094082211761754e-06 5.5075723247230081e-05 -4.1243992068949226e-05
leaf_weight=45808 8450 895 448 1485 976 52538 65196 13631 365 1005 357 14107 1257 46234 509 338 3317 311 831 848 1938 1427 312 1429 1159 1266 527 9574 2469 71919
leaf_count=45808 8450 895 448 1485 976 52538 65196 13631 365 1005 357 14107 1257 46234 509 338 3317 311 831 848 1938 1427 312 1429 1159 1266 527 9574 2469 71919
internal_value=5.85594e-05 -0.00244494 0.00256385 -0.00434155 -0.00417875 -0.00445269 0.00180065 0.00198723 -0.00428681 -0.0041911 -0.00334915 -0.00451309 -0.0101921 0.00163959 -0.0010847 -0.000844649 -0.00506362 -0.000630252 0.00273869 -0.00437877 0.00310058 -0.000784641 0.00130942 0.00219212 0.00180401 0.00091809 0.0017984 0.0011623 0.000437093 -0.00119356
internal_weight=350926 175526 175400 73309 72414 70929 129592 125061 69953 69588 4531 66645 1614 111430 102217 96401 5816 2499 1990 1159 2943 96063 15694 14267 13955 12526 11260 10733 2917 80369
internal_count=350926 175526 175400 73309 72414 70929 129592 125061 69953 69588 4531 66645 1614 111430 102217 96401 5816 2499 1990 1159 2943 96063 15694 14267 13955 12526 11260 10733 2917 80369
is_linear=0
shrinkage=0.05


Tree=9
num_leaves=31
num_cat=0
split_feature=5 4 5 12 13 8 14 14 10 13 13 10 11 13 10 11 14 11 12 13 13 14 11 6 14 13 14 10 13 11
split_gain=815.81 146.803 117.032 58.9347 158.139 47.332 46.8908 52.7471 45.8565 46.0609 104.819 41.7003 48.1423 51.0523 43.9934 41.8151 39.8802 38.9085 38.5811 45.6265 44.4953 44.4111 37.9871 37.3408 37.3359 42.7226 62.7388 39.6565 36.4661 39.1718
threshold=0.014095341845837972 0.03291643257210581 0.01074255785438648 -0.075828258528587975 43.015001296997077 0.24018712448254279 -0.037220785866969024 -0.039568606403770572 0.06903334451863076 30.750000000000004 28.970000267028812 -0.029463592833469218 -0.023324981642921735 17.164999961853031 0.00048355916176134889 0.030714770173313481 -0.098691693357393515 0.023520128243548103 0.11156893092539701 20.980000495910648 21.409999847412113 -0.069419882954705067 0.0050783448467380818 -0.046817283036781003 0.23397195059943568 24.385000228881839 -0.0043060965648996632 -0.017312000709356064 26.494999885559086 -0.020944114247125386
decision_type=2 2 2 2 2 8 2 2 2 2 2 2 2 2 2 2 2 2 2 2 2 2 2 2 2 2 2 2 2 2
left_child=2 6 -1 4 16 17 7 18 9 10 28 -8 14 15 -13 -14 -3 23 19 21 -21 -2 -7 -4 25 -15 -27 -28 -5 -30
right_child=1 3 5 8 -6 22 11 -9 -10 -11 -12 12 13 24 -16 -17 -18 -19 -20 20 -22 -23 -24 -25 -26 26 27 -29 29 -31
leaf_value=7.7839714384811084e-05 7.236192915124861e-05 -0.00017704799137410409 4.5802304563004976e-05 -0.00019306019669230938 -0.00088205823118138601 -9.0219231695073173e-06 -0.0012027180163616199 0.00016091041961319405 -0.0019950742081476514 9.3456271086481721e-05 -0.00096146945107512198 0.00011165424306970384 -3.8715526614807945e-05 -0.00011441336973965264 -0.00014782101545477295 0.00010631733903477791 0.00043216619609265367 8.7907646560774521e-05 0.00023702201534848283 -0.00050456261664385844 -7.247113416257835e-05 -3.8502269405945108e-05 -0.00023940252170587115 4.8473507615134222e-06 -0.00083720983493953288 -0.00030261694181357783 -0.00041343836395044717 0.00022614443542092971 -0.00015214252650377799 0.00028242599018942508
leaf_weight=65386 10478 390 54980 55624 793 2708 512 2112 357 1828 1119 5628 39837 27958 849 2943 1697 11778 522 634 3898 12027 1394 40463 425 583 319 2059 1051 762
leaf_count=65386 10478 390 54980 55624 793 2708 512 2112 357 1828 1119 5628 39837 27958 849 2943 1697 11778 522 634 3898 12027 1394 40463 425 583 319 2059 1051 762
internal_value=5.98096e-05 -0.00236619 0.00245418 -0.00428043 0.00270833 0.00146803 -0.00126688 0.000433925 -0.00461179 -0.00450616 -0.00475015 -0.00188903 -0.00179867 -0.00215989 0.00233519 -0.0010367 0.00993052 0.00166968 -0.000149679 -0.000409624 -0.00498676 0.000512108 -0.00380302 0.00133509 -0.00369289 -0.00349057 0.00222053 0.00582422 -0.00445488 0.00252344
internal_weight=351114 174405 176709 63621 2880 111323 110784 29671 60741 60384 58556 81113 80601 74124 6477 42780 2087 107221 27559 27037 4532 22505 4102 95443 31344 30919 2961 2378 57437 1813
internal_count=351114 174405 176709 63621 2880 111323 110784 29671 60741 60384 58556 81113 80601 74124 6477 42780 2087 107221 27559 27037 4532 22505 4102 95443 31344 30919 2961 2378 57437 1813
is_linear=0
shrinkage=0.05


Tree=10
num_leaves=31
num_cat=0
split_feature=5 4 5 10 10 14 5 8 6 11 10 10 6 11 10 14 10 12 12 14 14 14 11 12 10 11 8 10 12 11
split_gain=747.651 165.471 93.2159 58.7672 101.453 53.5886 47.0809 44.7332 41.6495 39.6454 36.988 50.5605 33.6925 33.6759 38.3067 38.0438 34.7022 32.8125 32.0294 31.9691 44.6196 32.0142 29.8717 39.7087 67.2304 27.4678 30.6918 37.83 42.2329 28.6321
threshold=0.013824661833930508 0.030055897177945993 0.010185455013480288 -0.029463592833469218 -0.020247544478179221 0.23397195059943568 0.022356557852399608 -0.13206654226277023 0.67992664005923575 0.023520128243548103 0.06903334451863076 0.017693997216902905 0.062458358950018687 0.005853569089809941 0.015605159278572868 -0.048564324883399894 -0.0018259871478111254 -0.048266057813245992 -0.067575688865902969 -0.037220785866969024 -0.039568606403770572 -0.018674174310541299 -0.023324981642921735 -0.0014831897497937228 0.006337694363773628 -0.0041059390871155945 -0.18370077001290216 -0.0075060032597452633 0.026907715462280438 -0.0031311720849904741
decision_type=2 2 2 2 2 2 2 10 2 2 2 2 2 2 2 2 2 2 2 2 2 2 2 2 2 2 10 2 2 2
left_child=2 8 -1 -3 18 6 -6 13 19 12 11 -8 -9 15 -15 -4 -17 -13 -5 20 -2 -21 -23 24 -24 -25 -27 28 -28 -29
right_child=1 3 7 4 5 -7 10 9 -10 -11 -12 17 -14 14 -16 16 -18 -19 -20 21 -22 22 23 25 -26 26 27 29 -30 -31
leaf_value=7.9475992435464925e-05 1.7000757422387268e-05 -0.0010422457504587225 -0.0002789945637608483 0.00037084955724899502 -8.348887836650442e-05 -0.0013935540951058216 -0.00024381851596796223 4.826195269560935e-05 -8.9529500409012231e-05 9.2087960966046227e-05 -0.0021520891117939949 0.00039112702477039701 1.1605472070317205e-05 -0.00026636081735922348 0.00018420490038615784 -4.072753772422179e-05 0.00021464051457330383 -7.155530900208049e-05 -1.6653904054143766e-05 -7.9789575364113725e-05 0.00016806143368007059 9.9378344581271133e-05 -0.00012864916039252375 7.0355460947865936e-05 0.00033609824106570625 -0.00023179251363135406 -3.3475625634372997e-05 -0.00026436215360684922 0.00031490618513519396 -1.0249864591421223e-05
leaf_weight=48629 19224 929 431 1035 41806 411 37366 63911 18896 12304 299 775 39178 1343 182 1710 817 1170 597 10035 1653 3813 8988 6382 486 817 750 785 860 25656
leaf_count=48629 19224 929 431 1035 41806 411 37366 63911 18896 12304 299 775 39178 1343 182 1710 817 1170 597 10035 1653 3813 8988 6382 486 817 750 785 860 25656
internal_value=0.000118581 -0.00209664 0.00252085 -0.00372091 -0.0035817 -0.00382789 -0.00373698 0.00177183 -0.000702883 0.00196221 -0.00497223 -0.00483898 0.00164203 -0.00312849 -0.00916393 -1.69033e-05 0.00232489 0.00302057 0.00876225 -0.000201072 0.0014789 -0.00079987 -0.000268352 -0.000630534 -0.00350433 0.000141844 -0.00051441 -0.000236177 0.00720497 -0.00068927
internal_weight=351238 182733 168505 84388 83459 81827 81416 119876 98345 115393 39610 39311 103089 4483 1525 2958 2527 1945 1632 79449 20877 58572 48537 44724 9474 35250 28868 28051 1610 26441
internal_count=351238 182733 168505 84388 83459 81827 81416 119876 98345 115393 39610 39311 103089 4483 1525 2958 2527 1945 1632 79449 20877 58572 48537 44724 9474 35250 28868 28051 1610 26441
is_linear=0
shrinkage=0.05


Tree=11
num_leaves=31
num_cat=0
split_feature=4 5 4 15 10 10 15 10 12 10 4 11 11 10 11 8 12 11 12 12 11 12 11 6 12 10 12 12 11 12
split_gain=679.196 158.962 86.0732 48.3728 45.3687 52.2153 39.4911 53.3636 49.8981 44.4255 38.1961 37.8861 41.3236 63.0239 69.0925 47.8544 40.6542 61.4145 37.5433 36.072 37.8057 36.0039 34.8363 32.0999 30.2884 30.2446 29.1111 72.5336 49.3438 40.2348
threshold=0.022140312889343382 0.018958820324722781 0.016129818562967493 -0.040614005752933995 0.06903334451863076 0.017693997216902905 -0.040614005752933995 -0.020247544478179221 -0.067575688865902969 -0.017312000709356064 0.046051472746991458 0.025879886513439202 -0.022075871244429331 0.0028153334889018393 -0.0237759721784318 inf -0.031853189963288557 -0.0071058525984615808 -0.022997185287748575 -0.011160123859114189 0.049786162731180202 -0.0077540971574964193 0.023520128243548103 -0.037109658775908758 0.12951753151584791 -0.0066846188692691313 -0.0062518932096157767 -0.0077540971574964193 -0.020944114247125386 0.0027925929369287954
decision_type=2 2 2 2 2 2 2 2 2 2 2 2 2 2 2 8 2 2 2 2 2 2 2 2 2 2 2 2 2 2
left_child=2 3 -1 -2 5 6 -3 8 -8 -9 24 12 13 21 -15 26 -17 -18 -13 -20 -21 25 23 -4 -11 -5 27 28 -14 -28
right_child=1 4 22 11 -6 -7 7 9 -10 10 -12 18 15 14 -16 16 17 -19 19 20 -22 -23 -24 -25 -26 -27 29 -29 -30 -31
leaf_value=7.7277057522546228e-05 -0.0011366639613846149 -0.0015455392566351769 4.3587921036998352e-05 -2.3147664403303046e-05 -0.0017153514790060585 8.833619649710086e-05 0.00036441339004949304 -0.00094737976498903169 -0.00013516209497317429 -0.00011447617827154704 -0.00032550604618786358 0.00021155833275589262 -0.00046993368317381717 -0.00028947059176172031 0.00010840460231261698 -0.00082542103974754088 0.00022392357870722884 -0.00018803698696572363 -0.00041014577870825705 5.1875125988558101e-05 -0.00018671826216302918 0.0002082874192027781 8.5871854421387542e-05 9.7249164216770174e-06 0.00030812660484741991 0.00014112059706848187 7.1306404823975799e-05 -0.00070151059935939894 -5.4659012830649005e-05 -2.9373367575817255e-05
leaf_weight=44446 531 579 61324 4322 371 2788 891 864 718 48392 17935 1375 761 1706 572 536 497 2390 365 10252 975 2231 12354 43391 386 3089 7981 561 15926 62449
leaf_count=44446 531 579 61324 4322 371 2788 891 864 718 48392 17935 1375 761 1706 572 536 497 2390 365 10252 975 2231 12354 43391 386 3089 7981 561 15926 62449
internal_value=7.56501e-05 -0.00195534 0.00245782 -0.000809525 -0.00378613 -0.00369695 -0.0039651 -0.00385627 0.00514295 -0.00407054 -0.00392465 -0.000740594 -0.00106119 0.00170721 -0.00577261 -0.00142342 -0.0072232 -0.0048753 0.00180651 0.000879917 0.00138283 0.00347438 0.00174662 0.00145037 -0.00319919 0.001798 -0.00119699 -0.00303803 -0.00244352 -0.000746131
internal_weight=350958 189443 161515 116519 72924 72553 69765 69186 1609 67577 66713 115988 103021 11920 2278 91101 3423 2887 12967 11592 11227 9642 117069 104715 48778 7411 87678 17248 16687 70430
internal_count=350958 189443 161515 116519 72924 72553 69765 69186 1609 67577 66713 115988 103021 11920 2278 91101 3423 2887 12967 11592 11227 9642 117069 104715 48778 7411 87678 17248 16687 70430
is_linear=0
shrinkage=0.05


Tree=12
num_leaves=31
num_cat=0
split_feature=5 5 4 8 11 10 13 13 13 13 11 6 13 5 11 8 11 13 13 11 11 11 4 10 13 11 10 10 10 11
split_gain=628.611 118.605 88.7925 42.27 40.1741 39.7351 51.1126 141.075 89.3245 55.6182 38.6874 35.7016 34.4719 32.4354 29.1546 53.2809 47.2525 44.9064 35.497 31.0849 30.965 29.0093 28.2913 27.8155 48.9311 42.7829 37.4387 35.3163 30.4563 27.7876
threshold=0.015069919633341223 0.010832169556985531 0.034397308760894592 0.21492770039618417 0.023520128243548103 0.06903334451863076 30.345000267028812 39.645000457763679 28.970000267028812 26.494999885559086 0.0072949527951166057 0.24861397454469483 43.015001296997077 0.036041126573750394 0.0035059532242039952 0.21492770039618417 0.0023967132721236521 24.385000228881839 14.684999942779543 0.049786162731180202 0.039736199013419633 0.049786162731180202 0.013797869922188797 0.0025149873033184504 17.994999885559086 -0.023324981642921735 -0.017312000709356064 0.0077313966519441122 -0.029463592833469218 -0.022075871244429331
decision_type=2 2 2 8 2 2 2 2 2 2 2 2 2 2 2 8 2 2 2 2 2 2 2 2 2 2 2 2 2 2
left_child=1 22 12 4 11 6 8 -8 9 13 -5 29 14 -4 16 17 23 19 -18 20 -16 -6 -1 25 -25 28 -27 -26 -2 -3
right_child=2 3 5 10 21 -7 7 -9 -10 -11 -12 -13 -14 -15 15 -17 18 -19 -20 -21 -22 -23 -24 24 27 26 -28 -29 -30 -31
leaf_value=9.4471281782609328e-05 -0.0014190155841579677 0.00010657457573527131 -0.00015933450357075307 -6.511489992080521e-06 8.5617954059490648e-05 -0.0019477620670344772 0.00028409506655306508 -0.00055759059614281432 -0.00088495371962158873 0.00013043600507439362 -0.00019742002893731797 -1.1262696753041886e-05 -0.0008417856905211786 -0.00049660260890458676 -1.730261640706587e-05 -0.00021246925134047322 -1.3148634081290014e-05 0.00020243842280731283 -0.00040491703404311433 -0.00023227933374187694 0.00011412270891653964 -0.00011000718408316364 5.7305746787711064e-05 -8.0744711154331818e-06 -0.00028958351455875492 -0.00045769117605256508 -4.5679587226742961e-05 -7.7881871566808615e-05 0.00010890786915925312 2.5077442899346972e-05
leaf_weight=13275 243 5688 42842 3569 14131 329 2241 1067 1056 1985 1917 36289 391 5787 42691 2348 1082 1566 2270 923 2267 838 54840 5140 3133 1074 20501 2750 5050 73789
leaf_count=13275 243 5688 42842 3569 14131 329 2241 1067 1056 1985 1917 36289 391 5787 42691 2348 1082 1566 2270 923 2267 838 54840 5140 3133 1074 20501 2750 5050 73789
internal_value=5.01322e-05 0.00184304 -0.00244657 0.00099122 0.00117164 -0.00402797 -0.0039243 0.00210097 -0.00431004 -0.00400976 -0.00330842 0.000856469 -0.00148995 -0.00434463 -0.00142633 -0.000612009 -0.0024095 -0.000248172 -0.00809964 -0.000532355 -0.000345878 0.00360913 0.00354658 -0.00190613 -0.00402114 -0.00103841 -0.00202665 -0.00713497 0.0029898 0.00144979
internal_weight=351072 204336 146736 136221 130735 55307 54978 3308 51670 50614 5486 115766 91429 48629 91038 49795 41243 47447 3352 45881 44958 14969 68115 37891 11023 26868 21575 5883 5293 79477
internal_count=351072 204336 146736 136221 130735 55307 54978 3308 51670 50614 5486 115766 91429 48629 91038 49795 41243 47447 3352 45881 44958 14969 68115 37891 11023 26868 21575 5883 5293 79477
is_linear=0
shrinkage=0.05


Tree=13
num_leaves=31
num_cat=0
split_feature=5 4 15 12 13 5 14 4 8 15 13 14 12 13 14 13 14 16 13 14 14 14 14 12 12 12 12 13 13 13
split_gain=561.804 129.599 70.5765 64.3332 84.2283 82.2567 47.042 46.4187 38.4205 37.6326 36.1795 47.7688 33.5867 33.4112 60.9474 53.3189 43.9256 33.8651 32.5405 31.7749 56.4678 35.3306 36.2845 30.3929 56.1098 57.0896 28.309 33.8633 41.7493 37.8972
threshold=0.01580689149025637 0.019329878502958715 -0.040614005752933995 -0.075828258528587975 46.145000457763679 0.023813736835685929 -0.014609583018452553 0.013797869922188797 0.21492770039618417 0.01738721296376489 17.164999961853031 -0.077913276979976895 0.12951753151584791 24.385000228881839 -0.077913276979976895 23.604999542236332 0.11526544225394954 0.065604259610595697 35.690000534057624 -0.034719790282674072 -0.031377721315739841 -0.039568606403770572 -0.037220785866969024 -0.052669817960988401 -0.031853189963288557 -0.019164268352129695 -0.087458748104097359 30.750000000000004 27.855000495910648 25.19999980926514
decision_type=2 2 2 2 2 2 2 2 8 2 2 2 2 2 2 2 2 2 2 2 2 2 2 2 2 2 2 2 2 2
left_child=1 7 -2 4 6 10 9 -1 19 -4 11 -5 13 15 17 -7 -16 -15 -12 21 -21 -3 -23 -10 -25 -26 -22 28 29 -28
right_child=2 8 3 5 -6 12 -8 -9 23 -11 18 -13 -14 14 16 -17 -18 -19 -20 20 26 22 -24 24 25 -27 27 -29 -30 -31
leaf_value=9.4221929341963822e-05 -0.0013468334360566693 2.8829801384265728e-05 -0.00028907045334093233 0.00013179440540675652 -0.0004324064257795004 -0.00024592988184891652 0.00037787667858608362 4.756603379446273e-05 0.00051410952768156024 0.00028635630062738993 -9.3335060283386911e-05 -3.9555691445718278e-05 0.00044225252104719814 -0.00095136414812402564 8.6959505455441301e-05 -0.00055474357721937745 -0.00035340445786863031 0.00025074579932082565 0.00017847096788744556 -0.00019451840743805868 -0.000907143131112401 0.00018543220075856087 2.46274767571413e-05 -0.00058557528849405055 0.00016118425780691783 -0.00011095510059190408 5.7408802317242703e-06 0.00033017802585855031 -0.0006383017526455768 0.00018384856840753124
leaf_weight=13937 898 26955 636 3357 761 25105 1517 91737 189 615 46433 41409 253 969 4022 1366 953 146 461 1935 187 2284 1874 782 961 3460 75356 290 478 1838
leaf_count=13937 898 26955 636 3357 761 25105 1517 91737 189 615 46433 41409 253 969 4022 1366 953 146 461 1935 187 2284 1874 782 961 3460 75356 290 478 1838
internal_value=5.76654e-05 0.00158067 -0.00256844 -0.00247045 0.00418674 -0.00265919 0.00823699 0.00284886 0.000431216 0.00105915 -0.00189014 -0.000873431 -0.0048074 -0.0049484 -0.0016092 -0.00571663 0.000758794 -0.0121749 -0.00286071 0.000631087 0.000104266 0.00198711 0.00627706 -0.00369065 -0.00440611 -0.00222235 0.000313184 0.000359791 0.000296117 0.000387336
internal_weight=351164 222263 128901 128003 3529 124474 2768 105674 116589 1251 91660 44766 32814 32561 6090 26471 4975 1115 46894 111197 80084 31113 4158 5392 5203 4421 78149 77962 77672 77194
internal_count=351164 222263 128901 128003 3529 124474 2768 105674 116589 1251 91660 44766 32814 32561 6090 26471 4975 1115 46894 111197 80084 31113 4158 5392 5203 4421 78149 77962 77672 77194
is_linear=0
shrinkage=0.05


Tree=14
num_leaves=31
num_cat=0
split_feature=5 5 13 12 4 14 4 8 11 11 13 14 13 11 11 11 13 13 13 13 14 13 12 11 6 12 11 13 14 12
split_gain=528.959 120.818 56.4757 115.186 69.9081 41.1467 37.2484 36.5896 35.5702 35.5646 61.2782 59.5861 45.9564 48.0747 54.4703 43.6768 39.1594 38.9309 38.959 60.3514 43.9165 42.8306 35.9342 34.0426 33.4846 32.8774 31.8147 30.637 37.6995 30.3742
threshold=0.015864074946344512 0.011964713798237492 43.015001296997077 -0.075828258528587975 0.039804537136194293 0.004407866869301503 0.014092281534805563 0.21492770039618417 0.023520128243548103 0.0035059532242039952 24.385000228881839 -0.037220785866969024 15.654999732971193 0.0057609593190406381 0.010672166565218634 0.0023967132721236521 14.684999942779543 22.330000877380375 26.284999847412113 27.365000724792484 -0.13532199000438486 30.750000000000004 -0.0041728590088926923 0.035554574411001412 0.24861397454469483 0.11156893092539701 -0.036898887484870739 18.035000801086429 0.071117405502143641 0.062788552899160646
decision_type=2 2 2 2 2 2 2 8 2 2 2 2 2 2 2 2 2 2 2 2 2 2 2 2 2 2 2 2 2 2
left_child=1 6 3 5 9 26 -1 8 24 15 11 25 -13 -14 27 17 -17 -5 20 -20 -19 -21 -22 -12 -3 -11 -2 28 -15 -16
right_child=2 7 -4 4 -6 -7 -8 -9 -10 10 23 12 13 14 29 16 -18 18 19 21 22 -23 -24 -25 -26 -27 -28 -29 -30 -31
leaf_value=8.3511876072069673e-05 -0.00052221882499179229 2.0063658381373058e-05 -0.00075103114970753325 -5.269111073432356e-05 -0.00022250990651192864 0.0003516206783161569 4.5662795908310576e-05 -8.2394894018922218e-05 6.4930087390233901e-05 1.996977791795772e-05 0.00035255194806035894 -1.1012785795950619e-05 8.0650115567763511e-05 -0.00028209214789457594 -4.5040692793131689e-05 -7.7700371264692591e-07 -0.00047042012783317399 0.00013576436552509979 0.00030197673232912391 -0.00054541458814125936 -0.00034749094417189539 7.5428893740582285e-05 8.3732320560877407e-05 5.0815109256807615e-05 -2.8738293839750649e-05 0.00025357762508596292 0.00020000894002336614 -0.00051554814109143943 0.00035944876591460101 -0.00020533523527768951
leaf_weight=16335 284 67351 1086 29862 32610 1222 90297 5412 13652 15027 826 13735 2115 2759 8464 964 2300 503 1000 1029 4084 722 443 1326 30637 538 1229 1662 238 3501
leaf_count=16335 284 67351 1086 29862 32610 1222 90297 5412 13652 15027 826 13735 2115 2759 8464 964 2300 503 1000 1029 4084 722 443 1326 30637 538 1229 1662 238 3501
internal_value=6.51314e-05 0.00153028 -0.00250472 -0.00240721 -0.0026316 0.00774223 0.00274777 0.00042118 0.000615819 -0.00192046 -0.00102857 -0.00139834 -0.00261748 -0.00422781 -0.00513114 -0.00301477 -0.00856311 -0.00253367 -0.00568372 -0.000899673 -0.0083002 -0.00649629 -0.00985752 0.00722584 0.000282688 0.0011452 0.00223067 -0.00971775 -0.00669837 -0.00334517
internal_weight=351213 223684 127529 126443 123708 2735 106632 117052 111640 91098 50191 48039 32474 18739 16624 40907 3264 37643 7781 2751 5030 1751 4527 2152 97988 15565 1513 4659 2997 11965
internal_count=351213 223684 127529 126443 123708 2735 106632 117052 111640 91098 50191 48039 32474 18739 16624 40907 3264 37643 7781 2751 5030 1751 4527 2152 97988 15565 1513 4659 2997 11965
is_linear=0
shrinkage=0.05


Tree=15
num_leaves=31
num_cat=0
split_feature=4 5 4 15 10 10 15 10 14 12 5 13 11 14 14 12 11 14 12 13 14 11 14 10 11 13 10 14 14 12
split_gain=468.981 111.698 59.063 43.6071 42.4817 44.7823 36.242 51.8213 42.4309 37.748 33.5331 34.4277 31.8656 33.2467 67.3713 32.5916 30.9161 30.0813 29.477 28.8546 37.8534 28.8336 57.1795 51.3465 63.8505 71.7956 63.8367 50.5062 49.8235 61.1514
threshold=0.022140312889343382 0.01884867341083785 0.015256306194895125 -0.040614005752933995 0.06903334451863076 0.017693997216902905 -0.040614005752933995 -0.020247544478179221 0.23397195059943568 -0.067575688865902969 0.033160135064051764 24.385000228881839 0.025601667077503779 0.26245601507157795 0.23397195059943568 -0.022997185287748575 0.023520128243548103 -0.0092544987085180757 -0.019977149001015378 19.214999198913578 -0.067149022617353324 -0.0072461958036925669 -0.033482886717690945 -0.0043931743596038455 0.00023769852102906167 13.744999885559084 -0.004854933316951914 0.04320040155148664 -0.0067330833557224237 0.076145654651098141
decision_type=2 2 2 2 2 2 2 2 2 2 2 2 2 2 2 2 2 2 2 2 2 2 2 2 2 2 2 2 2 2
left_child=2 3 -1 18 5 6 -3 9 10 -8 -9 -12 13 14 -5 -14 21 -18 -2 20 -17 -4 -23 26 -25 -26 -24 28 -27 -30
right_child=1 4 16 12 -6 -7 7 8 -10 -11 11 -13 15 -15 -16 19 17 -19 -20 -21 -22 22 23 24 25 27 -28 -29 29 -31
leaf_value=6.9876170787445092e-05 -0.0013066619457449405 -0.0013727113315186942 5.9486031515279623e-05 -2.3125623883664751e-05 -0.0014787835810421382 9.2540667889765661e-05 0.00032102490256954281 -0.00010413011828746318 -0.0012145748359847738 -8.9706528224473871e-05 -0.00050797841327310559 4.3703223860371187e-06 0.00018729326562900319 0.00023536952579535816 -0.0011133247156379844 0.00030974132658496614 0.00010957062944628219 2.1868348072880693e-05 9.6165987516351947e-05 -0.0001652547583058299 1.6446171176036881e-05 5.685939246873502e-05 4.0701660130853384e-05 -0.00010127659205764195 5.303050921639675e-05 -6.7155716386137562e-05 0.000275450297449291 -0.00014375949926661883 4.032440064530296e-05 -0.00038445300443241601
leaf_weight=30617 352 581 28879 100152 359 2838 922 60012 343 729 6830 1684 1561 809 357 801 8121 5431 170 890 10023 24933 12016 8587 14811 9123 1021 4401 13569 356
leaf_count=30617 352 581 28879 100152 359 2838 922 60012 343 729 6830 1684 1561 809 357 801 8121 5431 170 890 10023 24933 12016 8587 14811 9123 1021 4401 13569 356
internal_value=9.38004e-05 -0.00159506 0.00207009 -0.000619598 -0.00310641 -0.0030231 -0.00326894 -0.00316648 -0.00337634 0.00558752 -0.00328853 -0.00622504 -0.000553917 -0.000855722 -0.000936981 0.00174953 0.00160879 0.00387028 -0.0150383 0.000845143 0.00155673 0.00134839 0.000902136 0.000109574 -0.000608197 0.000190487 0.00290903 -0.00132336 -0.000386151 0.00149551
internal_weight=351278 189413 161865 115115 74298 73939 71101 70520 68869 1651 68526 8514 114593 101318 100509 13275 131248 13552 522 11714 10824 117696 88817 63884 50847 42260 13037 27449 23048 13925
internal_count=351278 189413 161865 115115 74298 73939 71101 70520 68869 1651 68526 8514 114593 101318 100509 13275 131248 13552 522 11714 10824 117696 88817 63884 50847 42260 13037 27449 23048 13925
is_linear=0
shrinkage=0.05


Tree=16
num_leaves=31
num_cat=0
split_feature=4 4 13 12 4 14 10 10 6 13 12 13 13 13 8 12 11 14 11 13 10 11 12 10 13 14 10 11 12 12
split_gain=452.148 84.6369 64.9033 114.034 78.119 49.7754 47.5229 38.4798 37.6639 31.1778 43.2 46.2936 37.829 43.0692 38.9417 58.3678 49.0037 39.0249 37.1974 42.5825 44.8519 47.3478 37.3768 75.8294 56.7374 46.4118 54.8156 46.3146 44.8468 47.2794
threshold=0.024759764611842362 0.016827066713344035 43.015001296997077 -0.075828258528587975 0.039804537136194293 -0.014609583018452553 0.019654390703208072 0.06903334451863076 0.41812182216264843 35.690000534057624 -0.063506994691829508 30.750000000000004 28.970000267028812 26.494999885559086 0.35788925720260206 -0.038623236339942461 -0.006288513316392629 -0.048201737040391705 0.0097669532521742503 24.385000228881839 -0.0031077430109253119 0.049786162731180202 0.032942550894698559 -0.0066846188692691313 21.134999275207523 -0.10344834121785244 -0.0016341493086314272 0.008381662460648533 0.0027925929369287954 -0.0021779841828679087
decision_type=2 2 2 2 2 2 2 2 2 2 2 2 2 2 8 2 2 2 2 2 2 2 2 2 2 2 2 2 2 2
left_child=1 -1 3 5 9 6 -2 -6 -3 10 11 -5 13 14 18 -16 17 -17 22 20 -20 -22 24 -24 27 -26 -27 28 29 -12
right_child=2 8 -4 4 7 -7 -8 -9 -10 -11 12 -13 -14 -15 15 16 -18 -19 19 -21 21 -23 23 -25 25 26 -28 -29 -30 -31
leaf_value=5.8305657337254803e-05 -0.00029847624783357012 3.0437250420972892e-05 -0.00070504983041853398 -0.00032622634607699984 -0.00019376186180827045 0.00032752561399489351 0.00023550991512170005 -0.0020319470208711491 -8.742501718631869e-06 0.00019146335866266045 -2.976669816498901e-05 0.00023014544066928043 -0.00055918959874572984 0.00022654496680809459 -0.00080107745148439628 -0.00056732465783275595 -0.00022964076159034307 0.00012014878404017147 -0.00019989287837893016 0.00022689145704746775 1.0696145019969094e-05 -0.00025656283823596876 0.00027275631613905675 -3.4457259726826139e-05 5.2133068129896212e-05 -0.00013239121816501417 -0.00040217286694374879 -0.00033483146697455522 -9.1934895241423559e-05 0.0001327721522139582
leaf_weight=56887 663 109012 1130 1461 32346 1722 760 269 39297 496 12674 327 782 1449 634 143 2504 1465 2732 1376 35160 1183 1732 11106 1169 4010 3014 1777 20537 3248
leaf_count=56887 663 109012 1130 1461 32346 1722 760 269 39297 496 12674 327 782 1449 634 143 2504 1465 2732 1376 35160 1183 1732 11106 1169 4010 3014 1777 20537 3248
internal_value=8.23921e-05 0.0015953 -0.00204584 -0.00195265 -0.00216181 0.00746423 0.000544624 -0.0043086 0.000966394 -0.00151933 -0.00157651 -0.00928412 -0.00144735 -0.00136645 -0.0014852 -0.00591024 -0.00373298 0.00307836 -0.00127459 -0.000105683 -0.000410109 5.43433e-05 -0.0020724 0.00031547 -0.00273267 -0.0065086 -0.00804385 -0.00192358 -0.0015394 0.000452204
internal_weight=351065 205196 145869 144739 141594 3145 1423 32615 148309 108979 108483 1788 106695 105913 104464 4746 4112 1608 99718 40451 39075 36343 59267 12838 46429 8193 7024 38236 36459 15922
internal_count=351065 205196 145869 144739 141594 3145 1423 32615 148309 108979 108483 1788 106695 105913 104464 4746 4112 1608 99718 40451 39075 36343 59267 12838 46429 8193 7024 38236 36459 15922
is_linear=0
shrinkage=0.05


Tree=17
num_leaves=31
num_cat=0
split_feature=5 5 10 11 5 12 11 14 14 11 14 12 14 10 11 11 14 14 14 10 10 9 12 14 5 10 9 11 11 10
split_gain=394.537 98.3691 60.3427 41.8442 39.0708 38.6258 83.9585 37.2023 78.8113 50.6867 50.6016 52.5311 42.5663 40.778 40.3862 38.1697 37.2877 64.0046 58.7548 36.8382 35.7831 35.5049 34.0948 42.0929 32.8594 32.6755 33.8563 58.9063 70.4514 31.9627
threshold=0.013267361070072045 0.019668146645020815 -0.029463592833469218 -0.035697741943328191 0.010039654209187589 -0.075828258528587975 -0.040606283895635913 -0.037220785866969024 -0.039568606403770572 -0.023324981642921735 0.15844695899744313 -0.016111251712643489 0.21504170766917155 -0.002449885434601728 0.02167406842699671 0.026646600134674018 0.083482873400912663 0.098456899427642589 0.079095926518506735 0.06903334451863076 0.0103636474765072 0.54084404116082319 -0.037182022150964049 0.15522193331306103 0.04053217276202218 0.0022948780910856397 -0.25867170056135719 -0.012367016297633369 0.011605230504387444 0.0028153334889018393
decision_type=2 2 2 2 2 2 2 2 2 2 2 2 2 2 2 2 2 2 2 2 2 8 2 2 2 2 10 2 2 2
left_child=4 2 3 -2 -1 6 -3 8 13 12 16 -12 29 -4 25 -16 18 -18 20 24 -11 -17 -19 -24 -7 -15 27 -27 -29 -9
right_child=1 5 7 -5 -6 19 -8 9 -10 10 11 -13 -14 14 15 21 17 22 -20 -21 -22 -23 23 -25 -26 26 -28 28 -30 -31
leaf_value=5.7153474087325583e-05 -0.0015090954090004442 -0.00045125504094095594 -0.00034856205913324183 8.1440875706349048e-05 3.0452769559337823e-05 -0.00010855056216191439 0.00031432362933647473 6.5927923911203098e-05 0.0001726990974024105 -3.0601596745434473e-05 -0.0010478898486874621 -9.4883329534377128e-05 0.00028048630456491375 7.7601410005317693e-05 0.00020983773636753229 6.2032390109851085e-05 0.00024752153861259864 0.00017866297278072154 -0.00036121591469645998 -0.0014357715616361011 -0.00014453750125382916 -0.00041798634191978753 -8.2391159857520522e-05 0.00043436348897958024 -0.00050821867031805004 -0.00054519087905597328 -2.8039716543271e-06 5.2124676275672972e-05 -0.00030079525274365854 -0.00010877480756228669
leaf_weight=44370 464 973 499 214 106474 58262 1543 6915 2456 74281 595 1258 921 3601 2016 3247 1966 1353 2023 360 2618 341 5215 333 3949 610 19268 2489 1556 777
leaf_count=44370 464 973 499 214 106474 58262 1543 6915 2456 74281 595 1258 921 3601 2016 3247 1966 1353 2023 360 2618 341 5215 333 3949 610 19268 2489 1556 777
internal_value=7.81457e-05 -0.00137742 -0.000607706 -0.0154867 0.00200903 -0.0029741 0.00310016 -0.000532612 0.000840423 -0.00103684 -0.00138886 -0.00956557 0.00262684 0.00020891 0.000422603 0.00429158 -0.00121627 0.00185801 -0.00156167 -0.00321834 -0.00134039 0.00119844 -0.000409361 -0.00214492 -0.00312605 -0.000365136 -0.00103352 -0.00486037 -0.00267614 0.00141056
internal_weight=350947 200103 135016 678 150844 65087 2516 134338 36083 98255 89642 1853 8613 33627 33128 5604 87789 8867 78922 62571 76899 3588 6901 5548 62211 27524 23923 4655 4045 7692
internal_count=350947 200103 135016 678 150844 65087 2516 134338 36083 98255 89642 1853 8613 33627 33128 5604 87789 8867 78922 62571 76899 3588 6901 5548 62211 27524 23923 4655 4045 7692
is_linear=0
shrinkage=0.05


Tree=18
num_leaves=31
num_cat=0
split_feature=4 4 13 10 14 11 12 13 11 13 13 11 14 13 11 11 13 10 12 12 10 11 13 10 10 13 10 6 12 10
split_gain=370.365 96.1758 47.8117 72.7286 51.618 55.1571 66.0349 55.6131 49.369 56.5085 59.1346 54.9616 71.2357 68.1198 58.1976 91.8184 56.169 54.3205 53.3012 54.8782 48.9629 43.1368 63.3115 67.397 46.9785 42.7808 41.3815 41.3409 70.0597 40.9177
threshold=0.021545036194397817 0.030055897177945993 17.195000648498539 -0.0039079154947589392 0.061654808594579842 -0.0037227155807691976 0.018619756704099325 16.125000000000004 -0.021422943055800999 16.510000228881839 16.644999504089359 0.0030141112553000453 -0.076646614085351103 15.775000095367433 0.01196305437964529 0.01259030861125965 13.605000019073488 0.012396496477192877 0.05049188092826485 0.066825641747697576 -0.0010954591841218495 -0.022075871244429331 18.904999732971195 0.0047561334202744785 0.0028153334889018393 12.325000286102297 0.0074825257104576002 0.64067062737160418 -0.075828258528587975 0.0080340527889744013
decision_type=2 2 2 2 2 2 2 2 2 2 2 2 2 2 2 2 2 2 2 2 2 2 2 2 2 2 2 2 2 2
left_child=2 -2 4 -4 8 6 7 -6 -1 11 -11 17 -13 14 16 -16 18 25 -14 -20 -15 24 23 -23 -5 -10 -18 28 -3 -22
right_child=1 27 3 21 5 -7 -8 -9 9 10 -12 12 13 20 15 -17 26 -19 19 -21 29 22 -24 -25 -26 -27 -28 -29 -30 -31
leaf_value=-0.00046654349255450883 -9.6815210922152245e-06 0.00019034114227046322 6.5646365215937856e-05 0.00016257046714087482 -0.00014789175232441949 -8.423824560370758e-05 0.00023318261093290159 0.00013422854718372958 -0.00025429537300829767 0.00022101277745759543 7.9149933016969739e-05 0.00019865585259056358 0.00018009051790834229 0.00025761856588268022 -0.00019968658645967889 5.0916815163953121e-05 7.215522036526155e-05 -0.00019680465645275844 -0.00011059843522187316 0.00012225672771314132 -9.4932889419402201e-05 -0.00015183852981800366 1.7395668785153602e-05 2.7612889273902991e-06 -5.9404102772818592e-05 2.6657874866395067e-05 -0.00013298317954531748 -0.00021231669086098481 -8.2679966076459375e-05 0.00010505834215411236
leaf_weight=260 115908 2495 17150 2211 1430 6076 1359 886 847 2547 9855 2940 6771 413 1395 26903 7604 962 1053 1229 5036 7357 13068 5432 1350 24028 1017 17812 64110 1313
leaf_count=260 115908 2495 17150 2211 1430 6076 1359 886 847 2547 9855 2940 6771 413 1395 26903 7604 962 1053 1229 5036 7357 13068 5432 1350 24028 1017 17812 64110 1313
internal_value=8.18803e-05 -0.00132622 0.00195625 0.000624893 0.00255283 -0.000910163 0.00392517 -0.00120898 0.0029114 0.00297163 0.00611595 0.00249322 0.0033777 0.0029554 0.00364461 0.00223867 0.00589567 0.000587336 0.00864631 0.00203769 -0.00173026 -0.000883813 -0.00159435 -0.00409532 0.00427548 0.00103819 0.00300719 -0.00260996 -0.00203776 -0.0028154
internal_weight=350817 200325 150492 46568 103924 9751 3675 2316 94173 93913 12402 81511 55674 52734 45972 28298 17674 25837 9053 2282 6762 29418 25857 12789 3561 24875 8621 84417 66605 6349
internal_count=350817 200325 150492 46568 103924 9751 3675 2316 94173 93913 12402 81511 55674 52734 45972 28298 17674 25837 9053 2282 6762 29418 25857 12789 3561 24875 8621 84417 66605 6349
is_linear=0
shrinkage=0.05


Tree=19
num_leaves=31
num_cat=0
split_feature=4 15 5 5 13 13 10 13 11 5 14 14 10 11 10 10 10 10 10 12 12 12 12 14 11 13 10 14 12 14
split_gain=335.728 67.2906 65.9394 56.2077 57.7378 70.4075 57.5165 51.9277 44.9535 37.6787 37.1475 75.0758 40.4827 38.9486 52.9269 62.6385 53.2193 62.874 50.7503 50.1319 45.0873 45.1654 61.5255 44.9332 38.6875 75.7936 58.6097 45.1776 42.3391 42.8087
threshold=0.024050573650693362 -0.040614005752933995 0.010470609333939463 0.021372649631753279 24.385000228881839 23.604999542236332 0.06903334451863076 23.409999847412113 -0.040606283895635913 0.036041126573750394 -0.037220785866969024 -0.039568606403770572 0.013844778774777857 0.025879886513439202 -0.0017365024253572778 0.0044510746205346239 0.010510737947986739 0.0083252944612894914 0.0054484858672928524 0.12384640389246161 0.057873618969341407 0.050860094870715973 0.045280695962835911 -0.0013068210528928146 -0.006088921430193516 17.195000648498539 0.0040309091899630731 -0.0070547548707520216 0.035909029638549812 0.044075030691926538
decision_type=2 2 2 2 2 2 2 2 2 2 2 2 2 2 2 2 2 2 2 2 2 2 2 2 2 2 2 2 2 2
left_child=2 8 -1 -3 5 7 -6 9 -2 -5 11 -4 13 14 19 20 17 18 23 -12 21 22 24 -17 26 28 -16 -27 -26 -30
right_child=1 3 10 4 6 -7 -8 -9 -10 -11 12 -13 -14 -15 15 16 -18 -19 -20 -21 -22 -23 -24 -25 25 27 -28 -29 29 -31
leaf_value=5.1878046876783481e-05 -0.0016084149292247526 -2.5697321198156835e-05 3.4222692113200768e-05 -0.00012388356922097182 3.9844398418179341e-05 -0.00045014371146181531 -0.0015468469924489186 0.0003349389395571922 -0.00014006057898824608 -0.000501038860333252 3.5877611814276584e-05 0.00016172301517338038 -0.00023349257800430557 6.989632723803964e-05 7.0781054042972543e-05 0.00026205889676531979 -0.00017168574477430246 0.00022200213610865333 -1.1676349706825265e-05 -0.0004320550595410819 5.5481157128741116e-05 -0.00022923023451499266 0.00010423853631014949 2.6650845863908607e-05 -2.3004200392907992e-05 -0.0001246653727248282 -0.00035156222434357402 -0.00042310995228318245 -0.0001026219031176879 -0.00042874287192965887
leaf_weight=56999 565 106414 31497 32682 9034 1894 328 784 447 4617 43574 2756 674 8721 4530 1028 1137 1926 7489 349 4126 1572 1987 1344 15882 2643 462 1736 3473 606
leaf_count=56999 565 106414 31497 32682 9034 1894 328 784 447 4617 43574 2756 674 8721 4530 1028 1137 1926 7489 349 4126 1572 1987 1344 15882 2643 462 1736 3473 606
internal_value=9.69323e-05 -0.00162488 0.00148462 -0.00154138 -0.00293632 -0.00376404 0.000598163 -0.00329609 -0.0144763 -0.00356377 0.000891922 0.00231877 0.000418608 0.000498855 0.000201888 -0.000911576 0.00208527 0.00308179 0.0014679 0.00146791 -0.00195788 -0.00257593 -0.00216083 0.00784148 -0.00273762 -0.00355998 0.00127204 -0.00951701 -0.00225314 -0.00679701
internal_weight=351276 156765 194511 155753 49339 39977 9362 38083 1012 37299 137512 34253 103259 102585 93864 49941 12924 11787 9861 43923 37017 32891 31319 2372 29332 24340 4992 4379 19961 4079
internal_count=351276 156765 194511 155753 49339 39977 9362 38083 1012 37299 137512 34253 103259 102585 93864 49941 12924 11787 9861 43923 37017 32891 31319 2372 29332 24340 4992 4379 19961 4079
is_linear=0
shrinkage=0.05


Tree=20
num_leaves=31
num_cat=0
split_feature=5 5 15 4 12 11 15 11 13 11 14 12 12 11 11 12 13 13 14 14 12 14 11 13 13 13 14 14 11 12
split_gain=307.728 71.8145 59.1243 42.8515 53.0484 41.1293 36.8941 35.6346 45.9401 36.9404 40.3616 44.0682 35.4755 35.2263 33.9641 52.31 60.3236 58.0561 85.7009 50.1529 46.0868 37.9563 59.0044 36.2908 33.3053 71.282 31.3993 77.9802 47.1775 65.1373
threshold=0.015864074946344512 0.010832169556985531 -0.040614005752933995 0.046051472746991458 -0.075828258528587975 -0.040606283895635913 -0.040614005752933995 0.0097669532521742503 24.385000228881839 0.049786162731180202 -0.035596703045515869 0.078665410711505027 -0.050554756764267676 -0.040606283895635913 -0.022075871244429331 -0.0021779841828679087 21.409999847412113 21.134999275207523 -0.0080681674930397889 -0.13532199000438486 0.0027925929369287954 -0.014609583018452553 -0.0237759721784318 20.060000419616703 26.494999885559086 28.970000267028812 -0.037220785866969024 -0.039568606403770572 -0.022075871244429331 -0.0066426412641200075
decision_type=2 2 2 2 2 2 2 2 2 2 2 2 2 2 2 2 2 2 2 2 2 2 2 2 2 2 2 2 2 2
left_child=1 -1 13 7 5 -5 -3 14 9 10 -9 12 -12 -2 21 17 20 18 -16 -19 -17 22 -4 -20 -21 -26 27 -8 29 -28
right_child=2 6 3 4 -6 -7 26 8 -10 -11 11 -13 -14 -15 15 16 -18 19 23 24 -22 -23 -24 -25 25 -27 28 -29 -30 -31
leaf_value=4.5563521569682264e-05 -0.0015598206416348797 -0.00077051407900048966 -0.00022714470495720056 -0.00042013634366628916 -0.00023942661877959963 0.0004271917814733712 2.7166872739617507e-05 5.5910565318380641e-05 0.00016251279675305027 -0.00025922132418517709 -0.00041022802308390512 -0.00020920882063371171 -1.9519450528793401e-05 -0.00011928843945026463 8.4683095426307375e-05 0.00010090136307169957 0.00027067315782770693 0.00025314759896677262 -0.00029898193591059948 -0.00039654603378276739 -7.7861027306915618e-05 7.7288830185034008e-05 0.0001547595273489285 9.5963035011116093e-05 0.0002512663573797266 -0.00047268581170046062 3.267794871195215e-05 0.00015672964146115523 -1.4640557883840913e-06 0.00023226846990536491
leaf_weight=68221 513 431 2443 432 19322 837 36582 12635 2442 1251 232 2598 22588 346 4269 3010 1044 434 4994 5355 32370 7549 647 705 613 603 8032 2990 104922 2232
leaf_count=68221 513 431 2443 432 19322 837 36582 12635 2442 1251 232 2598 22588 346 4269 3010 1044 434 4994 5355 32370 7549 647 705 613 603 8032 2990 104922 2232
internal_value=0.000105949 0.00122376 -0.00185684 -0.00176798 -0.00385484 0.00604807 0.000629394 -0.00136176 -0.000225171 -0.000638612 -0.000360681 -0.00150877 -0.00080631 -0.0149302 -0.00210272 -0.00261672 -0.00154843 -0.00490927 -0.00245787 -0.00839757 -0.00189796 0.000477019 -0.00419094 -0.00647043 -0.00948486 -0.0020148 0.000670078 0.00188517 0.000252635 0.00348792
internal_weight=350642 223410 127232 126373 20591 1269 155189 105782 41746 39304 38053 25418 22820 859 64036 53397 36424 16973 9968 7005 35380 10639 3090 5699 6571 1216 154758 39572 115186 10264
internal_count=350642 223410 127232 126373 20591 1269 155189 105782 41746 39304 38053 25418 22820 859 64036 53397 36424 16973 9968 7005 35380 10639 3090 5699 6571 1216 154758 39572 115186 10264
is_linear=0
shrinkage=0.05


Tree=21
num_leaves=31
num_cat=0
split_feature=4 15 4 12 4 13 14 10 16 8 13 12 13 6 12 10 12 10 13 10 13 10 12 13 14 13 14 10 10 14
split_gain=278.867 66.0244 61.3165 53.8337 55.9349 49.7455 46.2564 42.3391 36.5467 34.4888 31.7518 36.9585 52.5323 30.5126 36.7614 29.7498 56.9212 46.4741 108.675 55.3473 99.8246 44.8295 42.0221 37.9556 33.1876 32.2777 28.5441 63.3807 48.4017 61.7828
threshold=0.024759764611842362 -0.040614005752933995 0.016129818562967493 -0.075828258528587975 0.047911090726983213 46.145000457763679 -0.014609583018452553 0.019654390703208072 -0.034242082462782535 -0.18370077001290216 35.690000534057624 -0.063506994691829508 30.750000000000004 0.44966797366281924 -0.052669817960988401 0.0044510746205346239 0.055910594976570589 0.002679704606603384 15.375000000000002 0.003855857055865886 13.050000190734865 0.0056894709733393842 0.0053623366190914687 20.814999580383304 0.063679127016071826 21.82499980926514 -0.036625775253692865 -0.0039079154947589392 -0.0017365024253572778 0.0071322940265206034
decision_type=2 2 2 2 2 2 2 2 2 10 2 2 2 2 2 2 2 2 2 2 2 2 2 2 2 2 2 2 2 2
left_child=2 8 -1 5 10 6 7 -3 -2 -4 11 12 -5 -13 -15 17 23 26 19 20 -19 -18 -22 -17 -21 -20 27 -11 29 -28
right_child=1 3 9 4 -6 -7 -8 -9 -10 15 -12 13 -14 14 -16 16 21 18 25 24 22 -23 -24 -25 -26 -27 28 -29 -30 -31
leaf_value=5.0468717484391776e-05 -0.0012617577468417873 -0.00034390573769619507 -6.8804057295052912e-05 -0.00029162860661598649 -0.0002386122876633895 -0.00029890645395501251 0.00029417667735988969 0.00021576342865374236 0.000215748077735683 -0.00027720535008662932 0.00017459774719224218 -2.0986145986132307e-05 0.00022681801353680354 0.00033921659520960479 -0.00010096771749707962 6.1667511901306694e-05 0.00018964807074857244 -0.00023941783297387462 -0.00014463934991059018 0.00016510070305715275 -0.00034333753290961545 -8.8480630204308301e-05 0.00010890958146326535 -4.7924862007121557e-05 -0.00020782078547060303 7.8065055900297838e-05 0.0001032739310603892 0.00010129831963461246 -1.5950268073410121e-05 1.8284295462016059e-05
leaf_weight=44475 802 662 5898 1847 16573 785 1735 776 192 460 662 90039 451 837 30329 39478 301 1290 7098 2387 220 4701 2786 3491 217 640 9532 6881 35086 40292
leaf_count=44475 802 662 5898 1847 16573 785 1735 776 192 460 662 90039 451 837 30329 39478 301 1290 7098 2387 220 4701 2786 3491 217 640 9532 6881 35086 40292
internal_value=0.000128874 -0.00154403 0.00131643 -0.00145581 -0.00161754 0.0042951 0.0070832 0.000452017 -0.0143863 0.000861854 -0.00125337 -0.00131191 -0.00759356 -0.00119281 -0.00254123 0.00100478 0.00203925 0.000540514 -0.00207679 0.00248551 -0.00100093 -0.0030088 0.00399202 0.00262689 0.00823733 -0.006145 0.000955816 0.00394701 0.000697209 0.00169898
internal_weight=350923 145690 205233 144696 140738 3958 3173 1438 994 160758 124165 123503 2298 121205 31166 154860 47971 106889 14638 6900 4296 5002 3006 42969 2604 7738 92251 7341 84910 49824
internal_count=350923 145690 205233 144696 140738 3958 3173 1438 994 160758 124165 123503 2298 121205 31166 154860 47971 106889 14638 6900 4296 5002 3006 42969 2604 7738 92251 7341 84910 49824
is_linear=0
shrinkage=0.05


Tree=22
num_leaves=31
num_cat=0
split_feature=4 15 8 11 10 13 13 13 11 4 4 14 13 9 13 11 12 13 11 11 10 10 13 12 10 12 10 14 13 12
split_gain=261.441 70.9686 57.5717 50.0463 45.6472 52.9354 117.536 70.3601 50.37 43.8469 42.0735 34.8952 65.1752 60.1048 53.9033 47.2937 33.0692 108.892 46.5569 38.4215 96.6702 66.3645 84.4685 43.3766 42.3011 53.7015 38.6502 36.728 44.9778 31.811
threshold=0.022369366275790208 -0.040614005752933995 0.19948687991374728 -0.040606283895635913 0.06903334451863076 30.345000267028812 28.970000267028812 39.645000457763679 -0.043674023036412872 0.035285482815777522 0.015256306194895125 -0.069419882954705067 18.94999980926514 0.41714856613469514 19.72500038146973 0.025601667077503779 -0.0041728590088926923 21.409999847412113 -0.020444088180766703 0.010526835170153516 -0.0016341493086314272 0.006337694363773628 25.010000228881839 -0.023938025174318197 -0.017312000709356064 -0.007281546892151213 0.00048355916176134889 -0.0049345356588886271 21.409999847412113 0.12384640389246161
decision_type=2 2 8 2 2 2 2 2 2 2 2 2 2 8 2 2 2 2 2 2 2 2 2 2 2 2 2 2 2 2
left_child=10 3 4 -2 5 6 8 -7 -3 11 -1 12 15 14 -14 -10 19 18 -18 20 24 22 23 26 25 -13 -21 28 -22 -20
right_child=1 2 -4 -5 -6 7 -8 -9 9 -11 -12 16 13 -15 -16 -17 17 -19 29 21 27 -23 -24 -25 -26 -27 -28 -29 -30 -31
leaf_value=5.4200676286386785e-05 -0.001389851567734169 0.00035068904832212305 -0.00014749785404262559 -8.2247174581424377e-05 -0.0010593566377712881 0.00022493605318126364 -0.00062842904685345602 -0.00020388878855013735 6.6760070912909745e-05 -9.8551955068902462e-05 2.2896425742188407e-05 -0.00060718756680311239 -0.00027048935109535597 -0.00058103030087596267 3.8362273926878091e-05 0.00030139519100448841 0.00025990332152994787 0.00021879780174150097 -1.6860369587078486e-05 -0.00030882619489808519 -5.5033104499452487e-05 0.00025011998132910135 0.00038233973010820836 -0.00031725992672903533 7.090393607185001e-07 0.00021771048530397428 0.00013348798316545219 -0.00042554711318661912 -0.00028397772335871454 -0.00025123671853105389
leaf_weight=30578 605 373 14228 501 422 3183 1266 1163 9074 40039 134738 1195 1173 467 3698 1314 1013 2822 76830 440 3125 1436 588 1310 13164 402 881 1435 2288 970
leaf_count=30578 605 373 14228 501 422 3183 1266 1163 9074 40039 134738 1195 1173 467 3698 1314 1013 2822 76830 440 3125 1436 588 1310 13164 402 881 1435 2288 970
internal_value=8.31858e-05 -0.00120587 -0.00113009 -0.0138336 -0.000874488 -0.000833633 -0.000976843 0.00461344 -0.000859715 -0.000901542 0.00152889 -0.000435794 0.00176459 -0.00272574 -0.00108294 0.00407201 -0.000756494 -0.000259999 -0.000605547 -0.00229973 -0.00318733 0.00182062 -0.00216682 -0.00599582 -0.000909491 -0.00859424 0.000397426 -0.00809725 -0.0062119 -0.000744216
internal_weight=350721 185405 184299 1106 170071 169649 165303 4346 164037 163664 165316 123625 15726 5338 4871 10388 107899 81635 78813 26264 21609 4655 3219 2631 14761 1597 1321 6848 5413 77800
internal_count=350721 185405 184299 1106 170071 169649 165303 4346 164037 163664 165316 123625 15726 5338 4871 10388 107899 81635 78813 26264 21609 4655 3219 2631 14761 1597 1321 6848 5413 77800
is_linear=0
shrinkage=0.05


Tree=23
num_leaves=31
num_cat=0
split_feature=5 10 11 10 10 5 6 12 5 13 13 13 13 10 10 14 14 10 15 11 10 13 14 12 13 13 11 11 11 11
split_gain=241.859 62.4203 59.5803 53.4228 71.0333 45.779 44.3837 43.4507 33.2859 39.9131 55.9334 41.6924 30.3255 36.9274 34.9772 34.4128 33.377 29.8743 29.7752 27.9656 52.89 50.5069 69.8482 48.1431 47.1836 58.1382 59.4364 50.7787 50.8895 49.425
threshold=0.015069919633341223 -0.029463592833469218 -0.035697741943328191 -0.020247544478179221 -0.017312000709356064 0.01074255785438648 0.72302995640791135 -0.0041728590088926923 0.020675130284168151 24.385000228881839 23.604999542236332 23.409999847412113 24.855000495910648 0.01542612816856115 0.0074825257104576002 -0.014609583018452553 0.12115074894469659 0.06903334451863076 -0.040614005752933995 -0.022075871244429331 0.0028153334889018393 17.195000648498539 -0.077913276979976895 -0.0066426412641200075 16.469999313354496 15.464999675750734 0.0029094650612268018 0.01196305437964529 0.01259030861125965 0.029387931380338687
decision_type=2 2 2 2 2 2 2 2 2 2 2 2 2 2 2 2 2 2 2 2 2 2 2 2 2 2 2 2 2 2
left_child=5 2 -2 -3 7 -1 8 -5 -6 10 11 -10 14 15 -11 -14 -17 -8 -7 20 23 22 -21 -20 25 26 -24 -28 -29 -27
right_child=1 3 -4 4 6 18 17 -9 9 12 -12 -13 13 -15 -16 16 -18 -19 19 21 -22 -23 24 -25 -26 29 27 28 -30 -31
leaf_value=4.0910951550277496e-05 -0.0014151968819455102 0.00019485878836964892 -1.9336567124576822e-05 -0.00078383426051503767 -6.3798114897086099e-06 -0.00068642602402195962 -0.00011648724694357629 0.00012415187324051353 -9.8502324683870772e-05 0.00025590678486213841 -0.00036415020541586226 0.0003281787476869771 -0.00032313403941682255 0.00016583290178001715 -0.00088293046748609202 0.00016057538407391721 -0.00032044678870904892 -0.001174842221820711 6.6717972232574279e-05 0.0001175387918224199 -9.382578449629726e-05 -2.1657128166592522e-05 -3.4752532796150435e-05 0.00023660634957565338 7.3062584002813081e-05 -7.0984469524820048e-05 8.0888449212008278e-05 -0.00024232893779168384 2.5555863936200206e-05 0.00017512576478632459
leaf_weight=65431 648 2001 593 1489 71784 347 26013 309 34024 1530 1799 696 1746 1535 119 1378 610 332 6914 5934 1957 40924 15056 2026 12641 14193 13879 1042 23001 1038
leaf_count=65431 648 2001 593 1489 71784 347 26013 309 34024 1530 1799 696 1746 1535 119 1378 610 332 6914 5934 1957 40924 15056 2026 12641 14193 13879 1042 23001 1038
internal_value=0.000125146 -0.00142457 -0.0125907 -0.00132924 -0.00144248 0.00123677 -0.00131705 -0.0113181 -0.000893717 -0.00198621 -0.00264588 -0.00220046 0.0014961 -0.000355855 0.00741358 -0.00303964 0.00145875 -0.00316853 0.000723271 0.000759893 0.00319125 0.000552432 0.00123525 0.00482103 0.000850959 0.000330968 0.00111367 0.00216893 0.000778813 -0.0023915
internal_weight=350989 146606 1241 145365 143364 204383 141566 1798 115221 43437 36519 34720 6918 5269 1649 3734 1988 26345 138952 138605 10897 127708 86784 8940 80850 68209 52978 37922 24043 15231
internal_count=350989 146606 1241 145365 143364 204383 141566 1798 115221 43437 36519 34720 6918 5269 1649 3734 1988 26345 138952 138605 10897 127708 86784 8940 80850 68209 52978 37922 24043 15231
is_linear=0
shrinkage=0.05


Tree=24
num_leaves=31
num_cat=0
split_feature=5 10 6 13 13 11 5 13 13 10 8 14 5 11 10 13 11 10 14 6 14 14 14 13 14 14 11 14 11 10
split_gain=205.16 83.2413 60.5128 63.792 77.9199 59.7609 39.1796 42.0486 41.8313 36.1897 35.9587 32.8369 32.5535 32.2095 29.5017 29.299 27.3087 42.676 29.7374 27.0297 26.1876 25.7235 46.8477 40.1431 40.3468 32.1131 38.8731 31.7094 43.2007 26.3915
threshold=0.013139282168271061 -0.029463592833469218 0.030076544944885351 30.345000267028812 28.970000267028812 -0.035697741943328191 0.020675130284168151 24.385000228881839 23.604999542236332 0.06903334451863076 -0.1471039401082431 -0.069419882954705067 0.0070193506240395385 -0.004414694893693615 0.013109339753378581 12.00999975204468 0.005853569089809941 0.015605159278572868 -0.048564324883399894 0.30127090372145654 -0.055141973533754989 -0.037220785866969024 -0.039568606403770572 18.564999580383304 -0.068136872709181048 -0.0067330833557224237 -0.023324981642921735 -0.055909224672121997 -0.0072461958036925669 -0.015857538372193832
decision_type=2 2 2 2 2 2 2 2 2 2 10 2 2 2 2 2 2 2 2 2 2 2 2 2 2 2 2 2 2 2
left_child=10 5 3 4 6 -2 21 8 11 -4 16 14 -12 -9 -8 -14 18 -18 -1 -17 -13 22 23 24 -3 -23 -27 -25 -29 -28
right_child=1 2 9 -5 -6 -7 7 13 -10 -11 12 20 15 -15 -16 19 17 -19 -20 -21 -22 25 -24 27 -26 26 29 28 -30 -31
leaf_value=-0.000253219458870705 -0.001358119873746898 0.00011753021207326987 -6.0941556655670206e-05 0.00021616920242076618 -0.00053808653427331516 -3.7732578808925055e-05 0.0001794108179728563 -8.0976806523083838e-05 -0.00032765598627585248 -0.00094704980146140825 0.00013840578509229963 -0.00039856334963320021 -0.00014176625980914047 0.00016189182523270059 -0.00010670416620096922 3.7890072152803892e-05 -0.00026845223201590944 0.00017571760007878678 4.7882804417715558e-05 1.1295555017063093e-05 -9.2932807764402239e-05 -4.6962150969348007e-05 0.00015350429096021379 -9.12736086051612e-05 2.691103866584799e-06 0.00014067901949093241 -0.00019261830475195176 -0.00017276385780374756 0.00017101076619584573 8.7165944728796217e-06
leaf_weight=372 762 6921 74805 2538 1016 639 2605 1658 1548 429 1437 1428 957 2254 1194 97256 1156 182 2196 42957 22269 21464 1861 5154 8141 3516 1579 787 1344 40537
leaf_count=372 762 6921 74805 2538 1016 639 2605 1658 1548 429 1437 1428 957 2254 1194 97256 1156 182 2196 42957 22269 21464 1861 5154 8141 3516 1579 787 1344 40537
internal_value=5.35671e-05 -0.000969802 -0.000885997 -0.000223763 -0.000382755 -0.0131156 -0.000269998 -0.00174778 -0.00240325 -0.00201106 0.00148161 -0.00195301 0.00161125 0.00311861 0.00236246 0.00153503 -0.00325141 -0.00904335 -0.000233645 0.00159454 -0.00264485 0.000263406 0.00166061 0.00102586 0.00249967 -0.0002407 0.000509511 -0.00202128 0.00310887 8.78526e-05
internal_weight=350962 204449 203048 127814 125276 1401 124260 32956 29044 75234 146513 27496 142607 3912 3799 141170 3906 1338 2568 140213 23697 91304 24208 22347 15062 67096 45632 7285 2131 42116
internal_count=350962 204449 203048 127814 125276 1401 124260 32956 29044 75234 146513 27496 142607 3912 3799 141170 3906 1338 2568 140213 23697 91304 24208 22347 15062 67096 45632 7285 2131 42116
is_linear=0
shrinkage=0.05


Tree=25
num_leaves=31
num_cat=0
split_feature=5 8 5 14 12 12 5 13 10 12 12 12 12 12 10 10 14 10 14 13 9 10 12 12 13 12 12 13 12 14
split_gain=191.944 53.0533 45.6583 45.2391 63.3732 38.559 41.8791 41.3993 35.1621 35.21 32.3232 32.0922 91.0653 73.8262 34.2288 56.572 30.8013 29.8566 32.6372 73.4237 57.5711 43.4556 54.7691 38.1178 28.1283 48.0391 47.454 46.231 49.5709 41.7822
threshold=0.016840340064696823 0.21492770039618417 0.011964713798237492 0.23397195059943568 -0.007281546892151213 -0.075828258528587975 0.043871709698519799 46.145000457763679 -0.029463592833469218 0.12384640389246161 -0.0497892715245336 -0.031853189963288557 -0.019164268352129695 -0.052669817960988401 0.0025149873033184504 0.0022328868061483047 0.004407866869301503 0.06903334451863076 -0.068136872709181048 18.94999980926514 inf 0.009588523086034308 -0.018266326902635351 -0.0045413562786246189 20.060000419616703 -0.0062518932096157767 0.054230156972347017 17.195000648498539 -0.015496687592758017 0.061654808594579842
decision_type=2 8 2 2 2 2 2 2 2 2 2 2 2 2 2 2 2 2 2 2 8 2 2 2 2 2 2 2 2 2
left_child=1 2 24 5 -5 7 17 16 10 -10 -4 13 -13 -3 15 -14 -2 18 19 23 21 -21 -23 -7 27 -26 -27 29 -29 -1
right_child=3 11 8 4 -6 6 -8 -9 9 -11 -12 12 14 -15 -16 -17 -18 -19 -20 20 -22 22 -24 -25 25 26 -28 28 -30 -31
leaf_value=4.3214396941274355e-05 5.7059334512633153e-05 0.00039220265166268814 -0.0012720084839606197 -0.00094570061796473879 0.00029952682632232973 0.00028044414632032952 -0.00057063955310093686 -0.00028202086225193534 1.0447493179101178e-05 -0.00017433471510803204 7.7017059590525153e-05 0.00013986849622856418 -7.4065600052627707e-05 -0.00045238630672945291 -0.00021228095504018899 0.00033356025595644061 0.00027632562942953579 -0.00079459420608171238 -6.8204020646521141e-05 -0.00027527510679330761 -0.00082967915143034629 0.00012054469242429893 -0.00020616988823615257 5.3032461993982129e-05 -3.2679345491756386e-06 0.00017416890426259714 -0.00012408595196958727 6.6119543212552056e-05 -4.2612378499353338e-05 -2.8683518281640552e-05
leaf_weight=67887 1355 282 309 1156 423 1904 2618 714 129561 1024 196 1862 3257 1235 1875 255 1127 363 84377 2299 462 2945 1047 6042 3442 4705 580 5540 14541 7378
leaf_count=67887 1355 282 309 1156 423 1904 2618 714 129561 1024 196 1862 3257 1235 1875 255 1127 363 84377 2299 462 2945 1047 6042 3442 4705 580 5540 14541 7378
internal_value=5.06755e-05 0.000824728 0.000967095 -0.00171671 -0.0101172 -0.00159069 -0.00176005 0.00381727 0.000346327 0.000397251 -0.0128218 -0.00299452 -0.00161057 -0.00960778 -0.00490533 -0.00199317 0.00686946 -0.0015957 -0.00154326 0.000630995 -0.00320228 -0.0019512 0.0012024 0.00388875 0.00174901 0.00446602 0.00745979 0.00150033 -0.000631194 0.00206902
internal_weight=350761 243929 235163 106832 1579 105253 102057 3196 131090 130585 505 8766 7249 1517 5387 3512 2482 99439 99076 14699 6753 6291 3992 7946 104073 8727 5285 95346 20081 75265
internal_count=350761 243929 235163 106832 1579 105253 102057 3196 131090 130585 505 8766 7249 1517 5387 3512 2482 99439 99076 14699 6753 6291 3992 7946 104073 8727 5285 95346 20081 75265
is_linear=0
shrinkage=0.05


Tree=26
num_leaves=31
num_cat=0
split_feature=5 10 8 11 10 14 11 10 14 3 13 13 10 10 11 11 14 11 14 14 6 11 10 10 13 10 10 11 11 14
split_gain=178.101 66.8828 56.1128 55.4823 48.0035 84.9801 48.1238 66.2993 61.5152 60.223 78.153 50.6262 50.0345 43.2011 48.0102 43.1787 48.1894 38.0662 48.2499 58.0876 36.838 33.9288 32.6796 65.488 43.5612 70.2079 32.5641 32.0451 31.4255 39.8119
threshold=0.013824661833930508 -0.029463592833469218 0.35788925720260206 -0.035697741943328191 -0.020247544478179221 0.23397195059943568 0.0097669532521742503 -0.0064885542336663984 0.083482873400912663 -0.0069006993661260277 21.295000076293949 13.744999885559084 -0.0031077430109253119 -0.01378806518059311 -0.022672211523631577 -0.036898887484870739 0.036947105146079025 -0.0037227155807691976 -0.048201737040391705 0.094478150147642728 0.30127090372145654 -0.0092896544680063902 0.0075490953385423118 0.0074825257104576002 22.330000877380375 -0.0025114864112490416 -0.018534133998249432 0.010391715368283873 -0.014346854625401638 0.057010542427024198
decision_type=2 2 8 2 2 2 2 2 2 2 2 2 2 2 2 2 2 2 2 2 2 2 2 2 2 2 2 2 2 2
left_child=20 3 4 -2 -3 6 7 11 12 10 -9 -6 -8 14 -13 -15 -17 18 21 -20 -1 -4 23 24 28 -26 -21 -14 29 -11
right_child=1 2 17 -5 5 -7 8 9 -10 22 -12 13 27 15 -16 16 -18 -19 19 26 -22 -23 -24 -25 25 -27 -28 -29 -30 -31
leaf_value=3.3430085196652647e-05 -0.0011623310860158222 0.00018053322984104333 -0.00065461503807156488 -2.6723193084933572e-05 0.00034854655669581329 -0.00090563100128083151 -0.00014906567651818515 -0.00010541969715874012 0.00028655108415378617 1.2741896512993151e-05 -0.00048597947891756911 0.00013341872057351245 0.000200417623974599 0.00034021260441526713 -0.00015563184462266024 -0.00015540397660331889 7.7785476767679171e-05 -0.00025688964524879981 0.00012813247127844884 5.4009975072147337e-05 2.8290548980648093e-06 2.769318975382384e-05 1.6235525906855251e-05 -0.00066325297962286777 0.00016115318913907537 -0.00035908871565117745 -0.00079430649747072666 7.7549494733363325e-06 -5.6425583154685662e-05 0.00032574083844098589
leaf_weight=117113 722 2287 532 626 606 670 4134 10304 968 5389 3166 1829 1918 693 6084 2456 11583 4811 2472 268 51266 313 13996 650 964 3176 483 60397 40204 705
leaf_count=117113 722 2287 532 626 606 670 4134 10304 968 5389 3166 1829 1918 693 6084 2456 11583 4811 2472 268 51266 313 13996 650 964 3176 483 60397 40204 705
internal_value=8.65915e-05 -0.000995855 -0.000913243 -0.012092 -0.000713356 -0.000810221 -0.000739857 -0.00142601 0.00029629 -0.0021202 -0.00516333 0.000919315 0.000113997 0.000537646 -0.00244218 0.0021382 0.00153679 -0.00478939 -0.00122911 0.00155911 0.00125921 -0.0118639 -0.00149038 -0.00207681 -0.00187359 -0.00678744 -0.0106192 0.000467383 -0.00143419 0.00191172
internal_weight=350785 182406 181058 1348 172179 169892 169222 101805 67417 78554 13470 23251 66449 22645 7913 14732 14039 8879 4068 3223 168379 845 65084 51088 50438 4140 751 62315 46298 6094
internal_count=350785 182406 181058 1348 172179 169892 169222 101805 67417 78554 13470 23251 66449 22645 7913 14732 14039 8879 4068 3223 168379 845 65084 51088 50438 4140 751 62315 46298 6094
is_linear=0
shrinkage=0.05


Tree=27
num_leaves=31
num_cat=0
split_feature=4 4 11 10 12 11 0 15 12 12 13 13 12 11 10 13 10 10 13 10 9 11 11 10 13 11 14 13 13 14
split_gain=166.995 46.3593 42.4983 65.4575 64.4288 38.0452 35.7276 36.046 48.0225 45.5441 94.1322 40.2566 37.9886 46.587 40.2035 59.5983 39.919 40.1495 43.6088 39.9829 75.0584 53.5927 37.2905 41.1828 36.621 34.291 33.8505 33.6741 32.6703 63.0913
threshold=0.02766147504278707 0.018917106043016701 0.021519760104925626 -0.0020576212459770811 -0.0093119022308690274 0.02466677756805891 0.048933483735826296 -0.040614005752933995 -0.071455509470426767 -0.0062518932096157767 21.555000305175785 21.134999275207523 -0.0093119022308690274 -0.023324981642921735 -0.017312000709356064 38.065000534057624 -0.0026563835490860939 -0.0032489078967054548 26.284999847412113 0.0091157709324108955 inf -0.013624975324509013 -0.0237759721784318 0.00048355916176134889 46.145000457763679 0.045591167028525621 -0.014609583018452553 20.375000000000004 17.394999504089359 0.013406221047230662
decision_type=2 2 2 2 2 2 2 2 2 2 2 2 2 2 2 2 2 2 2 2 8 2 2 2 2 2 2 2 2 2
left_child=1 -1 6 -4 5 -5 7 -2 24 12 11 27 14 -14 15 -10 17 18 -16 21 -21 22 23 -18 26 -6 -9 28 -11 -30
right_child=2 -3 3 4 25 -7 -8 8 9 10 -12 -13 13 -15 16 -17 19 -19 -20 20 -22 -23 -24 -25 -26 -27 -28 -29 29 -31
leaf_value=2.9463875997931154e-05 -0.00071803968100523643 4.8637005849610539e-06 -0.00026966246858782934 0.00061339255507696392 2.9364746497325542e-05 0.0001364038778046273 -0.00034421969062854209 -8.568787769354164e-06 -0.00084227825631831934 -3.1145896104999361e-05 0.0002576629994966027 -0.0004942932528978701 6.377863332375726e-05 -0.0004937953776032334 -6.4040924073250404e-05 6.0694548831318959e-05 0.0001241033064511025 0.00048534505190396228 0.00029183311741404086 8.356898435857349e-05 -0.00056044223358715675 -0.00033575164282923669 0.00021970755539593487 -0.00039001712402300654 -0.00026201474451763594 -0.00016226290762434757 0.00023617387627947298 0.00014601132331229665 -0.00022793533549104409 5.0109588835441789e-06
leaf_weight=98365 829 144563 1806 679 10199 3946 3352 1449 1357 35619 2302 468 753 2506 6768 583 730 447 1289 3265 690 5213 761 712 707 2529 2116 1932 8821 6235
leaf_count=98365 829 144563 1806 679 10199 3946 3352 1449 1357 35619 2302 468 753 2506 6768 583 730 447 1289 3265 690 5213 761 712 707 2529 2116 1932 8821 6235
internal_value=5.90471e-05 0.000786447 -0.00157616 0.000559789 0.00150262 0.00655676 -0.00203647 -0.00183806 -0.00173654 -0.00201085 -0.00121034 -0.00163966 -0.00377881 -0.00881405 -0.00302659 -0.00989691 -0.00235597 0.000235183 -0.000574035 -0.00429382 -0.000233881 -0.00645901 7.94371e-05 -0.00464632 0.00342931 -0.000333909 0.00549088 -0.00150978 -0.00175678 -0.00370948
internal_weight=350991 242928 108063 19159 17353 4625 88904 85552 84723 80451 55377 53075 25074 3259 21815 1940 19875 8504 8057 11371 3955 7416 2203 1442 4272 12728 3565 52607 50675 15056
internal_count=350991 242928 108063 19159 17353 4625 88904 85552 84723 80451 55377 53075 25074 3259 21815 1940 19875 8504 8057 11371 3955 7416 2203 1442 4272 12728 3565 52607 50675 15056
is_linear=0
shrinkage=0.05


Tree=28
num_leaves=31
num_cat=0
split_feature=4 4 6 12 11 10 13 15 5 13 11 11 10 12 10 12 10 10 11 12 13 10 12 11 13 11 12 11 12 12
split_gain=153.304 45.2195 37.6039 44.6168 33.7388 37.2695 31.0269 27.7855 27.7277 27.5101 47.6435 27.1823 44.4962 38.0268 49.5304 37.1078 33.1481 49.9355 42.8467 36.7742 45.0637 39.5451 34.1236 86.586 48.1352 39.6435 81.9991 46.337 42.4623 49.2383
threshold=0.02766147504278707 0.019329878502958715 0.43346790891337295 -0.075828258528587975 0.0097669532521742503 -0.0027818426552366766 28.970000267028812 -0.040614005752933995 0.0070193506240395385 24.385000228881839 0.049786162731180202 -0.022075871244429331 0.0028153334889018393 -0.0077540971574964193 -0.0059409935065934385 -0.050554756764267676 0.0041080829558171059 0.0031270998422653355 0.029686707120002768 0.01159583409138454 17.394999504089359 0.003415324016821653 -0.0031637225858343605 -0.0042559755894635001 20.555000305175785 0.0035059532242039952 0.036024186060428572 1.0000000180025095e-35 0.048152369041769456 0.055910594976570589
decision_type=2 2 2 2 2 2 2 2 2 2 2 2 2 2 2 2 2 2 2 2 2 2 2 2 2 2 2 2 2 2
left_child=1 8 3 -2 -5 -6 -4 -3 -1 10 -7 12 13 14 -9 -14 17 18 22 21 -21 -19 -13 -24 25 26 -25 -28 -27 -30
right_child=2 7 6 4 5 9 -8 11 -10 -11 -12 16 15 -15 -16 -17 -18 19 -20 20 -22 -23 23 24 -26 28 27 -29 29 -31
leaf_value=0.00013802922963333577 0.00015422425106501674 -0.00052655596506937311 -0.00010662229161444545 -6.7310931133019326e-05 -0.00018531745572407962 1.9884774188946161e-05 -0.00045993026771722729 -2.9941459478044368e-05 2.7684332367579705e-05 0.00014207084488289737 -0.00034903652486318899 -7.0342172288396032e-05 0.00018121429552711259 0.00019705282835073877 0.00015382161811117864 -0.00013483664872919137 2.395144168658688e-05 0.00022728748373984683 0.00010512148884809876 -8.116463049622544e-06 -0.00024687399342948396 -0.00034725280303479447 8.2578752358107368e-05 -0.00016928004969568469 0.00019943153726995823 1.791878537599342e-05 -8.0914040690803501e-05 0.00015228653713098215 -0.00030758163033040974 -3.0517025087852934e-05
leaf_weight=1420 2622 423 26114 46535 2979 24646 1831 4118 105096 2528 883 13413 408 2444 2743 1748 43753 188 3793 4403 1277 1118 12906 8861 954 23237 2314 2461 1348 4499
leaf_count=1420 2622 423 26114 46535 2979 24646 1831 4118 105096 2528 883 13413 408 2444 2743 1748 43753 188 3793 4403 1277 1118 12906 8861 954 23237 2314 2461 1348 4499
internal_value=0.000111875 0.000808995 -0.00145416 -0.000903757 -0.00112059 0.00015627 -0.00303364 0.000206181 0.00158098 0.000720854 0.000228172 0.000245981 0.00257613 0.00407577 0.00216805 -0.0038961 3.15198e-05 -0.000568885 -0.00018635 -0.00460922 -0.00286972 -0.0121746 -0.000466832 7.06964e-05 -0.000992581 -0.00124064 -0.00346509 0.00181675 -0.000197703 -0.00400633
internal_weight=351063 242925 108138 80193 77571 31036 27945 136409 106516 28057 25529 135986 11461 9305 6861 2156 124525 80772 73786 6986 5680 1306 69993 56580 43674 42720 13636 4775 29084 5847
internal_count=351063 242925 108138 80193 77571 31036 27945 136409 106516 28057 25529 135986 11461 9305 6861 2156 124525 80772 73786 6986 5680 1306 69993 56580 43674 42720 13636 4775 29084 5847
is_linear=0
shrinkage=0.05


Tree=29
num_leaves=31
num_cat=0
split_feature=5 8 11 11 14 14 11 14 14 14 8 11 13 14 14 13 13 13 11 11 11 14 11 11 14 13 11 11 14 14
split_gain=141.014 45.2677 41.6838 40.4305 47.2351 46.5303 39.998 38.4913 35.2041 57.0989 33.4228 33.3984 35.359 35.2495 32.8157 46.6888 31.6628 39.424 115.822 195.743 97.6341 92.5846 69.6949 69.6388 60.0323 58.9311 84.9707 50.624 46.4477 47.0398
threshold=0.016625716854455103 0.21492770039618417 0.023520128243548103 0.0072949527951166057 -0.049859902036150087 0.17907813454888047 0.049786162731180202 -0.040461984062780003 -0.0052209332646739317 -0.0014478944064891806 0.35788925720260206 -0.0071058525984615808 20.555000305175785 -0.0056306847578752031 0.23397195059943568 23.265000343322757 12.00999975204468 13.744999885559084 0.00023769852102906167 -0.0042559755894635001 0.012210489302713847 0.010891009150098998 0.01259030861125965 0.0081473860033931551 -0.091137781806863202 12.84500026702881 0.0053137315210420874 0.02246977949783591 -0.060212487769074334 0.042306243871835354
decision_type=2 8 2 2 2 2 2 2 2 2 8 2 2 2 2 2 2 2 2 2 2 2 2 2 2 2 2 2 2 2
left_child=1 2 16 4 -3 11 8 -5 -4 -10 14 12 -6 -13 -2 -16 -1 18 19 -18 21 24 -22 -23 -20 26 -26 28 -24 -30
right_child=10 3 6 7 5 -7 -8 -9 9 -11 -12 13 -14 -15 15 -17 17 -19 20 -21 22 23 27 -25 25 -27 -28 -29 29 -31
leaf_value=-0.00015115888433050258 -3.7937213565258359e-05 -0.00022467744444437822 8.8610761922514332e-05 8.3133445972181051e-05 0.00029953497156866505 -0.00057568272495017649 -0.00010201037859655553 -0.00022729241028059924 -0.00028385210476343644 3.2039852260828644e-05 -0.00021558648742008458 -0.0003174065203472166 6.1560207772065422e-05 6.3982042625575824e-05 0.00034460643034837902 -0.00067741114006869519 0.00018095329474953657 7.2868150952737531e-06 -0.00034780166403727678 -0.00018933844953118278 -0.0001992395284658345 -0.00017915099268910731 -0.0003250984610843292 9.6653937475193894e-05 0.00017069639841909101 0.0001746906374041482 -5.1484993846310015e-05 -0.00013732670023865935 6.3535616364460319e-05 -0.00014834846791540062
leaf_weight=1338 103770 841 15634 625 577 326 1286 2390 543 7702 5519 611 2254 934 342 1293 1763 164150 368 4791 1363 1768 316 2036 2109 9564 2401 1380 12646 674
leaf_count=1338 103770 841 15634 625 577 326 1286 2390 543 7702 5519 611 2254 934 342 1293 1763 164150 368 4791 1363 1768 316 2036 2109 9564 2401 1380 12646 674
internal_value=6.29067e-05 0.000743375 0.000875203 -0.00282776 -0.000293163 0.00165887 0.00279654 -0.00748756 0.00325914 0.000615525 -0.00141178 0.00301645 0.00624338 -0.00289644 -0.00121318 -0.00824159 0.000641249 0.000691208 0.00207448 -0.00402045 0.00322816 0.00574372 0.00042585 -0.00119611 0.00757167 0.00809294 0.00338137 0.0014085 0.00233206 0.00278153
internal_weight=351314 240390 231832 8558 5543 4702 25165 3015 23879 8245 110924 4376 2831 1545 105405 1635 206667 205329 41179 6554 34625 18246 16379 3804 14442 14074 4510 15016 13636 13320
internal_count=351314 240390 231832 8558 5543 4702 25165 3015 23879 8245 110924 4376 2831 1545 105405 1635 206667 205329 41179 6554 34625 18246 16379 3804 14442 14074 4510 15016 13636 13320
is_linear=0
shrinkage=0.05


Tree=30
num_leaves=31
num_cat=0
split_feature=4 13 13 11 13 11 13 13 11 13 13 11 11 11 11 12 13 11 13 11 12 12 13 11 12 9 11 12 12 11
split_gain=122.819 42.4693 78.2125 69.5814 107.108 71.5636 71.9966 69.3334 62.9234 63.4136 59.1052 58.8254 87.1711 57.0185 56.4494 56.8909 55.6801 95.7992 72.3962 54.618 130.936 67.3108 96.3231 70.6229 77.8298 57.8505 95.0295 52.8763 50.5773 48.5621
threshold=0.02766147504278707 17.164999961853031 16.510000228881839 0.0030141112553000453 15.944999694824221 0.010391715368283873 13.605000019073488 16.644999504089359 -0.022075871244429331 18.904999732971195 18.904999732971195 -0.022354679901405047 -0.0037227155807691976 -0.0026633057658367871 0.025879886513439202 0.034486038730235487 16.095000267028812 0.029387931380338687 16.260000228881839 -0.0042559755894635001 0.032942550894698559 0.060736878271406176 13.34500026702881 0.0015109510563884323 0.038649846154014129 0.74336460728957277 0.00066761306825102739 -0.050554756764267676 0.0011335726897910849 0.025278563424786519
decision_type=2 2 2 2 2 2 2 2 2 2 2 2 2 2 2 2 2 2 2 2 2 2 2 2 2 8 2 2 2 2
left_child=1 2 3 19 5 6 -5 -4 9 -3 27 -9 -13 -14 29 -16 17 -6 -18 20 -1 22 -21 24 25 26 -24 -10 -11 -7
right_child=-2 8 7 4 16 14 -8 11 10 28 -12 12 13 -15 15 -17 18 -19 -20 21 -22 -23 23 -25 -26 -27 -28 -29 -30 -31
leaf_value=-5.0115091063325172e-06 -4.6955019917729446e-05 0.00015568036207157894 0.0001858523556456162 0.00012872417523561918 -0.00030048810437339004 1.1996374180197755e-05 4.0097258854851649e-05 -0.00041276909183383899 -0.00042270620872437688 -7.2613359226303669e-06 1.2448447886906703e-05 0.00017025845599195007 -0.00053827277193785263 3.5244827235334171e-05 0.00011798685455721604 -2.666457246082621e-05 0.00017959061735263451 0.00038442817786968082 -6.4175546307431043e-05 -0.00017923478181035903 0.00022695906223253235 0.00019246965674290625 -8.4860226190401025e-06 -0.00014219099272847594 0.0002170407188796657 0.00014541460139438908 -0.00040146536978829606 -4.4741046591233032e-05 0.00019691408893774675 -0.00019538999254780807
leaf_weight=16933 107943 4208 4332 10195 2855 40868 13676 350 694 11400 37071 3874 628 12050 7696 3249 1455 351 6038 6413 2110 1098 8787 5559 1649 2139 1095 33364 1461 1053
leaf_count=16933 107943 4208 4332 10195 2855 40868 13676 350 694 11400 37071 3874 628 12050 7696 3249 1455 351 6038 6413 2110 1098 8787 5559 1649 2139 1095 33364 1461 1053
internal_value=7.48729e-05 0.000699049 0.00119891 0.000749705 0.00157658 0.00223002 0.00450232 0.00401714 -0.000176308 0.00254994 -0.000830533 0.0025707 0.00299964 0.000993848 0.00120399 0.00440155 -0.0031101 -0.00862445 -0.000750701 -0.000829456 0.00121698 -0.00228684 -0.00280594 -0.0010362 0.000896123 -0.000501206 -0.00211496 -0.00233425 0.000806702 0.000369147
internal_weight=350594 242651 154453 133219 87436 76737 23871 21234 88198 17069 71129 16902 16552 12678 52866 10945 10699 3206 7493 45783 19043 26740 25642 19229 13670 12021 9882 34058 12861 41921
internal_count=350594 242651 154453 133219 87436 76737 23871 21234 88198 17069 71129 16902 16552 12678 52866 10945 10699 3206 7493 45783 19043 26740 25642 19229 13670 12021 9882 34058 12861 41921
is_linear=0
shrinkage=0.05


Tree=31
num_leaves=31
num_cat=0
split_feature=4 6 3 0 15 10 10 12 8 14 13 9 10 12 12 4 12 13 13 10 13 10 14 12 14 9 15 14 10 10
split_gain=114.632 44.963 38.5503 37.9074 37.375 35.2318 58.3585 36.4507 31.1998 27.0374 66.4956 56.131 44.9341 49.2294 36.1418 35.8289 35.4089 30.913 27.0949 34.2768 32.2423 47.982 31.4775 27.1702 26.7417 27.5993 26.4217 26.249 38.7828 29.082
threshold=0.02766147504278707 0.41812182216264843 -0.00075835516160949179 0.084302722516504738 -0.040614005752933995 -0.020247544478179221 -0.017312000709356064 -0.0041728590088926923 -0.24267613887847991 -0.068136872709181048 18.904999732971195 inf 0.009588523086034308 -0.018266326902635351 -0.063506994691829508 0.051448657914793111 -0.0045413562786246189 17.204999923706058 24.385000228881839 0.0074825257104576002 23.604999542236332 0.009588523086034308 0.12115074894469659 -0.087458748104097359 -0.014609583018452553 0.27812077165207033 -0.040614005752933995 -0.037220785866969024 0.010510737947986739 0.006337694363773628
decision_type=2 2 2 2 2 2 2 2 10 2 2 8 2 2 2 2 2 2 2 2 2 2 2 2 2 8 2 2 2 2
left_child=1 2 27 4 -2 -6 7 -7 -4 10 16 12 14 -14 -12 18 17 -8 20 22 -11 -22 23 -20 -25 -26 -3 -1 29 -29
right_child=3 26 8 -5 5 6 9 -9 -10 15 11 -13 13 -15 -16 -17 -18 -19 19 -21 21 -23 -24 24 25 -27 -28 28 -30 -31
leaf_value=4.3225870368379616e-05 -0.00069456547589334975 -0.00056788634480044642 -6.9142008959001939e-05 -0.00065898952246553494 0.00014968034924274216 -0.00079184358732741096 0.00046796657141625047 0.00013541953384070627 3.6408690680425411e-05 -4.0097895347453437e-05 -0.00059210177666389025 -0.00061192545403006 0.00011140260852984087 -0.00023480194177832793 -9.6382281983440056e-05 -0.00027112685847002034 6.1133820993204002e-05 7.2162413165781852e-05 -0.0002338690567673103 -0.00035347068888203886 -0.00031196981202358091 0.00081506985383947858 -0.00014039975633553756 -3.1731302453908115e-05 0.00026971708086980276 -3.0222364629436301e-05 -8.4305087533266022e-06 -7.1988095824964984e-06 -0.00024037951202344113 8.1512965295835711e-05
leaf_weight=12404 840 364 2791 1175 2124 1131 1107 247 105505 67491 693 751 4157 941 2076 9495 6069 906 490 417 1774 189 1090 1182 2801 772 63515 54782 745 3227
leaf_count=12404 840 364 2791 1175 2124 1131 1107 247 105505 67491 693 751 4157 941 2076 9495 6069 906 490 417 1774 189 1090 1182 2801 772 63515 54782 745 3227
internal_value=9.65834e-05 0.000698117 0.00110363 -0.00125975 -0.00116143 -0.00107811 -0.00120858 -0.0114296 0.00169766 -0.00107103 0.000769461 -0.00228591 -0.00103915 0.00174578 -0.00616649 -0.00142968 0.00402747 0.00977397 -0.00106881 0.00195498 -0.00136277 -0.00767957 0.00286898 0.00447569 0.00563091 0.00778757 -0.000441068 0.000199556 -0.000241686 -9.61058e-05
internal_weight=351251 243333 179454 107918 106743 105903 103779 1378 108296 102401 16700 8618 7867 5098 2769 85701 8082 2013 76206 6752 69454 1963 6335 5245 4755 3573 63879 71158 58754 58009
internal_count=351251 243333 179454 107918 106743 105903 103779 1378 108296 102401 16700 8618 7867 5098 2769 85701 8082 2013 76206 6752 69454 1963 6335 5245 4755 3573 63879 71158 58754 58009
is_linear=0
shrinkage=0.05


Tree=32
num_leaves=31
num_cat=0
split_feature=4 10 11 8 10 10 10 11 10 12 10 12 10 13 11 12 11 10 13 10 12 10 11 11 13 10 10 13 13 12
split_gain=110.725 51.5672 52.4397 47.5546 42.948 67.7975 37.2617 34.4169 81.1077 65.8544 53.6292 83.3273 63.5721 61.2348 64.3517 49.1005 44.3035 39.7088 38.3765 77.5768 57.5856 53.9607 49.1613 57.5382 68.4753 58.1385 68.1115 61.5638 55.4162 57.0473
threshold=0.021983632641140314 -0.029463592833469218 -0.035697741943328191 0.24018712448254279 -0.020247544478179221 -0.017312000709356064 0.06903334451863076 0.021519760104925626 -0.0020576212459770811 -0.0093119022308690274 -0.0064885542336663984 0.026461496943730015 -0.0066846188692691313 20.060000419616703 0.008381662460648533 0.0053623366190914687 0.02466677756805891 0.018351280015906694 17.394999504089359 -0.0049765791871394507 -0.034828252855943369 -0.0043931743596038455 0.017990384035390997 0.011634052199270497 20.714999198913578 -0.0012572385131596751 0.0077313966519441122 21.134999275207523 18.675000190734867 0.057354881634701156
decision_type=2 2 2 8 2 2 2 2 2 2 2 2 2 2 2 2 2 2 2 2 2 2 2 2 2 2 2 2 2 2
left_child=-1 2 -2 4 -3 -6 7 10 -9 16 11 12 13 14 -7 -11 -10 -17 19 -12 -21 -22 23 25 -25 -20 27 28 29 -27
right_child=1 3 -4 -5 5 6 -8 8 9 15 18 -13 -14 -15 -16 17 -18 -19 22 20 21 -23 -24 24 -26 26 -28 -29 -30 -31
leaf_value=1.9523406610608857e-05 -0.0010168736655439656 0.00017313267961331638 -6.8928555742342128e-06 -0.0001211975111987093 -0.00048473417673051944 -4.670135167416639e-05 -0.00081433200597774604 -0.00019529474176562705 0.00048240283591859654 -0.00012054747537889651 -0.00022802678676377673 0.00019474573112295956 0.00031652470736822546 7.0455126364003072e-05 -0.00044403498573265506 2.4211329924257601e-05 0.00011420541819326354 0.00031687405766553053 -1.8633518673653827e-06 0.0002532656009345748 0.00023980746795108384 -1.502267431224575e-05 -0.00037678040849140103 -3.6722232006535875e-05 0.00023773501080547223 -0.00036871202643857414 -2.4080459946944704e-05 -0.00036453117090831958 -3.3360297454769399e-05 0.00011922784525436946
leaf_weight=158824 700 2459 649 12054 1776 9093 423 2588 1017 3127 3579 4567 853 9370 1450 17592 5458 904 13160 1138 1449 65911 1084 3770 1971 3714 9790 5157 6705 830
leaf_count=158824 700 2459 649 12054 1776 9093 423 2588 1017 3127 3579 4567 853 9370 1450 17592 5458 904 13160 1138 1449 65911 1084 3770 1971 3714 9790 5157 6705 830
internal_value=4.04372e-05 -0.000766359 -0.0105078 -0.000697553 -0.000492777 -0.000584215 -0.000485404 -0.000449428 0.00107052 0.00185067 -0.000774248 0.0013135 -3.13012e-05 -0.000603877 -0.00321777 0.00052606 0.00627413 0.00150573 -0.00122148 -0.000500506 -0.000125551 -0.000313985 -0.00234674 -0.00209382 0.0025823 -0.00277594 -0.00413804 -0.00610752 -0.00403369 -0.00829665
internal_weight=351162 192338 1349 190989 178935 176476 174700 174277 30686 28098 143591 25333 20766 19913 10543 21623 6475 18496 118258 72077 68498 67360 46181 45097 5741 39356 26196 16406 11249 4544
internal_count=351162 192338 1349 190989 178935 176476 174700 174277 30686 28098 143591 25333 20766 19913 10543 21623 6475 18496 118258 72077 68498 67360 46181 45097 5741 39356 26196 16406 11249 4544
is_linear=0
shrinkage=0.05


Tree=33
num_leaves=31
num_cat=0
split_feature=4 15 5 13 14 16 10 14 13 13 11 12 12 10 11 9 10 11 14 10 10 14 10 13 12 12 14 13 11 14
split_gain=99.4886 47.205 42.3796 42.1927 52.2508 39.6082 33.8781 52.7942 33.2456 39.2744 29.1859 35.908 45.9343 33.2116 31.9464 45.3654 30.2376 30.0721 70.2088 60.6898 51.7896 41.1558 67.9518 62.8777 59.6614 77.3196 53.1323 55.3526 52.3887 49.1645
threshold=0.021618257754451652 -0.040614005752933995 0.026187618630382482 24.385000228881839 -0.19490876951167976 -0.034242082462782535 0.0070711617460903495 -0.022450840204273455 23.604999542236332 23.409999847412113 0.025879886513439202 -0.022997185287748575 -0.011160123859114189 0.020743044846024853 0.02752921867583458 0.44883315979430988 0.0057742598660092135 -0.022075871244429331 0.23397195059943568 0.003855857055865886 0.0092143531748835068 -0.037220785866969024 0.015021993582677752 26.494999885559086 -0.0021779841828679087 0.0061045845958173093 -0.018674174310541299 21.82499980926514 0.025601667077503779 -0.039568606403770572
decision_type=2 2 2 2 2 2 2 2 2 2 2 2 2 2 2 8 2 2 2 2 2 2 2 2 2 2 2 2 2 2
left_child=-1 5 10 8 -5 -2 7 -6 9 -4 17 13 -13 -12 16 -16 -14 19 21 -3 -21 22 29 24 -23 28 27 -27 -26 -19
right_child=1 2 3 4 6 -7 -8 -9 -10 -11 11 12 14 -15 15 -17 -18 18 -20 20 -22 23 -24 -25 25 26 -28 -29 -30 -31
leaf_value=2.0025922333332142e-05 -0.00075508976072279251 7.0077632898697372e-05 -0.00017623786789100048 -0.0014625124445745731 -0.0005451159068079576 0.00030137759821813955 0.00023053377997259031 7.0204468164804511e-05 -0.00042899753351669477 0.00039163142812842147 0.00018096341860749144 -0.00035039007604333061 -7.2172307142916867e-05 -0.00024330392487430296 3.2914597051229322e-05 -0.00020372711497316164 0.00036920471826351516 2.281209858536245e-05 -0.00072473975807313482 -0.00030357144098137152 4.4457908698794513e-05 -0.00011546087120961444 -0.00013106706611711676 0.00047704388544884691 0.00014396671490714337 -0.00011567073139254983 -1.5683418406062505e-05 0.0015642944235206978 -0.00031850246956116325 0.00019455678869493176
leaf_weight=151955 904 14956 17521 258 581 218 2057 2805 1100 431 2460 650 472 168 13431 1883 1131 30472 658 1790 1365 19988 5238 620 5958 13219 55960 322 223 2312
leaf_count=151955 904 14956 17521 258 581 218 2057 2805 1100 431 2460 650 472 168 13431 1883 1131 30472 658 1790 1365 19988 5238 620 5958 13219 55960 322 223 2312
internal_value=8.85772e-05 -0.00064662 -0.000588676 -0.00252394 0.00124978 -0.0108734 0.00229193 -0.000782634 -0.00365316 -0.00313614 -0.000312219 0.00147437 0.000658906 0.00692542 0.00116008 0.000457098 0.00787586 -0.000547913 -0.000804623 0.00136519 -0.00493661 -0.000724805 0.000668034 -0.00127479 -0.00137765 -0.000735974 -0.00121257 -0.00402297 0.00462304 0.00151293
internal_weight=351106 199151 198029 24753 5701 1122 5443 3386 19052 17952 173276 20195 17567 2628 16917 15314 1603 153081 134970 18111 3155 134312 38022 96290 95670 75682 69501 13541 6181 32784
internal_count=351106 199151 198029 24753 5701 1122 5443 3386 19052 17952 173276 20195 17567 2628 16917 15314 1603 153081 134970 18111 3155 134312 38022 96290 95670 75682 69501 13541 6181 32784
is_linear=0
shrinkage=0.05


Tree=34
num_leaves=31
num_cat=0
split_feature=5 6 6 12 15 11 10 10 13 14 14 13 14 12 12 10 10 10 11 12 12 12 13 10 12 14 13 11 10 12
split_gain=96.8624 41.8665 37.9449 51.8202 35.126 26.655 28.98 25.0714 24.7706 26.5481 56.0392 49.6123 60.4844 60.6233 55.6222 47.777 93.1528 54.3865 66.5338 77.6797 51.4937 56.1963 57.3895 49.9134 51.7676 55.1745 47.2737 47.0021 82.4285 46.5232
threshold=0.017217926165568605 0.041089862325503851 -0.2467147529636721 -0.075828258528587975 -0.040614005752933995 0.0074730309850676866 -0.0086987636486000035 0.06903334451863076 12.00999975204468 -0.037220785866969024 -0.048201737040391705 17.445000648498539 -0.077913276979976895 0.045280695962835911 0.04760809957201418 0.010510737947986739 0.0083252944612894914 -0.0017365024253572778 0.026646600134674018 0.019191673463848761 0.073733903664651171 0.02952133598580731 12.325000286102297 -0.0014592383155322961 0.026907715462280438 0.042306243871835354 16.85000038146973 -0.0038430615531924168 -0.007321192598677361 0.0066896408709551389
decision_type=2 2 2 2 2 2 2 2 2 2 2 2 2 2 2 2 2 2 2 2 2 2 2 2 2 2 2 2 2 2
left_child=1 8 3 -2 -3 -5 -7 -4 -1 10 11 12 -10 26 -13 16 17 20 19 -19 21 27 -23 -21 -25 -26 29 28 -11 -14
right_child=2 4 7 5 -6 6 -8 -9 9 15 -12 14 13 -15 -16 -17 -18 18 -20 23 -22 22 -24 24 25 -27 -28 -29 -30 -31
leaf_value=-0.0001325856117459591 0.00021180477292957669 -0.0005343117164435464 -8.2864950679683967e-05 -5.8824094941620569e-05 -2.9740797680121714e-06 -0.00041529184889779871 2.2289792398280837e-05 -0.00079843510619801166 0.0001066986679506359 -2.7912970499572798e-06 8.7051499630428586e-05 -3.7257852108674163e-06 -0.00017378460849481049 0.00019633313432994336 -0.00022338061931274417 -0.00011742396109963253 0.00015924155012592535 -7.8144479005996911e-05 8.1621846150186522e-05 -0.000179249162213475 -0.00015140529907255859 -0.00049153666651623 0.00011018617985621004 8.7951281826629144e-05 1.042596894635804e-05 -0.00016665033788044694 0.00015861708180108839 -1.8192920905506489e-05 0.00012620828182391235 -2.334143187317575e-06
leaf_weight=1064 1586 528 48097 26320 97194 332 22877 399 6285 10653 10060 9079 1942 1390 1265 2047 3478 17492 6736 1578 1579 246 10726 5989 27752 2575 1153 14546 9191 6527
leaf_count=1064 1586 528 48097 26320 97194 332 22877 399 6285 10653 10060 9079 1942 1390 1265 2047 3478 17492 6736 1578 1579 246 10726 5989 27752 2575 1153 14546 9191 6527
internal_value=7.87029e-05 0.000602111 -0.00124058 -0.000290032 -0.000206709 -0.000574916 0.000660304 -0.00224245 0.00111752 0.00117064 0.00232156 0.0011586 0.00279673 0.000563022 -0.00158063 0.000791968 0.000929661 0.000672776 -0.000297801 -0.000868451 0.00195724 0.00226621 0.00538188 0.000403758 0.000782024 -5.688e-05 -0.000847017 0.00127217 0.00285477 -0.00214016
internal_weight=350686 251075 99611 51115 97722 49529 23209 48496 153353 152289 37701 27641 17297 11012 10344 114588 112541 109063 62122 55386 46941 45362 10972 37894 36316 30327 9622 34390 19844 8469
internal_count=350686 251075 99611 51115 97722 49529 23209 48496 153353 152289 37701 27641 17297 11012 10344 114588 112541 109063 62122 55386 46941 45362 10972 37894 36316 30327 9622 34390 19844 8469
is_linear=0
shrinkage=0.05


Tree=35
num_leaves=31
num_cat=0
split_feature=4 6 13 13 12 11 13 13 14 13 13 11 12 12 13 11 10 11 12 14 13 12 12 12 12 12 13 10 11 10
split_gain=87.2648 34.6547 31.9135 48.171 33.4496 31.4501 49.4041 48.6111 36.7134 41.3467 35.0795 45.5197 48.4901 60.8555 57.3102 33.5458 36.4991 69.6979 71.482 63.3349 60.3015 54.1935 60.01 48.3583 48.4616 33.4828 32.4885 36.8542 64.2992 32.0144
threshold=0.028556783803827718 -0.37519120804265865 27.855000495910648 30.345000267028812 -0.0800835440536906 -0.022075871244429331 17.164999961853031 25.505000114440922 -0.077913276979976895 13.484999656677248 19.115000724792484 -0.011586998354799647 -0.0062518932096157767 0.0090147692043446321 19.214999198913578 0.023520128243548103 -0.0061039058742593513 0.01196305437964529 0.026461496943730015 0.035592479952137442 14.194999694824221 0.037528575282214767 0.032488819096245465 0.02668848564069826 0.040312415369648032 -0.050554756764267676 18.904999732971195 -0.015213589282174643 -0.022672211523631577 0.009886389915227169
decision_type=2 2 2 2 2 2 2 2 2 2 2 2 2 2 2 2 2 2 2 2 2 2 2 2 2 2 2 2 2 2
left_child=1 -1 5 -4 -5 26 8 10 9 -7 25 12 14 -14 -12 16 17 18 -10 -18 21 22 -21 -22 -25 -8 -3 28 -28 -11
right_child=-2 2 3 4 -6 6 7 -9 15 29 11 -13 13 -15 -16 -17 19 -19 -20 20 23 -23 -24 24 -26 -27 27 -29 -30 -31
leaf_value=2.4087568942791037e-05 -4.2204937283117382e-05 0.00014782838792298759 -0.00097244941211397729 -0.00040261595581994776 0.00019250864072983833 -0.00036049086736105162 -0.00040727676558835002 0.00034553383055184705 9.4245389765253248e-06 0.00018336757093673114 0.0002577241182623072 3.478126432123856e-05 0.00015803117207489659 -0.00014221422833733929 -0.00031759338251810814 5.9890601228982518e-05 4.3426139233146773e-06 -0.00026869039544338543 0.00019835933262207992 -0.00018626591111295241 4.4523184973959551e-05 -0.00041892355149825573 0.00027424715526060318 -0.00022549922250753829 0.00024245979840059148 -5.9361174195428532e-05 0.00020459607629867818 -1.991262100303473e-05 -0.00058807837080595215 4.1742655706173516e-05
leaf_weight=105495 98353 3259 480 304 447 358 488 623 4701 2417 309 12928 1328 1491 2217 10943 55921 561 3058 1877 4285 1168 374 2578 268 23734 1779 6182 249 3000
leaf_count=105495 98353 3259 480 304 447 358 488 623 4701 2417 309 12928 1328 1491 2217 10943 55921 561 3058 1877 4285 1168 374 2578 268 23734 1779 6182 249 3000
internal_value=7.99459e-05 0.000571548 7.61911e-05 -0.0079407 -3.32889e-05 0.000143741 -7.03796e-05 -0.00146575 0.000587101 0.00444589 -0.00166902 -1.50495e-05 -0.00389616 0.000611919 -0.00892716 0.000327175 -5.11425e-05 0.00307091 0.00430146 -0.000441922 -0.00399526 -0.00945452 -0.00492004 -0.00137779 -0.00643008 -0.00291677 0.00265716 0.000980512 0.00682939 0.00553351
internal_weight=351175 252822 147327 1231 751 146096 134627 43118 91509 5775 42495 18273 5345 2819 2526 85734 74791 8320 7759 66471 10550 3419 2251 7131 2846 24222 11469 8210 2028 5417
internal_count=351175 252822 147327 1231 751 146096 134627 43118 91509 5775 42495 18273 5345 2819 2526 85734 74791 8320 7759 66471 10550 3419 2251 7131 2846 24222 11469 8210 2028 5417
is_linear=0
shrinkage=0.05


Tree=36
num_leaves=31
num_cat=0
split_feature=4 6 3 11 11 10 11 10 14 12 13 9 12 10 12 13 14 10 14 14 10 13 14 13 11 11 11 13 10 10
split_gain=78.217 42.5336 37.6848 38.1411 67.1249 78.5907 63.1677 59.7926 53.9545 52.1844 51.6186 49.3218 48.0362 51.9729 46.0004 54.62 64.5392 72.0109 64.7891 56.562 43.275 41.1266 101.138 51.3136 46.1668 68.7494 53.187 44.3196 43.2538 57.67
threshold=0.03558997768362461 0.51501754981431502 -0.0031389692422721933 0.0035059532242039952 -0.0042559755894635001 0.0025149873033184504 0.0036681526021306037 -0.007321192598677361 0.039048416537089688 0.060736878271406176 13.34500026702881 0.96496965164964477 0.025122863139992905 0.0055649513085964672 0.024849110031729963 19.159999847412113 0.0012326341754252958 -0.0061039058742593513 -0.017044659763988276 -0.041747258744347641 0.0040309091899630731 15.97499990463257 -0.086337752297859935 16.095000267028812 0.0093910494145468277 0.0096273315293795587 0.009090553623087862 16.260000228881839 0.0094657292137089195 0.0060226165635326465
decision_type=2 2 2 2 2 2 2 2 2 2 2 8 2 2 2 2 2 2 2 2 2 2 2 2 2 2 2 2 2 2
left_child=1 2 -1 4 5 7 -5 11 -9 10 -6 -4 13 20 -12 16 18 -18 19 -16 -7 22 -8 -23 26 -26 -24 -25 29 -27
right_child=-2 -3 3 6 9 12 21 8 -10 -11 14 -13 -14 -15 15 -17 17 -19 -20 -21 -22 23 24 27 25 28 -28 -29 -30 -31
leaf_value=-8.8573644920562053e-06 -7.458027325759134e-05 -1.7719015145640541e-05 3.376828073390452e-05 0.00020554575222527644 -0.000157422529823823 -1.7943066820616007e-05 0.00024581376422535883 6.7829748369556297e-05 0.00020737939837665726 0.0001533257315863804 -6.9656693148630356e-05 -0.00013854468203429744 -0.00025456323327203246 2.8285856899923402e-05 0.00021306059940273569 -0.0003108359931139205 0.00022488407387487032 -0.00015050772052839273 0.00020732491914492239 -4.853594081275412e-05 -0.00021401243006131674 -0.00020893081889504923 7.0160732483356839e-05 0.0002153434025425954 -0.00056516989110584365 3.2319944423137256e-05 0.00023458854730179911 9.8502164725945652e-06 0.00010538179881502919 -7.5300332894455532e-05
leaf_weight=57437 49899 72295 8360 1122 3846 2005 2082 16654 3179 1453 13704 2167 1620 8009 902 523 587 2571 2472 2709 1636 1655 11259 971 349 29136 661 39644 5489 6156
leaf_count=57437 49899 72295 8360 1122 3846 2005 2082 16654 3179 1453 13704 2167 1620 8009 902 523 587 2571 2472 2709 1636 1655 11259 971 349 29136 661 39644 5489 6156
internal_value=5.51987e-05 0.000359468 0.000694086 0.00106643 0.000195105 0.00143135 0.00170669 0.00283432 0.00445092 -0.00167988 -0.00217105 -0.000211361 -0.00177845 -0.000656652 -0.00129112 0.00133142 0.00222108 -0.00357821 0.00523179 0.000962337 -0.00560972 0.00157081 0.00247043 0.000397445 0.00204618 0.00125213 0.00478607 0.000749107 0.00144123 0.000799048
internal_weight=350552 300653 228358 170921 72397 43630 98524 30360 19833 28767 27314 10527 13270 11650 23468 9764 9241 3158 6083 3611 3641 97402 55132 42270 53050 41130 11920 40615 40781 35292
internal_count=350552 300653 228358 170921 72397 43630 98524 30360 19833 28767 27314 10527 13270 11650 23468 9764 9241 3158 6083 3611 3641 97402 55132 42270 53050 41130 11920 40615 40781 35292
is_linear=0
shrinkage=0.05


Tree=37
num_leaves=31
num_cat=0
split_feature=4 8 11 14 14 14 11 14 11 13 0 4 13 14 14 12 12 12 12 14 14 14 12 12 11 14 11 14 12 12
split_gain=77.9854 33.5112 40.8703 44.0341 34.6648 39.4234 32.4807 41.1491 47.5575 32.0469 31.8986 30.1742 30.208 29.1224 80.7633 36.605 58.994 43.2385 41.7453 54.8405 50.961 37.342 53.3147 51.9229 37.2212 31.7395 75.0943 56.5965 30.679 30.2471
threshold=0.02766147504278707 inf 0.0064024073210000596 -0.044386160859696593 -0.048201737040391705 0.17907813454888047 0.021519760104925626 -0.070157890185866142 0.022126128293985085 19.440000534057621 0.048933483735826296 0.013632427390551392 12.119999885559084 -0.037220785866969024 -0.039568606403770572 0.04760809957201418 0.026907715462280438 0.025122863139992905 0.060736878271406176 -0.067149022617353324 -0.055141973533754989 -0.069419882954705067 0.043947966856704664 0.045280695962835911 0.0066220138343902066 -0.018674174310541299 0.025601667077503779 -0.01909405816599757 0.076145654651098141 0.12384640389246161
decision_type=2 8 2 2 2 2 2 2 2 2 2 2 2 2 2 2 2 2 2 2 2 2 2 2 2 2 2 2 2 2
left_child=1 11 4 -4 -3 -6 10 9 -9 -8 -2 -1 -13 14 15 16 17 -14 19 24 -20 22 -18 -23 -17 26 27 -15 -28 -27
right_child=6 2 3 -5 5 -7 7 8 -10 -11 -12 12 13 25 -16 18 21 -19 20 -21 -22 23 -24 -25 -26 29 28 -29 -30 -31
leaf_value=4.823140540415427e-05 -4.3120930550390792e-05 -0.000161154218936639 0.0001024964752201641 -0.00021558865153156249 6.1704243117056886e-05 -0.00049637798992307872 0.00029639707154735295 0.00044964058219327651 -2.7474182455930303e-05 1.9654775296381333e-05 -0.00029705511343780733 -9.7261729404442718e-05 1.4337649650875726e-05 -3.8826787440028036e-05 0.00012217645114266461 0.00032165169297318768 0.0001713843877184021 -0.00020002982938578683 -0.00011404957139476238 -0.00029057427698070404 0.00016407081257972678 2.4041136634167016e-05 -0.00033917974829536279 0.00019904980595710951 -5.6518428842802005e-05 1.3654757273104218e-05 0.0001556785915260879 -0.00041390628690316341 -4.1747220816996597e-05 -0.00020901859065234761
leaf_weight=12420 85578 800 621 2274 4113 303 1788 832 14873 1524 3383 2491 29910 22224 4863 318 3547 1511 1029 1792 1248 8380 316 941 1140 138159 2595 609 773 782
leaf_count=12420 85578 800 621 2274 4113 303 1788 832 14873 1524 3383 2491 29910 22224 4863 318 3547 1511 1029 1792 1248 8380 316 941 1140 138159 2595 609 773 782
internal_value=9.57603e-05 0.000592308 -0.0025675 -0.00733161 7.66871e-05 0.00181159 -0.00102243 0.000853184 -0.0002149 0.00591787 -0.00142338 0.000701346 0.000567539 0.000629494 0.00162606 0.00102928 0.00150488 0.000327011 -0.00280894 -0.00644615 0.00238252 0.00431204 0.00844551 0.00259897 0.000754458 0.000297623 -0.00129861 -0.00232668 0.00567102 0.000598635
internal_weight=351137 243159 8111 2895 5216 4416 107978 19017 15705 3312 88961 235048 222628 220137 54995 50132 44605 31421 5527 3250 2277 13184 3863 9321 1458 165142 26201 22833 3368 138941
internal_count=351137 243159 8111 2895 5216 4416 107978 19017 15705 3312 88961 235048 222628 220137 54995 50132 44605 31421 5527 3250 2277 13184 3863 9321 1458 165142 26201 22833 3368 138941
is_linear=0
shrinkage=0.05


Tree=38
num_leaves=31
num_cat=0
split_feature=4 6 3 6 12 4 12 13 11 14 13 10 14 13 10 12 11 10 11 12 12 13 11 14 10 14 13 12 11 12
split_gain=70.065 36.5089 34.1025 30.1524 30.5472 27.0154 26.1907 81.5474 50.6631 45.4709 72.7963 61.2363 47.7794 66.2177 45.5039 45.4115 57.0559 38.0228 36.657 34.3724 34.3174 43.3419 37.2258 30.2631 39.0435 32.4649 34.3686 30.2076 29.4964 28.0282
threshold=0.031073116102363778 0.35681053429962112 -0.00075835516160949179 0.83446754273607249 -0.075828258528587975 0.069423835206657278 -0.0045413562786246189 20.375000000000004 -0.0042559755894635001 0.031034450620846536 14.194999694824221 1.0000000180025095e-35 0.03048966244044227 18.035000801086429 -0.0013774767726894008 -0.0086076818895993706 -0.014686675718860785 9.4848672244407531e-05 -0.0031311720849904741 0.054230156972347017 0.0033715039290467268 16.085000038146976 -0.0099347791487244246 0.013406221047230662 -0.017312000709356064 -0.01759756320211869 20.865000724792484 -0.016903988497052599 -0.020444088180766703 0.033350133242569309
decision_type=2 2 2 2 2 2 2 2 2 2 2 2 2 2 2 2 2 2 2 2 2 2 2 2 2 2 2 2 2 2
left_child=1 2 6 4 -2 -6 15 8 20 12 17 14 13 18 -12 23 -17 -11 -10 -9 21 -8 28 25 -25 26 -1 -27 -22 -13
right_child=3 -3 -4 -5 5 -7 7 19 9 10 11 29 -14 -15 -16 16 -18 -19 -20 -21 22 -23 -24 24 -26 27 -28 -29 -30 -31
leaf_value=5.6091412109859173e-05 0.00013251804798898362 -1.0902260167092041e-05 2.6391076148123053e-05 -0.00015774421089704839 -2.785934532270251e-05 -0.00036395955061192185 -3.1027859581527105e-05 0.00020461307886799211 -0.00015508487172958272 -0.0003670934783850155 -4.0148782570818747e-06 -0.00029377556281327268 0.00028339014104612341 -0.00011766761126523404 0.00035733674431405758 7.6834515994594251e-05 -0.00028639728020534377 -5.0199631221353735e-05 2.2676120716152949e-05 -2.1219403610109582e-05 0.00021073036500442066 0.00022957358390279054 8.5229242638975637e-05 -0.00031658224918273839 5.9540058296923003e-05 -0.00023655602841084618 -0.00011731490425466772 0.00010685844975872068 -6.4882769952266054e-05 -4.7183346387037623e-05
leaf_weight=3127 2494 76715 118536 13449 57268 3198 669 3101 1119 1765 6487 1065 482 4519 570 911 2083 1003 29257 899 470 1466 4306 759 6785 2198 1715 437 3261 947
leaf_count=3127 2494 76715 118536 13449 57268 3198 669 3101 1119 1765 6487 1065 482 4519 570 911 2083 1003 29257 899 470 1466 4306 759 6785 2198 1715 437 3261 947
internal_value=8.8375e-05 0.000460947 0.000819832 -0.00125083 -0.000791773 -0.00101545 1.79469e-05 0.000509888 2.87527e-05 -0.000660821 -0.00334333 -0.00117709 0.000236736 2.07766e-05 0.00101672 -0.00165834 -0.00728123 -0.0104408 0.000860877 0.0074125 0.00322945 0.00886417 0.00173261 -0.000537581 0.00169671 -0.0027919 -0.000361421 -0.00725806 -0.00192308 -0.00887177
internal_weight=351061 274652 197937 76409 62960 60466 79401 61386 57386 47214 11837 9069 35377 34895 7057 18015 2994 2768 30376 4000 10172 2135 8037 15021 7544 7477 4842 2635 3731 2012
internal_count=351061 274652 197937 76409 62960 60466 79401 61386 57386 47214 11837 9069 35377 34895 7057 18015 2994 2768 30376 4000 10172 2135 8037 15021 7544 7477 4842 2635 3731 2012
is_linear=0
shrinkage=0.05


Tree=39
num_leaves=31
num_cat=0
split_feature=5 10 11 10 14 5 14 14 11 12 11 11 11 10 10 14 14 14 10 10 11 12 12 12 13 11 11 14 12 12
split_gain=72.1677 52.3124 50.5071 40.2992 72.0515 40.3932 30.43 47.4639 51.1541 40.1835 38.665 36.3608 82.9067 47.8532 47.8723 43.9174 79.0353 74.9836 40.84 72.5708 38.7551 66.8097 66.1501 61.4201 79.5148 70.9362 53.5896 50.6605 46.9739 41.3338
threshold=0.013267361070072045 -0.029463592833469218 -0.035697741943328191 -0.020247544478179221 0.23397195059943568 0.033160135064051764 -0.037220785866969024 -0.039568606403770572 0.015980558357876488 0.12384640389246161 0.051074156434965386 -0.014346854625401638 -0.011586998354799647 0.0040309091899630731 -0.017312000709356064 0.083482873400912663 0.079095926518506735 0.094478150147642728 -0.0070427496323355867 -0.010112209824456707 0.0097669532521742503 0.057873618969341407 -0.059602846746386766 -0.011160123859114189 17.494999885559086 -0.0072461958036925669 0.0081473860033931551 0.066949900513338614 -0.0014831897497937228 0.032681400814823743
decision_type=2 2 2 2 2 2 2 2 2 2 2 2 2 2 2 2 2 2 2 2 2 2 2 2 2 2 2 2 2 2
left_child=-1 2 -2 -3 5 6 7 8 -5 11 -9 13 -13 14 -8 16 18 -17 19 -14 21 22 -20 24 -24 28 -23 -27 -25 -22
right_child=1 3 -4 4 -6 -7 9 10 -10 -11 -12 12 15 -15 -16 17 -18 -19 20 -21 29 26 23 25 -26 27 -28 -29 -30 -31
leaf_value=1.7199713389084103e-05 -0.00097962752215856753 0.00016467749638469928 8.132883713956978e-06 -1.8814723401461027e-05 -0.00073006532504172 -0.00021227073197604062 -0.0002029448753861284 0.00015532865730809439 7.3921309251670346e-05 -0.00021259591347887091 -0.00022248729278713815 -0.00028769526565680995 -3.3690783264396638e-05 -0.00014727636704491693 7.1199735573747143e-05 0.00025069726655174837 -0.00037509397950995411 -2.6789617501589945e-07 0.00065859504102424985 0.00023554649884822041 3.1656909344891667e-05 0.0002156649958685556 0.00011032266534243144 0.00069294445777364118 -0.00041299954265885529 -9.9993199259106871e-05 -0.00013821064377497473 0.00028817879793601391 5.6484368267734589e-05 -4.5475929088874399e-05
leaf_weight=150954 779 2436 645 35213 687 9254 1952 3287 13937 1571 297 3224 3616 1230 19111 2142 2301 6590 338 2425 24838 2830 1001 319 3216 30494 991 536 3739 21222
leaf_count=150954 779 2436 645 35213 687 9254 1952 3287 13937 1571 297 3224 3616 1230 19111 2142 2301 6590 338 2425 24838 2830 1001 319 3216 30494 991 536 3739 21222
internal_value=9.43262e-05 -0.000528042 -0.0100772 -0.00045964 -0.000538931 -0.00048218 -0.000322122 0.000694998 0.000289929 -0.000723337 0.00625 -0.000628808 -0.00100253 0.00121226 0.00177206 -0.000763617 -0.00106676 0.00263399 -0.000846283 0.00313276 -0.00111478 -0.00218572 -0.00279431 -0.00298372 -0.00868508 -0.00229851 0.0041285 -0.0031115 0.00391819 -0.000104212
internal_weight=351175 200221 1424 198797 196361 195674 186420 52734 49150 133686 3584 132115 109822 22293 21063 106598 97866 8732 95565 6041 89524 43464 39643 39305 4217 35088 3821 31030 4058 46060
internal_count=351175 200221 1424 198797 196361 195674 186420 52734 49150 133686 3584 132115 109822 22293 21063 106598 97866 8732 95565 6041 89524 43464 39643 39305 4217 35088 3821 31030 4058 46060
is_linear=0
shrinkage=0.05


Tree=40
num_leaves=31
num_cat=0
split_feature=4 5 6 10 14 14 11 12 13 12 11 8 14 10 11 12 11 12 14 11 11 10 12 10 12 12 9 12 13 13
split_gain=65.0222 37.002 33.7191 28.5935 27.1343 47.2086 44.8274 55.451 61.3472 76.7081 53.5488 56.3056 47.672 41.7309 92.0625 69.46 53.2845 84.694 51.1868 52.2478 50.5076 48.4936 91.0513 60.6509 53.4874 72.9814 52.8657 50.9469 52.4903 46.8386
threshold=0.033868181232776358 0.010185455013480288 0.44966797366281924 0.06903334451863076 -0.037220785866969024 -0.039568606403770572 -0.0072461958036925669 -0.0066426412641200075 16.510000228881839 0.054230156972347017 -0.0065367397500866167 0.27953399357623937 0.049298283120689408 -0.0070427496323355867 0.015185778563904908 0.032942550894698559 0.0035059532242039952 0.061412549385283739 0.083482873400912663 0.0036681526021306037 -0.006288513316392629 0.0041080829558171059 0.02952133598580731 0.0039191669911444746 0.0027925929369287954 -0.025840768177680992 0.39209024654285113 0.032681400814823743 12.84500026702881 14.824999809265138
decision_type=2 2 2 2 2 2 2 2 2 2 2 8 2 2 2 2 2 2 2 2 2 2 2 2 2 2 8 2 2 2
left_child=1 -1 4 -2 5 -3 7 -6 -9 -10 -8 13 -13 14 15 -12 17 20 19 -18 -15 23 -23 24 25 -21 27 28 -26 -30
right_child=3 2 -4 -5 6 -7 10 8 9 -11 11 12 -14 16 -16 -17 18 -19 -20 21 -22 22 -24 -25 26 -27 -28 -29 29 -31
leaf_value=2.7348076410768879e-05 -5.5049377478221845e-05 2.0468018959177809e-05 -2.242696822487237e-05 -0.00094189207594042631 -5.7672202508844701e-06 0.00010859410489265234 -0.00023982777956136643 5.5990941590462408e-07 0.00017110965484120938 -0.00010178459164061943 4.0090439132148597e-05 -0.00026895236182587664 1.9179777730358224e-05 0.00021206331778534954 -0.00043788286764404998 0.00023570585763457711 0.00030178620749254622 0.00021378787557396438 0.00018755512412015377 7.5338055536739544e-05 -7.8782329520026343e-05 0.00017673306124866683 8.4673321749290362e-06 -0.00031790625778914047 -0.00011205255130652129 -0.00020786741151829747 -9.0779137421997304e-05 -2.5094016480082324e-05 0.00013209399877413746 3.5560500627009444e-05
leaf_weight=48728 57842 42652 61573 343 16617 3909 1788 6345 8586 1158 5364 1809 1091 530 318 1938 560 1619 1325 1629 23410 3869 14339 978 1656 3478 6360 14846 5545 10642
leaf_count=48728 57842 42652 61573 343 16617 3909 1788 6345 8586 1158 5364 1809 1091 530 318 1938 560 1619 1325 1629 23410 3869 14339 978 1656 3478 6360 14846 5545 10642
internal_value=0.000103963 0.000407467 0.00015619 -0.00142262 0.000497776 0.00153938 0.000140648 0.0017535 0.0038458 0.00633723 -0.000371021 -0.000219632 -0.00708621 -1.72754e-05 0.00353675 0.00468365 -0.000315577 -0.00225067 0.000442685 0.000240994 -0.00299916 0.000106564 0.00228471 -0.000772145 -0.000499366 -0.00531134 0.000129965 0.000941448 0.00274197 0.00360938
internal_weight=350847 292662 243934 58185 182361 46561 135800 32706 16089 9744 103094 101306 2900 98406 7620 7302 90786 25559 65227 63902 23940 63342 18208 45134 44156 5107 39049 32689 17843 16187
internal_count=350847 292662 243934 58185 182361 46561 135800 32706 16089 9744 103094 101306 2900 98406 7620 7302 90786 25559 65227 63902 23940 63342 18208 45134 44156 5107 39049 32689 17843 16187
is_linear=0
shrinkage=0.05


Tree=41
num_leaves=31
num_cat=0
split_feature=5 5 13 13 14 12 13 14 11 11 14 13 14 11 11 12 13 11 12 13 11 13 13 12 12 11 13 14 12 11
split_gain=66.2869 35.4014 34.721 46.5315 33.2156 116.796 30.5929 31.9989 27.093 26.8293 43.1999 53.7162 44.9052 37.8189 44.9101 35.3033 49.5728 76.667 56.664 36.5847 40.86 29.6535 26.8829 29.697 40.0595 24.248 25.7478 47.9791 67.8083 47.3076
threshold=0.013139282168271061 0.033160135064051764 43.015001296997077 33.719999313354499 0.23397195059943568 -0.007281546892151213 24.385000228881839 -0.19490876951167976 -0.055970662091911087 0.021519760104925626 -0.070157890185866142 19.440000534057621 -0.065772214787702996 0.04720517450512441 0.039736199013419633 -0.050554756764267676 19.010000228881839 0.035554574411001412 0.038133523914403618 18.335000038146976 0.029387931380338687 15.574999809265138 14.715000152587892 0.046695400961737528 0.02952133598580731 0.019771226358341946 17.394999504089359 0.0250539094836888 0.02952133598580731 -0.023324981642921735
decision_type=2 2 2 2 2 2 2 2 2 2 2 2 2 2 2 2 2 2 2 2 2 2 2 2 2 2 2 2 2 2
left_child=-1 2 3 4 8 -6 -3 -8 -2 25 11 21 -12 14 15 -14 19 18 -18 20 22 -11 23 24 -17 26 -10 -28 29 -29
right_child=1 6 -4 -5 5 -7 7 -9 9 10 12 -13 13 -15 -16 16 17 -19 -20 -21 -22 -23 -24 -25 -26 -27 27 28 -30 -31
leaf_value=1.6236783240636873e-05 0.00024282345332194119 -0.00031020547117019111 -0.00030639049397154821 0.00018461526542420847 -0.00097224512342910781 0.00018897300553416118 -0.0020725839167802496 9.5739002366948989e-05 2.7271128101048587e-06 3.2837205197609744e-06 -0.00026175376798785651 -6.5584754142755921e-05 -0.00031489189412423096 -9.1773225614902009e-05 0.00013828335163803955 7.1420343516951596e-05 0.00040102152748112897 -0.00012940231968432692 -5.3811572730102022e-07 -0.00019498361668522646 7.8203209655865283e-05 0.00025129750501096641 -0.00013424265254995089 0.00018767649647752463 -0.00023046216163960184 -0.00010230270223581619 -6.5334479231856599e-05 8.2904500493558806e-05 0.0001574930476953908 -6.288068498948776e-05
leaf_weight=146431 364 7091 1129 1242 981 912 127 2586 82707 747 730 1265 336 3780 3286 1512 1612 963 781 2145 5675 2517 3814 997 1033 3880 43195 6513 4667 17802
leaf_count=146431 364 7091 1129 1242 981 912 127 2586 82707 747 730 1265 336 3780 3286 1512 1612 963 781 2145 5675 2517 3814 997 1033 3880 43195 6513 4667 17802
internal_value=7.59649e-05 -0.000505776 -0.00035807 -0.000307047 -0.00036938 -0.00695985 -0.00343737 0.00107814 -0.000303829 -0.000329943 0.00101064 0.0055255 0.000243774 0.000588031 0.00137673 0.000437248 0.00072847 0.00622765 0.0110217 -0.000487612 0.000508403 0.00891544 -0.00195079 0.00118577 -0.00167976 -0.000593334 -0.000495532 -0.00118563 0.000388172 -0.000671396
internal_weight=350820 204389 194585 193456 192214 1893 9804 2713 190321 189957 31193 4529 26664 25934 22154 18868 18532 3356 2393 15176 13031 3264 7356 3542 2545 158764 154884 72177 28982 24315
internal_count=350820 204389 194585 193456 192214 1893 9804 2713 190321 189957 31193 4529 26664 25934 22154 18868 18532 3356 2393 15176 13031 3264 7356 3542 2545 158764 154884 72177 28982 24315
is_linear=0
shrinkage=0.05


Tree=42
num_leaves=31
num_cat=0
split_feature=10 11 8 5 11 11 10 11 11 14 14 11 15 14 14 10 10 14 10 10 11 10 10 9 10 14 14 10 14 14
split_gain=57.6628 61.693 54.4864 39.6514 32.62 112.388 46.2328 56.0878 78.1996 56.7568 50.5983 49.3614 47.4166 41.8075 54.8218 35.1524 47.7251 44.3908 34.8932 39.5725 34.5262 35.1966 66.4226 56.857 50.9444 53.2678 42.1252 43.2594 37.114 37.2953
threshold=-0.029463592833469218 -0.035697741943328191 0.19948687991374728 0.012372027848105944 0.0035059532242039952 0.0023967132721236521 -0.0064885542336663984 -0.005167394522302581 -0.023324981642921735 0.14679152351577887 0.11081750297484406 -0.020444088180766703 -0.0074624537203913368 0.083482873400912663 0.079095926518506735 -0.0070427496323355867 -0.013327781970057238 0.031374274921549546 0.000540884636322292 -0.0030480840031554819 0.0036681526021306037 0.0041080829558171059 0.0039191669911444746 0.37194884869773143 -0.0066375346949278371 -0.058539441914538297 0.077019604552505241 0.0025149873033184504 -0.022227674526148929 -0.055141973533754989
decision_type=2 2 8 2 2 2 2 2 2 2 2 2 2 2 2 2 2 2 2 2 2 2 2 8 2 2 2 2 2 2
left_child=1 -1 3 -2 5 6 7 8 15 -10 -8 -11 -9 14 20 16 -5 -18 19 -16 -6 22 23 24 -22 -26 27 -27 29 -25
right_child=2 -3 -4 4 13 -7 10 12 9 11 -12 -13 -14 -15 18 -17 17 -19 -20 -21 21 -23 -24 28 25 26 -28 -29 -30 -31
leaf_value=-0.0010962681806803716 1.8130686626010661e-05 6.9540137471558327e-06 -7.3306747098969433e-05 0.00016449984386057422 0.00019066981161183511 -0.00019557730936444102 -2.4668655618016126e-05 0.00024364286633199651 -4.8016974734352815e-06 -0.00088889607800970375 -0.00053801491540578304 -0.00011278376640555853 1.6256288724748186e-07 0.00016365430502464302 -0.00043988588629858324 0.00032927258368029965 -0.00031160010797082313 8.9563728242873526e-05 -0.00087457364428848792 1.54617056740304e-05 0.00017292181020594439 3.2400066899802831e-05 -0.00032352746002368158 -0.00045592670361281786 0.00030719628430760993 1.8546555894077442e-05 -0.0011012018630264173 -8.9776623313916028e-05 -0.00015045104351667349 8.1937443270004454e-05
leaf_weight=840 117377 845 19012 5014 920 7749 63293 2761 11079 689 597 2532 1723 3089 261 707 998 1748 394 868 2132 47960 1582 305 887 37620 221 6911 8245 2282
leaf_count=840 117377 845 19012 5014 920 7749 63293 2761 11079 689 597 2532 1723 3089 261 707 998 1748 394 868 2132 47960 1582 305 887 37620 221 6911 8245 2282
internal_value=7.29378e-05 -0.0091543 0.000117493 0.00026747 -0.000139838 -0.000803924 -0.000312428 0.00141187 0.000405192 -0.00184965 -0.00104789 -0.00769171 0.00652319 0.000437863 0.000277607 0.00421342 0.00324098 -0.00205754 -0.00914314 -0.00467228 0.00040916 0.000327107 -0.000478109 -0.000205194 0.000536413 0.000183505 -5.69807e-05 5.1088e-05 -0.00347581 0.00174913
internal_weight=350641 1685 348956 329944 212567 98890 91141 27251 22767 14300 63890 3221 4484 113677 110588 8467 7760 2746 1523 1129 109065 108145 60185 58603 47771 45639 44752 44531 10832 2587
internal_count=350641 1685 348956 329944 212567 98890 91141 27251 22767 14300 63890 3221 4484 113677 110588 8467 7760 2746 1523 1129 109065 108145 60185 58603 47771 45639 44752 44531 10832 2587
is_linear=0
shrinkage=0.05


Tree=43
num_leaves=31
num_cat=0
split_feature=5 5 6 6 12 12 12 13 14 13 13 13 13 14 10 11 12 8 12 12 11 12 13 13 13 13 14 10 14 11
split_gain=52.3309 29.5462 26.884 24.8096 28.2038 26.8722 36.1427 26.1418 26.1013 25.0331 64.2502 31.387 66.1506 36.992 29.8619 25.5583 34.652 24.8003 23.3586 22.37 21.2073 20.989 20.6963 37.7608 26.7986 37.3998 38.7954 29.3034 29.1302 26.5906
threshold=0.017290503884446921 0.043871709698519799 0.041089862325503851 0.44966797366281924 -0.075828258528587975 -0.029235256213089252 -0.031853189963288557 31.844999313354496 0.15522193331306103 24.385000228881839 23.694999694824222 21.555000305175785 21.134999275207523 -0.069419882954705067 0.015021993582677752 0.0079965891664850481 -0.024923410474003812 0.17657754463096312 0.0082902171521933594 0.12384640389246161 0.016433659515758484 -0.034828252855943369 27.855000495910648 30.345000267028812 25.19999980926514 22.730000495910648 0.15844695899744313 0.016350116268756935 0.10924586065415166 -0.022075871244429331
decision_type=2 2 2 2 2 2 2 2 2 2 2 2 2 2 2 2 2 8 2 2 2 2 2 2 2 2 2 2 2 2
left_child=2 3 -1 4 -2 6 7 8 21 10 11 12 13 14 20 16 -11 -8 -16 -15 -7 -6 24 -24 25 29 27 -27 -26 -4
right_child=1 -3 22 -5 5 9 17 -9 -10 15 -12 -13 -14 19 18 -17 -18 -19 -20 -21 -22 -23 23 -25 28 26 -28 -29 -30 -31
leaf_value=1.6393061265870334e-05 0.00014155908845867529 -0.00039363356599244085 7.0295251276591023e-05 -9.3180303421960218e-05 -8.8783187638482707e-05 9.1505650012874064e-05 -0.00080428719818996248 0.0001353407595575216 -0.00069746471168689894 0.00038553219074331162 -0.00038600032353714852 0.00011541328444611074 -0.00058058243118619998 -1.7724984819232191e-05 -0.00056623580133579113 0.00016227621312388642 -0.00019740308408575926 0.00021931495880726941 5.0634714808748925e-05 -0.00029088912785620551 0.00028962700382454125 0.000234032434177404 -0.0008678110957334971 7.0886566467077283e-06 6.9620075657189122e-06 -2.673471279182999e-05 -0.00074716642937347271 -0.00045816861832913562 0.00027928883734943495 -6.3064602024511017e-06
leaf_weight=153993 2197 2857 5793 22874 7701 2960 874 988 503 343 1009 3907 867 44261 419 1743 940 161 827 653 1477 531 420 695 1217 2360 370 427 960 85820
leaf_count=153993 2197 2857 5793 22874 7701 2960 874 988 503 343 1009 3907 867 44261 419 1743 940 161 827 653 1477 531 420 695 1217 2360 370 427 960 85820
internal_value=6.59009e-05 -0.000913938 0.000447224 -0.000763637 -0.000309905 -0.000484579 -0.00278397 -0.00183842 -0.00271036 -6.81749e-05 -0.00030596 -7.81095e-05 -0.000406109 -0.000171453 0.00362925 0.00436219 -0.000993765 -0.0116667 -0.00321027 -0.000652358 0.00554992 -0.00203474 -0.000199874 -0.00697309 -0.000121974 -0.000247969 -0.00559867 -0.00357912 0.00536288 -6.35827e-05
internal_weight=350147 98092 252055 95235 72361 70164 10758 9723 8735 59406 56380 55371 51464 50597 5683 3026 1283 1035 1246 44914 4437 8232 98062 1115 96947 94770 3157 2787 2177 91613
internal_count=350147 98092 252055 95235 72361 70164 10758 9723 8735 59406 56380 55371 51464 50597 5683 3026 1283 1035 1246 44914 4437 8232 98062 1115 96947 94770 3157 2787 2177 91613
is_linear=0
shrinkage=0.05


Tree=44
num_leaves=31
num_cat=0
split_feature=8 0 14 11 11 13 13 11 13 12 12 11 11 13 13 14 14 13 13 11 11 11 14 14 13 13 14 13 13 12
split_gain=49.7937 39.103 38.5388 35.9218 115.266 136.18 82.547 72.874 70.727 61.3144 85.7671 80.989 79.5573 85.4358 123.778 53.7819 109.599 62.0783 84.378 86.4374 78.0794 104.765 116.118 90.9272 54.1107 154.484 51.3409 48.6936 46.8909 80.9694
threshold=-0.1471039401082431 0.064950261349456154 0.14679152351577887 0.0035059532242039952 0.0023967132721236521 14.684999942779543 13.34500026702881 0.0036681526021306037 12.804999828338625 0.032942550894698559 0.029962743455793642 1.0000000180025095e-35 -0.00050215269203263125 16.875000000000004 21.82499980926514 -0.12096344977185801 -0.10816573528732347 19.814999580383304 15.775000095367433 0.010391715368283873 0.010526835170153516 0.0057609593190406381 -0.013693091090924312 0.040467463007027978 16.095000267028812 16.675000190734867 -0.00055695222357982066 17.530000686645511 15.944999694824221 -0.0062518932096157767
decision_type=10 2 2 2 2 2 2 2 2 2 2 2 2 2 2 2 2 2 2 2 2 2 2 2 2 2 2 2 2 2
left_child=2 3 -1 4 6 -6 8 -5 -2 10 28 12 13 -11 26 -9 -17 18 19 -18 21 23 -23 -20 -24 -26 -15 -25 -8 -30
right_child=1 -3 -4 7 5 -7 9 15 -10 11 -12 -13 -14 14 -16 16 17 -19 20 -21 -22 22 24 27 25 -27 -28 -29 29 -31
leaf_value=-5.0735330447746878e-05 2.2040818645323486e-05 -0.00026519112333741219 -0.00046902657416416613 0.00017732050306697273 3.1066911719943808e-05 -0.00024965146603837796 -3.2653783608379513e-05 0.00014641286353749244 -0.00017901299680091935 0.0001227402360556877 -0.00024027255814523319 0.00020728842715344613 -0.00062555876503203394 -0.00024922694204676402 0.00036352360677093366 -0.00029174390640185533 7.4195398686851155e-05 8.6014559140671934e-05 -7.6380052334425121e-05 8.97456269266135e-06 6.334948097348574e-06 6.154450487201547e-06 -0.00036809514022229794 8.1232458966618282e-07 0.00018384893235184191 -0.00027154641800571197 -2.4547472969281863e-05 0.00032374632600892431 -1.5782967067097662e-05 5.8315504175403961e-05
leaf_weight=19352 3341 2498 1259 1695 4967 7832 26857 3968 5049 5432 1660 3745 414 2099 1268 1647 23773 13213 4088 64272 43761 5761 2072 1266 1628 7384 4162 2089 47231 37298
leaf_count=19352 3341 2498 1259 1695 4967 7832 26857 3968 5049 5432 1660 3745 414 2099 1268 1647 23773 13213 4088 64272 43761 5761 2072 1266 1628 7384 4162 2089 47231 37298
internal_value=7.85431e-05 0.000227252 -0.00230581 0.000274719 -0.000290542 -0.00483046 0.000128829 0.000759129 -0.00467819 0.000438671 1.6365e-05 0.00322722 0.00140748 0.00209667 -0.00135144 0.000659151 0.00052558 0.000650446 0.000371891 0.00139389 -0.000950418 -0.00322381 -0.00540665 0.00171638 -0.00839949 -0.00672437 -0.00423654 0.00781669 0.000184494 0.000762756
internal_weight=351081 330470 20611 327972 151355 12799 138556 176617 8390 130166 113046 17120 13375 12961 7529 174922 170954 169307 156094 88045 68049 24288 16845 7443 11084 9012 6261 3355 111386 84529
internal_count=351081 330470 20611 327972 151355 12799 138556 176617 8390 130166 113046 17120 13375 12961 7529 174922 170954 169307 156094 88045 68049 24288 16845 7443 11084 9012 6261 3355 111386 84529
is_linear=0
shrinkage=0.05


Tree=45
num_leaves=31
num_cat=0
split_feature=5 11 12 10 10 14 14 11 10 12 10 12 14 12 10 10 14 10 10 10 14 12 10 12 14 14 10 10 10 11
split_gain=47.5773 33.2527 42.7108 35.2571 73.7485 66.3798 101.488 61.1334 53.9774 57.9163 53.2222 43.0893 41.1001 61.0041 57.9603 113.618 50.5812 44.8271 44.1275 96.4675 91.3671 104.705 81.9279 70.3853 77.802 59.1487 87.6943 68.5008 62.873 75.4128
threshold=0.023048057730075042 0.023520128243548103 -0.051616287725765035 0.012727043065882683 0.017693997216902905 -0.083456210331023115 -0.098691693357393515 0.02246977949783591 0.016350116268756935 -0.018266326902635351 0.012161923601447857 0.043947966856704664 -0.055909224672121997 0.048152369041769456 0.010510737947986739 0.0083252944612894914 -0.0015377949631008578 0.0086193665790624836 -0.0017365024253572778 -0.0014592383155322961 0.0071322940265206034 0.086474140948455194 -0.0022466027012056906 0.019854443093846989 0.061654808594579842 0.041398643260536445 0.000540884636322292 0.006337694363773628 0.003415324016821653 0.00081108963534770606
decision_type=2 2 2 2 2 2 2 2 2 2 2 2 2 2 2 2 2 2 2 2 2 2 2 2 2 2 2 2 2 2
left_child=1 3 -3 5 8 6 11 10 9 -5 12 -1 13 -7 15 18 17 -17 20 -20 21 22 -14 25 -25 27 -27 28 29 -21
right_child=-2 2 -4 4 -6 7 -8 -9 -10 -11 -12 -13 14 -15 -16 16 -18 -19 19 23 -22 -23 -24 24 -26 26 -28 -29 -30 -31
leaf_value=2.5104304018865389e-05 -6.7276262844185325e-05 -0.0002961681513795174 3.7914870908540776e-05 0.00019320211516624995 4.1791736448799736e-05 -3.5180374439309527e-05 0.00014535940172027352 -0.00013089318746036882 -0.00042183221505012438 -0.00013735397647836645 0.00028976536017584422 -0.00020061618768618916 6.0671223168189429e-05 -0.00028802843059379284 -0.00013132978366581246 0.00024113558083270898 0.00025705567349656067 5.3381526083754409e-05 -0.00020126872081594884 1.7720491996988309e-05 3.0416919461057765e-06 -0.00029773413529570792 0.00021384095671162867 1.8485213397008906e-05 -0.00017475494973840782 0.0002705013497934817 -0.00016690629541345838 5.7661509459285416e-05 -0.00017017446322420998 -0.00011952418119748039
leaf_weight=6864 38674 349 35193 809 4295 16744 5945 3591 1144 5067 824 1137 16055 1194 2327 770 1597 5686 3382 11469 82223 1111 3985 70592 2389 1954 1065 4364 8023 12231
leaf_count=6864 38674 349 35193 809 4295 16744 5945 3591 1144 5067 824 1137 16055 1194 2327 770 1597 5686 3382 11469 82223 1111 3985 70592 2389 1954 1065 4364 8023 12231
internal_value=7.31371e-05 0.000277948 0.00171769 9.31053e-05 -0.0026403 0.000209587 0.00356733 2.34522e-05 -0.00579772 -0.00386317 0.000117245 -0.000109361 7.49511e-05 -0.0022299 0.000255319 0.000335837 0.00616851 0.00419765 0.000121206 -0.000550581 0.000871592 0.00380242 0.00463074 -0.000299544 0.000617627 -0.0020112 0.00471183 -0.00257364 -0.00338162 -0.0020865
internal_weight=351053 312379 35542 276837 11315 265522 13946 251576 7020 5876 247985 8001 247161 17938 229223 226896 8053 6456 218843 115469 103374 21151 20040 112087 72981 39106 3019 36087 31723 23700
internal_count=351053 312379 35542 276837 11315 265522 13946 251576 7020 5876 247985 8001 247161 17938 229223 226896 8053 6456 218843 115469 103374 21151 20040 112087 72981 39106 3019 36087 31723 23700
is_linear=0
shrinkage=0.05


Tree=46
num_leaves=31
num_cat=0
split_feature=8 4 12 12 12 8 6 12 14 10 10 8 3 10 9 15 10 0 14 14 12 12 10 10 9 14 14 14 12 10
split_gain=47.5215 38.3519 35.0756 61.2486 45.5264 36.2348 29.2155 30.6955 27.1843 26.8236 65.3105 24.1641 23.9197 23.7885 23.0425 22.4443 21.4136 21.1255 20.0852 33.8905 24.7557 31.7119 24.1069 35.9035 39.3797 29.9648 24.004 23.0612 22.3461 58.473
threshold=-0.1471039401082431 0.019797261410105422 -0.038623236339942461 -0.019164268352129695 -0.052669817960988401 -0.1471039401082431 -0.14482789733616933 -0.075828258528587975 -0.069419882954705067 0.0025149873033184504 0.002139856175938371 -0.24267613887847991 -0.019552332803836444 0.013109339753378581 -0.37987835796095648 -0.015653141672618328 0.0053677065009906108 0.064950261349456154 -0.034719790282674072 -0.018674174310541299 0.026907715462280438 0.028594304422147613 0.0024304233015920444 0.0012069827106450106 inf -0.027473271171050914 -0.023857248245640224 -0.01786915050429105 -0.0021779841828679087 0.006337694363773628
decision_type=10 2 2 2 2 8 2 2 2 2 2 10 2 2 10 2 2 2 2 2 2 2 2 2 8 2 2 2 2 2
left_child=2 -2 4 14 5 12 7 15 13 10 -10 -6 -1 -5 -4 -3 -11 -8 20 22 -9 -22 23 24 -20 -26 -25 -21 29 -29
right_child=1 6 3 8 11 -7 17 18 9 16 -12 -13 -14 -15 -16 -17 -18 -19 19 27 21 -23 -24 26 25 -27 -28 28 -30 -31
leaf_value=-0.00056612414137632437 1.7541840118884396e-05 0.0002848811447037709 0.00013422743053548181 0.00011841269363622024 -0.00044645491946821266 0.00037929002376647025 -1.9067007333073299e-05 7.6258748384455161e-06 -8.7283395690761743e-05 -0.00026312957253090492 0.00031014732949906631 -0.00014113616857771571 2.3122503372711731e-05 -0.00076345233192050938 -0.00012222408946711057 8.2600018636504532e-05 -0.00012468741907099482 -0.00025510450842027385 -0.00012221088436203815 0.00023267168859922738 0.00025116985956673624 4.701188643577749e-05 -0.00012131959484500566 0.00024632988239937269 0.00041719873005787448 -3.5765882306689359e-05 2.7670196935451929e-06 -5.4386008790423119e-05 1.9102560986388861e-05 0.00024699629696555477
leaf_weight=615 113544 502 2847 1340 1818 431 97284 22307 6777 1382 533 767 1067 211 716 1693 1978 2337 4192 487 1260 10275 5551 791 544 809 848 17436 49713 929
leaf_count=615 113544 502 2847 1340 1818 431 97284 22307 6777 1382 533 767 1067 211 716 1693 1978 2337 4192 487 1260 10275 5551 791 544 809 848 17436 49713 929
internal_value=0.000105845 0.000250679 -0.00223123 -0.00110238 -0.00602384 -0.000579744 -0.000138967 0.000395655 -0.00278414 -0.00368322 -0.00198358 -0.0104739 -0.00389417 0.00340103 0.00466601 0.00625285 -0.00738095 -0.000768663 0.000283997 -0.000142066 0.00130755 0.00318812 -0.0025108 -0.000598552 -0.00252029 0.00489653 0.00590299 0.000297893 0.000220335 -0.00127008
internal_weight=350984 330502 20482 15784 4698 2113 216958 117337 12221 10670 7310 2585 1682 1551 3563 2195 3360 99621 115142 81300 33842 11535 12735 7184 5545 1353 1639 68565 68078 18365
internal_count=350984 330502 20482 15784 4698 2113 216958 117337 12221 10670 7310 2585 1682 1551 3563 2195 3360 99621 115142 81300 33842 11535 12735 7184 5545 1353 1639 68565 68078 18365
is_linear=0
shrinkage=0.05


Tree=47
num_leaves=31
num_cat=0
split_feature=10 11 8 14 14 4 13 13 11 14 11 14 14 14 14 14 13 10 14 13 10 11 14 14 13 9 13 11 14 14
split_gain=48.6439 55.8277 44.5858 34.6461 96.4041 31.0134 30.7296 33.7064 39.4345 36.8854 37.874 34.5536 30.0081 28.582 97.939 83.5477 35.3487 41.0866 42.3312 36.4569 33.72 29.6463 48.038 28.567 87.3693 81.2706 76.1959 47.822 45.7403 48.1471
threshold=-0.029463592833469218 -0.035697741943328191 0.19948687991374728 0.26245601507157795 0.23397195059943568 0.018984550278950862 25.960000038146976 23.604999542236332 -0.0035220660232809227 0.17907813454888047 -0.030384470516343128 -0.025765440759432264 -0.040461984062780003 0.083482873400912663 0.079095926518506735 0.10035719925481736 25.19999980926514 -0.0064885542336663984 0.17907813454888047 22.730000495910648 0.000540884636322292 -0.010447917606839994 0.094478150147642728 -0.068136872709181048 18.94999980926514 inf 19.72500038146973 0.042684586959819588 -0.055141973533754989 -0.034719790282674072
decision_type=2 2 8 2 2 2 2 2 2 2 2 2 2 2 2 2 2 2 2 2 2 2 2 2 2 8 2 2 2 2
left_child=1 -1 3 4 5 -2 7 8 9 10 11 -4 -10 14 23 21 19 18 -18 -17 -16 -15 -23 24 27 26 -26 -7 -25 -30
right_child=2 -3 6 -5 -6 13 -8 -9 12 -11 -12 -13 -14 15 20 16 17 -19 -20 -21 -22 22 -24 28 25 -27 -28 -29 29 -31
leaf_value=-0.0010093954857959199 1.7340688169120017e-05 2.3905405344925311e-05 -0.00029023184843275342 0.00018036393819040607 -0.00068750812778078322 6.4447620103144683e-05 0.00033963260169689395 -0.00043381592039724149 5.2452286641449914e-05 -0.00043051583163564118 0.00010002866233235983 1.1752504175700438e-05 -0.00015654182316764245 0.00039922413098842421 -0.00022727725129954702 -8.5964906938263211e-07 0.00025086291201682412 -0.00019509055430781306 -0.00014027791799930473 -0.00025303413939602691 -0.00063516778541955791 0.00018606224765889759 -9.6760912330943813e-05 -9.2890534494966502e-05 -0.0002555187202768818 -0.00051170836337934597 2.9447261603849285e-05 0.00048747726113751861 4.3036963586083699e-05 -1.26051825141295e-05
leaf_weight=859 96717 855 432 1679 847 18112 512 944 2064 447 4502 839 9332 1046 3162 12549 2780 389 737 2124 561 2977 910 11582 2525 772 9522 777 25397 134782
leaf_count=859 96717 855 432 1679 847 18112 512 944 2064 447 4502 839 9332 1046 3162 12549 2780 389 737 2124 561 2977 910 11582 2525 772 9522 777 25397 134782
internal_value=8.87427e-05 -0.00831389 0.000130007 0.000265876 0.000229233 0.000272814 -0.00222053 -0.00255388 -0.00206063 0.00114148 0.00221289 -0.00540913 -0.00380835 -4.22619e-05 -0.000229739 0.00160982 7.40083e-05 0.00430108 0.00600654 -0.00105125 -0.00826618 0.00739408 0.00538333 -8.26907e-05 0.0012962 -0.00188977 -0.000881962 0.00345836 -0.000337242 -0.000117837
internal_weight=350733 1714 349019 329947 328268 327421 19072 18560 17616 6220 5773 1271 11396 230704 207192 23512 18579 3906 3517 14673 3723 4933 3887 203469 31708 12819 12047 18889 171761 160179
internal_count=350733 1714 349019 329947 328268 327421 19072 18560 17616 6220 5773 1271 11396 230704 207192 23512 18579 3906 3517 14673 3723 4933 3887 203469 31708 12819 12047 18889 171761 160179
is_linear=0
shrinkage=0.05


Tree=48
num_leaves=31
num_cat=0
split_feature=10 12 8 12 13 12 4 14 14 10 12 13 12 14 3 14 12 14 13 13 14 13 12 10 10 10 14 14 10 9
split_gain=49.3615 48.4198 39.8643 31.3868 78.1916 73.9846 30.439 32.2127 75.7365 28.2228 85.0474 67.1096 73.5412 64.4934 48.4149 55.3639 52.2506 46.657 38.7389 57.9751 38.0003 67.477 63.4843 89.6729 74.4914 44.531 45.0504 37.9659 39.0873 37.8057
threshold=-0.029463592833469218 -0.0497892715245336 0.21492770039618417 -0.038623236339942461 25.960000038146976 -0.019164268352129695 0.017607158078680966 0.26245601507157795 0.23397195059943568 -0.0064885542336663984 0.026461496943730015 20.060000419616703 -0.0062518932096157767 0.0053913947730825926 -0.0072295783726313836 0.035592479952137442 -0.0033130043707785268 0.066086361924944784 25.505000114440922 26.85000038146973 -0.068136872709181048 18.94999980926514 -0.018266326902635351 0.0057612220393999944 0.0092143531748835068 0.0077874133579277647 -0.072002604545374091 0.14679152351577887 -0.0066846188692691313 inf
decision_type=2 2 8 2 2 2 2 2 2 2 2 2 2 2 2 2 2 2 2 2 2 2 2 2 2 2 2 2 2 8
left_child=1 -1 6 4 -4 -5 -2 8 9 10 11 17 18 -12 15 -11 -17 -8 -13 -20 21 25 24 -24 -23 -16 -27 28 -15 -26
right_child=2 -3 3 5 -6 -7 7 -9 -10 14 13 12 -14 27 20 16 -18 -19 19 -21 -22 22 23 -25 29 26 -28 -29 -30 -31
leaf_value=-0.0009588203560514703 1.9429747345760577e-05 3.0544365788000991e-06 -0.00041028995687735268 0.00011668595123287759 0.00034411017715698169 -8.6298511050297112e-05 5.9545274112651848e-05 0.00020262372691617236 -0.00064090777387393826 -2.7398275556991122e-05 -0.00035672594792938859 -2.9228476641676281e-05 0.00024846372008056119 0.00021877977755079545 0.00015164183592798541 -0.00047616127773639802 -9.5166418797661741e-05 -9.0761206578437442e-05 0.00037427210563856738 3.975128526714078e-05 -5.5244231976691198e-06 -0.00027505230088282817 0.00020822008715638089 -0.00022157183189347348 0.0001134303707618929 2.7112011757030476e-05 0.00037489756189875594 -4.972724600910885e-05 4.5716712457264524e-05 -0.00042108902119388988
leaf_weight=860 70890 849 1728 2672 478 12914 4291 1353 818 20699 319 7457 2200 4571 4855 1765 4557 12855 1191 3759 160820 1145 672 4254 5559 13929 1019 947 1561 224
leaf_count=860 70890 849 1728 2672 478 12914 4291 1353 818 20699 319 7457 2200 4571 4855 1765 4557 12855 1191 3759 160820 1145 672 4254 5559 13929 1019 947 1561 224
internal_value=9.47436e-05 -0.00838209 0.000136194 -0.00216951 -0.00775159 -0.00137944 0.000259866 1.01603e-05 -2.99653e-05 1.80747e-05 0.00125476 0.000129909 0.00262032 0.00608273 -0.000202508 -0.00218441 -0.00627966 -0.00199172 0.00112638 0.00455556 7.57233e-05 0.00165919 -0.00132445 -0.00566382 0.00176097 0.00344519 0.00209393 0.00707374 0.00851272 0.00406796
internal_weight=351211 1709 349502 17792 2206 15586 331710 260820 259467 258649 39151 31753 14607 7398 219498 27021 6322 17146 12407 4950 192477 31657 11854 4926 6928 19803 14948 7079 6132 5783
internal_count=351211 1709 349502 17792 2206 15586 331710 260820 259467 258649 39151 31753 14607 7398 219498 27021 6322 17146 12407 4950 192477 31657 11854 4926 6928 19803 14948 7079 6132 5783
is_linear=0
shrinkage=0.05


Tree=49
num_leaves=31
num_cat=0
split_feature=5 4 10 12 10 10 14 14 14 14 14 14 14 14 10 10 10 12 10 14 14 12 14 14 10 12 12 12 10 10
split_gain=40.4865 28.2573 25.5695 33.245 28.3093 107.729 54.6952 54.5182 114.324 68.1852 49.8064 89.151 46.2986 68.7988 52.2854 77.0162 74.9915 69.8931 68.8465 66.6021 50.1294 49.6786 47.0135 66.9002 58.1361 57.1919 43.0953 52.1358 67.9062 50.6747
threshold=0.021751464279710763 0.013632427390551392 -0.029463592833469218 -0.0497892715245336 -0.0043931743596038455 -0.0047915944000584956 -0.021447279396770266 0.077019604552505241 0.083482873400912663 0.087469095216172646 0.049298283120689408 0.047546513885702975 -0.037220785866969024 -0.039568606403770572 0.0044510746205346239 0.010510737947986739 0.0027400860972459644 0.04223449304072547 0.0046724296084912362 0.0066946732173895915 0.003286853869637119 -0.0041728590088926923 0.042306243871835354 -0.012700650003930223 0.003855857055865886 0.015576127060618618 -0.067575688865902969 0.02952133598580731 -0.0066846188692691313 -0.004854933316951914
decision_type=2 2 2 2 2 2 2 2 2 2 2 2 2 2 2 2 2 2 2 2 2 2 2 2 2 2 2 2 2 2
left_child=1 -1 3 -3 5 6 -4 10 -9 -10 11 12 13 -6 16 17 -14 18 -16 -19 -17 -20 23 -18 -25 -26 -8 -28 -29 -30
right_child=-2 2 4 -5 7 -7 26 8 9 -11 -12 -13 14 -15 15 20 22 19 21 -21 -22 -23 -24 24 25 -27 27 28 29 -31
leaf_value=3.9782850854541852e-05 -5.388386715858406e-05 -0.00072475335260431507 -0.00024589623310080722 6.3596781123842751e-05 1.0936825163647716e-05 0.00019730242981050723 0.00015651038693853346 -0.00041972542945213111 0.00018115988039113848 -0.00014633295233092998 8.7575936792503434e-05 -0.00031314296986371427 -1.0726363545370444e-05 0.00010482066547379426 0.00022549579752327993 -0.00016953442083627061 -0.00014462940527423582 -8.9707107895962686e-05 -5.2063244518230322e-05 9.5265215946677129e-05 8.2796910012733135e-05 7.7502696066285209e-05 -0.00033383842498279482 -8.4098680071758097e-05 -0.00020050157916460219 0.00012782359877107916 -5.0672180384148462e-06 0.00014023729385768689 -3.7312877339873519e-05 0.00045103855043797869
leaf_weight=12364 47185 653 1050 472 68450 3328 1955 2830 1480 1088 7930 1415 85556 5813 1135 3153 7719 7016 3554 2612 1117 15702 757 5771 738 2519 44503 6974 5523 386
leaf_count=12364 47185 653 1050 472 68450 3328 1955 2830 1480 1088 7930 1415 85556 5813 1135 3153 7719 7016 3554 2612 1117 15702 757 5771 738 2519 44503 6974 5523 386
internal_value=5.54529e-05 0.000267243 0.000167841 -0.00735556 0.000197019 0.001128 0.000645378 -6.50527e-05 -0.00502964 0.00260903 5.62327e-05 -8.86038e-05 -4.96191e-06 0.00100083 -0.000548784 0.00114249 -0.00111149 0.00203621 0.00369403 -0.00147486 -0.00514052 0.00298868 -0.00409335 -0.00354243 -0.000620292 0.0047206 0.000845537 0.000596835 0.00339789 -0.000545778
internal_weight=350748 303563 291199 1125 290074 63719 60391 226355 5398 2568 220957 213027 211612 74263 137349 34289 103060 30019 20391 9628 4270 19256 17504 16747 9028 3257 59341 57386 12883 5909
internal_count=350748 303563 291199 1125 290074 63719 60391 226355 5398 2568 220957 213027 211612 74263 137349 34289 103060 30019 20391 9628 4270 19256 17504 16747 9028 3257 59341 57386 12883 5909
is_linear=0
shrinkage=0.05


Tree=50
num_leaves=31
num_cat=0
split_feature=4 14 13 9 14 14 11 11 14 14 14 11 11 14 13 11 11 13 13 11 13 11 13 14 14 11 11 11 14 14
split_gain=38.4243 29.9553 84.0839 96.3147 56.4908 59.5295 72.6282 60.7085 55.4605 51.6459 51.5782 44.6283 42.6692 39.9015 40.7095 39.6612 61.0872 75.1204 99.3 47.3397 51.1508 103.55 78.9318 106.183 79.0703 73.085 69.216 67.2815 46.0479 43.6902
threshold=0.046051472746991458 -0.069419882954705067 18.94999980926514 0.74336460728957277 -0.055141973533754989 -0.037220785866969024 0.04720517450512441 0.02167406842699671 -0.11544121967691799 -0.039568606403770572 -0.098691693357393515 -0.031453464626615406 0.025879886513439202 -0.044386160859696593 12.555000305175783 -0.0072461958036925669 -0.0065367397500866167 20.375000000000004 19.72500038146973 -0.006288513316392629 15.464999675750734 0.002577635332758899 16.085000038146976 0.083482873400912663 0.079889052526069274 0.014220486056709893 0.014617702220924735 -0.0016854433058603455 -0.033482886717690945 0.090945376715582463
decision_type=2 2 2 8 2 2 2 2 2 2 2 2 2 2 2 2 2 2 2 2 2 2 2 2 2 2 2 2 2 2
left_child=1 2 10 8 -3 6 7 9 -4 11 12 -6 -1 -13 -15 28 -17 18 19 -18 21 27 23 24 -22 -23 -27 29 -7 -21
right_child=-2 4 3 -5 5 15 -8 -9 -10 -11 -12 13 -14 14 -16 16 17 -19 -20 20 22 25 -24 -25 -26 26 -28 -29 -30 -31
leaf_value=-2.6659672126682625e-05 -0.00010190231882218279 -6.3633151992882397e-05 6.0544444804904032e-05 -0.00044244746911635915 -0.00024653336376390735 -0.00022979887034669437 -0.00017557416605676131 0.00013929099319829154 -0.00011058575515698307 0.00011693596995890023 9.7808121197898976e-05 5.8503326440495239e-05 0.00017214302037779627 9.4722448694027766e-05 -6.4156902700198377e-05 -0.00018047160487408937 0.00019813938924997596 9.6748889926107784e-05 -0.00020847344419856531 -1.008633606449181e-05 -0.00014796046155329744 5.659090429108117e-05 -1.8243279286617611e-05 0.00021731033530166967 -0.00056300972324552906 -0.00026838922843156106 4.5056512929737879e-06 -0.00013624838820562902 2.7390489053899384e-05 0.00029927050751796681
leaf_weight=7285 20916 17734 5718 1187 395 757 1502 3620 4569 5242 15710 14231 1571 828 6475 3304 807 8887 3538 10300 8162 32832 68091 795 824 1256 33648 10318 60896 411
leaf_count=7285 20916 17734 5718 1187 395 757 1502 3620 4569 5242 15710 14231 1571 828 6475 3304 807 8887 3538 10300 8162 32832 68091 795 824 1256 33648 10318 60896 411
internal_value=8.94662e-05 0.000220842 0.00158158 -0.00195224 5.45187e-05 0.000229595 0.00224739 0.0027711 -0.000396131 0.00196073 0.00323211 0.000894934 0.000180668 0.00120043 -0.00180405 -3.65566e-05 -0.000405764 -0.000282011 -0.000514966 -0.000339815 -0.000398321 0.000422182 -0.0013336 -0.00553369 -0.00708324 0.00137372 -0.000219173 -0.00264278 0.00106037 0.000133041
internal_weight=351809 330893 36040 11474 294853 277119 32293 30791 10287 27171 24566 21929 8856 21534 7303 244826 183173 179869 170982 167444 166637 88765 77872 9781 8986 67736 34904 21029 61653 10711
internal_count=351809 330893 36040 11474 294853 277119 32293 30791 10287 27171 24566 21929 8856 21534 7303 244826 183173 179869 170982 167444 166637 88765 77872 9781 8986 67736 34904 21029 61653 10711
is_linear=0
shrinkage=0.05


Tree=51
num_leaves=31
num_cat=0
split_feature=10 11 4 14 14 0 11 11 10 14 14 13 13 14 13 9 13 12 11 10 10 11 13 12 11 12 13 13 11 10
split_gain=40.0641 38.409 34.3939 34.0454 61.6095 26.2234 27.6822 61.0222 57.7945 54.4015 51.7808 56.497 41.1231 40.3834 78.0213 56.2894 53.0942 77.0397 93.1393 76.6416 52.7303 49.73 80.4648 64.1797 48.0393 45.4104 61.5116 57.1063 43.187 46.3469
threshold=-0.029463592833469218 -0.035697741943328191 0.020066290280573714 0.26245601507157795 0.23397195059943568 0.064950261349456154 -0.01680301263819178 -0.011586998354799647 0.0028153334889018393 -0.069419882954705067 -0.13532199000438486 27.070000648498539 22.429999351501468 -0.067149022617353324 20.980000495910648 0.35626802189598278 20.375000000000004 -0.0031637225858343605 0.0091429221400685119 -0.0025114864112490416 0.009588523086034308 -0.0071058525984615808 19.72500038146973 -0.051616287725765035 0.051074156434965386 -0.038623236339942461 16.550000190734867 16.425000190734867 0.042684586959819588 0.015021993582677752
decision_type=2 2 2 2 2 2 2 2 2 2 2 2 2 2 2 8 2 2 2 2 2 2 2 2 2 2 2 2 2 2
left_child=1 -1 -2 4 5 6 8 10 -4 -10 -8 12 -12 14 28 20 21 18 19 -18 -16 25 23 -23 -20 -15 27 -27 29 -9
right_child=2 -3 3 -5 -6 -7 7 13 9 -11 11 -13 -14 16 15 -17 17 -19 24 -21 -22 22 -24 -25 -26 26 -28 -29 -30 -31
leaf_value=-0.00085037627983659868 1.3384930288600156e-05 -1.2167179123145564e-06 6.2897013852883946e-05 0.00021398317681732464 -0.00058823816663912366 -0.00025206265776048112 0.00023226846872504564 9.2568084077938797e-05 4.0703640849939995e-05 -0.00015404094800942748 -0.00011627246865817988 0.00040149909920292163 -0.00038884183067001239 -0.00022733683252512443 -0.00049027938345490524 -0.00049221440630936141 4.2331332071786008e-05 0.0001538724728723565 0.00016289718874158623 -0.00035776071142093653 3.9770185450760909e-05 0.00065687619011551245 -0.00022083636256956196 -2.503261845902623e-05 -0.0001151507954098116 2.0687208009274112e-05 0.00019320430236820677 -0.00090238406110321526 0.00045358968178536266 -4.5840747505017833e-05
leaf_weight=847 121126 835 23774 1172 796 2661 727 14799 3323 4076 8013 396 2116 746 766 782 2149 5558 4330 3017 2733 397 3484 126569 1277 4308 4490 318 712 4478
leaf_count=847 121126 835 23774 1172 796 2661 727 14799 3323 4076 8013 396 2116 746 766 782 2149 5558 4330 3017 2733 397 3484 126569 1277 4308 4490 318 712 4478
internal_value=5.85133e-05 -0.00763971 9.56049e-05 -0.000266157 -0.000310082 -0.000261174 -0.000202384 -0.000426587 0.00117971 -0.00267942 -0.00399929 -0.00489074 -0.00561507 -0.00020438 0.00169345 -0.00443238 -0.000498426 0.0021998 -0.000266871 -0.00511034 -0.00172192 -0.000812475 -0.00107129 -0.000865586 0.00419565 0.00261103 0.00358161 -0.000464764 0.0030054 0.00255875
internal_weight=350775 1682 349093 227967 226795 225999 223338 192165 31173 7399 11252 10525 10129 180913 24270 4281 156643 16331 10773 5166 3499 140312 130450 126966 5607 9862 9116 4626 19989 19277
internal_count=350775 1682 349093 227967 226795 225999 223338 192165 31173 7399 11252 10525 10129 180913 24270 4281 156643 16331 10773 5166 3499 140312 130450 126966 5607 9862 9116 4626 19989 19277
is_linear=0
shrinkage=0.05


Tree=52
num_leaves=31
num_cat=0
split_feature=0 0 14 13 9 13 10 14 14 10 10 13 10 12 14 10 10 12 13 13 10 14 10 10 12 14 13 10 10 16
split_gain=35.8958 27.9985 25.3888 78.5886 87.1835 68.4714 58.334 54.4531 51.3425 53.5694 70.0053 80.0611 59.8937 61.7159 69.3278 88.6085 69.9538 59.1892 71.6763 69.2115 112.717 68.2804 56.8844 109.482 68.9757 55.0516 53.1971 49.2057 49.1436 49.0825
threshold=-0.043368054712894837 0.084302722516504738 -0.068136872709181048 18.94999980926514 inf 19.72500038146973 0.0077874133579277647 -0.055909224672121997 -0.037220785866969024 0.010510737947986739 0.0083252944612894914 17.394999504089359 -0.0018259871478111254 0.12384640389246161 0.0071322940265206034 -0.0022466027012056906 -0.0025114864112490416 -0.0021779841828679087 20.865000724792484 18.675000190734867 0.0056894709733393842 0.079095926518506735 0.0044510746205346239 0.0058855718957657741 0.045280695962835911 -0.026455746255632236 12.765000343322756 0.0043510585935800936 0.01436534903475606 0.038042153602602109
decision_type=2 2 2 2 8 2 2 2 2 2 2 2 2 2 2 2 2 2 2 2 2 2 2 2 2 2 2 2 2 2
left_child=-1 2 3 6 5 -5 -2 -4 28 10 12 -12 13 14 15 16 25 19 22 20 -14 -21 27 -24 -25 -10 -16 -19 -9 -27
right_child=1 -3 7 4 -6 -7 -8 8 9 -11 11 -13 17 -15 26 -17 -18 18 -20 21 -22 -23 23 24 -26 29 -28 -29 -30 -31
leaf_value=-0.00015951991974564434 0.00012367946109896749 -0.00039381853098249039 -7.1673535345061212e-05 -0.00016722431402095995 -0.00041947283702642327 4.0285335099029666e-05 3.2618791952007416e-05 3.0244853553044559e-05 -0.00028291179798127069 -0.00011407903018668528 0.0001446384304329607 -0.0001018615908615466 -0.00023591751128168798 -0.000358577734112317 -0.00030788749426128963 0.00023863790774843559 -0.000259103033659379 -2.2743786309389893e-05 0.00035617677624005583 9.8160416590227519e-07 0.00011980316722730624 -0.00074515743739721457 8.7217774106234478e-05 2.7806009761270017e-05 -0.00013080440832278332 8.7635900935519652e-05 8.267978396394195e-06 -0.00045599201897347769 0.00017660968678054464 -0.00012903407056396606
leaf_weight=6754 6647 1369 15447 3376 1261 9852 19593 33430 798 5413 5001 1668 6645 841 846 2909 849 83315 825 10011 1258 429 12576 7553 5425 14393 88441 822 1657 1339
leaf_count=6754 6647 1369 15447 3376 1261 9852 19593 33430 798 5413 5001 1668 6645 841 846 2909 849 83315 825 10011 1258 429 12576 7553 5425 14393 88441 822 1657 1339
internal_value=7.1206e-05 0.000142083 0.000170597 0.00134241 -0.00161329 -0.000415785 0.00297447 1.25045e-05 0.000168445 -8.16568e-05 2.66321e-05 0.00507947 -0.000114199 0.000740382 0.000843943 0.00348235 0.00213044 -0.000846468 -0.000409895 -0.0034768 -0.00700683 -0.000804598 -0.000520325 0.00154575 -0.00167591 0.00284936 0.000244436 -0.00114783 0.00196013 0.00349924
internal_weight=350743 343989 342620 40729 14489 13228 26240 301891 286444 251357 245944 6669 239275 110416 109575 20288 17379 128859 110516 18343 7903 10440 109691 25554 12978 16530 89287 84137 35087 15732
internal_count=350743 343989 342620 40729 14489 13228 26240 301891 286444 251357 245944 6669 239275 110416 109575 20288 17379 128859 110516 18343 7903 10440 109691 25554 12978 16530 89287 84137 35087 15732
is_linear=0
shrinkage=0.05


Tree=53
num_leaves=31
num_cat=0
split_feature=6 11 10 11 10 10 10 14 14 14 11 10 10 10 14 14 10 11 14 14 11 14 10 11 10 10 14 14 11 11
split_gain=40.2011 25.4885 88.4912 56.9832 37.2164 35.6847 35.1941 28.3038 97.4509 48.4874 41.9627 43.2181 57.4406 30.6865 39.4003 53.6684 28.4498 26.8474 26.2115 43.0139 75.9752 73.5942 41.8886 63.8549 39.1393 42.5489 40.6891 47.5144 38.9271 57.0057
threshold=0.41812182216264843 -0.022075871244429331 0.0028153334889018393 -0.0237759721784318 -0.013932241848525038 -0.0070427496323355867 -0.014256563971479506 0.083482873400912663 0.079095926518506735 0.098456899427642589 -0.0037227155807691976 -0.0030480840031554819 0.000540884636322292 -0.01378806518059311 0.12392426755799714 0.11081750297484406 -0.011742886099156634 -0.028186654574093969 -0.037220785866969024 -0.054330610723124943 0.04720517450512441 -0.068136872709181048 0.010824112764753148 0.0078505444899201766 0.010510737947986739 0.0083252944612894914 -0.0015377949631008578 -0.034719790282674072 0.026646600134674018 0.02752921867583458
decision_type=2 2 2 2 2 2 2 2 2 2 2 2 2 2 2 2 2 2 2 2 2 2 2 2 2 2 2 2 2 2
left_child=1 2 5 -4 6 -1 -3 8 18 -9 -10 -12 -13 -11 15 -15 -17 -7 19 21 -21 22 23 -6 25 28 27 -27 -20 -30
right_child=-2 4 3 -5 7 17 -8 9 10 13 11 12 -14 14 -16 16 -18 -19 24 20 -22 -23 -24 -25 -26 26 -28 -29 29 -31
leaf_value=4.8596494082477704e-05 -2.1398240770004446e-05 -4.9576226549294476e-05 -0.00016032102240466246 9.7182541715684469e-05 6.2371113121615676e-06 7.0904274692102639e-05 -0.00033830851788595808 0.00014080096389348123 1.2782771034128543e-05 -0.00020063369642178645 -0.0005132145692794193 2.6063294107769169e-05 -0.00047171015579091594 4.3213583832304267e-05 0.00011170447418035125 9.5866195090215257e-05 -0.00026120939308235723 0.00021243712088058397 -6.8042978564874464e-06 6.7655362274178255e-05 -0.00018058029628705447 -6.2221520231593223e-05 -1.3464829162424191e-05 0.00013205605555425683 -0.00010619983419284568 0.00021075604564431885 0.00022442309363358343 -2.2906783556337491e-06 0.00040980010513360255 4.0976968888111358e-05
leaf_weight=10244 92215 4359 3158 1083 8077 3582 973 4074 951 634 846 924 662 3453 3429 315 1488 3083 129068 21919 1390 13694 11075 7751 3631 634 1086 3315 395 13508
leaf_count=10244 92215 4359 3158 1083 8077 3582 973 4074 951 634 846 924 662 3453 3429 315 1488 3083 129068 21919 1390 13694 11075 7751 3631 634 1086 3315 395 13508
internal_value=9.52948e-05 0.000414701 0.00207801 -0.00437986 0.000266673 0.00369773 -0.00386347 0.000361464 0.000224962 0.00259277 -0.00819539 -0.0116776 -0.00680958 0.000603606 0.00137881 -0.00134132 -0.00833333 0.00654539 0.000357121 0.00120646 0.0029184 0.000223539 0.00174237 0.00339272 -8.24337e-07 0.000124995 0.0046425 0.00228539 -3.40978e-05 0.00247968
internal_weight=351016 258801 21150 4241 237651 16909 5332 232319 218926 13393 3383 2432 1586 9319 8685 5256 1803 6665 215543 63906 23309 40597 26903 15828 151637 148006 5035 3949 142971 13903
internal_count=351016 258801 21150 4241 237651 16909 5332 232319 218926 13393 3383 2432 1586 9319 8685 5256 1803 6665 215543 63906 23309 40597 26903 15828 151637 148006 5035 3949 142971 13903
is_linear=0
shrinkage=0.05


Tree=54
num_leaves=31
num_cat=0
split_feature=10 11 14 14 1 11 10 10 13 14 14 13 13 12 14 11 12 13 11 14 10 14 11 12 11 11 14 13 13 10
split_gain=34.8132 36.9737 30.0458 71.1212 28.6468 34.8499 39.8787 112.065 71.3122 68.4614 92.584 67.5698 58.4418 80.4071 59.4294 61.3952 90.1072 68.969 77.1172 65.7751 61.2256 87.0062 58.7249 67.2706 58.0953 55.073 53.8154 52.6116 51.9007 51.4161
threshold=-0.029463592833469218 -0.035697741943328191 0.26245601507157795 0.23397195059943568 0.092837709792039327 0.025879886513439202 -0.0043931743596038455 -0.0047915944000584956 13.050000190734865 0.077019604552505241 0.081032983629692037 13.414999961853029 17.195000648498539 -0.033014578786643371 0.064981322620702234 0.011258220737919157 -0.039440805252848314 21.724999427795414 0.01196305437964529 -0.008595690120394071 -0.0015680296438443373 -0.034288263697227088 0.0057609593190406381 0.061412549385283739 0.015185778563904908 0.02246977949783591 -0.0091057157714133346 13.894999980926515 16.675000190734867 -0.0030480840031554819
decision_type=2 2 2 2 2 2 2 2 2 2 2 2 2 2 2 2 2 2 2 2 2 2 2 2 2 2 2 2 2 2
left_child=1 -1 3 4 5 6 7 8 -2 12 27 -10 13 -8 15 19 -17 18 -18 26 -20 25 23 29 -13 -22 -14 -11 -26 -21
right_child=2 -3 -4 -5 -6 -7 9 -9 11 10 -12 24 14 -15 -16 16 17 -19 20 22 21 -23 -24 -25 28 -27 -28 -29 -30 -31
leaf_value=-0.00083501889024379956 0.00020318757659648436 1.3583605740114664e-05 0.00015206067775278191 -0.00058984790869089857 -9.6560658897690624e-05 3.6175804258733144e-05 0.00019030569508841899 0.00020578451047439386 -0.00026559775644097427 2.4609102786320431e-05 -1.4072870273075348e-05 2.0978376631195864e-05 -3.3322797150339509e-05 5.8343611641326764e-06 0.00027768638664048506 -0.00019951183295274295 0.00020867689894152341 0.00023887513452462304 0.00020719314774176256 1.2686943624600714e-05 1.646879378935425e-05 -0.00014909212993449475 -0.0003080819518450684 0.00018285551453503849 -0.00033056482656727251 0.00022326862470730281 0.00028389245662268015 -0.00079646025777970701 -3.9813827320406891e-05 -0.00016533679881511939
leaf_weight=867 1249 855 1695 847 9675 33277 2086 3357 1249 425 3327 64004 43304 145329 1248 1629 1639 2446 1240 3350 4528 4967 3264 1252 820 846 428 1630 1615 8387
leaf_count=867 1249 855 1695 847 9675 33277 2086 3357 1249 425 3327 64004 43304 145329 1248 1629 1639 2446 1240 3350 4528 4967 3264 1252 820 846 428 1630 1615 8387
internal_value=9.41326e-05 -0.00699768 0.000129113 9.67135e-05 0.00013208 0.000209115 4.07583e-05 0.00106579 0.000631374 -0.000279585 -0.00585284 0.000412924 -0.000146829 0.000440084 -0.0012486 -0.0014234 0.00120121 0.00236499 0.000937973 -0.00218013 -0.000498662 -0.00175757 -0.00489602 -0.00338941 0.000629525 0.00265166 -0.00117077 -0.0141971 -0.00695072 -0.00456462
internal_weight=350835 1722 349113 347418 346571 336896 303619 72294 68937 231325 5382 67688 225943 147415 78528 77280 17295 15666 13220 59985 11581 10341 16253 12989 66439 5374 43732 2055 2435 11737
internal_count=350835 1722 349113 347418 346571 336896 303619 72294 68937 231325 5382 67688 225943 147415 78528 77280 17295 15666 13220 59985 11581 10341 16253 12989 66439 5374 43732 2055 2435 11737
is_linear=0
shrinkage=0.05


Tree=55
num_leaves=31
num_cat=0
split_feature=6 12 4 3 12 12 12 16 12 14 4 10 10 9 10 14 14 10 12 14 12 12 10 14 12 14 10 14 12 14
split_gain=33.7268 25.6053 31.2102 24.0646 30.501 51.0502 34.4356 32.4953 29.1062 23.3886 22.682 24.5286 22.5966 45.0269 45.3003 31.4267 42.6533 26.8778 24.4212 37.6936 47.3617 24.0448 23.2808 35.2866 26.0641 28.3144 32.1096 28.7536 23.3614 32.5108
threshold=0.30127090372145654 -0.075828258528587975 0.069423835206657278 -0.0015220758369216545 -0.0041728590088926923 -0.0093119022308690274 -0.011160123859114189 -0.0098813992219199936 0.0048491257127185614 0.079095926518506735 0.04310382979079478 0.06903334451863076 -0.0061039058742593513 -0.29811793102459266 -0.013932241848525038 0.042306243871835354 0.041398643260536445 -0.0086987636486000035 0.026461496943730015 0.083482873400912663 0.040312415369648032 0.0090147692043446321 0.00090086479202544656 0.0080830591469587282 0.12384640389246161 0.013234785210327617 -0.0029081479641121506 -0.01786915050429105 0.04102656469090827 0.02729978908146902
decision_type=2 2 2 2 2 2 2 2 2 2 2 2 2 10 2 2 2 2 2 2 2 2 2 2 2 2 2 2 2 2
left_child=1 -1 3 4 5 6 -3 -7 -6 -9 -2 -12 13 17 -15 16 22 -10 -17 20 -20 -16 24 -24 25 26 27 -14 29 -27
right_child=10 2 -4 -5 8 7 -8 9 12 -11 11 -13 15 14 21 18 -18 -19 19 -21 -22 -23 23 -25 -26 28 -28 -29 -30 -31
leaf_value=0.00011268372058672587 -1.2460314647049137e-05 -2.7479011042007978e-05 -0.00030475212560184092 1.5558353909801529e-05 7.2080372552312677e-05 -5.6455555895420455e-05 0.00025778453300270566 -0.00014179831191674593 -0.00016951554247071428 -0.00037944486174496336 -0.0001719274412323224 -0.0012480368883971708 -0.00015926251860477671 -0.00011813037942193205 -0.00017622358712602047 9.352693982919194e-06 0.00063500456306290944 6.0843635460917014e-05 -0.0002691661613979467 0.00022480327020027631 -1.190851404350617e-05 0.0001426714271710017 1.4333511633509919e-06 0.00011464804293133982 -0.00048988863130778378 -0.00015448980344903138 -2.0551489416889797e-05 0.00014895543405122298 -0.00020753527133883325 5.1336915105456606e-05
leaf_weight=3343 95942 18313 2766 154489 6482 1893 739 1318 1438 920 7225 213 336 774 178 2533 416 1072 2656 329 1771 4517 19627 3890 289 2181 10022 1876 1456 1905
leaf_count=3343 95942 18313 2766 154489 6482 1893 739 1318 1438 920 7225 213 336 774 178 2533 416 1072 2656 329 1771 4517 19627 3890 289 2181 10022 1876 1456 1905
internal_value=7.07448e-05 0.00038753 0.000328029 0.000388535 -0.000276944 -0.00183 -0.000737455 -0.0068688 0.000287852 -0.0109473 -0.000687754 -0.00334767 -7.15957e-05 0.00239692 0.00494149 -0.00047122 5.47645e-05 -0.00314741 -0.00350185 -0.00561396 -0.00682742 0.00678914 -0.000104613 0.000932304 -0.00145447 -0.00121231 0.000130783 0.00558318 -0.00417719 -0.00223935
internal_weight=350909 247529 244186 241420 86931 23183 19052 4131 63748 2238 103380 7438 57266 7979 5469 49287 41998 2510 7289 4756 4427 4695 41582 23517 18065 17776 12234 2212 5542 4086
internal_count=350909 247529 244186 241420 86931 23183 19052 4131 63748 2238 103380 7438 57266 7979 5469 49287 41998 2510 7289 4756 4427 4695 41582 23517 18065 17776 12234 2212 5542 4086
is_linear=0
shrinkage=0.05


Tree=56
num_leaves=31
num_cat=0
split_feature=0 11 10 11 14 14 14 11 14 10 10 13 11 11 14 14 13 11 11 11 11 14 14 11 11 11 10 13 11 10
split_gain=34.4767 26.7301 34.39 61.9667 70.3275 61.1756 56.985 72.8344 68.6769 53.5965 95.5192 79.9202 54.3226 54.9172 49.0454 76.7867 63.277 62.0515 84.992 65.7572 65.4722 71.2391 52.7882 68.3533 50.5152 132.539 75.3368 64.5776 49.7347 49.6537
threshold=-0.043368054712894837 0.025879886513439202 -0.0039079154947589392 0.011634052199270497 0.01016731697942619 -0.0066427814256201914 -0.037220785866969024 0.02167406842699671 -0.039568606403770572 0.010510737947986739 0.0083252944612894914 17.394999504089359 0.02246977949783591 0.020864576948081862 0.077019604552505241 0.064981322620702234 15.434999942779543 0.0021655694557776166 -0.0016854433058603455 0.01196305437964529 0.012868184852310784 0.042306243871835354 -0.0032889554051496734 0.013536356152071051 0.010672166565218634 0.0026615433569360252 0.003415324016821653 16.894999504089359 0.0019507060207528684 0.0017576086312266483
decision_type=2 2 2 2 2 2 2 2 2 2 2 2 2 2 2 2 2 2 2 2 2 2 2 2 2 2 2 2 2 2
left_child=-1 2 3 4 5 -2 7 8 -4 10 12 -12 13 14 15 16 17 18 -8 -19 -21 22 23 -22 25 26 28 -28 -18 -25
right_child=1 -3 6 -5 -6 -7 9 -9 -10 -11 11 -13 -14 -15 -16 -17 24 19 -20 20 21 -23 -24 29 -26 -27 27 -29 -30 -31
leaf_value=-0.00015047306472267888 -2.0493483795683797e-05 3.1917595313429689e-05 1.6157074451137246e-07 -0.00010444222020840593 1.8112314256508066e-05 0.00019526958982649112 4.3153646207491797e-06 0.00012752145007621592 0.00010686888880479624 -0.00014666381379250154 0.00016476919277348451 -0.0001288340349377437 -0.00011757205903777752 0.00010615810308990694 -0.00016151909501439202 0.00027177635260723328 -6.4765251452426205e-06 6.0973853187261895e-05 -0.00019822948792779847 -0.00022622028886313671 0.00018497009499082766 -0.00023678975567928233 6.5792352155996702e-05 6.7488610653830048e-05 1.1554503131026938e-05 -0.00015993813114264361 6.3639129676972609e-06 -0.00027949620463931863 0.00020442260324785491 -0.00010979068828877213
leaf_weight=6756 2031 36155 70639 4956 67752 4152 8778 3772 5463 2927 3806 1270 6707 3370 4585 1661 26725 20894 4577 2091 418 1234 10871 2122 16380 17120 2520 3820 1279 6298
leaf_count=6756 2031 36155 70639 4956 67752 4152 8778 3772 5463 2927 3806 1270 6707 3370 4585 1661 26725 20894 4577 2091 418 1234 10871 2122 16380 17120 2520 3820 1279 6298
internal_value=7.36909e-05 0.000143086 -7.7867e-06 0.000892687 0.00125549 0.00636018 -0.00031756 0.000760573 0.00042443 -0.000893759 -0.000759933 0.00597912 -0.00100177 -0.000783158 -0.000944829 -0.000761113 -0.000902883 0.000320776 -0.0026638 0.00122815 -0.000614309 0.000228 0.000957684 -0.0019122 -0.00193606 -0.00270577 -0.000914279 -0.00583596 0.000199971 -0.00289192
internal_weight=351129 344373 308218 78891 73935 6183 229327 79874 76102 149453 146526 5076 141450 134743 131373 126788 125127 57283 13355 43928 23034 20943 19709 8838 67844 51464 34344 6340 28004 8420
internal_count=351129 344373 308218 78891 73935 6183 229327 79874 76102 149453 146526 5076 141450 134743 131373 126788 125127 57283 13355 43928 23034 20943 19709 8838 67844 51464 34344 6340 28004 8420
is_linear=0
shrinkage=0.05


Tree=57
num_leaves=31
num_cat=0
split_feature=5 6 13 13 11 11 10 10 13 13 11 10 13 11 11 11 11 13 9 11 13 11 11 11 11 11 10 13 10 13
split_gain=30.288 27.1238 27.8065 31.8004 29.8121 23.9728 66.4772 52.2228 39.5782 100.621 75.831 60.645 64.6171 55.4246 67.8029 96.0469 57.0396 73.7542 52.7743 45.6856 65.757 44.8273 44.9999 44.3085 86.2747 102.373 43.471 40.3147 38.6129 38.1027
threshold=0.04053217276202218 1.0195664363481269 27.855000495910648 25.505000114440922 -0.020944114247125386 -0.022075871244429331 0.0041080829558171059 0.0092143531748835068 17.164999961853031 16.510000228881839 -0.0069171580210211072 0.017102322993862277 15.464999675750734 0.011258220737919157 0.0057609593190406381 0.0050783448467380818 0.0059862979664929714 19.520000457763675 0.28522003421108294 0.029387931380338687 16.345000267028812 0.011605230504387444 0.011634052199270497 0.0029094650612268018 0.01196305437964529 0.01259030861125965 0.00021013037674633142 15.194999694824221 0.012727043065882683 13.605000019073488
decision_type=2 2 2 2 2 2 2 2 2 2 2 2 2 2 2 2 2 2 8 2 2 2 2 2 2 2 2 2 2 2
left_child=1 5 3 -3 -5 6 -1 -8 9 11 -11 12 23 14 15 -10 -16 -18 -12 -14 -21 -15 -23 28 29 -26 -20 -27 -7 -25
right_child=-2 2 -4 4 -6 8 7 -9 13 10 18 -13 19 21 16 -17 17 -19 26 20 -22 22 -24 24 25 27 -28 -29 -30 -31
leaf_value=6.7016607858301085e-05 -0.00024665544161868805 -2.5364362810135091e-05 -0.00028604685668397943 -6.8002751727222092e-06 0.00038150950010512602 -1.3662749135628841e-05 -0.00023055800393415428 5.1676648262874789e-05 -2.6652737577299511e-05 0.00017686907616576775 8.2745930089909517e-05 0.00016407128901315535 -5.3090180046061131e-05 0.00016830230814149027 -0.00058245967601542096 0.00026098168328492075 -0.00014748906244237562 5.2249744799288135e-05 7.6630603063972e-05 0.00016804977910447674 -0.00022926453619763118 -0.0003940327636420444 1.974437815646848e-05 8.9155849132472096e-05 -0.00024107806225089651 2.2838774745876682e-06 -9.2518622185521716e-05 0.00015301993757345237 -0.00018506365316474664 3.0705678410899301e-05
leaf_weight=21476 4240 48539 1613 840 764 31797 2132 1520 53453 4866 13508 1886 31683 1500 769 1790 8787 3186 2314 1784 404 317 30373 14566 2048 43353 4127 2179 1082 13715
leaf_count=21476 4240 48539 1613 840 764 31797 2132 1520 53453 4866 13508 1886 31683 1500 769 1790 8787 3186 2314 1784 404 317 30373 14566 2048 43353 4127 2179 1082 13715
internal_value=7.29441e-05 0.000124361 -0.000931293 -0.000723431 0.00620324 0.000309811 0.00178685 -0.00444962 0.000172086 0.000638171 0.00357949 0.000133048 1.52513e-05 -0.000615673 -0.00142495 -0.0006666 -0.00471276 -0.00386495 0.0022144 -0.00189174 0.00509598 0.00109351 0.000681004 0.000609251 0.00127371 -2.62715e-05 -0.00150986 0.000465607 -0.000923842 0.0034608
internal_weight=350611 346371 51756 50143 1604 294615 25128 3652 269487 169312 24815 144497 142611 100175 67985 55243 12742 11973 19949 33871 2188 32190 30690 108740 75861 47580 6441 45532 32879 28281
internal_count=350611 346371 51756 50143 1604 294615 25128 3652 269487 169312 24815 144497 142611 100175 67985 55243 12742 11973 19949 33871 2188 32190 30690 108740 75861 47580 6441 45532 32879 28281
is_linear=0
shrinkage=0.05


Tree=58
num_leaves=31
num_cat=0
split_feature=5 5 13 12 13 12 12 11 11 11 14 14 14 14 12 13 14 14 11 11 13 11 13 11 13 14 14 10 10 12
split_gain=31.1943 28.5099 22.9407 40.5691 24.1055 86.3225 98.3325 51.2229 134.344 64.1209 72.0864 63.8138 56.5364 44.301 38.3321 37.0487 36.6378 34.9829 42.1977 45.206 32.734 30.4505 37.7028 63.9701 30.2635 65.6316 43.0778 29.8408 35.6472 28.7795
threshold=0.021751464279710763 0.0070193506240395385 12.119999885559084 0.039535416571109601 13.744999885559084 0.0094949334570126904 0.015576127060618618 0.00023769852102906167 -0.0042559755894635001 0.012210489302713847 0.010891009150098998 0.0066946732173895915 0.05244160831962786 -0.0015377949631008578 0.022559205045489476 12.994999885559084 -0.091137781806863202 0.023372981459681922 0.030070663333597095 0.022126128293985085 12.494999885559084 0.0021655694557776166 12.84500026702881 0.0053137315210420874 13.934999942779543 0.077019604552505241 -0.033055750463650273 0.010510737947986739 -0.0013774767726894008 0.028915668765050032
decision_type=2 2 2 2 2 2 2 2 2 2 2 2 2 2 2 2 2 2 2 2 2 2 2 2 2 2 2 2 2 2
left_child=1 -1 3 -3 5 -4 -7 8 -8 10 13 14 15 16 -11 -12 -9 -13 19 -19 -16 -18 23 -23 25 26 -6 28 -28 -10
right_child=-2 2 4 -5 24 6 7 9 29 11 12 17 -14 -15 20 -17 21 18 -20 -21 -22 22 -24 -25 -26 -27 27 -29 -30 -31
leaf_value=0.00010798711344509661 -4.5715836143496406e-05 -0.00026443088702390996 0.00017413669192523339 -9.616493947045752e-06 5.8917711577556337e-05 -0.00040031547612393096 0.00013780924580663055 -0.00030520596935585081 2.858310213436717e-05 0.00018297227983744317 1.9959227031481325e-05 0.00012215527769672335 0.00015719220056155427 0.00019950337431392788 2.730220518575824e-05 -0.00019473788623701073 -0.00012407163122481199 -5.1115764766987538e-05 -0.0003454884914204425 0.0001849590882112591 -7.8765055459509037e-05 0.00010489597568245462 0.00011595223453329624 -8.5508693343341882e-05 3.6549564234898042e-06 -0.00054618269047063735 -0.00015503380072252122 -0.00030888059378136423 2.3380427180210838e-05 -0.00016412657345486094
leaf_weight=1463 47165 794 2692 2334 2705 805 1956 396 770 788 1165 4306 1155 2717 3193 1912 794 1954 396 1191 10188 1964 7001 1956 238278 763 1946 812 2731 4602
leaf_count=1463 47165 794 2692 2334 2705 805 1956 396 770 788 1165 4306 1155 2717 3193 1912 794 1954 396 1191 10188 1964 7001 1956 238278 763 1946 812 2731 4602
internal_value=7.95116e-05 0.000265288 0.000231586 -0.00402813 0.000276129 0.00125576 0.000778821 0.00106706 -0.00278384 0.00175407 0.00387723 -8.40298e-05 -0.00187854 0.00551996 -0.0020873 -0.00541924 0.0042255 0.0035332 -0.000148263 0.00178855 -0.00271841 0.00473111 0.00541846 0.00149235 7.04795e-05 -0.00278274 -0.00147669 -0.00402168 -0.00248557 -0.00686895
internal_weight=350892 303727 302264 3128 299136 51901 49209 48404 7328 41076 19060 22016 4232 14828 14169 3077 12111 7847 3541 3145 13381 11715 10921 3920 247235 8957 8194 5489 4677 5372
internal_count=350892 303727 302264 3128 299136 51901 49209 48404 7328 41076 19060 22016 4232 14828 14169 3077 12111 7847 3541 3145 13381 11715 10921 3920 247235 8957 8194 5489 4677 5372
is_linear=0
shrinkage=0.05


Tree=59
num_leaves=31
num_cat=0
split_feature=8 3 12 13 12 12 15 14 12 3 13 14 14 14 12 12 13 14 14 13 12 6 12 16 15 14 14 13 13 15
split_gain=29.2108 32.1669 52.1848 86.1071 73.2705 50.682 39.4011 41.5152 68.1691 31.7677 29.4159 42.3499 31.0056 33.9848 30.9691 42.6488 42.495 28.8774 23.1069 22.2423 27.199 22.0959 21.6067 18.8245 18.3413 22.0367 26.8431 20.8356 20.2611 17.3354
threshold=0.35788925720260206 -0.0049774955986651151 -0.0062518932096157767 20.375000000000004 -0.0093119022308690274 0.054230156972347017 0.0072927733864154307 0.23397195059943568 -0.063506994691829508 0.013941730950501443 19.329999923706058 -0.055141973533754989 -0.048201737040391705 0.17907813454888047 0.02867505219605682 0.029234370141405511 20.555000305175785 0.034817373929807223 0.15844695899744313 12.119999885559084 0.039535416571109601 -0.35407591943419758 -0.011160123859114189 -0.0021186889065902821 -0.0011170218011013475 0.031034450620846536 0.02729978908146902 14.734999656677248 17.945000648498539 0.0095925959095126707
decision_type=8 2 2 2 2 2 2 2 2 2 2 2 2 2 2 2 2 2 2 2 2 2 2 2 2 2 2 2 2 2
left_child=1 2 4 24 6 29 7 22 -9 10 11 -2 -12 14 16 -16 -14 -6 -19 20 -3 -21 -1 -8 -4 26 28 -27 -26 -5
right_child=9 19 3 5 17 -7 23 8 -10 -11 12 -13 13 -15 15 -17 -18 18 -20 21 -22 -23 -24 -25 25 27 -28 -29 -30 -31
leaf_value=-1.1939394197284585e-05 5.7778897423743521e-05 -0.0002259588496068961 9.1754065837399656e-06 0.00029362922411559533 -6.251176435007012e-05 -3.0034751925585561e-05 -0.00044855434822804068 3.5718124512775151e-05 -0.0014091186719935576 -0.000513581641805037 -0.00021192874785700918 -0.00021938431594489447 0.00023009866241893771 -0.00043760097521316506 -0.00061016898434504744 1.0003092609162449e-05 3.117127929581059e-05 -0.00047917785592172836 -0.00024777946131165424 1.9165691314091893e-05 -2.0704437223408381e-05 1.533146457550279e-06 0.00029221808390697497 -9.7426392908942481e-05 -9.101707376986835e-06 -0.00023567354784575077 0.00022062704867910961 -6.9844114221986149e-05 -0.00014645132422613053 -3.5087351863653805e-05
leaf_weight=13957 1333 737 24513 2531 630 1146 1213 682 603 1097 589 3259 1230 426 412 2010 3300 1096 763 118713 2301 149458 421 1403 10732 1077 418 2364 2237 249
leaf_count=13957 1333 737 24513 2531 630 1146 1213 682 603 1097 589 3259 1230 426 412 2010 3300 1096 763 118713 2301 149458 421 1403 10732 1077 418 2364 2237 249
internal_value=0.000103163 0.000194963 -0.000794654 0.000157399 -0.0028698 0.00723383 -0.00177389 -0.000825193 -0.0094358 -0.00216388 -0.00145115 -0.0046385 0.000385967 0.00126728 0.00210731 -0.00245665 0.00454746 -0.010918 -0.0140533 0.000435918 -0.0038183 0.000484113 -5.56406e-05 -0.00745413 -0.000514622 -0.00178571 -0.00086838 -0.00535455 -0.00127034 0.0108813
internal_weight=350900 337244 66035 45267 20768 3926 18279 15663 1285 13656 12559 4592 7967 7378 6952 2422 4530 2489 1859 271209 3038 268171 14378 2616 41341 16828 13387 3441 12969 2780
internal_count=350900 337244 66035 45267 20768 3926 18279 15663 1285 13656 12559 4592 7967 7378 6952 2422 4530 2489 1859 271209 3038 268171 14378 2616 41341 16828 13387 3441 12969 2780
is_linear=0
shrinkage=0.05


Tree=60
num_leaves=31
num_cat=0
split_feature=8 10 11 12 12 12 14 14 11 14 10 11 11 11 10 10 11 12 12 13 13 13 11 13 13 13 14 13 10 14
split_gain=30.4238 29.1497 26.924 26.9118 61.5782 59.0441 26.472 61.0617 25.0479 23.989 23.877 23.1198 34.7928 31.0272 36.514 44.9157 33.0376 46.4209 42.2485 61.1853 76.4105 33.6513 32.8142 42.2055 30.7382 29.7998 28.6078 24.855 24.7419 80.2912
threshold=0.35788925720260206 -0.029463592833469218 -0.035697741943328191 -0.037182022150964049 -0.019164268352129695 -0.052669817960988401 0.26245601507157795 0.23397195059943568 -0.055970662091911087 0.21504170766917155 0.06903334451863076 0.025879886513439202 0.049786162731180202 0.039736199013419633 0.0054484858672928524 0.0056131556755568699 0.035554574411001412 0.05549664954164369 0.037030624356881099 19.010000228881839 16.085000038146976 16.260000228881839 0.031454156137576302 14.175000190734865 25.010000228881839 15.574999809265138 -0.070157890185866142 13.194999694824221 -0.0018259871478111254 -0.034719790282674072
decision_type=8 2 2 2 2 2 2 2 2 2 2 2 2 2 2 2 2 2 2 2 2 2 2 2 2 2 2 2 2 2
left_child=1 2 8 5 -5 -2 7 9 -1 10 11 28 13 16 -15 -16 18 -18 19 20 25 -22 23 -20 -14 27 -17 -13 -3 -30
right_child=3 6 -4 4 -6 -7 -8 -9 -10 -11 -12 12 24 14 15 26 17 -19 22 -21 21 -23 -24 -25 -26 -27 -28 -29 29 -31
leaf_value=-0.00011953655887139166 0.00026577243983261483 1.6013330767571567e-05 -3.9663714376640851e-06 0.0001042015898867434 -7.9704706860461976e-05 -0.00038361088193159622 0.00014265252520290618 -0.00052199441478873831 -0.0016908038077504837 0.00013179743619152313 -0.00053623637831088581 0.00017550950427293099 -0.00015235927879966044 0.00017425519196674554 -0.00023439958167636158 0.00047141827181369615 -0.00011987320315747104 0.00021949760334915252 -0.00028353113889656244 0.00032702236935634016 -0.00045631904944747618 -2.1381384581553199e-05 5.4290738695713699e-05 -2.3940012666746003e-05 5.9809148492142664e-05 0.00026128097150393477 2.7056578078077357e-05 4.1539140961971598e-05 1.9106667737943917e-05 -2.5542690505994736e-05
leaf_weight=434 449 104244 863 2548 8996 1690 1679 870 405 1253 429 1264 2560 3813 415 423 3414 413 836 862 426 3802 3777 2934 1712 1279 3372 4239 80487 111210
leaf_count=434 449 104244 863 2548 8996 1690 1679 870 405 1253 429 1264 2560 3813 415 423 3414 413 836 862 426 3802 3777 2934 1712 1279 3372 4239 80487 111210
internal_value=8.77248e-05 0.000181453 -0.00634548 -0.00222356 -0.00126906 -0.00737494 0.000214543 0.000183065 -0.0127235 0.000217611 0.000191542 0.000206799 0.00141175 0.00198999 0.00467095 0.00146081 0.0010647 -0.00318134 0.00190149 0.00376095 0.00275658 -0.00251892 -0.00102359 -0.00432361 -0.00282069 0.00604541 0.00316864 0.00444757 6.20901e-05 -0.000275043
internal_weight=351098 337415 1702 13683 11544 2139 335713 334034 839 333164 331911 331482 35541 31269 8023 4210 23246 3827 19419 11872 11010 4228 7547 3770 4272 6782 3795 5503 295941 191697
internal_count=351098 337415 1702 13683 11544 2139 335713 334034 839 333164 331911 331482 35541 31269 8023 4210 23246 3827 19419 11872 11010 4228 7547 3770 4272 6782 3795 5503 295941 191697
is_linear=0
shrinkage=0.05


Tree=61
num_leaves=31
num_cat=0
split_feature=10 11 8 11 14 10 16 11 4 11 10 12 14 8 11 10 10 12 11 11 14 12 12 12 10 12 11 11 14 12
split_gain=31.4759 30.4342 27.0725 26.9703 40.7744 46.986 32.8117 25.6052 24.7987 24.9859 74.0501 77.2168 43.3524 32.9682 32.4951 30.8435 51.6412 77.413 49.1132 45.346 78.9972 43.0791 105.124 160.896 82.1665 81.1416 89.4434 77.5419 62.298 56.6291
threshold=-0.029463592833469218 -0.035697741943328191 0.35788925720260206 -0.0037227155807691976 -0.048201737040391705 0.0019017631763441625 -0.011608100008652032 -0.0018136184139459497 0.013048623246630775 -0.022075871244429331 0.0028153334889018393 -0.0077540971574964193 0.23397195059943568 -0.023569098925491024 -0.020444088180766703 0.0041080829558171059 0.003415324016821653 0.0065049739274190008 0.030714770173313481 -0.0049522354803098181 -0.01909405816599757 -0.00073998910017980524 0.014344491575221776 0.017676084709553511 0.0056441897511456682 -0.037182022150964049 0.030714770173313481 0.011634052199270497 -0.16769008837329388 0.055910594976570589
decision_type=2 2 8 2 2 2 2 2 2 2 2 2 2 10 2 2 2 2 2 2 2 2 2 2 2 2 2 2 2 2
left_child=1 -1 8 4 6 -6 -4 -5 -2 10 11 -10 15 -12 -14 16 18 -18 -11 20 -17 25 28 -24 -25 -21 27 -27 -23 -26
right_child=2 -3 3 7 5 -7 -8 -9 9 12 13 -13 14 -15 -16 19 17 -19 -20 21 -22 22 23 24 29 26 -28 -29 -30 -31
leaf_value=-0.00073964139988353598 4.0520373890344736e-05 -3.5189047810741401e-06 -0.00037176574924874635 -0.00056273931462556619 -9.2416268744567088e-06 0.00020392293997998183 2.9353862573524952e-06 -9.5586630873054253e-05 3.3950764209153728e-05 -7.1204062886898876e-06 -0.00019659034179859861 0.00019371704168901022 -0.00076684806343745374 7.9272482347890395e-06 -7.9239226139103325e-05 -5.0648233488142593e-06 -0.00037590224498561882 -3.9734720391847693e-05 7.8381083681177121e-05 -3.6671896409595913e-05 -0.00030442342843902407 0.00034252009798644401 0.00026160980445263688 7.672474924224334e-05 1.621882974035564e-05 7.9411324513648052e-05 -9.7530056447427675e-05 0.00023295992025458074 -8.8075802803232447e-05 -8.2027345630312801e-05
leaf_weight=847 8287 870 657 485 3970 1283 625 6592 17281 171415 2671 4123 426 2360 803 12966 1232 11920 8799 5552 2428 411 2906 12612 34729 5400 2118 4599 12346 10230
leaf_count=847 8287 870 657 485 3970 1283 625 6592 17281 171415 2671 4123 426 2360 803 12966 1232 11920 8799 5552 2428 411 2906 12612 34729 5400 2118 4599 12346 10230
internal_value=7.00256e-05 -0.00668317 0.000103228 -0.00208272 0.000233359 0.00218447 -0.00776131 -0.00422142 0.000191887 0.0001235 0.00159731 0.0028803 -5.98221e-06 -0.00386106 -0.00937754 3.24531e-05 -0.000343649 -0.00336831 -0.000122909 0.000716624 -0.00179291 0.0011416 0.000606959 0.00147701 0.000897587 0.00335758 0.00565115 0.00762826 -0.00351768 -0.000102872
internal_weight=350943 1717 349226 13612 6535 5253 1282 7077 335614 327327 26435 21404 300892 5031 1229 299663 193366 13152 180214 106297 15394 90903 73234 60477 57571 17669 12117 9999 12757 44959
internal_count=350943 1717 349226 13612 6535 5253 1282 7077 335614 327327 26435 21404 300892 5031 1229 299663 193366 13152 180214 106297 15394 90903 73234 60477 57571 17669 12117 9999 12757 44959
is_linear=0
shrinkage=0.05


Tree=62
num_leaves=31
num_cat=0
split_feature=5 4 6 11 10 12 11 10 10 14 13 12 13 14 14 11 12 10 10 14 13 9 13 14 14 11 11 12 11 10
split_gain=29.0882 24.984 24.3595 25.4366 49.8465 45.6449 45.2318 36.6059 35.2404 25.0966 28.2379 26.7374 25.0246 33.7639 36.0109 30.8439 34.249 39.3982 27.8183 24.6986 75.8268 59.8297 40.1436 37.2957 50.979 44.5042 38.3611 35.9283 75.3564 35.2396
threshold=0.037924788143841461 0.013048623246630775 1.078333278391878 -0.022075871244429331 0.0028153334889018393 0.018290982479416521 -0.0237759721784318 -0.013932241848525038 -0.014256563971479506 0.14080193058780369 22.429999351501468 0.023999883801220871 22.285000801086429 0.15844695899744313 0.45247854199056486 -0.026323618530511902 -0.019977149001015378 -0.010705879931759586 -0.012001983030752781 -0.068136872709181048 18.94999980926514 0.96496965164964477 19.72500038146973 -0.054330610723124943 -0.037220785866969024 0.04720517450512441 0.040649708867645969 0.0027925929369287954 -0.012367016297633369 0.011197957811865391
decision_type=2 2 2 2 2 2 2 2 2 2 2 2 2 2 2 2 2 2 2 2 2 8 2 2 2 2 2 2 2 2
left_child=1 -1 3 4 5 12 -6 8 9 11 -11 -5 15 -14 -15 16 17 18 -3 20 27 22 -22 26 25 -25 -21 29 -29 -9
right_child=-2 2 -4 7 6 -7 -8 19 -10 10 -12 -13 13 14 -16 -17 -18 -19 -20 23 21 -23 -24 24 -26 -27 -28 28 -30 -31
leaf_value=3.9903430849209683e-05 -0.00020954184037591094 3.6819889017702771e-05 -2.6448586780768646e-05 6.5742476534223508e-05 -0.00012114560668373306 0.00023232609749185081 9.3400864893041944e-05 0.00014754824936327412 -0.00031217632905731281 -5.7376064277642021e-05 -0.00051005098121065381 -0.00034011135017885172 4.2420706944420501e-05 -0.00044150996473945274 6.97631230277559e-05 0.00021191892850239971 -5.5682755179703778e-05 0.00015657271214180896 -0.00045272749712616705 -7.0877490406782206e-05 -0.00015877613681764054 -0.00036421450775737919 3.0886389622966508e-05 5.4007898699784702e-05 -1.9445272923853535e-06 -0.0001294793466748692 0.00012185855052267099 -0.00052165702353288866 4.6931851987200857e-05 3.3888842589546805e-05
leaf_weight=8209 5651 1121 47904 2505 3640 1651 1167 4115 1279 1977 612 294 7447 1172 719 3039 2420 2524 297 14184 2129 1007 6100 24247 186209 1440 1035 378 13891 2633
leaf_count=8209 5651 1121 47904 2505 3640 1651 1167 4115 1279 1977 612 294 7447 1172 719 3039 2420 2524 297 14184 2129 1007 6100 24247 186209 1440 1035 378 13891 2633
internal_value=9.43031e-05 0.000152529 8.6167e-05 0.000259135 0.001777 0.00285679 -0.0028032 0.000114284 -0.00354357 -0.00177246 -0.00532059 0.00150947 0.0021546 0.000321268 -0.00564516 0.00397564 0.00199623 0.00487062 -0.00179831 0.000209039 0.00155109 -0.00222499 -0.000817232 3.0271e-05 0.000201986 0.00229007 -0.00236054 0.0032105 0.00178884 0.00621666
internal_weight=350996 345345 337136 289232 25197 20390 4807 264035 6667 5388 2589 2799 18739 9338 1891 9401 6362 3942 1418 257368 30253 9236 8229 227115 211896 25687 15219 21017 14269 6748
internal_count=350996 345345 337136 289232 25197 20390 4807 264035 6667 5388 2589 2799 18739 9338 1891 9401 6362 3942 1418 257368 30253 9236 8229 227115 211896 25687 15219 21017 14269 6748
is_linear=0
shrinkage=0.05


Tree=63
num_leaves=31
num_cat=0
split_feature=0 0 14 13 13 11 13 10 10 13 11 11 14 6 4 11 8 13 13 13 11 11 13 14 13 11 15 13 11 15
split_gain=25.7317 23.2895 23.0355 21.3371 63.4647 31.1441 30.2813 54.5399 46.7992 37.3496 26.4252 54.7474 32.6449 34.2691 24.0097 23.2743 26.8755 21.0736 84.2465 64.8713 51.3221 61.6437 60.0917 44.1836 43.9312 38.87 38.8687 30.7376 30.1167 54.1862
threshold=-0.040075793244192685 0.084302722516504738 -0.19490876951167976 30.345000267028812 28.970000267028812 -0.055970662091911087 25.505000114440922 -0.017312000709356064 -0.015213589282174643 27.070000648498539 0.049786162731180202 0.039736199013419633 -0.01013918808565367 -1.5906913956376847 0.015256306194895125 0.042684586959819588 -0.15696942580290804 21.134999275207523 21.555000305175785 20.060000419616703 0.011779820337422755 0.022829812381502172 22.330000877380375 -0.13532199000438486 19.98499965667725 -0.023324981642921735 0.0049073429265167343 24.695000648498539 0.014617702220924735 0.01738721296376489
decision_type=2 2 2 2 2 2 2 2 2 2 2 2 2 2 2 2 10 2 2 2 2 2 2 2 2 2 2 2 2 2
left_child=-1 3 -3 4 6 -5 10 -8 -9 15 11 14 13 -13 -2 16 -10 19 -19 24 22 -22 -20 -24 -16 26 -25 -27 -21 -30
right_child=1 2 -4 5 -6 -7 7 8 9 -11 -12 12 -14 -15 17 -17 -18 18 20 28 21 -23 23 25 -26 27 -28 -29 29 -31
leaf_value=-0.00010406082318974094 2.011741461547044e-05 -0.0011460210933982471 -0.00016775676653877497 -0.00017794976952048829 -0.00037078840467450299 0.00014345393412366011 -0.00022975810731297471 0.00033129972520820443 0.00024474631949932262 0.00019094312390557697 -0.00010833118808579606 -0.00017915919133207889 -1.5418408389138161e-06 0.00015434457444847427 -2.9330770090081271e-06 0.00075113548348087567 -0.00010635651652246337 -0.00025355963933704656 5.4042087067387658e-05 5.7245414690652475e-05 0.00023078974436305992 -4.8357936648005946e-05 0.000118775347148742 3.5283790667514291e-05 -0.00029527556030097446 -0.00022890360836627603 -0.00061256130525820193 -3.6148378063270184e-05 0.00026982946947235527 -0.00018728610721449807
leaf_weight=8203 30196 244 1139 867 1411 3717 1034 1177 481 2033 2930 267 2507 4308 242021 411 1899 3477 6683 14860 2498 1655 1230 3371 1193 6240 490 2825 1242 334
leaf_count=8203 30196 244 1139 867 1411 3717 1034 1177 481 2033 2930 267 2507 4308 242021 411 1899 3477 6683 14860 2498 1655 1230 3371 1193 6240 490 2825 1242 334
internal_value=6.41842e-05 0.00013042 -0.0063449 0.000156654 0.000110534 0.00354494 0.000155056 0.00340085 0.0052283 0.00304726 8.55093e-05 0.000128074 0.00447614 0.00698907 3.13369e-05 -0.000707632 -0.00260504 -0.000109243 -0.00140065 3.23512e-05 -0.000386124 0.00468938 -0.00139762 -0.00324244 -0.000173099 -0.00410413 9.71251e-05 -0.00589355 0.00307252 0.00964467
internal_weight=350943 342740 1383 341357 336773 4584 335362 7035 6001 4824 328327 325397 7082 4575 318315 2791 2380 288119 28469 259650 24992 4153 20839 14156 243214 12926 3861 9065 16436 1576
internal_count=350943 342740 1383 341357 336773 4584 335362 7035 6001 4824 328327 325397 7082 4575 318315 2791 2380 288119 28469 259650 24992 4153 20839 14156 243214 12926 3861 9065 16436 1576
is_linear=0
shrinkage=0.05


Tree=64
num_leaves=31
num_cat=0
split_feature=6 5 11 10 12 11 10 14 14 12 14 16 12 12 9 13 13 9 11 13 14 14 14 13 11 11 11 11 12 12
split_gain=25.6071 20.5935 20.3455 51.8113 38.4951 36.2622 29.3815 26.6207 77.6465 49.3325 44.7109 31.5322 30.3993 28.5268 25.0088 24.9426 80.0255 57.6842 59.1086 57.0131 62.7886 52.194 50.2068 43.4863 48.8963 46.8809 51.0719 79.6111 41.0884 42.6977
threshold=0.44966797366281924 0.022356557852399608 -0.022075871244429331 0.0028153334889018393 0.018290982479416521 -0.0237759721784318 -0.013932241848525038 0.083482873400912663 0.079095926518506735 -0.0014831897497937228 0.098456899427642589 -0.0091541297853359165 0.0033715039290467268 0.0086975784270316731 0.33056038681548522 17.195000648498539 16.510000228881839 0.4863693508981321 -0.0029128519461645848 16.285000801086429 -0.086337752297859935 0.077019604552505241 0.077019604552505241 15.464999675750734 0.029387931380338687 0.0013310128060490813 0.01196305437964529 0.01259030861125965 -0.018675976456826889 0.019574400022136732
decision_type=2 2 2 2 2 2 2 2 2 2 2 2 2 2 8 2 2 8 2 2 2 2 2 2 2 2 2 2 2 2
left_child=2 -2 3 4 -1 14 -4 8 15 -10 12 -11 -9 -14 -5 16 19 18 -18 20 -8 -17 23 25 28 -22 -27 -28 -25 -30
right_child=1 -3 6 5 -6 -7 7 10 9 11 -12 -13 13 -15 -16 21 17 -19 -20 -21 22 -23 -24 24 -26 26 27 -29 29 -31
leaf_value=5.5391478294136514e-05 -9.4150624736174561e-06 -0.00014582525385943741 -8.7225642756596014e-05 -6.6512733628597883e-05 0.00021576315334453884 7.6633863637002472e-05 0.00010232331265018743 0.00024564991641381356 -0.00037002052534917663 -0.00033638821676155626 1.3003777522969246e-05 1.8440805159630737e-05 -0.00014368332795736103 0.00013256343397745167 -0.00025798685040557146 -1.4141911014009567e-05 0.00019172593540773145 -5.5694424002884249e-06 7.1343971077623367e-05 -9.1270182136102802e-05 -2.8782098290011357e-05 0.00033381146524616635 -0.00074991444036598138 -0.00023822604202005713 0.00017456572425846264 5.5170837561137574e-05 -0.00022932936574685415 1.1832673292815846e-05 1.634489225983858e-05 -9.9715919549579334e-05
leaf_weight=15616 79701 9836 5443 2400 1499 1084 5419 702 790 1143 9385 1468 648 2807 754 74143 3510 7062 11653 7909 20759 401 328 1283 893 27932 1777 39675 7555 7491
leaf_count=15616 79701 9836 5443 2400 1499 1084 5419 702 790 1143 9385 1468 648 2807 754 74143 3510 7062 11653 7909 20759 401 328 1283 893 27932 1777 39675 7555 7491
internal_value=8.23207e-05 -0.000647498 0.000332181 0.00181122 0.00303681 -0.00313827 0.000200686 0.000284898 0.000153148 -0.00734343 0.00243686 -0.00403102 0.00675367 0.00482634 -0.00584971 0.000270214 0.000656214 0.00341395 0.00515234 0.000149767 0.000436735 -0.000471534 0.000172481 0.000232152 -0.00207003 0.000671988 0.00129569 0.000182138 -0.00269306 -0.00196065
internal_weight=351066 89537 261529 21353 17115 4238 240176 234733 221191 3401 13542 2611 4157 3455 3154 217790 143246 22225 15163 121021 113112 74544 107693 107365 17222 90143 69384 41452 16329 15046
internal_count=351066 89537 261529 21353 17115 4238 240176 234733 221191 3401 13542 2611 4157 3455 3154 217790 143246 22225 15163 121021 113112 74544 107693 107365 17222 90143 69384 41452 16329 15046
is_linear=0
shrinkage=0.05


Tree=65
num_leaves=31
num_cat=0
split_feature=4 4 13 12 13 12 12 10 11 11 11 14 14 14 12 14 14 13 14 10 10 14 11 11 14 13 11 11 10 11
split_gain=25.3383 20.8059 20.2363 27.5776 21.4105 69.034 71.2687 50.9081 56.8242 63.3805 62.8228 71.6906 61.6348 59.21 41.3607 37.7429 32.7821 32.4253 71.9817 33.3044 38.7843 32.0592 30.8075 39.467 30.5878 29.3608 28.3532 102.852 56.2313 57.1252
threshold=0.061489368483287517 0.013797869922188797 12.119999885559084 0.039535416571109601 13.744999885559084 0.0094949334570126904 0.015576127060618618 -0.007321192598677361 0.00023769852102906167 -0.0042559755894635001 0.012210489302713847 0.010891009150098998 0.0066946732173895915 0.05244160831962786 0.024285376768654835 -0.0015377949631008578 0.023372981459681922 13.934999942779543 0.077019604552505241 -0.0013774767726894008 0.0064542446486700608 -0.091137781806863202 0.030070663333597095 0.01494126067256807 -0.0022749768251851816 12.994999885559084 0.0097669532521742503 0.008381662460648533 -0.0018259871478111254 0.0035059532242039952
decision_type=2 2 2 2 2 2 2 2 2 2 2 2 2 2 2 2 2 2 2 2 2 2 2 2 2 2 2 2 2 2
left_child=1 -1 3 -3 5 -4 -7 -8 9 -9 11 15 14 25 -12 21 -14 18 19 -6 -21 -10 23 -18 -23 -13 27 28 29 -19
right_child=-2 2 4 -5 17 6 7 8 10 -11 12 13 16 -15 -16 -17 22 26 -20 20 -22 24 -24 -25 -26 -27 -28 -29 -30 -31
leaf_value=3.0515937162612956e-05 -0.00019222534689229698 -0.00023621175575646086 0.00015321738933002962 -2.0772776401947572e-05 -0.00015821342322738953 -0.00039676050285772683 0.00020323326511474931 0.00011499053925413942 -0.00030851633702964941 -0.0001242126300834658 9.0914950759712554e-05 4.1047440641696959e-06 0.00011719513404951687 0.00014858875665473023 -6.5721179942425208e-05 0.0002070674486315696 -0.00019954094291727974 9.0319728670651758e-06 -0.00059651958508753636 4.7211835322647118e-05 -0.00016097458080092464 8.2990147371510614e-05 -0.00028290555509172987 8.1823547192807008e-05 -0.00019344602191152333 -0.00021445138232349431 1.6462611616202074e-05 -0.00012693073249689182 -2.2506965746000274e-05 0.00010160620255234895
leaf_weight=13764 6903 807 2855 2223 1937 707 1202 1102 389 5347 1154 1072 4249 1217 12855 2224 774 74221 757 4636 1520 10954 397 2332 375 1844 90472 8447 84034 9787
leaf_count=13764 6903 807 2855 2223 1937 707 1202 1102 389 5347 1154 1072 4249 1217 12855 2224 774 74221 757 4636 1520 10954 397 2332 375 1844 90472 8447 84034 9787
internal_value=7.66637e-05 0.000136911 5.74434e-05 -0.0040099 9.51478e-05 0.00103577 0.000588247 0.000822857 0.000559036 -0.00379516 0.00126393 0.0034426 -0.000545701 -0.00234091 -0.00252516 0.00515708 0.00303148 -7.8949e-05 -0.0030565 -0.00167738 0.000121832 0.00402372 -0.000549529 0.00112685 0.00450834 -0.00620713 1.97594e-05 -0.000349172 -7.85518e-05 0.00083623
internal_weight=350557 343654 329890 3030 326860 51049 48194 47487 46285 6449 39836 18075 21761 4133 14009 13942 7752 275811 8850 8093 6156 11718 3503 3106 11329 2916 266961 176489 168042 84008
internal_count=350557 343654 329890 3030 326860 51049 48194 47487 46285 6449 39836 18075 21761 4133 14009 13942 7752 275811 8850 8093 6156 11718 3503 3106 11329 2916 266961 176489 168042 84008
is_linear=0
shrinkage=0.05


Tree=66
num_leaves=31
num_cat=0
split_feature=5 13 14 13 13 10 14 5 12 12 13 12 13 12 12 11 11 11 14 14 11 13 12 12 14 13 14 14 11 11
split_gain=24.1566 24.3527 29.7265 27.6757 39.3008 27.1546 31.7673 22.8848 21.1598 24.5299 21.0935 24.2778 21.0253 69.8034 76.1138 40.6823 102.639 61.6274 72.2925 53.3097 49.1839 39.4645 32.1264 30.6018 30.5385 30.3875 28.6616 27.5648 36.4151 34.2836
threshold=0.023813736835685929 24.385000228881839 -0.19490876951167976 23.604999542236332 23.409999847412113 0.0070711617460903495 -0.022450840204273455 0.0070193506240395385 -0.011160123859114189 -0.0497892715245336 12.119999885559084 0.039535416571109601 13.744999885559084 0.0094949334570126904 0.015576127060618618 0.0013310128060490813 -0.0042559755894635001 0.012210489302713847 0.010891009150098998 0.0066946732173895915 0.0081473860033931551 13.34500026702881 0.024285376768654835 0.086474140948455194 0.035592479952137442 12.494999885559084 -0.076646614085351103 0.023372981459681922 0.030070663333597095 0.022126128293985085
decision_type=2 2 2 2 2 2 2 2 2 2 2 2 2 2 2 2 2 2 2 2 2 2 2 2 2 2 2 2 2 2
left_child=7 3 -3 4 -2 6 -4 -1 9 -7 11 -9 13 -12 -15 16 -16 18 21 22 23 26 -19 -20 -18 -24 -17 -21 29 -29
right_child=1 2 5 -5 -6 8 -8 10 -10 -11 12 -13 -14 14 15 17 24 19 20 27 -22 -23 25 -25 -26 -27 -28 28 -30 -31
leaf_value=9.6639443044495426e-05 -8.0685857778709395e-05 -0.00073146872967721696 -0.00037159241612813414 -0.00027757080397376456 0.00037549108052352859 0.00031309504146320743 4.9806489078850407e-05 -0.00020568913293873977 0.00057759941249168126 3.3456268358676712e-06 0.00015051480548257563 -2.2308965092815546e-05 5.8639650543385741e-07 -0.00034110439501587413 0.00013376423481851766 -0.00026522574647115069 -7.3030752612439462e-05 7.3942259554717892e-05 -0.00020572261334955694 0.00010791779750420208 5.5611302647831391e-05 0.00016872556794419601 2.6258488376456563e-05 8.209515589951787e-05 -0.00028960989347947684 -7.9367710107109508e-05 7.3569826724260298e-05 -4.6711574980108644e-05 -0.00030387717557114153 0.00016486924809835837
leaf_weight=1428 24973 325 741 1402 579 876 3911 786 322 1300 2775 2368 258789 802 1995 388 5534 1190 1579 4390 2371 3200 3199 395 1206 9914 10325 1964 397 1196
leaf_count=1428 24973 325 741 1402 579 876 3911 786 322 1300 2775 2368 258789 802 1995 388 5534 1190 1579 4390 2371 3200 3199 395 1206 9914 10325 1964 397 1196
internal_value=6.03217e-05 -0.00119739 0.00132776 -0.00189768 -0.00152239 0.002 -0.000257954 0.00019727 0.00620496 0.00443474 0.000168619 -0.00389981 0.000209798 0.00111889 0.000690878 0.000939727 -0.00215512 0.00160709 0.00376 -0.000159551 -0.00186997 0.00551822 -0.00198385 -0.0077001 -0.00510386 -0.0026977 0.00406282 0.00312382 -0.000147596 0.00164557
internal_weight=350620 34429 7475 26954 25552 7150 4652 316191 2498 2176 314763 3154 311609 52820 50045 49243 8735 40508 18258 22250 4345 13913 14303 1974 6740 13113 10713 7947 3557 3160
internal_count=350620 34429 7475 26954 25552 7150 4652 316191 2498 2176 314763 3154 311609 52820 50045 49243 8735 40508 18258 22250 4345 13913 14303 1974 6740 13113 10713 7947 3557 3160
is_linear=0
shrinkage=0.05


Tree=67
num_leaves=31
num_cat=0
split_feature=5 10 10 13 14 13 13 12 13 12 14 14 14 13 12 16 13 12 13 14 14 10 12 13 12 16 12 12 12 13
split_gain=23.0788 20.3023 42.0084 46.2123 62.3218 56.764 45.4723 40.3541 39.0105 39.7714 37.6165 49.6765 46.3086 26.2218 71.0111 35.2059 45.824 87.7081 49.0617 44.512 49.4873 46.8494 32.549 60.9941 35.4513 51.9073 37.3158 29.9863 31.4087 42.7594
threshold=0.017290503884446921 -0.0039079154947589392 -0.0050968471700204012 16.125000000000004 0.079889052526069274 17.224999427795414 13.050000190734865 -0.017790302697979262 13.414999961853029 0.027409196484277535 0.066949900513338614 0.14679152351577887 0.063679127016071826 17.195000648498539 -0.027486551032664949 0.014745942457383256 19.115000724792484 0.054230156972347017 20.610000610351566 -0.008595690120394071 0.064981322620702234 0.0029261578835271256 -0.019164268352129695 16.125000000000004 -0.0062518932096157767 -0.010743883426766907 -0.005215251084133842 -0.051616287725765035 -0.0077540971574964193 21.409999847412113
decision_type=2 2 2 2 2 2 2 2 2 2 2 2 2 2 2 2 2 2 2 2 2 2 2 2 2 2 2 2 2 2
left_child=1 2 6 4 -4 -5 -1 -7 -8 -10 12 -12 -11 14 -3 16 -15 18 19 21 -21 -18 23 -16 25 -24 -26 -20 -29 -30
right_child=-2 13 3 5 -6 7 8 -9 9 10 11 -13 -14 15 22 -17 17 -19 27 20 -22 -23 24 -25 26 -27 -28 28 29 -31
leaf_value=0.00016561250377120562 -1.9944635086750415e-05 0.00012147813608358402 2.9056711907340506e-05 0.00025295273260143094 -0.00085296400514164438 0.00033797504363968807 -0.00020257467847645098 3.1423398194603525e-05 -5.0343342008473199e-06 3.1024059070001304e-05 0.00017722768204722769 -3.3227924581512214e-05 -0.00048366279762296376 -6.3814782513198006e-05 -0.00021515393617315415 2.7187654361368434e-05 0.00023320234900727705 -0.0002125035310903866 0.00011813652310429975 -0.00015262733341642794 0.00021057226933182766 5.9758079985643603e-05 -0.00018626594563076628 7.6304555535382243e-05 -0.00031389573436328027 0.00012701575350524555 5.4674924859029425e-06 -9.4034914051098836e-05 -0.00010580377106634584 8.7396120949547783e-05
leaf_weight=1055 98395 3077 3043 1993 344 656 1043 3718 37069 4727 3573 1320 326 23076 1778 13988 2442 1988 1414 1363 671 3872 541 1263 360 2735 126051 5097 1938 2165
leaf_count=1055 98395 3077 3043 1993 344 656 1043 3718 37069 4727 3573 1320 326 23076 1778 13988 2442 1988 1414 1363 671 3872 541 1263 360 2735 126051 5097 1938 2165
internal_value=4.2654e-05 0.000295624 0.00110886 0.00410601 -0.000612637 0.00661615 0.000513611 0.00342936 0.000288193 0.000500372 0.00330786 0.00643266 0.000282011 4.86278e-05 0.00042874 -0.000841176 -0.00153546 0.000157518 0.00120504 0.00407283 -0.00235988 0.00614507 0.000254656 -0.0048586 0.000374556 0.00550977 0.000241474 -0.0010505 -0.00209239 0.00116378
internal_weight=351081 252686 58867 9754 3387 6367 49113 4374 48058 47015 9946 4893 5053 193819 135805 58014 44026 20950 18962 8348 2034 6314 132728 3041 129687 3276 126411 10614 9200 4103
internal_count=351081 252686 58867 9754 3387 6367 49113 4374 48058 47015 9946 4893 5053 193819 135805 58014 44026 20950 18962 8348 2034 6314 132728 3041 129687 3276 126411 10614 9200 4103
is_linear=0
shrinkage=0.05


Tree=68
num_leaves=31
num_cat=0
split_feature=6 12 4 5 8 3 10 10 11 3 12 12 11 12 11 14 12 12 11 14 11 10 11 14 11 12 12 16 10 14
split_gain=22.5715 24.8207 24.3054 17.9493 17.729 17.6044 37.3284 25.974 16.5625 15.9629 21.9701 42.1921 30.8963 32.2573 27.4853 31.8238 24.831 36.5999 23.2758 20.562 34.5521 26.2827 22.9956 19.7161 19.2703 19.1341 26.2472 18.4616 18.3021 19.1365
threshold=-0.26209574795324853 -0.075828258528587975 0.061489368483287517 0.050188040596281513 -0.041421387671506708 0.014572041275073612 0.017693997216902905 0.015605159278572868 0.023520128243548103 -0.00051778743276836836 -0.0045413562786246189 -0.0093119022308690274 -0.0042559755894635001 0.054230156972347017 -0.014686675718860785 0.079095926518506735 0.027831589424704543 0.0037862010061723299 -0.0086028412340181642 0.021414189458355607 0.011634052199270497 -0.0028637132037917508 -0.035697741943328191 0.094478150147642728 -0.010447917606839994 -0.036045899235514094 -0.019977149001015378 -0.021857924020987126 -0.0026563835490860939 -0.012410493039419599
decision_type=2 2 2 2 8 2 2 2 2 2 2 2 2 2 2 2 2 2 2 2 2 2 2 2 2 2 2 2 2 2
left_child=1 4 5 9 -1 8 7 -7 -2 10 11 19 13 16 -13 27 17 18 24 20 22 -22 -3 -19 -12 -21 -27 -16 -24 -30
right_child=2 3 -4 -5 -6 6 -8 -9 -10 -11 12 14 -14 -15 15 -17 -18 23 -20 25 21 -23 28 -25 -26 26 -28 -29 29 -31
leaf_value=0.00020702018844946917 -7.0250409035978701e-06 0.00032444031960383331 -0.00031394886935420243 -0.00048318151769909199 1.6411363281863172e-05 -8.6742119491008563e-05 0.00012635874995828709 -0.00052851070954097398 2.98618127479805e-05 1.7421451339237117e-05 0.00013008535638934081 3.3940754634310807e-05 -4.1824242723811309e-06 -0.00014911037802696581 0.00025308328714031367 -0.0003386397492335057 0.00013381219256812759 1.359701170781495e-05 0.0004674305923786184 -3.3575688295409312e-05 -0.00027838550117818589 5.9065753035681803e-05 3.4716465600050056e-05 -0.00014253153299457238 -5.9510187540517354e-05 0.00013303564612947839 -2.2572873090161366e-05 -0.00013465659448407154 -9.3632452167681147e-05 -0.00037965984788926994
leaf_weight=1311 148357 193 3412 717 1016 9626 1646 493 18759 94852 1720 808 41656 730 144 953 2596 4204 359 2803 244 2795 820 705 592 2100 1558 1416 3410 1234
leaf_count=1311 148357 193 3412 717 1016 9626 1646 493 18759 94852 1720 808 41656 730 144 953 2596 4204 359 2803 244 2795 820 705 592 2100 1558 1416 3410 1234
internal_value=5.27434e-05 0.000469113 -0.000333118 0.000397488 0.00559734 -0.000253381 -0.00212282 -0.00325872 -0.000121772 0.000431606 -0.000135135 -0.00161814 0.000386211 0.00275536 -0.00672237 -0.00930163 0.00348369 0.00203826 0.00674841 -0.000499769 -0.00208717 0.0022129 -0.00439721 -0.000524547 0.00490917 0.00163674 0.00401859 -0.00490385 -0.00499634 -0.00621232
internal_weight=351229 168936 182293 166609 2327 178881 11765 10119 167116 165892 71040 18478 52562 10906 3321 2513 10176 7580 2671 15157 8696 3039 5657 4909 2312 6461 3658 1560 5464 4644
internal_count=351229 168936 182293 166609 2327 178881 11765 10119 167116 165892 71040 18478 52562 10906 3321 2513 10176 7580 2671 15157 8696 3039 5657 4909 2312 6461 3658 1560 5464 4644
is_linear=0
shrinkage=0.05


Tree=69
num_leaves=31
num_cat=0
split_feature=0 12 1 11 11 14 10 11 12 11 12 10 14 10 11 10 14 14 11 14 10 10 11 10 11 10 10 14 11 11
split_gain=22.8874 20.5967 20.1587 22.2871 40.3998 43.0161 28.03 20.834 42.388 19.9068 33.7821 49.124 45.6951 26.312 51.3931 55.5014 111.022 41.2986 49.4015 49.8211 42.8446 75.2869 43.7863 44.5955 64.374 57.8255 56.7537 54.278 43.174 36.6173
threshold=-0.043368054712894837 -0.014960350168733092 0.092837709792039327 0.039736199013419633 0.04720517450512441 -0.048976395362543328 0.0028153334889018393 0.035554574411001412 0.05549664954164369 0.025879886513439202 0.037030624356881099 0.0057612220393999944 -0.037983330078441173 -0.0039079154947589392 0.011634052199270497 -0.0047915944000584956 0.079889052526069274 -0.037220785866969024 0.02167406842699671 -0.039568606403770572 0.010510737947986739 0.0083252944612894914 0.02246977949783591 0.0044510746205346239 -0.0038430615531924168 0.0042471425647833136 0.0056441897511456682 -0.0013068210528928146 0.0013310128060490813 -0.0076796209830086162
decision_type=2 2 2 2 2 2 2 2 2 2 2 2 2 2 2 2 2 2 2 2 2 2 2 2 2 2 2 2 2 2
left_child=1 -1 3 7 6 -6 -5 9 -9 13 11 12 -11 14 15 -2 -17 18 19 -15 21 22 23 25 -25 29 27 -26 -23 -19
right_child=2 -3 -4 4 5 -7 -8 8 -10 10 -12 -13 -14 17 -16 16 -18 20 -20 -21 -22 28 -24 24 26 -27 -28 -29 -30 -31
leaf_value=-0.00030667171862788398 1.6966301359611385e-05 -2.8168217470646558e-05 -8.0108871054512983e-05 0.00026601280279062861 0.00016514248123257249 -6.6978047551598531e-05 6.6773609851969752e-05 -0.00012513565086898142 0.00019777123179815314 -0.00040970625586265758 -1.4998810289087226e-05 0.00018395606310522483 4.2368283001444902e-05 1.8568882032003049e-06 -9.0686223070302659e-05 0.00013595851142713902 -0.00089035960010144972 2.3885528290170757e-05 0.00010689337012845082 8.8126270814819317e-05 -0.00012426149121190939 -4.4080571932796619e-05 -0.00010204653205378488 -0.00013331669267876018 0.00018582102085474441 -0.00034908662797527722 1.1452653431906057e-05 3.8593560478621008e-05 0.00014101867159511405 -2.8103469630698549e-05
leaf_weight=2452 65386 4298 9584 1121 1502 4196 3758 3116 386 418 7787 3247 7528 69150 4703 7002 410 19008 3655 5405 2862 1248 6443 2524 2813 1237 11519 3278 3656 91676
leaf_count=2452 65386 4298 9584 1121 1502 4196 3758 3116 386 418 7787 3247 7528 69150 4703 7002 410 19008 3655 5405 2862 1248 6443 2524 2813 1237 11519 3278 3656 91676
internal_value=7.59887e-05 -0.00280741 0.000132466 0.000197144 0.0024558 -0.00040365 0.00579524 0.000123514 -0.00371216 0.000165366 0.00173604 0.00349549 0.00137805 6.66446e-05 0.000860957 0.00118822 0.00528872 -0.000207596 0.000719857 0.00044162 -0.000703522 -0.000582628 -0.000798206 -0.000601833 0.00156452 -0.000991548 0.00263487 0.00653834 0.00550571 -0.0008714
internal_weight=351368 6750 344618 335034 10577 5698 4879 324457 3502 320955 18980 11193 7946 301975 77501 72798 7412 224474 78210 74555 146264 143402 138498 132055 20134 111921 17610 6091 4904 110684
internal_count=351368 6750 344618 335034 10577 5698 4879 324457 3502 320955 18980 11193 7946 301975 77501 72798 7412 224474 78210 74555 146264 143402 138498 132055 20134 111921 17610 6091 4904 110684
is_linear=0
shrinkage=0.05


Tree=70
num_leaves=31
num_cat=0
split_feature=5 13 14 13 11 10 13 11 2 14 10 14 10 14 14 13 10 13 13 14 14 14 14 16 14 13 13 13 14 11
split_gain=22.4059 20.1844 34.4823 37.2578 43.9297 30.3703 45.1145 30.5656 26.4744 25.057 44.0317 33.9603 23.8958 26.2067 27.4635 22.5482 21.8097 30.7879 45.8796 24.1224 23.8097 21.5952 27.3131 21.0587 21.9386 20.2819 20.7671 25.0534 23.9514 33.3023
threshold=0.013139282168271061 19.295000076293949 0.077019604552505241 18.564999580383304 -0.0037227155807691976 -0.0018259871478111254 17.195000648498539 -0.017686131484892616 0.022696327119827945 0.0071322940265206034 -0.0027818426552366766 -1.0000000180025095e-35 -0.0029081479641121506 -0.021447279396770266 -0.0029443342389950384 12.434999942779543 -0.00045040499871334955 16.355000495910648 15.855000019073488 0.044075030691926538 0.022826998483341358 0.031034450620846536 0.050179471356022971 0.016062710086976576 0.14679152351577887 12.119999885559084 12.454999923706056 12.84500026702881 -0.035874657899562339 0.023085169776383866
decision_type=2 2 2 2 2 2 2 2 2 2 2 2 2 2 2 2 2 2 2 2 2 2 2 2 2 2 2 2 2 2
left_child=1 2 5 4 23 7 16 -1 -6 10 11 12 13 -9 -15 -11 17 18 19 20 -7 -8 -23 24 -4 -18 -27 28 -28 -30
right_child=-2 -3 3 -5 8 6 21 9 -10 15 -12 -13 -14 14 -16 -17 25 -19 -20 -21 -22 22 -24 -25 -26 26 27 -29 29 -31
leaf_value=9.6446782209736021e-05 -7.1713250879099771e-06 3.6994921107814417e-05 0.00010391733151086826 -0.00019116370809347285 -0.00014232386301091983 -4.6929871657572839e-05 -3.7926605659330654e-05 -0.00010845945248510831 7.7516918692315287e-06 -0.00037817249449400165 0.00015752088947798657 0.00014205589977285196 -0.00017256961781940828 0.00011766201657575187 -3.217143535379557e-05 8.603396590309113e-06 -6.5059909484474834e-05 6.6260904314135137e-05 -0.00037212271020500327 -0.00025492250620811144 9.3822693756961611e-05 -0.00032355382233536817 4.8580033257028796e-05 -0.00010259324305845184 -3.8994610042879676e-05 8.5291660753568051e-05 -0.00012027229918538741 1.9881145073840854e-05 1.7085440691291463e-05 -0.00017921180616472932
leaf_weight=3512 204383 20063 2074 1515 2809 3418 13702 849 1828 239 1875 660 714 2239 1415 17009 1998 1623 648 493 1037 833 256 426 1097 2450 1337 54864 4711 908
leaf_count=3512 204383 20063 2074 1515 2809 3418 13702 849 1828 239 1875 660 714 2239 1415 17009 1998 1623 648 493 1037 833 256 426 1097 2450 1337 54864 4711 908
internal_value=7.22965e-05 0.00054399 0.000310379 -0.00254642 -0.00122055 0.000548848 9.06228e-05 0.00196759 -0.00443714 0.001354 0.00371517 0.00158669 0.000234809 0.00158228 0.00342091 0.000292788 0.000597725 -0.00201205 -0.00377055 -0.00213217 -0.000970819 -0.00242884 -0.00920569 0.00292605 0.00432829 0.000882025 0.00103625 0.000857328 -0.00196952 -0.000538352
internal_weight=350985 146602 126539 9749 8234 116790 88278 28512 4637 25000 7752 5877 5217 4503 3654 17248 73487 7219 5596 4948 4455 14791 1089 3597 3171 66268 64270 61820 6956 5619
internal_count=350985 146602 126539 9749 8234 116790 88278 28512 4637 25000 7752 5877 5217 4503 3654 17248 73487 7219 5596 4948 4455 14791 1089 3597 3171 66268 64270 61820 6956 5619
is_linear=0
shrinkage=0.05


Tree=71
num_leaves=31
num_cat=0
split_feature=6 13 13 12 13 12 13 5 13 12 13 12 12 12 12 13 13 16 12 12 13 12 12 14 14 13 12 14 13 14
split_gain=19.9646 18.5662 28.5894 18.6032 20.132 18.3984 18.2608 17.6861 17.3339 29.2939 17.3367 50.9421 70.7913 29.3781 44.7901 32.6599 32.6156 29.2127 31.2751 42.861 31.27 32.9075 27.9673 25.2418 30.5587 23.4692 37.1706 29.446 23.4548 57.132
threshold=1.213381557003357 27.855000495910648 25.505000114440922 -0.059602846746386766 19.72500038146973 -0.067575688865902969 25.960000038146976 0.0094477877820589896 12.119999885559084 0.039535416571109601 13.744999885559084 0.0094949334570126904 0.015576127060618618 0.032942550894698559 0.028388947931175527 13.605000019073488 13.13000011444092 0.024733845796564239 0.047942658028525827 0.046695400961737528 13.525000095367433 0.066825641747697576 0.10123020179199861 0.003286853869637119 -0.0026760061162229838 12.694999694824221 0.041226491428898011 -0.047332268196042963 13.934999942779543 0.077019604552505241
decision_type=2 2 2 2 2 2 2 2 2 2 2 2 2 2 2 2 2 2 2 2 2 2 2 2 2 2 2 2 2 2
left_child=8 2 3 4 -2 -3 -4 -5 9 -1 11 -10 -13 14 15 16 -14 18 19 25 21 -20 -23 24 -19 26 -15 -27 29 -12
right_child=1 5 6 7 -6 -7 -8 -9 10 -11 28 12 13 17 -16 -17 -18 23 20 -21 -22 22 -24 -25 -26 27 -28 -29 -30 -31
leaf_value=-0.00021056482269737537 0.00045002985988548704 -4.7648471179023019e-05 0.00035652724542983676 3.6406637832755888e-05 -8.5372497833517528e-05 -0.00061542216486402057 0.00010437427347895753 -3.9293653038702424e-05 0.00013497788599538249 -1.2046880961647096e-05 -2.1765093330335477e-05 -0.00031373917369596532 -3.4792974561140516e-05 4.2910319699918991e-05 -6.5934222720916928e-05 -0.00030425350395331483 6.9861511276539742e-05 -3.3666985588298013e-05 -4.2625919200439681e-05 0.00017067197344200377 0.00015147270024081202 0.00012856693055444488 -3.6430146986622928e-05 6.82911927132227e-05 -0.00025947693467506772 -6.3430297333417525e-05 -0.00023614317343882823 9.1707452717884564e-05 3.1912354689509795e-06 -0.00046115627351606993
leaf_weight=782 281 781 330 3744 183 653 1086 36961 2477 2424 7710 799 3088 2854 7743 415 5373 2216 6867 1384 933 1788 837 2175 693 1170 798 7682 245864 782
leaf_count=782 281 781 330 3744 183 653 1086 36961 2477 2424 7710 799 3088 2854 7743 415 5373 2216 6867 1384 933 1788 837 2175 693 1170 798 7682 245864 782
internal_value=3.65517e-05 -0.000959245 -0.000770811 -0.00101108 0.00894397 -0.00655509 0.00621469 -0.00112455 0.000179401 -0.00347785 0.000218016 0.00107624 0.000706504 0.000962709 -0.000717552 0.00170685 0.00237856 0.00191261 0.00263336 0.00418707 0.000563549 -0.000294985 0.00446667 -0.00153423 -0.00458061 0.00326296 -0.000109529 0.00465432 5.16992e-05 -0.00253179
internal_weight=350873 44019 42585 41169 464 1434 1416 40705 306854 3206 303648 49292 46815 46016 16619 8876 8461 29397 24313 13888 10425 9492 2625 5084 2909 12504 3652 8852 254356 8492
internal_count=350873 44019 42585 41169 464 1434 1416 40705 306854 3206 303648 49292 46815 46016 16619 8876 8461 29397 24313 13888 10425 9492 2625 5084 2909 12504 3652 8852 254356 8492
is_linear=0
shrinkage=0.05


Tree=72
num_leaves=31
num_cat=0
split_feature=10 11 11 10 14 10 14 0 14 13 9 13 10 11 11 10 11 14 14 14 11 11 10 11 13 12 14 11 11 10
split_gain=20.6469 27.339 31.2402 21.1451 47.8597 26.2878 24.4258 20.3874 18.8664 50.8912 68.047 53.3016 48.3522 50.2778 37.3503 34.0939 57.9718 34.0555 32.805 42.2599 32.277 31.3678 32.2758 63.4586 54.6714 40.4451 30.7029 47.6467 38.2608 34.0335
threshold=-0.029463592833469218 -0.035697741943328191 -0.055970662091911087 -0.020247544478179221 0.23397195059943568 -0.013327781970057238 0.21504170766917155 0.084302722516504738 -0.068136872709181048 18.94999980926514 inf 19.72500038146973 0.0077874133579277647 -0.012367016297633369 0.0053137315210420874 0.0092143531748835068 0.017263537343659933 -0.055141973533754989 -0.098691693357393515 -0.12096344977185801 -0.031453464626615406 0.040649708867645969 0.0092143531748835068 0.0085517999775324167 14.570000171661379 0.041391540818904844 -0.037220785866969024 0.04720517450512441 0.02167406842699671 0.013844778774777857
decision_type=2 2 2 2 2 2 2 2 2 2 8 2 2 2 2 2 2 2 2 2 2 2 2 2 2 2 2 2 2 2
left_child=1 2 -1 -2 6 -6 7 8 9 12 11 -11 14 -14 -5 16 -13 20 19 -15 -10 22 23 25 -24 -22 27 28 -19 -28
right_child=3 -3 -4 4 5 -7 -8 -9 17 10 -12 15 13 18 -16 -17 -18 26 -20 -21 21 -23 24 -25 -26 -27 29 -29 -30 -31
leaf_value=-5.6258762886297194e-05 9.797634887228116e-05 2.6433395168441734e-05 -0.0015806080012988205 5.0682930782941878e-05 -0.000726354255653814 -9.693125036461127e-05 0.00013938952540145253 -0.00032486415188832804 0.00029534359602508887 -0.00013987138968510077 -0.00035214545542003144 -0.00014336121531921013 -0.00017721519986263934 3.0631414639416442e-05 0.0002039937375734901 7.7523819520369111e-05 0.00029565256072013274 2.4557733619421341e-05 7.1292232560493928e-05 -0.00012039151884204658 8.5387778977373634e-06 0.0001011044665666335 0.00023491206043654486 -0.00022082688716392005 -5.4016971951428269e-05 -0.00024831326923160913 -1.7135112140903488e-06 -0.00015705129211066905 0.00010240425607243479 -0.00017958894682579792
leaf_weight=417 3392 845 437 4192 427 436 869 1340 428 3396 1273 2545 1272 4577 2533 6898 426 28223 11372 2521 5087 1263 863 4201 4212 1279 249290 1694 3766 1668
leaf_count=417 3392 845 437 4192 427 436 869 1340 428 3396 1273 2545 1272 4577 2533 6898 426 28223 11372 2521 5087 1263 863 4201 4212 1279 249290 1694 3766 1668
internal_value=3.94427e-05 -0.00545909 -0.0117681 6.61767e-05 2.76693e-05 -0.0117323 5.70704e-05 3.59405e-05 5.99891e-05 0.00106633 -0.00131036 -0.00025066 0.00237182 0.00112451 0.00603346 0.00160857 -0.0028694 -7.66622e-05 0.00178668 -0.00088053 -0.00222841 -0.00257172 -0.00318374 -0.00475774 9.35961e-05 -0.00161012 5.43667e-05 0.00147181 0.00190456 -0.000135879
internal_weight=351142 1699 854 349443 346051 863 345188 344319 342979 41005 14538 13265 26467 19742 6725 9869 2971 301974 18470 7098 17333 16905 15642 10567 5075 6366 284641 33683 31989 250958
internal_count=351142 1699 854 349443 346051 863 345188 344319 342979 41005 14538 13265 26467 19742 6725 9869 2971 301974 18470 7098 17333 16905 15642 10567 5075 6366 284641 33683 31989 250958
is_linear=0
shrinkage=0.05


Tree=73
num_leaves=31
num_cat=0
split_feature=6 13 13 11 8 11 13 13 11 13 13 13 13 11 11 11 11 11 11 13 13 11 11 11 13 13 11 11 3 11
split_gain=20.0741 21.4267 26.0894 31.7745 20.0659 17.6482 29.1332 40.3827 25.2762 24.0572 20.804 83.4478 56.577 38.2424 53.1261 35.9465 56.8754 85.0349 50.4926 57.8657 34.8653 45.0231 50.8393 35.9266 42.9492 83.2593 35.9701 33.7336 32.5616 32.5377
threshold=0.8827602143387685 27.855000495910648 25.505000114440922 -0.020944114247125386 -0.1471039401082431 -0.022075871244429331 17.090000152587894 18.904999732971195 -0.022354679901405047 19.329999923706058 17.164999961853031 16.550000190734867 16.614999771118168 -0.0037227155807691976 -0.0026633057658367871 0.011258220737919157 0.0057609593190406381 0.0050783448467380818 0.0059862979664929714 19.520000457763675 15.75500011444092 0.0029094650612268018 0.010391715368283873 0.010056617818882453 14.684999942779543 15.034999847412111 0.0062964202270787703 0.011605230504387444 -0.00069842025421495968 -0.015498617594306317
decision_type=2 2 2 2 10 2 2 2 2 2 2 2 2 2 2 2 2 2 2 2 2 2 2 2 2 2 2 2 2 2
left_child=5 2 4 -4 -2 6 -1 8 -8 -9 11 20 -13 -14 -15 16 17 -12 -18 -20 21 -7 23 24 28 -26 -27 -17 -23 -22
right_child=1 -3 3 -5 -6 10 7 9 -10 -11 15 12 13 14 -16 27 18 -19 19 -21 29 22 -24 -25 25 26 -28 -29 -30 -31
leaf_value=-0.00028117693491203853 -0.00017334654448727 -0.00020376187119617792 -2.1011150171583752e-05 0.00035024098687051676 -1.4463087161681147e-05 -2.2806159086325708e-05 8.8221924356533381e-05 -0.00013548874423850466 0.00030119823260812696 2.8458710297073763e-05 -2.0009031320613289e-05 0.00020528276316643325 0.0001128024601392448 -0.00057847737516190088 3.0623512978460689e-05 0.00014881744607289291 -0.00053017886424415136 0.00024301936196444637 -0.0001361434955277604 4.8692134404782972e-05 0.00010179698729192391 1.1793410956452054e-05 4.8052626739852111e-06 0.00019897349997170891 -0.00035234114470378362 -4.1592241926703216e-05 9.1962360971517473e-05 1.2528888304901898e-05 9.1254022350722704e-05 -4.1483216044568712e-05
leaf_weight=403 3180 1925 971 778 52573 35162 4027 1431 737 18229 52981 2964 4484 581 15199 1469 774 1775 8586 3258 1847 4772 55819 1457 1415 2882 2992 31152 9503 27896
leaf_count=403 3180 1925 971 778 52573 35162 4027 1431 737 18229 52981 2964 4484 581 15199 1469 774 1775 8586 3258 1847 4772 55819 1457 1415 2882 2992 31152 9503 27896
internal_value=3.95761e-05 -0.000798038 -0.000624326 0.00538879 -0.000812961 0.000210165 0.00148528 0.00170529 0.00583543 0.000704476 9.1584e-05 0.000433154 0.00321379 0.00227004 0.00111217 -0.000478774 -0.00113842 -0.000441048 -0.00416469 -0.00335613 -1.61745e-05 0.000381572 0.00104515 0.00302224 0.00250881 -0.000613939 0.00200885 0.000883633 0.00410333 -0.0015407
internal_weight=351222 59427 57502 1749 55753 291795 24827 24424 4764 19660 266968 166973 23228 20264 15780 99995 67374 54756 12618 11844 143745 114002 78840 23021 21564 7289 5874 32621 14275 29743
internal_count=351222 59427 57502 1749 55753 291795 24827 24424 4764 19660 266968 166973 23228 20264 15780 99995 67374 54756 12618 11844 143745 114002 78840 23021 21564 7289 5874 32621 14275 29743
is_linear=0
shrinkage=0.05


Tree=74
num_leaves=31
num_cat=0
split_feature=10 11 11 14 14 10 10 12 11 11 13 14 14 11 10 14 14 14 16 13 11 14 11 14 12 14 8 12 11 13
split_gain=20.0807 23.566 25.7925 18.6473 47.8991 19.9892 17.81 75.2625 58.0461 53.5041 53.0278 48.8967 60.6215 36.2727 35.6886 30.8719 99.0137 48.9994 45.8285 30.4787 52.1405 45.8023 36.2505 42.2532 32.0465 80.2157 32.8687 34.0648 29.9033 29.6619
threshold=-0.029463592833469218 -0.035697741943328191 -0.055970662091911087 0.26245601507157795 0.23397195059943568 -0.013327781970057238 -0.0064885542336663984 0.02952133598580731 0.015185778563904908 0.016433659515758484 17.744999885559086 0.15522193331306103 0.11081750297484406 -0.010447917606839994 -0.0066846188692691313 0.077019604552505241 0.081032983629692037 0.071117405502143641 -0.0057311404484274289 19.23499965667725 0.008381662460648533 0.017639326626862298 -0.0059411076148601629 0.11081750297484406 -0.028754212853801194 0.15844695899744313 0.061135744061053161 -0.037523383197033126 0.011695310622020451 13.894999980926515
decision_type=2 2 2 2 2 2 2 2 2 2 2 2 2 2 2 2 2 2 2 2 2 2 2 2 2 2 8 2 2 2
left_child=1 2 -1 4 6 -6 7 8 14 10 -9 12 15 -12 19 17 29 -8 -18 20 22 -21 -2 -24 25 26 27 -23 -22 -17
right_child=3 -3 -4 -5 5 -7 11 9 -10 -11 13 -13 -14 -15 -16 16 18 -19 -20 21 28 24 23 -25 -26 -27 -28 -29 -30 -31
leaf_value=-8.0015727249879538e-05 -5.0496569676829004e-05 1.518810848146761e-05 -0.0015051201212361639 0.0001214020651967331 -0.00066894679094644345 -0.00014072427141834993 -1.4586942457253326e-07 0.00017878319493307235 -0.00024344384180555813 -0.00016415643982506698 0.00032960098331499734 0.00036629237202805284 -0.0003806988420122207 2.056072395501096e-05 0.00018464572411409273 1.0446878189988245e-05 -9.6839084350102992e-05 0.00022747557207265413 8.9863911835223026e-05 -0.00025267532358382879 -0.00043516297467569492 0.00011995623493654231 0.00010379813253087971 -9.8696476146112845e-05 8.0004920712517852e-05 -0.00043867368401444355 -0.00021801194164767926 -7.3867712527165256e-05 -3.6024929762732468e-05 -0.00057411183540644257
leaf_weight=428 11492 860 415 1719 432 422 284184 4663 431 864 429 419 834 4678 1258 424 1936 1237 3088 838 1255 4776 4248 1703 11006 1296 905 1931 837 2117
leaf_count=428 11492 860 415 1719 432 422 284184 4663 431 864 429 419 834 4678 1258 424 1936 1237 3088 838 1255 4776 4248 1703 11006 1296 905 1931 837 2117
internal_value=5.80278e-05 -0.00535819 -0.0112989 8.44251e-05 5.87427e-05 -0.0117681 8.78624e-05 0.000935183 -1.66762e-05 0.0046925 0.00574719 -6.36387e-05 -8.7979e-05 0.00222734 0.000172704 -4.96611e-05 -0.00320225 3.38973e-05 0.000865844 -8.62561e-05 -0.00150371 0.00124807 -0.000609127 0.00255839 0.00172994 -0.000499551 0.00145822 0.00266513 -0.00896272 -0.0112456
internal_weight=351125 1703 843 349422 347703 854 346849 52610 41976 10634 9770 294239 293820 5107 41545 292986 7565 285421 5024 40287 19535 20752 17443 5951 19914 8908 7612 6707 2092 2541
internal_count=351125 1703 843 349422 347703 854 346849 52610 41976 10634 9770 294239 293820 5107 41545 292986 7565 285421 5024 40287 19535 20752 17443 5951 19914 8908 7612 6707 2092 2541
is_linear=0
shrinkage=0.05


Tree=75
num_leaves=31
num_cat=0
split_feature=5 5 13 14 13 9 10 11 13 14 14 14 12 10 10 12 11 11 11 14 10 13 13 10 12 13 11 13 12 10
split_gain=21.0149 18.2406 17.3705 16.9327 51.3985 58.0589 42.5091 47.3134 40.4184 34.8083 32.1433 33.8252 31.1191 38.5237 41.9524 43.2597 35.5656 37.9223 30.612 30.5348 31.7257 42.2442 30.2546 31.0163 42.1861 41.2203 30.1518 27.3579 41.109 38.1879
threshold=0.043871709698519799 0.0070193506240395385 24.385000228881839 -0.068136872709181048 18.94999980926514 inf 0.0077874133579277647 -0.012367016297633369 19.72500038146973 -0.055141973533754989 -0.098691693357393515 -0.12096344977185801 0.048152369041769456 0.0018732766831597305 0.012020737458552368 0.046695400961737528 0.045591167028525621 0.0085517999775324167 -0.0018136184139459497 -0.051673805703282331 0.0080340527889744013 13.744999885559084 16.85000038146973 0.018351280015906694 0.027831589424704543 14.119999885559084 -0.013909745802050731 20.980000495910648 -0.027486551032664949 0.0092143531748835068
decision_type=2 2 2 2 2 8 2 2 2 2 2 2 2 2 2 2 2 2 2 2 2 2 2 2 2 2 2 2 2 2
left_child=1 -1 -2 4 6 8 18 -8 -6 12 11 -9 13 -5 15 16 17 26 -3 20 21 -11 23 24 25 -12 -15 28 -10 -29
right_child=2 3 -4 9 5 -7 7 10 27 19 22 -13 -14 14 -16 -17 -18 -19 -20 -21 -22 -23 -24 -25 -26 -27 -28 29 -30 -31
leaf_value=8.3983606951276143e-05 -0.0004481324392012245 3.1770210173999321e-05 0.00010777352970359022 0.00011804058027174475 -0.00013315619477594597 -0.00032220386327304524 -0.00016420772322291136 2.5651792328393625e-05 -3.3473225892921565e-05 0.00024635701727179955 0.00023809879509808249 -0.00010681027775121305 -0.00018483770486013852 -0.00053145700561569654 6.7976182060232424e-05 0.00021428185567861624 0.00011060746390378143 -0.00021568524726667737 0.00016103543342665445 -3.1597191433533485e-08 0.00016918828809519887 -1.590081210534368e-05 0.00014143616655983859 0.00044190053391898244 7.6774861029919246e-05 -0.00012570274565569962 -2.7894892771638247e-05 -0.00015628934362104429 0.00027871844607946244 4.1387153539163956e-05
leaf_weight=1466 1974 2944 870 1650 3335 1260 1232 4650 849 838 417 2530 2072 829 2952 413 823 3774 3768 282273 1705 3779 3783 419 4232 2541 4678 2063 1230 5702
leaf_count=1466 1974 2944 870 1650 3335 1260 1232 4650 849 838 417 2530 2072 829 2952 413 823 3774 3768 282273 1705 3779 3783 419 4232 2541 4678 2063 1230 5702
internal_value=6.11734e-05 9.61353e-05 -0.00421941 7.26046e-05 0.00102735 -0.00137302 0.00233444 0.00116896 -0.00039267 -5.52674e-05 0.00179841 -0.000821727 -0.002241 -0.00145347 -0.00233685 -0.00381525 -0.00446358 -0.00534695 0.00577324 7.4932e-05 0.00351155 0.00135911 0.00344979 0.00163293 0.000862309 -0.00371873 -0.00270111 0.00121902 0.00631313 -0.000144881
internal_weight=351051 348207 2844 346741 40955 14439 26516 19804 13179 305786 18572 7180 17191 15119 13469 10517 10104 9281 6712 288595 6322 4617 11392 7609 7190 2958 5507 9844 2079 7765
internal_count=351051 348207 2844 346741 40955 14439 26516 19804 13179 305786 18572 7180 17191 15119 13469 10517 10104 9281 6712 288595 6322 4617 11392 7609 7190 2958 5507 9844 2079 7765
is_linear=0
shrinkage=0.05


Tree=76
num_leaves=31
num_cat=0
split_feature=5 10 11 11 11 10 12 10 7 14 11 13 13 14 14 13 14 10 10 13 12 10 10 13 13 11 12 12 10 13
split_gain=19.7402 15.6932 21.7481 22.6578 18.2469 56.2306 40.7828 31.4344 28.0207 27.5065 30.8217 24.724 48.1752 38.1873 27.4759 23.4483 23.4053 23.1726 57.8785 49.4731 49.0154 51.52 41.8539 65.4837 50.8634 37.3923 46.0032 76.7112 87.5046 79.8532
threshold=0.043871709698519799 -0.029463592833469218 -0.035697741943328191 -0.055970662091911087 -0.022075871244429331 0.0041080829558171059 0.018290982479416521 0.0092143531748835068 -0.015699898997355018 0.23397195059943568 -0.020444088180766703 18.904999732971195 18.444999694824222 0.21504170766917155 -0.041747258744347641 20.865000724792484 0.073559273058729127 0.0041080829558171059 0.0031270998422653355 17.394999504089359 0.01159583409138454 0.003415324016821653 0.003855857055865886 16.675000190734867 13.34500026702881 0.029686707120002768 -0.0062518932096157767 -0.007281546892151213 -0.0026563835490860939 25.505000114440922
decision_type=2 2 2 2 2 2 2 2 2 2 2 2 2 2 2 2 2 2 2 2 2 2 2 2 2 2 2 2 2 2
left_child=1 2 3 -1 5 6 11 8 -7 17 -11 12 -3 14 -13 -16 -8 18 25 20 21 -20 24 -24 -22 26 27 28 29 -6
right_child=-2 4 -4 -5 9 7 16 -9 -10 10 -12 13 -14 -15 15 -17 -18 -19 19 -21 22 -23 23 -25 -26 -27 -28 -29 -30 -31
leaf_value=-5.7517246725294002e-05 -0.00026930061059555246 3.2591864980639544e-05 2.2930964330664281e-05 -0.0013560203430908512 -8.1078242374062059e-06 -0.00033267832073963308 6.1710573661914972e-05 1.8411317323146441e-05 -4.1446039081771777e-05 -0.00065971534859353127 -4.3521153424116001e-05 0.00015700564408328184 0.00029118322378239917 0.00016865734876095329 -0.00012266875397031106 1.0334178500668971e-05 0.00023117427194388311 1.2912441749815258e-05 0.00023034662188279624 -0.0001847160904792888 -0.00017480254903464733 -0.00025613093812816058 0.00012536472495526833 -0.00028763162448380624 -1.3885456000877839e-06 6.312225117743658e-05 3.2192195279202863e-06 -0.00031873179154883109 -0.00014430460270550301 0.00033864897831851039
leaf_weight=420 2862 3743 797 415 16790 1392 826 2069 1145 409 872 833 1249 1700 2553 12925 1265 111114 422 3368 1706 2112 2499 415 6308 9483 148796 840 10481 1240
leaf_count=420 2862 3743 797 415 16790 1392 826 2069 1145 409 872 833 1249 1700 2553 12925 1265 111114 422 3368 1706 2112 2499 415 6308 9483 148796 840 10481 1240
internal_value=4.75005e-05 8.14936e-05 -0.00481005 -0.0104491 0.000104529 0.00128956 0.00222165 -0.00378854 -0.00751872 -6.54874e-06 -0.0073185 0.00161392 0.00472756 0.00075093 7.66354e-06 -0.000468407 0.00890722 2.31325e-05 -0.000292722 -0.0031016 -0.00174565 -0.00801105 -0.000292826 0.00483871 -0.00215872 -4.07717e-05 -0.000203624 -0.00201271 -0.00157395 0.000537992
internal_weight=351049 348187 1632 835 346555 29700 25094 4606 2537 316855 1281 23003 4992 18011 16311 15478 2091 315574 204460 16830 13462 2534 10928 2914 8014 187630 178147 29351 28511 18030
internal_count=351049 348187 1632 835 346555 29700 25094 4606 2537 316855 1281 23003 4992 18011 16311 15478 2091 315574 204460 16830 13462 2534 10928 2914 8014 187630 178147 29351 28511 18030
is_linear=0
shrinkage=0.05


Tree=77
num_leaves=31
num_cat=0
split_feature=8 3 11 13 11 13 10 14 3 12 13 12 12 15 14 12 14 12 12 11 10 12 14 11 10 12 11 10 10 10
split_gain=17.5914 22.2287 28.5337 37.0056 21.2759 20.2228 18.6534 22.8889 18.6194 35.5292 81.576 59.0491 45.5155 34.0344 27.2062 54.2411 24.2584 23.6864 30.6727 23.3471 22.0112 31.7574 28.0782 25.4653 23.5795 34.9807 21.7425 20.6597 20.5694 39.4123
threshold=0.35788925720260206 0.011299429701139287 -0.0046605922573709204 20.555000305175785 -0.0018136184139459497 18.94999980926514 -0.013327781970057238 0.004407866869301503 -0.0049774955986651151 -0.0062518932096157767 20.375000000000004 -0.0093119022308690274 0.054230156972347017 0.0072927733864154307 0.23397195059943568 -0.063506994691829508 0.034817373929807223 0.12951753151584791 0.12384640389246161 0.011634052199270497 -0.0056282677308486786 0.029689605968967085 0.079889052526069274 0.0048631754826448112 -0.0049765791871394507 0.025891209658118756 0.029387931380338687 -0.0035395277323598258 -0.0026563835490860939 -0.0027125726307745119
decision_type=8 2 2 2 2 2 2 2 2 2 2 2 2 2 2 2 2 2 2 2 2 2 2 2 2 2 2 2 2 2
left_child=8 2 3 5 -4 -2 -5 -8 9 11 20 13 -12 14 26 -16 -13 18 -10 -15 21 -11 24 -24 25 -22 28 -26 29 -1
right_child=1 -3 4 6 -6 -7 7 -9 17 10 12 16 -14 19 15 -17 -18 -19 -20 -21 22 -23 23 -25 27 -27 -28 -29 -30 -31
leaf_value=1.1848934805347087e-05 1.3725645654075192e-05 -0.0003417070850639392 -0.00048113559974729408 -0.00013638373522269686 -6.6277166918335669e-05 0.00024075302104803378 -3.8195037275068783e-05 0.00016331977127746609 5.6748374538890048e-06 -4.3612207541099055e-06 0.00023294373676893915 -4.7758900454903918e-05 -2.1434055669178853e-05 -0.00031239951463220712 3.8380806182025144e-05 -0.0010561987278518042 -0.00032250079525367485 0.00021299604239454137 -0.00016116919415797883 8.5638467281782125e-05 4.996905846596156e-05 0.00014927363362806517 -0.00039474794778901283 0.00021782784358613077 8.1224746927966194e-05 -0.000244966900875534 0.00020528297633628731 -2.0332813908377664e-05 -7.3671501464429734e-05 0.00070081161352264151
leaf_weight=8459 525 1410 464 1253 5938 852 2047 1186 269302 5663 2796 640 1159 2082 705 596 1836 519 1351 580 825 2237 892 161 2687 1242 762 27617 4810 285
leaf_count=8459 525 1410 464 1253 5938 852 2047 1186 269302 5663 2796 640 1159 2082 705 596 1836 519 1351 580 825 2237 892 161 2687 1242 762 27617 4810 285
internal_value=8.47866e-06 -0.00174954 -0.00106604 0.00145403 -0.00337395 0.00862382 -0.000746768 0.00126044 7.97732e-05 -0.000673138 0.000112083 -0.00238617 0.00697219 -0.00140462 -0.000513863 -0.00743659 -0.00963247 0.000263117 0.000242654 -0.00663035 -0.000544478 0.00182911 -0.00110549 -0.00914055 -0.00084412 -0.00601113 0.000115256 -0.000491684 -0.000346761 0.0010979
internal_weight=350881 13675 12265 5863 6402 1377 4486 3233 337206 66034 45279 20755 3955 18279 15617 1301 2476 271172 270653 2662 41324 7900 33424 1053 32371 2067 14316 30304 13554 8744
internal_count=350881 13675 12265 5863 6402 1377 4486 3233 337206 66034 45279 20755 3955 18279 15617 1301 2476 271172 270653 2662 41324 7900 33424 1053 32371 2067 14316 30304 13554 8744
is_linear=0
shrinkage=0.05


Tree=78
num_leaves=31
num_cat=0
split_feature=4 6 12 15 5 3 13 13 13 11 12 11 12 14 9 14 14 11 12 13 12 14 13 13 1 7 14 14 11 12
split_gain=20.1001 17.0382 20.9393 19.585 19.0847 14.8426 15.0555 33.6561 19.2603 30.0506 18.8201 28.3223 17.839 30.8297 23.5958 18.7445 17.9293 18.9238 22.8776 16.9257 17.0461 16.8646 16.5335 15.9175 15.4609 15.2406 13.753 29.4868 17.9506 19.1413
threshold=0.013048623246630775 -0.0088751170429796269 -0.075828258528587975 -0.016197999899494216 0.036041126573750394 0.00936272483377887 27.855000495910648 30.750000000000004 25.505000114440922 -0.020944114247125386 -0.059602846746386766 0.0091429221400685119 -0.037182022150964049 0.17907813454888047 -0.11257539486638839 0.16190048637044233 -0.068136872709181048 0.0043117455667203161 -0.0021779841828679087 26.284999847412113 -0.063506994691829508 0.083482873400912663 16.355000495910648 20.335000038146976 -0.023343084877276595 -0.035136201723798437 0.15844695899744313 0.15522193331306103 -0.01963547275857069 0.001711050909807055
decision_type=2 2 2 2 2 2 2 2 2 2 2 2 2 2 10 2 2 2 2 2 2 2 2 2 2 2 2 2 2 2
left_child=-1 2 3 -2 5 6 8 -8 10 19 11 -3 13 14 -12 16 17 -14 -19 -10 25 24 -20 -16 -9 -21 27 28 29 -18
right_child=1 4 -4 -5 -6 -7 7 21 9 -11 12 -13 15 -15 23 -17 26 18 22 20 -22 -23 -24 -25 -26 -27 -28 -29 -30 -31
leaf_value=3.3504538673727324e-05 0.00022384510875863835 0.00025598614425274071 5.3767245196266428e-06 4.9176510801672828e-05 -0.00037138291881453277 -4.7659619657139042e-05 -0.00048029055270247534 -0.0003267707022903707 -0.00016897938147480366 0.00032102191339277629 -0.0001460854983546834 -9.6125295099742242e-05 -5.4346105937484301e-06 -0.00052499861498591423 0.0001287609109160908 0.00011946291616443154 1.1075810550814637e-05 0.00022035058261026306 0.00011430328955197313 0.00011614444639074397 0.00016008989341646785 9.0929431601825253e-05 -3.0161602600076861e-05 -5.5081414729244751e-05 0.00017282483439908967 -0.00041118494363597203 -0.0002012183151842567 0.00037007742964218816 -1.3504871188674272e-05 0.00013293329193117312
leaf_weight=8221 711 845 202256 2115 2409 18455 979 643 316 999 2170 311 5594 461 987 2464 4063 1298 2001 181 1054 1146 2027 1201 187 249 557 294 84726 1647
leaf_count=8221 711 845 202256 2115 2409 18455 979 643 316 999 2170 311 5594 461 987 2464 4063 1298 2001 181 1054 1146 2027 1201 187 249 557 294 84726 1647
internal_value=9.60587e-05 3.73891e-05 0.000325967 0.00460014 -0.000393767 -0.000314968 -0.0001061 -0.00362944 -1.43241e-05 0.00408181 -0.000117944 0.00622837 -0.000184948 -0.00315937 -0.00185865 -4.80076e-05 -0.000151898 0.00176282 0.00389598 0.000222222 0.00245957 0.000126518 0.00203575 0.0018053 -0.0053012 -0.00593023 -0.000380941 -0.000332856 -0.00038425 0.00232925
internal_weight=350567 342346 205082 2826 137264 134855 116400 2955 113445 2799 110646 1156 109490 4819 4358 104671 102207 10920 5326 1800 1484 1976 4028 2188 830 430 91287 90730 90436 5710
internal_count=350567 342346 205082 2826 137264 134855 116400 2955 113445 2799 110646 1156 109490 4819 4358 104671 102207 10920 5326 1800 1484 1976 4028 2188 830 430 91287 90730 90436 5710
is_linear=0
shrinkage=0.05


Tree=79
num_leaves=31
num_cat=0
split_feature=0 13 12 5 6 11 10 10 10 11 11 14 13 14 10 12 11 11 11 13 13 11 13 12 13 12 13 12 12 12
split_gain=16.233 16.0048 20.5183 15.8911 15.1873 17.0241 35.3081 40.6385 47.1542 30.0466 29.3592 36.8754 37.9923 29.4428 44.0376 43.6246 36.6797 49.7044 31.2999 42.2808 41.0052 60.4246 44.9704 49.8742 39.6451 65.7183 57.8383 31.9159 45.0126 28.0622
threshold=-0.063288702050326426 12.119999885559084 0.039535416571109601 0.0094477877820589896 1.3265008490546311 -0.01680301263819178 0.0028153334889018393 -0.007321192598677361 -0.0066846188692691313 -0.0237759721784318 -0.011429268480369846 -0.13532199000438486 27.070000648498539 -0.067149022617353324 0.010824112764753148 -0.0497892715245336 0.042684586959819588 0.011605230504387444 -0.0072461958036925669 20.555000305175785 20.555000305175785 -0.0071058525984615808 19.72500038146973 0.029234370141405511 16.550000190734867 -0.038623236339942461 16.425000190734867 -0.0031637225858343605 -0.008121323465966555 0.0011335726897910849
decision_type=2 2 2 2 2 2 2 2 2 2 2 2 2 2 2 2 2 2 2 2 2 2 2 2 2 2 2 2 2 2
left_child=-1 2 -2 -3 5 6 7 29 -9 -8 11 -7 -13 14 15 -12 17 -16 19 24 22 -22 -20 -24 26 -26 -15 28 -23 -5
right_child=1 3 -4 4 -6 10 9 8 -10 -11 13 12 -14 18 16 -17 -18 -19 20 -21 21 27 23 -25 25 -27 -28 -29 -30 -31
leaf_value=-0.00021642637877626708 -0.00017635467520621579 1.8509134861604084e-05 -1.7538629980177329e-05 -1.7587808798994822e-05 -2.5650610382553336e-05 0.00021625005027660663 -0.00011151398225125679 0.00034917672700082231 7.1336259394091231e-05 1.8130451925170454e-05 -0.00042512806221875758 -8.2763507822216509e-05 0.00030997722290903901 2.8894641753927053e-05 3.1495891439747915e-05 8.0219466554735233e-05 0.00027812737289455489 -0.00010040214640565371 -6.8112502876193328e-06 -5.7545295417143085e-05 -0.001938769948416606 5.184837377028816e-05 -0.00019882446532205672 5.1675569464549025e-05 -0.00010992225509045265 0.0001745538620757074 -0.00073908668504300021 0.00013096677410820572 -0.00046236817081399864 9.3176919737732511e-05
leaf_weight=2654 844 28558 2563 13566 34713 721 3759 726 11946 4326 399 13368 401 5897 5932 14810 742 5237 169422 3377 417 7618 3247 1466 991 5391 304 4441 392 3086
leaf_count=2654 844 28558 2563 13566 34713 721 3759 726 11946 4326 399 13368 401 5897 5932 14810 742 5237 169422 3377 417 7618 3247 1466 991 5391 304 4441 392 3086
internal_value=7.11614e-05 0.000100815 -0.00330936 0.000134467 3.26023e-05 0.000154088 0.00114745 0.00195403 0.00408775 -0.00177798 2.1466e-06 -0.00218081 -0.00275801 0.000139624 0.00168695 0.00346998 -0.000589791 -0.00130495 -6.71305e-05 0.00205827 -0.000248525 0.00247513 -0.000449795 -0.00526735 0.00339148 0.00615794 0.000544267 0.00310216 0.00121723 0.000330291
internal_weight=351314 348660 3407 345253 316695 281982 37409 29324 12672 8085 244573 14490 13769 230083 27120 15209 11911 11169 202963 15960 187003 12868 174135 4713 12583 6382 6201 12451 8010 16652
internal_count=351314 348660 3407 345253 316695 281982 37409 29324 12672 8085 244573 14490 13769 230083 27120 15209 11911 11169 202963 15960 187003 12868 174135 4713 12583 6382 6201 12451 8010 16652
is_linear=0
shrinkage=0.05


Tree=80
num_leaves=31
num_cat=0
split_feature=4 11 12 11 13 13 13 16 11 12 11 14 13 11 2 14 14 13 16 15 13 14 16 11 14 12 15 4 12 3
split_gain=16.3961 16.5176 21.318 27.4723 24.2146 65.242 29.5036 19.9999 19.9652 19.9427 29.1312 30.5042 19.579 19.2878 26.376 22.7996 62.4965 43.4363 26.6801 22.9736 18.383 18.0681 20.8126 16.7036 38.3606 25.2563 26.3937 15.8913 19.4321 27.1874
threshold=0.011824002144753444 0.025879886513439202 -0.0497892715245336 0.049786162731180202 16.085000038146976 15.574999809265138 16.164999961853031 0.037446887239391054 0.053184266574264123 0.034486038730235487 0.030916964079815371 0.009860755526874045 14.175000190734865 0.042684586959819588 -0.014721830371695775 1.0000000180025095e-35 -0.0054293361358405115 18.510000228881839 0.030424935733617157 0.0038606612005624989 13.194999694824221 -0.029883265784418574 0.0033721672616187086 0.025278563424786519 -0.035596703045515869 0.018290982479416521 -0.0085707842858219734 0.038068529165607719 -0.071455509470426767 -0.019552332803836444
decision_type=2 2 2 2 2 2 2 2 2 2 2 2 2 2 2 2 2 2 2 2 2 2 2 2 2 2 2 2 2 2
left_child=-1 7 -3 4 5 9 -6 23 -5 20 12 -12 -11 15 -15 16 17 18 21 -19 -4 22 -8 27 -25 26 -26 -2 29 -29
right_child=1 2 3 8 6 -7 13 -9 -10 10 11 -13 -14 14 -16 -17 -18 19 -20 -21 -22 -23 -24 24 25 -27 -28 28 -30 -31
leaf_value=4.4093829095131978e-05 2.3599796422285777e-06 0.00018771629383626594 0.00014089495520169617 -0.00016538514422435584 -0.00035390731776011036 0.0002724990168043493 -0.00050888649660487653 -4.9372497311854025e-05 1.6970983599890606e-06 -0.00024564134026000041 -6.1634109865157512e-05 0.00017433344343823192 2.8364652651546083e-05 0.00024705099416154921 8.248022756922216e-06 -6.9148246298125445e-05 0.00034359547380085568 -0.00024643654545364579 0.00018992224260305193 -1.6828410563786336e-05 3.3771428755307495e-05 0.00013064903501023816 -1.4737914542715881e-05 0.00010503370289696086 0.00021335901750565791 9.9675034647748074e-05 -0.00025789312692687757 -0.00027658200646239159 -6.5003548615502488e-05 0.00014480358860542519
leaf_weight=2816 267623 863 1250 1724 422 1673 188 9997 2119 819 1662 1247 431 1083 1876 5970 420 1058 1383 2764 7619 951 862 333 146 371 1310 437 29868 2173
leaf_count=2816 267623 863 1250 1724 422 1673 188 9997 2119 819 1662 1247 431 1083 1876 5970 420 1058 1383 2764 7619 951 862 333 146 371 1310 437 29868 2173
internal_value=3.52816e-05 4.58923e-06 0.00101281 0.00082416 0.00130848 0.00279403 2.20887e-05 -0.000112887 -0.0031681 0.0016004 -0.00125631 0.00148677 -0.00764 0.000354878 0.00401318 -0.000441306 0.00137031 0.000277546 0.00440307 -0.0033752 0.00294002 0.000712144 -0.00380952 -4.01143e-05 -0.0044213 -0.00726601 -0.0102335 -8.58044e-06 -0.00105302 0.00308429
internal_weight=351458 348642 36384 35521 31678 14701 16977 312258 3843 13028 4159 2909 1250 16555 2959 13596 7626 7206 3384 3822 8869 2001 1050 302261 2160 1827 1456 300101 32478 2610
internal_count=351458 348642 36384 35521 31678 14701 16977 312258 3843 13028 4159 2909 1250 16555 2959 13596 7626 7206 3384 3822 8869 2001 1050 302261 2160 1827 1456 300101 32478 2610
is_linear=0
shrinkage=0.05


Tree=81
num_leaves=31
num_cat=0
split_feature=4 12 5 6 11 10 10 10 10 12 9 12 10 14 11 12 12 14 10 14 14 12 14 14 14 14 11 11 11 12
split_gain=16.1505 20.2458 12.9888 13.8696 14.5009 25.6452 32.7009 40.4929 32.3187 30.9253 36.3359 32.6466 32.9795 39.2295 29.1575 28.3507 28.1031 25.1583 48.9552 27.8993 45.9887 29.9996 26.8554 43.0459 33.7267 38.2134 43.883 56.0985 40.2618 31.1746
threshold=0.069423835206657278 -0.0800835440536906 0.010563217226300299 1.213381557003357 -0.01680301263819178 0.0040309091899630731 -0.007321192598677361 -0.0066846188692691313 0.0059756471813912091 -0.007281546892151213 -0.098915358141962992 -0.067575688865902969 -0.017312000709356064 0.0250539094836888 -0.017686131484892616 -0.016903988497052599 -0.028754212853801194 0.11081750297484406 -0.0050968471700204012 0.083482873400912663 0.079095926518506735 -0.0014831897497937228 0.049298283120689408 0.048234950984074383 0.060125948457031016 0.064981322620702234 0.0091429221400685119 0.042684586959819588 0.0055727448944625788 0.027831589424704543
decision_type=2 2 2 2 2 2 2 2 2 2 10 2 2 2 2 2 2 2 2 2 2 2 2 2 2 2 2 2 2 2
left_child=2 -2 -1 4 5 6 9 -8 -7 11 14 -4 -13 -14 -11 16 -15 19 -19 20 22 -22 23 -6 -24 29 28 -28 -27 -26
right_child=1 -3 3 -5 17 8 7 -9 -10 10 -12 12 13 15 -16 -17 -18 18 -20 -21 21 -23 24 -25 25 26 27 -29 -30 -31
leaf_value=1.2205668657850993e-05 0.00032869394118026715 -0.00027369466266429437 8.5589893817012751e-05 -2.7343361193903114e-05 -1.9938273372485832e-06 -0.00017467159703912348 0.0003420381356655101 6.2850424320517805e-05 6.9527414949359378e-06 2.3637962892395298e-05 0.00014854288123537513 -0.00033096632225753237 -0.00031227258571017637 -2.7777296463602028e-05 -0.00057486762271029702 -0.00013947438745657168 0.00016695416746469448 -9.0749819426357803e-05 0.00034541303410114143 6.5134744512306992e-05 -0.00028350121428435406 -0.00011538481174286674 0.00010410014197120817 -0.00030235475130904564 2.4272351601428149e-05 5.3582236242344117e-05 -0.0003290907033737196 0.00071741792935908983 0.00030571714217020475 -0.00036284928542670988
leaf_weight=59805 353 3844 2507 35692 183469 1601 634 11596 4551 1594 2580 2174 575 2191 293 1348 1881 7211 298 7247 727 2728 6870 874 822 3820 1174 381 756 1121
leaf_count=59805 353 3844 2507 35692 183469 1601 634 11596 4551 1594 2580 2174 575 2191 293 1348 1881 7211 298 7247 727 2728 6870 874 822 3820 1174 381 756 1121
internal_value=5.11096e-05 -0.00303193 8.84509e-05 -5.13576e-05 7.97736e-05 0.00104773 0.00170332 0.00362633 -0.00186931 0.000150234 0.00364338 -0.00131135 -0.00284307 -0.000929942 -0.00162957 0.000387454 0.00246807 -6.94259e-05 -0.00291317 3.22636e-05 -7.66985e-05 -0.00579595 2.24551e-05 -0.000142804 0.00206103 -0.000130047 0.00180639 -0.00545016 0.00427229 -0.00624035
internal_weight=350717 4197 346520 286715 251023 33525 27373 12230 6152 15143 4467 10676 8169 5995 1887 5420 4072 217498 7509 209989 202742 3455 199287 184343 14944 8074 6131 1555 4576 1943
internal_count=350717 4197 346520 286715 251023 33525 27373 12230 6152 15143 4467 10676 8169 5995 1887 5420 4072 217498 7509 209989 202742 3455 199287 184343 14944 8074 6131 1555 4576 1943
is_linear=0
shrinkage=0.05


Tree=82
num_leaves=31
num_cat=0
split_feature=8 11 13 10 13 10 11 10 11 11 10 10 10 10 12 10 12 11 11 11 12 13 12 10 11 12 12 16 13 13
split_gain=14.6464 22.0389 37.7518 25.5909 21.921 21.122 21.0731 16.0204 13.9252 21.1076 75.8991 20.4695 53.7763 54.0915 50.9835 39.0629 41.6632 123.512 122.274 49.8061 49.0807 39.9365 35.3303 35.413 35.3496 34.8002 67.0955 46.3478 40.6376 45.5617
threshold=0.35788925720260206 -0.0037227155807691976 20.555000305175785 0.003855857055865886 19.055000305175785 -0.013327781970057238 -0.001505461586643053 -0.01378806518059311 0.025879886513439202 0.025278563424786519 0.0023303332819465399 -0.0018259871478111254 -0.0022466027012056906 -0.0021666724277842882 0.12384640389246161 -0.00038724572548481934 0.032681400814823743 0.01079875175925993 0.010209194758885378 0.0069505376861864763 0.029962743455793642 13.824999809265138 -0.027486551032664949 -0.00090813220521157579 -0.031453464626615406 0.032443488096438274 0.035278924713739175 -0.018308742553242715 16.469999313354496 16.425000190734867
decision_type=8 2 2 2 2 2 2 2 2 2 2 2 2 2 2 2 2 2 2 2 2 2 2 2 2 2 2 2 2 2
left_child=8 2 4 5 -2 -4 -3 -8 9 11 -11 12 14 -14 25 16 18 -18 19 20 22 -20 -13 24 -24 28 -27 -28 29 -1
right_child=1 6 3 -5 -6 -7 7 -9 -10 10 -12 15 13 -15 -16 -17 17 -19 21 -21 -22 -23 23 -25 -26 26 27 -29 -30 -31
leaf_value=-2.4843182502939846e-05 3.7047167951611077e-06 -0.00051395485965615199 -0.00012319058136927514 -0.00023047873051763401 0.00022528777680722967 5.1256818946178062e-05 0.00013253062371839825 -9.2073949693316336e-05 2.2566587246732095e-05 -0.00023508344257277817 7.4089933098908973e-05 -0.00037441027314731611 0.00032814869418307621 6.0006457595817874e-05 -0.00031145177664656533 -4.6764857931534329e-07 3.7229770243480432e-05 -0.00035951128398891005 3.4824365355821259e-06 -0.00043654588202175234 -0.00062540523219009917 0.00018891225662191736 0.00027054255744995628 8.1165881006739756e-05 -9.5902913355749815e-05 0.00022045306810392851 0.00011774922046883224 5.9933375090534455e-06 1.6732501845343871e-05 -0.00037720834330631233
leaf_weight=23937 590 511 1275 855 874 2942 419 6215 35375 1273 1292 857 1279 5899 843 169456 2526 2973 2098 844 424 2927 432 2118 5482 1278 3474 15429 55630 1250
leaf_count=23937 590 511 1275 855 874 2942 419 6215 35375 1273 1292 857 1279 5899 843 169456 2526 2973 2098 844 424 2927 432 2118 5482 1278 3474 15429 55630 1250
internal_value=4.86776e-05 -0.00155508 0.000543146 -0.00149842 0.00761612 0.000100783 -0.00347446 -0.00272083 0.000113766 3.72861e-06 -0.00451267 4.24528e-05 0.000588659 0.00477152 0.00029384 -0.000270726 -0.00232218 -0.0060511 -0.000971545 -0.0041277 -0.00307366 0.00540796 -0.00228091 -0.00125125 -0.00323808 0.000396047 0.00225336 0.00150373 -6.77456e-05 -0.00173403
internal_weight=350777 13681 6536 5072 1464 4217 7145 6634 337096 301721 2565 299156 109019 7178 101841 190137 20681 5499 15182 10157 9313 5025 8889 8032 5914 100998 20181 18903 80817 25187
internal_count=350777 13681 6536 5072 1464 4217 7145 6634 337096 301721 2565 299156 109019 7178 101841 190137 20681 5499 15182 10157 9313 5025 8889 8032 5914 100998 20181 18903 80817 25187
is_linear=0
shrinkage=0.05


Tree=83
num_leaves=31
num_cat=0
split_feature=0 12 13 0 14 10 10 14 14 14 11 10 10 12 11 11 11 11 10 9 11 12 8 15 13 14 13 10 12 3
split_gain=15.6083 18.9309 16.6486 13.5627 21.5229 16.0045 34.3652 38.1532 26.3651 38.3271 30.9451 44.8637 38.5637 30.5914 29.5697 27.3207 34.1316 32.7431 28.8614 48.7291 31.0741 26.3613 27.8537 25.9407 24.6034 47.413 34.7346 45.0259 32.7252 28.0473
threshold=-0.040075793244192685 -0.014960350168733092 20.060000419616703 0.084302722516504738 -0.19490876951167976 0.017693997216902905 0.015605159278572868 -0.060212487769074334 -0.068136872709181048 -0.055909224672121997 0.0053137315210420874 0.010824112764753148 0.01542612816856115 0.05549664954164369 0.0066220138343902066 -0.031453464626615406 -0.0088251851150741283 -0.0033635921331804926 0.0092143531748835068 0.0085524754046381064 0.045591167028525621 0.044995709916922373 0.042364439540646955 0.0021966450123291907 16.125000000000004 -0.077913276979976895 17.494999885559086 0.0099554274081197231 0.0027925929369287954 0.0034772881734362886
decision_type=2 2 2 2 2 2 2 2 2 2 2 2 2 2 2 2 2 2 2 10 2 2 8 2 2 2 2 2 2 2
left_child=1 -1 -3 5 -5 6 8 -8 10 15 12 21 13 24 -13 -10 -17 -18 20 -20 -19 22 -12 -7 25 -2 -26 29 -29 -28
right_child=3 2 -4 4 -6 23 7 -9 9 -11 11 14 -14 -15 -16 16 17 18 19 -21 -22 -23 -24 -25 26 -27 27 28 -30 -31
leaf_value=-0.00023142816692197523 -1.1491539021428467e-05 -6.9231194888728963e-05 0.0001719744496865639 -0.00093387848334690554 -0.000111298235567468 -0.00022238098185685192 -0.00022192891553990564 7.7877782009199868e-05 0.00025207204541876992 2.4393338373978301e-06 0.00013511460450644334 0.00023157596054692691 0.00020157267815524074 0.00025020688532600857 -8.5072496401050922e-05 -0.00039527447932939512 0.00015136527579114446 -0.00013481016372699381 -4.3485336924688461e-05 0.00024737626675875359 9.753619882359269e-05 -3.0164561019832733e-05 3.839065625487869e-05 6.5270541963866218e-05 9.174761350136977e-05 -0.00027458096260107623 -2.4501419740515994e-05 0.00019888992228805298 -4.5033934446137887e-05 -0.00022293741527832498
leaf_weight=2929 3321 4120 1108 242 1119 514 2472 834 418 284192 6837 428 826 409 2515 1272 1247 7153 2679 639 821 1653 3256 7181 3351 1257 3143 1656 1237 1873
leaf_count=2929 3321 4120 1108 242 1119 514 2472 834 418 284192 6837 428 826 409 2515 1272 1247 7153 2679 639 821 1653 3256 7181 3351 1257 3143 1656 1237 1873
internal_value=6.2161e-05 -0.00209942 -0.00029648 0.000113635 -0.00486774 0.000133506 8.14869e-05 -0.00499093 0.000132275 -1.34877e-05 0.00150179 0.00318436 5.41791e-05 -0.000481627 -0.00233605 -0.00254586 -0.00292701 -0.00213534 -0.00298441 0.000934298 -0.004615 0.00456751 0.00552611 0.00238791 -0.000830282 -0.00392093 0.000426288 -0.00138134 0.00358624 -0.00424641
internal_weight=350702 8157 5228 342545 1361 341184 333489 3306 330183 298421 31762 14689 17073 16247 2943 14229 13811 12539 11292 3318 7974 11746 10093 7695 15838 4578 11260 7909 2893 5016
internal_count=350702 8157 5228 342545 1361 341184 333489 3306 330183 298421 31762 14689 17073 16247 2943 14229 13811 12539 11292 3318 7974 11746 10093 7695 15838 4578 11260 7909 2893 5016
is_linear=0
shrinkage=0.05


Tree=84
num_leaves=31
num_cat=0
split_feature=5 12 12 13 7 15 5 13 10 10 13 14 11 10 11 14 11 12 8 10 10 14 14 14 11 14 14 11 14 12
split_gain=18.4837 15.6069 33.2366 18.9413 16.4612 16.2921 14.8764 27.6018 32.6864 25.2372 24.0766 22.7078 15.3499 27.9552 26.6977 23.3173 17.3042 36.6672 19.2034 16.5626 16.2297 18.2645 14.3583 13.7984 42.6872 38.3213 48.9831 39.7342 39.8379 33.5854
threshold=0.0074242590255339672 0.12951753151584791 0.12384640389246161 18.035000801086429 0.04111978746836787 0.0028919484942933065 0.029820855034150929 24.385000228881839 0.06903334451863076 0.0070711617460903495 23.965000152587894 -0.022450840204273455 0.039736199013419633 0.0054484858672928524 0.044463646975978717 -0.070157890185866142 0.035554574411001412 0.05549664954164369 0.028244477758261003 0.0056131556755568699 0.0031270998422653355 0.012431899030548645 0.19875689507511787 -0.12096344977185801 0.0043117455667203161 -0.098691693357393515 -0.086337752297859935 0.0026615433569360252 -0.11544121967691799 -0.041479323473455502
decision_type=2 2 2 2 2 2 2 2 2 2 2 2 2 2 2 2 2 2 10 2 2 2 2 2 2 2 2 2 2 2
left_child=-1 2 6 4 -4 -3 12 10 9 11 -8 -9 16 14 -14 -15 23 18 -18 -17 21 -16 -13 24 -2 27 29 28 -25 -27
right_child=1 5 3 -5 -6 -7 7 8 -10 -11 -12 22 13 15 20 19 17 -19 -20 -21 -22 -23 -24 25 -26 26 -28 -29 -30 -31
leaf_value=6.0394830191791124e-05 -2.7755670135778868e-06 -1.1440756210906586e-05 4.3491355323427469e-06 -0.00043070939009672173 -0.0002388292925325111 0.00025033166258792979 -0.00013409303216262036 -0.00044974998817994466 -0.0012317357452767417 0.0002585920673862907 -0.00066391734791612514 0.00012485585050896371 0.00021894449513280872 0.00015942104185514823 -6.6818412689197143e-05 -0.00017359505835510687 -0.00017973954112362512 0.00018665387125250981 2.1121297128606062e-05 -1.5973655162256682e-05 0.00013311591840643486 0.00014186641390887315 -0.00027751346841937513 0.00013453770446367183 0.00015466069906582629 -0.00026267669530403065 6.6689611679607993e-08 -0.00017230579507178934 -9.1582618512418235e-05 9.3398420536070826e-05
leaf_weight=2813 7138 384 843 426 455 441 10663 428 164 1465 390 1625 1193 884 1527 395 2172 413 838 4262 1220 643 330 791 2851 484 294877 2851 2375 5734
leaf_count=2813 7138 384 843 426 455 441 10663 428 164 1465 390 1625 1193 884 1527 395 2172 413 838 4262 1220 643 330 791 2851 484 294877 2851 2375 5734
internal_value=4.25123e-05 9.90633e-06 -6.40404e-06 -0.00693155 -0.00392912 0.00687879 2.81303e-05 -0.00150846 0.00204387 0.00297557 -0.00279788 -0.000199329 9.81406e-05 0.00201501 0.00490399 -0.000374481 3.75947e-05 -0.00349839 -0.00541528 -0.00178763 0.00264012 4.60829e-05 0.0020844 7.57645e-05 0.0019046 1.62807e-05 9.52357e-05 -0.00393469 -7.8964e-05 0.00448697
internal_weight=351075 348262 347437 1724 1298 825 345713 15065 4012 3848 11053 2383 330648 10124 4583 5541 320524 3423 3010 4657 3390 2170 1955 317101 9989 307112 301095 6017 3166 6218
internal_count=351075 348262 347437 1724 1298 825 345713 15065 4012 3848 11053 2383 330648 10124 4583 5541 320524 3423 3010 4657 3390 2170 1955 317101 9989 307112 301095 6017 3166 6218
is_linear=0
shrinkage=0.05


Tree=85
num_leaves=31
num_cat=0
split_feature=1 14 11 11 14 14 11 3 10 10 14 13 13 13 11 11 14 14 13 9 10 10 11 13 10 10 14 14 11 11
split_gain=13.1656 17.6429 22.3598 15.2267 34.2128 32.1771 30.4107 30.8174 27.4017 26.4337 26.8245 24.8351 27.131 54.3985 52.9555 43.395 45.4802 35.9257 33.0238 47.185 36.7706 40.5864 54.3787 52.9135 50.8291 52.729 38.9825 53.6896 38.4635 36.4611
threshold=0.050749887901182518 -0.077913276979976895 0.025879886513439202 0.015980558357876488 -0.0092544987085180757 -0.0054293361358405115 0.014866796101089543 -0.0044654900489085039 0.020743044846024853 0.017693997216902905 -0.12635401997537379 12.00999975204468 13.744999885559084 13.34500026702881 0.00023769852102906167 -0.0021561208113907156 -0.022227674526148929 0.010891009150098998 13.934999942779543 0.073030857023809306 0.00038112321022931722 0.0014914798272115395 -0.012843892369582886 14.00500011444092 0.0010681623083543814 0.00069579143919507047 0.03048966244044227 0.0071322940265206034 -0.0237759721784318 0.011695310622020451
decision_type=2 2 2 2 2 2 2 2 2 2 2 2 2 2 2 2 2 2 2 8 2 2 2 2 2 2 2 2 2 2
left_child=3 2 -2 6 8 -6 11 -8 9 10 -5 -1 13 14 15 -13 -17 -15 19 -14 -20 22 -22 -23 25 -24 27 -27 -25 -29
right_child=1 -3 -4 4 5 -7 7 -9 -10 -11 -12 12 18 17 -16 16 -18 -19 20 -21 21 23 24 28 -26 26 -28 29 -30 -31
leaf_value=-0.00020144088613022965 1.5290300144163048e-06 -3.2215579783606218e-05 0.00019651583840976885 0.00022879105371338828 -0.00015327899992663636 -8.7687181505565277e-07 -0.00017935799944104674 -3.1944184392038169e-05 -0.00014139644735569598 0.00017537882617404586 3.2752257221627984e-05 1.5747517956069338e-05 -0.00025339220967153438 0.00011581106903276107 2.4826940899685827e-05 0.00015837896415731034 -0.00021583162197079872 -5.4651363506773692e-06 1.3605600858308071e-05 -2.1200895652266627e-05 6.5133212999749215e-05 0.00015877813161317431 -0.00016751415258807044 -0.00011019882236807288 -0.00036249343029498153 0.00012016699788817281 0.00028493442738779343 -0.00041456618831365184 -3.4786445021404905e-06 8.3185688425125144e-05
leaf_weight=796 2346 32490 941 919 1639 25653 1532 4539 1116 1275 33895 2436 1540 6660 18714 411 2840 2732 116326 4791 2430 410 3519 4558 1917 1492 396 807 71876 356
leaf_count=796 2346 32490 941 919 1639 25653 1532 4539 1116 1275 33895 2436 1540 6660 18714 411 2840 2732 116326 4791 2430 410 3519 4558 1917 1492 396 807 71876 356
internal_value=7.25768e-05 -0.000836431 0.0026544 0.000175632 0.000860893 -0.000483658 -3.98283e-07 -0.00349613 0.0018472 0.00208582 0.00182685 8.6222e-05 0.000114962 0.00143003 0.000185443 -0.00403992 -0.00782067 0.00466354 -9.6237e-05 -0.00365266 1.40871e-05 -0.000758594 -0.00361134 -0.000353313 -0.00549959 -0.00340944 0.00140118 -0.000781544 -0.000449407 -0.00883491
internal_weight=351352 35777 3287 315575 64497 27292 251078 6071 37205 36089 34814 245007 244211 33793 24401 5687 3251 9392 210418 6331 204087 87761 10917 76844 8487 6570 3051 2655 76434 1163
internal_count=351352 35777 3287 315575 64497 27292 251078 6071 37205 36089 34814 245007 244211 33793 24401 5687 3251 9392 210418 6331 204087 87761 10917 76844 8487 6570 3051 2655 76434 1163
is_linear=0
shrinkage=0.05


Tree=86
num_leaves=31
num_cat=0
split_feature=5 13 13 12 12 13 14 11 11 13 14 14 14 5 11 14 13 12 11 12 12 13 12 11 11 14 13 14 14 15
split_gain=14.764 18.3273 19.5405 22.2656 24.7329 15.9491 16.9395 17.629 23.0731 15.7181 13.7227 15.9384 13.0749 12.4604 12.1999 11.7595 38.0925 34.5331 27.0874 28.3249 30.8286 53.823 38.75 37.3849 27.0913 26.1079 23.2983 22.1562 33.5615 34.9984
threshold=0.01074255785438648 19.295000076293949 17.195000648498539 0.022559205045489476 0.056550523071576715 17.615000724792484 0.040467463007027978 -0.0094173901882642057 0.0059862979664929714 18.015000343322757 0.076004279758720053 -0.019478059273714762 -0.12635401997537379 0.050188040596281513 -0.005167394522302581 -0.068136872709181048 18.94999980926514 -0.018266326902635351 0.025601667077503779 -0.0045413562786246189 0.027544134222988518 16.375000000000004 0.043947966856704664 0.0026615433569360252 -0.012367016297633369 -0.12635401997537379 16.32499980926514 -0.054330610723124943 -0.051673805703282331 0.005706309726919768
decision_type=2 2 2 2 2 2 2 2 2 2 2 2 2 2 2 2 2 2 2 2 2 2 2 2 2 2 2 2 2 2
left_child=1 2 -1 5 9 10 7 12 -9 -5 11 -4 -7 15 -12 16 18 -18 19 -2 21 24 -22 -24 -21 -19 -26 -17 29 -29
right_child=13 -3 3 4 -6 6 -8 8 -10 -11 14 -13 -14 -15 -16 27 17 25 -20 20 22 -23 23 -25 26 -27 -28 28 -30 -31
leaf_value=1.2072490550566092e-05 0.00010211597037536107 5.0277593956756398e-05 -1.0148870363774882e-05 -4.4667982902301146e-05 1.8061383870588821e-05 -0.00012705792534571948 -4.4822734986814817e-05 -0.00011703309101690181 6.9417822153762458e-05 -0.00021769015446485105 -4.6915268003876843e-05 -0.00018056499613532684 0.00012802555283297434 -0.00037186532498209129 0.00017495486621949056 -5.4181188656295814e-05 1.6749009897213188e-05 -1.1568596762710858e-06 0.00013777276538584415 -0.00050303380368057766 0.00010621818666549585 4.7650585889772305e-05 0.00026218877392201079 -0.00010511663431680155 -4.8804403095258726e-05 -0.0001869935076230461 -0.00039627203188256585 2.3196597082160433e-05 -4.3762833620182573e-06 0.00020111387427539868
leaf_weight=47740 3901 7371 680 908 1067 59 1476 745 1272 1355 335 800 1487 1448 194 15034 8099 2172 2767 336 4135 4784 334 1958 3653 3449 695 2141 229198 1495
leaf_count=47740 3901 7371 680 908 1067 59 1476 745 1272 1355 335 800 1487 1448 194 15034 8099 2172 2767 336 4135 4784 334 1958 3653 3449 695 2141 229198 1495
internal_value=1.65201e-05 0.000693628 0.000395747 -0.00157063 -0.00493994 2.12826e-05 0.00152312 0.003389 0.000309866 -0.00789881 -0.00374564 -0.00621622 0.00740621 -0.000138743 0.00316635 -0.000115168 0.000725546 -0.00135204 0.00198888 0.00134118 0.000404215 -0.00141001 0.00307686 -0.00213787 -0.0052199 -0.0043631 -0.00416283 -0.000238232 -0.00011811 0.00464796
internal_weight=351088 65489 58118 10378 3330 7048 5039 3563 2017 2263 2009 1480 1546 285599 529 284151 36283 13720 22563 19796 15895 9468 6427 2292 4684 5621 4348 247868 232834 3636
internal_count=351088 65489 58118 10378 3330 7048 5039 3563 2017 2263 2009 1480 1546 285599 529 284151 36283 13720 22563 19796 15895 9468 6427 2292 4684 5621 4348 247868 232834 3636
is_linear=0
shrinkage=0.05


Tree=87
num_leaves=31
num_cat=0
split_feature=6 0 12 11 10 14 11 10 12 8 10 10 14 14 12 13 14 11 10 10 14 0 12 13 13 10 9 10 14 12
split_gain=14.9919 17.5974 12.1652 16.0884 26.1443 19.9847 11.6629 30.799 32.6931 31.0149 28.6429 37.9525 27.4094 59.236 33.8701 42.8781 34.4443 33.1968 38.1062 40.2912 25.5365 30.7584 29.6819 24.6826 46.191 21.9196 20.9982 44.3654 35.7531 32.2761
threshold=2.0988043280069095 0.0086016610306187697 0.043286848423385378 -0.0037227155807691976 -0.0045277696636227818 -0.024601750905799354 -0.022075871244429331 0.0041080829558171059 0.018290982479416521 -0.0034580580278711355 -0.013932241848525038 -0.014256563971479506 0.083482873400912663 0.079095926518506735 0.032488819096245465 15.434999942779543 0.098456899427642589 -0.0037227155807691976 -0.0030480840031554819 0.000540884636322292 0.14080193058780369 -0.015876711606546075 0.023999883801220871 18.904999732971195 18.444999694824222 -0.013327781970057238 0.0057540826929829434 -0.0066375346949278371 0.077019604552505241 -0.038623236339942461
decision_type=2 2 2 2 2 2 2 2 2 10 2 2 2 2 2 2 2 2 2 2 2 2 2 2 2 2 10 2 2 2
left_child=6 2 3 -2 -5 -6 7 8 23 -9 11 20 13 25 15 -14 -17 -15 -19 -20 22 -22 -8 24 -1 -12 29 -28 -29 -27
right_child=1 -3 -4 4 5 -7 10 9 -10 -11 12 -13 14 17 -16 16 -18 18 19 -21 21 -23 -24 -25 -26 26 27 28 -30 -31
leaf_value=3.2155433509286051e-05 -5.2567961792374198e-05 -8.9521413552697132e-05 -8.3781091231442068e-05 0.00014621001484097407 8.396154823525566e-05 -9.0277005253686093e-05 7.5354249877060175e-05 -0.00012969230068739254 0.00015045913408722229 6.4529182259424517e-05 0.00021037819535215256 -0.00027712512589291521 -0.00025003457873680538 2.6547546345810659e-05 0.00012059966515051266 0.00012994060360426904 7.5179126132364844e-06 -0.00040807600452049748 4.3606323464721725e-05 -0.00028899845749775767 -0.00026947785568222718 7.1049282092245515e-06 -0.00030193740203490423 9.3824636319723653e-06 0.00027386092507017634 -8.7870453432674882e-05 0.00010228112382598227 8.2466097351927968e-06 -0.00061493578863386529 -3.5225039619009085e-06
leaf_weight=3655 4178 7966 2289 1993 1915 2322 3202 2875 1959 1488 427 1520 815 1202 4046 2023 10055 1156 1190 807 1548 1586 380 18663 1169 8237 5044 128436 313 128650
leaf_count=3655 4178 7966 2289 1993 1915 2322 3202 2875 1959 1488 427 1520 815 1202 4046 2023 10055 1156 1190 807 1548 1586 380 18663 1169 8237 5044 128436 313 128650
internal_value=5.43279e-05 -0.00125224 -9.64795e-05 0.000629324 0.00223917 1.77012e-05 0.000136028 0.00107937 0.00174487 -0.00280197 4.24931e-05 -0.00286547 0.000124401 4.35632e-06 0.00207657 0.000824091 0.00157311 -0.00578071 -0.00847605 -0.00429394 -0.00125074 -0.0045469 0.00163317 0.00122727 0.00441542 9.72863e-05 7.94296e-05 0.000524878 0.000344663 -0.000355951
internal_weight=351109 20663 12697 10408 6230 4237 330446 29809 25446 4363 300637 8236 292401 275462 16939 12893 12078 4355 3153 1997 6716 3134 3582 23487 4824 271107 270680 133793 128749 136887
internal_count=351109 20663 12697 10408 6230 4237 330446 29809 25446 4363 300637 8236 292401 275462 16939 12893 12078 4355 3153 1997 6716 3134 3582 23487 4824 271107 270680 133793 128749 136887
is_linear=0
shrinkage=0.05


Tree=88
num_leaves=31
num_cat=0
split_feature=5 0 11 11 15 16 11 13 9 16 12 12 9 16 11 11 16 8 13 15 0 11 12 12 12 16 12 12 13 13
split_gain=14.9576 14.8955 14.2138 22.0562 29.1378 20.6723 19.2842 45.4774 27.218 27.7904 25.3358 24.3553 30.8497 19.4676 18.5979 22.3842 17.7112 17.6269 16.7311 15.9184 15.8076 15.1796 24.5471 26.9764 20.262 25.055 17.7403 15.118 13.387 12.0173
threshold=0.0070193506240395385 -0.047615195666640957 0.025879886513439202 0.025278563424786519 0.0036506272730763016 0.04897711363681901 0.028348457070928038 19.010000228881839 0.54084404116082319 0.025089126365540507 0.015760986994464269 0.024709772202027306 0.19108361837376067 0.016062710086976576 0.049786162731180202 0.053184266574264123 0.001046863723102698 0.023544229666168096 13.444999694824221 0.021103236862273559 0.0076232311123628502 0.039736199013419633 0.0094949334570126904 0.033532948733649988 0.0048491257127185614 0.015792921616657355 -0.041479323473455502 -0.028754212853801194 13.444999694824221 18.82499980926514
decision_type=2 2 2 2 2 2 2 2 8 2 2 2 8 2 2 2 2 8 2 2 2 2 2 2 2 2 2 2 2 2
left_child=-1 -2 3 5 16 -3 7 11 14 13 -11 12 -4 -10 21 20 28 -13 -6 -7 -16 26 24 -24 25 -23 -8 -27 -5 -28
right_child=1 2 6 4 18 19 8 -9 9 10 -12 17 -14 -15 15 -17 -18 -19 -20 -21 -22 22 23 -25 -26 27 29 -29 -30 -31
leaf_value=6.6598340735986398e-05 -0.00011845360781556651 4.2701647418545018e-07 3.6011877481027799e-05 -0.00057587524663215914 -0.0003589808999970424 -5.0717568295275289e-05 0.00020582934074890214 0.00031983785253670758 -5.0041028655912079e-05 2.0727540803136112e-05 -0.00027397576590145817 0.00025506141949167127 -0.00022260527922237728 0.0002076228578936555 -0.00022797834373840093 2.018525334264935e-05 -0.00020641441078815835 6.2768469236386298e-05 8.4377806934117597e-05 -0.00034573360846396365 -1.4271718744036326e-05 -0.0001534302060685332 0.00021174557767954547 5.3838197104585537e-05 -6.7673142066631761e-05 1.2580286894294142e-05 2.3101905564975201e-05 0.00022593462668080253 0.00014219758431439729 -5.0273450048407515e-05
leaf_weight=1461 5417 302711 1691 51 162 2122 413 405 819 966 1813 835 799 627 920 2537 1286 1260 775 725 763 373 1649 2442 1654 666 11096 1080 243 3264
leaf_count=1461 5417 302711 1691 51 162 2122 413 405 819 966 1813 835 799 627 920 2537 1286 1260 775 725 763 373 1649 2442 1654 666 11096 1080 243 3264
internal_value=3.35446e-05 1.24441e-05 5.33929e-05 -5.65609e-05 -0.00471792 -1.81635e-05 0.00099246 0.00387776 0.000529245 -0.00320118 -0.0061263 0.00245911 -0.000883534 0.00242047 0.0011161 -0.00193128 -0.00886076 0.00643198 0.00226788 -0.00425887 -0.00640226 0.00168419 0.0034588 0.00614153 0.00054996 0.00378716 0.000739525 0.00630011 0.00221088 0.000445682
internal_weight=351025 349564 344147 308075 2517 305558 36072 4990 31082 4225 2779 4585 2490 1446 26857 4220 1580 2095 937 2847 1683 22637 7864 4091 3773 2119 14773 1746 294 14360
internal_count=351025 349564 344147 308075 2517 305558 36072 4990 31082 4225 2779 4585 2490 1446 26857 4220 1580 2095 937 2847 1683 22637 7864 4091 3773 2119 14773 1746 294 14360
is_linear=0
shrinkage=0.05


Tree=89
num_leaves=31
num_cat=0
split_feature=5 6 12 5 8 14 16 14 14 14 8 12 13 14 13 9 16 12 13 12 12 12 15 12 12 14 12 12 13 13
split_gain=14.6845 13.6989 15.2092 15.1171 15.0595 13.0021 17.1626 18.8161 16.555 22.3059 14.3183 13.0071 13.7206 12.9561 11.6488 11.4376 14.7806 11.7521 11.1727 22.6001 26.8886 16.5746 15.3788 14.9932 29.6998 15.8916 17.4175 20.7718 28.8649 14.841
threshold=0.0070193506240395385 -0.35407591943419758 -0.075828258528587975 0.036041126573750394 0.0047845762541012258 -0.12096344977185801 -0.0035705204618542981 -0.13532199000438486 -0.098691693357393515 -0.086337752297859935 -0.0020970550230690606 0.043947966856704664 16.164999961853031 -0.19490876951167976 24.630000114440922 0.74336460728957277 -0.017232081179546551 0.043947966856704664 13.744999885559084 0.0094949334570126904 0.015576127060618618 0.066825641747697576 -0.013632280940514772 0.049504532457416379 0.050860094870715973 -0.060212487769074334 0.033096137453612735 0.028388947931175527 13.050000190734865 13.934999942779543
decision_type=2 2 2 2 8 2 2 2 2 2 10 2 2 2 2 8 2 2 2 2 2 2 2 2 2 2 2 2 2 2
left_child=-1 2 4 5 14 6 -3 -8 10 -10 15 12 -12 -5 -2 17 -17 -7 19 -11 -21 22 -22 25 -25 -24 27 28 -27 -20
right_child=1 3 -4 13 -6 8 7 -9 9 18 11 -13 -14 -15 -16 16 -18 -19 29 20 21 -23 23 24 -26 26 -28 -29 -30 -31
leaf_value=6.7756835420314354e-05 1.8257346471361904e-05 -1.197373508472037e-05 6.5287580955097209e-06 -0.0015477892795991021 -4.377561794813739e-05 -1.6263442400097978e-06 4.6633643699240705e-05 0.00022929948514745886 7.853199345127663e-05 0.00012134175067269882 0.00021122994320421108 -0.00011405986360838146 -3.6459931429665571e-06 -0.00021007398423333992 0.0002362107411851481 -0.00085288329695205412 -0.00012683335828929257 -0.00027425560724619327 -6.4136566172126377e-05 -0.00034875245918268853 0.00010640415645593392 9.0049095398634716e-05 -0.00010792249211654406 -0.00021391491373266353 -1.3863821147644309e-05 -7.6102011891572007e-05 4.2134439848260279e-05 -6.5571709402535399e-05 7.9815021670958574e-05 -8.2930139742394038e-06
leaf_weight=1430 582 3686 148596 90 482 956 2705 994 3041 1654 300 695 1173 3421 1082 287 626 415 5346 402 1002 1692 1036 893 3837 1700 10586 4723 3277 144690
leaf_count=1430 582 3686 148596 90 482 956 2705 994 3041 1654 300 695 1173 3421 1082 287 626 415 5346 402 1002 1692 1036 893 3837 1700 10586 4723 3277 144690
internal_value=4.84492e-05 2.77882e-05 0.000387417 -0.000244319 0.00456664 -0.000185984 0.00187204 0.00427818 -0.000266685 -0.000193742 -0.00327942 -0.000369004 0.00229124 -0.00349615 0.00682091 -0.00604203 -0.0103779 -0.00315463 -0.000265154 0.000602234 0.000279608 0.000459194 0.000158941 -7.48503e-05 -0.00262156 0.000490104 0.00079858 -0.000731959 0.001522 -0.000443227
internal_weight=351399 349969 150742 199227 2146 195716 7385 3699 188331 183879 4452 2168 1473 3511 1664 2284 913 1371 180838 30802 29148 28746 27054 26052 4730 21322 20286 9700 4977 150036
internal_count=351399 349969 150742 199227 2146 195716 7385 3699 188331 183879 4452 2168 1473 3511 1664 2284 913 1371 180838 30802 29148 28746 27054 26052 4730 21322 20286 9700 4977 150036
is_linear=0
shrinkage=0.05


Tree=90
num_leaves=31
num_cat=0
split_feature=0 1 10 11 11 10 14 15 10 14 11 13 11 13 10 13 13 13 16 10 10 13 13 14 14 14 14 11 10 13
split_gain=13.5105 12.7982 14.2992 12.9305 26.4616 27.7137 20.2491 19.8713 19.4479 23.8932 16.1959 23.056 13.8304 39.0979 25.8343 19.6027 39.1071 22.41 20.657 15.4022 87.4108 41.8166 40.0685 34.461 71.1475 43.0583 69.4964 67.1207 39.0383 33.601
threshold=-0.047615195666640957 0.065088548576623509 0.027542831641926283 0.039736199013419633 0.04720517450512441 0.0028153334889018393 -0.048976395362543328 -0.0001430588803181809 0.020743044846024853 -0.025765440759432264 0.035554574411001412 15.034999847412111 0.025879886513439202 19.010000228881839 0.0080340527889744013 16.085000038146976 15.574999809265138 16.260000228881839 0.026152136864440071 -0.0043931743596038455 -0.0047915944000584956 13.050000190734865 13.414999961853029 0.077019604552505241 0.081032983629692037 0.049298283120689408 0.04320040155148664 -0.0047792055268489611 -0.0019771286698093134 13.894999980926515
decision_type=2 2 2 2 2 2 2 2 2 2 2 2 2 2 2 2 2 2 2 2 2 2 2 2 2 2 2 2 2 2
left_child=-1 3 -3 10 5 -5 -6 -8 9 -7 12 -12 19 15 -15 16 18 -17 -14 20 21 -2 -23 25 29 26 -21 -27 -28 -25
right_child=1 2 -4 4 6 8 7 -9 -10 -11 11 -13 13 14 -16 17 -18 -19 -20 23 -22 22 -24 24 -26 27 28 -29 -30 -31
leaf_value=-0.00011513420062093547 0.00014841374833338795 -3.7846161591381656e-05 0.00024125000153014595 0.0002286530683318462 0.00010353547615750438 0.00012500229497671819 -0.00019892956301645277 -7.7547367345284479e-06 -0.00016893706361376774 -2.3161080098849185e-05 0.00016125497078007197 -0.00010954902796851885 5.8227425747253143e-05 0.00025885283291452881 3.5643804701233732e-05 -0.00032624108283754423 0.00019558958646283847 -9.9412290419713143e-06 -3.3405283164457163e-05 -1.2223137600891194e-06 0.00016002243310728594 -0.0001939995912281961 7.2435848154780604e-06 3.9621201604061501e-05 6.1417744542032871e-06 0.00019393760539511537 8.0214324730445036e-05 1.2833207896388502e-05 -0.00020668465283941504 -0.00057297194902966749
leaf_weight=5427 1130 21675 122 1019 1246 1711 801 2516 298 1332 331 2769 3958 734 761 373 1109 6855 3660 205849 3178 1191 66278 397 3216 2491 431 5533 3143 1534
leaf_count=5427 1130 21675 122 1019 1246 1711 801 2516 298 1332 331 2769 3958 734 761 373 1109 6855 3660 205849 3178 1191 66278 397 3216 2491 431 5533 3143 1534
internal_value=4.77116e-05 8.65783e-05 -0.00108616 0.000165512 0.00204247 0.00482798 -0.00061911 -0.00266054 0.00262646 0.00382024 0.00011233 -0.00348387 0.000148082 0.00151576 0.00924749 0.000791288 0.00238627 -0.00113448 0.00110922 6.70073e-05 0.000703916 0.000328358 0.000168596 -0.000138369 -0.00418205 -4.26541e-05 -0.000180377 0.00355184 -0.00709289 -0.0117685
internal_weight=351068 345641 21797 323844 8923 4360 4563 3317 3341 3043 314921 3100 311821 17450 1495 15955 8727 7228 7618 294371 71777 68599 67469 222594 5147 217447 209423 8024 3574 1931
internal_count=351068 345641 21797 323844 8923 4360 4563 3317 3341 3043 314921 3100 311821 17450 1495 15955 8727 7228 7618 294371 71777 68599 67469 222594 5147 217447 209423 8024 3574 1931
is_linear=0
shrinkage=0.05


Tree=91
num_leaves=31
num_cat=0
split_feature=5 5 13 12 16 13 12 12 11 11 11 14 14 14 14 11 14 12 14 14 13 13 11 13 14 14 12 12 13 12
split_gain=14.4287 12.1602 12.1317 21.5266 15.1814 13.7509 42.363 54.1849 29.7235 75.7913 43.6484 57.9147 53.5008 46.4539 31.2557 29.869 26.1555 25.9695 25.7934 25.0965 23.8489 22.7329 35.7166 21.5708 45.8847 30.1987 27.29 21.536 20.2277 22.3108
threshold=0.0074242590255339672 0.043871709698519799 12.119999885559084 0.039535416571109601 0.029893675434687465 13.744999885559084 0.0094949334570126904 0.015576127060618618 0.0013310128060490813 -0.0042559755894635001 0.012210489302713847 0.010891009150098998 0.00619378828642947 0.05244160831962786 -0.0015377949631008578 0.01259030861125965 0.035592479952137442 0.022559205045489476 0.023372981459681922 -0.091137781806863202 12.994999885559084 12.694999694824221 0.0053137315210420874 13.934999942779543 0.077019604552505241 -0.033055750463650273 0.057873618969341407 0.027544134222988518 13.444999694824221 0.0037862010061723299
decision_type=2 2 2 2 2 2 2 2 2 2 2 2 2 2 2 2 2 2 2 2 2 2 2 2 2 2 2 2 2 2
left_child=-1 2 3 -2 -5 6 28 -8 9 -9 11 14 15 20 19 -12 -11 -17 -14 -10 -13 22 -21 24 25 -7 -27 -23 29 -4
right_child=1 -3 5 4 -6 23 7 8 10 16 12 13 18 -15 -16 17 -18 -19 -20 21 -22 27 -24 -25 -26 26 -28 -29 -30 -31
leaf_value=5.0352862315426741e-05 -0.00018063085488853673 -0.00021116922183698258 -0.00010065034630810091 -2.9779378499154051e-05 0.00025433054434931686 5.1473213070223242e-05 -0.00030338439123655766 0.00010255383537989688 -0.00024430450840245082 -5.9244239907536861e-05 -0.00022681080779401175 8.0052081619025935e-06 0.00010111811832147792 0.0001404040926648983 0.00017597165571912117 0.00016454832278746316 -0.00025767025626981591 -3.7319978143306572e-05 -5.6062612848988093e-06 7.7145637217025152e-05 -0.00017220073416329489 -4.0977557976062521e-05 -8.9413947795622414e-05 -3.3917489707839879e-07 -0.00041286451780792488 -5.1381765140497532e-05 -0.0003518929020895654 9.05896873746525e-05 0.00021385525832130553 9.9878253761408447e-05
leaf_weight=2787 849 2827 429 2314 159 2795 812 2076 426 5807 814 1203 4948 1221 2460 804 1251 12793 3663 1245 2050 819 1640 277678 813 5364 420 7873 1656 821
leaf_count=2787 849 2827 429 2314 159 2795 812 2076 426 5807 814 1203 4948 1221 2460 804 1251 12793 3663 1245 2050 819 1640 277678 813 5364 420 7873 1656 821
internal_value=1.37536e-05 -1.49412e-05 1.18046e-05 -0.00299518 -0.000636878 4.1023e-05 0.000766726 0.000437819 0.000641477 -0.00194329 0.00120415 0.00298226 -0.000258448 -0.00198927 0.00452015 -0.00212164 -0.00441343 -0.00156468 0.00285971 0.00346788 -0.00511067 0.00390645 6.06586e-05 -9.75372e-05 -0.00245422 -0.00137837 -0.00344053 0.00518293 0.00664143 0.00184
internal_weight=350817 348030 345203 3322 2473 341881 54811 51905 51093 9134 41959 18937 23022 4474 14463 14411 7058 13597 8611 12003 3253 11577 2885 287070 9392 8579 5784 8692 2906 1250
internal_count=350817 348030 345203 3322 2473 341881 54811 51905 51093 9134 41959 18937 23022 4474 14463 14411 7058 13597 8611 12003 3253 11577 2885 287070 9392 8579 5784 8692 2906 1250
is_linear=0
shrinkage=0.05


Tree=92
num_leaves=31
num_cat=0
split_feature=10 11 11 10 10 14 8 14 13 14 14 11 10 13 14 10 10 11 14 14 14 14 13 10 12 14 11 11 10 10
split_gain=13.5304 20.7131 22.806 14.3423 33.5549 67.8822 29.1576 28.781 45.8078 20.5295 16.8832 16.5585 13.5578 49.9198 32.9536 31.7265 55.3445 28.4699 23.8679 72.0213 31.9975 54.1082 47.6623 43.966 46.9561 44.2075 37.4931 30.8138 26.3603 24.8297
threshold=-0.029463592833469218 -0.035697741943328191 -0.055970662091911087 -0.020247544478179221 -0.017312000709356064 0.15844695899744313 -0.036124511437840949 0.15522193331306103 18.154999732971195 0.14679152351577887 0.16190048637044233 -0.020444088180766703 -0.015213589282174643 22.330000877380375 0.10924586065415166 -0.013932241848525038 -0.013327781970057238 0.008381662460648533 0.11081750297484406 0.12392426755799714 0.083482873400912663 0.076004279758720053 24.630000114440922 -0.00045040499871334955 0.029429838614500662 0.081032983629692037 0.015185778563904908 -0.013624975324509013 -0.0036836018296790836 -0.010966446415133555
decision_type=2 2 2 2 2 2 8 2 2 2 2 2 2 2 2 2 2 2 2 2 2 2 2 2 2 2 2 2 2 2
left_child=1 2 -1 -2 5 6 -5 9 -9 12 -10 -12 13 14 -6 17 -17 -14 20 -20 21 29 27 24 25 -23 -27 -22 -26 -18
right_child=3 -3 -4 4 7 -7 -8 8 10 -11 11 -13 15 -15 -16 16 18 -19 19 -21 22 23 -24 -25 28 26 -28 -29 -30 -31
leaf_value=-5.4126564086916415e-05 7.8531001648033066e-05 3.1008704602443833e-05 -0.0012507005863523284 -0.00029549951599880235 2.1650868346319817e-05 -0.0004780315437297688 0.00010724639290092442 -0.00010690890587074735 0.00032251375809847909 -0.00011060375712566763 0.00022567685496539304 5.7181810675387659e-05 -7.4162179144337398e-05 0.00019236445841721829 -0.00022566075014655417 0.00014549145521390046 -0.00010172199890667875 -0.00097796639386565887 -0.00020562443265617487 5.8839463641436689e-05 0.00024694826582157529 -0.00042581324372382577 -0.00016538115798729052 -0.000340370783306169 0.00027563771123836266 8.909702755337144e-05 -0.00016682425674882824 5.2817816466566765e-05 2.6119528978756731e-05 2.4795338414115182e-06
leaf_weight=410 3390 837 436 765 2949 1269 1352 1270 840 1277 820 2121 2572 2527 845 2573 3346 434 2568 2094 1259 1692 858 1273 407 1286 427 8039 1266 300062
leaf_count=410 3390 837 436 765 2949 1269 1352 1270 840 1277 820 2121 2572 2527 845 2573 3346 434 2568 2094 1259 1692 858 1273 407 1286 427 8039 1266 300062
internal_value=6.06382e-05 -0.00441176 -0.00992908 8.21698e-05 5.04779e-05 -0.00490254 0.000578649 9.94005e-05 0.00384577 4.33748e-05 0.0066054 0.00481979 6.73895e-05 0.00236118 -0.00126516 2.34738e-05 7.0457e-05 -0.00508982 1.25548e-05 -0.00353925 6.4314e-05 -2.62301e-05 0.00282592 -0.00459376 -0.00251083 -0.00588106 -0.000218914 0.00386642 0.00434848 6.93785e-05
internal_weight=351264 1683 846 349581 346191 3386 2117 342805 5051 337754 3781 2941 336477 6321 3794 330156 327150 3006 324577 4662 319915 309759 10156 6351 5078 3405 1713 9298 1673 303408
internal_count=351264 1683 846 349581 346191 3386 2117 342805 5051 337754 3781 2941 336477 6321 3794 330156 327150 3006 324577 4662 319915 309759 10156 6351 5078 3405 1713 9298 1673 303408
is_linear=0
shrinkage=0.05


Tree=93
num_leaves=31
num_cat=0
split_feature=10 8 8 11 13 13 3 11 16 10 10 16 11 12 11 11 13 11 3 10 9 16 13 12 13 16 9 12 13 13
split_gain=13.8954 16.6766 12.5724 18.9172 35.3468 18.9283 18.479 16.9625 12.8802 12.3661 63.785 50.1537 37.5268 46.1927 52.9366 32.9405 29.7649 28.6429 27.6165 26.4523 24.6568 23.1569 25.6566 21.9323 27.2701 21.5832 19.68 18.4299 84.1047 48.0608
threshold=0.06903334451863076 -0.061679179425586643 0.35788925720260206 -0.0047792055268489611 20.555000305175785 19.585000038146976 -0.01063600505349027 -0.0018136184139459497 -0.030968405253348538 0.0091157709324108955 0.0095076227407933107 0.040311086871886233 0.02167406842699671 0.033816848191430944 0.017472461780978502 0.017805833239050054 14.119999885559084 0.030916964079815371 0.0055456999323997289 0.009588523086034308 0.13502958618642871 0.010192597124206839 15.194999694824221 0.027544134222988518 15.984999656677248 0.010902779473447423 0.39209024654285113 -0.0021779841828679087 21.724999427795414 14.824999809265138
decision_type=2 10 8 2 2 2 2 2 2 2 2 2 2 2 2 2 2 2 2 2 10 2 2 2 2 2 8 2 2 2
left_child=2 -2 9 4 5 -4 -6 -5 -8 27 11 -11 13 14 16 18 -12 20 -15 -18 -14 22 -19 24 25 -21 -26 29 -29 -1
right_child=1 -3 3 7 6 -7 8 -9 -10 10 12 -13 17 15 -16 -17 19 21 -20 23 -22 -23 -24 -25 26 -27 -28 28 -30 -31
leaf_value=-0.00014542633318403311 -0.00089062383826278503 6.7993448360591937e-05 3.8648425814081547e-06 -0.00045674254329163976 0.00017666802813245846 0.00020832783277288094 -0.00017102785786029512 -6.377367885789034e-05 -1.4171170385682448e-05 0.00013623824829499861 0.00016904723820055929 -0.0001322551701712347 0.00013279328069250377 -0.00015810063045551133 -0.0001531203668990968 0.00013413830985306921 -0.00020248783717833542 0.00024251487209429827 -2.4249644826894112e-05 -2.0366527576625403e-05 -9.8017272011503105e-05 3.8728106008415444e-05 -0.00021106276619831173 8.9400102326266714e-05 4.7079905873953155e-05 -0.00018212819954389989 -4.5869322208827623e-05 2.0091119484662477e-06 0.00013533209839699593 -1.0536876799715871e-05
leaf_weight=2501 228 211 576 519 697 881 1366 6612 3050 4401 1240 642 3585 3741 2523 433 429 114 2158 1711 611 6305 773 2557 11093 791 3202 213246 4667 70109
leaf_count=2501 228 211 576 519 697 881 1366 6612 3050 4401 1240 642 3585 3741 2523 433 429 114 2158 1711 611 6305 773 2557 11093 791 3202 213246 4667 70109
internal_value=6.31104e-05 -0.00882688 7.42441e-05 -0.00141048 0.000525114 0.00739533 -0.00143262 -0.0031938 -0.00262681 0.000134637 0.000893455 0.00620167 0.000244754 -0.000686124 0.00033339 -0.00447726 0.00115469 0.00268704 -0.00545431 0.000683668 0.00596997 0.000771691 -0.00679256 0.000955875 0.000299161 -0.00451639 0.00114201 1.36822e-05 0.000243561 -0.000676215
internal_weight=350972 439 350533 13701 6570 1457 5113 7131 4416 336832 46309 5043 41266 29878 23546 6332 21023 11388 5899 19783 4196 7192 887 19354 16797 2502 14295 290523 217913 72610
internal_count=350972 439 350533 13701 6570 1457 5113 7131 4416 336832 46309 5043 41266 29878 23546 6332 21023 11388 5899 19783 4196 7192 887 19354 16797 2502 14295 290523 217913 72610
is_linear=0
shrinkage=0.05


Tree=94
num_leaves=31
num_cat=0
split_feature=1 10 11 11 10 14 14 13 11 4 10 10 14 2 14 13 14 10 14 11 13 13 13 11 11 11 14 13 11 13
split_gain=13.7524 12.5628 17.9765 19.5124 13.9839 35.4086 17.4917 15.6107 19.0164 15.6437 13.3662 12.8703 29.4545 28.71 18.9009 54.5412 20.9046 12.7221 47.6674 41.5603 46.2033 28.1374 32.9835 24.2034 42.929 41.193 35.3965 31.407 41.5951 29.3194
threshold=0.092837709792039327 -0.029463592833469218 -0.035697741943328191 -0.055970662091911087 -0.020247544478179221 0.23397195059943568 0.21504170766917155 31.844999313354496 -0.028866673855592325 0.035285482815777522 -0.013327781970057238 -0.017312000709356064 0.15844695899744313 -0.040049072846542792 0.15522193331306103 19.295000076293949 0.14679152351577887 -0.0064885542336663984 0.11081750297484406 0.015185778563904908 14.444999694824221 25.505000114440922 26.85000038146973 0.008381662460648533 -0.0059411076148601629 0.0091429221400685119 0.10635034038366033 15.944999694824221 -0.013909745802050731 17.164999961853031
decision_type=2 2 2 2 2 2 2 2 2 2 2 2 2 2 2 2 2 2 2 2 2 2 2 2 2 2 2 2 2 2
left_child=1 2 3 -1 7 6 11 8 9 -3 -7 12 13 -6 16 -16 17 19 -19 20 -13 23 -23 24 27 -25 -26 28 -22 -28
right_child=-2 4 -4 -5 5 10 -8 -9 -10 -11 -12 14 -14 -15 15 -17 -18 18 -20 -21 21 22 -24 25 26 -27 29 -29 -30 -31
leaf_value=-5.9458877088579282e-05 -6.939370211345008e-05 -0.00052109617030562006 1.9008196479417593e-05 -0.0011898677078974866 -0.00021592877593995671 -0.0005561054808816381 0.00012694322570249228 0.00013193860690428194 7.4132853181371283e-05 0.00017395472377173106 -0.00012310713696943881 0.00010462123693525728 -0.00039159640842056486 0.00013475483264355353 -7.5332987878725711e-05 0.00022769383918229657 -0.0001090970769647111 2.0950417117110431e-07 -0.00034266900250328315 -0.00013836788016730276 -0.00057976582898920063 0.00026612762376811887 2.8476725800180051e-05 -0.0005086645196721543 0.00011578996661578664 -1.6306741340632721e-05 0.00019205537599867588 5.2754410214173526e-06 -6.5695312466379973e-05 -8.1552804788990422e-05
leaf_weight=428 9733 272 858 429 983 435 830 1292 1698 147 405 4612 850 1128 1659 2009 1265 284263 830 1219 419 1235 2102 796 6661 2887 428 16282 2883 2069
leaf_count=428 9733 272 858 429 983 435 830 1292 1698 147 405 4612 850 1128 1659 2009 1265 284263 830 1219 419 1235 2102 796 6661 2887 428 16282 2883 2069
internal_value=3.21127e-05 8.49508e-05 -0.00418367 -0.00930572 0.000106504 7.42007e-05 9.98778e-05 0.00329275 0.000649504 -0.00889021 -0.0101786 8.18937e-05 -0.00319993 -3.55282e-05 0.000111197 0.00368048 7.12759e-05 9.61168e-05 -2.30626e-05 0.000913014 0.00118765 0.000580225 0.00495205 0.000130301 0.000619303 -0.00368585 0.00344508 -0.000702104 -0.00514839 -0.00163196
internal_weight=351107 341374 1715 857 339659 336250 335410 3409 2117 419 840 334580 2961 2111 331619 3668 327951 326686 285093 41593 40374 35762 3337 32425 28742 3683 9158 19584 3302 2497
internal_count=351107 341374 1715 857 339659 336250 335410 3409 2117 419 840 334580 2961 2111 331619 3668 327951 326686 285093 41593 40374 35762 3337 32425 28742 3683 9158 19584 3302 2497
is_linear=0
shrinkage=0.05


Tree=95
num_leaves=31
num_cat=0
split_feature=11 12 11 11 12 12 11 13 12 13 14 8 10 10 11 10 16 12 10 14 8 15 12 10 16 15 13 12 15 10
split_gain=11.399 18.1568 19.7214 18.6122 23.5588 22.7427 20.8693 43.6696 27.0093 21.7292 21.2984 19.5796 18.1559 29.6635 17.1906 59.0758 16.8977 22.4432 17.3108 16.4032 16.3345 15.4608 17.4271 15.1285 14.5733 15.5058 14.4529 13.9908 12.8581 12.6567
threshold=0.025879886513439202 -0.0497892715245336 0.049786162731180202 0.039736199013419633 0.0094949334570126904 0.033532948733649988 0.028348457070928038 19.010000228881839 0.024709772202027306 18.510000228881839 -0.037983330078441173 -0.046149106814779899 0.0004408774644957259 0.0012069827106450106 0.025278563424786519 0.0023303332819465399 0.015792921616657355 0.0048491257127185614 0.0070711617460903495 0.012431899030548645 0.020198871060489124 0.00061997958992177093 0.082959740110242888 -0.0016341493086314272 0.04897711363681901 0.021103236862273559 12.644999980926515 0.0053623366190914687 0.0221213364668611 -0.0018259871478111254
decision_type=2 2 2 2 2 2 2 2 2 2 2 10 2 2 2 2 2 2 2 2 8 2 2 2 2 2 2 2 2 2
left_child=14 -2 3 6 16 -6 7 8 10 12 -3 -11 23 -14 24 -16 -5 18 -18 -4 -10 22 26 -8 29 -26 -15 -19 -7 -1
right_child=1 2 19 4 5 28 9 -9 20 11 -12 -13 13 21 15 -17 17 27 -20 -21 -22 -23 -24 -25 25 -27 -28 -29 -30 -31
leaf_value=9.3425131103261782e-06 0.0001690894901450798 -0.00030025541584753417 -9.1062474116356774e-05 -0.00016686246035164574 0.0001947064730723019 6.1005477947946326e-05 -6.0952522736740585e-06 0.00029423291959276062 0.00024657636015082532 -0.00024206515102238491 8.4210943057926379e-06 -2.5123093907911208e-05 -0.00011355363087980299 -0.0001676886650780675 -0.00020954952105662489 5.6711480441169405e-05 0.0003729953549311558 -0.00018718648736637877 2.5257575565496623e-05 0.00010624653261778668 6.2836100388200539e-05 4.6264405963931164e-07 -0.00040542545950931054 0.00013886575715579757 -3.7668178081247264e-05 -0.00032762714089057681 0.00015388543253149977 1.1912100831056386e-07 -0.00023864964017315229 -4.9223353512089549e-06
leaf_weight=114171 837 427 3383 473 1694 2449 836 410 795 1388 2120 3701 1722 152 1257 1305 735 404 1024 432 1301 8054 70 1282 2148 694 1563 1173 99 194900
leaf_count=114171 837 427 3383 473 1694 2449 836 410 795 1388 2120 3701 1722 152 1257 1305 735 404 1024 432 1301 8054 70 1282 2148 694 1563 1173 99 194900
internal_value=3.86753e-05 0.000874767 0.000704038 0.00111069 0.00318904 0.005752 0.000408253 0.00326044 0.00187917 -0.000359655 -0.00158029 -0.00314895 0.000678047 -0.000101635 -5.84307e-05 -0.00413739 0.000334734 0.00158873 0.00547186 -0.00269332 0.00608302 0.000957923 0.00516807 0.0049339 -2.49268e-05 -0.00358902 0.00616618 -0.00274255 0.00276688 7.84609e-06
internal_weight=350999 36524 35687 31872 8051 4242 23821 5053 4643 18768 2547 5089 13679 11561 314475 2562 3809 3336 1759 3815 2096 9839 1785 2118 311913 2842 1715 1577 2548 309071
internal_count=350999 36524 35687 31872 8051 4242 23821 5053 4643 18768 2547 5089 13679 11561 314475 2562 3809 3336 1759 3815 2096 9839 1785 2118 311913 2842 1715 1577 2548 309071
is_linear=0
shrinkage=0.05


Tree=96
num_leaves=31
num_cat=0
split_feature=5 14 14 14 12 12 14 13 12 9 14 10 10 10 12 3 12 10 10 12 10 10 13 12 13 12 13 10 12 10
split_gain=11.8866 11.5631 39.6595 46.6189 59.8307 49.9709 46.5099 45.2257 45.0589 29.6648 27.692 24.0701 68.9003 23.8318 23.6056 20.3797 21.9261 40.2374 87.7517 49.4738 41.2211 34.4692 31.5307 78.3799 66.0432 33.1858 55.2651 39.3435 80.9819 69.7274
threshold=0.050188040596281513 -0.034719790282674072 -0.018674174310541299 -0.019478059273714762 0.040854106099518013 0.066825641747697576 -0.01786915050429105 24.19999980926514 -0.039440805252848314 0.13684172515803453 -0.03533310709284803 -0.0022466027012056906 -0.0015680296438443373 0.0043510585935800936 0.12384640389246161 0.013941730950501443 0.051085048604070045 0.006337694363773628 0.0060226165635326465 0.05049188092826485 0.0064542446486700608 0.010510737947986739 20.060000419616703 -0.0062518932096157767 19.814999580383304 0.044456917101200373 12.555000305175783 -0.0017656020457615382 -0.0021779841828679087 0.0041080829558171059
decision_type=2 2 2 2 2 2 2 2 2 8 2 2 2 2 2 2 2 2 2 2 2 2 2 2 2 2 2 2 2 2
left_child=1 10 3 4 7 9 -4 8 -3 -6 -1 -10 -13 -5 15 16 17 18 19 22 -19 -18 24 -24 25 27 -27 -8 -29 -30
right_child=-2 2 6 13 5 -7 14 -9 11 -11 -12 12 -14 -15 -16 -17 21 20 -20 -21 -22 -23 23 -25 -26 26 -28 28 29 -31
leaf_value=8.8995308159582193e-06 -0.00032367531305631058 0.00049412087471235736 0.00019617247101077421 -0.00010454170262531935 -0.00019642318467414161 9.387805316062818e-06 9.5478157860015837e-06 -0.00016530547629786969 -0.00028585806906134139 -5.6376107934692607e-05 0.00011471606598806258 0.00050118089653049909 1.2744314010500104e-05 -0.00054306886877150998 -0.0001485612499678322 -8.0216462661809708e-05 4.9666897076835337e-05 0.00028231748670847905 -0.00057909292917214343 -0.0002491037982986972 3.8146401900801847e-05 -0.00013928858641552673 -1.6525060063464492e-06 0.00010557493685059054 -0.00028571483278671536 -0.00013418563922530121 7.3120963606611514e-05 -0.00017345513521600122 -3.2968744807835219e-05 5.4275852837528447e-05
leaf_weight=97477 1486 412 1248 2100 4225 3807 68166 2527 410 2941 1272 430 18926 440 1282 7633 19545 813 834 1255 9746 1475 23851 8981 2084 1179 7302 5605 44110 9657
leaf_count=97477 1486 412 1248 2100 4225 3807 68166 2527 410 2941 1272 430 18926 440 1282 7633 19545 813 834 1255 9746 1475 23851 8981 2084 1179 7302 5605 44110 9657
internal_value=5.45956e-05 7.35561e-05 -0.00010678 -0.00163731 -0.00114466 -0.00417616 0.000151327 0.000320414 0.00111012 -0.0066355 0.000531904 0.000768997 0.00102294 -0.00816929 9.5074e-05 0.000135934 0.000230568 5.54245e-05 -0.000127439 -4.90737e-05 0.0030519 0.00176023 2.3547e-05 0.0014163 -0.00030756 -0.000172219 0.00285638 -0.000373614 -0.00131459 -0.000718377
internal_weight=351219 349733 250984 36218 33678 10973 214766 22705 20178 7166 98749 19766 19356 2540 213518 212236 204603 183583 173024 172190 10559 21020 170935 32832 138103 136019 8481 127538 59372 53767
internal_count=351219 349733 250984 36218 33678 10973 214766 22705 20178 7166 98749 19766 19356 2540 213518 212236 204603 183583 173024 172190 10559 21020 170935 32832 138103 136019 8481 127538 59372 53767
is_linear=0
shrinkage=0.05


Tree=97
num_leaves=31
num_cat=0
split_feature=12 12 14 15 7 10 0 10 14 10 12 10 14 16 10 14 4 12 16 16 0 10 12 5 10 14 16 14 10 14
split_gain=11.8772 28.7098 17.006 16.2724 15.1315 14.8494 11.9976 18.1627 33.135 17.7555 25.2163 13.8735 15.3 13.6591 13.4322 12.4886 11.7029 11.5866 13.5035 10.3321 10.2364 12.7223 10.0725 9.78362 9.68461 15.6265 18.559 16.241 28.5685 26.1968
threshold=0.12951753151584791 0.12384640389246161 -0.0029443342389950384 0.0028919484942933065 0.021589334267292596 0.0015949691897426679 0.020087538967408895 0.018351280015906694 -0.19490876951167976 0.013844778774777857 -0.051616287725765035 0.0083252944612894914 -0.068136872709181048 -0.023679736400845138 0.027542831641926283 0.009860755526874045 0.054510897953589911 0.082959740110242888 -0.0076366982561871235 0.044113560670045134 -0.063288702050326426 -0.029463592833469218 0.082959740110242888 0.0074242590255339672 0.020743044846024853 -0.12096344977185801 0.007169216173155247 -0.098691693357393515 0.0069149532859110749 -0.093449770795740669
decision_type=2 2 2 2 2 2 2 2 2 2 2 2 2 2 2 2 2 2 2 2 2 2 2 2 2 2 2 2 2 2
left_child=1 6 4 -2 5 -3 20 9 16 11 -11 12 13 -8 -10 -13 19 18 -12 -9 21 -1 -14 -22 25 26 -25 28 -27 -29
right_child=3 2 -4 -5 -6 -7 7 8 14 10 17 15 22 -15 -16 -17 -18 -19 -20 -21 23 -23 -24 24 -26 27 -28 29 -30 -31
leaf_value=-0.00051948257345163442 -1.918971023697864e-05 -0.00021860444937125552 -0.00039804390527840177 0.00023818318196448999 -0.00016313530537934983 0.00017759207462569664 -0.00037864293517203849 -1.1848575164279553e-06 7.496630853069909e-05 0.00035357662274249725 -0.00037622665476117205 1.3471815233144763e-05 -5.4998627672767526e-05 0.00014246017159656732 0.00026235176153932853 0.00031091766268715631 -0.0013535383260144841 -0.00052176669183091136 -7.1063403907174234e-05 -0.00036693612136113685 4.3239178163219594e-05 -7.8380239772983537e-05 8.8943151767667246e-05 8.9162894099767701e-06 -7.3869333298708193e-05 8.1586334139488987e-05 0.00011007803423521636 8.2013626333161566e-05 -0.00011032692764345191 2.5122887388493234e-06
leaf_weight=433 394 281 419 458 618 377 147 360 2383 124 516 7400 20147 1223 452 410 122 253 2229 136 2737 2177 687 4536 1631 1140 2518 2230 3795 290299
leaf_count=433 394 281 419 458 618 377 147 360 2383 124 516 7400 20147 1223 452 410 122 253 2229 136 2737 2177 687 4536 1631 1140 2518 2230 3795 290299
internal_value=3.09441e-05 1.65819e-05 -0.00647493 0.00592723 -0.00360502 0.00167173 4.81923e-05 -0.000808303 0.00264263 -0.00116791 -0.00475657 -0.000794629 -0.00143217 0.00368613 0.00492945 0.00101793 -0.0078479 -0.00567045 -0.00472678 -0.00443548 0.000148798 -0.00296935 -0.00176874 0.000175146 0.000148539 0.00016912 0.00249504 0.000113963 -0.0027305 0.00016195
internal_weight=350632 349780 1695 852 1276 658 348085 36589 3453 33136 3122 30014 22204 1370 2835 7810 618 2998 2745 496 311496 2610 20834 308886 306149 304518 7054 297464 4935 292529
internal_count=350632 349780 1695 852 1276 658 348085 36589 3453 33136 3122 30014 22204 1370 2835 7810 618 2998 2745 496 311496 2610 20834 308886 306149 304518 7054 297464 4935 292529
is_linear=0
shrinkage=0.05


Tree=98
num_leaves=31
num_cat=0
split_feature=6 3 10 13 13 12 13 10 13 13 10 10 10 10 12 15 12 16 12 16 14 9 12 14 13 10 10 10 0 14
split_gain=12.1958 15.4113 14.1233 12.076 17.5686 19.9272 16.2412 15.1535 14.0488 12.1888 10.2253 10.1172 45.3984 26.2712 45.0432 25.9119 25.6923 24.1085 23.0158 24.1286 23.3959 27.3599 19.9318 19.1929 18.8357 18.6912 18.3181 17.0453 25.6582 16.8443
threshold=0.98970637873126988 0.014572041275073612 0.027542831641926283 27.855000495910648 25.505000114440922 -0.059602846746386766 33.719999313354499 -0.015213589282174643 19.72500038146973 43.015001296997077 -0.0057598786545655081 0.0087442389326247722 0.0095076227407933107 0.0086193665790624836 0.024285376768654835 -0.0024839284256418788 0.060339682487529529 0.040311086871886233 0.033532948733649988 0.0051216167060753612 -0.072002604545374091 0.54084404116082319 0.032443488096438274 -0.076646614085351103 25.319999694824222 0.019654390703208072 0.009588523086034308 0.019174574190858999 0.024479107344507093 -0.068136872709181048
decision_type=2 2 2 2 2 2 2 2 2 2 2 2 2 2 2 2 2 2 2 2 2 8 2 2 2 2 2 2 2 2
left_child=11 3 -3 4 5 8 -5 -6 -2 -8 -9 13 16 -1 -15 -14 17 24 20 -20 21 23 27 26 -13 -21 -17 29 -29 -22
right_child=1 2 -4 6 7 -7 9 10 -10 -11 -12 12 15 14 -16 18 -18 -19 19 25 22 -23 -24 -25 -26 -27 -28 28 -30 -31
leaf_value=7.1780561600107157e-07 0.00039370691346180301 -0.00011874404867631954 0.00019278462570718386 -0.00043653428418766378 0.00025231112778757156 -1.3295108060942634e-05 0.00020658591012640709 -0.00018421722927537289 -1.9806175427918539e-06 -0.00011609036802817022 0.00024009240133873581 0.00012460553019313526 -0.00012303717112520618 0.00019220790957535195 -0.00032979015315514346 -0.0001619145582904824 -0.00015588320292259843 -9.1919429641514896e-05 -0.00010792017502346333 -1.3098680571483733e-05 0.00020262316078107235 -9.6204399317116268e-05 -0.00014967418079504994 -0.00010208977942799455 -2.6087165824725292e-05 0.00014367191602174335 3.3976002879507974e-05 -0.00015423237359357621 0.00012424149913138491 5.9307474255222055e-05
leaf_weight=253083 306 6061 170 798 855 43819 224 355 228 574 304 4588 1627 309 700 276 410 532 2891 7161 1538 2132 351 1046 689 422 10919 622 426 7402
leaf_count=253083 306 6061 170 798 855 43819 224 355 228 574 304 4588 1627 309 700 276 410 532 2891 7161 1538 2132 351 1046 689 422 10919 622 426 7402
internal_value=-5.84349e-06 -0.000699333 -0.00303723 -0.000392411 -0.000243639 -0.000424436 -0.00466792 0.00505284 0.00917603 0.00037594 -0.000644917 0.000119479 0.000828453 -5.90337e-07 -0.00805253 0.000160949 0.00477971 0.0056335 0.0004462 -0.00151804 0.00127873 -2.60906e-05 0.00309266 0.000884323 0.00665624 -3.62653e-05 0.0014895 0.00350421 -0.00252863 0.00421141
internal_weight=350818 53694 6231 47463 45867 44353 1596 1514 534 798 659 297124 43032 254092 1009 36813 6219 5809 35186 10474 24712 14373 10339 12241 5277 7583 11195 9988 1048 8940
internal_count=350818 53694 6231 47463 45867 44353 1596 1514 534 798 659 297124 43032 254092 1009 36813 6219 5809 35186 10474 24712 14373 10339 12241 5277 7583 11195 9988 1048 8940
is_linear=0
shrinkage=0.05


Tree=99
num_leaves=31
num_cat=0
split_feature=4 11 11 11 0 11 12 12 11 13 12 9 16 16 12 10 12 13 10 10 10 11 8 10 16 11 10 10 8 8
split_gain=10.3828 10.2113 14.3762 17.1696 13.9775 13.7898 21.7776 21.9758 18.7491 44.0928 26.761 25.8839 21.9558 17.129 22.9614 15.1092 14.676 22.9245 16.1896 29.3676 16.5541 18.1579 15.7994 15.5209 16.6099 13.6668 60.6169 13.017 12.7844 12.7154
threshold=0.011824002144753444 0.025879886513439202 0.049786162731180202 0.053184266574264123 0.007787391705868286 0.039736199013419633 0.0094949334570126904 0.033532948733649988 0.028348457070928038 19.010000228881839 0.024709772202027306 0.13502958618642871 0.070239347863488191 0.015792921616657355 0.0048491257127185614 0.0070711617460903495 -0.041479323473455502 18.510000228881839 0.0004408774644957259 0.0012069827106450106 0.0031270998422653355 0.031454156137576302 -0.011309514722927736 0.003415324016821653 0.0022288122849549734 0.025278563424786519 0.0023303332819465399 -0.0016341493086314272 0.020198871060489124 -0.008441307081145653
decision_type=2 2 2 2 2 2 2 2 2 2 2 8 2 2 2 2 2 2 2 2 2 2 10 2 2 2 2 2 8 10
left_child=-1 25 5 4 -4 8 13 -8 9 10 11 -3 16 -7 15 29 -10 18 27 -20 21 -21 -19 -22 -25 -2 -27 -18 -12 -15
right_child=1 2 3 -5 -6 6 7 -9 12 -11 28 -13 -14 14 -16 -17 17 22 19 20 23 -23 -24 24 -26 26 -28 -29 -30 -31
leaf_value=3.6619926317124564e-05 -1.1705118871633766e-06 3.9787501748885784e-05 -0.00020918655785029158 1.4638621793385162e-05 -1.6003896829625997e-05 -0.00018985628561470766 0.00018572182739357465 4.4950865451683437e-05 0.00016666532256453078 0.0002864835328017775 0.00023189829380908385 -0.0001717910107391562 -0.00071376819724759124 0.00068973084635207561 -5.152161845915857e-05 2.9222029547286248e-05 3.2770302314082299e-06 -0.00016676607229275788 -0.0001068073199180873 2.5827808031537441e-05 -0.00020562822965454532 0.0002431326238375861 -1.0449419862856445e-05 -0.00018092596744248096 2.4097841361544159e-05 -0.00021236334393983058 6.8948772538625537e-05 0.00012830951307812367 7.2745870742158643e-05 0.00011952935305570704
leaf_weight=2814 309407 1475 933 2535 756 484 1705 2527 424 426 800 1052 168 379 1603 1031 845 2281 1700 1177 402 871 2700 665 6467 1232 1245 1261 1293 324
leaf_count=2814 309407 1475 933 2535 756 484 1705 2527 424 426 800 1052 168 379 1603 1031 845 2281 1700 1177 402 871 2700 665 6467 1232 1245 1261 1293 324
internal_value=3.11982e-05 6.74962e-06 0.000800628 -0.00194129 -0.00584665 0.00116188 0.00295232 0.00542297 0.000561295 0.00326992 0.00185065 -0.00161258 -0.000159538 0.000215912 0.00149086 0.00547866 1.33028e-06 -0.000210953 0.000866448 0.000115228 0.00118973 0.00517578 -0.00310681 0.000106185 0.00064498 -8.56088e-05 -0.00378482 0.00489079 0.00603201 0.0111309
internal_weight=350982 348168 36284 4224 1689 32060 8053 4232 24007 5046 4620 2527 18961 3821 3337 1734 18793 18369 13388 11282 9582 2048 4981 7534 7132 311884 2477 2106 2093 703
internal_count=350982 348168 36284 4224 1689 32060 8053 4232 24007 5046 4620 2527 18961 3821 3337 1734 18793 18369 13388 11282 9582 2048 4981 7534 7132 311884 2477 2106 2093 703
is_linear=0
shrinkage=0.05


Tree=100
num_leaves=31
num_cat=0
split_feature=1 11 11 12 14 14 14 11 12 11 13 12 13 13 16 13 11 14 11 1 12 14 14 14 14 12 12 12 13 13
split_gain=12.0376 11.7182 26.6189 19.6431 16.3931 13.477 15.06 11.4845 22.1942 11.4144 31.6989 26.1414 16.7603 38.1964 22.0406 21.8624 12.6514 15.3786 20.0195 15.5733 11.5403 11.024 49.3873 44.2023 34.6531 37.6638 40.5144 38.0031 42.7119 34.2464
threshold=0.084036507666013352 0.039736199013419633 0.04720517450512441 -0.029235256213089252 -0.048976395362543328 -0.025765440759432264 0.021414189458355607 0.035554574411001412 0.05549664954164369 0.025879886513439202 19.010000228881839 0.038133523914403618 16.085000038146976 15.574999809265138 0.026152136864440071 16.260000228881839 0.025278563424786519 0.031374274921549546 0.025601667077503779 0.026924495642599692 0.018290982479416521 -0.034719790282674072 -0.011938112467112181 -0.010794703163862494 -0.012410493039419599 0.040854106099518013 0.038282081037970601 0.066825641747697576 17.250000000000004 12.325000286102297
decision_type=2 2 2 2 2 2 2 2 2 2 2 2 2 2 2 2 2 2 2 2 2 2 2 2 2 2 2 2 2 2
left_child=1 7 3 -3 -4 -5 -7 9 -9 16 12 -12 13 14 -11 -14 21 18 20 -20 -18 -1 24 -24 25 26 -23 28 -27 -25
right_child=-2 2 4 5 -6 6 -8 8 -10 10 11 -13 15 -15 -16 -17 17 -19 19 -21 -22 22 23 29 -26 27 -28 -29 -30 -31
leaf_value=1.0140243899527895e-05 -5.3880513627541702e-05 -0.00013324464584730348 8.3224949615574341e-05 0.00011942069276049961 -4.5735564142693458e-05 -9.0912485147945109e-06 0.00028089470482920564 -9.7819975179296546e-05 0.00014694014324499825 5.3382935718150077e-05 0.00022843625173570327 3.014334786571732e-05 -0.00029849858387238849 0.00018189933851600767 -3.6583500769956289e-05 -8.4666030150715429e-06 -0.00019892902338582882 -0.00016373145876431348 0.00015243372348253603 -4.5116600199920878e-05 2.6751209646774365e-05 -2.0361699536982716e-05 0.0001115148464556408 -0.00014640194079369108 -0.0002463564179604927 -5.8257529140249603e-05 0.00010359994083695609 3.5584975413496315e-05 -0.00024463865149755451 3.9525640246455137e-06
leaf_weight=83915 12498 345 1431 2305 4031 1467 702 3071 398 4164 806 835 418 1193 4116 7417 811 418 474 339 385 28420 3288 1643 1272 6519 2012 2840 2919 170779
leaf_count=83915 12498 345 1431 2305 4031 1467 702 3071 398 4164 806 835 418 1193 4116 7417 811 418 474 339 385 28420 3288 1643 1272 6519 2012 2840 2919 170779
internal_value=3.96463e-05 9.5872e-05 0.0017581 0.00446669 -0.000631637 0.00535315 0.0025242 4.3842e-05 -0.00281781 7.43885e-05 0.00126524 0.00790676 0.000635544 0.00205056 0.000845411 -0.0010753 6.53522e-07 -0.00359497 -0.00177949 0.00427429 -0.00589465 2.93966e-05 -0.00015681 0.000218257 -0.00165522 -0.00141302 -0.0004699 -0.00375061 -0.00527654 0.000108745
internal_weight=351231 338733 10281 4819 5462 4474 2169 328452 3469 324983 18949 1641 17308 9473 8280 7835 306034 2427 2009 813 1196 303607 219692 175710 43982 42710 30432 12278 9438 172422
internal_count=351231 338733 10281 4819 5462 4474 2169 328452 3469 324983 18949 1641 17308 9473 8280 7835 306034 2427 2009 813 1196 303607 219692 175710 43982 42710 30432 12278 9438 172422
is_linear=0
shrinkage=0.05


Tree=101
num_leaves=31
num_cat=0
split_feature=5 13 13 12 12 13 14 12 12 13 13 10 10 9 12 13 10 10 14 14 15 14 14 13 15 13 12 10 14 12
split_gain=10.955 13.4823 21.8543 23.8672 29.3247 39.3705 21.7126 20.9791 20.0777 18.4837 18.0011 23.1781 20.4282 27.6799 21.0331 18.1889 26.8846 24.3198 39.2901 33.5554 30.2092 18.9656 52.036 18.1326 17.986 17.8301 21.5055 21.1481 17.5472 16.9443
threshold=0.012372027848105944 19.295000076293949 17.195000648498539 0.022559205045489476 0.037289246294732965 18.015000343322757 -0.00055695222357982066 0.054230156972347017 -0.0062518932096157767 19.329999923706058 16.510000228881839 -0.0066846188692691313 -0.0014592383155322961 -0.15470551452766554 0.048152369041769456 14.684999942779543 -0.0056282677308486786 0.00074647751592549227 0.014555585659076444 0.044075030691926538 0.0045291007890874155 0.061654808594579842 0.082844690184075601 14.194999694824221 0.00061997958992177093 17.744999885559086 -0.050554756764267676 -0.0089994587968861266 -0.029024117731617279 0.026461496943730015
decision_type=2 2 2 2 2 2 2 2 2 2 2 2 2 10 2 2 2 2 2 2 2 2 2 2 2 2 2 2 2 2
left_child=1 2 10 25 5 -5 -6 8 9 -3 15 -12 -13 14 -14 16 -1 18 20 -19 28 -17 -23 -20 -25 26 -4 -27 -18 -22
right_child=-2 7 3 4 6 -7 -8 -9 -10 -11 11 12 13 -15 -16 21 17 19 23 -21 29 22 -24 24 -26 27 -28 -29 -30 -31
leaf_value=7.4392494478650424e-05 -4.2474539691791938e-06 0.00031690616462948815 -0.00031344858525407017 -1.3001956725025923e-07 -5.6110265891359314e-05 -0.0002254217014869899 8.3797033596766859e-05 -8.0108890654678318e-05 6.8941017461087565e-05 -3.704331836315838e-06 -0.00012783069895477744 0.00011098175259808365 -8.373840693844902e-05 5.5019818683107583e-05 7.652338954897401e-05 -3.6885374375839099e-06 -0.00010901942298904155 1.7719898178511191e-05 -8.935685270230055e-05 0.00021653077847864736 5.1267252746948962e-05 -0.00020406940734780956 4.2716702523764445e-05 -1.9189578558104998e-05 0.00017011074359785016 -5.2442443551157727e-05 -2.6046550958271337e-05 4.4441346947525868e-05 4.2045583953843805e-05 -0.00015208699649202782
leaf_weight=4017 230470 140 446 1078 2882 1736 1389 1196 7894 6223 562 2655 2116 5495 564 23942 591 25908 5104 618 272 1919 1676 728 258 1926 4029 7110 6909 876
leaf_count=4017 230470 140 446 1078 2882 1736 1389 1196 7894 6223 562 2655 2116 5495 564 23942 591 25908 5104 618 272 1919 1676 728 258 1926 4029 7110 6909 876
internal_value=3.82774e-05 0.000425124 0.000221838 -0.0012381 -0.00358857 -0.00755153 -0.000977523 0.00180386 0.00233745 0.000247525 0.00057891 0.00242714 0.0029409 0.00170336 -0.00246269 0.000289764 0.000906009 0.000525882 -0.00110259 0.00143067 0.00106383 -0.000723572 -0.00410987 -0.00417898 0.0020284 -5.55103e-06 -0.00258659 0.00127269 0.00222 -0.00648955
internal_weight=350729 120259 104806 20596 7085 2814 4271 15453 14257 6363 84210 11392 10830 8175 2680 72818 45281 41264 14738 26526 8648 27537 3595 6090 986 13511 4475 9036 7500 1148
internal_count=350729 120259 104806 20596 7085 2814 4271 15453 14257 6363 84210 11392 10830 8175 2680 72818 45281 41264 14738 26526 8648 27537 3595 6090 986 13511 4475 9036 7500 1148
is_linear=0
shrinkage=0.05


Tree=102
num_leaves=31
num_cat=0
split_feature=8 12 12 12 11 13 13 12 13 15 10 10 11 11 10 11 12 8 15 11 7 14 13 13 9 11 10 12 3 12
split_gain=12.4577 15.8669 36.3318 31.7033 9.82977 19.8378 14.9837 13.974 11.7779 10.0021 9.70437 50.9441 36.9448 33.6206 35.7608 30.0818 28.467 28.196 26.8441 25.0749 25.1056 25.0418 23.1919 23.4462 26.9536 42.3523 33.5287 30.6058 29.3596 27.3009
threshold=0.35788925720260206 -0.033014578786643371 -0.019164268352129695 -0.052669817960988401 -0.0047792055268489611 20.555000305175785 19.055000305175785 0.028755529874552547 16.875000000000004 -0.00085725653071494479 0.0091157709324108955 0.0095076227407933107 0.036862788200682568 0.02167406842699671 0.009588523086034308 0.014220486056709893 0.035278924713739175 0.052469951368868235 -0.0018869878241687952 0.024185912746781283 0.021182582853887192 -0.0022749768251851816 14.119999885559084 15.855000019073488 0.25488362479490162 -0.013624975324509013 0.015605159278572868 -0.0036881792371129536 0.0065404319133515196 -0.048266057813245992
decision_type=8 2 2 2 2 2 2 2 2 2 2 2 2 2 2 2 2 10 2 2 2 2 2 2 8 2 2 2 2 2
left_child=10 3 -3 -2 5 6 -4 8 -6 -7 -1 12 -12 14 -13 16 18 -18 -16 20 -15 -17 -20 -24 25 29 27 -27 -28 -25
right_child=1 2 4 -5 7 9 -8 -9 -10 -11 11 13 -14 19 15 21 17 -19 22 -21 -22 -23 23 24 -26 26 28 -29 -30 -31
leaf_value=-8.6380213924850537e-09 0.00021240077677045196 9.04125513234136e-05 3.1908368315255665e-06 -0.00027557025283165393 5.3478377351721951e-06 -1.0110090122585071e-05 0.0001984599687027034 -5.310590845730053e-05 -0.00035855812695209362 -0.00015170156958989119 0.00012175110660063241 -0.00027245846869570128 -8.3190634449414576e-05 0.00023546018434039145 -0.00015508786250765074 -5.1493679722817037e-05 -0.00015610753032405556 3.8155844935976094e-05 0.00015765684504818282 2.5835306078942667e-05 -1.6922316029236927e-05 -0.00034029438149184575 -4.8551357496356523e-05 0.0001512082130736231 -2.9326191836762021e-05 0.00026763308936109245 -0.00024537842958637709 8.7514619846501833e-05 0.00010295980904475452 -9.1016283403918061e-05
leaf_weight=290485 426 2546 535 1706 343 1537 458 4559 985 632 4202 853 842 1436 813 5885 1792 1162 1277 9239 667 426 2900 845 4049 1934 772 3946 1092 2730
leaf_count=290485 426 2546 535 1706 343 1537 458 4559 985 632 4202 853 842 1436 813 5885 1792 1162 1277 9239 667 426 2900 845 4049 1934 772 3946 1092 2730
internal_value=4.68562e-05 -0.00142966 -0.000700733 -0.005394 -0.00218532 6.32511e-05 0.00591641 -0.00339307 -0.00790663 -0.00261641 0.000106937 0.000774615 0.00552141 0.000202066 -0.000662817 -0.000372177 0.000456846 -0.00412999 0.00112241 0.00252601 0.00745364 -0.00343448 0.00149271 0.00103733 0.00181546 0.00306785 0.00514592 0.0069983 -0.000697425 -0.00143357
internal_weight=351074 13727 11595 2132 9049 3162 993 5887 1328 2169 337347 46862 5044 41818 30476 29623 23312 2954 20358 11342 2103 6311 19545 18268 15368 11319 7744 5880 1864 3575
internal_count=351074 13727 11595 2132 9049 3162 993 5887 1328 2169 337347 46862 5044 41818 30476 29623 23312 2954 20358 11342 2103 6311 19545 18268 15368 11319 7744 5880 1864 3575
is_linear=0
shrinkage=0.05


Tree=103
num_leaves=31
num_cat=0
split_feature=0 14 11 13 13 0 12 8 13 12 12 13 14 14 11 15 8 3 13 13 13 12 13 14 11 13 12 14 14 15
split_gain=10.628 11.1123 10.0117 25.7768 35.2417 24.426 23.0133 31.038 22.0756 20.4814 30.2782 26.8773 22.7561 20.1927 25.3262 19.2935 19.1313 18.795 24.0042 17.7889 41.3676 98.8641 70.536 41.4991 38.8266 38.3148 59.5649 34.2878 47.9575 33.4015
threshold=-0.080373630664010751 0.34982669992859688 -0.022075871244429331 18.904999732971195 18.444999694824222 0.0087749474588333393 -0.0077540971574964193 -0.027360586478208989 17.090000152587894 -0.067575688865902969 -0.0497892715245336 43.015001296997077 -0.014609583018452553 0.082844690184075601 -0.031453464626615406 0.0010829091318077524 0.08804029092307987 -0.0056618218404278489 26.284999847412113 24.385000228881839 21.134999275207523 -0.0036881792371129536 21.409999847412113 -0.12096344977185801 0.016558544253032163 20.060000419616703 0.040854106099518013 -0.0043060965648996632 0.12115074894469659 0.01738721296376489
decision_type=2 2 2 2 2 2 2 10 2 2 2 2 2 2 2 2 8 2 2 2 2 2 2 2 2 2 2 2 2 2
left_child=1 -1 3 4 8 6 9 15 -2 11 13 12 -5 14 -11 -8 -14 -12 -19 20 25 23 -23 -22 -25 -4 -27 29 -29 -21
right_child=2 -3 19 5 -6 -7 7 -9 -10 10 17 -13 16 -15 -16 -17 -18 18 -20 27 21 22 -24 24 -26 26 -28 28 -30 -31
leaf_value=-0.00016306978660880699 -0.0002097379522057165 -0.00085105181049546352 -2.2120381474650954e-06 -6.8826934567241569e-05 0.00020639732193388746 -6.8789487315437482e-05 5.4132874879658055e-05 0.00016499811726992827 4.5160324156063619e-05 0.00021752854117015161 9.7019283751837172e-05 -0.00014273881851630462 0.00016197914062260354 -0.00028735499569576675 -0.00083341041162343925 -0.00015262160549591309 -0.00035633947581201875 -5.1727040422177915e-05 0.00016072989493373931 -6.327406353535412e-05 0.00025713550934224402 -0.00024077270821239313 7.9926091057815497e-05 -0.00023457966126876376 1.7283754110731773e-05 8.4897830307484941e-05 -0.0001004317963844163 0.00020186478601707435 -3.770237961324445e-05 0.00015741027689508553
leaf_weight=1106 423 228 276585 729 1700 5057 2298 1935 4181 524 2648 1047 2558 1711 215 590 80 4802 677 4457 430 851 5028 8085 1686 12678 2094 3384 1688 1475
leaf_count=1106 423 228 276585 729 1700 5057 2298 1935 4181 524 2648 1047 2558 1711 215 590 80 4802 677 4457 430 851 5028 8085 1686 12678 2094 3384 1688 1475
internal_value=3.16284e-05 -0.00442279 4.86248e-05 0.000903769 0.00375952 0.000179928 0.000971535 0.00397574 0.00148784 5.003e-06 -0.0011889 0.00286588 0.00504158 -0.00606122 0.000845737 0.000692521 0.00720243 0.000279931 -0.00139168 -3.50928e-05 -0.000105794 -0.00257463 0.00258973 -0.00555093 -0.00621994 3.04609e-05 0.00251151 0.0019402 0.0049586 -0.000640593
internal_weight=350950 1334 349616 31175 6304 24871 19814 4823 4604 14991 10577 4414 3367 2450 739 2888 2638 8127 5479 318441 307437 16080 5879 10201 9771 291357 14772 11004 5072 5932
internal_count=350950 1334 349616 31175 6304 24871 19814 4823 4604 14991 10577 4414 3367 2450 739 2888 2638 8127 5479 318441 307437 16080 5879 10201 9771 291357 14772 11004 5072 5932
is_linear=0
shrinkage=0.05


Tree=104
num_leaves=31
num_cat=0
split_feature=0 14 10 10 16 10 11 11 12 11 9 14 15 16 10 11 11 11 8 15 11 11 11 9 15 9 12 12 12 16
split_gain=10.2055 13.7306 11.3207 44.9858 38.822 24.7266 20.9835 25.6244 24.7502 25.5267 25.366 22.0602 20.5327 19.8057 25.2218 19.7698 20.0083 19.4184 19.7443 17.5048 17.2066 27.8218 31.4348 20.3983 16.8691 19.328 19.9843 46.2846 35.4787 28.6766
threshold=0.084302722516504738 -0.19490876951167976 0.0091157709324108955 0.0095076227407933107 0.040311086871886233 0.009588523086034308 0.02167406842699671 0.029686707120002768 0.033816848191430944 0.017472461780978502 0.54084404116082319 -0.0022749768251851816 -0.0018869878241687952 -0.025741820886289343 0.012020737458552368 0.018701794148615284 0.020636834548838027 0.0072949527951166057 0.046085497930355775 0.0061773374856083372 0.0043117455667203161 -0.0019709579600085676 -0.004414694893693615 0.12819609684343838 -1.0000000180025095e-35 -0.007228875917487664 -0.025840768177680992 -0.0036881792371129536 -0.038623236339942461 -0.016795813662470623
decision_type=2 2 2 2 2 2 2 2 2 2 8 2 2 2 2 2 2 2 8 2 2 2 2 10 2 8 2 2 2 2
left_child=2 -2 24 4 -4 -5 8 -8 9 10 12 17 -7 14 -12 -11 -17 18 -10 -9 21 22 -14 -23 -1 -26 28 -28 29 -27
right_child=1 -3 3 5 -6 6 7 19 11 15 13 -13 20 -15 -16 16 -18 -19 -20 -21 -22 23 -24 -25 25 26 27 -29 -30 -31
leaf_value=6.8712940863137043e-06 -0.00075254685253285279 -8.7868834732588328e-05 0.00011371212986258839 -0.00015088341425060147 -0.00011608677185582875 -0.00011940059555713635 0.00010385874988587741 -0.00011819197417555833 -0.00018661013915013188 -0.00030301479110429589 0.00025685583493036709 -0.00028813802942264375 1.8347075559969894e-05 -1.3390478183254924e-05 -0.00053040078667325398 6.1471436116432215e-05 -0.00013640421660424885 2.1455306355617174e-06 -9.5120689060249591e-06 3.2036222665999743e-05 8.621250286250723e-05 -0.00018808738358860476 0.00018034682277135572 4.9342136300889767e-05 -3.2583330663697706e-05 0.00010931609706110633 -8.2561338538703511e-05 1.3113890366694797e-06 9.6476259138796673e-05 -6.4850702133118374e-05
leaf_weight=156062 236 1105 4440 1275 637 668 4608 1393 1465 857 116 410 8012 3772 493 1227 852 3780 1069 5706 5840 814 1184 372 37498 1354 10017 87275 4562 3653
leaf_count=156062 236 1105 4440 1275 637 668 4608 1393 1465 857 116 410 8012 3772 493 1227 852 3780 1069 5706 5840 814 1184 372 37498 1354 10017 87275 4562 3653
internal_value=4.70418e-05 -0.00430649 6.37501e-05 0.000768524 0.00522454 0.000253342 0.000458511 0.00226147 -0.000223885 0.000521543 0.00112477 -0.0029075 0.00200414 -0.00226546 -0.0106322 -0.00384877 -0.00121453 -0.0021777 -0.00556433 0.000376814 0.00235791 0.00113658 0.00206612 -0.00607083 -5.11782e-05 -0.000440741 -9.80245e-05 -0.000312461 0.00208224 -0.000823847
internal_weight=350752 1341 349411 48990 5077 43913 42638 11707 30931 24207 21271 6724 16890 4381 609 2936 2079 6314 2534 7099 16222 10382 9196 1186 300421 144359 106861 97292 9569 5007
internal_count=350752 1341 349411 48990 5077 43913 42638 11707 30931 24207 21271 6724 16890 4381 609 2936 2079 6314 2534 7099 16222 10382 9196 1186 300421 144359 106861 97292 9569 5007
is_linear=0
shrinkage=0.05


Tree=105
num_leaves=31
num_cat=0
split_feature=4 10 12 12 8 13 7 10 3 10 12 10 8 4 13 0 16 12 12 3 10 12 16 10 12 13 3 16 13 12
split_gain=12.0355 11.3703 17.9228 22.6915 12.2641 11.339 20.8959 23.2675 18.3288 17.0774 16.3834 23.8746 24.1937 15.308 14.9675 13.4799 13.078 12.7528 18.5705 11.7743 11.5521 10.5804 10.5139 10.4494 10.2258 10.7792 14.8036 10.7128 10.4181 10.0101
threshold=0.013048623246630775 -0.029463592833469218 -0.0497892715245336 -0.063506994691829508 -0.026624279340771381 25.19999980926514 0.00039755973579924669 -0.0028637132037917508 -0.0113431628051312 -0.013327781970057238 -0.043396587675290969 0.0055649513085964672 0.030290279286102621 0.05653328202846087 25.960000038146976 0.028353117847826684 -0.079700203360928576 -0.059602846746386766 -0.067575688865902969 0.018991659250147567 -0.013932241848525038 -0.014960350168733092 0.0014472742291035125 -0.015213589282174643 -0.063506994691829508 31.844999313354496 0.014572041275073612 0.010556636328857729 25.505000114440922 0.12951753151584791
decision_type=2 2 2 2 10 2 2 2 2 2 2 2 8 2 2 2 2 2 2 2 2 2 2 2 2 2 2 2 2 2
left_child=-1 2 3 -2 -4 13 7 8 9 -7 11 12 -9 16 22 24 -3 18 -10 23 21 -15 -12 -19 25 26 -8 -27 -26 -18
right_child=1 5 4 -5 -6 6 15 10 17 -11 14 -13 -14 20 -16 -17 29 19 -20 -21 -22 -23 -24 -25 28 27 -28 -29 -30 -31
leaf_value=2.5351775064690442e-05 -1.979360822279685e-05 -0.00069325554502276438 -7.2291615715156882e-05 -0.0011319437289721047 0.00015054919349019062 0.00010302178508708501 -0.00036081102539387965 -0.00037866302394437611 0.00011944535992131434 -0.00017122353103482882 -5.6616757469442599e-05 0.00012861706390410491 0.00018874470731812485 -0.001302778771233815 -0.00018733558388794825 0.00017743301835781443 6.3688876957273407e-08 0.00029734625560995978 -0.00026726963115711842 -0.00048569734975227423 -0.00012857530630923548 -4.6563330559880149e-05 0.00066524973708429337 0.00012917434890838764 -0.00017501944050862139 -4.372760354767213e-05 0.00013282720997045738 0.00020091332780361861 3.1999037810219456e-05 8.4096788827604869e-05
leaf_weight=8273 418 184 578 438 250 934 820 704 2250 580 283 2016 373 258 1118 569 318072 889 376 78 6729 165 208 1202 435 229 109 65 1640 842
leaf_count=8273 418 184 578 438 250 934 820 704 2250 580 283 2016 373 258 1118 569 318072 889 376 78 6729 165 208 1202 435 229 109 65 1640 842
internal_value=4.64987e-05 1.02097e-06 -0.00409739 -0.00917056 0.00114734 2.1253e-05 0.00137115 0.00248161 0.00446584 -0.000330251 -0.000180774 0.00194795 -0.00406221 -4.03065e-05 -0.00427284 -0.00179079 1.09684e-05 0.00598019 0.00363671 0.00881743 -0.00232802 -0.0103428 0.00300407 0.00952893 -0.00301698 -0.0066435 -0.00928418 0.00170068 -0.000879518 1.86571e-05
internal_weight=351085 342812 1684 856 828 341128 14878 11011 6309 1514 4702 3093 1077 326250 1609 3867 319098 4795 2626 2169 7152 423 491 2091 3298 1223 929 294 2075 318914
internal_count=351085 342812 1684 856 828 341128 14878 11011 6309 1514 4702 3093 1077 326250 1609 3867 319098 4795 2626 2169 7152 423 491 2091 3298 1223 929 294 2075 318914
is_linear=0
shrinkage=0.05


Tree=106
num_leaves=31
num_cat=0
split_feature=10 11 11 11 10 8 12 13 11 12 0 12 10 13 14 14 13 12 10 8 14 8 11 11 13 11 12 13 12 13
split_gain=9.3081 16.7638 17.6342 14.2416 28.9513 33.294 25.6606 30.5274 38.7815 22.5477 22.2056 20.3351 32.9568 25.236 25.3299 26.5067 23.8617 28.5204 22.2223 25.3188 26.3772 18.0923 16.4017 66.9349 70.6503 40.1409 39.6341 31.5911 50.7942 50.7516
threshold=-0.029463592833469218 -0.035697741943328191 -0.055970662091911087 -0.022075871244429331 0.0041080829558171059 -0.0013937897224524651 -0.0077540971574964193 18.904999732971195 -0.026323618530511902 -0.030461524413172677 -0.0030060727254034854 -0.067575688865902969 -0.01645938155843862 26.284999847412113 -0.023371909944973176 0.0250539094836888 24.630000114440922 -0.010634821304977891 -0.0018259871478111254 -0.032098276658148232 -0.014609583018452553 0.35788925720260206 0.0035059532242039952 0.0023967132721236521 14.684999942779543 0.0036681526021306037 -0.059602846746386766 21.134999275207523 -0.050554756764267676 21.555000305175785
decision_type=2 2 2 2 2 10 2 2 2 2 2 2 2 2 2 2 2 2 2 8 2 8 2 2 2 2 2 2 2 2
left_child=1 2 -1 4 6 -6 7 8 9 -2 21 18 -13 14 -14 -16 17 -17 19 -9 -21 -8 23 26 -25 -24 -5 28 -28 -29
right_child=3 -3 -4 22 5 -7 10 11 -10 -11 -12 12 13 -15 15 16 -18 -19 -20 20 -22 -23 25 24 -26 -27 27 29 -30 -31
leaf_value=-3.1482654909535322e-05 9.6568015001665452e-05 2.6516287198140874e-05 -0.001031021430598 0.00016954577234681788 -0.00012572363405449389 6.7056798279710241e-05 0.00017467593431101338 0.00015155440037892509 0.00033433182783286275 -3.4385070108473602e-05 1.2421344528738745e-05 -0.0003495726780953 0.0001474818774595183 0.00013668448577488219 -0.00014842713433592852 0.00010371918265835658 -0.00015864835050034685 -0.00013383801379996004 -0.00035639734686573421 -0.00053945227434656733 2.8583303116662494e-05 1.2345558069434002e-05 0.00011871388077819602 1.795359511242566e-05 -0.0001835060771616621 3.784616723363516e-06 -0.00031880661421959346 -0.00035996053781636126 4.1521787515968977e-06 -3.440663264648277e-05
leaf_weight=417 1677 827 422 2151 3126 1523 2911 2417 830 1677 2218 1283 832 1689 2115 2956 1267 862 423 196 1212 853 1683 5082 8479 184154 843 1686 102306 12714
leaf_count=417 1677 827 422 2151 3126 1523 2911 2417 830 1677 2218 1283 832 1689 2115 2956 1267 862 423 196 1212 853 1683 5082 8479 184154 843 1686 102306 12714
internal_value=3.69836e-05 -0.00369148 -0.00867104 5.47735e-05 0.00109505 -0.0025328 0.0017586 0.000877238 0.00466061 0.00226595 0.0046222 -0.000160635 -0.00129498 -0.000300895 -0.00146912 -0.00242361 -0.00046706 0.00150602 0.00277778 0.00398039 -0.00134943 0.00696068 -4.32469e-05 -0.000466566 -0.00379581 0.000260309 -8.93901e-05 -0.000212465 9.37964e-05 -0.00240625
internal_weight=350831 1666 839 349165 30067 4649 25418 19436 4184 3354 5982 15252 11004 9721 8032 7200 5085 3818 4248 3825 1408 3764 319098 133261 13561 185837 119700 117549 103149 14400
internal_count=350831 1666 839 349165 30067 4649 25418 19436 4184 3354 5982 15252 11004 9721 8032 7200 5085 3818 4248 3825 1408 3764 319098 133261 13561 185837 119700 117549 103149 14400
is_linear=0
shrinkage=0.05


Tree=107
num_leaves=31
num_cat=0
split_feature=8 11 3 15 14 10 3 10 16 11 11 12 10 14 10 10 14 14 11 10 12 10 12 14 11 12 10 12 11 16
split_gain=10.5514 15.1445 18.1502 16.6581 14.6203 20.3236 14.8945 13.7554 13.1308 11.1762 49.5838 35.494 63.0712 50.3002 46.6451 45.2255 39.5485 62.1887 38.3292 47.9455 38.1288 35.0936 41.6387 38.0137 75.7988 31.1601 64.3233 41.3195 30.4637 27.114
threshold=0.35788925720260206 -0.0046605922573709204 0.013941730950501443 0.005252802440989913 -0.055141973533754989 -0.0029081479641121506 -0.012674483173350069 0.0032637883634802915 -0.032950925305940952 0.0097669532521742503 0.0093910494145468277 0.032681400814823743 9.4848672244407531e-05 0.0066946732173895915 -0.0015680296438443373 -0.00032910351187348525 -0.0026760061162229838 1.0000000180025095e-35 0.011605230504387444 -0.0031077430109253119 0.12384640389246161 -0.0012213944728807211 -0.0033130043707785268 0.023792663726945221 0.025879886513439202 0.032942550894698559 0.0095076227407933107 0.033096137453612735 0.020636834548838027 0.04897711363681901
decision_type=8 2 2 2 2 2 2 2 2 2 2 2 2 2 2 2 2 2 2 2 2 2 2 2 2 2 2 2 2 2
left_child=9 2 3 -2 -3 6 -6 -7 -5 10 25 18 14 16 20 -16 -14 -18 -11 -20 28 22 -21 -23 -25 -1 27 -27 -13 -15
right_child=1 4 -4 8 5 7 -8 -9 -10 11 -12 12 13 29 15 -17 17 -19 19 21 -22 23 -24 24 -26 26 -28 -29 -30 -31
leaf_value=-8.745051048856179e-06 -1.831106859077978e-06 7.8638250134420787e-05 -0.00031221880569860805 -0.00023840409844065881 -0.00020619344866011126 -0.0002479224286418086 5.7114228347439606e-05 -7.3351551267096272e-05 0.00014048953417090346 8.5410303871012903e-05 -0.0001537965572141236 8.3311822335464889e-05 3.1054536967359445e-06 8.0866723021997926e-05 -0.00030323534023002591 -3.9807055246701874e-05 -0.00027568234531398115 -2.962465479152813e-05 -0.00010831570791496517 -0.00014517094628243283 -0.00026739445050375258 2.2452438860074689e-05 0.00010922065718834404 -0.00016456192985455539 9.9416454328355886e-05 0.00020631739857075268 -0.00013411642386869537 2.5791756309556138e-05 -7.9806794574524477e-05 -0.00015455365230086852
leaf_weight=159290 4814 1025 527 112 518 2148 1808 1693 1081 7622 2557 2940 29045 8813 2929 2576 1245 4192 3389 851 851 50266 6704 3399 2128 861 2942 42917 1684 431
leaf_count=159290 4814 1025 527 112 518 2148 1808 1693 1081 7622 2557 2940 29045 8813 2929 2576 1245 4192 3389 851 851 50266 6704 3399 2128 861 2942 42917 1684 431
internal_value=2.20573e-05 -0.00133688 0.000405571 0.00118612 -0.00291991 -0.00383898 -0.000150473 -0.00607264 0.00647527 7.73031e-05 -0.000148993 0.000442994 -0.000523709 0.000327037 -0.00391166 -0.00716167 -0.000551012 -0.00446478 0.0011542 0.000770562 -0.000643836 0.00108054 0.00427862 0.000647483 -0.0032884 -6.31037e-05 0.00107235 0.00155329 0.00114619 0.00360234
internal_weight=351358 13726 6534 6007 7192 6167 2326 3841 1193 337632 208567 129065 54706 43726 10980 5505 34482 5437 74359 66737 5475 63348 7555 55793 5527 206010 46720 43778 4624 9244
internal_count=351358 13726 6534 6007 7192 6167 2326 3841 1193 337632 208567 129065 54706 43726 10980 5505 34482 5437 74359 66737 5475 63348 7555 55793 5527 206010 46720 43778 4624 9244
is_linear=0
shrinkage=0.05


end of trees

feature_importances:
spy_ret_5d=583
vix_chg_1d=550
vix_level=549
spy_ret_20d=511
spy_ret_1d=508
parkinson_20=98
atr_pct=88
dist_ma50=76
sector_ret_1d=56
sector_ret_5d=51
dvol_z_20=47
dist_ma200=45
ret_1d=30
overnight_gap=30
ret_5d=9
dist_ma20=6
ret_20d=3

parameters:
[boosting: gbdt]
[objective: quantile]
[metric: quantile]
[tree_learner: serial]
[device_type: cpu]
[data_sample_strategy: bagging]
[data: ]
[valid: ]
[num_iterations: 120]
[learning_rate: 0.05]
[num_leaves: 31]
[num_threads: -1]
[seed: 0]
[deterministic: 0]
[force_col_wise: 1]
[force_row_wise: 0]
[histogram_pool_size: -1]
[max_depth: -1]
[min_data_in_leaf: 40]
[min_sum_hessian_in_leaf: 0.001]
[bagging_fraction: 0.85]
[pos_bagging_fraction: 1]
[neg_bagging_fraction: 1]
[bagging_freq: 1]
[bagging_seed: 3]
[bagging_by_query: 0]
[feature_fraction: 0.85]
[feature_fraction_bynode: 1]
[feature_fraction_seed: 2]
[extra_trees: 0]
[extra_seed: 6]
[early_stopping_round: 0]
[early_stopping_min_delta: 0]
[first_metric_only: 0]
[max_delta_step: 0]
[lambda_l1: 0]
[lambda_l2: 0]
[linear_lambda: 0]
[min_gain_to_split: 0]
[drop_rate: 0.1]
[max_drop: 50]
[skip_drop: 0.5]
[xgboost_dart_mode: 0]
[uniform_drop: 0]
[drop_seed: 4]
[top_rate: 0.2]
[other_rate: 0.1]
[min_data_per_group: 100]
[max_cat_threshold: 32]
[cat_l2: 10]
[cat_smooth: 10]
[max_cat_to_onehot: 4]
[top_k: 20]
[monotone_constraints: ]
[monotone_constraints_method: basic]
[monotone_penalty: 0]
[feature_contri: ]
[forcedsplits_filename: ]
[refit_decay_rate: 0.9]
[cegb_tradeoff: 1]
[cegb_penalty_split: 0]
[cegb_penalty_feature_lazy: ]
[cegb_penalty_feature_coupled: ]
[path_smooth: 0]
[interaction_constraints: ]
[verbosity: -1]
[saved_feature_importance_type: 0]
[use_quantized_grad: 0]
[num_grad_quant_bins: 4]
[quant_train_renew_leaf: 0]
[stochastic_rounding: 1]
[linear_tree: 0]
[max_bin: 255]
[max_bin_by_feature: ]
[min_data_in_bin: 3]
[bin_construct_sample_cnt: 200000]
[data_random_seed: 1]
[is_enable_sparse: 1]
[enable_bundle: 1]
[use_missing: 1]
[zero_as_missing: 0]
[feature_pre_filter: 1]
[pre_partition: 0]
[two_round: 0]
[header: 0]
[label_column: ]
[weight_column: ]
[group_column: ]
[ignore_column: ]
[categorical_feature: ]
[forcedbins_filename: ]
[precise_float_parser: 0]
[parser_config_file: ]
[objective_seed: 5]
[num_class: 1]
[is_unbalance: 0]
[scale_pos_weight: 1]
[sigmoid: 1]
[boost_from_average: 1]
[reg_sqrt: 0]
[alpha: 0.5]
[fair_c: 1]
[poisson_max_delta_step: 0.7]
[tweedie_variance_power: 1.5]
[lambdarank_truncation_level: 30]
[lambdarank_norm: 1]
[label_gain: ]
[lambdarank_position_bias_regularization: 0]
[eval_at: ]
[multi_error_top_k: 1]
[auc_mu_weights: ]
[num_machines: 1]
[local_listen_port: 12400]
[time_out: 120]
[machine_list_filename: ]
[machines: ]
[gpu_platform_id: -1]
[gpu_device_id: -1]
[gpu_device_id_list: ]
[gpu_use_dp: 0]
[num_gpu: 1]

end of parameters

pandas_categorical:[]
