tree
version=v4
num_class=1
num_tree_per_iteration=1
label_index=0
max_feature_idx=16
objective=quantile
feature_names=ret_1d ret_5d ret_20d overnight_gap atr_pct parkinson_20 dvol_z_20 dist_ma20 dist_ma50 dist_ma200 spy_ret_1d spy_ret_5d spy_ret_20d vix_level vix_chg_1d sector_ret_1d sector_ret_5d
feature_infos=[-0.53140190578537583:0.59186745592792978] [-0.55344657255116947:1.1923076993614967] [-0.6215591474861033:2.1758241995767809] [-0.4344138729811311:0.57756033013505337] [0.0029216137760144784:0.25940783354984664] [0:0.13861703702934206] [-3.0076397506120913:4.3581316252685829] [-0.55430670618440292:0.95360892160540733] [-0.58721050755867255:1.5813494958408683] [-0.74650367204901091:3.9078919756203154] [-0.058542971330535654:0.10501930183911301] [-0.11496151859245618:0.082843162776128354] [-0.1226559005192206:0.15756591020035837] [11.859999656677246:52.330001831054688] [-0.35753873962348437:0.74039073966007019] [-0.091999030713283303:0.13425697132599002] [-0.18680848466589095:0.11773217696052685]
tree_sizes=3027 3106 3075 3074 3015 3099 3112 3101 3097 3075 3138 3127 3091 3072 3081 3121 3113 3139 3127 3105 3083 3123 3073 3147 3060 3138 3064 3152 3099 3089 3068 3122 3104 3045 3124 3069 3115 3065 3075 3139 3118 3082 3109 3120 3102 3208 3131 3169

Tree=0
num_leaves=31
num_cat=0
split_feature=4 12 13 13 4 4 14 4 13 13 13 6 14 13 13 10 9 10 13 10 14 10 13 12 12 14 9 10 10 12
split_gain=183.196 93.8341 96.6713 110.211 60.175 29.9779 26.2344 20.3515 14.6081 14.3496 20.9137 13.2143 11.4362 10.9509 32.1957 18.8301 16.3519 15.2145 9.53029 16.9222 9.76838 9.14039 13.0752 19.4844 19.9947 18.7247 18.592 10.9256 11.7928 52.8412
threshold=0.025440574914310014 -0.075828258528587975 43.015001296997077 24.630000114440922 0.039804537136194293 0.019462265011228972 -0.014609583018452553 0.033868181232776358 20.060000419616703 25.505000114440922 26.85000038146973 -0.11857019919077129 0.26245601507157795 25.505000114440922 26.85000038146973 0.0103636474765072 0.23562189225201371 -0.023232598164511228 20.555000305175785 0.012020737458552368 -0.003811601511204465 0.0079281319106555576 17.180000305175785 -0.0041728590088926923 -0.014960350168733092 0.009860755526874045 0.17358660754746205 -0.00090813220521157579 -0.0010954591841218495 0.014938847679140889
decision_type=2 2 2 2 2 2 2 2 2 2 2 2 2 2 2 2 8 2 2 2 2 2 2 2 2 2 8 2 2 2
left_child=5 2 3 -2 6 8 -5 13 -1 12 -11 -6 21 17 15 16 -15 -3 19 -10 -20 27 23 24 -23 -25 -27 28 -7 -30
right_child=1 7 -4 4 11 9 -8 -9 18 10 -12 -13 -14 14 -16 -17 -18 -19 20 -21 -22 22 -24 25 -26 26 -28 -29 29 -31
leaf_value=0.0019777264297206366 0.0020158777130449995 0.0026864885884348433 0.0014125465540923365 0.0019369574314598746 0.0030855284067592414 0.0020339376048670726 0.0024105044103330366 0.0021886917035028484 0.0020848218306119435 0.0024197570996475348 0.0020451779277185374 0.0028738745827143531 0.0022775535767325604 0.0033652889318591343 0.0020321991971421647 0.0015629578368624914 0.0023725600884729413 0.0020702576539237683 0.0019190225007121842 0.0033605195391641198 0.0020616485180482867 0.0021304808688770104 0.0019864810347370331 0.0020457667292946764 0.0024008953286197344 0.0026992080536186736 0.002114268607593517 0.0019881057641823047 0.0029079178682047012 0.0017152823863341494
leaf_weight=99431 968 103 1084 291 765 37213 717 55538 1789 816 1610 287 359 392 1929 188 434 73249 2599 269 5041 1114 7392 8300 457 213 355 47743 151 286
leaf_count=99431 968 103 1084 291 765 37213 717 55538 1789 816 1610 287 359 392 1929 188 434 73249 2599 269 5041 1114 7392 8300 457 213 355 47743 151 286
internal_value=0.00203815 0.00347496 0.0109129 0.0154999 0.0220389 0.00113023 0.0133087 0.00324296 0.000548509 0.00172907 0.00553025 0.0304039 0.00164004 0.00271293 0.00570353 0.0129166 0.0161672 0.00259294 0.00240083 0.00542083 0.00158733 0.00160906 0.0026387 0.00377805 0.00891032 0.00286885 0.0116516 0.00139406 0.00203093 0.0101968
internal_weight=351083 135945 4112 3028 2060 215138 1008 131833 109129 106009 2426 1052 103583 76295 2943 1014 826 73352 9698 2058 7640 103224 17831 10439 1571 8868 568 85393 37650 437
internal_count=351083 135945 4112 3028 2060 215138 1008 131833 109129 106009 2426 1052 103583 76295 2943 1014 826 73352 9698 2058 7640 103224 17831 10439 1571 8868 568 85393 37650 437
is_linear=0
shrinkage=1


Tree=1
num_leaves=31
num_cat=0
split_feature=4 12 13 13 4 11 12 11 13 14 10 4 10 3 11 13 13 10 3 12 8 0 9 10 14 11 10 13 11 14
split_gain=169.429 87.6139 96.5021 90.5791 41.3526 39.7373 48.0102 44.4396 32.1636 27.758 27.549 27.2121 20.7895 19.2555 16.8461 18.2684 16.0362 13.9924 18.1717 15.5878 13.849 12.3351 11.6066 11.2662 14.871 25.3212 13.7488 19.2564 12.9043 41.8548
threshold=0.028031434742051723 -0.075828258528587975 43.015001296997077 24.630000114440922 0.040293933943264103 -0.022075871244429331 0.051085048604070045 -0.022354679901405047 25.505000114440922 -0.014609583018452553 -0.00032910351187348525 0.020617535228393925 -0.017312000709356064 -0.0047723150685754492 0.025879886513439202 12.454999923706056 25.960000038146976 -0.0017365024253572778 -0.0046616264946167654 -0.007281546892151213 -0.099509148126667599 -0.0086316229758447421 0.33056038681548522 0.0079281319106555576 -0.086337752297859935 0.0078505444899201766 0.010824112764753148 12.434999942779543 -0.010991010281678202 -0.12635401997537379
decision_type=2 2 2 2 2 2 2 2 2 2 2 2 2 2 2 2 2 2 2 2 10 2 10 2 2 2 2 2 2 2
left_child=5 2 3 -2 9 6 7 10 11 -5 17 14 -9 -8 -7 -16 -10 19 -19 -1 -21 -22 -3 24 25 -13 28 -28 -25 -30
right_child=1 22 -4 4 -6 8 13 12 16 -11 -12 23 -14 -15 15 -17 -18 18 -20 20 21 -23 -24 26 -26 -27 27 -29 29 -31
leaf_value=8.8574319748629235e-06 8.7788872491506886e-06 8.3115979909362508e-05 -0.00060162108069172467 -0.00014113071595688812 0.00094018229598940022 -6.0060023606793404e-05 0.00039446119688155043 -0.00027335768898294557 0.00087406163869862283 0.00040145827244738815 -0.00012322439757766684 -7.1645249166969104e-05 0.00040970529827324514 9.4720938655264858e-05 0.00050548319169695783 1.0252676174919532e-05 0.00010881659994799102 0.00037031097919173269 8.5674908893405491e-05 -8.6567762323671934e-05 0.00022816029904854443 6.9220855172578643e-05 0.00028276796786867096 -0.00023367295593346811 -2.9851145105762915e-05 0.00025737762788164353 0.00063188391641736709 -3.6611365932218987e-05 0.00057091600444291151 9.014197821470549e-05
leaf_weight=8944 799 90585 993 256 1031 114404 181 180 428 573 4114 694 897 106 256 9493 671 306 493 574 1308 1121 9756 960 82793 585 122 9606 163 8417
leaf_count=8944 799 90585 993 256 1031 114404 181 180 428 573 4114 694 897 106 256 9493 671 306 493 574 1308 1121 9756 960 82793 585 122 9606 163 8417
internal_value=7.13945e-06 0.00169997 0.00930723 0.0142742 0.0203226 -0.000706114 0.00154082 0.0012162 -0.000885247 0.0120084 0.000587187 -0.000926469 0.0110631 0.0218293 -0.00142538 0.000569801 0.00764786 0.00173545 0.00814143 0.00130702 0.00442391 0.00607452 0.0014231 -0.000327077 -0.000577007 0.00477326 0.000763441 -0.000559212 0.00211216 0.00272727
internal_weight=350809 103993 3652 2659 1860 246816 18224 17937 228592 829 16860 227493 1077 287 124153 9749 1099 12746 799 11947 3003 2429 100341 103340 84072 1279 19268 9728 9540 8580
internal_count=350809 103993 3652 2659 1860 246816 18224 17937 228592 829 16860 227493 1077 287 124153 9749 1099 12746 799 11947 3003 2429 100341 103340 84072 1279 19268 9728 9540 8580
is_linear=0
shrinkage=0.05


Tree=2
num_leaves=31
num_cat=0
split_feature=4 12 13 13 4 11 12 11 11 13 11 12 12 4 4 13 13 7 3 8 13 13 11 11 8 16 8 8 13 9
split_gain=156.548 73.0011 82.9442 85.2658 46.4508 29.6178 31.4162 29.1966 22.7527 25.2858 19.3446 24.0988 19.3054 18.9773 18.5479 15.0117 17.6851 14.8365 14.5888 14.3002 11.6833 12.1275 10.5788 12.6417 10.2959 11.03 9.74486 9.29844 8.9484 24.1744
threshold=0.025543039766036158 -0.075828258528587975 43.015001296997077 24.630000114440922 0.039804537136194293 -0.022075871244429331 0.051085048604070045 -0.022354679901405047 0.025879886513439202 12.454999923706056 0.028348457070928038 0.033816848191430944 -0.0093119022308690274 0.019462265011228972 0.033868181232776358 16.98499965667725 25.505000114440922 -0.024668402154657595 -0.0060416653035962877 0.026878870155672144 19.010000228881839 16.085000038146976 0.057592534540540592 0.053184266574264123 -0.094178390523810704 -0.0016578089979340513 -0.0091461046244792881 0.35788925720260206 19.085000038146976 0.39209024654285113
decision_type=2 2 2 2 2 2 2 2 2 2 2 2 2 2 2 2 2 2 2 10 2 2 2 2 10 2 10 8 2 8
left_child=5 2 3 -2 17 6 7 -1 13 -10 11 20 15 -7 -3 -12 -17 -5 -8 -6 21 -11 23 -16 -13 -26 -18 28 -15 -30
right_child=1 14 -4 4 19 8 18 -9 9 10 12 24 -14 27 22 16 26 -19 -20 -21 -22 -23 -24 -25 25 -27 -28 -29 29 -31
leaf_value=1.38998713864756e-05 -2.0880741780294469e-05 3.3871507720511055e-05 -0.00059142266869956044 0.00037456976763350738 0.00092633817763805083 -6.0589517458313176e-05 0.0003587033734513794 0.00028029709783698248 0.00054425173530757442 0.00011745386045528763 0.00029910178593633773 0.00035626221379078178 -3.836474560170718e-05 -3.3716290250314242e-05 0.00014850648227279317 -6.4781922160398053e-05 0.0010431751048927383 0.0001006540940545737 0.00011180644653728377 0.00014725122475617585 0.00014908056307312662 -0.00024047284374891992 -0.00018445521480137366 0.00028405532691906085 0.00020825740727418098 0.00052972221102567485 0.00050781474614277386 -0.00017034085057758891 -1.3113526889882338e-05 0.00016645009068198889
leaf_weight=14084 944 74699 1082 561 1029 95474 150 912 335 1800 460 246 13648 71022 54064 790 91 450 106 59 201 796 1126 495 83 176 78 3092 11052 2137
leaf_count=14084 944 74699 1082 561 1029 95474 150 912 335 1800 460 246 13648 71022 54064 790 91 450 106 59 201 796 1126 495 83 176 78 3092 11052 2137
internal_value=-2.8073e-05 0.00131184 0.0078606 0.0120884 0.0177013 -0.000859653 0.00126475 0.000968257 -0.00102047 0.000640504 0.000392236 0.00385827 -0.00036736 -0.00119044 0.00110466 0.00518323 0.00162148 0.00998516 0.0186328 0.0248713 0.00204326 0.00114407 0.00179537 0.00189437 0.0139109 0.0208687 0.0163018 -0.000657653 -0.000558776 0.000637272
internal_weight=351242 134509 4125 3043 2099 216733 15252 14996 201481 18704 18369 3302 15067 182777 130384 1419 959 1011 256 1088 2797 2596 55685 54559 505 259 169 87303 84211 13189
internal_count=351242 134509 4125 3043 2099 216733 15252 14996 201481 18704 18369 3302 15067 182777 130384 1419 959 1011 256 1088 2797 2596 55685 54559 505 259 169 87303 84211 13189
is_linear=0
shrinkage=0.05


Tree=3
num_leaves=31
num_cat=0
split_feature=13 14 10 13 11 10 11 13 9 12 10 14 11 12 11 11 13 13 13 8 9 11 10 11 10 12 2 12 12 13
split_gain=81.6138 60.5007 74.6079 41.2861 40.255 73.5436 63.0763 54.251 36.459 33.3977 32.9054 47.9354 63.3612 32.2093 30.7204 56.3064 35.8196 35.2767 166.124 26.5134 25.5323 23.171 22.7921 45.9663 25.8775 46.5265 28.0505 22.2646 59.3061 24.0462
threshold=25.505000114440922 0.17907813454888047 -0.023232598164511228 25.960000038146976 -0.022075871244429331 0.0028153334889018393 -0.026323618530511902 22.330000877380375 0.10157573620630901 0.051085048604070045 0.0079281319106555576 -0.086337752297859935 0.0078505444899201766 -0.052669817960988401 0.02167406842699671 0.02246977949783591 12.434999942779543 15.574999809265138 17.180000305175785 inf inf 0.02886127865524846 -0.0028637132037917508 -0.020944114247125386 0.01542612816856115 -0.071455509470426767 -0.047753334604627877 0.0062346359643689073 0.0061045845958173093 15.654999732971193
decision_type=2 2 2 2 2 2 2 2 10 2 2 2 2 2 2 2 2 2 2 8 8 2 2 2 2 2 2 2 2 2
left_child=4 2 -2 -4 5 6 13 8 9 -8 11 12 -6 -1 20 -16 -17 -18 -19 22 27 -20 23 -5 -24 26 -26 28 29 -12
right_child=1 -3 3 19 10 -7 7 -9 -10 -11 14 -13 -14 -15 15 16 17 18 21 -21 -22 -23 24 -25 25 -27 -28 -29 -30 -31
leaf_value=0.00039684009158671746 0.00043904230526595775 -0.00016929860687980955 0.0013279905631297341 0.00014242989300174749 -3.5495669465174369e-05 -0.00019442176828028484 0.0001846995941884433 -0.00032954146653002905 0.00066320022129138091 0.00048369855175606755 0.00020609208902523402 -3.0261554233927338e-05 0.00036032415122748065 2.2327543614730516e-05 0.00063735400756446069 0.0005877349770459523 -5.0590515481682393e-05 0.00054657386054308835 0.00024559377068630585 0.00055660795224075346 -0.00010608875682445591 -7.8297928702981135e-05 -0.00021477814439970118 0.00059071372274925398 0.0015283888531993253 4.4431422848769619e-05 0.00026160651585732301 -7.8158870175034516e-06 0.0020152142247954314 4.4215708554265563e-05
leaf_weight=450 434 2998 849 4707 2145 5086 4037 830 1093 353 1257 253715 1691 10526 859 423 5910 1265 1658 436 9755 4666 2556 841 253 1708 162 20669 422 9323
leaf_count=450 434 2998 849 4707 2145 5086 4037 830 1093 353 1257 253715 1691 10526 859 423 5910 1265 1658 436 9755 4666 2556 841 253 1708 162 20669 422 9323
internal_value=-3.01513e-05 0.00358538 0.00517914 0.00441192 -0.000190893 0.0018581 0.00341286 0.00739506 0.00919843 0.00716401 -0.000337013 -0.000576217 0.00497132 0.00112245 0.000759068 0.00271599 0.00194943 0.00150048 0.00375609 0.00356701 6.08302e-05 0.0004475 0.00305221 0.0052199 0.000481939 0.00456194 0.0195783 0.000749738 0.0025668 0.00183365
internal_weight=351077 14944 11946 11512 336133 22375 17289 6313 5483 4390 313758 257551 3836 10976 56207 14781 13922 13499 7589 10663 41426 6324 10227 5548 4679 2123 415 31671 11002 10580
internal_count=351077 14944 11946 11512 336133 22375 17289 6313 5483 4390 313758 257551 3836 10976 56207 14781 13922 13499 7589 10663 41426 6324 10227 5548 4679 2123 415 31671 11002 10580
is_linear=0
shrinkage=0.05


Tree=4
num_leaves=31
num_cat=0
split_feature=4 13 13 13 13 13 2 4 3 16 15 9 14 14 8 4 14 14 14 14 14 13 13 14 14 0 6 13 14 13
split_gain=139.993 33.6764 43.8663 40.5 33.8807 27.3458 27.0336 23.8734 23.3646 38.6472 28.7372 23.2525 21.1381 20.4288 16.8572 15.3981 14.0602 12.4917 14.2531 11.8763 11.6031 10.7686 26.171 16.0198 31.367 11.0317 9.85616 9.6419 9.38614 16.3511
threshold=0.026167913887947866 25.505000114440922 39.645000457763679 33.719999313354499 25.960000038146976 35.690000534057624 -0.0884809383128176 0.019259454289229126 -0.003219943999483776 0.0042807376323428245 0.01738721296376489 -0.18735068688174153 -0.014609583018452553 0.26245601507157795 inf 0.033868181232776358 0.11526544225394954 -0.014609583018452553 0.03048966244044227 0.02559063550932739 0.34982669992859688 24.779999732971195 24.385000228881839 0.021414189458355607 -0.0043060965648996632 0.048933483735826296 0.041089862325503851 19.625000000000004 -0.069419882954705067 17.32499980926514
decision_type=2 2 2 2 2 2 2 2 2 2 2 10 2 2 8 2 2 2 2 2 2 2 2 2 2 2 2 2 2 2
left_child=7 13 3 4 11 -5 8 27 -6 10 12 -3 -10 15 17 -2 -14 -8 -19 -9 -15 22 28 24 -24 -23 -12 -1 29 -17
right_child=1 2 -4 5 6 -7 14 19 9 -11 26 -13 16 20 -16 21 -18 18 -20 -21 -22 25 23 -25 -26 -27 -28 -29 -30 -31
leaf_value=-5.2876548186560998e-05 2.788666929217543e-05 0.00038959718642718092 -0.00049606978238880112 0.0004085683678545489 0.00014276678907169474 0.00022171283784738803 -0.00016090616587221529 -2.662209018657491e-05 0.00022581203894151943 -4.9091265920008149e-05 0.0017167360168999259 0.0023046843486005165 0.00062444936469197368 0.00070802573051417415 0.00079366454088067708 0.00040451626915447258 0.00014845528422382051 0.00031407760807372327 4.2506635884236253e-05 1.939008279503371e-05 -0.00041026406401119215 -0.00021235416800305607 -0.000716237110384676 0.00019375493109071047 0.00076888401755512907 0.00069574586130154159 0.00059043305346765827 1.7975692156898149e-06 0.00011383853405849743 8.8075525606316188e-05
leaf_weight=93972 63965 287 1492 438 1423 704 2487 85773 406 540 201 197 548 335 90 2750 208 499 1755 33764 80 1690 133 424 319 82 48 10941 40531 4296
leaf_count=93972 63965 287 1492 438 1423 704 2487 85773 406 540 201 197 548 335 90 2750 208 499 1755 33764 80 1690 133 424 319 82 48 10941 40531 4296
internal_value=-4.22127e-05 0.00129209 0.0038934 0.00510579 0.00394234 0.013958 0.00318403 -0.000790823 0.00661826 0.0101717 0.0145252 0.0167975 0.011222 0.00103508 0.00078555 0.000994832 0.016164 0.000378611 0.00307453 -0.00030773 0.0121084 0.00165007 0.00179008 0.0103539 0.0169027 -0.00217833 0.0299398 -0.00134126 0.00163241 0.00331677
internal_weight=350378 125928 11323 9831 8689 1142 8205 224450 3374 1951 1411 484 1162 114605 4831 114190 756 4741 2254 119537 415 50225 48453 876 452 1772 249 104913 47577 7046
internal_count=350378 125928 11323 9831 8689 1142 8205 224450 3374 1951 1411 484 1162 114605 4831 114190 756 4741 2254 119537 415 50225 48453 876 452 1772 249 104913 47577 7046
is_linear=0
shrinkage=0.05


Tree=5
num_leaves=31
num_cat=0
split_feature=4 12 11 4 15 4 11 12 10 10 4 12 10 16 6 12 11 12 16 10 11 8 0 10 11 10 10 11 11 10
split_gain=120.029 49.9329 69.1037 49.8189 25.4527 24.2583 13.9947 27.536 21.1129 21.0322 12.2592 10.9643 18.4886 10.593 10.4408 23.8185 11.8938 10.3946 10.2543 9.97063 12.9737 9.23517 9.15564 9.13331 11.9804 14.7872 9.02431 10.6164 9.67577 8.91113
threshold=0.027051745777485332 -0.075828258528587975 -0.040606283895635913 0.048974231882408591 -0.015653141672618328 0.018777080002495471 -0.022075871244429331 0.051085048604070045 0.0028153334889018393 0.0012830782027211109 0.04379642087467446 -0.0800835440536906 0.00522211431460995 -0.02953944961061605 1.8155807397721129 -0.052669817960988401 -0.020944114247125386 0.0011335726897910849 0.017705038899220264 -0.0039079154947589392 0.025879886513439202 inf -0.0096308493217137619 -0.0050968471700204012 -0.005167394522302581 -0.0047915944000584956 -0.0052692990008561527 -0.035697741943328191 -0.026323618530511902 0.0079281319106555576
decision_type=2 2 2 2 2 2 2 2 2 2 2 2 2 2 2 2 2 2 2 2 2 8 2 2 2 2 2 2 2 2
left_child=5 2 11 4 22 19 7 8 9 17 14 -2 -13 -6 -3 16 -16 26 -5 23 -21 29 -4 -1 -25 -26 -7 -28 -29 -8
right_child=1 10 3 18 13 6 21 -9 -10 -11 -12 12 -14 -15 15 -17 -18 -19 -20 20 -22 -23 -24 24 25 -27 27 28 -30 -31
leaf_value=-2.7110522413628012e-05 -0.00054488512292592611 3.8786372006296764e-05 0.00035764541120280447 0.00094745340621903899 0.00028092592677118319 -3.9698196553932735e-06 -2.4601950396329087e-05 0.0002778281918358799 -0.00017040172979541874 0.00075810167607149226 0.00019741709816807038 0.00037911355932864968 -0.0004035836639341377 2.1029277415155285e-05 0.00040255061120836002 0.00014187958844517944 0.00064051472787712122 0.00016176392537759217 0.00012485980958452573 -6.4070470731314051e-05 2.4257923318405045e-05 -0.00014996980894590236 0.0002067501846625559 0.00011929222178287177 0.00018688143288455637 -8.8696939311752097e-05 0.00028849152375213193 -1.1846949010448367e-06 0.00015789222558092972 2.347545991802633e-05
leaf_weight=17001 1050 80755 267 671 340 5446 102093 184 2142 202 23366 280 297 819 171 6475 275 1088 65 68812 6198 4417 83 1240 534 1722 606 1662 517 22146
leaf_count=17001 1050 80755 267 671 340 5446 102093 184 2142 202 23366 280 297 819 171 6475 275 1088 65 68812 6198 4417 83 1240 534 1722 606 1662 517 22146
internal_value=-6.53145e-05 0.0012599 0.00684142 0.0125278 0.00732604 -0.000710564 -0.000292628 0.00135182 0.00104904 0.00205808 0.00106527 -0.00100492 0.00453206 0.00375755 0.000794059 0.00265785 0.0138341 0.00171209 0.0231929 -0.0013254 -0.00159246 -0.000444054 0.0191429 -0.000348101 0.0019794 -0.000190604 0.00110497 0.00342011 0.00179211 -0.000364178
internal_weight=350924 114914 3872 2245 1509 236010 140503 11847 11663 9521 111042 1627 577 1159 87676 6921 446 9319 736 95507 75010 128656 350 20497 3496 2256 8231 2785 2179 124239
internal_count=350924 114914 3872 2245 1509 236010 140503 11847 11663 9521 111042 1627 577 1159 87676 6921 446 9319 736 95507 75010 128656 350 20497 3496 2256 8231 2785 2179 124239
is_linear=0
shrinkage=0.05


Tree=6
num_leaves=31
num_cat=0
split_feature=4 12 11 4 15 11 11 12 11 13 14 13 10 4 13 4 16 15 13 11 10 10 8 13 12 10 14 11 11 12
split_gain=109.414 36.3569 53.5686 45.9142 22.0195 19.2439 23.3513 19.3767 18.0369 24.1878 16.2269 50.5909 14.5835 14.4442 14.0792 13.679 12.3878 12.3291 12.3261 11.5614 17.8758 22.9071 15.3509 10.8611 10.7256 16.3497 11.0507 54.5375 21.6271 34.6755
threshold=0.025440574914310014 -0.075828258528587975 -0.040606283895635913 0.052951685042053463 -0.015653141672618328 -0.022075871244429331 -0.022354679901405047 0.051085048604070045 0.025879886513439202 12.454999923706056 -0.067149022617353324 16.164999961853031 0.0028153334889018393 0.05014497608295946 25.505000114440922 0.018777080002495471 -0.0016578089979340513 0.0025922442683476992 18.105000495910648 0.030916964079815371 0.0057742598660092135 0.00040263082252767207 0.043101964013076206 24.630000114440922 0.12951753151584791 0.0041080829558171059 0.032869961540085708 0.042684586959819588 -0.023324981642921735 0.0011335726897910849
decision_type=2 2 2 2 2 2 2 2 2 2 2 2 2 2 2 2 2 2 2 2 2 2 8 2 2 2 2 2 2 2
left_child=5 2 -2 4 -4 6 7 12 15 -10 11 16 -1 24 19 -7 -11 -8 -13 20 21 -12 -22 -5 26 -26 -3 28 29 -28
right_child=1 13 3 23 -6 8 17 -9 9 10 14 18 -14 -15 -16 -17 -18 -19 -20 -21 22 -23 -24 -25 25 -27 27 -29 -30 -31
leaf_value=3.1587493601033325e-05 -7.9831557465690189e-05 2.5474605311407443e-05 0.00031971988725282654 0.00031373819031488726 0.00016518540347471518 -5.3335367794795437e-05 0.00010886349201916404 0.00023760932731631702 0.00046299373325677954 0.0001240955744370114 0.00020962666311089711 0.00022593087952484391 -0.00014729538110863513 0.00024897603433760956 0.00083633086772234822 -2.8154759255050096e-05 0.00046664753759930128 0.00051647185202111708 -0.00019030530615030486 -6.0482953638731596e-05 0.00015067324357197475 -6.5274906230160411e-05 -3.3078522407778072e-06 0.0010209656622018931 -0.00018457201965501742 0.00039034640263076116 0.00013610276948548822 0.0019300761677794086 4.7749088726657619e-05 0.00046544523571940324
leaf_weight=11393 1708 86548 396 80 1379 83735 585 249 345 93 857 405 2639 14153 165 97696 402 312 750 9114 1177 4491 776 504 182 264 3788 245 25735 601
leaf_count=11393 1708 86548 396 80 1379 83735 585 249 345 93 857 405 2639 14153 165 97696 402 312 750 9114 1177 4491 776 504 182 264 3788 245 25735 601
internal_value=-7.26563e-05 0.00103984 0.00569584 0.0105786 0.00657746 -0.000773618 0.000942811 0.000451298 -0.000903874 0.00058008 0.000331869 0.0050606 0.000205957 0.000895859 -0.000138723 -0.0010558 0.0184343 0.00876811 -0.000670997 -0.000284802 0.00119778 -0.000297309 0.00529186 0.0227397 0.000713895 0.00845291 0.000684373 0.00150499 0.0013139 0.00455798
internal_weight=350767 135583 4067 2359 1775 215184 15178 14281 200006 18575 18230 1650 14032 131516 16580 181431 495 897 1155 16415 7301 5348 1953 584 117363 446 116917 30369 30124 4389
internal_count=350767 135583 4067 2359 1775 215184 15178 14281 200006 18575 18230 1650 14032 131516 16580 181431 495 897 1155 16415 7301 5348 1953 584 117363 446 116917 30369 30124 4389
is_linear=0
shrinkage=0.05


Tree=7
num_leaves=31
num_cat=0
split_feature=4 12 11 4 15 5 12 14 11 14 10 14 10 8 11 11 12 12 12 15 12 10 14 12 10 11 9 12 12 7
split_gain=100.009 32.9889 47.9175 48.9266 20.5078 17.2011 16.4651 14.0785 54.4478 18.7896 46.0748 75.3527 65.835 55.162 19.7792 17.0121 36.8284 23.0302 42.1698 18.3883 17.38 67.7314 86.1165 19.7296 15.6085 18.4508 19.2204 14.9126 39.3675 14.8773
threshold=0.023457144438746576 -0.075828258528587975 -0.040606283895635913 0.052951685042053463 -0.015653141672618328 0.025419976968231176 0.12951753151584791 0.032869961540085708 0.042684586959819588 -0.024601750905799354 -0.0012572385131596751 -0.030661999778822443 -0.0027125726307745119 0.19948687991374728 0.014702529438872515 -0.023324981642921735 0.051085048604070045 -0.0062518932096157767 -0.005215251084133842 -0.0080850484308531683 0.01159583409138454 -0.0029934085869046663 0.04320040155148664 0.011040694977268452 -0.0025114864112490416 -0.025492153007652226 -0.22082361869683789 -0.052669817960988401 -0.059602846746386766 -0.010538561625299534
decision_type=2 2 2 2 2 2 2 2 2 2 2 2 2 8 2 2 2 2 2 2 2 2 2 2 2 2 10 2 2 2
left_child=-1 2 -2 4 -4 7 -7 9 15 10 11 -3 -13 -14 -12 16 24 27 19 -19 21 23 -23 -20 25 -9 -27 28 -17 -16
right_child=1 5 3 -5 -6 6 -8 8 -10 -11 14 12 13 -15 29 17 -18 18 20 -21 -22 22 -24 -25 -26 26 -28 -29 -30 -31
leaf_value=-3.2995445207823175e-05 -6.0360323164724261e-05 -3.8818239941916488e-05 0.00031865145800637803 0.00092670516306630883 0.00014043437140037477 0.00016779543294156876 0.000429600461858419 7.821968318363081e-06 0.001605070292272529 -2.5689855474289332e-05 -1.4703640382547723e-05 -0.00036837402537069348 0.001526650384922591 4.3546347644125289e-06 0.00021176581683034549 -7.1997547027197217e-05 0.00052295217671627457 0.0015075141919621768 2.8231237312487418e-05 0.0004356701755965773 2.3968911418236562e-05 0.0013111246518501655 0.00016987123928684513 0.00053227600751406515 0.0003754697894456521 -0.00028158790347054087 0.00038544070155995024 -0.00012744268571249765 0.00072372607752466188 4.7529265377615145e-05
leaf_weight=184723 1883 1542 429 622 1546 26210 187 3299 253 51882 30043 333 835 237 4710 894 191 111 4108 283 15236 364 502 146 365 307 996 8150 285 10371
leaf_count=184723 1883 1542 429 622 1546 26210 187 3299 253 51882 30043 333 835 237 4710 894 191 111 4108 283 15236 364 502 146 365 307 996 8150 285 10371
internal_value=-6.59903e-05 0.000823412 0.0050558 0.00945899 0.00560759 0.000706252 0.00187389 0.000478687 0.00133418 0.000174931 0.000887124 0.00694435 0.0153203 0.0213526 0.000491533 0.00116823 0.00382125 0.000713287 0.00164096 0.0178426 0.00132737 0.00384766 0.0165935 0.00125294 0.00299275 0.00220339 0.00724098 -0.00135009 0.00390585 0.00196903
internal_weight=351043 166320 4480 2597 1975 161840 26397 135443 35490 99953 48071 2947 1405 1072 45124 35237 5158 30079 20750 394 20356 5120 866 4254 4967 4602 1303 9329 1179 15081
internal_count=351043 166320 4480 2597 1975 161840 26397 135443 35490 99953 48071 2947 1405 1072 45124 35237 5158 30079 20750 394 20356 5120 866 4254 4967 4602 1303 9329 1179 15081
is_linear=0
shrinkage=0.05


Tree=8
num_leaves=31
num_cat=0
split_feature=4 12 13 13 2 4 6 14 11 9 6 12 11 10 10 14 11 10 11 10 13 13 11 13 10 10 12 14 10 11
split_gain=86.0497 30.3323 49.4252 44.7886 25.3798 19.7385 13.6102 10.9569 18.9486 10.5885 11.5778 17.8764 12.526 10.4282 9.59991 20.355 57.08 16.4924 29.6415 29.9625 18.9634 74.6915 62.6618 18.8668 15.5916 34.06 74.4019 53.3295 34.9058 25.6577
threshold=0.026610493695675277 -0.075828258528587975 43.015001296997077 24.630000114440922 -0.0272059532896991 0.018432470636688625 -0.27661683093974643 0.02559063550932739 0.042684586959819588 0.34269046384432739 1.8155807397721129 -0.052669817960988401 -0.022354679901405047 -0.0039079154947589392 0.0070711617460903495 -0.093449770795740669 0.016558544253032163 0.010824112764753148 0.042684586959819588 0.018351280015906694 24.779999732971195 24.119999885559086 0.021519760104925626 12.434999942779543 -0.00090813220521157579 -0.0012922180120633062 0.073733903664651171 0.041398643260536445 -0.0010954591841218495 -0.023324981642921735
decision_type=2 2 2 2 2 2 2 2 2 10 2 2 2 2 2 2 2 2 2 2 2 2 2 2 2 2 2 2 2 2
left_child=5 2 3 -2 6 13 -5 -7 -9 10 14 12 -12 -1 15 16 -3 20 23 -20 21 -16 -23 -19 25 29 27 -27 -29 -17
right_child=1 9 -4 4 -6 7 -8 8 -10 -11 11 -13 -14 -15 17 24 -18 18 19 -21 -22 22 -24 -25 -26 26 -28 28 -30 -31
leaf_value=-5.7521327063877482e-06 -3.0872874848294094e-05 -6.5441198968616701e-05 -0.00050253565179359232 0.0006318630764892098 0.00012019958513450711 -2.2681778980868798e-05 0.00042132352177841711 1.3480982218265284e-05 0.00087401601730782881 0.00021762881358308351 0.00032426869024213489 0.00015194188959166081 0.0005565984402614942 -5.333835461427151e-05 0.00014370133085123851 0.00016552097920385496 0.00066174232212894157 0.0013263592289654337 0.00016379624945891087 0.00086604131204242739 -0.00014801124169252787 -0.00052261804243665421 0.00084168148467636626 -6.7926623582561008e-05 -3.2845429302129403e-05 -0.00022729741065437501 0.0028038458557909981 0.00018335864586751344 0.0017612094927147365 -2.9674115269732373e-07
leaf_weight=19060 871 906 1039 880 551 101881 545 39961 159 9673 243 7591 331 69627 10172 6032 486 48 805 146 1599 214 527 9461 36820 904 220 140 150 29884
leaf_count=19060 871 906 1039 880 551 101881 545 39961 159 9673 243 7591 331 69627 10172 6032 486 48 805 146 1599 214 527 9461 36820 904 220 140 150 29884
internal_value=-8.51473e-05 0.00099935 0.00534483 0.00875132 0.012915 -0.000650403 0.0164386 -0.000284894 0.000415004 0.000854217 0.000710589 0.0025199 0.0110279 -0.00123564 0.00056063 0.000288448 0.00627873 0.00145568 -9.56142e-06 0.00840694 0.00268063 0.00342573 0.0187517 -0.0008513 0.000175993 0.000896061 0.00850778 0.00358459 0.0222414 0.00059639
internal_weight=350926 120238 3886 2847 1976 230688 1425 142001 40120 116352 106679 8165 574 88687 98514 75542 1392 22972 10460 951 12512 10913 741 9509 74150 37330 1414 1194 290 35916
internal_count=350926 120238 3886 2847 1976 230688 1425 142001 40120 116352 106679 8165 574 88687 98514 75542 1392 22972 10460 951 12512 10913 741 9509 74150 37330 1414 1194 290 35916
is_linear=0
shrinkage=0.05


Tree=9
num_leaves=31
num_cat=0
split_feature=4 12 13 13 4 4 11 13 10 10 13 14 6 12 13 12 13 7 11 10 13 11 0 13 12 13 12 13 12 15
split_gain=81.6126 25.1973 44.8298 40.4099 22.2775 20.9344 12.5267 15.2155 14.1437 15.2226 28.3265 21.5056 10.7076 11.8517 22.9165 16.5497 17.0396 10.5799 9.51703 20.5247 11.0297 9.27925 8.99821 8.87278 8.83155 20.0708 24.4862 29.0387 63.0913 21.43
threshold=0.028977417011933963 -0.075828258528587975 43.015001296997077 24.630000114440922 0.020899033944531409 0.052951685042053463 0.025879886513439202 12.454999923706056 -0.0039079154947589392 -0.0050968471700204012 16.550000190734867 0.049298283120689408 0.31458669708502679 -0.052669817960988401 19.72500038146973 -0.059602846746386766 26.494999885559086 0.042514482124557336 0.029686707120002768 0.0057742598660092135 13.444999694824221 -0.033420125215974254 0.019253956006721088 16.73499965667725 -0.036045899235514094 21.555000305175785 -0.031579620804691948 22.330000877380375 0.051085048604070045 0.0060447301478057111
decision_type=2 2 2 2 2 2 2 2 2 2 2 2 2 2 2 2 2 2 2 2 2 2 2 2 2 2 2 2 2 2
left_child=4 2 3 -2 6 -5 8 -8 9 -1 -11 23 24 14 -14 -16 -17 -13 19 20 -9 -10 -7 -12 -3 -26 29 28 -28 -27
right_child=1 12 -4 5 -6 22 7 18 21 10 11 17 13 -15 15 16 -18 -19 -20 -21 -22 -23 -24 -25 25 26 27 -29 -30 -31
leaf_value=-2.240070809950408e-05 -4.2868430295360239e-05 -5.3894065817533297e-05 -0.00046928737610153049 0.00026265107345715489 -2.6910877719828349e-06 0.00060753370450697614 0.00034067407157376906 0.00027314291030968704 9.4962593112219199e-05 -6.3396593669110508e-05 0.0003096158891361208 0.00023137445444587122 0.00071923042781810902 0.00013642420078529375 -2.5279855195089914e-05 -0.00062442535589698567 0.00074622853533317182 -8.8044833932792029e-05 -2.3279694925209782e-05 0.00015151203140044401 -9.3599270308074219e-05 -5.2674416272619637e-05 0.0013511717588288964 4.1824342420804098e-05 3.4488446626388941e-05 0.0005343338142224024 0.00022830711548567215 9.425126706660241e-05 0.0024138442137579506 0.001147548316420786
leaf_weight=25083 786 9240 956 1225 118722 393 266 236 643 2287 138 780 178 24634 811 112 298 107 6645 1439 1789 96943 180 1829 47882 132 1212 5801 266 101
leaf_count=25083 786 9240 956 1225 118722 393 266 236 643 2287 138 780 178 24634 811 112 298 107 6645 1439 1789 96943 180 1829 47882 132 1212 5801 266 101
internal_value=-0.000100595 0.00115825 0.00529661 0.00871904 -0.000562209 0.0128532 -0.000993778 0.000677107 -0.00112941 -0.000184292 0.0022943 0.00561668 0.000996668 0.00185284 0.00632952 0.00388616 0.0120732 0.01208 0.000366504 0.00249134 -0.000753088 -0.00142213 0.0207417 0.00270208 0.000651823 0.000890528 0.0032934 0.00278266 0.00903924 0.0192489
internal_weight=351114 94207 3540 2584 256907 1798 138185 10375 127810 30224 5141 2854 90667 26033 1399 1221 410 887 10109 3464 2025 97586 573 1967 64634 55394 7512 7279 1478 233
internal_count=351114 94207 3540 2584 256907 1798 138185 10375 127810 30224 5141 2854 90667 26033 1399 1221 410 887 10109 3464 2025 97586 573 1967 64634 55394 7512 7279 1478 233
is_linear=0
shrinkage=0.05


Tree=10
num_leaves=31
num_cat=0
split_feature=4 12 11 4 4 11 12 10 10 10 10 11 12 14 14 14 11 11 10 8 14 11 5 10 12 14 12 10 11 11
split_gain=69.1118 25.6718 37.2188 22.5088 17.9519 11.1723 25.9845 21.1064 25.701 11.229 14.7841 18.5014 29.8135 37.7986 28.3814 14.3207 24.5331 13.1094 44.2623 12.5792 12.318 23.7252 19.7919 26.3389 20.0548 14.5547 16.0484 34.4724 12.7868 15.1129
threshold=0.030055897177945993 -0.075828258528587975 -0.040606283895635913 0.018432470636688625 0.05653328202846087 -0.022075871244429331 0.051085048604070045 0.0028153334889018393 0.0012830782027211109 0.0077313966519441122 0.010824112764753148 -0.010991010281678202 -0.0041728590088926923 -0.12635401997537379 -0.070157890185866142 -0.086337752297859935 0.0078505444899201766 0.042684586959819588 0.018351280015906694 0.35788925720260206 0.033484849976317961 0.042684586959819588 0.023048057730075042 0.0070711617460903495 0.12951753151584791 0.035592479952137442 0.014938847679140889 -0.0029934085869046663 0.014617702220924735 0.010209194758885378
decision_type=2 2 2 2 2 2 2 2 2 2 2 2 2 2 2 2 2 2 2 8 2 2 2 2 2 2 2 2 2 2
left_child=3 2 -2 -1 -4 6 7 8 -5 15 11 -11 14 -14 -13 16 -7 -12 -19 20 22 25 -17 24 -24 26 27 -22 29 -27
right_child=1 -3 4 5 -6 9 -8 -9 -10 10 17 12 13 -15 -16 19 -18 18 -20 -21 21 -23 23 -25 -26 28 -28 -29 -30 -31
leaf_value=-3.8070267698093259e-05 -8.8452955894657455e-05 7.3084968391552528e-05 0.00022134542289299868 5.4790325862440691e-05 0.00092879845014035955 -4.260793734236799e-05 0.00025525740047541482 -0.00015920306007748109 0.00069734851408818454 -0.00024693275643409765 -4.0490075550525194e-05 -7.895562698662247e-06 0.00048367483311103103 3.2818901397041525e-05 0.00031465798013678064 -3.6445159528450983e-05 0.0001948616493112799 -0.00017995047925417219 0.00052183458609311544 -0.0001813043350618396 -5.1333774671126629e-05 0.00092532740618675587 -9.1365967154267795e-05 0.00046364584869917799 0.00032224171373185088 3.8283148747145432e-06 3.8700908694803037e-05 0.00062521992018455008 -0.0001244804042525979 0.00027548006325604817
leaf_weight=88633 1380 81254 1433 12268 521 1075 241 2830 226 1706 14044 745 224 12998 1479 89111 885 483 270 3680 220 211 407 137 72 27344 922 238 4271 1930
leaf_count=88633 1380 81254 1433 12268 521 1075 241 2830 226 1706 14044 745 224 12998 1479 89111 885 483 270 3680 220 211 407 137 72 27344 922 238 4271 1930
internal_value=-9.25026e-05 0.00115276 0.00545291 -0.000487532 0.00989253 -0.000163384 0.00111629 0.000860088 0.00174324 -0.000285993 0.000554163 0.00155317 0.00209892 0.001198 0.00745503 -0.000491676 0.00375 -0.00060384 0.00582337 -0.000556352 -0.000471438 0.000322175 -0.000782207 0.00814935 0.00262004 0.000221187 0.00525362 0.0129039 1.41589e-05 0.000387032
internal_weight=351238 84588 3334 266650 1954 178017 15565 15324 12494 162452 31949 17152 15446 13222 2224 130503 1960 14797 753 128543 124863 35136 89727 616 479 34925 1380 458 33545 29274
internal_count=351238 84588 3334 266650 1954 178017 15565 15324 12494 162452 31949 17152 15446 13222 2224 130503 1960 14797 753 128543 124863 35136 89727 616 479 34925 1380 458 33545 29274
is_linear=0
shrinkage=0.05


Tree=11
num_leaves=31
num_cat=0
split_feature=4 4 12 11 11 11 11 10 11 12 8 10 15 11 12 10 11 11 7 10 10 6 10 16 10 10 12 11 11 12
split_gain=65.5244 22.3672 18.6357 19.5717 13.0309 15.8411 12.4408 40.5296 23.9213 38.8513 12.6636 11.6216 11.0916 10.8977 10.6946 16.0759 10.4333 18.9735 12.9271 10.2816 14.2796 15.8011 10.0534 14.8002 9.6308 18.9585 11.1466 10.206 10.3887 17.6534
threshold=0.02329673778699989 0.052951685042053463 -0.075828258528587975 -0.040606283895635913 0.025879886513439202 -0.0071058525984615808 -0.023324981642921735 -0.00032910351187348525 -0.026323618530511902 -0.017557998492747081 inf -0.0066846188692691313 -0.024134153926859022 -0.043674023036412872 0.12951753151584791 0.0041080829558171059 0.025879886513439202 0.026646600134674018 0.03981836604594325 -0.017312000709356064 -0.016935534775352808 0.74351714137819502 -0.0024053723341925788 -0.035395353376678533 -0.0045277696636227818 -0.0050968471700204012 -0.013091202195066818 0.00023769852102906167 0.0015109510563884323 0.05549664954164369
decision_type=2 2 2 2 2 2 2 2 2 2 8 2 2 2 2 2 2 2 2 2 2 2 2 2 2 2 2 2 2 2
left_child=4 6 3 -3 5 -1 7 8 11 -10 14 13 -13 -2 19 -16 -12 18 -18 -8 21 -21 23 -14 25 -7 -27 -26 29 -29
right_child=1 2 -4 -5 -6 24 10 -9 9 -11 16 12 22 -15 15 -17 17 -19 -20 20 -22 -23 -24 -25 27 26 -28 28 -30 -31
leaf_value=2.512930442048219e-08 -0.0002030361756232189 -2.1266098495919512e-05 0.00022590479713113632 0.00075175637982621715 2.47283798267931e-05 -2.1976691442928396e-05 -0.00031608341518298043 -0.0002123346460991524 -9.575822184771447e-07 0.00039329809361289981 -0.00020441417078737373 0.0011567896359940145 0.00034932866660020222 7.8502327698173462e-05 -0.00017335013611859758 0.00032520320943397693 0.00012824790181054029 -0.0003964576576267526 0.00093483194809891503 9.7039086355628015e-05 2.2489837859800069e-05 0.00049089244416333408 8.2873063722069848e-05 0.00011152016896232958 -9.8041658779629757e-05 0.00025085421748339279 7.967714742438958e-05 -7.5801741527373254e-06 -4.4999765545030133e-05 0.00015648780797895639
leaf_weight=39884 1387 357 11435 609 14850 16139 1847 3296 1099 1682 4580 43 513 4344 226 318 104 268 134 796 133419 381 1468 637 17804 200 1766 4764 85720 888
leaf_count=39884 1387 357 11435 609 14850 16139 1847 3296 1099 1682 4580 43 513 4344 226 318 104 268 134 796 133419 381 1468 637 17804 200 1766 4764 85720 888
internal_value=-8.44557e-05 0.000624677 0.00266874 0.00933747 -0.00074266 -0.000868754 0.00046275 0.00185949 0.00329679 0.00731571 0.000320503 0.00196497 0.0046956 0.000697085 0.000411461 0.00740809 -0.00212938 0.00468379 0.014958 0.000383566 0.00043441 0.00591759 0.00428189 0.00778261 -0.00114122 -7.31854e-05 0.00456256 -0.00131833 -0.00110493 0.000971336
internal_weight=350958 168943 12401 966 182015 167165 156542 14469 11173 2781 142073 8392 2661 5731 136987 544 5086 506 238 136443 134596 1177 2618 1150 127281 18105 1966 109176 91372 5652
internal_count=350958 168943 12401 966 182015 167165 156542 14469 11173 2781 142073 8392 2661 5731 136987 544 5086 506 238 136443 134596 1177 2618 1150 127281 18105 1966 109176 91372 5652
is_linear=0
shrinkage=0.05


Tree=12
num_leaves=31
num_cat=0
split_feature=4 4 13 13 10 13 13 13 10 13 13 11 10 11 13 15 9 13 10 10 13 10 13 15 2 3 13 10 10 8
split_gain=59.4651 17.6919 12.912 21.6087 18.5581 14.1062 15.4173 19.5027 15.5236 12.491 21.1072 28.5561 17.905 15.5869 17.993 13.7129 12.1603 11.3112 9.87526 20.5156 30.7178 17.5374 15.4147 9.93546 9.76515 9.51005 9.65084 12.6943 12.5835 9.36122
threshold=0.023457144438746576 0.033151209012855842 39.645000457763679 30.345000267028812 0.06903334451863076 28.970000267028812 26.494999885559086 26.85000038146973 -0.023232598164511228 20.060000419616703 20.555000305175785 -0.0065367397500866167 0.012020737458552368 0.025879886513439202 12.454999923706056 -0.0047454041735208721 -0.22082361869683789 30.750000000000004 -0.0039079154947589392 -0.0050968471700204012 16.125000000000004 -0.0040528821834706621 13.050000190734865 0.0021966450123291907 -0.020932972253389911 -0.010303375612987551 22.730000495910648 -0.0039079154947589392 -0.011231034779129566 -0.068637770833220521
decision_type=2 2 2 2 2 2 2 2 2 2 2 2 2 2 2 2 10 2 2 2 2 2 2 2 2 2 2 2 2 10
left_child=9 -2 3 5 17 6 8 -8 -3 13 11 12 15 18 -15 16 -11 24 19 22 -21 23 -1 -22 -5 26 27 28 -12 -30
right_child=1 2 -4 4 -6 -7 7 -9 -10 10 25 -13 -14 14 -16 -17 -18 -19 -20 20 21 -23 -24 -25 -26 -27 -28 -29 29 -31
leaf_value=9.5170702196219342e-05 1.0455231737308573e-05 0.0014696750992115887 -0.00044746566512920001 0.00077665585483372725 -0.0016771847185041969 -0.00076167295687670376 0.00086321489923270192 0.00022100928662194188 8.7405109263148775e-05 0.00046050226094634635 -0.00014359451902765932 -4.3405041720209822e-05 0.0018255334451988973 0.00044577936192389552 1.3629493819336172e-05 2.9963921095528366e-05 0.00015231151947811428 0.00013766225461168589 -4.4212259242271004e-05 -7.2145536251934711e-05 0.00013014197406305931 0.00018018414249788787 -4.1493431526272002e-05 -1.1366346172715606e-05 4.5131711247409549e-06 -2.6485395036366826e-05 -6.5674462321021495e-05 -4.8246784713791205e-05 0.00015438743405038304 0.00032628837111619424
leaf_weight=902 103897 86 1120 434 351 1115 251 1912 55152 163 69 1623 264 309 14331 970 877 1812 117875 2667 2871 247 24143 942 107 15593 521 196 74 198
leaf_count=902 103897 86 1120 434 351 1115 251 1912 55152 163 69 1623 264 309 14331 970 877 1812 117875 2667 2871 247 24143 942 107 15593 521 196 74 198
internal_value=-9.44548e-05 0.000591714 0.00125762 0.00135495 0.00572485 0.00115302 0.00126121 0.00540222 0.00109906 -0.000711582 0.000450651 0.00376315 0.00737907 -0.000856947 0.000700135 0.00577114 0.00975961 0.00732469 -0.00100928 -0.000226931 0.00222462 0.00496305 -0.000885407 0.00412667 0.0136691 -0.000324606 0.00426276 0.00896648 0.0147947 0.0196324
internal_weight=351072 166237 62340 61220 2704 58516 57401 2163 55238 184835 20548 3897 2274 164287 14640 2010 1040 2353 149647 31772 6727 4060 25045 3813 541 16651 1058 537 341 272
internal_count=351072 166237 62340 61220 2704 58516 57401 2163 55238 184835 20548 3897 2274 164287 14640 2010 1040 2353 149647 31772 6727 4060 25045 3813 541 16651 1058 537 341 272
is_linear=0
shrinkage=0.05


Tree=13
num_leaves=31
num_cat=0
split_feature=4 4 12 13 13 13 12 12 3 12 12 6 6 13 15 13 14 12 12 14 12 12 16 13 12 16 12 14 13 14
split_gain=53.2 18.5906 12.4612 14.6672 11.7101 21.8014 25.4248 18.0603 21.6637 13.0009 12.1393 9.77975 9.64913 9.01029 8.85424 16.633 10.0768 8.52623 13.1748 8.41674 13.3722 30.3249 20.1049 34.3178 25.1493 15.8451 14.282 53.4391 54.4984 28.8432
threshold=0.023214652530362947 0.052951685042053463 -0.075828258528587975 43.015001296997077 20.060000419616703 20.555000305175785 0.019574400022136732 0.011040694977268452 -0.010303375612987551 0.040854106099518013 0.054230156972347017 1.8155807397721129 1.5432457640453958 24.630000114440922 -0.0063364514942226826 20.375000000000004 -0.058539441914538297 0.12951753151584791 0.1439114718548197 0.032869961540085708 -0.0062518932096157767 -0.0059221640754917306 0.015025000452108197 25.010000228881839 -0.036665528025127118 -0.030212237579343711 0.01159583409138454 0.042707148571172311 14.765000343322756 0.036947105146079025
decision_type=2 2 2 2 2 2 2 2 2 2 2 2 2 2 2 2 2 2 2 2 2 2 2 2 2 2 2 2 2 2
left_child=4 11 3 13 12 6 14 -7 10 -10 -9 17 -1 -3 -6 -16 -17 19 -19 -2 22 25 -21 -24 -25 -22 27 28 -23 -30
right_child=1 2 -4 -5 5 7 -8 8 9 -11 -12 -13 -14 -15 15 16 -18 18 -20 20 21 26 23 24 -26 -27 -28 -29 29 -31
leaf_value=-3.4853403219546043e-05 -3.9904594188068203e-07 -3.1012860302382969e-05 0.00019939510258452984 -0.00020669804204100518 0.0002134025890221555 -5.7439124274374642e-05 -4.5059992031506201e-05 0.00028433975194254386 0.00010301584703937746 -5.6598707430652275e-05 -0.00012434366591166694 0.00012289467972999909 1.50075769314648e-05 0.00068803455285611258 3.5005859217365999e-05 0.0014159043464097355 2.1213887072245047e-06 0.00029331257551632936 -0.00017705860207154964 -5.169513502535022e-05 0.0014859380703114659 0.0013634839322236387 2.4418609310453328e-05 7.0751517780581066e-05 0.001609979898250107 0.00034211430409825295 3.5712764880727853e-05 6.3162136130318528e-05 0.00096610930583916903 0.00012590669786956437
leaf_weight=146510 107470 135 11462 263 697 12113 1554 222 1787 1921 68 12409 14141 585 997 397 136 301 225 13227 71 216 1385 184 268 284 16381 5086 157 512
leaf_count=146510 107470 135 11462 263 697 12113 1554 222 1787 1921 68 12409 14141 585 997 397 136 301 225 13227 71 216 1385 184 268 284 16381 5086 157 512
internal_value=-0.000129342 0.000503718 0.0023644 0.00776704 -0.000727612 0.000416749 0.00383364 -0.000385142 0.00252876 0.00149946 0.0156897 0.000357322 -0.000869308 0.0114583 0.00725864 0.00513072 0.0122608 0.000242612 0.00659696 0.000219599 0.000861639 0.00162791 -0.000293416 0.00460806 0.0165708 0.0161268 0.00139764 0.00349104 0.0148305 0.00778027
internal_weight=351164 170621 12445 983 180543 19892 3781 16111 3998 3708 290 158176 160651 720 2227 1530 533 145767 526 145241 37771 22707 15064 1837 452 355 22352 5971 885 669
internal_count=351164 170621 12445 983 180543 19892 3781 16111 3998 3708 290 158176 160651 720 2227 1530 533 145767 526 145241 37771 22707 15064 1837 452 355 22352 5971 885 669
is_linear=0
shrinkage=0.05


Tree=14
num_leaves=31
num_cat=0
split_feature=4 4 13 12 13 2 6 12 13 12 13 11 13 11 14 14 11 14 16 11 11 11 14 16 2 3 5 8 12 16
split_gain=52.5561 15.5317 11.6601 31.1941 23.2928 10.3538 9.81943 8.94719 17.3389 12.0689 13.1767 7.84291 9.86075 9.12475 13.4239 13.3087 7.83762 8.79407 8.37062 7.76289 12.6403 58.9834 9.48257 8.90975 7.88246 7.31813 6.84212 6.83844 20.8396 6.67456
threshold=0.030055897177945993 0.020617535228393925 39.645000457763679 -0.075828258528587975 24.630000114440922 0.016041003890450382 0.31458669708502679 -0.052669817960988401 19.72500038146973 -0.059602846746386766 26.494999885559086 0.025879886513439202 12.454999923706056 -0.0071058525984615808 0.15522193331306103 0.17907813454888047 0.029686707120002768 -0.081825770158787711 -0.0016578089979340513 0.049786162731180202 0.042684586959819588 0.044463646975978717 -0.065772214787702996 0.011870980210981876 -0.024061499368470737 -0.0072295783726313836 0.037924788143841461 0.19948687991374728 -0.052669817960988401 -0.0091541297853359165
decision_type=2 2 2 2 2 2 2 2 2 2 2 2 2 2 2 2 2 2 2 2 2 2 2 2 2 2 2 8 2 2
left_child=1 11 3 4 -2 26 -5 8 25 -10 -11 13 -13 -1 -15 29 17 18 -14 20 27 23 24 -22 -23 -8 -6 -3 -29 -16
right_child=2 19 -4 6 5 -7 7 -9 9 10 -12 12 16 14 15 -17 -18 -19 -20 -21 21 22 -24 -25 -26 -27 -28 28 -30 -31
leaf_value=-5.427034432280995e-06 -3.7870713132458991e-05 -8.4489417167526555e-07 -0.00038481805437509925 3.6866720395051259e-05 0.00030220027344232941 -3.1869265038176623e-05 0.00086214658976174893 0.00012741325919675943 -5.7020100899277309e-06 -0.00059043524370145013 0.00069354071839130118 0.00031549832517602651 -7.9019872557794691e-05 -4.1836704357140874e-05 0.00027053062633224421 -0.00018183136593126706 -2.425268215940582e-05 4.673393398231096e-05 0.00037914345069948763 -0.00024545009958250308 -0.00019663928315648743 0.00042906129444142182 -3.6250232829480996e-05 0.00074998051627609276 0.00011206247529483218 0.0001954573239126159 0.0012371022483638136 0.00033586457911441697 -0.00011342550680171011 0.00018674977234684812
leaf_weight=27967 727 123379 1312 57756 1285 217 104 21760 744 98 290 247 59 94279 100 180 6220 3139 106 1267 40 80 1871 358 136 45 206 195 6806 240
leaf_count=27967 727 123379 1312 57756 1285 217 104 21760 744 98 290 247 59 94279 100 180 6220 3139 106 1267 40 80 1871 358 136 45 206 195 6806 240
internal_value=-0.00011365 -0.000458041 0.000972628 0.00104635 0.00662218 0.00981265 0.000878311 0.00175101 0.00581186 0.00370141 0.0108505 -0.000841917 0.00052144 -0.000950427 -0.00118456 0.00682692 0.000265643 0.00223365 0.0134848 -7.87296e-05 -4.15848e-05 0.00349094 0.000126975 0.0211307 0.0100463 0.0218456 0.0112978 -0.000108914 -0.00162905 0.0126471
internal_weight=351213 266669 84544 83232 2435 1708 80797 23041 1281 1132 388 132537 9771 122766 94799 520 9524 3304 165 134132 132865 2485 2087 398 216 149 1491 130380 7001 340
internal_count=351213 266669 84544 83232 2435 1708 80797 23041 1281 1132 388 132537 9771 122766 94799 520 9524 3304 165 134132 132865 2485 2087 398 216 149 1491 130380 7001 340
is_linear=0
shrinkage=0.05


Tree=15
num_leaves=31
num_cat=0
split_feature=4 4 12 13 13 11 11 11 10 10 13 10 12 12 14 14 13 13 14 12 11 10 10 10 10 15 10 12 5 10
split_gain=44.0984 16.0577 12.6363 28.2729 18.8729 9.46096 20.027 64.7606 12.6293 21.5978 33.3572 27.3896 21.323 21.7251 27.6098 40.4299 16.9772 24.7388 16.2385 14.9201 14.378 32.0552 30.1658 49.717 19.5373 13.7422 12.6657 12.6491 12.0656 41.8201
threshold=0.033151209012855842 0.017400011397428566 -0.075828258528587975 43.015001296997077 24.630000114440922 0.049786162731180202 0.042684586959819588 0.044463646975978717 0.015021993582677752 0.0090796012734996063 12.434999942779543 0.010151792675436979 0.018619756704099325 -0.027034391534396515 -0.10344834121785244 -0.063397912410201748 16.035000801086429 15.574999809265138 -0.053534792570075034 -0.017557998492747081 -0.01680301263819178 0.0028153334889018393 -0.007321192598677361 -0.0066846188692691313 0.0012830782027211109 0.01053366759828034 0.012161923601447857 0.015760986994464269 0.024397437321965611 0.0070711617460903495
decision_type=2 2 2 2 2 2 2 2 2 2 2 2 2 2 2 2 2 2 2 2 2 2 2 2 2 2 2 2 2 2
left_child=1 -1 3 4 -2 6 8 -8 9 20 -11 16 13 -13 19 26 17 -12 -18 -15 21 22 -3 -24 -25 -19 -16 -17 -22 -30
right_child=2 5 -4 -5 -6 -7 7 -9 -10 10 11 12 -14 14 15 27 18 25 -20 -21 28 -23 23 24 -26 -27 -28 -29 29 -31
leaf_value=-3.3392286054617549e-05 -1.4636512313164714e-05 -5.7443113042472198e-06 7.2471563678793086e-05 -0.00043245087008273483 0.00035106612037792478 -0.00020633888962372368 0.00074462212426316 3.7290700485249087e-05 -9.2464941101771058e-05 0.0006572719077021673 0.00013983957764792748 -0.00016210273069840159 -9.9853247383178932e-05 0.00015154345466166861 0.0011417496830005997 -8.1342904353474236e-06 -5.5643224337669049e-05 0.00024684346420030353 0.00019980167968758965 -0.00016735318736247752 -2.2514571784557441e-05 -0.00016552847724971324 0.00033982988264268912 6.921336179968116e-05 0.00035736908626817567 0.00052792055266939752 0.0002169095433565051 0.00022707921582613706 2.579606784558661e-05 0.00047980888391470182
leaf_weight=68264 564 12814 59584 796 1503 2016 568 3161 7925 229 3101 1931 7279 475 600 1548 2126 344 1334 1778 156559 4027 575 8863 786 239 604 521 982 182
leaf_count=68264 564 12814 59584 796 1503 2016 568 3161 7925 229 3101 1931 7279 475 600 1548 2126 344 1334 1778 156559 4027 575 8863 786 239 604 521 982 182
internal_value=-0.000123664 -0.000384153 0.00108116 0.00432588 0.00740929 -0.00017675 -0.000145299 0.00348753 -0.00020836 -0.000133328 0.00134357 0.00114488 -8.68633e-05 0.00179227 0.00338762 0.00631989 0.00368561 0.00604777 0.00117052 -0.000872172 -0.000310032 0.000754664 0.00147409 0.00349961 0.00264846 0.0154974 0.0136046 0.00208071 -0.000492732 0.00457904
internal_weight=351278 288831 62447 2863 2067 220567 218551 3729 214822 206897 22109 21880 14736 7457 5526 3273 7144 3684 3460 2253 184788 27065 23038 10224 9649 583 1204 2069 157723 1164
internal_count=351278 288831 62447 2863 2067 220567 218551 3729 214822 206897 22109 21880 14736 7457 5526 3273 7144 3684 3460 2253 184788 27065 23038 10224 9649 583 1204 2069 157723 1164
is_linear=0
shrinkage=0.05


Tree=16
num_leaves=31
num_cat=0
split_feature=4 4 11 11 12 11 13 13 12 13 13 11 12 13 15 8 15 10 3 12 10 13 12 10 14 15 11 11 12 13
split_gain=38.7256 16.8188 9.92338 20.1567 11.678 10.5376 17.4087 10.0087 9.47751 21.8355 10.3176 9.46888 13.1271 11.233 9.28141 13.1831 8.71953 8.27381 8.25564 7.83774 10.0897 7.78286 29.7471 12.2953 9.5006 8.61172 8.41422 13.5337 43.2625 15.8809
threshold=0.02329673778699989 0.039316687440279226 -0.022075871244429331 -0.022354679901405047 0.051085048604070045 0.025879886513439202 12.454999923706056 12.230000019073488 -0.075828258528587975 43.015001296997077 24.630000114440922 0.028348457070928038 0.014776442004869829 14.84500026702881 0.00026096708890954728 -0.0098318740152144018 0.0019177967312156154 0.0028153334889018393 -0.0047723150685754492 0.12951753151584791 0.0041080829558171059 13.554999828338625 0.0094949334570126904 -0.0077842140185122579 0.02729978908146902 1.0000000180025095e-35 0.00023769852102906167 0.0076914611036220668 0.027544134222988518 13.525000095367433
decision_type=2 2 2 2 2 2 2 2 2 2 2 2 2 2 2 8 2 2 2 2 2 2 2 2 2 2 2 2 2 2
left_child=2 19 3 4 17 7 -7 -4 9 10 -3 12 -8 16 -15 -16 -14 -1 -6 -2 -21 22 25 -24 -23 -9 -25 28 -28 -30
right_child=1 8 5 -5 18 6 11 21 -10 -11 -12 -13 13 14 15 -17 -18 -19 -20 20 -22 24 23 26 -26 -27 27 -29 29 -31
leaf_value=2.1255318860205166e-05 7.7922295561879936e-06 1.23365273880197e-05 -0.00013034128551664333 0.00025351731316928009 0.00023876306503674172 0.00039295149729697514 -8.7821345939570784e-05 0.0003169774299041673 0.00010895026189068308 -0.00034330034850761924 0.00045363667961350706 -1.1082969632645196e-05 0.00023038150551422709 1.4727548949403939e-06 0.0004761518274770519 0.00017528696995951221 -3.9343076264938666e-05 -0.00011643359455885698 1.4211321153903133e-05 -0.00014057871946363608 0.00027048481373531262 -4.3294463675178415e-05 0.0001378277722365162 -9.5242621590752862e-05 -1.1631654725032207e-05 0.00011624641714221378 0.00024242845469992777 -2.4721225013043777e-05 5.0512634285674724e-06 0.00017842975446631236
leaf_weight=9091 132679 335 3292 716 116 314 873 152 33992 564 1087 11829 248 191 211 393 789 2081 89 196 285 84097 313 4716 37312 611 289 17743 5840 621
leaf_count=9091 132679 335 3292 716 116 314 873 152 33992 564 1087 11829 248 191 211 393 789 2081 89 196 285 84097 313 4716 37312 611 289 17743 5840 621
internal_value=-0.000117999 0.000426633 -0.000624345 0.000759529 0.000247428 -0.000722884 0.000549568 -0.000844787 0.00138585 0.0047432 0.00804501 0.000297921 0.00296673 0.00537118 0.00984277 0.0128808 0.0019431 3.0432e-05 0.0120732 0.000167467 0.00653846 -0.000785596 -6.8517e-05 -0.00032044 -0.000964468 0.0096789 -0.000426069 -5.369e-05 0.00185185 0.00100526
internal_weight=351065 169138 181927 12093 11377 169834 14848 154986 35978 1986 1422 14534 2705 1832 795 604 1037 11172 205 133160 481 151694 30285 29522 121409 763 29209 24493 6750 6461
internal_count=351065 169138 181927 12093 11377 169834 14848 154986 35978 1986 1422 14534 2705 1832 795 604 1037 11172 205 133160 481 151694 30285 29522 121409 763 29209 24493 6750 6461
is_linear=0
shrinkage=0.05


Tree=17
num_leaves=31
num_cat=0
split_feature=5 14 11 11 11 15 12 14 14 11 10 10 14 11 14 14 12 11 2 14 9 16 11 10 11 10 14 12 10 10
split_gain=36.8425 15.2709 16.8666 12.8902 27.0295 16.9087 10.6607 9.94062 48.6248 25.191 16.0478 46.2474 17.1126 16.6364 24.5868 20.9104 12.2663 28.8415 14.7772 12.1636 12.1268 11.4651 10.5732 12.1258 10.4205 9.7469 9.6562 13.0462 11.9495 13.4344
threshold=0.017525123720910956 0.02559063550932739 0.042684586959819588 0.025879886513439202 0.026267188685395574 0.01053366759828034 0.12951753151584791 0.0091478412114857095 0.0080830591469587282 0.01674728514662405 -0.0016341493086314272 -0.0022466027012056906 -0.036625775253692865 0.016276955956380904 0.004407866869301503 0.0037598780805861991 0.073733903664651171 0.0030141112553000453 0.090835214730129468 -0.10344834121785244 -0.37987835796095648 -0.020189690267161938 -0.024572919887126395 0.00090086479202544656 -0.026323618530511902 0.0081956619817711313 -0.086337752297859935 0.095724766601977276 0.0092143531748835068 0.009370850882597594
decision_type=2 2 2 2 2 2 2 2 2 2 2 2 2 2 2 2 2 2 2 2 10 2 2 2 2 2 2 2 2 2
left_child=1 3 -3 7 5 -5 -2 8 10 -10 11 -1 19 14 15 20 -14 18 -18 -12 -13 25 24 -24 -9 -19 -21 28 -28 -30
right_child=6 2 -4 4 -6 -7 -8 22 9 -11 12 13 16 -15 -16 -17 17 21 -20 26 -22 -23 23 -25 -26 -27 27 -29 29 -31
leaf_value=-2.6360634002262563e-05 4.8385075491193773e-05 5.3362156104416044e-06 0.00085856057304058587 0.00019405224621018742 7.004337416463384e-06 0.00043896896610918406 0.00023057428263594068 5.1533518256445316e-06 0.00031403957189026638 -8.9805616645406597e-05 -8.1297506826171693e-05 0.00022536145740162749 -6.5809291627967048e-05 -8.2318944994118622e-05 -1.7250184549221008e-06 0.00021848862734641573 0.00048477915642754725 -0.00011514477448576844 0.001321707839612803 5.5878598801374834e-05 0.00012554966237379606 -9.1230996537324143e-05 -0.00010547565397823122 -6.9022702597986417e-06 0.00025938378176227652 0.00032019321108570385 -3.1957491029959571e-05 0.00030990861300381602 0.00022123588392418815 2.2806409820897987e-05
leaf_weight=15830 93465 71869 234 384 19484 241 521 1123 1035 347 9596 260 60943 661 1093 369 337 41 220 5507 2082 1541 15296 6961 319 53 28971 537 723 10904
leaf_count=15830 93465 71869 234 384 19484 241 521 1123 1035 347 9596 260 60943 661 1093 369 337 41 220 5507 2082 1541 15296 6961 319 53 28971 537 723 10904
internal_value=-0.000119635 -0.000429463 0.000187716 -0.000670191 0.000524888 0.01076 0.000727448 -0.000816061 -0.00065686 0.00867583 -0.000749206 0.000550627 -0.000970195 0.00504479 0.00631703 0.00886942 -0.0015352 0.0021396 0.0119659 -0.000335895 0.00712639 -0.00120795 -0.00176358 -0.0020324 0.00238557 0.0157447 -2.35958e-06 -0.00026559 -0.000368 0.000986066
internal_weight=350947 256961 72103 184858 20109 625 93986 164749 141050 1382 139668 20295 119373 4465 3804 2711 63135 2192 557 56238 2342 1635 23699 22257 1442 94 46642 41135 40598 11627
internal_count=350947 256961 72103 184858 20109 625 93986 164749 141050 1382 139668 20295 119373 4465 3804 2711 63135 2192 557 56238 2342 1635 23699 22257 1442 94 46642 41135 40598 11627
is_linear=0
shrinkage=0.05


Tree=18
num_leaves=31
num_cat=0
split_feature=4 4 10 10 13 10 11 13 11 13 14 10 12 12 12 10 9 15 14 10 13 12 11 4 6 13 13 12 13 11
split_gain=36.0156 11.7955 10.3221 16.2648 27.7309 19.278 12.8545 12.0099 11.4281 17.9263 11.1142 8.71412 20.6181 8.67188 16.7012 9.46116 12.0817 10.4341 8.80972 11.9186 10.5301 19.5369 15.7812 8.39548 8.3125 8.26066 8.90258 29.5761 11.9826 11.6841
threshold=0.024224655677206618 0.052951685042053463 -0.0039079154947589392 -0.0050968471700204012 16.125000000000004 -0.0040528821834706621 -0.035697741943328191 13.050000190734865 0.025879886513439202 12.454999923706056 0.073559273058729127 0.025167554774320647 -0.018675976456826889 0.034486038730235487 0.032077134319751129 -0.00071790543685490416 -0.0056320425636567353 -0.0037673942377526299 0.045982054922578681 0.0050726899190508554 15.654999732971193 0.014344491575221776 0.030714770173313481 0.017607158078680966 1.9452811647603971 12.230000019073488 13.554999828338625 0.0094949334570126904 13.525000095367433 0.0064024073210000596
decision_type=2 2 2 2 2 2 2 2 2 2 2 2 2 2 2 2 10 2 2 2 2 2 2 2 2 2 2 2 2 2
left_child=2 24 3 7 -5 10 -4 -1 25 23 -6 -3 -13 14 15 16 17 -11 19 -17 -21 22 -22 -10 -2 -8 27 -27 -29 -30
right_child=1 11 6 4 5 -7 8 -9 9 13 -12 12 -14 -15 -16 18 -18 -19 -20 20 21 -23 -24 -25 -26 26 -28 28 29 -31
leaf_value=9.1034912282144992e-05 1.2427910583520105e-05 0.00017585731826781365 0.00015976303725973679 -6.4774804310215652e-05 8.6938616882567475e-05 0.00017404791321055948 -0.00011480115375740624 -1.7548232808030736e-05 0.00011739990783577236 6.6732862293160199e-05 0.00017735963481109386 0.0012444623220603424 -0.0006921954074040359 -5.4465857770346791e-05 0.00019279072387956372 -8.9071907610902465e-05 -1.5902085173072474e-05 0.00041451872192967078 0.00026831657380760554 -4.4057974456324831e-05 0.0002450517003480108 0.00019437819896126759 -0.00010193673490276944 0.00050245177598411388 0.00012847362889043096 0.00015824180478283769 -3.9200690003154945e-05 -1.9047445621517547e-05 0.00022667465584013787 2.9469676633221477e-05
leaf_weight=963 131182 12075 720 2832 4084 272 3410 35789 174 230 489 219 169 5866 1027 3626 512 250 427 1780 290 615 1033 155 10078 826 103978 26794 313 639
leaf_count=963 131182 12075 720 2832 4084 272 3410 35789 174 230 489 219 169 5866 1027 3626 512 250 427 1780 290 615 1033 155 10078 826 103978 26794 313 639
internal_value=-0.000119679 0.000453965 -0.000567091 0.000103647 0.00219682 0.00449432 -0.000762291 -0.000333588 -0.000793874 0.000470753 0.00372512 0.00192851 0.00930412 0.000228026 0.00113892 0.000431929 0.00503024 0.0107292 -0.000155065 -0.000561003 0.00142819 0.00397833 0.000555554 0.0120213 0.00032387 -0.000942558 -0.000880046 -9.83492e-05 -0.000375911 0.00513655
internal_weight=350817 153723 197094 44429 7677 4845 152665 36752 151945 15985 4573 12463 388 15656 9790 8763 992 480 7771 7344 3718 1938 1323 329 141260 135960 132550 28572 27746 952
internal_count=350817 153723 197094 44429 7677 4845 152665 36752 151945 15985 4573 12463 388 15656 9790 8763 992 480 7771 7344 3718 1938 1323 329 141260 135960 132550 28572 27746 952
is_linear=0
shrinkage=0.05


Tree=19
num_leaves=31
num_cat=0
split_feature=4 4 13 12 13 14 11 12 11 11 11 13 10 11 10 10 12 15 3 10 14 10 11 10 5 10 3 11 12 14
split_gain=33.9257 14.0732 11.291 23.6045 13.4503 8.08725 30.8608 12.6244 19.0741 30.8687 70.0566 22.2191 23.2828 15.1278 21.0184 17.7124 11.163 10.9377 10.4602 9.82087 18.3233 12.7852 12.2442 28.8084 11.7778 27.3107 11.0148 11.0029 18.2149 28.9402
threshold=0.033151209012855842 0.020546053987200805 39.645000457763679 -0.075828258528587975 24.630000114440922 0.032869961540085708 0.042684586959819588 -0.007281546892151213 0.014617702220924735 0.010209194758885378 0.010391715368283873 18.214999198913578 -0.0029934085869046663 -0.014346854625401638 -0.007321192598677361 -0.0070427496323355867 0.12951753151584791 0.005706309726919768 -0.002601923465395672 0.0079281319106555576 0.009860755526874045 0.010824112764753148 0.042684586959819588 0.018351280015906694 0.026616043485561122 0.0070711617460903495 0.0049726762946361589 -0.010991010281678202 -0.0041728590088926923 -0.12635401997537379
decision_type=2 2 2 2 2 2 2 2 2 2 2 2 2 2 2 2 2 2 2 2 2 2 2 2 2 2 2 2 2 2
left_child=1 -1 3 4 -2 16 7 -7 9 13 17 -12 -13 14 -9 -16 19 -11 -8 24 21 27 -23 -24 -3 -26 -25 -21 -29 -30
right_child=2 5 -4 -5 -6 6 18 8 -10 10 11 12 -14 -15 15 -17 -18 -19 -20 20 -22 22 23 26 25 -27 -28 28 29 -31
leaf_value=-2.3657243109202939e-05 -1.3852284700139293e-05 -2.463378685128204e-05 -0.00042195025159270797 6.6802654884144135e-05 0.00031579955065855761 -3.4278860922093868e-05 0.0012518326134835574 5.291812127334225e-05 -9.1674309182832701e-05 0.0012027797367958793 -4.9373175806662422e-06 0.00015597227979693935 0.00067535048310544661 1.6978690656712664e-05 0.00051149767968339634 0.00013975620244980754 0.00021509896972472374 0.00054417893002869997 0.00037116426225414537 -0.00011577576360861076 0.00056643714763174042 -5.0646775652517045e-05 -0.00010348580192747611 0.00015354982440174558 -8.5357120731633529e-05 0.00047020174948438016 0.00056435817516863735 0.00023840706249654575 0.00048247082571255289 3.4216524577684438e-05
leaf_weight=131199 557 89095 1164 59372 1504 12843 128 3467 4733 207 1060 360 197 15779 212 1437 277 42 86 1888 299 12902 497 93 216 109 189 1849 199 9316
leaf_count=131199 557 89095 1164 59372 1504 12843 128 3467 4733 207 1060 360 197 15779 212 1437 277 42 86 1888 299 12902 497 93 216 109 189 1849 199 9316
internal_value=-0.000102855 -0.000331667 0.000952361 0.0010448 0.00630519 -1.30187e-05 0.000595422 0.000494954 0.00109951 0.00170006 0.00786174 0.00405999 0.0121454 0.0011498 0.00351251 0.00815949 -0.000224026 0.0325502 0.0195327 -0.000247832 0.000583504 0.000446848 -0.000625321 0.00546213 -0.000501008 0.009 0.0182269 0.00155373 0.00214097 0.00125854
internal_weight=351276 288679 62597 61433 2061 157480 40551 40337 27494 22761 1866 1617 557 20895 5116 1649 116929 249 214 116652 27232 26933 13681 779 89420 325 282 13252 11364 9515
internal_count=351276 288679 62597 61433 2061 157480 40551 40337 27494 22761 1866 1617 557 20895 5116 1649 116929 249 214 116652 27232 26933 13681 779 89420 325 282 13252 11364 9515
is_linear=0
shrinkage=0.05


Tree=20
num_leaves=31
num_cat=0
split_feature=4 11 11 15 5 12 16 13 12 14 13 13 13 14 14 13 14 14 11 1 13 9 3 0 1 13 11 13 11 12
split_gain=30.5691 11.2063 17.956 11.9245 10.8239 9.52883 10.1463 9.40153 7.9672 14.8243 7.6553 7.37913 8.10805 24.6728 27.1777 12.598 11.3099 10.8228 13.6343 8.93757 8.86106 8.58265 8.29556 6.96636 6.92379 6.83937 6.82253 14.3994 12.8607 14.5625
threshold=0.026610493695675277 -0.022075871244429331 -0.022354679901405047 0.0025922442683476992 0.031276936576131224 0.0011335726897910849 -0.01930374431693593 22.285000801086429 -0.0800835440536906 0.035592479952137442 12.119999885559084 39.645000457763679 25.505000114440922 -0.014609583018452553 0.082844690184075601 26.85000038146973 0.26245601507157795 0.17907813454888047 -0.020944114247125386 0.013925488601598037 24.695000648498539 -0.17444329312796428 0.0034772881734362886 0.023789585022534258 -0.035003607471661417 35.690000534057624 0.025879886513439202 12.454999923706056 0.028348457070928038 0.014776442004869829
decision_type=2 2 2 2 2 2 2 2 2 2 2 2 2 2 2 2 2 2 2 2 2 10 2 2 2 2 2 2 2 2
left_child=1 2 5 -4 11 -1 7 -7 9 -6 -3 12 16 25 15 19 20 18 -16 -15 -2 24 -18 -22 -20 -14 -12 -28 29 -29
right_child=4 10 3 -5 8 6 -8 -9 -10 -11 26 -13 13 14 17 -17 22 -19 21 -21 23 -23 -24 -25 -26 -27 27 28 -30 -31
leaf_value=-3.9478912817215467e-06 2.0173207264596319e-05 -0.00012440065772670417 7.7568475834059194e-05 0.00046319001792985697 0.0011747720481164927 9.8962573634794036e-05 5.499718546049821e-06 0.00021702374734921235 0.000175878104355644 5.4561435598848965e-05 -2.2096732987699735e-05 -0.00035982179891315034 -0.00018660335583333874 0.00075115124180614979 5.2109732549328542e-05 0.00023621918898936541 0.00026237287724682447 -0.00013181729551634526 0.00033136578561233454 0.0018783921834667529 -0.00022374298553518902 0.00060250169090345659 0.00088154806124937147 0.00025485835775407035 -4.5449604182273037e-05 0.00014720066559372919 0.00038153760646090584 -8.5882341796324671e-05 -1.5414995215209703e-05 0.00016171625409078686
leaf_weight=13637 96085 2728 656 317 218 560 1085 375 11953 338 190464 1168 2681 246 1686 1016 315 1104 108 138 2405 219 67 228 158 282 346 1169 16511 2379
leaf_count=13637 96085 2728 656 317 218 560 1085 375 11953 338 190464 1168 2681 246 1686 1016 315 1104 108 138 2405 219 67 228 158 282 346 1169 16511 2379
internal_value=-0.000118812 -0.000456442 0.000793745 0.00738438 0.000526719 0.000384172 0.00358911 0.00740642 0.00191902 0.00776978 -0.000553778 0.000365317 0.000408569 0.00197827 0.00424064 0.0100714 0.000287587 0.00174809 0.00379779 0.0177865 0.00025436 0.0111856 0.00887434 -0.00260729 0.00515037 -0.00159129 -0.000519731 0.000349178 0.000174733 0.00290586
internal_weight=350642 230227 16630 973 120415 15657 2020 935 12509 556 213597 107906 106738 7638 4675 1400 99100 3275 2171 384 98718 485 382 2633 266 2963 210869 20405 20059 3548
internal_count=350642 230227 16630 973 120415 15657 2020 935 12509 556 213597 107906 106738 7638 4675 1400 99100 3275 2171 384 98718 485 382 2633 266 2963 210869 20405 20059 3548
is_linear=0
shrinkage=0.05


Tree=21
num_leaves=31
num_cat=0
split_feature=4 4 8 13 13 14 14 13 10 12 10 14 13 12 12 16 14 14 15 13 13 10 10 14 13 13 10 10 14 12
split_gain=28.6331 14.1197 7.60103 16.9486 8.97519 8.4485 16.1293 45.8976 37.0338 11.2985 9.99083 16.5766 10.2565 23.3988 27.6822 13.2733 12.8599 24.3511 19.8825 12.2023 67.4018 22.5641 11.8102 10.2257 24.1022 11.0949 19.324 29.6037 27.8825 63.5796
threshold=0.020899033944531409 0.039316687440279226 -0.15696942580290804 26.284999847412113 26.85000038146973 0.040467463007027978 0.042306243871835354 16.095000267028812 -0.0010954591841218495 0.12951753151584791 0.0079281319106555576 0.009860755526874045 17.394999504089359 -0.0041728590088926923 -0.014960350168733092 -0.0013935839223913613 -0.053534792570075034 -0.037220785866969024 0.0059251602195278261 15.574999809265138 15.75500011444092 0.0085213426073622606 0.012161923601447857 -0.086337752297859935 17.32499980926514 17.914999961853031 0.0025149873033184504 0.002139856175938371 -0.0054293361358405115 -0.011160123859114189
decision_type=2 2 10 2 2 2 2 2 2 2 2 2 2 2 2 2 2 2 2 2 2 2 2 2 2 2 2 2 2 2
left_child=-1 2 3 -2 -5 9 7 8 -7 10 23 12 13 14 15 -12 -14 18 -18 -15 -21 -22 -20 24 -4 -25 27 -27 -28 -30
right_child=1 -3 5 4 -6 6 -8 -9 -10 -11 11 -13 16 19 -16 -17 17 -19 22 20 21 -23 -24 25 -26 26 28 -29 29 -31
leaf_value=-2.2160502054606054e-05 -0.00010516906004149479 0.00010008972603958716 0.00025376884862103523 0.00037020289351626041 -0.00025531244695403433 4.198576106122592e-05 2.8704149252600278e-05 -1.8896599392775529e-07 0.0011087974473365202 0.00020631773083554852 0.00030569603115530858 0.00054746568817918141 -6.2694573239654563e-05 -2.3670758328721942e-05 0.00039905483080895454 -2.3447759445197966e-05 4.5249145031452417e-05 -9.4757146803240192e-05 0.00060668833874066429 0.00051577515999852452 0.0003284855902608041 -4.9080543051850759e-05 0.00021625501192803554 -3.4157818096345982e-05 -4.8608882100584734e-05 5.5972164490452088e-05 -0.00014506696345978806 0.00045607508451041246 -0.00029414580732180896 0.00036866875827564751
leaf_weight=138094 8681 36014 1107 283 124 185 35907 975 251 342 586 293 10020 8077 719 1197 587 1814 310 511 988 4133 331 69820 1702 17661 8352 439 799 621
leaf_count=138094 8681 36014 1107 283 124 185 35907 975 251 342 586 293 10020 8077 719 1197 587 1814 310 511 988 4133 331 69820 1702 17661 8352 439 799 621
internal_value=-0.000107475 0.000256331 7.25322e-05 -0.00133583 0.00863636 0.000148842 0.000812207 0.00605599 0.0195413 -4.09876e-05 -6.48524e-05 0.000743082 0.000624636 0.00146474 0.00591127 0.00257151 -0.000418008 0.00242932 0.00786645 0.000653219 0.00243963 0.000711774 0.0139548 -0.000302535 0.00267177 -0.000388058 0.000455294 0.00142265 -0.00133647 0.00514084
internal_weight=350923 212829 176815 9088 407 167727 37318 1411 436 130409 130067 29566 29273 16211 2502 1783 13062 3042 1228 13709 5632 5121 641 100501 2809 97692 27872 18100 9772 1420
internal_count=350923 212829 176815 9088 407 167727 37318 1411 436 130409 130067 29566 29273 16211 2502 1783 13062 3042 1228 13709 5632 5121 641 100501 2809 97692 27872 18100 9772 1420
is_linear=0
shrinkage=0.05


Tree=22
num_leaves=31
num_cat=0
split_feature=4 13 12 8 10 10 9 11 11 14 10 10 12 9 14 12 12 8 14 13 14 14 10 15 0 8 2 8 15 16
split_gain=26.3604 9.49309 20.0904 18.1856 18.1066 31.6001 19.6812 17.2226 20.1522 14.2419 19.8144 37.1652 16.6786 14.9675 13.849 19.8713 13.7988 11.8034 11.5165 11.0715 11.8913 11.0622 16.6213 10.5118 10.2529 9.41455 9.39485 9.10715 9.45621 8.83742
threshold=0.030222768697857855 19.585000038146976 -0.007281546892151213 -0.10582332433559154 0.013109339753378581 0.012020737458552368 -0.23190632336193648 -0.019339519449168837 -0.010447917606839994 0.15522193331306103 -0.0019060348460245289 -0.00018001810557455308 0.073733903664651171 0.049480626602445905 -0.048976395362543328 0.0011335726897910849 -0.059602846746386766 0.023544229666168096 -0.033055750463650273 25.505000114440922 0.17907813454888047 -0.014609583018452553 -0.0014592383155322961 -0.00039914520971273676 -0.018083584058709187 -0.036124511437840949 0.061573168511801064 0.033744845404883879 -0.0080850484308531683 0.008358210249323152
decision_type=2 2 2 10 2 2 10 2 2 2 2 2 2 10 2 2 2 10 2 2 2 2 2 2 2 10 2 10 2 2
left_child=1 16 19 -4 5 6 14 -8 -9 10 -10 12 23 26 -5 27 25 -7 29 -3 21 -21 -23 -12 -11 -1 -14 28 -16 -13
right_child=-2 2 3 4 -6 17 7 8 9 24 11 18 13 -15 15 -17 -18 -19 -20 20 -22 22 -24 -25 -26 -27 -28 -29 -30 -31
leaf_value=0.00037160476130385827 4.6551295550207512e-05 -5.6861300062935711e-05 -9.3877630818473625e-05 -6.4074054726706548e-05 -0.0002894346149556336 0.0012217447003494393 0.00015659346657502784 -7.5923890376341379e-05 -9.4762444464852535e-05 0.00038285901196705391 0.00018432809144797079 -1.6337921437922341e-05 0.0015698658246440676 0.00081264931021900882 0.00056684244143989594 8.0402862609311285e-05 -1.871449768093229e-05 0.0022479869305581462 -0.00010990888013529828 -0.00013564667993452739 -0.00017694529198555251 7.8962926781124182e-05 0.00045716840198383113 2.8011731392389483e-05 0.00013995763096079456 0.00013954651429439537 0.0018166084673789974 7.2814683995481373e-05 0.00022123735870873846 0.00014592836409407011
leaf_weight=68 83088 18061 2912 248 928 199 1908 3912 2129 181 865 1027 84 84 104 402 224434 139 1559 817 1074 2711 550 562 548 162 101 151 529 1184
leaf_count=68 83088 18061 2912 248 928 199 1908 3912 2129 181 865 1027 84 84 104 402 224434 139 1559 817 1074 2711 550 562 548 162 101 151 529 1184
internal_value=-0.000129748 -0.000371275 0.000309641 0.00148157 0.00211232 0.00250817 0.00218 0.00161411 0.000925138 0.00231619 0.00167544 0.0032693 0.00941627 0.0208364 0.00776151 0.0100084 -0.000501506 0.0176331 0.000503978 -0.000687762 0.00135675 0.0025895 0.00389298 0.00726349 0.00899177 0.0117391 0.0287838 0.0146429 0.0172749 0.00282451
internal_weight=350721 267633 42969 19756 16844 15916 15578 14144 12236 8324 7595 5466 1696 269 1434 1186 224664 338 3770 23213 5152 4078 3261 1427 729 230 185 784 633 2211
internal_count=350721 267633 42969 19756 16844 15916 15578 14144 12236 8324 7595 5466 1696 269 1434 1186 224664 338 3770 23213 5152 4078 3261 1427 729 230 185 784 633 2211
is_linear=0
shrinkage=0.05


Tree=23
num_leaves=31
num_cat=0
split_feature=4 5 10 10 13 10 13 13 11 10 11 12 13 10 14 16 10 14 11 13 14 14 9 10 10 12 14 11 2 13
split_gain=25.2102 10.1971 8.27964 11.2297 21.7447 16.0747 12.3697 8.17961 9.26627 33.3086 15.0751 26.1924 10.1485 9.72787 9.11346 9.78621 8.84075 7.65005 7.54611 7.53097 25.6479 28.7219 13.9894 9.58334 21.4212 23.905 19.101 33.8422 17.7013 15.8304
threshold=0.023457144438746576 0.031276936576131224 -0.0039079154947589392 -0.0050968471700204012 16.125000000000004 -0.0040528821834706621 13.050000190734865 39.645000457763679 -0.023324981642921735 -0.00032910351187348525 -0.026323618530511902 -0.017557998492747081 21.555000305175785 -0.017312000709356064 0.094478150147642728 -0.02953944961061605 -0.0045587761694280129 0.073559273058729127 -0.035697741943328191 25.505000114440922 -0.003811601511204465 0.12392426755799714 -0.16905858676414628 0.0079281319106555576 0.010824112764753148 -0.031579620804691948 -0.086337752297859935 0.0078505444899201766 -0.066083938706518616 12.434999942779543
decision_type=2 2 2 2 2 2 2 2 2 2 2 2 2 2 2 2 2 2 2 2 2 2 10 2 2 2 2 2 2 2
left_child=2 7 3 6 -5 17 -1 8 9 10 14 16 -13 -10 15 -2 -12 -6 -4 23 -21 22 -22 26 25 28 27 -15 -25 -26
right_child=1 -3 18 4 5 -7 -8 -9 13 -11 11 12 -14 19 -16 -17 -18 -19 -20 20 21 -23 -24 24 29 -27 -28 -29 -30 -31
leaf_value=9.4977592757683211e-05 0.00019322599610755017 0.00017548211080857079 0.0001449048222803932 -5.955109800510454e-05 7.7248619254376892e-05 0.00015270519791270225 -1.5230993079669664e-05 -0.0003936259960525153 -0.00035238513398550214 -0.0002076160038404774 -0.00042871149008174729 0.00027149080024843083 0.00046222950161915044 -2.1930133558262474e-05 -1.218290883815821e-05 2.114061455721989e-05 0.00012706797347844997 0.00017464341140211096 -2.5092579455650061e-05 -9.3299776927939873e-05 0.00013355907451591836 -2.2347171188327001e-05 0.00071267021897653991 0.00086597625668840379 0.00091679478641378757 0.00011603624363366108 -1.1000240113263167e-05 0.00038047478112749624 0.00019993769943095282 -2.916189783147915e-05
leaf_weight=912 2339 12531 616 2669 3791 244 33428 1301 1783 3258 512 985 698 1282 3276 1966 560 435 142826 2206 423 904 806 214 104 12001 104195 839 232 13653
leaf_count=912 2339 12531 616 2669 3791 244 33428 1301 1783 3258 512 985 698 1282 3276 1966 560 435 142826 2206 423 904 806 214 104 12001 104195 839 232 13653
internal_value=-0.000119221 0.000327937 -0.000520791 0.000101375 0.00190573 0.00403803 -0.000273734 0.000216005 0.000249743 0.00149551 0.00288506 0.00605263 0.00994355 0.000127594 0.00173394 0.00324622 -5.59713e-05 0.00331756 -0.000700703 0.000175398 0.00222517 0.00613455 0.0111107 0.000108284 0.000964737 0.00246766 -0.000102808 0.00459453 0.0138341 -0.000395073
internal_weight=350989 166068 184921 41479 7139 4470 34340 153537 152236 13594 10336 2755 1683 138642 7581 4305 1072 4226 143442 136859 4339 2133 1229 132520 26204 12447 106316 2121 446 13757
internal_count=350989 166068 184921 41479 7139 4470 34340 153537 152236 13594 10336 2755 1683 138642 7581 4305 1072 4226 143442 136859 4339 2133 1229 132520 26204 12447 106316 2121 446 13757
is_linear=0
shrinkage=0.05


Tree=24
num_leaves=31
num_cat=0
split_feature=5 6 8 13 13 11 11 11 11 11 14 11 10 10 14 5 13 8 16 13 16 7 13 11 3 15 11 13 14 13
split_gain=21.4958 12.7829 9.77288 12.1781 18.8445 33.0871 51.8201 25.0065 18.2997 14.1925 20.1712 23.2376 16.1503 53.7852 11.5316 11.4629 10.6796 10.617 10.4037 9.65105 12.4839 9.55575 12.3821 12.2885 8.81872 8.16655 7.76773 14.5706 25.5916 10.3255
threshold=0.021200725674586716 1.6463718696922085 inf 19.814999580383304 20.555000305175785 -0.0065367397500866167 -0.0095679120508195808 -0.016025846447031252 -0.017686131484892616 0.014617702220924735 0.066086361924944784 0.016558544253032163 -0.0012572385131596751 -0.0012922180120633062 0.064981322620702234 0.014910416178917798 26.494999885559086 0.0040662875181695099 0.019870564954495688 18.214999198913578 0.034093296644829081 -0.031067072945352932 24.119999885559086 0.035554574411001412 0.0032037363948246305 -0.010094371169183323 -0.023324981642921735 23.409999847412113 0.02729978908146902 20.865000724792484
decision_type=2 2 8 2 2 2 2 2 2 2 2 2 2 2 2 2 2 10 2 2 2 2 2 2 2 2 2 2 2 2
left_child=1 2 3 24 5 6 7 8 -5 12 11 -11 13 26 -8 -15 19 -10 -12 20 -4 22 -13 -24 -1 -16 27 28 -6 -28
right_child=-2 -3 16 4 9 -7 14 -9 17 10 18 21 -14 15 25 -17 -18 -19 -20 -21 -22 -23 23 -25 -26 -27 29 -29 -30 -31
leaf_value=-2.5492497628822205e-05 6.3602735458296347e-05 3.9468710539989146e-05 5.0647626371316683e-05 0.00011058143927131442 -0.0003310393593534438 -3.6870755333041113e-05 0.0010961336378814449 -0.0001900519659425737 0.00053198171685557843 0.00015633695833102917 0.00012663771140227083 -2.7402348860891936e-05 -9.9904804290398683e-05 0.0008543804851086933 0.00028189091270145296 0.0018411060821452467 0.00025977172275720272 0.00011825882261562248 0.0011976984780196986 -0.00012041735458400282 0.00045430123180249977 -7.2906216535906782e-05 0.0007301500637967571 -0.00016241692503603177 -4.0424027365153029e-07 0.00017496515807878746 0.00010232583013430341 -1.8062433954243092e-05 0.0001683537920281689 -7.1036081123441964e-05
leaf_weight=157746 51324 26070 251 1329 622 3641 692 1547 189 713 96 279 10040 99 133 209 268 145 215 9082 82 2382 121 58 67229 616 1395 4288 1945 8156
leaf_count=157746 51324 26070 251 1329 622 3641 692 1547 189 713 96 279 10040 99 133 209 268 145 215 9082 82 2382 121 58 67229 616 1395 4288 1945 8156
internal_value=-0.000146057 -0.000308006 -0.000408821 -0.000351575 0.000465175 0.00257959 0.00537411 0.00183801 0.00609441 -0.000107454 0.00272515 0.00165635 -0.000516559 0.000435562 0.0132512 0.0211364 -0.00196892 0.0165569 0.0149357 -0.00224907 0.00611111 -0.00036972 0.00624454 0.0165084 -0.000492834 0.00895193 4.69329e-05 0.00133114 0.00431048 -0.000874779
internal_weight=350962 299638 273568 263885 38910 8292 4651 3210 1663 30618 3864 3553 26754 16714 1441 308 9683 334 311 9415 333 2840 458 179 224975 749 16406 6855 2567 9551
internal_count=350962 299638 273568 263885 38910 8292 4651 3210 1663 30618 3864 3553 26754 16714 1441 308 9683 334 311 9415 333 2840 458 179 224975 749 16406 6855 2567 9551
is_linear=0
shrinkage=0.05


Tree=25
num_leaves=31
num_cat=0
split_feature=5 6 12 16 10 10 14 14 13 12 13 14 12 13 16 14 14 10 12 12 13 12 12 14 16 9 8 10 10 10
split_gain=19.0771 12.481 10.4162 9.0008 9.04046 19.0754 15.0143 14.2218 17.4679 13.4389 26.3086 21.6714 14.9302 12.6574 12.6083 12.283 16.5401 12.5361 21.1036 11.4326 22.2519 17.6477 42.1927 17.2077 13.9562 18.1467 12.324 11.4075 43.6763 69.3686
threshold=0.021200725674586716 1.6463718696922085 0.12951753151584791 -0.03177248154188627 0.0079281319106555576 0.010824112764753148 0.02559063550932739 -0.086337752297859935 17.32499980926514 0.0048491257127185614 16.935000419616703 -0.12635401997537379 0.025521160306696159 12.434999942779543 -0.0016578089979340513 0.033484849976317961 0.035592479952137442 -0.0047915944000584956 0.014938847679140889 0.032443488096438274 14.119999885559084 0.0061045845958173093 0.0062346359643689073 -0.077913276979976895 0.0098375740182593558 0.031182706551398324 0.016847838434869148 0.000540884636322292 -0.0010954591841218495 -0.00045040499871334955
decision_type=2 2 2 2 2 2 2 2 2 2 2 2 2 2 2 2 2 2 2 2 2 2 2 2 2 8 10 2 2 2
left_child=1 3 -2 -1 7 6 9 8 -5 10 -6 14 -13 -7 -11 -9 17 -17 -19 20 -15 -22 26 -24 -25 -26 -23 28 -18 -30
right_child=2 -3 -4 4 5 13 -8 15 -10 11 -12 12 -14 19 -16 16 27 18 -20 -21 21 22 23 24 25 -27 -28 -29 29 -31
leaf_value=3.2349094027682828e-05 5.5027558432977344e-05 3.7461422792339386e-05 0.00022396190315309992 0.00017687262984982758 0.000236132204912628 0.00034787075398593794 0.00024278172408387163 -3.3467118488779948e-05 -4.4916032949373144e-05 -8.2806201202914484e-05 2.0324926289477972e-05 -8.9549384576298303e-05 3.2905107050338602e-05 0.00014631188260359231 0.00037300765663362368 -8.5170269943374782e-05 -1.1817878683634268e-05 0.00053523079130154852 7.3876976366306227e-05 -0.00012472672492610992 -7.876260340301034e-05 0.00111444511836038 -9.0990346568204156e-05 -9.6680464507096296e-05 0.00032929547329507041 9.2584776764252237e-05 0.0020597106909466469 -9.6800949853114086e-05 0.00086310672793958967 0.00010643919872271784
leaf_weight=15461 50978 26001 333 1501 1640 323 738 151956 1382 89 2927 4941 12146 659 250 552 48425 349 1068 6666 8192 195 2681 750 458 1049 171 6169 340 2371
leaf_count=15461 50978 26001 333 1501 1640 323 738 151956 1382 89 2927 4941 12146 659 250 552 48425 349 1068 6666 8192 195 2681 750 458 1049 171 6169 340 2371
internal_value=-0.000140567 -0.000293205 0.000750228 -0.000392744 -0.000462968 0.000190882 0.00119638 -0.000596952 0.00289108 0.000960986 0.0033753 0.000328244 7.98841e-05 -0.000890088 0.0128466 -0.000644559 -3.40802e-05 0.00447181 0.00696189 -0.00104246 -0.000238433 -0.000676498 0.00157051 0.000356418 0.00357333 0.00634705 0.0179508 -0.000188903 5.61237e-05 0.00623202
internal_weight=350761 299450 51311 273449 257988 43875 22731 214113 2883 21993 4567 17426 17087 21144 339 211230 59274 1969 1417 20821 14155 13496 5304 4938 2257 1507 366 57305 51136 2711
internal_count=350761 299450 51311 273449 257988 43875 22731 214113 2883 21993 4567 17426 17087 21144 339 211230 59274 1969 1417 20821 14155 13496 5304 4938 2257 1507 366 57305 51136 2711
is_linear=0
shrinkage=0.05


Tree=26
num_leaves=31
num_cat=0
split_feature=4 5 13 8 13 13 7 10 10 14 13 14 10 11 11 13 9 10 10 7 11 11 14 10 14 13 10 13 3 11
split_gain=19.0136 9.80285 7.80038 7.64501 12.9478 13.4364 9.74678 8.58316 28.072 33.3127 47.7901 41.9714 34.0919 20.7539 11.9501 24.5062 17.2749 18.9665 17.2012 15.8002 13.479 15.9571 13.1729 25.9057 12.9906 12.2753 38.7612 29.9776 12.6237 12.3212
threshold=0.023457144438746576 0.032102927618076066 39.645000457763679 inf 26.494999885559086 18.214999198913578 0.03981836604594325 -0.00090813220521157579 -0.0012922180120633062 -0.026455746255632236 21.82499980926514 0.041398643260536445 -0.0010954591841218495 -0.023324981642921735 0.014617702220924735 14.920000076293947 0.62090514755908122 0.0054484858672928524 0.011768344004807198 -0.083620129870631429 0.017472461780978502 0.01674728514662405 0.066086361924944784 0.0022328868061483047 -0.083456210331023115 16.260000228881839 0.018351280015906694 15.944999694824221 0.0049726762946361589 0.035554574411001412
decision_type=2 2 2 8 2 2 2 2 2 2 2 2 2 2 2 2 8 2 2 2 2 2 2 2 2 2 2 2 2 2
left_child=-1 2 3 7 5 6 -5 8 13 -10 11 -11 -13 -2 -9 -16 20 -18 19 -19 21 24 25 -24 -17 26 27 -22 -28 -27
right_child=1 -3 -4 4 -6 -7 -8 14 9 10 -12 12 -14 -15 15 16 17 18 -20 -21 22 -23 23 -25 -26 29 28 -29 -30 -31
leaf_value=-1.6189304519189782e-05 0.00011191030721844342 0.00018220683471974777 -0.00037298942643573872 -3.0502651366609779e-05 0.0004480188443918994 -0.00015776369892905038 0.00060807370390720812 -2.6572911282862988e-05 -5.3463086505583851e-05 -0.00030374418786794082 0.0021719578375069405 0.00015725256654488612 0.0012374145083379774 4.2758601225937726e-06 -5.797113048514901e-05 0.00027370245973963375 -0.00011991466821187815 0.0011620522792596679 7.8351401278262296e-05 0.00025475470091467249 -5.432717825797723e-05 0.00035617079833001201 0.0013381944665469304 -9.2266592713644225e-05 -9.21563031042763e-06 5.1321003215954032e-05 0.00013099752203216133 0.00048331453627965088 0.00088049429555489838 -0.00011144792438340364
leaf_weight=184753 9233 11118 1348 154 242 6036 149 57151 970 515 299 210 219 44342 11716 343 794 97 866 1423 2206 1065 292 305 1738 6972 56 430 191 5552
leaf_count=184753 9233 11118 1348 154 242 6036 149 57151 970 515 299 210 219 44342 11716 343 794 97 866 1423 2206 1065 292 305 1738 6972 56 430 191 5552
internal_value=-0.000126076 0.000262237 0.000159313 0.000192554 -0.0014747 -0.00190803 0.00836634 0.000267203 0.000755717 0.00627429 0.0116935 0.00617585 0.0177273 0.000527764 -3.1636e-05 0.000709921 0.00168159 0.00509434 0.00732188 0.0105263 0.00111488 0.0041068 0.000526742 0.00781407 0.00155935 0.000244368 0.00318592 0.00141123 0.0221255 -0.00043277
internal_weight=350785 166032 154914 153566 6581 6339 303 146985 55788 2213 1243 944 429 53575 91197 34046 22330 3180 2386 1520 19150 3146 16004 597 2081 15407 2883 2636 247 12524
internal_count=350785 166032 154914 153566 6581 6339 303 146985 55788 2213 1243 944 429 53575 91197 34046 22330 3180 2386 1520 19150 3146 16004 597 2081 15407 2883 2636 247 12524
is_linear=0
shrinkage=0.05


Tree=27
num_leaves=31
num_cat=0
split_feature=4 5 13 11 14 10 15 12 10 14 14 11 11 10 10 11 11 11 12 12 10 12 15 15 15 14 10 10 13 10
split_gain=17.207 8.69709 7.91699 7.72587 15.4548 22.6601 11.2579 10.835 9.69188 27.4713 16.9014 13.3611 22.2752 13.2874 16.656 11.2627 8.76778 13.7841 17.2771 11.3078 10.5533 10.1107 9.67663 10.0424 8.45852 8.3648 16.661 8.37193 7.96251 26.6411
threshold=0.025440574914310014 0.031276936576131224 39.645000457763679 -0.0071058525984615808 0.15522193331306103 -0.011231034779129566 -0.0080850484308531683 0.054230156972347017 -0.007321192598677361 0.057010542427024198 0.060125948457031016 -0.0088251851150741283 -0.0086028412340181642 0.0025149873033184504 0.0012830782027211109 -0.018933326059028085 1.0000000180025095e-35 0.0015109510563884323 0.05549664954164369 0.073733903664651171 -0.0043931743596038455 0.029689605968967085 -0.012884295833267721 -0.016197999899494216 0.029687662870605206 -0.048564324883399894 0.0043510585935800936 0.0053677065009906108 13.585000038146974 0.009886389915227169
decision_type=2 2 2 2 2 2 2 2 2 2 2 2 2 2 2 2 2 2 2 2 2 2 2 2 2 2 2 2 2 2
left_child=3 2 -2 7 16 -6 -7 8 -1 11 -11 13 -13 14 -10 -16 19 18 20 22 21 -18 23 -5 -15 26 -22 -27 29 -19
right_child=1 -3 -4 4 5 6 -8 -9 9 10 -12 12 -14 24 15 -17 17 28 -20 -21 25 -23 -24 -25 -26 27 -28 -29 -30 -31
leaf_value=-2.7796324992114169e-05 1.2886327354938739e-05 0.00016854626168801302 -0.00033179417152251147 -4.7440608814881816e-05 -0.00019211079287380803 0.00027337053166185185 7.4743787558560507e-05 -0.00016582801799528251 9.0770739806493043e-07 0.00016154339337682514 9.6047728331016575e-05 0.0015738911922901463 5.2976995535627699e-05 -6.4846594521090299e-05 0.00048614426952942622 8.5614529982572691e-05 9.762826920521587e-06 -9.431744696105571e-06 0.0001621880901504059 0.0011736488520416597 0.00026599026655119205 0.00019259809367300673 -6.4006217272334344e-05 0.00012573377845850479 0.00032551524748168566 -7.3370822586049634e-05 -5.0099656972874888e-05 6.7455517523537625e-05 -2.8354178147566187e-05 0.00013209986032945023
leaf_weight=15782 122006 12490 1254 1155 368 320 222 1732 11757 290 3937 316 3294 9211 332 1687 1007 31642 1089 170 331 920 26745 1076 47 4550 428 871 93822 2140
leaf_count=15782 122006 12490 1254 1155 368 320 222 1732 11757 290 3937 316 3294 9211 332 1687 1007 31642 1089 170 331 920 26745 1076 47 4550 428 871 93822 2140
internal_value=-0.000124805 0.000316021 0.000188624 -0.000402829 -0.00056414 0.00593406 0.0124354 0.000153455 0.000297622 0.000812898 0.0045576 0.00021881 0.00304709 -0.000224452 0.000760016 0.00495542 -0.000599775 -0.000432019 0.00143758 -0.00138716 0.00064327 0.0038739 -0.00146259 0.00170103 -0.00168935 -0.000364079 0.00455204 -0.00105239 -0.000566755 9.14676e-05
internal_weight=350991 135750 123260 215241 166856 910 542 48385 46653 30871 4227 26644 3610 23034 13776 2019 165946 136800 9196 29146 8107 1927 28976 2231 9258 6180 759 5421 127604 33782
internal_count=350991 135750 123260 215241 166856 910 542 48385 46653 30871 4227 26644 3610 23034 13776 2019 165946 136800 9196 29146 8107 1927 28976 2231 9258 6180 759 5421 127604 33782
is_linear=0
shrinkage=0.05


Tree=28
num_leaves=31
num_cat=0
split_feature=4 6 4 11 11 11 10 13 10 10 10 12 12 11 11 12 12 15 15 11 16 12 10 13 12 13 15 15 15 12
split_gain=16.7612 9.98751 8.58099 7.85882 9.70291 29.7608 10.6305 14.0679 8.0816 12.3216 8.07865 11.0562 15.5639 14.1705 13.4697 10.8822 15.6722 15.0798 9.28927 8.68215 8.96001 8.46951 8.45272 12.5718 10.6189 9.07847 8.31937 9.48968 8.07676 7.87817
threshold=0.033151209012855842 1.5432457640453958 0.018367203668959029 0.049786162731180202 0.042684586959819588 0.044463646975978717 0.0047561334202744785 14.920000076293947 0.015021993582677752 0.0079281319106555576 0.010151792675436979 0.018619756704099325 -0.027034391534396515 -0.0083605121660306741 0.034492851689025945 -0.0041728590088926923 0.015760986994464269 0.0074947970442207365 0.020330174496159151 -0.0088251851150741283 -0.0076366982561871235 -0.005215251084133842 0.0090796012734996063 16.035000801086429 0.095724766601977276 15.574999809265138 0.01053366759828034 0.013441268631038896 0.0031517343273358427 -0.027034391534396515
decision_type=2 2 2 2 2 2 2 2 2 2 2 2 2 2 2 2 2 2 2 2 2 2 2 2 2 2 2 2 2 2
left_child=1 2 -1 4 8 -6 7 -7 9 -4 22 12 -12 19 -13 17 -17 28 -18 20 -14 -19 24 25 -11 -24 -27 -28 -15 -25
right_child=-2 -3 3 -5 5 6 -8 -9 -10 10 11 14 13 15 -16 16 18 21 -20 -21 -22 -23 23 29 -26 26 27 -29 -30 -31
leaf_value=-2.3908974069780468e-05 4.5937707683393105e-05 2.8789960726599964e-05 -1.2844514273215212e-05 -0.00019450720000373451 0.00052860781819353251 -8.0740192078630808e-05 -9.8668339944495457e-05 0.00022295102688615551 -7.844373154217442e-05 -3.4587161117559787e-06 -0.00015203187941365963 -9.1597512671965817e-05 0.00024783666197659347 0.00011487603034490841 0.00046207737847466082 -0.00010887282873925959 0.00012059993928573978 -5.2431135192117829e-05 0.00035037423551323882 0.0017577643585849558 -3.6640960364488565e-05 0.00027986079319522824 0.00014113992395700135 0.0001445156227019839 0.00043886586297573328 0.00019176821760978087 0.00051707758913843965 0.00016821507584535608 0.00039236200065646338 -2.1179371256941566e-05
leaf_weight=79766 62443 27048 146993 1755 489 587 1372 836 6535 4705 1706 5954 576 255 164 2035 334 546 88 232 300 80 2442 720 234 281 119 74 235 2159
leaf_count=79766 62443 27048 146993 1755 489 587 1372 836 6535 4705 1706 5954 576 255 164 2035 334 546 88 232 300 80 2442 720 234 281 119 74 235 2159
internal_value=-0.000123241 -0.000283939 -0.00037852 -0.000188829 -0.000156374 0.00253654 0.000545616 0.00357344 -0.000206403 -0.000140163 0.000929686 6.59724e-05 0.00152106 0.00301111 -0.00145309 0.00147915 -0.000380547 0.00557348 0.00838862 0.00795126 0.00567351 0.000431309 0.0019359 0.00323123 0.000416075 0.00554527 0.0118776 0.0198705 0.0121429 0.00088746
internal_weight=351063 288620 261572 181806 180051 3284 2795 1423 176767 170232 23239 12505 6387 4681 6118 3573 2457 1116 422 1108 876 626 10734 5795 4939 2916 474 193 490 2879
internal_count=351063 288620 261572 181806 180051 3284 2795 1423 176767 170232 23239 12505 6387 4681 6118 3573 2457 1116 422 1108 876 626 10734 5795 4939 2916 474 193 490 2879
is_linear=0
shrinkage=0.05


Tree=29
num_leaves=31
num_cat=0
split_feature=4 13 11 8 13 15 13 4 11 4 13 2 11 11 1 13 14 16 16 16 13 14 11 11 14 7 11 11 11 11
split_gain=16.2041 7.86876 7.8312 7.72596 9.2623 8.52797 7.48086 7.16255 7.26816 6.84969 6.69024 8.20902 6.67468 21.7258 8.26868 8.56187 6.77842 8.02492 11.8199 6.61839 5.5797 16.7076 6.29924 8.7131 10.8351 6.29633 5.70621 9.49005 6.83953 5.22251
threshold=0.030055897177945993 12.119999885559084 0.057592534540540592 0.35788925720260206 26.494999885559086 -0.010094371169183323 39.645000457763679 0.015537401079212176 0.049786162731180202 0.05653328202846087 18.214999198913578 0.085090741348764834 0.042684586959819588 0.044463646975978717 -0.03570623552798307 18.595000267028812 -0.062215069857951215 0.053680064083412866 0.056684867340354723 0.019870564954495688 13.744999885559084 0.090945376715582463 -0.023324981642921735 -0.033420125215974254 0.11526544225394954 0.012293425622612155 0.0059862979664929714 -0.0042559755894635001 0.010209194758885378 -0.0071058525984615808
decision_type=2 2 2 8 2 2 2 2 2 2 2 2 2 2 2 2 2 2 2 2 2 2 2 2 2 2 2 2 2 2
left_child=1 -1 6 5 10 20 9 -7 12 -2 11 -5 -9 19 15 -15 -16 -18 -19 -14 21 26 23 -22 -25 -23 27 -3 -28 -12
right_child=2 3 -4 4 -6 7 -8 8 -10 -11 29 -13 13 14 16 -17 17 18 -20 -21 22 25 -24 24 -26 -27 28 -29 -30 -31
leaf_value=-0.00011327839284299923 2.9709900436756661e-05 8.9003522520674273e-05 -0.00020281270024871385 -3.5604985449229474e-05 0.00020165907190710923 -2.7498190188377806e-05 -0.00031031516711076606 -8.7716840785028617e-06 -0.0001694420894148495 0.00021176387397439371 -3.449240602719e-05 0.00037309922703314315 6.7841291275604551e-05 9.7874480008862483e-05 0.00016178265729877437 0.00026421752557676659 -0.00010029604368953723 0.00048892580628544723 4.5467072548041078e-05 0.00044753496271204564 -2.0552829879918554e-05 6.507623878113481e-05 -2.0054158852563988e-06 4.0565491639842222e-05 0.00018931577418901686 0.0003169625569777899 0.00023579845788664839 -0.00015042544943363011 7.3629329949641904e-05 -0.00019064986506655185
leaf_weight=2956 73071 422 1291 244 276 30611 1307 189643 1605 8869 3698 142 127 52 498 40 1648 58 518 353 2239 130 20847 1796 1297 200 168 1207 1205 4796
leaf_count=2956 73071 422 1291 244 276 30611 1307 189643 1605 8869 3698 142 127 52 498 40 1648 58 518 353 2239 130 20847 1796 1297 200 168 1207 1205 4796
internal_value=-0.000112209 -0.000303364 0.000491021 -0.00027462 -0.00170162 -0.000223315 0.00055095 -0.000328067 -0.000216201 0.000610812 -0.00198198 0.00445596 -0.000188327 0.00204311 0.000366026 0.0151087 -0.000132257 -0.00131295 0.00376736 0.011875 0.000575886 0.002503 0.000330607 0.00186421 0.0035839 0.0131818 0.00132911 -0.000672193 0.00370357 -0.00227455
internal_weight=351314 266776 84538 263820 9156 254664 83247 225153 194542 81940 8880 386 192937 3294 2814 92 2722 2224 576 480 29511 3332 26179 5332 3093 330 3002 1629 1373 8494
internal_count=351314 266776 84538 263820 9156 254664 83247 225153 194542 81940 8880 386 192937 3294 2814 92 2722 2224 576 480 29511 3332 26179 5332 3093 330 3002 1629 1373 8494
is_linear=0
shrinkage=0.05


Tree=30
num_leaves=31
num_cat=0
split_feature=4 8 13 13 16 4 11 11 11 8 1 11 13 13 13 11 11 11 13 11 11 13 11 5 0 16 11 12 12 11
split_gain=13.9161 8.7436 13.1151 12.7885 9.88308 8.17269 7.69133 11.8022 52.7248 8.58578 9.66057 8.55759 25.6498 6.33688 23.9226 9.83133 31.0722 12.9808 74.2989 14.0506 34.0936 35.1814 14.5572 13.6948 11.4157 10.7108 10.1889 19.8144 70.5526 24.2309
threshold=0.020899033944531409 inf 18.214999198913578 26.494999885559086 0.030424935733617157 0.046960897234898276 0.049786162731180202 0.042684586959819588 0.044463646975978717 0.037332351941447024 0.03419149055004634 0.047486887808589458 14.920000076293947 16.469999313354496 16.614999771118168 0.031996235435177052 0.031454156137576302 0.011893359495945945 24.119999885559086 0.013536356152071051 0.012491496694062467 16.894999504089359 0.01196305437964529 0.027076208936906352 0.007315448295358907 -0.0091541297853359165 0.0057609593190406381 0.073733903664651171 0.088559011453246086 0.0050783448467380818
decision_type=2 8 2 2 2 2 2 2 2 10 2 2 2 2 2 2 2 2 2 2 2 2 2 2 2 2 2 2 2 2
left_child=-1 5 4 -4 -3 6 7 13 9 10 -9 -10 -13 -2 -15 16 17 26 19 20 21 -19 -23 25 -18 -20 27 29 -29 -16
right_child=1 2 3 -5 -6 -7 -8 8 11 -11 -12 12 -14 14 15 -17 24 18 23 -21 -22 22 -24 -25 -26 -27 -28 28 -30 -31
leaf_value=-1.7039965127410097e-05 -1.2793893146013688e-05 0.00013434556352531708 -0.00013605261639394219 0.00039576525248422305 0.0005621986159589429 0.00011129116043969979 -0.00013670837328680295 0.00053126091975105926 -7.5223324240076148e-05 0.00025839027160411734 0.0010579451300618942 -0.0001791234830960586 0.00038077910484493881 0.00013881175232816978 -1.9209984495736926e-06 -0.00010666105027766612 0.00060574424967069934 0.00057775825502271675 0.00093316596817801358 1.097500516210947e-05 0.00075192037766184168 0.000206920522410242 -0.0001489588851643336 0.00052627124290815022 0.00022255492294965379 0.00030693996216134452 -6.4361600345950865e-05 0.0019040379898902907 4.0749974786729934e-06 0.00025293008443276948
leaf_weight=137891 78134 317 8068 347 126 18752 2787 320 1971 86 225 608 622 3267 58908 4546 204 314 56 13750 215 370 1442 214 122 408 13838 350 1229 1107
leaf_count=137891 78134 317 8068 347 126 18752 2787 320 1971 86 225 608 622 3267 58908 4546 204 314 56 13750 215 370 1442 214 122 408 13838 350 1229 1107
internal_value=-0.000137111 0.000116523 -0.00142132 -0.00186275 0.00696388 0.000183349 8.25789e-05 0.00012243 0.00286795 0.0160777 0.0183945 0.000263979 0.00353658 6.34814e-05 0.000326389 0.000184757 0.000296291 0.000241807 0.00150009 0.000816915 0.00439769 0.00247883 -0.000198677 0.0177139 0.0157055 0.0128879 -3.79161e-05 0.000237522 0.00576631 9.20591e-05
internal_weight=350594 212703 8858 8415 443 203845 185093 182306 3832 631 545 3201 1230 178474 100340 97073 92527 92201 16769 16091 2341 2126 1812 678 326 464 75432 61594 1579 60015
internal_count=350594 212703 8858 8415 443 203845 185093 182306 3832 631 545 3201 1230 178474 100340 97073 92527 92201 16769 16091 2341 2126 1812 678 326 464 75432 61594 1579 60015
is_linear=0
shrinkage=0.05


Tree=31
num_leaves=31
num_cat=0
split_feature=4 6 8 4 12 13 12 6 13 13 7 14 12 12 13 13 12 10 13 12 12 10 10 13 13 10 10 10 10 12
split_gain=13.665 9.24232 7.30097 7.98534 7.17164 6.45462 11.6215 7.91256 7.63662 6.22331 7.14245 5.73424 9.25978 14.8287 22.5513 78.6924 13.4783 15.8042 20.4192 12.3054 17.5599 16.2133 25.7668 10.2515 25.2068 12.6024 11.3899 10.1264 27.3617 15.7197
threshold=0.033151209012855842 1.409458535056225 0.35788925720260206 0.017049404362115415 -0.052669817960988401 39.645000457763679 -0.075828258528587975 0.28717666115751661 24.630000114440922 18.035000801086429 0.028765656850364588 0.02559063550932739 1.0000000180025095e-35 0.01159583409138454 14.734999656677248 14.765000343322756 0.02952133598580731 -0.0061039058742593513 17.744999885559086 0.011040694977268452 0.0048491257127185614 -0.0040528821834706621 -0.0012572385131596751 18.444999694824222 18.719999313354496 0.0027400860972459644 -0.0019060348460245289 -0.007321192598677361 -0.0070427496323355867 -0.015496687592758017
decision_type=2 2 8 2 2 2 2 2 2 2 2 2 2 2 2 2 2 2 2 2 2 2 2 2 2 2 2 2 2 2
left_child=1 2 3 -1 -4 6 8 -8 -2 10 -6 -5 27 14 -14 -16 -15 18 -18 20 21 -17 -23 25 -25 -19 -26 -13 -29 -30
right_child=5 -3 4 11 9 -7 7 -9 -10 -11 -12 12 13 16 15 19 17 23 -20 -21 -22 22 -24 24 26 -27 -28 28 29 -31
leaf_value=-2.3696449705947148e-05 -2.7382077582833668e-05 2.6857863529322505e-05 0.00021342337725966502 -1.3152464564295133e-05 -7.0637280277671712e-05 -0.00032798485374702048 8.4535569249023169e-06 0.00012621729492275592 0.00022423079077522206 -0.00010338711678230611 0.00033633917547196438 -5.6398719142560644e-05 -0.00028121277239849068 -3.6634874134989086e-05 0.00081462442166190397 8.3432082112528674e-05 0.00017256933190984774 -0.00010366544876530778 2.8074657893964169e-05 0.00029095821960448224 -3.6124226715336664e-05 0.0003592205013002815 5.6155362562721037e-05 0.00044888088436851529 -0.00023951155129166236 0.00010495478160466743 0.00013898762146743847 0.00038166535928576439 0.00010274464031833036 -8.8474524551371747e-05
leaf_weight=54641 569 30433 237 140766 175 1120 41961 17153 1481 8407 153 13006 1015 13559 309 2431 1883 5036 2512 246 2901 544 532 256 699 2010 759 253 2831 3373
leaf_count=54641 569 30433 237 140766 175 1120 41961 17153 1481 8407 153 13006 1015 13559 309 2431 1883 5036 2512 246 2901 544 532 256 699 2010 759 253 2831 3373
internal_value=-0.00012457 -0.000269357 -0.000366375 -0.000315995 -0.00176772 0.00054717 0.000616047 0.000487701 0.00431707 -0.00200057 0.0047561 -0.000166248 0.00027098 0.000760693 0.00265229 0.00366724 0.000195776 0.00133599 0.00378271 0.00252179 0.0021005 0.00448104 0.00959108 0.000108446 0.00357643 -0.00073517 0.00103566 -0.000601913 0.00101672 0.000359444
internal_weight=351251 288967 258534 249562 8972 62284 61164 59114 2050 8735 328 194921 54155 34692 7978 6963 26714 13155 4395 6654 6408 3507 1076 8760 1714 7046 1458 19463 6457 6204
internal_count=351251 288967 258534 249562 8972 62284 61164 59114 2050 8735 328 194921 54155 34692 7978 6963 26714 13155 4395 6654 6408 3507 1076 8760 1714 7046 1458 19463 6457 6204
is_linear=0
shrinkage=0.05


Tree=32
num_leaves=31
num_cat=0
split_feature=4 9 10 10 11 13 11 15 3 12 16 15 8 13 7 10 10 12 2 13 11 10 9 11 10 10 10 12 11 13
split_gain=12.1439 9.23333 10.5427 7.90491 7.39404 9.5085 21.7047 11.1626 11.0564 10.3723 11.3955 17.7951 9.48456 12.0917 9.46688 8.44165 14.5815 19.4859 14.8781 13.3763 11.7374 22.8392 11.3512 10.0152 19.7465 9.98153 22.7104 65.363 21.2248 16.5383
threshold=0.020829057391592149 0.21564132260094618 -0.023232598164511228 -0.029463592833469218 0.057592534540540592 25.505000114440922 0.042684586959819588 0.00045995356907679868 -0.0029026656469328112 -0.018675976456826889 -0.0033187846932554717 0.023320427625071697 inf 18.214999198913578 0.036718778244631108 0.0079281319106555576 0.010824112764753148 -0.031579620804691948 -0.11732310980121961 12.434999942779543 0.042684586959819588 0.018351280015906694 -0.06091043225544001 -0.013624975324509013 0.010655378584307098 -0.00090813220521157579 -0.0010954591841218495 0.014938847679140889 -0.023324981642921735 22.330000877380375
decision_type=2 10 2 2 2 2 2 2 2 2 2 2 8 2 2 2 2 2 2 2 2 2 8 2 2 2 2 2 2 2
left_child=-1 3 -3 -2 5 12 9 8 -8 10 11 -7 15 14 -14 25 17 18 -17 -18 -21 -22 -23 -19 -25 26 28 -28 -5 -30
right_child=1 2 -4 4 -6 6 7 -9 -10 -11 -12 -13 13 -15 -16 16 19 23 -20 20 21 22 -24 24 -26 -27 27 -29 29 -31
leaf_value=-1.6356709604758648e-05 -0.00042605342191886272 0.0006768631401619698 6.0707712638852294e-05 0.00011222666095775495 -0.00018803062977776184 8.7517423217706332e-05 0.0013855748476932538 0.00018247879955705362 0.00025185843941173355 -0.00091155074940265117 -9.1761926118329856e-05 0.0010519570281329463 -3.9513413285141488e-05 -0.00011908564389338723 0.00062535879846470225 0.0010312055816013228 0.00081560937804562575 -0.0002816754122545178 0.00021499143819834075 -4.0470342606636106e-05 -1.8547393721306734e-05 0.00076777483497648762 0.00023816165193227308 7.1472787992294621e-05 0.00049951964685091455 -2.6037002120804402e-05 0.0011597522227774035 -0.00036694403342240299 8.7554627713598306e-06 -0.00021335222740408006
leaf_weight=136873 1378 117 26593 7094 1560 6955 130 534 66 748 2134 173 231 8180 214 118 119 1069 459 14548 607 143 167 12092 445 75241 261 363 47954 4596
leaf_count=136873 1378 117 26593 7094 1560 6955 130 534 66 748 2134 173 231 8180 214 118 119 1069 459 14548 607 143 167 12092 445 75241 261 363 47954 4596
internal_value=-0.000140705 9.42874e-05 0.000964057 -2.95621e-05 -1.63921e-06 2.73221e-05 0.00147113 0.00979452 0.02 0.000864135 0.00132153 0.00228114 -6.18467e-05 -0.00167826 0.00634831 2.25066e-05 0.000784928 0.00194493 0.0109445 -0.000270792 -0.00039929 0.00508724 0.016129 0.00156328 0.0019594 -0.000144973 0.000334505 0.00982372 0.000235228 -0.000111324
internal_weight=351162 214289 26710 187579 186201 184641 10740 730 196 10010 9262 7128 173901 8625 445 165276 29767 14183 577 15584 15465 917 310 13606 12537 135509 60268 624 59644 52550
internal_count=351162 214289 26710 187579 186201 184641 10740 730 196 10010 9262 7128 173901 8625 445 165276 29767 14183 577 15584 15465 917 310 13606 12537 135509 60268 624 59644 52550
is_linear=0
shrinkage=0.05


Tree=33
num_leaves=31
num_cat=0
split_feature=9 13 8 13 13 2 3 13 12 13 12 13 13 12 12 4 13 13 13 14 11 3 3 3 11 11 14 5 1 16
split_gain=10.7348 8.85205 7.49677 14.3193 11.4301 11.0748 8.44042 8.4504 23.9075 60.0419 30.4452 21.5239 29.3367 25.3222 21.881 16.6798 16.0218 15.1414 18.8566 23.9729 28.2856 12.7983 12.4883 11.935 11.3313 52.5653 28.1087 20.529 11.5587 11.1976
threshold=0.2926076945986002 12.119999885559084 inf 26.494999885559086 18.214999198913578 0.048680504241934049 0.00936272483377887 19.23499965667725 -0.0062518932096157767 19.329999923706058 -0.0059221640754917306 21.724999427795414 22.429999351501468 0.073733903664651171 0.040854106099518013 0.021757001687147649 19.625000000000004 20.980000495910648 20.814999580383304 -0.026455746255632236 -0.0065367397500866167 -0.0061816871287864719 -0.010970086139916067 -0.013800812428592877 0.021519760104925626 0.025278563424786519 0.066086361924944784 0.020352748405751658 0.050749887901182518 -0.030212237579343711
decision_type=10 2 8 2 2 2 2 2 2 2 2 2 2 2 2 2 2 2 2 2 2 2 2 2 2 2 2 2 2 2
left_child=1 -1 6 4 5 -4 7 -3 9 21 29 14 13 23 16 -15 -12 18 19 20 -18 -9 -20 -13 -11 27 -27 -26 -28 -10
right_child=-2 2 3 -5 -6 -7 -8 8 10 24 11 12 -14 15 -16 -17 17 -19 22 -21 -22 -23 -24 -25 25 26 28 -29 -30 -31
leaf_value=-0.00010368458331396357 7.3112916505512204e-05 -1.2695481657641056e-05 -0.00016117989731399157 0.00033812049825508836 -0.00010318266920143664 0.00043123788716270886 3.1675583998264038e-05 0.00064827140419058569 0.000933767466954584 -5.3388417522645693e-05 -6.3685525741220359e-05 0.00039294231037535733 2.1125266267544951e-05 -0.00012184404795324879 -0.00013312359999136439 0.0018193030193877199 0.00084028016766509209 -0.0001490285629386672 0.00041135915805850956 1.653151163733901e-05 7.9613712656808876e-05 0.00018715282863585004 0.00012458333836164005 9.9836170208279245e-05 0.00014977959742179972 -9.9020609750537792e-05 0.00082259188526119997 0.00047685478514186854 0.0013475562628348708 0.00025731397817764008
leaf_weight=3150 17317 227648 249 441 11274 311 30519 268 76 31972 2959 265 2733 77 3877 295 787 719 216 5525 2056 528 559 1733 335 4125 304 371 87 330
leaf_count=3150 17317 227648 249 441 11274 311 30519 268 76 31972 2959 265 2733 77 3877 295 787 719 216 5525 2056 528 559 1733 335 4125 304 371 87 330
internal_value=-0.000124408 -0.00018738 -0.000162248 -0.00137475 -0.00170441 0.00526786 -0.000115498 -0.000199327 0.000327507 -0.000434326 0.00163079 0.00137815 0.00422007 0.00829114 0.000509641 0.0202688 0.00150495 0.00247313 0.00302253 0.0023315 0.00606226 0.0131533 0.0104839 0.00606106 -0.000725118 0.00143432 -0.00054916 0.0141218 0.0122634 0.015197
internal_weight=351106 333789 330639 12275 11834 560 318364 287845 60197 37990 22207 21801 5103 2370 16698 372 12821 9862 9143 8368 2843 796 775 1998 37194 5222 4516 706 391 406
internal_count=351106 333789 330639 12275 11834 560 318364 287845 60197 37990 22207 21801 5103 2370 16698 372 12821 9862 9143 8368 2843 796 775 1998 37194 5222 4516 706 391 406
is_linear=0
shrinkage=0.05


Tree=34
num_leaves=31
num_cat=0
split_feature=6 5 13 12 12 11 10 2 12 16 13 12 2 9 14 8 13 16 10 14 10 9 12 11 13 14 11 10 10 13
split_gain=10.8929 8.81683 7.86876 7.71281 7.54631 8.4499 12.1693 10.0283 7.32028 6.22353 5.6923 12.9679 6.49844 8.5576 6.21325 5.66242 6.98218 6.37194 6.048 19.5671 10.6617 10.3657 9.70639 16.542 16.8247 9.46629 28.6389 10.4164 20.0851 15.7018
threshold=1.6463718696922085 0.021200725674586716 12.119999885559084 0.10123020179199861 0.093566605009263407 0.016959925403500557 0.0027400860972459644 0.11337957638083386 0.12951753151584791 0.010000529498497059 27.855000495910648 -0.052669817960988401 -0.01935628598022698 0.18569036598037328 -0.026455746255632236 -0.24267613887847991 26.494999885559086 -0.03177248154188627 0.0080340527889744013 0.009860755526874045 0.010824112764753148 0.14048916939007097 0.032443488096438274 0.042684586959819588 14.119999885559084 -0.086337752297859935 0.0078505444899201766 0.0029261578835271256 0.003855857055865886 12.494999885559084
decision_type=2 2 2 2 2 2 2 2 2 2 2 2 2 8 2 10 2 2 2 2 2 8 2 2 2 2 2 2 2 2
left_child=1 2 -1 4 15 6 7 -6 -3 -7 11 12 13 14 -2 16 -4 -17 25 20 -20 -21 23 24 -22 26 -19 -27 -29 -30
right_child=10 8 3 -5 5 9 -8 -9 -10 -11 -12 -13 -14 -15 -16 17 -18 18 19 21 22 -23 -24 -25 -26 27 -28 28 29 -31
leaf_value=-0.00011035476421348467 -0.00031701152417308299 2.8793255697015363e-05 -7.5613006022527403e-05 -0.00012157030429736388 7.043219783232415e-05 0.0005873724603280005 -0.00028534096438613592 0.0003411433080799819 0.00019560652427016236 3.4756441235509349e-05 -0.00028962167603714027 3.7461668909032337e-05 4.1665164263098256e-05 0.00016223047460982255 0.00037415772955047192 3.1706971686916277e-05 0.00019840894276868722 -9.5643901856345916e-05 2.6509772096992098e-05 0.00034727403779270832 0.00012095183958766812 9.5755998664154987e-05 -0.00010804659313990238 0.00027908326443551256 -3.5319210373512351e-05 -9.0639601907986934e-06 0.00018948072089930846 -0.00014066729578298797 0.00013277282227993028 -2.747728765354167e-05
leaf_weight=3042 53 46754 9464 3268 495 187 512 150 310 96 960 28259 338 234 359 14018 278 1528 20063 533 639 901 5367 368 12541 145980 1364 9279 1154 42192
leaf_count=3042 53 46754 9464 3268 495 187 512 150 310 96 960 28259 338 234 359 14018 278 1528 20063 533 639 901 5367 368 12541 145980 1364 9279 1154 42192
internal_value=-0.000140098 -0.000225645 -0.000334451 -0.000306 -0.000276461 0.00333333 0.00143907 0.00600775 0.000406467 0.0110777 0.000767638 0.000892007 0.00653455 0.00947368 0.0138107 -0.000296027 -0.00147916 -0.000250991 -0.000311048 0.000247203 3.61731e-05 0.00598326 -0.000815492 -0.000102599 -0.000394538 -0.00042301 0.00241701 -0.000464365 -0.00106746 -0.000615514
internal_weight=350686 320483 273419 270377 267109 1440 1157 645 47064 283 30203 29243 984 646 412 265669 9742 255927 241909 40412 38978 1434 18915 13548 13180 201497 2892 198605 52625 43346
internal_count=350686 320483 273419 270377 267109 1440 1157 645 47064 283 30203 29243 984 646 412 265669 9742 255927 241909 40412 38978 1434 18915 13548 13180 201497 2892 198605 52625 43346
is_linear=0
shrinkage=0.05


Tree=35
num_leaves=31
num_cat=0
split_feature=6 11 10 10 12 12 12 4 3 11 13 14 13 9 13 13 11 2 4 0 8 13 10 8 10 10 9 12 14 3
split_gain=10.513 8.57174 15.5158 18.018 13.6819 12.8824 9.5657 8.6952 8.06667 8.05728 13.4749 9.62625 27.8677 8.69627 7.7381 13.2284 13.5631 10.7413 8.39404 7.72823 7.69878 7.7479 7.56479 7.5305 7.34646 10.1184 8.08949 7.5636 7.26946 6.91638
threshold=0.15128297835207008 -0.020944114247125386 0.0028153334889018393 0.0012830782027211109 -0.0800835440536906 0.0011335726897910849 -0.067575688865902969 0.042484145340731333 0.006297211220274824 0.025879886513439202 12.454999923706056 -0.070157890185866142 18.105000495910648 -0.035982777471015075 27.855000495910648 26.284999847412113 -0.020944114247125386 -0.076159947490065036 0.033396931715256872 0.018844127218651478 inf 12.230000019073488 -0.023232598164511228 0.028912487850864314 0.0028153334889018393 0.0024304233015920444 inf 0.043286848423385378 0.066086361924944784 0.0056490504453516896
decision_type=2 2 2 2 2 2 2 2 2 2 2 2 2 8 2 2 2 2 2 2 8 2 2 10 2 2 8 2 2 2
left_child=1 2 3 5 7 28 -3 -4 -5 14 19 12 13 -12 15 18 -17 -18 -2 -11 21 -8 -20 -7 25 26 -13 -26 -1 -23
right_child=9 6 4 8 -6 23 20 -9 -10 10 11 24 -14 -15 -16 16 17 -19 22 -21 -22 29 -24 -25 27 -27 -28 -29 -30 -31
leaf_value=6.3291071254334411e-05 -2.7175108309552811e-06 -0.00023261361297226602 -0.00016751213848112116 0.00035863543473286375 -0.00014920504552808661 8.8772363841885599e-05 -9.2662895343931782e-05 0.00075834632563883352 0.00082664290274708915 0.00014733524136663291 0.00091146077840820357 4.5447282202784341e-05 -5.3704130143010151e-05 0.00029430396656784556 -0.00015703082905870329 0.00011232064457144603 0.00054960589510705336 0.00019428019137885527 0.0012387367292715236 0.00060172526942898748 -0.00010786113466223235 -1.595539313437015e-05 0.00010252412721308106 0.00018639883619274008 3.7447641110183654e-05 0.00053607193785879849 0.00020562437781504453 -0.00012222635687068447 -1.8842804817453394e-05 1.5950738733462746e-05
leaf_weight=6459 86846 2091 106 240 3851 1201 3829 244 80 155 113 3297 867 634 3271 1534 215 253 42 160 5862 164910 15297 585 4132 134 380 2635 7311 34441
leaf_count=6459 86846 2091 106 240 3851 1201 3829 244 80 155 113 3297 867 634 3271 1534 215 253 42 160 5862 164910 15297 585 4132 134 380 2635 7311 34441
internal_value=-0.000124512 -0.00032157 0.000665686 0.0013807 -0.00203642 0.00113911 -0.00041545 0.00742857 0.013125 0.000255282 0.00145638 0.00119258 0.00478934 0.0118675 0.000115486 0.000190666 0.00421578 0.0116667 0.000111806 0.0116667 -0.00038179 -0.00033025 0.0011901 0.00513438 0.000643788 0.00239963 0.0019078 -0.000345058 0.000620914 -0.000287459
internal_weight=351175 231210 20077 15876 4201 15556 211133 350 320 119965 12507 12192 1614 747 107458 104187 2002 468 102185 315 209042 203180 15339 1786 10578 3811 3677 6767 13770 199351
internal_count=351175 231210 20077 15876 4201 15556 211133 350 320 119965 12507 12192 1614 747 107458 104187 2002 468 102185 315 209042 203180 15339 1786 10578 3811 3677 6767 13770 199351
is_linear=0
shrinkage=0.05


Tree=36
num_leaves=31
num_cat=0
split_feature=6 13 13 11 10 3 11 12 10 12 5 11 13 7 14 13 15 9 13 5 8 11 13 12 14 3 10 13 12 12
split_gain=10.01 7.97698 11.3118 11.1686 9.20742 7.78286 8.04423 16.6656 13.627 8.28512 7.46027 7.35647 11.1016 8.43395 7.905 22.8382 10.8598 7.64701 6.41195 6.37016 6.11598 8.08633 14.8828 5.90348 6.41212 5.82402 5.66189 8.20534 26.3091 21.9209
threshold=0.15128297835207008 27.855000495910648 26.494999885559086 -0.020944114247125386 -0.023232598164511228 0.0056490504453516896 -0.022075871244429331 0.051085048604070045 0.0028153334889018393 -0.067575688865902969 0.011729954112878336 0.025879886513439202 12.454999923706056 0.055111972321233334 -0.070157890185866142 18.105000495910648 0.01053366759828034 -0.035982777471015075 12.230000019073488 0.016357976355237256 inf -0.0071058525984615808 20.555000305175785 0.076145654651098141 0.066086361924944784 -0.015953633514458884 -0.013932241848525038 19.625000000000004 -0.0062518932096157767 -0.059602846746386766
decision_type=2 2 2 2 2 2 2 2 2 2 2 2 2 2 2 2 2 10 2 2 8 2 2 2 2 2 2 2 2 2
left_child=5 2 4 -4 10 6 7 8 -1 -8 -2 19 13 -13 15 16 -14 -18 -11 -6 26 22 -22 24 -16 -9 -20 29 -29 -28
right_child=1 -3 3 -5 11 -7 9 25 -10 18 -12 12 14 -15 23 -17 17 -19 20 -21 21 -23 -24 -25 -26 -27 27 28 -30 -31
leaf_value=4.0202910611305956e-05 -0.00015732592389559408 -0.00012984614113754336 0.0001118071530203365 0.00037735362098560249 -6.5951097202111563e-06 1.2573418498243661e-05 -0.00024222679703806368 0.00037669645688314177 -0.00015799290719493389 -8.4411375622909271e-05 0.00083131060795115842 0.00017319913441398609 0.00013475057707767966 0.00070046502651282194 4.2736065162302372e-05 -6.8338035555446007e-05 0.00057176709247757837 0.00019374257920612995 -0.00014242539516612837 5.2932082338798053e-05 0.00012648947704740158 -0.00020203473462385865 -0.00025330277106112869 -0.00010224730907298284 0.0011027294563294206 0.00012309613653981843 0.0011170806081400887 -6.17131101476263e-05 7.9492266468854649e-05 -1.8654962762119466e-05
leaf_weight=11281 48 3430 1374 457 72445 40627 1682 125 2566 3235 107 190 318 127 8511 741 285 150 3600 29399 623 4139 541 1869 114 215 51 10605 9986 141711
leaf_count=11281 48 3430 1374 457 72445 40627 1682 125 2566 3235 107 190 318 127 8511 741 285 150 3600 29399 623 4139 541 1869 114 215 51 10605 9986 141711
internal_value=-0.000137812 0.000233554 0.00030374 0.00420262 0.000241285 -0.000330041 -0.000464122 0.000681256 0.000412724 -0.000556358 0.0124194 0.000224749 0.00137952 0.0106151 0.0011353 0.00453815 0.0106706 0.0158046 -0.000522693 8.52272e-05 -0.000481035 -0.00215256 0.00152921 0.000650847 0.0012029 0.0116176 -0.000427622 -0.000384133 0.000548539 -0.000519604
internal_weight=350552 119565 116135 1831 114304 230987 190360 14187 13847 176173 155 114149 12305 317 11988 1494 753 435 174491 101844 171256 5303 1164 10494 8625 340 165953 162353 20591 141762
internal_count=350552 119565 116135 1831 114304 230987 190360 14187 13847 176173 155 114149 12305 317 11988 1494 753 435 174491 101844 171256 5303 1164 10494 8625 340 165953 162353 20591 141762
is_linear=0
shrinkage=0.05


Tree=37
num_leaves=31
num_cat=0
split_feature=4 11 11 14 14 2 9 16 16 15 13 14 12 15 11 13 11 14 14 14 11 2 12 11 16 15 8 1 13 11
split_gain=9.85789 6.88967 8.0332 22.4468 16.9572 12.352 10.8738 8.35467 12.2989 6.60293 7.11126 20.3426 7.73963 8.16794 6.65816 11.9954 9.2763 8.39613 18.8024 8.05541 7.69356 7.72828 7.66444 8.96002 6.59812 6.32437 6.31565 6.00272 5.95478 10.4328
threshold=0.039316687440279226 0.049786162731180202 0.042684586959819588 -0.062215069857951215 0.021414189458355607 0.057832956123191177 -0.078253637637097792 0.053680064083412866 0.056684867340354723 -0.010094371169183323 13.744999885559084 0.090945376715582463 0.025891209658118756 -0.011414663708556481 -0.01680301263819178 22.730000495910648 -0.010736588985834903 0.15522193331306103 0.16190048637044233 0.14080193058780369 -0.020944114247125386 -0.094915359207532787 -0.019977149001015378 -0.030384470516343128 -0.057595338174666937 0.0019177967312156154 0.049218351805856105 -0.0034323002782556951 19.329999923706058 -0.017686131484892616
decision_type=2 2 2 2 2 2 8 2 2 2 2 2 2 2 2 2 2 2 2 2 2 2 2 2 2 2 10 2 2 2
left_child=1 2 9 6 7 25 -4 -5 -9 10 11 12 13 -1 15 22 -16 -18 -19 20 -17 -22 -12 -24 -25 -6 -8 -13 -26 -30
right_child=-2 -3 3 4 5 -7 26 8 -10 -11 14 27 -14 -15 16 19 17 18 -20 -21 21 -23 23 24 28 -27 -28 -29 29 -31
leaf_value=0.0001318955825782886 5.7461602703313605e-05 -0.00013734257652591361 0.0005222080974937143 -0.00012101422764397255 0.00051894560969382487 -9.5392770035898703e-05 0.00020509558168035078 0.00044193224754156854 2.9670117921028389e-05 -1.2133506265617472e-05 2.4855968262567989e-06 0.0002091396979306845 9.5976881282658791e-06 0.00032695240295202622 -0.0001258347286583734 4.7440416579568546e-06 -3.5755190583936071e-06 0.00027445405504687118 -1.9486491976776602e-05 -0.00012828433326317473 0.00047949675251958635 0.00012944341682716846 0.00021889642170727533 0.0004969138760278376 4.0057171455926069e-05 3.3251192935739288e-05 1.7493744400011057e-05 0.00029982812059446863 0.00013717439630927638 0.00041509720322311793
leaf_weight=373 35942 2687 179 2056 370 237 612 65 669 268819 1984 184 2873 72 3687 2871 18934 276 466 2446 80 368 320 141 2112 120 336 184 1539 135
leaf_count=373 35942 2687 179 2056 370 237 612 65 669 268819 1984 184 2873 72 3687 2871 18934 276 466 2446 80 368 320 141 2112 120 336 184 1539 135
internal_value=-0.000137939 -0.0002274 -0.000205724 0.00185831 -0.000109469 0.00669188 0.00799911 -0.00188172 0.00269755 -0.000236859 0.000370725 0.00246066 0.00122363 0.00735955 0.000152859 0.00111037 -0.000338785 9.24973e-05 0.00530997 -0.000533392 0.0010711 0.00716518 0.0026312 0.00382976 0.00317418 0.0112245 0.00586498 0.0136141 0.00277866 0.00500597
internal_weight=351137 315195 312508 4644 3517 727 1127 2790 734 307864 39045 3686 3318 445 35359 11996 23363 19676 742 5765 3319 448 6231 4247 3927 490 948 368 3786 1674
internal_count=351137 315195 312508 4644 3517 727 1127 2790 734 307864 39045 3686 3318 445 35359 11996 23363 19676 742 5765 3319 448 6231 4247 3927 490 948 368 3786 1674
is_linear=0
shrinkage=0.05


Tree=38
num_leaves=31
num_cat=0
split_feature=9 6 16 10 10 10 10 11 10 3 12 10 4 11 13 16 11 12 15 16 15 14 14 13 10 12 11 2 14 14
split_gain=10.7985 8.66081 8.45552 7.68426 6.89995 12.1353 8.52353 10.1366 11.5703 6.73805 7.73518 6.43719 6.19899 6.14434 6.68494 5.55779 5.35254 11.2222 7.61554 7.24476 6.23929 5.19608 17.7446 18.7199 11.8859 6.14329 40.5284 6.03502 5.76871 10.0875
threshold=0.39209024654285113 0.10551243700406139 -0.03177248154188627 0.025167554774320647 0.0017576086312266483 -0.0080075928939195556 0.0012830782027211109 -0.035697741943328191 -0.0039079154947589392 0.0042355014961201762 0.12951753151584791 -0.029463592833469218 0.041862424288142595 -0.014686675718860785 25.19999980926514 -0.04232579482048731 -0.013909745802050731 -0.013091202195066818 -0.013632280940514772 -0.03904733422534689 -0.0095177479355243438 -0.0054293361358405115 -0.0032889554051496734 19.010000228881839 0.0070711617460903495 0.073733903664651171 0.0053137315210420874 0.013875437085208555 -0.042564517769286651 -0.081825770158787711
decision_type=10 2 2 2 2 2 2 2 2 2 2 2 2 2 2 2 2 2 2 2 2 2 2 2 2 2 2 2 2 2
left_child=1 2 3 4 5 -1 7 -7 16 -4 21 -3 -13 -2 -15 -8 17 -9 -19 20 -18 25 23 -23 27 -11 -27 -25 29 -28
right_child=13 11 9 -5 -6 6 15 8 -10 10 -12 12 -14 14 -16 -17 19 18 -20 -21 -22 22 -24 24 -26 26 28 -29 -30 -31
leaf_value=-1.715216317586937e-05 0.00054649998676775441 -0.00032881170266125761 -2.151965064997782e-05 0.0010489270049503232 -5.3908746854984764e-05 0.00021955103614698922 0.0004969584502707954 -9.9465083187321425e-06 -2.3181690798791529e-05 -1.8478534247137186e-05 0.00026591247065527667 4.2673106973917129e-06 0.00014748085532442429 8.0830987823992848e-05 0.0020758034768347915 0.0001055126482189485 -4.7716097036737832e-05 0.00067379344666751082 0.00019251387375897674 -2.7204201892803235e-05 0.0004190100544910107 -7.9761057999004546e-06 1.2137912370184002e-05 0.00017156945094633265 0.00074715684623747692 0.0023508538261852899 -6.7239816138113808e-05 -8.6027184874097688e-06 -6.3822928110993874e-05 0.00090416784498215737
leaf_weight=4166 803 1238 160159 72 3057 602 102 304 2133 30297 84 112721 7734 7838 88 122 65 91 548 478 83 504 16012 386 87 97 99 113 891 87
leaf_count=4166 803 1238 160159 72 3057 602 102 304 2133 30297 84 112721 7734 7838 88 122 65 91 548 478 83 504 16012 386 87 97 99 113 891 87
internal_value=-0.000132186 -0.000176467 -0.000363242 0.000937578 0.0008378 0.00155624 0.00334806 0.00285316 0.00187466 -0.000436893 7.84048e-05 0.000162169 0.000199036 0.00160442 0.00118218 0.0128571 0.00513384 0.00751325 0.0112754 0.00154952 0.0112162 5.21883e-05 0.000753712 0.0069266 0.0130034 -0.000329034 0.00321976 0.0100301 0.000431754 0.00844086
internal_weight=351061 342332 220639 11823 11751 8694 4528 4304 3702 208816 48657 121693 120455 8729 7926 224 1569 943 639 626 148 48573 17102 1090 586 31471 1174 499 1077 186
internal_count=351061 342332 220639 11823 11751 8694 4528 4304 3702 208816 48657 121693 120455 8729 7926 224 1569 943 639 626 148 48573 17102 1090 586 31471 1174 499 1077 186
is_linear=0
shrinkage=0.05


Tree=39
num_leaves=31
num_cat=0
split_feature=6 13 13 11 4 13 10 10 11 2 13 14 9 0 12 11 14 7 13 13 13 13 11 11 14 12 10 10 12 10
split_gain=8.76371 7.64638 7.23505 9.22865 6.98242 6.89371 7.76188 22.0707 22.1578 15.2299 10.1794 11.4494 8.50801 8.44509 8.24429 15.6888 15.5244 10.713 8.00171 7.9694 28.9755 15.8758 15.2291 12.4589 11.7544 11.4308 11.0131 10.8585 14.1395 12.6167
threshold=0.15128297835207008 27.855000495910648 30.345000267028812 0.049786162731180202 0.034123937676132234 12.230000019073488 0.010824112764753148 0.0090796012734996063 0.048369851131751858 -0.040965173736191678 13.085000038146974 -0.12635401997537379 -0.10968891071795488 0.018059745967524136 0.0065049739274190008 -0.0094173901882642057 -0.070157890185866142 -0.030422216960177825 16.85000038146973 16.469999313354496 16.614999771118168 15.464999675750734 -0.006288513316392629 -0.014686675718860785 -0.091137781806863202 -0.033014578786643371 0.0079281319106555576 -0.0064885542336663984 0.029689605968967085 -0.0041401831937402647
decision_type=2 2 2 2 2 2 2 2 2 2 2 2 10 2 2 2 2 2 2 2 2 2 2 2 2 2 2 2 2 2
left_child=2 4 3 5 -2 -1 7 8 19 -10 13 12 -12 -9 15 -13 -17 18 -18 21 22 24 23 -21 -7 -23 -22 28 -26 -29
right_child=1 -3 -4 -5 -6 6 -8 10 9 -11 11 14 -14 -15 -16 16 17 -19 -20 20 26 25 -24 -25 27 -27 -28 29 -30 -31
leaf_value=-7.7141638117507428e-05 5.398089811256964e-06 -0.00012845869307696081 7.6105815534630527e-05 -0.00021495704555787843 0.0001129295413743031 0.00022921607642274606 -5.4159852640639029e-05 0.00015893898609956449 0.00081565398228776237 0.00015460601262380641 0.00031704884415914504 -0.00023521533874111143 0.00011412930351736026 0.00047831221555138685 7.9139184886767902e-06 -7.0553909491758842e-06 0.00028075970239079185 0.00015064547377398351 0.0008545067342352402 0.00012302266931769345 -9.9848294366087085e-06 0.00012339665968879893 7.0385991751670423e-05 0.00020878343546204458 -3.8325759084887046e-05 -8.0785799408825696e-05 9.9460142925650075e-05 -0.00013894888347853256 0.00010567417342455227 -1.1566252724595538e-05
leaf_weight=3797 99069 3401 3070 2427 17230 308 17252 563 136 247 368 769 511 142 7833 841 155 1207 188 609 91360 344 2768 655 2256 21604 1953 4591 2223 63298
leaf_count=3797 99069 3401 3070 2427 17230 308 17252 563 136 247 368 769 511 142 7833 841 155 1207 188 609 91360 344 2768 655 2256 21604 1953 4591 2223 63298
internal_value=-0.00011426 0.000233082 -0.000293877 -0.000326286 0.00030142 -0.000293348 -0.000257246 -0.0001715 -0.000304183 0.0117102 0.00185776 0.00151112 0.00700227 0.00769503 0.00107204 0.00322785 0.00522585 0.00819355 0.0159913 -0.000328153 -1.05308e-05 -0.000654909 0.00413938 0.00868671 -0.000298999 -0.00183343 -0.000189846 -0.000340483 0.00204398 -0.000497799
internal_weight=351175 119700 231475 228405 116299 225978 222181 204929 192352 383 12577 11872 879 705 10993 3160 2391 1550 343 191969 97345 94624 4032 1264 72676 21948 93313 72368 4479 67889
internal_count=351175 119700 231475 228405 116299 225978 222181 204929 192352 383 12577 11872 879 705 10993 3160 2391 1550 343 191969 97345 94624 4032 1264 72676 21948 93313 72368 4479 67889
is_linear=0
shrinkage=0.05


Tree=40
num_leaves=31
num_cat=0
split_feature=9 6 8 13 13 13 12 10 11 11 13 14 11 11 11 12 12 10 12 13 10 8 11 14 10 14 10 14 9 11
split_gain=8.11045 7.85421 5.87636 6.51245 6.23654 30.6395 14.2498 12.2307 9.47382 23.2583 6.88511 22.9719 18.9129 29.2684 19.1383 28.9179 19.1055 32.696 13.9506 11.507 15.979 12.4793 10.5191 9.7702 9.04919 8.975 8.72038 7.78518 7.11115 6.23022
threshold=0.2926076945986002 1.9452811647603971 inf 26.494999885559086 12.84500026702881 12.88000011444092 0.089699149328903008 0.013109339753378581 0.002577635332758899 0.0013310128060490813 13.585000038146974 -0.049859902036150087 0.0035059532242039952 0.0036681526021306037 0.012411395602880184 0.039535416571109601 0.023412728930134134 -0.0019060348460245289 0.027831589424704543 14.340000152587892 -0.0084264331718765222 0.06027571094927376 0.017472461780978502 -0.0032889554051496734 -0.0045587761694280129 0.045982054922578681 0.0027400860972459644 0.009860755526874045 0.084308184028614189 -0.0072461958036925669
decision_type=10 2 8 2 2 2 2 2 2 2 2 2 2 2 2 2 2 2 2 2 2 10 2 2 2 2 2 2 8 2
left_child=1 2 4 -4 7 6 -6 8 9 -1 11 18 -13 -14 15 16 -15 24 28 20 21 -12 29 -17 -18 -16 -19 -24 -7 -22
right_child=-2 -3 3 -5 5 10 -8 -9 -10 -11 19 12 13 14 25 23 17 26 -20 -21 22 -23 27 -25 -26 -27 -28 -29 -30 -31
leaf_value=-4.3963090353121617e-05 6.4331474829831505e-05 3.7246155407671597e-05 -7.4822522819571757e-05 0.00020492731382699178 0.00032775849336729384 7.1211343716425947e-05 -1.6448371728329923e-05 0.00033020823270713494 -5.8446049837957623e-05 0.00024830488158233347 2.7444095814797204e-05 -8.6985503311162816e-05 0.00026232623937964236 -0.00011744298576862942 -4.0986414782490517e-05 6.440114812296025e-05 0.00013048213052205778 0.00023354017395405479 6.4674530610662218e-05 -6.0181948943045572e-06 8.0567491936511129e-06 0.00030816672621312465 -1.1868972354722925e-05 -0.00010321482049086537 -6.5667224039832103e-05 0.00024750347864950869 0.00022428650819942216 0.00012705513276318434 0.00027526820336658394 -8.5701303518559852e-05
leaf_weight=2553 17235 22102 11101 347 1193 419 408 359 16902 775 316 6310 422 371 9054 1520 375 366 1934 226097 2827 215 4723 1905 529 347 769 1128 653 17592
leaf_count=2553 17235 22102 11101 347 1193 419 408 359 16902 775 316 6310 422 371 9054 1520 375 366 1934 226097 2827 215 4723 1905 529 347 769 1128 653 17592
internal_value=-0.000139478 -0.000194119 -0.000258741 -0.00137055 -0.000216323 -0.000154453 0.00674266 -0.00105615 -0.00121849 0.00121995 -0.000194191 0.000597821 3.68706e-05 0.000968194 0.000608426 0.00285775 0.00705394 0.00895292 0.00469727 -0.000272404 -0.00125201 0.00733522 -0.00142558 -9.48917e-05 0.00185841 -0.000787683 0.0146035 0.000443513 0.00927239 -0.00196116
internal_weight=350847 333612 311510 11448 300062 279473 1601 20589 20230 3328 277872 24974 21968 15658 15236 5835 2410 2039 3006 252898 26801 531 26270 3425 904 9401 1135 5851 1072 20419
internal_count=350847 333612 311510 11448 300062 279473 1601 20589 20230 3328 277872 24974 21968 15658 15236 5835 2410 2039 3006 252898 26801 531 26270 3425 904 9401 1135 5851 1072 20419
is_linear=0
shrinkage=0.05


Tree=41
num_leaves=31
num_cat=0
split_feature=5 12 12 12 11 11 3 16 2 14 1 13 11 13 11 11 13 11 12 12 14 13 12 13 11 14 14 11 16 11
split_gain=7.74617 9.58661 6.38057 8.21594 8.16162 14.3363 7.94911 7.26711 6.77703 6.29743 6.27649 5.8327 10.3181 9.2507 14.3786 16.3441 23.1807 15.112 13.2318 14.2701 12.3662 22.4736 12.776 25.1805 11.7815 21.234 24.178 11.5024 11.2345 10.0657
threshold=0.025780670684082258 0.12951753151584791 0.10123020179199861 0.093566605009263407 0.016959925403500557 0.0093910494145468277 0.0010425231747177579 0.010000529498497059 0.11816429310533473 -0.033482886717690945 -0.0068319042245288944 12.765000343322756 0.034492851689025945 13.585000038146974 0.00023769852102906167 0.012210489302713847 13.414999961853029 -0.0042559755894635001 0.052411993463065805 0.039147441209038576 -1.0000000180025095e-35 12.925000190734865 0.022559205045489476 13.234999656677248 0.0050783448467380818 0.0037598780805861991 0.079095926518506735 0.0032511544819977538 0.0026886297634449723 0.009090553623087862
decision_type=2 2 2 2 2 2 2 2 2 2 2 2 2 2 2 2 2 2 2 2 2 2 2 2 2 2 2 2 2 2
left_child=2 -2 3 11 5 8 -6 10 -5 -4 -8 12 -1 14 17 16 24 -13 19 27 22 -22 23 -17 -16 -26 29 -18 -25 -27
right_child=1 -3 9 4 6 -7 7 -9 -10 -11 -12 13 -14 -15 15 20 18 -19 -20 -21 21 -23 -24 28 25 26 -28 -29 -30 -31
leaf_value=-3.976829635050848e-05 5.8513962188446588e-05 0.00029019870461422388 4.9134868654008032e-05 0.00013792031209608949 -3.9665620458753043e-07 -0.00025909002071182658 0.0011086606256028057 6.7526808677907302e-05 0.0004001034831410272 -0.00015306161011441189 0.00063988483242768956 6.9359578923138823e-05 0.00028425979735573762 -9.3864251281288381e-06 -2.6945783422350857e-05 -6.8334575314625326e-05 0.00027586187266174801 -0.00019070432274824814 -4.2817560406159317e-05 0.00025148565460815785 0.00042067893982084031 9.6920880217693587e-06 -0.00011841612250008535 -1.8137669106634383e-05 2.7640600934281038e-05 0.00022832930023359641 -0.00015063314638258198 7.0822922056421308e-05 0.00024095117689719708 0.0001405694810274999
leaf_weight=17778 26200 185 1022 598 133 771 78 63 186 3151 81 1215 413 268064 4514 1215 409 4030 404 788 805 4113 6073 235 4840 395 397 1236 602 826
leaf_count=17778 26200 185 1022 598 133 771 78 63 186 3151 81 1215 413 268064 4514 1215 409 4030 404 788 805 4113 6073 235 4840 395 397 1236 602 826
internal_value=-0.000138819 0.000685047 -0.000205821 -0.00018051 0.003089 0.00152733 0.00992958 0.0157207 0.00628826 -0.00214834 0.0214151 -0.000200126 -0.00106949 -0.000147439 0.000654733 0.00112245 0.00232131 -0.00173975 0.00635002 0.00774147 -0.000146823 0.00183204 -0.00134462 0.00206628 0.00127962 0.00264943 0.00760816 0.00509118 0.00873954 0.0110934
internal_weight=350820 26385 324435 320262 1910 1555 355 222 784 4173 159 318352 18191 300161 32097 26852 13809 5245 2837 2433 13043 4918 8125 2052 10972 6458 1618 1645 837 1221
internal_count=350820 26385 324435 320262 1910 1555 355 222 784 4173 159 318352 18191 300161 32097 26852 13809 5245 2837 2433 13043 4918 8125 2052 10972 6458 1618 1645 837 1221
is_linear=0
shrinkage=0.05


Tree=42
num_leaves=31
num_cat=0
split_feature=9 11 10 16 15 10 10 10 10 6 11 11 11 11 3 3 11 10 10 11 2 8 14 10 10 14 14 3 11 11
split_gain=8.21231 7.54608 10.9662 6.92986 11.1377 9.25069 14.4585 13.8649 11.9878 7.22853 6.98621 15.0809 6.37245 16.158 6.65864 7.51037 5.91654 5.83747 18.473 17.4257 11.6075 9.83999 9.56667 7.33032 10.2875 13.0791 15.2936 9.06535 7.78558 7.1513
threshold=0.41714856613469514 0.049786162731180202 0.012161923601447857 -0.03177248154188627 -0.040614005752933995 0.0017576086312266483 -0.0080075928939195556 -0.0066375346949278371 0.0012830782027211109 0.15128297835207008 0.02167406842699671 0.029387931380338687 -0.010094425489899582 -0.020444088180766703 -0.015953633514458884 0.013407767933959815 0.025879886513439202 0.010824112764753148 0.0090796012734996063 0.048369851131751858 -0.056201738939021466 -0.024287877688705991 -0.12635401997537379 0.011869721142281022 0.012727043065882683 -0.063397912410201748 -0.068136872709181048 0.00098548191198066814 0.042684586959819588 0.00081108963534770606
decision_type=10 2 2 2 2 2 2 2 2 2 2 2 2 2 2 2 2 2 2 2 2 10 2 2 2 2 2 2 2 2
left_child=1 3 -3 4 -1 6 -6 12 -9 17 -7 -12 13 14 -8 -16 -11 18 19 -5 -21 22 -20 -19 25 26 -25 -28 -26 -24
right_child=-2 2 -4 9 5 10 7 8 -10 16 11 -13 -14 -15 15 -17 -18 23 21 20 -22 -23 29 24 28 -27 27 -29 -30 -31
leaf_value=-0.00057234263409710511 0.00014561691644970212 -0.00018335761931860848 9.215971121812386e-05 -1.6541521223630283e-05 1.5502533863258691e-06 -6.5477960877783912e-05 0.0003238284010455013 7.3262561856284064e-05 0.00034180632434065384 -1.8659052425891235e-07 0.00040822106953010445 -7.974815977471151e-05 9.4617280522009951e-05 0.00064120465320657415 4.7565112144159413e-05 0.0002522487731034569 5.3329604825422483e-05 -0.0001892075501091202 0.00033041476326901793 0.00077525190726175739 0.00017883529238352518 1.9302103296074032e-05 -8.0670573696628274e-05 7.854660571714459e-05 -6.3218757353263413e-05 -5.9540945502992248e-05 0.00094362981700913849 0.0022690539819216868 0.00030560147390931101 0.00017449315487238115
leaf_weight=1112 7606 3414 833 182116 7885 5177 91 6569 306 94161 82 146 476 142 395 122 10879 3281 314 113 257 8357 537 1081 10853 1353 179 98 169 2537
leaf_count=1112 7606 3414 833 182116 7885 5177 91 6569 306 94161 82 146 476 142 395 122 10879 3281 314 113 257 8357 537 1081 10853 1353 179 98 169 2537
internal_value=-0.000149884 -0.000185915 -0.00228043 -0.000159659 0.000688129 0.00094175 0.00154635 0.00302987 0.00215636 -0.000219977 -0.00084644 0.0077193 0.00792822 0.0108 0.00725329 0.00505803 0.000119001 -0.000388531 -0.000310739 -0.000434445 0.0104054 0.00161132 0.0038843 -0.0012766 -0.000769316 0.00199004 0.00545655 0.0159386 -0.00144801 0.00303513
internal_weight=350641 343035 4247 338788 22503 21391 15986 8101 6875 316285 5405 228 1226 750 608 517 105040 211245 194231 182486 370 11745 3388 17014 13733 2711 1358 277 11022 3074
internal_count=350641 343035 4247 338788 22503 21391 15986 8101 6875 316285 5405 228 1226 750 608 517 105040 211245 194231 182486 370 11745 3388 17014 13733 2711 1358 277 11022 3074
is_linear=0
shrinkage=0.05


Tree=43
num_leaves=31
num_cat=0
split_feature=4 11 10 8 13 7 11 13 3 10 13 5 12 11 11 10 13 10 10 13 12 11 14 12 9 10 12 13 10 10
split_gain=7.77557 7.44418 11.4502 6.88412 8.36234 10.0898 7.71075 18.2714 9.08833 7.52376 7.06889 7.44331 6.67843 5.81902 19.9703 11.2574 12.156 8.845 15.6309 12.0445 10.7412 12.8255 14.1107 13.2099 11.9811 24.9355 20.4713 9.85945 10.0002 18.7567
threshold=0.018154843101376741 0.049786162731180202 0.012161923601447857 inf 18.214999198913578 0.031874377175657116 -0.0071058525984615808 20.555000305175785 -0.0085402082489131597 -0.010705879931759586 39.645000457763679 0.025780670684082258 0.12951753151584791 0.042684586959819588 0.044463646975978717 0.0047561334202744785 14.920000076293947 0.015021993582677752 0.0087442389326247722 30.345000267028812 0.055910594976570589 0.02167406842699671 -0.096084571305829466 0.053746423182394205 0.96496965164964477 0.012020737458552368 0.035278924713739175 27.855000495910648 -0.00090813220521157579 -0.0010954591841218495
decision_type=2 2 2 8 2 2 2 2 2 2 2 2 2 2 2 2 2 2 2 2 2 2 2 2 8 2 2 2 2 2
left_child=-1 3 -3 10 5 -5 7 -6 9 -9 11 13 -13 17 -15 16 -16 18 19 27 21 23 -23 24 25 -20 -27 28 29 -2
right_child=1 2 -4 4 6 -7 -8 8 -10 -11 -12 12 -14 14 15 -17 -18 -19 20 -21 -22 22 -24 -25 -26 26 -28 -29 -30 -31
leaf_value=-1.497003872356761e-05 9.2761068776507376e-06 -0.000190804641606834 0.00010048639756058179 -9.0770129459742392e-05 0.0001367358492170976 0.00038317234822241519 -0.0001843928727895775 -0.00018654501378347586 -0.00013731835373043309 0.00026412934917937361 -0.00031385959923313457 8.3456893051596603e-05 0.00025771946090546218 0.0005142448124041694 -6.5791211195947037e-05 -8.4873294422151276e-05 0.00020957503373235126 -6.3270269749465016e-05 1.9367326340023909e-05 0.00011486870978102708 -8.4722768507650278e-05 0.000352502110566377 0.00013874475879441418 0.00018406962995630173 -0.00012270134335024363 0.00034401139799627892 -0.00030961798373411119 -0.00063176422842634028 -1.8145829472295757e-05 0.00051244275552964969
leaf_weight=83020 83071 3263 813 245 746 270 5489 273 3152 556 1695 23449 185 696 719 1839 1109 9046 10850 1412 3248 305 3868 627 2718 1448 441 1179 103540 875
leaf_count=83020 83071 3263 813 245 746 270 5489 273 3152 556 1695 23449 185 696 719 1839 1109 9046 10850 1412 3248 305 3868 627 2718 1448 441 1179 103540 875
internal_value=-0.000140471 -9.11671e-06 -0.00212954 2.37395e-05 -0.00121657 0.005 -0.00152995 -4.97156e-05 -0.00139538 0.00326297 7.6489e-05 9.82532e-05 0.000942708 1.03296e-05 0.0018187 0.000344967 0.00312363 -2.51103e-05 3.97493e-05 -0.000110667 0.00125611 0.00168411 0.00415408 0.00104327 0.000754673 0.00139768 0.00669931 -0.0001451 -0.000116437 0.000289113
internal_weight=350147 267127 4076 263051 10731 515 10216 4727 3981 829 252320 250625 23634 226991 4363 3667 1828 222628 213582 190077 23505 20257 4173 16084 15457 12739 1889 188665 187486 83946
internal_count=350147 267127 4076 263051 10731 515 10216 4727 3981 829 252320 250625 23634 226991 4363 3667 1828 222628 213582 190077 23505 20257 4173 16084 15457 12739 1889 188665 187486 83946
is_linear=0
shrinkage=0.05


Tree=44
num_leaves=31
num_cat=0
split_feature=4 6 13 12 11 12 12 13 13 12 13 12 12 13 15 12 13 11 13 13 12 4 11 11 11 11 16 0 13 14
split_gain=6.59145 5.38104 5.00073 8.46764 4.87536 5.06965 6.95158 10.2466 18.9304 9.78784 9.62051 17.881 27.0512 18.652 13.0364 17.3304 12.5455 11.4756 12.049 26.2158 17.7914 10.6824 8.69147 16.0742 22.1827 8.73777 8.38163 8.21745 7.77877 18.3058
threshold=0.037657662901300661 1.6463718696922085 39.645000457763679 -0.075828258528587975 0.049786162731180202 -0.043396587675290969 -0.024923410474003812 21.409999847412113 24.119999885559086 -0.034828252855943369 20.060000419616703 0.0061045845958173093 0.019574400022136732 20.154999732971195 -0.0080850484308531683 0.0077064466634939608 20.375000000000004 0.022829812381502172 21.82499980926514 22.285000801086429 0.040854106099518013 0.025143779214391981 0.0070762794177224872 0.035554574411001412 0.021519760104925626 0.01812197320346565 0.0018781586213851844 -0.012877578509311425 18.675000190734867 -0.024601750905799354
decision_type=2 2 2 2 2 2 2 2 2 2 2 2 2 2 2 2 2 2 2 2 2 2 2 2 2 2 2 2 2 2
left_child=1 4 3 -2 5 -1 7 28 -9 -10 -8 13 14 -12 27 -16 -14 18 20 21 -18 -20 -15 24 25 -24 -23 -13 -7 -30
right_child=2 -3 -4 -5 -6 6 10 8 9 -11 11 12 16 22 15 -17 17 -19 19 -21 -22 26 23 -25 -26 -27 -28 -29 29 -31
leaf_value=-4.5919511367551709e-05 0.00018416158931655003 2.177280841441579e-05 -0.00029554178105547119 3.2802227943380698e-05 -0.00010964463673801642 1.4044196708450601e-05 -1.397493402421859e-05 -0.00027859976880772639 -0.00011290563463504596 0.00014900710029001104 0.00020856852030343338 0.00031806397125068604 -0.0001928661868325647 -5.3977188479288914e-05 0.0012681204346788398 4.2150542511156185e-05 8.7734899013497405e-05 -0.0003506193942537446 0.00090596307613637322 8.0960181409849515e-05 -0.00011426192789526294 0.00082570611876671939 0.00010661479429194243 -0.00017225723904706577 0.0003548488727539165 -0.00043380498926851529 0.0020130318040952246 0.00014504649422636713 0.00022370238670673745 2.9067780500279829e-05
leaf_weight=13724 1551 26505 931 39020 2392 12127 217039 3423 932 1332 644 312 1429 12936 370 1185 2361 675 154 1755 1824 57 968 905 304 350 135 301 1466 3974
leaf_count=13724 1551 26505 931 39020 2392 12127 217039 3423 932 1332 644 312 1429 12936 370 1185 2361 675 154 1755 1824 57 968 905 304 350 135 301 1466 3974
internal_value=-0.000142575 -0.000221899 0.000449134 0.000532276 -0.000285686 -0.000266531 -0.00021835 0.000607636 -0.00123703 0.00231007 -0.000297165 0.000599099 0.00219833 -0.000449185 0.00717712 0.00474276 0.000911799 0.00178782 0.00245307 0.0055426 0.00090203 0.0181214 -0.000796418 0.00188563 0.00486436 0.00205614 0.0259896 0.0133524 0.00120481 0.00277573
internal_weight=351081 309579 41502 40571 283074 280682 266958 23254 5687 2264 243704 26665 10558 16107 2168 1555 8390 6961 6286 2101 4185 346 15463 2527 1622 1318 192 613 17567 5440
internal_count=351081 309579 41502 40571 283074 280682 266958 23254 5687 2264 243704 26665 10558 16107 2168 1555 8390 6961 6286 2101 4185 346 15463 2527 1622 1318 192 613 17567 5440
is_linear=0
shrinkage=0.05


Tree=45
num_leaves=31
num_cat=0
split_feature=6 3 9 11 10 12 10 12 10 12 11 10 11 10 11 9 14 11 3 14 10 10 10 10 10 10 12 12 11 12
split_gain=7.34349 5.73441 5.54118 5.34765 14.9142 14.1658 7.99334 8.01459 7.32449 6.29835 18.0342 8.8966 7.15943 5.76061 12.1447 19.4799 7.39195 14.1363 11.7546 10.4145 6.23861 17.7304 7.90928 48.4538 8.70335 20.3274 24.3046 10.7951 8.27241 16.9013
threshold=0.98970637873126988 0.0056490504453516896 0.4863693508981321 -0.022075871244429331 0.0028153334889018393 0.018290982479416521 -0.013932241848525038 -0.063506994691829508 0.0012830782027211109 -0.0497892715245336 0.0019507060207528684 0.00048355916176134889 0.049786162731180202 -0.013327781970057238 -0.0047792055268489611 1.0000000180025095e-35 0.15522193331306103 -0.010447917606839994 -0.0113431628051312 0.10924586065415166 -0.010112209824456707 -0.0064885542336663984 -0.0022466027012056906 -0.0021666724277842882 -0.0018259871478111254 -0.0019060348460245289 0.026210005909285575 0.032681400814823743 0.0086648662449935205 0.047942658028525827
decision_type=2 2 10 2 2 2 2 2 2 2 2 2 2 2 2 10 2 2 2 2 2 2 2 2 2 2 2 2 2 2
left_child=1 2 3 4 5 8 -5 -8 -1 10 -9 -12 13 14 -11 -16 19 -18 -19 20 -15 -22 -23 -24 25 27 -27 -25 29 -26
right_child=-2 -3 -4 6 -6 -7 7 9 -10 12 11 -13 -14 16 15 -17 17 18 -20 -21 21 22 23 24 28 26 -28 -29 -30 -31
leaf_value=1.8912222754187394e-05 2.0317472709641737e-05 1.1238401882456104e-05 0.00021214862803075365 -0.00010688991287009134 -0.00013650151462534342 0.0001542594344752019 -0.00023156596690853266 -4.2270164229301152e-05 0.0002867196314425462 -0.0001997740596098154 0.00090939568148989925 0.00013998616864264348 -0.00015994968782532111 -9.0825000595437977e-05 1.9173211634364677e-05 0.00024568569284797917 -0.00011825529419588944 0.00041271903468087946 0.00012435295140379929 -0.00014705032146728679 5.1527469343009508e-05 -3.8835065124478825e-05 0.00022206125816581366 7.1753982069871079e-05 -4.1555235192468648e-05 0.00021213591358969948 0.00011679426972993113 -0.0001196865659727539 -2.1497334375798097e-06 4.0615165544667218e-05
leaf_weight=14874 53705 54884 2629 6164 3380 1386 1847 1380 268 710 110 725 2414 4626 940 489 626 174 802 3308 10830 33346 1134 1842 57462 330 764 1692 79098 9114
leaf_count=14874 53705 54884 2629 6164 3380 1386 1847 1380 268 710 110 725 2414 4626 940 489 626 174 802 3308 10830 33346 1134 1842 57462 330 764 1692 79098 9114
internal_value=-0.000120539 -0.000217726 -0.000322193 -0.000347219 0.000437511 0.00105639 -0.000418254 -0.000367067 0.000613524 -0.000338484 0.00231377 0.00811377 -0.000366499 -0.000334972 0.00224638 0.00490203 -0.000361886 0.00302122 0.00678279 -0.000388513 -0.000342544 -0.000299625 -0.000414868 -0.000261366 -0.000339052 0.00179559 0.00775137 -4.81053e-05 -0.000406869 -0.000817563
internal_weight=351053 297348 242464 239835 19908 16528 219927 213763 15142 211916 2215 835 209701 207287 2139 1429 205148 1602 976 203546 200238 195612 184782 151436 150302 4628 1094 3534 145674 66576
internal_count=351053 297348 242464 239835 19908 16528 219927 213763 15142 211916 2215 835 209701 207287 2139 1429 205148 1602 976 203546 200238 195612 184782 151436 150302 4628 1094 3534 145674 66576
is_linear=0
shrinkage=0.05


Tree=46
num_leaves=31
num_cat=0
split_feature=9 15 10 16 10 12 10 10 14 16 3 10 10 14 14 14 10 10 12 12 12 14 4 14 14 12 10 14 10 15
split_gain=6.47706 7.05849 6.71814 6.55705 6.37595 14.5897 9.14817 11.7945 6.98306 16.6976 7.45421 6.34296 17.3649 18.0611 12.5 19.471 13.7284 12.9703 10.9329 10.7546 22.2837 47.0143 14.5583 10.4966 18.7947 11.9258 10.4285 11.9562 10.4284 10.4038
threshold=0.13143419475476062 -0.010862768144031197 -0.029463592833469218 -0.03177248154188627 0.0017576086312266483 -0.0800835440536906 -0.0080075928939195556 -0.0066375346949278371 0.094478150147642728 -0.034242082462782535 0.012041126565628059 0.006337694363773628 0.0064542446486700608 -0.015515001009757 -0.093449770795740669 -0.10816573528732347 0.002679704606603384 0.003855857055865886 0.014776442004869829 -0.037182022150964049 -0.00073998910017980524 -0.053534792570075034 0.023457144438746576 -0.069419882954705067 -0.070157890185866142 -0.018266326902635351 0.010263968374022882 -0.0043060965648996632 0.010655378584307098 0.0054489531806593003
decision_type=10 2 2 2 2 2 2 2 2 2 2 2 2 2 2 2 2 2 2 2 2 2 2 2 2 2 2 2 2 2
left_child=2 -2 -1 4 6 -6 -4 8 10 -10 -8 14 13 -13 15 -5 -16 -18 -19 -14 21 23 -23 24 25 -21 27 -24 -26 -17
right_child=1 -3 3 11 5 -7 7 -9 9 -11 -12 12 19 -15 16 29 17 18 -20 20 -22 22 26 -25 28 -27 -28 -29 -30 -31
leaf_value=-0.00030961983436947143 7.8044774006022497e-05 5.145326053542844e-06 -3.7336156853237006e-06 -5.3290347770347434e-07 0.0010194452522611275 -6.3514150784663972e-05 7.8000836706061449e-05 6.4298482516330033e-05 0.00044929252860335825 5.8907260380898304e-05 0.00024998128640959171 -6.221629829607232e-05 -8.8723890587649184e-05 0.00024079157854772597 -9.3368378236850834e-06 0.00028738699699497729 -0.00010601700707396866 -0.0001042247426764169 -1.0247887614813567e-06 7.82709437226672e-05 -1.0495820751716911e-05 8.9804720363167672e-05 0.00028266143448137392 -0.00012430686905986568 7.9106479451218471e-05 -5.9738717104536853e-05 -2.971000063777702e-05 0.00041657991265034862 0.00049684005802342647 0.00050716360287100587
leaf_weight=1551 7432 65198 6816 1320 59 4679 628 5967 168 191 116 417 6581 828 151131 424 13530 9038 20566 2735 41671 1809 1240 2095 282 3332 202 343 390 245
leaf_count=1551 7432 65198 6816 1320 59 4679 628 5967 168 191 116 417 6581 828 151131 424 13530 9038 20566 2735 41671 1809 1240 2095 282 3332 202 343 390 245
internal_value=-0.000125847 0.000294643 -0.000235565 -0.000217177 0.000688895 -0.000894894 0.00122929 0.00248939 0.00723935 0.0129666 0.00447581 -0.000282538 0.000158658 0.00600401 -0.000421751 0.00352187 -0.000462128 -0.0012489 -0.000662749 3.87266e-05 0.000270891 0.00212906 0.00695047 0.000167533 0.0011285 0.00024971 0.0101541 0.0115193 0.0090625 0.0104709
internal_weight=350984 72630 278354 276803 18624 4738 13886 7070 1103 359 744 258179 61925 1245 196254 1989 194265 43134 29604 60680 54099 12428 3594 8834 6739 6067 1785 1583 672 669
internal_count=350984 72630 278354 276803 18624 4738 13886 7070 1103 359 744 258179 61925 1245 196254 1989 194265 43134 29604 60680 54099 12428 3594 8834 6739 6067 1785 1583 672 669
is_linear=0
shrinkage=0.05


Tree=47
num_leaves=31
num_cat=0
split_feature=5 10 10 14 3 10 10 16 11 11 13 9 16 10 14 10 10 14 14 13 13 13 10 11 11 10 14 10 13 13
split_gain=6.66948 6.61781 13.8597 85.0489 15.8644 9.40362 15.1873 26.4013 18.0286 14.4614 13.6518 12.5824 9.67327 9.45608 24.8232 21.3646 9.4504 8.02239 28.4529 20.9982 19.0496 38.1697 20.7051 20.4538 29.6671 11.0573 11.0392 15.9268 12.2248 31.2178
threshold=0.025419976968231176 -0.00090813220521157579 -0.0010954591841218495 0.041398643260536445 -0.00015613150032139919 0.00090086479202544656 0.0015949691897426679 -0.016444366738317836 -0.016025846447031252 -0.018933326059028085 25.505000114440922 0.1186486586887411 0.019870564954495688 0.0039191669911444746 -0.058539441914538297 0.0029261578835271256 0.0011530196642344228 0.00619378828642947 -0.00055695222357982066 14.059999942779543 16.510000228881839 16.614999771118168 -0.0064885542336663984 -0.0047792055268489611 0.0057609593190406381 -0.0045277696636227818 0.022826998483341358 -0.0086987636486000035 17.530000686645511 18.595000267028812
decision_type=2 2 2 2 2 2 2 2 2 2 2 10 2 2 2 2 2 2 2 2 2 2 2 2 2 2 2 2 2 2
left_child=1 2 17 -4 -5 10 7 11 -8 -9 -3 -7 -12 14 -10 -16 -13 18 -1 -20 22 25 23 -19 -25 -22 -23 -28 -29 -30
right_child=-2 5 3 4 -6 6 8 9 13 -11 12 16 -14 -15 15 -17 -18 20 19 -21 21 26 -24 24 -26 -27 27 28 29 -31
leaf_value=3.3990118239337719e-06 5.7624724225907546e-05 -4.2516032781630408e-05 -0.00024942595756038646 0.00087991060498695194 0.00028211984606531037 0.00014522799653800221 -0.00011775735640139386 0.00057010646370982739 0.00024212775934817608 1.3637199556318915e-05 -0.00021433537823073958 0.0014552965589367081 0.00086533863689170409 1.370638866413004e-06 -5.7122297834425335e-06 -0.00011440825551569177 0.00028690644080391867 -2.5128340866701033e-05 0.00016903318326853343 8.2037904422090443e-05 9.731275438651973e-05 -9.4284469979040881e-05 -7.57680918891455e-05 0.00023551064630326202 -3.6539916019654833e-05 0.00020509356308954859 -2.0928252067257583e-05 -2.5542557882463455e-05 0.00017211099250345657 2.1470015326777485e-05
leaf_weight=25017 27701 36883 812 304 98 1114 8819 291 770 12456 116 96 244 102750 23308 12728 202 7716 804 3983 788 4745 21286 1605 1640 1203 28296 6457 5967 12534
leaf_count=25017 27701 36883 812 304 98 1114 8819 291 770 12456 116 96 244 102750 23308 12728 202 7716 804 3983 788 4745 21286 1605 1640 1203 28296 6457 5967 12534
internal_value=-0.000120221 -0.00018407 0.000104051 0.0054201 0.0242289 -0.00036183 -0.000197621 0.00136697 -0.000346926 0.000648387 -0.00107846 0.00785411 0.00861111 -0.000208376 -0.000896051 -0.00108586 0.0169799 5.11701e-05 0.000764326 0.00429601 -0.000179268 0.000347557 -0.00115933 0.000606239 0.00393682 0.00715469 0.00011388 0.000319787 0.00124048 0.00189422
internal_weight=350733 323032 123255 1214 402 199777 162534 14159 148375 12747 37243 1412 360 139556 36806 36036 298 122041 29804 4787 92237 59990 32247 10961 3245 1991 57999 53254 24958 18501
internal_count=350733 323032 123255 1214 402 199777 162534 14159 148375 12747 37243 1412 360 139556 36806 36036 298 122041 29804 4787 92237 59990 32247 10961 3245 1991 57999 53254 24958 18501
is_linear=0
shrinkage=0.05


end of trees

feature_importances:
vix_level=248
spy_ret_5d=239
spy_ret_1d=236
spy_ret_20d=194
vix_chg_1d=152
atr_pct=76
sector_ret_1d=45
sector_ret_5d=45
dist_ma50=39
dist_ma200=37
overnight_gap=32
dvol_z_20=25
ret_20d=21
parkinson_20=21
dist_ma20=13
ret_1d=10
ret_5d=7

parameters:
[boosting: gbdt]
[objective: quantile]
[metric: quantile]
[tree_learner: serial]
[device_type: cpu]
[data_sample_strategy: bagging]
[data: ]
[valid: ]
[num_iterations: 120]
[learning_rate: 0.05]
[num_leaves: 31]
[num_threads: -1]
[seed: 0]
[deterministic: 0]
[force_col_wise: 1]
[force_row_wise: 0]
[histogram_pool_size: -1]
[max_depth: -1]
[min_data_in_leaf: 40]
[min_sum_hessian_in_leaf: 0.001]
[bagging_fraction: 0.85]
[pos_bagging_fraction: 1]
[neg_bagging_fraction: 1]
[bagging_freq: 1]
[bagging_seed: 3]
[bagging_by_query: 0]
[feature_fraction: 0.85]
[feature_fraction_bynode: 1]
[feature_fraction_seed: 2]
[extra_trees: 0]
[extra_seed: 6]
[early_stopping_round: 0]
[early_stopping_min_delta: 0]
[first_metric_only: 0]
[max_delta_step: 0]
[lambda_l1: 0]
[lambda_l2: 0]
[linear_lambda: 0]
[min_gain_to_split: 0]
[drop_rate: 0.1]
[max_drop: 50]
[skip_drop: 0.5]
[xgboost_dart_mode: 0]
[uniform_drop: 0]
[drop_seed: 4]
[top_rate: 0.2]
[other_rate: 0.1]
[min_data_per_group: 100]
[max_cat_threshold: 32]
[cat_l2: 10]
[cat_smooth: 10]
[max_cat_to_onehot: 4]
[top_k: 20]
[monotone_constraints: ]
[monotone_constraints_method: basic]
[monotone_penalty: 0]
[feature_contri: ]
[forcedsplits_filename: ]
[refit_decay_rate: 0.9]
[cegb_tradeoff: 1]
[cegb_penalty_split: 0]
[cegb_penalty_feature_lazy: ]
[cegb_penalty_feature_coupled: ]
[path_smooth: 0]
[interaction_constraints: ]
[verbosity: -1]
[saved_feature_importance_type: 0]
[use_quantized_grad: 0]
[num_grad_quant_bins: 4]
[quant_train_renew_leaf: 0]
[stochastic_rounding: 1]
[linear_tree: 0]
[max_bin: 255]
[max_bin_by_feature: ]
[min_data_in_bin: 3]
[bin_construct_sample_cnt: 200000]
[data_random_seed: 1]
[is_enable_sparse: 1]
[enable_bundle: 1]
[use_missing: 1]
[zero_as_missing: 0]
[feature_pre_filter: 1]
[pre_partition: 0]
[two_round: 0]
[header: 0]
[label_column: ]
[weight_column: ]
[group_column: ]
[ignore_column: ]
[categorical_feature: ]
[forcedbins_filename: ]
[precise_float_parser: 0]
[parser_config_file: ]
[objective_seed: 5]
[num_class: 1]
[is_unbalance: 0]
[scale_pos_weight: 1]
[sigmoid: 1]
[boost_from_average: 1]
[reg_sqrt: 0]
[alpha: 0.9]
[fair_c: 1]
[poisson_max_delta_step: 0.7]
[tweedie_variance_power: 1.5]
[lambdarank_truncation_level: 30]
[lambdarank_norm: 1]
[label_gain: ]
[lambdarank_position_bias_regularization: 0]
[eval_at: ]
[multi_error_top_k: 1]
[auc_mu_weights: ]
[num_machines: 1]
[local_listen_port: 12400]
[time_out: 120]
[machine_list_filename: ]
[machines: ]
[gpu_platform_id: -1]
[gpu_device_id: -1]
[gpu_device_id_list: ]
[gpu_use_dp: 0]
[num_gpu: 1]

end of parameters

pandas_categorical:[]
