tree
version=v4
num_class=1
num_tree_per_iteration=1
label_index=0
max_feature_idx=16
objective=quantile
feature_names=ret_1d ret_5d ret_20d overnight_gap atr_pct parkinson_20 dvol_z_20 dist_ma20 dist_ma50 dist_ma200 spy_ret_1d spy_ret_5d spy_ret_20d vix_level vix_chg_1d sector_ret_1d sector_ret_5d
feature_infos=[-0.36626226916931681:0.70247658502878108] [-0.48252200127121203:1.1251355924849222] [-0.60685567956864706:2.169683297733493] [-0.2999951128702113:0.81091037918768527] [0.0032988724806232487:0.25940783354984664] [0:0.14307659814888143] [-3.2907615304949616:4.3572650102159498] [-0.46576173674646171:0.95360892160540733] [-0.53223618031946573:1.2955511739187724] [-0.73774673575219962:3.8068149082611287] [-0.058542971330535654:0.10501930183911301] [-0.11496151859245618:0.082843162776128354] [-0.1226559005192206:0.15756591020035837] [11.859999656677246:52.330001831054688] [-0.35753873962348437:0.74039073966007019] [-0.091999030713283303:0.13425697132599002] [-0.18680848466589095:0.11773217696052685]
tree_sizes=3042 3090 3078 3120 3068 3122 3092 3090 3081 3097 3115 3135 3120 3085 3103 3103 3126 3133 3096 3095 3133 3081 3085 3122 3122 3108 3105 3110 3130 3102 3130 3139 3137 3138 3139 3124 3142 3117 3114 3124 3124 3133 3147 3165 3100 3117 3130 3153 3103 3139 3105 3144 3126 3163 3143 3169 3129 3153 3126 3128 3161 3134 3159 3175 3115 3104 3182 3161 3162 3147 3157 3123 3155 3102 3141 3124 3176 3129 3119

Tree=0
num_leaves=31
num_cat=0
split_feature=4 4 4 15 15 10 10 10 12 6 12 10 5 5 5 14 6 13 16 6 10 4 6 13 6 13 12 13 13 10
split_gain=1594.6 260.816 225.725 161.128 96.4139 72.3201 71.107 69.9232 88.0068 62.1635 51.4208 48.1168 44.7491 43.3898 39.9283 37.0232 32.1516 23.4757 23.4564 21.3128 19.5079 17.9154 16.9637 14.7307 14.5284 14.1217 14.0617 13.8632 18.494 17.1024
threshold=0.033214475396696093 0.022867505649695426 0.048376010585515945 -0.040614005752933995 -0.040614005752933995 0.06903334451863076 0.06903334451863076 -0.029463592833469218 -0.007281546892151213 0.67832304849828418 -0.020341503552033343 0.017102322993862277 0.040142938365013259 0.022424437753380436 0.016804970133023015 0.21504170766917155 0.51280004020102188 24.385000228881839 -0.033556119001591826 0.3256876187593763 -0.020247544478179221 0.018125570926585986 0.85616958256764097 27.855000495910648 0.25698634722184283 25.19999980926514 -0.007281546892151213 30.345000267028812 28.970000267028812 -0.017312000709356064
decision_type=2 2 2 2 2 2 2 2 2 2 2 2 2 2 2 2 2 2 2 2 2 2 2 2 2 2 2 2 2 2
left_child=1 7 4 10 18 11 13 8 -1 14 -3 12 15 22 -5 20 21 -14 -2 27 -4 -9 -6 -11 -22 -13 -17 28 29 -15
right_child=2 3 5 9 6 -7 -8 16 -10 23 -12 25 17 19 -16 26 -18 -19 -20 -21 24 -23 -24 -25 -26 -27 -28 -29 -30 -31
leaf_value=-0.031274597433256487 -0.032125398375583161 -0.031695735918947678 -0.028962195567420433 -0.028668523298177803 -0.029118785388456001 -0.033708925207518073 -0.031285626040844831 -0.028293772464603038 -0.02829245537472555 -0.02907033069016909 -0.029515650804513783 -0.029857609996458662 -0.031540562295464092 -0.0301288055172741 -0.028914217793676832 -0.033028327986641355 -0.028580558770858591 -0.030648529788772357 -0.029108484262936263 -0.029954102068730393 -0.029925731828001727 -0.028480319011745119 -0.029612718145333849 -0.029630851267386481 -0.030591387386799961 -0.02844990249537846 -0.029990114328628158 -0.028644763657994687 -0.029688030086016885 -0.029428703336184268
leaf_weight=201 308 321 516 54316 17782 171 182 63682 223 23116 150 430 2497 246 35715 268 40978 936 58 5548 7736 69532 3978 536 3217 681 92 705 278 14964
leaf_count=201 308 321 516 54316 17782 171 182 63682 223 23116 150 430 2497 246 35715 268 40978 936 58 5548 7736 69532 3978 536 3217 681 92 705 278 14964
internal_value=-0.0288193 -0.0272719 -0.0361936 -0.0291304 -0.0343234 -0.0411732 -0.0341092 -0.026057 -0.0463371 -0.0290095 -0.0583145 -0.0408354 -0.0415667 -0.0339788 -0.0284102 -0.0401082 -0.0260076 -0.0465924 -0.0598791 -0.0355586 -0.0396126 -0.0256309 -0.0324003 -0.0312906 -0.0400602 -0.0307892 -0.0558968 -0.0346422 -0.0349544 -0.0347208
internal_weight=349363 288770 60593 114154 44049 16544 43683 174616 424 113683 471 16373 15262 43501 90031 11829 174192 3433 366 21741 11469 133214 21760 23652 10953 1111 360 16193 15488 15210
internal_count=349363 288770 60593 114154 44049 16544 43683 174616 424 113683 471 16373 15262 43501 90031 11829 174192 3433 366 21741 11469 133214 21760 23652 10953 1111 360 16193 15488 15210
is_linear=0
shrinkage=1


Tree=1
num_leaves=31
num_cat=0
split_feature=4 4 4 10 11 10 14 12 10 10 11 10 5 10 12 12 4 5 10 10 14 4 11 12 10 13 13 5 13 10
split_gain=1391.36 223.771 197.108 102.744 88.6382 79.631 78.9929 77.2472 65.3162 62.1879 79.1649 43.7398 41.7099 41.6545 44.7571 70.2643 37.9554 36.5196 31.2315 39.6948 26.5276 26.2483 18.4385 14.7853 18.2855 14.103 26.785 14.6361 14.3878 13.4083
threshold=0.032537016254687585 0.022787397599659257 0.048376010585515945 -0.029463592833469218 -0.035697741943328191 0.06903334451863076 0.22590160926733996 -0.007281546892151213 0.06903334451863076 -0.029463592833469218 -0.035697741943328191 0.017102322993862277 0.022424437753380436 -0.017312000709356064 -0.007281546892151213 -0.049048436065559579 0.068207556574371234 0.016804970133023015 -0.029463592833469218 -0.020247544478179221 0.22590160926733996 0.018059954169983624 0.021519760104925626 -0.071455509470426767 -0.0028966274865073745 24.630000114440922 23.604999542236332 0.029492613711850402 46.145000457763679 -0.029463592833469218
decision_type=2 2 2 2 2 2 2 2 2 2 2 2 2 2 2 2 2 2 2 2 2 2 2 2 2 2 2 2 2 2
left_child=1 9 6 4 -3 11 8 18 12 10 -1 16 -2 14 15 -5 20 -15 -8 -20 25 -11 -14 24 -18 26 27 -4 -27 -22
right_child=2 3 5 13 -6 -7 7 -9 -10 21 -12 -13 22 17 -16 -17 23 -19 19 -21 29 -23 -24 -25 -26 28 -28 -29 -30 -31
leaf_value=-0.0023201884223492653 -0.00034060882149245089 -0.0026074855891529232 -0.00090105430759276385 -0.00036953182188978646 0.00035661415077086969 -0.0044670490846758469 -0.003394939678113806 1.4970187644411979e-05 -0.0024010151402978968 0.00046796222338822208 0.00051548689400543891 -0.00017604774170602153 -0.00079910570330763472 8.9750032782039141e-05 0.0003972884916629535 -0.0013606815883402379 -0.00072065615689964895 -0.00012798536519587086 0.00065104310141668334 -0.0016521252739689738 -0.0049837825614035382 0.00027089137947866864 -0.00037832028956343841 -0.0024578028679847841 -0.0025401879448800758 -0.000580818501485577 -0.001816099064694721 -0.0014811087918443124 -0.0017055756846851269 -0.0022944356660283102
leaf_weight=189 25162 284 3171 935 201 176 248 336 174 80942 211 1113 17106 69060 823 506 379 39554 115 242 104 91732 4749 3257 87 2077 447 5400 176 169
leaf_count=189 25162 284 3171 935 201 176 248 336 174 80942 211 1113 17106 69060 823 506 379 39554 115 242 104 91732 4749 3257 87 2077 447 5400 176 169
internal_value=6.17975e-05 0.00156708 -0.00655701 -0.000181254 -0.0231443 -0.011263 -0.00493829 -0.0192827 -0.00465226 0.00269203 -0.017 -0.0109035 -0.0045391 -8.08094e-05 -0.00679329 -0.0121062 -0.0116012 5.91086e-05 -0.0299587 -0.0204902 -0.0101854 0.00273764 -0.00613704 -0.0159911 -0.00766094 -0.00981235 -0.0106964 -0.0100741 -0.00627386 -0.0255861
internal_weight=349125 284437 64688 111363 485 16556 48132 941 47191 173074 400 16380 47017 110878 2264 1441 15267 108614 605 357 11544 172674 21855 3723 466 11271 9018 8571 2253 273
internal_count=349125 284437 64688 111363 485 16556 48132 941 47191 173074 400 16380 47017 110878 2264 1441 15267 108614 605 357 11544 172674 21855 3723 466 11271 9018 8571 2253 273
is_linear=0
shrinkage=0.05


Tree=2
num_leaves=31
num_cat=0
split_feature=4 4 5 13 6 13 6 13 6 6 5 13 13 13 5 13 12 5 13 11 13 13 11 3 13 8 12 11 13 13
split_gain=1226.47 198.06 192.235 92.4344 61.7085 53.9139 52.7063 43.7876 39.9357 39.0171 33.6231 36.7286 33.3702 29.9938 25.7732 24.9575 22.8551 22.0984 20.7322 19.9692 19.8237 29.8184 18.0984 17.8556 16.6109 15.7392 14.2381 25.7208 18.0275 21.4438
threshold=0.031713345031654912 0.045572307385731869 0.013713821268493272 43.015001296997077 0.76455439340169329 43.015001296997077 0.43009412912732503 28.970000267028812 0.85616958256764097 0.51280004020102188 0.032778658881043185 24.630000114440922 28.970000267028812 46.145000457763679 0.019103389373859001 46.145000457763679 -0.018805690577708031 0.01658853538440817 33.719999313354499 0.0090657625478496335 27.855000495910648 30.345000267028812 -0.040606283895635913 -0.00087299470197288443 27.855000495910648 -0.16766952772051816 -0.0041728590088926923 -0.022354679901405047 21.134999275207523 22.119999885559086
decision_type=2 2 2 2 2 2 2 2 2 2 2 2 2 2 2 2 2 2 2 2 2 2 2 2 2 10 2 2 2 2
left_child=2 5 9 6 10 8 17 -6 14 -1 -3 -12 -10 -7 -2 -5 25 -4 23 26 -8 22 -22 -14 -11 -9 27 -16 -29 -30
right_child=1 4 3 15 7 13 20 16 12 24 11 -13 18 -15 19 -17 -18 -19 -20 -21 21 -23 -24 -25 -26 -27 -28 28 29 -31
leaf_value=0.00040058135902259736 -0.00010647998446670481 -0.00080652373482350919 0.00015854244089216209 -0.0011116812531522698 -0.0021448187124007631 -0.0015569038396630241 -0.00019014500711462631 -0.0030510747332636395 -0.00082172449118599858 0.00020384674565114056 -0.0017773125897910576 -0.00083073577405253255 -0.002868666465423456 -0.0010551038666805007 -0.00038354064421142078 -0.00067325664801021104 -0.0040216414845312973 -3.3968211455180294e-05 0.00037957990771247008 -0.00026620920217935491 -0.0030103104235963138 0.0002373519680000754 -0.00078996744017897967 -0.00017314986921855807 -0.0010465082951362753 -0.0021689991459427045 -0.00040272754910799082 -0.00054781420435510888 -0.0024827156017574823 -0.00078477253926145676
leaf_weight=124120 8850 9708 53788 169 3220 131 27457 240 8157 40765 5137 2117 214 306 2747 235 178 32212 68 13218 101 223 132 50 258 148 10177 2574 438 2378
leaf_count=124120 8850 9708 53788 169 3220 131 27457 240 8157 40765 5137 2117 214 306 2747 235 178 32212 68 13218 101 223 132 50 258 148 10177 2574 438 2378
internal_value=0.000130695 -0.00578494 0.00161365 3.74837e-05 -0.00988336 -0.0040604 0.000122155 -0.015655 -0.00390405 0.00270472 -0.00859509 -0.0111704 -0.00702144 -0.0215446 -0.00324872 -0.0238366 -0.0284806 0.000734884 -0.0225602 -0.00391792 -0.00176566 -0.0121053 -0.0246137 -0.0289015 0.00136789 -0.0216753 -0.00498689 -0.00654602 -0.00855288 -0.0113175
internal_weight=349516 70056 279460 114317 20748 49308 113913 3786 48871 165143 16962 7254 8489 437 40382 404 566 86000 332 31532 27913 456 233 264 41023 388 18314 8137 5390 2816
internal_count=349516 70056 279460 114317 20748 49308 113913 3786 48871 165143 16962 7254 8489 437 40382 404 566 86000 332 31532 27913 456 233 264 41023 388 18314 8137 5390 2816
is_linear=0
shrinkage=0.05


Tree=3
num_leaves=31
num_cat=0
split_feature=13 9 10 8 0 11 13 0 3 13 11 0 3 9 3 12 12 6 12 8 14 10 10 10 8 14 14 9 14 1
split_gain=314.716 259.257 199.931 162.171 156.647 154.828 94.9397 75.9693 61.5787 48.6001 46.3491 42.3434 36.9192 34.5492 32.8333 31.0726 27.7614 26.8274 24.347 23.4274 19.8452 19.8107 70.13 20.1583 19.6999 19.2431 29.7942 19.0861 18.0511 16.705
threshold=28.970000267028812 0.3517854213118688 -0.029463592833469218 -0.091425584304779303 0.064217648621686566 -0.022762768939498131 29.835000038146976 -0.02251530034138732 0.015886899436118321 14.904999732971193 -0.055970662091911087 -0.03942556106111849 -0.0087282892202373268 0.52394507286238978 0.013908199252541721 -0.042339723299349867 -0.0066426412641200075 0.41478860060499578 -0.0086076818895993706 -0.1562234725819551 0.24994374642796716 0.0055649513085964672 0.006337694363773628 0.0063034677603397435 0.024461903834334001 -0.098691693357393515 -0.11544121967691799 -0.15920315421128287 0.17907813454888047 0.071328880479186965
decision_type=2 10 2 10 2 2 2 2 2 2 2 2 2 10 2 2 2 2 2 8 2 2 2 2 10 2 2 8 2 2
left_child=1 3 5 11 6 -2 24 -5 9 29 -8 -1 16 -3 19 -12 18 27 20 -13 21 -11 23 -23 -4 26 -16 -14 -21 -9
right_child=2 13 4 7 -6 -7 10 8 -10 12 15 14 17 -15 25 -17 -18 -19 -20 28 -22 22 -24 -25 -26 -27 -28 -29 -30 -31
leaf_value=-0.0011798412625463597 -0.0030389915905216576 -0.00061081609643894941 -0.00099253420297558881 -0.00027828650730338868 -0.0034475872314344565 -0.00024754059642085431 -0.0010389547934302854 0.00031010244180020409 -0.00032776283708414039 -0.00018779762430816402 0.00046701846542867372 -0.00074160832345007569 -0.00022610843936886769 -0.0015714107439646335 -0.00020628448464428889 -0.00080308789182552377 1.7094309407773705e-06 -1.3493498491028156e-05 -0.0009842630487529667 -0.00010372199935997375 -0.0017693721655030394 -0.00092759325317451563 -0.0002275523955522368 -0.0048874273601166593 -0.0004141528441905639 -0.0006995393080903088 -0.0017789369849994529 0.00018936953501563682 -0.00076593858496911338 -0.0001107833899357755
leaf_weight=2576 857 6269 668 17868 298 426 850 89133 9914 3145 3349 4051 3828 4341 266 579 8671 37717 409 25282 46 86 911 183 181 1743 366 121148 623 3583
leaf_count=2576 857 6269 668 17868 298 426 850 89133 9914 3145 3349 4051 3828 4341 266 579 8671 37717 409 25282 46 86 911 183 181 1743 366 121148 623 3583
internal_value=0.000147939 0.000365751 -0.0101915 0.000611961 -0.00631646 -0.0280865 -0.00444553 0.000991296 0.00119387 0.00133657 -0.00170783 -0.00261165 0.000848851 -0.00732799 -0.0021201 0.000582994 -0.00166865 0.00105699 -0.00472803 -0.00167145 -0.00363647 -0.00328902 -0.00881356 -0.0312454 -0.0198528 -0.00777895 -0.0152532 0.00140971 -0.00111851 0.00226315
internal_weight=349367 342159 7208 331549 5925 1283 5627 296642 278774 268860 4778 34907 176144 10610 32331 3928 13451 162693 4780 29956 4371 4325 1180 269 849 2375 632 124976 25905 92716
internal_count=349367 342159 7208 331549 5925 1283 5627 296642 278774 268860 4778 34907 176144 10610 32331 3928 13451 162693 4780 29956 4371 4325 1180 269 849 2375 632 124976 25905 92716
is_linear=0
shrinkage=0.05


Tree=4
num_leaves=31
num_cat=0
split_feature=4 5 5 15 15 14 6 6 6 4 15 13 13 4 13 14 13 13 5 5 15 13 13 13 0 13 6 16 13 15
split_gain=1032.86 178.438 156.382 112.011 110.734 88.2466 43.345 34.8481 34.2366 31.8297 29.7809 28.4929 23.7789 21.9649 21.7198 26.2766 19.9671 22.5853 17.4576 15.4896 15.369 15.0599 21.7743 14.934 18.2497 12.8618 14.422 10.5856 10.3288 12.2825
threshold=0.031713345031654912 0.013713821268493272 0.025979153566273783 -0.040614005752933995 -0.040614005752933995 -0.19490876951167976 1.0144814791797325 0.85616958256764097 0.80775241298889755 0.068207556574371234 0.037331228257165068 29.835000038146976 29.835000038146976 0.026876906608075474 24.385000228881839 0.22590160926733996 30.345000267028812 38.065000534057624 0.0186883979606219 0.010540625366194857 -0.040614005752933995 28.970000267028812 26.284999847412113 28.970000267028812 0.054430384858745635 23.694999694824222 0.28387139927530947 0.01414086714270957 29.835000038146976 -0.040614005752933995
decision_type=2 2 2 2 2 2 2 2 2 2 2 2 2 2 2 2 2 2 2 2 2 2 2 2 2 2 2 2 2 2
left_child=1 8 3 12 11 10 13 18 19 14 -4 -3 -2 -6 25 -16 21 -18 -5 -1 -17 22 -11 -9 -25 26 -7 -20 -10 -30
right_child=2 4 5 7 6 9 -8 23 28 16 -12 -13 -14 -15 15 20 17 -19 27 -21 -22 -23 -24 24 -26 -27 -28 -29 29 -31
leaf_value=0.0004674310136316573 -0.00095231387085534995 -0.0012778021332344369 -0.00080207950015869899 -5.5280779613215435e-05 0.00013228157422549416 -0.00083802654980476949 -0.00027534713924840405 -0.00076818389313952759 0.00016225628250760135 -0.0021512098431133359 -0.0036943271946987704 -0.0019396208376930839 -0.0029703814393010415 -4.6998666259194509e-05 -0.0004097056995903936 -0.0044397324293645865 0.00030583263167633902 -0.0019454436546051869 -0.00040187565605982419 0.00030597830821875086 -0.00098561653519737744 -0.0024871655855670844 -1.1940310681750499e-05 -0.0010405886317031141 -0.0015232809312690353 -0.0011069099682047981 -0.0014526045909895604 -0.00019849992439976367 -0.0019459193901926524 -0.00042976556485935826
leaf_weight=48054 159 172 73 7077 60134 10769 16003 7691 30682 2832 233 265 288 37579 3924 61 460 212 21015 85639 147 199 300 380 70 680 4117 9291 41 114
leaf_count=48054 159 172 73 7077 60134 10769 16003 7691 30682 2832 233 265 288 37579 3924 61 460 212 21015 85639 147 199 300 380 70 680 4117 9291 41 114
internal_value=0.000184721 0.00154841 -0.00524608 -0.00353799 2.94782e-05 -0.00851689 0.000126016 -0.00329343 0.00260226 -0.00817244 -0.0351961 -0.0250915 -0.0284452 0.000521067 -0.00734643 -0.00412391 -0.0122371 -0.004375 -0.00264786 0.00294866 -0.0214423 -0.0138232 -0.0129757 -0.00625783 -0.0151111 -0.00820185 -0.00789467 -0.00317 0.00110046 -0.0117742
internal_weight=348661 278683 69978 45971 114153 24007 113716 45524 164530 23701 306 437 447 97713 19698 4132 4003 672 37383 133693 208 3331 3132 8141 450 15566 14886 30306 30837 155
internal_count=348661 278683 69978 45971 114153 24007 113716 45524 164530 23701 306 437 447 97713 19698 4132 4003 672 37383 133693 208 3331 3132 8141 450 15566 14886 30306 30837 155
is_linear=0
shrinkage=0.05


Tree=5
num_leaves=31
num_cat=0
split_feature=4 4 10 4 15 15 15 11 5 6 10 11 12 6 10 11 5 6 12 11 6 12 11 5 0 5 10 10 11 5
split_gain=909.918 161.321 146.693 131.19 78.1667 76.34 45.7953 53.2808 41.1056 37.0801 34.9293 51.1822 30.2447 26.1873 23.8812 19.1613 17.9433 16.8324 15.9465 19.4413 15.7127 17.3515 15.6821 14.0779 13.8991 12.3838 11.379 11.0897 10.9527 10.9402
threshold=0.031327172124276638 0.022247228673016015 0.06903334451863076 0.040435160135094191 -0.040614005752933995 -0.040614005752933995 -0.040614005752933995 -0.040606283895635913 0.032778658881043185 0.76455439340169329 -0.029463592833469218 -0.035697741943328191 -0.020341503552033343 0.41478860060499578 0.01542612816856115 0.039736199013419633 0.016386692054606095 0.61995351628762796 -0.071455509470426767 0.0086648662449935205 0.29809037906712826 -0.071455509470426767 -0.040606283895635913 0.01093414145365457 0.054430384858745635 0.024206885649800444 -0.017312000709356064 -0.0017910689910654585 0.011662466264334872 0.011431136879679031
decision_type=2 2 2 2 2 2 2 2 2 2 2 2 2 2 2 2 2 2 2 2 2 2 2 2 2 2 2 2 2 2
left_child=1 10 3 4 22 12 7 -5 15 16 11 -1 -3 23 18 20 -7 -6 27 -20 21 -8 -2 -12 -4 -23 -11 -10 -18 -15
right_child=2 5 24 6 17 9 8 -9 14 26 13 -13 -14 29 -16 -17 28 -19 19 -21 -22 25 -24 -25 -26 -27 -28 -29 -30 -31
leaf_value=-0.0020048537963910048 -0.0027684531735545749 -0.0020433674139550685 -0.0018637735409959182 -0.004241358397767239 -0.00023545091018288127 0.00013079512854423205 0.00011547770910702758 -0.0006172787409159206 8.4209314462589153e-05 -0.00076305296101002846 0.00043281206745947472 0.00044789853259669137 -0.00025179807870029527 0.00030764333085491033 -0.00023859587531266269 -4.3490414958074716e-05 -0.00010454419970103232 -0.00056941713578839432 -0.0019035246513507511 -0.0011539427999747206 -0.0010723373617748449 -0.0003520705765826421 -0.001153123678313968 0.00029429214142364518 -0.0031204127442276785 -0.00075050518318253191 -0.00017606420311545328 -0.0022409755557737765 0.00010847552435851195 7.7110736988842267e-05
leaf_weight=167 183 288 67 208 31931 56799 1132 200 469 591 51467 209 148 24369 821 1603 21511 8799 4068 3370 5958 3806 100 69387 296 9541 21177 96 12334 18128
leaf_count=167 183 288 67 208 31931 56799 1132 200 469 591 51467 209 148 24369 821 1603 21511 8799 4068 3370 5958 3806 100 69387 296 9541 21177 96 12334 18128
internal_value=0.000225257 0.00153331 -0.00475457 -0.00459535 -0.00273535 7.87787e-05 -0.00703473 -0.0236765 -0.00681474 0.00015977 0.00253584 -0.0126862 -0.0208028 0.00257088 -0.00969855 -0.00566016 0.000604784 -0.0025534 -0.0105317 -0.0111468 -0.00607305 -0.00518371 -0.0289223 0.00294628 -0.0364601 -0.00568779 -0.00169331 -0.00243363 -0.000306544 0.00150328
internal_weight=349223 276575 72648 72285 41013 112848 31272 408 30864 112412 163727 376 436 163351 8824 22040 90644 40730 8003 7438 20437 14479 283 120854 363 13347 21768 565 33845 42497
internal_count=349223 276575 72648 72285 41013 112848 31272 408 30864 112412 163727 376 436 163351 8824 22040 90644 40730 8003 7438 20437 14479 283 120854 363 13347 21768 565 33845 42497
is_linear=0
shrinkage=0.05


Tree=6
num_leaves=31
num_cat=0
split_feature=4 10 4 4 10 12 15 14 14 13 10 6 8 13 11 14 12 10 6 13 4 13 11 10 12 11 10 13 4 4
split_gain=827.738 155.746 150.826 103.475 68.1413 59.572 52.3721 49.1382 38.6053 34.4127 48.4209 32.5038 32.216 30.7777 31.0034 29.2633 29.0441 26.0416 26.0013 25.7203 23.1542 17.9865 17.9013 28.8546 21.8807 17.9425 17.1011 22.4773 16.4887 16.4628
threshold=0.031713345031654912 0.06903334451863076 0.022247228673016015 0.040435160135094191 -0.017312000709356064 -0.007281546892151213 -0.040614005752933995 0.22590160926733996 0.15844695899744313 27.855000495910648 -0.029463592833469218 1.0144814791797325 0.35151420868843569 38.065000534057624 -0.055970662091911087 0.24994374642796716 -0.007281546892151213 0.0091813381816910917 0.85616958256764097 23.409999847412113 0.052147055501550202 21.914999961853031 -0.031453464626615406 -0.0017910689910654585 -0.062212447341067838 -0.029337474403061222 -0.029463592833469218 28.970000267028812 0.018401616861396592 0.028348676950014549
decision_type=2 2 2 2 2 2 2 2 2 2 2 2 8 2 2 2 2 2 2 2 2 2 2 2 2 2 2 2 2 2
left_child=2 3 9 6 5 8 -2 12 -4 18 -11 29 17 15 -15 -10 26 20 28 21 -5 -19 23 -22 -24 -26 -9 -28 -1 -6
right_child=1 -3 4 7 11 -7 -8 16 13 10 -12 -13 -14 14 -16 -17 -18 19 -20 -21 22 -23 24 -25 25 -27 27 -29 -30 -31
leaf_value=0.00039368726431408471 -0.0021026782476588012 -0.0028332722336896375 -0.00020638694477532931 -0.0006539122836106883 0.00011745722272833318 0.00032306460375941488 -0.00029259218885587201 -0.0041632779940913934 -0.0011342438481906799 -0.001822906686096612 7.0199675750329713e-05 -0.00020907829760151919 -0.0016832683194683959 -0.00077243168989449176 0.0007908065035291226 -0.0021486692664111438 -0.00041673233839161096 -0.00062476812556607343 0.00015272282208578488 0.00025024598108020586 0.00020528873437342687 -0.0021864428808126318 -0.0016463117635315734 -0.0019701874167625285 -0.0032125049200183104 -0.0011773996397825403 -0.004157595162359193 -0.00069643118382100438 0.00024982067332609409 -5.3440816065819998e-05
leaf_weight=73558 254 373 576 14580 71749 1004 38120 208 517 178 353 17087 2135 146 242 302 190 3024 27490 2078 819 183 387 150 122 7241 77 194 61875 23860
leaf_count=73558 254 373 576 14580 71749 1004 38120 208 517 178 353 17087 2135 146 242 302 190 3024 27490 2078 819 183 387 150 122 7241 77 194 61875 23860
internal_value=0.000255564 -0.00460006 0.00147644 -0.00442777 9.32174e-05 -0.00763007 -0.00268619 -0.00655696 -0.0131155 0.00245372 -0.0102542 0.000284216 -0.00626501 -0.018198 -0.00659794 -0.0236935 -0.0199626 -0.00582249 0.00249514 -0.00265374 -0.00654127 -0.00546149 -0.00857954 -0.00217234 -0.00938064 -0.00877156 -0.026524 -0.0182472 0.00277971 0.000643193
internal_weight=349072 70135 278937 69762 115483 2787 38374 31388 1783 163454 531 112696 30719 1207 388 819 669 28584 162923 5285 23299 3207 8719 969 7750 7363 479 271 135433 95609
internal_count=349072 70135 278937 69762 115483 2787 38374 31388 1783 163454 531 112696 30719 1207 388 819 669 28584 162923 5285 23299 3207 8719 969 7750 7363 479 271 135433 95609
is_linear=0
shrinkage=0.05


Tree=7
num_leaves=31
num_cat=0
split_feature=4 4 4 10 15 10 12 14 5 14 10 5 5 11 10 14 12 11 11 12 14 10 12 12 0 14 14 4 11 10
split_gain=740.035 126.885 121.936 94.5853 72.049 60.099 53.8362 35.7817 31.3059 27.7616 25.9769 25.5446 23.7934 23.638 19.7901 41.5631 18.9893 23.3509 18.9022 15.9686 32.9437 23.457 13.2659 18.343 11.8125 11.5632 15.4831 11.3075 10.5672 10.4005
threshold=0.03011640285305987 0.045572307385731869 0.020581997556947753 0.06903334451863076 -0.040614005752933995 -0.017312000709356064 -0.007281546892151213 0.15844695899744313 0.019222060498289378 0.21504170766917155 0.06903334451863076 0.032778658881043185 0.015041761822545427 -0.040606283895635913 -0.029463592833469218 0.45247854199056486 -0.071455509470426767 0.030070663333597095 0.022829812381502172 -0.067575688865902969 0.24994374642796716 -0.029463592833469218 -0.0077540971574964193 -0.067575688865902969 -0.017151501165847956 -0.048867405145294966 -0.022343626602261631 0.016802073648203703 0.023520128243548103 -0.029463592833469218
decision_type=2 2 2 2 2 2 2 2 2 2 2 2 2 2 2 2 2 2 2 2 2 2 2 2 2 2 2 2 2 2
left_child=2 4 14 9 13 6 7 -4 -6 11 18 -3 -7 -2 15 -1 -13 -18 -10 21 24 -9 23 29 -21 -19 -27 -16 -14 -11
right_child=1 3 5 -5 8 12 -8 19 10 22 -12 16 28 -15 27 -17 17 25 -20 20 -22 -23 -24 -25 -26 26 -28 -29 -30 -31
leaf_value=-0.0020438988281863001 -0.0023012351284385814 -0.00069635561316355645 -0.00011517090630718739 -0.003331801692460125 -0.00010951974614852097 0.00014707020613745906 0.00029033899562364425 -0.00071386828396228412 -0.00044005331780292789 -0.0018453956304686548 -0.0011304221622378968 -0.00022622190885654539 -3.833270811917417e-05 -0.00061493279595542527 0.00039312574486458042 0.00030351294715569413 -0.0016228379751999232 0.00017319535942746981 -0.0001255105049550181 -0.0013343104722595646 -0.0019076274195884168 0.00088923628060787489 -0.00095905638218503906 -0.0048252700305495269 -0.00052811291872083732 -0.0014530776289564586 -0.00036695413991915982 0.00026439011306545178 0.00020169155961291335 0.0002249514009020911
leaf_weight=91 263 11520 607 195 20086 71558 1146 153 33693 100 165 725 51610 170 56593 180 6158 651 7263 229 338 191 207 110 366 349 565 75261 8699 64
leaf_count=91 263 11520 607 195 20086 71558 1146 153 33693 100 165 725 51610 170 56593 180 6158 651 7263 229 338 191 207 110 366 349 565 75261 8699 64
internal_value=0.000273485 -0.00387232 0.00155103 -0.00726506 -0.00273605 0.000493599 -0.00646865 -0.0116667 -0.00259227 -0.00693457 -0.00338258 -0.00664864 0.000653575 -0.02306 0.00263065 -0.0108672 -0.00873698 -0.00946329 -0.00330281 -0.0164174 -0.0198124 -0.0072093 -0.0188046 -0.0260219 -0.0127311 -0.00400958 -0.00763676 0.0026584 -7.80147e-05 -0.0154268
internal_weight=349306 82284 267022 20644 61640 134897 3030 1884 61207 20449 41121 19968 131867 433 132125 271 8448 7723 40956 1277 933 344 481 274 595 1565 914 131854 60309 164
internal_count=349306 82284 267022 20644 61640 134897 3030 1884 61207 20449 41121 19968 131867 433 132125 271 8448 7723 40956 1277 933 344 481 274 595 1565 914 131854 60309 164
is_linear=0
shrinkage=0.05


Tree=8
num_leaves=31
num_cat=0
split_feature=4 4 10 4 15 10 14 11 6 6 12 13 10 4 13 10 6 6 12 10 14 13 13 12 10 11 9 13 13 13
split_gain=653.728 141.257 114.061 88.9124 56.8427 49.1498 46.1059 38.0243 31.2048 27.5728 27.3916 26.1415 29.373 25.6185 24.1088 30.4368 22.9165 19.0672 17.8733 19.9688 12.879 18.706 20.5661 19.0903 12.764 12.7298 12.463 13.4744 13.6567 19.5409
threshold=0.028623432887218244 0.039932387008320365 0.06903334451863076 0.020232936801673106 -0.040614005752933995 -0.029463592833469218 0.22590160926733996 -0.035697741943328191 0.35328773946256714 1.0723604727880856 -0.007281546892151213 30.345000267028812 -0.017312000709356064 0.074891398724044891 29.835000038146976 -0.029463592833469218 0.67832304849828418 0.7868102382662916 -0.067575688865902969 -0.013327781970057238 0.15844695899744313 22.429999351501468 38.065000534057624 -0.007281546892151213 -0.029463592833469218 -0.028866673855592325 0.25890032232286725 28.970000267028812 24.630000114440922 23.604999542236332
decision_type=2 2 2 2 2 2 2 2 2 2 2 2 2 2 2 2 2 2 2 2 2 2 2 2 2 2 10 2 2 2
left_child=3 4 6 14 -2 7 9 -5 -7 11 18 12 25 26 17 -16 20 -1 24 -20 -6 -22 23 -23 -8 -3 27 28 29 -14
right_child=1 2 -4 5 16 8 10 -9 -10 -11 -12 -13 13 -15 15 -17 -18 -19 19 -21 21 22 -24 -25 -26 -27 -28 -29 -30 -31
leaf_value=0.00033201584463845115 -0.0017724879252014492 -0.00050998443426058984 -0.0028077574172748129 -0.0019144026099613626 -0.00012896422687216243 0.00014090195449843005 -0.0013369507979562674 0.0002671995219297565 -5.6210816430779318e-05 -0.0014842489201174461 -0.00018054522982189058 7.4232615941804183e-05 -0.0004710036400851045 -0.001656023422134631 -0.0018118480879119392 0.00052478667011682787 -0.00041556888074226173 0.00018158671597008261 -0.0040909110328829646 -0.00081700216711073968 0.0001294829515069408 -0.0010961743813340742 0.00056907007642800018 -0.00011901957288829203 0.00024298628246576548 -0.001748008929618892 -0.0010134859466876932 -0.00056660895368599727 -2.258522240095574e-05 -0.00096737230080665951
leaf_weight=102357 373 116 251 283 48563 91465 139 183 36146 4237 196 2232 14771 1869 101 108 12817 22416 181 115 576 384 172 161 90 332 4842 476 2329 960
leaf_count=102357 373 116 251 283 48563 91465 139 183 36146 4237 196 2232 14771 1869 101 108 12817 22416 181 115 576 384 172 161 90 332 4842 476 2329 960
internal_value=0.000307252 -0.00320164 -0.0058447 0.0016409 -0.00181249 0.000715078 -0.00558841 -0.0154936 0.000774267 -0.00530811 -0.0180929 -0.00473789 -0.00518875 -0.00496356 0.00258965 -0.014378 -0.00169666 0.00261807 -0.0240476 -0.0321622 -0.00121189 -0.00613689 -0.0115272 -0.0162844 -0.013559 -0.0178795 -0.00451322 -0.00392318 -0.00370432 -0.00423336
internal_weight=349241 96182 33136 253059 63046 128077 32885 466 127611 32164 721 27927 25695 25247 124982 209 62673 124773 525 296 49856 1293 717 545 229 448 23378 18536 18060 15731
internal_count=349241 96182 33136 253059 63046 128077 32885 466 127611 32164 721 27927 25695 25247 124982 209 62673 124773 525 296 49856 1293 717 545 229 448 23378 18536 18060 15731
is_linear=0
shrinkage=0.05


Tree=9
num_leaves=31
num_cat=0
split_feature=5 5 10 4 15 14 6 5 6 15 12 8 13 11 16 11 12 10 10 12 13 14 12 6 12 5 10 10 11 6
split_gain=595.127 115.328 105.21 81.273 65.1909 43.6209 34.5882 28.5243 27.934 27.7032 23.1097 20.7442 20.4116 19.7407 19.3356 19.0371 16.9486 17.112 16.0066 19.2868 22.0501 15.8019 15.2302 14.6071 13.0134 13.906 12.5553 11.7321 10.8368 10.1015
threshold=0.018375563525527317 0.013407291721267194 0.06903334451863076 0.039932387008320365 -0.040614005752933995 0.22590160926733996 0.21885682769787487 0.037540862575434715 0.35328773946256714 -0.040614005752933995 -0.007281546892151213 -0.056985639128714342 24.385000228881839 0.039736199013419633 -0.044661256618705174 0.011662466264334872 -0.067575688865902969 -0.013327781970057238 -0.017312000709356064 -0.007281546892151213 31.844999313354496 0.24994374642796716 0.02751670136279594 1.0723604727880856 -0.071455509470426767 0.025599319011084132 -0.029463592833469218 -0.016935534775352808 0.011626690848287493 1.5389476719022097
decision_type=2 2 2 2 2 2 2 2 2 2 2 10 2 2 2 2 2 2 2 2 2 2 2 2 2 2 2 2 2 2
left_child=1 8 3 9 14 7 -6 13 -1 -2 16 -4 27 23 -3 22 26 -18 19 20 21 -8 28 24 -5 -26 -7 -9 -11 -29
right_child=2 4 11 5 6 10 18 12 -10 15 -12 -13 -14 -15 -16 -17 17 -19 -20 -21 -22 -23 -24 -25 25 -27 -28 29 -30 -31
leaf_value=0.00030517426525229676 -0.0018706785840327967 -0.001884175813721989 -0.0026746726049349276 -6.4089413150824339e-06 0.00010171612511245861 -0.0012510232863262656 -0.00075727555172835275 -0.0029274051632356291 0.00016615592373674643 -0.00037509351039135435 -0.00019150564785782643 -0.00078875428155262542 -0.00057394150519182393 2.2156100947715637e-05 -0.00027754196073131809 -6.7913641174363113e-05 -0.0041424974640693647 -0.00091351629702129218 -8.9672742370865605e-05 0.00015324598950105205 0.00078311298638250289 -0.0015343573777938475 -0.00010329207788967502 -0.0011585553402389051 -0.00035984201710079666 -0.00073354133104276339 0.00046989561206073295 -0.0014639042345586698 -0.0011140822943643293 -0.002836432358029382
leaf_weight=110731 221 358 221 1698 77777 137 328 53 44922 20812 193 148 1456 2197 158 16901 177 111 34666 439 162 173 8762 3449 7254 12046 90 3352 98 338
leaf_count=110731 221 358 221 1698 77777 137 328 53 44922 20812 193 148 1456 2197 158 16901 177 111 34666 439 162 173 8762 3449 7254 12046 90 3352 98 338
internal_value=0.000337237 0.00145903 -0.00345836 -0.00333449 0.000251225 -0.00525314 0.000331807 -0.00498022 0.00234409 -0.00199983 -0.0175282 -0.0300949 -0.00836796 -0.00431917 -0.0174806 -0.00191602 -0.0230583 -0.0311111 -0.000955043 -0.00688748 -0.01227 -0.0174551 -0.00267896 -0.00472716 -0.00423183 -0.00460104 -0.0128414 -0.0103219 -0.00341224 -0.00998645
internal_weight=349428 269714 79714 79345 114061 32551 113545 31843 155653 46794 708 369 5199 26644 516 46573 515 288 35768 1102 663 501 29672 24447 20998 19300 227 3743 20910 3690
internal_count=349428 269714 79714 79345 114061 32551 113545 31843 155653 46794 708 369 5199 26644 516 46573 515 288 35768 1102 663 501 29672 24447 20998 19300 227 3743 20910 3690
is_linear=0
shrinkage=0.05


Tree=10
num_leaves=31
num_cat=0
split_feature=5 4 10 5 10 12 14 12 14 6 5 14 12 14 6 6 12 10 12 11 12 10 6 12 11 10 10 3 10 10
split_gain=528.76 104.35 104.359 83.0632 46.8846 40.9169 38.6014 37.9358 33.9403 27.6233 27.315 23.2065 22.0417 24.4174 21.8494 19.8945 19.5118 19.1933 18.6649 17.5646 17.3575 15.9485 12.9091 11.6582 17.0655 12.073 13.2251 13.3605 11.5406 11.1617
threshold=0.017252384531753751 0.039932387008320365 0.06903334451863076 0.012672890371448199 -0.017312000709356064 -0.007281546892151213 0.22590160926733996 -0.007281546892151213 0.22590160926733996 1.4036913354081408 0.029492613711850402 0.15844695899744313 -0.067575688865902969 0.24994374642796716 0.85616958256764097 0.35328773946256714 -0.007281546892151213 0.01542612816856115 -0.067575688865902969 0.0097669532521742503 -0.067575688865902969 -0.013327781970057238 0.13558825076826811 0.02751670136279594 0.00036209902272010824 0.0084728962045924634 -0.0041401831937402647 -0.014369980897686539 -0.013327781970057238 -0.029463592833469218
decision_type=2 2 2 2 2 2 2 2 2 2 2 2 2 2 2 2 2 2 2 2 2 2 2 2 2 2 2 2 2 2
left_child=3 6 8 15 5 11 14 18 10 -6 -3 -5 29 -14 19 -1 20 22 -8 23 -10 -20 -12 24 -2 26 -26 -28 -22 -13
right_child=1 2 -4 4 9 -7 7 -9 16 -11 17 12 13 -15 -16 -17 -18 -19 21 -21 28 -23 -24 -25 25 -27 27 -29 -30 -31
leaf_value=0.00030896735342943312 -0.00018469656243449458 -0.00045006088758286431 -0.0025409389742528849 -0.00010863058475000995 0.00011198951592706968 0.00029906581465426749 -0.00044323881393102066 0.00022401681586528213 -0.00091551965743451107 -0.00019687561553596088 -0.00086127061588858484 -0.00041564580200191081 -0.00088296108534676409 -0.0018487352206346655 -0.00045771961566576423 0.00018483739636795802 -0.00025865770047268363 -5.2326578090450448e-05 -0.0021497784319365588 -5.726281028400173e-07 -0.0037849430659362077 -0.0006194139993491287 -0.0014465024028893205 -3.6594916350403281e-05 -0.00019308416709955801 0.00015025657153008466 -0.00089512650790627302 -0.00054545411538141624 -0.00091730908532602646 0.00089133675364737807
leaf_weight=92653 16065 18303 261 530 105904 1076 208 347 226 12270 8655 165 530 331 10164 38121 188 1254 200 22315 164 165 3824 8762 1579 712 221 4043 102 184
leaf_count=92653 16065 18303 261 530 105904 1076 208 347 226 12270 8655 165 530 331 10164 38121 188 1254 200 22315 164 165 3824 8762 1579 712 221 4043 102 184
internal_value=0.000330766 -0.00279016 -0.00507975 0.0015426 0.000598397 -0.0057777 -0.00162463 -0.0117935 -0.00482852 0.000750334 -0.00459389 -0.0105172 -0.0143388 -0.0186353 -0.00147813 0.00241615 -0.0158824 -0.0062794 -0.0196946 -0.00107576 -0.0211179 -0.0265068 -0.00687194 -0.00183831 -0.00243811 -0.0045881 -0.00533716 -0.00678471 -0.0297744 -0.00373925
internal_weight=349522 97758 32977 251764 120990 2816 64781 920 32716 118174 32036 1740 1210 861 63861 130774 680 13733 573 53697 492 365 12479 31382 22620 6555 5843 4264 266 349
internal_count=349522 97758 32977 251764 120990 2816 64781 920 32716 118174 32036 1740 1210 861 63861 130774 680 13733 573 53697 492 365 12479 31382 22620 6555 5843 4264 266 349
is_linear=0
shrinkage=0.05


Tree=11
num_leaves=31
num_cat=0
split_feature=5 5 10 10 4 12 6 15 12 10 6 6 0 6 8 10 11 5 8 5 11 12 11 11 11 10 10 11 10 10
split_gain=487.561 106.447 77.6365 55.1496 54.3601 43.3171 30.5544 27.776 23.3755 37.2333 20.3748 20.1923 19.2388 19.0924 18.8055 16.3738 15.9059 14.9019 13.5165 13.3368 12.9922 12.5218 15.0648 11.7164 15.2191 11.5471 14.1676 18.6881 12.5649 13.8023
threshold=0.018789424195475982 0.012753268708339373 0.06903334451863076 -0.017312000709356064 0.045572307385731869 -0.007281546892151213 1.4036913354081408 -0.040614005752933995 -0.040334954813934058 -0.029463592833469218 0.98603028323128272 0.28387139927530947 -0.014200948620271324 0.80775241298889755 -0.044499893244051229 0.01542612816856115 0.0096273315293795587 0.015774030812639766 -0.20286517195006867 0.049566509455600621 -0.040606283895635913 0.02751670136279594 0.0023967132721236521 -0.022762768939498131 -0.055970662091911087 0.0040309091899630731 -0.0041401831937402647 0.0030141112553000453 -0.0010410794067141624 0.00069579143919507047
decision_type=2 2 2 2 2 2 2 2 2 2 2 2 2 2 10 2 2 2 10 2 2 2 2 2 2 2 2 2 2 2
left_child=1 13 4 5 7 8 17 20 9 23 16 15 -10 -1 -4 19 21 -5 -11 -6 -2 22 -9 24 -3 26 -24 -28 -29 -30
right_child=2 3 14 6 11 -7 -8 10 12 18 -12 -13 -14 -15 -16 -17 -18 -19 -20 -21 -22 -23 25 -25 -26 -27 27 28 29 -31
leaf_value=0.00028345321951784891 -0.0017735575707981484 -0.00044611581672508737 -0.0023651909248963415 0.00013263955644289099 -0.0006178202258053069 0.00028051588510713234 -0.00022167193661094939 -0.00028344286644549159 -0.0015219769362849523 -0.00085220101401404515 -0.00062562600408088299 -0.0013072578300899597 -0.00044357248432215008 0.00015100205229479053 -0.00057359326173705755 0.00015927055069916074 -8.2869717442711979e-05 1.0286113547289177e-05 -8.777347160310325e-05 -0.0017802851561801337 -0.00049247419931858834 -8.5204448474847312e-05 -0.00030181805868364131 0.00063920691477199081 -0.0020927975511766382 -0.00020722810713444883 -0.0011692562292168187 -0.00025092835860136478 -0.0012174488248482172 -0.00045049370342077123
leaf_weight=108337 169 217 241 76967 12494 1230 14378 15406 205 214 7458 5726 207 25089 119 1313 18804 46811 1143 856 122 6965 1027 44 215 1173 307 694 516 809
leaf_count=108337 169 217 241 76967 12494 1230 14378 15406 205 214 7458 5726 207 25089 119 1313 18804 46811 1143 856 122 6965 1027 44 215 1173 307 694 516 809
internal_value=0.000371017 0.0013413 -0.00322585 0.000386603 -0.00311292 -0.00583453 0.000543082 -0.00227502 -0.00996659 -0.00754774 -0.00219069 -0.00530948 -0.0207282 0.00235471 -0.0263889 -0.00432619 -0.00179526 0.000796507 -0.00332719 -0.00485019 -0.0176804 -0.00257519 -0.00321292 -0.0195798 -0.0220833 -0.00574901 -0.00724277 -0.00940241 -0.00765478 -0.0105094
internal_weight=349256 275057 74199 141631 73839 3475 138156 53450 2245 1833 53159 20389 412 133426 360 14663 45701 123778 1357 13350 291 26897 19932 476 432 4526 3353 2326 2019 1325
internal_count=349256 275057 74199 141631 73839 3475 138156 53450 2245 1833 53159 20389 412 133426 360 14663 45701 123778 1357 13350 291 26897 19932 476 432 4526 3353 2326 2019 1325
is_linear=0
shrinkage=0.05


Tree=12
num_leaves=31
num_cat=0
split_feature=4 5 10 4 15 10 6 6 16 6 13 10 13 10 4 5 5 0 11 6 13 15 11 11 11 10 3 10 13 13
split_gain=429.22 87.8879 81.0094 70.7654 45.8012 31.8891 23.3331 23.2414 21.0504 19.9946 19.2848 27.8369 18.3071 18.813 15.7818 15.0822 12.3201 12.1119 12.107 11.7167 10.7074 10.1618 9.62479 8.97824 11.9628 19.6028 8.74224 8.46262 9.86973 14.6871
threshold=0.028623432887218244 0.024539695208048311 0.06903334451863076 0.019365327966299858 -0.040614005752933995 -0.017312000709356064 0.93051972133256167 0.65800054032703981 -0.046328999273448905 0.7868102382662916 30.345000267028812 -0.017312000709356064 27.855000495910648 -0.029463592833469218 0.074891398724044891 0.0138939625347615 0.017908468565298315 -0.078262578193969243 0.021519760104925626 0.25698634722184283 22.429999351501468 -0.040614005752933995 -0.043674023036412872 0.0090657625478496335 0.008381662460648533 9.4848672244407531e-05 0.0013320893859177787 -0.0060493292963074699 21.134999275207523 21.704999923706058
decision_type=2 2 2 2 2 2 2 2 2 2 2 2 2 2 2 2 2 2 2 2 2 2 2 2 2 2 2 2 2 2
left_child=3 4 7 12 17 8 15 10 21 16 11 -3 19 -14 18 -7 -6 -2 27 -1 -10 -5 26 24 -18 -26 -9 -13 -29 -30
right_child=1 2 -4 5 9 6 -8 22 20 -11 -12 14 13 -15 -16 -17 23 -19 -20 -21 -22 -23 -24 -25 25 -27 -28 28 29 -31
leaf_value=0.00029435067526776317 -0.0023842181276285731 -0.0018518183746581455 -0.0023623012767467928 -0.0015290158568851563 2.6355504633934765e-05 0.00018370437319515257 -7.9151736318984925e-05 -0.002700140050189139 0.00019799939763892691 -0.00042332446295430894 0.000201472019119662 -0.0002572608992472867 -0.0015612446306664154 2.8696491496739966e-05 -0.0014024964659437975 6.9434673189823831e-05 -0.00021133074351268249 -0.00082889830984250344 -0.0001501324184205818 0.00019913050118148913 -0.00039299342221590537 -0.00046038793510696699 -0.0011510057101208927 -5.9086385595284242e-05 -0.0016198461888914364 -0.00027003504665701827 -0.00020434535642811018 -0.0005643736060572188 -0.0029665830033973502 -0.00069243474168549581
leaf_weight=74819 135 450 247 263 15120 52962 23383 218 866 12509 1838 2704 79 117 1754 66331 22437 392 4833 32277 1790 177 5132 15345 185 386 79 10040 338 2161
leaf_count=74819 135 450 247 263 15120 52962 23383 218 866 12509 1838 2704 79 117 1754 66331 22437 392 4833 32277 1790 177 5132 15345 185 386 79 10040 338 2161
internal_value=0.000354169 -0.00248679 -0.00474357 0.00143529 -0.00147582 0.000717971 0.000826909 -0.00450519 -0.00430233 -0.00135855 -0.00383987 -0.00424596 0.00240987 -0.0128571 -0.00399221 0.00111 -0.000937576 -0.0161575 -0.00359484 0.00243781 -0.00262425 -0.0144318 -0.00746086 -0.0014141 -0.00203886 -0.00918564 -0.0162121 -0.00428623 -0.00483332 -0.00764506
internal_weight=349367 96303 29794 253064 66509 145772 142676 29547 3096 65982 24118 22280 107292 196 21830 119293 53473 527 20076 107096 2656 440 5429 38353 23008 571 297 15243 12539 2499
internal_count=349367 96303 29794 253064 66509 145772 142676 29547 3096 65982 24118 22280 107292 196 21830 119293 53473 527 20076 107096 2656 440 5429 38353 23008 571 297 15243 12539 2499
is_linear=0
shrinkage=0.05


Tree=13
num_leaves=31
num_cat=0
split_feature=4 4 4 15 14 15 13 12 12 5 13 6 6 13 12 12 3 6 5 8 13 13 14 14 12 13 13 5 5 13
split_gain=381.773 93.233 54.9721 44.772 33.6599 32.5901 28.8844 21.5095 24.0823 21.428 20.5431 20.0925 17.6494 14.6289 13.6172 12.8082 12.7795 12.6869 9.68019 9.66621 9.59938 13.6538 8.71185 17.6356 16.6131 10.8122 12.9642 8.43927 8.19073 7.54291
threshold=0.027108232537984438 0.038156884538655282 0.019501150565620354 0.037331228257165068 0.22590160926733996 -0.040614005752933995 31.844999313354496 -0.007281546892151213 -0.067575688865902969 0.034013837056671638 24.385000228881839 0.54582109020465541 0.25698634722184283 27.855000495910648 -0.0077540971574964193 -0.067575688865902969 -0.037326839239461444 0.80775241298889755 0.018789424195475982 -0.061738680377908021 26.284999847412113 46.145000457763679 -0.013975625369978871 -0.013346627210452431 0.017813200089154994 27.855000495910648 30.750000000000004 0.049566509455600621 0.022870805401378695 29.835000038146976
decision_type=2 2 2 2 2 2 2 2 2 2 2 2 2 2 2 2 2 2 2 10 2 2 2 2 2 2 2 2 2 2
left_child=2 5 13 4 9 16 -5 8 -6 20 27 22 18 17 -10 -15 -2 -1 -7 -8 28 -22 -4 24 -24 -25 29 -11 -3 -27
right_child=1 3 11 6 7 12 19 -9 14 10 -12 -13 -14 15 -16 -17 -18 -19 -20 -21 21 -23 23 25 -26 26 -28 -29 -30 -31
leaf_value=0.00027310275107555077 -0.0024055692967641326 -0.00021885905647912163 0.00019325874199805553 -0.0010042821340763559 -0.00075488469774814273 3.0560469456819886e-05 -0.0021731355806938954 -4.1171166476006967e-05 -0.0033768467889535563 -0.0010746514821493934 -0.00024968070124467009 -4.2229769320026993e-05 -0.00024425119232453267 0.00030972387509554554 -0.00078893342128670779 -0.0013472250599313416 -0.0007228986975463625 0.00015428990461928286 -0.00013489501480693907 -0.0010771037216943853 6.8351471775272884e-05 -0.0010717945232854484 -0.0012222920350361619 9.4788277758743388e-05 -0.00012631002610644543 -0.00045289224672056139 0.00015452507838329256 -0.0022607560587611622 -0.00052030547803385858 -0.0020545408828303185
leaf_weight=90853 93 6368 40039 215 272 27370 197 227 188 4730 2160 29937 22846 86 134 132 297 19155 23511 80 3341 371 127 55650 208 154 230 943 19471 60
leaf_count=90853 93 6368 40039 215 272 27370 197 227 188 4730 2160 29937 22846 86 134 132 297 19155 23511 80 3341 371 127 55650 208 154 230 943 19471 60
internal_value=0.000385969 -0.00200755 0.00152708 -0.00399682 -0.00380382 -0.000968941 -0.0189837 -0.0138185 -0.0188215 -0.00358389 -0.00590897 0.000815435 -0.000892685 0.00234319 -0.0280745 -0.0105963 -0.0153846 0.00236883 -0.000374305 -0.029657 -0.00296758 -0.000589978 0.0011666 0.000766361 -0.0106716 0.000834671 -0.00693694 -0.00748898 -0.00330914 -0.0157944
internal_weight=349445 112814 236631 38697 38205 74117 492 821 594 37384 7833 126405 73727 110226 322 218 390 110008 50881 277 29551 3712 96468 56429 335 56094 444 5673 25839 214
internal_count=349445 112814 236631 38697 38205 74117 492 821 594 37384 7833 126405 73727 110226 322 218 390 110008 50881 277 29551 3712 96468 56429 335 56094 444 5673 25839 214
is_linear=0
shrinkage=0.05


Tree=14
num_leaves=31
num_cat=0
split_feature=5 4 4 6 6 11 13 14 5 12 14 12 13 12 12 11 12 14 13 14 6 12 12 11 14 13 13 12 8 14
split_gain=360.826 74.4892 57.0205 36.7565 26.0342 25.0567 22.7816 21.6036 17.0919 15.7158 15.0261 24.7939 20.4383 14.19 13.8769 13.7434 13.496 17.9174 12.7039 17.5099 10.9978 10.3626 11.997 9.85696 26.0994 13.6395 38.1995 38.4796 12.7174 12.6463
threshold=0.016804970133023015 0.038156884538655282 0.019299434837921788 1.3634370591817306 0.19479840864713152 -0.043674023036412872 28.970000267028812 0.22590160926733996 0.028316801807736252 -0.067575688865902969 0.17907813454888047 -0.014960350168733092 38.065000534057624 -0.007281546892151213 -0.067575688865902969 0.010391715368283873 -0.067575688865902969 0.094478150147642728 24.630000114440922 -0.19490876951167976 1.0000000180025095e-35 0.032077134319751129 0.11156893092539701 -0.021594422824346479 0.24994374642796716 21.134999275207523 21.555000305175785 -0.011548252560612314 -0.24064357652648041 -0.015586669598789514
decision_type=2 2 2 2 2 2 2 2 2 2 2 2 2 2 2 2 2 2 2 2 2 2 2 2 2 2 2 2 10 2
left_child=2 5 20 7 -4 16 -5 8 -3 -8 -6 12 -12 14 -9 21 -2 -18 -10 -20 -1 23 -23 -7 25 29 27 -27 -28 -25
right_child=1 3 4 6 10 15 9 13 18 -11 11 -13 -14 -15 -16 -17 17 -19 19 -21 -22 22 -24 24 -26 26 28 -29 -30 -31
leaf_value=0.00027550885530481069 -0.00038233801311024989 -0.0002616670697655102 0.00013365617173817558 -0.0011922950956670592 8.1989733807815124e-07 -2.2666027386144333e-05 -0.0010954471158316971 -0.00055229643049318176 -0.00078737436532271335 -0.0026671995353085044 -0.0011052569266698843 9.3901730838159841e-05 -8.3584440322339996e-05 -0.00010365172178463994 -0.0025673002890404359 -5.6758404021101962e-06 0.00073285663552273604 -0.0018862132008028078 -0.001759311807264142 -0.00017934820928292743 0.00019324603745426357 3.2785012139132397e-05 -0.00060621422068455949 -2.5333277998000931e-05 -0.0014078181164778674 -0.0049547025897909713 -0.0016799383447507624 -0.00070612098336382025 -0.00021938021182876528 -0.00027779139304937581
leaf_weight=64010 572 18738 90341 3859 45629 5898 257 154 11229 241 508 978 324 187 244 26342 74 200 86 3536 41754 8824 230 7613 79 157 151 416 3392 13470
leaf_count=64010 572 18738 90341 3859 45629 5898 257 154 11229 241 508 978 324 187 244 26342 74 200 86 3536 41754 8824 230 7613 79 157 151 416 3392 13470
internal_value=0.000386174 -0.00204962 0.00144582 -0.0038033 0.000775512 -0.00104735 -0.0081283 -0.00325189 -0.00308598 -0.0181928 -0.000172959 -0.00464088 -0.0109856 -0.0127778 -0.0181156 -0.000938683 -0.00959811 -0.0187226 -0.00435291 -0.00177802 0.00231903 -0.00152001 -3.09254e-05 -0.00195246 -0.00238191 -0.00229196 -0.00492468 -0.0169023 -0.00298758 -0.00177797
internal_weight=349493 105949 243544 38531 137780 67418 4357 34174 33589 498 47439 1810 832 585 398 66572 846 274 14851 3622 105764 40230 9054 31176 25278 25199 4116 573 3543 21083
internal_count=349493 105949 243544 38531 137780 67418 4357 34174 33589 498 47439 1810 832 585 398 66572 846 274 14851 3622 105764 40230 9054 31176 25278 25199 4116 573 3543 21083
is_linear=0
shrinkage=0.05


Tree=15
num_leaves=31
num_cat=0
split_feature=4 5 4 10 10 12 13 14 11 14 12 12 9 10 12 14 13 4 5 11 11 13 10 4 5 14 11 13 3 14
split_gain=306.745 71.0798 50.8955 49.5119 36.5303 24.0026 35.6916 35.1014 23.611 19.4833 16.2917 18.042 15.4452 14.7395 22.871 13.8563 13.7907 13.1654 12.4108 10.8764 10.7954 10.7833 12.3171 10.2534 9.97345 9.78349 9.4046 9.6159 13.2753 10.3827
threshold=0.027223129407284424 0.022424437753380436 0.019299434837921788 0.06903334451863076 -0.017312000709356064 -0.007281546892151213 31.844999313354496 0.24994374642796716 0.030070663333597095 0.22590160926733996 -0.0077540971574964193 -0.067575688865902969 0.17081781503255025 -0.017312000709356064 -0.007281546892151213 0.15844695899744313 38.065000534057624 0.053774659337297581 0.049566509455600621 0.037935675142188215 -0.055970662091911087 27.855000495910648 -0.029463592833469218 0.015427725183675472 0.014495804781957522 0.24994374642796716 0.023520128243548103 28.970000267028812 -0.010944211261077584 -0.12096344977185801
decision_type=2 2 2 2 2 2 2 2 2 2 2 2 10 2 2 2 2 2 2 2 2 2 2 2 2 2 2 2 2 2
left_child=2 4 21 8 5 6 7 -2 9 12 11 -11 18 14 15 -4 25 -5 -3 24 -8 23 -23 -1 -15 -17 27 29 -29 -6
right_child=1 3 13 17 26 -7 20 -9 -10 10 -12 -13 -14 19 -16 16 -18 -19 -20 -21 -22 22 -24 -25 -26 -27 -28 28 -30 -31
leaf_value=0.00031157343688491929 -0.00070232554584353385 -0.00039961099857506281 7.3245837214642307e-06 -0.00082080953843713476 0.00030616775208914008 0.00027355864973125954 -0.00039714794383052267 -0.0015387971955297154 -4.6886460761160344e-05 -0.00081313607430382048 -0.00043511930405405784 -0.0034525976587837454 -0.0008288072611744604 0.00012101629039737341 0.00028197244104069313 -0.00073517665854747278 -6.201602452414645e-05 -0.0026527624971991784 -0.0019640590524722221 0.00037133790744062304 0.00071844081657895277 -0.0015499226153307556 5.7245172174364892e-05 0.00019883912801540548 1.6447327039766291e-05 -0.0013582065044042164 0.00010705608579981513 -0.00073363884338180699 -0.00017302131924016179 -0.00010258633910143416
leaf_weight=33164 783 23697 490 166 2639 657 199 316 5800 171 361 142 9399 77666 1161 503 276 123 654 4694 449 79 118 72868 46919 287 9544 320 753 55128
leaf_count=33164 783 23697 490 166 2639 657 199 316 5800 171 361 142 9399 77666 1161 503 276 123 654 4694 449 79 118 72868 46919 287 9544 320 753 55128
internal_value=0.000393047 -0.00177397 0.0014055 -0.0034442 -0.000818076 -0.00687604 -0.0099399 -0.0154277 -0.00329604 -0.00379328 -0.0122107 -0.0205591 -0.00362518 0.000749871 -0.00289474 -0.00685733 -0.0100563 -0.0240657 -0.00296066 0.000826469 -0.000632716 0.00222016 -0.009467 0.00224187 0.000737448 -0.0134177 -0.000605112 -0.000841264 -0.00553122 -0.00075415
internal_weight=349526 111301 238225 40513 70788 2404 1747 1099 40224 34424 674 313 33750 131996 2717 1556 1066 289 24351 129279 648 106229 197 106032 124585 790 68384 58840 1073 57767
internal_count=349526 111301 238225 40513 70788 2404 1747 1099 40224 34424 674 313 33750 131996 2717 1556 1066 289 24351 129279 648 106229 197 106032 124585 790 68384 58840 1073 57767
is_linear=0
shrinkage=0.05


Tree=16
num_leaves=31
num_cat=0
split_feature=4 4 4 10 15 14 6 12 4 6 12 4 10 6 10 11 6 13 10 11 8 11 3 13 6 14 12 12 10 13
split_gain=285.852 61.5816 45.4857 44.4513 24.2994 21.0825 20.1152 17.4871 16.0052 15.2814 15.0805 14.1782 12.0334 11.9025 11.7778 18.6293 11.6848 10.3254 13.5829 10.1922 9.53787 9.2257 8.18071 8.11702 7.32744 7.30998 8.82769 8.56886 16.4885 7.11848
threshold=0.027108232537984438 0.038156884538655282 0.019365327966299858 0.06903334451863076 -0.040614005752933995 0.22590160926733996 1.2047036201550461 -0.007281546892151213 0.068207556574371234 1.6367871605475275 -0.067575688865902969 0.055669760360057129 -0.013327781970057238 0.38278489767952445 -0.029463592833469218 -0.035697741943328191 1.0000000180025095e-35 30.345000267028812 -0.017312000709356064 0.024185912746781283 0.10077620001281608 0.023520128243548103 -0.037326839239461444 29.835000038146976 -0.44876247634549205 -0.12096344977185801 0.020857035392707671 0.02001241425028322 -0.00086146461138264508 20.335000038146976
decision_type=2 2 2 2 2 2 2 2 2 2 2 2 2 2 2 2 2 2 2 2 8 2 2 2 2 2 2 2 2 2
left_child=2 4 16 5 22 8 14 10 13 19 -7 -5 -12 17 15 -4 -1 18 -3 25 -10 24 -2 -18 -16 -6 27 -27 -29 -28
right_child=1 3 6 11 9 7 -8 -9 20 -11 12 -13 -14 -15 21 -17 23 -19 -20 -21 -22 -23 -24 -25 -26 26 29 28 -30 -31
leaf_value=0.00024941497757895653 -0.0025332495694791474 -0.0011116831108342162 -0.0015798160285340546 -0.00087704961773127994 0.00022149434039035667 -0.00067618286862796686 -0.00011803006970520816 9.2668371606289483e-05 -0.00086592335103150236 -0.00043308631815678451 -0.0027098938906864115 -0.0025707629526772247 -0.00062994179249751658 -0.00064873360508206634 0.00014192519968708202 0.00035701124678201601 0.00017404737381642373 0.00031457348279910702 -0.00029241911130204596 0.00010964044515154301 -0.0016594669888573789 0.00026837655334256097 -0.00051765580095376772 -0.00094392942994600743 4.5963712341691229e-05 -0.00015508360997981333 -5.1343702232780659e-05 -0.001782527177943347 0.00019361435360125184 0.00038999987572481209
leaf_weight=65177 95 363 140 173 2385 269 16722 226 2964 6628 199 116 134 8570 41959 135 42214 1510 22984 9514 994 14161 296 93 56033 31288 21875 152 199 1782
leaf_count=65177 95 363 140 173 2385 269 16722 226 2964 6628 199 116 134 8570 41959 135 42214 1510 22984 9514 994 14161 296 93 56033 31288 21875 152 199 1782
internal_value=0.000375841 -0.00169648 0.00136295 -0.00331905 -0.00085469 -0.0031713 0.000730546 -0.0110628 -0.00299652 -0.000788846 -0.0155149 -0.0228547 -0.0226276 -0.00264053 0.0009712 -0.00936364 0.00212283 -0.00208653 -0.0023457 -0.000562914 -0.00600303 0.000996541 -0.0132864 0.00147576 0.000824149 -0.000813006 -0.000929904 -0.00147618 -0.00924501 -0.000199307
internal_weight=349350 112716 236634 38502 74214 38213 129150 828 37385 73823 602 289 333 33427 112428 275 107484 24857 23347 67195 3958 112153 391 42307 97992 57681 55296 31639 351 23657
internal_count=349350 112716 236634 38502 74214 38213 129150 828 37385 73823 602 289 333 33427 112428 275 107484 24857 23347 67195 3958 112153 391 42307 97992 57681 55296 31639 351 23657
is_linear=0
shrinkage=0.05


Tree=17
num_leaves=31
num_cat=0
split_feature=5 5 5 10 14 12 12 6 11 6 5 3 15 14 6 5 11 12 11 11 8 10 10 11 11 12 9 10 5 14
split_gain=257.972 47.8737 45.9719 38.8414 26.0252 24.274 26.1038 21.4814 16.3094 15.5468 13.4891 12.9937 11.594 11.3329 10.8412 10.8073 9.03164 8.43516 10.2347 35.9243 22.8463 10.3232 9.35479 8.39533 8.72001 10.2489 13.4844 9.54247 8.13583 7.90057
threshold=0.016952721941882382 0.012672890371448199 0.02641895230154186 0.06903334451863076 0.22590160926733996 -0.007281546892151213 -0.067575688865902969 0.19479840864713152 0.018630365638917849 -0.24646055974655839 0.010124440154656749 -0.018083035737043892 -0.040614005752933995 -0.05241984422658668 -0.038020899515561056 0.040142938365013259 0.012677016047660918 0.028753487620467037 -0.0071962553700703471 -0.0070947628288289813 -0.16766952772051816 0.0076450481048171435 -0.0075899452364679423 0.00066761306825102739 0.0035059532242039952 0.0065049739274190008 0.47146044104062929 -0.0025714907564299279 0.034013837056671638 -0.013975625369978871
decision_type=2 2 2 2 2 2 2 2 2 2 2 2 2 2 2 2 2 2 2 2 10 2 2 2 2 2 8 2 2 2
left_child=1 10 4 8 9 6 -6 -3 15 16 -1 -8 -9 -10 -12 -4 17 18 -2 20 -20 22 -21 -24 27 26 -26 -25 -5 -15
right_child=2 7 3 28 5 -7 11 12 13 -11 14 -13 -14 29 -16 -17 -18 -19 19 21 -22 -23 23 24 25 -27 -28 -29 -30 -31
leaf_value=0.00026385394085003984 -2.7109146447921329e-05 0.00010327238868233471 -0.00056952229470894099 -0.0010122317371491416 -0.00015655352488550694 0.00024865539158115777 -0.0016426409674762073 -0.0008681879257823853 0.00029904151266543126 -0.00020950557675969238 0.00019772895141933209 -0.00075979780966313741 -4.2253657349047391e-05 -0.00055159445498415526 9.6638624439378845e-05 -0.0014248142294479764 8.85412193379231e-05 5.8891279354669973e-05 0.0006731555577003793 0.00015327192521954805 -0.0047065652475116295 0.00017394607414874418 -0.00012106753472030453 -0.00096759211496969086 -0.00081397687202104023 -0.00012860402945346442 0.00014686197658853595 -0.00033108471272993263 -0.0030136098142611481 -0.00012736558316259053
leaf_weight=46918 9323 77700 14236 116 353 455 291 327 1891 38361 48011 226 37417 1576 35754 2752 12944 7881 49 1245 137 1633 2707 422 902 1831 349 708 101 2660
leaf_count=46918 9323 77700 14236 116 353 455 291 327 1891 38361 48011 226 37417 1576 35754 2752 12944 7881 49 1245 137 1633 2707 422 902 1831 349 708 101 2660
internal_value=0.000383021 0.0012627 -0.00171601 -0.00366835 -0.00114531 -0.00809434 -0.0129885 0.000520772 -0.00347069 -0.001028 0.00191811 -0.0201451 -0.000457821 -0.00125918 0.00153793 -0.00426831 -0.000340011 -0.000857579 -0.00142028 -0.00253281 -0.0243011 -0.00211953 -0.00284542 -0.00356338 -0.00495964 -0.00358209 -0.00707034 -0.00871681 -0.0247235 -0.00269594
internal_weight=349276 246127 103149 23332 79817 1325 870 115444 23115 78492 130683 517 37744 6127 83765 16988 40131 27187 19306 9983 186 9797 8164 6919 4212 3082 1251 1130 217 4236
internal_count=349276 246127 103149 23332 79817 1325 870 115444 23115 78492 130683 517 37744 6127 83765 16988 40131 27187 19306 9983 186 9797 8164 6919 4212 3082 1251 1130 217 4236
is_linear=0
shrinkage=0.05


Tree=18
num_leaves=31
num_cat=0
split_feature=4 4 4 10 14 10 9 6 12 13 14 0 6 4 11 6 11 11 9 14 13 0 14 10 12 12 13 3 8 13
split_gain=230.014 55.7915 34.067 31.5928 22.158 21.6764 17.9202 17.5194 16.4068 21.0842 19.7549 16.3411 12.6599 11.3017 10.8563 10.2842 9.81687 13.2073 19.0889 9.86899 9.60017 9.2517 8.78582 12.0863 8.51804 11.8365 10.6296 10.7186 8.47706 8.25245
threshold=0.025892145651401875 0.035694403167474908 0.017508630534260688 0.06903334451863076 0.22590160926733996 -0.017312000709356064 0.47146044104062929 0.8805108081101608 -0.007281546892151213 31.844999313354496 0.24994374642796716 -0.078262578193969243 1.4486986658615915 0.060606397051234696 0.039736199013419633 0.24461887289206827 0.0069842899086436381 0.0069505376861864763 0.33911830738656185 0.13242625205871941 29.835000038146976 -0.0065026350761984144 0.063679127016071826 0.000540884636322292 -0.071455509470426767 0.0033715039290467268 46.145000457763679 0.013377587805818771 0.21156144277996872 27.855000495910648
decision_type=2 2 2 2 2 2 10 2 2 2 2 2 2 2 2 2 2 2 8 2 2 2 2 2 2 2 2 2 8 2
left_child=2 5 20 4 6 8 12 16 9 10 -2 -6 14 -5 24 -7 17 29 -19 28 -1 -21 -8 -24 26 -26 -3 -28 -18 -4
right_child=1 3 7 13 11 15 22 -9 -10 -11 -12 -13 -14 -15 -16 -17 19 18 -20 21 -22 -23 23 -25 25 -27 27 -29 -30 -31
leaf_value=0.00022840026292088772 -0.00055489924097528473 0.00037556092120883679 9.3428522178855007e-05 -0.0010205341184159505 -0.0025286950936081903 4.8134786653453003e-06 -0.00078063454345398027 -3.4393151659039549e-05 0.00017248040332195743 1.7849302326374271e-05 -0.0014893706966775863 -0.00055790312594731139 -0.00080321985918752634 -0.0027344777430421512 0.00010547030926304083 -0.00014029104933999261 0.00018706522757978134 -5.6913121158871248e-06 -0.0010409827499241841 -0.0013178780009554341 -0.00092776062634658822 -8.6503686057703305e-06 -0.001307111644586894 -0.0024049383757654618 -0.00042668091890851539 -0.00019513399266071912 -0.0014337130628687389 -6.5813830320729451e-05 -9.8339520910896308e-05 -0.00045131177317566155
leaf_weight=70228 756 2359 66124 231 196 53316 3639 25882 684 488 274 822 4082 79 3526 24392 55490 329 176 55 67 68 619 65 14601 17681 137 229 1877 643
leaf_count=70228 756 2359 66124 231 196 53316 3639 25882 684 488 274 822 4082 79 3526 24392 55490 329 176 55 67 68 619 65 14601 17681 137 229 1877 643
internal_value=0.000389342 -0.00129564 0.00136687 -0.00263788 -0.00253503 -0.00048492 -0.00237675 0.000942753 -0.00537693 -0.00827404 -0.0123301 -0.00983301 -0.00206559 -0.0185484 -0.00178509 -0.000346296 0.00118834 0.000778333 -0.00727723 0.00166812 0.00227577 -0.0124797 -0.00544414 -0.0106433 -0.00205145 -0.00227805 0.000633028 -0.00729508 0.00169845 0.000839262
internal_weight=349115 128176 220939 48266 47956 79910 46938 150644 2202 1518 1030 1018 42615 310 38533 77708 124762 67272 505 57490 70295 123 4323 684 35007 32282 2725 366 57367 66767
internal_count=349115 128176 220939 48266 47956 79910 46938 150644 2202 1518 1030 1018 42615 310 38533 77708 124762 67272 505 57490 70295 123 4323 684 35007 32282 2725 366 57367 66767
is_linear=0
shrinkage=0.05


Tree=19
num_leaves=31
num_cat=0
split_feature=5 5 5 10 15 11 10 12 14 13 14 12 12 5 11 14 14 12 12 13 13 13 3 5 13 13 13 13 12 13
split_gain=205.403 45.798 33.1228 23.3645 22.647 18.3648 16.471 24.7423 14.8311 20.175 13.3281 14.0969 15.394 12.1347 11.1927 11.1129 10.7423 10.5509 12.8776 10.5141 10.3106 10.0849 9.79133 9.28237 9.07642 11.595 13.7705 24.966 15.7246 16.7873
threshold=0.015774030812639766 0.022870805401378695 0.010540625366194857 0.06903334451863076 -0.040614005752933995 0.018630365638917849 -0.017312000709356064 -0.007281546892151213 0.15844695899744313 38.065000534057624 0.22590160926733996 -0.0077540971574964193 -0.067575688865902969 0.035588976171067668 0.022829812381502172 -0.05241984422658668 0.24994374642796716 -0.071455509470426767 0.0033715039290467268 46.145000457763679 20.714999198913578 13.744999885559084 0.0078251050752520274 0.049566509455600621 26.284999847412113 17.494999885559086 19.159999847412113 21.134999275207523 -0.046451976604296834 21.654999732971195
decision_type=2 2 2 2 2 2 2 2 2 2 2 2 2 2 2 2 2 2 2 2 2 2 2 2 2 2 2 2 2 2
left_child=2 4 -1 5 -2 10 7 8 -4 16 17 12 -12 -5 -6 -7 -10 19 23 -3 -20 -8 -21 24 25 -19 -27 -28 -29 -30
right_child=1 3 6 13 14 15 21 -9 9 -11 11 -13 -14 -15 -16 -17 -18 18 20 22 -22 -23 -24 -25 -26 26 27 28 29 -31
leaf_value=0.00022936365884185808 -0.00088198955940130004 0.00047493236450918983 8.1297935886782816e-05 -0.00077073554977639264 -8.8879908536298156e-05 0.00032736343251990119 0.00018824477920662615 0.00023387840501593794 -0.00069951207382383659 0.00014541183938960892 -0.00072721257032600092 -0.00032933395797575494 -0.0029576226368540699 -0.0023766875146888633 9.8885989304167354e-05 -0.00023979563625963008 -0.0010665531045945793 -0.00016027956993886755 -0.00040600893340132256 -0.0015350163738000397 0.00057864409056147586 8.5093142205604287e-05 -2.768343758280822e-05 -0.0018927303442074876 -9.7756417331274035e-05 -0.0011049659656609575 -6.1934765235119378e-05 -0.00181604722188237 -0.0021400055384822813 -0.00054553008376108955
leaf_weight=59193 546 1801 487 200 75731 2833 29623 1495 593 300 151 338 129 75 13150 6802 342 1662 13585 147 995 129506 190 372 1692 1877 2164 439 491 2655
leaf_count=59193 546 1801 487 200 75731 2833 29623 1495 593 300 151 338 129 75 13150 6802 342 1662 13585 147 995 129506 190 372 1692 1877 2164 439 491 2655
internal_value=0.000374095 -0.00122027 0.00129546 -0.00265972 -0.00059898 -0.00255551 0.000926293 -0.00261579 -0.00670151 -0.00961538 -0.00318984 -0.0104531 -0.01875 -0.0171818 -0.000536616 -0.000666839 -0.0132353 -0.00302992 -0.00330827 0.000346118 -0.0023251 0.000997901 -0.00775964 -0.004571 -0.00430783 -0.0049214 -0.00574613 -0.00453209 -0.00709205 -0.00585505
internal_weight=349564 128025 221539 38598 89427 38323 162346 3217 1722 1235 28688 618 280 275 88881 9635 935 28070 25932 2138 14580 159129 337 11352 10980 9288 7626 5749 3585 3146
internal_count=349564 128025 221539 38598 89427 38323 162346 3217 1722 1235 28688 618 280 275 88881 9635 935 28070 25932 2138 14580 159129 337 11352 10980 9288 7626 5749 3585 3146
is_linear=0
shrinkage=0.05


Tree=20
num_leaves=31
num_cat=0
split_feature=5 5 4 0 15 11 13 11 5 13 13 5 12 14 14 11 13 0 13 3 14 13 13 12 7 11 9 14 12 11
split_gain=182.719 54.4516 24.8693 24.2554 23.0499 14.5091 11.7287 11.3351 11.1405 10.5921 10.2336 9.43947 8.14593 7.79527 19.3222 11.1445 8.52635 7.73055 7.53184 7.52935 7.20176 8.01719 27.2085 20.7776 20.2605 12.198 10.0214 9.35448 12.9424 12.1444
threshold=0.01473428868689943 0.021621925674789846 0.016435478613612026 0.08438858307250964 -0.040614005752933995 0.021519760104925626 31.844999313354496 0.022829812381502172 0.032778658881043185 24.385000228881839 13.744999885559084 0.035588976171067668 0.020857035392707671 -0.013975625369978871 -0.013346627210452431 0.0070762794177224872 18.94999980926514 -0.0033046907988132919 20.335000038146976 -0.030523986194713523 -0.12096344977185801 22.625000000000004 23.409999847412113 -0.0041728590088926923 -0.0050660566293289069 -0.019741563271709391 -0.032972759667461375 -0.029810288463271824 -0.0021779841828679087 0.0057609593190406381
decision_type=2 2 2 2 2 2 2 2 2 2 2 2 2 2 2 2 2 2 2 2 2 2 2 2 2 2 10 2 2 2
left_child=2 4 -1 5 19 8 -5 20 12 -7 -4 -8 -3 16 15 17 -12 -15 -14 -2 -6 25 23 24 26 -22 -23 -27 29 -29
right_child=1 3 10 6 7 9 11 -9 -10 -11 13 -13 18 14 -16 -17 -18 -19 -20 -21 21 22 -24 -25 -26 27 -28 28 -30 -31
leaf_value=0.00022750547718489644 -0.0013576934716846595 -0.00037921674584298474 0.00019101339988192767 -0.0012230194980132594 0.00021594062633479042 -0.00020907260231514547 -0.00092722668526537533 0.00012627170523362905 -0.00083139439132792433 0.00031382955576627144 0.00018820058452515665 -0.0026663709578233497 -0.00023969291991937842 -6.2730864969059042e-05 6.3223013025641696e-05 -0.0001464250189772633 2.626389982016027e-05 -0.0012028197440982018 0.00045880026722964541 -0.00039727271880907173 0.00022569536263739181 -0.00063553976821224812 -9.1235763147277783e-05 9.6367050994512562e-05 -0.00023103681670738282 3.422559117151264e-05 -0.0015273338543183518 -0.00016762352672513762 -6.2841093406013179e-05 -0.00057279161051331071
leaf_weight=49500 207 18532 27436 680 3550 6969 132 15432 6701 2997 35323 82 9583 47 70278 184 12005 132 1083 409 6446 273 8141 357 267 21426 189 6921 41269 2391
leaf_count=49500 207 18532 27436 680 3550 6969 132 15432 6701 2997 35323 82 9583 47 70278 184 12005 132 1083 409 6446 273 8141 357 267 21426 189 6921 41269 2391
internal_value=0.000375449 -0.000911566 0.0013926 -0.00233549 -0.000290926 -0.0021765 -0.0104922 -0.000235229 -0.00264506 -0.000488661 0.00106307 -0.0207009 -0.0022231 0.000860777 0.000528093 -0.010978 0.00135734 -0.0198603 -0.00112226 -0.00993506 -0.000447221 -0.00053661 -0.00193075 -0.00936464 -0.0142044 -0.000372643 -0.0205411 -0.000559182 -0.000930092 -0.00261383
internal_weight=348942 154037 194905 46759 107278 45865 894 106662 35899 9966 145405 214 29198 117969 70641 363 47328 179 10666 616 91230 87680 9227 1086 729 78453 462 72007 50581 9312
internal_count=348942 154037 194905 46759 107278 45865 894 106662 35899 9966 145405 214 29198 117969 70641 363 47328 179 10666 616 91230 87680 9227 1086 729 78453 462 72007 50581 9312
is_linear=0
shrinkage=0.05


Tree=21
num_leaves=31
num_cat=0
split_feature=4 4 6 13 4 6 13 3 4 4 4 6 10 14 0 13 10 12 4 13 10 6 10 12 13 3 14 16 15 8
split_gain=172.212 38.0029 31.2573 20.789 19.5233 14.3471 12.018 14.7263 11.1331 10.8255 10.7303 9.84375 9.00021 8.64609 8.38522 7.55101 13.1773 14.786 9.91205 7.94457 7.49907 7.48701 6.08049 11.2974 6.04177 6.02375 5.99465 5.86847 6.15415 5.81859
threshold=0.02782910815244561 0.020163858383523796 0.95765825554792028 28.970000267028812 0.035694403167474908 -0.36630151010847073 33.719999313354499 -0.023331274985219804 0.015427725183675472 0.048376010585515945 0.06370703158410719 1.0000000180025095e-35 -0.029463592833469218 0.45247854199056486 -0.078262578193969243 30.345000267028812 -0.017312000709356064 -0.007281546892151213 0.068207556574371234 43.015001296997077 0.06903334451863076 1.5876935114961432 -0.017312000709356064 -0.007281546892151213 24.855000495910648 0.01202516416563282 0.29251442523831755 -0.065661010248675752 -0.01024965048258558 0.27434669229613268
decision_type=2 2 2 2 2 2 2 2 2 2 2 2 2 2 2 2 2 2 2 2 2 2 2 2 2 2 2 2 2 8
left_child=1 8 4 9 -2 -3 7 -5 -1 29 -9 -10 13 -7 26 16 17 24 -18 20 -17 -14 23 -13 -16 -21 -6 28 -24 -4
right_child=2 5 3 6 14 12 -8 10 11 -11 -12 22 21 -15 15 19 18 -19 -20 25 -22 -23 27 -25 -26 -27 -28 -29 -30 -31
leaf_value=0.00023938187820182053 -2.8785688805158628e-05 0.00011864152197705433 -0.00030112325913811682 -0.0024055935967487621 -0.001073561367475357 -0.0014703610958888499 -0.00043755276699945902 -0.00053964535096783308 0.00017394525703100076 -0.001279322825650643 -0.002361657385510094 -0.00066601397049882629 3.1279459742112859e-05 -0.00010404026760929894 -0.0014661875292913855 0.00043231698217498769 -0.00020680511084784014 0.00026016084183593972 -0.00087226902316769992 -0.0010899955920014024 -0.00072079228460755144 -0.00016391400165464032 -0.0005386622163276629 0.00021418246250497653 -0.00080642093999685333 -0.00015112596272704798 -0.0024359882952967636 9.7344686700352094e-05 -0.0016218898489382711 -0.00084084794366252099
leaf_weight=32980 47269 50768 12348 163 207 141 633 308 54484 2171 58 345 58518 295 250 2331 33988 292 2729 128 94 11273 73 500 305 205 59 35211 40 1032
leaf_count=32980 47269 50768 12348 163 207 141 633 308 54484 2171 58 345 58518 295 250 2331 33988 292 2729 128 94 11273 73 500 305 205 59 35211 40 1032
internal_value=0.000372396 0.00109836 -0.00132591 -0.0033079 -0.000948871 0.000468408 -0.00975904 -0.0153214 0.00171487 -0.00282586 -0.0097541 0.00142869 5.48241e-06 -0.00715596 -0.00175323 -0.00169486 -0.00188026 -0.00804604 -0.00173802 0.000830312 0.00182474 5.02216e-05 0.000789212 -0.00340237 -0.0128378 -0.00641141 -0.0106015 0.00088948 -0.0104867 -0.00229447
internal_weight=349198 244628 104570 16713 87857 120995 1162 529 123633 15551 366 90653 70227 436 40588 40322 37564 847 36717 2758 2425 69791 36169 845 555 333 266 35324 113 13380
internal_count=349198 244628 104570 16713 87857 120995 1162 529 123633 15551 366 90653 70227 436 40588 40322 37564 847 36717 2758 2425 69791 36169 845 555 333 266 35324 113 13380
is_linear=0
shrinkage=0.05


Tree=22
num_leaves=31
num_cat=0
split_feature=4 4 4 10 15 4 13 13 15 10 12 14 13 12 12 11 11 11 11 13 13 11 13 12 13 11 8 0 9 15
split_gain=156.382 37.1389 27.2887 20.1999 17.4687 13.8089 10.1681 13.0457 12.2829 9.68507 17.5689 10.965 10.452 9.64686 13.3902 9.94935 9.08919 14.7542 13.0417 19.8133 32.6284 25.9238 14.4229 19.1164 35.3858 13.1071 10.4459 9.82936 9.74193 9.5975
threshold=0.026003412035695204 0.050738006214010575 0.017508630534260688 0.06903334451863076 -0.040614005752933995 0.033701368111918213 24.630000114440922 21.134999275207523 -0.040614005752933995 -0.017312000709356064 -0.007281546892151213 0.15844695899744313 38.065000534057624 -0.027973012120020454 -0.032606247407298776 -0.029337474403061222 -0.020508631147506503 0.0035059532242039952 0.0023967132721236521 14.994999885559084 15.97499990463257 0.0032511544819977538 21.134999275207523 -0.027973012120020454 24.385000228881839 -0.0071962553700703471 inf 0.00056170561755397596 0.063511882959502178 0.017398407400828989
decision_type=2 2 2 2 2 2 2 2 2 2 2 2 2 2 2 2 2 2 2 2 2 2 2 2 2 2 8 2 8 2
left_child=2 4 -1 6 -2 -6 7 -3 -8 10 11 -4 -13 14 15 -9 -11 18 22 29 21 -21 -18 24 25 28 -19 -27 -24 -20
right_child=1 3 9 -5 5 -7 8 13 -10 16 -12 12 -14 -15 -16 -17 17 26 19 20 -22 -23 23 -25 -26 27 -28 -29 -30 -31
leaf_value=0.0001888145389474659 -0.00081675065532256389 -0.00061004003474247849 6.6443291525621691e-05 -0.0017190529355527282 -2.7797624010338334e-05 -0.00018309665971518493 -0.0019693249056775652 -0.0027034352522230312 -5.043000410549683e-05 0.00024016866171576031 0.00023147791716165013 -0.00075980231709504777 0.00011450870244966233 -0.0007324378603408107 -0.0047999264515113816 -0.00086901449468590691 6.5150597684903873e-05 0.00013158244823381599 0.00021928660178457059 -0.0012115927514110337 -0.00017171451232381887 -8.8376788369227589e-05 -9.423960516393588e-05 -2.8526949552535286e-05 0.00015433675933148157 -0.00064461253340820782 -0.0001628995622545998 -0.0038003487847183427 -0.00095497794369642133 -0.00040628940096105722
leaf_weight=70243 708 8371 507 164 68282 43484 186 94 3523 11970 1321 834 248 1001 93 457 44940 80119 2269 333 3031 205 170 2878 546 48 2387 138 283 163
leaf_count=70243 708 8371 507 164 68282 43484 186 94 3523 11970 1321 834 248 1001 93 457 44940 80119 2269 333 3031 205 170 2878 546 48 2387 138 283 163
internal_value=0.000373443 -0.00103143 0.00117083 -0.00347073 -0.000730213 -0.000680618 -0.00326229 -0.00409045 -0.00102588 0.000795 -0.00206186 -0.00560415 -0.00844732 -0.00816109 -0.0129348 -0.00997278 0.000850616 0.000735583 0.000101266 -0.00209882 -0.00447044 -0.0158178 0.000370692 -0.00248216 -0.007827 -0.0158138 0.00115846 -0.0269892 -0.0112252 0.00138158
internal_weight=348996 126363 222633 13889 112474 111766 13725 10016 3709 152390 2910 1589 1082 1645 644 551 149480 137510 55004 6001 3569 538 49003 4063 1185 639 82506 186 453 2432
internal_count=348996 126363 222633 13889 112474 111766 13725 10016 3709 152390 2910 1589 1082 1645 644 551 149480 137510 55004 6001 3569 538 49003 4063 1185 639 82506 186 453 2432
is_linear=0
shrinkage=0.05


Tree=23
num_leaves=31
num_cat=0
split_feature=5 5 6 5 6 6 10 11 4 5 14 10 11 12 12 11 6 12 10 9 13 13 14 11 12 10 11 10 10 14
split_gain=141.176 41.0092 22.288 19.0353 17.0709 14.1796 11.9571 11.8695 11.1655 8.33075 8.02134 7.92732 7.66289 6.2967 7.28827 6.78259 5.98811 7.26433 8.616 7.11269 8.0662 6.73762 5.94947 9.70845 13.3898 26.5753 17.0935 16.6009 28.46 10.4391
threshold=0.01473428868689943 0.020899449783969234 1.2415665391797204 0.010540625366194857 0.74334544471298691 0.21885682769787487 -0.017312000709356064 0.021519760104925626 0.060606397051234696 0.028316801807736252 -0.040830821857172121 0.027542831641926283 0.023520128243548103 -0.0800835440536906 0.0090147692043446321 -0.040606283895635913 1.940674089672237 -0.038043904409190692 -0.029463592833469218 0.12793356172806328 25.19999980926514 23.265000343322757 -0.029810288463271824 -0.013909745802050731 -0.0021779841828679087 -0.0012722764150241981 0.011626690848287493 0.0063034677603397435 0.0073562807386337034 0.12115074894469659
decision_type=2 2 2 2 2 2 2 2 2 2 2 2 2 2 2 2 2 2 2 8 2 2 2 2 2 2 2 2 2 2
left_child=3 4 7 -1 12 -5 -6 9 -4 -3 -9 -10 22 15 -15 -11 17 18 -7 -20 21 -21 -2 -24 25 29 27 -27 -29 -25
right_child=1 2 8 5 6 16 -8 10 11 13 -12 -13 -14 14 -16 -17 -18 -19 19 20 -22 -23 23 24 -26 26 -28 28 -30 -31
leaf_value=0.00019091312736190782 6.4169854655686149e-05 -0.00018419520200885838 -0.00061148372733936941 0.0001282398155983958 -0.00062422853029552743 -0.0012739307124311461 -0.00016038394278861435 0.00030988799303043182 -0.0017459845631467336 -0.00077691228492771482 -0.00011933898200913373 -0.0026883310497491848 0.00016126467207337543 -0.00072452548467452887 -0.00036131422038308673 0.0012473902222902033 -0.00012935338032654466 7.9364981731466406e-05 0.00019046966958374156 -0.00040788654645666658 0.00042081833756085107 -0.0012215224298275434 0.00010900864930456305 6.517345675439408e-05 -2.6072153300172029e-05 -0.00045839846629308189 0.000106096390745088 -0.0040739487914430482 -0.00017761967821524984 -0.00076314609084704584
leaf_weight=59235 21968 24455 5317 91645 893 111 18557 3345 688 148 6615 59 11217 5903 5290 536 9209 32361 1126 707 301 217 10678 3756 31641 1722 625 188 174 602
leaf_count=59235 21968 24455 5317 91645 893 111 18557 3345 688 148 6615 59 11217 5903 5290 536 9209 32361 1126 707 301 217 10678 3756 31641 1722 625 188 174 602
internal_value=0.000379614 -0.000749885 -0.00188746 0.00127422 -0.000166093 0.000947729 -0.00149871 -0.00151408 -0.0047378 -0.00193328 1.50604e-05 -0.0104618 0.000147812 -0.0030197 -0.0033043 0.00163743 0.000210302 0.000510152 -0.00210804 -0.00146533 -0.00410204 -0.00641775 -4.31649e-05 -0.000347669 -0.000715872 -0.0026836 -0.00657254 -0.0087476 -0.0184807 -0.000266177
internal_weight=349289 154377 52356 194912 102021 135677 19450 46292 6064 36332 9960 747 82571 11877 11193 684 44032 34823 2462 2351 1225 924 71354 49386 38708 7067 2709 2084 362 4358
internal_count=349289 154377 52356 194912 102021 135677 19450 46292 6064 36332 9960 747 82571 11877 11193 684 44032 34823 2462 2351 1225 924 71354 49386 38708 7067 2709 2084 362 4358
is_linear=0
shrinkage=0.05


Tree=24
num_leaves=31
num_cat=0
split_feature=5 5 6 6 5 5 0 11 8 10 16 11 11 10 11 14 3 11 3 10 10 10 10 14 11 11 14 14 5 10
split_gain=129.754 27.0332 25.4264 20.8629 15.2996 15.1766 11.2541 8.83627 8.78803 12.7258 9.04733 8.5885 8.97043 11.0644 8.48685 8.12608 10.7606 8.0378 7.33111 7.69625 6.72847 6.71413 6.37603 9.7096 6.31739 5.83444 5.51632 6.59363 6.67477 5.4017
threshold=0.016386692054606095 0.010540625366194857 1.0144814791797325 0.21885682769787487 0.025979153566273783 0.037540862575434715 -0.010663212405712661 0.018630365638917849 -0.18323084349974736 0.016350116268756935 -0.01727135580738692 -0.043674023036412872 -0.022762768939498131 -0.017312000709356064 -0.026323618530511902 0.45247854199056486 0.0014475248409232535 0.023520128243548103 -0.0025216266913875014 -0.029463592833469218 0.027542831641926283 -0.020247544478179221 -0.029463592833469218 0.45247854199056486 -0.018660876046821092 0.023520128243548103 -0.05241984422658668 -0.017647948149660749 0.049566509455600621 -0.0065884615881859334
decision_type=2 2 2 2 2 2 2 2 10 2 2 2 2 2 2 2 2 2 2 2 2 2 2 2 2 2 2 2 2 2
left_child=1 -1 4 18 6 14 11 -6 9 -5 -11 15 -13 21 -4 16 -2 -8 19 -3 -7 -14 23 -10 -23 -24 -9 28 -28 -15
right_child=2 3 5 8 7 20 17 26 22 10 -12 12 13 29 -16 -17 -18 -19 -20 -21 -22 24 25 -25 -26 -27 27 -29 -30 -31
leaf_value=0.00018178947947537403 -0.0011898795726518437 -0.0015591364730682738 -0.00069950636127686413 -0.00025870106785410012 -0.00041225966949376977 -0.0018051381152980727 -3.1280184706814526e-05 0.00029245969867035878 -0.0012497239588633085 -0.0017608804782265855 -0.00040382326140038413 0.00022622151103304832 0.00027188417344080714 1.7349270454880984e-05 -0.00031269456392043468 0.00011332361799396502 -0.0002360395723629174 0.00015432145955336624 0.00013343067650607439 5.026686671234234e-05 -0.0025896947165046018 -0.00085245396015406507 -7.1728701342713833e-06 -5.0213343111331768e-05 -0.00019874812534446978 0.00019107143716214753 -0.00033932529806267412 3.2980866440725474e-05 -0.0015685973969429405 -0.00022112531021883372
leaf_weight=59254 219 68 1777 2312 15678 627 47324 1862 136 65 84 2446 119 4254 13895 173 205 9278 85092 33809 57 318 47787 278 242 6112 1256 2590 93 11843
leaf_count=59254 219 68 1777 2312 15678 627 47324 1862 136 65 84 2446 119 4254 13895 173 205 9278 85092 33809 57 318 47787 278 242 6112 1256 2590 93 11843
internal_value=0.000365824 0.00103782 -0.00101631 0.00072643 -0.00071144 -0.00284116 -0.000380065 -0.00189045 -6.21762e-05 -0.00298456 -0.0171477 -0.00140547 -0.00122204 -0.00163448 -0.00252297 -0.00731156 -0.0110377 -2.10238e-05 0.00110277 0.00048071 -0.0101316 -0.0078866 7.02412e-05 -0.00611111 -0.0101786 0.00011772 -0.000223237 -0.00128332 -0.00411786 -0.00137075
internal_weight=349253 234997 114256 175743 97900 16356 76421 21479 56774 2461 149 19819 19222 16776 15672 597 424 56602 118969 33877 684 679 54313 414 560 53899 5801 3939 1349 16097
internal_count=349253 234997 114256 175743 97900 16356 76421 21479 56774 2461 149 19819 19222 16776 15672 597 424 56602 118969 33877 684 679 54313 414 560 53899 5801 3939 1349 16097
is_linear=0
shrinkage=0.05


Tree=25
num_leaves=31
num_cat=0
split_feature=5 5 6 6 6 5 5 10 12 5 8 10 16 0 10 5 16 13 13 12 12 13 3 13 10 5 9 10 10 12
split_gain=113.82 31.1034 17.6942 17.6604 15.3443 13.8597 10.2167 9.54444 8.59265 8.7774 8.33964 10.3679 8.82566 7.97295 7.11041 6.76691 6.26411 9.16527 8.37924 6.08449 17.6529 22.0061 7.77103 6.05528 13.8505 6.69679 5.90283 5.83532 5.47398 5.41474
threshold=0.01473428868689943 0.020899449783969234 0.059540600442042589 0.23134426228410812 -0.29757374840759421 0.040142938365013259 0.010124440154656749 -0.017312000709356064 -0.0800835440536906 0.049566509455600621 -0.20286517195006867 0.016350116268756935 -0.01727135580738692 -0.052253456539640968 0.0045502623367793546 0.010075143891715798 0.0043406069605713702 21.555000305175785 21.409999847412113 -0.029235256213089252 -0.032606247407298776 21.409999847412113 -0.010944211261077584 31.844999313354496 -0.015213589282174643 0.027817744626149027 0.0099998054337463466 0.06903334451863076 0.0089823327220962552 0.02952133598580731
decision_type=2 2 2 2 2 2 2 2 2 2 10 2 2 2 2 2 2 2 2 2 2 2 2 2 2 2 8 2 2 2
left_child=3 4 8 6 28 -4 -1 13 -3 16 11 -5 -13 -6 29 -12 19 18 -18 20 23 -22 -23 24 25 -10 -20 -7 -2 -8
right_child=1 2 5 10 7 27 14 -9 9 -11 15 12 -14 -15 -16 -17 17 -19 26 -21 21 22 -24 -25 -26 -27 -28 -29 -30 -31
leaf_value=0.00019534634647836257 3.2251315031852364e-05 0.00086763083010308803 -0.00038577134519045492 -0.00024525117716104499 -0.000798770476185145 -0.0014860808021715701 6.5226299584893435e-05 -7.1149511781078704e-05 -0.00054258090574533331 -0.0011488647421262542 0.00016509338497431423 -0.0017713111025966335 -0.00032464846900513429 -0.0002516844393685015 0.00017445648847660449 3.087281550072367e-05 -0.00012282741072397945 0.00019973047004000146 -0.00048608426457387845 -0.0001761446581610963 -0.00043632529661277291 -0.0063772059324671559 -0.0018019259589915884 0.00035155662021386951 -0.00022430196010032752 -0.0018504030823622388 -0.001678245134248874 -0.0023342522403963159 0.00020562715177850481 0.00014280476948576348
leaf_weight=31258 41235 1006 16702 1946 351 1196 44839 51858 276 818 15104 59 73 1676 30382 46049 12492 4380 76 12220 191 59 98 468 2221 158 52 53 6571 25187
leaf_count=31258 41235 1006 16702 1946 351 1196 44839 51858 276 818 15104 59 73 1676 30382 46049 12492 4380 76 12220 191 59 98 468 2221 158 52 53 6571 25187
internal_value=0.000347282 -0.000667923 -0.00165669 0.00115027 -0.000157782 -0.00292992 0.00148011 -0.00073629 -0.000994495 -0.00113119 0.00046346 -0.00265159 -0.0162121 -0.00410212 0.00123436 0.00056931 -0.00100318 -0.000338235 -0.00102219 -0.0017236 -0.00357102 -0.0142529 -0.028121 -0.00238072 -0.00330508 -0.0114747 -0.01375 -0.00801041 0.00049429 0.000957216
internal_weight=349054 154157 52466 194897 101691 17951 131666 53885 34515 33509 63231 2078 132 2027 100408 61153 32691 17000 12620 15691 3471 348 157 3123 2655 434 128 1249 47806 70026
internal_count=349054 154157 52466 194897 101691 17951 131666 53885 34515 33509 63231 2078 132 2027 100408 61153 32691 17000 12620 15691 3471 348 157 3123 2655 434 128 1249 47806 70026
is_linear=0
shrinkage=0.05


Tree=26
num_leaves=31
num_cat=0
split_feature=5 5 6 6 5 9 11 11 10 14 5 3 10 10 14 6 10 6 13 13 11 14 8 14 14 8 16 10 10 10
split_gain=107.825 28.615 19.5866 16.796 12.8787 10.4031 8.68349 8.54934 8.43216 8.99349 8.28213 7.77621 11.1038 48.6971 9.32359 7.2862 6.77181 6.63491 6.62413 9.76249 6.4602 6.28003 6.05108 6.02651 5.87541 6.35951 6.18555 5.7518 6.10607 5.2263
threshold=0.0174842344838761 0.011671711558346934 0.38278489767952445 1.0000000180025095e-35 0.040142938365013259 0.25378112501712219 -0.026323618530511902 0.021311726855450689 -0.029463592833469218 0.45247854199056486 0.0089682097020271773 -0.011735610494109259 0.0063034677603397435 0.006337694363773628 0.22590160926733996 1.940674089672237 -0.0060493292963074699 1.0144814791797325 21.134999275207523 21.555000305175785 -0.021594422824346479 0.45247854199056486 0.27434669229613268 0.024046021378642205 -0.078457350194131512 0.35151420868843569 0.0041140755181515729 0.00057749123294836846 0.000540884636322292 0.015605159278572868
decision_type=2 2 2 2 2 10 2 2 2 2 2 2 2 2 2 2 2 2 2 2 2 2 8 2 2 8 2 2 2 2
left_child=1 10 5 24 6 7 -4 11 9 -5 -1 12 14 -14 16 -10 -2 -12 -7 -20 -8 -16 -17 -22 25 -3 -27 28 -18 -15
right_child=2 3 4 8 -6 18 20 -9 15 -11 17 -13 13 29 21 22 27 -19 19 -21 23 -23 -24 -25 -26 26 -28 -29 -30 -31
leaf_value=0.00023086788837694855 0.00014453902940736286 0.00024685095882238548 -0.0005477320694176396 -0.0011994751069597475 -0.0016620330593297228 -0.00025069375663695775 0.00025847821465105098 8.9394709572777588e-05 1.5981048381876947e-05 -0.00012443691433379017 0.00013578814510829452 -5.8496984307783105e-05 -0.0052325014712268367 -0.00012221002143067788 -0.0010072388213913659 -0.00014558635589292403 -0.00042767079863324423 3.1429231581453172e-05 -0.0016407341649607309 -0.00067033524545948584 -0.00021488563669751272 0.00015898695165620367 -0.0008331431595726028 -0.00045594292238835719 8.009431626357686e-05 -0.0012760130437259828 0.00011923703523982615 6.5154046266561715e-05 -0.00063130066561070002 -0.0014077228394090606
leaf_weight=19364 2313 7541 2476 169 909 8269 1177 12468 51996 319 64922 42028 107 506 251 10200 1549 12024 90 978 13638 101 492 5653 88370 58 74 831 134 64
leaf_count=19364 2313 7541 2476 169 909 8269 1177 12468 51996 319 64922 42028 107 506 251 10200 1549 12024 90 978 13638 101 492 5653 88370 58 74 831 134 64
internal_value=0.000379737 0.000911423 -0.00107267 0.000499909 -0.00230935 -0.000649385 -0.0020781 -0.0004091 -0.000133278 -0.00668033 0.00159174 -0.000712764 -0.00241974 -0.00844165 -0.00163255 -8.23122e-05 -0.00105966 0.00135914 -0.00220253 -0.00590824 -0.00173979 -0.00948864 -0.00127104 -0.0019592 0.000916413 0.00224358 -0.00863636 -0.00285601 -0.00453654 -0.00263158
internal_weight=349071 255529 93542 159219 23853 69689 22944 60352 63176 488 96310 47884 5856 677 5179 62688 4827 76946 9337 1068 20468 352 10692 19291 96043 7673 132 2514 1683 570
internal_count=349071 255529 93542 159219 23853 69689 22944 60352 63176 488 96310 47884 5856 677 5179 62688 4827 76946 9337 1068 20468 352 10692 19291 96043 7673 132 2514 1683 570
is_linear=0
shrinkage=0.05


Tree=27
num_leaves=31
num_cat=0
split_feature=5 5 4 6 6 6 9 10 10 0 13 3 14 10 13 13 13 11 12 14 9 15 15 11 9 5 14 13 12 10
split_gain=96.3578 26.1857 15.8464 13.1345 12.3248 11.8063 11.3287 8.42522 7.89732 8.38453 7.75104 8.5736 13.2848 7.55306 19.1418 12.705 17.1358 8.73964 11.26 16.1634 14.8127 10.9574 8.4066 7.43715 7.34483 6.86932 6.80043 6.38901 10.6649 6.30622
threshold=0.01473428868689943 0.022424437753380436 0.015427725183675472 0.95765825554792028 -0.29034056119504981 1.0723604727880856 0.16847461057799365 0.0045502623367793546 -0.017312000709356064 -0.078262578193969243 21.134999275207523 -0.0077091992213444418 -0.012079756674524154 0.0039695003321817976 16.085000038146976 19.520000457763675 16.894999504089359 -0.022762768939498131 -0.038043904409190692 0.24994374642796716 -0.13868572780540575 -0.040614005752933995 0.0046037058047073707 -0.040606283895635913 -0.13503439875979603 0.043553476689101457 -0.068136872709181048 31.844999313354496 -0.007281546892151213 -0.015213589282174643
decision_type=2 2 2 2 2 2 10 2 2 2 2 2 2 2 2 2 2 2 2 2 10 2 2 2 10 2 2 2 2 2
left_child=2 4 -1 7 -2 6 26 13 9 -6 -9 12 -12 17 -15 16 24 21 19 20 -19 23 -18 -4 -16 -7 -3 28 -11 -10
right_child=1 5 3 -5 8 25 -8 10 29 27 11 -13 -14 14 15 -17 22 18 -20 -21 -22 -23 -24 -25 -26 -27 -28 -29 -30 -31
leaf_value=0.00017995783018989861 4.3964132740814578e-05 0.00010127762490333616 -0.0017118554774586169 -1.2910204970507618e-05 -0.0011043562649412483 -0.00062756382438618956 -0.00047459170825969905 0.0001816076737776141 0.00027346338518131853 -0.00070547805975108618 -0.00023844887712880523 -4.8296209130315336e-06 -0.002664893611909002 0.0001574723951448494 -0.00047241239803453574 7.2155887753270367e-05 -0.00046780381240839049 -0.00037090731179702989 8.2662691800499118e-05 -0.0006155367051650575 0.0002654008390994504 0.00028888005501290221 -0.00022010078360090222 3.2491297681223595e-05 9.587669946163232e-05 -0.0022368094357904733 -0.00017614751370392887 0.00013274462110225959 7.5505288190635774e-05 -8.0889743328941684e-05
leaf_weight=32984 53636 5247 60 27018 143 5073 9056 38340 2123 912 164 2622 59 2084 219 727 375 1360 79201 93 1109 7915 264 55 553 328 21547 563 691 54765
leaf_count=32984 53636 5247 60 27018 143 5073 9056 38340 2123 912 164 2622 59 2084 219 727 375 1360 79201 93 1109 7915 264 55 553 328 21547 563 691 54765
internal_value=0.000351088 -0.000583642 0.00108892 0.000885783 -0.000189528 -0.00166166 -0.00133333 0.00108691 -0.000686943 -0.00355349 0.00168326 -0.000834798 -0.0102466 0.000825666 -0.00124112 -0.00456501 -0.00733168 0.000922845 0.000768257 -0.00249414 -0.00172337 0.00249689 -0.0133881 -0.0128261 -0.00231865 -0.00384096 -0.000816601 -0.00277932 -0.00438865 -0.000570595
internal_weight=349286 154084 195202 162218 112833 41251 35850 135200 59197 2309 41185 2845 223 94015 4222 2138 1411 89793 81763 2562 2469 8030 639 115 772 5401 26794 2166 1603 56888
internal_count=349286 154084 195202 162218 112833 41251 35850 135200 59197 2309 41185 2845 223 94015 4222 2138 1411 89793 81763 2562 2469 8030 639 115 772 5401 26794 2166 1603 56888
is_linear=0
shrinkage=0.05


Tree=28
num_leaves=31
num_cat=0
split_feature=5 4 4 6 6 6 10 11 11 3 11 5 15 10 13 13 10 11 12 12 13 16 16 15 12 10 3 11 4 12
split_gain=90.3108 25.6511 13.9024 12.5728 12.401 10.4208 8.08409 8.18153 12.4266 11.2461 8.04907 9.56804 7.75791 7.13617 17.658 10.2653 13.0062 7.61632 11.1014 18.3113 14.8702 10.0074 7.59312 6.41259 6.01684 5.98429 7.79858 5.95431 5.66643 5.53619
threshold=0.014544112672683915 0.034217827438179076 0.015517057533534063 1.2415665391797204 2.0152881020375522 -0.29034056119504981 0.0045502623367793546 -0.013624975324509013 -0.016546519308648141 0.011662815827783281 0.029686707120002768 0.026850074912479368 -0.040614005752933995 0.0039695003321817976 16.085000038146976 19.520000457763675 0.0044245853053562776 -0.022762768939498131 -0.038043904409190692 -0.040334954813934058 18.260000228881839 -0.022250149633245394 -0.014171165351189339 -0.040614005752933995 -0.075828258528587975 0.0040309091899630731 -0.0060234024900770447 0.012677016047660918 0.060606397051234696 0.057354881634701156
decision_type=2 2 2 2 2 2 2 2 2 2 2 2 2 2 2 2 2 2 2 2 2 2 2 2 2 2 2 2 2 2
left_child=2 5 -1 10 6 27 13 8 -8 -10 11 -3 -7 17 -15 16 25 23 19 20 21 -19 -21 -4 -13 26 -16 -2 -5 -9
right_child=1 3 4 28 -6 12 7 29 9 -11 -12 24 -14 14 15 -17 -18 18 -20 22 -22 -23 -24 -25 -26 -27 -28 -29 -30 -31
leaf_value=0.00017172147860108281 7.9708932054930808e-06 -0.00010681224165423303 -0.0011105574071202764 -0.00049722217299677735 -0.0001090367235539658 -0.00078860265478102737 8.0244521065905727e-05 0.00019316186889823506 -0.00022018435905577107 -0.0014715169432117173 7.3909256479448655e-05 0.00040398738449434984 -5.7489463497448021e-05 0.00016741986228899748 -0.0007037481811360091 3.8103623540247529e-05 0.00066796243995201614 -0.0012209662848882113 7.9084675470349945e-05 -0.001170043751329707 0.00013314579149785948 -0.00026517609443640655 -0.00033607560268717585 0.00026251245051096134 -0.00042095866310154582 -0.00038426375629852216 -0.00017320292274844074 0.00012397632209340903 -0.0014935949890548768 4.8869342511660163e-06
leaf_weight=34339 34158 26301 169 6198 10319 401 2206 37409 548 89 6360 931 53070 2202 79 771 226 99 84237 116 1917 395 244 9090 14612 667 518 16767 759 4151
leaf_count=34339 34158 26301 169 6198 10319 401 2206 37409 548 89 6360 931 53070 2202 79 771 226 99 84237 116 1917 395 244 9090 14612 667 518 16767 759 4151
internal_value=0.000363077 -0.000513703 0.00110018 -0.00138585 0.000899056 -5.28754e-05 0.00101814 0.00158019 -0.00101477 -0.0071664 -0.00109908 -0.00135097 -0.000540386 0.000770376 -0.00118418 -0.00428793 -0.00671141 0.000860991 0.000715911 -0.00239805 -0.000827457 -0.00856275 -0.0129167 0.00222432 -0.00233449 -0.00868671 -0.00505025 0.000459009 -0.00337286 0.0017577
internal_weight=349348 159557 189791 55161 155452 104396 145133 44403 2843 637 48204 41844 53471 100730 4463 2261 1490 96267 87008 2771 2411 494 360 9259 15543 1264 597 50925 6957 41560
internal_count=349348 159557 189791 55161 155452 104396 145133 44403 2843 637 48204 41844 53471 100730 4463 2261 1490 96267 87008 2771 2411 494 360 9259 15543 1264 597 50925 6957 41560
is_linear=0
shrinkage=0.05


Tree=29
num_leaves=31
num_cat=0
split_feature=5 4 4 11 5 11 14 11 9 8 0 9 11 14 0 13 13 15 14 11 13 13 8 11 3 14 11 14 14 0
split_gain=81.7562 21.1213 15.421 11.7205 11.5066 9.37569 14.8774 13.706 25.5312 10.1442 10.0494 9.22945 7.8682 7.08197 11.3164 6.97024 13.9827 7.14356 6.55713 6.43074 10.36 15.1968 15.2896 15.1194 11.1449 8.04489 12.9573 6.71786 37.4498 8.6154
threshold=0.01473428868689943 0.033948949943443475 0.015517057533534063 0.023520128243548103 0.049566509455600621 0.0069842899086436381 0.13242625205871941 0.0069505376861864763 -0.29690257497223094 0.27434669229613268 -0.012082972289588932 0.38520768668184496 0.039736199013419633 0.22590160926733996 -0.078262578193969243 27.855000495910648 30.345000267028812 -0.0079449613656989975 0.063679127016071826 -0.017638953461458159 21.134999275207523 21.555000305175785 -0.16766952772051816 -0.011586998354799647 0.014516269252479065 0.22590160926733996 -0.021594422824346479 -0.013975625369978871 -0.013346627210452431 0.0026719212797283736
decision_type=2 2 2 2 2 2 2 2 10 8 2 10 2 2 2 2 2 2 2 2 2 2 10 2 2 2 2 2 2 2
left_child=2 3 -1 15 11 7 9 19 -9 -7 -8 12 13 -3 -15 -2 17 -17 -13 25 27 23 24 -22 -23 -4 -27 -21 29 -29
right_child=1 4 5 -5 -6 6 10 8 -10 -11 -12 18 -14 14 -16 16 -18 -19 -20 20 21 22 -24 -25 -26 26 -28 28 -30 -31
leaf_value=0.0001664755088376369 -2.4261282272919327e-05 -0.00015762518994048749 0.00017321061230712398 0.0001460455516391581 -0.001174759423638397 0.00013495131002413371 -0.0013115454424710547 -0.0009809027235967631 5.2793601560189121e-05 -0.00017778170469969306 -0.00040986824872578376 -0.00042001342312427781 0.00014946411819477789 -0.0018092838900344429 -0.00033995690499961467 -0.00092543423887045298 -3.4625309690658542e-05 -0.0001669454958086331 -0.0010721559333917577 0.00010947851039125393 -2.0491066874135997e-05 -0.00043779343295045653 6.7682511644383335e-05 -0.0011744554533688887 -0.0016446513037175711 6.46856748080334e-07 -0.00037984211828647233 -0.00045878938556487303 1.3830000550828361e-05 -0.001078458312408774
leaf_weight=34332 82660 44593 18004 13583 1333 69914 56 238 382 1923 123 4745 3884 198 863 364 1175 185 910 24288 211 349 2523 278 67 988 247 101 40977 118
leaf_count=34332 82660 44593 18004 13583 1333 69914 56 238 382 1923 123 4745 3884 198 863 364 1175 185 910 24288 211 349 2523 278 67 988 247 101 40977 118
internal_value=0.00034155 -0.000517726 0.00102191 -7.36471e-05 -0.00128737 0.000816515 0.00124042 0.000472621 -0.00693548 0.00127629 -0.0131564 -0.00117651 -0.000958052 -0.00114185 -0.00517908 -0.000293065 -0.00343967 -0.0100273 -0.00309019 0.000524725 0.000299077 -0.0023804 -0.00102246 -0.0105419 -0.00990385 0.00133297 -0.00257085 0.000439344 5.04905e-05 -0.0205708
internal_weight=349612 154493 195119 97967 56526 160787 72016 88771 620 71837 179 55193 49538 45654 1061 84384 1724 549 5655 88151 68912 3428 2939 489 416 19239 1235 65484 41196 219
internal_count=349612 154493 195119 97967 56526 160787 72016 88771 620 71837 179 55193 49538 45654 1061 84384 1724 549 5655 88151 68912 3428 2939 489 416 19239 1235 65484 41196 219
is_linear=0
shrinkage=0.05


Tree=30
num_leaves=31
num_cat=0
split_feature=4 9 6 5 6 8 11 5 12 13 12 12 13 11 11 11 15 3 11 13 11 12 12 3 6 12 3 12 12 13
split_gain=71.5242 19.1725 16.1541 13.8351 12.4511 9.62712 9.13117 9.11926 6.23116 12.1689 9.65644 11.6282 8.25724 7.29871 16.131 19.5376 10.9664 16.6576 14.1206 14.0441 7.93126 9.13382 7.08957 6.50757 6.06443 5.98492 7.32756 5.99872 14.0898 8.42786
threshold=0.024635091924004374 0.3517854213118688 1.2810830309712473 0.0098753601789377064 1.0000000180025095e-35 -0.14668003761109991 0.022829812381502172 0.017908468565298315 -0.0041728590088926923 21.409999847412113 -0.067575688865902969 -0.062212447341067838 43.015001296997077 0.011626690848287493 0.008381662460648533 0.0086648662449935205 0.0062878770309336982 -0.012158971403693207 -0.009665754685088233 21.409999847412113 -0.028186654574093969 -0.050232690438178178 -0.050232690438178178 -0.051302501565748164 1.940674089672237 -0.008121323465966555 -0.0057595566010897872 -0.029235256213089252 -0.032606247407298776 21.409999847412113
decision_type=2 10 2 2 2 10 2 2 2 2 2 2 2 2 2 2 2 2 2 2 2 2 2 2 2 2 2 2 2 2
left_child=3 2 6 -1 -5 -4 7 -2 10 -10 12 23 -9 14 16 -16 25 18 -18 -20 21 -19 -22 -12 -6 27 -27 28 -13 -30
right_child=1 -3 5 4 24 -7 -8 8 9 -11 11 13 -14 -15 15 -17 17 20 19 -21 22 -23 -24 -25 -26 26 -28 -29 29 -31
leaf_value=0.00014959015991894626 1.6468528956514714e-05 -0.00044695827578506364 -0.00077076029554075571 9.9050986051960714e-05 4.0801405417946838e-05 -0.00021193552025035333 8.868100529946627e-05 0.00024104808427204377 -8.3188536030656037e-05 0.00065095367928569346 -0.0023685633632965866 -0.00010562386360884209 -0.00048621039083694082 0.00025960108185227191 -0.0017443992015774455 -0.00040521811868838594 -0.000647283969320973 0.00011609179335701082 -0.00099931753058015902 -0.0050713568268851029 -0.0013832263599931754 -0.0013363006031615831 -0.00019569406976234759 -0.00060059867402867829 -0.0001237138781638008 -0.00047774031637531239 -0.00012169356953418877 6.6842393533571732e-05 -0.00041775302889256297 -0.0018879230528343019
leaf_weight=40055 44790 9374 2067 99291 53287 14436 20121 3862 32067 1788 45 3442 533 1361 91 309 224 128 82 111 171 251 2723 539 10426 759 1018 4976 379 191
leaf_count=40055 44790 9374 2067 99291 53287 14436 20121 3862 32067 1788 45 3442 533 1361 91 309 224 128 82 111 171 251 2723 539 10426 759 1018 4976 379 191
internal_value=0.000313947 -0.000530794 -0.00038054 0.000920644 0.000716056 -0.00184724 -0.000178766 -0.000374599 -0.000805631 -0.000384729 -0.00147794 -0.00202381 0.000608646 -0.00177417 -0.00209525 -0.012 -0.00182117 -0.00417344 -0.0135851 -0.0234974 -0.00297434 -0.00977573 -0.00208362 -0.00895548 0.000170531 -0.00101486 -0.00366629 -0.000490654 -0.00192921 -0.00921053
internal_weight=348897 145838 136464 203059 163004 16503 119961 99840 55050 33855 21195 16800 4395 16216 14855 400 14455 3690 417 193 3273 379 2894 584 63713 10765 1777 8988 4012 570
internal_count=348897 145838 136464 203059 163004 16503 119961 99840 55050 33855 21195 16800 4395 16216 14855 400 14455 3690 417 193 3273 379 2894 584 63713 10765 1777 8988 4012 570
is_linear=0
shrinkage=0.05


Tree=31
num_leaves=31
num_cat=0
split_feature=4 4 6 4 6 10 6 10 12 10 14 10 14 10 12 6 10 12 8 13 7 0 10 15 2 10 13 14 6 9
split_gain=68.9606 19.8124 11.6992 11.6984 9.64515 8.88233 7.45941 6.39083 13.9319 6.11813 26.3307 29.9077 20.9545 9.10522 7.82481 6.13171 6.00152 5.94877 16.0755 18.2729 9.9527 9.12327 7.99863 17.1438 7.09918 7.07879 11.3949 6.42941 6.39431 6.17587
threshold=0.023421515441167565 0.045572307385731869 -0.10090144743586883 0.014935123414699726 -0.36630151010847073 0.0089823327220962552 0.49521508245719231 -0.017312000709356064 -0.007281546892151213 -0.0042976015384410529 0.077019604552505241 -0.0037750757818245657 0.079095926518506735 -0.0030276650310187554 0.0033715039290467268 1.940674089672237 0.01542612816856115 -0.038043904409190692 0.23559089079957377 25.319999694824222 -0.062771688514305354 -0.06138604973310257 -0.0024295590031904175 -0.0051938176656993176 -0.09032290612794984 -0.017312000709356064 31.844999313354496 -0.076646614085351103 2.0152881020375522 -0.38142855358677646
decision_type=2 2 2 2 2 2 2 2 2 2 2 2 2 2 2 2 2 2 8 2 2 2 2 2 2 2 2 2 2 10
left_child=3 2 5 -1 -5 -2 16 8 -6 -9 15 -12 -13 -14 -15 -11 -3 18 21 20 -20 -4 25 24 -24 26 -23 -19 -29 -25
right_child=1 6 17 4 7 -7 -8 9 -10 10 11 12 13 14 -16 -17 -18 27 19 -21 -22 22 23 29 -26 -27 -28 28 -30 -31
leaf_value=0.00016225913459092195 -1.7233912911869045e-06 -0.00027600327518802805 -0.00079359718131390741 0.00011786294472266707 -0.0005640455602218767 0.00017154807575171826 -0.00065657056053654165 0.00013465641326482105 0.00015229981136479851 6.4687810208495901e-05 -0.0012121095259827984 -0.00095496998613071957 -0.00057172335917122412 -0.00051395291316666915 9.1302267193928428e-05 -0.00014611814295943356 0.00026970463528844143 0.00012261671857533512 -0.0021046237708800021 0.00074973896560828345 -0.00092258827057447158 -0.00050887711150966167 -0.0011166231737858652 -0.00042290461782840388 -0.00054924992512670769 0.0003275918737589039 0.00028148491993484919 -5.9204164932625985e-05 -0.0003350103187159691 -6.3068117846516969e-06
leaf_weight=26241 68729 14472 291 66859 903 11921 4840 20006 1132 60651 201 100 366 40 1049 6730 1483 5765 174 194 324 687 143 419 240 2324 585 43446 7351 1873
leaf_count=26241 68729 14472 291 66859 903 11921 4840 20006 1132 60651 201 100 366 40 1049 6730 1483 5765 174 194 324 687 143 419 240 2324 585 43446 7351 1873
internal_value=0.000329563 -0.000412045 -0.000204339 0.000994639 0.000832305 0.000195908 -0.00185501 0.000497818 -0.00227273 0.000561065 0.000338242 -0.00570615 -0.00336013 -0.00183849 0.000454546 0.000495763 -0.00133344 -0.000710167 -0.00205817 -0.00930636 -0.0143775 -0.00129381 -0.000892202 -0.00296262 -0.0127546 0.000647942 -0.00235063 -0.000537286 -0.000716873 -0.00132635
internal_weight=349539 165261 144466 184278 158037 80650 20795 91178 2035 89143 69137 1756 1555 1455 1089 67381 15955 63816 7254 692 498 6562 6271 2675 383 3596 1272 56562 50797 2292
internal_count=349539 165261 144466 184278 158037 80650 20795 91178 2035 89143 69137 1756 1555 1455 1089 67381 15955 63816 7254 692 498 6562 6271 2675 383 3596 1272 56562 50797 2292
is_linear=0
shrinkage=0.05


Tree=32
num_leaves=31
num_cat=0
split_feature=4 4 13 6 4 11 13 15 11 10 10 9 13 13 10 12 11 9 13 13 4 12 13 8 8 13 13 10 11 13
split_gain=62.6613 18.3042 11.5045 9.35117 9.56876 8.62455 8.42667 11.7642 7.66476 14.0821 25.4548 37.9775 15.4348 25.5763 11.944 13.2714 11.5936 19.3905 13.3168 41.4889 14.0977 11.4485 11.3845 10.9266 8.79705 8.36686 19.1373 23.6881 11.9748 12.3243
threshold=0.023421515441167565 0.033701368111918213 14.63499975204468 0.029219423347188012 0.060606397051234696 0.023520128243548103 12.00999975204468 -0.0033400127438040768 0.0069842899086436381 -0.0041401831937402647 -0.0040528821834706621 -0.13868572780540575 15.400000095367433 15.105000019073488 -0.017312000709356064 -0.007281546892151213 0.0066220138343902066 0.28285360775978646 15.050000190734865 14.960000038146974 0.013454908680470517 -0.040334954813934058 14.805000305175783 -0.10948249463499903 0.055633312352389115 17.445000648498539 17.914999961853031 0.010083294918881049 -0.019593233115480609 20.610000610351566
decision_type=2 2 2 2 2 2 2 2 2 2 2 10 2 2 2 2 2 8 2 2 2 2 2 10 10 2 2 2 2 2
left_child=2 5 6 -3 -5 -2 7 -1 9 12 11 -11 13 -4 15 21 18 -18 19 22 -21 -14 -12 -10 -19 -20 27 -27 -28 -30
right_child=1 3 8 4 -6 -7 -8 -9 23 10 16 -13 14 -15 -16 -17 17 24 25 20 -22 -23 -24 -25 -26 26 28 -29 29 -31
leaf_value=-0.00058547375609984439 -2.0315027912384939e-05 -9.0659567852872336e-05 0.00010032616865244994 -0.00024256477963168334 -0.00093241868685380177 0.00013276405945815924 0.00014120201954226448 -6.7513859063781891e-05 -0.00018357387551723331 0.00012500711543477546 -0.00033911761476300607 -0.0011256746113694224 -0.00025014657361253082 -0.0005247157093104612 0.00019647345619294937 0.00017701902967554863 -8.9633515618231624e-05 -0.001093702951820587 0.00010707074007317947 1.1168119602865574e-05 -0.00084405955667942064 -0.00073899339018763802 0.00017340047055677674 0.00012277295005529067 -0.00012336828540943196 -0.00054223546259757143 0.00026009541663865593 0.00021244151856707148 2.134645990957514e-05 -0.00030714247534120763
leaf_weight=127 92466 36120 1187 19511 2432 14747 62276 1082 2050 283 1058 264 1002 606 22075 1550 1220 202 21195 140 525 290 1983 44537 89 1376 4591 848 10353 3274
leaf_count=127 92466 36120 1187 19511 2432 14747 62276 1082 2050 283 1058 264 1002 606 22075 1550 1220 202 21195 140 525 290 1983 44537 89 1376 4591 848 10353 3274
internal_value=0.000304313 -0.000402478 0.00093855 -0.00111749 -0.0019316 -1.52498e-05 0.00148342 -0.00265095 0.000651958 0.00033605 -0.000181325 -0.0109049 0.00125421 -0.00322644 0.00157663 -0.00147431 -5.61316e-05 -0.00436466 8.74448e-05 -0.00278467 -0.0140977 -0.00521672 -0.000310753 0.00115451 -0.0159622 0.000343084 -0.000378632 -0.00475719 0.00015589 -0.00058817
internal_weight=349459 165276 184183 58063 21943 107213 63485 1209 120698 74111 47401 547 26710 1793 24917 2842 46854 1511 45343 3706 665 1292 3041 46587 291 41637 20442 2224 18218 13627
internal_count=349459 165276 184183 58063 21943 107213 63485 1209 120698 74111 47401 547 26710 1793 24917 2842 46854 1511 45343 3706 665 1292 3041 46587 291 41637 20442 2224 18218 13627
is_linear=0
shrinkage=0.05


Tree=33
num_leaves=31
num_cat=0
split_feature=5 9 5 11 12 10 14 14 13 14 11 9 14 13 10 10 11 11 13 3 14 10 12 10 1 8 12 13 14 12
split_gain=57.8348 14.5842 13.7451 11.1226 14.0525 10.6753 18.2908 22.3252 15.4667 14.842 62.2912 13.9698 12.5975 12.4215 15.5891 18.9582 15.5823 19.6315 22.836 35.0745 31.3575 16.2288 13.5176 12.0484 13.6221 11.9887 11.8702 32.8885 15.5529 10.8153
threshold=0.015041761822545427 0.3517854213118688 0.0096087250940260962 0.012677016047660918 0.028887239583783812 -0.0056690374548943314 0.079095926518506735 0.081032983629692037 31.844999313354496 0.13242625205871941 0.008381662460648533 -0.23174397357067286 -0.12096344977185801 17.445000648498539 -0.0012722764150241981 -0.00015260304164599334 -0.026323618530511902 -0.020508631147506503 20.610000610351566 -0.011735610494109259 -0.012079756674524154 0.0055649513085964672 0.02859938253974537 -0.0055466638643487101 -0.011748941540493661 0.27434669229613268 -0.027198413534659901 33.719999313354499 0.24994374642796716 0.014776442004869829
decision_type=2 10 2 2 2 2 2 2 2 2 2 10 2 2 2 2 2 2 2 2 2 2 2 2 2 8 2 2 2 2
left_child=2 3 -1 4 5 9 8 -8 12 -2 26 -10 -7 29 22 -16 21 -18 -19 20 -20 -17 -15 24 -9 -21 27 28 -11 -14
right_child=1 -3 -4 -5 -6 6 7 23 11 10 -12 -13 13 14 15 16 17 18 19 25 -22 -23 -24 -25 -26 -27 -28 -29 -30 -31
leaf_value=0.00014456899184415244 0.00010646004620813459 -0.0003725892082146842 6.5470248352800193e-05 4.6556841561998093e-05 5.6445383468002624e-05 0.0002124486233437323 -0.00087780179535509862 -0.00076751759859995509 -0.0019433299604736485 -0.00045873166103435858 -0.0020680618372751953 -0.00042563205613456966 9.4809380476704375e-05 1.3930150116769578e-05 -0.00083349851040278623 -0.00041247585087849249 0.0004680051050415652 -0.00012790427570621217 -0.00045010299875297076 -0.00032911201920080208 -0.0045926671946405926 -0.0013720971533325132 -0.00070699078953249397 1.7805238841040471e-05 5.3143548875568635e-05 -0.0015862751530250074 0.00010458215401930336 0.00024841142762665829 -0.0011530253757742472 -0.0002057911739169484
leaf_weight=33188 14263 9591 170479 41582 24316 3946 558 183 120 1207 208 700 10598 7341 1177 1024 1574 7303 160 3492 154 441 199 920 137 200 3304 1475 524 9027
leaf_count=33188 14263 9591 170479 41582 24316 3946 558 183 120 1207 208 700 10598 7341 1177 1024 1574 7303 160 3492 154 441 199 920 137 200 3304 1475 524 9027
internal_value=0.000320429 -0.000440078 0.000864573 -0.00030731 -0.000607027 -0.000965686 -0.00136801 -0.00631813 -0.00118046 -2.12095e-05 -0.00195892 -0.0079878 -0.00106077 -0.00131061 -0.00209733 -0.00300322 -0.00250279 -0.00194714 -0.0026753 -0.00570894 -0.0217516 -0.00738908 -0.000232095 -0.00258064 -0.0109375 -0.00434453 -0.00109831 -0.00326575 -0.0079405 -0.000385987
internal_weight=349391 145724 203667 136133 94551 70235 49254 1798 47456 20981 6718 820 46636 42690 23065 15525 14348 12883 11309 4006 314 1465 7540 1240 320 3692 6510 3206 1731 19625
internal_count=349391 145724 203667 136133 94551 70235 49254 1798 47456 20981 6718 820 46636 42690 23065 15525 14348 12883 11309 4006 314 1465 7540 1240 320 3692 6510 3206 1731 19625
is_linear=0
shrinkage=0.05


Tree=34
num_leaves=31
num_cat=0
split_feature=5 6 9 13 14 11 13 11 5 15 6 14 13 9 16 5 10 10 14 14 10 11 11 13 10 15 14 14 10 8
split_gain=49.09 15.9357 13.8446 10.1868 11.8513 41.0483 10.1855 9.66806 9.09942 8.15867 7.45625 6.70039 9.62442 13.9594 8.62322 6.64857 5.6791 5.23258 12.2438 26.4389 18.85 10.0215 18.6822 14.4072 19.6172 15.071 12.3876 49.3253 12.2539 11.655
threshold=0.014170045367334129 1.4486986658615915 0.29894484925252346 14.63499975204468 0.077019604552505241 0.017097581194909787 12.00999975204468 0.039736199013419633 0.019458806832997024 -0.0033400127438040768 1.0144814791797325 -0.078457350194131512 20.980000495910648 0.20894132983774819 -0.016864350553213444 0.043553476689101457 0.0066149119046357016 -0.0042976015384410529 -0.019219245464752229 -0.018785167459125836 0.0043390634008905202 0.0069842899086436381 0.0069505376861864763 15.050000190734865 0.0042471425647833136 0.0054196937072907856 0.079095926518506735 0.081032983629692037 -0.0032013225684498488 -0.18323084349974736
decision_type=2 2 10 2 2 2 2 2 2 2 2 2 2 8 2 2 2 2 2 2 2 2 2 2 2 2 2 2 2 10
left_child=3 2 7 4 6 -6 9 8 11 -1 17 12 -2 -14 -15 -3 -11 -5 -19 20 -20 22 23 24 25 -21 -25 -28 -23 -30
right_child=1 15 -4 10 5 -7 -8 -9 -10 16 -12 -13 13 14 -16 -17 -18 18 19 21 -22 28 -24 26 -26 -27 27 -29 29 -31
leaf_value=-0.00058539755130102391 0.00028608593794630558 -0.00026119163350278666 -0.00027212177276117483 0.0001204777417728606 7.8981818859320135e-06 -0.00075217008068172077 0.00014927375817055003 0.00018853872411052797 -9.915302182133626e-05 2.9360068138239575e-05 -4.2747010175370857e-05 6.3786964790887395e-06 0.00010237453430190835 -0.0012376048954045266 -0.0001786636225410628 -0.001942449991256912 -0.00027758367919227634 0.00011404614100242901 0.00070244001346021713 -0.00044232017874205074 -0.00044380150481357393 -0.00038510417435945693 -0.00070551771978566847 2.1397783189957625e-05 -7.509625040487884e-05 -0.0016060363386043168 -0.00092953834818967603 0.0001700111281060321 -0.00038273329178497174 0.00011485585352299291
leaf_weight=116 5860 16865 12145 24562 2833 243 56841 7893 47073 750 18434 77982 1696 170 348 249 266 35481 101 479 249 432 225 17282 1193 40 382 842 429 17513
leaf_count=116 5860 16865 12145 24562 2833 243 56841 7893 47073 750 18434 77982 1696 170 348 249 266 35481 101 479 249 432 225 17282 1193 40 382 842 429 17513
internal_value=0.000305668 -0.000301824 -0.000140141 0.000884562 0.00140862 -0.00161573 0.00156909 -6.38012e-07 -0.000101443 -0.00312721 0.000612611 0.000204286 0.00157543 -0.00123306 -0.00841699 -0.00174886 -0.00169291 0.000784195 0.000575903 -3.3574e-05 -0.0137143 8.97804e-05 -0.000671868 -0.000512414 -0.0049007 -0.0130154 -0.000106452 -0.00496732 0.000937194 0.00113755
internal_weight=348974 170281 153167 178693 61049 3076 57973 141022 133129 1132 117644 86056 8074 2214 518 17114 1016 99210 74648 39167 350 38817 20443 20218 1712 519 18506 1224 18374 17942
internal_count=348974 170281 153167 178693 61049 3076 57973 141022 133129 1132 117644 86056 8074 2214 518 17114 1016 99210 74648 39167 350 38817 20443 20218 1712 519 18506 1224 18374 17942
is_linear=0
shrinkage=0.05


Tree=35
num_leaves=31
num_cat=0
split_feature=4 4 6 11 13 11 13 13 10 10 14 13 9 12 10 8 9 11 12 11 13 14 11 14 12 12 9 2 12 9
split_gain=48.7896 14.8091 11.6225 10.7569 10.6531 10.7519 21.5586 24.1997 17.1417 9.95041 8.80849 10.437 17.4845 9.67422 8.64758 8.61267 7.6489 7.30921 7.06518 7.95186 14.659 7.34272 22.119 28.0868 10.5172 20.382 14.7217 7.95423 7.04999 14.6442
threshold=0.023421515441167565 0.05788256839513449 0.98603028323128272 0.0035059532242039952 12.325000286102297 0.0023967132721236521 14.994999885559084 15.97499990463257 0.0018978301535613753 0.0090978943428771126 -0.069419882954705067 19.010000228881839 -0.27450680122793253 -0.018266326902635351 0.0043390634008905202 -0.11338033080305508 0.30716451765896796 -4.6336307806593695e-05 0.015481737814256992 0.025601667077503779 13.484999656677248 0.033484849976317961 0.015951694717556645 0.077019604552505241 0.064838979523685905 0.027409196484277535 -0.032972759667461375 -0.0087025079100794805 0.014938847679140889 0.27644401829624871
decision_type=2 2 2 2 2 2 2 2 2 2 2 2 10 2 2 10 10 2 2 2 2 2 2 2 2 2 8 2 2 8
left_child=3 2 10 4 17 -6 9 8 -8 -7 11 -2 -13 14 -14 -5 -12 -1 19 20 -17 -20 -23 24 25 -24 -27 -25 -22 -30
right_child=1 -3 -4 15 5 6 7 -9 -10 -11 16 12 13 -15 -16 18 -18 -19 21 -21 28 22 23 27 -26 26 -28 -29 29 -31
leaf_value=0.0001430655922824355 0.00026358970760987521 -0.00043385551206730162 -0.00017110658169393458 -0.00012541880862138743 6.1617255971956321e-05 0.00029672493730387021 -0.001005898168330847 -0.00013593347493343161 -0.00051190050319753434 -0.0001609135045700211 -9.4697967548205829e-06 -0.00047839457439788851 -0.00023856991950049956 -0.00021884423476754551 0.00031128966204952292 -0.00031778939799549427 -0.0002422323235429787 -0.00028170302910167106 0.00015940702994025129 0.00020924741436116175 4.5828690597412693e-05 0.00016281275206785583 0.00015044002544786739 -0.00086653007833906246 0.00042395866183356896 -0.00125876225636304 -0.00032851913644444579 -0.00067816468997175506 0.00023740799193796709 -0.00074506524189799799
leaf_weight=292 10036 8314 24653 2449 75654 2666 269 3357 550 1053 106815 841 247 2482 3938 690 7664 654 65344 6146 15771 5927 1064 90 623 141 936 293 259 269
leaf_count=292 10036 8314 24653 2449 75654 2666 269 3357 550 1053 106815 841 247 2482 3938 690 7664 654 65344 6146 15771 5927 1064 90 623 141 936 293 259 269
internal_value=0.000301971 -0.000322747 -0.000213625 0.000860637 0.000445293 0.000505033 -0.00125079 -0.00371647 -0.0114225 0.00151788 -2.75329e-05 0.00101573 -0.000394246 0.000462727 0.00192951 0.00121158 -0.000187414 -0.00483087 0.0012851 0.000521937 -3.56111e-05 0.00152235 0.000189553 -0.00319828 -0.00143994 -0.00310369 -0.00795265 -0.0158877 0.000266581 -0.00541667
internal_weight=349487 164990 156676 184497 84495 83549 7895 4176 819 3719 132023 17544 7508 6667 4185 100002 114479 946 97553 23135 16989 74418 9074 3147 2764 2141 1077 383 16299 528
internal_count=349487 164990 156676 184497 84495 83549 7895 4176 819 3719 132023 17544 7508 6667 4185 100002 114479 946 97553 23135 16989 74418 9074 3147 2764 2141 1077 383 16299 528
is_linear=0
shrinkage=0.05


Tree=36
num_leaves=31
num_cat=0
split_feature=5 4 6 11 6 5 13 14 11 12 14 10 13 1 14 12 8 3 15 10 10 14 14 11 11 13 9 14 11 13
split_gain=43.3649 18.3946 14.2753 10.6436 8.87158 8.09473 7.51446 9.1174 28.1141 7.39635 7.20013 12.5479 11.8122 11.4786 9.3033 7.42155 6.64298 6.32235 6.25563 8.12411 19.2489 32.2535 10.393 14.8788 16.5046 17.2154 8.03899 9.94503 7.04351 6.84973
threshold=0.019222060498289378 0.015427725183675472 -0.36630151010847073 0.037935675142188215 0.070164642475897196 0.034013837056671638 14.63499975204468 0.077019604552505241 0.017097581194909787 0.021076066619432846 -0.12096344977185801 0.014545936349149692 22.930000305175785 -0.0030448549275679522 -0.076646614085351103 0.0027925929369287954 0.056493407137975689 0.014516269252479065 -0.040614005752933995 -0.0042976015384410529 -0.0040528821834706621 0.079889052526069274 -0.013975625369978871 0.0072247197872850064 -0.0071962553700703471 21.409999847412113 -0.22085760042011129 0.0071322940265206034 -0.0019709579600085676 15.050000190734865
decision_type=2 2 2 2 2 2 2 2 2 2 2 2 2 2 2 2 8 2 2 2 2 2 2 2 2 2 10 2 2 2
left_child=1 -1 -3 6 -2 -6 7 -4 9 -9 -8 18 14 17 -13 16 -16 -14 -12 -20 21 -21 -22 24 29 26 27 28 -26 -24
right_child=4 2 3 -5 5 -7 10 8 -10 -11 11 12 13 -15 15 -17 -18 -19 19 20 22 -23 23 -25 25 -27 -28 -29 -30 -31
leaf_value=0.0001327328502833495 -6.3511245082478098e-05 8.3303540932938808e-05 8.180193970696289e-05 0.00026554909115667733 -0.0001823654505062279 -0.00089557614402568236 0.00022149262900149954 -0.00029651145418464926 -0.00099561862528522202 0.00012366815248932594 -0.00060158254453028265 0.00024160843410958883 -0.00055284247219201423 -0.00010961502549652195 -0.0004634550213888076 -0.00067104142796299213 0.00038440203416603122 -0.0013827929490077781 5.5492347022741844e-05 -0.00013477760592417345 2.8672445122455001e-05 -0.0010579420365091434 -0.0006837183707856481 2.5254880495797498e-05 -1.4566024410398889e-05 -0.0021254757146658048 -0.00019347744512494987 -0.00074638412739374692 -0.00049916405664754534 0.00011204465135731173
leaf_weight=33000 45216 102427 36273 4433 21055 2622 4656 724 171 1502 756 888 248 221 299 591 328 103 29360 675 32975 274 181 13522 910 173 9413 944 372 4556
leaf_count=33000 45216 102427 36273 4433 21055 2622 4656 724 171 1502 756 888 248 221 299 591 328 103 29360 675 32975 274 181 13522 910 173 9413 944 372 4556
internal_value=0.000298079 0.000574605 0.00042646 0.00010647 -0.000825701 -0.00160979 3.0154e-05 0.000623222 -0.00236337 -0.000862533 -0.000195919 -0.000288307 -0.00366318 -0.010035 -0.00193257 -0.00477011 -0.000980861 -0.0156553 -0.000192273 -0.000155589 -0.000471521 -0.00753951 -0.00036513 -0.00103738 -0.00204272 -0.00304267 -0.00280995 -0.00551213 -0.00264431 0.000450707
internal_weight=348868 279975 246975 144548 68893 23677 140115 38670 2397 2226 101445 96789 2678 572 2106 1218 627 351 94111 93355 63995 949 63046 30071 16549 11812 11639 2226 1282 4737
internal_count=348868 279975 246975 144548 68893 23677 140115 38670 2397 2226 101445 96789 2678 572 2106 1218 627 351 94111 93355 63995 949 63046 30071 16549 11812 11639 2226 1282 4737
is_linear=0
shrinkage=0.05


Tree=37
num_leaves=31
num_cat=0
split_feature=4 9 4 11 15 13 3 11 12 12 15 11 11 15 13 14 15 16 9 8 13 12 12 14 15 13 3 11 1 12
split_gain=41.2395 11.6353 10.5512 10.2274 9.11786 8.43101 7.82805 7.71523 14.0274 22.7408 13.7711 10.0501 26.0718 16.3974 15.0896 16.8585 8.09113 7.58869 8.70177 7.57875 7.49011 15.5658 20.9988 18.0315 17.053 9.35046 9.09882 7.47503 7.28204 7.22434
threshold=0.024635091924004374 0.3517854213118688 0.014935123414699726 0.022829812381502172 -0.040614005752933995 13.744999885559084 -0.037326839239461444 0.0035059532242039952 0.015682487762849754 0.015919336049390002 0.0054196937072907856 0.0023967132721236521 0.002577635332758899 -0.0042399416482847832 14.684999942779543 0.01016731697942619 0.017398407400828989 -0.017595768663721974 0.2188990104742731 0.27434669229613268 20.375000000000004 -0.029235256213089252 -0.037333160893422583 0.17907813454888047 -0.010088968590376056 38.065000534057624 -0.0065633494037184428 0.0029094650612268018 -0.0050977279810896494 -0.067575688865902969
decision_type=2 10 2 2 2 2 2 2 2 2 2 2 2 2 2 2 2 2 8 8 2 2 2 2 2 2 2 2 2 2
left_child=2 3 -1 4 6 -6 -2 8 20 10 17 -11 13 -13 -14 27 -15 -10 28 -9 -4 22 23 -22 -24 -25 -26 -16 -19 -7
right_child=1 -3 7 -5 5 29 -8 19 9 11 -12 12 14 16 15 -17 -18 18 -20 -21 21 -23 24 25 26 -27 -28 -29 -30 -31
leaf_value=0.00013595583054105341 -0.0015425506254613064 -0.00035122622948691856 0.00011340012352996502 8.4900988023943195e-05 0.00010632907483523915 0.00015175610969754062 -0.00018227199261386547 9.4916321526014767e-05 -0.0007197317843106784 1.6116545909630985e-06 -0.0015855007525913747 -0.0010296031264945122 0.00021683141183853724 -0.00011491704742662634 -0.00080026682074996842 6.9222840552875932e-06 -0.00040790140914723325 -2.6010932831618211e-05 -9.4672565736738331e-05 -0.0001356424972442239 0.00012670968562212176 0.00012044754269036878 0.00013366670583827165 -0.00062903958116882538 -0.0025834752746905238 0.00024469782421378863 -0.00067692350056554112 -0.00020784666462667163 -0.00084853923695515801 -7.8143881750523101e-05
leaf_weight=26264 334 9348 32925 22293 11591 6442 600 93630 41 29662 41 179 1928 274 705 1429 83 57 247 2422 3350 7632 287 664 188 191 652 485 106 95382
leaf_count=26264 334 9348 32925 22293 11591 6442 600 93630 41 29662 41 179 1928 274 705 1429 83 57 247 2422 3350 7632 287 664 188 191 652 485 106 95382
internal_value=0.000303521 -0.000337694 0.000763658 -0.000220942 -0.00041194 -0.000371423 -0.00533191 0.000625021 0.000266006 -0.000484292 -0.0111585 -0.000333141 -0.00238737 -0.0128172 -0.00115791 -0.00362925 -0.00662465 -0.00863636 -0.00658537 0.000928247 0.000842141 -0.000175871 -0.00224869 -0.000624257 -0.00830967 -0.00710526 -0.0119048 -0.00802521 -0.0155521 -0.000516872
internal_weight=349432 145990 203442 136642 114349 113415 934 177178 81126 35237 492 34745 5083 536 4547 2619 357 451 410 96052 45889 12964 5332 4205 1127 855 840 1190 163 101824
internal_count=349432 145990 203442 136642 114349 113415 934 177178 81126 35237 492 34745 5083 536 4547 2619 357 451 410 96052 45889 12964 5332 4205 1127 855 840 1190 163 101824
is_linear=0
shrinkage=0.05


Tree=38
num_leaves=31
num_cat=0
split_feature=4 4 11 6 6 14 13 10 14 14 13 10 11 9 14 3 15 1 13 11 1 16 14 12 14 4 11 10 11 9
split_gain=37.4142 12.6202 10.6049 9.52483 9.01313 7.50443 8.64376 10.0009 16.6252 53.3849 30.4193 9.63726 27.7114 26.3673 9.37694 14.4681 8.64766 8.28425 7.90435 7.89448 7.8754 6.66564 7.18528 7.14504 6.15557 6.10783 5.95853 18.3342 7.72952 6.12178
threshold=0.023421515441167565 0.05788256839513449 0.039736199013419633 1.940674089672237 -0.56476425006342346 -0.12096344977185801 13.744999885559084 -0.0065884615881859334 0.077019604552505241 0.081032983629692037 18.82499980926514 -0.012508695077667052 0.008381662460648533 -0.38142855358677646 0.11081750297484406 -0.0062912101666639511 0.0040388269186525392 -0.019835076023258121 14.994999885559084 -0.055970662091911087 -0.017701588970732592 -0.018308742553242715 -0.0092975524944055015 0.092854768976221705 0.025116667172691901 0.033214475396696093 -0.029337474403061222 0.0055649513085964672 -0.020508631147506503 0.051889876610963233
decision_type=2 2 2 2 2 2 2 2 2 2 2 2 2 10 2 2 2 2 2 2 2 2 2 2 2 2 2 2 2 10
left_child=4 2 3 5 -1 -2 24 11 19 10 20 12 -8 -14 18 17 -15 -16 -11 -9 -10 22 -4 -24 -7 -21 27 29 -28 -27
right_child=1 -3 21 -5 -6 6 7 8 9 14 -12 -13 13 16 15 -17 -18 -19 -20 25 -22 -23 23 -25 -26 26 28 -29 -30 -31
leaf_value=0.00010936528798112448 0.00019888543380589828 -0.00037765810739664877 0.00072134822761803566 -0.00027004397165181486 4.744896856831155e-05 0.0001379075970108508 -9.6800144385938503e-06 -0.00054916831060437647 -0.00087663928095522395 -0.0004382908303476964 -0.00044760320529127034 0.00018064505224314674 0.00091230132836376339 -0.0016869821203435078 -0.00085361580792697408 5.1091669682646261e-05 -0.00095234802401807355 -0.00019989040040690852 0.00040520035037961474 -1.9247505469077151e-05 -0.0013864067834311428 0.00020928146951300502 -0.001950625918527597 -0.00031210163535995178 -0.00017312845476940742 2.5467223940423956e-05 0.00048250849189086423 -0.001870610051375207 -0.00015354737646288539 -0.00098568389629873619
leaf_weight=57014 5983 8203 81 10880 127270 14297 11602 251 183 84 574 12303 121 154 147 407 65 78 1602 59151 281 7520 81 61 2066 563 1320 112 26723 193
leaf_count=57014 5983 8203 81 10880 127270 14297 11602 251 183 84 574 12303 121 154 147 407 65 78 1602 59151 281 7520 81 61 2066 563 1320 112 26723 193
internal_value=0.000278215 -0.000268466 -0.000168501 -0.00026217 0.000767945 -0.000150079 -0.000228422 -0.000380282 -0.000619129 -0.0040733 -0.0134971 0.000522788 -0.00048903 -0.0145588 0.000146678 -0.00504747 -0.0249087 -0.0152222 0.00209371 -0.000487867 -0.0230172 0.00163567 -0.00688341 -0.013662 0.000847339 -0.000462628 -0.00105825 -0.00513825 -0.000931961 -0.00234127
internal_weight=349370 165086 156883 149140 184284 138260 132277 115914 91669 3356 1038 24245 11942 340 2318 632 219 225 1686 88313 464 7743 223 142 16363 88062 28911 868 28043 756
internal_count=349370 165086 156883 149140 184284 138260 132277 115914 91669 3356 1038 24245 11942 340 2318 632 219 225 1686 88313 464 7743 223 142 16363 88062 28911 868 28043 756
is_linear=0
shrinkage=0.05


Tree=39
num_leaves=31
num_cat=0
split_feature=5 13 14 12 14 9 6 6 13 14 14 11 14 11 5 13 9 10 9 14 14 12 11 12 10 3 12 14 11 9
split_gain=35.5435 11.9514 13.0159 17.5606 35.503 13.9272 10.3386 9.82613 9.48472 8.09005 9.08636 22.5552 14.6539 10.5254 8.76593 8.11803 11.4283 7.35653 8.63226 7.17895 8.94777 14.0915 10.1822 10.83 14.8751 21.3804 33.0115 12.4679 22.5412 18.6325
threshold=0.016066851669864619 14.63499975204468 0.02886495700878167 0.048302189377787193 0.077019604552505241 0.24841908215154554 0.7868102382662916 0.95765825554792028 12.00999975204468 -0.069419882954705067 -0.056198841691910133 -0.0089648510996126456 -0.056395923843761568 -0.031453464626615406 0.029492613711850402 19.010000228881839 -0.29690257497223094 0.0065847868037403065 0.17784221827941196 -0.041810588725082691 -0.041361708055104078 0.057354881634701156 -0.022762768939498131 -0.014960350168733092 0.0014013847331743048 -0.0094701812829036652 -0.032606247407298776 0.12823776336165052 0.008381662460648533 0.19936609372982753
decision_type=2 2 2 2 2 8 2 2 2 2 2 2 2 2 2 2 10 2 10 2 2 2 2 2 2 2 2 2 2 10
left_child=1 2 8 -4 5 -5 9 -3 -1 15 11 13 17 -11 -15 -2 -17 18 -13 -12 21 -21 -22 24 27 26 -26 -24 29 -29
right_child=6 7 3 4 -6 -7 -8 -9 -10 10 19 12 -14 14 -16 16 -18 -19 -20 20 22 -23 23 -25 25 -27 -28 28 -30 -31
leaf_value=-0.00015314905203457564 0.00029870587343366515 5.2150724679996777e-05 3.4566047856025675e-05 -0.00026261464117557551 -0.00090029422346699366 0.00031304680795701172 -0.00021393370241487789 -5.7913495933015099e-05 0.00014286393053964511 0.00055076327522020233 0.00015501445152946581 -0.00021603799664357692 -0.00077589234182323782 -0.00088613533790570485 -0.0024495421928155785 -0.00053671630423933068 4.570998008980843e-05 0.00012404566712976678 -0.0015204602907787901 -0.00034975499317180481 0.00023564849178341367 -0.0022209945063366844 -2.2189191425504548e-05 -3.4285580001595981e-05 0.00076344592953997263 -0.00033629193100451215 -0.003611379236534817 -0.00019433464789118482 -0.0016043686815104888 -0.0018633862561034866
leaf_weight=1333 7258 129657 10844 631 312 651 21172 25561 59233 131 6443 738 413 453 68 674 6283 3146 219 345 7545 84 7358 54905 125 1945 207 1496 123 116
leaf_count=1333 7258 129657 10844 631 312 651 21172 25561 59233 131 6443 738 413 453 68 674 6283 3146 219 345 7545 84 7358 54905 125 1945 207 1496 123 116
internal_value=0.000283845 0.000651383 0.00117898 -0.000294259 -0.00519448 -0.00151326 -0.000407969 0.000403239 0.00148152 -0.000195603 -0.000378523 -0.00241099 -0.00115589 -0.0111043 -0.0142898 0.000909251 -0.000311197 -0.000252254 -0.00409091 -0.000248352 -0.000387278 -0.00758741 -0.000345435 -0.000543568 -0.00194811 -0.00556214 -0.0172892 -0.00104311 -0.00485591 -0.00328164
internal_weight=349469 228222 73004 12438 1594 1282 121247 155218 60566 100075 85860 5168 4516 652 521 14215 6957 4103 957 80692 74249 429 73820 66275 11370 2277 332 9093 1735 1612
internal_count=349469 228222 73004 12438 1594 1282 121247 155218 60566 100075 85860 5168 4516 652 521 14215 6957 4103 957 80692 74249 429 73820 66275 11370 2277 332 9093 1735 1612
is_linear=0
shrinkage=0.05


Tree=40
num_leaves=31
num_cat=0
split_feature=5 5 6 6 5 12 14 11 11 12 10 10 9 11 13 15 13 14 9 11 12 12 13 11 11 14 11 11 10 11
split_gain=33.5172 13.807 10.1341 8.40543 8.96899 7.43135 6.39738 6.28746 5.86421 8.24738 8.98682 5.96472 5.83406 5.7749 11.3502 7.5821 5.70161 13.4004 6.82107 5.69857 6.80321 17.2919 17.8263 8.49848 6.21552 5.80105 5.25718 4.9101 12.1085 8.36284
threshold=0.018789424195475982 0.011349229190722997 1.0000000180025095e-35 -0.26917002483490748 0.034013837056671638 -0.075828258528587975 -0.078457350194131512 0.030714770173313481 -0.043674023036412872 -0.067575688865902969 -0.001437784202310832 -0.0017910689910654585 -0.23174397357067286 0.0035059532242039952 12.325000286102297 -0.0043972553522352289 20.980000495910648 -0.10816573528732347 0.17081781503255025 0.012677016047660918 -0.029235256213089252 -0.032606247407298776 21.409999847412113 -0.0071962553700703471 0.01196305437964529 -0.056198841691910133 0.011544109732890885 -0.020508631147506503 0.0041080829558171059 0.0035059532242039952
decision_type=2 2 2 2 2 2 2 2 2 2 2 2 10 2 2 2 2 2 10 2 2 2 2 2 2 2 2 2 2 2
left_child=1 13 6 5 8 -2 16 -4 9 11 -11 -5 -13 14 15 -1 -3 26 -19 20 21 -7 -23 -24 -22 -21 -18 28 -8 -29
right_child=3 2 7 4 -6 19 27 -9 -10 10 -12 12 -14 -15 -16 -17 17 18 -20 25 24 22 23 -25 -26 -27 -28 29 -30 -31
leaf_value=-0.00033379200267286309 0.00073301238788812484 0.00024947574809213357 -3.1049119014784905e-05 0.00014655515585052279 -0.00068486403243997484 -0.00016903649879181572 0.00022097820664796755 0.00017033457578829618 -0.00011615806969358517 -0.0013701936443310258 0.0010446982116238521 -0.0014176062001904431 -0.00051681952624558938 0.00011659640083534566 5.7691684750142968e-05 -0.00015303365358419017 0.00035603724433423342 -0.00034825110830447644 -0.00086087147930758801 0.00032708921812444735 -2.8792198259552331e-05 -0.00028618698006441121 -0.001459352626553276 -0.0038755277163330898 -0.00054908965920598244 1.9429790413408833e-06 -0.00017257058009880678 -1.850447667062931e-05 -0.00024854694322967139 6.9872965298149408e-05
leaf_weight=90 1357 7413 69969 572 3879 3774 8538 5231 31772 180 59 55 178 45311 39587 412 984 370 48 2824 18696 269 107 94 554 9773 418 37766 681 58155
leaf_count=90 1357 7413 69969 572 3879 3774 8538 5231 31772 180 59 55 178 45311 39587 412 984 370 48 2824 18696 269 107 94 554 9773 418 37766 681 58155
internal_value=0.000273348 0.000527743 0.000289941 -0.000670124 -0.00120793 -0.000143132 0.000586371 -0.000160904 -0.000939176 -0.00462644 -0.0127824 -0.00220497 -0.0089485 0.00105562 0.000618499 -0.00685259 0.00184826 -0.00065934 -0.00851675 -0.000279709 -0.000739763 -0.00255184 -0.0115957 -0.0228607 -0.00034026 0.000578312 0.00168331 0.000475557 0.00157772 0.000369627
internal_weight=349116 274973 189573 74143 36695 37448 114373 75200 32816 1044 239 805 233 85400 40089 502 9233 1820 418 36091 23494 4244 470 201 19250 12597 1402 105140 9219 95921
internal_count=349116 274973 189573 74143 36695 37448 114373 75200 32816 1044 239 805 233 85400 40089 502 9233 1820 418 36091 23494 4244 470 201 19250 12597 1402 105140 9219 95921
is_linear=0
shrinkage=0.05


Tree=41
num_leaves=31
num_cat=0
split_feature=5 5 11 14 5 13 11 13 13 13 11 11 13 13 14 14 14 12 12 13 13 12 14 1 12 12 0 12 12 12
split_gain=31.4542 14.2226 9.70188 8.09432 7.85559 6.68228 6.34029 10.9597 11.2578 8.91777 7.59046 6.56883 7.65676 5.28854 17.6261 6.38805 13.975 7.84568 7.96633 7.64515 24.6728 32.7872 12.3298 14.7649 11.1469 33.3401 10.8439 10.365 7.34561 8.40115
threshold=0.012430230663333255 0.019844143231188282 0.037935675142188215 -0.12096344977185801 0.049566509455600621 14.63499975204468 0.0029094650612268018 13.34500026702881 13.174999713897707 12.325000286102297 -4.6336307806593695e-05 0.034492851689025945 14.275000095367433 14.63499975204468 0.020125848996620292 0.013307758970990903 0.005094684764536229 0.11156893092539701 0.12528219708767233 21.134999275207523 21.704999923706058 -0.0066426412641200075 -0.060212487769074334 -0.059511818001235721 -0.025396955116120775 -0.020341503552033343 0.0046881685230214529 -0.051373899775069835 -0.0021779841828679087 0.020412263480892093
decision_type=2 2 2 2 2 2 2 2 2 2 2 2 2 2 2 2 2 2 2 2 2 2 2 2 2 2 2 2 2 2
left_child=5 2 3 -2 -3 6 7 8 9 10 -1 -8 -13 14 -5 16 17 19 -19 24 21 26 23 27 -15 -26 -21 -22 -18 -30
right_child=1 4 -4 13 -6 -7 11 -9 -10 -11 -12 12 -14 15 -16 -17 28 18 -20 20 22 -23 -24 -25 25 -27 -28 -29 29 -31
leaf_value=0.00019327184704509049 0.00021424670990965685 -9.4378510467961721e-05 0.00021106188198687071 0.00011396127742990133 -0.00099755752538875121 5.4280909347512304e-05 0.00015447478039111174 0.00012474853525940962 -0.00034834534064400239 4.4159313380561547e-05 -0.00030332606741889992 -0.00079516361367593005 0.0002755423429382874 0.00019879144723250198 -0.00014554083147444774 3.1646633590788791e-05 -0.00037330099997897334 -0.00070489596808002628 -0.00015068726511671671 -0.0022911502216365004 -0.00010335148061237038 -0.00017539546855389952 9.8640110329960111e-05 -0.0002641708743126372 -0.00068975375713711243 -1.4060129618361342e-05 -0.0032163193497305059 -0.001299999107956875 0.00013892918215669805 -0.00036158371515688988
leaf_weight=212 5439 60642 6521 30186 1333 76714 30040 10205 840 3367 447 227 201 7220 8595 48972 769 276 587 100 88 838 4924 1635 618 44338 164 142 1150 2326
leaf_count=212 5439 60642 6521 30186 1333 76714 30040 10205 840 3367 447 227 201 7220 8595 48972 769 276 587 100 88 838 4924 1635 618 44338 164 142 1150 2326
internal_value=0.000263609 -8.47867e-05 0.000157926 8.00989e-05 -0.000730536 0.000910121 0.00138991 0.000551058 -0.00140156 -0.00030303 -0.00562215 0.00180484 -0.00434579 1.26859e-05 0.000517135 -0.000158699 -0.00048293 -0.000289676 -0.00502317 -0.000221669 -0.00167216 -0.00861161 -0.000545736 -0.00400804 -2.29972e-06 -0.000295177 -0.0239773 -0.0158696 -0.00325677 -0.00227848
internal_weight=349116 226863 164888 158367 61975 122253 45539 15071 4866 4026 659 30468 428 152928 38781 114147 65175 60930 863 60067 7891 1102 6789 1865 52176 44956 264 230 4245 3476
internal_count=349116 226863 164888 158367 61975 122253 45539 15071 4866 4026 659 30468 428 152928 38781 114147 65175 60930 863 60067 7891 1102 6789 1865 52176 44956 264 230 4245 3476
is_linear=0
shrinkage=0.05


Tree=42
num_leaves=31
num_cat=0
split_feature=5 6 5 10 10 11 11 10 14 10 10 9 11 11 11 10 10 8 14 11 10 14 9 10 15 14 9 10 10 16
split_gain=27.9156 14.2488 9.77107 7.40402 7.07508 6.79532 7.41125 6.88935 23.1024 8.33675 11.7252 6.73967 6.21046 6.01008 10.2709 17.6981 51.219 15.0725 12.7316 10.0651 9.57617 8.39018 6.71406 7.69929 6.41905 5.906 6.37155 5.7563 36.9944 14.3688
threshold=0.012874106297990946 -0.33221244925881394 0.034013837056671638 0.0089823327220962552 0.0072285544385530818 0.0035059532242039952 -0.00050215269203263125 -0.0060493292963074699 0.063679127016071826 -0.0037750757818245657 -0.0041401831937402647 0.012605052690191522 0.030070663333597095 -0.022762768939498131 0.0069842899086436381 0.0063034677603397435 0.006337694363773628 -0.02248058498299332 0.13242625205871941 0.0069505376861864763 0.0038619915499665818 -0.025765440759432264 0.14754937765886203 0.0070525899853967075 0.0019300035521643279 -0.023857248245640224 -0.15920315421128287 0.015605159278572868 0.017875659611307108 -0.025877168969293703
decision_type=2 2 2 2 2 2 2 2 2 2 2 10 2 2 2 2 2 10 2 2 2 2 10 2 2 2 10 2 2 2
left_child=5 3 12 4 13 6 -1 -8 -9 10 -10 -12 27 20 15 19 17 -17 21 -15 -2 -16 -18 -24 -21 26 -23 -3 29 -29
right_child=1 2 -4 -5 -6 -7 7 8 9 -11 11 -13 -14 14 18 16 22 -19 -20 24 -22 25 23 -25 -26 -27 -28 28 -30 -31
leaf_value=6.4455485280111755e-05 0.00032184495896892527 -4.9480463115303451e-05 -0.00059922597518163011 0.00014980195407902669 -0.00014151265122939961 9.3179285424978449e-05 0.00023865424576618137 -1.2363023001619925e-05 -0.00028073137642867197 -0.00014038496215776006 -0.00042949760522364468 -0.00096204797555123501 8.807041834402201e-05 -1.5738707132773398e-05 0.00022703421171112477 -0.003552891025273112 0.00010138575550865056 -0.0024177433907482523 -0.0013211209894621403 -0.00093378284453571022 -0.00025664684342483065 -0.00068636934145760073 -0.00014875434388263861 -0.00088095542019422631 -0.00025894843477214662 5.4692601625211947e-05 -7.6380651432410236e-05 -0.0015015456445860171 0.00013482249814738553 -0.00055444514164224999
leaf_weight=48445 5789 97843 4098 13705 5212 73240 1677 12601 413 763 68 151 9587 34485 9408 146 759 110 61 137 789 257 100 51 178 24130 793 240 2587 1098
leaf_count=48445 5789 97843 4098 13705 5212 73240 1677 12601 413 763 68 151 9587 34485 9408 146 759 110 61 137 789 257 100 51 178 24130 793 240 2587 1098
internal_value=0.000262825 -9.75358e-05 -0.000471923 0.000352201 0.00017323 0.000817863 0.000441998 -0.000503094 -0.000865961 -0.00697133 -0.0112184 -0.0205708 -0.000383683 0.000293615 0.000158961 -0.000432909 -0.00649228 -0.02625 0.000773327 -0.000229885 0.00173913 0.000813577 -0.000934066 -0.0105629 -0.00912698 0.00033757 -0.00333333 -0.00049829 -0.0023758 -0.00912556
internal_weight=348921 211563 115453 96110 82405 137358 64118 15673 13996 1395 632 219 111355 77193 70615 35966 1166 256 34649 34800 6578 34588 910 151 315 25180 1050 101768 3925 1338
internal_count=348921 211563 115453 96110 82405 137358 64118 15673 13996 1395 632 219 111355 77193 70615 35966 1166 256 34649 34800 6578 34588 910 151 315 25180 1050 101768 3925 1338
is_linear=0
shrinkage=0.05


Tree=43
num_leaves=31
num_cat=0
split_feature=5 6 9 14 13 9 10 1 5 11 10 14 14 14 11 11 14 14 11 10 14 12 10 11 11 3 10 14 9 11
split_gain=25.1121 11.9053 10.7698 9.38162 10.3535 14.9628 12.4376 8.3969 7.19993 6.63583 7.59728 28.6896 6.96432 12.4648 18.4586 13.4688 11.7453 11.2962 13.7788 16.41 16.86 14.9754 17.8111 20.8201 31.222 24.1858 27.6164 15.4423 11.2842 11.1194
threshold=0.012874106297990946 1.5389476719022097 0.29894484925252346 -0.076646614085351103 20.980000495910648 -0.330300766330197 0.0091813381816910917 -0.036998698412531665 0.0088915667407418447 0.023520128243548103 0.015605159278572868 -0.065772214787702996 -0.069419882954705067 -0.056198841691910133 -0.0070947628288289813 -0.031453464626615406 -0.056395923843761568 -0.029810288463271824 -0.022762768939498131 -0.029463592833469218 0.45247854199056486 -0.0014831897497937228 -0.0012722764150241981 0.011626690848287493 -0.012951361499321188 -0.0080907342217786931 0.0063034677603397435 0.01016731697942619 0.28285360775978646 0.0057609593190406381
decision_type=2 2 10 2 2 10 2 2 2 2 2 2 2 2 2 2 2 2 2 2 2 2 2 2 2 2 2 2 8 2
left_child=8 2 3 4 -2 7 -7 -6 -1 10 12 -12 -5 14 15 -14 -16 -15 19 20 -19 22 27 24 -24 26 -26 -20 -18 -27
right_child=1 -3 -4 9 5 6 -8 -9 -10 -11 11 -13 13 17 16 -17 28 18 21 -21 -22 -23 23 -25 25 29 -28 -29 -30 -31
leaf_value=0.00013230374836223767 0.00022678687082131884 -0.00020624762954384206 -0.00018411145390940652 0.0003121871211946336 -0.0011921414182917674 -0.00023051560808082279 0.00027814723936508886 -0.00021293992034727394 5.3857536246536118e-05 8.6608735059332786e-05 -0.0011860687564893113 0.00017824881642899095 0.00048195786816605942 0.00012304027144638733 -5.8966987316281397e-06 -0.00082741683411628037 -0.00099771450559479934 -0.0012954349550618987 0.00034523839329002478 0.00023230913784468384 5.2654993569675238e-05 -6.7812052889736306e-06 0.00021008425827781442 0.00019445962582659485 -0.000462932313239969 -0.0002825394819165357 -0.0033256519456212673 -0.00013723744065035926 0.00018672600088930183 -0.00075637363227784105
leaf_weight=17991 12068 19685 13130 2787 254 1637 4025 731 119269 22742 416 674 267 20736 5127 1119 436 277 2587 12338 402 68702 1288 1577 557 2619 245 13635 213 920
leaf_count=17991 12068 19685 13130 2787 254 1637 4025 731 119269 22742 416 674 267 20736 5127 1119 436 277 2587 12338 402 68702 1288 1577 557 2619 245 13635 213 920
internal_value=0.000267238 -7.49546e-05 4.54028e-05 0.000147131 0.00120625 -0.000378366 0.000611092 -0.00606599 0.000793749 2.2986e-05 -0.000108383 -0.00426605 -7.5019e-05 -0.000126837 -0.00215582 -0.00733766 -0.000912396 -1.13993e-05 -0.000221737 0.00130099 -0.00626657 -0.000436882 -0.00152851 -0.003597 -0.00501954 -0.00704791 -0.0148878 -0.000609666 -0.00724961 -0.00527126
internal_weight=348454 211194 191509 178379 18715 6647 5662 985 137260 159664 136922 1090 135832 133045 7162 1386 5776 125883 105147 13017 679 92130 23428 7206 5629 4341 802 16222 649 3539
internal_count=348454 211194 191509 178379 18715 6647 5662 985 137260 159664 136922 1090 135832 133045 7162 1386 5776 125883 105147 13017 679 92130 23428 7206 5629 4341 802 16222 649 3539
is_linear=0
shrinkage=0.05


Tree=44
num_leaves=31
num_cat=0
split_feature=4 6 4 13 13 13 14 12 13 11 11 14 11 13 16 14 12 6 15 13 11 11 6 14 14 11 13 13 13 13
split_gain=21.9836 11.6704 7.92174 7.85922 17.1418 7.59847 11.9067 29.879 11.0808 10.6254 23.5569 9.58604 8.54247 7.82747 7.76116 7.24272 7.18671 7.02007 6.91549 6.56923 6.04773 5.88738 5.42036 6.09211 7.22251 15.0217 7.52448 7.16862 5.96839 11.3864
threshold=0.032976088362526863 -0.32581874215947576 0.085575255456620564 27.855000495910648 30.345000267028812 14.870000362396242 0.044810362746474881 0.050860094870715973 14.994999885559084 0.011544109732890885 0.00081108963534770606 0.052093484772870687 0.002577635332758899 12.325000286102297 0.012438907462708816 0.22590160926733996 0.037528575282214767 2.0152881020375522 0.0054196937072907856 46.145000457763679 -4.6336307806593695e-05 0.037935675142188215 1.2415665391797204 -0.068136872709181048 -0.056198841691910133 0.012447212921004149 21.914999961853031 20.060000419616703 19.010000228881839 17.494999885559086
decision_type=2 2 2 2 2 2 2 2 2 2 2 2 2 2 2 2 2 2 2 2 2 2 2 2 2 2 2 2 2 2
left_child=1 5 22 17 15 6 12 11 9 10 -7 16 13 20 -9 -5 -8 21 -12 -6 -1 -3 23 -2 25 26 27 -25 29 -26
right_child=2 3 -4 4 19 8 7 14 -10 -11 18 -13 -14 -15 -16 -17 -18 -19 -20 -21 -22 -23 -24 24 28 -27 -28 -29 -30 -31
leaf_value=0.00014914221377849448 0.00010288144235460829 2.2051249072252538e-05 -0.00095020981810559557 -0.00024421500000020165 0.00024995814741146931 -1.6295585943743567e-05 -0.00014473295751163284 -0.0003073960837177526 5.3300771968228133e-05 6.4520020599676423e-05 -0.00056343639881780122 8.914424028468497e-05 0.00016553829585182092 5.7364873619011667e-05 -0.00088319314698823343 -0.00091884017408910335 -0.00057529725925224153 -0.00010874595392019666 -0.0012282270212297434 -0.00032419984784085563 -0.00028454227345616845 0.00021135233968189428 -0.00030920703357617438 -0.00079849609900821568 -5.1812923114481107e-05 0.000327903570969886 -0.001382090270362296 0.000200928953364524 4.4518208170844694e-05 -0.00036025652732900136
leaf_weight=244 9202 135586 1377 283 914 572 506 57 81654 927 361 2669 31273 8876 143 365 168 17715 82 273 492 4072 7667 901 18702 739 359 432 16689 6062
leaf_count=244 9202 135586 1377 283 914 572 506 57 81654 927 361 2669 31273 8876 143 365 168 17715 82 273 492 4072 7667 901 18702 739 359 432 16689 6062
internal_value=0.000234742 0.000419208 -0.000618059 0.000133411 -0.00311989 0.000774621 0.00130301 -0.00147756 0.000493804 -0.00323893 -0.0067734 -0.000354472 0.00154396 0.000240325 -0.02025 -0.00966049 -0.00568249 0.000171345 -0.0154289 0.000450716 -0.00471467 0.000290281 -0.00053306 -0.000353577 -0.000598851 -0.00324763 -0.00584515 -0.00411478 -0.000443514 -0.000936036
internal_weight=349362 287232 62130 159208 1835 128024 44428 3543 83596 1942 1015 3343 40885 9612 200 648 674 157373 443 1187 736 139658 60753 53086 43884 2431 1692 1333 41453 24764
internal_count=349362 287232 62130 159208 1835 128024 44428 3543 83596 1942 1015 3343 40885 9612 200 648 674 157373 443 1187 736 139658 60753 53086 43884 2431 1692 1333 41453 24764
is_linear=0
shrinkage=0.05


Tree=45
num_leaves=31
num_cat=0
split_feature=5 5 6 5 11 12 12 12 11 10 11 14 12 12 11 16 10 10 11 12 16 15 2 11 14 12 9 10 14 9
split_gain=21.2148 11.2134 10.882 9.35195 6.41637 8.15504 7.21052 9.04734 15.6449 13.7898 8.64139 7.1208 7.11898 9.43046 13.0765 6.81213 6.3441 11.7234 7.88715 8.01453 5.78831 6.93584 5.64725 5.51044 5.37934 5.26832 5.58595 5.2275 5.16234 5.05303
threshold=0.0174842344838761 0.0098753601789377064 -0.33221244925881394 0.043553476689101457 0.010391715368283873 0.11156893092539701 -0.0021779841828679087 0.0065049739274190008 0.011662466264334872 0.0072285544385530818 0.040649708867645969 -0.037374592254897913 0.059758748559170745 0.057354881634701156 0.0062964202270787703 -0.015777301313354971 0.0058855718957657741 0.0059756471813912091 0.031454156137576302 0.06610047212240612 -0.052831729765246686 0.019634365002036972 0.095470330642927773 0.037935675142188215 -0.083456210331023115 0.0027925929369287954 -0.24384212396371077 0.006337694363773628 -0.035621573523768706 0.089400667249586743
decision_type=2 2 2 2 2 2 2 2 2 2 2 2 2 2 2 2 2 2 2 2 2 2 2 2 2 2 8 2 2 10
left_child=1 -1 24 4 5 12 27 8 -8 -10 22 -9 13 -2 15 -15 -13 -18 19 28 21 -4 25 29 -3 26 -11 -6 -19 -22
right_child=3 2 20 -5 6 -7 7 11 9 10 -12 16 -14 14 -16 -17 17 18 -20 -21 23 -23 -24 -25 -26 -27 -28 -29 -30 -31
leaf_value=9.0765852553122354e-05 -8.6943432749415157e-05 0.00019520776569686778 -0.00018530205662659212 -0.00065567432407481144 3.6670878451577755e-05 -0.00076819465958820961 -0.0010369104333246074 0.00017634892932763178 0.00011699439579996293 -0.0015183889092376458 0.0002597347222980184 1.4443948561253294e-05 0.00027327231366831904 -0.0023317953156572991 -0.00013173279547997968 -0.0011874883118416159 -0.0025677215434304424 -0.0012476779256326634 9.0992304099448407e-05 -0.00069991009712228676 2.1350966148143724e-05 -0.0011115434872378885 1.4559765109968109e-05 0.00020078813438861371 5.605300044974266e-05 -0.0019776819527421684 -0.00072704711036490643 0.00041273157632869847 -7.5258725734932697e-05 -5.1499984209834199e-05
leaf_weight=39894 52849 6583 1974 2648 4003 325 118 6431 1446 53 161 13840 2724 55 301 92 52 53 1394 900 82579 53 121 3624 87880 80 424 3852 1454 33367
leaf_count=39894 52849 6583 1974 2648 4003 325 118 6431 1446 53 161 13840 2724 55 301 92 52 53 1394 900 82579 53 121 3624 87880 80 424 3852 1454 33367
internal_value=0.000247045 0.000482392 0.000340183 -0.000398068 -0.000312582 -0.000641039 0.0002257 -0.000168319 -0.00309405 -0.00217724 -0.00727652 0.000123114 -0.000595223 -0.000722648 -0.00794643 -0.0201701 -0.000394789 -0.0021892 -0.00186661 -0.00359992 2.74268e-05 -0.0026221 -0.00974926 7.23427e-05 0.000742778 -0.0118761 -0.0098847 0.00155633 -0.00137027 1.23335e-05
internal_weight=349330 255954 216060 93376 90728 56346 34382 26527 2403 2285 839 24124 56021 53297 448 147 17693 3853 3801 2407 121597 2027 678 119570 94463 557 477 7855 1507 115946
internal_count=349330 255954 216060 93376 90728 56346 34382 26527 2403 2285 839 24124 56021 53297 448 147 17693 3853 3801 2407 121597 2027 678 119570 94463 557 477 7855 1507 115946
is_linear=0
shrinkage=0.05


Tree=46
num_leaves=31
num_cat=0
split_feature=4 9 6 10 4 16 8 15 10 14 14 10 1 14 10 12 10 10 10 10 14 8 8 14 9 10 10 8 14 14
split_gain=20.7532 9.03041 7.70676 7.78921 6.74199 6.73823 7.68326 7.37717 6.16587 15.3201 31.5416 14.4564 13.818 12.7742 14.6717 9.49174 27.4098 15.148 13.7931 56.1138 9.33987 9.02639 8.39059 7.17342 9.79204 9.47906 8.63243 8.59756 8.0988 8.63576
threshold=0.021502921488507073 0.31676784317276879 1.4486986658615915 0.0089823327220962552 0.013790802189330468 -0.039356080405739451 -0.24064357652648041 -0.0016094368809067559 -0.0056690374548943314 0.077019604552505241 0.081032983629692037 -0.0055466638643487101 -0.021667609516119287 0.079095926518506735 -0.0027244353612394519 -0.014960350168733092 -0.0055671377170214966 -0.0026636628961290705 0.006337694363773628 0.0063034677603397435 -0.10344834121785244 -0.037317395965975102 0.071593392695856309 -0.04841526643133464 0.2260470123204156 0.00038112321022931722 -0.0012722764150241981 -0.02248058498299332 -0.024601750905799354 -0.023371909944973176
decision_type=2 10 2 2 2 2 10 2 2 2 2 2 2 2 2 2 2 2 2 2 2 10 10 2 8 2 2 10 2 2
left_child=4 2 3 8 -1 6 -5 -7 -2 15 13 12 -12 -11 -15 17 22 -10 19 20 -19 -21 -17 24 -22 26 -25 -26 -27 -30
right_child=1 -3 -4 5 -6 7 -8 -9 9 10 11 -13 -14 14 -16 16 -18 18 -20 21 23 -23 -24 25 27 28 -28 -29 29 -31
leaf_value=0.00013520423454695582 6.1637551355459057e-05 -0.00021608073912532719 -0.00014224555374391928 -0.0017089120610374508 4.9170425792334e-05 -0.00022162624589876958 -0.00014406761986955423 0.00013607896144717579 0.00018645253163551476 -0.0012248573573352328 -0.00070330687744620511 0.00018695562100018141 7.7837653074773846e-05 -0.00093447863860132707 -0.00031455114629660758 -0.00022142744860342216 1.552355811648801e-05 0.0003595907869418536 0.00015564837067325553 -0.004114914573530826 -0.00036589496141093466 -0.0021217920132670285 -0.00128328949905945 -0.0002137581823517423 -0.0014866160927042562 0.00033218161443448601 -0.00045350632738932562 -0.00036923373547950581 -0.00072275522809721446 -7.7454832236485842e-05
leaf_weight=13732 31226 12632 19597 80 136100 1254 833 24745 3357 183 161 1978 149 327 736 51 87361 704 2827 157 1951 98 81 2284 114 1459 1111 145 400 3453
leaf_count=13732 31226 12632 19597 80 136100 1254 833 24745 3357 183 161 1978 149 327 736 51 87361 704 2827 157 1951 98 81 2284 114 1459 1111 145 400 3453
internal_value=0.000255178 -7.88651e-05 8.61801e-06 0.000118553 0.000699851 0.000897741 -0.00332421 0.001046 -3.0895e-05 -0.000208228 -0.00344652 3.93358e-05 -0.01 -0.00984751 -0.00774694 -9.98075e-05 0.000115609 -0.00114341 -0.00183534 -0.00258252 -0.0020734 -0.0257843 -0.0226515 -0.00243336 -0.00497738 -0.00178764 -0.00385125 -0.014112 -0.00046875 -0.00167013
internal_weight=349286 199454 186822 167225 149832 26912 913 25999 140313 109087 3534 2288 310 1246 1063 105553 87493 18060 14703 11876 11621 255 132 10917 2210 8707 3395 259 5312 3853
internal_count=349286 199454 186822 167225 149832 26912 913 25999 140313 109087 3534 2288 310 1246 1063 105553 87493 18060 14703 11876 11621 255 132 10917 2210 8707 3395 259 5312 3853
is_linear=0
shrinkage=0.05


Tree=47
num_leaves=31
num_cat=0
split_feature=5 6 6 11 13 14 11 14 10 16 3 10 14 10 16 14 14 10 0 13 9 13 10 5 10 14 14 11 10 10
split_gain=16.9476 9.70022 7.42685 7.16536 8.67646 8.77397 26.0976 7.55483 9.79506 14.5686 11.5777 7.45423 14.6336 50.6887 9.06428 8.30305 10.35 10.23 11.4423 8.2196 12.6246 11.408 8.61787 6.72058 6.5695 6.47669 6.44146 14.8959 13.8055 12.0227
threshold=0.019222060498289378 -0.56476425006342346 -0.26917002483490748 0.037935675142188215 14.63499975204468 0.077019604552505241 0.017097581194909787 -0.12096344977185801 0.014545936349149692 -0.024283503692845817 0.013908199252541721 -0.0042976015384410529 0.079095926518506735 -0.0030276650310187554 -0.01727135580738692 -0.013975625369978871 -0.013346627210452431 0.0039695003321817976 0.0021313165816898576 15.400000095367433 0.31676784317276879 15.355000019073488 -0.017312000709356064 0.043553476689101457 -0.0073735604380062983 0.081032983629692037 0.013307758970990903 0.0059862979664929714 -0.0025714907564299279 -0.0028966274865073745
decision_type=2 2 2 2 2 2 2 2 2 2 2 2 2 2 2 2 2 2 2 2 8 2 2 2 2 2 2 2 2 2
left_child=1 -1 -2 4 5 24 -7 -6 11 10 -10 19 15 14 -14 -13 17 18 -17 20 21 -9 -21 -4 -3 -15 27 28 -18 -29
right_child=2 3 23 -5 7 6 -8 8 9 -11 -12 12 13 25 -16 16 26 -19 -20 22 -22 -23 -24 -25 -26 -27 -28 29 -30 -31
leaf_value=7.3218953821582321e-05 7.5090477182277639e-06 0.00038090128636226659 -0.00012302804981469587 0.00020446889754761668 0.00020855793709172239 -3.8726792610515708e-05 -0.00086304460230741422 9.9733877425503445e-05 -0.00038053592680768159 -0.00018277738772958557 -0.0013538808573688281 2.7535116455266545e-05 -0.00052486487065746832 -0.00036278681018985648 -0.0008958141516456253 -0.00031449985502287313 4.0846510652126007e-05 -6.4214835299114415e-05 -0.00086627449909545289 -0.0001343647187289649 -0.0005445786711619731 -0.00054344744099119719 9.8657407059634359e-05 -0.0011012393361426083 6.4540425090380907e-05 0.0002538553208873037 1.0392848306003864e-05 -0.0009677400323578289 -0.00028510088857901038 4.8790456431901361e-05
leaf_weight=84928 34922 2105 32849 5429 5490 3181 241 941 248 2827 80 43710 249 258 419 116 3075 298 115 4714 275 191 32054 1185 51980 1231 17228 457 7999 10250
leaf_count=84928 34922 2105 32849 5429 5490 3181 241 941 248 2827 80 43710 249 258 419 116 3075 298 115 4714 275 191 32054 1185 51980 1231 17228 457 7999 10250
internal_value=0.000264651 0.000437522 -0.000437525 0.000243415 0.000192166 0.000704871 -0.00175044 -3.08185e-05 -0.00010948 -0.00286054 -0.0128354 -3.92456e-05 -0.00029887 -0.00436486 -0.0158084 -0.000193518 -0.000718549 -0.00766541 -0.0155628 0.000541585 -0.00320895 -0.000874558 0.000685107 -0.000963154 0.00086022 0.000768973 -0.000624343 -0.00119577 -0.00248149 0.000134025
internal_weight=349045 280089 68956 195161 189732 57507 3422 132225 126735 3155 328 123580 85405 2157 668 83248 39538 529 231 38175 1407 1132 36768 34034 54085 1489 39009 21781 11074 10707
internal_count=349045 280089 68956 195161 189732 57507 3422 132225 126735 3155 328 123580 85405 2157 668 83248 39538 529 231 38175 1407 1132 36768 34034 54085 1489 39009 21781 11074 10707
is_linear=0
shrinkage=0.05


Tree=48
num_leaves=31
num_cat=0
split_feature=5 14 8 16 9 13 13 13 12 12 12 14 12 10 14 10 3 10 14 9 13 14 12 8 9 9 13 14 1 8
split_gain=18.5993 8.27751 12.2449 19.5671 8.60521 8.06703 10.1716 7.05812 7.18289 10.0709 9.76489 10.5671 14.8524 11.6889 8.81965 9.32201 8.98509 6.69921 8.11422 6.2634 5.89424 8.88041 14.2334 6.30985 6.41855 5.8878 7.70324 5.60015 5.15988 4.81625
threshold=0.013328558853429099 -0.076646614085351103 0.35151420868843569 -0.0232689311843664 0.14379380400670419 20.980000495910648 21.704999923706058 14.63499975204468 0.060339682487529529 0.041180756713136597 0.044382759046859517 0.023650626144740231 0.048302189377787193 -0.0028855615804261321 0.004407866869301503 -0.0028966274865073745 0.0041529159356435983 0.0034739164181698538 -0.056198841691910133 0.14014628013170985 14.234999656677248 0.048986719728816526 0.050860094870715973 0.058984477699610689 0.9285659345969004 -0.27450680122793253 24.19999980926514 -0.056198841691910133 -0.05585892920903434 0.075874225169133572
decision_type=2 2 8 2 10 2 2 2 2 2 2 2 2 2 2 2 2 2 2 10 2 2 2 10 10 10 2 2 2 10
left_child=7 2 5 28 -3 -2 -7 8 9 17 14 -12 -13 -14 15 -11 -17 18 19 -1 21 -6 -23 27 -25 -8 -27 -22 -4 -15
right_child=1 4 3 -5 20 6 25 -9 -10 10 11 12 13 29 -16 16 -18 -19 -20 -21 23 22 -24 24 -26 26 -28 -29 -30 -31
leaf_value=-0.00013748809377011573 0.00019825301252749777 -1.301729678561787e-06 -0.0018434311258968953 -0.00023617870849516767 8.5724708115356859e-05 -0.00045405969994071431 -0.0002770005226924984 3.1970143772485454e-05 0.00030407451813429951 0.00052497326373174313 0.00010629068782527516 0.00038924784098219952 -3.9387721768952979e-06 -0.00041678485765056446 5.129437524829442e-05 -0.00038608729267777461 6.7190700538286899e-06 0.0001984107632570087 7.6731172940603225e-05 -0.00081471551194817475 -0.00061772319545926394 -0.00019957681347828614 -0.0011846721488468041 -6.0735970532767705e-05 -0.0010389498840003867 0.00046013699395018674 -5.5273169317074098e-05 -0.00022099072600475779 -0.0010673111742858007 -8.3881684590946437e-05
leaf_weight=153 13427 137834 61 574 8410 1024 573 98730 3338 259 9077 780 490 554 1212 1367 502 11060 25192 85 953 662 83 17223 796 2003 3389 9446 57 198
leaf_count=153 13427 137834 61 574 8410 1024 573 98730 3338 259 9077 780 490 554 1212 1367 502 11060 25192 85 953 662 83 17223 796 2003 3389 9446 57 198
internal_value=0.000233926 -8.79066e-05 0.000847546 -0.00569364 -0.000200476 0.00106926 -0.000308341 0.0006473 0.00110537 0.000958099 -0.000159637 0.000553654 -0.00271513 -0.00611111 -0.00252994 -0.00446898 -0.00570091 0.00140038 0.000953598 -0.00823529 -0.000871237 0.000232114 -0.005 -0.00122669 -0.000660691 0.000481978 0.000994065 -0.00220742 -0.0242373 -0.0100266
internal_weight=349512 196515 21108 692 175407 20416 6989 152997 54267 50929 14439 11099 2022 1242 3340 2128 1869 36490 25430 238 37573 9155 745 28418 18019 5965 5392 10399 118 752
internal_count=349512 196515 21108 692 175407 20416 6989 152997 54267 50929 14439 11099 2022 1242 3340 2128 1869 36490 25430 238 37573 9155 745 28418 18019 5965 5392 10399 118 752
is_linear=0
shrinkage=0.05


Tree=49
num_leaves=31
num_cat=0
split_feature=5 6 4 14 5 10 10 16 14 10 4 8 14 14 10 10 12 12 12 12 12 15 0 16 10 15 15 12 10 15
split_gain=16.5449 9.14557 8.22339 7.72034 6.68693 5.856 7.6981 16.1824 7.62405 11.4123 7.23703 5.8671 5.86058 11.1486 10.2764 11.2443 22.8663 32.4396 21.479 8.37711 43.3582 9.89321 7.69817 7.58428 7.50398 11.1319 17.4595 7.3665 8.71574 8.01148
threshold=0.018477766176098764 1.940674089672237 0.013790802189330468 -0.12096344977185801 0.049566509455600621 0.019292763304062491 0.015605159278572868 -0.019349477553513291 -0.060212487769074334 0.016350116268756935 0.019365327966299858 -0.12690717521997827 -0.069419882954705067 -0.056198841691910133 0.0045502623367793546 0.0039695003321817976 0.032077134319751129 0.027409196484277535 -0.0036881792371129536 0.051085048604070045 0.050860094870715973 -0.00086302447897351742 0.0056683668825197051 0.0006242734045941446 0.0044245853053562776 0.0014225500262340376 -1.0000000180025095e-35 0.043059642208465816 0.012727043065882683 0.017398407400828989
decision_type=2 2 2 2 2 2 2 2 2 2 2 10 2 2 2 2 2 2 2 2 2 2 2 2 2 2 2 2 2 2
left_child=1 2 -1 -4 -2 6 12 11 9 10 -9 -8 -5 -14 15 19 17 18 -17 20 -15 -22 -23 -19 -20 26 -26 -16 -29 -30
right_child=4 -3 3 5 -6 -7 7 8 -10 -11 -12 -13 13 14 27 16 -18 23 24 -21 21 22 -24 -25 25 -27 -28 28 29 -31
leaf_value=0.00012908564405728296 -4.7960124736735977e-05 -8.7991989478591258e-05 0.0001943852516350577 0.00012227543973348601 -0.00090086952245970798 0.00044408763800007201 -0.0012365680307095724 8.2638706548221179e-05 0.00038247033200648523 -3.8856384470862823e-05 -0.00088119785656058918 -0.00032575421451398089 -9.6121283648743189e-05 2.0807623848907506e-05 0.00015070306974327842 -0.00050281881123442017 0.00012871807427785139 -0.0005289530063975629 9.5072666243939101e-05 0.00012402959962266335 -0.0009502484474689948 -0.00013530069505757032 -0.00082729142250416291 -0.00039149966966337842 -0.00015902954188725638 9.9295879535889612e-05 -0.001782108084824348 3.9465337896265061e-05 -0.0001241221969012284 -0.00043136263196272891
leaf_weight=13057 77154 18452 6916 14900 1320 1194 108 124 601 1418 345 138 10853 137920 29367 701 3038 183 1853 16052 72 133 146 447 76 171 53 10905 986 347
leaf_count=13057 77154 18452 6916 14900 1320 1194 108 124 601 1418 345 138 10853 137920 29367 701 3038 183 1853 16052 72 133 146 447 76 171 53 10905 986 347
internal_value=0.000228491 0.000413889 0.000492535 0.000425795 -0.000410709 0.000376749 0.000358691 -0.00227871 -0.00106913 -0.00263116 -0.00939232 -0.0145122 0.000390289 0.00032332 0.000407014 0.000225839 -0.00180773 -0.00457233 -0.00230554 0.000311781 0.000186265 -0.0173647 -0.0131004 -0.0148413 0.000169531 -0.00716667 -0.0182558 0.00110744 7.68101e-05 -0.00373968
internal_weight=349030 270556 252104 239047 78474 232131 230937 2734 2488 1887 469 246 228203 213303 202450 160845 6522 3484 2854 154323 138271 351 279 630 2153 300 129 41605 12238 1333
internal_count=349030 270556 252104 239047 78474 232131 230937 2734 2488 1887 469 246 228203 213303 202450 160845 6522 3484 2854 154323 138271 351 279 630 2153 300 129 41605 12238 1333
is_linear=0
shrinkage=0.05


Tree=50
num_leaves=31
num_cat=0
split_feature=5 6 3 6 8 14 3 14 14 14 14 13 13 11 11 15 11 14 11 11 11 13 14 14 15 0 13 9 13 13
split_gain=14.7235 8.97479 6.79119 6.50445 6.08205 13.1945 6.83236 5.71247 6.51998 9.39437 7.15296 5.42971 13.4372 12.7758 23.8054 10.2912 7.90015 6.3387 24.322 5.65568 11.7877 29.3897 7.32344 6.29915 5.61217 6.99073 5.21102 5.0989 7.17956 5.06689
threshold=0.019844143231188282 1.0000000180025095e-35 -0.0036166434511639696 0.029219423347188012 0.27434669229613268 -0.086337752297859935 0.0178294313272972 0.22590160926733996 0.083482873400912663 0.079095926518506735 0.081032983629692037 14.904999732971193 14.994999885559084 0.011544109732890885 0.00081108963534770606 0.0054196937072907856 -0.019593233115480609 0.073559273058729127 0.017097581194909787 -0.017638953461458159 -0.014686675718860785 15.984999656677248 -0.021590127132527389 -0.068136872709181048 0.0013109802710320475 0.0087690158625436405 18.94999980926514 -0.12489733983711852 15.864999771118166 18.719999313354496
decision_type=2 2 2 2 8 2 2 2 2 2 2 2 2 2 2 2 2 2 2 2 2 2 2 2 2 2 2 10 2 2
left_child=1 2 7 -2 -3 6 -6 8 9 -1 27 16 13 14 -13 -16 -4 -18 -19 29 21 -21 -23 26 -20 -26 -22 -11 -29 -14
right_child=3 4 11 -5 5 -7 -8 -9 -10 10 -12 12 19 -15 15 -17 17 18 24 20 23 22 -24 -25 25 -27 -28 28 -30 -31
leaf_value=-5.3786324351940303e-06 -1.6824763364224307e-05 9.4327706068839958e-06 -0.00052620356665255056 -0.00017525277164915262 -0.00033056876603898132 -0.00013838036344197721 -0.0012777331182324588 -0.00033639323461051053 0.00015283227369209074 -5.8824757222433049e-05 -5.9325890070697815e-05 2.9357707171244371e-05 0.00028627950835433726 6.3126944179840464e-05 -0.00049889687987652741 -0.0010959807075235602 0.00010880799495218607 3.6802375257564894e-05 -0.00080774281570383127 -0.0005718431143238613 0.00023411527628981372 -0.00030610476456676881 0.00019295615968246374 3.2677515687538291e-05 -0.00012760465046811789 -0.00078592685315854332 -1.2790751471235932e-05 0.00036622809087089541 -0.00070753856064269521 6.521026737062234e-05
leaf_weight=30093 39985 111739 212 22113 169 4029 90 403 6118 127 641 557 4587 988 434 114 46407 1287 69 566 7777 562 1445 58562 115 66 2747 54 286 7750
leaf_count=30093 39985 111739 212 22113 169 4029 90 403 6118 127 641 557 4587 988 434 114 46407 1287 69 566 7777 562 1445 58562 115 66 2747 54 286 7750
internal_value=0.000215829 0.000366397 0.000595667 -0.000482463 2.65888e-05 -0.00182136 -0.0127606 2.91626e-06 6.68562e-05 -0.000225794 -0.00474729 0.000762226 0.000524399 -0.00343287 -0.0071267 -0.0145255 0.00118739 0.00122998 -0.00192908 0.000623006 0.00045277 -0.00287019 -3.23865e-05 0.000576528 -0.0162 -0.0115746 0.00170277 -0.00945396 -0.0126471 0.00161182
internal_weight=350092 287994 171967 62098 116027 4288 259 37722 37319 31201 1108 134245 86089 2093 1105 548 48156 47944 1537 83996 71659 2573 2007 69086 250 181 10524 467 340 12337
internal_count=350092 287994 171967 62098 116027 4288 259 37722 37319 31201 1108 134245 86089 2093 1105 548 48156 47944 1537 83996 71659 2573 2007 69086 250 181 10524 467 340 12337
is_linear=0
shrinkage=0.05


Tree=51
num_leaves=31
num_cat=0
split_feature=5 11 12 12 10 10 11 14 12 14 15 13 11 14 9 13 10 11 10 11 10 12 13 14 15 16 0 13 13 10
split_gain=15.6721 9.24048 13.901 19.9454 17.5899 26.0967 18.4399 70.6067 18.6733 17.402 14.5042 13.8912 17.7055 16.4669 13.3027 13.1245 12.7156 12.4076 14.6253 11.5557 11.1972 13.7988 15.5793 12.3362 11.0642 10.5232 11.4971 10.4493 20.4224 17.6536
threshold=0.019844143231188282 0.0035059532242039952 0.015682487762849754 0.015919336049390002 -0.0065884615881859334 -0.00080553669064165046 -0.0038430615531924168 0.060125948457031016 0.032816307706160404 -0.011027468798592786 0.0054196937072907856 16.425000190734867 -0.0025925478918460416 0.018374042720191389 0.028529594331448308 12.434999942779543 0.0086942135082223055 0.0023967132721236521 0.0089823327220962552 0.0032511544819977538 -0.017312000709356064 -0.007281546892151213 31.844999313354496 0.24994374642796716 -0.0025055698114067599 -0.019747940684916806 -0.0020776192364310715 15.944999694824221 16.095000267028812 0.0095537147442000831
decision_type=2 2 2 2 2 2 2 2 2 2 2 2 2 2 10 2 2 2 2 2 2 2 2 2 2 2 2 2 2 2
left_child=1 2 19 10 -5 6 9 8 11 14 -4 12 24 -13 -6 -10 -7 18 -18 20 21 22 23 -1 -8 -9 -27 -3 29 -29
right_child=-2 27 3 4 5 16 7 25 15 -11 -12 13 -14 -15 -16 -17 17 -19 -20 -21 -22 -23 -24 -25 -26 26 -28 28 -30 -31
leaf_value=-0.00028543320968832907 -7.1095403432867364e-05 9.0885288063111038e-05 -0.00036197275986308409 0.00014297622496234759 -6.326007676439714e-05 6.3740438686771313e-05 -0.00036290271095875732 -0.00032143810419225233 -0.00030366822893115327 0.00012301971008466154 -0.0014148219065657558 -0.0006568693737699987 -0.00010151541954498741 -0.00025342320773033246 -0.00067822550710410975 0.00017858837145345448 -0.00045450112367677678 -0.00038017703561565993 3.9628817936459212e-05 -0.00027267477619387565 7.0194068840146337e-05 0.00017543347551384912 0.00028263411770486872 -0.00082559920084090011 -0.001002488372495615 -0.00075101592551430306 -0.00051585828094000499 -0.00032676507770805962 3.6106040975762289e-05 0.00020906918170392969
leaf_weight=1893 61967 84311 735 10204 799 19662 487 268 377 5613 49 717 4561 769 624 3370 367 1539 3754 1121 72280 2185 731 629 258 656 597 2590 64885 1109
leaf_count=1893 61967 84311 735 10204 799 19662 487 268 377 5613 49 717 4561 769 624 3370 367 1539 3754 1121 72280 2185 731 629 258 656 597 2590 64885 1109
internal_value=0.000215794 0.000371422 6.87178e-05 -0.000538209 -0.000424554 -0.000854608 -0.00225021 -0.00343698 -0.00198358 -0.000216032 -0.00845663 -0.00354682 -0.00235017 -0.00781965 -0.0051546 0.000850014 0.000197852 -0.00189046 -0.00045984 0.00049525 0.000567951 -0.00162008 -0.00368429 -0.00554718 -0.00949664 -0.0135076 -0.015431 0.000637202 0.000178905 -0.00343471
internal_weight=349107 287140 134245 55406 54622 44418 19096 12060 10539 7036 784 6792 5306 1486 1423 3747 25322 5660 4121 78839 77718 5438 3253 2522 745 1521 1253 152895 68584 3699
internal_count=349107 287140 134245 55406 54622 44418 19096 12060 10539 7036 784 6792 5306 1486 1423 3747 25322 5660 4121 78839 77718 5438 3253 2522 745 1521 1253 152895 68584 3699
is_linear=0
shrinkage=0.05


Tree=52
num_leaves=31
num_cat=0
split_feature=5 9 14 8 16 10 13 14 12 14 9 13 15 13 12 14 0 14 13 12 7 14 10 13 13 10 12 13 13 14
split_gain=14.5734 8.37415 7.51851 10.9028 17.0458 6.41273 5.90392 13.2221 22.6003 9.02611 16.8766 8.90924 12.0834 11.6872 30.4496 40.4719 13.0098 10.5442 16.1957 12.4763 16.1359 10.18 10.6394 16.0078 11.8062 16.1861 11.9671 11.393 9.54702 18.2102
threshold=0.012512765604217425 0.29000781322918595 -0.076646614085351103 0.35151420868843569 -0.015320365100544351 0.06903334451863076 14.904999732971193 0.044810362746474881 0.050860094870715973 0.052093484772870687 0.25890032232286725 19.115000724792484 0.037331228257165068 18.510000228881839 0.0090147692043446321 0.13242625205871941 -0.013364252709055334 -0.060212487769074334 24.779999732971195 -0.027486551032664949 -0.046409279227651638 0.048986719728816526 0.0042130189286166972 17.445000648498539 15.025000095367433 0.0094914683342374202 0.01159583409138454 18.185000419616703 16.125000000000004 0.082844690184075601
decision_type=2 10 2 8 2 2 2 2 2 2 8 2 2 2 2 2 2 2 2 2 2 2 2 2 2 2 2 2 2 2
left_child=-1 2 3 5 -5 -2 7 -4 9 10 -9 12 13 21 15 -15 -17 18 19 20 -13 22 23 -8 25 26 -24 -25 29 -23
right_child=1 -3 6 4 -6 -7 11 8 -10 -11 -12 17 -14 14 -16 16 -18 -19 -20 -21 -22 28 24 27 -26 -27 -28 -29 -30 -31
leaf_value=5.0468067268864793e-05 0.00012848929914811082 -0.00016764791646958511 7.0550573137034191e-05 -0.0013316099810907508 -7.4639457662205674e-05 -0.00035505383175178564 -4.8105399580795448e-05 -0.00013344274728990449 -0.0010581511273568859 -2.8395429776176725e-05 -0.00055624133298433581 -0.0013783260333152028 -0.0018764823946249105 -0.00040241408854729485 -1.4311253552063425e-05 -0.0016531597499334603 -0.00066958851924245506 6.1704042542838153e-05 0.00047392584303893005 -0.0002332580995881036 -0.00036030066177093794 -0.00027745869945408304 -0.00067202913717176764 -0.00036562519248442587 7.660864728452109e-05 -0.0016969823132987481 4.8722169286974235e-05 -1.6567682748910836e-05 0.00022184441915451791 0.00036409144982619792
leaf_weight=125113 20804 15936 43181 185 495 414 29514 438 206 3715 222 266 77 3682 8125 183 133 49066 1260 2691 424 2594 145 6280 18443 235 959 2841 9717 1689
leaf_count=125113 20804 15936 43181 185 495 414 29514 438 206 3715 222 266 77 3682 8125 183 133 49066 1260 2691 424 2594 145 6280 18443 235 959 2841 9717 1689
internal_value=0.000218504 -2.29991e-05 6.16395e-05 0.000937985 -0.00529412 0.00113771 -4.1486e-05 0.000437796 -0.00211635 -0.00135429 -0.00674242 -0.000206978 -0.000526667 -0.000508635 -0.00194548 -0.00551776 -0.0226899 0.000296703 -0.00198125 -0.00378438 -0.00978261 -0.0002681 -0.000558313 -0.00104115 0.000384693 -0.00414862 -0.00161232 -0.00287194 0.000942857 -0.00102381
internal_weight=349033 223920 207984 21898 680 21218 186086 47762 4581 4375 660 138324 84617 84540 12123 3998 316 53707 4641 3381 690 72417 58417 38635 19782 1339 1104 9121 14000 4283
internal_count=349033 223920 207984 21898 680 21218 186086 47762 4581 4375 660 138324 84617 84540 12123 3998 316 53707 4641 3381 690 72417 58417 38635 19782 1339 1104 9121 14000 4283
is_linear=0
shrinkage=0.05


Tree=53
num_leaves=31
num_cat=0
split_feature=5 11 11 11 14 10 10 10 14 10 10 11 10 10 11 10 3 11 11 10 11 14 11 14 10 0 10 16 10 10
split_gain=12.5937 8.11071 13.6024 10.0488 13.0913 24.9892 13.4442 15.5833 9.7293 11.7602 9.09377 8.54952 10.7324 9.55225 11.9184 15.2825 16.4173 10.7495 8.42858 9.88976 8.42001 15.9028 19.2422 24.5618 19.1258 18.6773 9.96175 7.35503 7.11547 20.7896
threshold=0.019222060498289378 0.0035059532242039952 0.0023967132721236521 0.0029094650612268018 0.079889052526069274 -0.0041401831937402647 -0.0029742003737800999 -0.0026636628961290705 -0.010554721432184831 0.013109339753378581 0.0089823327220962552 -0.017638953461458159 -0.017312000709356064 -0.0096296118595212126 -0.016025846447031252 -0.0090889117917126155 0.01202516416563282 -0.005167394522302581 0.0032511544819977538 0.00048355916176134889 0.0053137315210420874 0.13242625205871941 0.0059862979664929714 -0.0046275643275077152 -0.014256563971479506 -0.0065026350761984144 -0.0028966274865073745 -0.01727135580738692 0.0041080829558171059 0.0059756471813912091
decision_type=2 2 2 2 2 2 2 2 2 2 2 2 2 2 2 2 2 2 2 2 2 2 2 2 2 2 2 2 2 2
left_child=1 2 11 4 6 -6 -4 -8 -3 20 -9 12 -1 17 15 -15 -17 -13 -5 27 -10 22 23 -22 -23 -26 -25 -20 -14 -30
right_child=-2 8 3 18 5 -7 7 10 9 -11 -12 13 28 14 -16 16 -18 -19 19 -21 21 24 -24 26 25 -27 -28 -29 29 -31
leaf_value=-0.0001436599716520255 -5.4314811756951461e-05 9.3058013329348695e-05 0.000282034903304684 0.00018296140827929949 7.0631634172133286e-05 -0.0007856415159104113 -0.00086856406384688302 -4.3299475578157933e-07 0.00019394774287306699 -0.00038629191533930547 -0.00034406919116557807 7.4098254419105639e-06 0.00016996052991277903 -0.00058466858016275193 -1.0775246251769992e-05 6.7312093466767483e-05 -0.00071313639993358653 0.00035029359697483496 0.00020457220625476284 3.9498125927939904e-05 -0.00067019929609967322 0.00034878542370935244 3.2805103887227815e-05 0.00043215432664202123 -0.0015205222608219539 -0.00043790341572367701 -0.00024236648542090274 -0.00052180924718367005 -0.00035555409946474672 0.00014990329347367446
leaf_weight=4508 68933 74758 1034 2916 297 341 353 1787 6287 991 1848 6383 24196 387 73412 1106 225 4137 205 1450 742 205 63663 710 155 175 1676 894 1291 4233
leaf_count=4508 68933 74758 1034 2916 297 341 353 1787 6287 991 1848 6383 24196 387 73412 1106 225 4137 205 1450 742 205 63663 710 155 175 1676 894 1291 4233
internal_value=0.000221988 0.000370856 8.37006e-05 -0.00158876 -0.00306537 -0.00981191 -0.00220828 -0.00352558 0.000622715 0.000218755 -0.00255158 0.00023891 0.00090686 -2.80208e-05 -0.000225609 -0.00434226 -0.0017994 0.00138308 -5.94692e-05 -0.00215967 0.000291593 0.000128182 0.000196958 -0.00363171 -0.00845794 -0.0159091 -0.00116094 -0.00573703 0.00125168 -0.000367487
internal_weight=349298 280365 131003 11125 5660 638 5022 3988 149362 74604 3635 119878 34228 85650 75130 1718 1331 10520 5465 2549 73613 67326 66791 3128 535 330 2386 1099 29720 5524
internal_count=349298 280365 131003 11125 5660 638 5022 3988 149362 74604 3635 119878 34228 85650 75130 1718 1331 10520 5465 2549 73613 67326 66791 3128 535 330 2386 1099 29720 5524
is_linear=0
shrinkage=0.05


Tree=54
num_leaves=31
num_cat=0
split_feature=4 11 6 12 4 14 4 6 13 12 15 16 3 15 13 13 10 11 14 11 12 14 13 14 9 11 13 13 13 14
split_gain=12.2078 8.84109 7.10719 7.45902 7.35289 5.2083 4.79786 4.56071 4.65974 7.47461 5.20833 4.34963 6.84107 4.09705 4.04409 4.25253 9.02622 7.11503 4.03391 8.68952 8.28615 7.34128 7.3188 7.04025 6.90097 6.67056 5.15416 4.54193 4.49466 5.5375
threshold=0.020515015311253923 0.039736199013419633 -0.33221244925881394 -0.075828258528587975 0.05788256839513449 -0.048867405145294966 0.013270009109398144 -0.72229721349107834 27.855000495910648 -0.067575688865902969 -0.003425648436645778 -0.065661010248675752 0.0057453122352967298 -0.0054487634113791752 46.145000457763679 33.719999313354499 -0.029463592833469218 -0.035697741943328191 -0.029810288463271824 -0.0086755186195080474 0.024994032932905811 -0.027977831131809735 18.394999504089359 -0.13532199000438486 0.02060307674098261 -0.022762768939498131 27.365000724792484 28.970000267028812 24.385000228881839 0.15844695899744313
decision_type=2 2 2 2 2 2 2 2 2 2 2 2 2 2 2 2 2 2 2 2 2 2 2 2 10 2 2 2 2 2
left_child=6 2 3 -2 14 -3 -1 -8 11 -10 -11 12 -9 -7 15 16 17 -4 19 20 22 -20 -5 -24 -25 -23 28 -21 29 -27
right_child=1 5 4 18 -6 13 7 8 9 10 -12 -13 -14 -15 -16 -17 -18 -19 21 27 -22 25 23 24 -26 26 -28 -29 -30 -31
leaf_value=0.00013362410004435986 0.0004882729021934611 0.00040019594924423546 -0.00097440667914352921 0.00021846139099151551 -0.00047825713789408417 -0.0002503642757149926 7.6439237048154195e-05 -0.00052897877288295007 0.00026061314000463189 -0.00090183387150661307 0.00021017214773857323 3.0601514532572521e-05 -0.0013417640273691153 9.4912083943184532e-05 -0.00030221532354565028 0.00029036855596225241 -2.787640451565702e-05 -5.6283555397730869e-06 -0.00039713400140311666 0.00011753308180207263 -0.00050665998045515187 0.00020945668747369023 0.00031680108178403101 -0.00010161422272260469 -0.00052545621898892865 -1.036024094605834e-05 -0.00033568181978873798 -0.00020222522236596559 0.00026628442250108315 -0.00039215285464400823
leaf_weight=9704 2134 3090 295 1403 4043 774 27091 118 113 120 40 93248 41 6409 688 1043 110921 230 1207 22399 359 4688 649 1707 974 51999 753 314 2006 599
leaf_count=9704 2134 3090 295 1403 4043 774 27091 118 113 120 40 93248 41 6409 688 1043 110921 230 1207 22399 359 4688 649 1707 974 51999 753 314 2006 599
internal_value=0.000219084 -9.28261e-06 -7.9866e-05 0.000251176 -0.0003374 0.00142266 0.00060184 0.000515894 0.000350662 -0.00617216 -0.013125 0.000369726 -0.00789308 0.000684255 -0.000262553 -0.000239179 -0.000268919 -0.00680952 0.000181176 0.000680633 -0.00118617 -4.55493e-05 -0.000630678 -0.00190691 -0.00303805 3.20595e-05 -0.000121303 0.00109915 -6.46471e-05 -0.000153238
internal_weight=349159 218684 208411 91191 117220 10273 130475 120771 93680 273 160 93407 159 7183 113177 112489 111446 525 89057 27805 5092 61252 4733 3330 2681 60045 55357 22713 54604 52598
internal_count=349159 218684 208411 91191 117220 10273 130475 120771 93680 273 160 93407 159 7183 113177 112489 111446 525 89057 27805 5092 61252 4733 3330 2681 60045 55357 22713 54604 52598
is_linear=0
shrinkage=0.05


Tree=55
num_leaves=31
num_cat=0
split_feature=9 6 4 14 10 10 8 16 14 14 10 14 7 10 14 14 12 12 12 10 12 10 10 14 8 14 12 10 14 14
split_gain=12.498 9.66597 8.11037 7.70108 7.17637 24.0182 15.5648 14.2545 7.13105 9.24393 7.41728 12.6296 7.86481 6.8839 9.2819 23.4844 11.2473 31.124 17.6946 34.5441 26.8284 14.1091 15.6793 15.0055 12.0508 10.6433 9.9637 19.8981 14.5475 20.2935
threshold=0.25378112501712219 1.7486820707681521 0.016353550862179902 -0.069419882954705067 0.015605159278572868 0.016350116268756935 -0.24064357652648041 -0.025332286242346232 -0.056198841691910133 -0.036136320679139293 0.011869721142281022 -0.056395923843761568 -0.079640714943578758 -0.0065884615881859334 0.035592479952137442 0.037991361441833245 0.027409196484277535 0.02751670136279594 0.053746423182394205 -0.0055466638643487101 0.050860094870715973 -0.0015160047739009028 0.0027266386428961291 0.083482873400912663 0.074821019578686379 0.026259504689798433 -0.014960350168733092 -0.0026636628961290705 -0.017647948149660749 -0.011729089558044635
decision_type=10 2 2 2 2 2 10 2 2 2 2 2 2 2 2 2 2 2 2 2 2 2 2 2 10 2 2 2 2 2
left_child=1 2 -1 4 -4 -6 7 -7 10 -10 11 12 -5 -11 25 -16 -17 -18 19 24 21 -21 23 -23 -19 26 27 -15 -29 -30
right_child=-2 -3 3 8 5 6 -8 -9 9 13 -12 -13 -14 14 15 16 17 18 -20 20 -22 22 -24 -25 -26 -27 -28 28 29 -31
leaf_value=6.8083464245745164e-05 -0.000120170795035944 -8.5004518582162849e-05 0.00013484298925189547 -0.0011798607289312908 -0.00089411292929091144 -0.0011932266082789571 0.00010709774726551049 -0.00011023661149587357 0.00011452695369844095 6.6541787691713313e-05 9.8227515488102636e-05 -0.0005394559952057649 -7.7178631208156217e-05 0.00019141709027127785 -0.00044702795622122071 3.882955955286739e-05 -0.00063132252104838708 -0.00039186374244068868 0.00016836440432294557 0.00017347256402817251 -0.00073566921790505391 -0.00046999191005879135 4.5335457855852053e-05 0.00039054935264344132 -0.00096157337501534654 0.00016200467254913096 1.7146831035699574e-05 -2.7696237372945438e-05 -0.0015837793326046656 -0.00020667051258898899
leaf_weight=44063 23560 25456 23212 396 553 160 6527 257 27548 41678 3298 590 8156 3405 1424 14771 587 366 3795 2653 307 1166 1463 311 177 8946 93034 5061 1021 5266
leaf_count=44063 23560 25456 23212 396 553 160 6527 257 27548 41678 3298 590 8156 3405 1424 14771 587 366 3795 2653 307 1166 1463 311 177 8946 93034 5061 1021 5266
internal_value=0.000208 0.000288457 0.000367783 0.000259987 0.0010028 -0.000342137 0.000456509 -0.00890887 0.000158793 0.00022676 -0.00100482 -0.00173813 -0.00125 9.97947e-05 -6.42419e-05 -0.000899334 -0.000551648 -0.00177598 -0.00113401 -0.00272932 -0.00161864 -0.000828714 -0.00321429 -0.00684834 -0.0147974 0.000129055 -8.48878e-06 -0.00121568 -0.00222154 -0.00382774
internal_weight=349207 325647 300191 256128 30709 7497 6944 417 225419 212979 12440 9142 8552 185431 143753 27020 25596 10825 10238 6443 5900 5593 2940 1477 543 116733 107787 14753 11348 6287
internal_count=349207 325647 300191 256128 30709 7497 6944 417 225419 212979 12440 9142 8552 185431 143753 27020 25596 10825 10238 6443 5900 5593 2940 1477 543 116733 107787 14753 11348 6287
is_linear=0
shrinkage=0.05


Tree=56
num_leaves=31
num_cat=0
split_feature=6 5 13 11 13 11 11 14 11 11 13 13 5 11 11 0 11 13 11 14 11 10 10 0 4 11 11 15 13 13
split_gain=12.3658 8.40311 6.46399 10.6452 8.39328 7.94578 23.3726 19.9382 6.51786 7.02625 8.47222 6.45116 6.27938 6.0876 13.4664 6.95931 5.96797 10.0415 5.82359 10.3134 5.57109 9.06137 9.10515 6.24472 4.86731 4.85422 13.8118 9.05255 5.32377 5.3837
threshold=-0.33221244925881394 0.011225743755195446 14.904999732971193 0.002577635332758899 14.994999885559084 0.012168405530195938 0.012550489370347863 0.077019604552505241 0.0015109510563884323 -0.019593233115480609 13.34500026702881 13.605000019073488 0.034013837056671638 0.011544109732890885 0.00081108963534770606 0.0049629820052569116 -0.0055822524584005486 14.444999694824221 -0.0042559755894635001 0.035592479952137442 -0.022354679901405047 0.0038619915499665818 0.020281918733708996 -0.013644910498955496 0.06370703158410719 0.014107180383983399 0.016334496079119857 0.0015914637429427227 14.734999656677248 13.174999713897707
decision_type=2 2 2 2 2 2 2 2 2 2 2 2 2 2 2 2 2 2 2 2 2 2 2 2 2 2 2 2 2 2
left_child=2 -2 3 8 13 -5 -7 25 9 -1 18 -10 -3 14 -4 -16 17 -12 -11 -20 21 -6 24 -22 -23 -8 27 28 29 -27
right_child=1 12 4 5 20 6 7 -9 11 10 16 -13 -14 -15 15 -17 -18 -19 19 -21 23 22 -24 -25 -26 26 -28 -29 -30 -31
leaf_value=-0.00081660845744563673 4.142350431749844e-05 -2.0978765963306035e-05 -5.7924528118889898e-05 0.00023045187150296518 0.00023447342992705743 -0.00035502240425233346 0.00025781801618411648 -0.0006531176439960539 0.00010493403265361273 0.00036721404607425014 0.00012474639411707932 -0.00041045099964502846 -0.00043222446274821831 1.4184523927524153e-05 -0.00030827889845834824 -0.00086092546510757638 0.00021250249376638674 -0.00041898052266002225 -7.3042091497511088e-05 -0.00038062797920841653 -8.3795013887051075e-05 -0.00018009461130282843 0.00043688457871064062 3.539175974500769e-05 -0.0014112074678241484 -0.00020469940272665953 0.00013489452281984041 1.9461592451054543e-05 3.5575829605009646e-05 -0.00048389893403611589
leaf_weight=279 47228 143342 587 13132 8509 763 3349 217 331 423 2204 734 4120 882 299 171 5102 849 2480 499 11199 1518 548 82033 54 636 15365 1740 324 520
leaf_count=279 47228 143342 587 13132 8509 763 3349 217 331 423 2204 734 4120 882 299 171 5102 849 2480 499 11199 1518 548 82033 54 636 15365 1740 324 520
internal_value=0.000203284 -6.18931e-05 0.000536909 0.00101201 0.000317108 0.00145314 0.000891158 0.00118753 -0.000220525 0.000116594 0.000305875 -0.00396714 -0.000247792 -0.00294224 -0.00550142 -0.0118085 0.00118026 -0.000568293 -0.00179012 -0.00256965 0.000377957 0.00146251 -0.00146226 0.000254312 -0.00339695 0.00133674 0.00102098 -0.00195652 -0.00483108 -0.00641868
internal_weight=349437 194690 154747 48947 105800 36046 22914 22151 12901 11836 11557 1065 147462 1939 1057 470 8155 3053 3402 2979 103861 10629 2120 93232 1572 21934 18585 3220 1480 1156
internal_count=349437 194690 154747 48947 105800 36046 22914 22151 12901 11836 11557 1065 147462 1939 1057 470 8155 3053 3402 2979 103861 10629 2120 93232 1572 21934 18585 3220 1480 1156
is_linear=0
shrinkage=0.05


Tree=57
num_leaves=31
num_cat=0
split_feature=5 6 0 10 13 15 4 16 11 11 10 16 3 13 10 15 11 11 13 10 10 10 10 1 11 11 11 11 13 13
split_gain=10.3986 6.90417 6.33071 7.2284 5.12771 10.9689 5.13344 5.07674 4.68114 10.3404 4.9139 4.61845 4.54187 4.84381 9.10328 5.12971 4.34207 7.81276 5.35887 8.49296 13.3087 13.3017 8.88942 8.71217 8.4346 12.1126 5.55432 9.77852 11.7468 13.2818
threshold=0.018477766176098764 -0.047522773710876452 -0.011110565780414248 0.025167554774320647 12.00999975204468 -0.0033400127438040768 0.013953289587277965 -0.038203128898278253 -0.043674023036412872 -0.022354679901405047 -0.017312000709356064 -0.052831729765246686 0.0072005225372331347 38.065000534057624 -0.006703838533231087 -0.016206954835313311 -0.019741563271709391 -0.019593233115480609 17.445000648498539 -0.0034865672578678337 -0.0022949150076642662 -0.0025714907564299279 -0.0030276650310187554 -0.0020314180388635301 0.008381662460648533 0.0090657625478496335 0.0069842899086436381 0.0013310128060490813 20.555000305175785 21.82499980926514
decision_type=2 2 2 2 2 2 2 2 2 2 2 2 2 2 2 2 2 2 2 2 2 2 2 2 2 2 2 2 2 2
left_child=1 4 3 8 5 -1 -6 -4 12 -10 -11 -3 13 14 -2 -15 -8 -18 -19 24 21 22 23 -21 -20 -26 27 28 -22 -30
right_child=2 11 7 -5 6 -7 16 -9 9 10 -12 -13 -14 15 -16 -17 17 18 19 20 26 -23 -24 -25 25 -27 -28 -29 29 -31
leaf_value=-0.00064618647065187032 -0.0014838593369044173 -0.00024709434065741032 -0.0002667687795132239 -0.0014967593240032828 0.00011961920962819072 -5.3377103055901771e-05 0.00012207534509211333 1.3082972044732174e-05 0.00030587377594753069 -0.00060513624922109216 -0.00015333519383322456 9.2373795535505559e-06 0.00012935696955421939 2.3330526328465788e-06 0.00096998760334066493 -0.00078107214528941034 -0.00029591336754202077 5.4011996721206277e-05 0.0001590858602698911 -0.00086129086481527269 7.070812825796538e-05 -0.00054767449937277398 2.2778640512668628e-06 -0.0002787211849013772 -0.00062586697027885562 -1.3483421852998471e-05 4.3984133490981403e-05 -0.00020601097346006878 -0.0009104366790209659 -5.0310417612762911e-05
leaf_weight=127 221 2030 2872 50 8983 985 12523 52351 3606 553 17744 112529 292 312 75 85 626 94350 8332 61 6768 629 1209 163 264 1841 13449 2629 1023 2224
leaf_count=127 221 2030 2872 50 8983 985 12523 52351 3606 553 17744 112529 292 312 75 85 626 94350 8332 61 6768 629 1209 163 264 1841 13449 2629 1023 2224
internal_value=0.000196557 0.00034322 -0.000311472 -0.00100968 0.000559461 -0.00282374 0.000583721 -2.14583e-05 -0.000968193 -0.000816555 -0.00129885 4.84032e-05 -0.0043401 -0.00654401 -0.0113851 -0.00293451 0.000512386 0.00042892 0.000455161 -4.12001e-05 -0.000492807 -0.00435984 -0.00169923 -0.0108482 0.00117706 -0.00165083 -0.000187215 -0.000939576 -0.000227159 -0.00269941
internal_weight=348906 270745 78161 22938 156186 1112 155074 55223 22888 21903 18297 114559 985 693 296 397 146091 133568 132942 38592 28155 2062 1433 224 10437 2105 26093 12644 10015 3247
internal_count=348906 270745 78161 22938 156186 1112 155074 55223 22888 21903 18297 114559 985 693 296 397 146091 133568 132942 38592 28155 2062 1433 224 10437 2105 26093 12644 10015 3247
is_linear=0
shrinkage=0.05


Tree=58
num_leaves=31
num_cat=0
split_feature=5 6 11 5 11 10 4 13 13 13 10 11 3 12 7 10 12 12 1 13 9 14 10 11 12 0 14 14 13 13
split_gain=10.4597 8.82646 5.37167 5.49662 4.79859 6.97646 4.61189 4.43161 14.1277 6.84158 6.83062 6.62633 9.66124 5.49099 8.99208 5.48228 5.18763 12.5789 8.99249 10.4848 5.68064 5.43329 8.3245 11.1273 28.7976 12.464 8.84563 20.4538 12.3378 7.4731
threshold=0.02641895230154186 -0.33221244925881394 0.039736199013419633 0.0098753601789377064 0.034492851689025945 0.007852611946651546 0.085575255456620564 27.855000495910648 30.345000267028812 25.505000114440922 -0.029463592833469218 -0.043674023036412872 -0.0065633494037184428 -0.0800835440536906 0.018216110853817361 -0.015857538372193832 -0.05793872793170584 -0.046451976604296834 -0.045280516226408989 23.265000343322757 -0.070454868016888314 -0.013975625369978871 -0.0065884615881859334 0.008381662460648533 -0.0016966552105460717 -0.013364252709055334 0.077019604552505241 0.081032983629692037 13.894999980926515 18.82499980926514
decision_type=2 2 2 2 2 2 2 2 2 2 2 2 2 2 2 2 2 2 2 2 8 2 2 2 2 2 2 2 2 2
left_child=1 -1 3 4 -3 -6 -2 9 10 11 -9 12 -5 14 -11 -10 -13 18 19 -18 -21 -19 23 -23 25 -25 -24 28 -28 -30
right_child=6 2 -4 7 5 -7 -8 8 15 13 -12 16 -14 -15 -16 -17 17 21 -20 20 -22 22 26 24 -26 -27 27 -29 29 -31
leaf_value=4.7025421789794082e-05 -0.00010660910491400546 5.6534216282355636e-05 0.00015855728985811422 -0.0045526577676585104 0.00023608510786760455 -0.00084438012106613849 -0.00076655430948987765 -0.00089388667451239373 0.00025765891430593204 -1.7227572897606643e-05 -0.00026896499683064023 0.00030645227209042644 -0.00029920781410689931 0.00037898878659100806 -0.00062707976847815568 -0.00016632209114455742 -0.00042873969985161056 3.1045742874961407e-05 -0.00017318136734978103 -0.00013898774001707974 -0.0011658742717177175 8.8088492918213517e-05 -4.9971777464612112e-05 -0.0016442749360431265 -3.4797098203932371e-05 -0.00057744389468086126 0.00017349780373467853 -3.0746229985448735e-05 -0.00074680023225738525 -0.00018270060289562676
leaf_weight=143301 21961 22970 5200 51 124 153 1344 373 1155 257 671 1601 253 3164 51 1075 339 58712 2022 46 218 20471 57841 146 1676 179 241 2544 759 286
leaf_count=143301 21961 22970 5200 51 124 153 1344 373 1155 257 671 1601 253 3164 51 1075 339 58712 2022 46 218 20471 57841 146 1676 179 241 2544 759 286
internal_value=0.000198377 0.000271558 4.10237e-05 -5.41198e-06 0.000711275 -0.00583032 -0.00082493 -0.000113507 -0.00193341 -7.40103e-05 -0.00673372 -0.000125691 -0.0075 0.00211982 -0.00425325 0.000313902 -0.000110449 -0.0001416 -0.00357143 -0.00893035 -0.0164015 -7.8576e-05 -0.000336154 0.000487718 -0.00307096 -0.0166923 -0.00063636 -0.00296345 -0.00810264 -0.0104545
internal_weight=349184 325879 182578 177378 23247 277 23305 154131 3274 150857 1044 147385 304 3472 308 2230 147081 145480 2625 603 264 142855 84143 22472 2001 325 61671 3830 1286 1045
internal_count=349184 325879 182578 177378 23247 277 23305 154131 3274 150857 1044 147385 304 3472 308 2230 147081 145480 2625 603 264 142855 84143 22472 2001 325 61671 3830 1286 1045
is_linear=0
shrinkage=0.05


Tree=59
num_leaves=31
num_cat=0
split_feature=6 9 3 13 13 12 12 13 15 12 15 14 14 12 12 14 14 15 8 12 14 12 13 12 13 16 9 14 13 13
split_gain=10.6783 8.3238 7.74754 6.87958 10.0483 14.8022 9.47307 8.34975 8.26277 9.75312 8.93091 6.13501 5.9726 9.29618 17.0521 8.40533 9.81926 5.69613 5.64481 5.59884 5.72843 18.0781 5.3578 7.04887 5.25936 6.58396 5.67167 5.35398 8.23566 44.3907
threshold=1.940674089672237 0.19936609372982753 -0.0046296754110640151 14.904999732971193 14.994999885559084 0.018300587263459293 0.060339682487529529 12.00999975204468 0.019634365002036972 0.015682487762849754 0.0054196937072907856 -0.12096344977185801 0.22590160926733996 -0.007281546892151213 -0.067575688865902969 0.083482873400912663 0.079095926518506735 -0.003425648436645778 0.27434669229613268 -0.016111251712643489 0.077019604552505241 0.050860094870715973 13.234999656677248 0.021076066619432846 31.844999313354496 -0.0072972707432311648 -0.24384212396371077 -0.022343626602261631 21.654999732971195 21.409999847412113
decision_type=2 10 2 2 2 2 2 2 2 2 2 2 2 2 2 2 2 2 8 2 2 2 2 2 2 2 10 2 2 2
left_child=1 2 12 6 5 8 7 17 9 -5 -11 -6 15 14 -14 16 24 -4 -2 -9 -21 22 -22 -24 25 -1 -26 -27 29 -29
right_child=18 -3 3 4 11 -7 -8 19 -10 10 -12 -13 13 -15 -16 -17 -18 -19 -20 20 21 -23 23 -25 26 27 -28 28 -30 -31
leaf_value=7.0438233250009373e-05 -9.4126429580992008e-05 -5.4727491546651492e-05 -0.00073990737868380712 -0.00022105389324919217 0.00017107684971010321 5.1434322301992633e-05 0.00026386766366416831 -0.00040911926553982049 -0.00050215734287789224 -0.00040097748713125423 -0.0012817349226630075 2.6183658461651059e-05 0.00013264391686116479 0.00023768776042486307 -0.00074727192470884637 0.00012665052130661923 -0.00025940568203188088 -0.00014583641428758329 -0.00059627029577581571 7.6221854256858313e-05 -0.00024429724942136993 -0.00062532552984746921 -0.00015884520486552514 0.00031585350136661256 -0.00124752240475437 4.3961771433010484e-05 -0.0001983815212333138 -8.4928824497426683e-05 0.00037101743054978925 -0.0027913071968753687
leaf_weight=14698 22188 35697 67 942 7592 1598 4757 306 66 261 43 147430 521 505 746 11599 1705 804 1238 63460 290 296 692 1480 89 9162 595 18815 1348 220
leaf_count=14698 22188 35697 67 942 7592 1598 4757 306 66 261 43 147430 521 505 746 11599 1705 804 1238 63460 290 296 692 1480 89 9162 595 18815 1348 220
internal_value=0.000189285 0.000263426 0.000352084 0.000484041 0.000299243 -0.00261168 0.000888541 0.000736331 -0.00654726 -0.00563403 -0.0134211 0.000353885 -0.000153909 -0.00301354 -0.00529992 -6.68886e-05 -0.000366486 -0.00412744 -0.0008418 0.000800012 0.000831194 -0.00139956 4.06192e-06 0.000856354 -0.000225143 -0.000157878 -0.00457602 -0.000588086 -0.00103935 -0.0013068
internal_weight=349210 325784 290087 230084 157932 2910 72152 67395 1312 1246 304 155022 60003 1772 1267 58231 46632 871 23426 66524 66218 2758 2462 2172 44927 44243 684 29545 20383 19035
internal_count=349210 325784 290087 230084 157932 2910 72152 67395 1312 1246 304 155022 60003 1772 1267 58231 46632 871 23426 66524 66218 2758 2462 2172 44927 44243 684 29545 20383 19035
is_linear=0
shrinkage=0.05


Tree=60
num_leaves=31
num_cat=0
split_feature=9 13 12 13 14 13 10 10 12 8 14 11 11 12 13 13 13 13 14 10 12 13 14 14 13 8 10 13 12 11
split_gain=9.92623 8.99324 11.9986 8.13927 7.39076 9.2563 10.8618 15.263 14.5264 10.6522 8.15749 7.92772 7.0481 9.53126 7.31041 7.11527 6.85824 18.4898 20.5987 25.7599 12.8664 10.9842 10.8392 17.1529 22.3411 11.2771 10.4882 10.8393 21.1078 12.7299
threshold=0.18531475493046526 14.904999732971193 0.060736878271406176 12.00999975204468 0.017796206966189224 14.605000019073488 0.0038619915499665818 -0.0068180084305178293 0.048302189377787193 0.10269707262485663 0.021982133330242685 -0.019593233115480609 0.0076914611036220668 0.036024186060428572 14.234999656677248 14.164999961853029 16.469999313354496 16.404999732971195 0.0071322940265206034 -0.0054503534816233148 0.057354881634701156 17.164999961853031 -0.078457350194131512 -0.054348672595206975 16.085000038146976 -0.064464461043566498 0.0024569690177319585 15.144999980926515 0.017951128324421587 -0.0035220660232809227
decision_type=10 2 2 2 2 2 2 2 2 10 2 2 2 2 2 2 2 2 2 2 2 2 2 2 2 10 2 2 2 2
left_child=1 2 3 -1 11 6 7 -6 9 10 -9 -5 14 -14 -12 -15 17 20 -19 -20 22 -18 -3 24 -24 -26 27 28 -25 -29
right_child=-2 16 -4 4 5 -7 -8 8 -10 -11 12 -13 13 15 -16 -17 21 18 19 -21 -22 -23 23 26 25 -27 -28 29 -30 -31
leaf_value=-0.00018953190840168417 -6.2125915469751091e-05 0.00020999511828838298 0.00026893130103756107 -0.00041589815123615933 0.00021150939370491551 0.00017676417091083883 0.00022801164626274945 -0.00029099188921979843 -0.00032065731904412263 -0.0006472326142008759 -0.00021514897853446943 7.9736994763193215e-05 0.000183139859679133 -5.0747884375981912e-05 9.7419331603497357e-05 -0.00034716828741821756 0.00012836075465693446 5.3171319986497256e-05 0.00017372758758707539 -0.00083165758739904723 -0.00086331788520390633 8.9612482894208017e-06 -8.2990484221521349e-05 -0.00048697316318399125 -0.00230047664636646 -0.00054134885968398164 9.8394572978957161e-05 0.00015752350565862735 4.9859455797669213e-07 -8.9616610586931483e-05
leaf_weight=1013 43986 5669 5339 342 3245 3126 2530 910 1348 687 2649 62155 3414 998 1433 366 27119 1150 439 1044 345 135300 4797 1462 211 1226 15623 6189 2126 13121
leaf_count=1013 43986 5669 5339 342 3245 3126 2530 910 1348 687 2649 62155 3414 998 1433 366 27119 1150 439 1044 345 135300 4797 1462 211 1226 15623 6189 2126 13121
internal_value=0.000193667 0.000294817 0.000716041 0.000570319 0.000624557 -0.000194146 -0.000639932 -0.0011495 -0.00198433 -0.00135459 -0.000931423 0.000895803 -0.000468397 0.000835078 -0.00199412 -0.00269795 0.00012003 -0.000371521 -0.00445689 -0.00835131 -0.000159644 0.000281648 -9.38043e-05 -0.000354709 -0.00278794 -0.00825678 3.90698e-05 -0.000642414 -0.00316611 -0.000173485
internal_weight=349362 305376 89555 84216 83203 20706 17580 15050 11805 10457 9770 62497 8860 4778 4082 1364 215821 53402 2633 1483 50769 162419 50424 44755 6234 1437 38521 22898 3588 19310
internal_count=349362 305376 89555 84216 83203 20706 17580 15050 11805 10457 9770 62497 8860 4778 4082 1364 215821 53402 2633 1483 50769 162419 50424 44755 6234 1437 38521 22898 3588 19310
is_linear=0
shrinkage=0.05


Tree=61
num_leaves=31
num_cat=0
split_feature=5 5 11 6 16 11 10 15 5 11 10 6 8 14 9 14 11 10 11 12 12 8 10 14 15 10 12 12 11 11
split_gain=9.43231 6.90714 6.669 6.16321 4.24344 6.19732 10.3238 5.67628 5.31439 5.01466 6.91444 5.67161 4.91485 4.77904 4.51662 4.49394 9.87566 5.72912 4.84565 4.64938 17.2964 8.1516 7.83207 4.29584 5.93658 4.22403 10.0685 10.1916 7.85079 8.56411
threshold=0.019844143231188282 0.0088915667407418447 0.037935675142188215 -0.5578341484081123 -0.034711218393963676 -0.022354679901405047 -0.0020657822926501974 -0.040614005752933995 0.032778658881043185 -0.0078810131978928593 0.00069579143919507047 -0.69931538700092488 -0.1562234725819551 -0.068136872709181048 0.13309455765073977 -0.056198841691910133 0.040649708867645969 0.0076450481048171435 -0.022762768939498131 -0.029235256213089252 -0.032606247407298776 -0.038186418984659125 0.0063034677603397435 -0.061650873150224432 -0.0049911934294358242 -0.017312000709356064 -0.007281546892151213 -0.067575688865902969 -0.017638953461458159 -0.030384470516343128
decision_type=2 2 2 2 2 2 2 2 2 2 2 2 8 2 10 2 2 2 2 2 2 8 2 2 2 2 2 2 2 2
left_child=1 -1 3 -3 5 6 7 8 -2 10 11 -7 -8 -6 -14 16 17 23 -17 20 -20 22 -22 -15 -25 26 27 -5 29 -27
right_child=4 2 -4 25 13 9 12 -9 -10 -11 -12 -13 14 15 -16 18 -18 -19 19 -21 21 -23 -24 24 -26 28 -28 -29 -30 -31
leaf_value=9.0156046432865361e-05 -0.00022444903184707846 4.3438293688571753e-05 0.00014788043473868567 0.00020966092990566188 0.00010264115651693171 -0.0012089437648194353 -0.0010478195617989014 0.00043010536409228612 -0.0016414598279756894 -4.3796197368232914e-05 -0.00023247404191794574 -0.00066815542024532132 -0.00013280384438903013 -0.00039075793062978654 -0.0011562139684502162 0.00026735576188134175 0.00051545138033085643 -0.00014039232758446753 -7.9561052006493261e-05 -4.7108171095245228e-05 -0.00095976666841095584 -0.00073818985069490492 -0.0044667873646505232 -0.0017942920713054592 -0.00087839859073771283 -5.6656095854500025e-05 0.00013285337237101016 -0.00043492470070009186 -5.1286866063752877e-06 0.00016570925944148533
leaf_weight=17992 291 80414 8336 626 9645 183 275 2085 58 725 497 720 788 386 135 2817 554 1015 3492 36970 219 329 81 51 632 5751 2197 2002 154139 15821
leaf_count=17992 291 80414 8336 626 9645 183 275 2085 58 725 497 720 788 386 135 2817 554 1015 3492 36970 219 329 81 51 632 5751 2197 2002 154139 15821
internal_value=0.000173613 0.00029428 0.000230907 0.000186434 -0.000385969 -0.00167883 -0.000424009 0.00144618 -0.00445559 -0.00382353 -0.00557143 -0.00817829 -0.00422371 -0.00025351 -0.00247562 -0.000463412 -0.00246778 -0.00404511 -0.00034299 -0.000480519 -0.00207353 -0.00970588 -0.0156667 -0.00659963 -0.00898243 2.42613e-05 -0.00143523 -0.00352359 6.43388e-05 0.000957723
internal_weight=349226 287278 269286 260950 61948 5757 3632 2434 349 2125 1400 903 1198 56191 923 46546 2638 2084 43908 41091 4121 629 300 1069 683 180536 4825 2628 175711 21572
internal_count=349226 287278 269286 260950 61948 5757 3632 2434 349 2125 1400 903 1198 56191 923 46546 2638 2084 43908 41091 4121 629 300 1069 683 180536 4825 2628 175711 21572
is_linear=0
shrinkage=0.05


Tree=62
num_leaves=31
num_cat=0
split_feature=13 12 14 12 12 14 14 11 15 9 10 10 12 11 9 13 13 11 15 10 15 14 10 14 11 11 11 10 8 12
split_gain=9.23267 11.2926 10.9002 10.5584 15.4009 10.3366 12.3672 18.1789 9.6049 10.58 9.41397 12.9736 16.7671 9.15853 9.19187 10.4831 9.0561 8.66447 8.66 8.01902 11.8628 7.78989 6.94342 9.60683 14.6748 41.2002 24.228 26.3754 25.8224 18.4891
threshold=14.63499975204468 0.060339682487529529 0.017796206966189224 0.04047963103536379 0.045605778399391624 0.0091478412114857095 -0.0066644727723151323 0.0059862979664929714 -0.0017183643022141146 0.21537379181029795 0.0038619915499665818 -0.0068180084305178293 0.050860094870715973 0.039736199013419633 0.18806372020258424 14.870000362396242 12.00999975204468 -0.0033635921331804926 -0.01024965048258558 0.010510737947986739 -0.00323769594744111 -0.0020187599820463693 -0.0042976015384410529 -0.030466397962518928 -0.0071962553700703471 -0.0070947628288289813 0.0088407146243756358 -0.0032013225684498488 inf 0.048302189377787193
decision_type=2 2 2 2 2 2 2 2 2 10 2 2 2 2 10 2 2 2 2 2 2 2 2 2 2 2 2 2 8 2
left_child=1 2 3 16 5 6 7 -5 9 -8 11 -4 -13 14 22 17 -1 -16 -7 -6 -21 -10 -2 -24 -25 -26 29 -28 -29 -27
right_child=13 -3 10 4 19 18 8 -9 21 -11 -12 12 -14 -15 15 -17 -18 -19 -20 20 -22 -23 23 24 25 26 27 28 -30 -31
leaf_value=-0.00039344756655608449 4.8678275610099681e-05 0.00023745406926293868 0.00018725158646889576 -0.00030327819532076453 0.00012412203862167053 -0.00054591259748569304 -0.00047040897064885303 0.00023252330920749055 -0.00035077011324303136 -0.0017497937939308875 0.00019632195252764184 -9.428486343100033e-05 -0.00064573995039107161 0.00013217074890759442 -0.0018163693389518778 -8.1141104490621763e-05 0.00011136898680032279 -0.00034950874412939515 0.00021532136151771201 -0.00031853709296553753 -7.4364471566106999e-05 -0.0001147698756348169 3.557354025675753e-05 9.0701058566664903e-05 -0.0025424216280928074 -0.0001652794815845537 -0.00042265121988256654 6.4192931222682595e-05 -0.00047475851726684913 0.00027261062761451039
leaf_weight=419 60852 6343 3800 1694 11393 155 534 2104 663 125 2954 13996 418 12275 75 25747 43884 1316 1974 73 2033 1213 66700 17490 403 29487 1118 35630 1285 3136
leaf_count=419 60852 6343 3800 1694 11393 155 534 2104 663 125 2954 13996 418 12275 75 25747 43884 1316 1974 73 2033 1213 66700 17490 403 29487 1118 35630 1285 3136
internal_value=0.000181641 0.000605972 0.000458185 0.000773723 -0.000122717 -0.00179508 -0.00280831 -0.00100316 -0.00551282 -0.0107056 -0.000529573 -0.000954211 -0.00163938 2.59087e-05 -4.13378e-05 -0.000908689 0.00121809 -0.00513659 0.00121888 0.000925624 -0.00190883 -0.0036887 6.75843e-05 -0.000109856 -0.000451219 -0.000770557 -0.000679631 0.000177872 0.000407016 -0.00167934
internal_weight=349289 93775 87432 66264 21961 8462 6333 3798 2535 659 21168 18214 14414 255514 243239 27138 44303 1391 2129 13499 2106 1876 216101 155249 88549 71059 70656 38033 36915 32623
internal_count=349289 93775 87432 66264 21961 8462 6333 3798 2535 659 21168 18214 14414 255514 243239 27138 44303 1391 2129 13499 2106 1876 216101 155249 88549 71059 70656 38033 36915 32623
is_linear=0
shrinkage=0.05


Tree=63
num_leaves=31
num_cat=0
split_feature=9 13 14 10 10 11 6 11 10 11 10 13 14 11 13 14 14 13 7 10 13 11 11 3 11 13 14 10 11 8
split_gain=9.292 8.02813 9.17009 11.5136 11.4981 7.96485 7.43531 6.6164 12.0881 16.9845 11.0545 8.10002 6.94294 11.0223 10.8248 9.21483 19.9804 12.1176 12.9326 12.9035 11.8348 11.23 40.8733 14.8955 11.6905 23.7519 23.6161 19.6618 9.00929 24.9
threshold=0.30716451765896796 14.63499975204468 0.020125848996620292 0.0038619915499665818 -0.0068180084305178293 0.039736199013419633 1.4036913354081408 -0.020508631147506503 0.0038619915499665818 -0.023458930823045284 -0.0078147061783193621 46.145000457763679 -0.03443408845307621 -0.0083605121660306741 19.880000114440922 0.013307758970990903 0.005094684764536229 15.984999656677248 0.017424814551741611 -0.0029742003737800999 14.765000343322756 -0.0071962553700703471 -0.0070947628288289813 -0.0082907182118033256 0.010672166565218634 17.164999961853031 -0.0078859681506743256 -0.0034865672578678337 -0.0055822524584005486 -0.03647482347014374
decision_type=10 2 2 2 2 2 2 2 2 2 2 2 2 2 2 2 2 2 2 2 2 2 2 2 2 2 2 2 2 10
left_child=1 2 -1 4 -4 6 7 8 10 -10 -3 -12 13 14 -9 16 20 -18 19 -19 -14 -22 23 -23 25 -24 28 -28 29 -27
right_child=-2 5 3 -5 -6 -7 -8 12 9 -11 11 -13 15 -15 -16 -17 17 18 -20 -21 21 22 24 -25 -26 26 27 -29 -30 -31
leaf_value=7.7189998019424436e-05 -0.00014393618482680379 3.5460983455469523e-05 0.0001899772827290169 0.00022444115880381412 -0.00010687767048019682 0.0001280220837552392 -0.00010721185535476801 2.9019222461484663e-05 -0.00022822672940517514 0.00041611646205941656 0.00029299498109081355 -0.00049603806351049631 -0.00032112245293368016 7.6286829585107784e-05 -0.00031052528394302802 1.9431644731956524e-05 0.0002066867662504165 0.00029769930375224646 -4.6095650774042007e-05 -0.00038476029517202164 0.00015202223941205041 -0.002926505396226531 2.4692762273255669e-05 -0.0014525801726359337 4.5834142628360791e-05 8.4123417745761127e-05 0.00018513502824414629 -0.00067838927625240696 -8.2841955345290712e-05 -0.00044613156834286702
leaf_weight=68728 14927 14940 3619 3241 13633 11886 25307 5308 3543 1251 10106 229 1817 45584 3959 65303 1170 457 2107 4190 8414 238 10580 188 20559 409 409 1501 5338 300
leaf_count=68728 14927 14940 3619 3241 13633 11886 25307 5308 3543 1251 10106 229 1817 45584 3959 65303 1170 457 2107 4190 8414 238 10580 188 20559 409 409 1501 5338 300
internal_value=0.00018785 0.000242347 0.000648446 -0.000279851 -0.000793531 9.45153e-05 3.01665e-05 0.000128668 0.000814627 -0.00148728 0.00125124 0.00250847 1.26808e-05 0.000480484 -0.00109151 -0.000195967 -0.000656501 -0.00298839 -0.00380219 -0.00527545 -0.000285108 -0.000134971 -0.000488082 -0.015892 -0.000320237 -0.00123078 -0.00329458 -0.00814136 -0.00176368 -0.00705924
internal_weight=349241 334314 89221 20493 17252 245093 233207 207900 30069 4794 25275 10335 177831 54851 9267 122980 57677 7924 6754 4647 49753 47936 39522 426 39096 18537 7957 1910 6047 709
internal_count=349241 334314 89221 20493 17252 245093 233207 207900 30069 4794 25275 10335 177831 54851 9267 122980 57677 7924 6754 4647 49753 47936 39522 426 39096 18537 7957 1910 6047 709
is_linear=0
shrinkage=0.05


Tree=64
num_leaves=31
num_cat=0
split_feature=5 6 5 14 13 11 10 13 5 11 13 12 12 10 12 1 11 14 10 10 16 14 15 6 11 10 13 1 13 14
split_gain=8.45582 6.48238 5.12214 4.58958 5.72894 7.60452 14.6973 15.4288 7.07143 6.7021 6.29171 7.11495 7.10716 5.81087 5.58693 4.31176 4.24567 4.16019 4.49596 12.4197 11.83 5.40627 7.58452 4.18087 4.07831 11.112 3.90618 3.89655 3.89084 3.73141
threshold=0.021809967582478874 -0.57841197743120176 0.0096087250940260962 -0.068136872709181048 19.115000724792484 0.0069842899086436381 0.0038619915499665818 21.409999847412113 0.029492613711850402 0.0057609593190406381 17.125000000000004 0.0027925929369287954 0.062788552899160646 0.006684196327708559 -0.0026166502717502866 -0.078598586956821689 0.039736199013419633 -0.12096344977185801 0.019292763304062491 0.015605159278572868 -0.019349477553513291 -0.065772214787702996 0.037331228257165068 2.2629929555606032 0.0033857060530237963 -0.0055671377170214966 21.82499980926514 0.0087936005731826822 12.00999975204468 -0.069419882954705067
decision_type=2 2 2 2 2 2 2 2 2 2 2 2 2 2 2 2 2 2 2 2 2 2 2 2 2 2 2 2 2 2
left_child=1 28 -3 15 10 6 9 -8 26 -6 -5 14 -13 -10 24 -2 17 -4 19 23 27 22 -22 29 -12 -26 -9 -21 -1 -19
right_child=3 2 16 4 5 -7 7 8 13 -11 11 12 -14 -15 -16 -17 -18 18 -20 20 21 -23 -24 -25 25 -27 -28 -29 -30 -31
leaf_value=-0.00016573382418272917 -0.00039064144828332117 5.6843898081074613e-05 0.00012827713825780391 -9.5094226749819341e-05 3.5985456470411425e-05 0.00021868029583639308 0.00014688599302708518 -0.0035195470977048152 -0.0026133221495375689 -0.00068215126262717205 -0.00028099344648367029 1.5093200992670559e-05 -0.00047072235272904424 -0.0011051482998631387 -0.0015716061203099381 0.00013180169689577464 0.00012443850760366712 8.48353190796978e-05 0.0003659753846095 -0.00079806025173133517 -0.0002430757213061211 0.0002474543181947186 -0.0011304936297535843 -0.00012783315487003034 -0.0020808294423063931 -0.00052183590516459541 -0.0004706733953616268 5.5690922316504024e-05 5.0250572363955922e-05 -4.2049870997652101e-07
leaf_weight=724 768 23985 6492 14417 8706 5055 529 53 132 173 1234 3171 2050 138 403 7424 5532 10992 1089 289 1466 462 45 12694 61 648 461 48 89325 150804
leaf_count=724 768 23985 6492 14417 8706 5055 529 53 132 173 1234 3171 2050 138 403 7424 5532 10992 1089 289 1466 462 45 12694 61 648 461 48 89325 150804
internal_value=0.000188625 0.000283717 0.000133896 -0.00044768 -0.000683436 6.13237e-05 -0.000725078 -0.0056626 -0.0101148 5.06832e-06 -0.00119996 -0.00236752 -0.00133978 -0.0166667 -0.00465473 0.000623779 4.69427e-05 5.99321e-06 -3.93783e-05 -5.91061e-05 -0.0037013 -0.0022225 -0.00366975 -1.08887e-05 -0.00354349 -0.00656558 -0.00667315 -0.012359 0.000639596 5.76654e-05
internal_weight=349370 303947 213898 45423 37231 15247 10192 1313 784 8879 21984 7567 5221 270 2346 8192 189913 184381 177889 176800 2310 1973 1511 174490 1943 709 514 337 90049 161796
internal_count=349370 303947 213898 45423 37231 15247 10192 1313 784 8879 21984 7567 5221 270 2346 8192 189913 184381 177889 176800 2310 1973 1511 174490 1943 709 514 337 90049 161796
is_linear=0
shrinkage=0.05


Tree=65
num_leaves=31
num_cat=0
split_feature=13 12 14 14 14 13 10 11 12 14 12 16 9 11 11 12 3 9 8 9 16 9 10 14 7 16 10 10 12 9
split_gain=8.24306 10.8344 8.64443 9.11353 27.2846 8.64275 8.50911 8.88577 8.08162 13.4427 7.76514 9.58481 13.3347 14.1096 7.7118 7.78728 15.2945 7.60753 7.51744 7.4314 7.79812 6.81397 7.92609 6.68845 7.19537 6.64381 6.595 18.7932 18.3179 15.9328
threshold=14.63499975204468 0.060339682487529529 0.014406301774378962 -0.0014673976412659104 -0.0023991033821552095 12.00999975204468 0.0058855718957657741 0.01618775383610949 0.048302189377787193 0.077019604552505241 0.029654960476763418 0.024988108448691263 0.32726100007278264 0.012447212921004149 0.010391715368283873 0.028448808963007281 -0.0062912101666639511 0.33911830738656185 0.063581918436906873 0.17784221827941196 -0.0051605678740214702 0.23859460494697707 0.0079068184593043007 0.023268635347166725 -0.017117495931539214 0.012438907462708816 0.0018978301535613753 0.0018426398432722648 0.031500774247518855 0.10713744997319331
decision_type=2 2 2 2 2 2 2 2 2 2 2 2 8 2 2 2 2 10 10 8 2 10 2 2 2 2 2 2 2 8
left_child=1 2 3 4 5 -1 -5 -8 10 19 14 -12 -13 -14 15 -4 18 -2 -17 20 -10 -9 -23 24 -16 -11 27 -7 29 -29
right_child=17 -3 8 6 -6 26 7 21 9 25 11 12 13 -15 23 16 -18 -19 -20 -21 -22 22 -24 -25 -26 -27 -28 28 -30 -31
leaf_value=-0.00020177421063350884 6.8208659447661654e-06 0.00023215013855181215 -9.0455203532004049e-05 0.00021245984474080513 -0.00025726194922081014 3.3427483233382742e-05 0.00022202639296503633 -0.00012321696018765331 -0.00037148323346860787 -1.9609379403202345e-05 0.00012788376881043718 4.9150200879778153e-05 0.00020002828835231071 -0.0006721716105295959 -0.00066799132373907477 -0.00039903332887050854 -0.00011642354841221369 -0.00024087014754942826 -0.00088877906104925714 0.00012833132427072223 -0.00012005040528410214 -0.0025993437208619075 -0.00043891500160429662 0.00015209059474254212 -3.2016602567059488e-05 -0.00087191837381689471 0.00010443371244264976 6.1400284396004022e-05 0.00034838927577822692 -0.00067231008767592866
leaf_weight=1279 247019 6321 5455 12197 1664 16463 1702 1963 235 110 8929 838 140 262 117 125 953 8281 159 1166 1147 57 88 2962 304 317 27354 243 414 603
leaf_count=1279 247019 6321 5455 12197 1664 16463 1702 1963 235 110 8929 838 140 262 117 125 953 8281 159 1166 1147 57 88 2962 304 317 27354 243 414 603
internal_value=0.000171226 0.000572691 0.000427871 0.000727584 0.000383174 0.000608983 0.00176079 -0.000301837 -0.000398596 -0.00283193 -4.09996e-05 0.00093372 -0.00318548 -0.0106716 -0.00102481 -0.00200837 -0.00559014 2.40895e-05 -0.0157746 -0.00145604 -0.00393632 -0.00247154 -0.012931 0.000920781 -0.00497625 -0.0110422 0.000723984 -2.73654e-05 -0.0059127 -0.01013
internal_weight=348867 93567 87246 64027 48020 46356 16007 3810 23219 2975 20244 10169 1240 402 10075 6692 1237 255300 284 2548 1382 2108 145 3383 421 427 45077 17723 1260 846
internal_count=348867 93567 87246 64027 48020 46356 16007 3810 23219 2975 20244 10169 1240 402 10075 6692 1237 255300 284 2548 1382 2108 145 3383 421 427 45077 17723 1260 846
is_linear=0
shrinkage=0.05


Tree=66
num_leaves=31
num_cat=0
split_feature=5 14 10 10 11 10 9 5 6 14 13 14 11 11 11 13 1 11 10 13 10 11 12 10 13 10 13 12 11 13
split_gain=8.01519 6.05848 7.05198 25.5361 12.7121 6.00578 9.8388 5.60286 5.29239 5.24631 13.5231 8.25004 9.71274 8.74479 10.6328 10.7577 11.3579 8.4626 8.17575 7.72362 15.1234 21.6635 9.13723 7.80212 9.66228 9.45168 14.8069 18.1192 11.3436 11.1938
threshold=0.011671711558346934 -0.11544121967691799 0.017102322993862277 0.015605159278572868 0.019286705415067943 0.025167554774320647 -0.24384212396371077 0.02641895230154186 2.2629929555606032 -0.069419882954705067 19.105000495910648 -0.056198841691910133 -0.0070947628288289813 -0.014346854625401638 -0.011586998354799647 23.694999694824222 -0.038637110249532917 -0.031453464626615406 0.0099380285822571208 19.115000724792484 -0.013932241848525038 0.008381662460648533 -0.050232690438178178 -0.0075899452364679423 18.510000228881839 -0.002826478806265686 17.164999961853031 0.012058033695657168 0.011626690848287493 16.73499965667725
decision_type=2 2 2 2 2 2 10 2 2 2 2 2 2 2 2 2 2 2 2 2 2 2 2 2 2 2 2 2 2 2
left_child=-1 5 3 7 -5 -2 -7 8 9 10 -3 12 17 -13 15 -15 -17 -11 -12 20 21 -16 -22 24 -24 29 -27 28 -28 -25
right_child=1 2 -4 4 -6 6 -8 -9 -10 11 18 13 -14 14 19 16 -18 -19 -20 -21 22 -23 23 25 -26 26 27 -29 -30 -31
leaf_value=3.8616793473677223e-05 0.00015972807622244287 0.00019026876215292291 0.00025506674138935586 -0.00089628048336947471 -2.8891098961256543e-05 -0.001427192496993502 -9.1713497669358775e-05 -0.00012909438410229807 -0.00015090191207365773 0.00038217959369394 -0.00031280555338791409 8.7448476809738889e-05 -6.2737097903185361e-05 -0.00012460656112012585 -0.00018009866788037119 -0.00071483648139306685 -0.00018470322937863331 -0.00059507603879942585 7.7954432543199167e-05 9.7181670516664331e-05 -0.00039918112850893572 -0.0010857359578808768 0.0001998864990171702 -0.00018121701525471485 -0.00031380818195800905 4.0997351297639748e-05 -0.00044540638291443163 -3.9058473923113147e-05 9.5110028666149697e-05 4.4560579809462121e-05
leaf_weight=96314 9743 11356 3744 1038 588 101 1526 20764 10701 308 1709 30378 7993 3451 951 256 379 1328 1457 22457 446 273 5958 13797 290 75963 2575 14770 764 7547
leaf_count=96314 9743 11356 3744 1038 588 101 1526 20764 10701 308 1709 30378 7993 3451 951 256 379 1328 1457 22457 446 273 5958 13797 290 75963 2575 14770 764 7547
internal_value=0.000163431 1.54587e-05 -3.77007e-05 -7.16428e-05 -0.00631611 0.00114336 -0.00166872 -2.8596e-05 4.71163e-05 0.000103862 0.00101983 3.38103e-05 -0.00139215 0.000109983 -4.68049e-05 -0.00256241 -0.00854331 -0.0049022 -0.00186987 2.36985e-05 -0.000131594 -0.00566176 -7.61607e-05 -4.99735e-05 0.00167093 -0.000143134 7.23915e-05 -0.00121238 -0.00453878 -0.00109305
internal_weight=348925 252611 241241 237497 1626 11370 1627 235871 215107 204406 14522 189884 9629 180255 149877 4086 635 1636 3166 145791 123334 1224 122110 121664 6248 115416 94072 18109 3339 21344
internal_count=348925 252611 241241 237497 1626 11370 1627 235871 215107 204406 14522 189884 9629 180255 149877 4086 635 1636 3166 145791 123334 1224 122110 121664 6248 115416 94072 18109 3339 21344
is_linear=0
shrinkage=0.05


Tree=67
num_leaves=31
num_cat=0
split_feature=9 4 13 12 14 10 10 12 12 12 14 14 13 9 13 12 16 14 13 15 13 13 10 15 15 13 14 10 13 12
split_gain=7.29205 6.44547 5.9708 9.29627 7.5634 8.41057 9.03922 11.1674 8.10821 13.2278 10.8273 9.49943 8.68095 8.70427 14.8426 12.6062 9.11251 7.79974 6.96214 6.40607 6.26575 6.00568 5.69877 10.1459 5.61616 5.90869 5.58772 10.5554 9.21041 15.8603
threshold=0.31676784317276879 0.085575255456620564 14.63499975204468 0.060339682487529529 0.017796206966189224 0.0053939228347296151 -0.0068180084305178293 0.050860094870715973 0.04047963103536379 0.045605778399391624 0.0091478412114857095 -0.0066644727723151323 13.414999961853029 -0.22085760042011129 13.305000305175783 0.015919336049390002 -0.0067773734997167981 0.0012326341754252958 12.00999975204468 -0.01024965048258558 14.465000152587892 12.555000305175783 0.010510737947986739 -0.00323769594744111 -0.0017183643022141146 13.174999713897707 -0.083456210331023115 0.010263968374022882 20.060000419616703 -0.0062518932096157767
decision_type=10 2 2 2 2 2 2 2 2 2 2 2 2 10 2 2 2 2 2 2 2 2 2 2 2 2 2 2 2 2
left_child=1 2 3 4 8 6 20 21 12 10 11 -10 13 15 18 -1 -16 -13 -15 -12 -6 -8 -11 -24 25 -19 27 -4 -28 -30
right_child=-2 -3 26 -5 5 -7 7 -9 9 22 19 17 -14 14 16 -17 -18 24 -20 -21 -22 -23 23 -25 -26 -27 28 -29 29 -31
leaf_value=-0.00045895921893339479 -0.00013475303702924728 -0.00077151233443973244 0.00020906974966308683 0.00020981857733568603 0.00025283760030977596 0.00024447756232426647 -0.00022951135241484487 -0.00055793996073030328 -9.3548894068246514e-05 0.00010814289696961437 -0.00041166236769779574 -0.00039379271752033916 0.00015273026236654888 -0.00036996297636328009 0.00032916254438580914 -5.1681931433854499e-05 -0.00034825919950306518 -9.2321130577268059e-05 9.9659861242346837e-05 0.00019181056556375107 -0.00028249656604160375 -5.8250733249120214e-05 -0.0003110064251246763 -5.0600913361758964e-05 -0.00010435049276679321 -0.0012360039457533188 -1.3301833672777652e-05 -8.2891762002829101e-06 -3.6856614299608249e-06 0.00018680747131303579
leaf_weight=447 13903 1084 10418 6218 3235 2004 792 394 3602 10768 135 1201 23700 387 285 1891 936 112 14430 1924 414 13375 69 1964 1001 93 167629 13067 34925 18946
leaf_count=447 13903 1084 10418 6218 3235 2004 792 394 3602 10768 135 1201 23700 387 285 1891 936 112 14430 1924 414 13375 69 1964 1001 93 167629 13067 34925 18946
internal_value=0.000177316 0.000223822 0.000236301 0.000586113 0.000446675 -0.000394776 -0.000733113 -0.00129078 0.000716896 -8.88876e-05 -0.00167452 -0.00274671 0.00111655 0.000300936 0.000716424 -0.00254919 -0.00458231 -0.00517865 0.00115307 0.00145459 0.00149219 -0.00105986 0.000910476 -0.00151746 -0.00233831 -0.00987805 0.00010868 0.000842027 3.09257e-05 0.000599673
internal_weight=349349 335446 334362 89377 83159 20214 18210 14561 62945 20869 8068 6009 42076 18376 16038 2338 1221 2407 14817 2059 3649 14167 12801 2033 1206 205 244985 23485 221500 53871
internal_count=349349 335446 334362 89377 83159 20214 18210 14561 62945 20869 8068 6009 42076 18376 16038 2338 1221 2407 14817 2059 3649 14167 12801 2033 1206 205 244985 23485 221500 53871
is_linear=0
shrinkage=0.05


Tree=68
num_leaves=31
num_cat=0
split_feature=6 12 5 4 16 8 10 16 14 11 11 12 14 11 5 14 11 11 10 12 10 11 12 12 11 11 11 12 12 12
split_gain=7.24382 5.69495 5.61002 4.91031 3.89825 3.88413 6.92223 4.29811 3.75262 6.01519 5.58967 7.54618 4.65821 7.09238 4.21345 3.97727 3.92013 14.488 17.609 7.40565 5.71557 7.71625 8.35857 20.7968 7.2143 9.73085 6.68009 9.35861 12.1065 7.20756
threshold=-0.056983580250725543 -0.075828258528587975 0.026850074912479368 0.021502921488507073 -0.052831729765246686 -0.24064357652648041 -0.0025714907564299279 -0.080616081605567033 -0.029810288463271824 -0.022762768939498131 -0.0086755186195080474 0.024994032932905811 -0.027977831131809735 0.031454156137576302 0.032778658881043185 0.15844695899744313 -0.00737805067741537 -0.0070947628288289813 0.0063034677603397435 -0.052281358654850445 -0.0075899452364679423 0.0072247197872850064 0.043059642208465816 0.04253795446102749 0.008381662460648533 0.0090657625478496335 0.00066761306825102739 0.028887239583783812 0.027409196484277535 0.024994032932905811
decision_type=2 2 2 2 2 10 2 2 2 2 2 2 2 2 2 2 2 2 2 2 2 2 2 2 2 2 2 2 2 2
left_child=1 -1 4 -3 5 6 7 -2 10 -10 11 14 13 -11 -5 16 19 18 -18 -14 24 22 23 26 -19 -26 -22 28 29 -28
right_child=2 3 -4 8 -6 -7 -8 -9 9 12 -12 -13 15 -15 -16 -17 17 20 -20 -21 21 -23 -24 -25 25 -27 27 -29 -30 -31
leaf_value=0.00036620985858993563 -0.0032407618256340138 4.2611537971086253e-05 -0.00025570746625325382 -7.7325475930668887e-06 1.4100441434031868e-06 -9.230545360647697e-05 7.6943287476565581e-05 -0.00059568965087640903 0.0001585464688684055 -0.00041426043874936036 8.2290951370484345e-05 -0.00045032948620697026 -0.00033940923688477215 0.00027897836483533283 -0.00079705725417301737 -0.0002127338335495411 -7.5543756106850123e-05 0.00024204698235577826 -0.0026290942999794139 0.0001197817710679409 -3.7282366034432195e-05 1.2395689058482852e-05 0.00015374683237453216 -0.00093255389074044345 -0.0010044732018643307 -2.0873829786904419e-05 -0.00032096144192099782 1.1110366460179883e-05 -0.00078359031624800762 0.00045970685548446153
leaf_weight=2780 71 86825 8350 5625 135427 2881 194 148 5996 1200 30561 401 1086 428 258 1406 325 3966 220 11293 7728 30687 2822 121 102 864 4852 2354 204 373
leaf_count=2780 71 86825 8350 5625 135427 2881 194 148 5996 1200 30561 401 1086 428 258 1406 325 3966 220 11293 7728 30687 2822 121 102 864 4852 2354 204 373
internal_value=0.000166472 0.000360461 -0.000100597 0.000329174 -2.48338e-05 -0.00172435 -0.00625908 -0.0123516 0.00011172 -8.89814e-05 0.000525852 -0.000832272 -0.000219117 -0.00286241 -0.000379908 -0.000156206 -0.000100974 -0.000283057 -0.0083945 0.000702399 -0.000201302 -0.000364156 -0.0011721 -0.00162423 0.00142133 -0.00245342 -0.00146315 -0.00249711 -0.00363879 -0.00317225
internal_weight=349548 202477 147071 199697 138721 3294 413 219 112872 76027 36845 6284 70031 1628 5883 68403 66997 54618 545 12379 54073 49141 18454 15632 4932 966 15511 7783 5429 5225
internal_count=349548 202477 147071 199697 138721 3294 413 219 112872 76027 36845 6284 70031 1628 5883 68403 66997 54618 545 12379 54073 49141 18454 15632 4932 966 15511 7783 5429 5225
is_linear=0
shrinkage=0.05


Tree=69
num_leaves=31
num_cat=0
split_feature=15 9 6 12 16 16 0 11 11 3 2 11 11 15 12 11 7 7 10 14 14 11 15 11 12 11 11 15 3 8
split_gain=6.91399 6.55013 5.33262 5.24545 4.8083 6.06519 3.96739 3.94157 6.4502 3.899 4.48842 3.88602 4.46421 4.44255 3.73644 4.93163 3.68667 3.70823 5.16159 9.26403 8.68664 7.78119 8.61154 7.17606 6.98858 7.87094 31.0628 15.8247 6.29943 7.67282
threshold=-0.040614005752933995 0.29894484925252346 -0.5578341484081123 -0.075828258528587975 -0.033556119001591826 -0.080616081605567033 -0.0048999218131760549 0.0035059532242039952 0.0033857060530237963 -0.030523986194713523 -0.027150402422230154 0.039736199013419633 0.047360860375368914 -0.020989620954321716 0.11156893092539701 0.011893359495945945 0.19798958870851582 0.042995799863766566 -0.0065884615881859334 0.034817373929807223 0.039048416537089688 0.012550489370347863 -0.0051938176656993176 -0.020508631147506503 0.026461496943730015 0.008381662460648533 0.0091429221400685119 -0.011107100289789394 -0.0050525958282289221 0.05814373257725259
decision_type=2 10 2 2 2 2 2 2 2 2 2 2 2 2 2 2 2 2 2 2 2 2 2 2 2 2 2 2 2 10
left_child=4 2 3 -2 5 -1 14 8 -8 10 -7 16 -13 -14 -5 -16 17 18 24 -20 21 22 -21 -22 25 -4 27 -27 29 -25
right_child=1 -3 11 6 -6 9 7 -9 -10 -11 -12 12 13 -15 15 -17 -18 -19 19 20 23 -23 -24 28 -26 26 -28 -29 -30 -31
leaf_value=5.6742806718280712e-05 0.00046957649945915457 -0.00010927942954283206 3.9892242444794496e-05 7.4028287857547455e-06 0.00038550754001456127 -0.00086327520093803503 2.6724501810263095e-05 7.5688427404213473e-05 -0.00034831811148704862 -0.00060467575009933577 -0.0021461007820857531 0.00027139422406275478 -0.0011283713968080831 1.6431513868748648e-05 -0.00066050785602964957 0.00015796826479451458 -0.00074797007269337881 5.4674373534723889e-05 2.6349822167213134e-06 -0.0005670754138844508 0.0003740232929108538 5.2785386425600601e-05 -0.00025708291058755236 -0.00013920104307736374 0.00020451447678338088 -0.0014007578967640006 7.9970267782654281e-05 -0.00059276881877796245 -3.1313782322953235e-05 -0.00046633174513791817
leaf_weight=316 1622 15913 26143 30827 272 217 27522 44573 384 531 42 3549 43 3724 189 176 450 36157 127075 733 1221 760 1272 4095 6701 249 1476 331 12445 627
leaf_count=316 1622 15913 26143 30827 272 217 27522 44573 384 531 42 3549 43 3724 189 176 450 36157 127075 733 1221 760 1272 4095 6701 249 1476 331 12445 627
internal_value=0.000189269 0.000203255 0.000250704 0.000544813 -0.00334543 -0.00481013 0.000500671 0.000703583 0.000237583 -0.0071519 -0.0121815 0.000114314 0.00124795 4.91109e-05 2.91743e-05 -0.005 7.65697e-05 8.58474e-05 -5.51508e-06 -0.00013432 -0.00110315 -0.00371609 -0.00534913 -0.000710246 0.000541547 0.000196638 -0.0027821 -0.0125862 -0.00097367 -0.00252859
internal_weight=349635 348257 332344 105293 1378 1106 103671 72479 27906 790 259 227051 7316 3767 31192 365 219735 219285 183128 148228 21153 2765 2005 18388 34900 28199 2056 580 17167 4722
internal_count=349635 348257 332344 105293 1378 1106 103671 72479 27906 790 259 227051 7316 3767 31192 365 219735 219285 183128 148228 21153 2765 2005 18388 34900 28199 2056 580 17167 4722
is_linear=0
shrinkage=0.05


Tree=70
num_leaves=31
num_cat=0
split_feature=5 6 14 14 11 10 14 11 13 9 16 13 13 7 14 14 11 10 14 13 10 11 11 13 16 11 10 11 13 11
split_gain=6.21571 6.17144 5.78462 9.98373 11.5819 11.1297 13.5416 10.9578 9.15621 14.7022 12.2162 10.7564 7.78011 7.36923 6.86567 9.15942 8.36497 9.68664 15.5614 9.35749 7.45122 7.80119 10.925 8.31845 9.96809 7.96186 7.66959 9.7093 16.9096 9.21652
threshold=0.0088915667407418447 1.5876935114961432 -0.069419882954705067 -0.056198841691910133 -0.0070947628288289813 0.0091813381816910917 -0.056925165822572281 -0.031453464626615406 18.94999980926514 inf -0.024283503692845817 19.72500038146973 20.060000419616703 -0.0096786717879847033 -0.037374592254897913 -0.03892751900237456 -0.022762768939498131 -0.029463592833469218 0.45247854199056486 17.195000648498539 -0.017312000709356064 -0.020508631147506503 -0.019593233115480609 16.510000228881839 -0.021857924020987126 -0.017638953461458159 -0.0075899452364679423 -0.016546519308648141 18.974999427795414 0.0035059532242039952
decision_type=2 2 2 2 2 2 2 2 2 8 2 2 2 2 2 2 2 2 2 2 2 2 2 2 2 2 2 2 2 2
left_child=-1 2 8 4 7 6 12 -4 -2 11 -11 -10 -6 -9 15 -5 17 18 -16 -19 -18 -22 23 24 -23 -24 27 28 -27 -28
right_child=1 -3 3 14 5 -7 -8 13 9 10 -12 -13 -14 -15 16 -17 20 19 -20 -21 21 22 25 -25 -26 26 29 -29 -30 -31
leaf_value=7.1742902855600685e-05 0.0001387581975498756 -7.5360105560828562e-05 0.00041794975375271382 5.1879565070252352e-05 -0.00013521437387150614 0.00012508326565099904 -0.00043021641931895735 -0.00084177073987015737 -0.00017376974844757426 -0.00081403956587366901 -0.00012439319502758193 0.00010695882396094716 0.00028174224648145544 -0.00027479324894046542 -0.00095047149062949497 0.00037552315408304027 -0.00021412038521051674 -0.0003977178713638228 5.0830400269677774e-05 0.000160498953711947 0.00024109707998322272 -0.0014219460843924391 0.00021688117118661549 -0.00018724826777691576 -0.00055736827090471384 -0.00062701348206183592 -5.3948167363786999e-05 9.9171201622306812e-05 7.6633141377705004e-05 1.2896686544208955e-05
leaf_weight=17966 21670 30054 390 26583 5352 4050 1437 893 2580 296 846 8910 1606 902 319 4158 3306 360 574 18276 3950 91 3723 1917 282 330 61037 19917 705 106801
leaf_count=17966 21670 30054 390 26583 5352 4050 1437 893 2580 296 846 8910 1606 902 319 4158 3306 360 574 18276 3950 91 3723 1917 282 330 61037 19917 705 106801
internal_value=0.000167358 0.000118241 0.0001864 0.000107863 -0.001162 -0.000572519 -0.00161108 -0.00451945 0.000797621 -0.000272324 -0.00568301 0.000265448 -0.000698476 -0.00616992 0.000181489 0.000881722 8.43459e-05 0.00107251 -0.00401456 0.00131627 -1.11599e-05 2.79998e-05 -1.66063e-05 -0.00344978 -0.0102815 2.42323e-05 -2.09225e-05 0.000881062 -0.00384058 -0.000133521
internal_weight=349281 331315 301261 266959 14630 12445 8395 2185 34302 12632 1142 11490 6958 1795 252329 30741 221588 19529 893 18636 202059 198753 194803 2290 373 192513 188790 20952 1035 167838
internal_count=349281 331315 301261 266959 14630 12445 8395 2185 34302 12632 1142 11490 6958 1795 252329 30741 221588 19529 893 18636 202059 198753 194803 2290 373 192513 188790 20952 1035 167838
is_linear=0
shrinkage=0.05


Tree=71
num_leaves=31
num_cat=0
split_feature=13 12 14 12 12 14 14 15 9 5 13 13 13 14 15 13 9 13 12 12 12 8 14 6 12 15 3 12 12 12
split_gain=6.29371 9.07473 6.92641 7.69656 13.6756 8.58617 10.7683 7.59915 7.30208 6.96484 7.23994 6.82642 25.0496 13.1491 6.58062 6.47461 6.44906 8.01558 9.25325 13.3945 6.16451 5.98514 5.50692 4.9687 4.86044 4.82628 4.65609 4.63077 4.47255 4.69969
threshold=14.63499975204468 0.060736878271406176 0.014406301774378962 0.04047963103536379 0.045605778399391624 0.0091478412114857095 -0.0066644727723151323 -0.0017183643022141146 0.21537379181029795 0.010268889299814682 12.434999942779543 13.114999771118166 13.085000038146974 -0.04578454363779693 -0.015247980628083411 12.00999975204468 0.19658143100335371 14.870000362396242 0.02001241425028322 0.02668848564069826 0.044298459812645137 0.018381144355941629 -0.0020187599820463693 -0.5578341484081123 -0.075828258528587975 0.0058995162381336739 0.0035480823693276879 0.047870780278131859 0.0065049739274190008 0.049504532457416379
decision_type=2 2 2 2 2 2 2 2 10 2 2 2 2 2 2 2 10 2 2 2 2 10 2 2 2 2 2 2 2 2
left_child=1 2 3 11 5 6 21 8 -8 10 -4 12 13 -1 -7 -15 23 18 -18 -20 -10 25 -9 24 -2 -5 -24 -6 -11 -30
right_child=16 -3 9 4 27 14 7 22 20 28 -12 -13 -14 15 -16 -17 17 -19 19 -21 -22 -23 26 -25 -26 -27 -28 -29 29 -31
leaf_value=-0.00022964470334581661 0.00043091387481405019 0.00019935194033716413 -0.00023192280766719909 -2.8022258421955486e-05 0.00039101029473757149 -0.00098072260467116368 -0.00039022167540666902 -0.00032022423836188061 -0.0017658555163924746 -0.0003102187126741022 7.4213909458840555e-05 0.00012484520533557149 -0.00051227380004051023 -0.00030077129340414302 0.00021487074511330594 0.00010101182599405909 -8.7283256080645307e-05 -5.7589182974746263e-05 -0.003719566614709768 -0.00026528581044582111 -0.00025672168884910038 6.8447925980457558e-05 3.3066427483751182e-05 -2.904942805692419e-06 3.2236719658041487e-05 -0.00030896907857444917 -0.00070160028447983078 3.5697561848251958e-05 -3.4967290869386769e-05 -0.00025535556638490731
leaf_weight=1691 1556 5890 107 758 1696 61 505 674 79 1038 6182 29625 429 430 1599 10593 798 24911 148 483 48 2258 872 156689 70802 781 345 12228 14606 1298
leaf_count=1691 1556 5890 107 758 1696 61 505 674 79 1038 6182 29625 429 430 1599 10593 798 24911 148 483 48 2258 872 156689 70802 781 345 12228 14606 1298
internal_value=0.000169111 0.000519389 0.00039208 0.00065809 -0.00010409 -0.00175439 -0.00259494 -0.00512683 -0.00987342 -0.000348457 0.00107251 0.00104845 0.000100053 0.000501023 0.00144578 0.00113082 4.04682e-05 -0.000700455 -0.0043422 -0.00886688 -0.0205906 -0.000912562 -0.00354045 0.000125673 0.000468366 -0.00331709 -0.00153246 0.000841712 -0.000875929 -0.000668385
internal_weight=349180 93793 87903 64672 21904 7980 6320 2523 632 23231 6289 42768 13143 12714 1660 11023 255387 26340 1429 631 127 3797 1891 229047 72358 1539 1217 13924 16942 15904
internal_count=349180 93793 87903 64672 21904 7980 6320 2523 632 23231 6289 42768 13143 12714 1660 11023 255387 26340 1429 631 127 3797 1891 229047 72358 1539 1217 13924 16942 15904
is_linear=0
shrinkage=0.05


Tree=72
num_leaves=31
num_cat=0
split_feature=6 0 10 11 11 13 10 10 11 13 13 13 10 9 11 12 12 15 10 14 11 14 16 16 11 13 9 12 15 9
split_gain=6.47868 5.82042 6.88178 6.30037 9.28194 20.9956 9.91842 11.5639 7.92936 7.27468 12.5238 9.28904 9.54976 13.282 8.82463 6.85082 17.4866 8.07582 7.71753 12.8039 9.47099 9.41012 7.52566 7.22099 6.88676 8.57846 13.3861 8.70828 6.8344 6.79889
threshold=2.0152881020375522 -0.012082972289588932 0.025167554774320647 0.0035059532242039952 0.0023967132721236521 14.684999942779543 -0.0041401831937402647 -0.0032013225684498488 0.0029094650612268018 19.814999580383304 15.944999694824221 16.095000267028812 0.0095537147442000831 0.9285659345969004 0.010672166565218634 0.015682487762849754 0.015919336049390002 0.0054196937072907856 0.0017576086312266483 -0.10816573528732347 -0.025492153007652226 -0.098691693357393515 -0.0070654742612897272 -0.017595768663721974 0.00023769852102906167 14.340000152587892 -0.38142855358677646 0.038788210906795524 1.0000000180025095e-35 0.2260470123204156
decision_type=2 2 2 2 2 2 2 2 2 2 2 2 2 8 2 2 2 2 2 2 2 2 2 2 2 2 10 2 2 10
left_child=1 2 -1 4 15 8 -7 -8 -6 10 14 12 13 -12 -5 18 17 23 -3 -20 22 -22 29 -17 -18 26 -26 -28 -15 -21
right_child=-2 3 -4 9 5 6 7 -9 -10 -11 11 -13 -14 28 -16 16 24 -19 19 20 21 -23 -24 -25 25 -27 27 -29 -30 -31
leaf_value=-1.9085369615824517e-05 -9.8456076895924761e-05 8.8341909109304953e-05 -0.00088822563202934192 0.00015634177091943023 -7.1399108944177273e-05 8.2719700275516291e-05 -0.00067477481222014796 -0.00025307287926758704 0.00030490990816904622 0.00016476643412312463 -0.00011621600140432067 2.5914690450683627e-06 0.00011105949723669276 -0.0010834192476496206 3.7822530119110987e-05 -0.00067862708152998351 -4.4843452024123126e-05 -0.0014126444864598145 0.00018255085877466685 -0.00029178685413272282 -0.00035215799134880282 -6.5885346447287494e-06 0.0001808557436353471 -0.00032772849097567435 -0.00043790413530465336 0.00028021896756817277 -0.00011080350997624799 0.00027708053078849489 -0.00031539830544851863 -0.001993370554403144
leaf_weight=59583 22055 41543 93 23933 1804 1221 277 4698 2091 13861 1697 54578 1159 200 55671 40 30892 52 5813 1980 1152 15268 402 499 682 4793 1060 1770 505 66
leaf_count=59583 22055 41543 93 23933 1804 1221 277 4698 2091 13861 1697 54578 1159 200 55671 40 30892 52 5813 1980 1152 15268 402 499 682 4793 1060 1770 505 66
internal_value=0.000164092 0.000219972 -0.000226557 0.00031951 4.23333e-05 -0.0014067 -0.00321498 -0.00420603 0.00146983 0.00053178 0.000421909 -0.000135967 -0.00261022 -0.00440883 0.000829355 0.000180263 -0.000338293 -0.00887479 0.000491816 -0.00020846 -0.000840576 -0.000408039 -0.00374183 -0.00705937 -0.000209582 0.00106863 -0.000808656 0.000706714 -0.0101773 -0.00497067
internal_weight=349438 327383 59676 267707 116103 10091 6196 4975 3895 151604 137743 58139 3561 2402 79604 106012 39788 591 66224 24681 18868 16420 2448 539 39197 8305 3512 2830 705 2046
internal_count=349438 327383 59676 267707 116103 10091 6196 4975 3895 151604 137743 58139 3561 2402 79604 106012 39788 591 66224 24681 18868 16420 2448 539 39197 8305 3512 2830 705 2046
is_linear=0
shrinkage=0.05


Tree=73
num_leaves=31
num_cat=0
split_feature=5 4 11 16 3 11 13 13 13 9 13 11 11 9 13 11 13 13 9 16 8 8 16 11 13 11 9 13 9 11
split_gain=6.54863 5.0272 4.92748 4.39457 7.88376 5.25125 4.07283 5.6989 19.9255 20.1433 9.96433 8.12644 14.3991 8.05588 7.83448 11.9567 8.42311 8.06859 24.4926 7.65406 6.95189 6.73859 6.39942 5.52139 13.4685 11.1707 10.4662 9.50945 12.4135 10.2971
threshold=0.02641895230154186 0.013630911286721179 0.039736199013419633 -0.028262477797171445 0.00053593693436437839 0.046573185426083692 14.63499975204468 16.469999313354496 16.425000190734867 -0.38142855358677646 16.644999504089359 0.028348457070928038 0.026646600134674018 0.11014642190091851 16.73499965667725 0.0048631754826448112 16.875000000000004 16.894999504089359 0.47146044104062929 0.01766158728167733 0.10904012247196006 0.070532167517431757 0.0092959156411679417 -0.011429268480369846 15.984999656677248 -0.0078810131978928593 0.52394507286238978 15.784999847412111 0.9285659345969004 0.02167406842699671
decision_type=2 2 2 2 2 2 2 2 2 10 2 2 2 8 2 2 2 2 8 2 10 10 2 2 2 2 8 2 8 2
left_child=1 -1 6 4 -4 -5 -3 8 11 -10 -9 12 23 -14 15 21 -16 18 -18 22 -17 -12 -11 24 26 -25 -8 28 -27 -29
right_child=-2 2 3 5 -6 -7 7 10 9 19 14 -13 13 -15 16 20 17 -19 -20 -21 -22 -23 -24 25 -26 27 -28 29 -30 -31
leaf_value=8.5650044050616204e-05 -9.5120829361998007e-05 3.5674850204814528e-05 0.00033215590008197704 0.00028905242722497381 -0.002593822138961963 2.7736693036330706e-05 -0.00014083837243067249 0.00027024679849937358 -6.7451355716301497e-06 -0.00061749837028748737 -0.00047341803858950038 0.00025829537698105479 7.3459089520984114e-06 -0.00094883731876803346 0.0002013371991299304 -2.9856125652119816e-05 8.8172419692587726e-05 1.2966755025438186e-05 -0.0008842898304516557 0.00016132256488472205 -0.00077674153050193617 -0.0011439603472849535 -0.0013420325120628129 0.00022159476847782701 6.6916367007307677e-05 -1.4052218564830456e-05 -0.00052323804871354056 -7.8201621970660893e-05 0.00025477309993578092 -0.00032739338766470946
leaf_weight=12459 23404 84156 61 4166 49 5552 1160 6371 775 516 325 2774 281 549 6341 2184 771 138500 389 95 175 89 187 4290 1953 26995 785 18612 4357 1207
leaf_count=12459 23404 84156 61 4166 49 5552 1160 6371 775 516 325 2774 281 549 6341 2184 771 138500 389 95 175 89 187 4290 1953 26995 785 18612 4357 1207
internal_value=0.000180644 0.000238621 0.000199496 0.00130138 -0.00863636 0.00141387 0.000163854 5.05508e-05 -0.000344304 -0.00590273 0.000214799 -0.000205438 -0.000327385 -0.00686747 0.000131878 -0.0025009 0.000181882 0.00010096 -0.00405172 -0.0114787 -0.00112548 -0.0103382 -0.0132788 -0.000235937 -0.0020549 -0.000108094 -0.005 -0.000313556 0.000228375 -0.00117085
internal_weight=349528 326124 313665 9828 110 9718 303837 219681 64536 1573 155145 62963 60189 830 148774 2773 146001 139660 1160 798 2359 414 703 59359 3898 55461 1945 51171 31352 19819
internal_count=349528 326124 313665 9828 110 9718 303837 219681 64536 1573 155145 62963 60189 830 148774 2773 146001 139660 1160 798 2359 414 703 59359 3898 55461 1945 51171 31352 19819
is_linear=0
shrinkage=0.05


Tree=74
num_leaves=31
num_cat=0
split_feature=13 12 13 15 14 12 12 14 14 11 12 10 10 13 13 14 15 10 10 12 10 11 16 15 14 11 10 13 3 8
split_gain=5.4097 7.88298 6.62384 8.76174 7.06358 6.48956 8.66154 7.97893 10.189 13.9602 6.45091 6.87146 9.73887 7.59546 19.8504 11.1408 6.26525 6.19032 9.29305 9.70001 12.666 11.8025 9.06905 14.2178 8.28716 7.41412 6.55219 6.34457 8.65424 8.99005
threshold=14.63499975204468 0.060339682487529529 12.00999975204468 -0.003425648436645778 0.014406301774378962 0.04047963103536379 0.045605778399391624 0.0091478412114857095 -0.0066644727723151323 0.0059862979664929714 0.038788210906795524 -0.0012184021416400956 -0.00068260077248677431 13.114999771118166 13.085000038146974 -0.035401414565419224 -0.0017183643022141146 0.0038619915499665818 -0.0065884615881859334 0.036024186060428572 -0.0028855615804261321 0.0078505444899201766 0.015792921616657355 0.0014225500262340376 0.021982133330242685 -0.005167394522302581 0.0031270998422653355 13.894999980926515 -0.0055091304553007139 0.10269707262485663
decision_type=2 2 2 2 2 2 2 2 2 2 2 2 2 2 2 2 2 2 2 2 2 2 2 2 2 2 2 2 2 10
left_child=1 2 3 -1 5 10 7 8 9 -7 11 -4 -13 14 15 -14 -10 18 25 21 -21 27 -22 26 -23 -6 -24 28 29 -20
right_child=-2 -3 4 -5 17 6 -8 -9 16 -11 -12 12 13 -15 -16 -17 -18 -19 19 20 22 24 23 -25 -26 -27 -28 -29 -30 -31
leaf_value=-0.00063904310432097769 3.3648881594329203e-06 0.00017897318544320834 0.00017921962995724608 -9.611140628355529e-05 -6.1719038904261807e-05 -0.00028970726358610812 5.8865186274879466e-05 0.00017790090283102136 -0.00069162590376156642 0.00020011312995165081 0.00031170604967489021 -0.00023718958836082117 -0.00017640690155966724 0.00010413933127419659 -0.00049734730251480193 8.5857180458014107e-05 -0.00018573933146585295 0.00016771081525981826 -0.0002075956490279031 2.4845975579915507e-05 -0.00015325955593128944 -0.00022672776296751808 -0.00082290126000132767 -0.00024313544389599658 0.00017919518103796825 0.00034464374519987441 -0.00018823730710056534 -5.2197072785338685e-05 -0.00014248843693986512 -0.00098570999003447669
leaf_weight=136 255674 6295 8447 1134 2520 1239 13156 1663 648 2088 2573 846 2971 20273 420 6778 1892 2920 346 1677 1781 428 380 646 4196 2543 132 3812 1706 90
leaf_count=136 255674 6295 8447 1134 2520 1239 13156 1663 648 2088 2573 846 2971 20273 420 6778 1892 2920 346 1677 1781 428 380 646 4196 2543 132 3812 1706 90
internal_value=0.000154403 0.000479325 0.000356298 -0.00322835 0.000409129 0.000683716 -4.20572e-05 -0.00139442 -0.00226095 -0.000440336 0.00103857 0.000881465 0.000539824 0.00068688 -0.000428262 3.02597e-05 -0.00464567 -0.000337188 -0.00064743 -0.00126563 -0.00317808 -0.000431083 -0.00515652 -0.00860104 0.0014641 0.00120778 -0.0148242 -0.00190292 -0.0040803 -0.010367
internal_weight=349410 93736 87441 1270 86171 62994 20686 7530 5867 3327 42308 39735 31288 30442 10169 9749 2540 23177 20257 15194 4616 10578 2939 1158 4624 5063 512 5954 2142 436
internal_count=349410 93736 87441 1270 86171 62994 20686 7530 5867 3327 42308 39735 31288 30442 10169 9749 2540 23177 20257 15194 4616 10578 2939 1158 4624 5063 512 5954 2142 436
is_linear=0
shrinkage=0.05


Tree=75
num_leaves=31
num_cat=0
split_feature=5 6 12 0 10 11 10 7 11 10 13 14 12 13 13 10 0 11 12 14 9 0 1 10 0 9 11 4 12 10
split_gain=5.93492 4.83722 5.22011 4.19578 4.40918 4.10395 11.984 8.5488 7.37565 5.12923 4.54347 4.8184 6.4481 4.75021 8.68428 14.2308 7.97037 7.779 5.57556 5.48692 5.85225 5.02708 4.99852 4.37833 4.18188 3.73173 3.54807 3.39099 3.37985 4.51796
threshold=0.011671711558346934 1.0000000180025095e-35 -0.075828258528587975 -0.0082537969923663339 0.015605159278572868 -0.026323618530511902 0.00048355916176134889 -0.06098454236173028 -0.021594422824346479 -0.001437784202310832 25.505000114440922 -0.010554721432184831 -0.0014831897497937228 19.295000076293949 18.335000038146976 -0.013327781970057238 -0.0030220541224090787 -0.010342392625162121 -0.0062518932096157767 -0.0057009871463875031 0.19658143100335371 -0.028195666719998843 -0.027229185460650004 -0.0065884615881859334 -0.018333606369145546 -0.03135579200998561 -0.033420125215974254 0.012829245570922821 0.11156893092539701 0.0010681623083543814
decision_type=2 2 2 2 2 2 2 2 2 2 2 2 2 2 2 2 2 2 2 2 8 2 2 2 2 8 2 2 2 2
left_child=27 2 -2 4 28 6 9 26 -7 -3 11 -10 13 14 19 16 -16 18 21 20 24 25 -17 -14 -13 -15 -8 -1 -4 -30
right_child=1 5 3 -5 -6 8 7 -9 10 -11 -12 12 23 17 15 22 -18 -19 -20 -21 -22 -23 -24 -25 -26 -27 -28 -29 29 -31
leaf_value=0.00011798207212423643 0.00029688311158688774 -7.7538008817319083e-05 -1.8150107541853116e-05 2.907733819541391e-05 -0.00052200339928285162 0.00025394709212698077 -0.00065341273661902296 -0.00030248245959247391 1.2750496440549952e-05 0.00050256627953793129 0.00031701491167941361 -0.0022732862075918649 8.9397757096969981e-05 -0.00013391505901988609 -0.0016521508954170636 -0.0008510920686997216 -0.00029437417035551238 0.00018871806206225732 0.00055460885804508122 -9.4146411105320985e-05 -2.7505914247688665e-05 -0.0002674458871139532 -0.00020857693729271155 -7.0942260430219259e-05 -0.00064733966803444149 -0.00084884895195710963 -0.0012279396905172544 2.8431260044840671e-05 -0.00067382051477751445 0.00027886839630893683
leaf_weight=6859 2766 5934 37771 113590 207 4461 99 1283 39573 652 1708 69 6716 105 152 362 78 2357 295 3338 210 678 770 28732 170 226 249 89514 250 180
leaf_count=6859 2766 5934 37771 113590 207 4461 99 1283 39573 652 1708 69 6716 105 152 362 78 2357 295 3338 210 678 770 28732 170 226 249 89514 250 180
internal_value=0.000161212 3.40146e-05 0.000208188 0.000169016 -0.000282753 -0.000240437 -0.00131009 -0.00514715 -0.000142778 -0.000359854 -0.000246145 -0.000298159 -0.000656604 -0.0018672 -0.00284618 -0.00627019 -0.0176087 -0.000490303 -0.00358896 -0.00161473 -0.00680401 -0.00535679 -0.00396643 -0.000355732 -0.0121548 -0.0104079 -0.0120977 0.000495108 -0.000243318 -0.00465116
internal_weight=349354 252981 154764 151998 38408 98217 8217 1631 90000 6586 85539 83831 44258 8810 5149 1362 230 3661 1304 3787 449 1009 1132 35448 239 331 348 96373 38201 430
internal_count=349354 252981 154764 151998 38408 98217 8217 1631 90000 6586 85539 83831 44258 8810 5149 1362 230 3661 1304 3787 449 1009 1132 35448 239 331 348 96373 38201 430
is_linear=0
shrinkage=0.05


Tree=76
num_leaves=31
num_cat=0
split_feature=9 6 16 12 16 11 10 11 10 14 12 13 11 12 12 12 14 10 13 10 10 13 11 14 12 10 14 10 1 15
split_gain=5.24705 4.87473 4.62389 4.01861 3.96233 4.89075 3.5659 5.29475 7.81188 6.3046 5.19662 5.00216 10.0333 6.33658 28.8399 8.02349 7.15227 12.3292 6.66535 18.9896 16.7046 7.7366 9.03986 7.48432 7.01662 6.8475 6.48787 22.0225 9.48685 6.02865
threshold=0.19936609372982753 1.0000000180025095e-35 -0.024283503692845817 -0.071455509470426767 -0.026555274121830282 -0.0026633057658367871 -0.017312000709356064 -0.020508631147506503 0.0041080829558171059 -0.13532199000438486 -0.007281546892151213 17.445000648498539 -0.019307177891106305 0.029183090809846383 0.02859938253974537 0.037928209773965056 -0.00055695222357982066 -0.0013492483316671631 19.010000228881839 0.006220969349569617 0.00063379839939814453 17.695000648498539 0.0026615433569360252 -0.0062634959442488527 -0.00052816856958670655 0.00040263082252767207 -0.013346627210452431 0.0063034677603397435 0.0019575057271927769 -0.014011858953865584
decision_type=10 2 2 2 2 2 2 2 2 2 2 2 2 2 2 2 2 2 2 2 2 2 2 2 2 2 2 2 2 2
left_child=1 3 4 -1 -2 -6 10 8 -8 -10 -5 -9 -13 14 18 -15 17 -17 19 20 21 25 -23 26 29 -14 -20 -28 -29 -24
right_child=2 -3 -4 6 5 -7 7 11 9 -11 -12 12 13 15 -16 16 -18 -19 23 -21 -22 22 24 -25 -26 -27 27 28 -30 -31
leaf_value=0.00020950198836497004 -0.00017991500477193556 -3.2655582841810973e-06 -2.6571379782452608e-05 -0.00033291209239031359 -0.00077647445376225399 0.00013926398778771288 0.00016320158162369267 3.8551464782756489e-05 0.00019255281417278328 -0.00019759316529412512 0.00017708415256116589 -0.00028943793843815246 -0.00052086987044614808 0.00022921289000399445 -0.00040300343933345447 -0.00033750377546194911 0.00013309586924255433 2.9162086190332606e-06 6.5775244525869588e-07 0.00014982856299595418 -0.00040024800953743813 0.00013950478133912595 -0.00079845858257419694 0.00014321254817741422 -1.4302971430764273e-05 2.0422229504979781e-05 -5.7998317248114751e-05 -0.0024017793697648573 -0.0017090996464699149 -0.00032669633418771235
leaf_weight=4081 2536 122134 35563 1731 271 110 10567 112856 534 1311 1022 1154 866 3480 624 1058 6089 7450 13820 3714 1271 2456 88 9117 1593 451 1676 188 154 1371
leaf_count=4081 2536 122134 35563 1731 271 110 10567 112856 534 1311 1022 1154 866 3480 624 1058 6089 7450 13820 3714 1271 2456 88 9117 1593 451 1676 188 154 1371
internal_value=0.000145362 0.00021354 -0.000405405 0.000372824 -0.00231916 -0.00707349 0.000338522 0.000365555 0.00136239 -0.00163957 -0.00144751 0.000292549 -9.09571e-05 5.04832e-06 -0.000366551 0.000773635 0.0002593 -0.00067701 -0.000185638 -0.00116427 -0.00252223 -0.00154212 -0.000718954 0.0002775 -0.00253604 -0.00498481 -0.000379467 -0.00302775 -0.0145906 -0.00504112
internal_weight=349336 310856 38480 188722 2917 381 184641 181888 12412 1845 2753 169476 56620 55466 37389 18077 14597 8508 36765 11810 8096 6825 5508 24955 3052 1317 15838 2018 342 1459
internal_count=349336 310856 38480 188722 2917 381 184641 181888 12412 1845 2753 169476 56620 55466 37389 18077 14597 8508 36765 11810 8096 6825 5508 24955 3052 1317 15838 2018 342 1459
is_linear=0
shrinkage=0.05


Tree=77
num_leaves=31
num_cat=0
split_feature=5 13 12 13 15 14 11 11 11 11 13 15 9 15 11 11 12 15 9 13 12 11 10 12 11 13 9 14 11 11
split_gain=5.61134 4.83085 6.91908 6.31404 6.46263 5.62187 6.80925 12.4427 9.64331 17.4702 8.20692 12.0246 19.7648 7.72425 6.95277 6.88462 9.58204 13.1641 6.55712 5.7687 9.96222 5.7466 5.67141 9.73907 7.79096 8.02387 7.39674 7.19912 5.64895 5.47776
threshold=0.031817040740061232 14.63499975204468 0.060339682487529529 12.00999975204468 -0.003425648436645778 0.014406301774378962 0.0096273315293795587 0.0030141112553000453 0.012550489370347863 0.012168405530195938 12.88000011444092 -0.00014993904781085418 0.1215356800280495 -0.003118954133795981 0.014107180383983399 0.016334496079119857 0.040667203232477307 -0.00323769594744111 0.017896871939369955 13.34500026702881 0.043599285029212627 0.020864576948081862 -0.0065884615881859334 0.050860094870715973 0.0074288376528827147 13.894999980926515 0.32726100007278264 0.021982133330242685 0.015951694717556645 0.0015109510563884323
decision_type=2 2 2 2 2 2 2 2 2 2 2 2 8 2 2 2 2 2 8 2 2 2 2 2 2 2 8 2 2 2
left_child=1 2 3 4 -1 6 7 19 9 18 11 12 -9 -14 -10 16 -16 -18 -8 20 -5 -17 -7 24 25 -24 27 -26 -28 -27
right_child=-2 -3 -4 5 -6 22 8 10 14 -11 -12 -13 13 -15 15 21 17 -19 -20 -21 -22 -23 23 -25 26 29 28 -29 -30 -31
leaf_value=-0.00051653158053331638 -0.00015242604020738619 9.3855702272946828e-06 0.00016696928316065469 1.438708970234203e-05 -0.00011109163971218054 0.00012878547842369529 -0.00026637837769051602 5.9424447227787693e-05 0.00018406888632204683 -0.00030434212865393427 0.00031498135871567304 0.00031961666231170266 -0.00062302157021151036 -0.0009974569275225378 2.1646644996080264e-05 0.00012545135512409276 -0.00096873972615851573 -0.00014562026784685166 0.00010952514870340256 8.940301826656198e-05 -0.00028650380109040627 -8.6798064120522664e-06 -0.0001848245104382367 -0.0005133182540236319 -0.00019884185298472791 6.252709207794464e-05 4.657789055342803e-06 0.00015667805902727389 -0.00030809167305302513 -0.00024779928734137106
leaf_weight=124 11029 245792 6274 3733 1133 4972 1082 922 5368 1676 8352 1637 217 154 2069 8761 154 1083 3092 10390 1222 12044 3760 412 409 3344 1800 6351 1005 815
leaf_count=124 11029 245792 6274 3733 1133 4972 1082 922 5368 1676 8352 1637 217 154 2069 8761 154 1083 3092 10390 1222 12044 3760 412 409 3344 1800 6351 1005 815
internal_value=0.000175499 0.000211698 0.000520005 0.000403167 -0.00311456 0.000455296 0.000702596 0.00130638 0.000247531 -0.00160684 0.00256692 0.000290103 -0.003314 -0.0130593 0.000615523 0.000253204 -0.0018663 -0.00534761 0.000124581 0.000379603 -0.00102422 0.000590003 -0.00021471 -0.000629749 -0.000450698 -0.00161068 0.000509671 0.00140533 -0.00164884 -9.7379e-05
internal_weight=349176 338147 92355 86081 1257 84824 61956 26627 35329 5850 11282 2930 1293 371 29479 24111 3306 1237 4174 15345 4955 20805 22868 17896 17484 7919 9565 6760 2805 4159
internal_count=349176 338147 92355 86081 1257 84824 61956 26627 35329 5850 11282 2930 1293 371 29479 24111 3306 1237 4174 15345 4955 20805 22868 17896 17484 7919 9565 6760 2805 4159
is_linear=0
shrinkage=0.05


Tree=78
num_leaves=31
num_cat=0
split_feature=5 11 11 14 15 5 11 11 13 12 13 14 13 12 15 12 13 1 15 7 11 9 11 13 14 13 13 13 11 11
split_gain=5.64457 4.74857 6.17573 5.6928 4.91549 4.80559 4.88483 9.71036 5.75722 5.14606 9.3349 5.67094 6.71309 5.11911 13.951 5.77154 12 7.19788 5.13466 4.97267 4.79642 8.38348 7.11149 8.56062 6.95315 5.52299 7.78405 19.7241 18.7736 7.30859
threshold=0.012028438817271885 0.039736199013419633 0.046573185426083692 -0.065772214787702996 -0.02433227564340051 0.032778658881043185 -0.017638953461458159 -0.029337474403061222 27.365000724792484 -0.067575688865902969 29.835000038146976 -0.015155298785694047 46.145000457763679 -0.027973012120020454 0.006916881343689508 -0.052281358654850445 20.659999847412113 -0.094651572953396865 0.014984511207274067 0.029691669972434113 -0.011429268480369846 0.38520768668184496 -0.014346854625401638 23.694999694824222 -0.071593592008693294 20.060000419616703 20.980000495910648 21.555000305175785 0.00081108963534770606 0.0057609593190406381
decision_type=2 2 2 2 2 2 2 2 2 2 2 2 2 2 2 2 2 2 2 2 2 8 2 2 2 2 2 2 2 2
left_child=-1 5 -3 -4 -5 6 7 9 -9 11 13 19 -13 15 -15 -11 -17 -18 -16 -2 21 22 -8 -24 -23 -22 -27 28 -28 -30
right_child=1 2 3 4 -6 -7 20 8 -10 10 -12 12 -14 14 18 16 17 -19 -20 -21 25 24 23 -25 -26 26 27 -29 29 -31
leaf_value=3.369478637438965e-05 -0.00017946478910332706 0.00026632922192155962 0.00035622956743595478 -0.0011029301979833936 -4.9312919007994953e-05 -0.00021240264201466148 0.00013018282049135014 0.00016689942779078517 -0.00010448591809326111 3.2993684628414189e-05 -0.00072677847944970159 0.00041535522197431481 -0.00024204926882947099 0.00012083220976497522 -0.00098203215794408455 0.00018082916473813348 -0.0023971469133028419 -0.00044213789197530649 -5.5086937561635215e-05 -0.00078551077876020065 -8.5367684040647263e-06 -0.000520578322443944 -5.9661078185851941e-05 -0.0003886515423055323 -0.00019760920835031873 0.00021971583685174864 -0.0021993250864465051 9.7465643981517678e-05 0.0004546266261437308 -0.00031492040085570014
leaf_weight=108674 694 4401 1255 49 5103 8413 4569 19268 2029 1072 378 2491 743 3925 272 592 99 892 143 49 155654 658 5233 1079 1867 7751 368 9490 364 1316
leaf_count=108674 694 4401 1255 49 5103 8413 4569 19268 2029 1072 378 2491 743 3925 272 592 99 892 143 49 155654 658 5233 1079 1867 7751 368 9490 364 1316
internal_value=0.000169552 3.42817e-05 0.00105848 6.78947e-05 -0.000667702 -1.39705e-05 3.06795e-05 0.000595308 0.00122482 -0.000585903 -0.00136783 0.000863717 0.00176871 -0.000954253 0.000103687 -0.00268362 -0.00460202 -0.0079667 -0.00861446 -0.00307537 -6.71889e-05 -0.000978666 -0.000376344 -0.00146388 -0.00357426 2.65819e-06 0.000800716 -2.2534e-05 -0.00447266 -0.00223214
internal_weight=348891 240217 10808 6407 5152 229409 220996 32647 21297 11350 7373 3977 3234 6995 4340 2655 1583 991 415 743 188349 13406 10881 6312 2525 174943 19289 11538 2048 1680
internal_count=348891 240217 10808 6407 5152 229409 220996 32647 21297 11350 7373 3977 3234 6995 4340 2655 1583 991 415 743 188349 13406 10881 6312 2525 174943 19289 11538 2048 1680
is_linear=0
shrinkage=0.05


end of trees

feature_importances:
vix_level=339
spy_ret_5d=337
spy_ret_1d=329
vix_chg_1d=291
spy_ret_20d=270
parkinson_20=142
dvol_z_20=132
atr_pct=107
dist_ma200=97
sector_ret_1d=96
dist_ma50=57
sector_ret_5d=52
overnight_gap=49
ret_1d=38
ret_5d=18
dist_ma20=12
ret_20d=4

parameters:
[boosting: gbdt]
[objective: quantile]
[metric: quantile]
[tree_learner: serial]
[device_type: cpu]
[data_sample_strategy: bagging]
[data: ]
[valid: ]
[num_iterations: 120]
[learning_rate: 0.05]
[num_leaves: 31]
[num_threads: -1]
[seed: 0]
[deterministic: 0]
[force_col_wise: 1]
[force_row_wise: 0]
[histogram_pool_size: -1]
[max_depth: -1]
[min_data_in_leaf: 40]
[min_sum_hessian_in_leaf: 0.001]
[bagging_fraction: 0.85]
[pos_bagging_fraction: 1]
[neg_bagging_fraction: 1]
[bagging_freq: 1]
[bagging_seed: 3]
[bagging_by_query: 0]
[feature_fraction: 0.85]
[feature_fraction_bynode: 1]
[feature_fraction_seed: 2]
[extra_trees: 0]
[extra_seed: 6]
[early_stopping_round: 0]
[early_stopping_min_delta: 0]
[first_metric_only: 0]
[max_delta_step: 0]
[lambda_l1: 0]
[lambda_l2: 0]
[linear_lambda: 0]
[min_gain_to_split: 0]
[drop_rate: 0.1]
[max_drop: 50]
[skip_drop: 0.5]
[xgboost_dart_mode: 0]
[uniform_drop: 0]
[drop_seed: 4]
[top_rate: 0.2]
[other_rate: 0.1]
[min_data_per_group: 100]
[max_cat_threshold: 32]
[cat_l2: 10]
[cat_smooth: 10]
[max_cat_to_onehot: 4]
[top_k: 20]
[monotone_constraints: ]
[monotone_constraints_method: basic]
[monotone_penalty: 0]
[feature_contri: ]
[forcedsplits_filename: ]
[refit_decay_rate: 0.9]
[cegb_tradeoff: 1]
[cegb_penalty_split: 0]
[cegb_penalty_feature_lazy: ]
[cegb_penalty_feature_coupled: ]
[path_smooth: 0]
[interaction_constraints: ]
[verbosity: -1]
[saved_feature_importance_type: 0]
[use_quantized_grad: 0]
[num_grad_quant_bins: 4]
[quant_train_renew_leaf: 0]
[stochastic_rounding: 1]
[linear_tree: 0]
[max_bin: 255]
[max_bin_by_feature: ]
[min_data_in_bin: 3]
[bin_construct_sample_cnt: 200000]
[data_random_seed: 1]
[is_enable_sparse: 1]
[enable_bundle: 1]
[use_missing: 1]
[zero_as_missing: 0]
[feature_pre_filter: 1]
[pre_partition: 0]
[two_round: 0]
[header: 0]
[label_column: ]
[weight_column: ]
[group_column: ]
[ignore_column: ]
[categorical_feature: ]
[forcedbins_filename: ]
[precise_float_parser: 0]
[parser_config_file: ]
[objective_seed: 5]
[num_class: 1]
[is_unbalance: 0]
[scale_pos_weight: 1]
[sigmoid: 1]
[boost_from_average: 1]
[reg_sqrt: 0]
[alpha: 0.1]
[fair_c: 1]
[poisson_max_delta_step: 0.7]
[tweedie_variance_power: 1.5]
[lambdarank_truncation_level: 30]
[lambdarank_norm: 1]
[label_gain: ]
[lambdarank_position_bias_regularization: 0]
[eval_at: ]
[multi_error_top_k: 1]
[auc_mu_weights: ]
[num_machines: 1]
[local_listen_port: 12400]
[time_out: 120]
[machine_list_filename: ]
[machines: ]
[gpu_platform_id: -1]
[gpu_device_id: -1]
[gpu_device_id_list: ]
[gpu_use_dp: 0]
[num_gpu: 1]

end of parameters

pandas_categorical:[]
