tree
version=v4
num_class=1
num_tree_per_iteration=1
label_index=0
max_feature_idx=16
objective=quantile
feature_names=ret_1d ret_5d ret_20d overnight_gap atr_pct parkinson_20 dvol_z_20 dist_ma20 dist_ma50 dist_ma200 spy_ret_1d spy_ret_5d spy_ret_20d vix_level vix_chg_1d sector_ret_1d sector_ret_5d
feature_infos=[-0.32146316808645858:0.17754315042688185] [-0.35198209677733094:0.21678060986431613] [-0.38585911567324471:0.37971640346820146] [-0.25549095869900096:0.18893537518055248] [0.0085600941629907171:0.086094627405369981] [0.0052916502238887983:0.044850169914528629] [-3.2907615304949616:4.3572650102159498] [-0.31480562306736171:0.23959933734520322] [-0.3628491628210504:0.31224189437210881] [-0.47646390883950829:0.47428412414893772] [-0.058542971330535654:0.10501930183911301] [-0.11496151859245618:0.082843162776128354] [-0.1226559005192206:0.15756591020035837] [11.859999656677246:52.330001831054688] [-0.35753873962348437:0.74039073966007019] [-0.043404019803684024:0.038768816550480256] [-0.066511827613557339:0.073218486155716356]
tree_sizes=2951 3019 3027 3054 3033 3048 3030 3011 3061 3033 3048 3014 3022 3027 3025 3029 3036 3046 3018 2999 3054 3037 3048 3033 3041 3034 3045 2981 3025 3029 3018 3040 3062 3058 2998 3009 3009 3030 3055 3045 3039 3040 3054 3045 3036 3006 3027 3050 3033 3021 2993 3027 3046 3036 3038 3017 3057 3018 3019 3069 3038

Tree=0
num_leaves=31
num_cat=0
split_feature=4 4 13 4 10 6 13 13 14 6 14 10 10 5 13 14 15 12 14 12 10 6 12 13 6 14 13 9 16 12
split_gain=143.755 31.0951 22.8008 19.9295 13.4367 11.3368 8.88811 8.85597 7.36569 6.29799 5.94686 5.87906 6.23391 5.7088 5.29004 5.15692 4.85315 5.04139 4.7212 4.71583 4.56644 4.45084 4.38809 4.27362 4.18248 4.43585 4.00238 3.97338 3.70493 3.68718
threshold=0.018285096412541613 0.024008372292482229 31.844999313354496 0.014758384601812105 -0.0015422904844975547 -0.20665449255028287 27.855000495910648 27.070000648498539 -0.0017400209240098772 -0.34479427308778149 0.013406221047230662 -0.0017470016399772079 0.00074647751592549227 0.018254450179600822 25.19999980926514 -0.14356568835631797 0.011794930710199216 0.043947966856704664 0.02886495700878167 0.024709772202027306 0.0014013847331743048 -0.11620881385315004 0.059758748559170745 25.19999980926514 -0.33843708496979458 -0.036818887874406285 29.835000038146976 -0.0086331763245787157 0.026216632898888984 0.057873618969341407
decision_type=2 2 2 2 2 2 2 2 2 2 2 2 2 2 2 2 2 2 2 2 2 2 2 2 2 2 2 10 2 2
left_child=3 5 6 11 -5 14 7 9 16 13 21 22 27 -3 15 -2 17 -7 -11 -14 26 -6 -1 -20 -21 -26 -8 -13 -17 -12
right_child=1 2 -4 4 10 8 20 -9 -10 18 29 12 19 -15 -16 28 -18 -19 23 24 -22 -23 -24 -25 25 -27 -28 -29 -30 -31
leaf_value=0.0077148188371211294 0.007595371687784791 0.0078202543780207627 0.0085181183880195018 0.0077935072360560296 0.0076710922177881001 0.0078175668604671955 0.0075218838115688417 0.0082929888041689999 0.0079082535346969955 0.0079228217480704181 0.0077598548145033416 0.0075929108075797561 0.0076347414869815111 0.0079438983695581562 0.0080359173472970731 0.0077733999933116138 0.0079275652067735784 0.0076700477511622012 0.00801765953656286 0.007656338671222329 0.007573007000610232 0.007711062836460769 0.0079194722464308136 0.0086624354356899854 0.0078312752535566691 0.0076961948652751744 0.0079098270507529378 0.0076510782702825962 0.0076677188393659886 0.0079307414591312415
leaf_weight=1240 65 1474 229 2098 1891 1320 42 92 1697 2205 546 417 695 997 88 3384 147 328 839 601 109 1356 41 52 199 464 70 308 168 58
leaf_count=1240 65 1474 229 2098 1891 1320 42 92 1697 2205 546 417 695 997 88 3384 147 328 839 601 109 1356 41 52 199 464 70 308 168 58
internal_value=0.00778973 0.0111856 0.0138091 0.00323199 0.00506217 0.00895869 0.0132063 0.0135904 0.0110028 0.0133362 0.00330825 0.000486031 -0.000844073 0.0114537 0.00703213 0.00673743 0.00876997 0.00799349 0.0148386 0.000621848 0.00336935 0.00246082 0.00327292 0.0179102 0.00244092 0.0051793 0.0104597 -0.00480509 0.00699282 0.00786389
internal_weight=23220 13306 6109 9914 5949 7197 5880 5659 3492 5567 3851 3965 2684 2471 3705 3617 1795 1648 3096 1959 221 3247 1281 891 1264 663 112 725 3552 604
internal_count=23220 13306 6109 9914 5949 7197 5880 5659 3492 5567 3851 3965 2684 2471 3705 3617 1795 1648 3096 1959 221 3247 1281 891 1264 663 112 725 3552 604
is_linear=0
shrinkage=1


Tree=1
num_leaves=31
num_cat=0
split_feature=4 13 10 4 4 14 14 13 14 11 5 16 10 0 11 4 11 14 10 13 16 13 4 12 14 12 12 13 9 12
split_gain=119.528 28.1468 20.8877 19.6304 12.0212 8.59299 7.71025 7.68726 9.97798 7.59741 7.28894 6.84591 8.07826 6.48587 6.35171 5.66467 5.62537 5.15294 7.0574 5.49191 5.03819 5.08224 4.99907 4.80543 4.67354 6.00831 7.116 7.16973 5.32931 4.63086
threshold=0.018285096412541613 31.844999313354496 -0.0017470016399772079 0.023708726488101937 0.015804614090327393 -0.0017400209240098772 0.025116667172691901 16.765000343322757 -0.049354087797768446 0.014880662239239896 0.0088743222629708574 -0.012195516125274806 -0.0034865672578678337 0.013562189040988716 -0.013761586960897574 0.039251913447968433 0.00053831818388905283 0.031451069873502109 -0.0041028973297421159 20.714999198913578 0.011864650314221794 19.814999580383304 0.012833557619328395 -0.0800835440536906 0.039048416537089688 -0.033690141837628411 0.01698171514572289 15.425000190734865 -0.07362614827279905 0.019647566703835165
decision_type=2 2 2 2 2 2 2 2 2 2 2 2 2 2 2 2 2 2 2 2 2 2 2 2 2 2 2 2 8 2
left_child=2 3 10 5 7 -2 15 8 16 -7 17 -11 -13 -6 -12 23 -4 18 -1 -19 21 -9 -10 -5 28 -26 -27 -28 -16 -29
right_child=1 -3 4 6 13 9 -8 20 22 11 14 12 -14 -15 24 -17 -18 19 -20 -21 -22 -23 -24 -25 25 26 27 29 -30 -31
leaf_value=9.6647759783081717e-05 -9.643519297242166e-06 0.00069193747011013333 -0.00018556916853412986 -0.00024514951859600837 -8.3425692864693701e-05 9.2373337247408932e-05 0.00019119554548524317 -0.00020008068764582277 -0.00014643734553828835 0.00044905522023327656 9.8408705089241249e-05 -0.0003091654070885852 -3.2237152336165278e-05 4.7237441758625227e-05 0.00020455454126931728 0.00022213360876776283 4.379673628136516e-05 -0.00012312170118093492 -5.9299992863088866e-05 0.0001198013976681978 -5.5023104650899761e-05 -6.5245507867075491e-05 -9.152171260211617e-05 7.4710710905492346e-05 0.00027237524394877258 -0.00012717985897324978 0.00017237981548532842 0.00011089862440712752 1.2793104979209598e-05 -0.00013232470548246058
leaf_weight=194 3703 241 93 65 2500 2535 1787 751 633 41 588 60 527 333 64 429 417 550 297 51 191 150 1551 3850 48 388 115 44 754 202
leaf_count=194 3703 241 93 65 2500 2535 1787 751 633 41 588 60 527 333 64 429 417 550 297 51 191 150 1551 3850 48 388 115 44 754 202
internal_value=-1.94368e-05 0.00308959 -0.00417087 0.00277564 -0.00579015 0.000939412 0.004832 -0.00763339 -0.00619896 0.0028533 -0.000918058 -0.00207006 -0.00344974 -0.00332686 0.000737631 0.00369475 9.80392e-05 -0.00425824 -0.000458248 -0.00736273 -0.0111722 -0.0127358 -0.00766941 0.00309706 -0.000882353 -0.00360728 -0.00470628 0.00034626 0.00177262 -0.00447154
internal_weight=23152 13238 9914 12997 6619 6866 6131 3786 2694 3163 3295 628 587 2833 2203 4344 510 1092 491 601 1092 901 2184 3915 1615 797 749 361 818 246
internal_count=23152 13238 9914 12997 6619 6866 6131 3786 2694 3163 3295 628 587 2833 2203 4344 510 1092 491 601 1092 901 2184 3915 1615 797 749 361 818 246
is_linear=0
shrinkage=0.05


Tree=2
num_leaves=31
num_cat=0
split_feature=4 4 13 4 6 9 11 16 6 13 13 8 12 16 16 13 12 13 6 11 12 16 11 8 16 6 9 11 13 0
split_gain=115.201 26.1373 19.9245 16.6779 11.4393 8.24891 7.64356 7.14776 7.4085 6.88571 9.57938 6.39814 6.12808 7.724 8.82366 6.22121 6.56055 5.86156 5.25151 5.73848 5.18357 7.35201 4.55383 4.49513 4.4489 4.90982 5.39661 4.3804 4.0613 3.72546
threshold=0.018285096412541613 0.023060251574089325 31.844999313354496 0.015804614090327393 -0.20665449255028287 -0.15394539794751325 -0.010867382103134591 -0.025720427038904366 -0.33843708496979458 27.855000495910648 27.070000648498539 0.055872842431528021 0.017951128324421587 -0.014888244990369169 -0.04002918326615023 14.795000076293947 -0.067575688865902969 13.824999809265138 -0.11620881385315004 -0.006288513316392629 0.017951128324421587 -0.019766072242701434 0.035554574411001412 -1.0000000180025095e-35 0.020037220638929324 -0.34479427308778149 0.079784584746903656 0.046573185426083692 29.835000038146976 -0.01497200110812835
decision_type=2 2 2 2 2 8 2 2 2 2 2 8 2 2 2 2 2 2 2 2 2 2 2 8 2 2 10 2 2 2
left_child=3 4 5 7 6 -3 -2 -1 23 10 12 -8 13 14 -7 -15 -17 -10 19 -5 21 -6 -18 -9 25 26 29 -24 -11 -14
right_child=1 2 -4 18 20 9 11 8 17 28 -12 -13 24 15 -16 16 22 -19 -20 -21 -22 -23 27 -25 -26 -27 -28 -29 -30 -31
leaf_value=-0.00018951856286730619 8.2088818890042626e-05 0.00023190133023308593 0.00067889824620215224 1.4246857914258738e-05 -5.2254127804189904e-05 0.00034386519272811716 -2.0651823724620028e-05 -7.8719754121266318e-05 -0.00010258117271587254 -0.00030175630847224967 0.0004262905447103548 -0.00010439951613079755 0.00013544077158439901 -5.4995347280055283e-05 -3.3750458562281043e-05 -0.00020786308287642897 0.00023363562813028696 -4.1669985366752383e-05 1.7315844597760606e-06 -7.8591193567262974e-05 1.3530129072023608e-05 0.00013013429612328769 -6.3621745910495513e-05 -0.00011522365579730832 -0.00013043173658661543 0.00010321351746097208 0.00013698110287077727 0.00022517466265708203 1.4287692494690391e-05 -7.0697210467187682e-05
leaf_weight=257 517 1315 214 568 240 77 2199 941 889 92 88 491 104 169 489 53 1773 2053 1963 1792 1555 1270 177 1425 191 1226 211 78 113 650
leaf_count=257 517 1315 214 568 240 77 2199 941 889 92 88 491 104 169 489 53 1773 2053 1963 1792 1555 1270 177 1425 191 1226 211 78 113 650
internal_value=-6.4711e-05 0.00297547 0.00507123 -0.0041515 0.000629783 0.00459888 -0.00145775 -0.00596137 -0.00556707 0.00374704 0.00409572 -0.00252788 0.00381878 0.00539773 0.000176678 0.00671111 0.00746036 -0.00389191 -0.00182165 -0.00341102 0.00281403 0.00490066 0.0079142 -0.00765004 0.00195214 0.00259014 -7.77202e-05 0.00166667 -0.0052439 -0.0020557
internal_weight=23180 13292 7020 9888 6272 6806 3207 5565 5308 5491 5286 2690 5198 2816 566 2250 2081 2942 4323 2360 3065 1510 2028 2366 2382 2191 965 255 205 754
internal_count=23180 13292 7020 9888 6272 6806 3207 5565 5308 5491 5286 2690 5198 2816 566 2250 2081 2942 4323 2360 3065 1510 2028 2366 2382 2191 965 255 205 754
is_linear=0
shrinkage=0.05


Tree=3
num_leaves=31
num_cat=0
split_feature=9 10 0 13 0 13 9 11 1 10 14 16 9 11 8 13 11 11 13 11 11 13 11 11 6 11 16 12 11 10
split_gain=37.0928 31.4226 19.7496 16.7399 13.6491 11.3173 11.3794 9.74677 9.14735 8.97416 7.84807 7.43471 7.2682 7.02189 6.95635 6.91309 6.78798 8.54169 11.7669 8.42609 6.82311 6.84966 6.58172 6.23596 7.27369 7.21995 6.29119 6.07423 6.02396 6.0063
threshold=-0.099407701515137489 -0.0017470016399772079 0.012600531926710181 24.779999732971195 -0.016561770714681286 12.925000190734865 -0.0978391866849848 0.0090107583304430711 -0.05763429302047373 0.0090796012734996063 0.042306243871835354 -0.025720427038904366 0.0063267524034650311 -0.020171834808393903 0.0005577670928227364 14.960000038146974 0.00023769852102906167 -0.0081164241286432719 17.090000152587894 -0.0033635921331804926 -0.019307177891106305 22.429999351501468 0.017805833239050054 0.011258220737919157 -0.33843708496979458 -0.026323618530511902 -0.036435441598566425 0.017951128324421587 0.00036209902272010824 -0.014256563971479506
decision_type=8 2 2 2 2 2 10 2 2 2 2 2 8 2 8 2 2 2 2 2 2 2 2 2 2 2 2 2 2 2
left_child=8 3 4 7 -3 9 14 11 -1 -6 12 -2 -9 -13 28 -8 17 20 19 -19 -15 -22 -14 25 -25 -17 -27 -10 -7 -5
right_child=1 2 -4 29 5 6 15 10 27 -11 -12 13 22 16 -16 23 -18 18 -20 -21 21 -23 -24 24 -26 26 -28 -29 -30 -31
leaf_value=0.00039716661931743139 -8.5911894091987063e-05 5.4883756952767715e-05 3.8044700075261058e-05 0.00040523763995406627 -0.00015620575253124118 -0.00015148556754975289 -7.778499468258818e-05 0.00017639437125180856 0.00013279121506602678 0.00012848136989632625 -0.0001820478875146364 0.00013619289967173242 -8.2488382018345872e-05 -0.00021073268372128956 -0.00012575704670307459 0.00012041150776203723 8.856805438554145e-05 8.9873683765108632e-05 -0.00015053895839228063 -0.0001129100480058696 0.00011247958176536485 -5.6148564821341917e-05 8.2619512709788961e-05 -3.0136212838988283e-05 9.1658459255268128e-05 0.00030466943726642059 -6.0474399165104823e-05 4.1851319349370952e-05 -1.1466320930048807e-05 5.2901807214948395e-05
leaf_weight=400 334 869 2042 362 994 372 1889 243 1542 86 337 791 369 71 1322 113 1345 514 467 334 965 81 197 997 764 41 2482 1751 831 240
leaf_count=400 334 869 2042 362 994 372 1889 243 1542 86 337 791 369 71 1322 113 1345 514 467 334 965 81 197 997 764 41 2482 1751 831 240
internal_value=1.62022e-05 -0.000855953 -0.00230433 0.00193233 -0.00315985 -0.0036877 -0.00309556 0.00114087 0.00461007 -0.00851852 -0.00301047 0.00211138 -0.000339926 0.00263792 -0.00593069 -0.00195673 0.0017408 0.000164474 -0.00256654 0.000943396 0.00337959 0.00439771 -0.00344523 -0.000869911 0.00143384 -0.00240895 -0.00296274 0.00374279 -0.00317955 0.00988372
internal_weight=23145 19452 12802 6650 10760 9891 8811 6048 3693 1080 1146 4902 809 4568 2525 6286 3777 2432 1315 848 1117 1046 566 4397 1761 2636 2523 3293 1203 602
internal_count=23145 19452 12802 6650 10760 9891 8811 6048 3693 1080 1146 4902 809 4568 2525 6286 3777 2432 1315 848 1117 1046 566 4397 1761 2636 2523 3293 1203 602
is_linear=0
shrinkage=0.05


Tree=4
num_leaves=31
num_cat=0
split_feature=5 4 13 6 4 14 13 9 14 15 9 14 8 15 15 14 16 14 13 14 16 4 8 6 16 2 6 15 14 13
split_gain=99.0812 28.725 19.8776 11.1086 9.65417 5.86677 6.47789 5.59687 5.59154 5.05538 5.6812 4.88533 4.84426 4.66209 4.97935 4.99846 5.31571 4.36481 4.0948 4.2164 4.34964 3.85586 3.79453 3.70246 3.59189 3.70418 3.67947 4.37427 3.4981 3.6713
threshold=0.010572357672061749 0.023805015675975635 31.844999313354496 -0.19110932352201601 0.014176431278412222 -0.0083108400172760537 20.255000114440922 -0.15394539794751325 0.025116667172691901 -0.0043641411129953225 -0.0032026688284736977 -1.0000000180025095e-35 -0.17431198112453491 0.0035929059745525298 -0.001000577590009377 -0.060408912479391223 -0.0052054009973078732 -0.10344834121785244 15.234999656677248 -0.14356568835631797 0.026815649820396307 0.010487024872484639 -0.060190271509433728 1.3910529284191064 0.0085807911976592006 -0.090275783564054954 -0.44659789899828534 0.0044107179558855467 -0.0017400209240098772 14.765000343322756
decision_type=2 2 2 2 2 2 2 8 2 2 8 2 10 2 2 2 2 2 2 2 2 2 10 2 2 2 2 2 2 2
left_child=4 3 7 9 21 -6 -7 -3 -9 10 -2 13 -11 14 15 16 -5 -16 28 -20 -21 -1 -17 -23 25 -10 27 -27 -14 -30
right_child=1 2 -4 11 5 6 -8 8 24 12 -12 -13 18 -15 17 22 -18 -19 19 20 -22 23 -24 -25 -26 26 -28 -29 29 -31
leaf_value=-0.00016697654466581299 0.00012872707965972953 0.00022400201123419719 0.00063313049170583325 -1.1053019178798412e-05 -8.0533597704861688e-05 -4.2222206806472951e-05 8.58333006904286e-05 6.0389572896719966e-05 0.00021898178851679405 -0.00020465206570399459 -1.5675477096083277e-05 9.777203324745649e-05 -8.3228539427000216e-05 7.076474250661712e-05 -0.00024605755690459773 -0.00016379407462613016 0.00026284276171882089 -4.0834971252970705e-05 -0.00017705282226484996 9.6520678476736718e-06 -0.00010851861939114312 -9.9954780417392628e-05 2.589908889754954e-05 -9.1512856067856777e-06 0.00030368865993303192 -5.9192921222711455e-05 0.0001582211772564278 0.00033327544638821563 1.6470476045133156e-05 -0.00013443774108887736
leaf_weight=181 481 1270 219 75 2256 2255 327 3366 198 132 647 1973 840 757 83 138 105 580 49 2021 170 2455 462 262 381 266 486 54 486 62
leaf_count=181 481 1270 219 75 2256 2255 327 3366 198 132 647 1973 840 757 83 138 105 580 49 2021 170 2455 462 262 381 266 486 54 486 62
internal_value=9.7669e-06 0.00234135 0.00495192 0.000543538 -0.00460186 -0.00323481 -0.00160728 0.00441372 0.00362555 -0.00107406 0.0018617 0.00243829 -0.00195479 0.000818182 -0.000848926 0.00185897 0.00916667 -0.00403469 -0.00161246 -0.000290179 3.42309e-05 -0.00688406 -0.000333333 -0.00641332 0.00629964 0.00473108 0.00322581 -0.0009375 -0.0037464 -0.000638686
internal_weight=23037 15301 6240 9061 7736 4838 2582 6021 4751 4888 1128 4173 3760 2200 1443 780 180 663 3628 2240 2191 2898 600 2717 1385 1004 806 320 1388 548
internal_count=23037 15301 6240 9061 7736 4838 2582 6021 4751 4888 1128 4173 3760 2200 1443 780 180 663 3628 2240 2191 2898 600 2717 1385 1004 806 320 1388 548
is_linear=0
shrinkage=0.05


Tree=5
num_leaves=31
num_cat=0
split_feature=4 10 4 10 4 16 11 10 6 16 16 16 11 11 4 6 16 15 8 15 16 15 10 8 10 8 12 12 12 10
split_gain=83.7287 19.5653 19.0189 14.7607 8.40183 6.96474 6.33956 9.15886 6.17522 6.09525 6.75603 8.39275 5.91012 5.82475 5.73739 5.25676 5.23982 4.94155 4.78798 4.67 4.48071 4.27993 4.15778 3.95469 3.88715 3.86829 3.80246 4.2166 8.19303 6.96507
threshold=0.018285096412541613 -0.0017470016399772079 0.023708726488101937 -0.014256563971479506 0.015350420862470423 -0.026691097474093702 0.023520128243548103 0.0047561334202744785 -0.22343940328531062 -0.019157039381033466 -0.014106937781781235 -0.0072176562115871526 -0.013761586960897574 -0.011576467999656779 0.039251913447968433 -0.18316013209449608 -0.0057285326220566915 0.013319793690989125 -0.013857650255822083 -0.0038167251179800905 0.025243315898662914 0.0075799037424203472 -0.0032013225684498488 -0.011435043168649404 0.013109339753378581 -0.021050839070107127 -0.038043904409190692 0.01698171514572289 0.023466498289516195 -0.0045512534975928323
decision_type=2 2 2 2 2 2 2 2 2 2 2 2 2 2 2 2 2 2 8 2 2 2 2 10 2 10 2 2 2 2
left_child=1 5 8 19 6 -1 20 -8 13 22 12 -12 -11 21 -5 -6 -13 18 -15 -4 -3 -2 -7 -20 -9 -14 -18 29 -29 -28
right_child=2 4 3 14 15 9 7 24 -10 10 11 16 25 17 -16 -17 26 -19 23 -21 -22 -23 -24 -25 -26 -27 27 28 -30 -31
leaf_value=-0.00014638139132146173 9.7585382394703706e-05 -0.00011850389836073738 0.00054950877516020684 7.8251977578712621e-05 -7.7372165110515189e-05 0.00016101655305987702 -0.0001025389690876673 0.00010829432832422438 4.6819594120791396e-05 0.00013316579061134322 7.7589033654279754e-05 -0.00020690098982115713 -0.00022829143891068814 7.3457026138422022e-06 0.00026539288349254094 -2.8677650800549607e-05 0.00021724180526491547 0.00019473007081608558 -0.00018213748220278806 0.00031395613394518979 5.8029625938903556e-05 -0.00012944637565936315 -1.9308218996633543e-05 -4.430758438306844e-05 -7.6874261224587625e-05 -4.5702157768795624e-05 -0.00010208885567522522 0.00018050507115957223 -3.2827693687082544e-05 4.6774193644674788e-05
leaf_weight=147 485 2781 241 5305 1813 240 180 159 3400 59 471 66 115 1223 587 1509 89 92 154 260 86 43 117 1515 64 85 539 252 943 186
leaf_count=147 485 2781 241 5305 1813 240 180 159 3400 59 471 66 115 1223 587 1509 89 92 154 260 86 43 117 1515 64 85 539 252 943 186
internal_value=-7.11023e-05 -0.00355267 0.00251973 0.00448537 -0.00512743 -0.000415533 -0.00692661 -0.00105459 0.000701678 7.90639e-05 -0.0007041 7.85546e-05 -0.00839768 -0.000768793 0.00378479 -0.00335641 -0.00128916 -0.00162534 -0.00198824 0.0127246 -0.00775201 0.00407197 0.00623249 -0.00372978 0.00571749 -0.0125 -0.000833748 -0.00130208 0.000523013 -0.00431034
internal_weight=23206 9901 13305 6393 6592 3309 3270 403 6912 3162 2805 2546 259 3512 5892 3322 2075 2984 2892 501 2867 528 357 1669 223 200 2009 1920 1195 725
internal_count=23206 9901 13305 6393 6592 3309 3270 403 6912 3162 2805 2546 259 3512 5892 3322 2075 2984 2892 501 2867 528 357 1669 223 200 2009 1920 1195 725
is_linear=0
shrinkage=0.05


Tree=6
num_leaves=31
num_cat=0
split_feature=4 13 4 10 14 15 4 11 13 14 15 6 4 11 12 11 11 10 13 8 14 10 10 16 11 6 13 16 12 14
split_gain=87.7175 23.1633 14.8371 14.6167 9.55111 9.60545 8.6469 8.25443 7.40213 7.29467 7.20841 6.30777 5.6605 7.78498 4.99532 5.7008 4.85632 7.045 4.60594 4.49406 4.41255 4.32355 4.26834 4.81467 6.07142 6.51124 4.19096 4.12889 5.89271 4.1025
threshold=0.018285096412541613 31.844999313354496 0.025843286049152543 -0.0017470016399772079 -0.0087527259018278496 0.011794930710199216 0.015350420862470423 0.013766763160974362 27.855000495910648 -0.033055750463650273 -0.002064703586625027 2.3564927560516331 0.014818918079001193 -0.01413744986297699 -0.0800835440536906 -0.022310292973000797 0.023520128243548103 0.0047561334202744785 29.835000038146976 0.13794976227348724 -0.14356568835631797 0.009886389915227169 0.0055838034920830957 -0.020345166608859596 -0.0072461958036925669 0.012094667591503351 14.84500026702881 -0.00012194190323716601 0.0098181061212317972 0.031451069873502109
decision_type=2 2 2 2 2 2 2 2 2 2 2 2 2 2 2 2 2 2 2 8 2 2 2 2 2 2 2 2 2 2
left_child=3 2 4 11 5 19 16 22 14 -7 -9 12 29 -14 -4 -16 -5 -18 -10 20 -2 -12 23 26 -25 27 -6 -26 -29 -1
right_child=1 -3 8 6 7 9 -8 10 18 -11 21 -13 13 -15 15 -17 17 -19 -20 -21 -22 -23 -24 24 25 -27 -28 28 -30 -31
leaf_value=-1.3080515285121033e-05 -0.00015280357742938821 0.00057399852836253118 -0.00017149861180514438 -0.0001065266333133543 0.00013840836039137272 0.00021788081330780326 -5.4978547945872155e-05 7.36920966005859e-05 -0.0002674256793443701 -5.80725768704118e-05 -9.4107251772497584e-05 0.00017385768856867262 9.2635973972816064e-05 -2.6103107014237292e-05 0.00034520225988167631 0.00012246992784525676 -0.00010665312975166433 3.6236096131853729e-05 3.7495207634682084e-05 -0.00015471418033577707 -5.0549285095120471e-06 0.00014824736235403274 0.00021258280793838458 0.00014394784206519257 -5.2094327332327794e-05 0.00016108136997547803 -0.00010294248282222395 0.00023749674538008707 3.8814161448885375e-06 -0.00010076638118155209
leaf_weight=546 176 243 62 2883 46 197 3348 415 91 78 560 212 509 1357 370 3804 165 221 112 210 3364 51 125 1103 458 771 292 166 567 698
leaf_count=546 176 243 62 2883 46 197 3348 415 91 78 560 212 509 1357 370 3804 165 221 112 210 3364 51 125 1103 458 771 292 166 567 698
internal_value=4.74138e-05 0.00270907 0.00242357 -0.00350387 0.00120935 -0.000565217 -0.00486248 0.00277778 0.00477022 0.00845455 -0.00116959 -0.000797712 -0.00136656 0.000375134 0.00521719 0.00542645 -0.00669165 -0.00142487 -0.00455665 -0.00122667 -0.000805085 -0.00462357 0.00392574 0.00359242 0.00421697 0.00254842 -0.00207101 0.000230898 0.00255798 -0.0039791
internal_weight=23200 13261 13018 9939 8579 4025 6617 4554 4439 275 1026 3322 3110 1866 4236 4174 3269 386 203 3750 3540 611 3528 3403 3065 1962 338 1191 733 1244
internal_count=23200 13261 13018 9939 8579 4025 6617 4554 4439 275 1026 3322 3110 1866 4236 4174 3269 386 203 3750 3540 611 3528 3403 3065 1962 338 1191 733 1244
is_linear=0
shrinkage=0.05


Tree=7
num_leaves=31
num_cat=0
split_feature=4 11 10 15 10 15 9 4 11 5 10 12 15 14 10 15 14 15 10 15 11 12 12 10 12 15 15 11 12 5
split_gain=78.9159 19.0153 12.5084 11.0661 11.0328 9.53527 9.34202 8.9675 8.11028 10.0641 9.65462 7.52088 6.59769 6.8451 15.39 6.71895 6.50643 11.1753 8.90858 8.10853 10.5886 6.3298 6.06278 5.82339 5.7551 5.68979 5.94892 5.3811 5.21885 4.88187
threshold=0.018285096412541613 -0.012951361499321188 -0.0017470016399772079 0.011647027343108742 0.010824112764753148 0.0075799037424203472 inf 0.026614247700985944 0.023520128243548103 0.010612322392738288 0.0047561334202744785 -0.017226382723054597 -0.020901928673028699 0.027456401234134179 -0.0067260034259559167 -0.0030696870551364937 0.031451069873502109 0.0069922460261293571 -0.0041028973297421159 -0.0068272165665288478 -0.028186654574093969 -0.051373899775069835 -0.0060576266270382919 0.0059882716894145158 -0.052281358654850445 -0.0073533911744395044 -0.0075395183980163641 -0.0021561208113907156 0.076145654651098141 0.010373666690487749
decision_type=2 2 2 2 2 2 8 2 2 2 2 2 2 2 2 2 2 2 2 2 2 2 2 2 2 2 2 2 2 2
left_child=2 5 16 4 7 6 11 -3 9 -4 -10 12 -2 14 -14 -15 18 19 22 25 -21 -5 -1 -13 -17 26 -18 -19 -12 -22
right_child=1 3 8 21 -6 -7 -8 -9 10 -11 28 23 13 15 -16 24 17 27 -20 20 29 -23 -24 -25 -26 -27 -28 -29 -30 -31
leaf_value=-3.5877933258541758e-05 -4.1236648499472143e-05 1.0062775313799365e-05 -0.00010307717462163603 -0.00025430124602591548 -9.5085005565082522e-05 -3.7423554891209083e-05 -3.2222580541194267e-06 0.00010893568113456336 -6.3578310109531987e-05 -3.7214003348622337e-05 8.7076622144018545e-05 0.00014774407624673489 -0.00015456467156686963 0.00046945158447792874 0.00029086861834700452 -0.00021200238174454644 -1.8745839370844664e-06 0.00030735083847938642 -2.395290205902392e-05 0.00020203868053254113 -0.00015959705267310889 0.00017964838458411729 0.00013719251826064746 -0.00017319160052401225 0.00035236458911542997 0.00029997910481723423 -0.0001681523059348292 -1.9371685058823879e-05 -0.00018803162298238062 -8.1347678718938804e-05
leaf_weight=98 80 6381 4378 53 908 337 297 2587 394 1316 469 682 100 291 371 41 542 109 893 86 661 817 433 58 252 93 41 80 53 313
leaf_count=98 80 6381 4378 53 908 337 297 2587 394 1316 469 682 100 291 371 41 542 109 893 86 661 817 433 58 252 93 41 80 53 313
internal_value=-0.000178771 0.00234817 -0.00354202 0.00143309 0.000956865 0.00626744 0.00748158 0.00148863 -0.00480333 -0.0055058 -0.000436681 0.00878667 0.0113436 0.0123934 0.0079087 0.0160103 -0.00105255 -0.00294805 0.00150983 -0.00420507 -0.00693396 0.00683908 0.00663842 0.00486486 0.0106655 7.39645e-05 -0.00175815 0.00859788 0.00402299 -0.00841889
internal_weight=23214 13255 9959 10746 9876 2509 2172 8968 6610 5694 916 1875 1135 1055 471 584 3349 1925 1424 1736 1060 870 531 740 293 676 583 189 522 974
internal_count=23214 13255 9959 10746 9876 2509 2172 8968 6610 5694 916 1875 1135 1055 471 584 3349 1925 1424 1736 1060 870 531 740 293 676 583 189 522 974
is_linear=0
shrinkage=0.05


Tree=8
num_leaves=31
num_cat=0
split_feature=4 13 4 10 6 6 11 13 13 0 13 11 12 1 12 10 15 12 9 15 12 3 8 8 12 6 15 15 8 10
split_gain=72.6403 19.5735 18.5606 10.0714 9.71679 6.24455 6.00056 5.70163 6.65042 5.42299 5.41306 5.35196 6.36537 5.20707 5.13765 5.11853 5.00232 6.21819 4.84171 4.5617 5.32372 5.19351 4.34174 4.33688 4.21539 4.18899 4.09692 5.11919 4.34727 4.05761
threshold=0.020910996488672253 31.844999313354496 0.014930887929648603 -0.0017470016399772079 -0.35113987352078707 0.10482170897477558 -0.0081164241286432719 17.180000305175785 12.88000011444092 -0.035649471203264942 27.855000495910648 -0.0069171580210211072 -0.046451976604296834 0.013348346245457889 0.017951128324421587 -0.0017470016399772079 0.011794930710199216 0.028594683923194867 -0.11267262798610587 -0.0049510700816781652 0.040552137472516188 -0.0018718379717901355 -0.069879126193248972 -0.048981557562317195 0.042793845432773876 1.3475272255507897 0.0031826844699655026 -0.0018680133120324014 -0.04747336887533226 -0.0069332778537110609
decision_type=2 2 2 2 2 2 2 2 2 2 2 2 2 2 2 2 2 2 8 2 2 2 10 8 2 2 2 2 10 2
left_child=2 4 13 6 11 23 29 8 -7 -6 14 -2 -13 15 -11 -1 19 -18 -8 20 -14 -21 -20 -5 -15 -24 27 28 -25 -4
right_child=1 -3 3 5 9 7 18 -9 -10 10 -12 12 16 24 -16 -17 17 -19 22 21 -22 -23 25 26 -26 -27 -28 -29 -30 -31
leaf_value=-5.1636996954376649e-05 8.9277144623698236e-05 0.00049517813976834586 3.8332194957793695e-05 1.4005329687268878e-05 0.00036977940866780227 -0.00014820428372803828 0.00013986882893581143 -8.5961339094976828e-05 4.7124597450853931e-05 0.00014131154318311668 -0.00014101845201597911 -0.00016332576797890082 2.5951395258742548e-05 -6.6535602855506781e-06 5.9546158867358588e-05 -0.00010443801381455234 0.00040864019916175755 -2.848951381351204e-05 -0.00013731591591999872 -8.8848999394270371e-05 0.00024231541159640193 1.3706285013752795e-05 -2.2481137874829413e-05 -0.00026148641920740486 -8.3510496019684519e-05 0.00012701863925617535 -2.7487513400073278e-05 -0.00011905863727243375 -2.5869942027610607e-05 0.0001215415013767129
leaf_weight=1010 1044 245 715 504 261 148 155 683 1329 2467 117 179 459 893 2302 1987 100 76 183 600 140 1531 1413 40 356 229 1405 1282 916 513
leaf_count=1010 1044 245 715 504 261 148 155 683 1329 2467 117 179 459 893 2302 1987 100 76 183 600 140 1531 1413 40 356 229 1405 1282 916 513
internal_value=-6.22799e-05 0.00329535 -0.00238536 -0.0011587 0.00292691 -0.00231885 0.00112219 -0.000138889 0.00160799 0.00437634 0.00400123 0.00112013 7.29335e-05 -0.00513424 0.0042619 -0.0062646 0.000636614 0.00880682 -0.000580808 0.00010989 0.00396494 -0.000973721 -0.00130137 -0.0034543 -0.00242194 -0.000487211 -0.00405572 -0.00538427 -0.00261506 0.00386808
internal_weight=23282 9521 13761 9515 9276 6307 3208 2160 1477 5147 4886 4129 3085 4246 4769 2997 2906 176 1980 2730 599 2131 1825 4147 1249 1642 3643 2238 956 1228
internal_count=23282 9521 13761 9515 9276 6307 3208 2160 1477 5147 4886 4129 3085 4246 4769 2997 2906 176 1980 2730 599 2131 1825 4147 1249 1642 3643 2238 956 1228
is_linear=0
shrinkage=0.05


Tree=9
num_leaves=31
num_cat=0
split_feature=5 13 10 4 11 10 12 8 13 13 16 14 15 16 10 14 15 16 13 10 5 6 15 11 12 5 10 6 14 13
split_gain=66.556 19.1208 12.6987 11.7065 7.72056 10.7166 7.62531 7.39218 7.21776 7.13539 7.09686 7.06851 7.31578 7.62232 7.0501 6.36303 15.234 6.06373 6.83963 5.90694 5.28385 5.3761 5.25433 5.05765 5.05191 5.06895 5.10169 4.91771 7.06179 4.84194
threshold=0.011158449206323915 31.844999313354496 -0.0017470016399772079 0.023805015675975635 0.025879886513439202 0.0047561334202744785 0.028594683923194867 0.059570076328032247 27.855000495910648 27.070000648498539 -0.013824391152696012 0.031451069873502109 0.0069922460261293571 -0.0072176562115871526 -0.0037293617198180247 0.076607678117126224 -0.0055068300983705512 -0.026691097474093702 16.614999771118168 -0.0036395989223323984 0.010645253817620342 -0.29808056640863645 -0.0024758348111206248 0.034492851689025945 -0.0800835440536906 0.021183231456899248 0.0025359002095745047 -0.037355547123755863 0.11108526702174228 16.164999961853031
decision_type=2 2 2 2 2 2 2 8 2 2 2 2 2 2 2 2 2 2 2 2 2 2 2 2 2 2 2 2 2 2
left_child=2 3 11 6 20 -6 10 23 9 24 -2 14 13 17 -1 -15 -17 -13 -19 -16 21 -4 -8 -7 -5 26 29 28 -12 -26
right_child=1 -3 4 8 5 7 22 -9 -10 -11 27 12 -14 15 19 16 -18 18 -20 -21 -22 -23 -24 -25 25 -27 -28 -29 -30 -31
leaf_value=7.329237537326218e-05 -3.6868554546288379e-05 0.00049300838900377523 -0.00010158471358955424 -0.00020884459523500638 -5.9819060104326048e-05 0.00017188277860011956 4.1224353667996206e-05 -0.000133032560502721 -8.6752580260601869e-05 0.00038054955199914181 1.1023616858235088e-05 -0.00015137959764051684 0.00017576784086268125 -0.00014849173549864631 -0.00025972917950323383 0.00034162671095436405 -0.00015089822051443495 -7.131671424279683e-05 7.1294183906448012e-05 -3.0821459963050611e-07 -2.6558365652482738e-05 -7.3074521804068608e-05 -5.365143599779122e-05 -1.3636405670790003e-05 4.3569341011298744e-05 0.00021291797481485597 2.6655806899405577e-05 9.4191063865182314e-05 0.0002460955633005561 0.00013358315022582594
leaf_weight=582 799 251 2248 69 275 233 886 55 221 94 2235 140 179 473 43 81 287 180 453 676 735 2450 2097 110 834 887 2062 1459 130 1878
leaf_count=582 799 251 2248 69 275 233 886 55 221 94 2235 140 179 473 43 81 287 180 453 676 735 2450 2097 110 834 887 2062 1459 130 1878
internal_value=-2.16431e-05 0.00216156 -0.00332065 0.00191012 -0.00464297 0.000408618 0.000604786 0.00565327 0.00355252 0.00388908 0.00187649 -0.000711054 -0.00274679 -0.00381041 0.00209454 -0.00710464 -0.00217391 -0.000226391 0.00185624 -0.00121697 -0.00526873 -0.00588548 -0.00136607 0.00838192 0.00366492 0.00382883 0.00318391 0.00277197 0.00136364 0.00460914
internal_weight=23102 13902 9200 13651 6106 673 7606 398 6045 5824 4623 3094 1793 1614 1301 841 368 773 633 719 5433 4698 2983 343 5730 5661 4774 3824 2365 2712
internal_count=23102 13902 9200 13651 6106 673 7606 398 6045 5824 4623 3094 1793 1614 1301 841 368 773 633 719 5433 4698 2983 343 5730 5661 4774 3824 2365 2712
is_linear=0
shrinkage=0.05


Tree=10
num_leaves=31
num_cat=0
split_feature=5 10 10 6 4 12 14 14 10 12 5 4 11 9 10 11 3 14 11 11 14 12 11 11 10 8 12 0 6 14
split_gain=58.8937 15.0167 12.1439 9.39051 8.93661 7.44358 7.67048 7.35414 8.47366 7.16297 6.94302 5.75015 5.11475 5.03418 4.76065 6.16654 4.79288 4.49109 4.46478 4.95343 4.42976 6.85405 6.59034 4.36916 11.4441 6.83175 4.33608 4.24309 4.23195 5.23815
threshold=0.011995997687045753 -0.014256563971479506 -0.0016165768674121226 -0.35113987352078707 0.015804614090327393 0.0011335726897910849 0.17323568959812755 0.031451069873502109 -0.0041028973297421159 -0.040334954813934058 0.018111050508474408 0.045543370497262307 0.0047087811443838898 0.13641479022590988 0.020743044846024853 -0.0069171580210211072 0.0019638366536892664 -0.11544121967691799 -0.029337474403061222 -0.019307177891106305 -0.0092233020628675871 -0.062212447341067838 -0.029337474403061222 0.016138382759851803 0.00446494553626653 0.0041761251431928778 -0.00073998910017980524 0.012600531926710181 0.44825560500537909 0.050179471356022971
decision_type=2 2 2 2 2 2 2 2 2 2 2 2 2 8 2 2 2 2 2 2 2 2 2 2 2 8 2 2 2 2
left_child=2 5 7 10 23 6 13 8 26 -9 14 20 -11 -2 15 17 -17 -3 -10 -20 21 -5 -23 -4 -25 -26 -1 -8 29 -6
right_child=1 3 4 11 28 -7 27 9 18 12 -12 -13 -14 -15 -16 16 -18 -19 19 -21 -22 22 -24 24 25 -27 -28 -29 -30 -31
leaf_value=-5.3957333343073947e-07 0.00050409093124707328 0.00023284082788256144 -9.9958507601497003e-05 -0.00020974620328644065 -5.5607032529501456e-05 -8.1625049391303485e-05 3.4133697265161665e-05 0.00014619964391004428 0.00018477723979861912 -3.0035257449242961e-05 7.9177276033211944e-05 0.00051464628942738322 -0.00010891617640674495 0.00011395998039517835 -0.00023585718326160998 -5.2321502901486218e-05 1.7395318804669901e-05 4.4971800624479271e-05 -0.00020773369616794944 -6.232301474015569e-06 9.7740135597411361e-05 0.00043382633854510233 4.1236646678699227e-05 -9.6135015697392822e-05 0.00011646399966858462 -1.9105397933186308e-05 0.0001430648559703004 0.00037286731297606242 9.8932929779274342e-06 9.8937561756460432e-05
leaf_weight=163 329 59 2566 111 2781 93 197 163 63 1739 1150 155 418 88 47 2065 996 824 43 960 2870 107 2662 514 208 299 439 40 988 109
leaf_count=163 329 59 2566 111 2781 93 197 163 63 1739 1150 155 418 88 47 2065 996 824 43 960 2870 107 2662 514 208 299 439 40 988 109
internal_value=-0.000137658 0.00234249 -0.00269143 0.00187851 -0.00388145 0.00920348 0.0110856 -0.000463892 0.00206835 -0.00228448 0.000316086 0.00323878 -0.00304822 0.0151679 -0.000670258 -0.000481744 -0.00154361 0.00319932 -0.000609756 -0.00142074 0.00298261 0.00159722 0.00208559 -0.00568023 -0.00291381 0.00241617 0.00681063 0.00390295 -0.00221764 -0.00318339
internal_weight=23246 11793 11453 11046 7465 747 654 3988 1668 2320 5141 5905 2157 417 3991 3944 3061 883 1066 1003 5750 2880 2769 3587 1021 507 602 237 3878 2890
internal_count=23246 11793 11453 11046 7465 747 654 3988 1668 2320 5141 5905 2157 417 3991 3944 3061 883 1066 1003 5750 2880 2769 3587 1021 507 602 237 3878 2890
is_linear=0
shrinkage=0.05


Tree=11
num_leaves=31
num_cat=0
split_feature=4 11 6 4 15 9 5 16 5 12 10 15 11 12 11 16 12 4 6 10 1 8 12 16 0 15 10 15 15 6
split_gain=53.6906 12.1604 9.55042 8.21334 7.5203 6.5883 6.31234 5.4813 5.39082 4.67857 5.89819 4.57334 4.68614 5.90247 4.56033 4.55934 5.6833 4.83838 4.43622 4.43268 4.14569 4.11415 4.23143 5.61725 4.10159 4.44418 4.37174 4.10338 3.95137 3.9234
threshold=0.018285096412541613 -0.012951361499321188 -0.27421791219461683 0.015804614090327393 0.0087313164396257709 inf 0.017403460586030275 -0.025720427038904366 0.013372476879593363 -0.017226382723054597 0.0075490953385423118 -0.0053837707477247801 0.024185912746781283 0.0037862010061723299 -0.033420125215974254 -0.04002918326615023 -0.0800835440536906 0.029729477296648724 0.9835732686963844 -0.0026894409206161814 -0.011139421544401893 -0.013857650255822083 -0.0047203102614324912 0.0018693191156239355 -0.035649471203264942 0.010178822803455391 0.0072501492901362328 -0.001000577590009377 -0.0077001350656744063 -1.0418623906538234
decision_type=2 2 2 2 2 8 2 2 2 2 2 2 2 2 2 2 2 2 2 2 2 8 2 2 2 2 2 2 2 2
left_child=3 4 6 7 5 9 21 28 -4 15 14 -9 18 -14 -11 -2 17 -17 -13 -5 -21 -3 23 -23 -10 26 -26 -28 -1 -15
right_child=1 2 8 19 -6 -7 -8 11 24 10 -12 12 13 29 -16 16 -18 -19 -20 20 -22 22 -24 -25 25 -27 27 -29 -30 -31
leaf_value=-3.4452063410158602e-05 0.0004684083718537022 1.0034318555239542e-05 1.9569871409373013e-05 1.6550389635479987e-05 -7.5347470282389253e-05 -8.512059686913934e-06 5.6263225563136115e-05 -8.2933256092755397e-06 0.00040958959398300701 -0.0001395081827525289 -0.00018729244934992756 -7.9396146105264792e-05 -9.9725460611574312e-05 -5.7461479867312266e-05 0.000129230768074685 -0.00026351338287335883 0.00021750665028874409 0.0002114886114232877 -8.7314757369082821e-06 -8.5072261385467932e-05 -2.4420118446315646e-05 -0.00018105890041415852 -2.8581781194881532e-05 -1.6708633913778284e-05 8.7195018808947531e-05 0.00020449625877631651 0.0001164060554925891 -7.079739835968349e-05 -0.00017895112988532897 7.8324762525475817e-05
leaf_weight=98 156 1802 2190 1274 261 308 1335 903 142 40 49 3460 72 45 691 51 930 58 562 931 2091 231 1805 200 2077 450 172 371 152 304
leaf_count=98 156 1802 2190 1274 261 308 1335 903 142 40 49 3460 72 45 691 51 930 58 562 931 2091 231 1805 200 2077 450 172 371 152 304
internal_value=-0.000110939 0.00196148 0.00122738 -0.00290133 0.00507075 0.00598993 -0.000265215 -0.00416369 0.00271196 0.00705063 0.00403846 -0.00382529 -0.00448458 0.000534442 0.00516416 0.00901674 0.00782002 -0.00298165 -0.00500995 -0.00125698 -0.0022998 -0.00125062 -0.00268336 -0.00713457 0.00401619 0.00363192 0.00284351 -0.00115101 -0.0114 0.0032235
internal_weight=23211 13319 10775 9892 2544 2283 5373 5596 5402 1975 780 5346 4443 421 731 1195 1039 109 4022 4296 3022 4038 2236 431 3212 3070 2620 543 250 349
internal_count=23211 13319 10775 9892 2544 2283 5373 5596 5402 1975 780 5346 4443 421 731 1195 1039 109 4022 4296 3022 4038 2236 431 3212 3070 2620 543 250 349
is_linear=0
shrinkage=0.05


Tree=12
num_leaves=31
num_cat=0
split_feature=4 4 10 10 6 16 4 8 15 0 13 13 2 15 16 10 5 11 10 5 9 13 16 11 10 6 10 11 15 15
split_gain=47.93 15.4252 11.6846 8.74885 6.84993 5.83698 5.91497 5.32258 5.27032 5.19724 5.10472 5.61569 6.5611 4.94082 4.76717 4.71639 5.03957 4.75714 4.71607 4.68243 4.36506 4.01173 3.86231 3.8381 3.8275 3.6428 3.53364 4.34481 3.38684 7.08116
threshold=0.017314685360790175 0.024776540767641374 -0.014256563971479506 -0.00010103151992763014 -0.33843708496979458 -0.024367077995259608 0.012011077831179549 0.073143083730864658 -0.0075395183980163641 -0.014632773233508365 33.719999313354499 26.284999847412113 -0.040902432916347368 0.011794930710199216 -0.019543757942203307 -0.0017470016399772079 0.010645253817620342 0.010137995050555572 -0.0022250853133904398 0.021183231456899248 -0.031855743739982005 29.835000038146976 0.015898999471600232 0.031996235435177052 0.020743044846024853 1.3910529284191064 -0.029463592833469218 -0.043674023036412872 0.014317072632795471 0.013769204814391702
decision_type=2 2 2 2 2 2 2 8 2 2 2 2 2 2 2 2 2 2 2 2 8 2 2 2 2 2 2 2 2 2
left_child=4 3 7 23 15 8 -7 -3 -6 20 11 19 -13 24 -8 17 -17 18 -1 -4 -5 -14 -18 26 -11 -16 -2 -28 29 -29
right_child=1 2 10 9 5 6 14 -9 -10 13 -12 12 21 -15 25 16 22 -19 -20 -21 -22 -23 -24 -25 -26 -27 27 28 -30 -31
leaf_value=-2.5568263411958729e-05 -0.0002625541375964952 0.00042455674633316886 6.7223567547635777e-05 0.00015771845145798539 -6.0932426052385302e-06 -7.627022208169929e-05 7.3729617043098025e-05 -3.683661102135867e-05 -0.00019030493543553296 -2.5218573766910575e-05 0.00037097855588158826 0.00026262758795405841 -0.00024692165724017324 7.7169725732970321e-05 -2.8205579927503312e-05 -9.1879118356806132e-05 -5.532156543874923e-05 -0.00016991389629093126 9.9998229268896904e-05 0.00021150605194363684 -4.0990839575670568e-06 -1.5376418869886364e-05 7.4914342908987116e-05 -0.00020741048241565272 -0.00022197663869322188 4.6100076621355015e-05 0.00030440504645443551 4.3762865969061791e-05 0.00027216803440472352 -0.00030443379973311892
leaf_weight=829 42 370 3788 242 111 421 196 64 136 4557 43 86 118 310 3104 2133 339 140 67 833 296 99 101 63 66 682 67 3620 130 40
leaf_count=829 42 370 3788 242 111 421 196 64 136 4557 43 86 118 310 3104 2133 339 140 67 833 296 99 101 63 66 682 67 3620 130 40
internal_value=5.30464e-05 0.00175273 0.00388354 0.000532704 -0.00299976 -0.00173118 -0.00131161 0.0117512 -0.00921053 -0.000763115 0.00319609 0.0030463 -0.00354785 -0.00127205 -0.000715721 -0.00463425 -0.00578119 -0.00178571 -0.000446429 0.00347868 0.00390335 -0.00817972 -0.000909091 0.00232206 -0.00168181 -0.00110935 0.00251988 0.00267695 0.00245383 0.00217213
internal_weight=23093 14834 5401 9433 8259 4650 4403 434 247 5471 4967 4924 303 4933 3982 3609 2573 1036 896 4621 538 217 440 3962 4623 3786 3899 3857 3790 3660
internal_count=23093 14834 5401 9433 8259 4650 4403 434 247 5471 4967 4924 303 4933 3982 3609 2573 1036 896 4621 538 217 440 3962 4623 3786 3899 3857 3790 3660
is_linear=0
shrinkage=0.05


Tree=13
num_leaves=31
num_cat=0
split_feature=5 13 4 12 15 16 16 6 14 14 12 13 14 12 14 12 15 5 15 15 12 12 14 7 14 16 16 16 12 16
split_gain=46.127 14.5245 12.0105 7.5151 10.835 8.45222 7.07305 6.97904 6.58115 9.75754 5.58575 5.57342 5.56125 5.28383 5.11801 4.91743 4.69483 4.51713 4.19973 4.62286 5.25973 4.63784 4.70726 4.42223 3.79779 5.40008 8.07921 5.56658 4.31504 3.88521
threshold=0.012025670255582564 31.844999313354496 0.014176431278412222 0.028448808963007281 -0.0018680133120324014 -0.019766072242701434 -0.04002918326615023 0.65740490073469404 0.13518549268873961 0.052213768787031663 -0.067575688865902969 15.234999656677248 -0.10816573528732347 0.018878621288125678 -0.015155298785694047 -0.050232690438178178 0.0012954520625355628 0.021183231456899248 0.0026263249721344421 0.0029188457884924417 0.041818046431123419 0.12384640389246161 -0.05241984422658668 0.0072006046187889092 -0.0066644727723151323 -0.026691097474093702 -0.0072176562115871526 -0.010345474181680024 0.019647566703835165 -0.0064406027499277476
decision_type=2 2 2 2 2 2 2 2 2 2 2 2 2 2 2 2 2 2 2 2 2 2 2 2 2 2 2 2 2 2
left_child=2 3 -1 5 8 6 15 24 9 -5 14 13 -9 -12 17 -2 -15 -7 -6 -20 -21 22 23 -22 -4 28 27 -27 -26 -28
right_child=1 -3 7 4 18 10 -8 12 -10 -11 11 -13 -14 16 -16 -17 -18 -19 19 20 21 -23 -24 -25 25 26 29 -29 -30 -31
leaf_value=-6.4975816161468765e-05 0.00059292653087470327 0.00036593789973193917 -4.7308674706337839e-05 5.8173507255143394e-05 -9.0684359620447612e-05 -0.00026610461126477298 -6.3046572358307036e-05 -0.0001359847316871315 -0.00025570369373832479 0.00032501398378061494 -4.2732071843730025e-05 0.00010377490503151289 4.6844775309716006e-05 0.0002284882403680863 0.00011932024659025436 3.5579186072473137e-05 -2.783992329842902e-05 9.2399581140896643e-05 0.00034497336134438989 -6.8029480828600902e-05 -0.0002013404711867727 -0.00014280311322092994 8.9337664951435726e-05 4.9575544851876607e-05 -0.00026873434175254252 1.154407470599654e-05 -0.00012947171617046948 0.00010950538707785213 3.760785483397913e-05 -2.9978522900343461e-05
leaf_weight=2976 51 248 3228 1133 1110 91 817 108 55 211 663 4927 1799 250 100 100 225 43 47 657 82 90 698 74 83 724 74 283 43 2137
leaf_count=2976 51 248 3228 1133 1110 91 817 108 55 211 663 4927 1799 250 100 100 225 43 47 657 82 90 698 74 83 724 74 283 43 2137
internal_value=-7.02642e-05 0.00214188 -0.00232431 0.001882 0.000186433 0.00285193 -0.00149793 -0.00136514 0.00377055 0.00446429 0.0035204 0.00381286 0.00129785 0.000659051 -0.00405983 0.00844371 0.00468421 -0.0104478 -0.00163162 -3.03398e-05 -0.000484072 0.00190678 0.0030445 -0.00480769 -0.00213786 -0.000956938 -0.000559354 0.00315293 -0.0111111 -0.00225011
internal_weight=23127 11672 11455 11424 4157 7267 968 8479 1399 1344 6299 6065 1907 1138 234 151 475 134 2758 1648 1601 944 854 156 6572 3344 3218 1007 126 2211
internal_count=23127 11672 11455 11424 4157 7267 968 8479 1399 1344 6299 6065 1907 1138 234 151 475 134 2758 1648 1601 944 854 156 6572 3344 3218 1007 126 2211
is_linear=0
shrinkage=0.05


Tree=14
num_leaves=31
num_cat=0
split_feature=4 13 4 13 6 14 16 16 11 12 11 14 14 16 16 13 6 14 12 12 16 13 13 5 1 0 5 13 12 0
split_gain=40.4137 14.0747 11.9228 8.07165 7.54691 7.28753 5.69648 8.81515 8.08772 6.6028 5.96165 5.46067 7.33297 7.18915 8.12205 5.4221 5.84091 5.72907 4.73781 4.59184 4.49472 5.1028 4.43979 4.68853 4.20687 4.09111 4.04882 3.63587 3.44823 5.08926
threshold=0.020656229871065964 31.844999313354496 0.014465995102888771 27.855000495910648 -0.33843708496979458 0.013234785210327617 -0.026691097474093702 -0.0072176562115871526 0.012589195808640931 0.0061045845958173093 0.010281984282011216 0.039048416537089688 0.041398643260536445 -0.013052455584536269 -0.015603565813524787 16.894999504089359 -1.2839852934966922 0.005094684764536229 0.027224927035168659 0.028230710168881127 -1.0000000180025095e-35 21.664999961853031 27.070000648498539 0.017990096371334311 0.0086472321373347611 -0.027786052765896792 0.012275231670492737 14.340000152587892 0.028594683923194867 0.018275804546376121
decision_type=2 2 2 2 2 2 2 2 2 2 2 2 2 2 2 2 2 2 2 2 2 2 2 2 2 2 2 2 2 2
left_child=2 3 24 4 22 15 19 11 10 -10 20 -8 -13 14 -14 16 -4 28 -16 -7 21 -9 23 -2 -1 -6 -15 -26 -17 -30
right_child=1 -3 5 -5 25 6 7 8 9 -11 -12 12 13 26 18 17 -18 -19 -20 -21 -22 -23 -24 -25 27 -27 -28 -29 29 -31
leaf_value=-7.8410624561957128e-05 -1.0206827023721355e-05 0.00039658588377681873 -9.4669416301525558e-05 -0.00014117219014586941 0.000244798628724408 -0.00022618988950165724 0.00017898276248114718 -0.00012226879568966647 -0.00033032850737072726 -5.7621281449362971e-05 0.00023466624905743409 -0.00016108995731071033 7.4002540420650817e-05 0.00021718355306027948 -3.7349686800556853e-05 -2.7090151585131874e-05 -1.1277675989433841e-05 -0.0002060025210704919 -0.00031072784277704293 6.0460335285234418e-05 2.0012009794346782e-05 0.00012594712774660543 0.00027713989649225541 7.1530155307475947e-05 -5.1158050137088038e-05 7.4004175993665569e-05 -1.5988903186841316e-05 3.1794195915080953e-06 -0.00014821410721320557 9.2891141528636469e-05
leaf_weight=2161 3023 248 205 248 466 113 379 314 66 380 171 85 292 209 117 1452 3898 117 58 56 1197 73 63 1106 637 4607 45 695 646 46
leaf_count=2161 3023 248 205 248 466 113 379 314 66 380 171 85 292 209 117 1452 3898 117 58 56 1197 73 63 1106 637 4607 45 695 646 46
internal_value=-9.38592e-05 0.00235375 -0.00187519 0.0020472 0.00228548 -0.000990523 0.000822785 0.00126994 -0.000601999 -0.00661435 0.000925926 0.00474684 0.00241935 0.00405687 0.000374732 -0.00200346 -0.000920058 -0.00396948 -0.00814286 -0.00813609 -3.15657e-05 -0.00471576 0.000715649 0.000514652 -0.00438735 0.00358269 0.0108268 -0.00217718 -0.00338153 -0.00628613
internal_weight=23173 9761 13412 9513 9265 9919 3555 3386 2201 446 1755 1185 806 721 467 6364 4103 2261 175 169 1584 387 4192 4129 3493 5073 254 1332 2144 692
internal_count=23173 9761 13412 9513 9265 9919 3555 3386 2201 446 1755 1185 806 721 467 6364 4103 2261 175 169 1584 387 4192 4129 3493 5073 254 1332 2144 692
is_linear=0
shrinkage=0.05


Tree=15
num_leaves=31
num_cat=0
split_feature=5 13 10 11 9 14 10 16 11 16 9 10 14 16 15 15 10 16 15 11 11 16 10 14 13 10 3 16 7 14
split_gain=37.8665 13.719 10.2765 8.53781 7.70816 8.67607 6.96931 5.61418 6.19525 5.76668 5.28446 5.24715 5.22205 7.29118 7.15388 7.46677 6.28226 5.49885 5.2168 4.96587 9.58474 6.84217 6.51296 5.69084 6.16776 5.2168 4.77794 4.66849 4.54997 4.47712
threshold=0.010612322392738288 31.844999313354496 -0.0017470016399772079 0.024185912746781283 -0.14831326124230745 -0.0017400209240098772 0.0047561334202744785 -0.025720427038904366 -0.028186654574093969 -0.021262184434412631 0.063141672740179247 0.014545936349149692 0.027456401234134179 -0.014106937781781235 -0.006648289648052085 0.0069922460261293571 -0.0041028973297421159 -0.0013321776958777896 -0.0075395183980163641 0.042684586959819588 0.02246977949783591 -0.026691097474093702 0.0094657292137089195 0.06920052511090892 13.605000019073488 -0.01378806518059311 -0.011797398198932605 -0.0067968157563501044 -0.021922059098783527 -0.0028149085248330703
decision_type=2 2 2 2 8 2 2 2 2 2 8 2 2 2 2 2 2 2 2 2 2 2 2 2 2 2 2 2 2 2
left_child=2 4 7 11 -2 26 27 10 -9 -10 -1 -4 13 -11 18 -16 -15 -18 -14 20 21 25 -23 24 -22 -7 -6 -5 -8 -28
right_child=1 -3 3 6 5 19 28 8 9 12 -12 -13 14 16 15 -17 17 -19 -20 -21 23 22 -24 -25 -26 -27 29 -29 -30 -31
leaf_value=7.0587592863012759e-05 0.00011419324937372941 0.00034840925316540963 -8.1768081076657209e-05 0.00014866284444625281 0.00015673728988449109 0.00015728598320346654 0.0002027089695606589 0.00017675976759296379 0.00017127985047701917 -0.00016085868022291299 -0.00014669045648556633 4.6837507095392945e-05 3.8677337782632578e-07 0.0001131531784039568 -9.9319462200641451e-05 0.00010928429195584217 7.0475464225214617e-05 -4.7297133707745449e-05 0.00031439422808627313 0.00024294967102712168 0.00011302367201134145 5.7080954415388541e-05 0.00034380688910770596 0.00013653399158830592 -0.00014761865390927994 -0.00015788856993346359 -9.8682628816575309e-06 -8.2905172221480492e-05 2.7934837012648201e-05 -0.00025032911027834205
leaf_weight=51 1834 252 4428 40 197 54 59 143 89 97 122 161 401 313 720 124 174 371 57 101 64 4988 42 77 392 243 6980 265 327 93
leaf_count=51 1834 252 4428 40 197 54 59 143 89 97 122 161 401 313 720 124 174 371 57 101 64 4988 42 77 392 243 6980 265 327 93
internal_value=-0.000125758 0.00132696 -0.00292747 -0.00420455 0.00113342 0.000712342 0.000976845 -0.00039444 0.000210928 -0.000404945 -0.00910405 -0.00498475 -0.000897209 0.00191099 -0.00295699 -0.0056872 0.00337995 0.000137615 0.00207424 0.00212632 0.00193686 0.0025765 0.00301193 -0.00445591 -0.00657895 -0.00479798 -0.000447043 -0.00467213 0.00544041 -0.000660964
internal_weight=23259 15317 7942 5280 15065 13231 691 2662 2489 2346 173 4589 2257 955 1302 844 858 545 458 5961 5860 5327 5030 533 456 297 7270 305 386 7073
internal_count=23259 15317 7942 5280 15065 13231 691 2662 2489 2346 173 4589 2257 955 1302 844 858 545 458 5961 5860 5327 5030 533 456 297 7270 305 386 7073
is_linear=0
shrinkage=0.05


Tree=16
num_leaves=31
num_cat=0
split_feature=4 13 14 11 15 10 14 15 15 15 13 13 13 11 13 4 8 13 11 14 11 10 10 10 15 11 14 14 12 10
split_gain=35.0642 13.7397 7.64708 8.81442 10.4579 7.38172 10.6189 7.53057 7.18743 6.54632 6.37715 6.26915 9.64896 10.0628 6.16802 6.11937 6.05994 5.66025 5.25181 5.54618 5.14915 5.72719 13.4615 7.50342 7.20989 6.23459 5.44376 5.14092 4.77592 4.73252
threshold=0.018225275192410767 31.844999313354496 -0.0087527259018278496 0.014880662239239896 -0.002064703586625027 -0.0037293617198180247 0.018846539562811352 0.0069922460261293571 -0.006648289648052085 -0.010711339332625911 19.055000305175785 16.775000572204593 14.994999885559084 -0.0066597624727158236 16.614999771118168 0.011112111837090264 inf 18.94999980926514 -0.028186654574093969 0.035592479952137442 0.00053831818388905283 -0.0021138805299539261 -0.0029742003737800999 0.0034432931761126944 -0.0051753572402490891 0.01583058355048839 -0.041810588725082691 -0.05546753287916955 0.038282081037970601 -0.0059409935065934385
decision_type=2 2 2 2 2 2 2 2 2 2 2 2 2 2 2 2 8 2 2 2 2 2 2 2 2 2 2 2 2 2
left_child=5 2 16 9 14 6 -1 8 -8 -4 -6 12 15 -14 -5 -7 29 -13 -10 -20 28 22 -22 24 -23 -25 -27 -15 -17 -2
right_child=1 -3 3 4 10 11 7 -9 18 -11 -12 17 13 27 -16 20 -18 -19 19 -21 21 23 -24 25 -26 26 -28 -29 -30 -31
leaf_value=8.4709911644590986e-05 -0.00060131019363536043 0.00037987843941646111 -4.6346865165963237e-05 -3.8702625871976563e-05 -5.6937889392958898e-05 -0.00014326448620334152 1.7304279722261496e-05 0.0001830355212368658 0.0001406713870684303 9.7435349580713828e-05 -0.00028632092381435749 -0.00010837659953960417 -0.00014168765703126914 0.00013572099378723418 0.00016844125298327937 -7.8138454633358998e-05 -0.0001637904788916342 -2.920342971828101e-05 4.918896659390701e-05 -0.00011317303571756248 -0.00010132878729328615 4.7321205498349087e-05 0.00028094916137861323 -4.5536009427408912e-05 -8.9772012707518367e-05 0.0002289244028213064 1.5729890366142232e-05 1.8711997093829887e-05 -0.00021487673402018819 9.3565327224507367e-06
leaf_weight=377 41 251 422 237 713 188 716 183 91 5051 109 1408 162 302 319 441 206 1026 129 761 100 198 111 693 1185 106 459 1067 95 6065
leaf_count=377 41 251 422 237 713 188 716 183 91 5051 109 1408 162 302 319 441 206 1026 129 761 100 198 111 693 1185 106 459 1067 95 6065
internal_value=-2.15406e-06 0.00165871 0.00143774 0.00259451 -0.000979681 -0.00227597 0.00023261 -0.00130319 -0.00234237 0.00349443 -0.00456204 -0.00302679 -0.00203153 0.00129001 0.00431655 -0.00345358 0.000182193 -0.00511504 -0.00512232 -0.00629213 -0.00296635 -0.00212132 0.00580569 -0.00275464 -0.00529646 3.97456e-05 0.00393805 0.00268444 -0.00746269 0.000466754
internal_weight=23212 13414 13163 6851 1378 9798 2257 1880 1697 5473 822 7541 5107 1531 556 3576 6312 2434 981 890 3388 2852 211 2641 1383 1258 565 1369 536 6106
internal_count=23212 13414 13163 6851 1378 9798 2257 1880 1697 5473 822 7541 5107 1531 556 3576 6312 2434 981 890 3388 2852 211 2641 1383 1258 565 1369 536 6106
is_linear=0
shrinkage=0.05


Tree=17
num_leaves=31
num_cat=0
split_feature=5 14 12 12 16 12 5 11 11 12 15 15 12 10 14 6 11 11 10 12 14 10 10 15 12 5 15 15 10 14
split_gain=33.401 11.143 7.60192 9.13045 7.10592 8.49046 6.83692 6.544 8.06099 6.04264 6.02889 6.43637 7.17795 5.67173 5.75245 5.78225 5.59891 5.91791 5.49513 6.30038 8.30472 5.29409 5.44045 5.10371 4.91191 4.62676 4.29568 8.46777 4.22299 5.86519
threshold=0.012054873614684266 0.003286853869637119 0.028594683923194867 0.027544134222988518 -0.014888244990369169 -0.062212447341067838 0.0085660678439706591 -0.040606283895635913 -0.031453464626615406 -0.071455509470426767 0.011794930710199216 0.0085269371357591401 0.00075812242422568243 -0.0016165768674121226 0.01016731697942619 -0.17548630395142406 0.014880662239239896 0.010281984282011216 -0.0019499726080666744 0.040552137472516188 0.06028471113356227 0.00034889263673931753 0.003711171639750988 -0.0018680133120324014 0.057873618969341407 0.021499692954318837 -0.0016496207019378593 0.00081677492092480108 0.0038763574350731971 -0.036136320679139293
decision_type=2 2 2 2 2 2 2 2 2 2 2 2 2 2 2 2 2 2 2 2 2 2 2 2 2 2 2 2 2 2
left_child=6 2 3 4 9 25 -1 -3 -9 -2 11 12 -7 -8 15 -15 17 21 -18 20 23 -10 26 -20 -16 -6 -23 -28 29 -17
right_child=1 7 -4 -5 5 10 13 8 16 -11 -12 -13 -14 14 24 28 18 -19 19 -21 -22 22 -24 -25 -26 -27 27 -29 -30 -31
leaf_value=-5.4150168611773755e-05 0.00044207595379984114 0.00031199486853631612 -3.0509742964168709e-05 0.00030601133306397014 -0.00017792774906265948 0.00011039365281818002 5.2936120972328466e-06 -0.00011791486341730809 0.00010886217814377927 -8.8899070113319803e-05 0.00026928537530349848 -7.3322596281401276e-05 1.3830709115206946e-05 -6.4205628724329109e-05 -2.7626333357787336e-06 6.6480577023542636e-05 -0.00015570439064936008 0.00024976777978330246 4.3726743911247979e-05 0.0001922656255032738 0.00035765914423739663 -0.00031015810407491686 0.00010511722762806221 -0.00014730155782425775 0.00012683984031428 0.00019508336214706012 0.00028725836214000053 -0.0001774733938552044 8.8489722150386984e-06 -0.00010826163923616914
leaf_weight=2586 51 220 2626 129 145 1137 3157 173 2877 615 301 277 1364 2678 951 193 129 352 178 254 65 109 115 245 111 45 81 94 1359 638
leaf_count=2586 51 220 2626 129 145 1137 3157 173 2877 615 301 277 1364 2678 951 193 129 352 178 254 65 109 115 245 111 45 81 94 1359 638
internal_value=-9.78284e-05 0.00180452 0.000478326 0.00183317 0.00140407 0.00236311 -0.00198535 0.00361815 0.00322132 -0.0033033 0.0029961 0.00226782 0.00306877 -0.00133983 -0.00225126 -0.00297864 0.00362858 0.00449283 2.87026e-05 0.00168464 -0.00163934 0.00383089 -0.00156642 -0.00419622 0.00108286 -0.00789474 -0.00528169 -0.000428571 -0.00107306 -0.00388087
internal_weight=23255 11582 6690 4064 3935 3269 11673 4892 4672 666 3079 2778 2501 9087 5930 4868 4499 3628 871 742 488 3276 399 423 1062 190 284 175 2190 831
internal_count=23255 11582 6690 4064 3935 3269 11673 4892 4672 666 3079 2778 2501 9087 5930 4868 4499 3628 871 742 488 3276 399 423 1062 190 284 175 2190 831
is_linear=0
shrinkage=0.05


Tree=18
num_leaves=31
num_cat=0
split_feature=4 13 4 1 14 10 15 6 13 15 10 12 14 11 14 6 9 11 13 13 12 14 11 14 1 9 13 13 9 10
split_gain=30.6601 10.6253 8.1819 6.60172 6.13771 6.1249 5.49591 5.04702 5.0322 5.53746 5.25213 4.57138 4.54284 4.53962 4.45867 4.26494 4.82621 4.17239 6.28258 5.62366 6.09592 5.02739 4.25015 5.84619 4.14276 4.04787 3.887 4.15309 3.76788 3.68627
threshold=0.020261029634216367 31.844999313354496 0.014758384601812105 0.013348346245457889 0.013234785210327617 -0.0016894339030639747 0.0056580150636684765 -0.33843708496979458 16.894999504089359 0.014784575924296052 0.01542612816856115 -0.062212447341067838 -0.0051066036826416519 -0.035697741943328191 0.015727597801877272 -1.2839852934966922 -0.014156142253305691 -0.012951361499321188 19.329999923706058 16.550000190734867 0.014938847679140889 -0.060408912479391223 0.011915744624196202 0.012431899030548645 -0.01945039704187845 0.17403966866702805 24.695000648498539 25.960000038146976 -0.13510844079289128 -0.023232598164511228
decision_type=2 2 2 2 2 2 2 2 2 2 2 2 2 2 2 2 10 2 2 2 2 2 2 2 2 8 2 2 10 2
left_child=2 7 3 -1 5 6 -4 17 10 12 15 24 -10 -13 -6 16 -7 25 19 -19 -21 28 -23 -24 -9 -2 -16 -28 -20 -3
right_child=1 29 4 -5 14 8 -8 11 9 -11 -12 13 -14 -15 26 -17 -18 18 21 20 -22 22 23 -25 -26 -27 27 -29 -30 -31
leaf_value=-6.6658087913246044e-05 0.00013251151322439978 0.0001497495869481341 4.1919448768339123e-05 -7.9291891247453883e-06 0.00019535403413865459 -0.00016079180574801746 -0.00024651956844207678 0.00031422800102352263 -7.6566697526645911e-05 0.00014210364376263178 0.00012135360033935645 0.00031318766026602895 -0.00021064813967030293 6.4937518043042903e-05 9.9996943222547575e-07 -2.3811086741385009e-05 -1.3682497930075532e-06 -1.5661015045514721e-05 1.7188663049000635e-05 0.00019589471330868177 1.9730034607842297e-05 -8.348597728184008e-05 0.00019380902149176307 -0.00011736803777095483 -0.00015773528347599961 -6.5660966509038796e-05 0.00030946433065548652 4.3676688368582147e-05 -0.00019990873281065758 0.00044862634745828852
leaf_weight=2784 571 107 752 1148 124 107 55 52 1533 49 118 53 111 5271 2921 2861 82 1803 48 455 759 447 127 118 161 127 54 81 221 146
leaf_count=2784 571 107 752 1148 124 107 55 52 1533 49 118 53 111 5271 2921 2861 82 1803 48 455 759 447 127 118 161 127 54 81 221 146
internal_value=-0.000172073 0.00183451 -0.00181534 -0.00371312 -0.000971971 -0.00195836 0.00207559 0.00158377 -0.00262806 -0.00482871 -0.00145202 0.0026052 -0.00532238 0.00289256 0.000786164 -0.00185246 -0.00912698 0.000374251 -0.000251383 0.00087007 0.00350082 -0.00377211 -0.00151734 0.00377551 -0.00457746 0.00393983 0.000409031 0.0087037 -0.00957249 0.0119565
internal_weight=23246 10466 12780 3932 8848 5668 807 10213 4861 1693 3168 5537 1644 5324 3180 3050 189 4676 3978 3017 1214 961 692 245 213 698 3056 135 269 253
internal_count=23246 10466 12780 3932 8848 5668 807 10213 4861 1693 3168 5537 1644 5324 3180 3050 189 4676 3978 3017 1214 961 692 245 213 698 3056 135 269 253
is_linear=0
shrinkage=0.05


Tree=19
num_leaves=31
num_cat=0
split_feature=4 13 14 11 15 10 13 13 15 16 8 16 16 14 12 12 12 15 15 12 13 12 10 12 13 3 5 16 11 14
split_gain=28.249 10.8687 7.7911 9.61649 9.58781 7.56403 6.99188 6.65203 6.2739 6.20975 5.74301 5.31005 6.46578 6.03696 7.77845 7.89088 8.38626 7.66185 6.70893 6.43379 6.44686 6.21201 8.39964 5.91775 5.74299 5.37138 5.29531 5.3746 4.9198 4.66686
threshold=0.017516673973807639 31.844999313354496 -0.0087527259018278496 0.014880662239239896 -0.002064703586625027 0.0047561334202744785 16.614999771118168 15.944999694824221 0.0027574835572165006 -0.026691097474093702 inf -0.015603565813524787 -0.014545013236814451 -0.19490876951167976 -0.042339723299349867 0.028594683923194867 0.027728994316604031 0.011794930710199216 0.0086508721822939911 0.0037862010061723299 15.375000000000002 0.059758748559170745 0.013109339753378581 -0.071455509470426767 24.779999732971195 0.0072415734385244965 0.0072499827456686478 0.016071978283950131 -0.0099347791487244246 -0.036818887874406285
decision_type=2 2 2 2 2 2 2 2 2 2 8 2 2 2 2 2 2 2 2 2 2 2 2 2 2 2 2 2 2 2
left_child=26 2 10 9 6 -6 7 -5 -7 -4 11 23 -13 -14 25 16 17 18 19 20 -16 -17 29 -2 -22 -15 27 -1 -19 -23
right_child=1 -3 3 4 5 8 -8 -9 -10 -11 -12 12 13 14 15 21 -18 28 -20 -21 24 22 -24 -25 -26 -27 -28 -29 -30 -31
leaf_value=-9.208918369941941e-05 0.00028307474563642171 0.00031001170051322226 -6.9498401995139627e-05 1.7755281227855224e-05 -0.00010698633773330398 -0.00015994321912976832 0.00017165927055333804 -0.00048057081469651439 0.00011502485019794979 7.644074694957517e-05 -0.00015288601902472274 0.00036981971860265288 0.00036217206490935595 -0.00015914297018607615 -6.5421602768920642e-05 -4.8266405271549157e-05 0.00030888625543354332 -7.7369040880553944e-05 -7.0864175153904623e-05 -3.4694736475319145e-06 0.0001612173067150385 0.00024918361841428971 -0.00023739517094993211 -7.6567352433853843e-05 -4.9429590445238767e-05 0.00014640640141047359 -3.1315227867544374e-05 7.5838097302389576e-05 0.00037845751766169933 2.4688885010935987e-05
leaf_weight=510 55 257 360 222 648 90 319 40 178 5578 234 61 46 362 145 1723 111 47 302 1310 786 191 56 807 87 48 8064 47 184 310
leaf_count=510 55 257 360 222 648 90 319 40 178 5578 234 61 46 362 145 1723 111 47 302 1310 786 191 56 807 87 48 8064 47 184 310
internal_value=-0.000153162 0.00119015 0.00100699 0.00212845 -0.00145291 -0.00463974 0.00357143 -0.00248092 0.00242537 0.00303132 -0.000207575 6.40929e-05 0.000611024 0.000437982 0.000291416 0.000809216 0.00250673 0.00198357 0.00121673 0.00212629 0.00510806 -0.00140351 0.00318671 -0.00359629 0.00672967 -0.00634146 -0.00242141 -0.00713645 0.0107143 0.00523952
internal_weight=23178 14557 14300 7435 1497 916 581 262 268 5938 6865 6631 5769 5708 5662 5252 2972 2861 2630 2328 1018 2280 557 862 873 410 8621 557 231 501
internal_count=23178 14557 14300 7435 1497 916 581 262 268 5938 6865 6631 5769 5708 5662 5252 2972 2861 2630 2328 1018 2280 557 862 873 410 8621 557 231 501
is_linear=0
shrinkage=0.05


Tree=20
num_leaves=31
num_cat=0
split_feature=5 4 11 13 14 16 15 14 15 11 16 14 15 11 16 14 14 11 11 11 14 15 15 9 16 16 11 13 13 15
split_gain=22.5671 9.65292 8.98018 6.59262 5.6584 6.40838 8.32425 5.47568 6.07457 5.82236 7.46892 8.25772 6.11759 5.25316 6.48701 5.11176 5.02263 6.3496 5.12527 7.23808 6.48555 6.30311 6.21498 5.70625 7.2699 5.05936 5.10631 8.08348 5.13141 4.88285
threshold=0.010572357672061749 0.027246385282844027 -0.040606283895635913 24.779999732971195 0.025116667172691901 0.027930863160154477 0.016135816358487268 0.031125014591034009 0.0017711347714257644 -0.010447917606839994 -0.013052455584536269 0.11927434384443127 -0.0010624050237267311 0.025879886513439202 -0.0032556373187355154 -0.13532199000438486 -0.056340529311790281 -0.031453464626615406 -0.0071058525984615808 -0.0083605121660306741 -0.055141973533754989 -0.0043641411129953225 -0.011209144805754188 0.07368051684579581 -0.0080323944609144143 -0.015603565813524787 0.0056452584945124737 19.440000534057621 15.295000076293947 0.016782914100325733
decision_type=2 2 2 2 2 2 2 2 2 2 2 2 2 2 2 2 2 2 2 2 2 2 2 8 2 2 2 2 2 2
left_child=3 4 -3 13 5 6 15 -6 9 10 11 -9 -11 -1 -15 -2 25 -18 19 -19 -20 22 -22 24 -24 -17 28 -28 -27 -4
right_child=1 2 29 -5 7 -7 -8 8 -10 12 -12 -13 -14 14 -16 16 17 18 20 -21 21 -23 23 -25 -26 26 27 -29 -30 -31
leaf_value=-3.971267116800945e-05 -0.00013075097795901355 0.000436412049032147 8.3069151306133516e-05 0.00020985707034367417 0.00016191308139452715 -9.3002837439881914e-05 0.00024507668391499728 8.8683270721641628e-05 9.8012515300848347e-05 -1.1603472769859247e-05 0.00016186723813776504 -0.00016921319052500645 -0.00017403623123734069 0.00019340331388487122 -3.0086445464207322e-06 -0.00012687651308028501 -0.0001877503275106437 1.7411765914833282e-05 -0.00028307210750502966 0.00025106468956407539 -0.00014762379076690703 -2.8962897830706765e-05 0.00020767187717288138 -2.8556407774248032e-05 4.1328425617084228e-05 -6.215052263047463e-05 7.5889720857477786e-05 -0.00016176225074805277 0.00016178762764286673 -0.00011120734958737087
leaf_weight=7175 275 120 3586 83 252 369 123 131 1084 1159 390 115 201 104 480 155 128 739 69 128 103 3866 250 267 387 79 623 102 499 116
leaf_count=7175 275 120 3586 83 252 369 123 131 1084 1159 390 115 201 104 480 155 128 739 69 128 103 3866 250 267 387 79 623 102 499 116
internal_value=-8.85223e-05 0.00102834 0.00320513 -0.00226983 0.000304507 -0.000404313 -9.94482e-05 0.00204082 0.00146104 -0.000175351 0.00377358 -0.00304878 -0.00202206 -0.00241977 0.00214041 -0.000306389 -5.74713e-05 -0.000703217 -0.000460492 0.00308535 -0.00108256 -0.000867022 0.00265641 0.0039823 0.00655416 0.00257202 0.00358787 0.000793103 0.00709343 0.00276877
internal_weight=23158 15316 3822 7842 11494 8162 7793 3332 3080 1996 636 246 1360 7759 584 7670 7395 5937 5809 867 4942 4873 1007 904 637 1458 1303 725 578 3702
internal_count=23158 15316 3822 7842 11494 8162 7793 3332 3080 1996 636 246 1360 7759 584 7670 7395 5937 5809 867 4942 4873 1007 904 637 1458 1303 725 578 3702
is_linear=0
shrinkage=0.05


Tree=21
num_leaves=31
num_cat=0
split_feature=4 13 6 4 4 6 10 15 4 16 13 12 12 3 10 8 12 15 3 16 15 16 4 12 16 14 14 10 8 16
split_gain=22.7525 8.76771 7.64099 4.82693 4.70353 4.65855 4.67881 4.82191 4.76837 4.43382 4.23715 3.86236 3.83169 3.76337 3.71544 3.6913 3.55783 3.20646 3.87002 3.19419 7.50372 5.42054 4.83611 3.73701 4.89112 3.61948 4.80917 3.90722 4.38547 3.83113
threshold=0.02235098349495623 31.844999313354496 -0.35113987352078707 0.01082141068147895 0.017157365524512042 0.23331098195817823 0.010824112764753148 -0.0037042067432477839 0.034934460069920077 -0.019766072242701434 12.00999975204468 0.028749037613273857 0.018300587263459293 -0.0089758758130244459 0.0083252944612894914 0.058518296847721925 -0.049048436065559579 0.0064978642883340995 0.0033762286437593052 -0.024367077995259608 -0.0055068300983705512 -0.019157039381033466 0.015411746029410747 0.043286848423385378 -0.019766072242701434 -0.062752290881895975 -0.10344834121785244 -0.0084264331718765222 -0.12676519024221569 -0.008308872032352253
decision_type=2 2 2 2 2 2 2 2 2 2 2 2 2 2 2 8 2 2 2 2 2 2 2 2 2 2 2 2 10 2
left_child=2 5 4 -4 -1 6 9 -8 -9 11 -5 -2 -11 -12 17 -6 -3 18 -14 20 22 23 -15 24 -21 26 29 -27 -29 -23
right_child=1 16 3 10 15 -7 7 8 -10 12 13 -13 14 19 -16 -17 -18 -19 -20 21 -22 25 -24 -25 -26 27 -28 28 -30 -31
leaf_value=-4.7479568934400795e-05 -7.8010865072165872e-05 0.00037306103585097502 -7.8490987024530713e-05 -0.00028066854726549776 -4.3008874723492402e-06 0.00011786760091326335 -0.00023899244923078855 -8.0210596550567888e-05 0.00024217898185091786 7.9602169596072579e-05 0.00010569107117319309 0.00016402873921489075 -6.8948573759449778e-06 -9.7822514506032193e-05 0.00019567144591919468 -5.6793487479058154e-05 3.5749463175795487e-05 -8.0227062525845154e-05 0.00015290931462323185 6.1238862403829258e-06 -0.00021198323054706918 0.00017904552689280566 7.083125764431433e-05 0.00059000627164787478 0.00025176760263264899 4.5873091064814251e-05 8.5777357836487521e-05 -0.00012645922212862118 -1.3981210732417539e-05 -0.0001039669257933302
leaf_weight=3446 473 169 148 40 2724 2218 67 350 71 2112 392 110 1248 112 189 565 59 278 350 290 117 54 189 44 97 786 611 182 5390 297
leaf_count=3446 473 169 148 40 2724 2218 67 350 71 2112 392 110 1248 112 189 565 59 278 350 290 117 54 189 44 97 786 611 182 5390 297
internal_value=-3.88299e-05 0.00218352 -0.00114312 -0.000168591 -0.00240906 0.00188856 0.0010766 -0.00358607 -0.00160333 0.00155462 -1.45332e-05 -0.00253002 0.00212473 6.13246e-05 0.00059322 -0.00105655 0.0118421 -7.99574e-05 0.000782228 -0.000168319 -0.00442584 6.12824e-05 -0.000249169 0.00551044 0.00394057 -0.000259563 0.00259875 -0.000692042 -0.00115757 -0.00206553
internal_weight=23178 7694 15484 8749 6735 7466 5248 488 421 4760 8601 583 4177 8561 2065 3289 228 1876 1598 8169 418 7751 301 431 387 7320 962 6358 5572 351
internal_count=23178 7694 15484 8749 6735 7466 5248 488 421 4760 8601 583 4177 8561 2065 3289 228 1876 1598 8169 418 7751 301 431 387 7320 962 6358 5572 351
is_linear=0
shrinkage=0.05


Tree=22
num_leaves=31
num_cat=0
split_feature=4 4 11 10 15 15 16 15 14 15 15 13 12 16 1 16 12 15 10 11 15 12 7 11 11 15 8 13 15 11
split_gain=24.2281 10.116 8.29233 7.03655 5.66184 6.14973 8.03797 9.51358 7.16774 6.66196 6.80408 6.93273 6.59292 6.43079 5.63794 5.61388 5.38943 4.99285 6.28627 5.80938 5.14598 5.00126 4.94434 4.90788 7.05019 4.7947 4.77452 4.76288 9.61975 4.70173
threshold=0.023805015675975635 0.014758384601812105 -0.040606283895635913 1.0000000180025095e-35 -0.008762534383745189 0.0032126347634687806 -0.0099147946184501828 0.0075799037424203472 0.0080830591469587282 0.002979023898817879 -0.0069411664997285896 17.695000648498539 0.037030624356881099 0.025011262217436329 0.014016982971785221 -0.011801999094799452 0.031326676992261111 -0.00059115847570045943 0.015021993582677752 0.011915744624196202 0.002209120335833981 0.024709772202027306 -0.0054530120410672947 -0.012158378577427352 -0.015679772659318188 0.0033269211579459728 0.053160317914729423 15.75500011444092 0.016135816358487268 0.0058629672128354135
decision_type=2 2 2 2 2 2 2 2 2 2 2 2 2 2 2 2 2 2 2 2 2 2 2 2 2 2 10 2 2 2
left_child=1 14 -2 23 16 8 -7 13 12 10 -10 -12 17 25 -1 -14 26 18 19 -6 -19 -21 -22 24 -3 -8 -5 -9 29 -29
right_child=2 3 -4 4 5 6 7 27 9 -11 11 -13 15 -15 -16 -17 -18 20 -20 21 22 -23 -24 -25 -26 -27 -28 28 -30 -31
leaf_value=-5.7129597579087533e-05 0.00035880418714064749 3.1316215380605437e-05 5.4176475044973896e-05 0.00015192016053537985 -7.5594170122076374e-05 -0.00011611686693722869 0.00058337728800645456 1.4538653292046921e-05 -0.00020418429235555111 -0.0001781505614502529 3.0815637793373767e-05 0.00032524995461032644 5.0688921564903937e-05 -9.7247050178036543e-05 -4.8139603973761625e-06 -0.00014178781631960218 -8.359257126739047e-05 -0.00011089225054204057 0.00023278663850069068 -1.363085002198546e-05 9.0407473370851716e-05 0.00014479401510300412 -6.0330137425974009e-05 1.8463114609340929e-07 0.00017018820075474818 5.8416981751072735e-05 -0.00012208256115410398 -4.7491156439044996e-05 0.00018798493985030219 -0.00014109834172098607
leaf_weight=2866 169 1236 6079 294 719 207 42 608 44 47 467 106 101 106 1100 888 183 738 98 264 163 166 213 4104 261 1136 54 414 72 267
leaf_count=2866 169 1236 6079 294 719 207 42 608 44 47 467 106 101 106 1100 888 183 738 98 264 163 166 213 4104 261 1136 54 414 72 267
internal_value=-0.000124935 -0.00110528 0.00253681 -0.000430836 -0.00144315 -0.00182785 -5.25947e-05 0.000689981 -0.00308919 0.00165663 0.0030389 0.00449389 -0.00402985 0.00377726 -0.00331568 -0.00745703 0.00353107 -0.00259424 -0.00042101 -0.00145779 -0.00502693 0.00313953 -0.000265957 0.000906088 0.00335671 0.00483871 0.00718391 -0.00222263 -0.00488048 -0.00671806
internal_weight=23212 16964 6248 12998 7397 6866 2852 2645 4014 664 617 573 3350 1284 3966 989 531 2361 1247 1149 1114 430 376 5601 1497 1178 348 1361 753 681
internal_count=23212 16964 6248 12998 7397 6866 2852 2645 4014 664 617 573 3350 1284 3966 989 531 2361 1247 1149 1114 430 376 5601 1497 1178 348 1361 753 681
is_linear=0
shrinkage=0.05


Tree=23
num_leaves=31
num_cat=0
split_feature=4 6 13 14 4 13 16 16 5 16 14 12 6 15 11 13 13 15 16 11 16 10 16 16 12 14 11 14 11 6
split_gain=20.2384 8.30291 6.76196 6.45632 4.84736 4.81806 6.57321 4.71583 4.7031 4.41281 4.67199 7.08402 4.0785 3.90248 5.34127 7.45336 6.74709 5.99112 5.74885 6.89497 5.39931 6.32204 5.09191 4.93464 6.30434 4.83074 6.97707 5.88021 4.76274 4.6221
threshold=0.02235098349495623 1.207167624503078 24.779999732971195 0.025116667172691901 0.013826898652372728 46.145000457763679 -0.013052455584536269 -0.021604276738869384 0.020083360308737676 -0.010939910356610403 0.18763840935801293 -0.019773696142234506 -0.35780807461990288 -0.0099848994484660319 -0.0071058525984615808 17.82499980926514 17.180000305175785 0.014317072632795471 -0.019543757942203307 0.011634052199270497 0.0074069148931592563 0.0081956619817711313 -0.022215379816105382 0.016418953448705701 0.012544135938263425 -0.019219245464752229 -0.0016854433058603455 0.066707247335420675 0.030070663333597095 -1.3077064684061952
decision_type=2 2 2 2 2 2 2 2 2 2 2 2 2 2 2 2 2 2 2 2 2 2 2 2 2 2 2 2 2 2
left_child=1 2 4 8 -1 6 12 -3 -2 -8 11 -11 -5 28 15 22 29 18 19 -18 21 25 -15 -22 -25 -20 -27 -28 -6 -16
right_child=3 7 -4 5 13 -7 9 -9 -10 10 -12 -13 -14 14 16 -17 17 -19 20 -21 23 -23 -24 24 -26 26 27 -29 -30 -31
leaf_value=-4.7345811951566991e-05 6.39559194783861e-06 -0.00011157676853764542 0.00013263780756195111 -8.1171129343939584e-05 5.886249572450474e-05 0.00067906910871038707 0.00047786899134192614 4.8229606312643825e-05 0.00011396591023715252 0.00033903765686701969 -0.00011730398595919111 0.00010847748234802854 7.8884853459110403e-05 -0.00017104698277769782 -7.7480989222296305e-05 4.736372188487268e-05 -2.7175981141557766e-05 0.00013100275225829501 -7.6908380415600594e-06 0.00050706802436751761 1.0782294977886585e-05 -0.00022316951132053572 -2.0864122068823557e-05 -0.0001664687259708574 -2.4715229362363937e-05 -0.00029502535612355868 -0.00010046721201680892 0.00010285909213999557 -0.00018830806323185271 -1.4544385037478912e-05
leaf_weight=2279 4352 147 243 239 607 52 58 1735 1010 301 116 1230 348 100 292 1304 94 98 249 43 478 228 788 152 239 132 454 97 41 5625
leaf_count=2279 4352 147 243 239 607 52 58 1735 1010 301 116 1230 348 100 292 1304 94 98 249 43 478 228 788 152 239 132 454 97 41 5625
internal_value=-0.000100514 -0.00114587 -0.00157831 0.00199195 -0.00172932 0.00418089 0.00383944 0.00196599 0.00103506 0.00541056 0.00493321 0.00566623 -0.00072402 -0.00129525 -0.00153042 0.000661496 -0.00211771 -0.00443905 -0.00498615 0.00492701 -0.0056555 -0.00788793 -0.00287162 -0.00267549 -0.00684143 -0.00606223 -0.00823572 -0.00576225 0.00246914 -0.00122951
internal_weight=23131 15425 13543 7706 13300 2344 2292 1882 5362 1705 1647 1531 587 11021 10373 2192 8181 2264 2166 137 2029 1160 888 869 391 932 683 551 648 5917
internal_count=23131 15425 13543 7706 13300 2344 2292 1882 5362 1705 1647 1531 587 11021 10373 2192 8181 2264 2166 137 2029 1160 888 869 391 932 683 551 648 5917
is_linear=0
shrinkage=0.05


Tree=24
num_leaves=31
num_cat=0
split_feature=5 14 13 5 13 13 11 11 11 14 8 13 8 1 10 16 10 10 16 10 10 15 10 16 14 16 15 10 14 15
split_gain=15.6434 7.89357 6.34413 5.24527 4.7898 9.27762 6.90898 5.70856 5.48519 8.17523 5.4159 4.95515 4.83131 4.55441 4.7584 5.04459 4.47243 6.77422 4.28469 5.86679 4.36775 4.51056 5.37282 4.53653 4.29817 4.24359 8.67718 4.87222 6.33436 6.70577
threshold=0.012054873614684266 0.025116667172691901 24.779999732971195 0.021183231456899248 17.945000648498539 18.444999694824222 0.0072949527951166057 0.006555889816587058 -0.011803471640552064 0.17323568959812755 -0.053597526830243873 19.23499965667725 -0.0036287286939631343 -0.05763429302047373 -0.0074311148447236399 -0.00042831999420861461 -0.015213589282174643 -0.012508695077667052 0.023618735315878551 -0.00262768472957231 -0.0022250853133904398 0.011794930710199216 -0.0016894339030639747 0.0079833055058119457 0.021982133330242685 -0.024367077995259608 -0.0067487479258115371 -0.0016165768674121226 0.031451069873502109 0.0069922460261293571
decision_type=2 2 2 2 2 2 2 2 2 2 8 2 10 2 2 2 2 2 2 2 2 2 2 2 2 2 2 2 2 2
left_child=2 3 25 13 6 -6 7 -3 9 16 -10 12 -12 -2 15 -15 -7 -18 19 -16 -21 22 -22 -23 -20 26 -1 28 -27 -30
right_child=1 4 -4 -5 5 8 -8 -9 10 -11 11 -13 -14 14 18 -17 17 -19 24 20 21 23 -24 -25 -26 27 -28 -29 29 -31
leaf_value=-9.5224041700781813e-06 0.00011306717018930778 -9.7726510966058777e-06 0.00013684302094526548 0.00011289170565686007 0.00035478162743732386 0.0003645496224245445 0.00012454583438280522 -0.00026114721163475392 0.00013413580240025284 -3.5843124460399095e-05 -0.00012321030581838823 -9.5869440930693433e-05 0.0003344361336410813 -0.00029416636520766945 9.8312699940794442e-05 1.7452468474181894e-05 -5.5965325714713024e-05 0.0001873231888363716 -3.7176899830740787e-05 -0.00010431134931545797 0.00013033151151655779 -1.3073551029643867e-05 -1.5731829305323753e-05 0.00024187074750350716 -0.00022284447729509763 3.4747697032341017e-05 -0.0001848567270622811 -2.8566406641747368e-05 -4.3650452397824589e-05 0.00014286617822945619
leaf_weight=339 402 890 206 756 216 297 506 53 162 265 63 432 69 81 705 58 100 362 581 101 97 163 4864 256 40 1606 233 7278 1768 230
leaf_count=339 402 890 206 756 216 297 506 53 162 265 63 432 69 81 705 58 100 362 581 101 97 163 4864 256 40 1606 233 7278 1768 230
internal_value=-0.000124035 0.00118283 -0.00141509 0.000333169 0.00319912 0.00480671 0.00101794 -0.00151113 0.0036 0.00595703 0.000275482 -0.00203901 0.00643939 -7.48503e-05 -0.000374316 -0.00953237 0.00859684 0.00551948 -0.000187307 0.000210152 -0.000342091 -0.000148699 -0.000569442 0.00483294 -0.00414654 -0.0015715 -0.00576923 -0.00135085 0.000152608 -0.00172673
internal_weight=23179 11519 11660 8104 3415 1966 1449 943 1750 1024 726 564 132 7348 6946 139 759 462 6807 6186 5481 5380 4961 419 621 11454 572 10882 3604 1998
internal_count=23179 11519 11660 8104 3415 1966 1449 943 1750 1024 726 564 132 7348 6946 139 759 462 6807 6186 5481 5380 4961 419 621 11454 572 10882 3604 1998
is_linear=0
shrinkage=0.05


Tree=25
num_leaves=31
num_cat=0
split_feature=5 6 6 14 15 15 10 10 13 14 9 16 16 12 12 12 16 13 10 14 13 12 10 9 12 14 14 9 10 16
split_gain=17.3776 7.85262 6.24731 4.79883 4.54045 7.20621 8.19743 8.63698 6.28292 5.78309 6.44903 6.1642 5.58974 5.4214 5.18584 10.3691 9.05491 5.80668 5.45562 6.70192 6.06446 5.94976 5.11023 8.87847 8.03883 7.51068 6.48002 4.95913 4.82649 4.67302
threshold=0.013526543579227697 1.8513492485428185 -0.33843708496979458 0.0012326341754252958 0.0026263249721344421 0.0079495753881823079 0.0039394105391010745 -0.0017470016399772079 12.644999980926515 -0.047825209867674183 0.21073189910004367 0.016867159309832073 -0.0082686160748858244 0.0062346359643689073 0.028951944914526465 0.023026586381748374 -0.014383548803740985 12.434999942779543 -0.0016165768674121226 -0.0035273854570452286 16.775000572204593 0.073733903664651171 0.0017576086312266483 -0.24224324550381723 0.0037862010061723299 -0.024386374603210522 -0.019219245464752229 0.2664527333497852 -0.0028966274865073745 -0.025720427038904366
decision_type=2 2 2 2 2 2 2 2 2 2 8 2 2 2 2 2 2 2 2 2 2 2 2 10 2 2 2 8 2 2
left_child=1 3 -2 4 14 6 7 -6 -7 10 -9 -11 13 -8 15 22 -16 -17 28 20 -20 -22 25 -24 26 -1 -25 -14 -18 -27
right_child=2 -3 -4 -5 5 8 12 9 -10 11 -12 -13 27 -15 16 17 18 -19 19 -21 21 -23 23 24 -26 29 -28 -29 -30 -31
leaf_value=6.939824993426579e-05 4.5683630505484985e-06 4.7159125999992043e-05 7.3783356919725432e-05 -3.8647212133821086e-06 0.00010927015543645857 -0.00023612248779305295 5.8504585824228152e-05 -7.1740627402671958e-05 -4.9206113208244336e-05 -0.00011388248447645744 0.00012893793227557635 1.6462637715493377e-05 9.0928214624909012e-05 -0.00013070417042682872 6.9366343102073079e-05 -0.00023389664412412376 -7.8743684430084915e-05 0.00010237277547946187 -5.8345133732171615e-05 -0.0003019333735216021 -0.00024059016597851449 0.0001182152596709226 -0.0001851203083937554 9.9200716129785493e-06 -8.42440440209566e-05 -0.00029646284841481453 0.00034880797452967692 -2.3037718874494691e-05 0.00018520228545369479 -2.1119917187546766e-05
leaf_weight=316 3774 1095 4366 6092 188 44 70 46 1053 532 65 171 917 142 154 41 177 399 867 135 304 43 337 305 656 58 56 232 63 492
leaf_count=316 3774 1095 4366 6092 188 44 70 46 1053 532 65 171 917 142 154 41 177 399 867 135 304 43 337 305 656 58 56 232 63 492
internal_value=-7.97758e-05 -0.00108638 0.00178133 -0.00140631 -0.00222243 -0.000867052 0.000687685 -0.00274451 -0.00421604 -0.00497543 0.00563063 -0.00665007 0.00321455 -0.00424528 -0.00328753 -0.0018985 -0.00540734 0.00511364 -0.00652926 -0.00776501 -0.00658979 -0.0121758 -0.00328829 -0.00520679 -0.00287611 -0.000288684 0.00311634 0.00459095 0.000416667 -0.00381818
internal_weight=23190 15050 8140 13955 7863 3460 2363 1002 1097 814 111 703 1361 212 4403 2660 1743 440 1589 1349 1214 347 2220 1354 1017 866 361 1149 240 550
internal_count=23190 15050 8140 13955 7863 3460 2363 1002 1097 814 111 703 1361 212 4403 2660 1743 440 1589 1349 1214 347 2220 1354 1017 866 361 1149 240 550
is_linear=0
shrinkage=0.05


Tree=26
num_leaves=31
num_cat=0
split_feature=4 13 10 6 11 13 14 13 11 13 14 10 10 11 13 3 14 3 16 16 11 16 11 10 9 13 14 16 11 16
split_gain=15.0854 7.01025 5.28839 5.71599 6.21282 7.04573 9.12165 10.1423 6.2213 6.1706 7.85586 8.49698 6.52765 5.80686 6.6739 6.73111 5.68373 5.60992 5.48204 5.13916 5.11246 4.81659 6.64547 6.84594 6.62947 6.54206 7.78803 7.78854 6.74651 6.35533
threshold=0.023139578069598394 33.719999313354499 -0.0016165768674121226 -0.93908773606516804 0.00023769852102906167 16.935000419616703 -0.062752290881895975 15.194999694824221 0.00053831818388905283 12.84500026702881 -0.053822016056010884 0.0046724296084912362 0.0059451911988195336 -0.006288513316392629 18.675000190734867 0.0028047835987008445 -0.056340529311790281 0.0019153227864751046 0.0093469969458371844 0.018823855140325477 0.0030141112553000453 -0.025720427038904366 -0.0081164241286432719 -0.0072745110629502388 -0.012999116516445806 17.224999427795414 0.043372068741787458 0.011694303406117547 -0.0037227155807691976 0.0060040014001011563
decision_type=2 2 2 2 2 2 2 2 2 2 2 2 2 2 2 2 2 2 2 2 2 2 2 2 10 2 2 2 2 2
left_child=2 -2 21 -4 13 6 7 17 -7 -8 16 -12 -13 14 -5 -16 -11 -6 -15 20 -14 -1 23 24 -23 26 -24 -28 -27 -25
right_child=1 -3 3 4 5 8 9 -9 -10 10 11 12 19 18 15 -17 -18 -19 -20 -21 -22 22 25 29 -26 28 27 -29 -30 -31
leaf_value=-6.9885742344485971e-05 3.7744298073780065e-05 0.00031369159149648027 -5.5093331961632779e-05 -7.8285772558689588e-05 0.00010145442940822959 0.00024524344171559609 -7.1860551142225763e-05 0.00017735454123209846 -5.6115906842710679e-05 -3.4558170900511824e-05 -8.4573810489985142e-06 0.0001774465937590564 0.00029546498155857037 -0.00010945352958909405 8.9457855630112044e-05 -7.1489819766437979e-05 -0.00018361480320388718 -0.00014287918466931795 1.6897767776636113e-05 -0.00010328639805402308 3.5450115511129159e-05 -4.9416467630776945e-05 5.5937701762952182e-05 0.00013329938501130214 8.6318606397515137e-05 -0.0002536053801837526 -7.9869402954818212e-05 9.1991911064885854e-05 -2.8213252558163208e-05 -2.6144546797662591e-05
leaf_weight=344 6738 166 1451 698 144 43 818 414 1707 170 2277 328 45 736 452 198 127 116 189 139 607 582 1412 636 410 186 566 222 975 254
leaf_count=344 6738 166 1451 698 144 43 818 414 1707 170 2277 328 45 736 452 198 127 116 189 139 607 582 1412 636 410 186 566 222 975 254
internal_value=-6.04752e-05 0.00189745 -0.000892527 -0.00154564 -0.00108601 -0.000342466 0.000583414 0.0060089 -0.00308571 -0.000227222 0.000643109 0.00132509 0.00489276 -0.0033546 -0.00126113 0.00238462 -0.00715488 -0.00173077 -0.00640541 0.00243363 0.00429448 0.000353499 0.000729544 0.0031084 0.000252016 -0.000602499 0.001 -0.00298223 -0.0036391 0.00629213
internal_weight=23150 6904 16246 10659 9208 6935 5185 674 1750 4511 3693 3396 1119 2273 1348 650 297 260 925 791 652 5587 5243 1882 992 3361 2200 788 1161 890
internal_count=23150 6904 16246 10659 9208 6935 5185 674 1750 4511 3693 3396 1119 2273 1348 650 297 260 925 791 652 5587 5243 1882 992 3361 2200 788 1161 890
is_linear=0
shrinkage=0.05


Tree=27
num_leaves=31
num_cat=0
split_feature=5 0 10 14 14 6 6 10 3 9 4 15 11 12 13 15 11 14 9 13 10 11 10 13 13 13 11 10 12 10
split_gain=14.2843 8.74389 6.41078 8.0852 7.39805 5.11194 4.65251 4.84437 5.21875 4.43347 4.30615 3.69557 3.52103 6.80803 5.11893 5.05865 5.85115 5.13589 7.56908 4.69686 5.22351 4.13419 4.95604 3.75411 3.71248 7.03213 3.93151 4.55442 3.69365 3.59123
threshold=0.011194414596354748 -0.032841947438121737 -0.015213589282174643 0.13518549268873961 0.076607678117126224 2.3564927560516331 0.23331098195817823 0.020743044846024853 0.0044433448116195659 -0.036218969428901453 0.0099672448942019157 -0.0095395421581220812 0.02466677756805891 0.01159583409138454 13.13000011444092 -0.0067487479258115371 -0.028186654574093969 -0.015155298785694047 0.25615438929409301 17.530000686645511 -0.01378806518059311 -0.0094173901882642057 -0.0077272897241722474 18.214999198913578 12.434999942779543 12.454999923706056 0.01081338505568419 0.0023442869650027735 0.060339682487529529 0.0057158529632723729
decision_type=2 2 2 2 2 2 2 2 2 8 2 2 2 2 2 2 2 2 8 2 2 2 2 2 2 2 2 2 2 2
left_child=5 9 3 4 -3 10 7 -4 -9 -2 -1 -5 15 29 -15 19 17 18 -17 20 -12 22 -21 -24 26 -26 -18 -28 -22 -14
right_child=1 2 6 11 -6 -7 -8 8 -10 -11 12 -13 13 14 -16 16 24 -19 -20 21 28 -23 23 -25 25 -27 27 -29 -30 -31
leaf_value=-0.00011678005279256928 0.00035421507032761576 -0.00016625191584755873 -8.9782712500382535e-07 -0.00018552249812990438 0.00042625261937760781 5.1132219735025969e-05 4.8345037860825659e-05 -0.00022240059120171653 3.2034396938894397e-05 7.2119431643679003e-05 0.00015666838722153663 7.1239092455249999e-05 -7.7230772056107296e-05 -0.0002216985527065956 7.1283603268328983e-05 0.0001010409553116128 -0.00016386238257696983 0.00016465838839575177 -0.00020824034035576015 -9.2653563033591249e-05 1.2343700638881235e-05 -8.4801319821892185e-05 -3.4395439883813401e-05 0.00015336620907013904 0.0001930776971912534 -3.8933872164704784e-05 -0.00015271535743131574 9.5104070294521427e-05 0.00012650142625309749 2.132359020764127e-05
leaf_weight=93 228 43 9136 69 252 491 3439 86 40 180 69 346 176 45 501 43 70 159 52 103 662 316 48 130 55 6048 73 54 50 77
leaf_count=93 228 43 9136 69 252 491 3439 86 40 180 69 346 176 45 501 43 70 159 52 103 662 316 48 130 55 6048 73 54 50 77
internal_value=-0.000142647 0.000877415 0.000658042 0.00528169 0.0116102 -0.00165593 0.000399575 -0.000183546 -0.00992063 0.00808824 -0.00193223 0.000783133 -0.00181823 0.00134543 0.00448718 -0.00213691 -0.0027159 0.00472441 -0.00447368 0.000616836 0.00316901 -0.00272194 0.00169039 0.00674157 -0.00301587 -0.0027978 -0.00977157 -0.00452756 0.00189607 -0.00543478
internal_weight=23134 13819 13411 710 295 9315 12701 9262 126 408 8824 415 8731 799 546 7932 6554 254 95 1378 781 597 281 178 6300 6103 197 127 712 253
internal_count=23134 13819 13411 710 295 9315 12701 9262 126 408 8824 415 8731 799 546 7932 6554 254 95 1378 781 597 281 178 6300 6103 197 127 712 253
is_linear=0
shrinkage=0.05


Tree=28
num_leaves=31
num_cat=0
split_feature=4 0 12 13 11 12 15 4 16 13 12 11 12 12 1 12 11 13 13 12 16 15 13 12 12 11 16 15 13 0
split_gain=13.7837 5.80093 4.99879 4.34245 4.10056 5.72926 4.26242 3.95388 4.00793 4.68502 3.93363 6.58492 9.54935 7.36524 5.61498 5.90899 4.96238 6.15643 5.68077 4.89549 5.50801 4.58363 4.15969 4.34689 4.52969 4.12889 8.65489 5.19258 4.94043 4.46871
threshold=0.020261029634216367 -0.024564481329427287 0.017951128324421587 24.695000648498539 0.04888400580692865 0.12700674672189441 -0.0030696870551364937 0.014176431278412222 0.016071978283950131 14.340000152587892 -0.0047203102614324912 -0.012951361499321188 -0.0080789703777397453 -0.062212447341067838 -0.034039241362086851 -0.051373899775069835 -0.015679772659318188 15.295000076293947 16.894999504089359 0.0048491257127185614 0.035306479990655178 0.010178822803455391 19.814999580383304 -0.010763089356595755 -0.050232690438178178 -0.031453464626615406 0.0032052998197913411 0.0083567768221310974 18.675000190734867 0.0084714501367101364
decision_type=2 2 2 2 2 2 2 2 2 2 2 2 2 2 2 2 2 2 2 2 2 2 2 2 2 2 2 2 2 2
left_child=3 -2 10 7 5 6 -4 8 -1 -10 11 14 13 -13 15 -3 -12 -18 21 20 -20 -19 -15 24 -24 26 -16 29 -29 -27
right_child=1 2 4 -5 -6 -7 -8 -9 9 -11 16 12 -14 22 25 -17 17 18 19 -21 -22 -23 23 -25 -26 27 -28 28 -30 -31
leaf_value=-4.4978112683619416e-05 0.00013684094806996241 0.00039923580223565888 4.9378042471586158e-05 8.7322061431584959e-05 -0.00028298369477774613 0.0003414827142603793 -2.501445848590205e-05 -1.0019356984468484e-05 -3.8624267561752391e-05 7.3088205064297048e-05 -0.00010344892812350981 -0.0001636271726424987 -0.00033276997463097143 7.4609639109780821e-05 -0.00019982980790786317 6.5672629846256263e-05 -1.1728273316604114e-05 0.00016616171287611768 0.00023679896738638398 -2.1709488828695544e-05 -0.0001818338031701999 0.00057782399593460929 0.00015035258693077964 8.9399551955211221e-05 -7.9462421030086953e-05 8.7309080439556627e-05 0.0002045593790217756 0.00020689910173001111 -0.00013432134913033829 0.00031253420650457082
leaf_weight=2626 806 122 1226 190 68 55 3075 9626 177 208 169 163 125 638 161 250 479 514 387 426 43 95 75 107 551 420 125 41 150 163
leaf_count=2626 806 122 1226 190 68 55 3075 9626 177 208 169 163 125 638 161 250 479 514 387 426 43 95 75 107 551 420 125 41 150 163
internal_value=-8.92051e-05 0.0012603 0.000919194 -0.00118695 -0.000316456 -0.000126263 -0.000331318 -0.00129975 -0.0028811 0.00188312 0.00196964 0.000833064 -0.00131103 -0.000228162 0.00331704 0.00860215 0.00363228 0.00434671 0.00595563 0.00332944 0.00709302 0.00964696 0.000966448 -0.001603 -0.00319489 0.00146226 -0.00367133 0.00335917 -0.00379581 0.00570326
internal_weight=23261 10434 9628 12827 4424 4356 4301 12637 3011 385 5204 3091 1659 1534 1432 372 2113 1944 1465 856 430 609 1371 733 626 1060 286 774 191 583
internal_count=23261 10434 9628 12827 4424 4356 4301 12637 3011 385 5204 3091 1659 1534 1432 372 2113 1944 1465 856 430 609 1371 733 626 1060 286 774 191 583
is_linear=0
shrinkage=0.05


Tree=29
num_leaves=31
num_cat=0
split_feature=5 4 1 14 16 14 16 13 16 11 11 11 16 14 15 11 1 13 16 16 16 11 13 14 13 15 15 11 8 11
split_gain=12.4188 5.85573 5.30966 4.77234 6.07785 9.82088 7.36918 5.48253 6.74619 6.07671 4.9863 4.95007 5.58963 5.79103 5.81768 4.79119 4.66321 4.58503 4.51398 4.47559 4.66129 4.4286 4.27602 5.83821 4.56086 5.74488 4.36131 5.66054 4.0277 4.3033
threshold=0.014858960771831181 0.014758384601812105 0.0086472321373347611 0.013234785210327617 -0.0067968157563501044 0.097330549043375028 -0.013824391152696012 22.285000801086429 -0.0020429100729007495 -0.022024026906729662 0.02752921867583458 -0.002761626055579391 -0.024089907042137534 0.039048416537089688 0.0018210512275955717 -0.028866673855592325 -0.088591742061300924 14.194999694824221 -0.010191386946540424 -0.015603565813524787 -0.010045919113049138 -0.022310292973000797 16.614999771118168 0.005094684764536229 16.355000495910648 0.0075799037424203472 0.014784575924296052 0.034492851689025945 0.067127227593440267 -0.028186654574093969
decision_type=2 2 2 2 2 2 2 2 2 2 2 2 2 2 2 2 2 2 2 2 2 2 2 2 2 2 2 2 8 2
left_child=1 2 -1 22 5 10 -7 8 -6 15 11 -5 -13 -14 19 -10 21 -11 -8 -15 -21 -2 24 26 -3 -26 27 28 29 -24
right_child=16 3 -4 4 7 6 18 -9 9 17 -12 12 13 14 -16 -17 -18 -19 -20 20 -22 -23 23 -25 25 -27 -28 -29 -30 -31
leaf_value=-4.6730930787108062e-05 0.00083908934327118752 -6.712871320723986e-06 -2.4767346205291624e-06 0.00011909079936609896 -0.00012319421619771121 -9.5933826105018774e-05 0.0001892400242726323 0.00016165358994737938 7.0995760190457806e-06 -5.4782908516592976e-05 0.00042791637645645246 -0.00019944081582525574 0.00016343991372196067 9.514906058211988e-05 0.00023204962059231076 -0.00024364163653840229 3.4225876424365778e-05 3.6687532058599879e-05 -0.00015315142766947172 -0.00024962430640685355 1.9928660590537788e-06 0.00017575603152779909 9.9037712623152851e-05 -0.000174614108801096 0.00017453840042666401 -6.004812497485868e-05 0.0001167944051553821 -0.00019194406588474665 -9.2068669305923293e-05 -2.3227364610569442e-05
leaf_weight=2411 46 4557 1510 659 403 385 109 236 92 460 69 54 198 122 45 124 5823 1619 46 113 91 162 230 178 259 68 97 175 591 2218
leaf_count=2411 46 4557 1510 659 403 385 109 236 92 460 69 54 198 122 45 124 5823 1619 46 113 91 162 230 178 259 68 97 175 591 2218
internal_value=-0.000172786 -0.000860155 -0.00255675 -0.000356115 0.000896373 0.00310682 -0.00259259 -0.000528289 -0.00116753 -0.000119826 0.0053849 0.00468019 0.00148475 0.00294376 -0.00074124 -0.00810185 0.00177831 0.000709476 0.0066129 -0.00306748 -0.00759804 0.00913462 -0.00107787 -0.00241473 -0.00012285 0.00558104 -0.0019405 -0.00225576 -0.00175222 -0.000857843
internal_weight=23150 17119 3921 13198 4825 1891 540 2934 2698 2295 1351 1282 623 569 371 216 6031 2079 155 326 204 208 8373 3489 4884 327 3311 3214 3039 2448
internal_count=23150 17119 3921 13198 4825 1891 540 2934 2698 2295 1351 1282 623 569 371 216 6031 2079 155 326 204 208 8373 3489 4884 327 3311 3214 3039 2448
is_linear=0
shrinkage=0.05


Tree=30
num_leaves=31
num_cat=0
split_feature=4 6 4 8 16 12 13 13 12 12 12 15 15 0 8 1 13 12 11 13 16 13 9 12 16 15 16 8 13 9
split_gain=12.7497 6.54985 5.3526 4.9004 4.22327 4.12591 4.01254 4.86102 3.97039 3.69251 4.76602 4.26863 4.11208 4.2898 3.64751 3.81476 3.99806 3.62229 3.61723 4.45257 3.52708 3.38938 3.33756 3.28144 4.36749 3.82663 3.62639 3.75771 4.5974 3.31362
threshold=0.023805015675975635 1.8513492485428185 0.015804614090327393 0.067127227593440267 0.025011262217436329 0.092854768976221705 31.844999313354496 27.855000495910648 0.064838979523685905 -0.0800835440536906 -0.049048436065559579 0.010178822803455391 0.0072487299811295767 -0.035649471203264942 -0.029154132354885894 0.0086472321373347611 21.295000076293949 0.027464748071709514 0.0072949527951166057 19.329999923706058 -0.0013321776958777896 21.555000305175785 -0.037414017178391372 0.017736391476984806 -0.0072176562115871526 0.0055205533258158032 -0.014888244990369169 0.010560901004124436 15.97499990463257 0.029620585582458062
decision_type=2 2 2 8 2 2 2 2 2 2 2 2 2 2 8 2 2 2 2 2 2 2 8 2 2 2 2 8 2 10
left_child=1 2 5 4 -4 8 7 9 14 -2 21 12 13 -12 -1 16 23 -13 -5 -20 -14 -11 -6 24 26 -25 -16 28 -28 -27
right_child=6 -3 3 18 22 -7 -8 -9 -10 10 11 17 20 -15 15 -17 -18 -19 19 -21 -22 -23 -24 25 -26 29 27 -29 -30 -31
leaf_value=9.8628085814174267e-06 -0.00019809108391929378 5.1731453799442126e-05 4.3016152235704838e-06 -2.0846483453925652e-05 -0.00011499894329090399 -0.00015812033110343179 0.00025142125663427047 -0.00011452384566989465 5.4430645535681549e-05 6.5328914844529913e-06 0.00029125700523958037 0.00024718598543182742 0.00012092467793069157 2.8260795814943116e-05 -0.00010819102718611825 -1.8151679088420692e-05 9.0085066434567824e-05 4.2387747408686656e-06 -5.9634571174432138e-05 -0.00018980767149286639 -0.00011009977548733056 0.00029810990100330703 -1.3320588082563635e-05 -2.7398733178350982e-05 -0.00010546078945162635 -0.00010166022566049273 -1.1724910065809475e-05 -8.1054862226044794e-05 0.00013301712758457304 -3.4440541065989967e-05
leaf_weight=866 59 1185 8391 934 217 49 223 216 142 109 200 385 69 4203 214 1762 77 211 557 59 368 215 295 1147 493 186 60 91 58 93
leaf_count=866 59 1185 8391 934 217 49 223 216 142 109 200 385 69 4203 214 1762 77 211 557 59 368 215 295 1147 493 186 60 91 58 93
internal_value=-0.000105905 -0.000820692 -0.00109139 -0.000437673 1.40402e-05 -0.00239595 0.00182167 0.00157829 -0.00225959 0.00185169 0.00197917 0.00162804 0.00113636 0.0015955 -0.00249158 -0.00310332 -0.00439231 0.00562081 -0.00303226 -0.00600649 -0.0034897 0.00787037 -0.00439453 -0.00476089 -0.00709607 -0.00326087 -0.00336879 0.00131579 0.00720339 -0.00851254
internal_weight=23134 16876 15691 10453 8903 5238 6258 6035 5189 5819 5760 5436 4840 4403 5047 4181 2419 596 1550 616 437 324 512 2342 916 1426 423 209 118 279
internal_count=23134 16876 15691 10453 8903 5238 6258 6035 5189 5819 5760 5436 4840 4403 5047 4181 2419 596 1550 616 437 324 512 2342 916 1426 423 209 118 279
is_linear=0
shrinkage=0.05


Tree=31
num_leaves=31
num_cat=0
split_feature=4 6 4 0 15 9 15 13 13 10 10 14 13 12 15 10 8 12 14 14 13 12 14 13 10 10 15 10 14 15
split_gain=9.09823 5.97956 4.51644 4.23959 3.76656 9.07967 4.94472 6.1749 5.21541 5.9047 9.2403 6.19219 5.16948 5.65989 6.93374 5.151 5.11556 5.68661 4.57333 4.09338 8.03916 8.45278 9.15091 8.31556 8.12172 5.63643 4.45057 4.43917 6.34157 4.88262
threshold=0.026614247700985944 1.1682644917339697 0.0099672448942019157 -0.035649471203264942 -0.0043641411129953225 -0.0074688422059354101 0.0026263249721344421 26.284999847412113 13.34500026702881 0.00446494553626653 0.006255070263884722 0.022797718540964799 15.684999942779543 0.056550523071576715 0.0086508721822939911 0.0043154379998111567 0.18193976784021729 0.00075812242422568243 -0.0035273854570452286 -0.0017400209240098772 13.59500026702881 0.027224927035168659 0.035592479952137442 17.695000648498539 -0.00018001810557455308 -0.0028568237545411042 0.0023021783979182424 0.00021013037674633142 -0.0023991033821552095 0.002376507704500153
decision_type=2 2 2 2 2 8 2 2 2 2 2 2 2 2 2 2 8 2 2 2 2 2 2 2 2 2 2 2 2 2
left_child=1 2 -1 -2 5 -4 16 8 9 18 11 -11 13 14 -10 -16 19 -18 -8 27 21 -21 25 26 -25 -23 -22 29 -29 -6
right_child=3 -3 4 -5 6 -7 7 -9 12 10 -12 -13 -14 -15 15 -17 17 -19 -20 20 23 22 -24 24 -26 -27 -28 28 -30 -31
leaf_value=-0.00011482689185538017 0.00032605786057377694 3.4293991415019394e-05 7.0495801042695996e-05 3.6628227178620238e-05 3.8352247573482942e-05 -1.8575150421643082e-05 -3.9728464795701178e-05 0.00020465763882634693 -1.4639556792843921e-06 0.0003399257961950496 -8.3432848136995134e-05 -7.4776864668643994e-05 -1.3949484064385768e-05 0.00015652057300714417 0.00026242292334213816 2.6281447055351208e-05 -4.4740095456674746e-05 -0.00023101854196293502 -0.00018799294138008472 0.00026871531412449702 -7.2052525205625525e-05 0.00026258423139957626 -0.00016621832294660393 7.8202752750762199e-06 0.00031198436001184012 3.2749547604900675e-05 0.00012167107172156777 -6.0842544061029231e-05 -0.00039487820378528577 -0.00012156300895421361
leaf_weight=84 221 2380 1452 3980 543 2640 334 118 1263 103 251 45 3448 119 156 223 145 127 184 97 1462 75 83 678 95 267 103 2469 45 69
leaf_count=84 221 2380 1452 3980 543 2640 334 118 1263 103 251 45 3448 119 156 223 145 127 184 97 1462 75 83 678 95 267 103 2469 45 69
internal_value=-0.000136506 -0.000600798 -0.000935364 0.00196977 -0.000876823 0.000439883 -0.00130779 -0.0003123 -0.000530526 -0.00400763 0.00056391 0.010473 8.15896e-05 0.00228563 0.00152253 0.00745383 -0.00230105 -0.00900735 -0.00752896 -0.00199632 -0.000629371 0.00498084 0.00194118 -0.00188195 0.00236093 0.00555556 -0.00397764 -0.00324696 -0.00417661 0.000571895
internal_weight=23259 19058 16678 4201 16594 4092 12502 6244 6126 917 399 148 5209 1761 1642 379 6258 272 518 5986 2860 522 425 2338 773 342 1565 3126 2514 612
internal_count=23259 19058 16678 4201 16594 4092 12502 6244 6126 917 399 148 5209 1761 1642 379 6258 272 518 5986 2860 522 425 2338 773 342 1565 3126 2514 612
is_linear=0
shrinkage=0.05


Tree=32
num_leaves=31
num_cat=0
split_feature=4 0 11 11 11 15 9 0 12 8 12 15 16 16 4 13 11 4 12 16 12 16 16 12 11 11 10 3 12 16
split_gain=10.5575 7.50803 6.33272 5.45442 6.93327 6.54511 5.13259 4.85694 4.2762 4.13635 4.19036 4.11482 6.52606 6.47222 3.88997 3.86465 4.68333 3.69123 5.5586 4.19004 5.82066 5.16076 8.07026 6.07724 5.86662 6.64303 5.3358 5.03735 4.92665 7.84955
threshold=0.017204198785180962 -0.024564481329427287 -0.040606283895635913 0.025879886513439202 0.029686707120002768 0.0077455571911428942 -0.021057365037040972 0.021984724782944335 -0.034828252855943369 0.18193976784021729 0.034736828879240907 -0.0067487479258115371 -0.022789011596413718 -0.018766470148506961 0.01082141068147895 17.530000686645511 0.01397341061460511 0.035517139200235158 -0.067575688865902969 -0.014888244990369169 0.028594683923194867 -0.0072176562115871526 -0.00012194190323716601 -0.05793872793170584 -0.0237759721784318 0.031996235435177052 0.017102322993862277 0.0047611001784232396 0.034736828879240907 0.020824361144937468
decision_type=2 2 2 2 2 2 8 2 2 8 2 2 2 2 2 2 2 2 2 2 2 2 2 2 2 2 2 2 2 2
left_child=3 6 -3 8 5 -5 -2 9 -1 17 -11 15 -13 -14 -15 16 -10 18 -4 -20 21 27 -23 -24 -25 26 -26 -21 -22 -30
right_child=1 2 7 4 -6 -7 -8 -9 11 10 -12 12 13 14 -16 -17 -18 -19 19 20 28 22 23 24 25 -27 -28 -29 29 -31
leaf_value=4.3862889236436291e-05 0.00020977022143089382 0.00021419241902334487 -0.000125235854746183 0.00025857468471203199 -6.8651260253328962e-06 -9.931405003171734e-05 1.7159338633201527e-05 9.2295284097787108e-05 6.4245892996778187e-05 -1.1206842198429159e-05 -0.00014331676232477212 -0.0001653962808634199 7.9491840519499692e-05 -7.5507959003975509e-05 -3.564409850827753e-05 -5.5763782862730149e-05 -0.00010442950931105851 9.6130793218908095e-05 -3.8480994116471113e-05 0.00010882900116589668 -7.2273114837201344e-05 -4.9871946377775487e-05 0.00030985128294836324 -0.00011978102968623227 6.7168928563681111e-05 -4.7098795768048246e-05 -0.0001754705388899175 -3.2596897554745301e-05 1.2934047961406324e-05 -0.00015274283715127667
leaf_weight=429 520 209 232 157 382 56 402 1127 597 298 229 171 179 207 5407 367 114 674 1600 971 959 1151 47 171 2932 484 84 216 2505 251
leaf_count=429 520 209 232 157 382 56 402 1127 597 298 229 171 179 207 5407 367 114 674 1600 971 959 1151 47 171 2932 484 84 216 2505 251
internal_value=-0.000164303 0.000617448 0.00033239 -0.0016241 0.00298319 0.0102113 0.00498915 0.000202785 -0.00199103 -7.41956e-05 -0.00441176 -0.00228628 -0.00280013 -0.00251597 -0.00281439 0.000556586 0.00270745 0.000111998 -9.69577e-05 5.93615e-05 0.000447754 0.00140357 0.000682892 0.00181549 0.00158676 0.00202857 0.00290119 0.00435973 -0.00111036 -3.62845e-05
internal_weight=23128 15062 14140 8066 595 213 922 13931 7471 12804 527 7042 5964 5793 5614 1078 711 12277 11603 11371 9771 6056 4869 3718 3671 3500 3016 1187 3715 2756
internal_count=23128 15062 14140 8066 595 213 922 13931 7471 12804 527 7042 5964 5793 5614 1078 711 12277 11603 11371 9771 6056 4869 3718 3671 3500 3016 1187 3715 2756
is_linear=0
shrinkage=0.05


Tree=33
num_leaves=31
num_cat=0
split_feature=9 16 13 10 12 14 14 15 16 12 13 16 10 13 16 13 15 12 16 12 12 13 11 16 14 15 15 14 14 11
split_gain=10.4207 6.14102 6.00549 4.72971 5.04508 4.83482 7.79606 5.75012 7.85949 7.2556 6.85076 8.39622 12.6976 7.03138 13.0313 8.64407 8.87066 7.50421 8.60093 6.92138 6.09699 6.05729 7.06176 5.92589 5.90931 12.3938 9.17207 6.42174 5.65822 5.57194
threshold=-0.14401856138690536 -0.04002918326615023 12.00999975204468 -0.0016165768674121226 0.12384640389246161 0.049298283120689408 0.076607678117126224 0.0025053864590121049 -0.021604276738869384 0.12700674672189441 13.59500026702881 -0.0089134506991666012 0.0061645920686974618 14.960000038146974 -0.012195516125274806 16.775000572204593 1.0000000180025095e-35 0.028749037613273857 -0.017505272464537699 0.027224927035168659 0.035909029638549812 13.824999809265138 -0.0021561208113907156 0.00037130634805337964 -0.013975625369978871 0.0079495753881823079 0.010290711833444212 0.037991361441833245 -0.034719790282674072 0.029686707120002768
decision_type=8 2 2 2 2 2 2 2 2 2 2 2 2 2 2 2 2 2 2 2 2 2 2 2 2 2 2 2 2 2
left_child=-1 -2 -3 4 -4 7 -7 9 -9 10 11 -5 23 14 -12 16 -15 19 -19 -17 -20 22 -10 -13 25 -23 -27 29 -22 -26
right_child=1 2 3 5 -6 6 -8 8 21 -11 13 12 -14 15 -16 17 -18 18 20 -21 28 24 -24 -25 27 26 -28 -29 -30 -31
leaf_value=7.3667413345565876e-05 0.0002016858601917809 -0.00018337460384026689 7.2797029275390374e-06 0.00014341211898512727 -0.00023954193211789192 0.0001726304014267934 -8.3057712944299057e-05 -0.00016134274691441796 -0.00024282368561586262 0.00038243336270234841 5.9092508193441995e-05 -0.0001566299887841384 0.00012571472843564909 5.7781934161100194e-05 -0.00012078439753142492 -4.9879986950376447e-05 -9.9807374833005443e-05 0.00032867225437682978 -0.00023307162470699081 0.0002628514538608161 -0.00019569425730197262 8.4643000281665109e-05 -3.1816155093761932e-05 -2.2471800406375438e-05 -2.1402453304768474e-05 -9.508533317868431e-05 4.160888346951531e-05 9.7779582181682298e-05 -3.8939318373449363e-05 -0.00014430673145292782
leaf_weight=2184 197 110 7170 255 51 317 177 199 78 52 222 235 262 1202 951 1965 372 48 178 71 231 1637 1316 664 966 593 840 194 344 162
leaf_count=2184 197 110 7170 255 51 317 177 199 78 52 222 235 262 1202 951 1965 372 48 178 71 231 1637 1316 664 966 593 840 194 344 162
internal_value=-0.000196833 -0.000537775 -0.000620746 -0.000558982 0.000474311 -0.00111041 0.00374494 -0.00129439 -0.000154553 -0.00226177 -0.0024 0.000706215 -0.00109819 -0.00318768 -0.0066283 -0.00227273 0.000698856 -0.0039214 -0.00802122 -0.00230845 -0.00932935 0.000181473 -0.0026901 -0.00392102 0.0010929 0.00229642 -0.00109909 -0.00170197 -0.00682609 -0.00314716
internal_weight=23243 21059 20862 20752 7221 13531 494 13037 5985 7052 7000 1416 1161 5584 1173 4411 1574 2837 801 2036 753 5786 1394 899 4392 3070 1433 1322 575 1128
internal_count=23243 21059 20862 20752 7221 13531 494 13037 5985 7052 7000 1416 1161 5584 1173 4411 1574 2837 801 2036 753 5786 1394 899 4392 3070 1433 1322 575 1128
is_linear=0
shrinkage=0.05


Tree=34
num_leaves=31
num_cat=0
split_feature=9 5 10 12 11 15 11 11 8 9 10 11 16 14 14 1 14 13 13 11 12 16 16 13 10 8 16 12 12 8
split_gain=10.9486 6.76243 6.11487 5.83913 5.54451 5.28484 5.54855 5.05353 4.74817 4.64891 4.5408 4.4829 4.4094 4.25642 4.21902 5.13985 4.03802 7.67601 9.93517 7.63944 5.09014 4.90931 4.24997 4.23151 3.92672 3.87591 3.57749 3.88511 11.3777 8.14436
threshold=-0.1461891386529546 0.0096240307465558506 0.00021013037674633142 0.10731202878077185 0.025879886513439202 -0.016969380961957211 -0.010867382103134591 -0.015679772659318188 inf 0.17057969191703451 0.0047561334202744785 0.04888400580692865 -0.018766470148506961 0.23397195059943568 0.024903216094988693 0.011466745243613243 0.043372068741787458 17.945000648498539 18.444999694824222 0.00036209902272010824 0.0086975784270316731 -0.022789011596413718 -0.0060500400790486344 12.434999942779543 -0.0067260034259559167 -0.055359029282586063 0.038057086623659593 0.028448808963007281 0.025773504554040153 inf
decision_type=8 2 2 2 2 2 2 2 8 8 2 2 2 2 2 2 2 2 2 2 2 2 2 2 2 10 2 2 2 8
left_child=11 4 3 5 -2 -3 7 13 16 -9 -6 -1 -10 14 15 24 21 20 -19 25 -18 -8 -21 -23 -7 -20 27 28 -4 -29
right_child=1 2 26 -5 10 6 8 9 12 -11 -12 -13 -14 -15 -16 -17 17 18 19 22 -22 23 -24 -25 -26 -27 -28 29 -30 -31
leaf_value=8.7992629094221398e-05 -3.1969190821350723e-05 -0.00017009274426578013 -6.3694199416462503e-06 -0.00016357724186039202 -3.5786741062298487e-05 -0.00015455410845217774 -0.00016121297769003588 0.00021649425485018004 9.1159211661494361e-05 6.3355790401160504e-06 7.8843541813168093e-05 -0.00020029343890872058 -0.0001484607844682353 -0.00012983925033329419 0.00010082486195712388 -0.0002121019485826426 -0.00016051472776785534 0.00036041528623551966 9.197811586283203e-05 -8.4281048515677005e-05 -2.3078494272209999e-05 -0.0001677881619736693 0.00021431715190863324 5.1019589833619251e-05 9.9206341006565825e-05 -0.00016150869173997022 -0.00011311429108293797 -2.7091335145761284e-05 0.00015735171193496917 -0.00023037792834107397
leaf_weight=2038 4804 182 4570 102 157 53 76 276 49 106 197 44 171 147 1041 102 253 110 44 67 729 67 214 2853 225 227 104 3732 321 136
leaf_count=2038 4804 182 4570 102 157 53 76 276 49 106 197 44 171 147 1041 102 253 110 44 67 729 67 214 2853 225 227 104 3732 321 136
internal_value=-0.000169203 -0.000510301 -1.56671e-06 0.00109247 -0.00208414 0.00126573 0.00149046 0.00374359 0.00058642 0.00890052 0.0039548 0.00329011 -0.00659091 0.00248724 0.00332512 -0.00118421 0.000926724 -0.00106448 0.00309668 0.000362319 -0.00386965 0.00201936 0.00613879 0.00234589 0.00233813 -0.00562731 -0.000877242 -0.000767782 0.000168677 -0.00195191
internal_weight=23197 21115 15957 7094 5158 6992 6810 1950 4860 382 354 2082 220 1568 1421 380 4640 1644 662 552 982 2996 281 2920 278 271 8863 8759 4891 3868
internal_count=23197 21115 15957 7094 5158 6992 6810 1950 4860 382 354 2082 220 1568 1421 380 4640 1644 662 552 982 2996 281 2920 278 271 8863 8759 4891 3868
is_linear=0
shrinkage=0.05


Tree=35
num_leaves=31
num_cat=0
split_feature=4 6 0 13 13 14 13 14 12 11 9 11 11 14 10 13 12 7 10 1 9 11 14 12 12 10 12 9 1 12
split_gain=9.04991 4.90041 4.15348 3.91288 3.70183 7.63204 8.10358 4.43708 4.63967 6.64476 5.27882 4.40463 10.5163 4.61281 4.98719 3.59708 3.58466 4.29422 3.49462 3.49129 3.46293 3.33755 4.01896 5.30269 4.12275 7.80787 5.76717 4.80244 3.75345 3.5848
threshold=0.026021511036062067 -0.33843708496979458 -0.039247926178753938 31.844999313354496 16.894999504089359 -0.062752290881895975 15.194999694824221 0.013234785210327617 -0.012168103513504501 -0.022672211523631577 0.11189767932270291 -0.010447917606839994 -0.016025846447031252 0.031125014591034009 0.0004408774644957259 27.855000495910648 0.038649846154014129 0.038390699354332487 0.00038112321022931722 0.03660165181012532 0.16712744105849678 -0.010094425489899582 -0.044623986751606441 0.045280695962835911 0.037289246294732965 0.003711171639750988 0.035088519804199254 -0.11456779567876151 -0.030308808465257683 0.048152369041769456
decision_type=2 2 2 2 2 2 2 2 2 2 10 2 2 2 2 2 2 2 2 2 8 2 2 2 2 2 2 10 2 2
left_child=1 -1 -2 15 5 6 -3 20 9 -9 -11 12 19 14 18 -4 17 -15 -13 -10 -6 -7 23 -23 26 27 -24 -26 -27 -30
right_child=2 4 3 -5 7 21 -8 8 11 10 -12 13 -14 16 -16 -17 -18 -19 -20 -21 -22 22 24 -25 25 28 -28 -29 29 -31
leaf_value=-2.2068348885827956e-05 0.00031188354145121193 -2.1336077169031053e-05 3.7916488098698348e-05 0.00020033976018414134 -1.3375158682214588e-05 -9.2031572201548446e-05 0.00016732474267328043 -1.208861778084461e-05 5.5418546706600787e-06 0.00019597357647862078 -0.00016927577152445444 6.6296855806757997e-05 0.00022507936169878238 -0.00014818408174199207 0.00024634985476681693 -7.6294405279784313e-05 3.5636158874875409e-06 9.6263643702458167e-05 -0.00022162755184915281 -0.00021362072884082434 -7.4876751650542744e-05 -7.2800801381601413e-05 2.4879666280431157e-05 0.00015236216287979476 2.5443315138018237e-05 0.00015901583009894196 0.00017096766245358383 -0.0001095786990970603 -5.8049495797652512e-05 9.2828407060834705e-05
leaf_weight=8311 170 248 4015 178 1382 393 404 368 285 337 44 107 134 409 53 197 192 78 43 56 918 426 2784 49 277 48 187 578 234 298
leaf_count=8311 170 248 4015 178 1382 393 404 368 285 337 44 107 134 409 53 197 192 78 43 56 918 426 2784 49 277 48 187 578 234 298
internal_value=-0.0002532 -0.000741565 0.00174342 0.00144647 -1.4518e-05 0.000801552 0.00590491 -0.00111212 0.000546059 0.00370494 0.00833333 -0.00119749 0.00268421 -0.00328798 0.00332512 0.0011396 -0.0052651 -0.0075462 -0.00133333 -0.00197947 -0.00263043 0.000170648 0.000527556 -0.00384211 0.000998638 -0.00120209 0.0020616 -0.00423977 0.00327586 0.00206767
internal_weight=23203 18643 4560 4390 10332 5926 652 4406 2106 749 381 1357 475 882 203 4212 679 487 150 341 2300 5274 4881 475 4406 1435 2971 855 580 532
internal_count=23203 18643 4560 4390 10332 5926 652 4406 2106 749 381 1357 475 882 203 4212 679 487 150 341 2300 5274 4881 475 4406 1435 2971 855 580 532
is_linear=0
shrinkage=0.05


Tree=36
num_leaves=31
num_cat=0
split_feature=5 11 13 1 12 10 14 13 11 8 8 11 14 12 11 15 11 10 12 10 6 4 12 11 10 11 13 9 14 10
split_gain=7.84675 5.73334 5.77403 5.31388 6.88075 4.8547 6.44642 5.53428 12.0891 4.84816 4.80915 5.36423 4.78457 4.60994 4.26935 4.19735 6.2252 4.26452 4.31518 4.11937 4.01901 3.9338 3.90541 4.98703 3.8113 3.87586 3.99523 8.10107 4.88025 3.90568
threshold=0.010676219438464295 0.025879886513439202 20.060000419616703 -0.034039241362086851 -0.071455509470426767 0.015021993582677752 -0.12635401997537379 17.445000648498539 -0.022024026906729662 inf 0.039119783059749842 0.029686707120002768 -0.056925165822572281 -0.0800835440536906 0.0044457003054257935 -0.0067487479258115371 -0.019621569956091153 -0.01378806518059311 0.060339682487529529 0.0052131629842306912 -0.19110932352201601 0.036148539445086732 0.016494776846734397 -0.0031311720849904741 0.020743044846024853 -0.011576467999656779 19.159999847412113 0.27918311081218766 -0.03897851358283843 0.006255070263884722
decision_type=2 2 2 2 2 2 2 2 2 8 8 2 2 2 2 2 2 2 2 2 2 2 2 2 2 2 2 8 2 2
left_child=1 2 5 4 -2 7 -7 15 -9 13 11 -3 -10 21 -11 17 -17 -1 -19 -13 24 -5 -14 -24 25 -15 -27 28 -28 -30
right_child=3 10 -4 9 -6 6 -8 8 12 14 -12 19 22 20 -16 16 -18 18 -20 -21 -22 -23 23 -25 -26 26 27 -29 29 -31
leaf_value=0.000123229657812892 0.00039024575612195216 0.00017609441866777928 2.9778596723584619e-05 -0.00027017682076596849 4.0068689534029839e-05 -8.8034977561480838e-05 0.00019114762344226937 7.5473501091840819e-05 -0.00018822726133631022 -1.2770161620053074e-05 -4.8411840418992849e-05 -3.9492079640008761e-05 -3.4465549245228396e-05 5.4709698684659574e-05 -0.00014960552990070082 -0.00019585331452434565 -2.4989048421295945e-05 -1.7119105671920683e-05 0.00013397243894799023 7.0736157108145133e-05 2.869616617356245e-05 0.00028943207372022112 -0.00027782526168181548 -8.8012249119657625e-05 -0.00016796571376348393 -3.0089014260584537e-06 -0.00014471517890202675 0.00011571034146994984 -6.7228100177829466e-05 0.00019893250114085294
leaf_weight=83 112 187 765 111 2249 45 89 230 149 255 144 160 459 954 187 86 4376 617 54 129 5358 40 77 405 75 4709 375 122 514 84
leaf_count=83 112 187 765 111 2249 45 89 230 149 255 144 160 459 954 187 86 4376 617 54 129 5358 40 77 405 75 4709 375 122 514 84
internal_value=-0.000213362 -0.00147424 -0.00185945 0.000457247 0.00263659 -0.00233133 0.00708955 -0.00252448 -0.00541667 5.47559e-05 0.00314516 0.00556723 -0.00761468 0.000239021 -0.0050905 -0.00179256 -0.00237562 0.00165782 0.00033532 0.00129758 0.000346567 -0.00844371 -0.00629649 -0.00943983 -0.000457339 -0.000332939 -0.000818401 -0.00353881 -0.00506166 -0.00225753
internal_weight=23200 8055 7435 15145 2361 6670 134 6536 1320 12784 620 476 1090 12342 442 5216 4462 754 671 289 12191 151 941 482 6833 6758 5804 1095 973 598
internal_count=23200 8055 7435 15145 2361 6670 134 6536 1320 12784 620 476 1090 12342 442 5216 4462 754 671 289 12191 151 941 482 6833 6758 5804 1095 973 598
is_linear=0
shrinkage=0.05


Tree=37
num_leaves=31
num_cat=0
split_feature=14 16 16 12 12 16 8 13 12 14 16 16 14 12 15 16 12 12 16 14 13 11 9 11 16 14 16 4 15 15
split_gain=6.7139 5.95778 14.8487 9.04092 11.1927 7.27272 7.13202 5.75107 5.75025 8.37939 7.01172 8.24022 8.93189 8.6006 7.6621 8.38859 13.4683 7.63435 6.65807 7.76247 6.60366 5.8758 9.34229 6.0258 5.33662 5.26791 5.18688 5.00336 4.89287 10.0467
threshold=0.013234785210327617 -0.015603565813524787 -0.014545013236814451 0.028594683923194867 0.027728994316604031 -0.019157039381033466 inf 17.445000648498539 -0.039191714476565991 0.17323568959812755 -0.026691097474093702 -0.0072176562115871526 0.026259504689798433 0.031326676992261111 -0.0097254139530174016 -0.0037127640488163745 0.048152369041769456 0.028230710168881127 -0.013052455584536269 0.042306243871835354 25.19999980926514 0.030916964079815371 0.1944388588298567 -0.0237759721784318 -0.016789009400747953 -0.10816573528732347 -0.018766470148506961 0.017157365524512042 0.011794930710199216 0.0081135372362756159
decision_type=2 2 2 2 2 2 8 2 2 2 2 2 2 2 2 2 2 2 2 2 2 2 8 2 2 2 2 2 2 2
left_child=1 5 -3 4 28 -1 25 -7 9 -2 17 12 26 18 -13 16 -16 -10 -14 -20 21 23 -23 -17 -15 -5 -12 -25 29 -4
right_child=8 2 3 6 -6 7 -8 -9 10 -11 11 14 13 24 15 20 -18 -19 19 -21 -22 22 -24 27 -26 -27 -28 -29 -30 -31
leaf_value=-2.9226104463722084e-05 0.00017730338610899216 0.00031729923998904193 6.8660960244883731e-06 -0.00019176122721649154 0.00019994497062321114 -5.2752161753870768e-05 -0.00017279898550119071 -0.00030211969675557337 -0.00016526314758207776 -8.479828279237476e-05 0.00052038747838539215 -0.00017531240828212724 8.7006992372298645e-06 1.53754024236986e-05 -0.00012311935461689025 -0.00010917091589220606 0.00032179822538743645 7.7307106025741216e-05 -3.3324008879179755e-05 0.00018728479446395311 0.00039672583009616445 -0.00024836773778173646 0.00011511127212732297 -1.6741054619371462e-05 -0.00015496067875995698 -2.6538307144843585e-05 0.00011254259252374182 6.3001491200618322e-05 0.00012736835688424795 -6.5692244643218275e-05
leaf_weight=1356 616 140 5570 112 226 141 204 173 302 194 82 143 795 173 476 256 57 108 163 429 56 107 63 1313 248 5663 419 2305 468 779
leaf_count=1356 616 140 5570 112 226 141 204 173 302 194 82 143 795 173 476 256 57 108 163 429 56 107 63 1313 248 5663 419 2305 468 779
internal_value=-0.000202057 -0.000839401 -0.000482449 -0.000656581 0.000557291 -0.00365269 -0.00208647 -0.0105096 0.000936183 0.00493827 0.000503669 0.00087156 0.00332395 0.00168695 -0.00031407 3.77725e-05 -0.00586304 -0.00585366 0.00358688 0.00760135 0.000804878 0.000568744 -0.00852941 0.000967992 -0.00457245 -0.0017619 0.00923154 0.00149254 0.000194367 -0.000169318
internal_weight=23137 14832 13162 13022 7043 1670 5979 314 8305 810 7495 7085 2309 1808 4776 4633 533 410 1387 592 4100 4044 170 3874 421 5775 501 3618 6817 6349
internal_count=23137 14832 13162 13022 7043 1670 5979 314 8305 810 7495 7085 2309 1808 4776 4633 533 410 1387 592 4100 4044 170 3874 421 5775 501 3618 6817 6349
is_linear=0
shrinkage=0.05


Tree=38
num_leaves=31
num_cat=0
split_feature=4 13 6 16 10 6 16 1 16 12 11 1 11 6 14 15 6 9 10 9 3 13 15 13 15 13 13 14 10 13
split_gain=6.93215 5.20663 4.4501 3.66869 3.42623 3.38123 3.56254 5.04519 3.51993 3.35916 6.43941 3.34848 3.29148 3.188 3.11702 3.10333 4.66071 3.99036 5.57071 5.95029 3.8043 3.67599 4.23561 9.45487 7.69658 7.42732 6.97843 6.11916 8.16954 6.08242
threshold=0.024663740250280095 12.00999975204468 0.22015728790723196 -0.04002918326615023 0.020743044846024853 2.3564927560516331 -0.027034018349830432 -0.048497863465321915 -0.036435441598566425 -0.071455509470426767 -0.035697741943328191 0.065897239031932467 -0.020756014565235011 0.54990579799575423 0.0012326341754252958 -0.0043641411129953225 -1.2839852934966922 0.0063267524034650311 -0.0023625599212317434 0.35844537099274137 -0.0035671999626799007 22.930000305175785 0.0040186007345416339 13.554999828338625 0.0041181276620669846 13.659999847412111 15.684999942779543 0.10157519013318318 -0.0021138805299539261 13.795000076293947
decision_type=2 2 2 2 2 2 2 2 2 2 2 2 2 2 2 2 2 8 2 8 2 2 2 2 2 2 2 2 2 2
left_child=1 -1 4 -4 11 6 8 14 -3 -9 13 12 -2 -11 -8 17 -17 -12 -19 -20 -21 22 25 -24 -25 -18 -26 28 -28 -27
right_child=2 5 3 -5 -6 -7 7 9 -10 10 15 -13 -14 -15 -16 16 21 18 19 20 -22 -23 23 24 26 29 27 -29 -30 -31
leaf_value=-0.00016731957954705371 0.00013796328729717396 3.3658572063740774e-05 0.00047162739488094355 8.0664255595449318e-05 -0.00017330329951989758 3.5735169697982015e-05 5.9422223171715437e-06 -0.00018723857939503656 -0.00010166154708335911 0.00025303205815359824 4.9536626161198461e-05 -7.451130256897311e-05 5.6126612548632137e-06 -5.2284331195133055e-06 0.0001957329125006719 -5.6678871054801098e-05 1.9746989289656055e-05 1.8354018888247937e-05 -1.0872702989968546e-05 1.1573189574877247e-06 -0.00015600031028772607 -9.622159235289342e-05 -5.3268285168044498e-05 0.00025315880062440517 6.8996379336962681e-05 -0.00021241016778715885 -0.00010654294654261917 0.00022367872183473833 4.4379263663035627e-06 -3.0942452710718688e-05
leaf_weight=98 475 125 62 1661 87 812 165 87 429 87 1394 211 3114 40 171 583 1474 1099 793 74 240 342 727 101 1064 92 414 147 1666 5427
leaf_count=98 475 125 62 1661 87 812 165 87 429 87 1394 211 3114 40 171 583 1474 1099 793 74 240 342 727 101 1064 92 414 147 1666 5427
internal_value=-0.000265466 -0.000752082 0.0012656 0.00338073 0.000328016 -0.000687917 -0.00084075 -0.000705813 -0.00478339 -0.000834332 -0.000780259 0.000552632 0.00091251 0.0104331 0.00535714 -0.000871331 -0.00125654 0.000416667 -0.000906618 -0.00341012 -0.00923567 -0.00103457 -0.00087743 0.000394513 0.00150354 -0.00162663 0.0010863 -0.000505164 -0.00120192 -0.00246874
internal_weight=23261 17651 5610 1723 3887 17553 16741 16187 554 15851 15764 3800 3589 127 336 15637 12037 3600 2206 1107 314 11454 11112 4119 3392 6993 3291 2227 2080 5519
internal_count=23261 17651 5610 1723 3887 17553 16741 16187 554 15851 15764 3800 3589 127 336 15637 12037 3600 2206 1107 314 11454 11112 4119 3392 6993 3291 2227 2080 5519
is_linear=0
shrinkage=0.05


Tree=39
num_leaves=31
num_cat=0
split_feature=5 13 6 12 12 14 8 11 12 12 11 11 3 10 10 10 8 14 9 10 14 13 12 11 13 10 10 6 5 11
split_gain=7.03229 4.90617 4.1507 5.17874 5.05858 4.70663 4.12196 5.43389 5.66668 3.99462 3.9415 10.3193 9.62853 6.3017 6.90843 6.71897 5.99863 5.54139 4.89925 5.84981 6.69184 5.15708 4.64955 4.5607 4.36129 4.83951 3.78316 3.61832 3.47236 3.58784
threshold=0.016008467906681704 12.00999975204468 1.1682644917339697 -0.051373899775069835 -0.067575688865902969 -0.13532199000438486 -0.17431198112453491 0.0049014316460139771 -0.028260208698555885 0.028594683923194867 0.00023769852102906167 -0.002761626055579391 0.0042789170459675016 0.015021993582677752 0.0030127975736100603 -0.0072745110629502388 -0.056422109972809768 0.070306169308441371 -0.16639101625653271 -0.0092548931155976826 0.076607678117126224 20.865000724792484 -0.043864321053953818 -0.022310292973000797 20.375000000000004 0.0067105474305927401 -0.01645938155843862 -0.68352901168969071 0.0074664828419587857 0.0023967132721236521
decision_type=2 2 2 2 2 2 10 2 2 2 2 2 2 2 2 2 10 2 10 2 2 2 2 2 2 2 2 2 2 2
left_child=1 -1 3 4 -3 -5 7 -7 -9 -2 11 12 13 14 15 18 -12 -13 -8 20 -20 -22 -17 26 -16 -26 -23 -24 -18 -30
right_child=9 2 -4 5 -6 6 10 8 -10 -11 16 17 -14 -15 24 22 28 -19 19 -21 21 23 27 -25 25 -27 -28 -29 29 -31
leaf_value=-0.0001588653038248671 6.1898471984896908e-05 -3.6234049590715763e-05 2.4763248410410514e-05 -0.00010233048305216351 0.0001518238340715206 -1.6422460838067325e-05 -0.00011748574141547989 0.00010246365026843536 -0.00014957220312842337 -1.358366961380672e-05 5.5809838271955736e-05 -7.8717760492935145e-05 -8.4206443438841161e-05 0.00030755430133761396 -0.0001056504083522483 -0.00020973497982299145 -5.2948747911583335e-05 -0.00027003060457934388 -6.3875767380533122e-05 -8.7273717957115501e-05 0.00011560409433337211 -5.332774262871653e-05 9.4211590670848533e-05 -0.00016226186220222774 0.00020232063322473534 -0.00012149681162511106 0.00031760890753404665 2.3706579023793484e-05 5.4746741354527383e-05 -8.6295673287517007e-06
leaf_weight=101 3160 174 2378 296 254 375 234 42 200 1394 1141 786 638 43 558 43 362 76 131 233 244 66 492 66 81 81 54 1275 697 7525
leaf_count=101 3160 174 2378 296 254 375 234 42 200 1394 1141 786 638 43 558 43 362 76 131 233 244 66 492 66 81 81 54 1275 697 7525
internal_value=-0.000213362 -0.00064357 -0.000583715 -0.000870601 0.00455607 -0.00101817 -0.000898465 -0.00490276 -0.0107438 0.00154809 -0.000731822 -0.00185748 -0.000843359 0.000159678 -7.02642e-05 0.00103946 -0.000141388 -0.00684455 -0.00218872 -0.000314861 0.00245098 0.00546512 0.00287293 -0.000806452 -0.00444444 0.00277778 0.005 0.00326825 -0.000594129 -0.000383118
internal_weight=23200 18646 18545 16167 428 15739 15443 617 242 4554 14826 5101 4239 3601 3558 2838 9725 862 1028 794 561 430 1810 186 720 162 120 1767 8584 8222
internal_count=23200 18646 18545 16167 428 15739 15443 617 242 4554 14826 5101 4239 3601 3558 2838 9725 862 1028 794 561 430 1810 186 720 162 120 1767 8584 8222
is_linear=0
shrinkage=0.05


Tree=40
num_leaves=31
num_cat=0
split_feature=0 4 6 10 11 12 11 12 8 10 12 9 4 10 4 13 11 11 9 13 9 8 15 11 11 9 5 15 11 10
split_gain=8.59511 5.63417 4.08143 4.5712 4.53585 5.56114 4.99244 4.64759 5.62594 4.88242 4.61476 4.04879 3.8835 3.74383 3.37442 3.46398 7.0574 5.37471 5.04888 4.68697 3.76088 3.73723 4.88723 3.63938 3.30549 3.24854 3.11327 3.09318 3.20503 4.71599
threshold=-0.024564481329427287 0.015804614090327393 -0.20665449255028287 0.020743044846024853 -0.0069171580210211072 -0.043864321053953818 -0.0076796209830086162 -0.030911519525162908 -0.14237770502153577 0.0074825257104576002 -0.049048436065559579 -0.086403065245389585 0.016325688153209717 -0.011231034779129566 0.0099672448942019157 17.090000152587894 -0.0081164241286432719 0.026646600134674018 0.16368489261210054 20.714999198913578 -0.014156142253305691 0.0077543091016425434 -0.0019951661347252232 0.012210489302713847 -0.0066597624727158236 -0.27473728472637343 0.0091407151519612342 -0.0053837707477247801 0.018701794148615284 0.0047561334202744785
decision_type=2 2 2 2 2 2 2 2 10 2 2 8 2 2 2 2 2 2 8 2 10 8 2 2 2 8 2 2 2 2
left_child=11 14 3 4 6 -6 10 9 -9 -7 -3 -1 -4 -10 -2 27 18 19 -17 20 23 -20 -23 24 -18 -15 -26 -16 -29 -30
right_child=1 2 12 -5 5 7 -8 8 13 -11 -12 -13 -14 25 15 16 17 -19 21 -21 -22 22 -24 -25 26 -27 -28 28 29 -31
leaf_value=0.00023053351590869117 -8.7285056893031683e-05 0.00015642730018740022 6.5426333934581965e-05 -0.00014155037719705121 -0.00013554095983711587 0.00015216482869774916 0.00024137055000842449 -0.00010129832241080387 8.0159440212330187e-05 -9.5808412333662495e-05 -2.1339787403568556e-06 4.5448005133355047e-05 1.2516612154862308e-05 0.00029824524837434338 2.6448941875612322e-05 7.4542935365060599e-05 -0.00022023753194265309 4.4332685626758481e-05 -6.511159313855198e-05 2.7436152072326777e-05 -0.00015244884018674444 0.0001266139626803817 -9.6972343438888974e-05 -0.0001517992532391382 1.5293590547927715e-05 -1.7390133024282502e-05 -8.1473823220619586e-05 -2.5369256838937532e-05 -2.9186573411738896e-05 5.7949232307284022e-05
leaf_weight=357 94 280 454 91 229 162 134 322 106 70 1674 645 7232 81 602 289 49 62 153 82 311 92 76 108 236 5690 138 2591 314 315
leaf_count=357 94 280 454 91 229 162 134 322 106 70 1674 645 7232 81 602 289 49 62 153 82 311 92 76 108 236 5690 138 2591 314 315
internal_value=-0.000187725 -0.000393656 6.80787e-05 -0.000664668 -0.000548697 -0.00118619 0.00148467 -0.000913544 -0.00117358 0.00603448 0.000844422 0.00434132 0.000910747 -0.000820997 -0.00177794 -0.00161499 -0.00357143 -0.00618661 0.000655738 -0.00714286 -0.00825416 -0.00366044 0.0014881 -0.0056968 -0.0036052 -0.000992029 -0.00200535 -0.000798012 -0.00141304 0.00178855
internal_weight=23039 22037 16525 8839 8748 6660 2088 6431 6199 232 1954 1002 7686 5877 5512 5418 1596 986 610 924 842 321 168 531 423 5771 374 3822 3220 629
internal_count=23039 22037 16525 8839 8748 6660 2088 6431 6199 232 1954 1002 7686 5877 5512 5418 1596 986 610 924 842 321 168 531 423 5771 374 3822 3220 629
is_linear=0
shrinkage=0.05


Tree=41
num_leaves=31
num_cat=0
split_feature=0 4 14 9 11 11 11 16 16 12 15 12 13 16 2 2 12 2 9 14 3 5 11 16 11 11 16 16 16 15
split_gain=6.46198 4.58379 4.88208 4.32518 3.91286 6.78174 5.24168 6.41407 3.86362 3.857 4.45915 4.68254 5.39357 5.45098 5.72853 3.85466 3.74196 3.73897 4.66861 3.64672 3.57177 3.54375 3.5403 4.1759 3.47657 3.63031 6.23725 3.99648 6.19449 7.07384
threshold=-0.022309312915613663 0.015804614090327393 -0.14356568835631797 -0.12066994150699271 -0.040606283895635913 -0.031453464626615406 -0.020171834808393903 0.026815649820396307 -0.025720427038904366 -0.067575688865902969 0.011381874529587279 0.027464748071709514 16.73499965667725 0.035306479990655178 0.069113144050570244 0.072983640375532191 0.092854768976221705 0.055390812790778184 0.089950447395609104 0.15797637088179853 0.0090400072386315217 0.014975667159252753 -0.023324981642921735 0.0097442173840673902 -0.017686131484892616 0.031996235435177052 -0.017505272464537699 0.026216632898888984 0.008144418068525951 -0.0018680133120324014
decision_type=2 2 2 8 2 2 2 2 2 2 2 2 2 2 2 2 2 2 8 2 2 2 2 2 2 2 2 2 2 2
left_child=3 8 20 -1 -4 -6 7 17 -2 -8 24 12 -12 -14 -15 -13 19 -7 -19 -10 22 -9 -3 -24 -11 27 -27 28 -26 -30
right_child=1 2 4 -5 5 6 9 21 16 10 11 15 13 14 -16 -17 -18 18 -20 -21 -22 -23 23 -25 25 26 -28 -29 29 -31
leaf_value=0.00022674857717683864 -6.5620611297980766e-05 0.00014360681176020146 0.00017300204754904381 3.0084704609556392e-05 -0.00011491352888371052 6.4865018321174367e-05 -0.00011205889828571009 -0.00016972657887088223 -1.7762865484435103e-05 -0.00010558037593685864 0.00043980112322000828 -3.5724395098153805e-05 0.00011961947151588604 -0.00022842485761581362 6.1612859359004481e-05 0.00012621568691301789 -0.00013491990161950602 0.00052408924841101533 1.8468168493482709e-05 0.00011326229953455203 8.5830439893837119e-05 6.4784230317990057e-05 -0.00017851022914785677 -4.5579580569416827e-05 -5.9969517155334179e-06 0.00045699568229866394 -6.0156872874349445e-05 -4.8356454875448386e-05 0.00012964934222507905 1.4893541709750172e-05
leaf_weight=342 237 54 224 946 308 908 167 72 5199 357 129 355 419 47 55 62 50 112 63 53 44 55 161 138 8049 55 860 383 859 2439
leaf_count=342 237 54 224 946 308 908 167 72 5199 357 129 355 419 47 55 62 50 112 63 53 44 55 161 138 8049 55 860 383 859 2439
internal_value=-0.000219809 -0.000422105 -1.52672e-06 0.00322205 0.00013456 4.12594e-05 0.000187751 0.00334711 -0.00166546 -8.07811e-05 8.88478e-06 0.00311621 0.00576923 0.00350288 -0.00686275 -0.00101918 -0.00138627 0.00459372 0.0112857 -0.00125666 -0.00547859 -0.00728346 -0.00715297 -0.00928094 -0.000246116 -0.000108739 -0.00314208 0.000127877 0.000297435 0.0021225
internal_weight=23202 21914 16375 1288 15978 15754 15446 1210 5539 14236 14069 1067 650 521 102 417 5302 1083 175 5252 397 127 353 299 13002 12645 915 11730 11347 3298
internal_count=23202 21914 16375 1288 15978 15754 15446 1210 5539 14236 14069 1067 650 521 102 417 5302 1083 175 5252 397 127 353 299 13002 12645 915 11730 11347 3298
is_linear=0
shrinkage=0.05


Tree=42
num_leaves=31
num_cat=0
split_feature=9 14 15 10 15 14 14 16 15 15 10 10 10 15 14 14 11 15 10 11 16 4 16 16 14 15 5 15 16 16
split_gain=7.24653 5.89862 5.33569 7.08509 8.2845 7.296 7.18908 6.19732 6.07086 5.42314 6.29857 7.60652 5.6719 7.63064 6.98914 6.6905 5.48966 5.27884 5.15039 4.74194 4.66793 5.92029 4.59973 4.45866 4.40013 4.19228 4.06736 3.95139 7.10302 5.19958
threshold=-0.14831326124230745 0.0012326341754252958 0.002209120335833981 0.002139856175938371 -0.0068272165665288478 -0.036818887874406285 -0.030661999778822443 0.016516176707980893 0.0016844507599717009 0.0077455571911428942 0.00074647751592549227 -0.0017470016399772079 -0.0015422904844975547 0.011794930710199216 -0.041613677684134036 -0.081825770158787711 0.0010676984150611581 0.011045174546348015 0.0012830782027211109 0.039736199013419633 -0.0089134506991666012 0.027790396168838636 -0.0058171214252097361 0.03156327805845139 -0.0028149085248330703 0.002979023898817879 0.0072499827456686478 -0.0065778894430440485 -0.012680951144891704 -0.0043440693974237657
decision_type=8 2 2 2 2 2 2 2 2 2 2 2 2 2 2 2 2 2 2 2 2 2 2 2 2 2 2 2 2 2
left_child=-1 2 3 5 19 18 -7 -8 27 10 11 24 -11 14 15 16 -14 -16 -2 -5 21 -12 -22 -15 25 -4 -3 -6 -29 -30
right_child=1 26 9 4 8 6 7 -9 -10 12 20 -13 13 23 17 -17 -18 -19 -20 -21 22 -23 -24 -25 -26 -27 -28 28 29 -31
leaf_value=6.3174649356620641e-05 2.1279147406423443e-05 -5.1687731183197371e-05 -0.00015755552696908309 6.678559170056904e-05 -0.0002255532799024357 -0.00021511459541442678 -2.6189493585190026e-05 0.00012563065289493373 -0.00022605708183870551 -0.0001977682438873692 -7.0186365943039863e-05 -7.8083779428295754e-05 -9.0188790903829663e-05 7.4235713425487127e-05 2.0393120812085656e-05 -0.00013619401613813729 9.2317795376732132e-05 -0.00016424453210390881 0.00019931715376056834 -0.0001589221840823357 0.00021566914995807293 0.0002287754736874769 3.5967612065940563e-05 -0.00011215353270573682 -0.00014776558632347047 0.00015394670185756482 1.005547674897689e-05 4.1911270253051978e-05 -0.00014214286927836275 -5.1137170283021511e-05
leaf_weight=2040 447 275 48 436 105 133 1927 144 250 75 424 445 183 630 465 466 74 58 160 72 104 95 2118 47 53 199 9004 426 484 1719
leaf_count=2040 447 275 48 436 105 133 1927 144 250 75 424 445 183 630 465 466 74 58 160 72 104 95 2118 47 53 199 9004 426 484 1719
internal_value=-0.000222886 -0.000498433 -0.00124077 -0.00223306 -0.00373711 -0.000364639 -0.00170145 -0.000977789 -0.00474196 -0.000100292 0.00109007 -0.00298658 -0.00217718 -0.00165107 -0.00397271 -0.00715768 -0.000680934 0.00043021 0.00448929 0.00216535 0.0021981 -0.00207129 0.00319532 0.00262186 0.00316667 0.00597166 0.000444552 -0.00405999 -0.00368011 -0.00482297
internal_weight=23106 21066 11787 6303 3492 2811 2204 2071 2984 5484 3486 745 1998 1923 1246 723 257 523 607 508 2741 519 2222 677 300 247 9279 2734 2629 2203
internal_count=23106 21066 11787 6303 3492 2811 2204 2071 2984 5484 3486 745 1998 1923 1246 723 257 523 607 508 2741 519 2222 677 300 247 9279 2734 2629 2203
is_linear=0
shrinkage=0.05


Tree=43
num_leaves=31
num_cat=0
split_feature=0 0 13 10 10 9 13 8 12 13 13 10 14 14 13 14 11 5 6 12 13 13 13 12 10 13 3 1 8 12
split_gain=6.85617 4.63294 4.18341 6.13202 5.85473 7.274 9.20428 3.66461 6.05333 3.4843 3.45031 5.27055 4.93099 8.12813 4.67679 4.22761 3.80474 3.99568 4.05378 3.73035 3.87153 5.28838 3.79371 4.93361 3.80386 4.20688 3.42981 3.35208 3.33951 3.14568
threshold=-0.01497200110812835 0.021984724782944335 31.844999313354496 -0.023232598164511228 -0.01378806518059311 -0.20602650172843348 22.730000495910648 0.18193976784021729 0.055910594976570589 12.00999975204468 21.954999923706058 0.009588523086034308 0.15436855290822041 0.10773003329269316 21.724999427795414 -0.19490876951167976 0.04888400580692865 0.0085660678439706591 0.25986672495986168 0.025773504554040153 17.195000648498539 18.974999427795414 13.085000038146974 0.054230156972347017 0.00074647751592549227 13.305000305175783 0.0047611001784232396 -0.088591742061300924 -0.0036287286939631343 0.013329890655183642
decision_type=2 2 2 2 2 10 2 8 2 2 2 2 2 2 2 2 2 2 2 2 2 2 2 2 2 2 2 2 10 2
left_child=27 2 3 -2 5 6 -5 9 -9 -6 12 -12 13 14 15 -11 17 19 -19 -17 22 -22 23 -21 28 -26 -13 -1 -24 -15
right_child=1 -3 -4 4 7 -7 -8 8 -10 10 11 26 -14 29 -16 16 -18 18 -20 20 21 -23 24 -25 25 -27 -28 -29 -30 -31
leaf_value=0.0002939966302169358 -0.00034530948304657949 6.7708831916960365e-05 0.00021618739582858883 -8.6075890360569999e-05 -0.00012226637432595342 0.00014250406463665969 0.00025257305588386169 -3.2095474284764888e-05 -0.00019122746789513486 -0.00014817508683762101 -1.9565183089280058e-05 -0.00014334258031934168 0.00017739649033931279 -2.9031847235111691e-05 0.00016846635203662385 -4.056706568676067e-05 -9.1097620839906285e-05 -6.9958844370533737e-06 2.7573062885717821e-05 -8.1494817158879899e-05 -0.00024901096199805731 -1.659289545216918e-05 -0.00011960928195674558 7.7850987675166976e-05 0.00023980937603457328 4.2678243032412459e-05 -1.4179499680038854e-05 3.1539892547134255e-05 1.5898335503448089e-05 -0.00023321982347987159
leaf_weight=151 69 1224 129 199 100 549 66 530 144 41 955 183 59 180 146 995 145 9999 3213 278 40 86 101 77 47 390 91 2644 208 110
leaf_count=151 69 1224 129 199 100 549 66 530 144 41 955 183 59 180 146 995 145 9999 3213 278 40 86 101 77 47 390 91 2644 208 110
internal_value=-0.000130675 -0.000449543 -0.000640355 -0.000701279 -0.000647053 0.00350123 -0.00330189 -0.000833425 -0.00445104 -0.000693648 -0.000639991 -0.00319365 -0.000445237 -0.000498256 -0.000345681 -0.000428937 -0.000386739 -0.000311002 1.89222e-05 -0.00227273 -0.000427873 -0.00873016 0.000522252 -0.00373239 0.00254692 0.0055492 -0.00930657 0.00219141 -0.00169903 -0.0087931
internal_weight=23149 20354 19130 19001 18932 814 265 18118 674 17444 17344 1229 16115 16056 15766 15620 15579 15434 13212 2222 1227 126 1101 355 746 437 274 2795 309 290
internal_count=23149 20354 19130 19001 18932 814 265 18118 674 17444 17344 1229 16115 16056 15766 15620 15579 15434 13212 2222 1227 126 1101 355 746 437 274 2795 309 290
is_linear=0
shrinkage=0.05


Tree=44
num_leaves=31
num_cat=0
split_feature=4 4 13 6 14 11 11 14 14 8 12 14 12 1 6 1 0 14 15 14 12 13 12 12 8 0 15 13 11 15
split_gain=6.07338 5.6792 4.86936 4.89541 4.2737 3.07935 2.95307 4.51071 4.51914 3.39454 5.79869 3.29628 5.5351 3.89096 2.98294 2.66962 3.52477 3.04942 6.85763 6.79897 4.61794 3.2909 2.69108 4.14504 2.68158 2.55843 2.52834 5.05311 6.44269 5.62463
threshold=0.035517139200235158 0.0099672448942019157 12.00999975204468 1.1682644917339697 -0.14356568835631797 -0.006288513316392629 -0.040606283895635913 0.15797637088179853 0.093015395411206861 -0.15233997271527042 0.055910594976570589 -0.0087527259018278496 -0.030911519525162908 0.0083747241161035175 -0.9188672956550975 0.065897239031932467 0.028859909407969123 0.15436855290822041 0.00039634553506784359 0.14228104891203866 -0.0078641653034789965 22.625000000000004 0.12700674672189441 0.12384640389246161 0.042120697466451536 -0.035649471203264942 0.002209120335833981 14.059999942779543 0.00053831818388905283 0.0031208999001841602
decision_type=2 2 2 2 2 2 2 2 2 10 2 2 2 2 2 2 2 2 2 2 2 2 2 2 10 2 2 2 2 2
left_child=1 -1 -3 6 5 -5 7 8 -4 10 11 12 -8 -13 -14 16 17 19 21 22 -20 -19 23 26 -17 -2 -11 28 -28 -29
right_child=25 2 3 4 -6 -7 9 -9 -10 15 -12 13 14 -15 -16 24 -18 18 20 -21 -22 -23 -24 -25 -26 -27 27 29 -30 -31
leaf_value=-9.4354179000144132e-05 0.00046682870054071585 -0.00014665886444456436 4.3461644642963904e-05 -0.00022378022661412043 3.7351916874021898e-05 6.480883489548258e-06 7.9516305630088785e-05 -9.3215838725677893e-05 0.00039107998020485637 -1.3936910813476317e-05 -0.00017707935718648397 5.0562863792028012e-05 -0.00019776694739793502 -0.00010266330015733776 -9.9640017879552509e-05 -0.00016789750220848549 0.00013150127057220512 0.00021009550986668965 0.00012488504226422061 -0.00023751118062592539 -0.00013309781498982212 1.9894139443008433e-05 0.00010798135401792424 -0.00021528491714793726 -3.1762481170655164e-05 8.7253655527616807e-05 -0.00011806584404590418 7.5093823748175311e-05 -1.2919070194659151e-05 3.535748851732053e-06
leaf_weight=88 103 107 90 45 2698 41 88 71 63 10098 150 289 43 74 185 109 213 111 110 50 137 69 96 44 285 993 242 821 1465 4281
leaf_count=88 103 107 90 45 2698 41 88 71 63 10098 150 289 43 74 185 109 213 111 110 50 137 69 96 44 285 993 242 821 1465 4281
internal_value=-0.000211746 -0.000391418 -0.000340883 -0.000289057 0.00167026 -0.00930233 -0.000573394 0.00513393 0.00996732 -0.000640823 -0.0037696 -0.00180412 -0.00553797 0.00144628 -0.00964912 -0.000497766 -0.000407341 -0.000485049 0.00368852 -0.000589285 -0.00172065 0.0111111 -0.000535285 -0.000582562 -0.00456853 0.00342153 -0.000542675 0.000201939 -0.0021529 0.000989808
internal_weight=23259 22163 22075 21968 2784 86 19184 224 153 18960 829 679 316 363 228 18131 17737 17524 427 17097 247 180 17047 16951 394 1096 16907 6809 1707 5102
internal_count=23259 22163 22075 21968 2784 86 19184 224 153 18960 829 679 316 363 228 18131 17737 17524 427 17097 247 180 17047 16951 394 1096 16907 6809 1707 5102
is_linear=0
shrinkage=0.05


Tree=45
num_leaves=31
num_cat=0
split_feature=5 5 11 16 10 14 10 2 0 12 10 10 10 10 14 15 12 10 2 12 16 16 14 15 14 12 14 11 9 15
split_gain=5.72664 3.80085 4.74762 4.93546 3.70821 4.67814 3.54574 4.46657 3.47131 3.3704 3.32155 4.20182 3.31477 3.13203 3.52001 4.86666 4.32 3.73295 5.10801 3.69754 7.09827 8.4965 4.02086 3.96768 3.95905 3.83485 4.74329 3.54365 3.2032 3.18241
threshold=0.020311387437001335 0.010612322392738288 0.025879886513439202 -0.0032556373187355154 0.020743044846024853 -0.16769008837329388 0.018838465196602486 0.057308192408598975 -0.035649471203264942 0.092854768976221705 0.0052131629842306912 -0.0014990183245182085 0.0083252944612894914 0.014545936349149692 0.0012326341754252958 0.0071456374321707825 -0.036045899235514094 -0.0014527022796280706 0.020400214127748065 0.017951128324421587 -0.0067968157563501044 -0.026691097474093702 0.013406221047230662 -0.0016914890089172461 0.08570124221832566 0.014938847679140889 0.018846539562811352 -0.0049522354803098181 0.19959539870526791 -0.0099848994484660319
decision_type=2 2 2 2 2 2 2 2 2 2 2 2 2 2 2 2 2 2 2 2 2 2 2 2 2 2 2 2 8 2
left_child=1 2 9 -4 6 -6 -3 -8 -2 13 11 -5 -12 14 16 19 -1 -18 29 20 21 -16 -23 24 27 26 -24 28 -22 -19
right_child=8 4 3 10 5 -7 7 -9 -10 -11 12 -13 -14 -15 15 -17 17 18 -20 -21 23 22 25 -25 -26 -27 -28 -29 -30 -31
leaf_value=6.1600937903210249e-05 0.00045215184299273115 3.1709619574478955e-06 0.00012018652951077375 0.0003609508106663135 6.5345742161089168e-05 -0.00015607069096467831 0.00025499419417638534 -5.5527211215306732e-05 7.8013248219096414e-05 -0.00013102837353446835 0.0001468362323430477 -6.2303629994553503e-05 -2.3820972622350636e-06 8.3772903385208501e-05 -0.00014007006257002678 9.8460137494990548e-05 7.6351228010550224e-06 5.3437734246878857e-05 -7.8583527533080278e-06 1.0002950836502778e-05 -0.00011969725591479451 -0.00013159991010809979 0.00029912011103111328 -0.00013327867818916018 6.9585023368978768e-05 -0.00010406638946062628 4.366472531533265e-05 -0.00011897762735558061 9.2564496764394638e-05 -6.66975847248931e-05
leaf_weight=217 86 13600 110 40 72 103 66 40 1284 57 113 185 143 168 93 338 483 75 1070 1589 74 62 49 282 85 62 483 153 54 1961
leaf_count=217 86 13600 110 40 72 103 66 40 1284 57 113 185 143 168 93 338 483 75 1070 1589 74 62 49 282 85 62 483 153 54 1961
internal_value=-7.00522e-05 -0.000266871 -0.00113894 0.00317259 0.000232332 -0.007 0.000324675 0.00943396 0.00306569 -0.00148538 0.000987526 -0.00344444 0.00488281 -0.00139079 -0.00154979 -0.000361011 -0.00258802 -0.00300223 -0.00363812 -0.00100469 -0.00288117 0.000433912 0.00243902 -0.00671296 -0.00327869 0.0037037 0.00507519 -0.00613879 0 -0.00510806
internal_weight=23197 21827 7946 591 13881 175 13706 106 1370 7355 481 225 256 7298 7130 3324 3806 3589 3106 2986 1397 749 656 648 366 594 532 281 128 2036
internal_count=23197 21827 7946 591 13881 175 13706 106 1370 7355 481 225 256 7298 7130 3324 3806 3589 3106 2986 1397 749 656 648 366 594 532 281 128 2036
is_linear=0
shrinkage=0.05


Tree=46
num_leaves=31
num_cat=0
split_feature=3 0 15 1 12 10 15 15 12 15 14 14 8 15 16 10 12 16 12 16 16 10 10 14 9 14 15 10 15 12
split_gain=4.63167 4.20393 4.43507 4.12687 4.58606 3.47179 4.62018 4.201 3.35619 3.67518 5.03914 5.75268 5.2194 4.54565 5.85445 5.78938 4.77576 4.5178 4.22336 4.44016 4.21815 3.75198 4.77068 4.77132 3.98307 5.58608 3.90371 4.22929 7.60744 7.44382
threshold=-0.014878270492661048 0.013562189040988716 0.025419799656721923 -0.05763429302047373 -0.071455509470426767 -0.0084264331718765222 -0.0033237814663938932 0.0052873528814144652 -0.0800835440536906 -0.0095395421581220812 0.097330549043375028 0.15436855290822041 0.069483107576470263 -0.012554368888881338 -0.010542209573695891 -0.004502849423341281 0.018681855298992137 0.015746777514075942 0.10123020179199861 0.011405084848777893 -0.013052455584536269 -0.013327781970057238 -0.023232598164511228 0.076607678117126224 0.21682049733741929 0.11068884178819839 0.002209120335833981 0.002139856175938371 0.0018210512275955717 0.092854768976221705
decision_type=2 2 2 2 2 2 2 2 2 2 2 2 8 2 2 2 2 2 2 2 2 2 2 2 8 2 2 2 2 2
left_child=-1 3 5 4 -2 7 -7 -3 -5 10 12 -12 13 15 16 -10 -15 -16 21 -20 -13 22 -11 -24 -25 -26 27 29 -29 -23
right_child=1 2 -4 8 -6 6 -8 -9 9 18 11 20 -14 14 17 -17 -18 -19 19 -21 -22 26 23 24 25 -27 -28 28 -30 -31
leaf_value=0.00010382221136752613 0.00064684221154897312 9.4115534527855662e-06 -0.00034969053351916932 -0.00015000867593078948 4.6407743751982966e-05 0.00016831576758855177 4.6246079256773676e-06 0.00025707787764844852 0.00018034329711845399 -0.00022661829528561377 -0.00012793554222149343 -6.2773557349638247e-05 -8.7606470590122359e-05 0.00016468772859819063 0.00025815494618958694 -6.5081200685289915e-05 -2.5051686924389313e-05 -2.7646248496280549e-05 7.915550447361135e-07 -0.00015651381861071041 0.00012554134947021355 -1.2904846635938047e-05 -4.35146126968336e-05 0.00016975284913310759 0.00027016417388196637 -7.1744969306067197e-05 -1.1178014274402984e-06 -3.9477845785268734e-05 -0.00017975964699168398 0.00046777761868615889
leaf_weight=436 52 169 46 147 693 248 2601 168 85 68 159 72 137 180 221 401 255 44 105 138 71 5934 117 408 81 160 6301 3441 177 48
leaf_count=436 52 169 46 147 693 248 2601 168 85 68 159 72 137 180 221 401 255 44 105 138 71 5934 117 408 81 160 6301 3441 177 48
internal_value=-0.000288175 -0.000386105 0.00128403 -0.000662991 0.00298658 0.00150659 0.000938926 0.00630564 -0.000808 -0.000748535 0.00152308 -0.00430464 0.00285336 0.00392074 0.0065 0.000205761 0.00293103 0.0123585 -0.000965956 -0.00751029 0.00297203 -0.000870929 0.00239808 0.0035248 0.00520031 0.000103734 -0.00104239 -0.00167708 -0.00302653 -0.000860916
internal_weight=23163 22727 3232 19495 745 3186 2849 337 18750 18603 1625 302 1323 1186 700 486 435 265 16978 243 143 16735 834 766 649 241 15901 9600 3618 5982
internal_count=23163 22727 3232 19495 745 3186 2849 337 18750 18603 1625 302 1323 1186 700 486 435 265 16978 243 143 16735 834 766 649 241 15901 9600 3618 5982
is_linear=0
shrinkage=0.05


Tree=47
num_leaves=31
num_cat=0
split_feature=13 16 14 0 16 4 3 11 13 10 10 16 14 6 16 16 11 11 8 16 11 11 11 13 14 11 14 8 10 14
split_gain=5.48157 5.18913 4.41674 3.84164 4.25998 3.44758 3.36217 3.34679 3.28779 3.25655 5.14253 3.76338 5.41073 3.66116 3.55919 6.74007 4.56773 5.16674 4.50699 4.49535 6.96683 6.00531 4.96244 4.81215 5.03541 4.30949 4.23037 6.12568 4.49093 4.01173
threshold=12.00999975204468 -0.04002918326615023 -0.14356568835631797 -0.024564481329427287 -0.027034018349830432 0.0099672448942019157 0.0090400072386315217 -0.023324981642921735 14.84500026702881 -0.023232598164511228 -0.017312000709356064 -0.012093858267817335 0.23397195059943568 1.2562573076225954 -0.0072176562115871526 -0.0064406027499277476 0.034492851689025945 0.039736199013419633 inf -0.013422716580278436 0.010281984282011216 0.0057915448439024306 0.011695310622020451 15.464999675750734 0.064380578257103652 0.033003694836419857 -0.0062634959442488527 -0.10305207171789692 -0.00038724572548481934 -0.11544121967691799
decision_type=2 2 2 2 2 2 2 2 2 2 2 2 2 2 2 2 2 2 8 2 2 2 2 2 2 2 2 10 2 2
left_child=-1 -2 6 -4 8 -6 7 -3 -5 -7 11 -11 -13 14 19 -16 18 -18 25 20 21 23 -22 24 -12 29 -25 -28 -29 -17
right_child=1 2 3 4 5 9 -8 -9 -10 10 13 12 -14 -15 15 16 17 -19 -20 -21 22 -23 -24 26 -26 -27 27 28 -30 -31
leaf_value=-0.000151498240584428 0.00015530780106750108 0.00014234058727153332 6.1603035000117482e-05 8.9571981335605306e-05 -5.6337324620183808e-05 -0.00016339170244454861 0.00010424456066238581 -0.00011607829020261804 -7.9366400373903138e-05 -5.1990305633788313e-05 9.2312218666874667e-05 0.00030474590424431108 -6.8526262225768972e-05 3.0199061479384195e-05 -8.7305078083107327e-05 -0.00011993013892258494 -0.00013615023552800755 -1.1032066479368335e-05 -7.3617869850873727e-05 5.1471242051915216e-05 0.00028613799776882102 -0.00014153036843429548 2.7093826949188291e-05 -9.3436136314987989e-05 -0.00010594407554149344 0.00016567189967397995 0.00017127347205191795 -4.2058393948130698e-05 0.00018875616148582229 -1.8792863951332032e-06
leaf_weight=115 227 53 956 48 82 146 42 353 598 54 291 172 78 2051 305 179 281 559 442 2054 47 216 553 467 42 78 158 614 50 11808
leaf_count=115 227 53 956 48 82 146 42 353 598 54 291 172 78 2051 305 179 281 559 442 2054 47 216 553 467 42 78 158 614 50 11808
internal_value=-0.000197889 -0.000143453 -0.000218422 -0.000119799 -0.000258504 -0.000133883 -0.00513393 -0.00652709 -0.00425697 -9.32429e-05 -4.02459e-05 0.00641447 0.009 -0.00013741 -0.000363757 -0.000765456 -0.000597513 -0.00416667 -0.0003578 0.000857079 -0.00059475 -0.00212187 0.00408333 -0.00107891 0.00427928 -0.000176129 -0.00246315 -0.000304136 -0.00240964 -0.000252357
internal_weight=23119 23004 22777 22329 21373 20727 448 406 646 20645 20499 304 250 20195 18144 13652 13347 840 12507 4492 2438 1838 600 1622 333 12065 1289 822 664 11987
internal_count=23119 23004 22777 22329 21373 20727 448 406 646 20645 20499 304 250 20195 18144 13652 13347 840 12507 4492 2438 1838 600 1622 333 12065 1289 822 664 11987
is_linear=0
shrinkage=0.05


Tree=48
num_leaves=31
num_cat=0
split_feature=4 13 10 14 16 16 2 13 3 14 0 16 14 12 8 8 12 5 13 10 8 16 12 12 0 16 8 0 16 0
split_gain=5.64043 3.46166 3.33114 3.62456 4.08652 3.5107 3.77782 3.29744 3.27766 2.9276 2.70524 3.19276 4.57917 4.21756 2.93492 2.66129 4.75386 4.20777 4.10444 5.9171 3.66396 2.64908 5.20024 4.73407 4.25448 3.78283 3.54535 3.33484 5.00018 3.18401
threshold=0.022429050021646104 12.00999975204468 -0.023232598164511228 0.15436855290822041 0.026216632898888984 -0.013052455584536269 -0.021963412322405115 46.145000457763679 -0.017168560852708178 0.14228104891203866 -0.023778681721525693 -0.027034018349830432 -0.0051066036826416519 0.028230710168881127 0.007095204499789288 0.067127227593440267 -0.028260208698555885 0.010874778721608549 17.795000076293949 -0.0084264331718765222 0.092676492551501136 -0.014888244990369169 0.028448808963007281 0.027728994316604031 -0.00019402828790654467 0.019362460863441181 -0.16226920966318639 0.014622665596026764 -0.0077596629522881369 -0.025476208017321918
decision_type=2 2 2 2 2 2 2 2 2 2 2 2 2 2 10 8 2 2 2 2 10 2 2 2 2 2 10 2 2 2
left_child=1 -1 -3 9 5 6 -5 8 -2 10 -4 12 14 -14 -12 -13 17 -17 -18 -20 -21 -10 23 27 -24 26 -26 28 29 -23
right_child=7 2 3 4 -6 -7 -8 -9 21 -11 11 15 13 -15 -16 16 18 -19 19 20 -22 22 24 -25 25 -27 -28 -29 -30 -31
leaf_value=-0.00011748908642423982 0.00018471734520390679 -0.00019943261934021847 8.588201986632003e-05 -0.0001133231681345708 -0.00023253948518817645 0.00014699981955739488 7.0232254444980129e-05 0.00047057776512009582 -3.4104829751920551e-05 -0.00016387854526575055 -2.1283043281566549e-05 -5.2663211598978245e-06 -0.00017074645822081052 1.2836484642883475e-05 0.00014686753517225164 0.00016758323605675524 -1.7049588810230515e-05 -2.4257762696434189e-05 2.5819749741225803e-05 -0.00014518195994265955 -1.7076469220099392e-06 0.00033626802291478143 1.8980664461867687e-05 0.00028812917671515269 -0.00027794319347525411 -0.00017890537100222583 -1.5252402463469903e-05 0.00013071229830532457 2.1187498869471976e-06 7.2223766108871562e-05
leaf_weight=95 246 81 334 56 41 203 43 52 1144 63 140 12296 164 44 40 127 1026 105 156 433 96 68 1007 67 80 174 917 785 2529 537
leaf_count=95 246 81 334 56 41 203 43 52 1144 63 140 12296 164 44 40 127 1026 105 156 433 96 68 1007 67 80 174 917 785 2529 537
internal_value=-0.000201953 -0.000747925 -0.00068941 -0.000636103 0.00444606 0.00645695 -0.00126263 0.000913752 0.000827376 -0.00075213 -0.000706838 -0.000808436 -0.00528351 -0.0103365 0.000555556 -0.000686495 -0.00240607 0.00431034 -0.00331677 -0.00631387 -0.00883743 0.000636289 0.0010464 0.00211992 -0.000918274 -0.00296755 -0.00178034 0.00189462 0.00116465 0.00524793
internal_weight=23149 15543 15448 15367 343 302 99 7606 7554 15024 14961 14627 388 208 180 14239 1943 232 1711 685 529 7308 6164 3986 2178 1171 997 3919 3134 605
internal_count=23149 15543 15448 15367 343 302 99 7606 7554 15024 14961 14627 388 208 180 14239 1943 232 1711 685 529 7308 6164 3986 2178 1171 997 3919 3134 605
is_linear=0
shrinkage=0.05


Tree=49
num_leaves=31
num_cat=0
split_feature=5 16 12 14 12 12 16 14 12 14 9 8 12 16 16 10 5 10 16 14 12 16 15 9 12 16 12 0 16 16
split_gain=5.31085 4.39783 4.99535 4.32503 5.38933 10.7059 8.74798 7.85062 8.26764 8.35179 6.01238 5.12859 5.41328 5.89743 7.56875 5.02452 4.93131 4.52345 5.1727 5.02753 7.36285 6.76 6.31752 5.85007 4.40414 4.36334 4.56653 4.31433 4.32242 6.18974
threshold=0.022285460429562632 -0.04002918326615023 -0.0800835440536906 0.0012326341754252958 0.028594683923194867 0.027728994316604031 -0.014888244990369169 -0.0035273854570452286 0.045280695962835911 -0.0013445440520786776 0.1053252280741679 inf 0.054230156972347017 0.015544476858313507 -0.014383548803740985 -0.0028966274865073745 0.0083624280160893155 0.013109339753378581 0.015544476858313507 -0.036818887874406285 0.10123020179199861 -0.012000072707754437 -0.00074415695450585895 0.12809976390430036 0.02175136827995228 0.018823855140325477 0.044320340975829382 -0.027786052765896792 -0.026691097474093702 -0.023311308459718735
decision_type=2 2 2 2 2 2 2 2 2 2 8 8 2 2 2 2 2 2 2 2 2 2 2 10 2 2 2 2 2 2
left_child=1 -1 -3 4 5 6 -4 11 9 10 -9 12 13 14 -6 24 -17 18 19 21 22 -14 -21 -23 -8 26 -15 -5 -29 -30
right_child=-2 2 3 27 7 -7 15 8 -10 -11 -12 -13 17 25 -16 16 -18 -19 -20 20 -22 23 -24 -25 -26 -27 -28 28 29 -31
leaf_value=0.00014144518506440315 0.00013664027257165556 -0.00018337022074469179 -6.5361421064964078e-05 0.00013732808742988029 6.1123731112984814e-05 0.00014800610008333212 4.6085082256370128e-05 0.00026868645326753063 -0.0002163420996231189 -0.00010708212902211922 -2.030378932771286e-05 -0.00013792286194552658 -8.3523657946996276e-05 0.00016054523830291579 -6.2676208015507821e-05 -4.2773318613003329e-05 6.5623265933513171e-06 -0.00010641086080111765 -0.00013840769068313756 -8.1403082930620805e-05 -0.00011727355145883755 0.00023425078956001069 0.00010550603770056803 -3.826575704567528e-05 0.00091001162599015561 -3.4888476496397219e-05 -4.0028184727885404e-05 -8.113219036273642e-05 0.00021377289201129874 4.6993725944194683e-06
leaf_weight=203 829 136 1172 326 219 214 266 49 246 162 53 201 80 290 2209 407 4962 130 106 218 110 276 347 44 58 409 123 357 102 8822
leaf_count=203 829 136 1172 326 219 214 266 49 246 162 53 201 80 290 2209 407 4962 130 106 218 110 276 347 44 58 409 123 357 102 8822
internal_value=-0.000159993 -0.000306095 -0.000373405 -0.000314236 -0.000933123 -3.17842e-05 -0.000375091 -0.0021434 -0.00803922 -0.00189394 0.00931373 -0.00151197 -0.00116751 -0.00226154 -0.00350082 0.000434744 6.98454e-05 0.00154462 0.00251905 0.00355814 0.000925926 0.008 0.00323009 0.01125 0.00648148 0.00139903 0.00502421 0.00048142 0.000282836 0.000498655
internal_weight=23126 22297 22094 21958 12351 7079 6865 5272 510 264 102 4762 4561 3250 2428 5693 5369 1311 1181 1075 675 400 565 320 324 822 413 9607 9281 8924
internal_count=23126 22297 22094 21958 12351 7079 6865 5272 510 264 102 4762 4561 3250 2428 5693 5369 1311 1181 1075 675 400 565 320 324 822 413 9607 9281 8924
is_linear=0
shrinkage=0.05


Tree=50
num_leaves=31
num_cat=0
split_feature=6 4 5 11 8 11 13 13 11 15 13 13 14 15 15 13 7 11 13 15 14 15 14 5 3 15 7 11 13 0
split_gain=4.44163 3.99486 3.6063 3.28423 3.1334 3.0048 2.84337 5.89125 5.57322 4.79476 5.45528 5.97689 6.38924 4.95722 4.68263 4.22981 3.54137 3.47143 3.41153 4.21991 2.97823 4.57581 5.15964 3.23475 2.91667 2.90622 2.8549 2.77124 3.64082 2.86787
threshold=-0.33843708496979458 0.024663740250280095 0.0099403813435498829 0.0056452584945124737 inf 0.02886127865524846 17.180000305175785 14.315000057220461 -0.0066597624727158236 0.0050675145547611775 14.465000152587892 16.355000495910648 0.068214198873392098 0.0053843263571732311 0.010654192125510555 15.694999694824221 -0.045259872511141212 0.02466677756805891 17.530000686645511 -0.006648289648052085 0.035592479952137442 -0.008762534383745189 0.048234950984074383 0.013131609057916568 -0.0025220762689782679 -0.0073005588518803557 -0.0085527103566171419 0.0069842899086436381 18.154999732971195 0.01092525166015912
decision_type=2 2 2 2 8 2 2 2 2 2 2 2 2 2 2 2 2 2 2 2 2 2 2 2 2 2 2 2 2 2
left_child=2 6 5 -4 27 -1 7 14 -9 10 17 12 -12 -11 20 -15 -13 24 19 -8 23 -22 -23 -2 -10 -24 -25 28 -5 -29
right_child=1 -3 3 4 -6 -7 18 8 9 13 11 16 -14 15 -16 -17 -18 -19 -20 -21 21 22 25 26 -26 -27 -28 29 -30 -31
leaf_value=-3.0330009446063014e-05 -8.6811106798868376e-06 5.0494148563029562e-05 8.2672591802382053e-06 -4.9585717344059195e-05 -0.00012263152862628332 5.2087280261466783e-05 7.0579707123991702e-05 -3.5082981406475828e-05 3.6230283512887717e-05 0.00081257731138129974 -7.8245022348049859e-07 0.0003010010998086672 -0.00023629388533518499 0.00017417898914285032 -0.00013890569875851862 2.6378900172295855e-05 6.3147388375139459e-05 -7.4463738012370585e-05 -7.5540889603521734e-06 -0.00014242393951278292 7.5798802962771274e-05 -0.00017165351641706351 -0.00011233462099865515 0.00017761100753344532 0.00021850825110369227 5.5641750201751291e-05 2.8726646381912505e-05 -1.6567343600367748e-05 -0.00029496760936685589 4.3147480514779596e-05
leaf_weight=2436 1739 3064 3805 214 106 91 88 548 48 60 1319 45 109 320 141 368 606 42 3325 294 48 97 95 85 120 112 195 3112 51 559
leaf_count=2436 1739 3064 3805 214 106 91 88 548 48 60 1319 45 109 320 141 368 606 42 3325 294 48 97 95 85 120 112 195 3112 51 559
internal_value=-0.000189312 0.000431302 -0.000959129 -0.000430101 -0.00142256 -0.0026019 -6.11995e-05 0.000602755 0.00190377 0.00274119 0.0016055 0.000829726 -0.000980392 0.00621658 -0.00125398 0.00501453 0.00480031 0.00928571 -0.00115322 -0.00562827 -0.000727541 -0.00497159 -0.00723684 1.23824e-05 0.0125 -0.00277778 0.005 -0.00119411 -0.00613208 -0.000837646
internal_weight=23242 12868 10374 7847 4042 2527 9804 6097 3585 3037 2289 2079 1428 748 2512 688 651 210 3707 382 2371 352 304 2019 168 207 280 3936 265 3671
internal_count=23242 12868 10374 7847 4042 2527 9804 6097 3585 3037 2289 2079 1428 748 2512 688 651 210 3707 382 2371 352 304 2019 168 207 280 3936 265 3671
is_linear=0
shrinkage=0.05


Tree=51
num_leaves=31
num_cat=0
split_feature=5 12 13 16 12 10 16 14 5 11 14 3 9 13 13 10 15 11 14 15 12 15 12 15 11 14 10 10 12 12
split_gain=4.36877 4.73724 3.66996 6.33277 4.38835 13.3164 4.07203 3.89113 3.58165 3.70066 3.40852 3.04499 2.97078 5.58017 9.44179 9.505 8.31867 5.87468 5.50141 6.62844 6.52138 6.14682 6.73815 5.33075 5.08983 8.14084 6.01846 8.49038 5.56675 4.94721
threshold=0.02182623475520518 -0.071455509470426767 12.84500026702881 0.016071978283950131 0.051085048604070045 0.0042234233454397927 0.023618735315878551 -0.14356568835631797 0.0077423957010470503 0.023085169776383866 0.013234785210327617 0.0084321065296268944 inf 19.055000305175785 18.904999732971195 -0.015857538372193832 0.0086508721822939911 -0.012951361499321188 0.10773003329269316 0.010178822803455391 0.027464748071709514 -0.0017285442276058214 0.088559011453246086 -0.020901928673028699 -0.001505461586643053 0.090336443973437111 0.0033989606523996412 0.00097851086285993837 -0.049048436065559579 -0.0032252776079392249
decision_type=2 2 2 2 2 2 2 2 2 2 2 2 8 2 2 2 2 2 2 2 2 2 2 2 2 2 2 2 2 2
left_child=2 -2 3 4 8 10 -5 11 -1 -10 -6 -4 13 14 15 -9 17 23 19 21 -21 22 -17 -15 26 -26 27 -14 -28 -20
right_child=1 -3 7 6 5 -7 -8 12 9 -11 -12 -13 24 16 -16 18 -18 -19 29 20 -22 -23 -24 -25 25 -27 28 -29 -30 -31
leaf_value=-0.00011046122322355104 0.00036248650368358337 6.5214452292639962e-05 -9.4417254851150329e-05 0.00019254223428312431 -0.00013171022058550225 0.00023887988012080415 -1.3310200114508854e-05 0.00042389191089282224 -5.0853599732225005e-05 -0.00025648254531165416 2.1516821402356359e-05 9.7392740870610878e-05 -3.4238617336646321e-05 -0.00017772645866274739 0.00028252301271354568 2.2994006733787278e-05 -0.00013137263292514311 -3.5274545365902443e-05 4.8702561212610749e-05 0.0001875976813367571 -6.3509074650011659e-07 -9.8051711571783318e-06 0.00030137012388104444 4.0690989320409881e-05 -3.8355024513904479e-06 0.00021794222408793261 8.5390492658423314e-05 0.00024720384325669671 -0.00014230083366630368 -0.0001341201868995177
leaf_weight=81 76 836 369 113 102 142 108 88 855 57 53 41 1468 74 130 3581 473 1912 86 576 409 6083 136 1621 2762 136 52 138 352 218
leaf_count=81 76 836 369 113 102 142 108 88 855 57 53 41 1468 74 130 3581 473 1912 86 576 409 6083 136 1621 2762 136 52 138 352 218
internal_value=-0.000211864 0.00317982 -0.000351098 -0.00272998 -0.00406977 0.00126263 0.0050905 -0.000177493 -0.00566465 -0.00476974 -0.00887097 -0.005 -8.0069e-05 0.000261584 0.000833554 0.000677731 -0.00132353 -0.000505961 0.00054784 0.000734817 0.00464467 0.000341837 0.00194377 0.00163717 -0.00115118 0.000189786 -0.00308458 -0.00171233 -0.0085396 -0.00608553
internal_weight=23128 912 22216 1511 1290 297 221 20705 993 912 155 410 20295 15387 11307 11177 4080 3607 11089 10785 985 9800 3717 1695 4908 2898 2010 1606 404 304
internal_count=23128 912 22216 1511 1290 297 221 20705 993 912 155 410 20295 15387 11307 11177 4080 3607 11089 10785 985 9800 3717 1695 4908 2898 2010 1606 404 304
is_linear=0
shrinkage=0.05


Tree=52
num_leaves=31
num_cat=0
split_feature=9 16 16 12 16 12 5 12 12 16 14 14 14 14 16 12 12 14 15 16 8 10 13 10 16 8 13 16 16 16
split_gain=4.58881 3.68326 3.62874 7.04673 7.71483 7.17526 7.05368 6.28342 5.65074 5.61121 6.35648 5.5283 6.59461 5.50767 5.36389 6.12132 6.80122 5.29467 5.28056 4.38578 4.32133 4.22801 9.16557 4.80326 6.31504 4.79543 4.01584 4.43729 3.85657 7.44178
threshold=-0.15104308414162057 -0.04002918326615023 -0.013824391152696012 0.028448808963007281 -0.011609418835913097 0.027728994316604031 0.0082769056295107762 0.028230710168881127 0.029689605968967085 -0.015086840633322217 0.048234950984074383 0.003286853869637119 -0.018785167459125836 -0.03897851358283843 0.019362460863441181 0.035088519804199254 0.037289246294732965 -0.10816573528732347 -0.0021762314902409314 -0.00025412113819850418 -0.0075676206183032937 -0.0021138805299539261 13.659999847412111 0.0034739164181698538 0.019025021296451342 -0.004232949274739716 12.644999980926515 0.020824361144937468 1.0000000180025095e-35 -0.0072176562115871526
decision_type=8 2 2 2 2 2 2 2 2 2 2 2 2 2 2 2 2 2 2 2 10 2 2 2 2 10 2 2 2 2
left_child=-1 -2 7 4 13 6 -6 -3 18 -9 -11 12 17 20 15 19 -17 -10 -5 -13 -4 22 -14 24 -23 -26 -25 -28 29 -8
right_child=1 2 3 8 5 -7 28 9 11 10 -12 14 21 -15 -16 16 -18 -19 -20 -21 -22 23 -24 26 25 -27 27 -29 -30 -31
leaf_value=5.4896908323770654e-05 0.00011855013099153116 -4.75148439730812e-05 0.00011662524812140171 6.6873763363019994e-05 -4.3483355135457327e-05 0.00018000149942521567 5.025458435222426e-05 6.1095390554564502e-05 -0.00015077073426721883 2.6646732257698625e-05 -0.00023549339881374253 -0.00011830308186401211 0.00024683880111766405 0.00015545145852524688 -0.00012818844329646009 0.00021874273893793172 3.5951271020709735e-05 1.6679137909689659e-06 -0.00011158262219831787 5.5557315293028146e-06 -0.00010152269163374077 -0.00016714015060708911 -3.5381393457665014e-05 -0.0001394907765029699 -0.00013016963670507521 5.9602751705485147e-05 -1.345735757356443e-06 -0.00016826506489997378 1.9840627034733909e-05 -4.1063527603764968e-05
leaf_weight=1933 197 2524 111 108 708 175 1131 682 98 157 78 160 72 395 230 194 1428 2563 509 233 89 544 235 54 49 113 616 78 5812 1906
leaf_count=1933 197 2524 111 108 708 175 1131 682 98 157 78 160 72 395 230 194 1428 2563 509 233 89 544 235 54 49 113 616 78 5812 1906
internal_value=-0.000120783 -0.000332957 -0.000396637 -0.000106468 0.000733514 0.000395602 0.000211887 -0.00188172 -0.00129736 0.00166303 -0.005 -0.000873706 -0.00189959 0.0062605 0.00114699 0.0019727 0.00332922 -0.000328824 -0.0058752 -0.00362595 -0.0005 -0.00427314 0.00105863 -0.0053989 -0.00835694 0.000308642 -0.00260695 -0.00158501 0.000596113 -0.000847876
internal_weight=23182 21249 21052 17611 10327 9732 9557 3441 7284 917 235 6667 4422 595 2245 2015 1622 2661 617 393 200 1761 307 1454 706 162 748 694 8849 3037
internal_count=23182 21249 21052 17611 10327 9732 9557 3441 7284 917 235 6667 4422 595 2245 2015 1622 2661 617 393 200 1761 307 1454 706 162 748 694 8849 3037
is_linear=0
shrinkage=0.05


Tree=53
num_leaves=31
num_cat=0
split_feature=1 11 11 6 15 11 11 11 2 5 5 16 10 10 15 3 11 14 10 10 14 10 9 14 15 15 15 6 16 14
split_gain=4.45308 4.42847 4.58072 4.26322 3.67108 3.33621 4.7721 4.6846 4.21143 3.50385 3.09995 3.04293 2.96625 2.86043 3.50655 2.78717 2.74968 6.92032 3.8435 4.97543 4.90473 3.38802 3.30382 3.05255 4.30325 5.2003 3.88251 3.02986 2.73058 2.6739
threshold=-0.033367903575880646 -0.022310292973000797 0.00053831818388905283 1.4780084542770446 -0.004855426883629165 0.034492851689025945 0.037935675142188215 0.024185912746781283 -0.0087106969085536372 0.021499692954318837 0.0075661480318471907 -0.0099147946184501828 0.0019017631763441625 0.0022948780910856397 0.0033269211579459728 0.0090400072386315217 0.022829812381502172 0.00619378828642947 0.010824112764753148 0.010591445370862431 -0.040011250304013861 0.0077874133579277647 0.02440267257239415 -0.058539441914538297 -0.0029211545094651732 -0.0037042067432477839 0.0030848137192268647 0.2860995681383543 -0.024367077995259608 -0.010234659349895312
decision_type=2 2 2 2 2 2 2 2 2 2 2 2 2 2 2 2 2 2 2 2 2 2 10 2 2 2 2 2 2 2
left_child=1 15 -3 5 -4 7 -7 9 -9 10 -2 12 -5 -8 -15 -1 18 21 19 -12 23 -18 -21 24 25 -20 -25 -26 -6 -16
right_child=3 2 4 11 28 6 13 8 -10 -11 16 -13 -14 14 29 -17 17 -19 20 22 -22 -23 -24 26 27 -27 -28 -29 -30 -31
leaf_value=8.2387133898101546e-05 -2.4940161786430249e-05 -2.7238143032315205e-05 0.00012856584858059788 1.6563604377586427e-05 -0.0002504148959092356 -0.00010349026308879148 6.8218239028136141e-05 6.7150325238166483e-05 -2.1478240172375815e-06 0.00012169198772815495 -7.5320498077561217e-06 5.3539161675405374e-05 -0.00014369444267649454 -7.8666600803889477e-05 2.5779853104101699e-05 0.00073344559507242818 -0.00010032461985995815 -0.00023549915854897822 -0.00013522572502739529 0.00030732072911025143 -0.0001207575940521885 0.00011912605116469599 3.3564343403771293e-05 -6.6138969026113701e-05 -9.22728447431671e-05 0.00027840694558371168 0.00019743549530282841 1.4042282466674297e-05 2.6992199287936663e-05 -0.0001316779924203424
leaf_weight=401 673 1092 424 283 46 271 134 574 738 510 13473 1432 119 210 364 44 93 86 50 56 144 100 45 51 502 60 47 158 913 55
leaf_count=401 673 1092 424 283 46 271 134 574 738 510 13473 1432 119 210 364 44 93 86 50 56 144 100 45 51 502 60 47 158 913 55
internal_value=-0.000181441 0.00164384 0.000818182 -0.000444928 0.00272957 -0.000674133 -0.00343327 -0.000509793 0.0023628 -0.000744641 -0.000878491 0.00185387 -0.00199005 -0.00140891 -0.00282194 0.00623596 -0.000728221 -0.00564516 -0.00063417 -0.000412553 -0.00360672 -0.000388601 0.0106436 -0.00218894 -0.00324675 0.00590909 0.00612245 -0.00477273 0.00101668 -0.000178998
internal_weight=23148 2920 2475 20228 1383 18394 1034 17360 1312 16048 15538 1834 402 763 629 445 14865 279 14586 13574 1012 193 101 868 770 110 98 660 959 419
internal_count=23148 2920 2475 20228 1383 18394 1034 17360 1312 16048 15538 1834 402 763 629 445 14865 279 14586 13574 1012 193 101 868 770 110 98 660 959 419
is_linear=0
shrinkage=0.05


Tree=54
num_leaves=31
num_cat=0
split_feature=13 10 11 14 9 15 13 10 12 12 13 16 12 12 16 14 13 12 9 6 12 7 8 13 14 1 12 4 11 11
split_gain=4.85652 6.57199 6.80855 4.94915 4.12542 3.73856 4.47874 4.07145 3.96247 4.53827 3.93879 3.46513 6.77576 7.00005 5.92135 5.29626 4.37932 4.53123 3.92183 3.91745 4.99858 3.33386 3.31643 3.26748 3.09484 3.07416 3.06793 2.99184 2.97505 6.00967
threshold=12.84500026702881 -0.0028855615804261321 0.0021655694557776166 -0.049354087797768446 -0.14401856138690536 0.010654192125510555 12.694999694824221 0.0060647268719028488 0.066825641747697576 0.054230156972347017 12.494999885559084 -0.013422716580278436 0.040552137472516188 0.037528575282214767 -0.012000072707754437 0.014555585659076444 14.605000019073488 -0.051373899775069835 -0.065805283646778054 1.1682644917339697 -0.052281358654850445 -0.014621487482686489 -0.19073014352536768 12.994999885559084 0.06920052511090892 0.013348346245457889 -0.032202128376674514 0.0099672448942019157 0.034492851689025945 0.037935675142188215
decision_type=2 2 2 2 8 2 2 2 2 2 2 2 2 2 2 2 2 2 8 2 2 2 10 2 2 2 2 2 2 2
left_child=1 -1 -3 -4 23 6 7 8 9 10 -5 12 13 16 15 21 -6 24 -14 22 -21 -13 26 -2 -18 -8 -16 -24 -29 -30
right_child=4 2 3 5 11 -7 25 -9 -10 -11 -12 14 18 -15 19 -17 17 -19 -20 20 -22 -23 27 -25 -26 -27 -28 28 29 -31
leaf_value=0.00017094978500347267 0.00040352943970378431 -0.00012463280836600709 0.00014101466253200689 -4.726922305959194e-05 5.0226347564406255e-05 -0.00017048295585503847 -0.00012397355894158232 -9.8451371912329096e-05 -8.7039162038826711e-05 0.00012534310752987461 5.5090779399588728e-05 0.00011090005684370551 0.00037178787397432477 -0.00020892198948183348 8.3519288574540224e-05 0.00027145819607954472 -1.229863284585792e-05 -5.1861990889611517e-05 2.6561403734135176e-05 -0.00020624817715114916 4.6327049137196399e-05 -3.2016387870434155e-05 -5.1159026121161497e-05 4.4965082726771987e-05 0.00018217143605517148 9.0686935671420747e-06 -7.441164244156211e-05 -3.047471067298396e-07 -0.00012949906516476601 -8.846988034521977e-06
leaf_weight=111 43 173 107 315 266 113 177 114 87 85 232 153 65 124 47 135 221 2407 317 74 1888 189 54 2008 153 64 507 12207 202 624
leaf_count=111 43 173 107 315 266 113 177 114 87 85 232 153 65 124 47 135 221 2407 317 74 1888 189 54 2008 153 64 507 12207 202 624
internal_value=-0.000268679 -0.00294677 -0.00383436 -0.00258887 -7.37871e-05 -0.00351727 -0.00260708 -0.000870348 0.000521558 0.00189873 0.000228519 -0.000296694 -0.00170982 -0.00246768 1.55473e-05 0.00550314 -0.00199376 -0.00258001 0.00458115 -0.000152214 0.0019368 0.00219298 -0.000452679 0.00205997 0.00254011 -0.00860996 -0.00424188 -0.000292275 -0.000243612 -0.0031477
internal_weight=23262 1578 1467 1294 21684 1187 1074 833 719 632 547 19633 3553 3171 16080 477 3047 2781 382 15603 1962 342 13641 2051 374 241 554 13087 13033 826
internal_count=23262 1578 1467 1294 21684 1187 1074 833 719 632 547 19633 3553 3171 16080 477 3047 2781 382 15603 1962 342 13641 2051 374 241 554 13087 13033 826
is_linear=0
shrinkage=0.05


Tree=55
num_leaves=31
num_cat=0
split_feature=9 14 12 16 12 14 9 16 0 3 10 9 15 12 10 14 12 10 15 14 14 14 12 7 12 10 12 10 16 15
split_gain=3.25701 2.98055 3.63459 6.29768 6.84605 5.50503 6.61033 5.03527 7.71983 4.48601 4.41403 4.7096 4.18212 3.41958 4.71098 5.13745 5.58848 6.82703 10.9094 4.56839 6.91527 5.32241 5.95364 4.83205 4.38762 4.26113 4.20266 4.42 3.79716 5.94896
threshold=-0.22395704656640228 0.0012326341754252958 0.040552137472516188 0.0063702559736409379 0.048152369041769456 0.0080830591469587282 0.032015262252411698 0.019362460863441181 0.003694794712300276 -0.0071122124942340484 0.0018732766831597305 0.041827585248641726 0.0069922460261293571 0.037030624356881099 0.010510737947986739 -0.016062326519559963 0.086474140948455194 -0.0021138805299539261 -1.0000000180025095e-35 -0.050661155749090407 -0.036818887874406285 -0.029883265784418574 0.056550523071576715 0.032570895000530349 0.060736878271406176 0.0024545779679250317 0.05549664954164369 0.0078861973708463946 0.0097442173840673902 0.0078689589785218023
decision_type=8 2 2 2 2 2 8 2 2 2 2 8 2 2 2 2 2 2 2 2 2 2 2 2 2 2 2 2 2 2
left_child=-1 13 -3 5 7 6 -4 -5 -9 -6 11 -7 -11 28 15 19 17 18 -17 24 23 -22 -23 -21 -15 -19 27 -27 29 -2
right_child=1 2 3 4 9 10 -8 8 -10 12 -12 -13 -14 14 -16 16 -18 25 -20 20 21 22 -24 -25 -26 26 -28 -29 -30 -31
leaf_value=0.00013115404757649043 -6.4874470507827501e-06 -1.6250966369528009e-06 -0.00021668413572685334 0.00016025540071334951 0.00014884623587053209 0.00014245202957648809 0.00011039861980185712 0.00014454443862753683 -0.00038610535052195448 -9.4650334081334981e-05 0.00024043769668961811 1.0057546326705612e-06 4.6916383381307016e-05 -6.2287419029792034e-05 -0.00010455939224364173 -3.3448816912615559e-05 -0.00020130968903805816 -0.00015559437946202929 0.00024841781649137155 0.00013206254631252645 -0.00010400776913559097 -3.7139421425480441e-05 0.00010834805483333466 -1.6844891706166649e-05 8.096752974120526e-05 -9.3274646678261032e-05 7.1649887102232754e-05 0.00010832819807695535 1.9852659775936683e-05 -6.736805226474781e-05
leaf_weight=738 5504 7956 74 228 82 306 66 59 45 449 200 289 102 486 441 116 106 320 78 413 412 354 247 97 57 295 165 55 2758 722
leaf_count=738 5504 7956 74 228 82 306 66 59 45 449 200 289 102 486 441 116 106 320 78 413 412 354 247 97 57 295 165 55 2758 722
internal_value=-0.000219638 -0.000326928 0.000324675 0.00228947 -0.000544041 0.0052139 -0.00392857 0.00527108 -0.00384615 -0.003594 0.0068239 0.00466387 -0.00521779 -0.000835577 -0.00212795 -0.00146048 -0.004163 -0.00303693 0.00541237 2.42014e-05 0.0014281 -0.000962488 0.00203827 0.00617647 -0.00391344 -0.005 -0.00218447 -0.00528571 -0.000311665 -0.000995824
internal_weight=23220 22482 9856 1900 965 935 140 332 104 633 795 595 551 12626 3642 3201 1135 1029 194 2066 1523 1013 601 510 543 835 515 350 8984 6226
internal_count=23220 22482 9856 1900 965 935 140 332 104 633 795 595 551 12626 3642 3201 1135 1029 194 2066 1523 1013 601 510 543 835 515 350 8984 6226
is_linear=0
shrinkage=0.05


Tree=56
num_leaves=31
num_cat=0
split_feature=4 6 15 11 3 10 10 3 3 13 11 6 15 10 9 10 10 11 11 13 11 11 15 10 11 11 10 10 6 8
split_gain=3.69875 3.12228 2.87032 3.13696 2.57027 2.65011 5.44906 4.43163 2.56096 4.07671 6.40208 3.30244 3.1629 3.1628 2.96881 2.73611 4.37845 3.57817 3.63607 3.31377 3.00074 3.00314 2.64665 6.09885 2.44841 5.57477 5.47736 5.14379 4.30049 4.22609
threshold=0.0099672448942019157 1.1682644917339697 0.019569387882876214 0.011124133624280887 0.01624291490138963 0.020743044846024853 0.019654390703208072 0.0043524523156421866 0.0036091854528196303 24.779999732971195 1.0000000180025095e-35 -0.063992269893014916 -0.0041836233385874602 0.015021993582677752 0.2664527333497852 0.014545936349149692 0.009886389915227169 0.0091893373609573965 0.011605230504387444 17.369999885559086 0.028348457070928038 0.025879886513439202 0.014317072632795471 0.0067105474305927401 -0.006288513316392629 0.00023769852102906167 -0.0069332778537110609 -0.015213589282174643 -0.71297985820719645 -0.19073014352536768
decision_type=2 2 2 2 2 2 2 2 2 2 2 2 2 2 10 2 2 2 2 2 2 2 2 2 2 2 2 2 2 10
left_child=-1 2 4 -4 5 6 8 -7 14 10 12 -11 -10 -14 22 16 17 -12 -19 -18 21 -20 24 -24 26 -26 27 -2 -27 -29
right_child=1 -3 3 -5 -6 7 -8 -9 9 11 15 -13 13 -15 -16 -17 19 18 20 -21 -22 -23 23 -25 25 28 -28 29 -30 -31
leaf_value=-4.633974721193659e-05 4.1530975579458056e-05 2.1598581762026027e-05 -0.000194792694038497 0.00017032442432179503 0.00015729396071117324 -0.00010393556145857814 0.00020403898617274787 4.9845140868092854e-05 -3.1837186807594405e-06 0.00019031862737915869 3.7977870977038301e-05 -1.5523600670206598e-05 -7.6432408663390172e-05 0.00011959421935076004 6.9352112398885537e-05 -0.00012932987137355187 0.00016288325402406036 -0.00010734700071903257 -4.287881804870592e-06 -1.2858346979252328e-05 -6.3474889638568931e-05 0.0001669732527952347 0.00024401850636134568 -6.4611202384152048e-05 -4.7438415834145758e-05 -2.3471760187881779e-05 3.4400755974630134e-05 8.4943544800911554e-05 5.214537062582124e-06 -6.1632545424488067e-05
leaf_weight=84 521 2878 89 49 151 114 78 55 285 145 771 84 918 40 284 122 188 259 718 97 263 48 142 100 1889 2649 2479 72 6804 832
leaf_count=84 521 2878 89 49 151 114 78 55 285 145 771 84 918 40 284 122 188 259 718 97 263 48 142 100 1889 2649 2479 72 6804 832
internal_value=-0.000241296 -0.000203252 -0.000422306 -0.0076087 -0.000372986 -0.000422158 -0.00036891 -0.0066568 -0.000421106 -0.00156171 -0.00196145 0.00491266 -0.00488737 -0.00626305 -0.000136318 -0.000486618 -0.000106655 -0.000910636 -0.00252329 0.00570175 -0.00119048 0.000391645 -0.00022921 0.00495868 -0.000311557 -0.000683301 0.000768443 -0.00170175 -0.000187771 -0.0039823
internal_weight=23208 23124 20246 138 20108 19957 19788 169 19710 3938 3709 229 1243 958 15772 2466 2344 2059 1288 285 1029 766 15488 242 15246 11342 3904 1425 9453 904
internal_count=23208 23124 20246 138 20108 19957 19788 169 19710 3938 3709 229 1243 958 15772 2466 2344 2059 1288 285 1029 766 15488 242 15246 11342 3904 1425 9453 904
is_linear=0
shrinkage=0.05


Tree=57
num_leaves=31
num_cat=0
split_feature=5 6 13 15 1 10 10 15 10 7 11 4 11 15 7 5 1 9 11 13 16 13 6 11 13 13 15 15 15 16
split_gain=3.63186 3.07634 2.9395 5.69875 3.57935 2.9795 3.38087 2.95168 3.33015 3.73057 3.46709 2.91765 2.79446 4.8362 2.71463 2.63996 3.45413 3.75054 2.98598 3.5863 3.06766 2.80224 2.8621 2.5692 2.79053 5.3906 3.37631 3.06521 3.10603 2.99664
threshold=0.01214628701699534 1.1682644917339697 19.055000305175785 0.010178822803455391 0.048100766107927136 -0.014256563971479506 -0.015857538372193832 0.0063651520994625352 9.4848672244407531e-05 0.008290025994055485 0.0069117178035681412 0.024776540767641374 0.011258220737919157 0.016782914100325733 0.012128318671552176 0.020083360308737676 -0.019841422810246419 -0.262023497349819 0.051074156434965386 24.630000114440922 -0.0072176562115871526 19.585000038146976 -0.25291337068724656 0.04888400580692865 17.494999885559086 17.445000648498539 0.0031826844699655026 -1.0000000180025095e-35 0.00051544862427577176 0.023236322266001811
decision_type=2 2 2 2 2 2 2 2 2 2 2 2 2 2 2 2 2 10 2 2 2 2 2 2 2 2 2 2 2 2
left_child=-1 2 3 7 5 6 14 23 -9 -10 -11 -6 13 -5 -4 16 17 -7 19 20 -18 -22 -23 24 25 26 27 -2 -29 -26
right_child=1 -3 4 12 11 15 -8 8 9 10 -12 -13 -14 -15 -16 -17 18 -19 -20 -21 21 22 -24 -25 29 -27 -28 28 -30 -31
leaf_value=-7.2071250253866185e-06 1.438470155651914e-05 5.0829569904029768e-05 -4.9685807266557606e-05 0.0002377741512836693 -0.00014506078538971043 0.00016923951646626034 0.00038434893410896256 -0.00012168955454169039 -7.3473060320972778e-05 -4.176666051238748e-05 0.00014502099208763006 -4.5483292991522264e-05 2.8309328031753991e-05 -0.00013556220263415426 0.00018857363640440388 4.7508047405076751e-05 3.5062720542111874e-05 -1.0717975104530777e-05 8.0436845036654421e-05 -0.00012778082415966407 -0.00014562984600200411 -5.8727796410437553e-05 2.9084509844410496e-05 -0.00012934603116238061 7.7569262974518289e-05 -0.00031372093423960356 9.0938723706912935e-05 -0.00017008201439176274 -2.1944410873082954e-05 -0.00017205785492896975
leaf_weight=11855 2340 1347 265 320 58 107 112 160 279 79 135 219 289 41 120 413 272 596 47 234 179 446 205 80 1023 50 658 114 999 45
leaf_count=11855 2340 1347 265 320 58 107 112 160 279 79 135 219 289 41 120 413 272 596 47 234 179 446 205 80 1023 50 658 114 999 45
internal_value=-8.33803e-05 0.000560897 0.000255438 0.000862069 -0.000970058 -0.00046729 0.00306841 0.00037739 -0.00279479 -0.000760649 0.00420561 -0.00640794 0.00530769 0.008241 0.000844156 -0.00117047 -0.00189358 0.000960171 -0.00334418 -0.00377994 -0.00258621 -0.00409639 -0.00257296 0.000767565 0.000903614 0.000318433 0.000516906 -0.000108601 -0.00226864 0.00318352
internal_weight=23087 11232 9885 6612 3273 2996 497 5962 653 493 214 277 650 361 385 2499 2086 703 1383 1336 1102 830 651 5309 5229 4161 4111 3453 1113 1068
internal_count=23087 11232 9885 6612 3273 2996 497 5962 653 493 214 277 650 361 385 2499 2086 703 1383 1336 1102 830 651 5309 5229 4161 4111 3453 1113 1068
is_linear=0
shrinkage=0.05


Tree=58
num_leaves=31
num_cat=0
split_feature=6 14 0 13 1 5 15 3 10 10 12 13 12 3 4 11 7 15 11 13 12 13 13 11 10 9 12 12 12 4
split_gain=3.77088 3.48783 3.45482 4.31165 3.92598 3.37864 3.09779 3.14649 3.02273 4.12192 3.50507 2.99117 3.52111 3.00152 2.80512 3.38285 3.18778 3.16522 3.21136 3.19413 3.31462 3.10325 5.43681 3.79738 3.30643 3.0966 3.06808 2.94816 2.74613 2.69178
threshold=1.5151362620304727 -0.14356568835631797 0.013056203252688194 31.844999313354496 -0.05763429302047373 0.018863609097389451 0.025419799656721923 -0.0061603262968415997 0.020743044846024853 0.019654390703208072 -0.0800835440536906 27.855000495910648 -0.051373899775069835 0.0011815268137918002 0.017516673973807639 0.025879886513439202 0.010688341027661032 -0.0068272165665288478 -0.013624975324509013 12.765000343322756 -0.028260208698555885 12.434999942779543 12.454999923706056 0.0035059532242039952 0.0020115949089920542 -0.048608091522502554 0.092854768976221705 -0.038043904409190692 0.062788552899160646 0.011888312019850893
decision_type=2 2 2 2 2 2 2 2 2 2 2 2 2 2 2 2 2 2 2 2 2 2 2 2 2 10 2 2 2 2
left_child=2 -2 3 8 -5 -6 7 -4 9 10 -1 12 13 -12 15 17 -17 18 -14 -20 -21 23 -23 -19 -25 -18 28 -16 -24 -22
right_child=1 -3 6 4 5 -7 -8 -9 -10 -11 11 -13 14 -15 27 16 25 21 19 20 29 22 26 24 -26 -27 -28 -29 -30 -31
leaf_value=-0.00020192482801612913 -0.00011171434944769149 4.3449963505230729e-05 0.00014678139616738898 0.0006807278151488203 -2.9169969563104873e-05 0.00036361900217307973 -0.00031809720335437461 2.2294266324993746e-05 -7.7189766428244216e-05 0.00018646760323400805 1.348485025510519e-05 -0.00013216442586693329 6.7624346566028644e-05 0.00016925729809548433 -7.3583163145171191e-05 6.965901037570498e-05 5.1651615133778547e-05 -0.00023144457879587413 7.7046054535947217e-05 0.00011746412275964952 -8.5832938268679346e-05 0.00015573606356470107 -2.5001988977759902e-05 -9.8246264879090688e-05 8.6019648590874467e-05 -4.1606486938693165e-05 -0.00010264110081346532 1.30983156960739e-06 7.140932803602149e-05 -1.5768941911698064e-05
leaf_weight=74 74 2089 114 43 91 43 40 2677 131 60 249 152 193 125 357 274 99 47 57 53 70 59 5022 71 80 153 63 9715 131 730
leaf_count=74 74 2089 114 43 91 43 40 2677 131 60 249 152 193 125 357 274 99 47 57 53 70 59 5022 71 80 153 63 9715 131 730
internal_value=-0.000103734 0.00188396 -0.00030873 -0.000562231 0.00720339 0.00298507 0.00131579 0.00151379 -0.000638742 -0.000583156 -0.000627321 -0.000581921 -0.000521427 0.00427807 -0.000625946 -0.00138693 0.00247148 -0.00169556 0.00074796 -0.000494505 -0.00126026 -0.00218801 -0.00195735 -0.00833333 -0.0044702 -0.0015873 -0.00212807 -8.93566e-05 -0.00199398 -0.0020625
internal_weight=23136 2163 20973 18142 177 134 2831 2791 17965 17834 17774 17700 17548 374 17174 7102 526 6576 1103 910 853 5473 5275 198 151 252 5216 10072 5153 800
internal_count=23136 2163 20973 18142 177 134 2831 2791 17965 17834 17774 17700 17548 374 17174 7102 526 6576 1103 910 853 5473 5275 198 151 252 5216 10072 5153 800
is_linear=0
shrinkage=0.05


Tree=59
num_leaves=31
num_cat=0
split_feature=5 12 12 16 15 12 15 15 13 16 14 15 15 14 2 16 12 16 14 16 14 16 14 15 13 14 15 16 3 16
split_gain=3.88332 3.94942 3.30855 6.45265 6.30851 6.1459 5.86626 4.40182 6.55075 6.12949 6.16028 7.34625 5.98651 4.76842 4.3855 4.378 4.33647 10.802 7.35895 5.3834 6.77685 8.78366 6.693 5.21512 4.96552 4.91258 4.4859 4.47417 4.32452 5.09613
threshold=0.020311387437001335 -0.071455509470426767 0.028448808963007281 -0.015086840633322217 -0.0070649541830439247 0.027544134222988518 -0.016969380961957211 -0.008911830777307948 17.204999923706058 0.008144418068525951 -0.03897851358283843 0.011794930710199216 -0.0025497236180067047 0.18763840935801293 0.030528381216390347 0.020824361144937468 0.033234518551448107 -0.0074998153721907426 -0.058539441914538297 0.019362460863441181 0.003286853869637119 -0.014383548803740985 -0.0035273854570452286 -0.010711339332625911 18.82499980926514 -0.10816573528732347 -0.0021762314902409314 0.016224891386126931 0.0050857402648345493 0.0058456655536831556
decision_type=2 2 2 2 2 2 2 2 2 2 2 2 2 2 2 2 2 2 2 2 2 2 2 2 2 2 2 2 2 2
left_child=2 -2 5 4 -4 6 -1 8 -8 28 11 -11 -12 -14 -10 -13 17 -5 -19 20 22 -22 25 -23 -25 -18 -20 -24 29 -9
right_child=1 -3 3 16 -6 -7 7 9 14 10 12 15 13 -15 -16 -17 19 18 26 -21 21 23 27 24 -26 -27 -28 -29 -30 -31
leaf_value=-0.00014446917312568668 0.00031232527176411768 4.8279059960677648e-05 -2.4513079885553956e-05 -0.00041320447700972672 0.00011595147971367303 0.00011646289900195816 0.00012031830834107619 -1.5992974620509128e-06 1.7214949515180144e-05 -5.4077462770992721e-05 0.00010757846720768619 0.0002975126313054485 3.1235625265978609e-05 -0.00018478069080382869 -0.00010542822360395724 -4.6711128681091174e-05 -0.0001521053792306119 0.0001744177192504368 2.5701628579315013e-05 -7.3832933085594624e-05 -0.00023564740883536811 -8.1369728636070248e-05 -0.00010825067959940572 7.2475165526688818e-05 -2.8727695078706406e-05 -5.9075669479648388e-06 -7.9932616635693997e-05 0.00014331459784809922 -4.5670611125807038e-05 -8.1948454926610321e-05
leaf_weight=222 108 1220 263 58 421 312 501 6270 537 850 544 166 1965 112 186 76 104 105 369 614 49 109 435 1405 301 3031 1161 50 1054 509
leaf_count=222 108 1220 263 58 421 312 501 6270 537 850 544 166 1965 112 186 76 104 105 369 614 49 109 435 1405 301 3031 1161 50 1054 509
internal_value=-0.000215303 0.00240964 -0.000375362 -0.00114749 0.00350877 0.000116506 -5.00308e-05 9.00548e-05 0.00294118 -0.000212195 0.00146108 -0.00169414 0.00277566 0.00155272 -0.000103734 0.00599174 -0.00155628 -0.00379504 -0.00304281 -0.000934733 -0.000437637 0.0020118 -0.0016989 0.00257576 0.00325322 -0.00085327 -0.00392157 -0.00716495 -0.00100536 -0.000542115
internal_weight=23107 1328 21779 8475 684 13304 12992 12770 1224 11546 3713 1092 2621 2077 723 242 7791 1693 1635 6098 5484 1864 3620 1815 1706 3135 1530 485 7833 6779
internal_count=23107 1328 21779 8475 684 13304 12992 12770 1224 11546 3713 1092 2621 2077 723 242 7791 1693 1635 6098 5484 1864 3620 1815 1706 3135 1530 485 7833 6779
is_linear=0
shrinkage=0.05


Tree=60
num_leaves=31
num_cat=0
split_feature=10 10 12 12 9 12 9 10 14 14 12 13 8 15 15 13 9 13 15 12 10 11 9 10 1 11 15 15 15 15
split_gain=3.54137 7.05432 5.66095 7.36872 4.42166 4.31736 4.1596 3.90106 3.59044 7.88525 4.7901 6.28046 4.82484 4.59062 8.17167 6.2885 8.0117 6.0972 7.30717 5.51478 5.34875 4.96591 4.90723 4.88251 5.21491 4.79636 4.27684 4.42527 4.0017 4.53281
threshold=0.00021013037674633142 0.00074647751592549227 0.032469113334652529 0.021636066325832374 0.16712744105849678 0.12384640389246161 0.35844537099274137 0.00040263082252767207 0.013406221047230662 0.015727597801877272 0.04102656469090827 16.260000228881839 0.013247115157772439 -0.0068272165665288478 0.002209120335833981 13.84500026702881 -0.21142075819728287 13.824999809265138 0.0079495753881823079 -0.042339723299349867 0.010263968374022882 -0.0021561208113907156 -0.14831326124230745 0.0018732766831597305 -0.012977289434563442 0.036862788200682568 -0.0053837707477247801 0.0035929059745525298 0.0041181276620669846 0.003065363211055883
decision_type=2 2 2 2 8 2 8 2 2 2 2 2 8 2 2 2 10 2 2 2 2 2 8 2 2 2 2 2 2 2
left_child=5 2 3 -2 7 6 -1 -4 13 -10 11 26 -12 25 15 16 -15 21 19 -19 -18 -16 -17 24 -24 -3 -11 -28 29 -23
right_child=1 8 4 -5 -6 -7 -8 -9 9 10 12 -13 -14 14 17 22 20 18 -20 -21 -22 28 23 -25 -26 -27 27 -29 -30 -31
leaf_value=1.6989022734070858e-05 -6.8546202025900584e-05 6.6772865571956358e-05 -5.5058639949338896e-05 0.00013400669195533368 -2.4376418927974537e-05 -0.00016502779002717201 -1.2745833261483238e-05 -0.00021532846183616112 0.00047638149133154962 0.00015267795419081129 0.00020450994204264375 -0.00010386094315720185 -9.0254254143159324e-06 0.00017714134745348728 -0.00015402424658664116 7.5652893528072726e-05 -5.0535711009323612e-05 0.00021913225221663996 -1.6115028291951214e-05 4.267329729623934e-05 0.00016615082923208675 -3.7714917035663672e-05 -9.0933584997763154e-05 -7.6437544362804914e-05 0.00010272984082221383 -7.9999663401474574e-05 -6.6762272907630599e-05 7.067131809753921e-05 -3.6805271735430643e-05 0.00022760069132309586
leaf_weight=7761 604 803 72 165 104 56 2412 161 112 146 220 255 211 183 86 296 668 151 1757 2365 111 138 71 2771 103 118 197 149 845 111
leaf_count=7761 604 803 72 165 104 56 2412 161 112 146 220 255 211 183 86 296 668 151 1757 2365 111 138 71 2771 103 118 197 149 845 111
internal_value=-0.000243513 -0.00079203 -0.00461121 -0.00224317 -0.0100148 0.000452146 0.000528359 -0.0138412 -0.000436083 0.00205426 0.000848896 -0.00157296 0.0050464 -0.000739813 -0.00106152 -0.0027183 0.000831601 0.000215478 0.00109408 0.00282194 -0.00137997 -0.0029661 -0.00377198 -0.00438879 0.00373563 0.00263301 0.00172764 -0.00130058 -0.00205667 0.00351406
internal_weight=23202 12973 1106 769 337 10229 10173 233 11867 1290 1178 747 431 10577 9656 4203 962 5453 4273 2516 779 1180 3241 2945 174 921 492 346 1094 249
internal_count=23202 12973 1106 769 337 10229 10173 233 11867 1290 1178 747 431 10577 9656 4203 962 5453 4273 2516 779 1180 3241 2945 174 921 492 346 1094 249
is_linear=0
shrinkage=0.05


end of trees

feature_importances:
spy_ret_20d=212
spy_ret_5d=201
vix_level=201
vix_chg_1d=198
sector_ret_5d=197
spy_ret_1d=195
sector_ret_1d=183
atr_pct=84
dvol_z_20=69
dist_ma200=68
dist_ma50=57
parkinson_20=54
ret_1d=35
ret_5d=28
overnight_gap=27
dist_ma20=11
ret_20d=10

parameters:
[boosting: gbdt]
[objective: quantile]
[metric: quantile]
[tree_learner: serial]
[device_type: cpu]
[data_sample_strategy: bagging]
[data: ]
[valid: ]
[num_iterations: 120]
[learning_rate: 0.05]
[num_leaves: 31]
[num_threads: -1]
[seed: 0]
[deterministic: 0]
[force_col_wise: 1]
[force_row_wise: 0]
[histogram_pool_size: -1]
[max_depth: -1]
[min_data_in_leaf: 40]
[min_sum_hessian_in_leaf: 0.001]
[bagging_fraction: 0.85]
[pos_bagging_fraction: 1]
[neg_bagging_fraction: 1]
[bagging_freq: 1]
[bagging_seed: 3]
[bagging_by_query: 0]
[feature_fraction: 0.85]
[feature_fraction_bynode: 1]
[feature_fraction_seed: 2]
[extra_trees: 0]
[extra_seed: 6]
[early_stopping_round: 0]
[early_stopping_min_delta: 0]
[first_metric_only: 0]
[max_delta_step: 0]
[lambda_l1: 0]
[lambda_l2: 0]
[linear_lambda: 0]
[min_gain_to_split: 0]
[drop_rate: 0.1]
[max_drop: 50]
[skip_drop: 0.5]
[xgboost_dart_mode: 0]
[uniform_drop: 0]
[drop_seed: 4]
[top_rate: 0.2]
[other_rate: 0.1]
[min_data_per_group: 100]
[max_cat_threshold: 32]
[cat_l2: 10]
[cat_smooth: 10]
[max_cat_to_onehot: 4]
[top_k: 20]
[monotone_constraints: ]
[monotone_constraints_method: basic]
[monotone_penalty: 0]
[feature_contri: ]
[forcedsplits_filename: ]
[refit_decay_rate: 0.9]
[cegb_tradeoff: 1]
[cegb_penalty_split: 0]
[cegb_penalty_feature_lazy: ]
[cegb_penalty_feature_coupled: ]
[path_smooth: 0]
[interaction_constraints: ]
[verbosity: -1]
[saved_feature_importance_type: 0]
[use_quantized_grad: 0]
[num_grad_quant_bins: 4]
[quant_train_renew_leaf: 0]
[stochastic_rounding: 1]
[linear_tree: 0]
[max_bin: 255]
[max_bin_by_feature: ]
[min_data_in_bin: 3]
[bin_construct_sample_cnt: 200000]
[data_random_seed: 1]
[is_enable_sparse: 1]
[enable_bundle: 1]
[use_missing: 1]
[zero_as_missing: 0]
[feature_pre_filter: 1]
[pre_partition: 0]
[two_round: 0]
[header: 0]
[label_column: ]
[weight_column: ]
[group_column: ]
[ignore_column: ]
[categorical_feature: ]
[forcedbins_filename: ]
[precise_float_parser: 0]
[parser_config_file: ]
[objective_seed: 5]
[num_class: 1]
[is_unbalance: 0]
[scale_pos_weight: 1]
[sigmoid: 1]
[boost_from_average: 1]
[reg_sqrt: 0]
[alpha: 0.5]
[fair_c: 1]
[poisson_max_delta_step: 0.7]
[tweedie_variance_power: 1.5]
[lambdarank_truncation_level: 30]
[lambdarank_norm: 1]
[label_gain: ]
[lambdarank_position_bias_regularization: 0]
[eval_at: ]
[multi_error_top_k: 1]
[auc_mu_weights: ]
[num_machines: 1]
[local_listen_port: 12400]
[time_out: 120]
[machine_list_filename: ]
[machines: ]
[gpu_platform_id: -1]
[gpu_device_id: -1]
[gpu_device_id_list: ]
[gpu_use_dp: 0]
[num_gpu: 1]

end of parameters

pandas_categorical:[]
