tree
version=v4
num_class=1
num_tree_per_iteration=1
label_index=0
max_feature_idx=16
objective=quantile
feature_names=ret_1d ret_5d ret_20d overnight_gap atr_pct parkinson_20 dvol_z_20 dist_ma20 dist_ma50 dist_ma200 spy_ret_1d spy_ret_5d spy_ret_20d vix_level vix_chg_1d sector_ret_1d sector_ret_5d
feature_infos=[-0.3128238377572643:0.70247658502878108] [-0.35362695508644748:1.1834002575686728] [-0.52364248567799043:2.0411208546920987] [-0.17387503924688641:0.81091037918768527] [0.0059589066915295618:0.17305828509271273] [0.0046903255509245399:0.080953951705560689] [-2.7763752638698351:4.3368922439295909] [-0.38205369295007252:0.9147549036178908] [-0.44863784390291639:1.2955511739187724] [-0.43937446074512121:2.4622052712840596] [-0.058542971330535654:0.10501930183911301] [-0.11496151859245618:0.082843162776128354] [-0.1226559005192206:0.15756591020035837] [11.859999656677246:52.330001831054688] [-0.35753873962348437:0.74039073966007019] [-0.057278671698730466:0.088354822396671695] [-0.10755366959955526:0.081588045068032633]
tree_sizes=2902 2989 2921 2974 2971 2981 2962 2982 2993 3004 2992 3003 3008 2958 3000 3010 3022 3000 2993 3009 3021 3014 3007 2989 3004 3003 3023 3005 3008 3008 2999 2973 3022 3002 2989 3012 3017 3011 3003 3013

Tree=0
num_leaves=31
num_cat=0
split_feature=4 15 5 6 4 12 10 16 8 12 15 15 10 13 13 10 4 14 12 8 13 13 10 14 6 6 1 16 16 7
split_gain=52.3608 6.55044 6.34832 4.40673 3.93691 2.0809 1.95238 2.47745 1.9234 1.78957 2.36236 1.68062 2.62973 1.66172 3.82766 2.18841 1.92866 1.44119 1.99947 1.45773 1.4431 2.12316 3.1411 6.69106 1.39691 2.686 1.78272 1.33371 1.63466 1.23701
threshold=0.035229498202496871 -0.03509478009445887 0.041808716671524318 -0.37499792307802371 0.022930360007171611 0.048152369041769456 0.00038112321022931722 0.0074532513739510317 0.23685825626228532 -0.0800835440536906 0.021153713446847692 0.021153713446847692 0.015604564237293396 30.750000000000004 28.970000267028812 -0.017312000709356064 0.07636557263243697 0.15949463237792252 -0.016321490228624388 -0.096036997369479168 20.060000419616703 17.394999504089359 -0.0026636628961290705 -0.024970108459849868 1.1559518619410551 0.212241659141095 -0.042664408644858924 0.0057761037299824966 0.0016661961818271733 0.032138066761596036
decision_type=2 2 2 2 2 2 2 2 8 2 2 2 2 2 2 2 2 2 2 10 2 2 2 2 2 2 2 2 2 2
left_child=1 -1 5 -4 -3 9 7 -7 -8 -2 13 17 -13 14 15 -11 29 19 -19 20 21 -6 -23 -24 25 26 -5 28 -21 -17
right_child=2 4 3 24 11 6 8 -9 -10 10 -12 12 -14 -15 -16 16 -18 18 -20 27 -22 22 23 -25 -26 -27 -28 -29 -30 -31
leaf_value=-0.024099858372195963 -0.021543391401515753 -0.021527800543944833 -0.022709060495689042 -0.024293773560474297 -0.021806913743992785 -0.022689602124123166 -0.022245167831088663 -0.023131647051283462 -0.023222808982656572 -0.023090306666777673 -0.022705848656959814 -0.022781281254519174 -0.021768468951020657 -0.021472087281516412 -0.023277892818855051 -0.02241683908150496 -0.023344539858274175 -0.022906787146148362 -0.021626080055263876 -0.021740994713277652 -0.021662496998184018 -0.021589307504611403 -0.021977648136000588 -0.022992158959997129 -0.024337239441799309 -0.023901417775478991 -0.023315920010261816 -0.021618056545412222 -0.022004841590999021 -0.022195833889207654
leaf_weight=56 74 6800 243 54 145 84 227 51 42 56 50 46 50 70 41 1426 52 68 95 1888 229 63 76 45 46 64 81 2498 392 854
leaf_count=56 74 6800 243 54 145 84 227 51 42 56 50 46 50 70 41 1426 52 68 95 1888 229 63 76 45 46 64 81 2498 392 854
internal_value=-0.0218359 -0.0203145 -0.0272249 -0.0325171 -0.0202374 -0.0263718 -0.0297122 -0.0346187 -0.0272498 -0.0258573 -0.0260798 -0.0212198 -0.0277784 -0.0258645 -0.0260834 -0.0258233 -0.0255887 -0.0211053 -0.0257366 -0.0209638 -0.0233821 -0.0255035 -0.0290691 -0.033783 -0.037249 -0.0354338 -0.0394335 -0.0206814 -0.0215558 -0.0253716
internal_weight=15966 12451 3515 488 12395 3027 404 135 269 2623 2549 5595 96 2499 2429 2388 2332 5499 163 5336 558 329 184 121 245 199 135 4778 2280 2280
internal_count=15966 12451 3515 488 12395 3027 404 135 269 2623 2549 5595 96 2499 2429 2388 2332 5499 163 5336 558 329 184 121 245 199 135 4778 2280 2280
is_linear=0
shrinkage=1


Tree=1
num_leaves=31
num_cat=0
split_feature=4 4 4 14 12 16 11 5 1 1 11 16 10 14 8 11 11 16 0 5 0 12 8 1 14 9 3 13 1 9
split_gain=49.6729 5.43367 4.99375 3.78389 5.09091 3.25605 3.16399 2.87633 1.84266 1.658 1.36635 2.35195 1.47443 1.44166 2.03482 2.02831 2.54596 1.83676 1.69899 1.34165 1.3387 2.52289 2.65532 2.27263 1.55186 1.48151 1.30749 1.4511 1.301 1.38115
threshold=0.035229498202496871 0.07636557263243697 0.022930360007171611 0.16537685982304043 -0.013469657386432075 0.060479508024819724 0.034061336593809395 0.026941958498393211 -0.07034943973819284 0.093338297105926796 0.030023740679380188 0.038424554197923906 -0.0086987636486000035 -0.069744182185856193 -0.096036997369479168 -0.0037732110910037582 0.012464191506580515 0.0057761037299824966 -0.0022719678864225874 0.014208206289888238 0.0096307797774558574 0.048152369041769456 0.05064097960996284 0.019568448551254506 -0.01013918808565367 0.044804739957785229 -0.028908701875410166 26.284999847412113 -0.059639966161575957 -0.0017921928428575316
decision_type=2 2 2 2 2 2 2 2 2 2 2 2 2 2 10 2 2 2 2 2 2 2 10 2 2 8 2 2 2 8
left_child=2 5 -1 8 -5 6 7 -2 -4 -3 11 12 -10 -14 15 -15 18 19 -17 -16 26 22 28 -24 -25 -23 -9 -28 -22 -30
right_child=1 9 3 4 -6 -7 -8 20 10 -11 -12 -13 13 14 17 16 -18 -19 -20 -21 21 25 23 24 -26 -27 27 -29 29 -31
leaf_value=0.0002913565479595183 -0.00035272743005058688 -0.001625453087396547 -0.00020430423558369626 -0.0014814423631780446 0.00041031844124523914 -0.0012753992444558011 0.00015216813216033026 -0.0020850506431618521 0.00036303370976361845 -0.0029371610793371954 0.00037151454451654409 -0.00034766665296021563 0.00034620282320621304 6.6168011346718142e-05 0.0001978359893107646 -0.001033764753902999 0.00021910651924666685 0.00018769035307722502 -0.00038174474606206683 -0.00010824895631146131 -0.0021164737195824772 -0.0018881798709390449 0.00053543784648545382 -0.00027594902296366498 -0.0012953348540522963 -0.00085117095762247096 -0.00076208141039012245 0.00048218041631834858 -9.6923591946891833e-05 -0.0010475929069468108
leaf_weight=6793 1259 273 197 77 77 43 228 54 516 43 512 171 602 116 281 44 45 1557 55 1337 43 60 81 127 116 61 918 56 61 147
leaf_count=6793 1259 273 197 77 77 43 228 54 516 43 512 171 602 116 281 44 45 1557 55 1337 43 60 81 127 116 61 918 56 61 147
internal_value=1.86265e-10 -0.00519608 0.00149838 0.000391087 -0.00733766 -0.0045882 -0.00440517 -0.00483909 0.00061016 -0.0114557 0.00078877 0.000522862 0.000739073 0.000417389 2.18342e-05 -0.00423077 -0.00819444 0.000370079 -0.0126768 -0.000809641 -0.00616589 -0.0078592 -0.00647826 -0.00348765 -0.00590535 -0.0144215 -0.00501945 -0.00459959 -0.0103386 -0.00870192
internal_weight=15950 3570 12380 5587 154 3254 3211 2983 5433 316 5236 4724 4553 4037 3435 260 144 3175 99 1618 1724 696 575 324 243 121 1028 974 251 208
internal_count=15950 3570 12380 5587 154 3254 3211 2983 5433 316 5236 4724 4553 4037 3435 260 144 3175 99 1618 1724 696 575 324 243 121 1028 974 251 208
is_linear=0
shrinkage=0.05


Tree=2
num_leaves=31
num_cat=0
split_feature=4 5 6 5 13 13 6 11 5 16 8 16 16 12 6 5 7 6 11 11 8 9 6 12 13 6 13 13 8 3
split_gain=47.0192 4.67056 4.3727 3.37372 2.54664 5.0784 2.10145 1.97455 1.86624 1.95307 1.65823 2.3974 1.85185 1.63062 1.60657 1.60026 1.59287 1.52513 1.36662 1.8811 1.58721 1.66617 1.33493 1.2459 1.43918 1.51075 1.19215 1.42294 1.18125 1.16825
threshold=0.035229498202496871 0.041808716671524318 -0.47342846285365875 0.014429816101020064 27.855000495910648 30.750000000000004 1.085376556804565 0.010672166565218634 0.023521566003342344 -0.010183016008099397 inf -0.010940263956027317 0.009416661906777259 -0.0800835440536906 1.799322057087118 0.015995439478930926 0.07796233343512006 1.1559518619410551 0.01199540999330473 0.008405141908930493 0.020861567678589602 -0.1506111964274047 0.13698868503606307 -0.0078641653034789965 18.595000267028812 -0.22013962975502435 22.730000495910648 23.694999694824222 0.16178436820317757 0.00034032472625622484
decision_type=2 2 2 2 2 2 2 2 2 2 8 2 2 2 2 2 2 2 2 2 8 10 2 2 2 2 2 2 8 2
left_child=3 8 29 6 7 -6 26 -5 9 -2 12 -12 13 -10 -9 -16 -8 22 19 20 21 -11 -4 -14 -25 -26 -1 -28 -22 -3
right_child=1 2 17 4 5 -7 16 14 10 18 11 -13 23 -15 15 -17 -18 -19 -20 -21 28 -23 -24 24 25 -27 27 -29 -30 -31
leaf_value=0.00032203711029607404 0.00013672896317059178 -0.0011432961189854463 -0.0016537709859563397 -1.0344713604563693e-05 -0.0019723721410512432 0.00044273772287832872 9.0735675648815926e-05 0.00024481505923136673 0.0005260079542284971 -0.00013166354053527723 -0.00039798635985095494 -0.0010937587633745726 1.4027428954262931e-05 -0.0008646463089132093 0.00010662163915128509 -0.00050428669560935446 -0.00047533360201544144 -0.0024314606588524 -6.4487425328091805e-05 -0.00089925373338436076 0.00039159211975093927 -0.00075707301352262142 -0.0018696830012315754 -0.00043050251455585737 -0.00015628051071157214 -0.00068181509205999039 -0.00047260270755856634 0.00030266512582263598 -0.00025609342326389473 5.0304784110782683e-05
leaf_weight=6080 283 106 177 3154 44 45 1003 1731 49 54 50 59 213 1221 63 76 52 47 187 46 56 75 79 644 42 44 41 156 40 89
leaf_count=6080 283 106 177 3154 44 45 1003 1731 49 54 50 59 213 1221 63 76 52 47 187 46 56 75 79 644 42 44 41 156 40 89
internal_value=-1.24935e-06 -0.0050674 -0.00955823 0.00144837 0.000462547 -0.00792135 0.00213584 0.000611067 -0.00433725 -0.0021525 -0.00503445 -0.011055 -0.00473791 -0.00598425 0.0018984 -0.00327338 7.10902e-05 -0.0133168 -0.00417031 -0.00643911 -0.00455556 -0.00817829 -0.0117969 -0.00305938 -0.0040411 -0.0101163 0.00248287 -0.00134518 0.0003125 -0.00371795
internal_weight=16006 3561 498 12445 5113 89 7332 5024 3063 741 2322 109 2213 1270 1870 139 1055 303 458 271 225 129 256 943 730 86 6277 197 96 195
internal_count=16006 3561 498 12445 5113 89 7332 5024 3063 741 2322 109 2213 1270 1870 139 1055 303 458 271 225 129 256 943 730 86 6277 197 96 195
is_linear=0
shrinkage=0.05


Tree=3
num_leaves=31
num_cat=0
split_feature=8 9 8 14 12 1 6 11 7 9 12 6 13 1 0 12 10 10 14 9 9 16 10 13 13 0 9 16 7 3
split_gain=9.61462 6.4312 4.47768 4.10593 6.89022 3.2944 3.00566 3.7099 2.52365 2.40999 2.21466 1.9463 1.829 1.80619 1.47318 2.09199 1.47239 3.42799 1.84266 1.66999 1.55828 1.59723 1.73195 4.23346 3.61034 1.78233 1.47178 1.55596 1.43389 2.05637
threshold=-0.090809425964226628 0.34723286986274532 0.19791797673157699 0.24994374642796716 -0.0075921435528307204 0.093338297105926796 1.799322057087118 -0.026323618530511902 -0.16506354977047585 -0.14181549143708796 -0.015132584176042295 0.39946466717600015 15.464999675750734 -0.080067814625288711 0.022357768700106199 -0.032202128376674514 -0.0030681643099164098 -0.0020657822926501974 0.18137679246918895 -0.059295151060220978 -0.015160658315060525 -0.024877150365141983 0.0077210004774342931 17.394999504089359 19.214999198913578 0.009076807332210059 -0.17114343238682198 0.050352463021035028 -0.069113784182711621 -1.0000000180025095e-35
decision_type=10 10 10 2 2 2 2 2 2 8 2 2 2 2 2 2 2 2 2 8 10 2 2 2 2 2 8 2 2 2
left_child=5 2 3 6 -5 8 9 -8 -1 -2 14 -4 -13 -3 -11 -16 18 19 -10 -18 21 -19 23 -23 25 -25 -24 -28 29 -12
right_child=1 13 11 4 -6 -7 7 -9 16 10 28 12 -14 -15 15 -17 17 20 -20 -21 -22 22 26 24 -26 -27 27 -29 -30 -31
leaf_value=-0.0015955179993873442 -0.0003068803912637183 -0.0011916967455521048 -0.00052274139423581637 -0.0020494743877601143 0.00053611470511450918 -0.0021750385534606734 -0.0018164858753368603 -0.00015589483963453972 3.5507656593084337e-05 3.9661418945753941e-05 0.00026688270954345678 -0.0021049342235600027 -0.00065435281650235561 -0.00032752688862106472 0.00030894602632939607 -0.0010777816483525889 -0.000454443199396087 0.00016481537107037998 -0.0011669208200491181 -0.00085278317025377589 -0.0015274793575209894 -3.1875944661219558e-05 -0.0012874005423172052 -0.0005582035529825177 -0.00049758826276956704 -0.0012125048363498681 0.00035759013586541318 -0.00035171341070606228 0.00022062882608715352 -0.00071757877406681582
leaf_weight=120 510 44 138 52 57 50 54 899 568 1776 62 40 44 1021 89 76 40 190 67 41 79 226 45 87 98 46 179 41 9127 58
leaf_count=120 510 44 138 52 57 50 54 899 568 1776 62 40 44 1021 89 76 40 190 67 41 79 226 45 87 98 46 179 41 9127 58
internal_value=2.32356e-05 0.000472343 0.000778771 0.000901254 -0.00876147 -0.00333777 0.000984507 -0.00171563 -0.00299124 0.00120448 0.0013577 -0.00626126 -0.0122619 -0.00326291 -0.000177743 -0.00469697 -0.00249854 -0.00362873 -0.000590551 -0.0135185 -0.00282038 -0.00223684 -0.00331025 -0.00517505 -0.00993506 -0.0153008 -9.43394e-05 0.00159091 0.00168 -0.00375
internal_weight=15924 14047 12982 12760 109 1877 12651 953 1827 11698 11188 222 84 1065 1941 165 1707 1072 635 81 991 912 722 457 231 133 265 220 9247 120
internal_count=15924 14047 12982 12760 109 1877 12651 953 1827 11698 11188 222 84 1065 1941 165 1707 1072 635 81 991 912 722 457 231 133 265 220 9247 120
is_linear=0
shrinkage=0.05


Tree=4
num_leaves=31
num_cat=0
split_feature=4 4 5 15 6 2 16 5 6 1 9 13 6 8 5 14 3 7 16 6 4 13 2 7 7 6 8 5 15 16
split_gain=38.9975 4.43534 3.92848 4.77532 2.61078 2.46322 2.35005 2.05648 2.74995 2.00052 1.95139 1.61825 1.5457 1.34504 1.32739 1.39731 1.36366 1.32549 1.26692 1.91788 1.74238 1.28179 1.26898 1.65621 1.45533 1.26452 1.24804 1.37197 1.24261 1.23255
threshold=0.035229498202496871 0.07636557263243697 0.012881225373739548 -0.03509478009445887 -0.23467082277515594 -0.096603377223060602 0.055542027893393027 0.041808716671524318 0.44577320736423304 -0.07034943973819284 -0.20838523386612426 33.719999313354499 2.1212906741617332 -0.052877750471906508 0.023111934958704086 0.0037598780805861991 -0.00036809641185642222 0.06769273538431643 0.012521492007132819 -0.21381087247979894 0.039368663634755365 14.870000362396242 -0.055566996365328296 0.010103013153409115 -0.00041187429165151496 0.11253110412194427 0.16178436820317757 0.013324211742361756 0.0010987633060060011 0.0074532513739510317
decision_type=2 2 2 2 2 2 2 2 2 2 10 2 2 10 2 2 2 2 2 2 2 2 2 2 2 2 8 2 2 2
left_child=2 5 -1 -4 -3 -2 7 11 28 -5 -6 13 -11 -7 15 16 -15 -18 22 -20 -21 -22 -16 24 -24 -25 27 -14 -9 -27
right_child=1 4 3 9 10 6 -8 8 -10 12 -12 -13 26 14 18 -17 17 -19 19 20 21 -23 23 25 -26 29 -28 -29 -30 -31
leaf_value=0.00030225213030174209 -0.00026636231718909906 -0.0012687897187922436 -0.0018777584415373861 -0.00022736976567148314 -0.00071274509346537377 -0.00064980454852242044 -0.0011676761613931602 -0.0010484092180503327 -0.0019868444532676779 0.00011354054438666263 -0.0032377112355243317 0.00056915538092221511 -0.0025793368267368606 0.00019257544136958059 9.5770290451549056e-06 0.00030285267194628528 -0.00092022713959841261 0.00016392412487880169 4.790096785922124e-05 -0.0010097634058248593 -0.0015671494456804113 -0.00016801029478436349 -0.00058017541214408302 -0.00040935064015092099 -0.0010205438422816605 -0.0012220544297248035 -0.00066324080013433189 6.1923492285593688e-05 -0.00031302991204874538 -0.0011136482952089615
leaf_weight=4966 694 177 43 203 53 423 42 80 43 6710 78 48 51 88 85 123 96 40 284 40 77 195 228 315 53 173 43 317 75 49
leaf_count=4966 694 177 43 203 53 423 42 80 43 6710 78 48 51 88 85 123 96 40 284 40 77 195 228 315 53 173 43 317 75 49
internal_value=8.55778e-05 -0.00452515 0.00141612 0.000683453 -0.0102597 -0.00398185 -0.00469887 -0.00450298 -0.00939394 0.000780994 -0.0156107 -0.00408502 0.000920517 -0.00427721 -0.00369447 -0.000907781 -0.00325893 -0.00639706 -0.00433956 -0.00255034 -0.00525641 -0.00382353 -0.00552049 -0.00612469 -0.00923488 -0.00449721 -0.00205596 -0.00111413 -0.00629032 -0.00738739
internal_weight=15892 3559 12333 7367 308 3251 2557 2515 198 7324 131 2317 7121 2269 1846 347 224 136 1499 596 312 272 903 818 281 537 411 368 155 222
internal_count=15892 3559 12333 7367 308 3251 2557 2515 198 7324 131 2317 7121 2269 1846 347 224 136 1499 596 312 272 903 818 281 537 411 368 155 222
is_linear=0
shrinkage=0.05


Tree=5
num_leaves=31
num_cat=0
split_feature=4 15 5 12 4 11 6 10 16 10 10 11 3 3 6 0 8 5 6 0 7 11 8 11 8 3 7 4 16 9
split_gain=30.4173 5.05096 3.9113 2.3008 2.38633 2.07324 2.03937 1.81786 1.72768 1.71881 1.67011 1.49546 1.49121 1.85827 1.45478 1.34525 1.20011 1.94638 1.19373 1.16062 1.15006 1.14026 2.65335 2.37008 1.73909 1.73618 1.69566 1.37387 1.1747 1.37171
threshold=0.036149212429364745 -0.03509478009445887 0.014429816101020064 -0.0800835440536906 0.07636557263243697 0.021459782264152908 -0.3509314643060189 0.0031270998422653355 0.007581272233212589 -0.0029425651550978866 -0.0024606857444454673 -0.00023797623425253486 0.001440443150582005 -0.0023070799853352471 0.14950931674228365 0.024006879479010593 0.17955394499967772 0.01610650643389833 0.61060925941546373 0.01063989929115894 -0.032272890963139116 0.0080418732799230081 0.11600441799307971 -0.026323618530511902 -0.14593044588516038 0.0093642741253078272 0.086904000702946585 0.05867100166124254 -0.0032740230948597455 -0.0062239936178085644
decision_type=2 2 2 2 2 2 2 2 2 2 2 2 2 2 2 2 8 2 2 2 2 2 8 2 10 2 2 2 2 8
left_child=1 -1 18 -2 5 9 11 19 -4 12 -11 -6 13 -5 -8 -9 -10 -18 20 -7 -3 22 23 -12 -23 27 -27 28 -26 -30
right_child=3 2 8 4 6 7 14 15 16 10 21 -13 -14 -15 -16 -17 17 -19 -20 -21 -22 24 -24 -25 25 26 -28 -29 29 -31
leaf_value=-0.0018601172953787205 0.00038950736517151584 4.313853553178929e-05 -3.0783685598478136e-05 -0.00039719049378484901 3.112715266551184e-05 -0.00012066852818196338 -0.0018255024576378385 0.00023083185015677373 0.00016493236634469244 -0.00098902957323110169 -0.0012591905775289711 -0.0012209751031385765 6.6418653982535918e-05 -0.00065244557828323486 -0.0021873933563389468 -0.00048949791889521738 -0.00031715267276777748 4.8243931136369816e-05 0.00013508810113543076 -0.0015348256256721658 0.0003098782529116412 -0.0011558461110691071 9.9134608235619317e-06 -0.00065795151614900075 -0.00097382740241359227 -0.00082046698179818328 -0.001831542251266991 0.00010973139006720707 -0.00096577185344711965 -0.00019821742577672688
leaf_weight=61 99 556 2856 431 71 137 78 216 2257 77 56 77 238 117 65 110 45 114 1614 57 5106 61 306 608 44 91 50 78 93 214
leaf_count=61 99 556 2856 431 71 137 78 216 2257 77 56 77 238 117 65 110 45 114 1614 57 5106 61 306 608 44 91 50 78 93 214
internal_value=0.000191766 0.00132009 0.00138986 -0.0040249 -0.00425191 -0.00383043 -0.00857388 -0.000961538 0.000352807 -0.00443588 -0.00533969 -0.00445946 -0.00250636 -0.00394161 -0.0128322 0.00131902 0.00133692 -0.00286163 0.00214129 -0.00479381 0.00248322 -0.00499375 -0.00391753 -0.00569277 -0.00664818 -0.00578947 -0.0106028 -0.00420746 -0.00554131 -0.00444625
internal_weight=15983 12609 12548 3374 3275 2984 291 520 5272 2464 1678 148 786 548 143 326 2416 159 7276 194 5662 1601 970 664 631 570 141 429 351 307
internal_count=15983 12609 12548 3374 3275 2984 291 520 5272 2464 1678 148 786 548 143 326 2416 159 7276 194 5662 1601 970 664 631 570 141 429 351 307
is_linear=0
shrinkage=0.05


Tree=6
num_leaves=31
num_cat=0
split_feature=4 4 4 12 11 10 14 12 14 8 11 13 10 10 3 2 15 4 6 11 8 7 6 6 16 16 16 6 11 8
split_gain=27.3855 3.81773 2.71381 1.90937 1.66252 2.312 1.61441 2.57768 1.59614 1.53864 2.09993 2.15222 2.42516 5.58664 1.3867 1.52779 1.59537 1.56824 1.71907 1.42263 1.53366 2.08363 1.33392 2.6287 1.67871 1.32758 1.21951 1.1396 1.22009 1.13366
threshold=0.035229498202496871 0.022930360007171611 0.07636557263243697 -0.0800835440536906 0.02306163879140322 -0.0016439356314020823 0.15949463237792252 -0.016321490228624388 0.065588142690931509 -0.096036997369479168 -0.0019949818348388155 17.394999504089359 -0.0026636628961290705 0.0043390634008905202 -0.03481735310039618 -0.098597170685423993 0.018512920287086735 0.045642809600125608 -0.71994236463850814 -0.015679772659318188 0.013921638857476439 0.044237723804956171 -0.24713493934472622 0.212241659141095 -0.0088599848123728214 0.0057761037299824966 -0.025446436924552892 -0.52747173998970431 0.016901262896916184 -0.042257237086546544
decision_type=2 2 2 2 2 2 2 2 2 10 2 2 2 2 2 2 2 2 2 2 8 2 2 2 2 2 2 2 2 8
left_child=1 -1 3 -2 14 -6 8 26 9 10 -3 -12 -13 -14 -5 -16 17 18 19 -17 -21 -22 24 -24 -4 -11 -8 29 -29 -19
right_child=2 6 22 4 5 -7 7 -9 -10 25 11 12 13 -15 15 16 -18 27 -20 20 21 -23 23 -25 -26 -27 -28 28 -30 -31
leaf_value=0.00024542705968098356 0.00042650399543388024 7.976543385323576e-05 6.2772183181272222e-05 -0.0015206101549348674 -0.00091849524355375623 3.7594461852676715e-05 -0.0017671114141490354 0.00031457300624500696 0.00027856290523293342 -4.4504330581244907e-05 3.1995601444120847e-05 0.00019854054006925449 -0.0011024290991516021 -4.2614276591892818e-05 -0.00022195761155101507 0.00042398893798885681 -0.00096662664995669941 -0.0012129976826227376 -0.00021286740437828741 -0.00013942173887497477 -0.00092646627770739867 -0.00030236948775536803 -0.0027409736923293721 -0.0019015391932813879 -0.001506038995997978 0.00013280869696440716 -0.0003543328067609656 -0.00098175982640103638 -0.00098239307516978448 -0.00024581347990560251
leaf_weight=6791 80 219 64 61 50 450 41 94 729 1891 98 47 54 68 533 43 68 70 813 78 62 40 61 68 110 2349 41 602 73 230
leaf_count=6791 80 219 64 61 50 450 41 94 729 1891 98 47 54 68 533 43 68 70 813 78 62 40 61 68 110 2349 41 602 73 230
internal_value=0.000193391 0.00130092 -0.00367548 -0.00325392 -0.00344627 -0.0008 0.000338306 -0.004375 0.000490376 0.000154465 -0.00251029 -0.00548689 -0.00890533 -0.012623 -0.00394126 -0.00376723 -0.00437951 -0.00412481 -0.00277027 -0.00665919 -0.00861111 -0.0126471 -0.00820132 -0.0120543 -0.00534483 0.000459906 -0.0108537 -0.0055641 -0.0067037 -0.003
internal_weight=15978 12422 3556 3253 3173 500 5631 176 5455 4726 486 267 169 122 2673 2612 2079 2011 1036 223 180 102 303 129 174 4240 82 975 675 300
internal_count=15978 12422 3556 3253 3173 500 5631 176 5455 4726 486 267 169 122 2673 2612 2079 2011 1036 223 180 102 303 129 174 4240 82 975 675 300
is_linear=0
shrinkage=0.05


Tree=7
num_leaves=31
num_cat=0
split_feature=5 4 4 0 0 1 3 11 15 11 12 11 0 10 3 3 3 7 12 8 5 11 11 15 10 2 12 10 9 9
split_gain=24.8861 2.77216 2.40644 2.04992 1.59818 1.41253 1.44074 1.24061 1.58724 1.21949 1.21247 1.21768 2.43454 1.18809 2.22773 1.93048 1.65434 2.44607 2.13145 1.09457 1.08856 1.06893 1.16097 3.57579 1.05455 0.980335 1.01316 0.921104 0.978543 1.24985
threshold=0.020579486566710541 0.045642809600125608 0.021951067100095051 -0.033819198284664391 0.06960645881270501 0.16783004682311012 -0.003209195238862705 0.008405141908930493 -0.018490781439670364 0.023858955233929894 -0.0800835440536906 -0.026323618530511902 -0.0084848211454545668 0.0035638668904001141 -0.01143529604274701 -0.012757530086010991 -0.007263457084385915 -0.028847836507532972 -0.040334954813934058 0.29012179189502779 0.03819497683028663 0.022655260909184464 0.01583058355048839 0.0083256291561836244 0.00038112321022931722 -0.071119592820073893 -0.052281358654850445 0.0024780908400362516 0.61369797677829419 0.33948186978644085
decision_type=2 2 2 2 2 2 2 2 2 2 2 2 2 2 2 2 2 2 2 8 2 2 2 2 2 2 2 2 10 10
left_child=2 4 25 7 21 10 -7 8 -4 -5 -3 12 -12 14 -13 -15 17 -16 -18 -17 -8 22 -2 -24 -23 -1 -27 28 29 -20
right_child=1 5 3 9 -6 6 20 -9 -10 -11 11 13 -14 15 16 19 18 -19 27 -21 -22 24 23 -25 -26 26 -28 -29 -30 -31
leaf_value=-0.00017079732914410724 -0.00021881674231970434 0.000828502318133606 -0.00041951640252071277 5.0368123643550418e-05 -0.00090982314422502107 -0.0020249349438475586 2.6892753240272519e-05 -0.00072206553189031937 0.00020010648083050432 0.00031292442644684031 -0.00055187840125329904 -0.00022021703672913198 -0.001828776073473661 -0.0022920035510235722 -0.00082784226256831189 -0.00045742421080777396 -0.00071864868121073865 -0.0013780306407865817 -0.00082036207044507657 0.00017939155996845809 -0.0021381659136084003 -0.0005593128623484193 -0.00036964371091723671 -0.0014999217139006725 0.00017714106928558401 -0.00054637937887807057 0.00025072846741579528 -0.00091781071453515383 -0.0012158861323842462 8.6949296422993041e-05
leaf_weight=249 1460 54 66 5088 51 40 45 54 92 755 73 231 54 51 49 490 42 55 395 71 49 59 134 42 269 43 5668 73 68 87
leaf_count=249 1460 54 66 5088 51 40 45 54 92 755 73 231 54 51 49 490 42 55 395 71 49 59 134 42 269 43 5668 73 68 87
internal_value=0.000202733 -0.00324455 0.00133375 0.00063171 -0.00194789 -0.00460041 -0.00955224 -0.00419811 -0.00196203 0.000806949 -0.00423034 -0.00445946 -0.00917323 -0.00408809 -0.00515 -0.00235294 -0.00644343 -0.0123077 -0.00552632 -0.00150624 -0.00617021 -0.00172098 -0.00224328 -0.00607955 0.000884147 0.00204698 0.00218088 -0.00479133 -0.00409091 -0.00329875
internal_weight=15957 3942 12015 6055 2015 1927 134 212 158 5843 1793 1739 127 1612 1000 612 769 104 665 561 94 1964 1636 176 328 5960 5711 623 550 482
internal_count=15957 3942 12015 6055 2015 1927 134 212 158 5843 1793 1739 127 1612 1000 612 769 104 665 561 94 1964 1636 176 328 5960 5711 623 550 482
is_linear=0
shrinkage=0.05


Tree=8
num_leaves=31
num_cat=0
split_feature=4 4 1 11 12 0 6 10 8 8 8 12 9 10 11 9 11 4 8 11 11 3 9 13 13 13 14 14 6 10
split_gain=23.2655 3.48254 2.37371 2.78178 2.3322 1.82253 1.38071 1.36556 1.20818 1.52917 1.23581 1.23862 1.31594 1.17982 1.16699 1.1476 1.76107 1.12027 1.38682 2.15801 2.02995 1.17795 1.04233 1.03837 1.18589 1.01215 2.56431 2.35062 2.07227 1.87317
threshold=0.035561393217241201 0.025769069743778739 0.16783004682311012 0.030456438390909838 -0.0800835440536906 -0.074263838992228035 2.2149491033721991 0.019292763304062491 0.0265229326266786 -0.012052683200360957 -0.0089202299338497198 -0.029694383534641874 0.047940018265060454 -0.017312000709356064 0.01079875175925993 0.07291986970356891 -0.0043088808342565113 0.064155075184720495 -0.022794210827514646 1.0000000180025095e-35 0.011124133624280887 -0.00964026663627837 -0.033135667257391137 15.75500011444092 18.510000228881839 15.775000095367433 0.03048966244044227 -0.0082882010072965456 -0.95772844904247012 -0.0034099597636506602
decision_type=2 2 2 2 2 2 2 2 10 8 8 2 10 2 2 10 2 2 10 2 2 2 10 2 2 2 2 2 2 2
left_child=1 6 3 4 -2 -6 14 17 9 13 -11 12 -12 -3 -1 -8 -17 21 19 -19 -21 -7 -13 -4 -25 -23 27 28 -27 -29
right_child=2 8 23 -5 5 7 15 -9 -10 10 11 22 -14 -15 -16 16 -18 18 -20 20 -22 25 -24 24 -26 26 -28 29 -30 -31
leaf_value=0.00015757768770715096 0.00040771664037312456 -0.00085601392370277495 -0.001598129304950011 6.9712070704225175e-05 -0.0019867732379396856 -0.00010976879104551598 0.00017207386904888032 -0.0013635921312494708 9.3839520267972144e-05 -0.00031557073373872087 -0.00020237597972392989 -0.00022085909203297847 -0.00091486703905191338 3.8206323972145904e-05 0.00027454020881866352 -0.0019737178695099231 -5.461077196471033e-05 -0.0010457796211194744 -0.00057657014705061527 -0.0019836053218698193 -0.00064012388229609755 -0.00031775081217586741 0.00018860344795668037 -0.0003035445759204172 -0.0018670200195991513 -0.00062615988391584128 -0.00014426946714617904 -0.00029017401517529166 -0.00039844142342188802 -0.0010931133913334105
leaf_weight=5405 99 53 62 308 84 418 286 43 1469 44 65 316 42 1425 2977 65 160 124 211 61 50 710 212 56 47 68 359 66 593 152
leaf_count=5405 99 53 62 308 84 418 286 43 1469 44 65 316 42 1425 2977 65 160 124 211 61 50 710 212 56 47 68 359 66 593 152
internal_value=0.000208983 0.00121775 -0.00338792 -0.00309922 -0.00355826 -0.00381252 0.00175025 -0.00359895 -8.82513e-05 -0.000841446 -0.0028056 -0.00224409 -0.00714953 6.08933e-05 0.00190408 -0.000772994 -0.00344444 -0.00346373 -0.00576233 -0.00840425 -0.0134685 -0.00303043 -0.00125 -0.00924242 -0.00616505 -0.00354723 -0.00441034 -0.00586462 -0.00437973 -0.010367
internal_weight=16030 12519 3511 3346 3038 2939 8893 2855 3626 2157 679 635 107 1478 8382 511 225 2812 446 235 111 2366 528 165 103 1948 1238 879 661 218
internal_count=16030 12519 3511 3346 3038 2939 8893 2855 3626 2157 679 635 107 1478 8382 511 225 2812 446 235 111 2366 528 165 103 1948 1238 879 661 218
is_linear=0
shrinkage=0.05


Tree=9
num_leaves=31
num_cat=0
split_feature=5 5 4 6 5 8 16 15 11 12 10 10 12 15 13 12 8 14 10 16 12 10 7 7 14 14 13 11 11 16
split_gain=20.2302 2.92365 2.15553 2.34533 2.29183 1.80654 1.69142 1.67004 1.4418 1.42969 1.99131 1.42202 2.31884 1.24901 1.2437 1.71327 1.84728 1.25765 1.21238 1.59299 1.28337 1.42377 1.4022 1.11636 1.11243 1.60981 1.47009 1.45602 3.65026 1.40426
threshold=0.020579486566710541 0.014504691134005794 0.045642809600125608 -0.48465129173283628 0.041808716671524318 -0.19282760623605763 0.0036864299677561445 0.018512920287086735 0.016424352534066825 0.028887239583783812 -0.0051703966578695573 -0.017312000709356064 -0.0075921435528307204 -0.024803223107151048 19.159999847412113 -0.030911519525162908 0.013921638857476439 -0.056925165822572281 -0.0086987636486000035 0.038424554197923906 -0.011339323936739419 0.0086043784321214751 -0.063115282867572661 -0.056931350761660553 0.044810362746474881 0.018287022450050875 20.154999732971195 0.0089565752678409955 0.008405141908930493 0.006057132726098092
decision_type=2 2 2 2 2 10 2 2 2 2 2 2 2 2 2 2 8 2 2 2 2 2 2 2 2 2 2 2 2 2
left_child=1 11 7 -4 23 6 -3 14 -8 10 -6 12 -1 -7 17 16 -16 -2 -19 20 -20 22 -22 -5 25 27 29 28 -15 -27
right_child=2 5 3 4 9 13 8 -9 -10 -11 -12 -13 -14 24 15 -17 -18 18 19 -21 21 -23 -24 -25 -26 26 -28 -29 -30 -31
leaf_value=-0.00086788290745262774 0.00023100239646801462 -9.5864206795678958e-05 -0.00029405990387501026 -0.00027813511656423748 -0.000864210426057176 -0.00084474618385858727 -0.00070955626178356701 -0.00059597201598351514 -0.00025197596826407578 -0.0005513234718404332 -0.0021545983911633424 0.00022557722861419347 0.00014830050594281992 4.9314049772950195e-06 -7.4522437986764697e-05 0.00021278353727519005 -0.00098208029729481634 0.00013108484584409448 -0.00069473947276657046 -0.0014025654434349805 -0.00069917130122550196 -0.001163230297975594 -0.00014548286887220002 -0.00075630215216061357 0.00021420837669609076 -0.00033012898917346325 0.00025347427094950503 0.00019064365457548127 -0.0014722939893582173 -3.966473385847726e-05
leaf_weight=46 164 162 661 239 45 66 47 94 59 104 141 7293 69 1443 165 480 46 76 69 78 70 61 707 714 839 247 73 1369 47 235
leaf_count=46 164 162 661 239 45 66 47 94 59 104 141 7293 69 1443 165 480 46 76 69 78 70 61 707 714 839 247 73 1369 47 235
internal_value=0.000188258 0.00120675 -0.00293306 -0.00413866 -0.00541834 0.000214737 -0.00376866 -0.00179104 -0.00867924 -0.00931034 -0.0119355 0.001821 -0.00369565 0.000461913 -0.00147182 0.000224313 -0.00353081 -0.00242857 -0.00305844 -0.00352792 -0.00293826 -0.00239857 -0.00182111 -0.004234 0.000567835 0.00016696 -0.0022973 0.000645331 -0.000436241 -0.00329875
internal_weight=15909 11995 3914 1904 1243 4587 268 2010 106 290 186 7408 115 4319 1916 691 211 1225 1061 985 907 838 777 953 4253 3414 555 2859 1490 482
internal_count=15909 11995 3914 1904 1243 4587 268 2010 106 290 186 7408 115 4319 1916 691 211 1225 1061 985 907 838 777 953 4253 3414 555 2859 1490 482
is_linear=0
shrinkage=0.05


Tree=10
num_leaves=31
num_cat=0
split_feature=4 5 12 11 10 1 0 10 16 11 10 16 14 3 12 11 3 7 6 16 14 16 11 6 6 5 8 14 6 6
split_gain=16.9067 3.86619 1.64243 1.74349 1.69756 1.55133 1.25512 1.33364 1.41029 1.33689 1.57907 1.2773 1.17632 2.0895 2.2413 1.89596 1.32818 1.16038 1.38286 1.04135 1.02562 0.99793 0.964367 1.6154 1.50805 1.27006 0.968909 0.912208 1.37486 1.1402
threshold=0.040208123923391285 0.014467845738860225 -0.071455509470426767 0.030456438390909838 0.00038112321022931722 -0.013069663620543235 -0.074263838992228035 -0.0086987636486000035 0.039078158307907847 -0.026323618530511902 0.00048355916176134889 -0.024877150365141983 -0.026106823606350468 0.023111778179639723 -0.029694383534641874 -0.011693725634134232 0.00089252403556994164 -0.031674237820956679 1.1559518619410551 0.016100871954054522 -0.0067330833557224237 -0.01319948532736581 0.01079875175925993 -1.1163162220028979 1.799322057087118 0.018191888466026523 0.099716639682070021 -0.044602619567361605 -0.89555070862958364 1.085376556804565
decision_type=2 2 2 2 2 2 2 2 2 2 2 2 2 2 2 2 2 2 2 2 2 2 2 2 2 2 8 2 2 2
left_child=1 17 -2 6 -5 -3 -4 -8 9 10 -9 -11 15 14 -14 -13 19 -1 -19 20 -16 -22 23 25 -24 -7 -26 28 -17 -30
right_child=2 5 3 4 -6 22 7 8 -10 11 -12 12 13 -15 16 27 -18 18 -20 -21 21 -23 24 -25 26 -27 -28 -29 29 -31
leaf_value=7.9162511904933451e-07 0.00048181933782265058 -9.7975455473918913e-05 -0.0018813722423674378 -0.0012214599698872912 0.0001576087331501758 -0.00013557419821124076 -9.0089147383461295e-05 -0.00011119731137527588 -0.00091757256889851409 0.0004371240067865011 -0.0017309222788071199 -0.0014907621338363832 -0.0027414838526769168 -0.0015451112479236686 -0.00089155690484068171 -0.00052950101698500621 -0.00027560357121971093 0.00023751327736737184 1.9361298345921451e-05 -0.00048503481041783979 0.00016631383474959748 -0.00080056435337031015 0.00015014652002716107 2.171409650470851e-05 -2.8952683978533699e-05 -0.00092675786494154748 -0.00055801259378169404 9.0816784998714543e-05 -0.0001071642208574405 -0.0013510434100356076
leaf_weight=900 134 1958 66 43 225 77 281 41 55 102 40 55 40 63 98 42 367 5673 831 133 50 301 1583 2080 81 51 44 211 281 45
leaf_count=900 134 1958 66 43 225 77 281 41 55 102 40 55 40 63 98 42 367 5673 831 133 50 301 1583 2080 81 51 44 211 281 45
internal_value=0.000247947 0.00097831 -0.0033801 -0.00366483 0.000149254 2.04292e-05 -0.00411493 -0.00391156 -0.0043815 -0.00414928 -0.0104321 -0.00386465 -0.00419336 -0.00521863 -0.00465622 -0.00249211 -0.00416754 0.00173825 0.00197109 -0.00565292 -0.00680401 -0.00554131 0.000594995 -9.51085e-05 0.00148712 -0.00554687 -0.0038 -0.0016494 -0.00315217 -0.00205521
internal_weight=15951 13278 2673 2539 268 5874 2271 2205 1924 1869 81 1788 1686 1052 989 634 949 7404 6504 582 449 351 3916 2208 1708 128 125 579 368 326
internal_count=15951 13278 2673 2539 268 5874 2271 2205 1924 1869 81 1788 1686 1052 989 634 949 7404 6504 582 449 351 3916 2208 1708 128 125 579 368 326
is_linear=0
shrinkage=0.05


Tree=11
num_leaves=31
num_cat=0
split_feature=5 5 5 6 12 11 11 10 16 9 6 9 2 9 2 9 8 10 12 1 10 8 11 10 9 15 12 11 15 12
split_gain=15.3275 2.85838 2.39519 1.887 2.47373 2.33255 1.51519 1.53993 1.87301 1.85457 1.27339 1.21136 1.73931 1.21442 1.16205 1.15439 1.39887 1.15032 1.48283 1.14437 1.14102 2.04924 4.436 2.50084 1.48224 2.125 1.17722 1.11615 1.52306 1.11067
threshold=0.020579486566710541 0.035350696035882055 0.012623722231066505 2.1212906741617332 0.048330696725207185 0.01079875175925993 0.022655260909184464 -0.0086987636486000035 0.038424554197923906 -0.22717016860510816 -0.45759510300947276 0.028984309975127357 0.2655182312521232 0.55131894186202357 0.17812481671466032 -0.28905112606639188 -0.19282760623605763 -0.017312000709356064 -0.067575688865902969 -0.059639966161575957 -0.0029425651550978866 -0.076173709929991326 0.0080418732799230081 -0.0020657822926501974 -0.1506111964274047 0.0074071914177163975 0.05049188092826485 -0.028186654574093969 0.0048548559060770389 -0.015853080145958594
decision_type=2 2 2 2 2 2 2 2 2 10 2 10 2 10 2 10 10 2 2 2 2 10 2 2 10 2 2 2 2 2
left_child=2 6 -1 5 -5 20 7 17 9 -9 -3 12 15 -13 19 -12 -17 18 -2 -7 26 22 23 -22 -25 -26 -4 28 -23 -11
right_child=1 10 3 4 -6 14 -8 8 -10 29 11 13 -14 -15 -16 16 -18 -19 -20 -21 21 27 -24 24 25 -27 -28 -29 -30 -31
leaf_value=0.00022377507154080383 0.00048132433497354943 -0.00038533236581378259 0.00016672065808768361 -0.0002217322874292251 -0.00075704410158855128 -0.00039208167735534961 6.8055548326298508e-05 -1.502337088177191e-05 -0.00087169394055175626 -0.00063561947534095521 -0.00075108469247688731 -0.00034745726706942887 -0.0016284753911977017 -0.0010092460838540154 -0.00037617797986571006 -0.0025388659435501824 -0.00143153159483475 0.00015978382348823315 -0.001475761171396606 0.00023075037854261614 -0.00060685670082796783 1.6654750394582833e-05 -0.00088293317118851109 0.00014123055102311204 -0.00056611189009848776 0.00052011757028607656 -0.00021368503450982937 2.2616428195975895e-05 -0.00094260217503977072 -0.00027413341715439276
leaf_weight=4579 43 414 1635 407 63 41 480 625 45 284 89 169 47 126 124 40 112 297 74 2315 44 48 41 204 67 41 114 2231 44 1114
leaf_count=4579 43 414 1635 407 63 41 480 625 45 284 89 169 47 126 124 40 112 297 74 2315 44 48 41 204 67 41 114 2231 44 1114
internal_value=0.000284201 -0.00241349 0.00117436 0.000619356 -0.00244681 0.000826738 -0.00163403 -0.00213135 -0.00268859 -0.00246416 -0.00472919 -0.00623499 -0.00854167 -0.00398305 0.00205645 -0.00682573 -0.00947368 0.000652174 -0.00354701 0.00230475 0.000144328 -0.000496323 -0.00381612 -0.00202247 -0.000448718 -0.00518518 0.00114065 7.1029e-05 -0.00532609 -0.00347639
internal_weight=15957 3959 11998 7419 470 6949 2962 2482 2068 2023 997 583 288 295 2480 241 152 414 117 2356 4469 2720 397 356 312 108 1749 2323 92 1398
internal_count=15957 3959 11998 7419 470 6949 2962 2482 2068 2023 997 583 288 295 2480 241 152 414 117 2356 4469 2720 397 356 312 108 1749 2323 92 1398
is_linear=0
shrinkage=0.05


Tree=12
num_leaves=31
num_cat=0
split_feature=5 5 15 5 16 5 11 10 16 10 16 3 9 6 6 3 11 6 10 2 11 8 16 5 16 9 6 8 13 1
split_gain=12.4615 2.10648 2.13192 1.93907 1.895 1.89037 1.66612 1.66724 2.63546 1.63751 2.43986 1.94319 1.54437 1.73669 1.49512 1.46992 1.23736 1.9814 1.27875 1.1953 2.07821 1.34006 1.23524 1.26817 1.32032 1.16386 1.16162 1.76613 2.2032 1.94597
threshold=0.020579486566710541 0.012881225373739548 -0.021111454934590487 0.041808716671524318 -0.029888238079788406 0.01594048089229597 0.022655260909184464 1.0000000180025095e-35 0.032202522096609128 -0.0086987636486000035 0.038424554197923906 -0.02583837177211706 -0.22717016860510816 1.0000000180025095e-35 -0.37499792307802371 -0.0012777255500703852 0.013034509173491029 3.1352620945305145 -0.0077272897241722474 -0.079422495680112767 0.0033857060530237963 -0.096036997369479168 -0.024877150365141983 0.018072369197161823 -0.0088599848123728214 -0.030388425654286896 -0.66959640496026007 0.0080562707358496927 17.744999885559086 -0.019206512342058998
decision_type=2 2 2 2 2 2 2 2 2 2 2 2 10 2 2 2 2 2 2 2 2 10 2 2 2 10 2 10 2 2
left_child=1 -1 4 6 5 -3 9 8 -8 11 12 -2 -11 26 15 -5 18 -18 -4 20 -20 -22 -21 24 -24 -15 27 -14 29 -29
right_child=3 2 16 14 -6 -7 7 -9 -10 10 -12 -13 13 25 -16 -17 17 -19 19 22 21 -23 23 -25 -26 -27 -28 28 -30 -31
leaf_value=0.00020676753759523803 -0.0012912295756073756 -0.0016203531177041578 0.00022935802382510826 -0.0010316451502163689 0.00022302745868239262 -0.00032461251365355063 0.00047624269188900419 0.00014376988211022861 -0.0014113859230139873 -4.8253477185262706e-05 -0.00082876803721746188 0.00011376115976640027 -5.9191656533591025e-05 -0.00096783548137657272 -0.0015464503230799807 0.00014525613584358515 0.00019888599493590221 -0.00048610470166653499 -2.6182681526532028e-05 0.00041529253734354384 -0.00080029236302704308 -0.00021670250716681434 -0.00018152923011781441 -0.00013878696874589444 8.9458504452160921e-05 -0.00062845306852221954 -0.00010185175905204169 -0.0014094458112449894 -0.0007846055745882064 1.9194818796628866e-05
leaf_weight=4922 46 42 790 115 81 49 40 470 45 682 44 410 191 161 252 128 2007 56 330 344 53 81 597 487 2129 480 644 51 73 105
leaf_count=4922 46 42 790 115 81 49 40 470 45 682 44 410 191 161 252 128 2007 56 330 344 53 81 597 487 2129 480 644 51 73 105
internal_value=0.000366237 0.00116895 0.000614533 -0.00207391 -0.00488372 -0.00983516 -0.00165311 0.000855856 -0.00558823 -0.00213543 -0.00265117 0.000614035 -0.00243611 -0.00324047 -0.005 -0.00220165 0.00075211 0.00177654 0.000312825 -4.84952e-05 -0.00243534 -0.00768657 0.000262862 -4.20166e-05 0.000377843 -0.00529641 -0.00200188 -0.00404762 -0.00700873 -0.00365385
internal_weight=15905 11968 7046 3937 172 91 3442 555 85 2887 2431 456 2387 1705 495 243 6874 2063 4811 4021 464 134 3557 3213 2726 641 1064 420 229 156
internal_count=15905 11968 7046 3937 172 91 3442 555 85 2887 2431 456 2387 1705 495 243 6874 2063 4811 4021 464 134 3557 3213 2726 641 1064 420 229 156
is_linear=0
shrinkage=0.05


Tree=13
num_leaves=31
num_cat=0
split_feature=5 4 6 0 13 13 6 8 14 14 13 8 16 0 3 15 13 13 8 6 3 16 4 12 5 4 15 12 14 16
split_gain=12.4306 2.05028 1.55841 1.53004 1.8551 2.80868 1.31216 1.24286 1.15875 1.70669 2.11541 1.81538 1.5301 1.50792 1.67104 1.24813 1.1005 1.12467 1.08345 1.0445 1.11775 1.06995 1.05396 1.92908 1.28281 1.69866 1.17576 1.31614 0.999471 1.25735
threshold=0.018072369197161823 0.069735952570863444 1.799322057087118 0.081830397088981557 30.345000267028812 28.970000267028812 -0.37499792307802371 -0.056521458557408803 -0.069744182185856193 -0.054107623009077337 19.115000724792484 inf 0.025903256725945959 0.014748980936900137 -0.0053395786857907126 0.016310562393241804 17.615000724792484 18.154999732971195 -0.19282760623605763 2.6129035584622757 -0.00068302323528729436 0.012322065428715947 0.037553507024124418 0.020857035392707671 0.018543048781847912 0.030148631770712891 0.0057164914675839071 0.035394103010096385 -0.01013918808565367 0.018009202746291256
decision_type=2 2 2 2 2 2 2 10 2 2 2 8 2 2 2 2 2 2 10 2 2 2 2 2 2 2 2 2 2 2
left_child=2 3 7 4 5 8 -3 16 15 12 11 19 13 14 -10 -2 -1 -18 -8 21 -21 22 23 24 -11 -26 -24 -28 -23 -30
right_child=1 6 -4 -5 -6 -7 18 -9 9 10 -12 -13 -14 -15 -16 -17 17 -19 -20 20 -22 28 26 -25 25 -27 27 -29 29 -31
leaf_value=0.00012675517767065441 0.0001936689983073364 -0.00042050017449942373 -8.7542738903954363e-05 -0.0010317297716194013 0.00025101073248146022 -0.0011255532211454696 -0.0021803920355447557 0.00017007129135571315 -5.2043280715229778e-05 -0.00061635385743903344 6.7739023440133037e-05 -0.00035548731929524718 0.0002155068438610869 -0.00010820154726301392 -0.00085650202948906254 -0.00038621468312764718 -0.00017848080575167573 -2.4525801587437814e-05 -0.001048205246452337 -0.0011378844138829932 -0.00038284219540235054 6.249867198141742e-05 -0.0004497323758790269 0.00017035702923493299 0.00015351669857457321 -0.00026844825523032501 -0.0008697183425415289 -0.0013552601813806018 0.00010626383837216223 -0.00040358424679359328
leaf_weight=524 416 206 872 79 158 49 89 8670 40 41 1031 52 62 88 113 106 69 668 147 41 44 381 758 312 100 146 76 45 153 379
leaf_count=524 416 206 872 79 158 49 89 8670 40 41 1031 52 62 88 113 106 69 668 147 41 44 381 758 312 100 146 76 45 153 379
internal_value=0.000331448 -0.00169992 0.0012927 -0.00139186 -0.00127314 -0.00146289 -0.00495475 0.00147065 -0.00132984 -0.00162869 -0.001322 -0.00210047 -0.00523102 -0.00703319 -0.0100327 0.000881226 3.96529e-06 -0.00124152 -0.0075 -0.0019063 -0.00735294 -0.00171267 -0.00254398 -0.000926544 -0.00388502 -0.00252032 -0.00364619 -0.00822314 -0.000366922 -0.00176692
internal_weight=15915 5112 10803 4670 4591 4433 442 9931 4384 3862 3559 2528 303 241 153 522 1261 737 236 2476 85 2391 1478 599 287 246 879 121 913 532
internal_count=15915 5112 10803 4670 4591 4433 442 9931 4384 3862 3559 2528 303 241 153 522 1261 737 236 2476 85 2391 1478 599 287 246 879 121 913 532
is_linear=0
shrinkage=0.05


Tree=14
num_leaves=31
num_cat=0
split_feature=5 11 11 6 4 3 0 5 16 0 16 6 0 8 5 14 14 2 11 14 11 14 7 2 13 12 6 14 0 13
split_gain=11.3538 2.28347 1.96709 3.33158 1.74394 1.93014 1.90056 1.46345 1.35108 1.40824 1.27548 1.26039 1.42999 2.41553 1.16952 1.60257 1.52793 1.70772 2.45102 1.4854 1.77449 1.29319 1.3527 1.44363 1.07613 2.16016 1.89592 1.35419 1.43038 1.19704
threshold=0.020579486566710541 0.025024646146281086 0.011695310622020451 0.87169019124342018 0.064155075184720495 -0.0014152101996554587 0.081830397088981557 0.017371508151236333 0.039078158307907847 -0.00082704823774210057 0.038424554197923906 -0.59811480571015696 -0.044718078989981695 0.084422878969161355 0.011834659566636433 0.02559063550932739 -0.071225645536492452 -0.087682150586087512 0.0015109510563884323 -0.066405515647089006 -0.0089648510996126456 0.018287022450050875 0.040388651323823639 -0.0338848221897654 30.345000267028812 -0.016321490228624388 -1.0194409147842742 0.12545643875506987 -0.011393302645881119 18.595000267028812
decision_type=2 2 2 2 2 2 2 2 2 2 2 2 2 10 2 2 2 2 2 2 2 2 2 2 2 2 2 2 2 2
left_child=2 4 8 -4 6 11 10 -5 14 -10 24 -6 -13 -14 -1 16 -16 18 -18 20 -19 -21 23 -23 25 26 -2 28 -28 -30
right_child=1 -3 3 7 5 -7 -8 -9 9 -11 -12 12 13 -15 15 -17 17 19 -20 21 -22 22 -24 -25 -26 -27 27 -29 29 -31
leaf_value=0.00019404448520937492 -0.00092402789533490019 4.7861050317257286e-05 0.00025746316086991465 -1.242191591418783e-05 -0.00062293540702896785 -0.00038398524741787372 -0.0015482791085684787 -0.0010129500020371819 -0.00058726944024443354 1.5725875918277657e-05 -0.00051385628832684843 -0.00096357460679040311 -0.0027867237880758299 -0.00096569953617785329 0.00033638018115796835 0.00014520218292295761 -0.00010027139306550755 -0.00098711282315661997 -0.0004969064042328375 9.2267342798088255e-06 0.00017222773605105586 -0.00044373157619792959 -0.00046591595581580889 0.00010271054115622862 0.00040594765469914525 -0.00012703831733066256 0.00012601987937196739 -0.0016274056915862396 -5.4242220372364962e-05 -0.00056902193674007349
leaf_weight=2266 47 544 3212 541 74 264 56 68 50 63 76 77 72 50 601 2065 153 50 63 2618 52 47 54 106 100 2070 131 44 112 227
leaf_count=2266 47 544 3212 541 74 264 56 68 50 63 76 77 72 50 601 2065 153 50 63 2618 52 47 54 106 100 2070 131 44 112 227
internal_value=0.000367643 -0.00195994 0.00113207 0.00206883 -0.00244118 -0.00505587 -0.00195075 -0.00132184 0.00069492 -0.00473451 -0.00176879 -0.00800366 -0.0100754 -0.0134426 0.000770898 0.000395077 -0.000221688 -0.000663379 -0.0049537 -0.000346771 -0.00627451 -0.000132743 -0.0039372 -0.00153595 -0.00159099 -0.00178449 -0.00453654 -0.00365759 -0.00287234 -0.00458702
internal_weight=15953 3944 12009 3821 3400 537 2863 609 8188 113 2807 273 199 122 8075 5809 3744 3143 216 2927 102 2825 207 153 2731 2631 561 514 470 339
internal_count=15953 3944 12009 3821 3400 537 2863 609 8188 113 2807 273 199 122 8075 5809 3744 3143 216 2927 102 2825 207 153 2731 2631 561 514 470 339
is_linear=0
shrinkage=0.05


Tree=15
num_leaves=31
num_cat=0
split_feature=5 14 5 11 13 10 15 14 3 16 12 15 16 4 7 12 2 2 7 15 2 9 13 9 9 13 13 16 11 4
split_gain=8.51159 2.25495 1.84895 1.82818 1.76992 1.65575 1.65017 1.39437 1.34199 1.28589 1.35006 2.66988 2.24306 1.78605 1.53838 1.47559 1.27299 1.13379 1.75565 1.55341 1.39417 1.11846 1.06336 1.03538 1.54206 1.16642 1.6459 1.00486 1.2588 1.39973
threshold=0.020371142266245153 0.24994374642796716 0.011746155853891571 0.024405077895535147 15.825000286102297 -0.0086987636486000035 -0.021111454934590487 0.042627787477236175 -0.0082154415217887116 0.038424554197923906 -0.015853080145958594 0.0085911204628618138 -0.023198931028616473 0.035862990389286135 -0.0090249301596073122 -0.031612271859981604 0.04942377213002614 -0.087682150586087512 -0.03355282666652603 0.0071065037948879759 -0.10410057866962934 0.086284031553970589 14.994999885559084 0.050797943865949387 -0.015160658315060525 19.585000038146976 17.494999885559086 -0.029888238079788406 0.010672166565218634 0.028812994534739143
decision_type=2 2 2 2 2 2 2 2 2 2 2 2 2 2 2 2 2 2 2 2 2 10 2 8 10 2 2 2 2 2
left_child=2 3 -1 5 8 -2 16 17 -4 10 11 12 -7 -12 -14 -13 -6 18 19 20 -8 -16 -5 24 25 26 -15 -19 -29 -30
right_child=1 -3 4 22 6 9 7 -9 -10 -11 13 15 14 23 21 -17 -18 27 -20 -21 -22 -23 -24 -25 -26 -27 -28 28 29 -31
leaf_value=0.00022209415018823784 4.3506234801927223e-05 -0.0019992009547342648 -0.00013082018239764473 -0.00056486195006861335 -0.00022813387897033263 -0.00017589939555815958 -8.0775011882762947e-05 0.0001413721236758309 0.00017650246428254279 -0.00072593896546264123 0.00011184558888059333 0.00068477141726727567 -0.00064822796539419181 -0.00036578287261983798 -0.00042281239907083275 -0.00074220360235287362 -0.0010323837825001762 0.00029469977398988736 -0.00044710677137957888 0.00025567437523561879 -0.00027254538834717301 -0.0016790811544852683 0.00011162907112160519 -0.00034088484247575155 -0.0014134513611421711 0.00031202972670019879 -0.0012333558473788594 -6.0078423699054672e-05 0.00020956180323848992 -0.00017788578071079833
leaf_weight=3186 493 41 194 127 136 106 163 1356 3166 62 459 117 142 387 48 79 40 300 61 97 64 45 431 1228 56 69 124 1963 1066 207
leaf_count=3186 493 41 194 127 136 106 163 1356 3166 62 459 117 142 387 48 79 40 300 61 97 64 45 431 1228 56 69 124 1963 1066 207
internal_value=0.000366265 -0.00162681 0.001033 -0.00150642 0.000659821 -0.00193997 0.000103613 0.00026246 0.0015625 -0.0023922 -0.00223776 -0.00449721 -0.00717009 -0.00171545 -0.00989362 0.000153061 -0.00465909 -0.000215506 -0.00279221 -0.00132716 -0.00359031 -0.0148925 0.00114695 -0.00240343 -0.00404088 -0.00327586 -0.0040998 6.50454e-05 -0.000191594 0.00103299
internal_weight=16013 4014 11999 3973 8813 3415 5453 5277 3360 2922 2860 537 341 2323 235 196 176 3921 385 324 227 93 558 1864 636 580 511 3536 3236 1273
internal_count=16013 4014 11999 3973 8813 3415 5453 5277 3360 2922 2860 537 341 2323 235 196 176 3921 385 324 227 93 558 1864 636 580 511 3536 3236 1273
is_linear=0
shrinkage=0.05


Tree=16
num_leaves=31
num_cat=0
split_feature=4 10 12 14 1 6 11 4 11 11 12 11 8 10 14 14 14 15 1 10 15 1 11 12 1 14 11 6 11 12
split_gain=7.4093 2.28348 2.62419 2.13412 2.95953 1.63641 1.56738 1.4343 1.39824 1.58718 1.31518 1.2498 1.15591 1.05746 1.04822 1.26241 1.02389 2.08336 1.74224 1.466 1.26391 1.5519 1.01892 1.68664 1.93288 1.5657 1.43393 1.02615 1.11927 0.887277
threshold=0.038213866359458115 -0.017312000709356064 -0.0075921435528307204 0.15949463237792252 -0.028492312327964227 1.799322057087118 0.030456438390909838 0.028153520135471004 0.0097669532521742503 0.0093910494145468277 -0.0800835440536906 0.021590279744903355 -0.12059226441901587 -0.0066717648892578576 0.038985755027524667 -0.071225645536492452 -0.056340529311790281 0.0081232823948840256 -0.029546273877719961 0.0022948780910856397 0.006635833869476416 0.0009096593901539719 -0.0094650646857511438 0.020857035392707671 -0.023063590300996636 -0.0013068210528928146 -0.0071356742395810571 0.61060925941546373 0.0044457003054257935 -0.016321490228624388
decision_type=2 2 2 2 2 2 2 2 2 2 2 2 10 2 2 2 2 2 2 2 2 2 2 2 2 2 2 2 2 2
left_child=1 2 3 -1 -5 7 10 8 9 14 -2 13 -10 -9 15 -3 18 20 -17 -20 22 -22 -18 24 25 -24 -26 -25 -29 -12
right_child=6 5 -4 4 -6 -7 -8 11 12 -11 29 -13 -14 -15 -16 16 17 -19 19 -21 21 -23 23 27 26 -27 -28 28 -30 -31
leaf_value=8.5982680683235381e-05 0.00076664721159583902 0.00037153345744397496 0.00020750113250609531 -0.00033365859099727209 -0.0014706235901099996 -0.00014773322938236728 8.8222756617525573e-05 0.0001892473230136345 -9.7794472868525429e-05 -0.00018852191512540458 -0.00044974141718301798 0.00027978799380273963 0.00022543471658033844 -7.6062454282432789e-05 0.00018997306390051196 -0.00092379591710889115 0.00023511121165073254 0.00035465071654373307 -0.0005320616149150514 3.6745094950453859e-05 2.1396171232706691e-05 -0.00048812982127624787 -0.00019733915779973239 0.00011801955256425991 -0.00061812532440986092 -0.00048385974091168607 -2.3698844569464563e-06 2.767494344560367e-05 -0.00042528699415925875 -0.00038014082823739301
leaf_weight=54 86 507 119 59 48 980 294 376 98 69 590 399 3591 1616 1610 41 665 483 57 217 64 76 64 1053 81 43 467 93 54 2015
leaf_count=54 86 507 119 59 48 980 294 376 98 69 590 399 3591 1616 1610 41 665 483 57 217 64 76 64 1053 81 43 467 93 54 2015
internal_value=0.000378546 0.000894948 -0.00357143 -0.00773292 -0.0118224 0.000993388 -0.00186767 0.00115745 0.00143737 0.000942594 -0.00224638 6.48266e-05 0.00219436 -0.000446787 0.00103587 0.000598991 0.000257374 0.000529749 -0.00246032 -0.0010219 -1.87968e-05 -0.00464286 0.000238095 -0.000363881 -0.00240458 -0.0085514 -0.00120438 0.00075 -0.00316327 -0.00244722
internal_weight=15969 12984 280 161 107 12704 2985 11724 9333 5644 2691 2391 3689 1992 5575 3965 3458 3143 315 274 2660 140 2520 1855 655 107 548 1200 147 2605
internal_count=15969 12984 280 161 107 12704 2985 11724 9333 5644 2691 2391 3689 1992 5575 3965 3458 3143 315 274 2660 140 2520 1855 655 107 548 1200 147 2605
is_linear=0
shrinkage=0.05


Tree=17
num_leaves=31
num_cat=0
split_feature=5 16 10 16 7 14 10 10 3 2 6 5 10 8 16 15 10 16 12 10 5 15 8 3 7 16 5 5 3 5
split_gain=8.00467 1.72331 1.86536 1.50839 1.34029 1.39926 1.38097 1.68461 1.30104 2.11113 1.16544 1.48698 1.4227 1.26409 1.14328 1.80783 1.14064 2.06058 2.04468 1.22361 1.54537 1.75351 1.8819 1.57474 1.746 1.12701 1.08737 1.14859 1.53664 1.07481
threshold=0.022508143503475141 0.009416661906777259 -0.0049804246831087187 0.060479508024819724 -0.012899779133970611 0.22590160926733996 -0.0029425651550978866 -0.0024606857444454673 -0.012757530086010991 -0.069714752030425528 -0.21381087247979894 0.043027096976377334 0.0063312196970309884 -0.055384715770334929 0.00032424089411275952 -0.013974221595709544 0.00576779418841289 0.0074532513739510317 -0.046451976604296834 0.0035638668904001141 0.029370896371688941 -0.0053527520857152835 0.13825358239893362 0.00061070355523540354 -0.03355282666652603 0.00513376345132155 0.017584279831854888 0.019027924625038616 0.003243149061980644 0.014504691134005794
decision_type=2 2 2 2 2 2 2 2 2 2 2 2 2 10 2 2 2 2 2 2 2 2 10 2 2 2 2 2 2 2
left_child=4 2 -2 10 6 29 14 -8 9 -4 12 -12 13 -3 -1 -16 17 18 -10 20 -20 -22 23 24 -23 -17 -9 28 -28 -6
right_child=1 3 8 -5 5 -7 7 26 16 -11 11 -13 -14 -15 15 25 -18 -19 19 -21 21 22 -24 -25 -26 -27 27 -29 -30 -31
leaf_value=0.00029115678584536468 -4.4797794589607583e-05 -0.00041847306779456498 -0.003745739076961737 -0.00076412906391742951 0.00017682492524637245 -0.00091060411130622744 -0.0002576963343305574 2.5935942968139233e-05 -0.0011651470540383975 -0.0011623180524569089 -0.00018698199055382477 -0.0010684144988864482 0.00031181490801703422 0.00011661254818239812 -0.00074343020297189635 -0.00015864403517919758 -0.00016306545241235584 -0.0010491616287753548 -8.3144347038407941e-05 0.00011892218376443346 -0.0011100865945791955 -0.00050886145201009894 0.00046545811597641876 -0.00023436703478962493 -0.0016276492510844905 0.00017716169788914785 -0.00048065872380745198 -1.3008617713303719e-05 0.00015033661193079167 4.7347660968613683e-05
leaf_weight=1004 553 130 48 50 5415 50 102 1875 56 81 573 75 255 362 41 84 375 53 252 120 72 41 69 86 54 207 131 332 64 3348
leaf_count=1004 553 130 48 50 5415 50 102 1875 56 81 573 75 255 362 41 84 375 53 252 120 72 41 69 86 54 207 131 332 64 3348
internal_value=0.000428625 -0.00176248 -0.00276882 -0.000467128 0.00100095 0.00134063 0.000221354 -0.000471246 -0.00379878 -0.00856589 -0.00016129 -0.00171296 0.00118474 -0.000386179 0.00151946 -0.0010241 -0.00327674 -0.00433997 -0.00366667 -0.00292507 -0.00388502 -0.00618012 -0.0042 -0.00687845 -0.0113158 0.000360825 -0.000203996 -0.00221063 -0.00525641 0.00138822
internal_weight=15958 3305 1860 1445 12653 8813 3840 2504 1307 129 1395 648 747 492 1336 332 1178 803 750 694 574 322 250 181 95 291 2402 527 195 8763
internal_count=15958 3305 1860 1445 12653 8813 3840 2504 1307 129 1395 648 747 492 1336 332 1178 803 750 694 574 322 250 181 95 291 2402 527 195 8763
is_linear=0
shrinkage=0.05


Tree=18
num_leaves=31
num_cat=0
split_feature=4 4 3 11 10 10 12 3 11 6 12 13 13 8 10 11 11 11 8 13 15 15 11 12 13 9 10 3 6 2
split_gain=6.02527 2.01526 1.7127 1.65423 2.06452 1.56594 3.07763 4.62934 1.48944 1.72284 1.48598 2.04305 1.69337 1.37751 1.3708 1.80279 1.8006 1.35251 1.86259 1.3285 1.90433 1.25728 1.21 1.02676 0.962563 1.12963 1.12196 1.2522 1.75794 1.07837
threshold=0.028153520135471004 0.069735952570863444 -0.019175017323021234 0.02306163879140322 -0.0030681643099164098 0.00576779418841289 -0.038043904409190692 0.00094059221580111718 0.010968316355360443 0.89556566602197296 -0.032202128376674514 21.295000076293949 23.409999847412113 0.08788418768818719 -0.0024606857444454673 -0.0061233859460445563 0.0039565944761287284 0.015980558357876488 0.041915562234601585 18.105000495910648 -0.0071042560887747954 -0.0093713109250759246 0.018680382496318208 0.045280695962835911 13.869999885559084 0.2548928853220534 -0.0030147683549252009 -0.0093703955112516262 -0.27697361224954548 0.06772006701485124
decision_type=2 2 2 2 2 2 2 2 2 2 2 2 2 8 2 2 2 2 8 2 2 2 2 2 2 10 2 2 2 2
left_child=2 3 -1 4 -2 6 7 -6 24 -10 -7 17 -13 -11 15 -8 -17 -12 -19 20 21 -16 -15 -22 25 -4 29 28 -28 -26
right_child=1 -3 8 -5 5 10 14 -9 9 13 11 12 -14 22 19 16 -18 18 -20 -21 23 -23 -24 -25 26 -27 27 -29 -30 -31
leaf_value=-0.00028716354344750081 5.4690115440577968e-05 -0.00096312481990260131 0.00028615925852491954 0.00012935023918603448 -0.00021682719497778522 0.00051239494007411653 0.00045269586073136935 -0.00090063179632830022 0.00021121389007990943 0.00012535195016574085 6.511140783483484e-05 -0.0021316269889396378 -8.6944233243932563e-05 7.7606933753817433e-05 -0.00044327093833921097 -0.0010107333419959751 -8.0550977868152954e-05 0.0001092181590959742 -0.0011862450162133779 5.6073086662554997e-05 -0.00033473295817549941 -0.0010994117989008012 -0.00030543785072523379 0.00011553963835393738 0.00019721962049932892 -0.00018124063955194823 -0.0004283365862076166 2.6861777427069046e-06 9.5000266231045149e-05 -3.5290693716638925e-05
leaf_weight=123 1475 449 1028 771 72 208 41 53 3037 396 635 45 62 60 48 64 56 69 77 424 910 51 90 212 1732 56 40 3210 52 455
leaf_count=123 1475 449 1028 771 72 208 41 53 3037 396 635 45 62 60 48 64 56 69 77 424 910 51 90 212 1732 56 40 3210 52 455
internal_value=0.000384664 -0.000915764 0.00110857 -0.000641949 -0.00100844 -0.00175586 -0.00261264 -0.0102 0.0011796 0.00199972 -0.00024635 -0.00113739 -0.00761682 -0.00058608 -0.00208749 -0.00649068 -0.00958333 -0.00024968 -0.00458904 -0.00165653 -0.00249386 -0.00914141 -0.00466667 -0.00190731 0.000732542 0.0020941 0.000463655 -0.00011811 -0.00586956 0.00134202
internal_weight=16001 5722 10279 5273 4502 3027 1931 125 10156 3583 1096 888 107 546 1806 161 120 781 146 1645 1221 99 150 1122 6573 1084 5489 3302 92 2187
internal_count=16001 5722 10279 5273 4502 3027 1931 125 10156 3583 1096 888 107 546 1806 161 120 781 146 1645 1221 99 150 1122 6573 1084 5489 3302 92 2187
is_linear=0
shrinkage=0.05


Tree=19
num_leaves=31
num_cat=0
split_feature=5 10 12 14 4 5 11 16 3 3 10 11 16 13 12 15 11 10 15 5 15 4 13 11 11 12 1 13 15 12
split_gain=7.38551 1.57035 1.41365 2.18149 1.44837 1.40386 1.3576 1.87938 1.25175 1.18664 1.08216 1.03667 1.92276 1.15289 1.15684 1.04135 0.977898 2.35928 1.31356 0.974002 2.1704 0.935159 0.925301 1.9465 1.42582 0.885378 0.880435 0.880113 1.00065 0.846424
threshold=0.018072369197161823 -0.017312000709356064 -0.071455509470426767 0.24994374642796716 0.065710648150039755 0.011911534351328051 0.022655260909184464 0.038424554197923906 -0.01143529604274701 -0.001478878372881409 -0.0086987636486000035 0.030023740679380188 0.036376760503274437 13.894999980926515 -0.015853080145958594 0.0040607639388025038 -0.028186654574093969 0.00048355916176134889 -0.01110772196277837 0.01842273975545403 0.00084470517482582174 0.03721128234447036 21.409999847412113 -0.0047149308765757616 -0.020756014565235011 -0.050232690438178178 -0.031186632657115184 21.409999847412113 -0.0021722890710182403 -0.0075921435528307204
decision_type=2 2 2 2 2 2 2 2 2 2 2 2 2 2 2 2 2 2 2 2 2 2 2 2 2 2 2 2 2 2
left_child=1 8 -2 4 6 25 7 10 -1 27 -4 12 16 -14 -15 -16 17 18 -7 20 -12 -21 -23 24 -24 -3 -19 28 -6 -10
right_child=2 5 3 -5 9 11 -8 -9 29 -11 19 -13 13 14 15 -17 -18 26 -20 21 -22 22 23 -25 -26 -27 -28 -29 -30 -31
leaf_value=-0.00078116130866343015 0.00029956364143306858 -0.00019705680338100024 6.2254989453440585e-05 -0.0016945629483076726 -0.00091352957560808111 -0.00021291648191471609 6.3968971772757337e-05 -0.00061768877341922366 -0.00066082323400843605 -0.00028836760994564134 -0.00057402304868922345 0.00026967429681569482 0.00037202277989874938 0.0001050575912369154 -0.00018519436787641354 -0.00063695374613564545 0.00010142761146309415 -0.00052013910492684117 0.0004523838210848434 -5.3603916063977749e-06 6.8555766387128466e-05 -0.00025980374708015557 -0.00034819461119284901 0.00025905946698666523 -0.001273558400416582 0.00019783963528268524 -0.00098451177870016097 -0.0024624633712557729 -0.000125113989751297 0.00034993706144792166
leaf_weight=45 187 54 484 47 74 97 715 84 76 251 59 556 45 49 93 86 6036 46 152 1209 72 1577 50 68 65 3333 46 53 112 80
leaf_count=45 187 54 484 47 74 97 715 84 76 251 59 556 45 49 93 86 6036 46 152 1209 72 1577 50 68 65 3333 46 53 112 80
internal_value=0.000427961 0.00116917 -0.00113863 -0.00130081 -0.00119741 0.00125224 -0.000909194 -0.00129771 -0.00320895 -0.00377551 -0.00112444 0.000857619 0.000684211 -0.00342491 -0.00486842 -0.00673184 0.000860122 -0.00174487 0.000783133 -0.00146774 -0.00568702 -0.00128158 -0.00201705 -0.00538251 -0.00934783 0.00209182 -0.00858696 -0.00629707 -0.00467742 -0.00108974
internal_weight=15901 10794 5107 4920 4873 10593 4383 3668 201 490 3584 7206 6650 273 228 179 6377 341 249 3100 131 2969 1760 183 115 3387 92 239 186 156
internal_count=15901 10794 5107 4920 4873 10593 4383 3668 201 490 3584 7206 6650 273 228 179 6377 341 249 3100 131 2969 1760 183 115 3387 92 239 186 156
is_linear=0
shrinkage=0.05


Tree=20
num_leaves=31
num_cat=0
split_feature=4 5 4 16 11 14 1 4 14 14 11 3 15 11 11 16 14 15 13 14 14 14 1 12 2 2 11 16 9 13
split_gain=5.12092 1.64702 1.29792 1.3698 1.24872 1.6389 1.21287 1.09866 1.08469 1.5178 1.09746 1.00797 1.23109 2.20293 1.26728 0.966114 0.932638 0.92874 0.96175 0.947101 0.998545 0.925474 1.7067 1.11059 1.19302 1.25091 0.878298 1.0348 0.829336 0.802242
threshold=0.040208123923391285 0.014504691134005794 0.040644514746507356 0.052240914232125964 0.030456438390909838 0.02559063550932739 0.072469452575470231 0.042860465532165194 -0.069744182185856193 -0.066405515647089006 0.026483501755781628 -0.028908701875410166 -0.0042363324570118812 0.0080418732799230081 -0.026323618530511902 0.031467920153896552 0.0071322940265206034 0.015034849191404189 21.914999961853031 -0.060408912479391223 -0.05212825080923577 0.18137679246918895 -0.035920834345509293 -0.040334954813934058 -0.012022024113245265 -0.015351771309948246 0.019998306186617913 0.039942411990120504 -0.2575206642930668 14.795000076293947
decision_type=2 2 2 2 2 2 2 2 2 2 2 2 2 2 2 2 2 2 2 2 2 2 2 2 2 2 2 2 8 2
left_child=1 6 -2 4 5 7 29 -4 -3 -10 15 -9 13 16 -14 21 -13 18 19 -16 -21 23 -23 -11 25 28 -17 -28 -25 -1
right_child=2 8 3 -5 -6 -7 -8 11 9 10 -12 12 14 -15 17 26 -18 -19 -20 20 -22 22 -24 24 -26 -27 27 -29 -30 -31
leaf_value=0.00018634040841980146 -0.0015382545397890808 0.00021367831145238439 4.1012364476230467e-05 -0.00072299644914688727 0.00014996545718018919 3.6675328580069495e-05 -0.00014965330158323768 -0.0015853026667293083 -0.00070258529820720192 0.00022196335828210249 0.00012844500445135235 0.00017786553475274133 -0.0011957372367053312 -0.0012252262119155557 0.00018166951897016475 -3.4733737264107919e-05 -0.00048111438209235227 0.00025526331989270432 -0.0011751416241794327 -0.00098703920166931416 -0.00051395236563733576 0.0001921153801544407 -0.00089647939133314562 -0.00044084424028982848 5.0841105426148643e-05 -0.00062357264780736588 -0.00055023094834284454 -6.7758321110144345e-05 -7.5767427903803057e-05 0.00011436640216544252
leaf_weight=2622 62 736 192 52 214 729 122 46 80 289 549 87 65 63 172 146 54 140 55 48 681 64 53 65 2448 40 46 50 1287 4683
leaf_count=2622 62 736 192 52 214 729 122 46 80 289 549 87 65 63 172 146 54 140 55 48 681 64 53 65 2448 40 46 50 1287 4683
internal_value=0.000442284 0.000843374 -0.00156015 -0.00138953 -0.00122545 -0.00156089 0.00133769 -0.00245477 0.000216129 -4.20166e-05 6.6508e-05 -0.00293763 -0.00269231 -0.00627451 -0.00206288 -0.000191622 -0.00280142 -0.00166058 -0.00221757 -0.00182575 -0.00261317 -1.64859e-05 -0.00440171 0.000107774 -0.000117187 -0.00128592 -0.00326446 -0.00697917 -0.00102811 0.00142026
internal_weight=15940 13280 2660 2598 2546 2332 7427 1603 5853 5117 5037 1411 1365 204 1161 4488 141 1096 956 901 729 4246 117 4129 3840 1392 242 96 1352 7305
internal_count=15940 13280 2660 2598 2546 2332 7427 1603 5853 5117 5037 1411 1365 204 1161 4488 141 1096 956 901 729 4246 117 4129 3840 1392 242 96 1352 7305
is_linear=0
shrinkage=0.05


Tree=21
num_leaves=31
num_cat=0
split_feature=4 13 4 6 10 16 8 15 13 3 13 16 15 15 8 15 1 14 6 3 10 14 13 12 14 8 16 16 12 16
split_gain=4.59679 1.55629 1.10132 0.97209 0.881788 1.33528 1.57575 1.34837 1.47298 0.949031 1.46809 0.93876 1.43354 0.907506 0.875588 0.840398 0.834457 0.812366 0.795857 0.76273 0.758877 1.54886 1.24773 2.54965 2.366 1.18906 1.33876 1.52088 1.51405 2.12998
threshold=0.045174042152152614 14.715000152587892 0.03721128234447036 -0.48465129173283628 -0.013327781970057238 0.009416661906777259 -0.24245315373655194 0.0048548559060770389 17.445000648498539 0.0011817184655706916 21.409999847412113 -0.0070061971510274037 -0.0020479404538163988 0.01236702816609603 0.049682106927726129 -0.0021983939787070801 -0.065886153102905951 0.02466440867966813 -0.11021981964786853 0.0098784195379063595 -0.017312000709356064 0.057570789081387914 31.844999313354496 -0.0075921435528307204 0.15949463237792252 -0.081863501118419599 0.0057761037299824966 -0.023784592445767912 -0.0047203102614324912 0.0041488383735488474
decision_type=2 2 2 2 2 2 10 2 2 2 2 2 2 2 8 2 2 2 2 2 2 2 2 2 2 10 2 2 2 2
left_child=1 2 16 14 -5 6 -6 15 -9 10 11 -8 -13 17 -2 -7 -1 19 -4 -11 22 25 23 24 -3 -22 27 -27 29 -29
right_child=3 20 18 4 5 7 9 8 -10 13 -12 12 -14 -15 -16 -17 -18 -19 -20 -21 21 -23 -24 -25 -26 26 -28 28 -30 -31
leaf_value=-0.00018128457612131838 -0.00024057715353716536 5.6165263109199936e-05 6.3815281726956323e-05 0.00021198223092099182 -0.0011083880983458912 -0.00048506883432607737 -0.00022648675856085538 -0.00086757694631026886 0.00010441813343327019 -0.00020153352559822485 -0.0025888279707931196 -0.0011210388358125901 -0.00038547792862727226 0.00068155567908357933 0.00022679343648644015 0.00027767151715590811 0.00016843734311064088 0.00032443567453666609 -0.00058395096176072343 -0.0012350466895377009 -7.9946158603499376e-05 0.00016007599745578504 0.00058463255538241483 0.0002233458462926238 -0.0013168450872888815 0.00027011836341344226 0.00011028523918619135 -0.00015590709293237625 5.0551981645850287e-06 -0.00032213007549797539
leaf_weight=62 446 47 168 125 81 84 102 172 80 91 45 72 74 45 255 179 3527 49 115 92 961 1700 53 123 85 587 3588 692 2126 111
leaf_count=62 446 47 168 125 81 84 102 172 80 91 45 72 74 45 255 179 3527 49 115 92 961 1700 53 123 85 587 3588 692 2126 111
internal_value=0.000469662 0.000790606 0.00164256 -0.00177711 -0.00259101 -0.00301887 -0.00452381 -0.0011165 -0.00373016 -0.00359649 -0.0055802 -0.00407258 -0.00664384 -0.00149819 -0.000278174 0.00138783 0.00187935 -0.00275862 -0.00136042 -0.00428962 0.000463119 0.000540195 -0.00198052 -0.00343137 -0.00825758 0.000251085 0.000474381 -0.000218999 -0.000684534 -0.00253425
internal_weight=15937 13945 3872 1992 1291 1166 651 515 252 570 293 248 146 277 701 263 3589 232 283 183 10073 9765 308 255 132 8065 7104 3516 2929 803
internal_count=15937 13945 3872 1992 1291 1166 651 515 252 570 293 248 146 277 701 263 3589 232 283 183 10073 9765 308 255 132 8065 7104 3516 2929 803
is_linear=0
shrinkage=0.05


Tree=22
num_leaves=31
num_cat=0
split_feature=4 11 16 9 13 0 14 14 8 11 11 12 15 4 16 7 16 16 11 11 12 12 10 16 2 4 15 13 14 8
split_gain=4.96659 1.60968 2.09311 1.7586 1.22331 1.22301 1.11885 1.88038 1.36289 1.28798 1.60032 1.24498 1.25227 1.12001 1.92125 1.07646 0.969764 1.06164 1.45589 0.911176 1.17223 0.904773 0.890708 0.835628 1.22391 0.855102 0.963043 0.832297 0.800626 1.04419
threshold=0.042860465532165194 0.010391715368283873 0.039078158307907847 -0.1453130618286759 30.345000267028812 -0.0029381217148461421 -0.069744182185856193 -0.04841526643133464 -0.078115408497774305 0.0069117178035681412 -0.018660876046821092 0.037030624356881099 0.0085911204628618138 0.027174637705980283 -0.049916191013910587 0.092753755049369127 0.050352463021035028 0.009416661906777259 0.0080418732799230081 0.0091429221400685119 0.034436834161626247 0.028887239583783812 0.0062107996650884187 -0.038251193442251467 -0.043082626815770568 0.064155075184720495 -0.0032456419096787976 24.19999980926514 0.10333272396106032 0.08566767045463565
decision_type=2 2 2 10 2 2 2 2 8 2 2 2 2 2 2 2 2 2 2 2 2 2 2 2 2 2 2 2 2 10
left_child=1 2 6 15 16 -4 27 8 -8 10 -10 12 -11 14 -9 -3 17 18 21 -20 -21 23 -12 -2 -25 -26 -27 -1 -16 -30
right_child=4 3 5 -5 -6 -7 7 13 9 11 22 -13 -14 -15 28 -17 -18 -19 19 20 -22 -23 -24 24 25 26 -28 -29 29 -31
leaf_value=0.00033804612970358332 -0.0009721434931034813 9.6990487739730194e-06 -0.00059921342187050166 0.00017047088393584183 0.0002191472073342838 -3.830944031204407e-05 -0.00040433502513385851 -0.00123227197302306 -0.00082653938946611197 -0.00026883410057092612 -0.00010166034699452304 7.2015047544956723e-06 -0.0010639480237660088 -4.8083034062198117e-05 6.1450973843006401e-05 -0.00039143254006682946 -0.00053979846308090833 -0.00018772019398750501 -0.0015040010087021634 -0.00030442988895189728 -0.00076095875821679377 0.00010052823921722709 0.00045093488020505902 -4.4304799368243549e-05 -0.0003137483138539517 -0.001132600301593994 -0.0011074925408452198 -0.00018009820750945445 0.00027322277971293012 -0.00015622750689562345
leaf_weight=854 50 1197 44 3769 127 46 59 40 75 63 231 71 49 1983 4175 60 41 846 42 107 112 237 219 348 290 42 51 85 588 66
leaf_count=854 50 1197 44 3769 127 46 59 40 75 63 231 71 49 1983 4175 60 41 846 42 107 112 237 219 348 290 42 51 85 588 66
internal_value=0.000415545 0.000776657 0.00036309 0.00148826 -0.0017379 -0.00722222 0.000442861 0.000242158 -0.00210561 -0.00149717 -0.000238095 -0.00510929 -0.00839286 0.000504962 0.000912919 -0.000131265 -0.00201754 -0.00187059 -0.00277951 -0.00611111 -0.00481735 -0.00192534 0.000888889 -0.00274648 -0.00231874 -0.00426893 -0.00844086 0.00207135 0.00100331 0.00262997
internal_weight=15967 13674 8648 5026 2293 90 8558 7619 767 708 525 183 112 6852 4869 1257 2166 2125 1279 261 219 1018 450 781 731 383 93 939 4829 654
internal_count=15967 13674 8648 5026 2293 90 8558 7619 767 708 525 183 112 6852 4869 1257 2166 2125 1279 261 219 1018 450 781 731 383 93 939 4829 654
is_linear=0
shrinkage=0.05


Tree=23
num_leaves=31
num_cat=0
split_feature=5 4 6 13 11 14 14 1 10 6 16 9 16 10 2 16 13 11 11 2 13 2 11 2 7 6 14 13 13 15
split_gain=3.7225 1.83389 1.085 1.00195 2.67389 0.951295 1.22489 2.30338 0.953978 0.965858 1.39393 1.50807 1.6623 1.45812 1.01877 0.98 0.966703 2.11781 0.938568 1.02557 0.93342 1.09292 0.912765 0.895315 1.3298 0.870235 0.845643 0.928064 2.58067 1.42857
threshold=0.015375959697009835 0.067516257579431277 -0.094920677664936573 30.345000267028812 -0.040606283895635913 -0.069744182185856193 -0.062752290881895975 0.0050953631410209929 -0.0086987636486000035 -0.009835012348945819 0.007581272233212589 -0.13310915363566542 0.0065336224749218417 -0.00024111540532040229 0.34214032696429558 0.016840897909169764 21.409999847412113 -0.013447702851804742 -0.011940050299307501 0.12777741778352017 18.94999980926514 0.058058377457082873 0.0069117178035681412 -0.079422495680112767 -0.03355282666652603 1.0513904132947751 -0.067583665573298909 17.090000152587894 19.23499965667725 0.00076043782461632247
decision_type=2 2 2 2 2 2 2 2 2 2 2 8 2 2 2 2 2 2 2 2 2 2 2 2 2 2 2 2 2 2
left_child=2 3 23 4 -2 20 7 -7 18 10 11 13 16 -10 -11 -16 -13 -18 19 -8 -6 -22 -15 24 -1 26 -3 -28 -29 -30
right_child=1 25 -4 -5 5 6 8 -9 9 14 -12 12 -14 22 15 -17 17 -19 -20 -21 21 -23 -24 -25 -26 -27 27 28 29 -31
leaf_value=9.4483766503199558e-05 -0.00095460769714354732 0.00026456700101858604 6.0646134027300111e-05 0.00019908849810284024 0.00036180129089211023 -0.00064586998098993401 3.4291797628132658e-05 0.00013954737141012112 4.041912585432819e-06 -0.0001292825304930011 6.3261494757075467e-05 1.9739169571460086e-05 -0.00051867639243001798 -0.00041869267920135387 -0.0011534864484911271 -0.00021364508016096068 0.00014175200962100002 -0.0007187734205237221 0.00024800777434025713 -0.0005364079901403467 7.2800032671419858e-05 -0.00035386695285500377 -0.0011399323094688546 0.00015337279449001879 -0.00019123229802965814 -0.0012141372889691458 -0.00021335426885755332 -0.0018065363092292224 0.00021729611141726668 -0.0025010054003287872
leaf_weight=178 75 90 3788 189 508 84 352 89 95 1597 1550 1235 48 71 40 50 84 68 364 44 217 65 51 4520 58 43 149 77 99 41
leaf_count=178 75 90 3788 189 508 84 352 89 95 1597 1550 1235 48 71 40 50 84 68 364 44 217 65 51 4520 58 43 149 77 99 41
internal_value=0.00043313 -0.00038983 0.00114349 -0.000177429 -0.000278899 -0.000172414 -0.000393335 -0.00453757 -0.000266419 -0.000522602 -1.2492e-05 -0.001023 -0.00043554 -0.00490783 -0.00149081 -0.00666667 -0.000118962 -0.00388158 0.00138158 -0.00030303 0.0014557 -0.000851064 -0.00852459 0.00164634 -0.00135593 -0.00331663 -0.00267544 -0.00374317 -0.00582949 -0.00178571
internal_weight=15919 7375 8544 6876 6687 6612 5822 173 5649 4889 3202 1652 1435 217 1687 90 1387 152 760 396 790 282 122 4756 236 499 456 366 217 140
internal_count=15919 7375 8544 6876 6687 6612 5822 173 5649 4889 3202 1652 1435 217 1687 90 1387 152 760 396 790 282 122 4756 236 499 456 366 217 140
is_linear=0
shrinkage=0.05


Tree=24
num_leaves=31
num_cat=0
split_feature=5 6 13 11 16 11 14 14 5 13 16 8 15 14 5 6 11 15 8 15 1 1 3 14 15 13 13 13 3 2
split_gain=3.83645 2.01265 1.15874 1.40568 2.80819 2.39214 1.18981 1.85265 1.54354 1.80344 1.57688 1.54249 1.53896 1.62208 1.02767 1.04299 0.999722 2.03458 0.895097 1.47427 0.890021 1.40667 0.776529 1.09935 0.922172 1.6022 1.36451 1.22416 0.86065 0.769784
threshold=0.020371142266245153 0.0088579394488152302 13.84500026702881 0.028003232862589215 0.038424554197923906 0.021151753576904912 -0.069744182185856193 0.02559063550932739 0.014083373680509942 17.445000648498539 -0.024877150365141983 -0.093392549944761247 -0.0033467905666574311 0.00619378828642947 0.011746155853891571 2.1212906741617332 -0.0071356742395810571 -0.00022127214520578639 0.077330849784942327 0.0016602738435828048 0.16783004682311012 0.19521930797908685 -0.0025058403243947698 0.18137679246918895 -0.0035704596997488953 18.015000343322757 15.025000095367433 15.944999694824221 0.0035313190022375767 -0.027316304648656028
decision_type=2 2 2 2 2 2 2 2 2 2 2 8 2 2 2 2 2 2 8 2 2 2 2 2 2 2 2 2 2 2
left_child=1 2 -1 4 6 -6 -4 8 -8 12 -11 -12 13 -10 29 22 17 -13 -18 -20 -2 -22 23 -16 25 26 -24 -28 -29 -3
right_child=20 14 3 -5 5 -7 7 -9 9 10 11 16 -14 -15 15 -17 18 -19 19 -21 21 -23 24 -25 -26 -27 27 28 -30 -31
leaf_value=0.0002053572981495255 -7.9883919147294863e-05 -7.3835048688102324e-05 0.00036015187200198225 0.00023969582056419228 -0.00046900182455257653 2.6638627372595086e-05 0.00010552327084726278 0.00018586414663406857 -6.3625863961252246e-06 0.0002626395340735245 -0.00071648442135135277 5.2610518759079773e-06 0.0001735140873876924 -0.00029477940264168676 0.00017327874773910172 -0.000335411571869951 -1.7069498691370014e-05 -0.00059499538491038879 -0.00035269247283069527 -9.2813856667025919e-06 -0.0023019274197851858 -0.00027979454744972817 1.1348957751860178e-05 -0.00061043932711759121 1.4043348965881329e-05 2.3421086386834414e-05 -0.00079626264850329908 -0.00039194694260036154 4.7384680197590668e-05 0.00015967621471150398
leaf_weight=1478 3793 293 583 513 58 62 1610 1625 111 137 40 64 644 53 765 543 246 77 41 47 57 120 94 51 1380 246 42 78 43 1027
leaf_count=1478 3793 293 583 513 58 62 1610 1625 111 137 40 64 644 53 765 543 246 77 41 47 57 120 94 51 1380 246 42 78 43 1027
internal_value=0.000490233 0.000937579 0.00144742 0.00113433 0.000896629 -0.00666667 0.00106859 0.000804047 8.14334e-05 -0.00109589 -0.00305215 -0.00432039 0.000482673 -0.00384146 0.000111793 -0.000367057 -0.00352632 -0.00705674 -0.00203593 -0.00636364 -0.000856423 -0.00432203 3.51984e-05 0.00132353 -0.000523101 -0.00235586 -0.00511673 -0.00788344 -0.00533058 0.00128788
internal_weight=15921 11951 7389 5911 5398 120 5278 4695 3070 1460 652 515 808 164 4562 3242 475 141 334 88 3970 177 2699 816 1883 503 257 163 121 1320
internal_count=15921 11951 7389 5911 5398 120 5278 4695 3070 1460 652 515 808 164 4562 3242 475 141 334 88 3970 177 2699 816 1883 503 257 163 121 1320
is_linear=0
shrinkage=0.05


Tree=25
num_leaves=31
num_cat=0
split_feature=5 6 13 16 12 2 9 6 2 15 2 15 10 10 1 10 0 8 6 16 12 12 16 8 14 2 3 16 16 0
split_gain=2.87361 1.48165 1.34049 0.960447 1.0269 0.948215 1.1653 1.19312 0.809815 0.797781 0.759282 0.864996 0.756854 1.06437 1.08762 0.942662 1.16102 1.21878 1.06071 0.932577 0.737031 0.733333 0.690996 1.49048 0.819086 1.2272 0.685317 0.668604 0.862007 1.60167
threshold=0.021512943712742909 0.77708916947368689 13.84500026702881 0.009416661906777259 -0.0800835440536906 -0.14810366947590028 0.10541756157126493 -0.3119258218704129 -0.079422495680112767 -0.0075605176887008621 -0.0081318326776647059 0.0064942321770430364 -0.020247544478179221 -0.0016439356314020823 -0.080067814625288711 0.0053129722735428828 0.010839768680937613 -0.055384715770334929 3.1352620945305145 -0.036121440488355076 0.0027925929369287954 0.028753487620467037 0.0041488383735488474 -0.04036641166786447 -0.030119880421319408 0.17812481671466032 -0.012757530086010991 -0.00093679527564999299 0.0072856615803039712 -0.0061874131505768029
decision_type=2 2 2 2 2 2 10 2 2 2 2 2 2 2 2 2 2 10 2 2 2 2 2 10 2 2 2 2 2 2
left_child=1 2 10 4 -2 6 7 -6 26 -5 11 -1 -3 14 -14 18 -17 -18 -15 -16 -9 -20 -10 -24 -25 -26 -7 -21 29 -29
right_child=3 12 -4 9 5 8 -8 20 22 -11 -12 -13 13 15 19 16 17 -19 21 27 -22 -23 23 24 25 -27 -28 28 -30 -31
leaf_value=0.00012252550305698025 0.00052166372887673589 -0.00068834572650933439 5.3815577841195051e-05 -0.00050762656306104978 7.5388136710773348e-06 -0.0023911684990040017 -0.0029111736839358008 -0.0011801258959462267 -0.00020493336304640226 3.2987125344824202e-05 0.00022125770345032976 -0.0001834435115296789 -0.00057952821650679215 -0.00015279072497516641 -0.00032397468153426895 0.00015444169572920003 -0.00091781148347296114 -4.2517706462454982e-05 -0.0025280727682063524 0.00032895618720391842 -0.00038979901913784113 -0.00059450217038327943 -0.0009560997029202426 0.00013108864841388602 -8.7936159021040849e-05 -0.00090946751986711546 0.00022192152272422212 -0.00060824228519740535 0.00010414015078696545 4.8417362901298056e-05
leaf_weight=353 84 47 8158 89 110 40 40 61 1131 1486 1460 131 43 661 42 313 40 282 48 363 48 40 42 59 98 55 239 40 289 60
leaf_count=353 84 47 8158 89 110 40 40 61 1131 1486 1460 131 43 661 42 313 40 282 48 363 48 40 42 59 98 55 239 40 289 60
internal_value=0.000370487 0.000731609 0.000990893 -0.000876605 -0.00160189 -0.00183827 -0.00465251 -0.00321918 -0.00140024 4.76192e-05 0.00217078 0.000454546 -0.00042328 -0.00029041 0.00111708 -0.00114162 0.000275591 -0.0018323 -0.00234312 0.00153652 -0.00692661 -0.0075 -0.00189531 -0.00425197 -0.00254717 -0.00447712 0.00105735 0.00194149 0.000501286 -0.0035
internal_weight=15952 12370 10102 3582 2007 1923 259 219 1664 1575 1944 484 2268 2221 837 1384 635 322 749 794 109 88 1385 254 212 153 279 752 389 100
internal_count=15952 12370 10102 3582 2007 1923 259 219 1664 1575 1944 484 2268 2221 837 1384 635 322 749 794 109 88 1385 254 212 153 279 752 389 100
is_linear=0
shrinkage=0.05


Tree=26
num_leaves=31
num_cat=0
split_feature=5 11 6 16 11 10 13 7 14 1 14 8 16 4 13 14 8 4 3 6 7 9 8 6 16 16 16 11 16 11
split_gain=3.13752 1.36422 1.31952 1.12746 1.12295 1.66294 1.10047 1.0769 1.08215 1.05766 1.25801 1.046 1.31032 0.972112 1.12585 1.7705 0.948452 0.95899 0.944451 0.872449 0.938825 0.941276 0.85538 0.832472 1.11375 0.816622 0.891337 1.56879 1.03748 1.32869
threshold=0.01925030744350777 0.03197650803521624 -0.63641949106850715 0.036376760503274437 -0.028186654574093969 0.00048355916176134889 13.554999828338625 -0.090925372096677601 0.060254427512154048 0.012586334766234388 0.064017008142859946 -0.096036997369479168 -0.0056027571117304711 0.055582589958140423 30.345000267028812 0.18137679246918895 -0.28821375870302257 0.091583082290278964 0.00037765237007891811 1.5571115735832517 -0.015737349080547743 0.093550474903605477 0.059765031857908275 -0.55909549925108148 0.009416661906777259 -0.0261053490733506 0.0057761037299824966 0.019556764027941379 -0.0026155992402233093 -0.0067485480717779369
decision_type=2 2 2 2 2 2 2 2 2 2 2 10 2 2 2 2 8 2 2 2 2 8 10 2 2 2 2 2 2 2
left_child=1 2 11 4 5 9 -5 -6 25 10 -4 12 -1 14 15 -2 -15 23 -12 20 -8 -22 -23 -18 -25 -9 27 28 -27 -30
right_child=13 -3 3 6 7 -7 19 8 -10 -11 18 -13 -14 16 -16 -17 17 -19 -20 -21 21 22 -24 24 -26 26 -28 -29 29 -31
leaf_value=0.00029758051349216365 -2.0622113495336447e-05 0.00021721795487937275 0.00039944716205082159 0.00028482082535536242 -0.00030130410622672909 -0.00073949249603426966 -0.00047511736230233147 0.00045704290365378641 0.00015255990777131905 -0.00047109355808038367 -0.00027283692381849044 0.00016933853884688323 -0.00036073145768192381 0.00065013859643066232 0.00018557802278129675 -0.0011768015860967908 3.0770007483639385e-05 -0.0020013146601236122 0.00032738032875058914 0.00014120024432861042 0.00032643967993252829 -0.00012104109923438926 -0.00049969426625354803 -0.00078797637910674439 -0.0001622282216612645 5.9522652128165017e-05 0.00010267945110115101 -0.00035664203865541465 -0.0002452176687710496 -6.0488616635549873e-05
leaf_weight=81 3271 588 147 81 59 83 56 257 1190 43 133 2586 68 59 148 56 264 79 46 48 42 128 68 359 302 1594 2965 107 103 952
leaf_count=81 3271 588 147 81 59 83 56 257 1190 43 133 2586 68 59 148 56 264 79 46 48 42 128 68 359 302 1594 2965 107 103 952
internal_value=0.000426925 0.000868709 0.000741442 0.000420884 0.000559318 -0.00185841 -0.0020922 0.00071053 0.000765904 -0.000420054 0.000552147 0.00169104 -0.00238255 -0.000685324 -0.000280575 -0.000470394 -0.00200847 -0.00237052 -0.00226257 -0.00333333 -0.00435374 -0.00298319 -0.00443878 -0.00191892 -0.00286687 0.000491803 0.000367943 -0.00027939 -3.96374e-05 -0.00125592
internal_weight=15963 11425 10837 8102 7679 452 423 7227 7168 369 326 2735 149 4538 3475 3327 1063 1004 179 342 294 238 196 925 661 5978 5721 2756 2649 1055
internal_count=15963 11425 10837 8102 7679 452 423 7227 7168 369 326 2735 149 4538 3475 3327 1063 1004 179 342 294 238 196 925 661 5978 5721 2756 2649 1055
is_linear=0
shrinkage=0.05


Tree=27
num_leaves=31
num_cat=0
split_feature=4 5 11 6 6 6 14 14 14 1 14 14 0 13 11 11 9 10 9 10 0 13 13 0 3 4 6 10 10 15
split_gain=3.17768 1.30068 1.38195 1.08829 1.00103 0.954328 0.877513 1.17907 2.48965 1.81793 1.02381 2.20242 1.64161 1.17097 1.00321 1.67631 1.132 0.992917 0.949456 1.24333 0.944718 1.09603 1.81852 0.928173 0.89227 0.855454 1.40916 0.92584 0.882701 1.03619
threshold=0.045642809600125608 0.014429816101020064 0.023858955233929894 -0.48465129173283628 -0.6159662757065022 0.95438991728841549 0.052093484772870687 -0.069744182185856193 -0.066405515647089006 0.002726179267483753 0.018846539562811352 0.021941009830483863 0.012195117950846714 17.875000000000004 0.0044457003054257935 0.0023967132721236521 0.020827272317932247 -0.0025714907564299279 0.010846958227735961 0.002139856175938371 -0.0083071924513223299 20.610000610351566 21.724999427795414 0.022834120194987432 -0.0076227262567529199 0.065710648150039755 1.0513904132947751 -0.0032224550859759611 0.0063853636382362753 0.0045406825997061926
decision_type=2 2 2 2 2 2 2 2 2 2 2 2 2 2 2 2 10 2 10 2 2 2 2 2 2 2 2 2 2 2
left_child=1 4 6 -2 -1 -4 7 -3 9 -9 17 -12 18 23 15 -8 -17 -10 19 24 -19 -22 -23 -14 -13 27 28 -5 29 -27
right_child=3 2 5 25 -6 -7 14 8 10 -11 11 12 13 -15 -16 16 -18 20 -20 -21 21 22 -24 -25 -26 26 -28 -29 -30 -31
leaf_value=0.00016385560818214627 2.7647953956966099e-05 0.00014740917066139277 0.00020339789994707337 0.00010690098689936295 6.7377455068583336e-05 -0.00026532626495114899 0.00011715240818891982 -0.00070493004100083759 0.00015773830433465536 -0.00022011765049686528 -0.001074997489566791 -0.00051836249824457491 -0.00056359936037910831 -0.00013295721898537552 0.00025700171954578312 9.5661675664065321e-06 -0.00073648276145647079 8.655981675559665e-05 0.00013537176613060838 -0.00070502521182555337 -3.5772972444107324e-05 -0.0014894659713593319 -0.00019122158462021369 -0.00061469028345057593 2.4378166937882896e-05 -0.00051262937456971586 -0.0011789547446273423 -0.00054806649388579646 0.00028017395073038812 -0.0011443430031066683
leaf_weight=1847 666 670 778 251 5418 118 919 45 451 44 66 77 46 62 240 43 40 593 258 44 1703 47 184 47 218 189 53 641 66 46
leaf_count=1847 666 670 778 251 5418 118 919 45 451 44 66 77 46 62 240 43 40 593 258 44 1703 47 184 47 218 189 53 641 66 46
internal_value=0.000400126 0.000661986 0.000159122 -0.00151151 0.00112526 0.00198661 -0.000123339 -0.000444566 -0.000778636 -0.00904494 -0.000584826 -0.00215159 -0.00138298 -0.00596774 0.00105475 0.000359282 -0.00644578 -0.000154466 -0.00019263 -0.00193215 -0.000540166 -0.00107549 -0.00430736 -0.00951613 -0.000762712 -0.00238363 -0.00446328 -0.0015583 -0.00313953 -0.00457447
internal_weight=15870 13958 6693 1912 7265 896 5797 4555 3885 89 3796 818 752 155 1242 1002 83 2978 597 339 2527 1934 231 93 295 1246 354 892 301 235
internal_count=15870 13958 6693 1912 7265 896 5797 4555 3885 89 3796 818 752 155 1242 1002 83 2978 597 339 2527 1934 231 93 295 1246 354 892 301 235
is_linear=0
shrinkage=0.05


Tree=28
num_leaves=31
num_cat=0
split_feature=5 4 6 10 0 2 0 10 6 11 16 5 11 11 4 16 3 16 12 0 6 7 13 11 13 16 15 2 15 16
split_gain=2.8596 1.06105 1.89782 1.04301 1.50067 1.3385 0.828431 0.82072 0.901908 0.973056 1.69947 1.1234 0.935508 1.1141 1.08093 1.06568 0.935223 0.887767 0.812311 1.29319 0.809877 0.792438 0.730508 0.696247 0.931809 0.682787 1.06772 0.669208 1.35388 0.668816
threshold=0.020579486566710541 0.065710648150039755 1.0513904132947751 -0.017312000709356064 0.0017155461881284142 -0.041786024849082774 -0.030109848620545217 -0.015213589282174643 1.799322057087118 0.023858955233929894 0.038424554197923906 0.012996765887949503 0.020527358618941841 0.0089565752678409955 0.027024719877683834 0.015866963150637962 -0.013254802935683206 0.024134655465837266 0.030555600809082154 -0.0037194573596623921 1.0000000180025095e-35 0.089651704326808371 20.154999732971195 -0.040606283895635913 23.409999847412113 -0.018460005294272438 0.0027665074194075383 -0.030096367875520665 -0.0040919999772637263 0.038424554197923906
decision_type=2 2 2 2 2 2 2 2 2 2 2 2 2 2 2 2 2 2 2 2 2 2 2 2 2 2 2 2 2 2
left_child=3 23 27 4 5 6 -1 -5 9 10 11 22 13 16 15 -14 -13 -17 19 -12 -20 -15 -9 -2 29 26 -26 -3 -29 -25
right_child=1 2 -4 7 -6 -7 -8 8 -10 -11 18 12 14 21 -16 17 -18 -19 20 -21 -22 -23 -24 24 25 -27 -28 28 -30 -31
leaf_value=-0.00041411945762076182 -0.00085576797820791019 -5.637907134597628e-06 -0.0011168409820107262 0.00031308451631059425 -0.0010261886262997756 0.0002989345167084159 -0.00013564641324135306 0.00011446088775705752 -9.0778891578996548e-05 0.0002000496036730044 -0.00055177708365580118 0.00038636913815562747 -0.00047373967042811356 0.0001325727603935422 0.00031932158900667331 0.0005830076089808837 -9.2399265012934043e-06 -6.7462624454251693e-05 0.00042523881107260164 -0.00015517116329183349 -0.00018406066489341636 -0.00022968398213108252 0.00029627784621705537 -5.1146348596653342e-05 0.0003799595822146436 0.00024337002707561039 -0.00091308775191591542 -0.00066418950718404534 -0.0002461830620479355 -0.00047521942079160998
leaf_weight=48 67 280 54 279 40 109 54 3755 884 1214 40 144 54 1427 43 47 3276 41 41 78 40 79 325 2645 95 366 49 54 166 166
leaf_count=48 67 280 54 279 40 109 54 3755 884 1214 40 144 54 1427 43 47 3276 41 41 78 40 79 325 2645 95 366 49 54 166 166
internal_value=0.000435464 -0.00073313 -0.00276173 0.000818772 -0.00237052 -0.000687204 -0.00480392 0.000886802 0.000821727 0.000949642 0.000777423 0.000876401 0.000382508 0.000513601 -0.00310811 -0.00521127 1.46201e-05 -0.00181818 -0.00379397 -0.00644068 6.17286e-05 0.00164675 0.0014951 -0.000401417 -0.000299608 0.00166667 -0.00125 -0.0018 -0.00386364 -0.00065635
internal_weight=15960 3942 554 12018 251 211 102 11767 11488 10604 9390 9191 5111 4926 185 142 3420 88 199 118 81 1506 4080 3388 3321 510 144 500 220 2811
internal_count=15960 3942 554 12018 251 211 102 11767 11488 10604 9390 9191 5111 4926 185 142 3420 88 199 118 81 1506 4080 3388 3321 510 144 500 220 2811
is_linear=0
shrinkage=0.05


Tree=29
num_leaves=31
num_cat=0
split_feature=5 11 14 13 14 14 5 8 13 0 5 15 15 8 3 13 16 3 13 0 16 14 0 11 16 9 14 0 7 11
split_gain=2.17276 0.950563 0.901958 0.888221 1.81046 1.17285 1.45886 1.01049 1.77271 1.62466 1.02802 0.873776 1.27224 0.969951 2.49617 0.850594 1.13269 1.12274 0.841242 1.21678 0.824837 1.0178 0.962972 0.796486 1.25249 0.789974 1.43429 1.54351 1.16959 0.789116
threshold=0.017482248797543998 0.03197650803521624 0.24994374642796716 19.115000724792484 -0.069744182185856193 -0.0067330833557224237 0.049670601884561454 -0.041461371207129609 16.875000000000004 0.029083194557326556 0.01842273975545403 -0.0040919999772637263 0.0051849755917117166 0.18779276786288071 -0.0021789830937257166 13.744999885559084 0.042204040193351784 0.0053659630428692937 19.329999923706058 -0.0038773905095108581 0.024134655465837266 0.01016731697942619 -0.0063267285453382218 -0.040606283895635913 -0.040136690623344677 -0.2373392447100631 -0.0059106162699663059 0.008013405723498181 -0.055552819748174824 0.011258220737919157
decision_type=2 2 2 2 2 2 2 10 2 2 2 2 2 10 2 2 2 2 2 2 2 2 2 2 2 10 2 2 2 2
left_child=1 15 3 4 -2 6 -5 8 25 10 -10 13 -13 -9 -15 20 23 18 19 -18 -1 22 -22 24 -17 -6 27 28 -27 -12
right_child=2 -3 -4 5 7 -7 -8 11 9 -11 29 12 -14 14 -16 16 17 -19 -20 -21 21 -23 -24 -25 -26 26 -28 -29 -30 -31
leaf_value=0.00017197554012062137 0.00040368924893537431 0.00018750698686946686 -0.0012937304278547168 -1.6463421904980073e-05 0.00018293114090583442 0.00017933003671017004 -0.0021577800353496201 -0.00020357961247013639 -0.00072833299994139265 -0.0012183670006731782 -0.00048568147683869436 6.2931075234555237e-05 -0.00028112804315300955 -0.0006712677120287178 8.1759774574405146e-05 -0.00074107395979356762 -0.00044158490357475887 -0.00032876256194288667 0.00028961744353303977 5.6646346422950784e-05 -0.00075461865172795934 0.00038826563163958742 -2.3732148791135872e-05 4.6079129014982871e-05 0.00022112841874648891 -0.00084137300928185639 6.0289758436774652e-05 0.00014861862834388611 -0.0015519607378404029 2.8275906564753998e-05
leaf_weight=1523 410 489 67 872 248 876 50 414 43 41 221 1104 623 43 53 53 42 42 51 73 54 127 242 7667 49 45 156 44 50 102
leaf_count=1523 410 489 67 872 248 876 50 414 43 41 221 1104 623 43 53 53 42 42 51 73 54 127 242 7667 49 45 156 44 50 102
internal_value=0.000379237 0.00080292 -0.000428414 -0.000356812 -0.000810397 0.000550612 -0.000694143 -0.00121274 -0.00257895 -0.00507371 -0.00401639 -0.000632543 -9.55412e-05 -0.00245098 -0.00697917 0.000696866 0.000468221 -0.00317308 -0.0013253 -0.00369565 0.00163412 -0.000319149 -0.00192568 0.00056571 -0.00382353 -0.000709024 -0.00245763 -0.00615108 -0.00973684 -0.00304954
internal_weight=15874 10412 5462 5395 3597 1798 922 3187 950 407 366 2237 1727 510 96 9923 7977 208 166 115 1946 423 296 7769 102 543 295 139 95 323
internal_count=15874 10412 5462 5395 3597 1798 922 3187 950 407 366 2237 1727 510 96 9923 7977 208 166 115 1946 423 296 7769 102 543 295 139 95 323
is_linear=0
shrinkage=0.05


Tree=30
num_leaves=31
num_cat=0
split_feature=5 6 11 15 16 13 11 4 2 15 6 12 1 3 6 13 12 8 2 12 0 16 0 11 4 9 16 16 12 5
split_gain=2.24732 1.36019 1.26689 1.75407 1.42224 1.55826 1.7212 1.93215 1.35001 1.27494 1.63488 1.25286 1.18212 1.1448 1.14377 1.12626 1.69031 1.98242 1.26307 1.67685 1.09697 1.03779 1.6649 1.25213 1.25247 2.24185 1.12406 1.08604 1.1001 1.95851
threshold=0.017371508151236333 -1.1731628406320149 0.010672166565218634 0.021153713446847692 0.0041488383735488474 13.174999713897707 0.020527358618941841 0.018622195062075072 0.012403831788268429 -0.0053527520857152835 0.95438991728841549 0.038133523914403618 0.036777466887513162 0.001317064130886614 -0.009835012348945819 14.465000152587892 0.032488819096245465 -0.056521458557408803 -0.16029278775557435 -0.0047203102614324912 -0.024842368450863125 -0.00093679527564999299 -0.0024002119568424236 -0.0082271549169211627 0.019414966452571372 0.13339409613365108 -0.0096307064681513382 -0.00025521934926231443 0.028523964767223079 0.010645527785766568
decision_type=2 2 2 2 2 2 2 2 2 2 2 2 2 2 2 2 2 10 2 2 2 2 2 2 2 8 2 2 2 2
left_child=2 12 21 4 5 -4 7 11 -5 10 -6 -7 13 -2 -3 16 17 -16 19 -17 -18 26 23 24 -23 -26 -1 -25 29 -29
right_child=1 14 3 8 9 6 -8 -9 -10 -11 -12 -13 -14 -15 15 18 20 -19 -20 -21 -22 22 -24 27 25 -27 -28 28 -30 -31
leaf_value=4.1673536999488299e-05 8.0527746107193901e-05 1.8844005623121998e-05 0.0002147116475672283 6.0564166924511992e-05 5.3816196098337459e-05 -7.6434498780856861e-05 -0.00031598110597744406 0.00017299460356111725 -0.00042224083563100948 0.00018806024765168742 -0.00063635812872728801 -0.0010837626847102981 -0.00077937414266914375 -0.00028050098495629224 9.0006550446360386e-05 -2.5846135043182904e-05 -0.00057163293838817519 -0.0010033342437652329 -1.0592270748459008e-05 -0.0017226989602476255 0.00013751785352452076 -0.00062242033789282119 4.2612143443579353e-05 -0.0001610106861171166 -0.00043760946863630429 0.00038627446837019444 0.00024654620651194968 -0.00036246059922443558 9.6660292021380031e-05 -4.6929396147335947e-05
leaf_weight=2361 111 3279 126 47 255 54 65 241 46 2769 49 45 46 85 55 76 43 115 1499 61 169 40 2027 43 48 44 1130 99 394 459
leaf_count=2361 111 3279 126 47 255 54 65 241 46 2769 49 45 46 85 55 76 43 115 1499 61 169 40 2027 43 48 44 1130 99 394 459
internal_value=0.00038757 -0.000425167 0.000822858 0.00156478 0.00173973 -0.000649717 -0.00216049 -0.000735294 -0.00521505 0.00215262 -0.000921052 -0.00661616 -0.00409091 -0.00239796 -0.000257693 -0.00119425 -0.00363874 -0.00735294 -0.000623472 -0.00521898 -0.000660377 0.000410083 -0.000247305 -0.00178793 -0.00636364 -0.00315217 0.00100401 -0.0011809 -0.000829832 -0.00225806
internal_weight=15881 5539 10342 3697 3604 531 405 340 93 3073 304 99 242 196 5297 2018 382 170 1636 137 212 6645 3154 1127 132 92 3491 995 952 558
internal_count=15881 5539 10342 3697 3604 531 405 340 93 3073 304 99 242 196 5297 2018 382 170 1636 137 212 6645 3154 1127 132 92 3491 995 952 558
is_linear=0
shrinkage=0.05


Tree=31
num_leaves=31
num_cat=0
split_feature=4 6 1 10 10 1 15 13 14 8 15 13 13 15 13 9 13 13 12 12 14 9 14 15 12 12 13 13 13 10
split_gain=2.98316 1.288 1.27656 1.23018 1.21616 1.48772 1.06253 1.05563 1.06136 0.894008 0.853839 1.41708 1.91593 1.14752 1.13428 1.125 1.01632 2.41851 1.65449 2.18528 1.47059 1.15736 1.08421 1.18742 0.909031 1.93928 1.20894 1.18456 1.49559 1.86364
threshold=0.045642809600125608 0.82270862681394885 0.16783004682311012 0.0010681623083543814 0.012484790292373706 0.061511638296649636 -0.016091159079236358 17.994999885559086 0.12226142207695113 0.032810122393296511 0.009280589606667668 21.295000076293949 22.429999351501468 0.0090796696545589767 13.894999980926515 0.27330905951299406 20.060000419616703 19.880000114440922 -0.029694383534641874 -0.033690141837628411 0.18137679246918895 -0.1453130618286759 -0.02817624153510306 0.006635833869476416 -0.013469657386432075 -0.023427957262836582 18.564999580383304 19.159999847412113 17.605000495910648 0.0012830782027211109
decision_type=2 2 2 2 2 2 2 2 2 10 2 2 2 2 2 8 2 2 2 2 2 8 2 2 2 2 2 2 2 2
left_child=1 10 -2 -4 6 9 7 -3 -9 -6 13 -12 -13 14 -1 -15 17 21 19 20 22 -16 23 -18 25 27 -27 28 -23 -30
right_child=2 4 3 -5 5 -7 -8 8 -10 -11 11 12 -14 15 16 -17 18 -19 -20 -21 -22 24 -24 -25 -26 26 -28 -29 29 -31
leaf_value=0.00013192347032447548 -0.00020366612016742126 0.00028600678103105369 -0.00014353558234731032 -0.0017462216395666124 -0.00028391490961590362 -0.00036344299897487006 2.2412456304390528e-05 -0.00079648758828568039 -0.00048660921918695081 0.00051017188282243486 0.00019705656289261661 -0.00047312425655009519 3.1754314411998953e-05 0.00028577603443884718 -0.00028853239511882067 -0.00023186457041567514 -0.00046555720645030684 -0.00058671048089572054 0.0002370852223896498 -0.0015063822426777582 -0.00059723625813165159 0.00012711271869619812 0.00026797290411612219 0.00027763234372440754 3.2650472655645987e-05 -3.5028210373868673e-05 -0.00031481756420057732 0.00058068562697643307 -6.6907136577700851e-05 -0.00042454085261634628
leaf_weight=1837 1786 52 63 65 106 43 2083 46 77 46 1890 46 134 40 245 50 58 71 1227 51 69 303 325 46 4770 84 72 100 176 52
leaf_count=1837 1786 52 63 65 106 43 2083 46 77 46 1890 46 134 40 245 50 58 71 1227 51 69 303 325 46 4770 84 72 100 176 52
internal_value=0.00034753 0.000598979 -0.0015047 -0.00632812 -0.000442315 -0.00423077 -0.000115146 -0.00385714 -0.00638211 -0.00190789 0.000818307 0.00173913 -0.0025 0.000619257 0.00067257 -0.005 0.000404628 8.76896e-05 0.0014527 -0.000828779 0.000180723 0.000199931 0.0012704 -0.00317308 0.00034821 -0.00122618 -0.00621795 7.92412e-06 -0.000932203 -0.00399123
internal_weight=16013 14099 1914 128 2453 195 2258 175 123 152 11646 2070 180 9576 9486 90 7649 5873 1776 549 498 5802 429 104 5557 787 156 631 531 228
internal_count=16013 14099 1914 128 2453 195 2258 175 123 152 11646 2070 180 9576 9486 90 7649 5873 1776 549 498 5802 429 104 5557 787 156 631 531 228
is_linear=0
shrinkage=0.05


Tree=32
num_leaves=31
num_cat=0
split_feature=4 15 3 15 4 10 15 15 11 16 0 2 11 16 0 0 15 10 2 12 13 13 2 8 15 13 16 16 16 10
split_gain=2.30752 1.62369 1.39054 1.359 1.31039 1.04762 0.994467 1.75174 1.78624 1.1392 1.65871 1.5003 0.88586 0.916866 0.789446 0.783798 0.76893 1.66169 1.71089 1.58215 1.27721 2.02678 1.50789 0.906709 1.68633 0.779574 1.29593 2.05385 1.7847 1.69888
threshold=0.040208123923391285 -0.03509478009445887 -0.028908701875410166 -0.014638215419709664 0.040644514746507356 0.00069579143919507047 -0.0099896652881885078 -0.0045751457797729147 -0.025492153007652226 -0.013697105310360723 -0.01685797482066936 -0.047539503801200082 0.040036417291261513 -0.030551564610611644 0.00085996213446026825 0.012195117950846714 -0.00241030715020718 -0.0012722764150241981 -0.077891853578407819 -0.0082551652511544376 20.814999580383304 21.724999427795414 0.025078555762436564 -0.17706538944048314 0.0016602738435828048 20.060000419616703 -0.011908202180768988 0.00032424089411275952 -0.01319948532736581 -0.0074311148447236399
decision_type=2 2 2 2 2 2 2 2 2 2 2 2 2 2 2 2 2 2 2 2 2 2 2 10 2 2 2 2 2 2
left_child=1 -1 3 -2 -4 -5 14 9 -9 -8 11 -11 13 -3 -6 -12 17 25 -19 -20 23 22 -22 24 -18 26 28 -28 -15 -29
right_child=2 12 4 5 6 -7 7 8 -10 10 15 -13 -14 16 -16 -17 20 18 19 -21 21 -23 -24 -25 -26 -27 27 29 -30 -31
leaf_value=-0.0010833851475906013 -0.0016084158402926707 0.00016112944944336922 -0.0012810746402316894 0.00033285475574470526 0.00023375271291792234 -0.0011803952066821461 0.00023042426546723236 -0.00065923268979507386 -4.7831258847035247e-06 -0.00043940360353326741 -3.3784342735594219e-06 -0.0014268181942762876 0.0001999809448928421 -5.9078320419944124e-05 -0.00028411715408458983 -0.00056800600689495902 -0.00029876439802423209 -0.00041397046073399311 -0.00031521908274454694 -4.8733870547017525e-05 -0.0007762290749178056 1.0031162947151647e-06 -6.0624147331322284e-06 8.1557315434630203e-05 4.5103344257746691e-05 0.00022382697370523796 0.00032736946143888454 0.00017694451609620907 -0.00031014724541434188 -0.00019696545141726472
leaf_weight=59 40 728 67 51 289 40 60 78 1759 40 98 56 390 435 51 51 43 101 51 1131 71 545 58 7259 125 649 700 258 45 574
leaf_count=59 40 728 67 51 289 40 60 78 1759 40 98 56 390 435 51 51 43 101 51 1131 71 545 58 7259 125 649 700 258 45 574
internal_value=0.000293045 0.000564211 -0.00104478 -0.0060687 -0.000786583 -0.00269231 -0.000600322 -0.000999066 -0.00041644 -0.0045082 -0.00602041 -0.0111458 0.000601307 0.000529633 0.00191176 -0.00271812 0.000425488 -0.000147059 -0.0016251 -0.00109137 0.000704234 -0.00137982 -0.0070155 0.000893362 -0.00273809 0.000565577 7.9523e-05 0.000789817 -0.0021875 -0.000889423
internal_weight=15902 13222 2680 131 2549 91 2482 2142 1837 305 245 96 13163 12773 340 149 12045 3944 1283 1182 8101 674 129 7427 168 2661 2012 1532 480 832
internal_count=15902 13222 2680 131 2549 91 2482 2142 1837 305 245 96 13163 12773 340 149 12045 3944 1283 1182 8101 674 129 7427 168 2661 2012 1532 480 832
is_linear=0
shrinkage=0.05


Tree=33
num_leaves=31
num_cat=0
split_feature=4 15 12 11 11 11 9 9 14 15 12 8 11 16 15 5 9 12 4 10 15 10 9 16 1 13 13 14 14 2
split_gain=1.69225 1.05892 1.00464 1.01632 0.943673 1.84208 1.92609 1.40695 1.20018 1.23918 1.64698 2.31159 1.86998 1.32169 0.959703 0.920383 0.957788 1.13304 2.25595 1.70116 2.45139 1.87085 1.74162 1.61131 1.2151 0.849222 1.02898 0.879856 0.829584 0.8
threshold=0.031683766642068463 -0.03509478009445887 -0.0800835440536906 -0.040606283895635913 0.010056617818882453 -0.0011663048193322754 -0.17114343238682198 0.3189188667997564 -0.06426442822534599 -0.010179277792146167 0.0077064466634939608 0.031153951841356057 0.008405141908930493 0.0077022215662455604 0.011377879166364348 0.0095092470633914381 0.03043002158117392 0.057354881634701156 0.020381780938091208 0.0039394105391010745 0.0077340840750683712 0.0024304233015920444 0.15312559484642665 -0.011908202180768988 0.043947601140002519 15.825000286102297 17.494999885559086 0.032490155674024808 -0.0056306847578752031 -0.085736104681370759
decision_type=2 2 2 2 2 2 8 8 2 2 2 10 2 2 2 2 10 2 2 2 2 2 10 2 2 2 2 2 2 2
left_child=1 -1 -2 29 5 -3 -7 -6 -8 -10 11 12 13 -11 15 -12 25 19 -19 20 21 23 -23 -18 -25 -17 27 -27 -15 -4
right_child=2 4 3 -5 7 6 8 -9 9 10 14 -13 -14 28 -16 16 17 18 -20 -21 -22 22 -24 24 -26 26 -28 -29 -30 -31
leaf_value=-0.0011256125818021863 0.00036521801452252581 9.2718877399766898e-05 -0.00071445579652454415 -6.5913516238477656e-05 0.00012666151234067065 -0.00042818066909835534 0.00021171392764885398 -1.0756703032971272e-05 0.00027232288028297902 -0.00044094940627252105 0.00024043136115363905 3.5866462463678306e-05 -0.0010541060534842138 0.00046800199527174675 0.00031912376399759976 0.00019654803603843924 -0.00052475957293674478 -0.00042175717479393137 4.2499848126266497e-05 0.00019000542733398486 -0.00059353159960734024 -0.00095814154166921808 -2.7859654263180654e-06 6.3569337734733911e-05 -0.00062249151527408412 -0.00025296959585686024 8.751160864110439e-05 0.00010961544573180804 -0.0001536517833219283 -0.00011036797175047705
leaf_weight=46 128 4100 40 4190 3354 84 306 1040 214 62 147 151 41 56 176 422 63 51 52 246 44 50 41 418 54 138 162 54 69 40
leaf_count=46 128 4100 40 4190 3354 84 306 1040 214 62 147 151 41 56 176 422 63 51 52 246 44 50 41 418 54 138 162 54 69 40
internal_value=0.000298959 0.000614638 -0.000536607 -0.000667447 0.000644675 0.000292321 -0.000627217 0.00122212 -0.00041929 -0.000754334 -0.00106728 -0.0041029 -0.0072807 -0.00516043 -0.000524079 -0.00084449 -0.00115599 -0.00216389 -0.00713592 -0.0016048 -0.00291045 -0.00210863 -0.00873626 -0.000981308 2.11866e-05 0.000167526 -0.00163842 -0.00411458 -0.0022 -0.00625
internal_weight=16039 11641 4398 4270 11595 7201 3101 4394 3017 2711 2497 379 228 187 2118 1942 1795 1019 103 916 670 626 91 535 472 776 354 192 125 80
internal_count=16039 11641 4398 4270 11595 7201 3101 4394 3017 2711 2497 379 228 187 2118 1942 1795 1019 103 916 670 626 91 535 472 776 354 192 125 80
is_linear=0
shrinkage=0.05


Tree=34
num_leaves=31
num_cat=0
split_feature=5 6 11 6 8 6 11 1 5 14 8 16 13 6 5 11 11 1 6 10 9 15 8 13 13 2 6 5 13 10
split_gain=2.56653 1.21238 1.07066 1.04759 1.18945 1.13341 0.922086 1.68978 0.871642 0.82975 0.828038 0.793871 0.741912 0.748087 1.16764 0.679364 0.837129 0.658669 0.658374 1.10195 1.20516 0.740714 1.37489 0.620313 0.793212 1.04881 0.589402 0.897083 0.603274 0.8543
threshold=0.017276168072058708 -0.6159662757065022 0.036250382984596159 -0.009835012348945819 -0.24245315373655194 -1.0802874736853987 0.028003232862589215 0.034394970904090723 0.055203201078852064 -0.0066427814256201914 -0.11688151267934481 -0.049916191013910587 14.870000362396242 0.44577320736423304 0.035922060267388742 0.01397341061460511 0.00066761306825102739 0.02642720011215716 -0.57204636178028767 0.0019017631763441625 0.18776071626153959 0.021153713446847692 0.040361864032633317 30.345000267028812 25.19999980926514 -0.0081318326776647059 0.29409001820965702 0.041808716671524318 16.954999923706058 -0.00019781056279616346
decision_type=2 2 2 2 8 2 2 2 2 2 10 2 2 2 2 2 2 2 2 2 8 2 10 2 2 2 2 2 2 2
left_child=1 -1 11 5 -5 6 7 10 23 -10 -2 -3 13 -6 15 16 -15 -17 19 20 -13 -20 -23 24 -7 -26 28 -28 29 -14
right_child=3 2 -4 4 12 8 -8 -9 9 -11 -12 18 26 14 -16 17 -18 -19 21 -21 -22 22 -24 -25 25 -27 27 -29 -30 -31
leaf_value=0.00013671780547768895 -0.00061807180689720941 -0.0011314708242119312 0.00024568730804840603 -0.0016847194652450154 -5.2346405286113992e-05 3.1960813829772147e-05 0.00023707391296235231 -0.00066700403993827883 -0.0022000149981165318 0.00023465339741350665 -2.6521489265212585e-05 -4.9810374266148576e-05 -0.0013100080047227709 -0.00045589968554663368 -0.00097877386537770271 -0.00090643931788261193 0.00018017187580446592 -0.0005613300480093958 4.0370962288826742e-05 0.00024823934945990956 -0.00034712664211048697 2.1090195349644995e-05 -0.00032312334537520096 0.00056152573543587962 1.1968800085487633e-05 -0.00064678347390745414 6.2604818326792186e-06 -0.0013369280320709048 -8.5474599197855655e-05 -4.0922905435535954e-05
leaf_weight=2703 40 44 238 40 183 2895 55 49 40 41 204 99 44 55 48 44 95 63 6965 111 68 85 41 109 89 54 1058 58 307 71
leaf_count=2703 40 44 238 40 183 2895 55 49 40 41 204 99 44 55 48 44 95 63 6965 111 68 85 41 109 89 54 1058 58 307 71
internal_value=0.000292573 0.000760093 0.000438505 -0.000565402 -0.00146176 -4.7539e-05 -0.00275862 -0.00387372 0.000244734 -0.00487654 -0.00217213 0.000332524 -0.00129319 -0.0029918 -0.0045082 -0.00317121 -0.001 -0.00621495 0.000372507 -0.00201439 -0.00458084 0.000466084 -0.00333333 0.000376549 0.000243581 -0.00339161 -0.000754226 -0.00015233 -0.00234597 -0.00543478
internal_weight=15996 10354 7651 5642 2066 3576 348 293 3228 81 244 7413 2026 488 305 257 150 107 7369 278 167 7091 126 3147 3038 143 1538 1116 422 115
internal_count=15996 10354 7651 5642 2066 3576 348 293 3228 81 244 7413 2026 488 305 257 150 107 7369 278 167 7091 126 3147 3038 143 1538 1116 422 115
is_linear=0
shrinkage=0.05


Tree=35
num_leaves=31
num_cat=0
split_feature=4 6 9 0 10 13 14 11 8 14 12 11 6 9 10 14 12 6 3 1 3 3 9 10 10 14 14 10 8 11
split_gain=1.78274 0.82609 0.96063 1.16671 1.54318 0.774496 0.79202 1.08168 1.19597 1.26501 1.68371 1.06799 1.36061 1.57493 1.43896 1.02424 0.990065 0.977134 0.971671 0.944518 1.45344 0.918884 1.09209 2.17778 0.947348 0.900284 2.9928 1.92828 1.66256 1.24708
threshold=0.050048493630549085 0.43066486705598789 0.10681466443825417 -0.053820807799011043 0.0015949691897426679 12.230000019073488 0.038985755027524667 -0.011129829158328551 0.0155546301049474 0.15949463237792252 -0.0075921435528307204 0.023193318891049478 0.95438991728841549 -0.11777054306364669 -0.00070342832580722037 -0.011513166785666882 -0.0054605292938276753 2.2149491033721991 -0.00086766680090710746 -0.0075980063661242872 0.00066586470801643937 -0.0011947815167525631 0.14557612930100608 -0.0069332778537110609 -0.00043979453719561462 -0.069744182185856193 -0.054107623009077337 0.011833675502069931 -0.070880748577223193 0.017632958734851271
decision_type=2 2 8 2 2 2 2 2 8 2 2 2 2 10 2 2 2 2 2 2 2 2 8 2 2 2 2 2 10 2
left_child=5 -2 3 -3 -5 -1 11 8 17 -10 18 25 14 -14 15 -13 -9 -8 -11 20 21 22 24 -24 -18 29 27 28 -27 -7
right_child=1 2 -4 4 -6 6 7 16 9 10 -12 12 13 -15 -16 -17 19 -19 -20 -21 -22 -23 23 -25 -26 26 -28 -29 -30 -31
leaf_value=0.00014198443222051291 -0.00010712908186522792 0.00048618338824259861 -0.00018435809693336021 -0.0016642731000749249 -0.00085467673203079022 0.00019144470493654529 0.00016350847877603263 0.00032602991692881557 -1.3618910953486999e-05 -0.00097213391690101228 0.00050347824317844572 -0.0010998246410701721 -0.00055870529761893953 1.0542809900930827e-05 0.00018976642806063483 0.00015504747779321293 0.00020373191450719829 -0.00055462807218064974 -0.00046318615286538461 0.00016973834605640056 0.00032847189651931597 -0.0002221795119086813 -0.00046134726502050573 0.00015689583948831761 -8.5656803385221339e-05 -0.00071264043687158411 1.7101491135389303e-05 0.00025695818370263985 -0.00021048745728737429 -0.00019367337248212501
leaf_weight=210 1124 43 209 51 49 1228 627 371 361 44 45 40 61 174 1289 48 204 40 41 1141 160 123 54 81 63 65 7241 158 538 99
leaf_count=210 1124 43 209 51 49 1228 627 371 361 44 45 40 61 174 1289 48 204 40 41 1141 160 123 54 81 63 65 7241 158 538 99
internal_value=0.000388562 -0.00126694 -0.00338068 -0.00653846 -0.0095 0.000557011 0.000512731 0.0011848 -5.18133e-05 -0.00192464 -0.00615385 0.000306645 0.00149504 -0.00202128 0.00209513 -0.00409091 0.0018366 0.00132684 -0.0102941 0.00135816 -0.000109489 -0.00138095 -0.00022388 -0.00388889 0.00162921 0.000101297 -9.87251e-05 -0.00308147 -0.00436982 0.00130746
internal_weight=15982 1476 352 143 100 14506 14296 3355 1158 491 130 10941 1612 235 1377 88 2197 667 85 1826 685 525 402 135 267 9329 8002 761 603 1327
internal_count=15982 1476 352 143 100 14506 14296 3355 1158 491 130 10941 1612 235 1377 88 2197 667 85 1826 685 525 402 135 267 9329 8002 761 603 1327
is_linear=0
shrinkage=0.05


Tree=36
num_leaves=31
num_cat=0
split_feature=5 6 11 11 13 13 13 14 12 11 10 10 7 14 8 14 14 8 14 14 13 10 15 12 11 15 14 10 8 13
split_gain=1.72176 1.24567 1.05948 0.899162 0.804667 0.911786 1.17865 1.91562 1.27348 1.10071 0.900761 1.26216 1.4113 3.02585 0.967376 1.06774 1.43375 1.57275 0.935155 1.18335 1.43132 1.67379 1.10189 1.10968 1.45413 1.29021 1.57932 2.52289 2.08382 1.31035
threshold=0.026941958498393211 0.79859646038940924 0.023858955233929894 0.023488244118780924 13.84500026702881 13.234999656677248 13.050000190734865 -0.0082882010072965456 0.023812257227728287 0.022371704579513211 -0.0030147683549252009 -0.0024295590031904175 -0.0094690220799042973 0.021941009830483863 -0.042257237086546544 0.013406221047230662 0.020730184888119289 0.058239674958903705 -0.069744182185856193 -0.062752290881895975 16.32499980926514 0.011920444986762148 0.009280589606667668 0.0094949334570126904 -0.013447702851804742 0.0072779064267719526 -0.024970108459849868 0.0014013847331743048 -0.0063331595111325569 20.555000305175785
decision_type=2 2 2 2 2 2 2 2 2 2 2 2 2 2 8 2 2 10 2 2 2 2 2 2 2 2 2 2 10 2
left_child=1 2 3 4 5 6 8 -8 -1 -10 14 12 13 -12 -6 -16 17 -17 -13 20 -20 -22 23 24 -21 26 -26 29 -29 -28
right_child=-2 -3 -4 -5 10 -7 7 -9 9 -11 11 18 -14 -15 15 16 -18 -19 19 22 21 -23 -24 -25 25 -27 27 28 -30 -31
leaf_value=-0.0003488509731848599 -0.00016602884785164464 -5.4772441883080077e-05 0.00013916129178190975 -0.0002668300248637433 0.00025306990546849697 0.00024068159783315662 -0.00056143495884759971 2.0135081110986942e-05 0.00014696749084366835 -0.00029362658408905784 -0.00046191988958475339 0.00015096743118954737 -4.8704256564211696e-05 0.00012671312045045165 0.00034315666739834168 -1.5004195735366153e-05 3.7507024930729646e-05 -0.00033096297368018354 0.00027532940003324751 9.3483771126295792e-05 -0.00083034786168884349 -5.5661321441038237e-05 0.00018554104664606194 2.8070427376883307e-05 9.0221358500193401e-05 -0.00024643443351296188 -0.00019006732494441774 -0.00079305990548966419 -0.00018927761311615332 0.00031326390157070821
leaf_weight=41 2233 2434 1310 43 645 742 74 141 863 47 72 949 208 45 288 72 1668 46 48 368 57 56 604 2189 248 47 187 77 81 64
leaf_count=41 2233 2434 1310 43 645 742 74 141 863 47 72 949 208 45 288 72 1668 46 48 368 57 56 604 2189 248 47 187 77 81 64
internal_value=0.00033141 0.000541053 0.000762412 0.00058676 0.000618012 0.00154088 0.000668954 -0.00267442 0.00142482 0.00181319 0.000398429 1.88681e-05 -0.003 -0.00739316 0.00113829 0.000612343 0.000156775 -0.00516949 0.000216081 -0.000116741 -0.00431677 -0.00738938 5.82149e-05 -0.000305121 -0.00162313 -0.00295455 -0.00238204 -0.00429095 -0.00924051 -0.0011753
internal_weight=15947 13714 11280 9970 9927 1908 1166 215 951 910 8019 5300 325 117 2719 2074 1786 118 4975 4026 161 113 3865 3261 1072 704 657 409 158 251
internal_count=15947 13714 11280 9970 9927 1908 1166 215 951 910 8019 5300 325 117 2719 2074 1786 118 4975 4026 161 113 3865 3261 1072 704 657 409 158 251
is_linear=0
shrinkage=0.05


Tree=37
num_leaves=31
num_cat=0
split_feature=4 11 16 16 3 0 13 14 14 14 3 15 13 16 0 0 15 16 11 16 8 7 8 8 9 11 15 12 1 13
split_gain=1.5005 0.7083 1.76687 1.49639 1.00616 0.994694 0.830032 1.17317 1.91833 2.37946 2.72839 1.79086 1.77388 1.59935 1.53351 1.13449 0.97604 0.920838 1.67771 0.906301 1.32395 1.26204 1.11669 1.50492 0.872938 1.15956 1.7716 1.6733 1.54831 1.04027
threshold=0.048639210424925826 0.023858955233929894 0.038424554197923906 0.044326422492233515 0.00098455715171363888 -0.024313188039242869 14.715000152587892 0.02559063550932739 0.005094684764536229 0.01016731697942619 -0.0011396275599488968 -1.0000000180025095e-35 15.050000190734865 -0.0003659379430691056 0.0067649687873189155 -0.004015134516244633 -0.03509478009445887 0.023368056133458274 0.010209194758885378 -0.0014453353060827621 -0.050611717946109351 0.037966337103357957 0.056590445884268877 0.09216735493657581 0.5802199555195352 0.010672166565218634 -0.0033666814233913596 -0.025840768177680992 -0.045684088552488948 21.409999847412113
decision_type=2 2 2 2 2 2 2 2 2 2 2 2 2 2 2 2 2 2 2 2 10 2 10 10 8 2 2 2 2 2
left_child=1 2 6 -4 -5 -3 17 8 12 10 -10 -12 13 14 -8 -15 -9 -1 -19 21 -21 -11 -22 -24 25 26 27 -14 -29 -28
right_child=-2 5 3 4 -6 -7 7 16 9 19 11 -13 24 15 -16 -17 -18 18 -20 20 22 -23 23 -25 -26 -27 29 28 -30 -31
leaf_value=0.0001027399630290819 -0.00016335850100804763 -0.00018140681139492532 -0.00029162929995027963 6.4100021341023457e-05 -0.00047581091637381029 0.00012849037695241721 -0.0003716985679809238 -0.0010353486784090743 5.7115034414334417e-05 0.00026142100885252301 -0.00047144274611793374 -0.00018838040695754002 0.00022897957455514655 -0.00021576055638631255 -0.0010247716048317271 7.1923617061031472e-05 9.0683319976491306e-05 -0.00081542039177172386 3.7360333328689691e-06 -0.00042536749208035542 3.6032457305818603e-05 -0.00032601514071025847 -0.00031655900244873973 2.4890353158916895e-06 0.000144202827788659 0.00013578465019657238 5.6584437961666715e-05 -0.00084653470982384556 -0.00032753456886672693 -0.00023541883086209328
leaf_weight=2969 1617 62 91 116 77 1628 54 51 87 223 88 87 80 58 40 165 3032 47 370 51 215 53 43 65 1127 1035 1700 44 216 427
leaf_count=2969 1617 62 91 116 77 1628 54 51 87 223 88 87 80 58 40 165 3032 47 370 51 215 53 43 65 1127 1035 1700 44 216 427
internal_value=0.000413997 0.000577233 0.000448418 -0.0034507 -0.000958549 0.00153846 0.00053825 0.000285762 -0.000129737 -0.00223684 -0.00625954 -0.00985714 0.000258795 -0.00335962 -0.00882979 -0.00105381 0.00107525 0.00120496 -0.000995204 -0.000615384 -0.00221925 0.00155797 -0.00103715 -0.00518518 0.000506589 0.000117076 -0.000472233 -0.00382353 -0.00576923 6.34699e-05
internal_weight=15918 14301 12611 284 193 1690 12327 8941 5858 912 262 175 4946 317 94 223 3083 3386 417 650 374 276 323 108 4629 3502 2467 340 260 2127
internal_count=15918 14301 12611 284 193 1690 12327 8941 5858 912 262 175 4946 317 94 223 3083 3386 417 650 374 276 323 108 4629 3502 2467 340 260 2127
is_linear=0
shrinkage=0.05


Tree=38
num_leaves=31
num_cat=0
split_feature=4 6 12 14 11 11 6 14 14 14 12 10 13 13 15 15 13 6 13 15 1 11 9 7 10 6 3 13 10 2
split_gain=1.74134 0.850244 0.834635 0.896108 0.815981 0.780566 1.02119 0.788045 0.956415 1.42951 2.09491 1.32445 1.09589 2.06086 1.54276 2.8146 1.61299 1.30621 0.932826 1.00351 1.06818 0.991412 0.901235 1.66172 0.94215 0.838771 0.83457 0.925657 0.844969 0.730976
threshold=0.029114485190386053 -0.6434341194028188 -0.0800835440536906 0.24994374642796716 0.037714619913018062 0.023488244118780924 -0.3509314643060189 0.038985755027524667 -0.068623004427642229 -0.056340529311790281 -0.027412641456853678 0.0082831266767603457 14.119999885559084 19.115000724792484 -0.0040919999772637263 -0.0072078457790281649 17.494999885559086 -1.0194409147842742 24.19999980926514 0.012604435291249107 0.047750176203057777 -0.0045068390263329752 0.10038370520232055 0.084750190230087355 0.0043390634008905202 0.46293214343363759 -0.0022471877037997796 15.875000000000002 0.0012830782027211109 0.16768801945727421
decision_type=2 2 2 2 2 2 2 2 2 2 2 2 2 2 2 2 2 2 2 2 2 2 10 2 2 2 2 2 2 2
left_child=1 -1 -2 5 -3 7 -7 8 18 10 -10 -12 25 14 15 -14 -17 -15 19 -4 -21 -20 23 24 26 -11 28 -28 -16 -9
right_child=2 4 3 -5 -6 6 -8 29 9 12 11 -13 13 17 22 16 -18 -19 21 20 -22 -23 -24 -25 -26 -27 27 -29 -30 -31
leaf_value=0.00010532764546791211 0.00037897409092412459 1.9590406516006177e-05 0.00033744322320962888 -0.0012287321221952135 0.00018099044064318092 0.0001530849505821938 -4.2567624841303313e-05 6.9772645984819221e-05 -0.0024839488251552182 7.8849756699059359e-05 -0.00039992642684018911 0.00043875017755879738 -0.00012275248062379167 -0.00037984073923118191 8.759973721689441e-05 -0.00051825180584412175 -0.0013169131558335278 0.00014687609667125886 -0.00078256929475941706 4.6446512788346963e-05 -0.00066412439358493882 9.8361746421616819e-05 -1.9210565028523797e-05 -0.0010270863875073628 0.00012555523753831241 -0.00038194650279215901 1.2875321404331864e-05 -0.00044124284601353652 -0.00064456635670967542 -0.00045444685610791292
leaf_weight=2737 133 7751 355 49 222 351 405 925 41 491 90 55 144 57 113 76 45 485 57 144 40 54 396 67 151 116 40 181 48 164
leaf_count=2737 133 7751 355 49 222 351 405 925 41 491 90 55 144 57 113 76 45 485 57 144 40 54 396 67 151 116 40 181 48 164
internal_value=0.000329413 0.000695612 -0.000414375 -0.000515564 0.000434592 -0.000450795 0.00103175 -0.000709342 -0.00109981 -0.00152928 -0.00575269 -0.00293103 -0.00120332 -0.00182196 -0.00293021 -0.00632075 -0.0119421 0.000756458 0.000615385 0.00147495 -0.00152174 -0.00355856 -0.00202811 -0.00325 -0.00231707 0.000634267 -0.00363874 -0.00563348 -0.000900621 0.000454546
internal_weight=15983 10710 5273 5140 7973 5091 756 4335 3246 2596 186 145 2410 1803 1261 265 121 542 650 539 184 111 996 600 533 607 382 221 161 1089
internal_count=15983 10710 5273 5140 7973 5091 756 4335 3246 2596 186 145 2410 1803 1261 265 121 542 650 539 184 111 996 600 533 607 382 221 161 1089
is_linear=0
shrinkage=0.05


Tree=39
num_leaves=31
num_cat=0
split_feature=4 0 4 3 2 11 14 12 5 10 14 11 9 13 11 12 0 3 9 9 12 5 0 5 14 12 12 14 14 10
split_gain=1.9294 0.903133 0.882156 0.877639 0.80881 0.791563 0.693427 0.676878 0.816508 0.765229 1.2666 0.794876 0.701185 0.697792 0.68685 0.618293 1.16171 0.67599 0.614667 0.722303 0.639013 0.612895 0.63787 0.680851 0.572792 0.565744 2.38814 0.591291 1.30129 1.53094
threshold=0.045642809600125608 0.06960645881270501 0.012784134772236605 -0.028908701875410166 0.11197119574031879 0.037714619913018062 0.0071322940265206034 -0.0800835440536906 0.055203201078852064 0.005826349167175727 -0.049735428455543622 -0.015679772659318188 -0.22717016860510816 18.260000228881839 -0.021243807178240256 0.029017009255539076 -0.0032219150807621384 0.010994053410105177 -0.039548795983008582 0.21346240277047626 0.013329890655183642 0.041808716671524318 0.012645549373801581 0.034083152727170794 -0.066405515647089006 -0.067575688865902969 -0.062212447341067838 -0.083456210331023115 -0.054107623009077337 0.0076450481048171435
decision_type=2 2 2 2 2 2 2 2 2 2 2 2 8 2 2 2 2 2 8 8 2 2 2 2 2 2 2 2 2 2
left_child=1 2 -1 6 -3 25 -2 -5 9 10 24 -11 -12 -10 -14 16 18 -18 -16 -20 -21 22 -17 -24 -9 -4 -27 -28 29 -29
right_child=3 4 5 7 -6 -7 -8 8 13 11 12 -13 14 -15 15 21 17 -19 19 20 -22 -23 23 -25 -26 26 27 28 -30 -31
leaf_value=0.00029808187753408843 -0.001048429877028183 -0.00076882324723455138 0.00012891834256430608 0.0011931240469946487 0.00010281728332102764 0.00015538818850215761 -0.00023062469502222154 -0.00037878122763160022 -7.8825188927553755e-05 -0.00091209838644630288 0.00039793517457313208 0.00021617603397520199 0.00021701523192921995 -0.0016540701507150467 -0.00098864283188065775 6.7792850392816431e-05 0.0001760925898755259 -0.00084206822294698776 0.00081430630527758261 -0.00056098963433807547 -0.00065949368636758715 0.0003913451589368792 -0.00012704858282965652 -0.00085936828486371313 -0.0022491703403591406 -0.00079484393382565043 0.00017507529311564426 -0.00018466000947154433 3.824241124810634e-05 6.9410853420000943e-05
leaf_weight=192 42 41 252 48 42 514 74 48 43 43 101 407 123 52 45 197 197 72 44 101 79 64 47 47 43 63 897 587 10841 619
leaf_count=192 42 41 252 48 42 514 74 48 43 43 101 407 123 52 45 197 197 72 44 101 79 64 47 47 43 63 897 587 10841 619
internal_value=0.000358597 0.000561646 0.000592553 -0.00112937 -0.00463855 0.000545633 -0.00534483 -0.000857857 -0.00101825 -0.000759952 -0.00141556 0.001 -0.000953447 -0.00552632 -0.00134842 -0.00183091 -0.00289963 -0.000576208 -0.00522305 -0.00415179 -0.00555556 -0.000211267 -0.00118557 -0.00457447 -0.00708791 0.000471001 0.00042554 0.000472806 0.000380593 -0.00117745
internal_weight=15965 14048 13965 1917 83 13773 116 1801 1753 1658 1208 450 1117 95 1016 893 538 269 269 224 180 355 291 94 91 13259 13007 12944 12047 1206
internal_count=15965 14048 13965 1917 83 13773 116 1801 1753 1658 1208 450 1117 95 1016 893 538 269 269 224 180 355 291 94 91 13259 13007 12944 12047 1206
is_linear=0
shrinkage=0.05


end of trees

feature_importances:
spy_ret_5d=124
vix_level=105
sector_ret_5d=101
vix_chg_1d=100
spy_ret_1d=90
dvol_z_20=86
spy_ret_20d=79
sector_ret_1d=74
parkinson_20=68
dist_ma50=67
atr_pct=63
overnight_gap=50
dist_ma200=50
ret_1d=42
ret_20d=37
ret_5d=36
dist_ma20=28

parameters:
[boosting: gbdt]
[objective: quantile]
[metric: quantile]
[tree_learner: serial]
[device_type: cpu]
[data_sample_strategy: bagging]
[data: ]
[valid: ]
[num_iterations: 120]
[learning_rate: 0.05]
[num_leaves: 31]
[num_threads: -1]
[seed: 0]
[deterministic: 0]
[force_col_wise: 1]
[force_row_wise: 0]
[histogram_pool_size: -1]
[max_depth: -1]
[min_data_in_leaf: 40]
[min_sum_hessian_in_leaf: 0.001]
[bagging_fraction: 0.85]
[pos_bagging_fraction: 1]
[neg_bagging_fraction: 1]
[bagging_freq: 1]
[bagging_seed: 3]
[bagging_by_query: 0]
[feature_fraction: 0.85]
[feature_fraction_bynode: 1]
[feature_fraction_seed: 2]
[extra_trees: 0]
[extra_seed: 6]
[early_stopping_round: 0]
[early_stopping_min_delta: 0]
[first_metric_only: 0]
[max_delta_step: 0]
[lambda_l1: 0]
[lambda_l2: 0]
[linear_lambda: 0]
[min_gain_to_split: 0]
[drop_rate: 0.1]
[max_drop: 50]
[skip_drop: 0.5]
[xgboost_dart_mode: 0]
[uniform_drop: 0]
[drop_seed: 4]
[top_rate: 0.2]
[other_rate: 0.1]
[min_data_per_group: 100]
[max_cat_threshold: 32]
[cat_l2: 10]
[cat_smooth: 10]
[max_cat_to_onehot: 4]
[top_k: 20]
[monotone_constraints: ]
[monotone_constraints_method: basic]
[monotone_penalty: 0]
[feature_contri: ]
[forcedsplits_filename: ]
[refit_decay_rate: 0.9]
[cegb_tradeoff: 1]
[cegb_penalty_split: 0]
[cegb_penalty_feature_lazy: ]
[cegb_penalty_feature_coupled: ]
[path_smooth: 0]
[interaction_constraints: ]
[verbosity: -1]
[saved_feature_importance_type: 0]
[use_quantized_grad: 0]
[num_grad_quant_bins: 4]
[quant_train_renew_leaf: 0]
[stochastic_rounding: 1]
[linear_tree: 0]
[max_bin: 255]
[max_bin_by_feature: ]
[min_data_in_bin: 3]
[bin_construct_sample_cnt: 200000]
[data_random_seed: 1]
[is_enable_sparse: 1]
[enable_bundle: 1]
[use_missing: 1]
[zero_as_missing: 0]
[feature_pre_filter: 1]
[pre_partition: 0]
[two_round: 0]
[header: 0]
[label_column: ]
[weight_column: ]
[group_column: ]
[ignore_column: ]
[categorical_feature: ]
[forcedbins_filename: ]
[precise_float_parser: 0]
[parser_config_file: ]
[objective_seed: 5]
[num_class: 1]
[is_unbalance: 0]
[scale_pos_weight: 1]
[sigmoid: 1]
[boost_from_average: 1]
[reg_sqrt: 0]
[alpha: 0.1]
[fair_c: 1]
[poisson_max_delta_step: 0.7]
[tweedie_variance_power: 1.5]
[lambdarank_truncation_level: 30]
[lambdarank_norm: 1]
[label_gain: ]
[lambdarank_position_bias_regularization: 0]
[eval_at: ]
[multi_error_top_k: 1]
[auc_mu_weights: ]
[num_machines: 1]
[local_listen_port: 12400]
[time_out: 120]
[machine_list_filename: ]
[machines: ]
[gpu_platform_id: -1]
[gpu_device_id: -1]
[gpu_device_id_list: ]
[gpu_use_dp: 0]
[num_gpu: 1]

end of parameters

pandas_categorical:[]
