tree
version=v4
num_class=1
num_tree_per_iteration=1
label_index=0
max_feature_idx=16
objective=quantile
feature_names=ret_1d ret_5d ret_20d overnight_gap atr_pct parkinson_20 dvol_z_20 dist_ma20 dist_ma50 dist_ma200 spy_ret_1d spy_ret_5d spy_ret_20d vix_level vix_chg_1d sector_ret_1d sector_ret_5d
feature_infos=[-0.38605232176990201:0.70247658502878108] [-0.42533683607728379:1.1834002575686728] [-0.55919169116950818:2.0411208546920987] [-0.35876827560830882:0.81091037918768527] [0.0059589066915295618:0.17305828509271273] [0.0046903255509245399:0.080953951705560689] [-2.7763752638698351:4.3368922439295909] [-0.38205369295007252:0.9147549036178908] [-0.45974887559006605:1.2955511739187724] [-0.56085572099420156:2.4622052712840596] [-0.058542971330535654:0.10501930183911301] [-0.11496151859245618:0.082843162776128354] [-0.1226559005192206:0.15756591020035837] [11.859999656677246:52.330001831054688] [-0.35753873962348437:0.74039073966007019] [-0.057278671698730466:0.088354822396671695] [-0.10755366959955526:0.081588045068032633]
tree_sizes=2895 2995 3004 3016 2999 3035 3000 3021 3006 2994 3033 3013 3018 3018 3014 2998 3006 3008 3023 3034 3017 3000 3019 3010 3021 2996 2984 3013 3018 2966 2961 3000 3014 3004 3015 2994 3016 3024 3010 2992 3008 3019 3001 2982 3022 3026 3041 3009 3016

Tree=0
num_leaves=31
num_cat=0
split_feature=4 4 4 12 6 10 15 13 16 14 4 8 15 9 5 16 3 16 15 12 10 15 5 9 10 16 15 10 5 1
split_gain=140.562 25.6698 19.9844 10.6529 9.22379 9.13665 9.13343 6.89031 6.40652 6.15644 5.9725 5.57932 5.44855 5.32791 5.18543 5.01948 5.13868 4.98944 4.81339 4.64022 4.17661 3.97995 3.90468 3.79046 3.80814 3.72243 3.68456 3.59621 3.58356 3.5771
threshold=0.025895987239763326 0.036749001755008802 0.016805538837500057 -0.0800835440536906 0.66654954366669983 -0.003973475396451486 0.027220040089441126 19.625000000000004 0.052240914232125964 -0.037778052319122728 0.021723283146014124 0.14858223012032981 -0.0089172974486602646 -0.23796247424009057 0.032116106399379445 -0.01319948532736581 0.006095927067147012 -0.03222493202724213 0.0056996612042780068 0.033663047368439288 0.0033989606523996412 -0.021111454934590487 0.0086009198609716397 -0.13354321840631342 -0.0017418859842210919 0.036376760503274437 0.0010328100677813314 0.010083294918881049 0.011097160080462369 -0.053981520718593239
decision_type=2 2 2 2 2 2 2 2 2 2 2 8 2 10 2 2 2 2 2 2 2 2 2 10 2 2 2 2 2 2
left_child=2 4 7 -3 17 11 8 -1 14 13 23 12 -4 18 -5 -14 -17 20 26 -15 21 -2 -9 -11 -25 -6 -7 29 -20 -12
right_child=1 3 5 6 25 9 -8 22 -10 10 27 -13 15 19 -16 16 -18 -19 28 -21 -22 -23 -24 24 -26 -27 -28 -29 -30 -31
leaf_value=0.010362018831074238 0.010472151695284992 0.012196165649220348 0.010641981172375381 0.01084364396519959 0.010825424222275615 0.010578372748568654 0.0097465456463396542 0.010344408801756799 0.010233952733688056 0.010367992846295238 0.010755679430440068 0.010412988322786986 0.010670423042029142 0.010539681348018349 0.011194125562906266 0.010438961186446249 0.010701983375474811 0.010583922127261758 0.010382491175550967 0.010427683661691844 0.010470363963395356 0.011032334109768272 0.010674644308164716 0.010541322454810143 0.010427622299175709 0.010417984169907867 0.010878387419506908 0.010362356412224471 0.010624305857345463 0.010503276344388723
leaf_weight=1455 42 95 746 2071 725 59 40 42 76 476 54 92 162 1006 1340 610 71 2964 42 355 58 125 129 361 1430 75 93 72 251 1474
leaf_count=1455 42 95 746 2071 725 59 40 42 76 476 54 92 162 1006 1340 610 71 2964 42 355 58 125 129 361 1430 75 93 72 251 1474
internal_value=0.0104763 0.0154753 0.00623937 0.0185226 0.0127083 0.00734848 0.0180776 0.00122312 0.0183501 0.00638913 0.00526348 0.0105861 0.0112792 0.00879934 0.01867 0.00852495 0.00664317 0.0115041 0.0135487 0.00724646 0.0186823 0.022697 0.0107174 0.00361268 0.00466669 0.0175087 0.0207686 0.00760247 0.0098033 0.00811703
internal_weight=16591 7611 8980 3622 3989 7354 3527 1626 3487 5673 3867 1681 1589 1806 3411 843 681 3189 445 1361 225 167 171 2267 1791 800 152 1600 293 1528
internal_count=16591 7611 8980 3622 3989 7354 3527 1626 3487 5673 3867 1681 1589 1806 3411 843 681 3189 445 1361 225 167 171 2267 1791 800 152 1600 293 1528
is_linear=0
shrinkage=1


Tree=1
num_leaves=31
num_cat=0
split_feature=4 4 4 12 11 16 11 5 16 11 5 5 13 16 11 13 10 13 13 5 5 10 8 8 0 11 10 4 10 11
split_gain=127.33 26.543 19.069 10.8985 10.5683 9.35194 6.87478 6.38546 5.91916 4.9289 5.09665 4.83969 4.64966 4.64061 4.04097 4.49147 6.55928 4.00618 3.95614 4.03254 3.93844 3.81243 4.08128 3.51432 3.83547 3.44186 3.42004 3.37428 3.30316 4.99524
threshold=0.025895987239763326 0.038698615678104377 0.019895219675460377 -0.0800835440536906 -0.0076796209830086162 -0.0065048286239421929 -0.0076796209830086162 0.0086009198609716397 0.052240914232125964 0.02573480883905466 0.01058014331054364 0.020588075607766269 30.345000267028812 0.060479508024819724 0.053184266574264123 28.970000267028812 -0.013327781970057238 19.295000076293949 26.494999885559086 0.03020946244028792 0.01661563709758861 -0.017312000709356064 -0.10840317085444799 0.060841771266834772 0.011155806940726822 0.029571955445533264 0.0079905561282167543 0.02789047245029105 0.0028153334889018393 -0.012158378577427352
decision_type=2 2 2 2 2 2 2 2 2 2 2 2 2 2 2 2 2 2 2 2 2 2 8 8 2 2 2 2 2 2
left_child=2 5 4 -3 -1 12 23 -6 11 17 -11 -5 21 20 15 18 -17 -9 19 -13 27 -2 -23 28 -25 -12 -22 -7 -4 -30
right_child=1 3 6 8 7 13 -8 9 -10 10 25 14 -14 -15 -16 16 -18 -19 -20 -21 26 22 -24 24 -26 -27 -28 -29 29 -31
leaf_value=-3.2250314252451045e-05 -0.00028769378579454494 0.0016701602772809566 0.00010503382130991669 -0.00028390796156600121 -0.00029465155676007272 1.363650197163226e-05 -7.2309105889871702e-05 -0.00016606097051408142 -0.00044676108285784721 0.00017974147631321104 2.6686021592467989e-05 0.00025057270890101787 0.0007729042018763721 -0.0002088873810134828 0.00071443263208493591 0.00059616070124320682 -0.00080315107246860858 -1.6225411090999876e-05 0.00099195480346679697 0.00052377615123987197 3.0303986277431268e-05 0.00049121553311124442 0.00014606193406507375 -7.2596101672388642e-05 0.00023248690180480478 -0.00019828123447950932 0.00023888978874310853 -0.00015527733368799089 -0.00010625667287968103 0.00019990763743408022
leaf_weight=809 76 93 620 47 210 480 3593 2745 63 111 71 1270 64 43 41 52 46 190 75 1541 1759 102 1126 216 63 112 421 325 137 70
leaf_count=809 76 93 620 47 210 480 3593 2745 63 111 71 1270 64 43 41 52 46 190 75 1541 1759 102 1126 216 63 112 421 325 137 70
internal_value=-5.88377e-05 0.00468914 -0.00410473 0.00813197 -0.00653249 0.00216106 -0.00190998 -0.00774208 0.00763158 -0.00719263 -0.00102041 0.00794271 0.00559211 0.000610964 0.00819008 0.00797587 -0.00255102 -0.0078109 0.00833333 0.00803095 0.000845896 0.00494632 0.00561889 0.00153707 -0.00331541 -0.00614754 0.00194954 -0.00214286 0.00317412 -0.00229469
internal_weight=16571 7624 8947 3228 4248 4396 4699 3439 3135 3229 294 3072 1368 3028 3025 2984 98 2935 2886 2811 2985 1304 1228 1106 279 183 2180 805 827 207
internal_count=16571 7624 8947 3228 4248 4396 4699 3439 3135 3229 294 3072 1368 3028 3025 2984 98 2935 2886 2811 2985 1304 1228 1106 279 183 2180 805 827 207
is_linear=0
shrinkage=0.05


Tree=2
num_leaves=31
num_cat=0
split_feature=4 4 4 16 12 6 5 11 11 5 6 8 8 9 11 11 3 9 16 9 0 13 8 5 11 8 6 11 11 3
split_gain=118.901 22.1079 19.8581 10.1526 9.89232 9.82259 7.3174 6.12268 5.86672 5.85076 5.42653 4.05644 3.94685 3.7981 3.61598 3.54266 3.30529 3.27299 3.23863 3.14547 3.5357 3.10094 3.78743 3.02592 2.97619 2.93597 2.87682 3.22502 2.85302 3.12245
threshold=0.025895987239763326 0.038698615678104377 0.019735242106277539 -0.012266128934764973 -0.0800835440536906 1.4103846234746429 0.0086009198609716397 -0.0076796209830086162 0.00053831818388905283 0.020399205186967338 1.6073973254198495 -0.11979231101278447 -0.03985716297854807 0.069030590953089069 0.0010676984150611581 0.0035059532242039952 0.013316990711881751 0.092860339057080146 -0.0026795760729007574 0.44918303030301826 -0.022009037235170888 18.035000801086429 -0.090348063461400327 0.032116106399379445 0.0023967132721236521 0.14858223012032981 0.44365514198435924 -0.035697741943328191 -0.011576467999656779 0.0023473693652037446
decision_type=2 2 2 2 2 2 2 2 2 2 2 8 10 10 2 2 2 8 2 10 2 2 8 2 2 8 2 2 2 2
left_child=2 3 5 11 -3 6 -1 17 25 -6 12 -2 21 15 -7 24 19 -8 -19 20 -11 -5 -23 -22 -10 -4 27 -13 29 -14
right_child=1 4 8 10 9 14 7 -9 13 16 -12 26 28 -15 -16 -17 -18 18 -20 -21 23 22 -24 -25 -26 -27 -28 -29 -30 -31
leaf_value=-0.0002754184440709651 0.00055289755517151206 0.001612254693522118 2.1998021795297973e-05 -5.3104913095011927e-06 -0.00034825140365865094 0.00011235631231102163 3.4094489470589896e-05 -0.00015314498174120677 -3.1091178010683557e-05 0.00041683646105229857 0.0002527975019766018 0.00040522831986891108 -0.0002975713767809793 -0.00010579084401251752 -0.00010552031817496755 -2.5343129294924489e-05 0.0005472113653086126 -5.5062890227418341e-05 -0.00026045206969138238 0.00058532522770110508 0.0001412371663609519 9.3729925691150167e-05 -0.00018718865327537059 0.00052875349484384057 -0.00023872814088827003 -0.00015418756446160844 0.00034248262841720138 6.9673002813942786e-05 4.6556136454455577e-05 0.00021218673640396448
leaf_weight=232 75 91 1756 559 41 190 268 2835 105 647 299 82 57 1354 239 1430 486 301 64 359 1012 76 298 603 105 102 245 663 2004 40
leaf_count=232 75 91 1756 559 41 190 268 2835 105 647 299 82 57 1354 239 1430 486 301 64 359 1012 76 298 603 105 102 245 663 2004 40
internal_value=-7.22109e-05 0.00451421 -0.00397227 0.00220555 0.00764897 -0.00652095 -0.00735135 -0.00677624 -0.00180338 0.00717916 0.000847585 0.0064554 0.000214239 -0.00317301 0.000641026 -0.00155488 0.00742678 -0.00233017 -0.00541096 0.00672453 0.00603448 -0.00249196 -0.00601604 0.00478328 -0.00761905 0.00040366 0.00560606 0.0040604 0.00141599 -0.00695876
internal_weight=16618 7637 8981 4398 3239 4129 3700 3468 4852 3148 3333 1065 3034 2994 429 1640 3107 633 365 2621 2262 933 374 1615 210 1858 990 745 2101 97
internal_count=16618 7637 8981 4398 3239 4129 3700 3468 4852 3148 3333 1065 3034 2994 429 1640 3107 633 365 2621 2262 933 374 1615 210 1858 990 745 2101 97
is_linear=0
shrinkage=0.05


Tree=3
num_leaves=31
num_cat=0
split_feature=3 0 11 0 14 12 8 10 12 11 13 3 11 3 13 11 11 14 9 11 10 1 13 8 12 11 13 0 16 6
split_gain=30.7638 29.4084 22.6801 13.3448 9.59328 8.64359 8.26445 7.84293 7.40384 7.27851 6.77602 8.07364 8.60608 6.60676 6.54119 6.21817 5.24593 5.05508 4.86389 5.24616 8.93682 5.18399 4.44576 4.38589 4.38303 4.30334 4.1805 5.11039 4.34862 4.13961
threshold=0.013792277949484235 -0.019056822074350773 -0.0071962553700703471 0.027987178935160121 -0.067583665573298909 -0.050232690438178178 0.11533674765838965 0.010824112764753148 -0.075828258528587975 0.03932291360928742 21.664999961853031 0.0029233435652337163 0.028626427066600128 -0.0042384244410119112 19.105000495910648 0.051074156434965386 0.030456438390909838 0.02729978908146902 0.2322357392889827 -0.025492153007652226 0.0041080829558171059 -0.038697116017385284 24.855000495910648 0.017380612259983667 0.032681400814823743 0.0057915448439024306 22.330000877380375 0.0064312237489002619 -0.017165880606854918 1.6073973254198495
decision_type=2 2 2 2 2 2 10 2 2 2 2 2 2 2 2 2 2 2 10 2 2 2 2 10 2 2 2 2 2 2
left_child=1 8 5 4 7 22 10 14 -1 -9 11 12 13 25 23 -12 -14 -13 19 20 -7 -21 -3 -4 -19 29 27 -23 -28 -6
right_child=-2 2 3 -5 6 18 -8 9 -10 -11 15 17 16 -15 -16 -17 -18 24 -20 21 -22 26 -24 -25 -26 -27 28 -29 -30 -31
leaf_value=0.00098057109586079604 0.00032268634968932023 0.0001034836991049815 0.00024427772919007111 0.00017230735974735573 -3.9078919146413699e-05 -1.8880118732335362e-07 2.5608028360875337e-05 -0.00015077920719450052 0.00015696076256281231 0.00059845111608156012 0.00020804538040101756 -8.3304225512983966e-05 0.00027852824451183548 -0.00015584559732087657 -0.00011999063186740388 -0.00022415445286314936 -4.9409923882922206e-05 2.5876640243222917e-05 0.00019188022801536138 0.00025188324616647148 -0.00050827321585638859 -1.1363411341881216e-05 0.00058118722962099132 5.8376039948780054e-05 0.00021578726459410975 -0.00017787818381912075 8.3954414449544795e-05 0.00014341294053374435 -0.00023233099194476379 0.00039612210083869286
leaf_weight=71 1051 129 299 623 590 331 957 314 1970 46 261 1726 82 3595 120 55 450 250 317 356 118 935 189 242 73 679 79 433 165 41
leaf_count=71 1051 129 299 623 590 331 957 314 1970 46 261 1726 82 3595 120 55 450 250 317 356 118 935 189 242 73 679 79 433 165 41
internal_value=-0.000119357 -0.000680821 -0.00152917 -0.00264107 -0.00309305 0.00226081 -0.0036277 0.00149363 0.00491181 -0.00444444 -0.0041656 -0.00446834 -0.00547637 -0.0061315 0.00472769 0.00300633 0.00056391 -0.00179356 0.00135333 0.000589574 -0.00428731 0.00170224 0.0100629 0.00707024 0.00394737 -0.0030916 0.000496278 0.00157164 -0.00553279 -0.000118859
internal_weight=16547 15496 13455 10403 9780 3052 8759 1021 2041 360 7802 7486 5437 4905 661 316 532 2049 2734 2417 449 1968 318 541 323 1310 1612 1368 244 631
internal_count=16547 15496 13455 10403 9780 3052 8759 1021 2041 360 7802 7486 5437 4905 661 316 532 2049 2734 2417 449 1968 318 541 323 1310 1612 1368 244 631
is_linear=0
shrinkage=0.05


Tree=4
num_leaves=31
num_cat=0
split_feature=4 4 16 5 6 16 16 6 5 14 14 13 15 16 16 14 16 5 8 6 16 6 8 8 0 3 15 13 9 13
split_gain=102.581 31.1505 12.1853 11.32 8.24237 6.59869 6.55936 5.58535 5.55858 4.78466 4.7613 4.59977 7.21137 4.36915 4.34708 4.19742 4.18477 3.93857 4.05429 3.85006 3.79525 3.73683 3.42431 3.8283 3.40402 3.22066 3.06057 3.38915 2.93995 4.92654
threshold=0.031548529324152912 0.019735242106277539 -0.03222493202724213 0.030500612573320613 1.0473473659401267 0.060479508024819724 -0.0065048286239421929 0.98379680073897824 0.0086009198609716397 -0.069744182185856193 0.02729978908146902 30.345000267028812 -0.021111454934590487 0.032424568201933741 -0.004957006509009986 -0.034191014747727892 -0.0074188103627663695 0.012619518216123832 0.16887067105743983 2.4174638802405179 0.014448449461234582 0.12788992539783114 0.11303545888294488 0.090432991405746135 -0.011360673788320284 -0.013242964102092856 0.0089382547658759543 19.72500038146973 -0.11168453332422294 23.529999732971195
decision_type=2 2 2 2 2 2 2 2 2 2 2 2 2 2 2 2 2 2 8 2 2 2 10 8 2 2 2 2 10 2
left_child=1 4 11 5 8 7 10 9 -1 20 17 12 -2 22 -8 -14 -12 -3 21 28 -4 -19 23 25 -15 -11 27 -6 29 -16
right_child=2 6 3 -5 26 -7 14 -9 -10 13 16 -13 15 24 19 -17 -18 18 -20 -21 -22 -23 -24 -25 -26 -27 -28 -29 -30 -31
leaf_value=-0.0002661621459559683 -0.00018517589227740251 -8.9442771478989025e-05 0.0001494408521139668 0.00050445046001343136 -9.7133080418898313e-05 -0.00035714405002981942 -0.00021929839224860191 0.00043065935540034838 -0.00012755017896040957 0.00044925219481789101 9.5948667693937774e-05 0.0012357645629020408 0.00013954186128081349 0.00029036150463049125 -5.1332187700609689e-06 0.00077118177752898186 0.00043972906778253672 -1.4476775264629432e-05 -0.00016393775571445072 0.00011265639259618183 0.00047200741979300801 0.00016287847281370879 0.00020834343654918476 -0.00012767611432178456 -0.00022289585725582587 8.3135345904593064e-05 0.00014421442350210785 0.00026696746865454774 -5.9210833061078966e-05 0.00045737602991393955
leaf_weight=208 45 202 157 1592 375 41 137 423 3345 126 810 110 78 68 1396 158 59 638 110 291 144 340 330 174 174 1266 122 63 3475 43
leaf_count=208 45 202 157 1592 375 41 137 423 3345 126 810 110 78 68 1396 158 59 638 110 291 144 340 330 174 174 1266 122 63 3475 43
internal_value=-3.0303e-05 -0.00258739 0.00604789 0.00531146 -0.00608437 0.00345332 -0.000669911 0.00373864 -0.00697298 0.00281878 0.00165586 0.0145141 0.011121 0.00198784 -0.00160988 0.0146186 0.00451669 -0.000271318 0.000919118 -0.00137848 0.00872093 0.00194274 0.00279536 0.00181992 -0.00433884 0.00269397 -0.000446429 -0.00239726 -0.0017094 0.000191105
internal_weight=16500 11614 4886 4495 4113 2903 7501 2862 3553 2439 2159 391 281 2138 5342 236 869 1290 1088 5205 301 978 1896 1566 242 1392 560 438 4914 1439
internal_count=16500 11614 4886 4495 4113 2903 7501 2862 3553 2439 2159 391 281 2138 5342 236 869 1290 1088 5205 301 978 1896 1566 242 1392 560 438 4914 1439
is_linear=0
shrinkage=0.05


Tree=5
num_leaves=31
num_cat=0
split_feature=4 5 12 4 6 11 6 9 12 5 15 15 16 11 11 12 15 11 12 12 6 3 0 9 7 11 0 3 0 11
split_gain=95.6288 21.0971 12.9189 12.4322 7.52034 7.50217 5.15339 4.25186 4.1832 4.1026 3.75642 3.64083 3.86671 4.83925 3.57756 3.57247 3.49979 3.97304 3.30378 3.29597 3.25584 3.15276 3.0408 3.03854 3.02358 3.00567 2.96495 2.9327 3.47244 2.83355
threshold=0.025895987239763326 0.030500612573320613 -0.0800835440536906 0.016805538837500057 0.41019899057698067 -0.002084976205571742 1.0473473659401267 -0.011082598508747597 -0.071455509470426767 0.0086009198609716397 0.018939302130241645 -0.014073883796283769 -0.004957006509009986 0.0039565944761287284 -0.00737805067741537 0.086474140948455194 -0.0090699931093504143 -0.0029950214501407442 0.04851916087108233 -0.0067438381246153192 -0.85886939454746114 0.00037729595150148848 0.0034071462795240985 -0.093930693422021469 0.021887162239792039 0.028626427066600128 -0.0090883118632961151 0.013316990711881751 -0.021023442683126444 -0.00089102976467808615
decision_type=2 2 2 2 2 2 2 10 2 2 2 2 2 2 2 2 2 2 2 2 2 2 2 10 2 2 2 2 2 2
left_child=3 2 -2 9 10 7 11 -5 -3 -1 15 -7 13 -13 22 27 19 -18 25 -9 -14 -10 -11 -17 -8 -16 -22 28 -4 -30
right_child=1 8 4 5 -6 6 24 16 21 14 -12 12 20 -15 18 23 17 -19 -20 -21 26 -23 -24 -25 -26 -27 -28 -29 29 -31
leaf_value=-0.00023433557401838701 0.00068696687935638806 0.0019210176588105353 0.00019568456495301507 -6.1654397268885204e-05 0.00021854996463880461 8.4541167446879105e-05 8.2742770859058418e-05 3.8046303118529932e-05 0.00037312205906291085 -0.00012515983945843431 -0.00011587144309820356 -8.8976307535987897e-05 -0.00015442633778107122 -0.00021345885509418258 -0.00013767347302546658 -0.00030388368162627378 -1.8904800700625914e-05 0.0001827266724037835 -0.00028264319155624072 0.00027132876982151392 -0.00011403786044644769 0.00053563957256819227 0.00019369145489260892 -2.025749193329098e-05 -7.6423697511159884e-05 0.00015986653487237522 -6.4669410076723596e-05 0.00021460587786235202 8.6851311570168007e-05 -6.6832486656185149e-06
leaf_weight=263 118 67 539 1104 1466 102 359 159 817 150 133 181 699 278 937 44 917 93 141 154 453 800 83 106 322 43 2514 244 1258 2053
leaf_count=263 118 67 539 1104 1466 102 359 159 817 150 133 181 699 278 937 44 917 93 141 154 453 800 83 106 322 43 2514 244 1258 2053
internal_value=-2.25944e-05 0.00408437 0.00268831 -0.00352994 0.00235752 -0.00265508 -0.00377954 -0.000381129 0.00902613 -0.00749845 0.0013194 -0.00442986 -0.00466061 -0.00898693 -0.00638848 0.0015787 0.00153061 9.90099e-05 -0.00756021 0.00615016 -0.00411893 0.00851886 -0.000751073 -0.006 0.000256975 -0.00653061 -0.00339569 0.00185638 0.00151948 0.000913621
internal_weight=16597 7645 5961 8952 5843 7335 4908 2427 1684 1617 4377 4227 4125 459 1354 4244 1323 1010 1121 313 3666 1617 233 150 681 980 2967 4094 3850 3311
internal_count=16597 7645 5961 8952 5843 7335 4908 2427 1684 1617 4377 4227 4125 459 1354 4244 1323 1010 1121 313 3666 1617 233 150 681 980 2967 4094 3850 3311
is_linear=0
shrinkage=0.05


Tree=6
num_leaves=31
num_cat=0
split_feature=4 4 12 16 14 6 11 4 4 8 14 4 11 13 16 10 11 11 9 14 16 10 14 13 13 14 13 14 16 16
split_gain=88.1684 22.662 14.0259 7.98201 7.80085 7.30467 7.22955 6.00168 5.21461 4.76413 6.51288 5.39933 3.62819 4.50761 3.53388 3.52612 3.51706 3.48876 4.52767 3.32179 3.25686 3.86801 3.1786 3.12983 3.85918 4.10994 3.25275 3.23972 5.249 4.78476
threshold=0.031548529324152912 0.019895219675460377 -0.0800835440536906 0.052240914232125964 0.066380812843571571 0.36366621711314712 -0.0081164241286432719 0.049829700448501581 0.014543947532942194 0.20884890953092874 -0.036136320679139293 0.024227148202012359 0.040036417291261513 28.970000267028812 -0.017601894227756262 -0.0075060032597452633 0.02573480883905466 0.029571955445533264 0.1661146470748617 0.042177860659315065 -0.013697105310360723 -0.01645938155843862 0.012431899030548645 19.295000076293949 17.615000724792484 -0.008595690120394071 18.214999198913578 -0.041919346279260132 0.016840897909169764 0.02265925399816027
decision_type=2 2 2 2 2 2 2 2 2 8 2 2 2 2 2 2 2 2 8 2 2 2 2 2 2 2 2 2 2 2
left_child=1 6 -2 5 9 7 -1 -4 -8 11 -11 -3 13 -9 19 -16 23 18 -18 -13 -6 -22 -5 24 27 -26 -27 28 -10 -30
right_child=2 4 3 22 20 -7 8 12 16 10 -12 14 -14 -15 15 -17 17 -19 -20 -21 21 -23 -24 -25 25 26 -28 -29 29 -31
leaf_value=-1.6873760106036248e-05 0.0011420650093016929 -5.344074619267614e-05 0.00011100140972315929 -0.00037493921323808693 0.00014460231330420248 0.00043000337100113035 -0.00018405219385202238 0.00045220106197969411 -0.00012201448648808521 0.00013869333240861876 -0.00023887320614459295 0.00015397141339439647 0.00093623504164290104 -0.00023063213700578092 0.00030031078986671357 -1.9594298309113081e-05 0.00025131108052363951 -0.00011616322634569573 -0.00013265904021206318 -0.00021003357627854904 -0.0002516838070834599 3.9074036138452181e-05 0.00013203445013370597 -9.6417852612573979e-08 -0.00025775470240294734 -0.00030469800994139168 -1.3773748161820298e-05 -0.00013074758048466857 0.0001624196637088355 -6.9357016960300277e-05
leaf_weight=763 133 2955 2267 71 400 1219 394 1077 275 73 179 411 60 42 70 2580 68 150 58 41 63 653 41 196 147 52 102 1852 84 114
leaf_count=763 133 2955 2267 71 400 1219 394 1077 275 73 179 411 60 42 70 2580 68 150 58 41 63 653 41 196 147 52 102 1852 84 114
internal_value=-2.1097e-05 -0.00238442 0.00560081 0.00515491 -0.000717172 0.0054716 -0.00529377 0.00429483 -0.00625716 -0.0013988 -0.00813492 -0.00111854 0.0071883 0.00654602 0.000338491 -0.000358491 -0.00556811 -0.000181159 0.00595238 0.00442478 0.0031362 0.00111732 -0.00803571 -0.00609497 -0.00654989 -0.0118771 -0.00616883 -0.00586022 -0.00216702 0.0040404
internal_weight=16590 11680 4910 4777 7425 4665 4255 3446 3492 6309 252 6057 1179 1119 3102 2650 3098 276 126 452 1116 716 112 2822 2626 301 154 2325 473 198
internal_count=16590 11680 4910 4777 7425 4665 4255 3446 3492 6309 252 6057 1179 1119 3102 2650 3098 276 126 452 1116 716 112 2822 2626 301 154 2325 473 198
is_linear=0
shrinkage=0.05


Tree=7
num_leaves=31
num_cat=0
split_feature=4 4 12 5 11 4 11 11 5 14 11 11 8 0 8 10 15 9 12 5 14 9 11 15 11 12 12 3 15 0
split_gain=73.7703 24.3045 14.4014 9.23763 7.04393 5.99646 5.73324 6.89455 4.66234 4.74373 5.6194 4.52969 4.47975 4.52294 4.1047 5.86885 6.92246 5.25664 5.08235 4.92872 4.77531 4.07084 3.73859 3.59253 5.49953 4.95241 4.58869 4.08516 4.06201 3.50576
threshold=0.031313902461964999 0.019895219675460377 -0.0800835440536906 0.030890038487074226 -0.0076796209830086162 0.01655694049378836 0.0023967132721236521 0.0035059532242039952 0.017116547401809113 -0.069744182185856193 -0.00089102976467808615 0.003813504719322514 inf -0.018528317115029776 0.043196597947122724 0.0047561334202744785 0.015034849191404189 -0.3501817253717413 -0.023427957262836582 0.01210664630332277 -0.041121066150655798 0.31199294415264606 0.051074156434965386 -0.0032806949670334813 -0.035697741943328191 -0.0075921435528307204 1.0000000180025095e-35 0.0031539428153968267 -0.0027761188795824561 0.0078995300492634719
decision_type=2 2 2 2 2 2 2 2 2 2 2 2 8 2 8 2 2 10 2 2 2 10 2 2 2 2 2 2 2 2
left_child=1 4 -2 8 29 -6 23 -8 -4 11 21 -10 13 -12 15 18 17 -17 -9 -16 -18 -11 -15 25 -25 27 -27 -3 -26 -1
right_child=2 6 3 -5 5 -7 7 14 9 10 12 -13 -14 22 19 16 20 -19 -20 -21 -22 -23 -24 24 28 26 -28 -29 -30 -31
leaf_value=-6.04403889722791e-05 0.0010692214725076621 -5.904126641176587e-05 -0.00014300644408143104 0.000439669772952846 -0.00016822164834811218 -9.8359178926924314e-05 -0.00016115775749642519 0.00015839861272310782 0.00012314294576003083 0.00018227128650181841 0.00023648732898702148 0.00041068737368199737 -0.00022057415331841712 2.8569369211036043e-05 -0.00018324695376640478 0.00029987499280094177 -0.00019839986297924108 6.2145628367442628e-05 -6.4582989547718695e-05 -5.7793446186278456e-05 7.5874989855656384e-05 0.00042173191938177395 -0.00022915869511294713 0.00042035182804201171 -0.00018170248033825897 0.00020796465558757063 7.8700550945113969e-05 0.00021202644937410491 -9.2413057660672645e-06 0.00010557505516009151
leaf_weight=645 133 445 141 1594 1182 2266 275 107 215 968 310 219 73 1186 55 112 121 580 1245 1679 55 107 51 53 58 122 591 115 1703 168
leaf_count=645 133 445 141 1594 1182 2266 275 107 215 968 310 219 73 1186 55 112 121 580 1245 1679 55 107 51 53 58 122 591 115 1703 168
internal_value=-6.93858e-05 -0.00226095 0.005008 0.00456414 -0.00526285 -0.00625 -0.000512575 -0.00170844 0.00304281 0.00344359 0.00266234 0.00829493 0.000802469 0.00137363 -0.00117602 0.000247748 0.00345622 0.00570809 -0.00181213 -0.00299885 -0.00539773 0.00546512 2.02102e-05 0.00112569 -0.000303197 0.00316182 0.00592567 -0.000357143 -0.000780806 -0.00107626
internal_weight=16574 11577 4997 4864 4261 3448 7316 4229 3270 3129 2695 434 1620 1547 3954 2220 868 692 1352 1734 176 1075 1237 3087 1814 1273 713 560 1761 813
internal_count=16574 11577 4997 4864 4261 3448 7316 4229 3270 3129 2695 434 1620 1547 3954 2220 868 692 1352 1734 176 1075 1237 3087 1814 1273 713 560 1761 813
is_linear=0
shrinkage=0.05


Tree=8
num_leaves=31
num_cat=0
split_feature=4 4 12 6 9 6 4 6 4 11 8 11 11 15 12 14 0 15 11 13 10 13 15 6 12 14 11 13 8 2
split_gain=71.4652 19.7374 13.2497 7.48944 7.17508 5.57332 4.80629 4.71906 5.81548 4.98264 5.36106 4.14976 6.24986 4.17944 3.78563 5.26266 3.68765 3.67407 3.6716 3.36286 3.36208 3.26723 3.09568 3.03117 3.00227 3.48967 2.90155 2.86906 2.86435 3.78423
threshold=0.031548529324152912 0.019895219675460377 -0.0800835440536906 1.014280093409208 0.43395632270855616 0.60765729528208523 0.01338003400601471 1.0473473659401267 0.046211304922335196 -0.035697741943328191 0.26361315270880009 0.0023967132721236521 0.0035059532242039952 -0.0032806949670334813 -0.0075921435528307204 0.18137679246918895 -0.017683618581782076 -0.0027761188795824561 -0.0076796209830086162 24.119999885559086 -0.015213589282174643 15.944999694824221 -0.0052894056517988055 -1.5126056941681123 0.048021249302454556 -0.12096344977185801 -0.002084976205571742 22.625000000000004 0.043196597947122724 0.085021686264792465
decision_type=2 2 2 2 10 2 2 2 2 2 8 2 2 2 2 2 2 2 2 2 2 2 2 2 2 2 2 2 8 2
left_child=1 3 -2 6 7 11 -1 8 9 -4 16 13 -13 14 15 20 -11 -15 -8 27 -3 -16 -22 -20 25 -9 -5 28 -14 -30
right_child=2 5 4 26 -6 -7 18 24 -10 10 -12 12 19 17 21 -17 -18 -19 23 -21 22 -23 -24 -25 -26 -27 -28 -29 29 -31
leaf_value=-0.00021962607600473552 0.0010570470631376396 0.00025533132577738052 0.00054454994235871447 0.00011707873313850041 0.0004659442867594836 4.6929289729962838e-05 -3.271117056575252e-05 -8.7318269162222411e-05 0.00029794172667354423 0.00028138923296114874 -0.00023752534060190005 -0.00019675101645164484 -1.6236428651706e-05 -0.00018175739183357524 -1.8274223249091939e-06 -0.00053588262648482756 3.103678082600984e-05 -2.008239533971088e-05 -0.00017926185299232418 0.0003478948890115977 -7.2276484717292803e-05 0.00014422808355510621 0.00018343688244827034 -0.00011725377521586552 -3.1143211633642702e-05 0.0005565872027222345 -4.4284066013667011e-05 -0.0002287486692563092 -0.00012014897858532749 -3.1140751043416853e-05
leaf_weight=219 130 86 60 227 618 1586 613 41 1452 371 147 216 1751 55 174 41 1661 1393 47 69 246 363 66 2749 77 432 389 47 676 655
leaf_count=219 130 86 60 227 618 1586 613 41 1452 371 147 216 1751 55 174 41 1661 1393 47 69 246 363 66 2749 77 432 389 47 676 655
internal_value=7.50435e-06 -0.00213404 0.00501604 -0.00485391 0.00459457 -0.000579203 -0.0057194 0.00386112 0.00321729 0.00161903 0.00122763 -0.00129325 -0.00241652 0.000288779 0.00281762 -0.000626424 0.00189469 -0.00141575 -0.00525814 -0.00186054 0.00113065 0.00563315 -0.00128205 -0.00602647 0.00818182 0.0096723 0.000243506 -0.00210131 -0.00191434 -0.00366266
internal_weight=16657 11668 4989 4244 4859 7424 3628 4241 3691 2239 2179 5838 3414 2424 976 439 2032 1448 3409 3198 398 537 312 2796 550 473 616 3129 3082 1331
internal_count=16657 11668 4989 4244 4859 7424 3628 4241 3691 2239 2179 5838 3414 2424 976 439 2032 1448 3409 3198 398 537 312 2796 550 473 616 3129 3082 1331
is_linear=0
shrinkage=0.05


Tree=9
num_leaves=31
num_cat=0
split_feature=4 4 12 6 5 6 11 15 5 16 8 16 5 10 13 15 15 10 15 15 16 14 14 14 16 5 11 6 3 16
split_gain=72.2287 14.2953 10.9868 8.3755 9.46607 6.55383 6.07603 6.01885 4.93274 4.67845 5.57955 4.42879 4.39004 4.15899 3.95697 3.84155 3.76113 6.18183 5.44387 3.65652 3.20245 3.61997 3.15121 3.11936 3.02393 3.00998 2.95472 3.03372 2.9752 3.84743
threshold=0.025315109672735755 0.039031653610047894 -0.0800835440536906 1.5502801536888657 0.0086009198609716397 0.39829363090304687 -0.0076796209830086162 0.026060799138933114 0.021051663423914728 -0.034280433865008335 0.51558349766865386 0.047199133209309359 0.012708255532545681 0.0033989606523996412 23.265000343322757 -0.021111454934590487 0.015266944078015434 0.0089823327220962552 0.015919802756303784 0.01748354448599632 -0.0024465473926120192 -0.049354087797768446 0.038985755027524667 -0.048319541899194234 0.0016661961818271733 0.016301067741507424 0.047360860375368914 0.77484689434290421 0.013316990711881751 -0.017601894227756262
decision_type=2 2 2 2 2 2 2 2 2 2 8 2 2 2 2 2 2 2 2 2 2 2 2 2 2 2 2 2 2 2
left_child=3 5 -3 4 -1 9 24 8 -4 13 16 26 -8 15 -5 -2 17 -11 -18 -20 25 -22 -23 -13 -6 -7 27 28 29 -10
right_child=1 2 7 14 6 20 12 -9 11 10 -12 23 -14 -15 -16 -17 18 -19 19 -21 21 22 -24 -25 -26 -27 -28 -29 -30 -31
leaf_value=-0.00020864477220449871 -9.8498895780857603e-05 0.0012057451355345509 -0.0002598558408339054 2.2026800230742902e-05 2.4443574507654419e-06 8.9353523851266276e-05 -0.00010187063596208204 -0.00076549392689421656 0.00046561371895371349 4.9357820897766309e-06 -0.00018784393764967357 0.00023022278894034619 -5.9154206134945549e-05 -8.9645919510590417e-05 0.00052960431525731128 0.00043362135947149849 -0.00023119883956001049 0.00019880860974020914 0.00019610991298298888 -0.00011209962843893715 0.00024432835635169661 -2.5116869467103378e-05 0.00026970181726379262 -0.00034628615686183576 -0.00012419595166476228 0.00037285559633246692 0.0007963600276200385 0.00072200775490950707 0.00039533538203697581 0.00019216299059012952
leaf_weight=239 40 94 56 740 1350 185 3109 40 372 2636 135 43 2819 62 48 115 51 352 54 109 181 469 133 79 210 315 48 450 320 1659
leaf_count=239 40 94 56 740 1350 185 3109 40 372 2636 135 43 2819 62 48 115 51 352 54 109 181 469 133 79 210 315 48 450 320 1659
internal_value=7.56979e-06 0.0034196 0.00603448 -0.0031973 -0.00369807 0.00171077 -0.00338542 0.00551842 0.00577304 0.000604952 0.000142343 0.00605015 -0.00411606 0.00771889 0.0017132 0.0120968 0.000562149 0.00102075 -0.00584112 -0.00138037 0.00477397 0.00277778 0.000913621 -0.00327869 -0.000608974 0.0079 0.00644963 0.00623884 0.00551893 0.0048129
internal_weight=16513 7998 3161 8515 7727 4837 7488 3067 3027 3554 3337 2971 5928 217 788 155 3202 2988 214 163 1283 783 602 122 1560 500 2849 2801 2351 2031
internal_count=16513 7998 3161 8515 7727 4837 7488 3067 3027 3554 3337 2971 5928 217 788 155 3202 2988 214 163 1283 783 602 122 1560 500 2849 2801 2351 2031
is_linear=0
shrinkage=0.05


Tree=10
num_leaves=31
num_cat=0
split_feature=4 4 12 16 14 5 6 5 11 6 3 10 10 12 10 11 16 11 12 11 9 3 10 10 1 16 10 10 5 10
split_gain=64.282 18.149 9.07124 6.98244 5.69493 5.68907 5.37933 5.53231 5.33459 4.40864 4.32544 4.55878 4.05386 3.46798 3.63971 3.74404 3.42027 5.429 6.24022 4.16829 4.56764 3.22697 3.48031 3.76663 3.26793 3.10261 3.5861 3.06471 3.05982 3.0327
threshold=0.031548529324152912 0.019895219675460377 -0.0800835440536906 0.052240914232125964 0.091738005227369426 0.032116106399379445 1.4487157957771466 0.0086009198609716397 -0.035697741943328191 1.6073973254198495 0.00099655799203379769 0.0031270998422653355 -0.0070887111791633197 0.045605778399391624 0.0091813381816910917 0.028626427066600128 0.032202522096609128 0.021590279744903355 -0.023427957262836582 0.023858955233929894 0.073207904218641665 0.0029233435652337163 0.00057749123294836846 0.0010681623083543814 0.078350699948074656 -0.013697105310360723 -0.015857538372193832 -0.0015160047739009028 0.017116547401809113 0.0021685217340158274
decision_type=2 2 2 2 2 2 2 2 2 2 2 2 2 2 2 2 2 2 2 2 10 2 2 2 2 2 2 2 2 2
left_child=1 6 -2 5 8 9 7 -1 -3 28 27 -12 25 14 15 -13 19 -18 -19 21 -21 24 -23 -24 -10 -6 -27 -9 -4 -25
right_child=2 4 3 -5 12 -7 -8 10 16 -11 11 13 -14 -15 -16 -17 17 18 -20 20 -22 22 23 29 -26 26 -28 -29 -30 -31
leaf_value=-0.00020356314476689024 0.00092083392758549325 0.00028169631795311372 -0.00015629250726461954 -0.00020070298434489886 0.00011851268794041528 0.00040934114268388546 6.5150183950704861e-06 -8.6636711451201949e-05 -5.293456222954171e-05 0.00044668790050131791 -9.4484368776431418e-06 -0.00015687516350289135 0.00018612495783922506 -0.00019762674478202447 1.2354844026971243e-05 9.9515382571985916e-05 -0.00025005591938963761 0.00034038233134228853 -7.6843601931128784e-05 0.00012043321608922239 -5.0149208686872325e-05 8.9155755057831847e-05 -0.00030950089139778934 0.00014912832755672371 0.00014671635406082064 -0.00024619909076437698 2.0801886261687891e-05 -0.00013568937599275604 0.0001189368423902817 -3.6965309685112457e-05
leaf_weight=241 129 79 116 106 299 1368 408 801 3522 305 802 337 127 143 201 40 231 45 445 261 191 629 49 87 81 69 206 1312 2903 1050
leaf_count=241 129 79 116 106 299 1368 408 801 3522 305 802 337 127 143 201 40 231 45 445 261 191 629 49 87 81 69 206 1312 2903 1050
internal_value=-0.000236688 -0.00226064 0.00455145 0.00419967 -0.000756342 0.00448636 -0.00484831 -0.00542301 -0.0012069 0.00336943 -0.00493674 -0.00290545 0.00353067 -0.00579057 -0.00406574 -0.00696286 -0.00136171 -0.00461165 -0.00163265 -0.000962521 0.00365044 -0.00134736 0.000371901 -0.0012226 -0.00221343 0.00174216 -0.00209091 -0.00640085 0.00279066 -0.000637643
internal_weight=16583 11656 4927 4798 7371 4692 4285 3877 6670 3324 3636 1523 701 721 578 377 6591 721 490 5870 452 5418 1815 1186 3603 574 275 2113 3019 1137
internal_count=16583 11656 4927 4798 7371 4692 4285 3877 6670 3324 3636 1523 701 721 578 377 6591 721 490 5870 452 5418 1815 1186 3603 574 275 2113 3019 1137
is_linear=0
shrinkage=0.05


Tree=11
num_leaves=31
num_cat=0
split_feature=4 4 11 6 6 4 16 12 11 12 9 15 10 8 5 15 16 10 8 8 9 5 11 10 10 10 10 16 7 9
split_gain=53.8971 14.942 9.98666 6.40696 6.2719 6.18589 5.87251 4.3207 3.96573 3.75176 3.75389 4.10697 11.6025 4.08763 3.68217 3.47653 3.37833 3.38826 4.16148 4.8111 3.36234 3.17722 3.58447 3.12898 4.94059 4.27539 4.2346 3.9342 3.71956 3.70565
threshold=0.024036575648378567 0.046211304922335196 -0.055970662091911087 1.4993518812446751 1.6525490833452048 0.01338003400601471 -0.012266128934764973 -0.0800835440536906 -0.0070947628288289813 0.082959740110242888 -0.10863070409648683 0.014096483160313979 0.0055838034920830957 0.16255385274230508 0.012708255532545681 0.0015390442554130692 -0.013291692262708097 0.0049263446860405855 -0.0010289452856946932 -0.024715833001984985 0.2322357392889827 0.020767373570006766 -0.015236039284217738 0.0024780908400362516 0.0075431397626640759 -0.0077842140185122579 -0.013327781970057238 0.0016661961818271733 0.0025574977491210631 -0.14245438724722978
decision_type=2 2 2 2 2 2 2 2 2 2 10 2 2 8 2 2 2 2 10 8 10 2 2 2 2 2 2 2 2 10
left_child=3 2 -2 5 6 -1 16 -3 20 10 11 12 13 15 -10 -8 17 21 19 -19 23 -4 -23 25 -25 26 29 -27 -29 -7
right_child=1 7 4 -5 -6 8 9 -9 14 -11 -12 -13 -14 -15 -16 -17 -18 18 -20 -21 -22 22 -24 24 -26 27 -28 28 -30 -31
leaf_value=-0.00018633792572013845 0.00098094907297531617 0.0014353584112267621 7.4941997588317494e-05 2.9193512322772503e-05 0.00022987909945807554 -0.00017061294962468799 0.00010833241945061925 0.0003172652403495049 -9.8711599338308743e-05 -0.00014011320348849762 -2.1076958227271916e-05 -0.00010008755914317561 0.00032467943251462234 -0.0001942238238594317 -5.2335420772162914e-05 -9.4267235531331903e-05 0.00033993563296361612 -2.8089732565665486e-05 0.00013744240281440527 -0.00027960677637777089 0.00012008904125741603 0.00046796519053701941 0.00013329348254756323 -0.00023017602214137197 -2.4634293726629767e-06 6.5056097946979407e-05 -0.00018586484472609533 -0.0002799688698951531 8.536059168096945e-06 0.00013256757532417157
leaf_weight=243 53 62 800 735 636 70 689 1987 3004 261 2766 219 325 165 2241 308 64 129 98 61 131 167 142 125 157 523 169 40 62 141
leaf_count=243 53 62 800 735 636 70 689 1987 3004 261 2766 219 325 165 2241 308 64 129 98 61 131 167 142 125 157 523 169 40 62 141
internal_value=-2.86611e-05 0.0026086 0.00149281 -0.0031115 0.00132504 -0.00358384 0.000839522 0.00635676 -0.00329806 -1.58462e-05 0.00032424 0.00216882 0.00311029 0.000774527 -0.00393232 0.00198094 0.00361054 0.00309592 -0.00173611 -0.00605263 -0.000952045 0.00435077 0.00865696 -0.00172883 -0.00638298 -0.000422886 -0.00460526 0.00212 -0.00686275 0.000118483
internal_weight=16573 8932 6883 7641 6830 6906 6194 2049 6663 4733 4472 1706 1487 1162 5245 997 1461 1397 288 190 1418 1109 309 1287 282 1005 380 625 102 211
internal_count=16573 8932 6883 7641 6830 6906 6194 2049 6663 4733 4472 1706 1487 1162 5245 997 1461 1397 288 190 1418 1109 309 1287 282 1005 380 625 102 211
is_linear=0
shrinkage=0.05


Tree=12
num_leaves=31
num_cat=0
split_feature=4 4 16 11 3 11 5 16 15 11 13 10 13 11 10 15 6 11 11 9 15 10 3 11 3 10 11 4 10 8
split_gain=49.2184 14.6687 9.05088 6.61603 5.85241 5.4965 4.49907 4.73115 4.39599 4.60365 4.82458 4.20428 4.14255 4.04817 5.58339 6.04388 3.9807 3.80812 4.14112 4.37195 3.80122 3.70369 3.35613 3.29892 3.27053 3.54205 3.23821 3.16959 3.10424 2.91734
threshold=0.031548529324152912 0.019986767454647118 -0.03222493202724213 0.00053831818388905283 0.013792277949484235 -0.0083605121660306741 0.020767373570006766 0.047199133209309359 -0.0032806949670334813 -0.035697741943328191 19.814999580383304 -0.0046973619314177864 43.015001296997077 0.012589195808640931 -0.0030147683549252009 0.013520387632488197 -1.1773200596132081 0.02573480883905466 0.029571955445533264 0.1661146470748617 -0.015434750499968617 -0.0061039058742593513 0.0010441185139956624 -0.010094425489899582 -0.019997257126345366 0.0033989606523996412 0.012360939559302066 0.01655694049378836 -0.003973475396451486 0.22316919612989108
decision_type=2 2 2 2 2 2 2 2 2 2 2 2 2 2 2 2 2 2 2 8 2 2 2 2 2 2 2 2 2 8
left_child=1 5 12 8 6 22 29 21 11 -10 -11 -3 24 20 -15 -16 -7 27 19 -19 -5 -8 -1 -24 -2 -26 -22 -18 -13 -4
right_child=2 3 4 13 -6 16 7 -9 9 10 -12 28 -14 14 15 -17 17 18 -20 -21 26 -23 23 -25 25 -27 -28 -29 -30 -31
leaf_value=-8.167275261174441e-05 -0.00014659667649387213 3.7699809650501618e-05 4.2656283394557248e-06 0.00017159456325953516 0.00035437198492826278 -0.00018458371798597473 0.00034237114471150277 -0.00014476648606703423 0.00038536346474004902 2.1313059178088188e-05 -0.00011916006386391374 0.00041157511299887622 0.0020808652024085937 -0.00022551693968076878 3.6253116655459625e-05 -0.00010789471851420998 -0.00012058545902874962 0.00028494714933792047 -7.3913806670720085e-05 -8.7264437260038517e-05 -6.7990194598671884e-05 0.00013942065797733052 4.1381528450961351e-05 0.00016612777994068581 0.00048882676476404618 2.800667038629322e-05 -0.00027766216006283638 -7.7152588306559023e-05 0.00015225387743460366 -0.00029373664660995038
leaf_weight=446 44 896 647 82 608 193 511 122 46 1165 399 62 48 159 1770 317 1036 71 175 49 2103 2559 267 42 239 75 54 2000 262 72
leaf_count=446 44 896 647 82 608 193 511 122 46 1165 399 62 48 159 1770 317 1036 71 175 49 2103 2559 267 42 239 75 54 2000 262 72
internal_value=-0.000131667 -0.00191047 0.00405584 -0.000550239 0.00341337 -0.0042358 0.00270391 0.00350877 0.00134276 -0.000372671 -0.000831202 0.00360656 0.0112069 -0.0017447 -0.00024488 0.00044322 -0.00506527 -0.00466076 0.000762712 0.00791667 -0.00324922 0.00389251 -0.000364238 0.00364078 0.00935754 0.0111465 -0.0036509 -0.00518775 0.00848765 -0.000869263
internal_weight=16519 11594 4925 7315 4519 4279 3911 3192 2830 1610 1564 1220 406 4485 2246 2087 3524 3331 295 120 2239 3070 755 309 358 314 2157 3036 324 719
internal_count=16519 11594 4925 7315 4519 4279 3911 3192 2830 1610 1564 1220 406 4485 2246 2087 3524 3331 295 120 2239 3070 755 309 358 314 2157 3036 324 719
is_linear=0
shrinkage=0.05


Tree=13
num_leaves=31
num_cat=0
split_feature=4 4 12 5 6 15 6 13 3 12 15 8 5 5 15 16 14 12 12 16 14 6 13 2 14 12 12 3 1 2
split_gain=52.3962 11.651 8.74951 6.58725 5.27762 5.11871 5.26402 4.86518 5.29835 5.16749 4.93969 4.9799 4.58434 4.1801 4.24491 3.55259 3.58242 3.68117 3.16225 3.1007 4.90962 2.76982 2.75708 2.69719 2.68581 3.69341 3.26713 2.6 2.51367 2.43913
threshold=0.024574916368180186 0.033225035034096746 -0.0800835440536906 0.0086009198609716397 0.10312174558405614 0.027220040089441126 0.31736102747239392 18.365000724792484 0.0033065332863717605 0.047210036884337898 0.011101057033020336 0.15303089695177366 0.032116106399379445 0.012015211230255471 -0.014073883796283769 -0.027608007746818927 -0.047332268196042963 0.04851916087108233 0.023412728930134134 0.031077127206677328 -0.069744182185856193 -1.3972641440774696 25.505000114440922 0.054217975028472261 -0.019792958121071843 0.0020578484903100995 0.047870780278131859 -0.004630224193392817 0.1005399430836338 0.087921811466112679
decision_type=2 2 2 2 2 2 2 2 2 2 2 8 2 2 2 2 2 2 2 2 2 2 2 2 2 2 2 2 2 2
left_child=3 4 -3 -1 22 6 12 8 13 23 11 -9 19 21 -15 -16 -17 24 -8 28 -21 -5 -2 -10 25 -18 29 -13 -4 -26
right_child=1 2 5 7 -6 -7 18 10 9 -11 -12 27 -14 14 15 16 17 -19 -20 20 -22 -23 -24 -25 26 -27 -28 -29 -30 -31
leaf_value=-0.00017402136960258043 -1.9497883224663853e-05 0.00084849348706404694 7.985598881922454e-05 -0.00018144077807845271 9.8009590295693961e-05 -0.00069464541696815513 0.00049542032748295275 3.0139941068471492e-05 3.3998207996097446e-05 -0.00011689287511842382 -0.00015419526722223597 1.8801881499292416e-05 0.00032525258747592766 0.00016877816617907589 -0.00025384346126498244 3.1531732346445389e-05 0.00016975935551257924 -0.00016244824831156083 0.00026107650674716621 0.00026419236278024666 -0.00014041263654015701 -9.6364042668320009e-05 0.00022023264875427442 -7.2760847954905525e-05 -7.711965161222184e-05 -0.0001395440100083238 0.0001287728140103952 -0.00020245259310826825 0.00035163910243572705 4.2590473217824163e-05
leaf_weight=264 2544 118 1764 56 1406 45 693 1396 923 268 196 40 1041 81 45 343 43 273 456 57 230 1965 86 389 1090 266 44 104 66 238
leaf_count=264 2544 118 1764 56 1406 45 693 1396 923 268 196 40 1041 81 45 343 43 273 456 57 230 1965 86 389 1090 266 44 104 66 238
internal_value=-0.000130067 0.00260404 0.00436242 -0.00302841 0.000656591 0.00399816 0.00417344 -0.00276418 -0.00343625 -0.000949367 -0.000432028 0.000519481 0.00311906 -0.00432043 -0.00291993 -0.00330914 -0.00303657 -0.00386387 0.00707137 0.00178318 -0.00304878 -0.00599951 -0.000665399 0.000342988 -0.00298929 -0.00720065 -0.00204082 -0.00833333 0.00254098 -0.00248494
internal_weight=16530 8506 4470 8024 4036 4352 4307 7760 6024 1580 1736 1540 3158 4444 2423 2342 2297 1954 1149 2117 287 2021 2630 1312 1681 309 1372 144 1830 1328
internal_count=16530 8506 4470 8024 4036 4352 4307 7760 6024 1580 1736 1540 3158 4444 2423 2342 2297 1954 1149 2117 287 2021 2630 1312 1681 309 1372 144 1830 1328
is_linear=0
shrinkage=0.05


Tree=14
num_leaves=31
num_cat=0
split_feature=4 12 5 6 11 6 16 12 6 11 14 11 6 3 16 12 5 14 3 13 16 11 11 12 11 8 14 12 11 7
split_gain=46.0444 11.3252 10.724 6.10372 4.61396 4.38363 3.87368 3.7855 3.75092 4.63188 3.67781 3.45412 3.4307 3.30961 3.44181 3.28583 3.26561 3.23507 3.10884 3.10761 3.24671 3.11928 4.1531 4.87374 3.58725 3.18593 3.04471 3.03297 2.96464 2.92934
threshold=0.031548529324152912 -0.0800835440536906 0.012015211230255471 0.13791331093758996 -0.0070947628288289813 0.33329373742743423 0.052240914232125964 0.076145654651098141 -1.0646818628630308 0.024405077895535147 -0.037983330078441173 0.053184266574264123 1.4487157957771466 0.016907936175919906 0.030746826889285098 0.066825641747697576 0.017845999489505274 -0.030906714022271572 0.0086685511294047907 16.355000495910648 0.038199754386769043 0.01199540999330473 0.0023967132721236521 -0.0075921435528307204 -0.035697741943328191 0.14540348818493679 0.021941009830483863 0.012544135938263425 0.029571955445533264 0.010330126318116807
decision_type=2 2 2 2 2 2 2 2 2 2 2 2 2 2 2 2 2 2 2 2 2 2 2 2 2 8 2 2 2 2
left_child=2 -2 4 7 12 6 11 15 -6 -10 -11 13 -1 14 -3 18 -7 -9 19 20 -4 22 23 24 -21 27 -19 -25 -12 -23
right_child=1 5 3 -5 8 16 -8 17 9 10 28 -13 -14 -15 -16 -17 -18 26 -20 21 -22 29 -24 25 -26 -27 -28 -29 -30 -31
leaf_value=-3.8216368482161438e-05 0.00078654893201532633 0.00010800127726601417 -6.5019481575672415e-05 2.9274024056436847e-05 -0.00018665997086595167 -0.00010575669321227595 -0.00018810846763423207 5.7220146937625449e-05 -9.0716409064054741e-05 -0.00016223014922141373 0.00025570289925470657 0.00042743957983782218 0.00013068077289544148 0.00026562135668288593 -6.6958417765797858e-05 0.00026776121752491105 0.00031978570187930007 -0.00026932763403721393 5.6068108032002797e-05 0.00018149469039476074 -0.00026125774069647088 0.00010013515346606194 -9.4641776991376625e-05 0.00016667860906098726 -9.4752128946053085e-05 -0.00016499710112498323 -0.00011810887762199732 3.8221561158369513e-06 -1.668366315481871e-05 -2.5044779518206646e-05
leaf_weight=684 133 2853 2209 2581 197 61 74 67 2319 45 112 43 106 229 331 65 1210 107 354 67 129 298 563 292 622 70 94 272 123 280
leaf_count=684 133 2853 2209 2581 197 61 74 67 2319 45 112 43 106 229 331 65 1210 107 354 67 129 298 563 292 622 70 94 272 123 280
internal_value=-0.000207957 0.0038407 -0.00192176 -0.000910781 -0.00419688 0.00344199 0.00253541 -0.00185371 -0.00515021 -0.00464602 0.00142857 0.00277778 -0.000822785 0.00260035 0.00218279 -0.00155622 0.00595987 -0.00764925 -0.00169705 -0.0020304 -0.00333618 -0.000791396 -0.00177625 -0.000245654 -0.00315675 0.00291798 -0.0108209 0.00416667 0.00393617 0.00242215
internal_weight=16590 4934 11656 8070 3586 4801 3530 5489 2796 2599 280 3456 790 3413 3184 5221 1271 268 5156 4802 2338 2464 1886 1323 689 634 201 564 235 578
internal_count=16590 4934 11656 8070 3586 4801 3530 5489 2796 2599 280 3456 790 3413 3184 5221 1271 268 5156 4802 2338 2464 1886 1323 689 634 201 564 235 578
is_linear=0
shrinkage=0.05


Tree=15
num_leaves=31
num_cat=0
split_feature=4 12 4 5 11 16 10 13 15 15 5 11 16 10 10 7 15 16 15 10 16 11 7 13 14 10 13 14 7 1
split_gain=41.6576 10.7234 9.12958 6.61074 5.32657 4.73959 5.51449 6.00342 4.74883 5.74964 3.69814 3.58332 3.71957 3.80609 3.56132 3.47573 3.3596 4.34307 3.8756 3.70711 4.2746 4.02586 3.68182 3.26426 3.31382 3.24672 3.16141 3.32944 3.04939 2.96391
threshold=0.026754232916170191 -0.0800835440536906 0.017275866191815255 0.032116106399379445 -0.0071962553700703471 -0.0062727870846738245 0.00446494553626653 28.970000267028812 -0.018490781439670364 -0.0054739781577487481 0.014410911708593202 0.025024646146281086 0.019675176272446752 0.0033989606523996412 0.00034889263673931753 -0.044020428276166472 0.015266944078015434 0.006057132726098092 0.015919802756303784 0.0079905561282167543 0.037116069798933567 0.013370949203247886 0.031010922468668992 28.970000267028812 -0.060408912479391223 0.0062107996650884187 12.994999885559084 0.010891009150098998 0.026670034229469678 0.055909345044995347
decision_type=2 2 2 2 2 2 2 2 2 2 2 2 2 2 2 2 2 2 2 2 2 2 2 2 2 2 2 2 2 2
left_child=2 15 11 5 -4 8 7 10 -3 -10 14 12 13 28 -7 -2 17 25 -18 20 21 -19 -22 24 -5 -8 27 -12 -1 -11
right_child=1 3 4 23 -6 6 16 -9 9 29 26 -13 -14 -15 -16 -17 18 19 -20 -21 22 -23 -24 -25 -26 -27 -28 -29 -30 -31
leaf_value=-8.8585794805261028e-05 0.00084289334199813884 -0.0001802217077726156 1.3575764558065516e-05 0.00058558136474650259 -4.8739672074762455e-05 -1.1750581126138051e-05 0.00022826655461957889 -0.00052414923903822499 0.00021717095435889685 5.1225521091683839e-05 -2.9601759720199619e-05 3.2444424953178125e-05 -0.00016728351774751593 -0.00013930171605931998 -0.0002828609333357724 9.2743378060686655e-05 -0.00021544329219156137 -5.7557293302112379e-05 2.0730072110015756e-05 0.0003025721182008266 2.2347538470951199e-05 0.00024844608752386802 -0.00036131561719328012 -0.00032435358380433429 0.00026538783500183982 -0.00015809971757507459 1.3673247431652408e-05 -0.00036390293921742788 3.8481732831460208e-05 0.00041534132896858328
leaf_weight=806 103 186 1747 211 5746 70 74 40 524 1005 137 145 315 516 54 40 42 155 289 408 44 165 44 48 1127 208 2045 54 239 63
leaf_count=806 103 186 1747 211 5746 70 74 40 524 1005 137 145 315 516 54 40 42 155 289 408 44 165 44 48 1127 208 2045 54 239 63
internal_value=-0.000183183 0.0027046 -0.00234917 0.00242743 -0.00154478 0.0016631 0.000672499 -0.000791667 0.0037964 0.00467965 -0.000466102 -0.00533152 -0.00591684 -0.00491672 -0.00887097 0.0162587 0.00313156 0.00446266 -0.00128399 0.00631127 0.00294118 0.005625 -0.00681818 0.00551948 0.00597907 -0.000886525 0 -0.00615183 -0.00318182 0.00257491
internal_weight=16650 7136 9514 6993 7493 5607 3829 2400 1778 1592 2360 2021 1876 1561 124 143 1429 1098 331 816 408 320 88 1386 1338 282 2236 191 1045 1068
internal_count=16650 7136 9514 6993 7493 5607 3829 2400 1778 1592 2360 2021 1876 1561 124 143 1429 1098 331 816 408 320 88 1386 1338 282 2236 191 1045 1068
is_linear=0
shrinkage=0.05


Tree=16
num_leaves=31
num_cat=0
split_feature=4 4 11 14 7 13 14 12 14 12 15 14 13 14 10 15 13 7 14 4 8 6 3 10 1 13 13 11 14 14
split_gain=38.2996 9.87556 9.3734 5.59184 4.71168 4.42742 4.23772 6.85482 4.39432 4.48526 4.22719 4.13926 8.2037 6.12601 6.24491 4.68411 3.90626 5.78957 3.31237 3.25264 3.50576 3.23866 3.21429 5.70795 3.16558 3.16284 3.14802 3.87481 4.66631 3.50912
threshold=0.031313902461964999 0.017275866191815255 -0.055970662091911087 0.084724390357925242 -0.079222553518145597 12.119999885559084 -0.037778052319122728 0.076145654651098141 -0.039043004550001752 0.064838979523685905 -0.0034296884280423652 -0.069744182185856193 18.035000801086429 -0.077913276979976895 0.0056625779821857245 0.0062982581062726037 18.365000724792484 0.031598756129513357 -0.019792958121071843 0.049829700448501581 0.40635683987519849 1.3629233106647221 0.0058659347551693894 0.016350116268756935 0.042497233357957416 19.010000228881839 17.494999885559086 0.0021655694557776166 -0.057429826622899353 -0.044507707542247747
decision_type=2 2 2 2 2 2 2 2 2 2 2 2 2 2 2 2 2 2 2 2 8 2 2 2 2 2 2 2 2 2
left_child=1 21 -2 4 -3 -6 8 18 9 10 -7 12 15 14 -14 -4 -9 -18 -8 20 25 24 23 -16 -1 -13 27 -12 -29 -28
right_child=2 3 11 -5 5 6 7 16 -10 -11 26 19 13 -15 22 -17 17 -19 -20 -21 -22 -23 -24 -25 -26 -27 29 28 -30 -31
leaf_value=-0.00010074344409482643 0.0013061859897687041 0.00031694126621352876 0.00074886929265990455 4.5935908161608103e-05 -0.00022230303071803437 -0.00022125439094858722 -0.0001035576767755508 -0.00019965746405734426 0.00031101342672420758 0.0001832203939540353 0.0001323778447584958 2.5820603820473148e-05 -0.00057384201476407394 0.00068513980762685371 0.0001366062264110235 0.0004691293412107717 0.00041938048752133679 -0.00018831647594647494 -2.5548582516170347e-05 0.00026384501924029015 -0.00011184566598700613 2.4693285856292917e-05 0.00021525729383665071 -0.00055308997871369439 5.3183949370467971e-05 0.00014754763959953516 -6.2714843175915721e-05 5.6981956679492789e-05 -6.1350292738610032e-05 0.00013525661689739685
leaf_weight=1750 63 87 96 956 81 151 950 216 100 113 334 1772 47 47 99 227 48 66 4758 1424 200 184 140 41 85 822 670 528 485 50
leaf_count=1750 63 87 96 956 81 151 950 216 100 113 334 1772 47 47 99 227 48 66 4758 1424 200 184 140 41 85 822 670 528 485 50
internal_value=-0.000213984 -0.00178694 0.0034552 -0.001118 -0.00151962 -0.00163743 -0.00152615 -0.00223584 0.000236528 -0.000203775 -0.000698828 0.00320956 0.00677905 0.00173797 -0.000688073 0.0126161 -0.00924242 -0.00175439 -0.00183076 0.00261972 0.00162849 -0.00496533 0.00214286 -0.00321429 -0.00559946 0.00212028 -0.000108853 0.00131774 -0.000222113 -0.00277778
internal_weight=16590 11612 4978 9593 8637 8550 8469 6038 2431 2331 2218 4915 697 374 327 323 330 114 5708 4218 2794 2019 280 140 1835 2594 2067 1347 1013 720
internal_count=16590 11612 4978 9593 8637 8550 8469 6038 2431 2331 2218 4915 697 374 327 323 330 114 5708 4218 2794 2019 280 140 1835 2594 2067 1347 1013 720
is_linear=0
shrinkage=0.05


Tree=17
num_leaves=31
num_cat=0
split_feature=5 11 5 16 5 6 11 6 11 5 14 14 5 8 14 3 1 6 3 14 6 14 14 12 14 15 5 16 12 11
split_gain=34.591 10.5821 7.16454 6.4938 5.467 5.14225 4.62184 3.96035 3.61432 3.49734 3.46409 3.18832 4.17008 3.44809 3.54579 3.27101 2.77562 2.67972 2.67103 2.79362 3.22088 2.54372 2.48985 3.37863 2.41969 3.05854 2.64818 6.19483 4.13826 3.28311
threshold=0.01661563709758861 -0.055970662091911087 0.012708255532545681 0.052240914232125964 0.028555790815469394 0.42909574808309442 -0.0070947628288289813 -1.2484753604577659 0.024405077895535147 0.011011087479344152 -0.01759756320211869 0.066380812843571571 0.015165013385872865 0.20884890953092874 -0.037983330078441173 -0.010782850135748366 -0.046320400265356769 -0.31146843454717238 0.0029233435652337163 -0.041121066150655798 1.0473473659401267 0.012431899030548645 -0.048736357061692485 0.0090147692043446321 -0.069744182185856193 0.015034849191404189 0.020588075607766269 0.036749809082753944 0.078665410711505027 0.015296127885016332
decision_type=2 2 2 2 2 2 2 2 2 2 2 2 2 8 2 2 2 2 2 2 2 2 2 2 2 2 2 2 2 2
left_child=2 -2 6 4 5 24 -1 -8 16 10 -10 13 -13 17 -15 -14 -9 -4 19 20 22 -5 23 -18 25 -3 28 -28 29 -26
right_child=1 3 11 21 -6 -7 7 8 9 -11 -12 12 15 14 -16 -17 18 -19 -20 -21 -22 -23 -24 -25 26 -27 27 -29 -30 -31
leaf_value=-9.129805316722157e-06 0.0011018632456566636 0.00015408766004071167 -4.6707031804555346e-05 -0.00031215985100147459 0.00025743419137825332 0.00018588639874113895 -0.00018775058593610731 5.326083486473085e-05 -9.2565810263937724e-05 -5.1272514767133643e-05 0.00020318282128329592 9.556380389662061e-05 0.0002178718984423044 6.944574031156163e-05 -0.0002259093788448337 -8.7864809575578543e-05 4.8055899658779738e-05 6.5228475773097648e-06 -4.9142345236167933e-05 -0.00010927042260026618 0.00012238211280203416 -1.7502770659952794e-05 7.8242258085309621e-05 -0.00016796212382992777 -5.2738669851186288e-05 -5.5832877290637247e-05 7.8471375240788408e-05 -0.00037541098566395818 -0.00018864577252834368 8.3988304062095851e-05
leaf_weight=1031 73 326 1980 79 2017 1068 128 77 70 218 107 507 40 54 128 204 77 2209 836 1815 59 52 75 196 1168 132 1388 82 79 303
leaf_count=1031 73 326 1980 79 2017 1068 128 77 70 218 107 507 40 54 128 204 77 2209 836 1815 59 52 75 196 1168 132 1388 82 79 303
internal_value=-0.000108578 0.0026415 -0.0020054 0.00243502 0.00265504 0.0016938 -0.00341757 -0.00425096 -0.00393768 0.00056962 0.00579096 -0.000712612 0.00229694 -0.0012297 -0.00796703 -0.00307377 -0.00450558 -0.000936978 -0.00474166 -0.00564806 -0.00190418 -0.00858779 -0.00373563 -0.00595238 0.000761932 0.00414847 0.000248344 0.00176871 -0.00119355 -0.000594833
internal_weight=16578 6767 9811 6694 6563 4546 4689 3658 3530 395 177 5122 751 4371 182 244 3135 4189 3058 2222 407 131 348 273 3478 458 3020 1470 1550 1471
internal_count=16578 6767 9811 6694 6563 4546 4689 3658 3530 395 177 5122 751 4371 182 244 3135 4189 3058 2222 407 131 348 273 3478 458 3020 1470 1550 1471
is_linear=0
shrinkage=0.05


Tree=18
num_leaves=31
num_cat=0
split_feature=4 13 4 12 15 3 8 14 14 2 6 11 15 10 11 12 13 9 3 11 12 12 9 10 11 0 13 15 10 4
split_gain=30.4304 9.09055 7.10722 4.52812 5.93036 5.54559 4.13403 6.07734 4.04894 3.92395 4.18384 5.84626 7.03914 5.88103 3.92039 4.67811 5.05062 5.007 4.35832 3.91729 3.86731 5.87337 3.678 3.54729 3.30094 3.26782 3.95222 3.23232 4.13257 3.18863
threshold=0.023478721460733057 35.690000534057624 0.046753866886149291 0.048021249302454556 0.0018164194225900323 0.0027928641911136869 0.51558349766865386 -0.051930076870410451 -0.0059106162699663059 0.086563387646929182 -0.85041161706802271 0.015980558357876488 -0.0068216269565427581 -0.0016439356314020823 -0.0013567736689930052 -0.002636560654466102 17.615000724792484 0.24427155259792746 -0.0084396457513709038 0.014880662239239896 0.086474140948455194 0.061412549385283739 -0.13848246354326724 -0.0022949150076642662 0.0081473860033931551 -0.022009037235170888 20.500000000000004 -0.0090699931093504143 -0.0019809489570107304 0.030261973215233263
decision_type=2 2 2 2 2 2 8 2 2 2 2 2 2 2 2 2 2 8 2 2 2 2 10 2 2 2 2 2 2 2
left_child=3 2 6 5 20 9 14 -8 -9 10 -1 13 -13 27 15 18 -17 -18 22 -15 21 24 -2 -20 -5 26 -16 -12 -29 -25
right_child=1 -3 -4 4 -6 -7 7 8 -10 -11 11 12 -14 19 25 16 17 -19 23 -21 -22 -23 -24 29 -26 -27 -28 28 -30 -31
leaf_value=-0.00013913297113612305 0.00016135336007960799 0.00068463407675542357 0.00023068089535455851 3.0715323836099124e-05 -0.00013569364590622246 2.1242480260168317e-06 0.00022960997766652689 -0.00031487313171707748 -4.913073772395442e-05 2.0027105291056062e-05 3.7354196430991693e-05 -0.00022708875419114123 5.16478539654237e-05 -9.6864858868872357e-05 6.6881580414442351e-05 6.398978981487866e-05 0.00011531894827502172 0.00034939645658549437 0.00013998401682573512 -0.00034178545432508796 -0.00018670967396829479 0.00020814878402830627 -0.00025256142250021607 -0.00010133066818774806 -0.00020057302259826517 -5.1125915775850078e-06 0.00047546463576646675 -8.6972059289783688e-05 7.4532632418792882e-05 7.8688536275293476e-05
leaf_weight=621 65 117 1961 148 550 1812 47 152 147 461 458 56 536 1413 368 798 308 152 564 68 102 135 191 236 107 3959 52 722 76 248
leaf_count=621 65 117 1961 148 550 1812 47 152 147 461 458 56 536 1413 368 798 308 152 564 68 102 135 191 236 107 3959 52 722 76 248
internal_value=-0.000135298 0.00174853 0.00157331 -0.00256366 -0.0056142 -0.00205287 0.000854261 -0.00447977 -0.00710702 -0.00300952 -0.00351899 -0.00281616 0.00168919 -0.00379065 0.00112016 0.00267369 0.00484897 0.00902174 0.000575153 -0.00592505 -0.00162602 0.000641026 -0.00527344 0.00200382 -0.00382353 0.000211235 0.00440476 -0.00127389 -0.00319549 -0.00113636
internal_weight=16630 9365 9248 7265 1042 6223 7287 346 299 4411 3950 3329 592 2737 6941 2562 1258 460 1304 1481 492 390 256 1048 255 4379 420 1256 798 484
internal_count=16630 9365 9248 7265 1042 6223 7287 346 299 4411 3950 3329 592 2737 6941 2562 1258 460 1304 1481 492 390 256 1048 255 4379 420 1256 798 484
is_linear=0
shrinkage=0.05


Tree=19
num_leaves=31
num_cat=0
split_feature=4 11 4 4 11 3 12 16 10 10 10 13 15 16 10 10 11 12 16 12 12 14 11 10 11 11 12 15 16 3
split_gain=30.1913 10.5123 7.56083 4.38041 4.10565 3.53029 5.17861 3.15597 3.24438 8.40144 3.16315 3.64214 3.08184 3.07537 3.40577 4.98932 3.08502 3.03281 2.96394 2.92493 4.89466 3.74814 3.95328 4.81806 3.61264 3.22135 4.58967 3.70414 4.49714 3.44954
threshold=0.023478721460733057 -0.055970662091911087 0.037058000006035478 0.014543947532942194 0.0023967132721236521 0.0027928641911136869 0.047210036884337898 -0.01319948532736581 0.0049263446860405855 0.006684196327708559 0.0046724296084912362 25.960000038146976 0.004315166839177321 0.00032424089411275952 0.0018732766831597305 0.0055838034920830957 -0.010255103003419084 0.054230156972347017 -0.0040466010062748517 0.078665410711505027 0.061412549385283739 0.08366532037956588 0.018680382496318208 0.0012069827106450106 0.036250382984596159 0.006555889816587058 0.036336469465281469 0.0038875123708108643 0.016840897909169764 0.00037729595150148848
decision_type=2 2 2 2 2 2 2 2 2 2 2 2 2 2 2 2 2 2 2 2 2 2 2 2 2 2 2 2 2 2
left_child=3 -2 4 -1 -3 13 -7 8 -4 -10 11 -9 17 14 -5 18 -15 -8 -16 20 21 22 25 -24 -25 27 -27 29 -29 -18
right_child=1 2 7 5 -6 6 12 10 9 -11 -12 -13 -14 16 15 -17 19 -19 -20 -21 -22 -23 23 24 -26 26 -28 28 -30 -31
leaf_value=-0.00010580631765557286 0.00089524373265945751 5.4349915948284298e-05 0.00034232745126438379 1.1174083170792381e-06 -1.239035019498366e-05 9.6135470642447561e-06 -0.00012913846834326399 9.3191167500479832e-05 -0.00060641240862958608 0.0002776263358587501 0.00023315508115146193 -0.00050410507848541893 -0.00015799957790079311 -0.00021364111017980119 -0.00026633567217718216 -2.9229645228366806e-06 -0.00015835753039190214 5.720230360069245e-05 -5.3398452501767948e-05 -0.00021774324599174906 0.00014417672224378017 7.5025195428962774e-05 -0.00010884955363941879 6.5228339626701064e-05 -0.00010442114980875189 -8.3630634105008638e-05 -0.00021602128670554857 -8.2036422699738546e-05 0.00016286038967765369 3.6881033795806155e-05
leaf_weight=472 83 2499 609 1325 3232 1688 49 1684 62 131 940 42 172 82 153 290 413 89 74 97 96 152 208 294 96 672 346 244 131 122
leaf_count=472 83 2499 609 1325 3232 1688 49 1684 62 131 940 42 172 82 153 290 413 89 74 97 96 152 208 294 96 672 346 244 131 122
internal_value=-2.56844e-05 0.00186382 0.00170399 -0.00243978 0.000588902 -0.00211615 -0.00035035 0.00354671 0.00629676 0.000647668 0.00271943 0.00144844 -0.00629032 -0.00285193 -0.00124864 -0.00469052 -0.00385201 -0.000724638 -0.0102423 -0.00357889 -0.00328046 -0.00367812 -0.00413698 -0.000585284 0.00269231 -0.00523859 -0.00717092 -0.00307692 0.000733333 -0.00574766
internal_weight=16547 9282 9199 7265 5731 6793 1998 3468 802 193 2666 1726 310 4795 1842 517 2953 138 227 2871 2774 2678 2526 598 390 1928 1018 910 375 535
internal_count=16547 9282 9199 7265 5731 6793 1998 3468 802 193 2666 1726 310 4795 1842 517 2953 138 227 2871 2774 2678 2526 598 390 1928 1018 910 375 535
is_linear=0
shrinkage=0.05


Tree=20
num_leaves=31
num_cat=0
split_feature=4 11 4 5 12 14 16 16 14 14 14 15 12 16 13 13 15 12 13 11 2 14 14 14 15 3 11 16 16 12
split_gain=29.6429 8.1308 6.6522 6.16589 4.87021 4.31377 4.75903 4.00546 4.61706 6.73961 4.24122 4.64052 3.91204 3.88145 3.84954 3.82793 3.79254 6.81552 3.47993 3.38651 3.27787 3.23311 6.23956 5.79232 4.38231 3.65232 3.23124 3.28849 3.14343 2.86334
threshold=0.02570738817667044 -0.055970662091911087 0.017275866191815255 0.028555790815469394 0.033663047368439288 0.03048966244044227 0.020237278924292616 -0.012266128934764973 -0.069744182185856193 -0.073050802278400592 -0.0049345356588886271 -0.021111454934590487 0.076145654651098141 0.018171025180068637 19.625000000000004 18.510000228881839 0.012806700703083542 0.02751670136279594 22.625000000000004 0.030456438390909838 0.023590006437734238 0.074532352734606358 0.039991521680157301 0.013234785210327617 0.0064467703598505297 0.0067268361352810233 0.02573480883905466 0.032424568201933741 0.047199133209309359 0.048302189377787193
decision_type=2 2 2 2 2 2 2 2 2 2 2 2 2 2 2 2 2 2 2 2 2 2 2 2 2 2 2 2 2 2
left_child=2 -2 14 7 19 13 20 10 9 15 -3 -12 21 -6 29 16 -9 -18 -16 26 -7 22 23 -10 -24 -23 27 -4 -5 -1
right_child=1 3 4 28 5 6 -8 8 12 -11 11 -13 -14 -15 18 -17 17 -19 -20 -21 -22 25 24 -25 -26 -27 -28 -29 -30 -31
leaf_value=-8.0475491987495927e-05 0.00084711050026580977 1.4196143923695879e-05 -1.7707571581514811e-06 0.00025571107874080396 -9.4516551983511376e-05 -5.8305868822063804e-05 -0.00014195414419783051 0.00025277016425898357 3.5260385884572537e-05 0.00044871578971194582 -5.2425319487168363e-05 0.00021310221091119796 -0.00013193874514667942 -1.1831433287679948e-05 8.1571956716295334e-05 -7.5837340484497109e-05 -0.00019663765227012571 0.0003549251753038034 -0.00019093496204739165 -0.00010325356846508472 0.00014961924484448695 -0.0001793125961296615 0.00026455062782332122 -0.00013769899287158669 -0.00021436542303523572 0.00039600867534170855 0.00010593878954093159 -0.00016938525679321146 -0.00022938941499022299 -0.00015348238585540929
leaf_weight=1544 76 662 4130 1980 1227 98 60 193 2137 58 148 556 224 537 166 194 75 54 45 210 171 359 321 513 40 47 148 243 69 266
leaf_count=1544 76 662 4130 1980 1227 98 60 193 2137 58 148 556 224 537 166 194 75 54 45 210 171 359 321 513 40 47 148 243 69 266
internal_value=-0.000119328 0.00214768 -0.0020944 0.00198558 -0.00134818 -0.00335643 0.0018997 0.00112435 0.000361803 0.00452962 0.00347731 0.00617898 -0.000295249 -0.00433673 -0.00461405 0.00271318 0.0060559 -0.000581395 0.00177725 -0.000459734 0.00473978 0.000124378 0.00068914 -0.000150943 0.00685596 -0.00406404 -0.000171422 -0.000417334 0.00433138 -0.00535912
internal_weight=16551 7706 8845 7630 6824 2093 329 5581 4215 574 1366 704 3641 1764 2021 516 322 129 211 4731 269 3417 3011 2650 361 406 4521 4373 2049 1810
internal_count=16551 7706 8845 7630 6824 2093 329 5581 4215 574 1366 704 3641 1764 2021 516 322 129 211 4731 269 3417 3011 2650 361 406 4521 4373 2049 1810
is_linear=0
shrinkage=0.05


Tree=21
num_leaves=31
num_cat=0
split_feature=4 4 6 6 4 15 13 10 14 12 16 8 4 12 10 12 13 12 13 12 14 14 12 12 10 15 12 12 15 14
split_gain=25.3507 7.88346 7.16101 6.11435 5.69962 3.68297 3.69476 3.71955 4.66782 3.05684 3.01376 3.56093 3.18206 2.89454 3.249 2.69811 2.68013 2.52402 3.52799 2.72354 3.24769 2.53353 2.45745 2.99299 2.42825 3.07648 3.76329 2.41638 3.18892 2.40643
threshold=0.023628891729140868 0.046753866886149291 1.4993518812446751 -0.029128194131768922 0.01338003400601471 0.015266944078015434 30.345000267028812 0.0090978943428771126 -0.03286597934359297 0.076145654651098141 -0.045986067413184221 -0.2134364655701462 0.036382807721450312 -0.0800835440536906 0.020743044846024853 0.086474140948455194 19.295000076293949 -0.062212447341067838 25.505000114440922 -0.03685301683685837 0.08366532037956588 0.037268874881587817 -0.030911519525162908 -0.0033751485842052893 0.0057641825485008633 0.0024217323646066329 -0.040334954813934058 0.0065049739274190008 -0.0088062250582587303 0.074532352734606358
decision_type=2 2 2 2 2 2 2 2 2 2 2 10 2 2 2 2 2 2 2 2 2 2 2 2 2 2 2 2 2 2
left_child=2 3 4 10 -1 6 7 9 -9 17 -2 12 -12 -3 24 -6 -4 -5 19 21 22 -19 -21 -24 25 -15 -27 28 -22 -25
right_child=1 13 16 5 15 -7 -8 8 -10 -11 11 -13 -14 14 -16 -17 -18 18 -20 20 27 -23 23 29 -26 26 -28 -29 -30 -31
leaf_value=-0.00013392540379062419 0.00037753934638582527 0.00081700279251086915 1.3586798042857212e-05 -0.00035818302064739843 -4.3689934147006074e-05 -8.4265176750744636e-05 0.00070236527743866952 0.00030259593202779572 -0.00015679622241090578 -0.000114010872149518 -8.098962870323225e-05 -4.0800702190048855e-06 -0.00033256026826236959 0.00026485288975449349 -0.00022314209394100841 -0.00012238092671136794 0.00022273916269040548 4.8278100761833462e-05 0.00031810095751622319 0.00033243519894215231 0.00027258728800116477 -0.00036719774518414273 -7.6980974130319579e-05 9.7196410962504094e-05 0.00039467415974013022 -0.00064339928619565161 0.00010214527666015458 0.00029924858337470537 -0.00010101085801111181 -0.00018856180955775705
leaf_weight=231 60 61 569 53 6301 263 62 211 41 118 149 4065 53 1002 40 138 136 72 63 42 97 40 250 1340 487 53 356 87 51 54
leaf_count=231 60 61 569 53 6301 263 62 211 41 118 149 4065 53 1002 40 138 136 72 63 42 97 40 250 1340 487 53 356 87 51 54
internal_value=-9.21729e-05 0.00166303 -0.00227458 0.000888997 -0.00278111 0.00268987 0.00326424 0.00296745 0.00873016 0.00232686 -0.000294661 -0.000451137 -0.00693069 0.00443972 0.00410217 -0.00250427 0.00251773 0.0027571 0.00302958 0.00266847 0.00311036 -0.00491071 0.00234282 0.00203771 0.00439937 0.00334869 -0.000305623 0.00861702 0.00472973 0.00294118
internal_weight=16545 9170 7375 7171 6670 2844 2581 2519 252 2267 4327 4267 202 1999 1938 6439 705 2149 2096 2033 1921 112 1686 1644 1898 1411 409 235 148 1394
internal_count=16545 9170 7375 7171 6670 2844 2581 2519 252 2267 4327 4267 202 1999 1938 6439 705 2149 2096 2033 1921 112 1686 1644 1898 1411 409 235 148 1394
is_linear=0
shrinkage=0.05


Tree=22
num_leaves=31
num_cat=0
split_feature=4 13 4 15 11 10 15 12 12 12 12 7 0 8 11 7 10 14 10 11 9 10 16 13 12 12 16 10 14 15
split_gain=24.0978 7.52737 7.4352 3.92086 3.8919 5.86985 3.75669 3.41719 4.49397 3.5406 5.63863 3.12891 3.97825 5.75946 3.62574 3.04362 3.28768 5.14974 5.53728 4.25885 4.08761 3.14981 2.99928 2.91922 3.6962 4.92585 4.9514 2.85074 4.4122 3.0109
threshold=0.033507187874432486 43.015001296997077 0.017275866191815255 0.027220040089441126 0.00081108963534770606 0.0043154379998111567 0.010455769704520447 -0.039191714476565991 0.0027925929369287954 0.014344491575221776 0.016494776846734397 0.048637432645544772 0.015222152341745733 0.09920132706545827 0.014107180383983399 -0.079222553518145597 0.0024780908400362516 -0.034191014747727892 -0.00033994198899656153 -0.020171834808393903 -0.11794018675118116 -0.0045512534975928323 0.060479508024819724 20.659999847412113 0.086474140948455194 0.061412549385283739 0.014667365597709427 0.0047561334202744785 -0.012410493039419599 0.01236702816609603
decision_type=2 2 2 2 2 2 2 2 2 2 2 2 2 10 2 2 2 2 2 2 10 2 2 2 2 2 2 2 2 2
left_child=2 3 -1 22 15 6 23 -7 -9 -10 -11 12 13 -12 -14 21 17 18 -17 20 -18 -4 -2 24 25 -6 -27 -21 29 -29
right_child=1 -3 4 -5 5 7 -8 8 9 10 11 -13 14 -15 -16 16 19 -19 -20 27 -22 -23 -24 -25 -26 26 -28 28 -30 -31
leaf_value=-7.367554826501763e-05 0.00013579416898656661 0.0015084108472098385 -5.7580508829418493e-06 -0.00065790814011617042 -6.4113669482336296e-05 -0.00029545995938984044 0.00020487297311597085 0.00012799825777361844 -0.00012357533930948414 0.0002451831460356965 -1.4476125215359941e-05 -5.9676274380028378e-05 -1.6509232148449262e-05 0.0001850193003870999 0.00016772398583376092 1.3729487825926095e-05 -0.00042894533997590639 7.5023912320015127e-06 0.00033454315931005996 -0.00014677431268968427 -9.5177170440215219e-05 0.0003792832033957164 -0.00023225387000410511 0.00010665637649502312 -0.00013728773320303509 -1.9512087205894157e-05 0.00025746176903221265 9.5746111945635515e-05 -0.00027966371579985156 -3.8612263961877464e-05
leaf_weight=2057 4229 43 53 43 3178 54 86 418 233 50 941 396 100 48 148 95 43 2646 101 211 132 62 55 163 172 110 52 377 71 217
leaf_count=2057 4229 43 53 43 3178 54 86 418 233 50 941 396 100 48 148 95 43 2646 101 211 132 62 55 163 172 110 52 377 71 217
internal_value=-0.000165822 0.00302059 -0.00130588 0.00281373 -0.000750714 -0.0015409 -0.00277187 0.000397822 0.000685518 -0.000339248 0.000460487 -4.59277e-05 0.0011924 -0.000227503 0.00685484 0.000461577 0.000224762 0.00110837 0.00892857 -0.00216461 -0.00928571 0.00847826 0.00296452 -0.00301361 -0.0033172 -0.0029491 0.00555556 -0.000742009 0.000864662 0.00227273
internal_weight=16584 4370 12214 4327 10157 6149 3761 2388 2334 1916 1683 1633 1237 989 248 4008 3893 2842 196 1051 175 115 4284 3675 3512 3340 162 876 665 594
internal_count=16584 4370 12214 4327 10157 6149 3761 2388 2334 1916 1683 1633 1237 989 248 4008 3893 2842 196 1051 175 115 4284 3675 3512 3340 162 876 665 594
is_linear=0
shrinkage=0.05


Tree=23
num_leaves=31
num_cat=0
split_feature=4 11 11 6 5 13 16 11 11 16 6 14 14 12 13 12 15 12 15 10 5 14 12 11 14 13 1 10 10 13
split_gain=20.0687 7.72273 7.12824 5.18839 5.46826 4.80785 4.01822 3.5452 3.29964 5.1061 3.72623 4.05174 4.47366 3.93227 5.88665 4.06923 3.65581 3.85667 3.43047 3.26642 3.26021 3.22464 3.18582 4.06715 3.54243 4.10034 3.0389 3.0089 3.21027 2.94963
threshold=0.031548529324152912 -0.0081164241286432719 -0.055970662091911087 0.60765729528208523 0.0086009198609716397 13.934999942779543 0.047199133209309359 -0.0099347791487244246 0.018680382496318208 0.039078158307907847 -1.3095754907417065 -0.035596703045515869 -0.053822016056010884 0.064838979523685905 16.550000190734867 0.0027925929369287954 -0.010701715815107647 0.04024441514895117 0.0056996612042780068 0.0057884366035171339 0.028555790815469394 -0.048319541899194234 0.035278924713739175 0.0072247197872850064 -0.01759756320211869 18.394999504089359 0.0081939397303338896 0.0017576086312266483 0.00069579143919507047 30.345000267028812
decision_type=2 2 2 2 2 2 2 2 2 2 2 2 2 2 2 2 2 2 2 2 2 2 2 2 2 2 2 2 2 2
left_child=1 5 -2 4 -3 -1 20 29 9 16 -10 12 -12 14 15 -13 17 -6 -14 -16 -4 -8 -18 24 -24 27 -9 28 -26 -7
right_child=2 3 6 -5 8 7 21 26 10 -11 11 13 18 -15 19 -17 22 -19 -20 -21 -22 -23 23 -25 25 -27 -28 -29 -30 -31
leaf_value=0.00034446362032282835 0.0010875445080020031 -0.00013183712670995575 5.531250825588077e-05 1.1194365346226887e-05 -6.8027878658656268e-06 -8.4393408520903191e-07 0.00015436993769198868 2.4416785682287481e-05 -0.00014991213757710272 -0.00030002985228097154 -3.2359236223484386e-06 -0.00034169897137241749 0.00028144438581143217 -0.00013859497107504491 4.7203359985317951e-05 -2.6994623612500983e-05 -4.2207068032514617e-05 0.00021113456142735762 2.6716937698650132e-05 0.00033925647314897439 0.00022855596660992049 -0.00021411394641129857 -0.00010969391954967385 -0.00012575860775541599 -4.8081612196459273e-05 0.00016446262582918609 0.00027359071472948267 0.00010817415240631435 -0.00026936250738374221 0.00036280520999058661
leaf_weight=55 59 163 2699 1860 252 2095 64 205 73 112 244 52 95 142 229 596 3337 65 118 76 1948 134 355 944 172 85 98 124 47 48
leaf_count=55 59 163 2699 1860 252 2095 64 205 73 112 244 52 95 142 229 596 3337 65 118 76 1948 134 355 944 172 85 98 124 47 48
internal_value=-4.23063e-05 -0.00117248 0.0026407 -0.00184608 -0.00244815 0.00128948 0.00243034 0.000960752 -0.0022408 -0.00282632 -0.000261538 0.000257732 0.00421225 -0.00139269 -0.000236097 -0.0029321 -0.00260639 0.00260252 0.00950704 0.0054918 0.00272757 -0.00454545 -0.00293246 -0.00467574 -0.00201149 0.0010514 0.0060231 -0.00138484 -0.00490868 0.000244984
internal_weight=16546 11642 4904 9141 7281 2501 4845 2446 7118 5493 1625 1552 457 1095 953 648 5381 317 213 305 4647 198 5064 1727 783 428 303 343 219 2143
internal_count=16546 11642 4904 9141 7281 2501 4845 2446 7118 5493 1625 1552 457 1095 953 648 5381 317 213 305 4647 198 5064 1727 783 428 303 343 219 2143
is_linear=0
shrinkage=0.05


Tree=24
num_leaves=31
num_cat=0
split_feature=5 11 11 16 10 10 16 5 10 11 13 15 0 5 6 10 3 16 14 16 13 10 10 0 15 14 10 13 15 15
split_gain=13.817 9.37915 5.67886 4.36322 5.27115 5.61442 5.54924 4.88358 4.3089 4.91258 4.98287 4.1109 4.72784 3.72181 3.76706 3.65983 3.65951 3.8821 4.38253 3.90407 4.40008 4.5862 3.99149 5.53645 3.64947 4.14626 3.59808 5.56894 5.47027 4.26079
threshold=0.015581664214526064 -0.055970662091911087 0.00081108963534770606 -0.012266128934764973 0.0049263446860405855 0.0059551342576112951 -0.018979182309047767 0.032116106399379445 0.0024780908400362516 -0.013624975324509013 13.554999828338625 -0.028606659431824218 -0.028922696360571206 0.012582274550849561 -1.1773200596132081 0.0011530196642344228 0.013792277949484235 -0.00077041105932329479 0.13795776446892064 -0.0069927042871127934 17.994999885559086 -0.0026636628961290705 -0.0046973619314177864 -0.016093381812339377 -0.012018783702045619 0.091738005227369426 0.0089823327220962552 28.970000267028812 0.015266944078015434 0.015919802756303784
decision_type=2 2 2 2 2 2 2 2 2 2 2 2 2 2 2 2 2 2 2 2 2 2 2 2 2 2 2 2 2 2
left_child=2 -2 8 4 11 -6 -7 26 15 -10 -11 -3 -13 14 -4 16 17 19 -19 20 21 22 23 -1 25 -22 27 -5 -28 -30
right_child=1 3 13 7 5 6 -8 -9 9 10 -12 12 -14 -15 -16 -17 -18 18 -20 -21 24 -23 -24 -25 -26 -27 28 -29 29 -31
leaf_value=0.00021129997146331718 0.0008252147569062226 -0.00026913406777864492 -0.00015083596661231657 -1.6204405728884954e-05 -0.0005338798376635709 -7.9725439834372469e-05 0.00032449971899256613 0.00021823467598261275 -0.00016536299655895554 -0.0002762094960553979 1.2419245387517483e-05 0.00037131655368929684 0.00011834561673338667 -1.8779847352373097e-05 -5.3857092989734961e-05 0.00017167241912058526 0.00043621017630935213 -3.7615882159596414e-05 -0.00028758188554507577 0.00010644224479734316 -0.00019509332836456741 -0.00014018644063336835 0.00012496150536334049 -0.0001537585581635647 0.00010475369341793594 2.0231736491395935e-05 0.00016095073903572236 -0.00032118449500950151 -0.00023316561613730168 3.0147625151073606e-06
leaf_weight=56 71 78 138 3958 77 214 92 1092 212 56 600 244 1055 2624 2635 152 47 614 63 294 72 158 163 197 464 240 495 45 46 287
leaf_count=56 71 78 138 3958 77 214 92 1092 212 56 600 244 1055 2624 2635 152 47 614 63 294 72 158 163 197 464 240 495 45 46 287
internal_value=-0.000261503 0.00127676 -0.00161924 0.00110959 0.00329545 -0.00189295 0.00114379 0.000460071 -1.4758e-05 -0.003053 -0.000914634 0.00473856 0.00540801 -0.00262646 -0.00390371 0.00103175 0.000548986 0.00026928 -0.00291728 0.00158151 0.000444444 -0.00287456 -0.000120192 -0.00405138 0.00289948 -0.00128205 -0.000222521 -0.000843118 0.00277778 -0.00217718
internal_weight=16539 7754 8785 7683 1760 383 306 5923 3388 868 656 1377 1299 5397 2773 2520 2368 2321 677 1644 1350 574 416 253 776 312 4831 4003 828 333
internal_count=16539 7754 8785 7683 1760 383 306 5923 3388 868 656 1377 1299 5397 2773 2520 2368 2321 677 1644 1350 574 416 253 776 312 4831 4003 828 333
is_linear=0
shrinkage=0.05


Tree=25
num_leaves=31
num_cat=0
split_feature=5 12 6 5 13 10 8 14 12 12 3 13 14 15 15 3 15 12 6 14 16 13 5 9 12 10 6 6 1 6
split_gain=16.8281 9.27883 6.23577 6.35006 4.05378 3.96994 3.93876 5.35322 3.66748 3.60467 3.47586 4.21799 3.59115 4.87831 3.36101 3.30339 3.26307 3.62429 3.09985 3.0726 6.481 4.55002 3.0351 2.96923 2.91476 3.17104 2.88159 3.00835 3.05163 2.85058
threshold=0.020767373570006766 -0.0800835440536906 0.60765729528208523 0.0091791298932936676 23.409999847412113 -0.0064885542336663984 0.16887067105743983 -0.051930076870410451 0.029587854734561384 0.076145654651098141 0.0029233435652337163 19.520000457763675 -0.068623004427642229 0.015034849191404189 0.027220040089441126 -0.0062007434657378449 0.013759676702301162 0.02751670136279594 -0.789193239628878 -0.033157965869525234 -0.034280433865008335 20.980000495910648 0.019204217554965285 0.18510851872197312 0.060736878271406176 0.0014013847331743048 2.4174638802405179 0.79595989086989916 -0.014259937373276575 0.62790341788545456
decision_type=2 2 2 2 2 2 8 2 2 2 2 2 2 2 2 2 2 2 2 2 2 2 2 8 2 2 2 2 2 2
left_child=2 -2 3 -1 23 8 9 -8 29 10 11 12 13 -5 19 -9 -12 -18 -14 21 -21 -7 -13 -4 -20 -26 27 28 -25 -3
right_child=1 5 4 6 -6 14 7 15 -10 -11 16 22 18 -15 -16 -17 17 -19 24 20 -22 -23 -24 26 25 -27 -28 -29 -30 -31
leaf_value=-0.00012303016118674981 0.00070831809246078153 7.5350017864016597e-05 4.4269932583195386e-05 7.5779477459064168e-05 0.0001859541995454398 0.00022690675307936032 0.00016683223279462969 -1.6799813096386556e-05 0.00046243636750633991 -8.7338329846383628e-05 2.6464252820128073e-05 4.3413845938888518e-05 -0.0001021178144894855 -0.00017606683912448239 -0.00064454165557828057 -0.00018752553588005712 -7.9815306165734266e-05 0.00011706363738080861 -3.7569428273924373e-05 0.0010737019819565044 3.9878342150292611e-06 -6.4898912299369418e-05 -0.00011944634980495736 0.00019115102119654167 0.00019494223578756282 -9.9317021557697885e-05 0.00010016049970895816 -7.9241753956955593e-05 -2.241774114343457e-05 0.00054930903300475702
leaf_weight=341 97 435 1490 280 201 945 57 106 137 309 2192 881 1062 42 46 295 224 128 3466 51 2161 333 111 40 64 51 209 600 109 105
leaf_count=341 97 435 1490 280 201 945 57 106 137 309 2192 881 1062 42 46 295 224 128 3466 51 2161 333 111 40 64 51 209 600 109 105
internal_value=-0.000193143 0.0024942 -0.00113803 -0.00173015 0.00100982 0.00214218 -0.0014836 -0.00600437 0.00564993 -0.00124858 -0.00105576 -0.00171647 -0.00231118 0.00279503 0.00147059 -0.00804239 0.000491352 -0.00397727 -0.0026653 0.00164756 0.000519892 0.00359937 0.00126008 0.000449346 -0.00196174 0.00586957 -0.00172234 -0.00317089 0.00318792 0.0037963
internal_weight=16568 4310 12258 9609 2649 4213 9268 458 677 8810 8501 5957 4965 322 3536 401 2544 352 4643 3490 2212 1278 992 2448 3581 115 958 749 149 540
internal_count=16568 4310 12258 9609 2649 4213 9268 458 677 8810 8501 5957 4965 322 3536 401 2544 352 4643 3490 2212 1278 992 2448 3581 115 958 749 149 540
is_linear=0
shrinkage=0.05


Tree=26
num_leaves=31
num_cat=0
split_feature=5 11 5 8 13 16 1 3 6 6 11 3 10 11 5 6 10 8 10 10 14 14 9 6 2 13 10 14 4 10
split_gain=18.3633 8.06669 4.97952 4.29169 4.45474 4.03555 3.91792 4.43432 3.86099 3.81671 3.5478 3.44995 3.37476 4.37972 3.34919 3.08286 3.0293 2.99908 2.96014 4.81259 3.26552 3.5175 3.16743 2.93277 2.88552 4.54856 3.55592 2.63006 3.20173 2.6621
threshold=0.017191196446282683 -0.055970662091911087 0.0086009198609716397 0.15303089695177366 19.585000038146976 0.052240914232125964 0.039392705023268311 -0.0059427438264330048 -0.31842291662496475 -1.5126056941681123 0.023488244118780924 0.013792277949484235 9.4848672244407531e-05 0.044463646975978717 0.012015211230255471 0.79595989086989916 0.0054292176155683611 0.087723956263223948 0.00074647751592549227 0.0081754329593887193 -0.073050802278400592 -0.12096344977185801 -0.0063229409027773511 0.42909574808309442 -0.12341647916050756 23.529999732971195 0.022083148554437052 -0.033157965869525234 0.015680176384052755 -0.0015878085358975167
decision_type=2 2 2 8 2 2 2 2 2 2 2 2 2 2 2 2 2 10 2 2 2 2 8 2 2 2 2 2 2 2
left_child=2 -2 -1 4 8 9 7 -5 -4 -3 14 24 -12 17 27 -8 -15 -14 -6 22 21 -21 -20 -9 25 -11 -26 28 -10 -29
right_child=1 5 3 6 18 -7 15 23 10 11 12 -13 13 16 -16 -17 -18 -19 19 20 -22 -23 -24 -25 26 -27 -28 29 -30 -31
leaf_value=-0.00011506163945765644 0.00095649064013355255 -0.00031727408978571926 -5.0706807507825383e-05 3.2421786748580705e-05 6.9720428221877733e-05 -0.00017443838009541685 0.0001484457179967696 -0.00023841489282611843 -0.00014534257481531814 0.00012669353023998594 -0.0002335762682363689 0.00022114212617931934 0.00014860586314945396 0.00011918127163237378 1.2743703907861643e-06 -0.00019681345964760622 -0.00026543161186539592 -0.00011025182417512746 -0.0002034749465252605 7.1157746492435354e-05 0.00023657707078819187 -0.00020601271337048374 -8.852938219174271e-05 -7.5757594928410274e-05 4.7191472378445417e-05 0.00059853515338999296 -0.00022953112305864785 -2.6863546529595513e-05 4.5259068638373774e-05 -8.7982820422609053e-05
leaf_weight=265 61 64 3729 69 892 121 88 215 55 632 57 716 380 40 2353 47 42 50 66 62 132 47 173 55 4528 121 45 520 330 610
leaf_count=265 61 64 3729 69 892 121 88 215 55 632 57 716 380 40 2353 47 42 50 66 62 132 47 173 55 4528 121 45 520 330 610
internal_value=-0.000140356 0.00198791 -0.00144254 -0.00126348 -0.00103271 0.00181066 -0.00590717 -0.00877581 -0.00147563 0.00198985 -0.000478927 0.0021185 0.00320738 0.00449219 -0.0010212 0.0012963 -0.00609756 0.00651163 0.0016035 -0.0015625 0.00342324 -0.00298165 -0.00658996 -0.0116667 0.00168044 0.00454847 0.00120818 -0.00285479 0.000714286 -0.0040708
internal_weight=16565 6288 10277 10012 9538 6227 474 339 8166 6106 4437 6042 569 512 3868 135 82 430 1372 480 241 109 239 270 5326 753 4573 1515 385 1130
internal_count=16565 6288 10277 10012 9538 6227 474 339 8166 6106 4437 6042 569 512 3868 135 82 430 1372 480 241 109 239 270 5326 753 4573 1515 385 1130
is_linear=0
shrinkage=0.05


Tree=27
num_leaves=31
num_cat=0
split_feature=4 11 6 5 4 11 14 14 14 0 12 3 13 12 15 13 13 14 10 15 12 1 2 15 15 11 11 12 11 15
split_gain=15.3055 7.97605 5.47112 5.12207 4.35237 3.73911 3.92053 6.72949 3.77763 4.21253 3.28745 3.25199 3.2928 3.24131 4.24356 4.23014 3.20575 2.9249 4.0267 4.02428 2.99605 2.76215 2.95521 2.85694 4.10514 3.81381 3.67771 3.39131 3.40367 2.62598
threshold=0.023245172675315198 -0.055970662091911087 1.3195001573016059 0.0086009198609716397 0.052330800719824842 -0.0013567736689930052 -0.069744182185856193 -0.073050802278400592 -0.073802250117532039 0.0007054292383272821 0.021693998685899721 -0.00056749597241501071 18.904999732971195 0.047210036884337898 0.0020570955851356714 12.119999885559084 19.295000076293949 -0.021911996714153944 -0.0018375961202146127 -0.0077478719164915102 0.027409196484277535 0.035418570417740998 0.16954419480947439 0.011101057033020336 0.0075539245282733045 -0.0018747861561404509 -0.0068475669097032279 -0.051373899775069835 -0.011803471640552064 -0.015434750499968617
decision_type=2 2 2 2 2 2 2 2 2 2 2 2 2 2 2 2 2 2 2 2 2 2 2 2 2 2 2 2 2 2
left_child=2 -2 3 -1 5 21 7 8 9 -7 -11 12 -5 15 -15 -13 -4 -14 19 -19 -20 22 23 24 25 -3 -26 -25 -29 -8
right_child=1 4 16 11 -6 6 29 -9 -10 10 -12 13 17 14 -16 -17 -18 18 20 -21 -22 -23 -24 27 26 -27 -28 28 -30 -31
leaf_value=-0.00011656722397140641 0.00058546183597281876 3.7072659504200837e-05 9.8717768072892519e-06 -7.3174026289801392e-05 0.00022703170054164435 0.00014934066617243439 0.00013212927351129237 0.00052382423876764768 -0.00022870846572555588 -6.1623691716282929e-05 0.00023550167954994458 -0.00022470813023459492 -7.6182354761635253e-05 1.2990239635676892e-05 -0.00011701013793194368 -6.6106147768486492e-06 0.00017518430772719344 6.2648060690081474e-05 3.5988381017258192e-05 -0.00019813010488714457 0.0002715491031924336 0.00014713321934354629 -0.00019700806071399585 0.00018451363292885348 0.00032694137773892057 0.00042997253328050529 1.6805441925720745e-05 -0.00045851155262255242 -5.561598097114473e-05 -2.2277877112385561e-05
leaf_weight=216 77 2010 626 1997 1414 130 126 61 46 235 142 41 127 217 341 2985 140 159 40 83 43 381 120 51 112 45 72 76 130 4256
leaf_count=216 77 2010 626 1997 1414 130 126 61 46 235 142 41 127 217 341 2985 140 159 40 83 43 381 120 51 112 45 72 76 130 4256
internal_value=-0.000128796 0.00118094 -0.0018995 -0.00238838 0.00104975 0.000597398 -0.000240192 0.00350163 0.00176311 0.00300789 0.000331565 -0.00211752 -0.00352185 -0.00115792 -0.0046595 -0.000512227 0.00208877 0.000331858 0.00284615 -0.000413223 0.0123494 0.00199366 0.00141437 0.00178285 0.00235596 0.00171533 0.00951087 -0.00321012 -0.00606796 -0.000764491
internal_weight=16499 9484 7015 6249 9407 7993 4996 614 553 507 377 6033 2449 3584 558 3026 766 452 325 242 83 2997 2616 2496 2239 2055 184 257 206 4382
internal_count=16499 9484 7015 6249 9407 7993 4996 614 553 507 377 6033 2449 3584 558 3026 766 452 325 242 83 2997 2616 2496 2239 2055 184 257 206 4382
is_linear=0
shrinkage=0.05


Tree=28
num_leaves=31
num_cat=0
split_feature=4 13 6 16 3 16 5 15 13 5 10 16 16 2 16 10 4 12 0 13 11 11 10 0 12 15 10 6 3 3
split_gain=14.7521 8.23121 4.99871 4.44678 5.35351 3.83691 3.91738 3.60248 3.53729 3.36889 3.32314 3.35257 4.01438 3.39726 2.80355 3.41299 3.32045 3.26926 3.21765 2.69687 2.61433 3.22504 2.6074 4.02498 2.51377 4.62919 3.54444 3.50665 3.05572 3.04779
threshold=0.021723283146014124 35.690000534057624 0.10312174558405614 0.032202522096609128 0.0086685511294047907 0.02179152883540281 0.020910872558784502 0.027220040089441126 12.119999885559084 0.0086009198609716397 -0.018534133998249432 -0.0126847008143236 0.015240572720785829 -0.11614210800951223 0.023801166003009192 0.0096673329469677566 0.025793947950674068 -0.019407613730768488 0.0076108545100836986 26.284999847412113 0.026101740885835282 0.0023967132721236521 -0.0057598786545655081 0.01014344963954872 0.048021249302454556 0.0018164194225900323 0.00090086479202544656 0.50993686233144608 0.0014046341490030481 -0.0058284919127665194
decision_type=2 2 2 2 2 2 2 2 2 2 2 2 2 2 2 2 2 2 2 2 2 2 2 2 2 2 2 2 2 2
left_child=8 2 3 4 5 6 20 10 -1 -10 -4 -12 22 -14 18 16 -16 -18 -7 -6 21 -2 23 -13 28 26 29 -27 -11 -26
right_child=1 -3 7 -5 19 14 -8 -9 9 24 11 12 13 -15 15 -17 17 -19 -20 -21 -22 -23 -24 -25 25 27 -28 -29 -30 -31
leaf_value=-0.00016263013768459201 -9.5567260101893987e-06 0.00052357898556084097 -0.00029006151259060531 -7.2585397454284298e-05 8.7343759411669813e-05 0.00028949424140088312 4.3562203583044724e-05 -0.00061121749454226852 -8.3598632092735461e-05 -4.1331174841094132e-05 0.00016748682814810481 6.2738237426800478e-05 0.00049252280694634385 9.7687670622834257e-05 -0.00014405195108842979 0.00037372042874297571 0.00043061497634834631 1.2073483206223418e-05 -2.0614785586178103e-05 0.00058769103810579672 0.00012123101472927018 -7.0964579628110923e-05 -1.5310358657398808e-05 0.00060437447023715051 0.00012232245648495488 -0.00013537593823813266 9.4548613687342117e-05 1.2359727200691139e-06 2.9093358144942958e-06 -0.00010785684616372574
leaf_weight=100 1656 113 78 752 738 118 1797 50 256 2771 723 205 69 1164 126 97 42 250 51 55 61 1374 1275 55 44 307 114 90 1878 178
leaf_count=100 1656 113 78 752 738 118 1797 50 256 2771 723 205 69 1164 126 97 42 250 51 55 61 1374 1275 55 44 307 114 90 1878 178
internal_value=-0.000128112 0.000956309 0.000815015 4.56653e-05 0.000475255 -7.17875e-05 -0.000562602 0.00232799 -0.00217846 -0.00201313 0.00251471 0.00274277 0.00195087 0.00407543 0.00343567 0.00160194 -0.000358852 0.00256849 0.00902367 0.00431904 -0.00164186 -0.00184818 0.0002443 0.00480769 -0.00174656 -0.00446794 -0.00014881 -0.00812343 -0.00131749 -0.00382883
internal_weight=16587 10849 10736 7117 6365 5572 4888 3619 5738 5638 3569 3491 2768 1233 684 515 418 292 169 793 3091 3030 1535 260 5382 733 336 397 4649 222
internal_count=16587 10849 10736 7117 6365 5572 4888 3619 5738 5638 3569 3491 2768 1233 684 515 418 292 169 793 3091 3030 1535 260 5382 733 336 397 4649 222
is_linear=0
shrinkage=0.05


Tree=29
num_leaves=31
num_cat=0
split_feature=4 11 16 15 13 5 14 13 3 13 15 13 13 0 9 11 16 0 3 8 3 14 8 15 14 16 13 3 8 14
split_gain=12.7339 6.87663 3.79739 4.28944 3.70468 3.51907 3.34646 3.57372 5.26928 6.72719 3.36852 2.98419 3.25908 2.83647 2.74864 3.67165 2.72599 2.72223 2.69322 5.26277 2.494 2.87434 3.05746 2.31027 2.19857 3.23293 2.37498 3.78055 4.47358 3.74181
threshold=0.02570738817667044 -0.055970662091911087 -0.012266128934764973 -0.03509478009445887 12.119999885559084 0.032116106399379445 -0.0049345356588886271 20.555000305175785 -0.00155525131328732 26.85000038146973 -0.018490781439670364 20.060000419616703 16.425000190734867 -0.022009037235170888 -0.3501817253717413 -0.01963547275857069 0.0036864299677561445 -0.016493398426841218 0.0098594812557971662 0.10258887543772889 -0.008650873147540759 -0.015515001009757 -0.021171525067742499 -0.0044426439124000119 -0.10816573528732347 -0.018460005294272438 19.585000038146976 -0.0060625496666105718 0.15303089695177366 -0.067583665573298909
decision_type=2 2 2 2 2 2 2 2 2 2 2 2 2 2 10 2 2 2 2 10 2 2 8 2 2 2 2 2 8 2
left_child=4 -2 3 -3 16 -4 7 20 -9 -10 17 12 -12 -6 15 -14 -1 -8 24 23 -5 -22 -23 -20 25 -15 -26 -28 29 -29
right_child=1 2 5 6 13 -7 10 8 9 -11 11 -13 14 18 -16 -17 -18 -19 19 -21 21 22 -24 -25 26 -27 27 28 -30 -31
leaf_value=-0.00024472105480759812 0.00067137973600027889 -0.0004582173463312211 -9.0000805194195849e-07 0.00039174330103014185 4.5893673183063481e-05 0.00018223209168181316 0.00012228680250422961 -0.00028186600643296806 -8.2058793691196065e-05 0.00060359537342268607 0.00038540915005903743 0.00028577159724793908 0.00030530048040493843 1.8053679900706388e-05 0.00013738767122138744 -0.00030473187577813104 -8.4946036243429166e-05 -0.00020215076665264047 0.00019230430384260065 -0.00020522907855626178 0.00014352949099154821 0.00019045408424767974 -0.00028383921790758095 3.7722838301666252e-05 -3.2923104196780398e-05 -0.00011915292341551235 0.00011515069954017208 0.00037681235835960493 -0.00018294254567820879 -4.1154552070176315e-06
leaf_weight=61 69 41 4743 69 392 1107 152 122 147 50 102 339 45 66 176 42 55 68 83 67 346 41 59 316 6559 179 138 55 85 728
leaf_count=61 69 41 4743 69 392 1107 152 122 147 50 102 339 45 66 176 42 55 68 83 67 346 41 59 316 6559 179 138 55 85 728
internal_value=-0.000166646 0.00131511 0.00117336 0.00318232 -0.00146858 0.000555556 0.00355518 0.00125899 -0.00289969 0.00215736 0.00562771 0.00731534 0.00417808 -0.00134979 0.00123574 -0.00603448 -0.0103448 0.000227273 -0.00154664 0.00214592 0.00383495 0.00246637 -0.005 0.00432331 -0.00176697 -0.00642857 -0.00161599 0.000646123 -0.000576037 0.000606641
internal_weight=16502 7718 7649 1799 8784 5850 1758 834 319 197 924 704 365 8668 263 87 116 220 8276 466 515 446 100 399 7810 245 7565 1006 868 783
internal_count=16502 7718 7649 1799 8784 5850 1758 834 319 197 924 704 365 8668 263 87 116 220 8276 466 515 446 100 399 7810 245 7565 1006 868 783
is_linear=0
shrinkage=0.05


Tree=30
num_leaves=31
num_cat=0
split_feature=4 11 6 5 15 6 5 11 13 13 11 13 13 12 11 11 12 12 12 15 9 13 11 5 13 13 9 13 3 3
split_gain=11.7847 4.80411 4.59251 4.49997 3.36555 3.25581 3.13187 3.28374 3.01127 4.5811 2.96939 2.49888 2.76515 4.35111 2.73613 2.66145 2.47224 3.45474 5.62581 3.827 3.73179 2.42484 2.39065 2.31583 3.47777 2.58511 2.19865 2.16885 2.10842 2.02319
threshold=0.024124802553511761 -0.055970662091911087 0.31736102747239392 0.035381509668580106 0.027220040089441126 1.4487157957771466 0.0086009198609716397 0.0079965891664850481 30.345000267028812 28.970000267028812 -0.0015248448169167259 19.105000495910648 17.840000152587894 0.01609265809314964 0.003813504719322514 0.023193318891049478 0.082959740110242888 0.061412549385283739 0.057354881634701156 0.0019161988158903356 0.0820864580580596 16.469999313354496 -0.0065232260485101326 0.017041030661988067 14.184999942779543 13.34500026702881 0.17351065496376997 13.484999656677248 -0.00074503374927364907 -0.0031695444785571065
decision_type=2 2 2 2 2 2 2 2 2 2 2 2 2 2 2 2 2 2 2 2 8 2 2 2 2 2 8 2 2 2
left_child=5 -2 3 8 23 6 7 -1 9 -3 21 12 13 -7 26 -16 17 18 -8 20 -19 -5 -13 27 25 -25 -15 -4 -10 -23
right_child=1 2 4 10 -6 11 16 -9 28 -11 -12 22 -14 14 15 -17 -18 19 -20 -21 -22 29 -24 24 -26 -27 -28 -29 -30 -31
leaf_value=-3.6157276285951805e-05 0.0007928975368143242 -1.8354407387692531e-06 0.00035264377350784835 0.00091813821879475432 -0.0005693122930947377 0.00015992074436366316 -2.2492287792239259e-05 -0.0001071987939304288 4.7851725326268116e-05 -0.00042495637090599796 9.2233764533682181e-05 8.1709416220358309e-05 -0.00016835760597224927 0.00012838406178890217 -0.00011557447388664267 0.00024896139876831239 -9.1803055073240187e-05 2.2586613679982485e-06 -0.00017258616354182168 -2.6199074828549709e-05 0.00025314347279211795 0.00016213623085328447 0.00027453086251199741 0.0002389779726451504 0.00024199657304044535 -0.00012268753639017722 -4.9269501879807819e-05 7.3739566748242708e-06 0.00029715780064314313 0.00053064651606706925
leaf_weight=134 67 5438 50 47 45 144 6182 105 54 48 508 112 95 88 175 49 157 51 173 79 68 102 41 141 1307 141 58 692 58 112
leaf_count=134 67 5438 50 47 45 144 6182 105 54 48 508 112 95 88 175 49 157 51 173 79 68 102 41 141 1307 141 58 692 58 112
internal_value=-3.48042e-05 0.00121453 0.00111232 0.000412282 0.00298822 -0.0014622 -0.00180242 -0.00742678 -8.03859e-05 -0.000246081 0.0039987 0.00164042 0.000205255 0.0016537 -0.00121622 -0.0046875 -0.00160209 -0.00145353 -0.00165618 0.00505051 0.0107143 0.00833333 0.00735294 0.00324968 0.00432662 -0.00070922 0.00410959 0.000943396 0.00803571 0.00607477
internal_weight=16521 8810 8743 6367 2376 7711 6949 239 5598 5486 769 762 609 514 370 224 6710 6553 6355 198 119 261 153 2331 1589 282 146 742 112 214
internal_count=16521 8810 8743 6367 2376 7711 6949 239 5598 5486 769 762 609 514 370 224 6710 6553 6355 198 119 261 153 2331 1589 282 146 742 112 214
is_linear=0
shrinkage=0.05


Tree=31
num_leaves=31
num_cat=0
split_feature=4 12 8 6 15 3 12 14 1 4 7 9 9 6 7 7 8 13 4 1 12 14 15 3 7 4 12 8 12 12
split_gain=10.9738 5.55918 4.30684 4.10502 4.03813 3.7066 3.41011 3.05963 3.05268 2.76026 3.74115 2.72666 2.9531 3.37087 2.54172 2.50785 2.42337 2.34208 2.42009 2.51638 2.32022 2.66279 2.74939 2.24884 2.54824 2.19974 2.36706 2.28433 3.11401 2.85419
threshold=0.034236789293497653 -0.071455509470426767 -0.11979231101278447 0.237327869763894 0.026060799138933114 0.0040671972619119598 0.01609265809314964 0.082924621878779262 0.062886151370209489 0.019895219675460377 -0.044020428276166472 -0.24561555533337612 0.43395632270855616 0.26077557188627593 0.085598620780474657 0.0013214485839492254 -0.015022356060419515 17.164999961853031 0.015274436137449176 0.06960253070268109 -0.062212447341067838 -0.069744182185856193 0.012806700703083542 0.0074819689469058934 0.065435126657821377 0.028248664828473855 -0.05793872793170584 -0.015022356060419515 -0.022249459031218995 0.0020578484903100995
decision_type=2 2 10 2 2 2 2 2 2 2 2 8 8 2 2 2 10 2 2 2 2 2 2 2 2 2 2 8 2 2
left_child=3 2 -2 5 11 9 17 8 -8 10 -1 15 13 14 20 -3 -14 18 -5 -20 -13 -22 -23 24 -10 27 -27 28 -19 -29
right_child=1 4 -4 6 -6 -7 7 -9 23 -11 -12 12 16 -15 -16 -17 -18 25 19 -21 21 22 -24 -25 -26 26 -28 29 -30 -31
leaf_value=0.00012104579661940006 0.0015963263300314068 0.00019104724612859696 4.4411760513346938e-05 -5.5730396912936176e-05 -0.00056804826572548744 6.1760488005446937e-06 -1.2418454778344302e-05 9.7157909151181481e-05 -0.00016003535813046145 -2.1163413262851458e-05 -6.6865757124412147e-05 -0.00042077745293131301 2.3629181151703806e-05 0.00021576769569467901 -0.00016657930635050755 0.00041889991241076232 0.00027722308465319352 4.5252776099769925e-06 0.00010199536144751945 -0.00016827080733782963 0.00015691416302161142 -1.4504109777833127e-05 -0.00032992224277220194 -0.00018530766280583263 6.4137169000527073e-05 -0.00020617913298997973 0.00026524980270854753 -1.4285138475377642e-05 -0.00020261898882995781 0.00021201454603638517
leaf_weight=50 82 308 108 40 49 1907 1819 114 48 4322 2396 55 571 597 202 73 926 134 551 55 172 1004 64 88 102 41 156 354 142 116
leaf_count=50 82 308 108 40 49 1907 1819 114 48 4322 2396 55 571 597 202 73 926 134 551 55 172 1004 64 88 102 41 156 354 142 116
internal_value=-0.000300372 0.00190572 0.0102632 -0.00104745 0.00151082 -0.00164553 0.000332447 -0.000955781 -0.00139767 -0.00219415 -0.00353639 0.00168681 0.00126009 4.77555e-05 -0.0012191 0.00570866 0.00295591 0.00209251 0.00441176 0.00519802 -0.000405405 4.03226e-05 -0.000889513 -0.00672269 -0.003 0.000503712 0.00520305 -0.000737265 -0.00434783 0.00138298
internal_weight=16646 4211 190 12435 4021 8675 3760 2171 2057 6768 2446 3972 3591 2094 1497 381 1497 1589 646 606 1295 1240 1068 238 150 943 197 746 276 470
internal_count=16646 4211 190 12435 4021 8675 3760 2171 2057 6768 2446 3972 3591 2094 1497 381 1497 1589 646 606 1295 1240 1068 238 150 943 197 746 276 470
is_linear=0
shrinkage=0.05


Tree=32
num_leaves=31
num_cat=0
split_feature=4 6 15 13 13 2 16 11 6 16 4 13 11 10 7 12 13 12 15 12 10 13 11 13 4 6 11 13 12 16
split_gain=8.7656 5.13457 4.09758 3.42696 5.6456 3.57568 3.18907 4.91804 3.17753 3.02419 2.60213 3.47675 2.54371 4.54049 4.08697 4.02649 4.43893 3.73359 4.35471 4.76291 3.50257 3.4152 7.32601 3.41118 3.39106 3.36199 3.35753 3.339 3.67375 3.20489
threshold=0.024853997297895034 0.10312174558405614 0.027220040089441126 30.345000267028812 28.970000267028812 -0.032765525904413999 0.044326422492233515 0.040036417291261513 3.5871890963501207 -0.017165880606854918 0.039031653610047894 25.960000038146976 0.018680382496318208 -0.0016439356314020823 -0.0013895418014361336 0.013959739003271522 20.714999198913578 0.022797255871279457 -0.0068216269565427581 0.034244074060112324 -0.0019809489570107304 18.675000190734867 -0.0019949818348388155 14.715000152587892 0.01655694049378836 0.92051113876132551 0.014562779709105135 17.605000495910648 -0.035060451823698983 -0.0009521524558744886
decision_type=2 2 2 2 2 2 2 2 2 2 2 2 2 2 2 2 2 2 2 2 2 2 2 2 2 2 2 2 2 2
left_child=8 3 9 4 6 -5 7 10 12 -3 -2 -12 13 20 -14 16 21 -17 26 24 29 27 -23 -22 -20 -26 -19 28 -15 -1
right_child=1 2 -4 5 -6 -7 -8 -9 -10 -11 11 -13 14 15 -16 17 -18 18 19 -21 23 22 -24 -25 25 -27 -28 -29 -30 -31
leaf_value=1.3937636993346937e-05 -1.5001530174188743e-05 0.00019387734868885325 -0.00051763424110124834 0.0004594726376072548 -0.000538760785030716 -7.8975168006174912e-05 -9.9814059712894816e-05 0.00036633991347425693 0.00010847458267875437 8.2039986489952177e-05 7.5494886169741448e-05 0.00069666149212984372 5.9538671644677068e-05 0.00017093274322172683 -1.5046641804612045e-05 -0.00012446396720540786 -0.00013637094884463345 -7.2560895183276284e-05 -7.9754185744448193e-05 -5.6938933741421269e-05 -1.6644607088977866e-05 0.00020177992055457427 -0.0001435074796569921 0.00018789352580424786 5.1507739891961921e-05 -9.5048649200212348e-05 -0.00024742809753663968 -0.00013676479211419088 6.7107886356819817e-07 -5.1047782478195595e-05
leaf_weight=1443 3082 569 41 108 49 40 240 105 101 2230 1774 58 345 53 977 450 220 112 196 1338 75 168 40 94 624 89 72 149 664 1009
leaf_count=1443 3082 569 41 108 49 40 240 105 101 2230 1774 58 345 53 977 450 220 112 196 1338 75 168 40 94 624 89 72 149 664 1009
internal_value=1.66515e-05 0.00116321 0.00288732 0.000265762 5.65185e-05 0.00777027 0.000213919 0.000483164 -0.00114065 0.00311718 0.000254375 0.00174672 -0.00125031 -0.00164067 0.00075643 -0.00266467 -0.000347759 -0.00370531 -0.00293089 -0.00232532 -9.53834e-06 0.000977654 0.00673077 0.00695266 0.000467547 0.00206872 -0.0103261 -0.000404157 0.00101116 -0.000489396
internal_weight=16515 8296 2840 5456 5308 148 5259 5019 8219 2799 4914 1832 8118 6796 1322 4175 1294 2881 2431 2247 2621 1074 208 169 909 713 184 866 717 2452
internal_count=16515 8296 2840 5456 5308 148 5259 5019 8219 2799 4914 1832 8118 6796 1322 4175 1294 2881 2431 2247 2621 1074 208 169 909 713 184 866 717 2452
is_linear=0
shrinkage=0.05


Tree=33
num_leaves=31
num_cat=0
split_feature=4 3 13 15 10 16 10 8 13 15 14 12 15 10 14 2 3 12 11 11 15 3 11 14 9 12 14 10 11 15
split_gain=9.25736 4.05783 4.0875 3.49362 7.45481 4.20876 4.27788 4.99099 4.14499 4.23561 5.21665 4.74753 3.66009 3.68188 3.48845 3.38767 3.28502 3.07334 3.70429 4.78522 5.72823 5.295 4.77954 3.71274 3.363 3.25136 3.01748 2.70273 2.68338 2.70797
threshold=0.02570738817667044 0.013316990711881751 26.284999847412113 0.015266944078015434 0.0089823327220962552 -0.012266128934764973 0.0049263446860405855 0.01896057625261172 28.970000267028812 0.0070525121019648926 -0.034191014747727892 0.076145654651098141 0.0091727208183400872 0.0066149119046357016 0.012431899030548645 -0.16114894000793331 0.0024764112744929405 0.035278924713739175 0.0010676984150611581 0.00036209902272010824 -0.0020479404538163988 0.00099655799203379769 0.023488244118780924 -0.02368562203831703 0.080446591240158197 0.034974861152931476 -0.05241984422658668 0.0018426398432722648 0.0040071098607011866 -0.03509478009445887
decision_type=2 2 2 2 2 2 2 10 2 2 2 2 2 2 2 2 2 2 2 2 2 2 2 2 10 2 2 2 2 2
left_child=17 3 14 4 5 6 15 -8 9 10 -7 -12 27 -14 -3 -2 -6 25 19 20 21 -19 -20 -22 -25 -1 -17 -11 29 -28
right_child=1 2 -4 -5 16 8 7 -9 -10 12 11 -13 13 -15 -16 26 -18 18 22 -21 23 -23 -24 24 -26 -27 28 -29 -30 -31
leaf_value=-1.4247927268020745e-05 0.00042276234671052176 0.00018823109396675784 0.00081455842436891604 -8.8762875536997816e-05 0.00025015820903997419 0.00012017031395476996 -0.00032939408429483044 0.00017681677496878204 -0.00038491209293583975 -1.1158533673154541e-05 3.2209783432713725e-06 -0.00020722581262284519 0.00015317455172211716 -0.00023097780064627665 -0.0001178963970969709 0.00060011678342104411 7.8960509985060492e-05 -1.3026592972205983e-05 -6.6429954761794158e-05 0.00021260726188658546 4.96669560842134e-06 0.00021822258178353369 2.3060516914957201e-05 -0.00025087659546317858 -0.00016039521864568898 0.00035260287541940454 -0.00023227150296658904 -0.00028162636377564317 -9.1261005210257565e-05 0.00011140485602732457
leaf_weight=6196 141 586 80 431 293 608 113 46 55 101 2866 211 221 77 189 55 303 167 1744 46 96 100 331 74 56 42 40 238 86 1069
leaf_count=6196 141 586 80 431 293 608 113 46 55 101 2866 211 221 77 189 55 303 167 1744 46 96 100 331 74 56 42 40 238 86 1069
internal_value=-0.00026559 0.000989243 0.00423977 0.000589589 0.000877664 0.000341657 0.00258065 -0.00518868 -0.000451222 -0.000277649 0.000373134 -0.000463113 -0.00404239 0 0.00312903 0.00346873 0.00620805 -0.00137257 -0.00281178 0.000881262 -0.000557809 0.00440075 -0.00377108 -0.00641593 -0.0119231 -0.000769477 0.00264 -0.00759587 0.00211297 0.00277277
internal_weight=16661 7809 855 6954 6523 5927 1550 159 4377 4322 3685 3077 637 298 775 1391 596 8852 2614 539 493 267 2075 226 130 6238 1250 339 1195 1109
internal_count=16661 7809 855 6954 6523 5927 1550 159 4377 4322 3685 3077 637 298 775 1391 596 8852 2614 539 493 267 2075 226 130 6238 1250 339 1195 1109
is_linear=0
shrinkage=0.05


Tree=34
num_leaves=31
num_cat=0
split_feature=5 11 6 16 12 5 14 6 12 7 8 10 11 12 12 14 12 10 15 13 16 14 12 14 7 16 12 12 11 9
split_gain=9.86924 4.59932 4.43544 3.71525 3.40559 3.91475 3.31493 4.27815 2.96169 5.61069 2.89792 3.28783 2.84414 2.60158 2.50948 4.37431 4.28218 2.90261 6.39442 4.98225 4.3639 4.06649 3.86851 3.50157 3.08758 3.03039 2.95999 4.65719 4.35182 3.43618
threshold=0.020767373570006766 -0.055970662091911087 0.60765729528208523 0.047199133209309359 0.076145654651098141 0.0086009198609716397 -0.14356568835631797 2.1240294222256355 0.066825641747697576 0.020860590305246788 0.16887067105743983 -0.014256563971479506 0.047360860375368914 0.023812257227728287 0.04851916087108233 0.048986719728816526 0.060736878271406176 0.0077632939110665608 0.01236702816609603 15.855000019073488 -0.0009521524558744886 -0.073050802278400592 0.02751670136279594 -0.069744182185856193 0.023862881432125563 -0.019456092188327775 -0.001873391702030158 1.0000000180025095e-35 -0.020171834808393903 0.1714399922206046
decision_type=2 2 2 2 2 2 2 2 2 2 8 2 2 2 2 2 2 2 2 2 2 2 2 2 2 2 2 2 2 10
left_child=2 -2 4 6 5 -1 -3 12 10 -10 11 -7 -8 -4 17 16 -16 26 19 20 -19 22 -20 -23 -25 -21 -13 -28 -29 -30
right_child=1 3 13 -5 -6 8 7 -9 9 -11 -12 14 -14 -15 15 -17 -18 18 21 25 -22 23 -24 24 -26 -27 27 28 29 -31
leaf_value=-9.2497514206099147e-05 0.0010943981555622899 -0.00031395317083113467 5.508254678948258e-05 -0.00011901822643721759 -7.5360753211664328e-05 8.9220314592460863e-05 7.4458012086566988e-05 0.00061519692129934122 -9.2767293363668456e-05 0.0002766961927598839 -8.7646649016515438e-05 -6.0013600241944144e-05 0.00043807022238532894 -9.1727847864795521e-06 -0.00012965104712975252 0.00011394948394195777 3.3719174394347081e-05 -0.00030023720636684811 -0.00012859260545809888 -9.6254115301387839e-05 3.0915146202694162e-05 0.00017202747653940364 6.2263171171701633e-05 5.7161694458862612e-05 -8.1080198452935118e-05 0.00016854365179424892 0.00021753942579207566 0.00035136970673668185 -3.0375820092782247e-05 2.3978735882759612e-05
leaf_weight=184 40 91 1458 176 382 313 3777 214 41 59 408 1528 52 1173 470 55 182 47 222 49 265 43 49 164 99 356 131 41 3583 975
leaf_count=184 40 91 1458 176 382 313 3777 214 41 59 408 1528 52 1173 470 55 182 47 222 49 265 43 49 164 99 356 131 41 3583 975
internal_value=-0.000172912 0.00187356 -0.000898021 0.00171694 -0.00139436 -0.00120358 0.00201984 0.00223225 -0.00105727 0.0075 -0.00115256 -0.000956603 0.00184774 0.000921703 -0.00114723 -0.00399576 -0.00513804 -0.000880561 0.00127512 0.00442817 -0.000320513 -0.00264298 -0.00710332 0.00130719 -0.000855513 0.00808642 -0.0013263 -0.000708245 -0.000973038 -0.00111891
internal_weight=16627 4350 12277 4310 9646 9264 4134 4043 9080 100 8980 8572 3829 2631 8259 707 652 7552 1294 717 312 577 271 306 263 405 6258 4730 4599 4558
internal_count=16627 4350 12277 4310 9646 9264 4134 4043 9080 100 8980 8572 3829 2631 8259 707 652 7552 1294 717 312 577 271 306 263 405 6258 4730 4599 4558
is_linear=0
shrinkage=0.05


Tree=35
num_leaves=31
num_cat=0
split_feature=0 6 13 12 4 3 14 11 12 14 13 11 11 13 8 11 12 1 10 3 10 11 11 9 13 14 10 14 2 1
split_gain=6.67679 5.13774 4.99352 3.75582 3.56524 2.96282 2.74657 2.66552 4.28065 3.76417 4.51819 4.14272 3.97774 3.53519 4.73729 5.036 4.97227 3.37641 3.37501 3.78782 3.31887 3.79927 3.25904 2.73017 2.48889 2.47532 2.65943 3.20973 2.97642 2.43053
threshold=-0.022009037235170888 1.9589934508524449 35.690000534057624 0.082959740110242888 0.023628891729140868 -0.024074944621435664 -0.037778052319122728 -0.00089102976467808615 -0.038043904409190692 -0.068623004427642229 17.914999961853031 0.022371704579513211 0.024405077895535147 17.530000686645511 -0.026594868940276458 0.012589195808640931 -0.00073998910017980524 -0.0081185665606764972 0.010824112764753148 0.0081163467907455784 0.0014013847331743048 0.012210489302713847 0.02573480883905466 0.12136189192486414 21.664999961853031 0.013234785210327617 0.00090086479202544656 0.041106720448919616 -0.052112416326395287 0.035418570417740998
decision_type=2 2 2 2 2 2 2 2 2 2 2 2 2 2 10 2 2 2 2 2 2 2 2 8 2 2 2 2 2 2
left_child=-1 2 3 4 -2 -6 -5 29 20 10 12 -12 18 25 15 -15 -16 -17 23 -20 24 -22 -19 -10 -9 -11 27 -27 -28 -7
right_child=1 -3 -4 6 5 7 -8 8 9 13 11 -13 -14 14 16 17 -18 22 19 -21 21 -23 -24 -25 -26 26 28 -29 -30 -31
leaf_value=7.4953463976895802e-05 -2.4564093484498863e-05 8.3606728653735018e-05 0.00041616671126606258 3.6997057099832924e-05 0.0006844968743078924 1.1559810786881346e-05 -0.00011218503173099173 0.00018024722402057753 0.00033544596448637154 -1.6464792503612885e-05 6.9586634459749706e-05 -0.00020078070680906403 0.00036352044273793165 -0.00023547729449414743 -5.7997406238715106e-05 -9.6776595657269585e-05 0.00019759109367999562 0.00030400008271260485 -0.00027397854349768661 0.0002724883668502342 -0.00040563987088991065 -7.683111245793398e-05 -2.0220399849147851e-05 7.8199372382637992e-05 -9.8451681795472005e-05 -0.0003189820265415625 -0.00021170624620482599 -4.7343967194292406e-05 7.2119317865978159e-05 0.00013381075927114294
leaf_weight=1727 6550 900 66 79 76 2175 436 48 61 1944 83 56 72 198 168 43 365 75 52 43 75 87 61 102 42 219 40 235 189 347
leaf_count=1727 6550 900 66 79 76 2175 436 48 61 1944 83 56 72 198 168 43 365 75 52 43 75 87 61 102 42 219 40 235 189 347
internal_value=-0.000264837 -0.000606234 -0.000841853 -0.000906903 -0.000745935 5.10502e-05 -0.00509709 -5.89971e-05 -0.000821982 -0.000424363 0.00378465 -0.00377698 0.0069697 -0.000982471 0.0017033 -0.00258621 0.00473734 0.00349162 0.00406977 -0.00342105 -0.00714286 -0.0114198 0.00735294 0.00843558 0.000555556 -0.00191283 -0.0045022 -0.00671806 -0.00010917 0.00122918
internal_weight=16614 14887 13987 13921 13406 6856 515 6780 4258 4006 469 139 330 3537 910 377 533 179 258 95 252 162 136 163 90 2627 683 454 229 2522
internal_count=16614 14887 13987 13921 13406 6856 515 6780 4258 4006 469 139 330 3537 910 377 533 179 258 95 252 162 136 163 90 2627 683 454 229 2522
is_linear=0
shrinkage=0.05


Tree=36
num_leaves=31
num_cat=0
split_feature=4 3 15 5 8 12 9 9 6 3 9 13 11 13 10 14 8 6 15 15 11 6 10 11 13 12 3 14 9 15
split_gain=7.0913 3.86122 3.62942 3.17665 3.33518 2.92849 2.85667 3.4559 2.83532 2.73014 2.72343 2.57581 2.49872 2.66875 2.62981 2.483 2.46142 2.29273 2.95343 2.47885 2.50699 3.62111 3.85064 3.32433 4.83884 3.63024 3.24051 3.54164 3.08865 2.79952
threshold=0.033507187874432486 0.025630913252394086 0.027220040089441126 0.0086009198609716397 0.17391859531469103 0.082959740110242888 -0.17302669801424528 -0.031333381968994371 -1.0202091824204893 -0.0062007434657378449 -0.078507481858364522 18.675000190734867 0.030023740679380188 20.060000419616703 0.0054892456255208897 -0.054348672595206975 -0.1295411189366564 2.046349278443905 -0.03509478009445887 -0.015434750499968617 0.018473495823320477 -1.4498976205012184 0.00040263082252767207 -0.0076796209830086162 13.934999942779543 0.059758748559170745 0.013792277949484235 0.15245074482965074 0.039557170176841912 0.013520387632488197
decision_type=2 2 2 2 8 2 8 8 2 2 8 2 2 2 2 2 8 2 2 2 2 2 2 2 2 2 2 2 8 2
left_child=3 2 6 -1 17 9 12 -8 -9 -6 -3 15 13 14 -2 -11 -10 18 -5 -20 23 -22 28 24 -21 -26 27 -25 -23 -24
right_child=1 10 -4 4 5 -7 7 8 16 11 -12 -13 -14 -15 -16 -17 -18 -19 19 20 21 22 29 26 25 -27 -28 -29 -30 -31
leaf_value=-8.5038867542431293e-05 -4.9507456338882852e-05 0.00096540715631589994 -0.00056815843347537943 -0.00033063963735165033 5.4218490497109964e-05 -0.00040067658521503944 -7.2705902794958924e-05 -0.00011277709874888955 0.00058102006468858502 0.00022472337530490827 0.00039119670530181859 -0.00013558271487938684 0.00067193480484808424 0.00036077640013054745 0.00024056458247402569 -7.4431596913120135e-05 6.8986010070713232e-05 5.1411531181837922e-05 4.5059083958790817e-05 0.00032314937245293173 -0.00022392697691078864 4.1090243144467892e-05 4.7021391475198655e-05 -3.0761731801045352e-05 1.0907106440965521e-05 -0.00024816578720082114 0.00012731574660238091 0.00031292411710899277 -0.00015378623882025464 -3.037248131911542e-05
leaf_weight=263 277 54 40 41 110 50 701 201 132 40 194 197 60 184 119 139 2425 753 390 47 51 102 1336 6043 1975 42 110 41 218 228
leaf_count=263 277 54 40 41 110 50 701 201 132 40 194 197 60 184 119 139 2425 753 390 47 51 102 1336 6043 1975 42 110 41 218 228
internal_value=-0.00012226 0.00160132 0.00123822 -0.000743265 -0.000623269 -0.00447761 0.00138448 0.00081671 0.00161349 -0.00329218 0.00766129 -0.00531915 0.00445313 0.00344828 0.00113636 -0.000977654 0.00206296 -0.000441681 -0.000630648 -0.000578758 -0.000728441 0.000891473 0.00124735 -0.00110802 0.000629845 0.000260288 -0.00168712 -0.00184089 -0.00375 0.00226982
internal_weight=16563 4387 4139 12176 11913 536 4099 3459 2758 486 248 376 640 580 396 179 2557 11377 10624 10583 10193 1935 1884 8258 2064 2017 6194 6084 320 1564
internal_count=16563 4387 4139 12176 11913 536 4099 3459 2758 486 248 376 640 580 396 179 2557 11377 10624 10583 10193 1935 1884 8258 2064 2017 6194 6084 320 1564
is_linear=0
shrinkage=0.05


Tree=37
num_leaves=31
num_cat=0
split_feature=4 15 13 13 13 12 4 12 0 14 11 12 4 7 13 7 11 14 0 14 14 16 15 16 1 13 9 9 14 15
split_gain=6.95098 4.3372 5.5916 8.56049 4.76985 3.63138 5.07614 3.50936 4.02106 4.24643 4.12381 4.57514 3.69016 4.14364 3.77255 3.53239 4.11626 3.45155 3.413 3.31809 3.23516 3.45862 3.03793 2.708 3.52348 2.67872 2.62268 2.51518 3.10032 2.43923
threshold=0.021723283146014124 0.034248666543565183 30.345000267028812 28.970000267028812 25.505000114440922 -0.062212447341067838 0.040587634207402856 -0.042339723299349867 -0.03113344613723323 -0.034191014747727892 -0.018933326059028085 -0.0054605292938276753 0.05962035764982903 -0.0075998807792386205 20.980000495910648 0.0025574977491210631 -0.0088251851150741283 -0.048319541899194234 -0.00026145032834123944 0.12226142207695113 -0.026973540467474796 -0.0044746440849981464 -0.015434750499968617 0.012200478461882549 -0.00080832019716153825 22.285000801086429 0.35654256989661987 -0.17302669801424528 -0.010446241084373918 0.011807477680788716
decision_type=2 2 2 2 2 2 2 2 2 2 2 2 2 2 2 2 2 2 2 2 2 2 2 2 2 2 8 8 2 2
left_child=-1 2 3 4 7 6 -6 17 -9 10 11 -10 13 -12 -15 16 25 29 -7 -19 21 -17 -18 24 -24 26 -11 -25 -29 -2
right_child=1 -3 -4 -5 5 18 -8 8 9 15 12 -13 -14 14 -16 20 22 19 -20 -21 -22 -23 23 27 -26 -27 -28 28 -30 -31
leaf_value=-2.3481314146601464e-05 -0.00040963308240645315 -0.00044378679559335443 0.00026420780166831807 -0.00040201937402792142 -0.00030908090009957993 0.00028870627765943435 0.00045382371102847797 0.00014869069671993065 5.3528000746257744e-05 0.00015853234326975484 0.00010951531205963028 -0.00043776048718455191 0.00057462639222464074 2.2340727383247767e-05 -0.00011854652475927694 0.00015654910932179019 0.00012095423653084498 6.0153908072278082e-05 0.00013202854187900349 -0.00024309553472907179 2.7147889610493845e-05 -0.00024557824164865154 -7.1437687866484151e-05 0.00013168112505468734 -0.00022691998911688477 -0.00014403570980245605 -3.2826826560654855e-05 -0.00015895255399821977 -3.1625164915200825e-06 -5.1854701557124774e-05
leaf_weight=5762 107 61 224 75 49 126 40 689 80 386 848 66 169 1367 171 74 66 209 106 56 3324 137 853 117 284 135 237 151 451 110
leaf_count=5762 107 61 224 75 49 126 40 689 80 386 848 66 169 1367 171 74 66 209 106 56 3324 137 853 117 284 135 237 151 451 110
internal_value=-0.000160315 0.00058971 0.000665453 0.000498426 0.000619716 0.00661994 -0.00196629 0.00042877 0.000637689 0.000353297 0.00200852 -0.00616438 0.00247554 0.00196982 0.000422627 -0.00036605 -0.00173507 -0.00373444 0.00991379 9.43396e-05 0.000671853 -0.00533175 -0.00296566 -0.00334052 -0.00485928 0.00138522 0.00276886 -0.000938804 -0.00224252 -0.00841014
internal_weight=16530 10768 10707 10483 10408 321 89 10087 9605 8916 2701 146 2555 2386 1538 6215 2680 482 232 265 3535 211 1922 1856 1137 758 623 719 602 217
internal_count=16530 10768 10707 10483 10408 321 89 10087 9605 8916 2701 146 2555 2386 1538 6215 2680 482 232 265 3535 211 1922 1856 1137 758 623 719 602 217
is_linear=0
shrinkage=0.05


Tree=38
num_leaves=31
num_cat=0
split_feature=13 4 16 6 3 11 11 12 16 16 15 14 12 3 14 10 4 12 11 15 13 1 11 6 14 2 12 13 9 11
split_gain=5.92482 4.98797 3.78185 3.17464 3.05461 3.01398 2.88906 2.98737 2.76511 2.76167 2.69159 2.66965 3.60495 2.87606 3.6721 2.55472 2.48579 2.85174 4.85798 4.29893 3.37937 2.47891 2.42857 2.29191 2.20465 2.1652 2.18356 2.16388 3.89609 2.54909
threshold=33.719999313354499 0.019735242106277539 0.044891637508088451 -0.95839318014850716 0.015091348336322976 0.040036417291261513 0.024405077895535147 0.0053623366190914687 0.019631892480863836 0.018386623418746754 0.0090280670832619831 -0.048319541899194234 -0.033690141837628411 0.0024764112744929405 -0.019478059273714762 0.0095537147442000831 0.052330800719824842 -0.062212447341067838 -0.035697741943328191 -0.0097809662876437425 30.345000267028812 -0.05121407188598575 0.023858955233929894 3.5871890963501207 -0.19490876951167976 0.011888036591945929 -0.017626677985756452 25.960000038146976 0.12136189192486414 -0.030384470516343128
decision_type=2 2 2 2 2 2 2 2 2 2 2 2 2 2 2 2 2 2 2 2 2 2 2 2 2 2 2 2 8 2
left_child=1 3 5 22 6 16 8 -8 9 21 -7 12 -4 14 -13 -14 17 20 19 -19 -3 -5 25 24 -20 26 -1 29 -29 -26
right_child=-2 2 11 4 -6 10 7 -9 -10 -11 -12 13 15 -15 -16 -17 -18 18 23 -21 -22 -23 -24 -25 27 -27 -28 28 -30 -31
leaf_value=2.0535736419151786e-05 0.00030449203814575669 -0.00016230035979125296 -0.00018534432426663139 -0.00023363626845694939 0.00027365443414422889 0.00033769903775073093 -0.00013359452835669323 9.2094670841409633e-05 -7.2285807761935739e-05 0.00016439185896856333 2.1689407189292784e-06 -0.00024009268463893486 -8.1205206113159695e-05 -0.00022359115925716405 4.2144037937072966e-05 0.00029519356879861841 0.00014176232546428085 -6.4867690526515106e-05 -0.00038460762017926404 0.00046386395387309907 0.00027074380499003399 -1.6803125500369081e-05 -0.00021155656235791913 0.00018728503503827687 -0.00013195653663143416 -3.0748062940628381e-05 -0.00014422685556267288 6.2526861503856349e-06 0.00041687472933222734 1.3690768928558209e-06
leaf_weight=42 143 242 59 43 45 107 58 239 548 63 107 83 47 133 134 68 1304 41 41 65 48 2657 47 181 149 230 130 89 45 9426
leaf_count=42 143 242 59 43 45 107 58 239 548 63 107 83 47 133 134 68 1304 41 41 65 48 2657 47 181 149 230 130 89 45 9426
internal_value=-0.000168533 -0.000256511 0.000244563 -0.00176743 -0.00127977 0.000428451 -0.00144124 0.00328283 -0.001865 -0.0012215 0.00630841 -0.00391221 0.00114943 -0.00642857 -0.00288018 0.00630435 0.000320265 6.0521e-05 0.000201754 0.0108491 -0.00482759 -0.00146296 -0.00573497 8.81079e-05 -1.53846e-05 -0.00447761 -0.00872093 3.34741e-05 0.00634328 -5.48303e-05
internal_weight=16614 16471 12369 4102 3653 11845 3608 297 3311 2763 214 524 174 350 217 115 11631 10327 10037 106 290 2700 449 9931 9750 402 172 9709 134 9575
internal_count=16614 16471 12369 4102 3653 11845 3608 297 3311 2763 214 524 174 350 217 115 11631 10327 10037 106 290 2700 449 9931 9750 402 172 9709 134 9575
is_linear=0
shrinkage=0.05


Tree=39
num_leaves=31
num_cat=0
split_feature=4 13 5 8 13 2 0 6 13 14 13 12 12 12 10 13 12 6 11 7 13 13 2 0 6 9 9 7 13 13
split_gain=6.51616 4.16356 3.61211 3.51519 3.0193 4.67065 3.02053 3.53405 3.20576 2.85075 2.66358 2.60172 4.35899 4.05552 3.84787 3.53737 3.37943 2.76381 2.75147 3.07518 4.55435 4.04608 3.61127 2.74628 3.27401 2.83226 2.48454 2.9615 2.44994 2.77659
threshold=0.021428566445284136 33.719999313354499 0.032116106399379445 -0.32368809520540393 27.855000495910648 -0.083240708821954765 -0.022009037235170888 1.8806907291787878 19.329999923706058 -0.051930076870410451 22.730000495910648 0.028448808963007281 0.029126733628815019 0.021693998685899721 0.011869721142281022 15.234999656677248 0.00075812242422568243 -1.2017364060812223 0.024405077895535147 0.043477813844825193 14.920000076293947 14.22499990463257 0.085021686264792465 -0.013289458771045868 0.41019899057698067 -0.0019522070047747751 0.41473070242171522 0.087802357419505275 17.250000000000004 16.345000267028812
decision_type=2 2 2 10 2 2 2 2 2 2 2 2 2 2 2 2 2 2 2 2 2 2 2 2 2 10 8 2 2 2
left_child=11 2 3 9 6 -6 -5 -8 26 -2 -11 13 -13 14 15 16 -1 -14 19 20 21 -19 -22 25 -25 -17 27 -9 29 -15
right_child=1 -3 -4 4 5 -7 7 8 -10 10 -12 12 17 28 -16 23 -18 18 -20 -21 22 -23 -24 24 -26 -27 -28 -29 -30 -31
leaf_value=8.5354828435886551e-05 0.00019161520996014179 0.00021234300545117728 0.00016218580774848246 8.56068306853211e-05 0.00041183069368815902 -0.0002246874204767553 -3.5570621650029592e-06 5.9818858056337987e-05 0.0004180787076834495 -0.00015229816481232921 0.00013114314320112025 -0.00012131728039357826 -0.00012553363507088148 4.4263476914192802e-05 9.6046670960395732e-05 -1.4678146116900872e-06 -0.00011092843530294784 -9.1866821002288856e-06 5.1831864915485775e-05 -8.421410569084219e-05 -7.8840371130421395e-05 0.00017411860644566879 7.499016863744129e-05 -5.6241432879304056e-05 4.3659119503695368e-05 0.0001440892495322275 0.0003909752110903834 -0.00019908154790764917 -8.2294324268164087e-05 0.00023885039245187062
leaf_weight=121 60 146 1393 993 44 134 7353 248 106 338 44 120 144 458 147 114 509 884 212 275 676 115 59 1060 360 98 119 56 105 76
leaf_count=121 60 146 1393 993 44 134 7353 248 106 338 44 120 144 458 147 114 509 884 212 275 676 115 59 1060 360 98 119 56 105 76
internal_value=-0.00018561 0.000516585 0.000404115 5.52923e-05 0.000267867 -0.00617978 0.000397183 6.97792e-05 0.00401701 -0.00429864 -0.00589005 -0.00158594 -0.00278672 -0.000606955 -0.00154628 -0.0020557 -0.0052381 -0.00231501 -0.00187978 -0.00245147 -0.00167243 0.000525526 -0.00465986 -0.000827206 -0.00161972 0.00448113 0.00206856 -0.000328947 0.00293427 0.00430712
internal_weight=16567 11034 10888 9495 9053 178 8875 7882 529 442 382 5533 2485 3048 2409 2262 630 2365 2221 2009 1734 999 735 1632 1420 212 423 304 639 534
internal_count=16567 11034 10888 9495 9053 178 8875 7882 529 442 382 5533 2485 3048 2409 2262 630 2365 2221 2009 1734 999 735 1632 1420 212 423 304 639 534
is_linear=0
shrinkage=0.05


Tree=40
num_leaves=31
num_cat=0
split_feature=4 6 12 13 13 5 11 15 11 8 5 8 11 15 12 14 10 13 10 5 9 9 5 0 1 5 12 11 8 8
split_gain=5.36448 3.73683 3.31669 4.20123 3.41108 3.24111 3.11905 2.87348 3.30679 3.11127 3.00363 2.74752 2.73512 5.64497 3.84004 4.03355 3.5794 3.4383 3.58642 3.04882 3.22708 3.79313 2.89047 3.84208 2.8389 2.76194 2.6737 2.52203 2.50779 2.5067
threshold=0.039031653610047894 1.5502801536888657 -0.071455509470426767 28.970000267028812 35.690000534057624 0.020588075607766269 -0.023324981642921735 -0.03509478009445887 -0.040606283895635913 -0.17031467709264383 0.0086009198609716397 -0.1295411189366564 -0.0049730820987286531 0.011807477680788716 -0.039191714476565991 -0.083456210331023115 0.0099380285822571208 13.934999942779543 0.011197957811865391 0.0097338864412525091 0.036304362558929444 -0.16819222234026152 0.015394327344873159 0.0042605391378502952 -0.064356678222007899 0.013669435698942729 -0.036140146220232199 0.016901262896916184 0.037157989763823458 0.01896057625261172
decision_type=2 2 2 2 2 2 2 2 2 10 2 10 2 2 2 2 2 2 2 2 10 8 2 2 2 2 2 2 10 10
left_child=1 7 11 5 -5 -4 -7 -1 -9 27 -11 -2 13 17 22 16 25 28 19 -19 21 -21 -14 -24 -17 -16 -23 -10 -12 -18
right_child=2 -3 3 4 -6 6 -8 8 9 10 12 -13 14 -15 15 24 29 18 -20 20 -22 26 23 -25 -26 -27 -28 -29 -30 -31
leaf_value=-0.00036822646414766793 0.001446251570869224 4.3841976717538725e-05 -0.00033800641317021756 -0.00041625992775313629 0.00015095864893856312 0.00044405979115838459 6.472521245110986e-05 0.00019905282906819796 -0.00012196376195587194 -7.9323862737515569e-05 0.00035283032717111024 3.463924138121799e-05 -0.00022346795295907114 -0.00012409445613319938 1.9505695626460602e-05 -0.00015980493281155867 6.5815238099586724e-05 -0.00011849379325561718 0.00045814243799191837 0.00032646310996978234 5.7165335795488115e-05 4.6597348418891531e-05 9.4297661665240917e-05 -0.00018436361323870881 -1.6704186022453522e-05 0.00022282859478511277 -4.8191078982097284e-05 2.4101938193583506e-05 0.00012801296819360707 -7.7397334523466373e-05
leaf_weight=47 62 1264 40 78 42 201 2622 103 327 232 51 87 76 202 79 121 136 81 67 77 1041 283 59 48 7638 131 980 88 43 134
leaf_count=47 62 1264 40 78 42 201 2622 103 327 232 51 87 76 202 79 121 136 81 67 77 1041 283 59 48 7638 131 980 88 43 134
internal_value=-0.000249392 -0.000687556 0.00161239 0.00124874 -0.00791667 0.0016329 0.00183316 -0.000958984 -0.000910644 -0.000987893 -0.000834132 0.00889262 -0.000717969 0.000628319 -0.00116956 -0.00101044 0.0034375 0.00124857 0.000899565 0.000588952 0.000913482 -0.000708955 -0.00833333 -0.00303738 -0.0012856 0.00833333 -0.0013658 -0.00524096 0.0106383 -0.00037037
internal_weight=16440 13308 3132 2983 120 2863 2823 12044 11997 11894 11479 149 11247 2825 8422 8239 480 2623 2529 2462 2381 1340 183 107 7759 210 1263 415 94 270
internal_count=16440 13308 3132 2983 120 2863 2823 12044 11997 11894 11479 149 11247 2825 8422 8239 480 2623 2529 2462 2381 1340 183 107 7759 210 1263 415 94 270
is_linear=0
shrinkage=0.05


Tree=41
num_leaves=31
num_cat=0
split_feature=5 11 5 3 13 7 11 13 11 1 13 9 11 14 14 15 16 14 15 0 14 16 11 15 13 12 11 14 9 13
split_gain=4.93745 3.28738 3.19591 3.67012 3.29557 3.04567 3.30245 2.93463 3.8192 3.04278 2.81269 2.62419 2.56286 2.43389 3.0027 2.40979 2.87651 4.1576 4.13861 4.52701 3.33564 2.81452 3.14244 3.12228 2.89396 2.77222 5.09463 3.09362 4.56389 5.38283
threshold=0.029835605184479825 -0.023324981642921735 0.012063031276114607 0.00037729595150148848 19.329999923706058 0.044757310961886961 0.02306163879140322 13.525000095367433 -0.0081164241286432719 0.0088717417612573807 13.085000038146974 0.21596627766773915 0.029571955445533264 -0.060408912479391223 -0.054348672595206975 -0.03509478009445887 -0.03222493202724213 -0.025685626403374347 -0.021111454934590487 -0.017683618581782076 -0.051930076870410451 -0.0261053490733506 -0.035697741943328191 -0.015434750499968617 17.164999961853031 -0.0047203102614324912 -0.0049730820987286531 -0.067583665573298909 0.14871978105008002 18.214999198913578
decision_type=2 2 2 2 2 2 2 2 2 2 2 8 2 2 2 2 2 2 2 2 2 2 2 2 2 2 2 2 10 2
left_child=2 -2 3 4 -1 6 7 10 9 -9 -5 -6 -8 -3 -15 -4 17 20 19 -19 -17 23 -23 -18 -25 -24 -27 28 29 -28
right_child=1 13 15 5 11 -7 12 8 -10 -11 -12 -13 -14 14 -16 16 21 18 -20 -21 -22 22 25 24 -26 26 27 -29 -30 -31
leaf_value=-6.2613579387179067e-05 0.00062744059312243132 0.00027093493148542847 -0.00034698641702301305 1.1493638218462894e-05 8.306900341638023e-05 -7.1008768771989354e-05 0.00020652792362822758 1.6226454408598599e-05 -3.9510327692380527e-05 0.00018140248795776496 0.00020461075010231442 -6.5642952248371307e-05 -5.9509374349725608e-06 -0.00050060166593965426 7.0335219031038461e-05 1.4198744214130978e-05 8.9183401867980275e-05 9.022432103619571e-05 0.00020229051492804588 -0.0002209840219233563 -0.00029080442261097061 0.00037778197135463528 -2.6021309203665222e-05 6.0883010566151029e-05 -0.00020530263060365922 9.3282744390508481e-05 0.00021633861331149659 -8.4150838834722897e-06 -9.4142312129019782e-05 -5.3346360054516103e-05
leaf_weight=1698 148 290 60 222 152 142 99 250 782 63 100 84 58 48 1363 136 102 44 355 47 50 46 2209 40 221 1132 405 5997 163 90
leaf_count=1698 148 290 60 222 152 142 99 250 782 63 100 84 58 48 1363 136 102 44 355 47 50 46 2209 40 221 1132 405 5997 163 90
internal_value=-0.000123524 0.00231206 -0.000428901 -0.00171233 -0.00320579 -2.91375e-05 0.000603558 -0.000158786 -0.00139269 0.00327476 0.00403727 0.00233051 0.00748408 0.00169018 0.000832743 -6.75858e-06 4.75673e-05 0.00332278 0.0059417 -0.00357143 -0.00295699 -0.00015137 4.97909e-06 -0.00447658 -0.00737548 -5.5022e-05 0.000388468 -0.000138993 0.0031155 0.00550505
internal_weight=16596 1849 14747 3650 1934 1716 1574 1417 1095 313 322 236 157 1701 1411 11097 11037 632 446 91 186 10405 10042 363 261 9996 7787 6655 658 495
internal_count=16596 1849 14747 3650 1934 1716 1574 1417 1095 313 322 236 157 1701 1411 11097 11037 632 446 91 186 10405 10042 363 261 9996 7787 6655 658 495
is_linear=0
shrinkage=0.05


Tree=42
num_leaves=31
num_cat=0
split_feature=5 6 15 10 10 16 11 9 4 8 10 3 10 10 14 14 10 15 1 1 6 15 16 6 11 11 9 9 10 1
split_gain=4.63211 3.69933 3.57265 3.47271 6.39684 3.24497 3.80878 3.11364 2.69199 2.63299 2.59777 2.58955 2.97868 4.20675 3.42962 3.08966 5.5364 3.0212 2.9537 2.67594 2.85474 2.80561 2.58593 3.61227 3.11651 3.20084 2.95092 2.78143 2.78059 2.9807
threshold=0.012063031276114607 -0.056802258124168802 0.034248666543565183 0.0089823327220962552 0.0093013706507892886 0.042204040193351784 0.03932291360928742 0.10459503975268648 0.04562948083166702 0.1042809378393217 -0.0064885542336663984 0.00037729595150148848 0.0031270998422653355 -0.0089994587968861266 0.022733060097011152 -0.035596703045515869 -0.0032224550859759611 -0.013655437959444515 -0.024131000090370055 -0.022119184463740279 -0.47259987926031399 -0.00241030715020718 -0.012266128934764973 2.2194253528607732 0.012589195808640931 0.012360939559302066 1.0410484888932654 0.41473070242171522 -0.003662954821369246 0.061071842765803137
decision_type=2 2 2 2 2 2 2 10 2 10 2 2 2 2 2 2 2 2 2 2 2 2 2 2 2 2 10 8 2 2
left_child=11 3 22 5 -5 6 9 -7 -6 -2 -11 -1 13 17 15 -15 -17 -13 -14 -18 21 -21 -3 24 25 26 -24 -25 -26 -30
right_child=1 2 -4 4 8 7 -8 -9 -10 10 -12 12 18 14 -16 16 19 -19 -20 20 -22 -23 23 27 28 -27 -28 -29 29 -31
leaf_value=-4.2614565615530692e-05 -2.2281125162723931e-05 8.8993438263266369e-05 -0.00035486459991552398 0.00022924489645714531 -3.5367278914478013e-07 -0.00017175232399522491 0.00020291079238272505 0.00014085616815560594 0.00028494140974035626 0.00033386869996403467 1.5304713445878951e-05 2.3179235871548546e-05 -0.00014462561835041789 0.0001534263130570461 9.949771734275044e-05 0.00016576336854703052 -0.0001122768552198162 -0.00028708593017344149 -3.3265892625401838e-05 0.00017699201518894876 -5.7882973548024734e-05 -8.3294745283739493e-06 -2.219582770379442e-05 4.7827828274347317e-05 -0.00011927257865729461 -0.0003478516461213251 0.00060114853445402078 0.0005342323972354476 9.3669538584197599e-05 -3.0531999563624887e-05
leaf_weight=1935 5298 1125 45 68 902 197 83 66 201 111 825 42 63 95 270 81 45 50 698 45 235 91 2019 411 67 43 43 163 864 365
leaf_count=1935 5298 1125 45 68 902 197 83 66 201 111 825 42 63 95 270 81 45 50 698 45 235 91 2019 411 67 43 43 163 864 365
internal_value=-0.000235707 0.000209367 0.00124879 -0.000480583 0.00202818 -0.000927052 -0.000700491 -0.00636882 0.00111061 -0.000842156 0.00160256 -0.00180822 -0.000393586 0.00146751 0.0025522 0.000422297 -0.00115694 -0.00869565 -0.00272668 -0.00348558 -0.00208895 0.00367647 0.00137255 0.000773585 0.000154366 -0.00103325 -0.000751697 0.00444251 0.00208333 0.00262408
internal_weight=16546 12896 5145 7751 1171 6580 6317 263 1103 6234 936 3650 1715 954 862 592 497 92 761 416 371 136 5100 3975 3401 2105 2062 574 1296 1229
internal_count=16546 12896 5145 7751 1171 6580 6317 263 1103 6234 936 3650 1715 954 862 592 497 92 761 416 371 136 5100 3975 3401 2105 2062 574 1296 1229
is_linear=0
shrinkage=0.05


Tree=43
num_leaves=31
num_cat=0
split_feature=4 5 6 12 1 3 8 3 3 7 11 11 8 11 3 13 9 13 5 14 11 13 13 10 10 14 11 14 13 13
split_gain=4.5377 3.50474 3.24942 2.25475 2.51623 2.16944 2.89453 2.58081 2.29453 2.32468 2.10497 4.2399 3.20833 3.03321 3.86293 3.60464 2.75412 2.91579 2.74919 2.64116 2.75591 2.61545 2.53959 2.48717 4.81942 3.11845 3.07721 3.00023 2.47447 3.75985
threshold=0.039031653610047894 0.020588075607766269 -1.0988894881704909 0.082959740110242888 0.029515093110502492 0.0035153534184612094 -0.003362204074773278 0.0058659347551693894 -0.0025457313414470324 0.0099231869131458667 0.023858955233929894 0.029571955445533264 0.16255385274230508 0.00081108963534770606 0.015631684471137611 24.119999885559086 -0.0088427155056604017 22.330000877380375 0.023676506807089565 0.12944562994235767 -0.012951361499321188 17.125000000000004 19.625000000000004 0.0028153334889018393 0.0053455164524482965 -0.0029443342389950384 -0.013624975324509013 -0.028276541619188519 13.34500026702881 12.84500026702881
decision_type=2 2 2 2 2 2 8 2 2 2 2 2 8 2 2 2 10 2 2 2 2 2 2 2 2 2 2 2 2 2
left_child=2 -2 5 -3 -5 6 -1 -7 9 -8 13 21 18 14 16 28 23 -18 -13 20 -19 -12 -23 27 -25 26 -26 -4 29 -15
right_child=1 3 10 4 -6 7 8 -9 -10 -11 11 12 -14 15 -16 -17 17 19 -20 -21 -22 22 -24 24 25 -27 -28 -29 -30 -31
leaf_value=-3.1122295489480722e-06 -0.00030220046094942281 9.710021123162765e-05 7.7354539713602076e-05 1.4951631873271962e-05 -0.00034654491314867756 0.0001444810965878801 6.9674733381749207e-05 -6.6066735988854579e-05 -0.0001376811620407938 -9.7315627641424116e-05 4.249504425119632e-05 6.8318793431933377e-06 -0.00024944908549478422 -3.5084651618727236e-05 0.00026484971805029446 0.00033931761211003475 2.7673653707093686e-05 3.9567169367719057e-05 -0.0002190231008367816 -0.0001769432098704435 -0.0002601277844895145 0.00035681711922999041 2.5522029859998809e-05 -0.00027537626308689214 -0.00015010313856120202 -0.00030826009966689304 7.4847335151998287e-05 -1.3116317267496993e-05 -3.0734529181296778e-05 6.7329970410172444e-05
leaf_weight=256 44 2991 191 83 54 99 55 96 288 97 381 823 47 649 161 60 2181 175 43 129 55 66 45 129 100 48 272 1557 4894 493
leaf_count=256 44 2991 191 83 54 99 55 96 288 97 381 823 47 649 161 60 2181 175 43 129 55 66 45 129 100 48 272 1557 4894 493
internal_value=-0.000187175 0.00151324 -0.000589993 0.00171036 -0.00456204 -0.0035073 -0.00481322 0.00115385 -0.00727273 -0.00230263 -0.000382031 0.00144128 -0.000575027 -0.000612944 0.00030012 -0.00136155 4.65164e-05 0.0011811 0.000115473 -0.00299443 0.000217391 0.00518293 0.0119369 -0.0012081 -0.0041439 -0.00154762 0 -0.000286041 -0.00148277 0.00061296
internal_weight=16562 3172 13390 3128 137 891 696 195 440 152 12499 1405 913 11094 4998 6096 4837 2540 866 359 230 492 111 2297 549 420 372 1748 6036 1142
internal_count=16562 3172 13390 3128 137 891 696 195 440 152 12499 1405 913 11094 4998 6096 4837 2540 866 359 230 492 111 2297 549 420 372 1748 6036 1142
is_linear=0
shrinkage=0.05


Tree=44
num_leaves=31
num_cat=0
split_feature=3 15 0 3 6 16 2 12 14 13 2 4 12 14 15 12 14 14 11 15 16 11 13 16 11 16 15 16 11 15
split_gain=3.91304 4.86902 3.8496 4.31429 3.48028 3.14435 2.85018 3.35161 3.15445 2.71175 2.62463 2.52102 2.50125 2.25553 9.9286 2.765 2.73533 4.27066 3.71619 5.52498 3.27782 4.51027 7.40262 5.94146 5.38234 5.21034 4.43987 3.60411 4.72543 5.22008
threshold=0.013316990711881751 0.034248666543565183 -0.019056822074350773 -0.016354230297454916 1.9589934508524449 0.032424568201933741 0.093840332567887944 0.027409196484277535 -0.019478059273714762 27.070000648498539 -0.091027399287860897 0.029927224513920735 -0.050232690438178178 -0.067583665573298909 0.011807477680788716 -0.051373899775069835 -0.053822016056010884 -0.051930076870410451 0.0085517999775324167 0.011760619325254964 0.044891637508088451 0.023488244118780924 14.795000076293947 0.020549434019093597 0.028003232862589215 0.039078158307907847 0.0001428108543778395 0.013736379298498582 0.014880662239239896 -0.0068216269565427581
decision_type=2 2 2 2 2 2 2 2 2 2 2 2 2 2 2 2 2 2 2 2 2 2 2 2 2 2 2 2 2 2
left_child=1 2 10 -4 13 9 7 -6 -8 12 -1 -7 -2 14 15 -5 18 -18 -15 -20 21 25 23 -23 -25 26 27 28 -19 -30
right_child=5 -3 3 4 6 11 8 -9 -10 -11 -12 -13 -14 16 -16 -17 17 20 19 -21 -22 22 -24 24 -26 -27 -28 -29 29 -31
leaf_value=0.00015288810843631711 -0.00058703938427797601 -0.00038088513266096638 0.00012278015101629074 -0.00022685801973705737 0.00012275127570549502 -0.0001341265665376748 0.00061479562065695553 -4.0020141265576656e-05 0.00022982253120101541 0.00069775570485749267 7.5377372797668343e-06 1.2287056634590006e-05 0.0001106865851334851 -2.2380921047357885e-05 -7.6202114271043189e-05 7.690194747146202e-05 0.00011951975554009807 -3.9402514388317546e-06 -0.00024375083119410504 5.8724768768521953e-06 -0.00011129028610298562 -0.00036243809525410867 9.3665876695662279e-05 0.0001794886018085984 -8.4544737305896928e-05 -0.00039236031974063893 -5.1509483064696077e-05 4.5625749655846261e-05 -0.00036467297540477281 -1.3371438878978211e-05
leaf_weight=545 41 59 287 42 299 51 51 173 75 59 1539 96 874 437 579 825 129 3695 206 92 298 52 676 107 225 73 4208 637 96 126
leaf_count=545 41 59 287 42 299 51 51 173 75 59 1539 96 874 437 579 825 129 3695 206 92 298 52 676 107 225 73 4208 637 96 126
internal_value=-0.000288254 -0.000494173 -0.000439504 -0.000750672 -0.00088352 0.00256467 0.00284281 0.00105932 0.00952381 0.00359343 0.0015595 -0.0042517 0.0029235 -0.00106175 0.000795297 0.00418108 -0.0013046 -0.00109475 -0.0042517 -0.00855705 -0.00120916 -0.00105356 0.0020283 -0.00351563 -0.00105422 -0.00142332 -0.00131249 -0.000230567 -0.000797804 -0.00788288
internal_weight=16652 15531 15472 13388 13101 1121 598 472 126 974 2084 147 915 12503 1446 867 11057 10322 735 298 10193 9895 1060 384 332 8835 8762 4554 3917 222
internal_count=16652 15531 15472 13388 13101 1121 598 472 126 974 2084 147 915 12503 1446 867 11057 10322 735 298 10193 9895 1060 384 332 8835 8762 4554 3917 222
is_linear=0
shrinkage=0.05


Tree=45
num_leaves=31
num_cat=0
split_feature=5 12 16 14 12 5 9 16 6 10 12 12 10 16 10 9 14 14 11 16 10 11 3 10 14 16 10 15 15 16
split_gain=3.9739 3.61584 3.36444 3.84533 3.24095 2.42524 2.32443 2.29947 2.18905 2.45825 2.30013 2.97016 3.36647 4.92917 4.35015 3.639 3.53812 2.8835 2.88047 2.48514 2.3517 2.34695 2.16186 2.65127 4.98123 2.72968 3.17856 2.12645 3.31113 2.51933
threshold=0.012015211230255471 0.082959740110242888 -0.012266128934764973 -0.037778052319122728 -0.035060451823698983 0.035936187319813871 -0.040266503365679711 -0.023198931028616473 -0.33612512608217721 0.025167554774320647 0.060736878271406176 0.055910594976570589 0.0089823327220962552 0.036749809082753944 0.0093013706507892886 0.33865275563739189 -0.10344834121785244 -0.0046169142462271764 0.035212885385391253 0.0088639806918006121 0.010510737947986739 0.02306163879140322 0.0015210076177629708 -0.0086987636486000035 0.042177860659315065 -0.016665767863459354 -0.0031453282484929508 -0.03509478009445887 -0.013655437959444515 -0.03222493202724213
decision_type=2 2 2 2 2 2 10 2 2 2 2 2 2 2 2 8 2 2 2 2 2 2 2 2 2 2 2 2 2 2
left_child=4 5 -3 -4 -1 8 -5 -7 10 27 11 12 13 18 -14 -15 20 21 -2 -18 -16 -12 -6 -24 25 -25 -27 -10 -29 -30
right_child=1 2 3 6 22 7 -8 -9 9 -11 17 -13 14 15 16 -17 19 -19 -20 -21 -22 -23 23 24 -26 26 -28 28 29 -31
leaf_value=6.3161468629507759e-05 -1.2223160211536278e-05 0.00015145145033120639 2.9176507718611887e-05 -0.00027718548622228796 -3.8775269177659512e-05 0.00051722083669937643 -5.759349828118876e-05 0.00011417774726003617 -0.00032561649445549188 -0.00018724653526892756 -9.3783334766865168e-05 -0.00016993015261020347 0.00015486030240864342 -5.0220862682899289e-05 0.00012552690874315811 -0.0004579194345960789 -7.7986213304002657e-06 0.00024028975021060667 0.00026470652076406162 0.00013761580874152988 -8.5708545965278927e-05 9.8188945279582747e-05 -0.00018321257589597675 -8.6546508594308793e-05 0.00015345010994620296 0.00015866699158755904 -1.6069058951496182e-05 0.00013197722997011478 0.00013883007983875033 6.8918471172937319e-06
leaf_weight=198 3896 60 101 163 2139 108 244 796 58 53 95 167 40 179 54 72 152 70 68 285 128 41 67 94 114 85 904 565 247 5350
leaf_count=198 3896 60 101 163 2139 108 244 796 58 53 95 167 40 179 54 72 152 70 68 285 128 41 67 94 114 85 904 565 247 5350
internal_value=-0.000203399 0.000203972 -0.00369718 -0.00501969 -0.00167315 0.000382325 -0.00718673 0.00287611 0.000186632 0.000816993 -0.000566991 -0.000778615 -0.00055396 -0.00107355 0.00276935 -0.00786853 0.00173667 0.00461165 -0.00064329 0.0041762 -0.00412088 0.000367647 -0.00203497 -0.00039557 0.000146199 -0.000900277 -0.00012639 0.00090836 0.000998053 0.000629802
internal_weight=16593 12992 568 508 3601 12424 407 904 11520 6273 5247 5041 4874 4215 659 251 619 206 3964 437 182 136 3403 1264 1197 1083 989 6220 6162 5597
internal_count=16593 12992 568 508 3601 12424 407 904 11520 6273 5247 5041 4874 4215 659 251 619 206 3964 437 182 136 3403 1264 1197 1083 989 6220 6162 5597
is_linear=0
shrinkage=0.05


Tree=46
num_leaves=31
num_cat=0
split_feature=4 16 7 14 14 16 15 16 9 15 10 8 10 10 10 10 16 12 12 14 12 10 9 12 7 1 10 10 3 14
split_gain=3.84494 3.39286 3.39531 2.64537 5.15389 2.5269 5.44169 4.9972 4.31026 4.14871 3.42403 2.9673 4.50073 4.28515 6.69668 4.58777 4.464 7.56495 4.88163 5.35714 4.19772 5.55284 3.61297 3.60852 3.60119 3.36906 3.05736 3.69131 2.9215 2.90531
threshold=0.016805538837500057 0.047199133209309359 0.029324903412733198 -0.075454415356713087 -0.049354087797768446 0.013736379298498582 -0.012544906211020721 0.013348614017426154 -0.074094978552025112 -0.0077478719164915102 -0.0061039058742593513 0.018124621408606271 -0.0012722764150241981 0.0057158529632723729 0.0059300499627189538 0.0052648520275683239 -0.018979182309047767 -0.0013043868274282275 0.010183672155494096 -0.012410493039419599 -0.067575688865902969 -0.017312000709356064 -0.0042488137131490014 -0.035060451823698983 -0.039279834115210903 -0.028610055687966648 -0.0020232405724179277 -0.0026636628961290705 -0.0030834036311446762 -0.019478059273714762
decision_type=2 2 2 2 2 2 2 2 8 2 2 10 2 2 2 2 2 2 2 2 2 2 8 2 2 2 2 2 2 2
left_child=-1 5 3 -3 -5 7 -7 11 -8 10 -10 12 20 15 -15 16 23 -18 19 -19 -2 24 -17 -14 -22 -13 27 -23 -9 -29
right_child=1 2 -4 4 -6 6 8 28 9 -11 -12 25 13 14 -16 22 17 18 -20 -21 21 26 -24 -25 -26 -27 -28 29 -30 -31
leaf_value=-3.3538884357487993e-05 0.00024400995347810105 -0.00015357752366954356 -0.00023743135319793073 0.00038610197870449036 -4.7709819548754327e-05 0.00036459183363944338 0.00011678025211879773 -0.00045231464201752339 -0.00032426753550872215 1.0232295353661768e-05 7.7752193391854996e-07 0.00011205572234129839 0.00036240550650880332 0.00023090082042050432 -9.8502406395153965e-06 -3.8329217815855208e-05 -0.00035172272477755585 0.00036474842656845761 -9.6673241443810421e-05 -6.9506604101992844e-05 -0.00041503780614489204 2.3297492165756447e-05 -0.00056828660911087457 -1.8779374926151993e-06 -8.5630706884338994e-07 6.1599180040648918e-06 0.00013104591352366084 6.7265894850006717e-05 -0.00013487847378000788 -0.0001825703977851102
leaf_weight=1637 210 51 198 48 137 58 663 50 68 3998 57 519 42 73 1033 40 183 84 809 84 126 1766 62 302 90 3666 213 51 112 165
leaf_count=1637 210 51 198 48 137 58 663 50 68 3998 57 519 42 73 1033 40 183 84 809 84 126 1766 62 302 90 3666 213 51 112 165
internal_value=-0.00015818 9.35954e-05 -0.00426267 -0.000211864 0.00256757 0.000223768 0.00115607 -0.000242769 0.000971584 0.000369876 -0.0086 -9.45577e-05 -0.000876617 -0.00230457 9.04159e-05 -0.00395392 -0.00325798 -0.00474138 -0.00299386 0.0047619 0.000600916 1.03691e-05 -0.0142157 0.00174419 -0.00763889 0.000902031 0.000763098 0.000151362 -0.00895062 -0.00601852
internal_weight=16595 14958 434 236 185 14524 4844 9680 4786 4123 125 9518 5333 2712 1106 1606 1504 1160 977 168 2621 2411 102 344 216 4185 2195 1982 162 216
internal_count=16595 14958 434 236 185 14524 4844 9680 4786 4123 125 9518 5333 2712 1106 1606 1504 1160 977 168 2621 2411 102 344 216 4185 2195 1982 162 216
is_linear=0
shrinkage=0.05


Tree=47
num_leaves=31
num_cat=0
split_feature=5 10 10 4 3 8 16 16 16 10 13 10 14 8 14 8 7 10 13 16 14 11 9 14 13 11 14 14 10 10
split_gain=3.90598 2.99 3.77753 3.14689 2.9559 4.81827 3.12272 4.07601 4.88645 3.76483 3.39573 3.74589 4.48805 3.9446 3.52978 3.36675 3.31263 3.28309 4.87997 3.79191 3.08032 2.94378 2.85816 2.83004 3.36202 3.31454 6.36111 5.12974 4.38631 4.75981
threshold=0.020767373570006766 0.0086942135082223055 0.0022597993773114671 0.015680176384052755 0.0029233435652337163 0.087723956263223948 0.0016661961818271733 0.013736379298498582 0.013481126459799266 -0.0086987636486000035 14.715000152587892 -0.0068180084305178293 0.021941009830483863 -0.042728222881734938 0.052093484772870687 0.059873402312597641 0.032235747199521166 0.0010681623083543814 13.744999885559084 0.02265925399816027 -0.028276541619188519 0.014627027210111112 0.25405100013810672 -0.075454415356713087 17.914999961853031 0.016138382759851803 0.023650626144740231 0.010891009150098998 0.0038619915499665818 0.0039695003321817976
decision_type=2 2 2 2 2 8 2 2 2 2 2 2 2 8 2 10 2 2 2 2 2 2 8 2 2 2 2 2 2 2
left_child=1 2 4 -3 6 20 21 8 9 -8 17 -12 13 -13 15 -14 -11 18 -9 -19 -6 -1 -21 24 -4 27 -27 28 -25 -30
right_child=-2 3 23 -5 5 -7 7 10 -10 16 11 12 14 -15 -16 -17 -18 19 -20 22 -22 -23 -24 25 -26 26 -28 -29 29 -31
leaf_value=2.777497443438859e-06 4.5550620671702506e-05 -9.5957100704052427e-05 0.00010884607322397154 2.608905960248232e-05 0.00022011916944409635 -7.2243575007551738e-05 -0.00027039044666547264 -2.0134529253691085e-05 -0.00029891121964094986 -6.2037489583156475e-05 -0.00014131055745490598 -0.00025335006036746949 0.00027561577658431134 2.8741597402832771e-05 4.9377183125177977e-06 8.5879991069783185e-06 5.097524203826424e-05 0.00010211719587232415 -0.00023684224830284361 1.9283999386916947e-05 4.774328813787442e-05 0.00015721311969408146 -0.0001887588817529973 -0.00015432117623485845 -8.113955851255101e-05 2.2544109911564696e-05 -0.00017932284358439487 4.320138338857569e-05 0.00010890779771039715 -6.8034218669084745e-05
leaf_weight=2620 4305 114 187 1640 140 294 117 207 65 817 135 51 149 347 125 57 265 88 124 85 1231 62 53 544 95 883 121 312 93 1190
leaf_count=2620 4305 114 187 1640 140 294 117 207 65 817 135 51 149 347 125 57 265 88 124 85 1231 62 53 544 95 883 121 312 93 1190
internal_value=0 -0.000456556 -0.000776991 0.00145382 -0.000113766 0.00172673 -0.00068474 -0.00189013 -0.0039557 -0.00323186 -5.27797e-05 0.00190972 0.00332647 -0.000251256 0.0076284 0.0116505 -0.00231054 -0.00309695 -0.00626888 0.00154867 0.00297228 0.000521999 -0.00362319 -0.00213869 0.00265957 -0.0025692 -0.000199203 -0.00368163 -0.00469349 -0.00309821
internal_weight=16516 12211 10457 1754 7032 1665 5367 2685 1264 1199 1421 864 729 398 331 206 1082 557 331 226 1371 2682 138 3425 282 3143 1004 2139 1827 1283
internal_count=16516 12211 10457 1754 7032 1665 5367 2685 1264 1199 1421 864 729 398 331 206 1082 557 331 226 1371 2682 138 3425 282 3143 1004 2139 1827 1283
is_linear=0
shrinkage=0.05


Tree=48
num_leaves=31
num_cat=0
split_feature=8 13 3 0 3 12 14 14 14 13 10 14 10 10 10 16 16 12 12 1 9 16 10 13 8 9 10 10 16 0
split_gain=4.84794 4.90255 4.85846 4.00693 3.44634 3.25661 4.54994 4.09626 4.74212 8.14865 3.868 4.10583 3.92949 3.79044 4.38203 6.80189 8.57216 3.93551 3.71282 3.67096 3.47425 3.19468 4.89142 4.32402 3.99832 3.25387 3.16729 5.32926 6.2754 3.14964
threshold=inf 18.214999198913578 0.016907936175919906 -0.022009037235170888 -0.0059427438264330048 0.048021249302454556 -0.0070547548707520216 0.005094684764536229 0.02729978908146902 13.59500026702881 -0.0016439356314020823 -0.010794703163862494 -0.00086146461138264508 0.0030127975736100603 -0.0052692990008561527 0.035520241860091069 0.0024480971090939945 0.0086975784270316731 0.054230156972347017 0.010722443621747348 -0.17302669801424528 0.006057132726098092 0.00021013037674633142 28.970000267028812 0.059873402312597641 -0.099877151707116293 -0.0059409935065934385 -0.00028779265249584402 0.010114722503269615 0.0089682586201081955
decision_type=8 2 2 2 2 2 2 2 2 2 2 2 2 2 2 2 2 2 2 2 10 2 2 2 10 8 2 2 2 2
left_child=2 -2 3 -1 -3 7 18 10 9 -9 11 -5 19 14 -10 16 20 -18 -7 -12 -16 22 24 -24 -14 -23 -8 29 -29 -28
right_child=1 4 -4 5 -6 6 26 8 13 -11 12 -13 21 -15 15 -17 17 -19 -20 -21 -22 25 23 -25 -26 -27 27 28 -30 -31
leaf_value=6.0949795415047876e-05 0.00089306715151998622 -2.2191328852046252e-06 0.00017867389927865405 -2.6875153631243136e-06 -0.0001599083137036964 -0.00021704208708680343 0.00011300171172381707 5.8460996294412014e-05 -2.1877993703887934e-05 -0.0001045214387484947 -0.0002199131001516386 0.00013942584241645575 1.6053680217004065e-05 -0.00011954897007440194 0.00038494360922339737 0.00046587669382765489 -0.0001701790373590291 7.2347124650995642e-07 -4.8189862631298907e-05 1.2515673285592392e-05 0.00010845263557408532 0.000144892503978763 -2.1747601739467021e-05 -0.0003179498040602048 0.00026691110956131032 1.3476543905389851e-05 -7.6215424191666522e-05 0.00011068816735322844 -5.9635369995564034e-05 -0.00032076091288953541
leaf_weight=1559 42 174 708 351 376 212 114 345 1743 1200 105 473 221 161 112 88 190 348 740 85 533 329 2092 60 84 3233 242 257 324 63
leaf_count=1559 42 174 708 351 376 212 114 345 1743 1200 105 473 221 161 112 88 190 348 740 85 533 329 2092 60 84 3233 242 257 324 63
internal_value=-0.000117725 -0.00456081 4.69572e-05 -0.000140854 -0.00581818 -0.000414082 -0.00230533 -9.99745e-05 -0.00123941 -0.00351133 0.000664723 0.0038835 0.000237558 -0.000133858 0.000265428 0.00249803 0.00150042 -0.00315985 -0.00477941 -0.00684211 0.0053876 0.00046104 -0.000925926 -0.0017658 0.005 0.00141774 5e-05 -0.000959368 0.00185026 -0.00631148
internal_weight=16564 592 15972 15264 550 13705 1952 11753 4720 1545 7033 824 6209 3175 3014 1271 1183 538 952 190 645 6019 2457 2152 305 3562 1000 886 581 305
internal_count=16564 592 15972 15264 550 13705 1952 11753 4720 1545 7033 824 6209 3175 3014 1271 1183 538 952 190 645 6019 2457 2152 305 3562 1000 886 581 305
is_linear=0
shrinkage=0.05


end of trees

feature_importances:
spy_ret_5d=171
spy_ret_20d=145
vix_chg_1d=137
spy_ret_1d=136
vix_level=135
sector_ret_5d=114
sector_ret_1d=107
atr_pct=89
dvol_z_20=80
parkinson_20=78
overnight_gap=68
dist_ma50=57
dist_ma200=55
ret_1d=31
dist_ma20=26
ret_5d=25
ret_20d=16

parameters:
[boosting: gbdt]
[objective: quantile]
[metric: quantile]
[tree_learner: serial]
[device_type: cpu]
[data_sample_strategy: bagging]
[data: ]
[valid: ]
[num_iterations: 120]
[learning_rate: 0.05]
[num_leaves: 31]
[num_threads: -1]
[seed: 0]
[deterministic: 0]
[force_col_wise: 1]
[force_row_wise: 0]
[histogram_pool_size: -1]
[max_depth: -1]
[min_data_in_leaf: 40]
[min_sum_hessian_in_leaf: 0.001]
[bagging_fraction: 0.85]
[pos_bagging_fraction: 1]
[neg_bagging_fraction: 1]
[bagging_freq: 1]
[bagging_seed: 3]
[bagging_by_query: 0]
[feature_fraction: 0.85]
[feature_fraction_bynode: 1]
[feature_fraction_seed: 2]
[extra_trees: 0]
[extra_seed: 6]
[early_stopping_round: 0]
[early_stopping_min_delta: 0]
[first_metric_only: 0]
[max_delta_step: 0]
[lambda_l1: 0]
[lambda_l2: 0]
[linear_lambda: 0]
[min_gain_to_split: 0]
[drop_rate: 0.1]
[max_drop: 50]
[skip_drop: 0.5]
[xgboost_dart_mode: 0]
[uniform_drop: 0]
[drop_seed: 4]
[top_rate: 0.2]
[other_rate: 0.1]
[min_data_per_group: 100]
[max_cat_threshold: 32]
[cat_l2: 10]
[cat_smooth: 10]
[max_cat_to_onehot: 4]
[top_k: 20]
[monotone_constraints: ]
[monotone_constraints_method: basic]
[monotone_penalty: 0]
[feature_contri: ]
[forcedsplits_filename: ]
[refit_decay_rate: 0.9]
[cegb_tradeoff: 1]
[cegb_penalty_split: 0]
[cegb_penalty_feature_lazy: ]
[cegb_penalty_feature_coupled: ]
[path_smooth: 0]
[interaction_constraints: ]
[verbosity: -1]
[saved_feature_importance_type: 0]
[use_quantized_grad: 0]
[num_grad_quant_bins: 4]
[quant_train_renew_leaf: 0]
[stochastic_rounding: 1]
[linear_tree: 0]
[max_bin: 255]
[max_bin_by_feature: ]
[min_data_in_bin: 3]
[bin_construct_sample_cnt: 200000]
[data_random_seed: 1]
[is_enable_sparse: 1]
[enable_bundle: 1]
[use_missing: 1]
[zero_as_missing: 0]
[feature_pre_filter: 1]
[pre_partition: 0]
[two_round: 0]
[header: 0]
[label_column: ]
[weight_column: ]
[group_column: ]
[ignore_column: ]
[categorical_feature: ]
[forcedbins_filename: ]
[precise_float_parser: 0]
[parser_config_file: ]
[objective_seed: 5]
[num_class: 1]
[is_unbalance: 0]
[scale_pos_weight: 1]
[sigmoid: 1]
[boost_from_average: 1]
[reg_sqrt: 0]
[alpha: 0.5]
[fair_c: 1]
[poisson_max_delta_step: 0.7]
[tweedie_variance_power: 1.5]
[lambdarank_truncation_level: 30]
[lambdarank_norm: 1]
[label_gain: ]
[lambdarank_position_bias_regularization: 0]
[eval_at: ]
[multi_error_top_k: 1]
[auc_mu_weights: ]
[num_machines: 1]
[local_listen_port: 12400]
[time_out: 120]
[machine_list_filename: ]
[machines: ]
[gpu_platform_id: -1]
[gpu_device_id: -1]
[gpu_device_id_list: ]
[gpu_use_dp: 0]
[num_gpu: 1]

end of parameters

pandas_categorical:[]
