tree
version=v4
num_class=1
num_tree_per_iteration=1
label_index=0
max_feature_idx=16
objective=quantile
feature_names=ret_1d ret_5d ret_20d overnight_gap atr_pct parkinson_20 dvol_z_20 dist_ma20 dist_ma50 dist_ma200 spy_ret_1d spy_ret_5d spy_ret_20d vix_level vix_chg_1d sector_ret_1d sector_ret_5d
feature_infos=[-0.19367685172839888:0.19129241962663301] [-0.29323310307405537:0.25542403038515404] [-0.3386589368775802:0.43964023353706105] [-0.21994024115497302:0.24208448212506495] [0.00065269679150457881:0.10937798322876667] [0:0.055928099943624028] [-2.74561026171778:4.3588814120375243] [-0.29509792114995803:0.30859825226464244] [-0.33396492272023814:0.44341801357630417] [-0.43901271119799279:1.1183610891430047] [-0.058542971330535654:0.10501930183911301] [-0.11496151859245618:0.082843162776128354] [-0.1226559005192206:0.15756591020035837] [11.859999656677246:52.330001831054688] [-0.35753873962348437:0.74039073966007019] [-0.062590328153952823:0.087383947576493481] [-0.13939752008440254:0.088326450578892102]
tree_sizes=2897 2975 2950 2975 2968 3002 2970 2995 2985 2971 2998 2989 2987 2980 2967 2998 2980 3011 2998 2984 2984 2994 2984 2984 2995 2998 2995 3017 3016 3013 2995 3007 3007 3025 3025 3024 3025 3019 2992 3007 2997 3008 3019 3013 3007 3020 3029 3009 2995 3029 2998 3014 3020 3006

Tree=0
num_leaves=31
num_cat=0
split_feature=4 16 13 5 8 15 12 3 3 13 5 15 13 3 6 6 12 4 7 15 13 15 1 16 12 3 5 1 10 15
split_gain=73.3439 22.0793 11.4231 10.2293 7.38777 8.08922 4.75741 4.49122 4.47707 4.36378 5.36097 3.99201 4.51639 2.94985 2.33991 2.25729 2.22346 2.5295 1.94306 1.86003 1.98451 2.70613 2.72302 3.04524 1.82171 1.80292 1.78037 3.3354 1.76435 2.35811
threshold=0.030939289245878965 -0.063843782707890304 27.855000495910648 0.014214518500529709 0.11482973154476252 -0.018421900785981656 -0.03685301683685837 0.012395292497801915 -0.0082451855230875597 24.630000114440922 0.021823193441583805 -0.021471725082703227 22.730000495910648 -0.024304868847719482 1.7943401437398512 0.40428012035557276 -0.0021779841828679087 0.038472424843954668 0.014708620089898374 0.0087069203512663024 16.875000000000004 -0.0091814911235438262 0.014215893264451275 0.0023251296364614764 -0.052281358654850445 0.017265770786860538 0.028161020468544934 0.050299246800993409 0.0076450481048171435 -0.0030633249679967163
decision_type=2 2 2 2 8 2 2 2 2 2 2 2 2 2 2 2 2 2 2 2 2 2 2 2 2 2 2 2 2 2
left_child=2 24 3 15 5 11 -6 26 -4 10 19 13 -13 -3 -5 -1 17 -12 25 20 -7 -22 23 -23 -2 -18 -8 -28 29 -19
right_child=1 4 8 14 6 9 7 -9 -10 -11 16 12 -14 -15 -16 -17 18 28 -20 -21 21 22 -24 -25 -26 -27 27 -29 -30 -31
leaf_value=-0.029432485062245592 -0.03175268770983089 -0.032885077869816787 -0.031956008047262084 -0.029864110739932934 -0.032292667941533612 -0.030046275677687865 -0.030368247999581807 -0.03191820186707349 -0.030185711418272906 -0.029805302764777532 -0.030237459033220396 -0.030660573256531935 -0.031657233551199267 -0.029859061999273979 -0.030389756900703335 -0.029689514421341254 -0.030456045555565407 -0.030795015812345814 -0.030977670667850132 -0.029831868459752546 -0.029818218798633989 -0.030495279783250742 -0.030065887096061773 -0.030863758263137663 -0.032756410431796737 -0.030634247567207527 -0.031866776990161091 -0.030542494701391944 -0.030127276212004294 -0.031348948224160074
leaf_weight=6461 54 44 45 4280 52 552 336 131 42 443 68 44 52 51 317 2428 510 68 265 297 136 255 165 98 41 53 57 47 50 114
leaf_count=6461 54 44 45 4280 52 552 336 131 42 443 68 44 52 51 317 2428 510 68 265 297 136 255 165 98 41 53 57 47 50 114
internal_value=-0.0298722 -0.035838 -0.0281215 -0.028005 -0.0352561 -0.0343041 -0.0402457 -0.0389271 -0.046181 -0.0336837 -0.0344567 -0.0442884 -0.0514791 -0.0370219 -0.0299199 -0.0270147 -0.037062 -0.04075 -0.0357258 -0.0325015 -0.0333743 -0.0352377 -0.0368857 -0.0393642 -0.0596535 -0.034064 -0.0365075 -0.0422243 -0.0432356 -0.045521
internal_weight=17556 3983 13573 13486 3888 3265 623 571 87 3074 2631 191 96 95 4597 8889 1128 300 828 1503 1206 654 518 353 95 563 440 104 232 182
internal_count=17556 3983 13573 13486 3888 3265 623 571 87 3074 2631 191 96 95 4597 8889 1128 300 828 1503 1206 654 518 353 95 563 440 104 232 182
is_linear=0
shrinkage=1


Tree=1
num_leaves=31
num_cat=0
split_feature=4 16 13 4 8 3 3 13 10 4 16 11 14 12 12 11 16 11 13 0 11 14 5 11 5 10 14 11 13 12
split_gain=64.8852 17.8331 10.2159 8.97578 6.35456 4.60233 3.5783 3.37301 4.46387 3.7765 2.98204 2.95821 2.50888 3.34973 2.30401 2.1044 3.57368 1.86632 2.46413 2.14171 1.78046 1.67672 1.63829 1.68211 1.638 1.86629 4.32448 1.60635 1.51846 4.19922
threshold=0.030939289245878965 -0.063843782707890304 29.835000038146976 0.021572268032278036 0.11800540686491991 0.011095993882089263 -0.040980376556273061 25.19999980926514 -0.017312000709356064 0.036723735876799772 -0.036225057066433801 0.0072949527951166057 0.17323568959812755 -0.0077540971574964193 0.0027925929369287954 -0.017775510039936489 -0.037691128512480625 0.0079965891664850481 17.615000724792484 -0.02782493847355005 0.0035059532242039952 0.099742575354610077 0.021823193441583805 -0.012789082312227194 0.015621215576781729 0.0063034677603397435 -0.042370343814534299 0.021151753576904912 23.529999732971195 -0.0041728590088926923
decision_type=2 2 2 2 8 2 2 2 2 2 2 2 2 2 2 2 2 2 2 2 2 2 2 2 2 2 2 2 2 2
left_child=2 21 3 -1 6 17 -3 8 -8 -10 -11 14 15 -14 -7 -5 -17 19 -19 -6 24 -2 -12 -24 -18 -26 -27 -20 29 -25
right_child=1 4 -4 12 5 11 7 -9 9 10 22 -13 13 -15 -16 16 20 18 27 -21 -22 -23 23 28 25 26 -28 -29 -30 -31
leaf_value=0.00042655727160050699 -0.0030114640726131565 -0.001561252100307362 -0.0014062645147467513 0.00031973771505020774 -0.0016080280856359862 -0.0023824477317595529 -0.0012577770132569681 5.6685577700709973e-05 -0.00024460366250529897 -0.0010840831437410583 -0.00034072816598122453 -0.0034012617749618981 -0.00083599553270310924 3.240373716439348e-05 -0.00034283320630048024 -0.00077196301261096129 5.7140249765109262e-05 -0.0007110837809517083 -0.0011824063868097635 -0.00041860697261056416 0.00012868473609616365 -0.0014686617198447849 -0.00012850383245292799 -0.001060687502042852 -0.00011321861508763812 -0.000210737748084628 -0.0019560413514297195 -0.00069471705121345846 -6.4122997339525779e-05 -0.00077528899408594622
leaf_weight=7234 46 65 69 717 42 51 52 393 1454 74 298 62 44 69 40 73 1200 76 43 249 3339 45 111 108 661 96 45 45 78 644
leaf_count=7234 46 65 69 717 42 51 52 393 1454 74 298 62 44 69 40 73 1200 76 43 249 3339 45 111 108 661 96 45 45 78 644
internal_value=7.78978e-05 -0.00553823 0.00172621 0.00182445 -0.00502574 -0.00972039 -0.00415471 -0.00391968 -0.00452465 -0.0042519 -0.00619573 -0.0172222 0.000435618 -0.0069469 -0.0114835 0.000571685 0.000234577 -0.0071978 -0.0114634 -0.00479381 0.00038476 -0.0274176 -0.0056134 -0.00663656 -0.000794206 -0.00254364 -0.00776596 -0.0171591 -0.00740964 -0.0080984
internal_weight=17523 3976 13547 13478 3885 608 3277 3212 2819 2767 1313 153 6244 113 91 6131 5414 455 164 291 5341 91 1239 941 2002 802 141 88 830 752
internal_count=17523 3976 13547 13478 3885 608 3277 3212 2819 2767 1313 153 6244 113 91 6131 5414 455 164 291 5341 91 1239 941 2002 802 141 88 830 752
is_linear=0
shrinkage=0.05


Tree=2
num_leaves=31
num_cat=0
split_feature=4 16 13 4 16 9 6 13 16 16 11 13 5 12 13 11 16 6 3 16 3 16 16 2 6 4 5 11 8 7
split_gain=54.898 14.4593 10.4931 8.99567 8.36941 4.63624 3.1049 2.50947 2.47958 9.72814 5 2.54395 5.09302 2.55766 2.77813 2.29817 2.36165 2.05492 1.99823 1.6807 2.2309 2.17393 2.80105 1.65365 1.53029 2.40804 2.08834 1.64413 1.48543 1.57973
threshold=0.031539230637519421 -0.063843782707890304 27.855000495910648 0.02303114485403077 -0.038550768496870107 0.18258416864638197 1.4743136672568808 16.875000000000004 -0.038550768496870107 -0.043988025996366246 -0.0094173901882642057 23.409999847412113 0.026745878366273835 -0.017557998492747081 21.82499980926514 -0.013624975324509013 0.013946378016439056 2.2122484082639731 0.015838458970410255 0.0026520373171164961 -0.0099371674862148134 0.011848645304428975 0.0058158459122701353 0.029567242588431467 -0.55481782058431095 0.04074583094590805 0.028161020468544934 -0.0086028412340181642 -0.055884488095840172 -0.016005782016961009
decision_type=2 2 2 2 2 10 2 2 2 2 2 2 2 2 2 2 2 2 2 2 2 2 2 2 2 2 2 2 8 2
left_child=2 -2 3 6 -4 8 -1 -7 9 -3 -11 12 13 14 23 -15 19 -5 24 -17 -21 22 -22 -10 27 -26 -27 -9 -19 -30
right_child=1 5 4 17 -6 7 -8 18 11 10 -12 -13 -14 15 -16 16 -18 28 -20 20 21 -23 -24 -25 25 26 -28 -29 29 -31
leaf_value=0.00040865543709548314 -0.0018153146161257198 0.00014446727838958036 -0.0017869133304884389 4.3610994202335046e-05 -5.0979347043773853e-05 -0.0004487393556211015 -4.3505208762814779e-05 -0.0012694268791545059 -0.00034706248260456794 -0.0038731682065286746 -0.0010181674232890715 -7.927232203466377e-05 -0.001123894605842941 0.00020353566727291601 -0.0015286425029240197 -0.00033950777492773246 -0.00017152865514546056 0.0002909375606183714 -0.001797469301677663 -0.00096823944411086275 -0.0011275158881108352 -0.0009392566683878085 2.6909755612202744e-05 -0.00052576667957036124 -0.0016942246222999349 -0.00034758801201304336 -0.0017909088223066107 -0.00027555790172507829 -0.00098218774192125645 -0.0003642971228470822
leaf_weight=7624 95 88 40 5067 47 114 794 44 213 40 40 528 353 168 43 735 514 65 89 68 64 47 157 40 49 64 72 99 51 174
leaf_count=7624 95 88 40 5067 47 114 794 44 213 40 40 528 353 168 43 735 514 65 89 68 64 47 157 40 49 64 72 99 51 174
internal_value=0.000172296 -0.00521751 0.00162026 0.00172958 -0.0156897 -0.00471342 0.00274887 -0.00903013 -0.00397353 -0.00988095 -0.0225 -0.00363481 -0.00432556 -0.00336994 -0.00766892 -0.00264404 -0.00323344 0.00012787 -0.0108273 -0.00457049 -0.0075 -0.00544776 -0.00337104 -0.00567194 -0.00902439 -0.012027 -0.00860294 -0.00513986 -0.00396552 -0.00588889
internal_weight=17586 3724 13862 13775 87 3629 8418 531 3098 168 80 2930 2402 2049 296 1753 1585 5357 417 1071 336 268 221 253 328 185 136 143 290 225
internal_count=17586 3724 13862 13775 87 3629 8418 531 3098 168 80 2930 2402 2049 296 1753 1585 5357 417 1071 336 268 221 253 328 185 136 143 290 225
is_linear=0
shrinkage=0.05


Tree=3
num_leaves=31
num_cat=0
split_feature=16 13 9 11 14 10 9 6 13 13 12 2 8 11 0 11 11 8 3 9 8 16 2 0 11 10 13 1 2 9
split_gain=21.7301 17.9248 11.0873 8.93653 8.85736 11.4203 7.18643 4.71926 4.76764 6.93494 9.11943 6.06517 4.28139 4.01351 3.60489 3.9445 7.03777 3.25327 3.03612 2.9117 2.62246 2.58821 2.25374 1.99245 1.96595 1.911 1.62319 1.5881 1.58128 1.43575
threshold=-0.038550768496870107 29.835000038146976 0.30678751702507151 -0.016546519308648141 0.29251442523831755 -0.0018259871478111254 -0.17478928834345184 1.7943401437398512 21.134999275207523 21.555000305175785 -0.00052816856958670655 -0.0039689996395846352 0.010424093019195448 -0.012158378577427352 -0.020351680011515712 -0.022672211523631577 -0.020756014565235011 0.12073489050542065 0.0098303180716695655 -0.34956808517865917 -0.10905318286694719 -0.063843782707890304 -0.0047782380443804886 -0.014669151547330504 -0.0060160798927795791 -0.0063941305791072591 17.615000724792484 -0.054198914495752697 0.16409692268442558 0.45146641077317456
decision_type=2 2 10 2 2 2 8 2 2 2 2 2 10 2 2 2 2 8 2 10 10 2 2 2 2 2 2 2 2 10
left_child=1 3 6 21 5 -3 12 8 20 10 11 -10 19 -5 15 -11 -17 -9 22 -2 24 25 -4 -15 -8 -1 -20 -22 -29 -24
right_child=2 4 18 13 -6 -7 7 17 9 14 -12 -13 -14 23 -16 16 -18 -19 26 -21 27 -23 29 -25 -26 -27 -28 28 -30 -31
leaf_value=-0.00079326389661538372 -0.0011475083925591763 9.9409016429554464e-05 -0.0016875982720253061 -0.0015035743892007501 -0.0031233935513718448 -0.0022040172073300467 0.00031820281700247724 -0.00018077141746376639 -0.0010592706201612045 0.00029918219781365537 3.1734864743002869e-05 -0.001154959716524688 -0.00087745263119547298 -0.001211375686805564 0.00010355761014465351 -0.0019105513174135298 -0.00018986200564475957 -0.0012140832583740239 -0.00056716655890823168 -0.00028924195023979953 -0.00020971709157860502 0.00035646644914422978 1.6077998744221425e-05 -0.00023291219410942373 -0.00029052352160547555 6.024895540544147e-05 -0.0020663727334399849 0.00023924380825319399 -0.00023098986191309943 -0.0014680236573421093
leaf_weight=49 45 47 43 62 48 44 226 963 41 79 89 45 64 46 1168 41 65 107 69 746 447 250 198 103 441 47 92 11449 298 101
leaf_count=49 45 47 43 62 48 44 226 963 41 79 89 45 64 46 1168 41 65 107 69 746 447 250 198 103 441 47 92 11449 298 101
internal_value=0.000223548 -0.00843391 0.000581852 -0.00442549 -0.0244964 -0.0153297 0.000807282 0.00105408 0.00129231 -0.00134817 -0.0107143 -0.0223256 -0.00365497 -0.0125355 -0.000136733 -0.00662162 -0.0129245 -0.00214953 -0.00672962 -0.00264855 0.00160602 0.000520231 -0.00406433 -0.00808725 -0.00144678 -0.00645833 -0.0123913 0.001773 0.00188431 -0.00252508
internal_weight=17513 696 16817 557 139 91 16314 15459 14389 1528 175 86 855 211 1353 185 106 1070 503 791 12861 346 342 149 667 96 161 12194 11747 299
internal_count=17513 696 16817 557 139 91 16314 15459 14389 1528 175 86 855 211 1353 185 106 1070 503 791 12861 346 342 149 667 96 161 12194 11747 299
is_linear=0
shrinkage=0.05


Tree=4
num_leaves=31
num_cat=0
split_feature=4 15 5 16 9 15 13 13 14 13 5 6 14 6 15 15 16 16 6 15 15 6 15 0 0 3 3 15 14 6
split_gain=47.4972 12.0456 8.99122 8.87626 5.57873 4.2223 3.99068 4.04337 3.23006 2.90452 2.8585 2.20906 1.98411 1.95746 1.84418 2.37513 1.7402 1.69283 1.97842 1.831 2.33497 1.64612 1.64432 2.01377 1.83073 1.59775 1.5748 1.60304 1.35093 2.3141
threshold=0.031539230637519421 -0.031371938463056574 0.014296672479349791 -0.063843782707890304 0.38584382291031555 -0.018421900785981656 22.429999351501468 27.365000724792484 0.099742575354610077 25.505000114440922 0.024927295010950087 1.6733785184940582 -0.077913276979976895 1.0862263182057721 0.0082034198329506997 0.012360482738366653 0.013946378016439056 -0.002083328297362796 1.6179268505189885 0.0094647085434144147 0.0067264714428266767 0.34938417590524312 0.0019679635924005905 -0.018916404850662091 -0.0090374440301266828 -0.0032724976078621344 -0.007576951647011442 0.0067264714428266767 -0.02368562203831703 -0.55481782058431095
decision_type=2 2 2 2 10 2 2 2 2 2 2 2 2 2 2 2 2 2 2 2 2 2 2 2 2 2 2 2 2 2
left_child=1 -1 11 8 5 6 -5 -8 -2 10 16 -3 -11 14 25 -16 17 28 19 20 22 26 23 -19 -25 -12 27 -4 29 -7
right_child=3 2 21 4 -6 9 7 -9 -10 12 13 -13 -14 -15 15 -17 -18 18 -20 -21 -22 -23 -24 24 -26 -27 -28 -29 -30 -31
leaf_value=-0.0017074884073872113 -0.0026926281317607402 0.00037517170189508062 -9.1725895145090112e-05 -0.00021131159804840707 -0.0019383601376155432 -0.00058414381170868071 -0.0016153010633884112 -0.0019420067240723681 -0.0008496865484966525 -0.00048000102686317778 -0.000175829152987627 3.4651916473895396e-06 0.00036116758274402607 -0.0013232644446554663 -0.0016442287782559833 -0.00077933401234147313 -0.00019411164800817345 5.4632011752935086e-05 -0.00090586934914399758 0.00022898042224443009 -0.0008162521619843315 -0.00015878437093717949 -0.0001651883797740098 -0.001077339678107689 -0.00063566581727634089 -0.00068328321817741464 0.00012109950351361166 -0.0015283158653785019 -0.00010541556426384049 -0.00029374769021465552
leaf_weight=41 47 8159 427 76 246 108 52 45 53 69 214 749 265 85 63 72 578 67 45 79 45 1273 160 57 136 284 3005 61 618 243
leaf_count=41 47 8159 427 76 246 108 52 45 53 69 214 749 265 85 63 72 578 67 45 79 45 1273 160 57 136 284 3005 61 618 243
internal_value=0.000215819 0.0015731 0.00165423 -0.00480577 -0.00439839 -0.00386641 -0.011474 -0.0181959 -0.0195 -0.00345358 -0.00396987 0.00259205 0.000958084 -0.00669916 -0.0057425 -0.0109259 -0.00305243 -0.00392169 -0.00603565 -0.00520221 -0.00639785 -9.8615e-05 -0.00523809 -0.00769231 -0.010285 -0.00433735 0.000462353 -0.00217213 -0.00263674 -0.00511396
internal_weight=17422 13715 13674 3707 3607 3361 173 97 100 3188 2854 8908 334 718 633 135 2136 1558 589 544 465 4766 420 260 193 498 3493 488 969 351
internal_count=17422 13715 13674 3707 3607 3361 173 97 100 3188 2854 8908 334 718 633 135 2136 1558 589 544 465 4766 420 260 193 498 3493 488 969 351
is_linear=0
shrinkage=0.05


Tree=5
num_leaves=31
num_cat=0
split_feature=4 16 4 9 10 12 15 6 12 5 6 9 11 10 8 11 11 15 12 6 4 15 8 11 8 3 10 1 9 8
split_gain=42.9916 8.41553 8.31991 5.1178 4.06062 3.66539 3.45431 2.74226 2.46689 2.46497 2.30662 2.12913 2.0815 1.7794 1.7236 1.73772 4.41471 1.70828 1.70523 1.69033 1.59202 1.65374 1.49828 1.42088 1.41709 1.43211 1.35861 1.66288 1.30578 1.36825
threshold=0.030939289245878965 -0.063843782707890304 0.021572268032278036 0.19959055278418172 -0.017312000709356064 -0.030100055327360094 -0.018421900785981656 1.4743136672568808 -0.028469935291830225 0.019881433730130186 0.42123598685925395 -0.06508511626481199 -0.016546519308648141 -0.0056282677308486786 0.13718670099570332 0.0035059532242039952 0.0021655694557776166 -0.0052428455605644233 -0.0066426412641200075 -0.066529002758817984 0.034535278821064878 -0.0036267884761913556 -0.01853995596878277 -0.017775510039936489 0.22578350571663688 0.0001118344622236256 0.00069579143919507047 0.035238540376090206 -0.27934464362790307 -0.011292356455832374
decision_type=2 2 2 10 2 2 2 2 2 2 2 10 2 2 8 2 2 2 2 2 2 2 10 2 8 2 2 2 8 10
left_child=2 -2 10 6 5 11 8 20 -3 -8 -1 -4 17 -10 15 16 -14 -11 -16 -6 -5 -22 -19 -21 -25 -26 27 -23 -17 -30
right_child=1 3 4 7 19 -7 9 -9 13 12 -12 -13 14 -15 18 28 -18 22 -20 23 21 26 -24 24 25 -27 -28 -29 29 -31
leaf_value=0.00041489579707206133 -0.0016704023455869953 -0.0022867834105371634 -0.00073623460726938256 -0.00010538433385264919 0.00013361392809994654 0.00016008254484559567 -6.8599918498061258e-05 -0.0020778535142124367 0.0003058005048346493 0.00046714993689656297 0.00019625896429425533 -0.00082083718283027798 -0.00056636709744377139 -0.0006607226926862149 -0.0013676900667268517 -0.00081394591690818702 -0.0012220167969885793 -3.3061185136441009e-05 -0.00063163099289493434 0.00024438048015203818 -0.00054350271206106068 -0.0019064677630666778 -0.0010002509962454276 -7.1982955151902601e-05 -9.3793957186125908e-05 -0.00064293850409874594 -0.0010648402015146503 -0.00061826520382383412 -8.2207420946573057e-05 -0.00046572867960853714
leaf_weight=5389 93 75 44 78 3494 65 1117 59 48 139 1912 43 456 44 50 117 66 155 146 352 112 53 51 2164 71 43 179 42 536 366
leaf_count=5389 93 75 44 78 3494 65 1117 59 48 139 1912 43 456 44 50 117 66 155 146 352 112 53 51 2164 71 43 179 42 536 366
internal_value=0.000238909 -0.00432948 0.00157877 -0.00397403 0.000243786 -0.00782895 -0.00325906 -0.00857553 -0.0102695 -0.00289309 0.00272634 -0.0145402 -0.0039097 -0.00478261 -0.00461428 -0.00405256 -0.00639847 -0.000362319 -0.00903061 0.000444154 -0.00728448 -0.00860104 -0.00325243 -0.000513308 -0.000970149 -0.00640351 -0.0106934 -0.0155263 -0.00285083 -0.00220621
internal_weight=17559 3982 13577 3889 6276 152 3366 523 167 3199 7301 87 2082 92 1737 1541 522 345 196 6124 464 386 206 2630 2278 114 274 95 1019 902
internal_count=17559 3982 13577 3889 6276 152 3366 523 167 3199 7301 87 2082 92 1737 1541 522 345 196 6124 464 386 206 2630 2278 114 274 95 1019 902
is_linear=0
shrinkage=0.05


Tree=6
num_leaves=31
num_cat=0
split_feature=4 13 16 4 16 8 15 6 13 10 11 14 16 3 6 10 4 13 13 3 6 11 12 6 16 10 16 9 15 15
split_gain=38.9855 8.87535 7.92096 7.22424 7.21364 3.83678 3.68216 2.86717 2.84933 3.27639 2.72801 2.39659 2.37419 2.27497 2.19501 1.88243 2.03481 1.56376 1.72151 1.52997 1.45573 1.38976 1.97871 1.39439 1.30689 1.38579 1.9035 2.13728 1.30653 1.96177
threshold=0.030939289245878965 27.855000495910648 -0.063843782707890304 0.021500364124989412 -0.038550768496870107 0.11482973154476252 -0.018421900785981656 1.8536932031824565 22.730000495910648 -0.020247544478179221 -0.012951361499321188 -0.077913276979976895 -0.037392499431150077 -0.013163848922948139 0.43438267548458603 0.017102322993862277 0.033918422597222643 14.63499975204468 16.954999923706058 -0.007576951647011442 1.7263593503341788 0.0033857060530237963 0.011040694977268452 2.0625489607586811 -0.0058148748092902705 0.0010681623083543814 0.0058158459122701353 0.047228561891466743 -0.0013189727891353418 -0.00017306512451364939
decision_type=2 2 2 2 2 8 2 2 2 2 2 2 2 2 2 2 2 2 2 2 2 2 2 2 2 2 2 8 2 2
left_child=1 3 13 14 -3 6 8 11 -4 -10 -8 -7 19 -2 -1 16 24 -16 21 -12 -5 22 -19 -23 -14 26 27 -26 -18 -30
right_child=2 4 5 20 -6 7 10 -9 9 -11 12 -13 15 -15 17 -17 28 18 -20 -21 -22 23 -24 -25 25 -27 -28 -29 29 -31
leaf_value=0.00040096245865483871 -0.001839768475550836 -0.0013556130713996142 -0.0005012624117772135 6.9457475822727366e-05 -4.806442028057398e-05 -0.0018110205310465654 3.7387064741015818e-05 -0.001825685982978707 -0.0022306689181377901 -0.0013800398802048318 -0.00030411747727220989 -0.00054542617576720136 0.00010851401826456254 -0.0014669960324583651 0.00031154808693811711 0.00035081794003160303 -0.00048779276133975613 0.00040717411215079516 0.00025102769453011042 -0.0013277471363224503 -0.00030699625857406507 0.00029108086479017294 -0.00071743919153277277 -0.0012957861591785084 -0.00026238878977999938 -4.1909880386660127e-05 -4.3947816742841684e-05 -0.00080750051436210733 -0.00079110065013056135 -0.00051962575603035248
leaf_weight=5365 51 40 78 5725 48 48 618 65 55 51 41 501 180 49 715 112 618 69 589 43 498 256 157 73 51 297 125 44 95 887
leaf_count=5365 51 40 78 5725 48 48 618 65 55 51 41 501 180 49 715 112 618 69 589 43 498 256 157 73 51 297 125 44 95 887
internal_value=0.000226288 0.00150905 -0.00410451 0.00161263 -0.0143182 -0.00374904 -0.00307284 -0.00737785 -0.00994565 -0.015283 -0.00266634 -0.00620219 -0.00340353 -0.018 0.00268826 -0.0031154 -0.00342403 0.00120764 6.1189e-05 -0.0116667 0.000363973 -0.00193694 -0.00495575 0.000136778 -0.0011693 -0.00244681 -0.00545455 -0.0107895 -0.00440625 -0.00553971
internal_weight=17544 13535 4009 13447 88 3909 3295 614 184 106 3111 549 2493 100 7224 2409 2297 1859 1144 84 6223 555 226 329 697 517 220 95 1600 982
internal_count=17544 13535 4009 13447 88 3909 3295 614 184 106 3111 549 2493 100 7224 2409 2297 1859 1144 84 6223 555 226 329 697 517 220 95 1600 982
is_linear=0
shrinkage=0.05


Tree=7
num_leaves=31
num_cat=0
split_feature=4 15 5 14 0 2 5 10 15 12 0 9 11 15 5 11 15 2 8 10 7 10 11 0 5 4 9 14 14 11
split_gain=35.1178 11.4509 8.46067 4.33368 3.84365 3.53202 2.0464 1.97892 2.66925 5.06258 2.20168 2.10957 1.84591 1.62963 1.59009 1.55416 2.97624 1.51866 2.77457 2.07512 1.62631 1.44667 1.77778 1.39368 1.37568 1.35823 1.26849 1.24908 1.31868 1.23349
threshold=0.032607516662606521 -0.031371938463056574 0.014597205971886977 0.23397195059943568 0.076241112565659033 0.1239383695076698 0.021177082025993339 -0.0056282677308486786 -0.011508251685123648 0.028915668765050032 -0.013132590834498857 0.29261395767122239 0.03932291360928742 -0.0094823582107948483 0.027214446830553785 0.0095883601476249875 0.00048332276045726102 0.042239400650669119 -0.01853995596878277 0.0066149119046357016 0.00077557559899843486 0.00074647751592549227 0.0057915448439024306 -0.02782493847355005 0.033817621341417282 0.019570595013100465 0.22592012154757304 -0.054330610723124943 0.0053913947730825926 -0.028186654574093969
decision_type=2 2 2 2 2 2 2 2 2 2 2 10 2 2 2 2 2 2 10 2 2 2 2 2 2 2 8 2 2 2
left_child=1 -1 25 4 5 7 -7 29 9 10 -9 12 13 -10 17 -16 -17 18 -15 20 -20 22 -8 -4 -14 -3 -23 -13 -29 -2
right_child=3 2 23 -5 -6 6 21 8 11 -11 -12 27 24 14 15 16 -18 -19 19 -21 -22 26 -24 -25 -26 -27 -28 28 -30 -31
leaf_value=-0.0014505096577962515 0.00035399540291193473 0.00036446674986417545 -0.00046461465738922175 -0.0017915457192608335 -0.0025571956770006191 -0.00016964203667342557 -0.00093598245478568884 -0.0015979848734676786 0.00046505627114977287 0.00049864494783285541 -0.00063689334819278583 -8.7413042024132788e-05 0.00028004999237885622 -0.00032723629574830216 -0.00044887930461637592 -0.00031331703253302816 -0.00092400299545389189 1.2052062085824369e-05 -0.0013306978872153637 -0.00025181306982258514 -0.00041139009464438221 -0.00057272374935618444 -0.0030055719259895024 -1.7361263520161667e-05 -0.00081089191794634545 0.00020361697603779236 -0.00039437924360519508 -0.0012521123818833328 -0.00024084421461591904 -0.00028963617131614461
leaf_weight=45 155 5114 272 56 44 90 108 54 73 42 44 44 173 856 134 45 74 271 66 97 78 72 54 4477 49 4337 85 78 42 427
leaf_count=45 155 5114 272 56 44 90 108 54 73 42 44 44 173 856 134 45 74 271 66 97 78 72 54 4477 49 4337 85 78 42 427
internal_value=0.000215311 0.00129344 0.00137324 -0.00442313 -0.00418587 -0.00398474 -0.00832518 -0.00335118 -0.00403153 -0.0107143 -0.0169388 -0.00358173 -0.00311587 -0.00367769 -0.00400679 -0.00764822 -0.0118067 -0.00333333 -0.00416135 -0.00890041 -0.0127083 -0.0102038 -0.0135185 -0.000348494 0.00117117 0.00223839 -0.00678344 -0.00902439 -0.0116667 -0.000756014
internal_weight=17556 14245 14200 3311 3255 3211 409 2802 2220 140 98 2080 1916 1694 1621 253 119 1368 1097 241 144 319 162 4749 222 9451 157 164 120 582
internal_count=17556 14245 14200 3311 3255 3211 409 2802 2220 140 98 2080 1916 1694 1621 253 119 1368 1097 241 144 319 162 4749 222 9451 157 164 120 582
is_linear=0
shrinkage=0.05


Tree=8
num_leaves=31
num_cat=0
split_feature=4 13 4 14 0 11 9 13 13 4 6 12 14 8 15 14 11 11 6 11 13 8 11 12 2 14 6 11 13 6
split_gain=29.0205 7.26744 6.3779 4.32655 3.68024 3.01633 2.68047 2.64421 2.23234 2.27283 2.10377 1.87337 2.6651 2.4657 2.17181 1.87147 2.13533 3.19296 2.24885 1.82935 1.82607 1.60531 1.44424 3.11741 1.86065 2.58779 1.47452 1.42392 1.35411 1.45742
threshold=0.030939289245878965 27.855000495910648 0.02303114485403077 0.23397195059943568 0.063602387758423432 -0.040606283895635913 0.45146641077317456 17.615000724792484 25.19999980926514 0.033918422597222643 0.42123598685925395 -0.0062518932096157767 0.078404529959544514 0.022644460235638045 -0.00087809918020165234 -0.10816573528732347 0.011634052199270497 -0.016546519308648141 -0.43906382985934816 0.0010676984150611581 14.734999656677248 -0.082293071567677331 -0.017775510039936489 -0.005215251084133842 -0.0061428212841684862 0.038811658900465458 0.24074981191831685 -0.014526458794264228 14.059999942779543 -0.78130387284903879
decision_type=2 2 2 2 2 2 10 2 2 2 2 2 2 10 2 2 2 2 2 2 2 8 2 2 2 2 2 2 2 2
left_child=1 2 10 4 6 -3 8 -8 9 -2 -1 12 14 21 -11 -16 17 -17 -19 -6 -12 -14 -4 24 -24 -26 -25 -22 29 -13
right_child=3 5 22 -5 19 -7 7 -9 -10 11 20 28 13 -15 15 16 -18 18 -20 -21 27 -23 23 26 25 -27 -28 -29 -30 -31
leaf_value=0.00034554750268065429 -0.00012524136401684082 -0.0010347960955738144 0.00027461992332155212 -0.001898020710063974 -0.0017506535144075901 -8.3881963390154061e-05 -0.00034785378835938951 -0.0019303464968769828 8.8950941450754073e-05 -1.5147559311393377e-05 0.00025013157791722596 -0.0010170476261031883 -0.00070431930285633616 -0.00050983535682524897 7.5649198955518449e-05 -0.00077410979747193553 -0.00027722464338418649 -0.0015445803965610516 -0.00099738284608739763 -0.00074498170196737206 0.00035806012986403321 -0.0010268468655092835 -8.2657656501378737e-05 0.00011630271811487504 -0.00044099618792519627 -0.00091221138273877731 -0.00010996474124759513 -0.00014556481773721967 -0.0003249650548011117 -0.0003987248894586783
leaf_weight=6259 1008 41 611 63 40 40 78 101 461 185 823 49 41 43 60 71 83 48 71 47 270 42 533 2497 199 79 1154 1101 1346 167
leaf_count=6259 1008 41 611 63 40 40 78 101 461 185 823 49 41 43 60 71 83 48 71 47 270 42 533 2497 199 79 1154 1101 1346 167
internal_value=0.000312589 0.00141361 0.00150303 -0.00342907 -0.00322126 -0.0135185 -0.0029917 -0.00896648 -0.00270068 -0.00316739 0.00234414 -0.00406618 -0.0063354 -0.0128571 -0.00474903 -0.00716216 -0.00891941 -0.0118421 -0.0168487 -0.0133908 0.00101185 -0.0178916 0.000101518 -0.000210668 -0.0030148 -0.00633093 0.000412216 -0.000105762 -0.0031306 -0.00680556
internal_weight=17611 13607 13526 4004 3941 81 3854 179 3675 3214 8453 2206 644 126 518 333 273 190 119 87 2194 83 5073 4462 811 278 3651 1371 1562 216
internal_count=17611 13607 13526 4004 3941 81 3854 179 3675 3214 8453 2206 644 126 518 333 273 190 119 87 2194 83 5073 4462 811 278 3651 1371 1562 216
is_linear=0
shrinkage=0.05


Tree=9
num_leaves=31
num_cat=0
split_feature=4 15 4 16 3 16 4 8 5 11 13 6 6 13 13 11 16 16 13 0 5 8 10 4 3 12 11 11 4 7
split_gain=26.8189 7.93882 7.53401 6.0209 4.7819 3.04429 3.04581 2.56284 2.67894 2.38112 1.67095 1.53327 1.50887 1.48962 1.67838 1.62194 1.6516 1.96084 1.42106 1.33399 1.31707 1.19686 1.46708 1.13693 1.07484 1.41914 2.01646 2.24479 1.05238 1.15336
threshold=0.033675654517572297 -0.031371938463056574 0.022399246796111206 -0.038550768496870107 -0.030145207580895835 -0.043988025996366246 0.04590182329356398 0.11800540686491991 0.023125725002968976 0.0072949527951166057 29.835000038146976 0.42123598685925395 0.29415465737782304 14.734999656677248 16.935000419616703 0.0069117178035681412 -0.0024064003256645812 0.0023251296364614764 17.994999885559086 0.020671042185650305 0.012568093203130579 0.22578350571663688 -0.00010103151992763014 0.048458044862477269 -0.0067019469295550574 -0.005215251084133842 -0.0071962553700703471 0.011634052199270497 0.030016710270001721 -0.076297890552570066
decision_type=2 2 2 2 2 2 2 10 2 2 2 2 2 2 2 2 2 2 2 2 2 8 2 2 2 2 2 2 2 2
left_child=1 -1 11 4 -2 6 -6 10 -9 18 -5 -3 24 -13 15 16 -15 -18 -10 -11 -19 28 -23 -20 25 26 -4 -28 -14 -30
right_child=3 2 12 7 5 -7 -8 8 9 19 -12 13 21 14 -16 -17 17 20 23 -21 -22 22 -24 -25 -26 -27 27 -29 29 -31
leaf_value=-0.0022014901508871881 -0.0017793495172267462 0.00033668733481298431 -9.9913467643775568e-05 -0.00034697098036303174 6.9098117543709569e-05 -0.0015135714431075411 -0.0018333678005533539 4.9475993663005749e-05 8.0635492153061363e-05 -0.00085199553892536465 0.00033816929303090985 0.00027850371595953638 -1.8411278748417554e-05 -4.8228817096225621e-05 0.00023659603404910815 0.00019284619376052584 -0.0016262990167078798 -0.00020015336729776735 -0.00057717236386583875 -0.0041171046134608879 -0.00088822417667995144 -6.2935443700713303e-05 -0.00041670062516486095 -0.0010899978041601652 8.7174046623770358e-05 2.3278604160411874e-05 -0.00093472681557172613 -4.663136690754186e-05 0.00026738281821703258 -0.00039995199484979896
leaf_weight=44 45 5860 138 2201 90 75 51 85 59 53 132 788 1449 131 700 275 40 82 55 41 41 60 52 46 3828 546 56 46 50 351
leaf_count=44 45 5860 138 2201 90 75 51 85 59 53 132 788 1449 131 700 275 40 82 55 41 41 60 52 46 3828 546 56 46 50 351
internal_value=0.000326274 0.00120623 0.00127061 -0.00403512 -0.0112835 -0.00819444 -0.00386525 -0.0033271 -0.00738938 -0.00996063 -0.00273682 0.00230959 1.9769e-05 0.00113515 7.48623e-05 -0.001942 -0.00452381 -0.00788344 -0.00625 -0.0162766 -0.0047561 -0.00114169 -0.00616071 -0.00985148 0.000513654 -0.00117048 -0.004375 -0.00970588 -0.000837838 -0.00310474
internal_weight=17470 14537 14493 2933 261 216 141 2672 339 254 2333 7917 6576 2057 1269 569 294 163 160 94 123 1962 112 101 4614 786 240 102 1850 401
internal_count=17470 14537 14493 2933 261 216 141 2672 339 254 2333 7917 6576 2057 1269 569 294 163 160 94 123 1962 112 101 4614 786 240 102 1850 401
is_linear=0
shrinkage=0.05


Tree=10
num_leaves=31
num_cat=0
split_feature=4 5 10 14 5 0 8 11 14 6 11 10 6 10 1 12 14 14 12 11 10 6 0 16 12 14 14 3 16 1
split_gain=26.3192 5.97254 4.09662 4.00308 2.59422 2.83791 2.11487 2.04734 3.57415 1.96445 1.89274 1.86986 1.84071 1.65251 2.00911 1.80295 1.65389 2.18009 1.88976 1.83143 2.50185 1.53154 1.45302 1.4076 1.96935 1.39936 1.91451 1.19807 1.28432 1.3522
threshold=0.032204516063439666 0.013156869088465226 -0.023232598164511228 0.23397195059943568 0.019881433730130186 0.063602387758423432 -0.11220675497238379 -0.022310292973000797 0.11068884178819839 1.7943401437398512 0.03932291360928742 -0.0018259871478111254 1.1564474647629519 -0.0056282677308486786 -0.08109586652276711 0.013959739003271522 -0.034191014747727892 -0.029587498132827402 -0.0011596374910577965 0.009693229646918879 -0.0012648556783600438 0.28113559899372947 -0.02782493847355005 -0.0015307114089815885 0.045605778399391624 -0.0052209332646739317 0.037142264963949019 -0.005556858044974077 0.027725020315850894 -0.038478043085248041
decision_type=2 2 2 2 2 2 10 2 2 2 2 2 2 2 2 2 2 2 2 2 2 2 2 2 2 2 2 2 2 2
left_child=1 6 -3 4 -2 7 -1 11 10 22 13 -6 -8 -9 15 -15 27 -18 19 20 -19 -20 25 -11 -25 -4 -27 -16 29 -29
right_child=3 2 9 -5 5 -7 12 8 -10 23 -12 -13 -14 14 16 -17 17 18 21 -21 -22 -23 -24 24 -26 26 -28 28 -30 -31
leaf_value=-0.00021666339129292872 -0.00010374855934797264 -0.0010640516658277869 0.00020039317809881607 -0.0014777112696880139 0.00012531488686337878 -0.0015864691803659779 0.00033758810143080559 -8.1927550433604475e-06 -0.0010799506786029918 1.9383478880740767e-05 6.4648411974814595e-05 -0.00086106859034160263 7.3330349146635192e-05 -0.0015247276303766194 0.00026063510163605558 -0.00058466926351831536 -0.0015947340018640085 -0.00031114136527315913 -0.00034252023542571518 -0.00018800883943376556 -0.0023526396459511057 -0.001137016925775125 8.5043710526269838e-05 -0.0004695157029681572 -0.00047376110738393194 -0.00064495790701993251 -0.00025141346129484583 -0.00045612563613342538 -0.00044491158238073384 -4.2713914743735161e-05
leaf_weight=192 813 46 71 58 251 75 6077 209 85 220 205 87 902 61 103 87 44 76 516 76 70 155 6161 197 57 59 124 81 77 307
leaf_count=192 813 46 71 58 251 75 6077 209 85 220 205 87 902 61 103 87 44 76 516 76 70 155 6161 197 57 59 124 81 77 307
internal_value=0.000396762 0.00135262 0.000306417 -0.00352736 -0.00330373 -0.00408382 0.00236438 -0.00379518 -0.00436338 0.000405719 -0.00395017 -0.000177515 0.00250681 -0.0044522 -0.00498185 -0.0105405 -0.00443522 -0.00572572 -0.00519037 -0.00918919 -0.0124658 -0.00386736 0.00063523 -0.00270042 -0.00523622 -0.00307087 -0.00538251 -0.00230634 -0.0033871 -0.00221649
internal_weight=17542 14106 6935 3436 3378 2565 7171 2490 2152 6889 2067 338 6979 1862 1653 148 1505 937 893 222 146 671 6415 474 254 254 183 568 465 388
internal_count=17542 14106 6935 3436 3378 2565 7171 2490 2152 6889 2067 338 6979 1862 1653 148 1505 937 893 222 146 671 6415 474 254 254 183 568 465 388
is_linear=0
shrinkage=0.05


Tree=11
num_leaves=31
num_cat=0
split_feature=5 15 4 6 5 15 6 9 15 10 16 16 11 11 16 15 8 10 9 11 8 12 8 7 5 16 5 9 0 1
split_gain=19.3917 5.78721 5.2139 3.59612 2.86184 2.43237 2.34461 2.10306 2.06526 1.75508 1.52029 1.49348 2.41344 2.15222 1.38621 1.22314 1.13065 1.06667 1.02872 1.39493 1.00833 1.1973 1.00558 3.22469 1.95319 1.49402 1.67534 1.46357 1.13958 1.04466
threshold=0.019277963355610651 -0.031371938463056574 0.023113515891741827 1.7943401437398512 0.026745878366273835 -0.010939297475183683 0.42123598685925395 0.45146641077317456 -0.018421900785981656 -0.0056282677308486786 -0.038550768496870107 -0.038550768496870107 -0.016546519308648141 -0.011803471640552064 -0.063843782707890304 -0.0068201140106217686 -0.11220675497238379 -0.01378806518059311 -0.27934464362790307 0.053184266574264123 0.093284594870008522 -0.0011596374910577965 -0.014634803625658331 -0.0082514959062676679 0.025893336528462308 0.024403446073183902 0.027214446830553785 -0.13089167868330145 -0.0039676300180775384 0.011725709322693347
decision_type=2 2 2 2 2 2 2 10 2 2 2 2 2 2 2 2 10 2 8 2 10 2 10 2 2 2 2 8 2 2
left_child=1 -1 6 7 5 -5 -3 8 16 15 -11 12 14 -14 -4 -10 -2 -17 -12 22 -9 -22 25 24 -24 -20 -27 -25 29 -29
right_child=3 2 11 4 -6 -7 -8 20 9 10 18 -13 13 -15 -16 17 -18 -19 19 -21 21 -23 23 27 -26 26 -28 28 -30 -31
leaf_value=-0.0017457285223398855 -0.0013407617986926591 0.00030440235177451073 -0.00054229247396083335 -0.0015272551887677904 -0.0015194392152741512 -0.00022378818618459074 9.7728103936206833e-05 -1.4147292542356142e-05 0.00025129716330627832 -0.0014058408748092081 -0.00060241107740270899 1.6260973001229284e-05 -0.00090674520699042527 -0.00018137343489167373 0.0004821372080018177 -0.00059775725652701814 -0.00062641431217410877 -4.0435340228936192e-06 -4.4248573315881112e-05 0.00032180282027125624 -0.0025539141283734343 -0.0013337305618351834 -0.0012555890718932976 -0.00053991196338962471 -0.00037277532581002641 -0.0002193540001961924 -0.0009394760402756556 -0.0004243506321618045 -5.292114101579529e-05 -0.00022646355157046429
leaf_weight=43 61 6236 46 43 66 137 2203 40 318 95 130 5466 43 50 101 41 110 130 818 83 49 71 70 95 48 129 46 101 558 123
leaf_count=43 61 6236 46 43 66 137 2203 40 318 95 130 5466 43 50 101 41 110 130 818 83 49 71 70 95 48 129 46 101 558 123
internal_value=0.000413106 0.00122216 0.00127784 -0.00300119 -0.00882114 -0.00555556 0.00206719 -0.00254172 -0.00223951 -0.00191203 -0.00249129 0.00011041 -0.00375 -0.0100538 0.000238095 0.000807771 -0.0075731 -0.00260234 -0.00222399 -0.00195316 -0.008125 -0.0104167 -0.00221831 -0.00334171 -0.0111017 -0.00109265 -0.00528571 -0.00229761 -0.00158568 -0.00459821
internal_weight=17550 14188 14145 3362 246 180 8439 3116 2956 2785 2296 5706 240 93 147 489 171 171 2201 2071 160 120 1988 995 118 993 175 877 782 224
internal_count=17550 14188 14145 3362 246 180 8439 3116 2956 2785 2296 5706 240 93 147 489 171 171 2201 2071 160 120 1988 995 118 993 175 877 782 224
is_linear=0
shrinkage=0.05


Tree=12
num_leaves=31
num_cat=0
split_feature=5 4 16 15 10 6 8 11 16 16 13 8 9 13 10 11 10 13 2 4 16 8 9 11 11 15 10 10 2 6
split_gain=18.8551 6.4463 3.36228 2.73168 2.98281 2.22894 2.14588 1.97694 2.04708 5.20459 8.00941 2.18951 1.69364 1.67963 1.63271 1.67962 1.7569 1.57663 1.57407 1.57248 1.55202 1.47484 1.37719 1.37051 1.815 1.3192 2.30764 2.23555 1.56854 1.29384
threshold=0.014724906372407443 0.042305592204114499 -0.063843782707890304 -0.018421900785981656 -0.016935534775352808 1.2267773148583636 0.11482973154476252 -0.016546519308648141 0.0058158459122701353 0.0035362787966652935 17.250000000000004 0.00068407666052106031 0.049895129001751977 21.134999275207523 -0.0068180084305178293 0.012589195808640931 0.012727043065882683 30.750000000000004 -0.0093150503468146222 0.048458044862477269 -0.016352921878750478 0.095177070496557561 0.29261395767122239 0.0021655694557776166 0.011124133624280887 0.002425982464013932 0.0064542446486700608 -0.00045040499871334955 -0.013827514371080039 -0.24011132219990308
decision_type=2 2 2 2 2 2 8 2 2 2 2 8 10 2 2 2 2 2 2 2 2 8 10 2 2 2 2 2 2 2
left_child=5 3 -3 4 18 13 20 17 9 14 -11 -12 -8 -1 -9 16 -16 -5 -2 -14 29 -15 -10 -24 -25 -22 27 -27 -29 -4
right_child=1 2 6 7 -6 -7 12 8 22 10 11 -13 19 21 15 -17 -18 -19 -20 -21 25 -23 23 24 -26 26 -28 28 -30 -31
leaf_value=0.00026905436097930283 -0.00068064727057291362 -0.0015501071709369658 -0.00098898156164491905 0.00021255101285813424 -0.00012860356355209559 -1.5578516957119109e-05 -0.0012484225019604375 0.00012789412359282684 1.5893112696523075e-05 -0.00060961014085766192 -0.0027177045782302667 -0.0016066649792947961 5.3240978585510949e-05 4.3721618220004896e-05 -0.00018990450641269158 0.00012246508399097337 -0.00041550347489739919 -0.00070514548402047519 -0.0019673786632137817 -0.0012897119914283613 2.7592529106025865e-06 -0.00029697408505151139 0.00014020542276804918 -0.0015492240706450721 -0.00035577327408889913 5.6216465933614972e-05 -5.65469395564022e-05 -0.0017985929228228521 -0.00044875654184442932 -0.00068749212150799046
leaf_weight=7924 68 55 88 776 181 1196 64 282 2733 148 41 51 65 492 1587 405 78 44 40 119 390 63 43 40 60 41 177 74 42 123
leaf_count=7924 68 55 88 776 181 1196 64 282 2733 148 41 51 65 492 1587 405 78 44 40 119 390 63 43 40 60 41 177 74 42 123
internal_value=0.000403088 -0.00142354 -0.00473344 -0.000800517 -0.00555363 0.00187855 -0.0041716 -0.000582061 -0.000925384 -0.00194444 -0.00895833 -0.0205435 -0.00830645 0.00216358 -0.00122874 -0.00171498 -0.00241742 0.00170732 -0.0121296 -0.00586956 -0.00307487 -0.000495495 -6.95392e-06 -0.00479021 -0.008 -0.00197514 -0.00428144 -0.00869427 -0.0122414 -0.00684834
internal_weight=17490 7815 1238 6577 289 9675 1183 6288 5468 2592 240 92 248 8479 2352 2070 1665 820 108 184 935 555 2876 143 100 724 334 157 116 211
internal_count=17490 7815 1238 6577 289 9675 1183 6288 5468 2592 240 92 248 8479 2352 2070 1665 820 108 184 935 555 2876 143 100 724 334 157 116 211
is_linear=0
shrinkage=0.05


Tree=13
num_leaves=31
num_cat=0
split_feature=4 5 16 14 13 16 0 13 5 12 12 4 0 8 6 3 3 14 15 0 8 6 7 13 13 4 4 0 8 14
split_gain=16.7746 5.41688 2.92144 2.88928 2.72004 2.79703 2.40381 1.93004 1.98127 2.28097 1.8334 1.6842 1.58236 1.58183 1.57612 1.50997 1.41401 1.25967 1.24365 1.85945 1.17646 1.13907 1.13542 1.08687 1.06148 1.05593 1.05357 2.32403 1.05049 1.01267
threshold=0.032204516063439666 0.012690162970342081 -0.038550768496870107 0.23397195059943568 28.970000267028812 -0.043988025996366246 0.063602387758423432 25.960000038146976 0.019881433730130186 -0.030100055327360094 -0.03685301683685837 0.04499085279355123 0.011788204329068687 -0.082293071567677331 1.5649787000796913 -0.016073335631448357 -0.022481156737882865 -0.10816573528732347 0.016865976266400743 0.023189105711320716 -0.11220675497238379 1.7263593503341788 -0.13502918174112752 21.409999847412113 18.595000267028812 0.027692640608978924 0.027471919560806825 -0.029877249762482568 -0.071922277012954658 -0.026106823606350468
decision_type=2 2 2 2 2 2 2 2 2 2 2 2 2 8 2 2 2 2 2 2 10 2 2 2 2 2 2 2 10 2
left_child=1 20 4 6 5 -3 7 8 -2 12 -7 -8 13 -10 18 25 -9 -17 22 -20 -1 26 -11 -15 29 -4 -19 -28 -24 -23
right_child=3 2 15 -5 -6 10 11 16 9 14 -12 -13 -14 23 -16 17 -18 21 19 -21 -22 24 28 -25 -26 -27 27 -29 -30 -31
leaf_value=-0.00022575217127718619 -5.2562284155198092e-05 0.00012956933015749331 -0.00044109014074887164 -0.0017146293026474172 -0.0012819145061474073 -0.00066818950825364059 -0.0003399265349243238 -0.000906674932108696 -0.00050637581538117793 -0.00070657281134586022 -0.00023604905847274152 -0.002009780477585695 -0.00022570524744932268 -0.0004169548324004799 -0.0010135336287050514 0.00044370116199802726 0.00019385064106036288 0.00012570410112905804 -0.0011225331720342963 -0.00019315987676900347 0.0002832524496012415 -0.00081452846531992942 -9.7479347118480779e-06 -0.001589976657617425 7.9856641325244933e-05 1.5902230946090689e-05 -0.00084193962318151539 -2.6256402773564732e-06 -0.00033859831166461129 -0.00010930587246075746
leaf_weight=156 797 120 137 55 45 41 40 44 66 47 56 41 96 46 147 292 351 4509 40 41 6233 93 507 55 108 122 75 1823 1091 224
leaf_count=156 797 120 137 55 45 41 40 44 66 47 56 41 96 46 147 292 351 4509 40 41 6233 93 507 55 108 122 75 1823 1091 224
internal_value=0.000393759 0.00116289 0.000264879 -0.00272229 -0.00492366 -0.00260369 -0.00253887 -0.00233173 -0.00277361 -0.00356742 -0.00891753 -0.0110494 -0.00792776 -0.0108683 -0.00295515 0.000449005 0.000949367 0.000585345 -0.00253187 -0.00858025 0.00223744 0.000447892 -0.00223404 -0.014802 -0.00205882 -0.00330116 0.000614172 -0.000374078 -0.00200876 -0.00351735
internal_weight=17498 14034 7645 3464 262 217 3409 3328 2933 2136 97 81 263 167 1873 7383 395 7124 1726 81 6389 6832 1645 101 425 259 6407 1898 1598 317
internal_count=17498 14034 7645 3464 262 217 3409 3328 2933 2136 97 81 263 167 1873 7383 395 7124 1726 81 6389 6832 1645 101 425 259 6407 1898 1598 317
is_linear=0
shrinkage=0.05


Tree=14
num_leaves=31
num_cat=0
split_feature=5 14 12 4 6 6 11 16 14 13 7 8 12 13 4 11 16 13 4 6 8 13 4 14 13 13 8 13 11 14
split_gain=15.5207 5.35427 5.44765 4.22759 2.29617 2.28268 1.56175 4.40201 2.19903 1.45271 1.56658 1.40967 1.37982 1.39593 1.36907 1.25464 1.2397 1.20421 1.10888 1.08156 0.984737 1.11557 1.31576 1.12945 2.23847 1.5747 1.62832 2.25638 1.05905 0.971811
threshold=0.015151736308336744 0.23397195059943568 -0.0077540971574964193 0.04590182329356398 1.4743136672568808 1.0314611191061374 -0.016546519308648141 -0.037691128512480625 -0.10816573528732347 21.134999275207523 0.02997585496484079 -0.050830763694518825 -0.038043904409190692 24.855000495910648 0.033675654517572297 0.00023769852102906167 0.027548362265013008 21.555000305175785 0.018336479464456209 -0.37279138916309507 -0.05926918695010102 14.715000152587892 0.023449852738532406 -0.0052209332646739317 19.295000076293949 18.365000724792484 0.03715968573527318 16.675000190734867 -0.0026748013830267254 -0.043478201036805324
decision_type=2 2 2 2 2 2 2 2 2 2 2 8 2 2 2 2 2 2 2 2 8 2 2 2 2 2 10 2 2 2
left_child=5 3 -3 6 12 9 29 11 -9 18 17 -8 -5 16 -10 -6 -14 19 -1 -11 -7 22 -22 28 25 26 27 -25 -23 -2
right_child=1 2 -4 4 15 20 7 8 14 10 -12 -13 13 -15 -16 -17 -18 -19 -20 -21 21 23 -24 24 -26 -27 -28 -29 -30 -31
leaf_value=0.00030767838093670994 -0.00012858889870062513 -0.0016907424553502283 -1.2677516015522685e-06 5.4822072583851227e-06 -0.0024886479539312509 0.00021079082981029161 -4.5149280192257685e-05 0.00029725830224972254 -6.3797585042636731e-05 -0.00084194312030776977 -0.00056080442235159557 -0.00089861160423733248 -0.00034319921006180154 -0.0011728711551760606 -0.00033245271924658634 -0.0006637139772448197 -0.00066609915782783399 8.0663290597305954e-05 0.00018210608533084875 4.6520905673433583e-05 0.00018370684884586971 -0.000549208927713438 -0.00022258653028006263 -0.0014889664823929435 0.00026550003569497535 -0.0012161567318898269 0.00020702289335218049 0.00011469222621105418 0.00019445620464064535 0.00015680369114393593
leaf_weight=3305 137 57 48 204 40 179 42 241 3490 40 40 58 444 43 1531 47 76 485 4914 42 426 162 41 80 128 53 88 58 325 717
leaf_count=3305 137 57 48 204 40 179 42 241 3490 40 40 58 444 43 1531 47 76 485 4914 42 426 162 41 80 128 53 88 58 325 717
internal_value=0.000376547 -0.00141115 -0.012619 -0.0012447 -0.00454333 0.00161393 -0.000791506 -0.0011078 -0.0009103 0.00192386 -0.000436573 -0.0115 -0.00367014 -0.00494671 -0.00113424 -0.0122414 -0.00423077 0.000238095 0.00209819 -0.00536585 -0.000162337 -0.000620867 0.00135974 -0.00165548 -0.00359951 -0.00611111 -0.00429204 -0.00768116 -3.08006e-05 0.00119438
internal_weight=17541 7175 105 7070 854 10366 6216 5362 5262 8826 607 100 767 563 5021 87 520 567 8219 82 1540 1361 467 894 407 279 226 138 487 854
internal_count=17541 7175 105 7070 854 10366 6216 5362 5262 8826 607 100 767 563 5021 87 520 567 8219 82 1540 1361 467 894 407 279 226 138 487 854
is_linear=0
shrinkage=0.05


Tree=15
num_leaves=31
num_cat=0
split_feature=5 16 16 13 12 10 5 5 2 9 13 12 10 1 11 11 10 11 10 1 4 14 12 3 15 12 12 2 13 14
split_gain=15.8095 4.66968 5.90085 3.06212 3.03605 2.33486 2.2744 2.01838 2.00679 1.50683 1.40913 1.2513 1.31559 1.49303 1.22362 1.6319 1.36568 1.19229 1.12905 1.12573 1.11078 1.00437 1.38802 0.97253 1.22206 0.923326 0.976673 1.74994 2.51242 1.09346
threshold=0.015212860733896485 -0.038550768496870107 -0.043988025996366246 28.970000267028812 -0.03685301683685837 -0.0018259871478111254 0.019277963355610651 0.012603681158289718 0.133211492941571 0.081035603517142132 29.835000038146976 0.037776300760474342 0.0043510585935800936 0.050299246800993409 0.012589195808640931 -0.022672211523631577 -0.017312000709356064 -0.0036300825612617933 0.014545936349149692 0.10036205049425508 0.038925042485844982 0.03328086000020148 0.028388947931175527 -0.0074233162374818798 0.0038755635154842376 -0.043864321053953818 -0.005215251084133842 -0.080538662403495095 21.134999275207523 0.028971532531295811
decision_type=2 2 2 2 2 2 2 2 2 8 2 2 2 2 2 2 2 2 2 2 2 2 2 2 2 2 2 2 2 2
left_child=7 2 3 -2 -4 -5 14 -1 10 23 -8 12 13 17 15 -3 -17 -10 -11 -15 -13 -16 -23 24 -9 -18 27 -27 -29 -28
right_child=1 6 4 5 -6 -7 8 9 11 18 -12 20 -14 19 21 16 25 -19 -20 -21 -22 22 -24 -25 -26 26 29 28 -30 -31
leaf_value=0.00025811391023878612 0.00025391926352141033 0.00021617102678103797 -0.0021511963548655802 -0.0001046361326658236 -0.0004987979269405388 -0.0012724478500907958 -0.00021863672053679331 4.9503582441022472e-05 -0.00020472452146764382 5.0269009068454412e-06 0.00031201504089854569 5.617856971874713e-05 -0.0001759389776339851 -1.3960034500939534e-05 0.00014525137726440404 -0.00075427174774564322 0.00053538540038846727 -0.0017511287431452084 -0.00043539593890370087 -0.0013864595282241056 -0.00084910896505247771 8.2216668987401026e-05 -0.00055649701224484011 0.00022831626786468516 -0.00094426490818973598 8.3995134283220934e-05 -0.00013968127338970875 -0.00022284509579678963 -0.0011179146686152938 8.101920428429722e-05
leaf_weight=6320 138 248 48 71 89 42 2499 250 45 1914 144 121 92 57 1025 43 75 61 70 44 45 67 64 1855 44 120 1211 255 51 470
leaf_count=6320 138 248 48 71 89 42 2499 250 45 1914 144 121 92 57 1025 43 75 61 70 44 45 67 64 1855 44 120 1211 255 51 470
internal_value=0.000423257 -0.00139298 -0.0067268 -0.00217131 -0.015073 -0.00827434 -0.00108579 0.00166125 -0.00207851 0.000802081 -0.00154559 -0.00510753 -0.00704013 -0.00925121 -0.000235602 -0.000863324 -0.00129213 -0.0133962 -0.000191532 -0.00490099 -0.00162651 0.00110727 -0.00301527 0.0017194 -0.000952381 -0.00111824 -0.00131229 -0.0034507 -0.00545752 -0.000770375
internal_weight=17578 7125 388 251 137 113 6737 10453 3108 4133 2643 465 299 207 3629 2473 2225 106 1984 101 166 1156 131 2149 294 2182 2107 426 306 1681
internal_count=17578 7125 388 251 137 113 6737 10453 3108 4133 2643 465 299 207 3629 2473 2225 106 1984 101 166 1156 131 2149 294 2182 2107 426 306 1681
is_linear=0
shrinkage=0.05


Tree=16
num_leaves=31
num_cat=0
split_feature=4 4 3 11 8 6 11 11 8 12 6 15 6 15 1 6 12 13 14 15 14 12 15 12 13 6 14 10 1 14
split_gain=13.691 3.7471 2.36049 3.3895 1.9913 1.55882 1.23334 1.37123 2.14721 3.4851 1.74841 1.51993 1.18654 1.2397 1.56004 1.29208 1.12791 1.12542 2.11227 1.70656 1.31399 1.26916 1.35288 1.52501 2.00364 1.46498 1.25461 1.30012 1.13084 1.06808
threshold=0.030640006924400904 0.022399246796111206 -0.034570548797811455 -0.020756014565235011 0.085134191332496459 1.6733785184940582 0.030023740679380188 -0.017775510039936489 0.22578350571663688 0.035955415841074874 -0.32990964187960203 -0.015361851610305342 2.2122484082639731 -0.0057943332394703164 -0.025106424142880997 -0.70156669330138466 -0.026522895581630176 25.19999980926514 -0.077913276979976895 -0.019329454357123185 -0.086337752297859935 -0.0066426412641200075 -0.0068201140106217686 -0.032606247407298776 24.385000228881839 -0.93357483515570461 0.038811658900465458 0.0072285544385530818 -0.008910650377104477 0.013647468145900345
decision_type=2 2 2 2 8 2 2 2 8 2 2 2 2 2 2 2 2 2 2 2 2 2 2 2 2 2 2 2 2 2
left_child=1 5 3 -2 17 -1 7 11 -9 10 -10 16 13 -6 -15 -16 -3 19 28 -4 -21 22 -22 29 25 -25 27 -27 -19 -24
right_child=2 6 4 -5 12 -7 -8 8 9 -11 -12 -13 -14 14 15 -17 -18 18 -20 20 21 -23 23 24 -26 26 -28 -29 -30 -31
leaf_value=0.00023591395590844469 -0.0023457192750160945 -0.0003976726405589137 -0.00063295922932787613 -0.00014670306101099517 9.4441619272415126e-06 -5.5327704194342751e-05 0.00035266099251300394 -7.1821347840610078e-06 -0.00017948621373059122 0.0001315673603287543 -0.00056807964260442007 0.00028458248165265089 -0.0013408084175560748 -0.0013809776037014597 -0.00080415679283081542 -0.00028975814227087134 0.00032590861230696595 -0.001565840334229807 0.00031059351697045279 0.00013161540431601976 2.3136371981467893e-05 -0.00011507984658008514 -0.00022593638167526156 -0.0011201814240137018 0.00018842051117180133 -0.00023122315777168281 -0.00064689424406316244 -0.00035285352106597046 -8.5100998298829909e-05 0.00026965049786403762
leaf_weight=7327 41 92 89 86 168 619 457 4080 48 113 61 571 48 89 103 422 44 42 361 240 136 1786 102 53 54 96 40 40 59 76
leaf_count=7327 41 92 89 86 168 619 457 4080 48 113 61 571 48 89 103 422 44 42 361 240 136 1786 102 53 54 96 40 40 59 76
internal_value=0.000448327 0.00122353 -0.00206851 -0.00877953 -0.00185564 0.00191669 0.00021588 -1.098e-05 -0.00034635 -0.00513513 -0.0115138 0.0020297 -0.00403614 -0.00356777 -0.00460912 -0.00357143 -0.00272059 -0.00128544 0.000995671 -0.00167404 -0.001443 -0.00179815 -0.00379397 -0.00508677 -0.00736749 -0.00941048 -0.00721591 -0.00492647 -0.00539604 -0.00146067
internal_weight=17543 13412 4131 127 4004 7946 5466 5009 4302 222 109 707 830 782 614 525 136 3174 462 2712 2623 2383 597 461 283 229 176 136 101 178
internal_count=17543 13412 4131 127 4004 7946 5466 5009 4302 222 109 707 830 782 614 525 136 3174 462 2712 2623 2383 597 461 283 229 176 136 101 178
is_linear=0
shrinkage=0.05


Tree=17
num_leaves=31
num_cat=0
split_feature=5 5 9 14 6 15 12 15 10 1 3 14 14 8 11 12 15 10 7 16 10 6 11 5 16 16 3 6 10 11
split_gain=11.1657 3.24482 2.04364 2.18249 1.70804 1.65586 3.17569 1.51889 1.80873 1.33568 1.70089 1.27852 1.82931 1.18395 1.17772 1.4864 2.03701 2.10521 1.38317 1.37142 1.1957 2.24559 1.39006 1.1775 1.08377 1.07892 1.05254 1.00272 0.998312 1.27367
threshold=0.014597205971886977 0.019750229258712917 -0.27934464362790307 -0.061929277885563232 0.42123598685925395 -0.018421900785981656 -0.028469935291830225 -0.018421900785981656 -0.016935534775352808 0.1266590667172123 0.011095993882089263 -0.10816573528732347 -0.098691693357393515 -0.20301219884447272 -0.012951361499321188 -0.0021779841828679087 -0.0041046210450673684 0.006337694363773628 0.027500515309304089 0.0058158459122701353 0.0056131556755568699 0.32132287985095959 0.014107180383983399 0.028161020468544934 0.029997462803593725 0.0051507912954718025 -0.040980376556273061 1.0607422787651088 0.0082831266767603457 -0.022310292973000797
decision_type=2 2 8 2 2 2 2 2 2 2 2 2 2 10 2 2 2 2 2 2 2 2 2 2 2 2 2 2 2 2
left_child=4 7 3 -3 5 6 -1 8 -2 26 -11 -9 -13 -6 27 16 -16 18 -18 25 -21 -22 -23 -5 -24 -17 -4 -14 29 -28
right_child=1 2 9 23 13 -7 -8 11 -10 10 -12 12 14 -15 15 19 17 -19 -20 20 21 22 24 -25 -26 -27 28 -29 -30 -31
leaf_value=-0.00054447640013815786 -0.0013455980623686278 -0.0022193608240004318 -0.0006299428243879316 -0.00073716514613894537 -0.00038374330893491566 0.00023926517413371979 0.00016675166666642915 0.00033476103833962991 -0.00011711853959564132 -0.00020917489969099601 -0.0013933863028306589 -0.00077909973063202277 0.00027418823025538157 8.4033875377370946e-05 0.00026619568301775688 -4.752001244738765e-05 -0.00035823584347888514 7.4658294081677293e-05 -0.00077164352605858073 0.00016751073793171405 9.8733529149958813e-05 -0.00060949737424052135 -0.00053380108984691006 -0.00014047534987323164 0.0001880482402982181 -0.00096524112736213585 0.00012401947106977746 -0.00044039751743871734 5.4330835890133169e-05 -0.00031618193549840087
leaf_weight=48 74 40 61 70 62 6835 107 248 137 54 46 52 553 2491 139 1365 269 169 68 1125 373 47 69 89 40 65 323 117 504 1907
leaf_count=48 74 40 61 70 62 6835 107 248 137 54 46 52 553 2491 139 1365 269 169 68 1125 373 47 69 89 40 65 323 117 504 1907
internal_value=0.000486408 -0.000890804 -0.00215902 -0.0070603 0.00164152 0.00204578 -0.00306452 -9.16495e-05 -0.00424171 -0.00182211 -0.0075 9.47012e-05 -9.99773e-05 0.000534665 1.02298e-05 -0.000336551 -0.00251938 -0.00399209 -0.00627596 0.000119974 0.00110036 -0.000860113 -0.00589744 -0.00443396 -0.00279816 -0.00101399 -0.00161896 0.0019403 -0.00147403 -0.00192825
internal_weight=17547 8004 3094 199 9543 6990 155 4910 211 2895 100 4699 4451 2553 4399 3729 645 506 337 3084 1654 529 156 159 109 1430 2795 670 2734 2230
internal_count=17547 8004 3094 199 9543 6990 155 4910 211 2895 100 4699 4451 2553 4399 3729 645 506 337 3084 1654 529 156 159 109 1430 2795 670 2734 2230
is_linear=0
shrinkage=0.05


Tree=18
num_leaves=31
num_cat=0
split_feature=4 0 4 14 6 6 13 9 11 11 13 2 10 11 8 12 2 12 10 6 10 14 14 13 12 9 2 12 14 14
split_gain=11.109 4.32731 3.01488 1.87235 1.74962 1.52842 1.27527 1.17427 1.54779 2.93014 1.605 2.85649 1.11906 1.97303 1.18688 1.0935 1.57416 1.08476 1.01841 1.04065 1.09516 2.03231 1.67235 1.85598 3.06563 1.46644 1.00007 1.72808 1.30582 2.90677
threshold=0.023113515891741827 0.076241112565659033 0.033675654517572297 -0.10816573528732347 -0.048544942911603793 0.42123598685925395 14.734999656677248 0.22153302089895058 0.027231962502118127 0.030772226573239195 13.194999694824221 0.065878811408792939 0.0086043784321214751 0.0030141112553000453 0.07949893613149496 -0.005215251084133842 0.063818186913672151 -0.013091202195066818 0.017102322993862277 2.0625489607586811 -0.0056282677308486786 0.076607678117126224 0.11927434384443127 30.750000000000004 -0.017557998492747081 -0.2979671480738007 0.017805031170953559 -0.014960350168733092 0.01466553224775591 -0.01013918808565367
decision_type=2 2 2 2 2 2 2 8 2 2 2 2 2 2 8 2 2 2 2 2 2 2 2 2 2 8 2 2 2 2
left_child=5 2 3 -2 15 7 -7 -1 10 -10 11 -9 26 -14 -15 16 -5 -18 19 20 22 25 -4 24 -24 -22 -6 -28 29 -29
right_child=1 -3 18 4 12 6 -8 8 9 -11 -12 -13 13 14 -16 -17 17 -19 -20 -21 21 -23 23 -25 -26 -27 27 28 -30 -31
leaf_value=0.00026336616146378989 0.00035807752664198994 -0.0010998890862582353 0.00018107557537826415 -3.456284518228045e-05 2.2459160508234995e-05 0.00015829086962066002 -4.8159747906999906e-05 -0.00042080950602286723 -0.0004654035200541274 0.00040171661387751424 0.0001806610418102209 0.00041465171955338051 -0.00058715309650688862 6.8766443587381655e-05 -0.00045168994153245315 8.5000178940063863e-05 -0.00043809140230978368 -0.00011592092494227327 0.00018848126716962778 -0.0008598322465396299 -0.00077302531212915249 -0.00090469644297679118 -0.0010732496587742921 0.00038388769774341401 -0.00012323160106183511 -0.00020949956840122212 -0.00068425727769572857 -2.7096981721124999e-05 7.6506562682789159e-05 -0.00056132346384987048
leaf_weight=4718 311 56 356 786 1150 840 1400 40 47 52 1427 41 61 170 56 2498 49 40 140 140 103 52 67 60 105 1905 77 333 352 188
leaf_count=4718 311 56 356 786 1150 840 1400 40 47 52 1427 41 61 170 56 2498 49 40 140 140 103 52 67 60 105 1905 77 333 352 188
internal_value=0.000434166 -0.000786858 -0.000700633 -6.50632e-05 -0.000269097 0.00172504 0.000602679 0.00212253 0.000955196 -0.00510101 0.00135279 -0.00549383 -0.00130499 -0.00423345 -0.00207965 0.000463979 -0.00105714 -0.00735955 -0.00201844 -0.0022274 -0.00200529 -0.00254854 -0.000102041 -0.00340517 -0.00604651 -0.00229582 -0.000904762 -0.00210526 -0.00147194 -0.00306142
internal_weight=17620 9055 8999 6071 5760 8565 2240 6325 1607 99 1508 81 2387 287 226 3373 875 89 2928 2788 2648 2060 588 232 172 2008 2100 950 873 521
internal_count=17620 9055 8999 6071 5760 8565 2240 6325 1607 99 1508 81 2387 287 226 3373 875 89 2928 2788 2648 2060 588 232 172 2008 2100 950 873 521
is_linear=0
shrinkage=0.05


Tree=19
num_leaves=31
num_cat=0
split_feature=5 4 15 5 14 12 11 14 11 13 13 10 3 14 13 3 8 7 12 3 14 13 1 4 8 14 16 11 7 14
split_gain=9.27722 2.50742 1.7124 1.52965 1.43885 2.5643 1.47839 1.6666 1.58916 3.3128 7.70461 2.01696 2.23683 1.29546 1.57073 1.25936 1.24815 2.59413 1.33216 1.24332 1.2296 1.79919 1.212 1.10124 1.24823 1.0407 0.96 0.948301 1.08659 0.91264
threshold=0.015212860733896485 0.042305592204114499 0.0026596956971467471 0.011322426973323318 0.15797637088179853 -0.026522895581630176 -0.017414661079240442 -0.10816573528732347 0.0069842899086436381 21.134999275207523 21.555000305175785 0.0094914683342374202 0.0032466524021737002 0.059971774713864064 18.510000228881839 -0.015387193558437316 -0.18162922585165045 -0.051649012855240865 0.034244074060112324 0.0056519178315714855 0.11927434384443127 30.750000000000004 -0.026631597293884365 0.026165693372226562 0.16893105624447838 0.079615825148664734 0.0051507912954718025 0.006555889816587058 0.10316286389536146 -0.0059106162699663059
decision_type=2 2 2 2 2 2 2 2 2 2 2 2 2 2 2 2 10 2 2 2 2 2 2 2 8 2 2 2 2 2
left_child=3 4 20 -1 6 -6 -2 -8 9 11 -11 27 -13 23 25 26 -4 -18 22 -12 -3 -22 -19 -10 -25 -15 -5 28 -9 -20
right_child=1 2 16 15 5 -7 7 8 13 10 19 12 -14 14 -16 -17 17 18 29 -21 21 -23 -24 24 -26 -27 -28 -29 -30 -31
leaf_value=0.00024295968468286057 0.00011648566707890918 -0.00013447859019813217 -0.0014077931275621658 -8.9809395733925942e-05 -0.0011704252404641251 8.2389601960229466e-05 0.00027046600379107978 -3.8617535089414583e-05 0.00021220943126917054 -0.0024834650012456726 4.0340367043865669e-05 -0.00057101607476952286 -8.4211630242715001e-05 -0.0005537729147148514 -0.00055269058790437644 9.5512339021466854e-05 0.00017893916332362744 -0.0011490871151093481 -0.0017996977778394934 -0.00040626872568361519 -0.00083338316007974713 0.00032082653700067659 -0.00025270934064986281 8.5478884673102899e-06 -0.00024723233209710059 0.00060702776320721965 -0.00034601866079690371 -0.00045217927956223592 -0.00035558984780178121 -0.00053582079655024992
leaf_weight=4178 710 619 40 150 87 95 230 1688 514 42 81 71 70 47 60 6037 101 43 49 56 76 46 218 1834 129 45 50 52 56 40
leaf_count=4178 710 619 40 150 87 95 230 1688 514 42 81 71 70 47 60 6037 101 43 49 56 76 46 218 1834 129 45 50 52 56 40
internal_value=0.000449355 -0.000944499 -0.00299513 0.00139942 -0.000513891 -0.00489011 -0.00037379 -0.000678392 -0.000879873 -0.00189981 -0.00840782 -0.0012984 -0.00705674 -5.89576e-05 -0.00453947 0.000903479 -0.00528513 -0.00453437 -0.00657143 -0.00266423 -0.00147773 -0.00606557 -0.00477011 0.000215987 -0.000323484 -0.000434782 -0.003 -0.000846325 -0.000647936 -0.0118539
internal_weight=17514 7099 1232 10415 5867 182 5685 4975 4745 2116 179 1937 141 2629 152 6237 491 451 350 137 741 122 261 2477 1963 92 200 1796 1744 89
internal_count=17514 7099 1232 10415 5867 182 5685 4975 4745 2116 179 1937 141 2629 152 6237 491 451 350 137 741 122 261 2477 1963 92 200 1796 1744 89
is_linear=0
shrinkage=0.05


Tree=20
num_leaves=31
num_cat=0
split_feature=4 14 12 5 5 3 15 5 15 16 0 13 12 11 2 14 13 13 11 16 0 2 9 3 1 3 15 0 3 5
split_gain=9.81125 2.21966 2.42652 2.08881 1.89594 1.32625 2.18105 1.53617 1.38079 2.38062 1.32443 1.17539 1.62929 1.24466 1.08642 1.22503 1.11884 1.76012 1.08153 1.59235 1.20879 1.18179 1.12843 1.65 1.00263 1.04609 1.6014 1.56723 1.11326 2.07209
threshold=0.02605243201021578 0.23397195059943568 -0.0077540971574964193 0.019881433730130186 0.011322426973323318 -0.005556858044974077 0.0038755635154842376 0.012640949748337836 0.0098885544183477964 0.0030249936765625045 0.063602387758423432 25.960000038146976 -0.030100055327360094 -0.013624975324509013 0.13038408309961749 0.06028471113356227 19.625000000000004 18.214999198913578 -0.017775510039936489 -0.037392499431150077 -0.014365530392935531 -0.04236353534303771 0.1520353629150433 -0.0068266165854482521 0.03068069476597424 0.0054513462621593742 -0.003846726187604121 0.022100908686144342 0.0034601215746369323 0.017069958470542469
decision_type=2 2 2 2 2 2 2 2 2 2 2 2 2 2 2 2 2 2 2 2 2 2 8 2 2 2 2 2 2 2
left_child=4 3 -3 18 -1 6 -6 -8 9 -9 11 12 -5 -14 -15 16 17 -16 20 -20 22 -21 23 -2 25 27 -27 28 -23 -30
right_child=1 2 -4 10 5 -7 7 8 -10 -11 -12 -13 13 14 15 -17 -18 -19 19 21 -22 24 -24 -25 -26 26 -28 -29 29 -31
leaf_value=0.00024720378410504482 -0.00085862022894358917 -0.0014604005624946374 0.00010330829485231788 -0.00045293749427607606 4.4739504073559606e-05 0.0001223929948510872 0.00016687093524711991 -0.00018617383125236694 -2.2981311252078587e-05 -0.0010933175934736811 -0.00085506812548234799 0.0001160770086980604 0.00018308255082671588 -0.00018788727099092238 -0.00032358610669611906 -0.0020621038149412187 0.00027922942041897733 -0.00068486294905747936 -0.0003659058330659729 7.0064299607034127e-05 0.00022027034239556153 -0.00011398463444786368 0.00053990923035510292 5.8596890833266155e-05 4.6227068616182556e-05 -0.00043379117061402063 0.00013573608826944982 -0.00064274331023931057 -0.00079507771956191867 0.000114250520898164
leaf_weight=4188 44 57 44 286 935 5428 56 53 64 64 79 358 234 1571 218 43 62 45 75 1025 374 915 57 66 709 46 298 45 45 43
leaf_count=4188 44 57 44 286 935 5428 56 53 64 64 79 358 234 1571 218 43 62 45 75 1025 374 915 57 66 709 46 298 45 45 43
internal_value=0.000486963 -0.00100979 -0.00836634 -0.000897861 0.00142195 0.00089394 -0.000631399 -0.00491561 -0.0071547 -0.0103846 -0.00190608 -0.00172701 -0.00211671 -0.00164979 -0.0020655 -0.00451087 -0.00346154 -0.00488593 -0.000117584 -0.000467041 0.00195009 -0.000294306 -0.00158683 -0.00454545 -0.000973346 -0.00175287 0.000639535 -0.00253817 -0.00212861 -0.0075
internal_weight=17527 6739 101 6638 10788 6600 1172 237 181 117 2896 2817 2459 2173 1939 368 325 263 3742 3201 541 3126 167 110 2101 1392 344 1048 1003 88
internal_count=17527 6739 101 6638 10788 6600 1172 237 181 117 2896 2817 2459 2173 1939 368 325 263 3742 3201 541 3126 167 110 2101 1392 344 1048 1003 88
is_linear=0
shrinkage=0.05


Tree=21
num_leaves=31
num_cat=0
split_feature=4 4 0 14 13 0 6 6 2 15 7 1 10 15 13 12 12 15 14 13 4 12 13 8 12 3 1 2 13 16
split_gain=8.89643 2.49572 2.19785 1.38215 1.5661 1.40634 1.25601 1.19877 1.13946 1.08099 1.56655 2.05607 1.38428 1.22385 1.60012 0.977239 0.925851 0.979954 1.97675 2.30205 0.91251 1.35268 0.889057 0.876569 0.876075 0.918153 1.45994 0.875327 0.991792 0.861644
threshold=0.030640006924400904 0.020889295116489372 0.076241112565659033 0.29251442523831755 25.319999694824222 -0.010086222095557594 1.4220011697443267 1.7263593503341788 0.17536219635755837 -0.0017522586668706206 -0.055138336861873243 -0.022508576770481233 -0.00075291424678586283 -0.019329454357123185 22.429999351501468 0.06610047212240612 -0.007281546892151213 0.002425982464013932 -0.10816573528732347 23.265000343322757 0.04499085279355123 -0.039191714476565991 12.00999975204468 0.016381145663327604 0.066825641747697576 0.016515501031874606 -0.019797055155815587 -0.02819495607026223 13.84500026702881 0.0035362787966652935
decision_type=2 2 2 2 2 2 2 2 2 2 2 2 2 2 2 2 2 2 2 2 2 2 2 8 2 2 2 2 2 2
left_child=1 6 3 4 5 9 22 24 16 13 -11 23 -13 14 -2 -15 17 -7 -19 29 -6 -22 -1 -12 25 -3 -27 -8 -29 -20
right_child=2 7 -4 -5 20 8 27 -9 -10 10 11 12 -14 15 -16 -17 -18 18 19 -21 21 -23 -24 -25 -26 26 -28 28 -30 -31
leaf_value=-0.0001294205487563191 -0.00052670203133267852 5.3268818041787283e-05 -0.0014513428963097959 -0.0011548604582717673 0.0003105216533714956 -1.1190228725791684e-05 0.00039057108646317146 -0.00022460232643918242 -0.00030578381025479583 -2.1706271797886537e-05 -0.00039059299730695608 -0.00067014898697896684 -0.00029375639586007155 -2.672172842749913e-05 -0.00051534861402496965 -0.0008111726122745829 -8.0828864640015858e-06 0.00032464127992939669 -5.7897312876157874e-06 -0.0016496207309263423 0.00011967986620970432 -0.00074240481505961702 0.0002059806165933484 -0.0010939796728074893 0.00025031119052562557 -0.00089787480293795202 -6.4676995884137243e-05 0.00026788856438937999 -0.00024736568275482781 -0.00032370587717890956
leaf_weight=45 57 5723 50 42 251 294 139 522 171 121 61 49 144 601 52 67 1571 73 86 50 183 43 5874 43 353 44 160 154 356 109
leaf_count=45 57 5723 50 42 251 294 139 522 171 121 61 49 144 601 52 67 1571 73 86 50 183 43 5874 43 353 44 160 154 356 109
internal_value=0.000451167 0.00107704 -0.00158086 -0.0014528 -0.00135867 -0.0017202 0.00177223 0.000405763 -0.00101104 -0.00311715 -0.00516746 -0.00712121 -0.00406736 -0.00201416 -0.00692661 -0.00121257 -0.000703161 -0.00235294 -0.00427673 -0.00642857 0.00133124 -0.000973451 0.00200118 -0.0127885 0.000597134 0.000453012 -0.00284314 -0.00031587 -0.00127451 -0.00397436
internal_weight=17488 13370 4118 4068 4026 3549 6568 6802 2354 1195 418 297 193 777 109 668 2183 612 318 245 477 226 5919 104 6280 5927 204 649 510 195
internal_count=17488 13370 4118 4068 4026 3549 6568 6802 2354 1195 418 297 193 777 109 668 2183 612 318 245 477 226 5919 104 6280 5927 204 649 510 195
is_linear=0
shrinkage=0.05


Tree=22
num_leaves=31
num_cat=0
split_feature=4 4 0 2 0 14 14 0 8 11 1 8 14 15 9 14 9 15 10 4 13 12 1 16 9 16 2 10 7 15
split_gain=6.99538 2.77177 2.40447 1.21753 1.3044 1.10432 1.80551 1.06739 1.27569 1.04934 1.53793 1.34674 0.926997 2.321 1.8 0.881048 1.59914 1.51667 1.4304 0.823268 0.776691 1.06746 1.19936 1.12156 0.952761 1.19013 0.823854 0.76244 1.47017 1.44031
threshold=0.032204516063439666 0.021647474624929264 0.076241112565659033 0.17536219635755837 -0.010086222095557594 -0.10816573528732347 -0.098691693357393515 0.01812586980824649 0.22578350571663688 0.0069842899086436381 -0.022049748873468607 -0.14253022423320047 0.039162482689633411 0.0012410089950529726 0.10981595887923547 0.11927434384443127 0.0076006029185580202 -0.020692660560945927 -0.013327781970057238 0.036723735876799772 24.630000114440922 -0.007281546892151213 0.037959953748493265 0.0039121751738454566 -0.081848630825198707 0.019667894238875386 0.0047997392609386855 -0.0072745110629502388 -0.03198428428458943 -0.018421900785981656
decision_type=2 2 2 2 2 2 2 2 10 2 2 10 2 2 8 2 10 2 2 2 2 2 2 2 10 2 2 2 2 2
left_child=1 9 3 4 15 -3 -7 19 -9 10 -1 -11 -13 -14 -15 18 17 -17 -2 -5 21 -6 -23 -24 25 -25 -27 29 -29 -12
right_child=2 5 -4 7 20 6 -8 8 -10 11 27 12 13 14 -16 16 -18 -19 -20 -21 -22 22 23 24 -26 26 -28 28 -30 -31
leaf_value=0.00024781938304047557 0.00033039507240259009 0.00030423396989325328 -0.0012633367987135869 -0.00046584929085777499 -0.00018999192652286362 -0.00061696933764906158 9.1109528217561916e-06 -0.0013402616495294475 -0.00019344646900298131 -0.00038861288457265361 -0.00025882267504075709 0.00025501555102239989 0.00015998984948108262 -0.0010026060220607359 6.0671057999450222e-05 -0.0006576869697450566 -0.0011090328363992095 8.5271033798271653e-05 -0.00036929893045960899 1.9370331335639588e-06 0.00010530051341181499 5.8475464725933813e-05 -0.0011103513617677398 0.00017657495728921552 0.00016378479198717749 -0.00030427276369099696 -0.0007153378760772198 -0.00035088407308910821 3.5472011855457054e-05 0.00031060445728670386
leaf_weight=963 83 331 44 41 424 64 6393 41 42 51 60 2913 281 40 40 65 49 91 842 108 352 877 78 60 143 46 47 103 2434 455
leaf_count=963 83 331 44 41 424 64 6393 41 42 51 60 2913 281 40 40 65 49 91 842 108 352 877 78 60 143 46 47 103 2434 455
internal_value=0.00045584 0.000947763 -0.0015686 -0.00141782 -0.00116091 0.000219505 7.51125e-05 -0.00491379 -0.00945783 0.00162125 0.00107721 0.0022782 0.00240379 1.38506e-05 -0.0075 -0.00252212 -0.0054878 -0.00301282 -0.00186486 -0.00238255 -0.000402072 -0.000850746 -0.000115907 -0.00248663 -0.00108108 -0.00382353 -0.00736559 0.000527523 0.000171463 0.00228155
internal_weight=17561 14128 3433 3389 3157 6788 6457 232 83 7340 4015 3325 3274 361 80 1130 205 156 925 149 2027 1675 1251 374 296 153 93 3052 2537 515
internal_count=17561 14128 3433 3389 3157 6788 6457 232 83 7340 4015 3325 3274 361 80 1130 205 156 925 149 2027 1675 1251 374 296 153 93 3052 2537 515
is_linear=0
shrinkage=0.05


Tree=23
num_leaves=31
num_cat=0
split_feature=5 4 6 6 5 6 5 10 11 11 13 10 14 14 1 10 12 14 14 15 12 13 14 15 13 7 9 4 14 14
split_gain=7.86305 2.93438 1.76482 1.44206 2.46259 1.40982 1.24665 1.50541 1.21832 1.43748 1.16907 4.03046 1.06656 2.37761 1.04082 1.63885 1.97103 1.81899 1.51521 1.32669 1.22532 1.14452 1.34444 1.0373 1.04548 1.23664 1.19678 1.1974 0.989134 1.61637
threshold=0.013839849118157195 0.033675654517572297 0.21392446377620303 1.8536932031824565 0.020426439326286346 1.6733785184940582 0.026358240371192825 0.0022597993773114671 -0.017775510039936489 0.011695310622020451 21.134999275207523 0.0063034677603397435 0.035115678917499234 0.058009640559056781 -0.019797055155815587 -0.0056282677308486786 -0.046451976604296834 0.042851800685698833 0.097330549043375028 0.016567198716940127 -0.007281546892151213 25.505000114440922 0.18763840935801293 0.019808654050765821 27.855000495910648 -0.030822447895765711 0.096675923722203475 0.022152091386960355 -0.081825770158787711 -0.044623986751606441
decision_type=2 2 2 2 2 2 2 2 2 2 2 2 2 2 2 2 2 2 2 2 2 2 2 2 2 2 8 2 2 2
left_child=5 2 8 14 -5 -1 7 -6 -2 10 -10 -12 -7 -14 15 18 -17 19 -3 28 21 -20 -23 24 25 -4 -27 -28 -18 -30
right_child=1 3 23 4 6 12 -8 -9 9 -11 11 -13 13 -15 -16 16 17 -19 20 -21 -22 22 -24 -25 -26 26 27 -29 29 -31
leaf_value=0.00016962836519115388 0.00024594460588557376 0.00037543721839247951 0.00012007283385117223 0.00026773890996153522 -0.0011894154648739528 7.8940222579736041e-05 -0.0014738059638748462 0.00036021661736011334 -1.7978784982332696e-05 0.00013940520712883472 -8.3444711857197005e-07 -0.00086949335139221593 -0.0010640828892029388 -3.3533591611320109e-06 -0.00011888584150087808 -0.0011112106511404029 0.00011180203898767483 -0.00082795575981838411 -0.00053423625191587401 -0.0006621522645833968 0.00032204480305216351 0.00045369124909371223 -0.00049814415326534221 0.00015146798256888115 -0.0013240828207877874 -0.00010207229335807307 -0.00069265735134052661 -0.00019777232958690825 -0.00043989506795734119 -0.00014561909327683408
leaf_weight=7565 516 148 429 49 68 501 52 43 2059 1585 150 52 49 122 1602 67 94 69 68 40 52 45 45 93 42 705 50 616 111 429
leaf_count=7565 516 148 429 49 68 501 52 43 2059 1585 150 52 49 122 1602 67 94 69 68 40 52 45 45 93 42 705 50 616 111 429
internal_value=0.00041562 -0.000582498 2.93793e-05 -0.00187458 -0.00584906 0.00154 -0.00880368 -0.00581081 0.000586887 0.000280811 -0.000528527 -0.00415842 -0.000654762 -0.00406433 -0.0015704 -0.00270548 -0.00395062 -0.00320996 0.000111732 -0.0024184 -0.00261905 -0.00481013 -0.00111111 -0.00122739 -0.00148751 -0.00130556 -0.00203866 -0.00355856 -0.0018612 -0.00268518
internal_weight=17516 9279 6297 2982 212 8237 163 111 4362 3846 2261 202 672 171 2770 1168 810 743 358 674 210 158 90 1935 1842 1800 1371 666 634 540
internal_count=17516 9279 6297 2982 212 8237 163 111 4362 3846 2261 202 672 171 2770 1168 810 743 358 674 210 158 90 1935 1842 1800 1371 666 634 540
is_linear=0
shrinkage=0.05


Tree=24
num_leaves=31
num_cat=0
split_feature=5 5 14 0 6 11 11 6 8 13 1 7 1 11 6 2 10 11 13 10 16 1 16 8 8 0 10 2 0 2
split_gain=6.73213 2.13755 1.77004 1.39311 1.3811 0.991262 1.00293 0.920087 1.49431 1.06149 1.21967 0.933482 1.12496 0.948027 0.895482 1.04131 1.02561 1.62901 1.23565 1.10586 2.08292 1.6692 1.6125 0.977078 1.6863 1.8889 0.973843 0.940613 0.922512 1.51464
threshold=0.019277963355610651 0.012603681158289718 0.23397195059943568 0.076241112565659033 -0.048544942911603793 -0.022672211523631577 0.044463646975978717 0.390387275676983 -0.11220675497238379 22.429999351501468 -0.022508576770481233 0.034189809350560825 -0.022508576770481233 0.0035059532242039952 0.28113559899372947 0.18236421443222875 -0.004854933316951914 -0.022024026906729662 17.195000648498539 0.0038285567866845898 0.032526017222414112 -0.031842595354810814 0.0023251296364614764 -0.078837821333487365 -0.00062807501562611712 0.015728689080149464 -0.0026372338745276331 0.076270222664619816 0.0010188458603784813 0.0007156665483597503
decision_type=2 2 2 2 2 2 2 2 8 2 2 2 2 2 2 2 2 2 2 2 2 2 2 8 8 2 2 2 2 2
left_child=1 7 3 5 -3 -2 14 8 -1 -10 -11 12 -9 -14 16 27 17 -7 26 20 23 22 -21 -20 -25 -26 -18 28 -16 -30
right_child=2 4 -4 -5 -6 6 -8 11 9 10 -12 -13 13 -15 15 -17 18 -19 19 21 -22 -23 -24 24 25 -27 -28 -29 29 -31
leaf_value=-0.00033140684304885324 0.00010988039567399533 8.0966669798481961e-05 -0.00092058116119697175 -0.0011972665732600822 -3.1885861771264013e-05 -0.00046295556605185868 0.0001521663234685901 0.00024698599304587906 0.00020062809502913767 0.00024862217390037044 -0.00057623625195374773 0.0002776948112288399 -0.00023750441349700455 4.9044954090515428e-05 -0.00066437820790790896 -0.0012210859103235917 -0.0005887299862174602 0.00015986201044699899 5.019450276488528e-05 -4.1628861678405618e-05 -0.00063426168832152587 7.8750715840533517e-06 -0.001912789968651544 -0.00059437638068594357 3.2544948724849155e-05 -0.0035779136771008297 1.7486631380868159e-05 3.4245059314615565e-05 8.0651337097779375e-05 -0.00051976240185737333
leaf_weight=46 354 4657 46 42 3299 55 202 375 4309 50 41 333 474 593 263 80 80 304 80 65 62 351 44 77 117 48 688 175 137 74
leaf_count=46 354 4657 46 42 3299 55 202 375 4309 50 41 333 474 593 263 80 80 304 80 65 62 351 44 77 117 48 688 175 137 74
internal_value=0.000454027 0.000930028 -0.00156399 -0.00142814 0.000387129 -0.00131142 -0.00161613 0.00162434 0.00200855 0.00210227 -0.00324176 0.000661972 0.000110957 -0.000716963 -0.00187037 -0.00336763 -0.00131659 0.00110028 -0.00185484 -0.00317536 -0.00515625 -0.00152174 -0.00692661 -0.00354037 -0.00512397 -0.00227273 -0.000403646 -0.00270416 -0.00386076 -0.0013981
internal_weight=17521 14177 3344 3298 7956 3256 2902 6221 4446 4400 91 1775 1442 1067 2700 729 1971 359 1612 844 384 460 109 322 242 165 768 649 474 211
internal_count=17521 14177 3344 3298 7956 3256 2902 6221 4446 4400 91 1775 1442 1067 2700 729 1971 359 1612 844 384 460 109 322 242 165 768 649 474 211
is_linear=0
shrinkage=0.05


Tree=25
num_leaves=31
num_cat=0
split_feature=5 14 3 0 8 10 9 13 13 5 6 16 14 3 6 13 16 8 12 13 2 0 15 16 10 10 16 16 13 16
split_gain=6.83196 2.39184 3.59782 2.19267 1.50433 1.62262 1.36233 1.31926 1.32228 1.19929 1.46336 1.18818 1.06596 0.94508 0.929906 0.91148 1.67273 0.896626 0.847297 1.17744 1.52445 0.908659 0.84437 1.28611 0.923672 1.29947 3.11552 1.19771 6.04428 1.55219
threshold=0.014597205971886977 0.23397195059943568 -0.022481156737882865 0.076241112565659033 -0.13578713491789676 0.010591445370862431 0.45146641077317456 25.19999980926514 46.145000457763679 0.02131272334861704 1.4743136672568808 0.045762625997776703 -0.10816573528732347 0.0068315487615702173 0.14641149926091235 21.134999275207523 0.0035362787966652935 0.16893105624447838 -0.030100055327360094 19.23499965667725 0.16409692268442558 -0.012428106133439474 -0.0059020356157916667 -0.028824653982926159 0.0044510746205346239 0.0039560273734108318 0.015203583452016113 0.032526017222414112 13.934999942779543 0.0084934595227068605
decision_type=2 2 2 2 10 2 10 2 2 2 2 2 2 2 2 2 2 10 2 2 2 2 2 2 2 2 2 2 2 2
left_child=4 3 -3 6 5 -1 7 9 -9 12 11 18 -2 -8 15 22 -17 -15 21 20 -20 -11 -6 -24 25 27 -27 29 -29 -25
right_child=1 2 -4 -5 14 -7 13 8 -10 10 -12 -13 -14 17 -16 16 -18 -19 19 -21 -22 -23 23 24 -26 26 -28 28 -30 -31
leaf_value=-1.0430381878653321e-05 0.0002563984224035103 -0.0017293158697305516 -9.9707406465102759e-05 -0.00106170858108806 0.00029686632177212068 -0.00054027755049721935 -0.00035955556956076006 0.00027403101927492941 -0.00066366481988461268 -0.00055486455824319469 -0.00060582779310381848 -0.00074266667902626459 -2.0397639942343493e-05 -0.0011070258205994423 6.120516211510878e-05 6.2803687832538202e-05 -0.00057673029451897455 -0.002409109397533343 -0.00016451207569560762 9.2307090748852832e-05 -0.0007657322396177153 -0.00013038303996547727 -0.00034837415199037909 8.3657300334241257e-05 0.00027050593148840322 -0.00033412149290652267 0.00019628913066498484 -0.00078414693419046391 0.00018801691339071939 0.0003133078831578964
leaf_weight=227 239 47 66 55 1224 48 108 533 44 45 138 41 5114 42 3236 290 44 43 869 482 84 100 93 1475 1587 79 81 45 157 908
leaf_count=227 239 47 66 55 1224 48 108 533 44 45 138 41 5114 42 3236 290 44 43 869 482 84 100 93 1475 1587 79 81 45 157 908
internal_value=0.000462836 -0.000608695 -0.00783186 -0.000505858 0.00137139 -0.00227273 -0.000436437 -0.000332293 0.00196707 -0.000518841 -0.00165151 -0.00123072 -0.000146647 -0.00458549 0.0014801 0.00184941 -0.000688623 -0.00852941 -0.00101266 -0.000644599 -0.00166317 -0.00465517 0.00199947 0.00167797 0.00180286 0.00124772 -0.003125 0.00151838 -0.00217822 0.00183172
internal_weight=17544 8050 113 7937 9494 275 7882 7689 577 7112 1759 1621 5353 193 9219 5983 334 85 1580 1435 953 145 5649 4425 4332 2745 160 2585 202 2383
internal_count=17544 8050 113 7937 9494 275 7882 7689 577 7112 1759 1621 5353 193 9219 5983 334 85 1580 1435 953 145 5649 4425 4332 2745 160 2585 202 2383
is_linear=0
shrinkage=0.05


Tree=26
num_leaves=31
num_cat=0
split_feature=5 14 6 8 10 10 3 14 16 10 13 11 10 16 13 14 13 9 11 16 11 8 11 10 11 6 16 16 6 2
split_gain=5.67528 2.13368 1.40523 1.36166 1.35418 3.4188 1.3067 1.0562 1.01081 1.96509 2.25972 2.12474 1.93966 1.504 6.1895 2.01807 1.59964 2.58157 1.34749 1.25244 1.88903 1.17546 1.71784 1.16578 1.40677 1.15455 1.40771 1.0836 1.01727 1.01335
threshold=0.015212860733896485 0.23397195059943568 0.02956222586359732 0.22578350571663688 0.014545936349149692 0.017875659611307108 -0.022481156737882865 0.17323568959812755 0.0080405070995890355 -0.0072745110629502388 30.345000267028812 -0.016546519308648141 -0.012508695077667052 0.0035362787966652935 19.625000000000004 0.0071322940265206034 17.914999961853031 -0.2979671480738007 0.0090107583304430711 -0.020491984244671576 -0.012158378577427352 -0.0048514794288489474 -0.0013567736689930052 0.0079068184593043007 0.020527358618941841 1.6179268505189885 0.016885941586350265 0.011361131965255457 0.14641149926091235 0.012865949754227503
decision_type=2 2 2 10 2 2 2 2 2 2 2 2 2 2 2 2 2 10 2 2 2 8 2 2 2 2 2 2 2 2
left_child=2 3 7 8 -4 -6 -3 -1 9 -2 11 -11 -10 15 18 19 17 -17 -15 20 -13 -21 28 24 -20 27 -27 -14 -23 -24
right_child=1 6 4 -5 5 -7 -8 -9 12 10 -12 13 25 14 -16 16 -18 -19 23 21 -22 22 29 -25 -26 26 -28 -29 -30 -31
leaf_value=0.00017214978419107345 9.0665839389889437e-05 -0.0013220940263418447 5.289561781819906e-05 -0.0010670574943500519 -0.00047269946459016 0.000518600567376105 -0.00024979105558540609 -0.00044097756942747344 -0.00040636304064096442 0.00014433084043045171 -0.00085772594107120115 -0.00085421424607100803 0.00031156490495868466 0.00032428926553917557 -0.0026484788312324484 -0.00072937029233137961 -1.6657703005014323e-06 -0.00032658161804423395 -0.00037939062082244999 0.00014370353978859798 -0.00012664144574493771 -0.00017060264866257548 -0.00032550615078187129 6.810898276818475e-05 -0.0013792277986770993 -0.00041281971344137589 0.00012089049634462675 3.6057955144583499e-05 -0.00035175917341980433 0.00011884097216890836
leaf_weight=6207 809 48 3976 122 75 81 49 86 76 466 59 41 387 122 41 86 263 385 100 664 213 144 95 61 46 85 121 2233 49 325
leaf_count=6207 809 48 3976 122 75 81 49 86 76 466 59 41 387 122 41 86 263 385 100 664 213 144 95 61 46 85 121 2233 49 325
internal_value=0.000569512 -0.000521862 0.00131175 -0.000419705 0.000595354 -0.00397436 -0.0078866 0.00178214 -0.000326735 -0.000845301 -0.00140823 -0.0012238 0.000382495 -0.00177419 -0.00472973 -0.00129139 -0.00344687 -0.00519108 -0.00244681 -0.000258001 -0.00346457 0.000379797 -0.00119902 -0.00490338 -0.00732877 0.00059448 -0.00300971 0.000877863 -0.00510363 0.000595238
internal_weight=17515 7090 10425 6993 4132 156 97 6293 6871 3969 3160 3101 2902 2635 370 2265 734 471 329 1531 254 1277 613 207 146 2826 206 2620 193 420
internal_count=17515 7090 10425 6993 4132 156 97 6293 6871 3969 3160 3101 2902 2635 370 2265 734 471 329 1531 254 1277 613 207 146 2826 206 2620 193 420
is_linear=0
shrinkage=0.05


Tree=27
num_leaves=31
num_cat=0
split_feature=4 6 4 0 9 11 2 13 14 15 12 15 13 9 9 2 10 2 11 4 11 13 10 12 12 9 3 11 11 12
split_gain=5.1507 2.03285 1.41515 1.33364 1.14522 1.29538 1.0428 1.03056 0.970017 0.948925 1.02003 1.65711 2.2279 0.976529 0.937645 1.21231 0.90812 0.890672 1.22977 1.02778 1.14401 1.221 1.04634 1.4712 1.36985 1.30603 0.906956 1.72636 0.882058 0.894691
threshold=0.033675654517572297 0.14641149926091235 0.021809538700568811 0.076241112565659033 -0.14240760596831439 0.027231962502118127 0.25012708393151001 13.305000305175783 0.23397195059943568 0.0098885544183477964 -0.0077540971574964193 0.0082034198329506997 17.875000000000004 0.11588021134763772 -0.16149827842420547 0.082671316055954139 -0.017312000709356064 -0.04236353534303771 0.030023740679380188 0.016469262709064746 0.019998306186617913 13.234999656677248 0.0086043784321214751 0.047210036884337898 0.029654960476763418 -0.19280056159578099 -0.00076171842291816716 0.021459782264152908 0.011124133624280887 0.02719353000997338
decision_type=2 2 2 2 10 2 2 2 2 2 2 2 2 10 8 2 2 2 2 2 2 2 2 2 2 10 2 2 2 2
left_child=1 2 4 6 5 7 8 -1 14 10 11 13 -13 16 15 -2 -4 -3 19 -19 22 -22 24 25 28 -24 -23 -28 29 -21
right_child=3 17 9 -5 -6 -7 -8 -9 -10 -11 -12 12 -14 -15 -16 -17 -18 18 -20 20 21 26 23 -25 -26 -27 27 -29 -30 -31
leaf_value=-0.00025659050333611802 -0.00018293395955764222 9.9900471924906464e-05 -0.00028227538224080695 -0.0010078267037632689 0.00019925483332101132 -0.00025242680903626104 -0.0011035416484515596 0.00015058130579432058 -0.00069342941601019349 0.0002599450414394243 6.8420122474329952e-05 7.9831828376836447e-05 -0.0013510421199880883 -0.00030571548926681746 -5.1722646001176872e-05 -0.00054567733050980339 3.4764971276104569e-05 0.00015698926965902803 0.00024159554701636083 -0.00010382519159728566 -0.00076360785629337314 -0.00061841195702208921 -0.00038722379115276859 -0.00042236370874776863 0.00012219867561630721 4.5395965036499044e-05 -0.00020883444646705872 0.0001643229630998731 0.00013547599844726738 -0.00032328882762754053
leaf_weight=50 603 1099 48 43 3711 74 69 1080 50 725 2931 42 40 93 2131 45 734 629 273 1217 42 79 51 68 823 226 46 148 191 111
leaf_count=50 603 1099 48 43 3711 74 69 1080 50 725 2931 42 40 93 2131 45 734 629 273 1217 42 79 51 68 823 226 46 148 191 111
internal_value=0.000532853 0.00091907 0.00134761 -0.00137538 0.00193795 0.000598007 -0.00124569 0.0010177 -0.00109756 0.000718621 0.000408951 -0.00100836 -0.00780488 -0.000371428 -0.000973372 -0.00263889 0.000204604 0.000102938 -0.000251024 -0.000494354 -0.000879414 -0.00373016 -0.000545218 -0.00311594 -0.000166524 -0.00149819 -0.00250916 -0.000670103 -0.00105662 -0.00151355
internal_weight=17472 14531 9528 2941 4915 1204 2898 1130 2829 4613 3888 957 82 875 2779 648 782 5003 3904 3631 3002 315 2687 345 2342 277 273 194 1519 1328
internal_count=17472 14531 9528 2941 4915 1204 2898 1130 2829 4613 3888 957 82 875 2779 648 782 5003 3904 3631 3002 315 2687 345 2342 277 273 194 1519 1328
is_linear=0
shrinkage=0.05


Tree=28
num_leaves=31
num_cat=0
split_feature=5 6 16 4 1 16 4 11 11 10 11 13 12 16 11 15 16 15 12 12 11 10 15 11 15 0 5 13 3 13
split_gain=4.73631 1.97814 1.66953 1.56911 1.30002 1.28252 1.55782 1.06838 1.56187 1.70837 1.56407 3.20879 2.22239 1.4101 1.81393 1.40699 3.76602 3.02315 2.09441 3.03572 2.63881 3.22731 2.4336 2.25162 1.77889 3.21344 1.70804 1.41807 1.27115 1.17773
threshold=0.019649321718194664 1.7263593503341788 -0.038550768496870107 0.016701636610267235 0.14541972515862481 -0.043988025996366246 0.04590182329356398 -0.022672211523631577 0.0069842899086436381 -0.011231034779129566 0.0056452584945124737 14.734999656677248 0.017951128324421587 0.0091704759437317724 0.0035059532242039952 0.0065445972813642514 0.0030249936765625045 0.007721268455406217 0.014344491575221776 0.032499771959253694 -0.0038922440129086073 0.0015949691897426679 -0.018421900785981656 -0.020171834808393903 -0.0059020356157916667 -0.0054486580168229817 0.013412659408546527 18.719999313354496 -0.00048135962314155284 27.855000495910648
decision_type=2 2 2 2 2 2 2 2 2 2 2 2 2 2 2 2 2 2 2 2 2 2 2 2 2 2 2 2 2 2
left_child=1 3 5 -1 -4 6 -2 29 10 -10 13 -12 28 14 15 18 17 -17 22 20 27 24 23 -9 26 -26 -22 -20 -13 -5
right_child=2 -3 4 7 -6 -7 -8 8 9 -11 11 12 -14 -15 -16 16 -18 -19 19 -21 21 -23 -24 -25 25 -27 -28 -29 -30 -31
leaf_value=0.00020003604058581502 0.00013021007779504156 -0.00015305299577861938 -9.9135059181807287e-05 0.00028321980132339682 -0.00046959828385685761 -0.00098603057601460422 -0.00074427671559175684 -0.00053616586592159941 -0.00049170299047409109 9.8196437255959745e-05 0.0006339039377436785 -0.00073854246185605787 -0.00032389054859523301 0.00021398133942787968 0.00027093396811936007 -0.00093963881606431206 -0.00088033680946987081 5.2768252022380355e-05 6.072254843029733e-05 0.00011344790799185559 1.1279214117908352e-05 0.00016005198182746929 0.00012820227801190969 8.6967714714143574e-06 -0.00066874020121003943 -0.00030961479398676088 -0.00082675683819613023 -0.00026129040006627635 -0.00026492107632782025 -0.00074107888271215277
leaf_weight=2283 81 1120 2895 836 40 76 72 42 44 4946 122 52 176 941 367 75 81 370 272 619 62 90 1455 65 50 72 71 64 61 66
leaf_count=2283 81 1120 2895 836 40 76 72 42 44 4946 122 52 176 941 367 75 81 370 272 619 62 90 1455 65 50 72 71 64 61 66
internal_value=0.000383127 0.000767949 -0.00136852 0.000938112 -0.0010477 -0.00548035 -0.00284314 0.000690517 0.000543231 0.00117234 -7.14703e-05 -0.0030292 -0.00589965 0.000187394 -0.000246338 -0.000608028 -0.00298479 -0.00117978 -0.000171209 -0.00165385 -0.00395742 -0.00702899 0.00106274 -0.00621495 -0.00990196 -0.0142623 -0.00590226 -0.000803571 -0.0113717 0.00233925
internal_weight=17566 14402 3164 13282 2935 229 153 10999 10097 4990 5107 411 289 4696 3755 3388 526 445 2862 1300 681 345 1562 107 255 122 133 336 113 902
internal_count=17566 14402 3164 13282 2935 229 153 10999 10097 4990 5107 411 289 4696 3755 3388 526 445 2862 1300 681 345 1562 107 255 122 133 336 113 902
is_linear=0
shrinkage=0.05


Tree=29
num_leaves=31
num_cat=0
split_feature=5 16 3 15 11 15 3 1 11 14 15 15 13 14 14 14 14 7 4 13 13 13 8 14 15 13 3 16 13 0
split_gain=3.8827 2.11449 2.89331 3.16039 1.45564 1.18555 1.07656 1.19151 0.967998 1.21971 1.24897 1.82948 1.94444 1.1506 1.39467 1.14483 1.07624 0.972938 0.890972 0.857591 0.921556 1.72964 1.90894 0.973473 2.04034 1.50547 1.45347 1.70509 0.962999 0.777944
threshold=0.014597205971886977 -0.038550768496870107 -0.026755957836170848 0.012360482738366653 -0.020171834808393903 -0.0049414444519625391 0.016515501031874606 0.094069069001340391 -0.022672211523631577 0.11068884178819839 -0.018421900785981656 -0.0052428455605644233 19.295000076293949 0.080638292039736062 0.076607678117126224 -0.041810588725082691 -0.071225645536492452 -0.13502918174112752 0.014403072526174277 21.664999961853031 13.050000190734865 13.305000305175783 0.027365693162922925 -0.054330610723124943 0.0093285520902601799 19.159999847412113 -0.00036417560172236069 0.012076999064626228 12.644999980926515 -0.010086222095557594
decision_type=2 2 2 2 2 2 2 2 2 2 2 2 2 2 2 2 2 2 2 2 2 2 10 2 2 2 2 2 2 2
left_child=18 2 -2 4 -4 -6 8 -8 15 13 -11 -12 -13 14 16 -3 -10 -18 -1 20 28 22 -22 24 25 26 -23 -28 -19 -25
right_child=1 6 3 -5 5 -7 7 -9 9 10 11 12 -14 -15 -16 -17 17 19 -20 -21 21 23 -24 29 -26 -27 27 -29 -30 -31
leaf_value=0.00024745514009453124 -0.001521394244857921 -0.00015458553551185632 0.00025554158556825884 -0.00093977627467346607 -0.00035482805988544075 9.5473475214709698e-06 -8.8426859927491692e-05 -0.0003877611633544898 0.00017596523048526313 -0.00080335824354104421 0.00015846477277286545 -0.00059681696701219928 -0.00018258166236037859 0.00036329247025393359 -0.00074942645615488153 0.00030486505990832274 -0.00060900462951370626 -2.0899869079115643e-05 8.9508850764061329e-05 0.00011525671089857993 -5.7961210344348489e-05 0.00020337946621487533 -0.00042704481011846359 -0.00024430410510476678 0.00033730321542085737 -0.00068248541380623714 -0.0011481598977247092 -6.7510550147779514e-05 0.00039449090403948108 8.4372232723580934e-06
leaf_weight=886 61 74 166 43 75 70 507 77 725 48 151 42 63 275 70 496 43 217 8595 457 69 71 58 1090 120 44 45 47 203 2572
leaf_count=886 61 74 166 43 75 70 507 77 725 48 151 42 63 275 70 496 43 217 8595 457 69 71 58 1090 120 44 45 47 203 2572
internal_value=0.000492555 -0.000320215 -0.00379518 -0.00206215 -0.000305466 -0.00396552 -0.000129561 -0.00219178 4.29801e-05 -0.000132605 -0.00322368 -0.00183594 -0.00690476 2.12907e-05 -0.000127765 0.00201754 -4.25272e-05 -0.000301827 0.00117656 -0.000237332 -0.000445326 -0.000672983 -0.00641732 -0.000490098 -0.00310398 -0.00611111 -0.00389571 -0.00804348 0.00178571 -0.00025669
internal_weight=17460 7979 415 354 311 145 7564 584 6980 6410 304 256 105 6106 5831 570 5761 5036 9481 4993 4536 4116 127 3989 327 207 163 92 420 3662
internal_count=17460 7979 415 354 311 145 7564 584 6980 6410 304 256 105 6106 5831 570 5761 5036 9481 4993 4536 4116 127 3989 327 207 163 92 420 3662
is_linear=0
shrinkage=0.05


Tree=30
num_leaves=31
num_cat=0
split_feature=4 0 5 6 13 12 8 11 12 12 16 8 9 9 15 15 16 12 4 11 4 12 3 13 2 11 1 11 16 13
split_gain=4.38268 1.81942 1.35944 1.51017 1.52278 1.72355 1.24656 1.31916 1.53552 1.32318 2.22727 1.74562 1.23213 1.00864 1.08267 1.26679 1.25679 0.953245 0.883674 0.821561 0.796876 0.791036 0.800173 0.752674 1.78083 0.822442 1.33675 0.744562 0.851134 3.36154
threshold=0.031539230637519421 0.076241112565659033 0.011322426973323318 1.7263593503341788 19.115000724792484 0.057354881634701156 0.11800540686491991 0.0072949527951166057 -0.043864321053953818 0.019191673463848761 0.022343423381457454 0.12730850503907223 0.22153302089895058 -0.34956808517865917 0.012015022930190635 0.0055849299695993624 -0.002083328297362796 -0.017557998492747081 0.035850169248812271 0.030456438390909838 0.050829526981137595 0.033859916134082464 -1.0000000180025095e-35 13.234999656677248 0.05971073886347978 -0.0029950214501407442 -0.0043190282692021067 0.034061336593809395 0.032526017222414112 15.105000019073488
decision_type=2 2 2 2 2 2 8 2 2 2 2 10 8 8 2 2 2 2 2 2 2 2 2 2 2 2 2 2 2 2
left_child=2 6 12 27 5 -5 13 8 -8 10 -9 -11 -1 -2 15 19 18 -18 -17 -15 -10 -19 -23 24 -14 26 -25 28 -4 -30
right_child=1 -3 3 4 -6 -7 7 9 20 11 -12 -13 23 14 -16 16 17 21 -20 -21 -22 22 -24 25 -26 -27 -28 -29 29 -31
leaf_value=0.00019980076798891715 -0.00072394496153683661 -0.00090630045819707367 6.6773797012121644e-05 -0.00018771669170383287 0.0001609467588487889 -0.00025208813140887687 -0.0010416501570700975 -0.0017730838000649498 7.5034005624585718e-05 -0.00068772686266115014 -0.00013918882017682698 0.00014400797552464685 -0.00041029465574225689 -6.165322090705613e-05 0.00010423123189314229 -0.00013225784548823269 -0.00040637468474830031 -0.000157929670901742 0.00032649598502141382 0.00027038932432385548 -0.00051480301232047557 -0.0011418713151102244 -6.8920342935768783e-05 0.00014164075497764901 0.00020638421151000243 0.00016758898511822103 -0.00070367461886986979 0.00022687190371959706 -0.00031185912272293381 0.00015673623929763819
leaf_weight=3085 58 43 7732 516 156 60 43 44 259 62 44 59 42 1925 401 57 58 179 80 215 58 48 67 227 44 630 137 472 269 406
leaf_count=3085 58 43 7732 516 156 60 43 44 259 62 44 59 42 1925 401 57 58 179 80 215 58 48 67 227 44 630 137 472 269 406
internal_value=0.000473793 -0.00105405 0.000884147 0.000557174 -0.00162568 -0.0028125 -0.000933825 -0.00308436 -0.00125 -0.00624402 -0.0109091 -0.00285124 0.00163866 -0.000537565 -0.000412541 -0.000781666 -0.00307771 -0.00465909 0.000985402 -0.000257009 -4.73184e-05 -0.0035034 -0.00673913 0.000185185 -0.00430233 0.000573441 -0.00131868 0.000737133 0.000628643 -0.00107407
internal_weight=17476 3700 13776 9611 732 576 3657 569 360 209 88 121 4165 3088 3030 2629 489 352 137 2140 317 294 115 1080 86 994 364 8879 8407 675
internal_count=17476 3700 13776 9611 732 576 3657 569 360 209 88 121 4165 3088 3030 2629 489 352 137 2140 317 294 115 1080 86 994 364 8879 8407 675
is_linear=0
shrinkage=0.05


Tree=31
num_leaves=31
num_cat=0
split_feature=4 0 14 14 6 13 12 13 9 14 1 0 0 15 8 13 13 15 6 9 13 14 12 13 12 12 10 15 8 2
split_gain=3.28215 1.83419 1.38253 2.44885 1.2777 1.04794 1.0185 1.48227 1.27354 1.20761 1.15463 1.12565 1.0795 1.04548 1.08203 1.03285 1.0268 1.0404 0.999885 1.30356 0.992869 0.989034 0.869583 1.44334 1.22495 1.03697 1.13823 1.00953 0.919859 1.12436
threshold=0.021647474624929264 0.076241112565659033 -0.10816573528732347 -0.10344834121785244 0.28113559899372947 30.345000267028812 -0.005215251084133842 20.714999198913578 0.12951019102998931 -0.091137781806863202 -0.00245493272850783 -0.0056013049671471129 -0.0021060063767727728 -0.020692660560945927 -0.08483983180308162 24.630000114440922 13.050000190734865 -0.012091650648607731 0.14641149926091235 -0.14240760596831439 13.305000305175783 0.23397195059943568 0.028022434597805738 13.34500026702881 0.029654960476763418 0.03806557955778845 0.007852611946651546 -0.010939297475183683 -0.017833272478232628 -0.0039689996395846352
decision_type=2 2 2 2 2 2 2 2 10 2 2 2 2 2 10 2 2 2 2 10 2 2 2 2 2 2 2 2 8 2
left_child=18 2 -2 -4 5 6 8 12 9 -5 11 -10 16 14 -11 -15 -8 -18 19 20 -1 -6 27 -24 -25 -26 28 -19 29 -27
right_child=1 -3 3 4 21 -7 7 -9 10 13 -12 -13 -14 15 -16 -17 17 22 -20 -21 -22 -23 23 24 25 26 -28 -29 -30 -31
leaf_value=-0.00031392536985257332 0.00021100724985226923 -0.00056246843056562514 -0.00067628753035866478 -0.00031673689172905488 -9.1516809385138701e-05 0.00067356358376200083 0.00021640361070552358 0.00032091720115346681 -0.00032380727941681874 -0.0003586207782845247 -1.4134053528596171e-05 -0.0010108308457217382 8.7962968411477646e-05 -2.4995926576828729e-05 1.8524257100417959e-05 0.00035408036505512393 0.00014515637001797507 -0.00040873897064979867 4.3102459061290529e-05 0.00017242476725520535 6.2695662645796099e-05 -0.001086203858261813 -0.00036411102073378597 -0.0012476748384512722 0.00011862495788827365 -6.0912276327592927e-06 -0.0005819522184728732 4.0907880356092612e-06 2.8669721615461947e-05 -0.00048416327853785892
leaf_weight=46 529 57 49 73 2718 134 206 258 45 49 121 51 2581 1134 51 278 244 43 2526 3694 1099 72 42 47 198 83 64 831 212 64
leaf_count=46 529 57 49 73 2718 134 206 258 45 49 121 51 2581 1134 51 278 244 43 2526 3694 1099 72 42 47 198 83 64 831 212 64
internal_value=0.00048838 -9.08734e-05 -4.0778e-05 -0.000177239 -0.000120325 0.000248935 0.000161049 0.000536631 -0.000854606 -0.000362776 -0.004447 -0.00854167 0.000330444 -5.95236e-05 -0.005 0.000290368 -0.000530973 -0.000908096 0.00129328 0.0017142 0.000240175 -0.00102151 -0.00137626 -0.00267606 -0.00211078 -0.00152174 -0.00291962 -0.000320366 -0.00182451 -0.00486395
internal_weight=17599 10234 10177 9648 9599 6809 6675 4873 1802 1585 217 96 4615 1512 100 1412 2034 1828 7365 4839 1145 2790 1584 710 668 621 423 874 359 147
internal_count=17599 10234 10177 9648 9599 6809 6675 4873 1802 1585 217 96 4615 1512 100 1412 2034 1828 7365 4839 1145 2790 1584 710 668 621 423 874 359 147
is_linear=0
shrinkage=0.05


Tree=32
num_leaves=31
num_cat=0
split_feature=4 0 6 9 16 10 3 11 10 3 8 2 3 11 10 16 16 15 15 12 2 15 4 10 6 7 9 9 3 4
split_gain=3.36116 1.62759 1.29296 1.27812 2.92515 2.94498 1.17295 2.31144 1.00797 1.22259 2.79778 0.992676 0.975418 0.835981 0.977101 1.59218 2.5744 0.909443 1.52888 1.66123 1.7696 0.965452 0.836012 1.12564 1.09057 1.28455 1.02269 0.945174 0.922036 1.56173
threshold=0.021647474624929264 0.076241112565659033 0.14641149926091235 0.19273250733709138 0.033020453639246335 0.0044510746205346239 -0.026755957836170848 -0.043674023036412872 0.018838465196602486 0.016515501031874606 -0.18162922585165045 0.077498755761617924 0.017265770786860538 0.034061336593809395 -0.0056282677308486786 0.021232906479484174 0.028255791377881038 -0.018421900785981656 -0.026203994027092 -0.028469935291830225 -0.02819495607026223 -0.013120198678828852 0.03344461294708348 0.015605159278572868 -0.82426328284931494 -0.035159863751993863 0.015465019196188591 -0.071280074844824945 -0.015387193558437316 0.027045736364107374
decision_type=2 2 2 8 2 2 2 2 2 2 10 2 2 2 2 2 2 2 2 2 2 2 2 2 2 2 10 8 2 2
left_child=2 6 3 -1 11 -6 7 -2 9 13 -11 -5 -12 14 15 17 -17 18 -8 20 -20 -19 23 28 25 -24 27 -27 29 -16
right_child=1 -3 -4 4 5 -7 8 -9 -10 10 12 -13 -14 -15 22 16 -18 21 19 -21 -22 -23 24 -25 -26 26 -28 -29 -30 -31
leaf_value=0.00017008169717463488 -0.0015679685339969871 -0.00033459730404960267 2.6531208723326187e-05 3.0104848688814302e-05 -0.00057854110651537401 6.4944500035262796e-05 0.00033530056408439629 -8.545922119024705e-05 0.00028734223482434926 -0.00068196206374977135 -0.00033987882667071414 0.00020843346427280759 -2.6283711396653505e-05 0.00015604403863246483 -0.00043895270854411378 -0.00077465759852926044 2.8006724454769228e-05 0.00041842082228564574 -0.00012107972484231623 7.3367958077782613e-05 -0.00045300754199623105 6.7646502624015714e-05 1.5342454538781044e-05 -0.0001710043848824859 -0.00011898890716060519 -0.00021779945009118263 -0.00033628284473848644 -0.00091111207441894242 1.0118757662936927e-05 1.3723574491297298e-05
leaf_weight=3477 42 60 2525 1004 41 44 84 251 232 40 50 239 527 633 65 45 115 391 59 84 40 934 117 65 1290 74 90 45 4728 90
leaf_count=3477 42 60 2525 1004 41 44 84 251 232 40 50 239 527 633 65 45 115 391 59 84 40 934 117 65 1290 74 90 45 4728 90
internal_value=0.000466507 -0.000122648 0.0012824 0.00176379 0.000444277 -0.00852941 -7.3828e-05 -0.00319113 1.93919e-05 -5.95858e-05 -0.00221232 0.00105792 -0.00132582 8.88369e-05 -4.44924e-05 0.00100457 -0.00375 0.00148241 -0.00117978 -0.00374317 -0.00813131 0.00201887 -0.000324497 -2.02083e-06 -0.00131188 -0.00389571 -0.00624402 -0.00928571 8.49889e-05 -0.00370968
internal_weight=17481 10151 7330 4805 1328 85 10091 293 9798 9566 617 1243 577 8949 8316 1752 160 1592 267 183 99 1325 6564 4948 1616 326 209 119 4883 155
internal_count=17481 10151 7330 4805 1328 85 10091 293 9798 9566 617 1243 577 8949 8316 1752 160 1592 267 183 99 1325 6564 4948 1616 326 209 119 4883 155
is_linear=0
shrinkage=0.05


Tree=33
num_leaves=31
num_cat=0
split_feature=5 16 4 5 13 3 8 14 14 11 15 12 16 16 14 14 9 10 16 15 16 13 15 8 8 3 16 12 12 11
split_gain=2.83509 1.32234 1.78295 1.24223 1.26557 1.12335 1.06503 1.05192 1.02943 1.02919 1.46731 1.5375 1.57169 1.3041 1.03321 1.38986 1.31135 1.14201 1.20509 3.0319 2.39494 1.71776 1.64856 2.14351 2.01132 1.87699 2.39295 1.57986 2.04695 1.46905
threshold=0.019649321718194664 -0.063843782707890304 0.04590182329356398 0.010790800636743893 22.730000495910648 0.021365543127327306 0.097118427218973916 -0.12096344977185801 -0.093449770795740669 -0.017775510039936489 -0.015361851610305342 -0.026522895581630176 -0.043988025996366246 -0.037691128512480625 -0.0022749768251851816 -0.001242221342315941 -0.075639839189402855 0.013109339753378581 0.0058158459122701353 -0.0080599166834230945 0.0054521513073820813 18.94999980926514 -0.0051138518902175681 0.030133352351072288 -0.014634803625658331 -0.0049690466232473742 -0.0080594906714642738 0.001711050909807055 -0.021564591208677316 -0.016546519308648141
decision_type=2 2 2 2 2 2 8 2 2 2 2 2 2 2 2 2 10 2 2 2 2 2 2 10 10 2 2 2 2 2
left_child=3 2 -2 4 -1 8 -7 -5 -3 10 11 12 -9 -11 -15 16 -16 18 19 29 21 22 -21 24 -24 -26 -27 28 -20 -17
right_child=1 5 -4 7 -6 6 -8 9 -10 13 -12 -13 -14 14 15 17 -18 -19 27 20 -22 -23 23 -25 25 26 -28 -29 -30 -31
leaf_value=0.00015555026986019413 9.1200761976296778e-05 0.00023826575456492249 -0.0010385615445156295 0.00030623778279129571 -0.00017525272288227391 -0.00010680592546228597 -0.0010004056811830895 8.7841590609449884e-05 -8.9392274355647956e-05 -0.00018121867663151517 0.0002236518831694451 0.00022441708717106234 -0.0010220673929747465 5.985423662738474e-05 -0.00033921047903556555 -0.00044413151965372566 9.6186468405474798e-05 -0.00025207822686242244 0.00051886111354813771 -0.00059766904079071217 -0.0006455339107462872 0.00018876344418495333 -6.1108388171299925e-05 0.00013438804815871653 -0.0011288678975919159 -0.00056170291713995141 -4.6009978439691965e-05 0.00017012136896904875 -0.00053608588491398459 0.00014282728311217443
leaf_weight=3281 43 226 45 373 55 143 75 70 2618 121 1083 80 83 5081 70 50 54 41 76 178 71 276 415 255 44 54 107 1466 144 951
leaf_count=3281 43 226 45 373 55 143 75 70 2618 121 1083 80 83 5081 70 50 54 41 76 178 71 276 415 255 44 54 107 1466 144 951
internal_value=0.000470532 -0.000888889 -0.00693182 0.000766282 0.00161271 -0.000715219 -0.00417431 0.000512878 -0.00045007 0.00042247 0.00173252 -0.00186695 -0.00480392 0.00024011 0.000306975 -0.000268109 -0.00548387 -0.000111434 -2.81378e-05 -0.000747605 -0.00225 -0.00177201 -0.00269231 -0.0018 -0.0033871 -0.00743902 -0.00493789 0.000996441 -0.00295455 0.00135365
internal_weight=17629 3150 88 14479 3336 3062 218 11143 2844 10770 1316 233 153 9454 9333 4252 124 4128 4087 2401 1400 1329 1053 875 620 205 161 1686 220 1001
internal_count=17629 3150 88 14479 3336 3062 218 11143 2844 10770 1316 233 153 9454 9333 4252 124 4128 4087 2401 1400 1329 1053 875 620 205 161 1686 220 1001
is_linear=0
shrinkage=0.05


Tree=34
num_leaves=31
num_cat=0
split_feature=5 6 5 13 9 9 6 10 8 2 1 14 16 15 16 12 11 16 14 11 13 15 16 10 11 14 5 10 10 10
split_gain=2.82138 2.06456 1.46834 2.4122 1.42227 1.20929 1.14448 1.13524 1.54846 1.99795 0.990517 0.961181 2.35345 4.69653 2.36092 2.24925 1.56567 1.15028 1.73464 1.6658 3.55794 1.40108 1.38843 1.28188 1.43833 1.66192 1.67695 1.22246 1.39212 1.53181
threshold=0.021489092578362935 1.2267773148583636 0.011322426973323318 22.730000495910648 -0.21996134453188979 0.22153302089895058 1.7263593503341788 0.0023061717874046654 -0.067031812686072986 -0.012408097599537369 0.094069069001340391 -0.016820561404990383 0.032526017222414112 0.017950132230212582 0.036922167707183713 0.036954830574428173 0.003813504719322514 0.0091704759437317724 0.10773003329269316 -0.0071962553700703471 21.409999847412113 -0.018421900785981656 -0.043988025996366246 -0.0074311148447236399 0.0030141112553000453 0.054586954999164335 0.019162005038703234 -0.0061039058742593513 -0.0011670806167484724 0.0044510746205346239
decision_type=2 2 2 2 8 8 2 2 8 2 2 2 2 2 2 2 2 2 2 2 2 2 2 2 2 2 2 2 2 2
left_child=2 -2 3 5 -3 -1 11 -8 -9 -10 -6 16 17 14 15 -14 -4 19 -19 21 23 22 -13 -21 25 26 -25 -26 -29 -30
right_child=1 4 6 -5 10 -7 7 8 9 -11 -12 12 13 -15 -16 -17 -18 18 -20 20 -22 -23 -24 24 27 -27 -28 28 29 -31
leaf_value=0.00017777523265806504 -8.6051397709365895e-05 -0.0013561808698120106 -2.4633649248348757e-06 -0.00034460493175226419 -0.00035126661451787342 1.5414764051187372e-05 1.7597907695113714e-05 0.00018222060423791862 -0.00070937683635813884 -0.00019207378418592438 -0.00058532577562688838 0.00021472893982693315 -0.00031333268610044256 -0.0004265937504831393 6.0377115178032674e-05 -0.00070128869009257726 0.00016571550464090009 0.00015383662576045598 -0.00055920553957013381 0.00021511277211961846 -0.0011918517792058846 0.00015796737051168444 -0.00034485090493348427 -6.4580483858678976e-05 -0.00075625885690881495 -0.00047673671787286343 -0.00040856442845380123 0.00024033205268173433 -0.00016484148891869713 0.0002229798395367628
leaf_weight=3073 2015 50 1636 71 167 1053 532 53 60 207 42 81 110 51 288 53 2504 1575 40 299 58 1336 168 579 46 117 43 383 625 287
leaf_count=3073 2015 50 1636 71 167 1053 532 53 60 207 42 81 110 51 288 53 2504 1575 40 299 58 1336 168 579 46 117 43 383 625 287
internal_value=0.000420975 -0.00122252 0.000664797 0.00146176 -0.00542471 0.001619 0.000364298 -0.00139671 -0.00375 -0.00529963 -0.00361244 0.000510264 0.000113211 -0.00316733 -0.00154102 -0.00634969 0.00109903 0.000405358 0.00153251 -4.724e-05 -0.00086787 0.00121451 -0.00222892 -0.000569567 -0.00100962 -0.00278078 -0.00175241 -3.35569e-05 0.000250965 -0.000811403
internal_weight=17602 2274 15328 4197 259 4126 11131 852 320 267 209 10279 6139 502 451 163 4140 5637 1615 4022 2437 1585 249 2379 2080 739 622 1341 1295 912
internal_count=17602 2274 15328 4197 259 4126 11131 852 320 267 209 10279 6139 502 451 163 4140 5637 1615 4022 2437 1585 249 2379 2080 739 622 1341 1295 912
is_linear=0
shrinkage=0.05


Tree=35
num_leaves=31
num_cat=0
split_feature=4 6 12 11 8 11 13 14 1 12 10 3 11 14 7 10 3 14 10 13 6 1 14 0 10 12 13 11 11 11
split_gain=2.30343 1.65351 1.96233 1.22042 1.77043 1.27632 1.87365 1.13867 1.07608 1.242 1.33679 2.09846 1.5626 4.03725 1.34999 1.08831 1.04385 0.968517 1.19049 2.83559 0.950333 0.932738 0.911417 0.883399 1.2146 1.54875 1.19007 1.12672 1.61737 1.00738
threshold=0.02605243201021578 1.6179268505189885 0.057354881634701156 0.0069842899086436381 -0.099304832502061666 0.006555889816587058 16.035000801086429 0.23397195059943568 -0.019797055155815587 -0.062212447341067838 -0.0056282677308486786 -0.0048669556598976418 -0.0024629970759243443 0.035115678917499234 -0.03198428428458943 0.0041960795209391452 0.00033047696315946512 0.039162482689633411 -0.00045040499871334955 16.404999732971195 0.390387275676983 0.14541972515862481 -0.077913276979976895 -0.0019690589447393654 -0.0057598786545655081 -0.071455509470426767 13.050000190734865 0.0084762607672295171 0.011525613692411897 0.0030141112553000453
decision_type=2 2 2 2 10 2 2 2 2 2 2 2 2 2 2 2 2 2 2 2 2 2 2 2 2 2 2 2 2 2
left_child=1 3 -3 5 -5 8 -7 21 -1 -10 -11 12 15 20 16 -12 -13 -6 -19 -20 -14 23 -16 24 27 -26 -27 -2 -29 -28
right_child=7 2 -4 4 17 6 -8 -9 9 10 11 14 13 -15 22 -17 -18 18 19 -21 -22 -23 -24 -25 25 26 29 28 -30 -31
leaf_value=0.0001168719912306678 0.00011277257506923187 -5.389758726942971e-05 -0.00021476004224327928 -0.0001668143969488377 0.00017150923902385607 0.00050681431090919863 -0.00037731132910649777 -0.00052793845994167951 -0.00029056483255048281 0.00020529748726774469 0.00017820698607438453 5.9361347321236275e-05 0.0001297403353481592 -0.00054699865000682119 0.00030483534422082512 -0.00078951274382044905 -0.00031698624445269881 0.00016822340297746499 2.0939915879010392e-06 -0.00044499877466421152 -0.00099600784160802235 -0.00039985640892540995 2.0105689120143976e-05 1.8902140780654457e-05 -0.00060858109646372293 0.00020019487086952575 -0.00029020143415313339 -0.00086045708426053271 0.00014316814749944782 -2.4147339823120392e-05
leaf_weight=1551 798 830 76 168 3911 40 67 93 41 816 172 48 123 64 244 45 69 291 168 44 40 56 2035 3492 45 154 799 42 55 1198
leaf_count=1551 798 830 76 168 3911 40 67 93 41 816 172 48 123 64 244 45 69 291 168 44 40 56 2035 3492 45 154 799 42 55 1198
internal_value=0.000467994 0.000919026 -0.00112583 0.00110546 0.0017045 0.000592904 -0.00481308 -0.000258467 0.000703125 0.000239383 0.000336433 -0.000176056 -0.00333333 -0.00623348 0.000409015 -0.000299539 -0.00482906 0.00189624 -0.000168986 -0.00301887 -0.00205521 -0.000181503 0.000677929 -0.000126842 -0.000742478 -0.00137523 -0.00118317 0.000810056 -0.00427835 -0.00150976
internal_weight=17575 10843 906 9937 4582 5355 107 6732 5248 3697 3656 2840 444 227 2396 217 117 4414 503 212 163 6639 2279 6583 3091 2196 2151 895 97 1997
internal_count=17575 10843 906 9937 4582 5355 107 6732 5248 3697 3656 2840 444 227 2396 217 117 4414 503 212 163 6639 2279 6583 3091 2196 2151 895 97 1997
is_linear=0
shrinkage=0.05


Tree=36
num_leaves=31
num_cat=0
split_feature=4 6 14 10 10 10 1 11 10 14 8 13 14 14 8 7 12 13 13 6 7 14 12 7 14 13 10 4 5 15
split_gain=2.01225 1.41576 0.972436 1.62056 1.14294 5.82357 0.971301 1.52201 0.927902 1.14244 1.29896 1.21857 1.10334 1.47417 1.1591 1.49797 1.15872 1.36792 2.34218 1.18743 1.11933 0.999071 1.51786 1.73817 0.902779 0.907762 0.985026 0.897084 0.879821 0.921419
threshold=0.038113299890485404 0.28113559899372947 -0.021011062487688355 0.013844778774777857 0.006337694363773628 0.0060226165635326465 -0.054198914495752697 -0.012951361499321188 -0.0056282677308486786 -0.10816573528732347 0.022644460235638045 12.454999923706056 -0.0026760061162229838 -0.048319541899194234 -0.0081679969340506791 -0.0099816583809987352 0.026791263339985386 15.855000019073488 17.154999732971195 0.46798238911470841 0.0059504488818467047 0.13092898697672287 -0.014960350168733092 -0.0047823692760884931 0.23397195059943568 14.244999885559084 0.00063379839939814453 0.014403072526174277 0.0070431194835679067 0.0036883532350305841
decision_type=2 2 2 2 2 2 2 2 2 2 10 2 2 2 8 2 2 2 2 2 2 2 2 2 2 2 2 2 2 2
left_child=1 2 6 4 5 27 7 -1 21 -10 11 -11 13 14 -13 -16 20 19 -19 -18 -14 -3 23 -23 25 26 -2 -4 -29 -30
right_child=24 8 3 -5 -6 -7 -8 -9 9 10 -12 12 16 -15 15 -17 17 18 -20 -21 -22 22 -24 -25 -26 -27 -28 28 29 -31
leaf_value=-0.00032287872046423061 -0.0011958286690587866 0.00018986832320764394 0.00022867869485518647 -0.00028714171167056859 0.00027289206812108869 -0.0018250129063354333 0.00013413819273829994 4.7984153678187058e-05 0.00026674018299275415 -0.00031169014536970997 3.4320700328827878e-05 -0.00011698770907895946 1.9347729209835581e-05 9.2331208947506454e-05 -0.0010262349029916908 -0.00017228480965160973 -0.00052187667116025238 -0.0012395522529044872 -0.00020476142301274121 1.4575838993159006e-05 -0.0011507248430034107 -5.2080705652584586e-05 0.00017784548022327425 -0.00070501546801225853 -0.00051235712892136009 -9.5087106310115353e-05 -0.00039034865410491736 -0.00063508898887496034 7.3573046448307299e-05 -3.2561835899137271e-05
leaf_weight=53 48 692 393 48 466 60 3792 106 240 59 1509 291 335 780 45 101 42 80 72 130 79 69 160 43 41 1704 83 43 4617 1338
leaf_count=53 48 692 393 48 466 60 3792 106 240 59 1509 291 335 780 45 101 42 80 72 130 79 69 160 43 41 1704 83 43 4617 1338
internal_value=0.000470632 0.000656204 0.00096922 0.000613783 0.000677317 0.000504573 0.0015958 -0.0022327 -6.66383e-05 -0.000421206 -0.000648595 -0.00147964 -0.00126598 -0.000341002 -0.0026659 -0.00630137 -0.00279133 -0.00503086 -0.00848684 -0.00197674 -0.00103865 0.00131743 -0.00125 -0.00571429 -0.00107676 -0.000912806 -0.00492366 0.000650133 0.0004985 0.000549958
internal_weight=17519 15643 10916 6965 6917 6451 3951 159 4727 3763 3523 2014 1955 1217 437 146 738 324 152 172 414 964 272 112 1876 1835 131 6391 5998 5955
internal_count=17519 15643 10916 6965 6917 6451 3951 159 4727 3763 3523 2014 1955 1217 437 146 738 324 152 172 414 964 272 112 1876 1835 131 6391 5998 5955
is_linear=0
shrinkage=0.05


Tree=37
num_leaves=31
num_cat=0
split_feature=4 9 11 11 16 0 15 13 15 12 9 11 12 2 16 12 16 16 16 13 11 12 8 9 8 14 8 14 11 13
split_gain=2.11589 1.10757 1.35826 1.76905 1.24393 1.1433 1.10093 1.34197 1.30634 3.1282 3.55547 1.17962 1.73872 1.71001 1.34106 1.28929 1.24922 1.65125 2.3619 2.74526 3.32914 4.59321 1.85704 1.85028 1.33523 1.51925 2.09056 1.24008 1.15156 1.26312
threshold=0.032204516063439666 0.38584382291031555 0.0057915448439024306 -0.010447917606839994 0.020770155920856074 -0.010086222095557594 -0.0059020356157916667 27.855000495910648 -0.0054487080669020074 0.027409196484277535 0.03628262796896798 -0.016546519308648141 -0.005215251084133842 0.046366068597707207 0.023227832632687909 -0.008121323465966555 0.0030249936765625045 0.030966794905076148 0.039700944004608114 16.345000267028812 0.029571955445533264 0.017951128324421587 0.22578350571663688 -0.03628567088408529 -0.026573808962876474 0.059971774713864064 0.045910154486006667 0.0012326341754252958 1.0000000180025095e-35 19.814999580383304
decision_type=2 10 2 2 2 2 2 2 2 2 10 2 2 2 2 2 2 2 2 2 2 2 8 10 8 2 10 2 2 2
left_child=6 5 3 -3 -4 -2 7 -1 9 -8 -11 -10 13 14 28 -15 24 22 19 20 21 -19 -18 -23 -14 -26 -27 -25 29 -13
right_child=1 2 4 -5 -6 -7 8 -9 11 10 -12 12 16 15 -16 -17 17 18 -20 -21 -22 23 -24 27 25 26 -28 -29 -30 -31
leaf_value=0.00010902093840516085 -0.00023944445700158635 -0.00093500408493206943 -0.0026191257355662511 0.00025164436368129128 -7.3930180449524781e-05 1.1707170794261067e-05 0.00016744050620881668 -0.00075093779791102981 0.00019328669529257935 -0.00011427367965803474 -0.0006573781431161986 -0.00013522373418882835 8.7322271641644185e-05 -0.0002967296188310241 0.00039840418326491295 -0.0003234970133356187 0.00016641456724453935 -0.00070904701582780519 0.00014593243410715949 9.7905412425858553e-05 0.00035407000089590526 -0.00068729191308458334 -0.00046667167156427098 4.7506026152329707e-05 -4.1383286808858157e-05 -0.00018271069680285597 -0.00043136669922003417 -0.00026297964635590656 -1.7267115453099096e-06 -0.00064017886568057338
leaf_weight=3361 1146 61 66 86 40 2034 140 66 932 75 53 273 865 140 230 40 3931 43 434 242 112 74 44 131 1989 95 42 49 603 106
leaf_count=3361 1146 61 66 86 40 2034 140 66 932 75 53 273 865 140 230 40 3931 43 434 242 112 74 44 131 1989 95 42 49 603 106
internal_value=0.000403645 -0.000709292 -0.00389328 -0.000782313 -0.00820755 -0.000455975 0.000675196 0.00145463 0.000424223 -0.00302239 -0.00867187 0.000513253 0.000345759 -0.00128592 -0.000610561 -0.00583333 0.000627872 0.00110672 -0.00062212 -0.00252688 -0.00502445 -0.00779461 0.00157862 -0.00523622 -0.000182213 -0.000856068 -0.0059489 -0.0025 -0.00141548 -0.0035752
internal_weight=17503 3433 253 147 106 3180 14070 3427 10643 268 128 10375 9443 1392 1212 180 8051 5060 1085 651 409 297 3975 254 2991 2126 137 180 982 379
internal_count=17503 3433 253 147 106 3180 14070 3427 10643 268 128 10375 9443 1392 1212 180 8051 5060 1085 651 409 297 3975 254 2991 2126 137 180 982 379
is_linear=0
shrinkage=0.05


Tree=38
num_leaves=31
num_cat=0
split_feature=4 6 4 11 3 6 10 13 7 4 9 16 10 16 15 14 11 11 14 2 2 3 10 2 9 11 1 16 7 16
split_gain=2.11337 0.826186 1.72137 0.913524 1.33694 0.823789 0.964848 0.85304 2.04156 0.8 0.794479 2.05099 2.23939 0.820734 0.873255 1.58611 1.14859 2.19808 1.2449 1.02097 1.04279 0.80321 0.745189 0.720447 0.675178 0.67497 0.819406 1.95427 0.657315 0.650703
threshold=0.022235424001100266 1.7263593503341788 0.050829526981137595 0.020793253578218044 -0.0019489027449181571 0.14641149926091235 0.015605159278572868 21.134999275207523 0.0067718055747117986 0.018938246843106462 0.12765368320664175 0.033020453639246335 0.0021685217340158274 0.014253570129043493 -0.00061661743669150215 -0.023978062109039463 0.018027346802980907 0.021151753576904912 -0.0015377949631008578 0.035160319355835419 -0.033080913769879476 0.005893193607928505 0.0086043784321214751 0.077498755761617924 0.2511997381039846 0.014627027210111112 -0.0096518640144628281 -0.021567266799916492 -0.0051963176767922939 -0.038550768496870107
decision_type=2 2 2 2 2 2 2 2 2 2 8 2 2 2 2 2 2 2 2 2 2 2 2 2 10 2 2 2 2 2
left_child=5 29 3 -3 -5 7 24 10 -9 -8 13 21 -13 14 -1 -16 18 -18 19 20 -17 23 28 25 -7 26 -12 -28 -23 -2
right_child=1 2 -4 4 -6 6 9 8 -10 -11 11 12 -14 -15 15 16 17 -19 -20 -21 -22 22 -24 -25 -26 -27 27 -29 -30 -31
leaf_value=0.00016522454717566391 -0.00017926418159064543 -3.347967817983979e-05 -0.0012575374093340961 -0.00064049552707196283 -0.00014142840810152474 3.9926051923867275e-05 7.3963929229950334e-05 0.00019447322363732325 -0.00044115115701412217 -0.00048915113999764613 0.00014231329105689858 -0.00063828483883580965 5.354593556094591e-06 0.00027578198391241737 0.00016091661129650481 -0.00014321597407533732 -0.00036208438786760786 4.8524494357341181e-05 0.00021418552097249202 -0.0002688860462298854 9.604207385751132e-05 -0.00012575016110666021 -0.00024846729121118867 0.0002230330358340583 -0.00033927217674871273 0.00033415901157302341 -0.00052010061306237009 5.0799793506420428e-05 0.00021170027697090736 1.1537536830303487e-05
leaf_weight=988 447 626 43 40 61 2579 40 188 64 40 386 52 74 888 434 62 40 61 302 49 110 60 57 287 42 277 45 590 125 8529
leaf_count=988 447 626 43 40 61 2579 40 188 64 40 386 52 74 888 434 62 40 61 302 49 110 60 57 287 42 277 45 590 125 8529
internal_value=0.000504947 1.3339e-05 -0.00155844 -0.000983494 -0.00539604 0.00111607 0.000409108 0.00148764 -0.00134921 -0.005 0.00163393 0.000852535 -0.00531746 0.00215406 0.00160313 0.000604915 -0.00100962 -0.00589109 -6.69214e-05 -0.00291855 -0.00110465 0.00127805 -0.00140496 0.0016877 0.000574208 0.00118644 0.000592556 -0.000511811 0.000135135 0.000148173
internal_weight=17586 9746 770 727 101 7840 2701 5139 252 80 4887 1953 126 2934 2046 1058 624 101 523 221 172 1827 242 1585 2621 1298 1021 635 185 8976
internal_count=17586 9746 770 727 101 7840 2701 5139 252 80 4887 1953 126 2934 2046 1058 624 101 523 221 172 1827 242 1585 2621 1298 1021 635 185 8976
is_linear=0
shrinkage=0.05


Tree=39
num_leaves=31
num_cat=0
split_feature=4 0 6 14 14 11 10 0 10 13 6 9 12 3 5 12 12 12 12 12 14 9 12 9 13 12 9 13 13 14
split_gain=2.47223 1.11702 1.0862 1.0101 1.39939 0.93882 1.32358 1.15906 1.05516 0.928061 0.894987 0.811275 1.12358 0.893072 0.800168 0.786848 1.59269 1.93751 1.68479 2.29361 1.94686 1.54685 1.3243 0.936916 0.773037 1.6995 0.744186 0.695451 0.999101 0.957864
threshold=0.022235424001100266 0.076241112565659033 0.81033492180479449 -0.10816573528732347 -0.10344834121785244 -0.022672211523631577 -0.029463592833469218 -0.034598470010751996 -0.0018259871478111254 23.265000343322757 -0.09668526967311937 -0.19980058519193791 0.016494776846734397 -0.016073335631448357 0.017934093008479746 -0.0021779841828679087 -0.023938025174318197 -0.014960350168733092 -0.015496687592758017 -0.017557998492747081 0.012431899030548645 0.31972227320008245 0.0061045845958173093 -0.26425523730559441 13.59500026702881 0.055910594976570589 0.071398167729983322 20.714999198913578 19.520000457763675 -0.033157965869525234
decision_type=2 2 2 2 2 2 2 2 2 2 2 10 2 2 2 2 2 2 2 2 2 10 2 8 2 2 8 2 2 2
left_child=2 3 -1 -2 -5 6 -6 11 -8 -10 -11 -7 13 -13 -14 16 -9 18 19 20 -18 -19 -17 -24 -4 -26 -22 28 -25 -30
right_child=1 -3 24 4 5 7 8 15 9 10 -12 12 14 -15 -16 22 17 21 -20 -21 26 -23 23 27 25 -27 -28 -29 29 -31
leaf_value=0.00010190308166946239 0.00012088497327321726 -0.00050146693313619256 0.00021860963393233822 -0.00064307065138549018 -0.0012682691843683216 7.7980092577949073e-05 0.00030903551104991542 1.3999761112689432e-05 0.00015440250977440912 1.8977303954211797e-05 -0.00059657413261837461 -0.00023522839740044147 0.00025857564216125682 -0.00063283876898673067 -0.00043534858432899091 0.000272928426823306 -0.00061087598708570179 -9.1831683200431096e-06 -0.0010575895663013876 0.00065375375061956377 -0.00016006395406529563 -0.001462276447496383 -0.00033753218300452189 1.0779031986297972e-05 -1.1673448482109626e-05 -0.00036726890437923125 0.00017910169903121844 0.00017545209950473593 -0.00058095114706359287 -4.2773306269449247e-05
leaf_weight=6448 513 53 286 53 47 142 623 1084 145 43 48 74 61 83 88 563 85 577 42 59 43 43 130 4664 1017 67 43 154 44 217
leaf_count=6448 513 53 286 53 47 142 623 1084 145 43 48 74 61 83 88 563 85 577 42 59 43 43 130 4664 1017 67 43 154 44 217
internal_value=0.000507156 -2.5203e-05 0.0011691 1.44809e-05 -0.000106499 -5.93274e-05 0.00146799 -0.00022816 0.00191502 -0.000932203 -0.00489011 -0.00270089 -0.00415033 -0.00710191 -0.00104027 -8.51831e-05 -0.000946356 -0.00251121 -0.00602941 -0.00434783 -0.0072807 -0.000967742 0.000209633 -3.93548e-05 -0.000109489 -0.000719557 -0.00197674 6.79269e-05 -3.55328e-05 -0.00304598
internal_weight=17539 9721 7818 9668 9155 9102 906 8196 859 236 91 448 306 157 149 7748 1976 892 272 230 171 620 5772 5209 1370 1084 86 5079 4925 261
internal_count=17539 9721 7818 9668 9155 9102 906 8196 859 236 91 448 306 157 149 7748 1976 892 272 230 171 620 5772 5209 1370 1084 86 5079 4925 261
is_linear=0
shrinkage=0.05


Tree=40
num_leaves=31
num_cat=0
split_feature=4 6 14 10 5 4 9 13 12 9 11 2 15 5 14 1 1 15 10 8 10 8 9 1 11 4 10 0 9 6
split_gain=2.07172 1.24953 1.19253 1.01933 1.2669 1.01469 0.969256 1.2638 0.8598 0.856634 1.25699 0.856417 1.77356 0.922387 1.08905 1.31094 1.39207 0.824197 0.889832 0.88383 0.865079 0.79543 0.73826 0.729757 1.03074 0.832666 0.789565 0.810019 0.725176 1.61397
threshold=0.018938246843106462 1.2267773148583636 -0.10816573528732347 0.0023061717874046654 0.02131272334861704 0.027471919560806825 -0.10568958500458446 13.194999694824221 0.064838979523685905 0.45146641077317456 0.0057915448439024306 -0.034923039417841188 -0.017136777285334134 0.015387834351328736 0.0066946732173895915 0.033915117270563296 -0.015139436790698678 0.0047768826436749299 0.0044510746205346239 0.12073489050542065 0.0076450481048171435 0.053344008376860381 -0.11633294523237929 -0.022508576770481233 0.0069842899086436381 0.013018857606215168 -0.0056282677308486786 -0.011814828470289194 -0.10163866481210569 1.8536932031824565
decision_type=2 2 2 2 2 2 10 2 2 10 2 2 2 2 2 2 2 2 2 8 2 10 10 2 2 2 2 2 10 2
left_child=6 5 -3 4 11 8 7 -1 -2 -7 -11 -4 -13 14 -14 16 -16 18 -5 21 -20 28 -9 -8 25 -25 -27 -28 -19 -30
right_child=1 2 3 17 -6 9 23 22 -10 10 -12 12 13 -15 15 -17 -18 19 20 -21 -22 -23 -24 24 -26 26 27 -29 29 -31
leaf_value=-0.00030046130307004922 4.767989019700128e-05 0.00031937402068765817 0.00013665507290139839 -0.00058418037018882426 -0.00057784547510310931 -5.2910677342409335e-06 0.00022456982831400301 7.1974030848030645e-05 0.0002017656004395331 -6.593962636185675e-06 -0.0017227790957217992 -0.001049586722545094 0.00016086430757810175 0.00013038629666323515 -3.0737247389798867e-05 0.00021571263707198312 -0.0016165106277146264 0.0002442289780404521 0.00014471486050520645 -0.0003975912715007503 -0.000514674894481874 0.00046576951090347642 -0.00031009314240715605 0.0002089106914618256 0.00019705674695291183 0.00021756719416265882 -0.00032612915243913671 -7.0310711397743964e-06 0.00029215954251156248 -0.0006673701411311386
leaf_weight=46 5931 127 283 80 159 4892 424 1051 346 99 73 45 146 175 42 49 62 88 49 51 78 65 40 171 1457 278 70 953 44 48
leaf_count=46 5931 127 283 80 159 4892 424 1051 346 99 73 45 146 175 42 49 62 88 49 51 78 65 40 171 1457 278 70 953 44 48
internal_value=0.000410975 8.97002e-05 -0.0012225 -0.00162568 -0.000671176 0.000273786 0.0013363 7.47583e-05 0.000698582 -0.000252764 -0.00372093 0.000137157 -0.00106936 -0.000168776 -0.00185619 -0.00480392 -0.00798077 -0.0034493 -0.00586956 -0.00175676 -0.00326772 -0.000510204 0.000417049 0.00176409 0.00148344 0.000550272 0.000119139 -0.000522971 -0.00222222 -0.00532609
internal_weight=17422 12932 1591 1464 961 11341 4490 1137 6277 5064 172 802 519 474 299 153 104 503 207 296 127 245 1091 3353 2929 1472 1301 1023 180 92
internal_count=17422 12932 1591 1464 961 11341 4490 1137 6277 5064 172 802 519 474 299 153 104 503 207 296 127 245 1091 3353 2929 1472 1301 1023 180 92
is_linear=0
shrinkage=0.05


Tree=41
num_leaves=31
num_cat=0
split_feature=5 16 16 12 9 14 15 16 16 11 3 16 11 13 2 15 7 5 11 13 12 2 3 14 9 15 12 13 15 13
split_gain=1.75558 0.851547 2.82686 3.09021 1.0594 0.821074 0.896581 2.36709 1.3027 1.38307 1.77182 1.06008 1.37715 1.84852 1.49526 1.57573 1.26331 1.1621 0.925778 1.15288 1.79268 1.76109 1.11641 1.08971 1.33547 1.24886 2.23206 0.880313 1.71297 0.935619
threshold=0.014597205971886977 -0.038550768496870107 -0.043988025996366246 -0.043864321053953818 -0.15793895253493132 -0.12096344977185801 -0.0059020356157916667 -0.031889141827226346 0.015203583452016113 0.027231962502118127 0.0032466524021737002 0.027725020315850894 0.029305093404121577 16.469999313354496 0.037517975666172772 0.0078102397883976779 0.02031732448868873 0.012166298616608378 -0.015548352361618832 17.445000648498539 -0.0036881792371129536 -0.035731613963908442 -0.0025604191264468885 -0.01013918808565367 0.073398829808054802 0.0031106278785353329 0.022707498182199862 12.454999923706056 0.0012410089950529726 15.775000095367433
decision_type=2 2 2 2 8 2 2 2 2 2 2 2 2 2 2 2 2 2 2 2 2 2 2 2 10 2 2 2 2 2
left_child=5 2 4 -4 -2 -1 -7 -8 9 18 -11 -10 13 14 15 17 -17 -13 -9 23 21 -21 -23 24 -20 26 -26 28 -25 -29
right_child=1 -3 3 -5 -6 6 7 8 11 10 -12 12 -14 -15 -16 16 -18 -19 19 20 -22 22 -24 27 25 -27 -28 29 -30 -31
leaf_value=0.00035878041780066429 -0.00045454688090122502 -3.2951800108683862e-06 -0.0012325115579132576 -0.00023450317366366879 0.00020241952080738242 0.00012353767787628444 -0.00047273803765110955 0.00019476127833673842 0.00025735357397963784 -3.3843285446115999e-06 -0.00044851907658597745 0.00015128682461759617 0.00023656307502540805 0.00027990654849890001 6.2951640385373828e-06 -0.00023515573380094234 -0.00031434716604674382 -0.00038613159937947412 0.00019280190657741943 -7.7270189371502797e-05 -1.8384747307275922e-05 -0.00065543170319182296 -0.00022403733538062183 -0.00058661084126904758 -0.00097386873613197755 0.00010957311896419019 0.00010577029057570476 3.976568290984564e-05 7.6479906011286066e-05 -0.00011154823248016316
leaf_weight=237 59 7619 47 111 212 2326 129 458 1317 73 44 58 295 211 229 69 41 44 998 126 693 42 64 43 89 297 128 954 44 507
leaf_count=237 59 7619 47 111 212 2326 129 458 1317 73 44 58 295 211 229 69 41 44 998 126 693 42 64 43 89 297 128 954 44 507
internal_value=0.000368367 -0.000175199 -0.00234266 -0.00765823 0.000756458 0.000828079 0.000753853 0.000469582 0.000596425 0.000109649 -0.00525641 0.00157686 0.000300951 -0.000981595 -0.00282313 -0.00584906 -0.01 -0.00137255 0.000250957 6.27371e-06 -0.00154054 -0.00534483 -0.0100943 0.000473856 0.00142857 -0.000642023 -0.00352535 -0.000458656 -0.00534483 -0.000167693
internal_weight=17564 8048 429 158 271 9516 9279 6953 6824 4560 117 2264 947 652 441 212 110 102 4443 3985 925 232 106 3060 1512 514 217 1548 87 1461
internal_count=17564 8048 429 158 271 9516 9279 6953 6824 4560 117 2264 947 652 441 212 110 102 4443 3985 925 232 106 3060 1512 514 217 1548 87 1461
is_linear=0
shrinkage=0.05


Tree=42
num_leaves=31
num_cat=0
split_feature=4 6 4 8 14 11 15 10 10 9 10 15 16 16 15 15 6 7 8 16 14 9 14 5 16 8 9 9 14 3
split_gain=1.58513 1.43629 1.58335 1.39742 1.32725 1.75621 1.88636 1.43213 4.65181 3.92968 1.62061 1.70028 3.28344 2.4705 1.84719 1.96111 1.81008 1.66946 1.73475 1.46699 3.86903 2.74655 1.42162 1.42026 1.40678 1.4544 1.35394 1.21639 1.27359 1.77529
threshold=0.016284480234592977 1.7943401437398512 0.048458044862477269 0.22578350571663688 -0.016820561404990383 -0.0071962553700703471 -0.018421900785981656 0.006337694363773628 0.0059366515309086107 0.023792582345737893 0.0040968178286348031 -0.0064459216196157123 0.0058158459122701353 0.0054521513073820813 0.0058386441075435344 -0.0054487080669020074 -0.53280272777158977 0.019937089076206841 -0.020812635719351266 0.032526017222414112 0.053057710402313336 0.65629213421193078 0.10773003329269316 0.027214446830553785 -0.043988025996366246 -0.08483983180308162 -0.10348550952760426 0.19959055278418172 -0.0091057157714133346 0.0095469732072712716
decision_type=2 2 2 8 2 2 2 2 2 10 2 2 2 2 2 2 2 2 10 2 2 8 2 2 2 8 8 10 2 2
left_child=-1 4 3 -3 23 6 24 8 10 -10 11 -7 13 14 15 -13 -15 18 -16 22 21 -21 -14 -2 -6 -26 -25 28 -17 -30
right_child=1 2 -4 -5 5 7 -8 -9 9 -11 -12 12 19 16 17 27 -18 -19 -20 20 -22 -23 -24 26 25 -27 -28 -29 29 -31
leaf_value=0.00013121358993481864 8.7975399216311034e-05 -6.5494703457705573e-05 -0.0010584037264261914 -0.00052468323256492702 0.00012929069164243639 3.0005508810375162e-05 0.00015636963512857978 0.00013291787705194957 -0.0022497127539247009 -0.00013941682893912422 0.00019555211272160173 -0.00067358124060865044 7.2384816108260185e-05 -0.00037977450102245707 -0.00033476974567162797 0.00037626059668160479 -0.00065878957621572391 -0.00016827354340045563 -0.0012619461811642029 3.7019003280191967e-05 -0.00083652255320187583 -0.00074081218921719452 -0.00037995943264369168 -0.00052572207613785986 -0.00049225256350560447 -0.00015409688315686271 5.1919016285797908e-05 0.00029023047443718804 -0.00012351369235193927 -0.00070011023522984839
leaf_weight=2057 5454 1046 54 54 143 1476 2054 544 40 43 508 69 1493 48 51 75 45 62 43 320 40 69 46 149 42 203 202 67 927 56
leaf_count=2057 5454 1046 54 54 143 1476 2054 544 40 43 508 69 1493 48 51 75 45 62 43 320 40 69 46 149 42 203 202 67 927 56
internal_value=0.00041476 0.000240874 -0.00145581 -0.00104545 0.000378093 -2.12664e-05 0.00110975 -0.000479907 -0.000722891 -0.0124699 -0.000542168 -0.000821567 -0.00143506 -0.00324671 -0.0027037 -0.00203518 -0.011129 -0.00782051 -0.0120213 -0.000106707 -0.00269231 -0.00116967 0.000614035 0.000960379 -0.00208763 -0.00438775 -0.00212251 -0.00153333 -0.00194707 -0.00242625
internal_weight=17480 15423 1154 1100 14269 8464 2442 6022 5478 83 5395 4887 3411 1443 1350 1194 93 156 94 1968 429 389 1539 5805 388 245 351 1125 1058 983
internal_count=17480 15423 1154 1100 14269 8464 2442 6022 5478 83 5395 4887 3411 1443 1350 1194 93 156 94 1968 429 389 1539 5805 388 245 351 1125 1058 983
is_linear=0
shrinkage=0.05


Tree=43
num_leaves=31
num_cat=0
split_feature=5 8 10 9 7 6 4 7 5 9 11 3 11 0 8 10 12 10 9 8 14 1 8 13 12 12 5 3 8 6
split_gain=1.84039 1.32372 0.992351 0.874281 0.954992 1.60042 0.822553 0.690698 0.667911 0.684562 1.63816 1.14196 0.747996 0.68229 0.926459 1.1096 1.80082 1.23646 0.9891 0.910837 0.808075 1.53058 0.973349 0.697342 0.68234 0.641647 0.78582 1.73148 1.00222 0.944218
threshold=0.014597205971886977 0.14163831623854276 0.0084728962045924634 -0.21996134453188979 -0.11098483596832918 0.07132034790108803 0.014403072526174277 -0.023797277223262799 0.014647625833168332 0.45146641077317456 0.0057915448439024306 0.0072255998393179208 -0.010447917606839994 -0.0030597104030553597 -0.046140234490376734 -0.013932241848525038 -0.014960350168733092 -0.0057598786545655081 -0.017768634938289781 -0.0061757477765915772 0.018934443393513026 0.013905054753648229 0.009661557387492083 25.19999980926514 0.089699149328903008 0.014938847679140889 0.016272795050365305 -0.0052142934742172012 0.085134191332496459 0.62573434382740578
decision_type=2 8 2 8 2 2 2 2 2 10 2 2 2 2 10 2 2 2 10 10 2 2 10 2 2 2 2 2 10 2
left_child=1 6 -3 4 5 -2 -1 -6 -5 13 12 -12 -11 14 23 16 19 -17 20 -16 -19 22 -22 -10 25 -15 27 -27 29 -29
right_child=3 2 -4 8 7 -7 -8 -9 9 10 11 -13 -14 24 15 17 -18 18 -20 -21 21 -23 -24 -25 -26 26 -28 28 -30 -31
leaf_value=0.00016022883692444641 7.1059419569527056e-05 -2.7792019333516952e-05 -0.00036974682095634203 -0.00037308478468524656 4.1736880285908601e-05 -0.0010257649757635964 6.2953555956302606e-05 -0.00027315904921390132 3.9617150206883417e-06 -0.00077337726598895515 -0.00057508755550757099 -0.0020811167700792482 0.00034732801759993718 6.0172277100046074e-05 -0.00042209452115416439 0.00012764496618612457 9.6167777782261884e-05 -0.00011951462977340669 -2.0471473441567726e-05 -0.00086510330293865549 -0.00047571030173002298 3.5664167104261221e-06 -0.00061837823913082402 0.00038982615327939701 0.00030149832400939237 -0.00052846406499352323 2.0360697629867958e-05 0.00011835553251487334 -0.00033796482338191805 -0.00058747060376831192
leaf_weight=903 47 235 61 71 227 64 8254 187 1072 42 41 42 79 2105 45 304 57 409 785 42 47 59 40 230 158 81 1306 340 84 92
leaf_count=903 47 235 61 71 227 64 8254 187 1072 42 41 42 79 2105 45 304 57 409 785 42 47 59 40 230 158 81 1306 340 84 92
internal_value=0.000385231 0.000858458 -0.00243243 -0.000170059 -0.00214286 -0.00626126 0.000964836 -0.00103865 -3.2532e-05 1.3405e-05 -0.00284314 -0.00825301 0.000867769 9.37157e-05 -0.000469255 -0.00120805 -0.00541667 -0.000839416 -0.00149254 -0.00994253 -0.00310811 -0.00630137 -0.0105172 0.000545315 0.000511282 0.000384232 -0.000281135 -0.00178392 -0.000717054 0.00025463
internal_weight=17509 9453 296 8056 525 111 9157 414 7531 7460 204 83 121 7256 3090 1788 144 1644 1340 87 555 146 87 1302 4166 4008 1903 597 516 432
internal_count=17509 9453 296 8056 525 111 9157 414 7531 7460 204 83 121 7256 3090 1788 144 1644 1340 87 555 146 87 1302 4166 4008 1903 597 516 432
is_linear=0
shrinkage=0.05


Tree=44
num_leaves=31
num_cat=0
split_feature=4 14 6 14 14 8 8 15 16 11 11 3 8 13 3 11 13 11 14 14 11 11 15 14 14 14 13 7 2 0
split_gain=1.42892 1.0043 0.894443 0.955177 1.05401 1.056 1.50749 0.943831 1.57295 1.60932 1.34018 1.99395 1.69751 1.31562 1.48978 1.32583 1.92782 1.28516 1.21694 1.13701 1.19051 2.18939 2.16508 1.09909 1.13923 2.03938 1.09364 1.05848 0.975917 1.41807
threshold=0.028497676299891962 -0.19490876951167976 1.7263593503341788 -0.026973540467474796 -0.10816573528732347 0.059885639739940995 0.034194513868676897 -0.0059020356157916667 -0.031889141827226346 -0.015548352361618832 0.0069842899086436381 -0.016073335631448357 -0.08483983180308162 21.134999275207523 -0.0024804614816119615 0.006555889816587058 16.035000801086429 -0.0047149308765757616 -0.044623986751606441 0.039162482689633411 0.017027234780288007 0.029571955445533264 -0.0031825272193820027 -0.041613677684134036 0.068214198873392098 0.058009640559056781 27.855000495910648 -0.049391825562072882 -0.085609382857782565 0.0026651172794214255
decision_type=2 2 2 2 2 10 8 2 2 2 2 2 10 2 2 2 2 2 2 2 2 2 2 2 2 2 2 2 2 2
left_child=2 -2 7 4 -4 6 -6 26 17 -10 11 -11 28 15 -15 23 -17 18 -9 -14 22 -22 -21 -13 25 27 -1 -25 -12 -30
right_child=1 -3 3 -5 5 -7 -8 8 9 10 12 13 19 14 -16 16 -18 -19 -20 20 21 -23 -24 24 -26 -27 -28 -29 29 -31
leaf_value=0.00013913661831212382 -0.00028110550707686018 -1.7609204134210288e-05 0.00039195502248499323 1.8331315816272e-05 -0.00035360507392831345 5.678278312548945e-05 -0.0007302297225786808 -0.00035098509968351671 0.00025713891461138453 -0.00039902505095828415 0.00014207242550521267 0.00015777863047753186 0.00011277818993581458 -0.00066209549262183625 -0.00011483327723070705 0.00030612478896945711 -0.00039970429344916587 -0.00049269327212024235 0.00026760796699937722 -0.0003705778207550893 -0.000338916422918444 0.00014353428444688197 0.00033454685435787158 -0.00033144635047839462 0.00014210814326640032 -0.00026801595121649682 -0.00070073273398521974 -2.1652226049688224e-05 -0.00059015935964441303 -0.00016207322338779453
leaf_weight=2676 48 5187 54 636 144 56 40 84 674 49 90 908 3863 46 63 46 72 42 64 54 66 66 170 46 312 51 45 1827 51 68
leaf_count=2676 48 5187 54 636 144 56 40 84 674 49 90 908 3863 46 63 46 72 42 64 54 66 66 170 46 312 51 45 1827 51 68
internal_value=0.000391522 -0.000300859 0.000684705 -0.000806451 -0.00316327 -0.00458333 -0.00641304 0.000806 0.000552112 0.000652429 0.000451071 -0.000292397 0.00102529 -0.000146841 -0.00555046 3.37218e-05 -0.00516949 -0.00394737 -0.00175676 0.00124319 -0.00146067 -0.00522727 0.000758929 0.000229008 -0.000366726 -0.000821206 0.00161889 -0.000552589 -0.00337321 -0.00634454
internal_weight=17598 5235 12363 930 294 240 184 11433 8712 8522 7848 3420 4428 3371 109 3262 118 190 148 4219 356 132 224 3144 2236 1924 2721 1873 209 119
internal_count=17598 5235 12363 930 294 240 184 11433 8712 8522 7848 3420 4428 3371 109 3262 118 190 148 4219 356 132 224 3144 2236 1924 2721 1873 209 119
is_linear=0
shrinkage=0.05


Tree=45
num_leaves=31
num_cat=0
split_feature=5 15 2 15 16 5 1 3 10 10 11 11 12 2 9 16 11 14 14 4 0 6 3 3 10 10 16 16 10 0
split_gain=1.48343 0.784966 1.41579 0.891773 1.19703 0.856557 0.962527 0.784648 1.47788 1.19048 0.991215 1.30003 0.962159 0.800654 0.781684 1.73898 0.939233 1.14178 0.987343 0.886347 0.778725 0.773457 0.77221 0.71118 0.974391 1.27294 0.705902 2.3258 1.49252 1.34219
threshold=0.014597205971886977 -0.018421900785981656 0.03905048096199993 -0.0059020356157916667 -0.031889141827226346 0.013066432692694724 -0.010026786046806789 -0.0038322841250987834 0.0103636474765072 0.012396496477192877 -0.0076796209830086162 0.010325604265528312 -0.005215251084133842 -0.022789502124965329 -0.17478928834345184 -0.038550768496870107 -0.022672211523631577 -0.12635401997537379 -0.038288845342256843 0.033675654517572297 0.003053754986717228 0.1233254399589795 0.04278827626169724 0.014654403668100226 -0.0028933762148355964 -0.0056282677308486786 0.0058158459122701353 0.0051507912954718025 0.013844778774777857 0.011607342725873495
decision_type=2 2 2 2 2 2 2 2 2 2 2 2 2 2 8 2 2 2 2 2 2 2 2 2 2 2 2 2 2 2
left_child=1 2 5 -3 20 6 -1 8 10 -10 -6 12 13 -12 15 -2 18 -18 19 -16 21 -5 26 24 25 -17 27 28 -19 -30
right_child=14 3 -4 4 7 -7 -8 -9 9 -11 11 -13 -14 -15 16 23 17 22 -20 -21 -22 -23 -24 -25 -26 -27 -28 -29 29 -31
leaf_value=2.1029986492196936e-05 -0.0010458719501550092 0.000140305490075302 -0.00020420008500475338 -0.00060111236568966269 0.00021693729636031189 0.00011755020127665063 -0.00051938683328296698 7.2730488539649331e-05 -0.00077058287098971667 -3.4874578386685915e-05 -2.9905143683333371e-05 0.00010161432392255476 -0.00013899486587786776 -0.00042830086920634617 0.00011792707754045836 -1.5907246192001175e-05 0.00027332434243006605 -2.6905333261177115e-05 0.00026980994954880962 -0.00029997159787417503 2.4349972859315012e-05 -2.0909376938237946e-05 -0.00037065678031785576 -0.00024577831829781442 4.6174372382898452e-05 -0.00076362563346179526 1.8601092951948419e-05 -0.0010141515791178572 -0.00056025576963850598 -3.399710717899945e-06
leaf_weight=108 61 2066 58 46 221 75 45 5882 42 42 45 365 386 40 66 139 231 3014 572 67 80 43 53 82 450 74 3024 97 40 42
leaf_count=108 61 2066 58 46 221 75 45 5882 42 42 45 365 386 40 66 139 231 3014 572 67 80 43 53 82 450 74 3024 97 40 42
internal_value=0.000340624 0.000761735 -0.00181818 0.000841435 0.000578421 -4.38595e-05 -0.00218954 0.000678485 -0.000521472 -0.00690476 -1.41909e-05 -0.000801435 -0.00253715 -0.00735294 -0.000161008 -0.00163772 4.16338e-06 -0.000183818 0.00173759 -0.00214286 -0.00357988 -0.00679775 -0.000311005 -0.000973154 -0.000429864 -0.00321596 -0.000259771 -0.000778265 -0.000539405 -0.00719512
internal_weight=17556 9544 286 9258 7192 228 153 7023 1141 84 1057 836 471 85 8012 806 7206 6501 705 133 169 89 6270 745 663 213 6217 3193 3096 82
internal_count=17556 9544 286 9258 7192 228 153 7023 1141 84 1057 836 471 85 8012 806 7206 6501 705 133 169 89 6270 745 663 213 6217 3193 3096 82
is_linear=0
shrinkage=0.05


Tree=46
num_leaves=31
num_cat=0
split_feature=4 0 10 10 6 4 2 2 14 12 3 2 4 12 2 16 16 10 9 12 16 14 10 12 6 12 12 12 14 0
split_gain=1.35986 1.09931 0.88032 3.54707 2.10124 0.976922 1.0547 0.966643 0.798829 0.748879 0.736621 0.798385 1.76744 0.989389 0.672708 0.660413 2.2542 2.29384 2.96812 1.48956 1.20606 2.02539 1.61078 1.58604 1.46901 1.34954 1.53209 1.99421 3.38 1.34186
threshold=0.015137780288011956 0.076241112565659033 0.017102322993862277 0.015605159278572868 -0.32990964187960203 0.033675654517572297 0.25012708393151001 1.0000000180025095e-35 -0.14356568835631797 -0.075828258528587975 -0.015387193558437316 1.0000000180025095e-35 0.027692640608978924 0.023117382956200586 -0.025967342266388135 0.032526017222414112 0.038508292493881331 0.0067604630299248356 -0.12296172045005931 0.045231398838846089 0.014253570129043493 0.099742575354610077 0.0073562807386337034 0.033382805411833923 0.058167658574553825 0.035732365029541142 0.014776442004869829 0.015760986994464269 0.020125848996620292 -0.016264669518775306
decision_type=2 2 2 2 2 2 2 2 2 2 2 2 2 2 2 2 2 2 10 2 2 2 2 2 2 2 2 2 2 2
left_child=-1 2 3 5 -5 8 9 -6 -2 -7 11 14 13 -13 -10 20 17 18 -17 -20 25 22 -22 -24 -25 26 -12 28 -28 -29
right_child=1 -3 -4 4 7 6 -8 -9 10 -11 15 12 -14 -15 -16 16 -18 -19 19 -21 21 -23 23 24 -26 -27 27 29 -30 -31
leaf_value=0.00013657047373396894 0.00037664920069689937 -0.00043481884465684833 0.00023537958400412013 7.9702322364368303e-05 -0.0011337248185718032 0.00054616991905482692 -0.00084776294332647136 -0.00056414482748447996 -0.00012838256314308765 -7.1046435428771216e-05 4.5842606626374343e-05 -0.00073695641178862239 2.6019194813550318e-05 -0.00010682575201659691 0.00036024919405079842 -0.00066836315450024034 0.00010052080552120701 0.00055368741804194348 -5.3587633775941979e-05 -0.00023918605180468376 0.00021609870106167181 -0.00036875554187298606 0.00022601665731843135 -5.1666615858643369e-05 -0.00073582757574271478 7.8892839997329699e-05 -0.00074336382053962792 0.00015360450401910987 0.00021879949096588228 -7.8694285359209924e-05
leaf_weight=1255 116 61 421 40 41 109 74 44 211 2577 3871 66 108 73 62 69 539 86 225 51 2077 66 210 164 103 2297 50 303 40 2147
leaf_count=1255 116 61 421 40 41 109 74 44 211 2577 3871 66 108 73 62 69 539 86 225 51 2077 66 210 164 103 2297 50 303 40 2147
internal_value=0.000346321 0.00022422 0.000249384 0.000189329 -0.0082 0.000256149 -0.000597826 -0.0126471 0.00043838 -0.000435592 0.000400999 -0.00144231 -0.00350202 -0.00723022 0.000421246 0.00047894 -0.000773196 -0.00346868 -0.00528985 -0.00297101 0.000586158 0.00152672 0.0017502 -0.000870021 -0.00342697 0.00030317 -6.94118e-05 -0.00102362 -0.00833333 -0.000755102
internal_weight=17556 16301 16240 15819 125 15694 2760 85 12934 2686 12818 520 247 139 273 12298 970 431 345 276 11328 2620 2554 477 267 8708 6411 2540 90 2450
internal_count=17556 16301 16240 15819 125 15694 2760 85 12934 2686 12818 520 247 139 273 12298 970 431 345 276 11328 2620 2554 477 267 8708 6411 2540 90 2450
is_linear=0
shrinkage=0.05


Tree=47
num_leaves=31
num_cat=0
split_feature=4 1 13 10 8 7 4 6 7 9 11 16 3 11 9 11 13 3 11 0 8 1 8 9 11 13 4 1 4 9
split_gain=1.43063 1.13647 1.06957 1.13809 1.26582 1.05835 1.31878 1.14866 0.946344 0.925881 1.23163 1.02757 0.823129 0.9758 1.03132 0.792389 1.1139 1.4499 1.12818 1.2369 1.32927 0.988536 1.248 1.49512 0.918377 2.58962 1.01517 0.938883 1.31559 1.20789
threshold=0.014403072526174277 -0.077609318826089332 28.970000267028812 -0.0056282677308486786 0.0042245240129811243 -0.023355062230511866 0.046655471867958466 -0.048544942911603793 -0.022421391464448989 -0.12069499431641854 0.030023740679380188 0.02897482998154877 -0.0046738668857693169 -0.0092896544680063902 0.0045976881949297841 0.019998306186617913 14.684999942779543 -0.013163848922948139 0.009090553623087862 0.014065112103677892 -0.029865561909888979 0.019403288045525716 0.016381145663327604 0.056691831799304378 0.00036209902272010824 15.234999656677248 0.018270908686291283 0.026477590993876813 0.02605243201021578 0.073398829808054802
decision_type=2 2 2 2 10 2 2 2 2 8 2 2 2 2 8 2 2 2 2 2 10 2 8 8 2 2 2 2 2 8
left_child=-1 2 3 -2 12 -3 7 8 -7 11 15 -9 -5 -14 -15 16 17 -11 19 20 -18 -17 23 -23 27 -26 -27 28 -22 -30
right_child=1 5 -4 4 -6 6 -8 9 -10 10 -12 -13 13 14 -16 21 18 -19 -20 -21 24 22 -24 -25 25 26 -28 -29 29 -31
leaf_value=0.00014958593028584894 0.0001630399675044454 5.7805215445699163e-05 -0.00057869315768813232 8.6304251168243057e-05 -0.00075522026995163496 -0.00012941077305939354 -0.00045754993484252551 -0.00011037957546616145 5.0245936575743817e-05 -0.00022453438644824079 0.00024941107311436255 -0.00059855610286283683 -0.00053407737521899605 0.00043353610829848844 -0.00068944822941091231 1.3368076578891928e-05 0.00012361196141982218 8.8848122947265731e-05 0.00010184449061255093 3.8783016331928199e-05 -0.00017785314136696743 -0.00017793693756198132 -6.1979283573627183e-05 -0.00063983942412434709 -0.0010280369524713106 9.3696245192281672e-05 -0.00037490149910229695 9.8216860622326655e-05 -0.00070991547571011202 -9.6960173121959741e-05
leaf_weight=899 159 4067 82 147 41 75 384 223 6675 55 364 42 61 77 51 168 184 1019 628 572 445 40 196 43 42 107 304 189 45 76
leaf_count=899 159 4067 82 147 41 75 384 223 6675 55 364 42 61 77 51 168 184 1019 628 572 445 40 196 43 42 107 304 189 45 76
internal_value=0.000332188 0.000226738 -0.00187702 -0.00106343 -0.00255968 0.000308286 6.9889e-05 0.000166203 0.000585185 -0.000430198 -0.000260219 -0.00330189 -0.00154762 -0.00373016 -0.00125 -0.000506929 -0.000264593 0.00108939 -0.000825617 -0.00141548 -0.00221983 -0.00249441 -0.004319 -0.00945783 -0.00282285 -0.00460265 -0.00339416 -0.00175497 -0.00277385 -0.00739669
internal_weight=17460 16561 618 536 377 15943 11876 11492 6750 4742 4477 265 336 189 128 4113 3666 1074 2592 1964 1392 447 279 83 1208 453 411 755 566 121
internal_count=17460 16561 618 536 377 15943 11876 11492 6750 4742 4477 265 336 189 128 4113 3666 1074 2592 1964 1392 447 279 83 1208 453 411 755 566 121
is_linear=0
shrinkage=0.05


Tree=48
num_leaves=31
num_cat=0
split_feature=4 0 16 16 7 16 1 12 10 5 9 10 10 13 8 8 0 10 1 12 3 10 10 0 10 9 7 0 2 8
split_gain=1.5503 0.910124 0.905524 1.73665 1.68285 1.16685 1.47835 1.27959 1.50392 1.63617 1.50401 1.78225 1.32327 1.37259 1.15527 1.75317 1.15214 1.30997 1.74314 2.1548 1.0125 0.818664 1.11141 1.43221 1.53463 0.79599 0.77458 0.859355 0.752306 1.72884
threshold=0.020220063955465332 0.076241112565659033 0.039700944004608114 0.034816767279311274 0.034189809350560825 0.014429580244154751 -0.01841574393048628 0.037776300760474342 0.006337694363773628 0.0098826186051673513 0.076160605177022625 0.00063379839939814453 0.009431747271499093 12.454999923706056 0.033549513104224389 0.0028407439185457188 -0.0088775405860900252 -0.0013159673486659027 -0.0046378700469755776 0.02287817606641707 0.00090060533539992893 0.018838465196602486 0.015605159278572868 0.0069806351929265773 0.017102322993862277 0.11150505101700416 -0.0012000030311624108 -0.0041165024336393677 -0.025233244764827353 0.021222449548457759
decision_type=2 2 2 2 2 2 2 2 2 2 8 2 2 2 10 10 2 2 2 2 2 2 2 2 2 10 2 2 2 10
left_child=2 21 3 5 -5 6 -1 8 9 -8 11 -11 13 25 15 -13 -12 28 -19 20 -20 22 -2 -24 -25 -9 27 -15 -18 -30
right_child=1 -3 -4 4 -6 -7 7 12 -10 10 16 14 -14 26 -16 -17 17 18 19 -21 -22 -23 23 24 -26 -27 -28 -29 29 -31
leaf_value=0.000121881993736596 3.8820910708452149e-06 -0.00038990088747573222 0.00031610300412672411 -0.00043288184185598361 0.00010650095927484914 0.00018155777850845686 5.0451235816131401e-05 2.0146728406693435e-05 0.00016403399399121438 5.7796025279399376e-05 -0.00026426993237136704 -9.1405223688681628e-05 -0.00050360784376656507 0.00032539852093848155 7.2248287697049672e-05 -0.0004921732085298538 0.00020931335961702987 7.0294908704563637e-05 -0.00078787611273134321 -5.6546546025267925e-05 -0.00028769131418999739 0.00028677590115812302 -0.00054320639554536465 -0.00055304524437830508 0.00023548875945964541 -0.00027344425885049791 0.00028566122292526992 -0.00037771918405278066 -0.00037640774810288231 5.6183564667363805e-05
leaf_weight=1044 11110 64 205 80 68 1269 744 74 483 421 113 84 49 52 42 60 48 49 40 59 40 255 59 72 70 41 585 62 40 153
leaf_count=1044 11110 64 205 80 68 1269 744 74 483 421 113 84 49 52 42 60 48 49 40 59 40 255 59 72 70 41 585 62 40 153
internal_value=0.000343599 8.59864e-06 0.00100339 0.000885965 -0.00445946 0.00102846 0.000633902 0.000106515 -0.000492424 -0.00112784 -0.0023107 -0.000601318 0.0017555 0.00223587 -0.00467742 -0.00680556 -0.00422509 -0.00304196 -0.00617021 -0.00902878 -0.014375 4.15011e-05 -2.16601e-05 -0.00370647 -0.000985915 -0.00282609 0.00306867 -0.000701754 -0.00060166 -0.00199482
internal_weight=17535 11630 5905 5700 148 5552 4283 3239 2376 1893 1149 607 863 814 186 144 542 429 188 139 80 11566 11311 201 142 115 699 114 241 193
internal_count=17535 11630 5905 5700 148 5552 4283 3239 2376 1893 1149 607 863 814 186 144 542 429 188 139 80 11566 11311 201 142 115 699 114 241 193
is_linear=0
shrinkage=0.05


Tree=49
num_leaves=31
num_cat=0
split_feature=4 16 16 12 10 1 10 10 9 0 15 15 12 6 10 16 10 16 12 6 4 12 5 8 0 14 12 15 15 2
split_gain=1.44904 0.956729 1.94857 1.4152 2.09634 1.42676 2.35812 2.02466 2.37257 1.94124 1.76919 3.81187 1.40148 1.36978 1.16149 1.09177 1.14786 1.72448 2.23427 1.46051 1.01221 0.943791 1.16545 1.04441 0.941894 0.864954 0.896688 0.852486 1.4792 0.933775
threshold=0.027471919560806825 0.016885941586350265 0.016696711224375774 0.035862383052092557 0.010510737947986739 -0.008125393747538066 0.006337694363773628 -0.00018001810557455308 -0.24172410948469222 1.0000000180025095e-35 -0.00033417398528517989 0.001636134825486635 -0.023938025174318197 -0.42544912740041907 -0.016935534775352808 0.032526017222414112 0.0065847868037403065 0.038508292493881331 0.036954830574428173 -0.0094425805414453754 0.019191051364653693 0.023603379375990999 0.010658552756110299 0.023994973826154235 0.0062344021568672145 -0.034719790282674072 0.0027925929369287954 0.0047768826436749299 0.0059007436203600836 0.03117349430243244
decision_type=2 2 2 2 2 2 2 2 10 2 2 2 2 2 2 2 2 2 2 2 2 2 2 10 2 2 2 2 2 2
left_child=1 2 3 5 27 -1 7 14 9 -9 -10 -12 -13 -11 -7 25 17 18 19 -17 -6 -16 -23 -24 -14 26 -3 -5 29 -29
right_child=-2 15 -4 4 20 6 -8 8 10 13 11 12 24 -15 21 16 -18 -19 -20 -21 -22 22 23 -25 -26 -27 -28 28 -30 -31
leaf_value=4.9758100152493023e-05 -1.876573206157071e-05 0.00046707178754432956 -0.00033112086606628722 0.00014550885727803925 -0.00096454360096297751 -0.00034748071508084485 0.00021136397332595497 -0.00073394858070362939 5.6529634531350695e-05 -0.00041580266476514435 -0.00098992720756869252 -0.00033766217180750271 -0.00028883838908042676 -1.0031908001361607e-05 3.5108251803071324e-05 0.00010248535398905217 0.00012640736743076719 0.00010557164441949113 -0.00055855597374393268 -0.00025396290680355807 -2.3950159205091953e-05 6.2215705462479815e-05 -0.00028743953176857401 -0.00012983800499106825 0.00013359883987289532 0.00020160803251674568 -4.5575697416359713e-05 -0.00037092882456800331 0.00017391601050871557 -1.8001275319656785e-05
leaf_weight=2906 5883 157 58 1592 44 81 693 47 368 45 67 49 170 59 1125 118 321 315 67 98 84 153 89 163 217 1462 470 67 451 89
leaf_count=2906 5883 157 58 1592 44 81 693 47 368 45 67 49 170 59 1125 118 321 315 67 98 84 153 89 163 217 1462 470 67 451 89
internal_value=0.000285013 0.000608602 0.000340606 0.0004025 0.00145466 9.62791e-06 -0.000697534 -0.00138055 -0.00312133 -0.00890728 -0.00211825 -0.00404573 -0.00233945 -0.00509615 -0.000276226 0.00137633 -5.98475e-05 -0.00135451 -0.00418728 -0.00171296 -0.00476562 3.26799e-05 -0.00203704 -0.00412698 -0.00133075 0.00200814 0.000454546 0.00181674 0.000222405 -0.00397436
internal_weight=17508 11625 8617 8559 2327 6232 3326 2633 1022 151 871 503 436 104 1611 3008 919 598 283 216 128 1530 405 252 387 2089 627 2199 607 156
internal_count=17508 11625 8617 8559 2327 6232 3326 2633 1022 151 871 503 436 104 1611 3008 919 598 283 216 128 1530 405 252 387 2089 627 2199 607 156
is_linear=0
shrinkage=0.05


Tree=50
num_leaves=31
num_cat=0
split_feature=4 1 3 15 15 9 13 6 13 13 13 5 7 7 1 1 11 13 1 9 14 11 3 6 0 2 11 11 11 14
split_gain=1.83865 1.01919 0.83868 1.15861 1.90162 2.2713 1.89091 0.967739 1.05252 2.28978 1.09794 0.842393 0.81036 1.38392 1.46132 1.76894 1.21532 0.805934 1.12023 0.800694 0.984042 0.795419 1.20316 0.755163 0.761826 0.676795 0.65727 1.19154 1.13178 0.742896
threshold=0.028497676299891962 -0.070913786188738989 -0.005092724630897493 0.0038755635154842376 0.0098885544183477964 0.044425417089740689 18.015000343322757 -0.61974287031180486 13.234999656677248 13.050000190734865 12.555000305175783 0.011280856780199791 -0.023797277223262799 -0.015077691619019449 0.0097814060916918705 -0.030265268737397374 0.0032511544819977538 29.835000038146976 -0.090152237223551632 -0.14792086790642231 -0.041613677684134036 -0.01071375386627965 -0.00041846350462798604 0.390387275676983 0.014065112103677892 0.010921472386416277 0.0035059532242039952 -0.017775510039936489 -0.017414661079240442 0.083812216488613714
decision_type=2 2 2 2 2 8 2 2 2 2 2 2 2 2 2 2 2 2 2 8 2 2 2 2 2 2 2 2 2 2
left_child=2 17 3 7 5 6 -5 -1 9 10 -9 -10 -3 14 15 -14 -17 18 -2 20 -15 22 -20 24 -22 -7 27 -4 -29 -30
right_child=1 12 26 4 -6 25 -8 8 11 -11 -12 -13 13 19 -16 16 -18 -19 21 -21 23 -23 -24 -25 -26 -27 -28 28 29 -31
leaf_value=0.00013816112694699367 2.6150793064386669e-05 4.7114582135330713e-05 0.00015434053513058811 -0.00020175331675023543 8.6785860003908504e-05 0.00023015172491143725 -0.0012375407634992418 -0.0004628239678829395 0.00014876836590133302 -0.00029754750988663682 0.00032006300371427735 -3.2541560748797133e-05 -5.5465924118015867e-05 0.00018442164436373602 7.3838193994998702e-05 -0.00015449051169400717 -0.00083284264265674724 -0.00069385950586550987 -0.00026124342372396312 5.8471710442194875e-06 -2.9152688914741793e-05 -0.0001423348552504576 -0.00070936469258538551 -0.0011806292402682147 -0.0005729990992648801 -0.0002962808314944396 8.9093227177422377e-05 -0.00055756840654570393 -3.5011380353760566e-06 0.00011295292113062768
leaf_weight=378 321 1599 1022 65 173 83 45 53 369 51 67 956 69 85 89 44 51 69 57 2431 143 134 42 56 40 92 5704 42 2911 316
leaf_count=378 321 1599 1022 65 173 83 45 53 369 51 67 956 69 85 89 44 51 69 57 2431 143 134 42 56 40 92 5704 42 2911 316
internal_value=0.0004605 -0.000325048 0.000793786 -6.00341e-05 -0.00231441 -0.00482456 -0.0104545 0.000490929 -8.02137e-05 -0.00377193 1.86265e-10 0.000396227 -6.8374e-05 -0.000551862 -0.00409091 -0.00689024 -0.0113158 -0.00222311 -0.00158845 -0.00022686 -0.00256173 -0.00422747 -0.00762626 -0.00420502 -0.00265027 -0.00128571 0.000992997 0.000525519 5.96515e-05 0.000165789
internal_weight=17557 5230 12327 2332 458 285 110 1874 1496 171 120 1325 4607 3008 253 164 95 623 554 2755 324 233 99 239 183 175 9995 4291 3269 3227
internal_count=17557 5230 12327 2332 458 285 110 1874 1496 171 120 1325 4607 3008 253 164 95 623 554 2755 324 233 99 239 183 175 9995 4291 3269 3227
is_linear=0
shrinkage=0.05


Tree=51
num_leaves=31
num_cat=0
split_feature=5 3 16 2 11 13 0 10 16 12 14 16 16 2 11 10 3 12 11 11 9 9 0 3 12 2 16 13 4 3
split_gain=1.01317 0.648555 0.976134 1.17244 0.972353 0.799028 0.636567 0.766027 1.13011 1.0296 0.944168 0.878126 1.57194 1.32493 0.948918 1.35443 1.05075 0.765306 0.758033 1.15508 1.00923 0.945606 0.632183 0.630015 2.14401 0.766006 0.706609 0.626226 0.848145 0.702938
threshold=0.014597205971886977 0.0065347709897026771 -0.018102822064406273 0.028774064989559037 -0.011576467999656779 12.00999975204468 -0.0032304124947365449 -0.0056282677308486786 0.021232906479484174 -0.071455509470426767 0.23397195059943568 0.0067772042319198542 0.0051507912954718025 0.017805031170953559 0.0035059532242039952 -0.0049765791871394507 -0.0052142934742172012 -0.0077540971574964193 0.009090553623087862 0.013034509173491029 0.030141136373352254 -0.14240760596831439 -0.0042706649605113159 0.00024667221389840238 -0.0031637225858343605 0.11930198013128358 0.023227832632687909 23.965000152587894 0.043427152365702749 -0.016073335631448357
decision_type=2 2 2 2 2 2 2 2 2 2 2 2 2 2 2 2 2 2 2 2 10 10 2 2 2 2 2 2 2 2
left_child=1 5 3 4 -3 -1 7 8 10 -9 -2 12 14 -14 15 -11 -16 -12 -18 20 -20 -21 27 25 -25 -13 -26 28 29 -17
right_child=6 2 -4 -5 -6 -7 -8 9 -10 11 17 23 13 -15 16 22 18 -19 19 21 -22 -23 -24 24 26 -27 -28 -29 -30 -31
leaf_value=-0.00023997017764273884 8.7178336604139945e-05 2.9749662049685438e-05 1.795177249155201e-05 -0.00043028432499261611 -0.00018186726342338854 5.5977016835556335e-05 2.1738660497523331e-05 -0.00051390008740051843 -0.00035315811312138233 -0.00062273959884907447 -0.00073071764075300705 0.00014560636400587717 -0.0011352592547161893 -0.00046569969646455614 0.00023326650238758475 -0.00024928874166291811 0.00022682183100820064 0.00032713521069135368 -0.00048248902268030887 -0.00043861308939574398 -9.1790724928050599e-05 0.00025962730443636811 -0.00034112623084644371 -0.00062439107515423989 0.00033389154530927626 -0.00031179772692332811 -0.00033106799089534976 0.00048257854357085456 -0.00097815660183792497 -1.7594649607053026e-05
leaf_weight=54 912 103 1042 40 48 8168 4551 44 78 48 56 543 44 43 219 50 97 42 78 40 58 110 43 45 152 85 115 60 59 452
leaf_count=54 912 103 1042 40 48 8168 4551 44 78 48 56 543 44 43 219 50 97 42 78 40 58 110 43 45 152 85 115 60 59 452
internal_value=0.000365868 0.000716552 -0.000352798 -0.00363874 -0.00162252 0.000876916 -4.73577e-05 -0.000557155 0.00054228 -0.0010587 0.000990099 -0.000916275 -0.00170949 -0.00821839 -0.00127854 -0.00251404 0.000182724 -0.00367347 -0.00139687 -0.00269231 -0.00602941 0.000333334 -0.00192771 0.000265958 -0.00157051 0.00117834 0.000131086 -0.00152174 -0.002041 -0.0013745
internal_weight=17479 9455 1233 191 151 8222 8024 3473 1088 2385 1010 2341 1401 87 1314 712 602 98 383 286 136 150 664 940 312 628 267 621 561 502
internal_count=17479 9455 1233 191 151 8222 8024 3473 1088 2385 1010 2341 1401 87 1314 712 602 98 383 286 136 150 664 940 312 628 267 621 561 502
is_linear=0
shrinkage=0.05


Tree=52
num_leaves=31
num_cat=0
split_feature=5 15 13 1 4 13 12 16 5 8 8 15 13 14 10 15 10 15 10 16 9 0 12 15 15 16 1 15 0 14
split_gain=1.25879 1.22328 1.04196 1.13621 1.01484 0.82418 0.771527 0.910671 0.817762 0.760712 1.41387 1.14853 1.15964 0.941727 0.859001 0.844327 3.47204 2.20909 1.65 1.1645 1.09164 1.04703 1.46668 1.30136 0.839852 0.832692 0.800347 0.791417 1.54894 1.10773
threshold=0.021823193441583805 0.022353193941034081 14.244999885559084 0.048285298134998385 0.014403072526174277 12.00999975204468 0.086474140948455194 -0.0065639287850297037 0.016012642195967541 -0.013389435484877197 0.020587383486742609 0.011888404014336997 13.934999942779543 0.17323568959812755 -0.020247544478179221 0.0079247945791099967 0.0039191669911444746 0.012793489642405233 -0.00045040499871334955 -0.022308180862252443 0.0030754354715276659 -0.026946855435877822 0.020883084862251548 -0.016290961764810648 0.016567198716940127 0.040993757182834052 0.028486192632262156 -0.0060793163699464628 -0.0069589345337993649 0.013234785210327617
decision_type=2 2 2 2 2 2 2 2 2 8 10 2 2 2 2 2 2 2 2 2 8 2 2 2 2 2 2 2 2 2
left_child=4 2 3 -2 -1 -6 9 8 -8 11 15 -7 -13 24 -15 21 17 18 -17 -18 26 22 23 -11 25 27 -21 -12 29 -29
right_child=1 -3 -4 -5 5 6 7 -9 -10 10 13 12 -14 14 -16 16 19 -19 -20 20 -22 -23 -24 -25 -26 -27 -28 28 -30 -31
leaf_value=0.00014119335542872436 -0.00013795064860124015 -0.0006602248625243376 -1.9445761977598732e-05 -0.00062153370988182299 -0.00025406718238453642 3.1139944415950935e-05 -0.000476524395639853 0.00019917621555849067 7.2262876684509825e-05 -0.0001304530366810889 0.00010440936687086329 -0.00016851752074636541 0.0002940625177817555 2.7066708756100157e-05 -0.00096647991051263232 -0.00022105307641573374 -0.00050526507115646036 -1.6828458086493829e-05 -0.00072888885943337204 -0.00026823241128901991 0.00022965756560716383 -4.8617997996076263e-06 2.8208228066712812e-05 -0.00067155552705572762 -6.4981845552561027e-05 0.00031701171039983311 0.00029314387820214419 -1.5754551965383629e-05 5.0812754944696967e-05 -0.00025241967839723681
leaf_weight=902 141 80 1844 52 63 4819 41 339 43 41 968 69 447 42 40 44 41 55 66 111 331 2467 51 43 304 178 43 385 3230 226
leaf_count=902 141 80 1844 52 63 4819 41 339 43 41 968 69 447 42 40 44 41 55 66 111 331 2467 51 43 304 178 43 385 3230 226
internal_value=0.000333029 -0.000810108 -0.000571919 -0.00406736 0.000490285 0.00038897 0.000413894 0.00251773 -0.00214286 0.000350332 6.11587e-05 0.000820056 0.00306202 0.000561139 -0.0047561 -0.000754631 -0.00230825 -0.00863636 -0.0127273 -0.000323194 0.000360825 -0.000342044 -0.00462963 -0.00869048 0.000643546 0.000799078 -0.00311688 0.000674777 0.000352773 -0.00195581
internal_weight=17506 2117 2037 193 15389 14487 14424 423 84 14001 8666 5335 516 5373 82 3293 691 165 110 526 485 2602 135 84 5291 4987 154 4809 3841 611
internal_count=17506 2117 2037 193 15389 14487 14424 423 84 14001 8666 5335 516 5373 82 3293 691 165 110 526 485 2602 135 84 5291 4987 154 4809 3841 611
is_linear=0
shrinkage=0.05


Tree=53
num_leaves=31
num_cat=0
split_feature=4 3 2 15 14 14 11 9 16 15 16 14 14 4 9 3 2 0 6 1 2 4 9 0 6 16 15 16 16 2
split_gain=1.79764 1.21052 1.1861 1.77877 0.871877 0.811231 2.00208 1.39599 1.15895 1.40662 1.09985 1.32396 0.93722 0.955723 0.803196 0.974025 1.01587 1.19048 0.768327 0.889742 0.767191 1.34155 0.791659 0.844832 1.091 0.759779 1.45572 1.12479 0.899915 0.748835
threshold=0.027471919560806825 -0.015387193558437316 1.0000000180025095e-35 -0.0031825272193820027 -0.12096344977185801 -0.048319541899194234 -0.023324981642921735 0.10256694098652332 -0.017962292553920286 0.0029685726097340441 -0.0074169233887484412 -0.056925165822572281 -0.037220785866969024 0.016469262709064746 -0.08654828692865417 0.00054397847353315776 0.034477325405985811 0.00090022255938204687 1.0079073120675133 0.010511724125873425 0.25012708393151001 0.039845677020278476 -0.2979671480738007 -0.030844516902855609 -0.040038971446376921 0.034816767279311274 0.017950132230212582 0.014253570129043493 0.035755999219400543 -0.011727616025724528
decision_type=2 2 2 2 2 2 2 8 2 2 2 2 2 2 10 2 2 2 2 2 2 2 8 2 2 2 2 2 2 2
left_child=1 2 -1 -4 -3 6 -6 18 -9 10 -10 -12 -7 14 15 -14 17 -17 -8 -20 22 -22 23 -2 -25 27 28 -15 -27 -11
right_child=20 4 3 -5 5 12 7 8 9 29 11 -13 13 25 -16 16 -18 -19 19 -21 21 -23 -24 24 -26 26 -28 -29 -30 -31
leaf_value=5.151630354328545e-05 0.00020179453276184821 0.00030244524038029193 -2.5152248432847217e-05 -0.0005098858559651531 -0.00045884432295258641 0.00023206028990888864 0.00016321696789984116 -0.0003444627989581823 0.00019099502266460767 -0.00020742329620219535 -0.00016777882757642757 -0.00057357088474144149 0.00010408329411112699 1.425986129975524e-05 0.0001372587076886993 -2.3611614944281445e-05 0.00023851446240568468 -0.00046656606273888843 0.00029266887598323657 -0.00050276984897112162 3.7828049664867763e-05 -0.0010489654166282603 -4.2940538399389522e-06 -0.00026751242676500438 -0.00054936242305709323 -0.00056764028961140019 -0.00026970411130834503 0.00013445943698191099 2.8130149263654991e-05 0.00018524910754904713
leaf_weight=181 41 287 92 62 55 742 819 101 76 138 76 79 230 4820 1346 42 42 42 71 54 54 58 5563 81 40 46 53 1499 374 346
leaf_count=181 41 287 92 62 55 742 819 101 76 138 76 79 230 4820 1346 42 42 42 71 54 54 58 5563 81 40 46 53 1499 374 346
internal_value=0.000439749 0.000797996 -0.00216418 -0.00538961 0.000885518 0.000814859 -0.000151515 0.000142046 -0.00137255 -0.000664335 -0.00387446 -0.00629032 0.00100476 0.000855898 0.00191539 -0.000196629 -0.00373016 -0.00690476 0.00145127 -0.0022 -0.000276683 -0.004375 -0.000196506 -0.00364198 -0.0057438 0.000590401 -0.00134249 0.000735085 -0.000357143 0.000867769
internal_weight=17510 11673 335 154 11338 11051 1815 1760 816 715 231 155 9236 8494 1702 356 126 84 944 125 5837 112 5725 162 121 6792 473 6319 420 484
internal_count=17510 11673 335 154 11338 11051 1815 1760 816 715 231 155 9236 8494 1702 356 126 84 944 125 5837 112 5725 162 121 6792 473 6319 420 484
is_linear=0
shrinkage=0.05


end of trees

feature_importances:
spy_ret_5d=149
vix_level=143
vix_chg_1d=137
sector_ret_5d=135
spy_ret_1d=122
spy_ret_20d=116
sector_ret_1d=111
atr_pct=99
dvol_z_20=94
dist_ma50=83
dist_ma200=82
overnight_gap=73
parkinson_20=73
ret_1d=64
ret_20d=57
ret_5d=49
dist_ma20=33

parameters:
[boosting: gbdt]
[objective: quantile]
[metric: quantile]
[tree_learner: serial]
[device_type: cpu]
[data_sample_strategy: bagging]
[data: ]
[valid: ]
[num_iterations: 120]
[learning_rate: 0.05]
[num_leaves: 31]
[num_threads: -1]
[seed: 0]
[deterministic: 0]
[force_col_wise: 1]
[force_row_wise: 0]
[histogram_pool_size: -1]
[max_depth: -1]
[min_data_in_leaf: 40]
[min_sum_hessian_in_leaf: 0.001]
[bagging_fraction: 0.85]
[pos_bagging_fraction: 1]
[neg_bagging_fraction: 1]
[bagging_freq: 1]
[bagging_seed: 3]
[bagging_by_query: 0]
[feature_fraction: 0.85]
[feature_fraction_bynode: 1]
[feature_fraction_seed: 2]
[extra_trees: 0]
[extra_seed: 6]
[early_stopping_round: 0]
[early_stopping_min_delta: 0]
[first_metric_only: 0]
[max_delta_step: 0]
[lambda_l1: 0]
[lambda_l2: 0]
[linear_lambda: 0]
[min_gain_to_split: 0]
[drop_rate: 0.1]
[max_drop: 50]
[skip_drop: 0.5]
[xgboost_dart_mode: 0]
[uniform_drop: 0]
[drop_seed: 4]
[top_rate: 0.2]
[other_rate: 0.1]
[min_data_per_group: 100]
[max_cat_threshold: 32]
[cat_l2: 10]
[cat_smooth: 10]
[max_cat_to_onehot: 4]
[top_k: 20]
[monotone_constraints: ]
[monotone_constraints_method: basic]
[monotone_penalty: 0]
[feature_contri: ]
[forcedsplits_filename: ]
[refit_decay_rate: 0.9]
[cegb_tradeoff: 1]
[cegb_penalty_split: 0]
[cegb_penalty_feature_lazy: ]
[cegb_penalty_feature_coupled: ]
[path_smooth: 0]
[interaction_constraints: ]
[verbosity: -1]
[saved_feature_importance_type: 0]
[use_quantized_grad: 0]
[num_grad_quant_bins: 4]
[quant_train_renew_leaf: 0]
[stochastic_rounding: 1]
[linear_tree: 0]
[max_bin: 255]
[max_bin_by_feature: ]
[min_data_in_bin: 3]
[bin_construct_sample_cnt: 200000]
[data_random_seed: 1]
[is_enable_sparse: 1]
[enable_bundle: 1]
[use_missing: 1]
[zero_as_missing: 0]
[feature_pre_filter: 1]
[pre_partition: 0]
[two_round: 0]
[header: 0]
[label_column: ]
[weight_column: ]
[group_column: ]
[ignore_column: ]
[categorical_feature: ]
[forcedbins_filename: ]
[precise_float_parser: 0]
[parser_config_file: ]
[objective_seed: 5]
[num_class: 1]
[is_unbalance: 0]
[scale_pos_weight: 1]
[sigmoid: 1]
[boost_from_average: 1]
[reg_sqrt: 0]
[alpha: 0.1]
[fair_c: 1]
[poisson_max_delta_step: 0.7]
[tweedie_variance_power: 1.5]
[lambdarank_truncation_level: 30]
[lambdarank_norm: 1]
[label_gain: ]
[lambdarank_position_bias_regularization: 0]
[eval_at: ]
[multi_error_top_k: 1]
[auc_mu_weights: ]
[num_machines: 1]
[local_listen_port: 12400]
[time_out: 120]
[machine_list_filename: ]
[machines: ]
[gpu_platform_id: -1]
[gpu_device_id: -1]
[gpu_device_id_list: ]
[gpu_use_dp: 0]
[num_gpu: 1]

end of parameters

pandas_categorical:[]
