tree
version=v4
num_class=1
num_tree_per_iteration=1
label_index=0
max_feature_idx=16
objective=quantile
feature_names=ret_1d ret_5d ret_20d overnight_gap atr_pct parkinson_20 dvol_z_20 dist_ma20 dist_ma50 dist_ma200 spy_ret_1d spy_ret_5d spy_ret_20d vix_level vix_chg_1d sector_ret_1d sector_ret_5d
feature_infos=[-0.28271675269080776:0.26213021284942695] [-0.28233084877680159:0.33928727333425268] [-0.35242628331990378:0.87801912338356725] [-0.19371045028637679:0.19478264407835155] [0.0038556680702697419:0.11596658316489772] [0.0027062876148480955:0.055294569008338464] [-2.7766312126191246:4.3477017920676753] [-0.2640482371651609:0.38707198734057635] [-0.33207789168834623:0.56173136600310802] [-0.3916540624019208:1.2092229220344333] [-0.058542971330535654:0.10501930183911301] [-0.11496151859245618:0.082843162776128354] [-0.1226559005192206:0.15756591020035837] [11.859999656677246:52.330001831054688] [-0.35753873962348437:0.74039073966007019] [-0.055625943886246643:0.039932904849798945] [-0.11091775398112247:0.072664397618361631]
tree_sizes=2836 2928 2946 2959 2948 2967 2964 2950 2977 2977 3008 2986 2957 2972 2985 2973 2994 2998 2981 3002 2968 2964 2991 3007 2972 2994 2974 3004 2990 3003 2980 3012 2981 3000 3003 3006 2993 3020 3024 2985 2991 2999 3013 3011 3004 2996

Tree=0
num_leaves=31
num_cat=0
split_feature=4 4 12 16 5 13 13 6 6 9 16 13 12 6 15 12 5 6 5 16 1 13 13 5 8 15 12 3 8 1
split_gain=181.113 19.8041 16.7704 13.5244 13.2335 10.7001 11.1499 6.21775 5.06358 4.73416 4.21112 4.09518 3.9753 3.47556 3.21809 3.20257 3.0044 2.92057 4.08065 2.58029 2.51143 2.40905 2.56041 2.67765 2.34817 2.18855 2.68823 2.70052 2.10439 2.50645
threshold=0.028793238425838186 0.020671746432703936 -0.087458748104097359 -0.027312110170243594 0.026277001383237963 22.429999351501468 25.319999694824222 -0.32665614742586774 -0.10266731279790516 0.31341626802553052 -0.050833204177313011 25.505000114440922 0.019574400022136732 1.1980282018688402 0.0026116026768243654 0.0098181061212317972 0.030832416357998889 0.16792904372088077 0.018025128416374603 0.042718570225696591 -0.031998277134591184 30.750000000000004 24.779999732971195 0.020627511735961963 0.13300962730772195 0.011360000371036573 0.021693998685899721 0.0048866185834490769 -0.088491540765633467 -0.049297430590742146
decision_type=2 2 2 2 2 2 2 2 2 8 2 2 2 2 2 2 2 2 2 2 2 2 2 2 10 2 2 2 10 2
left_child=1 13 -2 5 8 9 -7 11 20 15 -8 14 -9 -1 -6 -3 -14 -5 25 -15 -4 22 23 -22 -10 -19 27 -27 29 -11
right_child=2 3 4 17 7 6 10 12 24 28 -12 -13 16 19 -16 -17 -18 18 -20 -21 21 -23 -24 -25 -26 26 -28 -29 -30 -31
leaf_value=0.022316404922728371 0.026624020577127538 0.02345365982051708 0.023455931077609061 0.022492168856455795 0.023849184358096243 0.0238549912998939 0.023239190090617302 0.024632087394890777 0.023464801257507339 0.022818709270132499 0.022719916450434051 0.023911114961936587 0.023756441951710359 0.022473806935612961 0.022959954196401088 0.022722262582427221 0.024798536498879687 0.022580982988028409 0.02380646803671127 0.023264706545538714 0.022774470069754926 0.022792862442159213 0.022304685377604373 0.023320992746196055 0.023798748218123222 0.022928135343217824 0.022479907495345054 0.023196907131545607 0.02243014660525091 0.022423267921489076
leaf_weight=12515 45 84 159 2699 234 51 44 294 611 54 72 44 117 1822 157 101 82 1154 58 52 259 47 81 319 93 115 93 44 193 71
leaf_count=12515 45 84 159 2699 234 51 44 294 611 54 72 44 117 1822 157 101 82 1154 58 52 259 47 81 319 93 115 93 44 193 71
internal_value=0.0225415 0.0208828 0.0350841 0.023652 0.0345389 0.0302451 0.0412112 0.0392718 0.0317395 0.0266042 0.0326447 0.0349148 0.0431163 0.0199527 0.0332874 0.0329639 0.037659 0.0225909 0.0243891 0.0219608 0.029177 0.0278984 0.0271184 0.0282851 0.034888 0.0238529 0.0280744 0.0320239 0.0229044 0.0279585
internal_weight=21764 19222 2542 4833 2497 670 167 928 1569 503 116 435 493 14389 391 185 199 4163 1464 1874 865 706 659 578 704 1406 252 159 318 125
internal_count=21764 19222 2542 4833 2497 670 167 928 1569 503 116 435 493 14389 391 185 199 4163 1464 1874 865 706 659 578 704 1406 252 159 318 125
is_linear=0
shrinkage=1


Tree=1
num_leaves=31
num_cat=0
split_feature=4 4 11 11 7 5 16 5 4 0 4 13 5 1 9 16 9 11 13 0 16 10 13 11 14 11 10 0 14 11
split_gain=154.42 21.2027 19.0335 13.4238 8.13936 7.60777 5.27335 4.34844 3.48922 3.44545 2.91984 2.67357 2.62454 2.60319 2.3564 2.1779 2.15346 2.0965 3.11273 2.06188 2.2118 2.02669 2.71346 1.90195 4.47578 2.98311 1.96 1.65729 1.64171 1.6375
threshold=0.029161733751268019 0.020671746432703936 -0.035697741943328191 -0.022024026906729662 -0.023074593377719773 0.020627511735961963 -0.056841850599506243 0.030832416357998889 0.039360112658706245 0.040083280324939692 0.017049520161519834 17.369999885559086 0.014756299478691353 0.10371559203904269 0.018108214493059775 -0.022872100485012811 0.2037111104737164 -0.029337474403061222 18.904999732971195 -0.010172176005438903 -0.0011050526915458157 0.015605159278572868 16.98499965667725 0.010325604265528312 0.040951993391927573 -0.0088251851150741283 0.0069149532859110749 0.01437408655745376 -0.077913276979976895 -0.0086028412340181642
decision_type=2 2 2 2 2 2 2 2 2 2 2 2 2 2 8 2 10 2 2 2 2 2 2 2 2 2 2 2 2 2
left_child=1 10 4 8 -3 11 -4 13 14 15 21 19 -6 28 -2 23 -17 18 -12 20 -5 -1 -23 25 26 -8 -25 -21 -7 -18
right_child=3 2 6 5 12 7 9 -9 -10 -11 17 -13 -14 -15 -16 16 29 -19 -20 27 -22 22 -24 24 -26 -27 -28 -29 -30 -31
leaf_value=-0.00029052276708264153 0.0008091713440818815 0.0010788540791296143 0.00065296398508067079 0.001026311734401006 8.9503318753057979e-05 0.00031576927142372934 0.00022034244584671691 0.0015330269852009801 0.0022277614061595205 0.0010722924638908351 0.00028546671043997893 0.00013564258736674888 0.00029053233207337615 0.0014390855648237421 0.00084692980654343063 -4.1465484833798018e-05 -0.0001193379266574734 -0.00015227838090375853 -4.1018698682775137e-07 0.00027466368990144654 0.0002071677593458545 0.0005473848832911022 -0.00028086053324856804 -0.0002744325655430124 0.0011728951643426803 -0.00013945238631896776 0.00023058681912203687 0.0003210244743725858 0.0010344570752761912 0.00037833063447111862
leaf_weight=7497 72 82 79 53 82 135 276 348 161 57 47 250 65 77 67 3602 42 6456 237 162 54 55 58 50 44 293 50 66 992 223
leaf_count=7497 72 82 79 53 82 135 276 348 161 57 47 250 65 77 67 3602 42 6456 237 162 54 55 58 50 44 293 50 66 992 223
internal_value=-9.7093e-05 -0.00159497 0.00122851 0.0117624 0.0153057 0.010372 0.000544952 0.0122036 0.0216667 0.000326719 -0.00256795 0.00551282 0.0082653 0.0107807 0.0158633 0.000174671 -0.00029351 -0.00181009 0.00239437 0.00843283 0.0141589 -0.00323916 0.00340708 0.00271388 0.00784722 0.00141476 0.002 0.00574561 0.010173 0.0040566
internal_weight=21732 19295 4945 2437 229 2137 4716 1552 300 4637 14350 585 147 1204 139 4580 3867 6740 284 335 107 7610 113 713 144 569 100 228 1127 265
internal_count=21732 19295 4945 2437 229 2137 4716 1552 300 4637 14350 585 147 1204 139 4580 3867 6740 284 335 107 7610 113 713 144 569 100 228 1127 265
is_linear=0
shrinkage=0.05


Tree=2
num_leaves=31
num_cat=0
split_feature=4 4 11 5 11 16 11 16 6 6 4 6 3 13 5 11 2 0 16 9 11 11 1 4 12 12 11 1 3 9
split_gain=137.57 17.1554 15.0585 12.5452 6.42518 6.24472 5.61725 5.46642 5.20428 4.28337 3.62626 3.77347 3.56455 3.04159 2.8049 2.72843 2.60517 2.51312 2.45216 2.34377 2.81171 2.23923 3.56161 2.06175 2.03837 2.77038 1.99307 1.7993 1.7561 1.75136
threshold=0.029161733751268019 0.021410183236924073 -0.035697741943328191 0.026277001383237963 -0.017414661079240442 -0.017975416885007863 -0.035697741943328191 -0.056841850599506243 0.34796205611676873 1.9386760904740099 0.016444405581612618 0.30886124546045951 -0.00042904372786040085 22.625000000000004 0.036430939688596425 0.045591167028525621 0.12745694766877227 0.040083280324939692 0.007214071527596567 0.026669538586704736 -0.0099347791487244246 -0.030384470516343128 -0.024359528395930415 0.025082533572562769 -0.040334954813934058 -0.017557998492747081 0.0019507060207528684 -0.052614900302305749 -0.0010969675423328493 0.22323363566193646
decision_type=2 2 2 2 2 2 2 2 2 2 2 2 2 2 2 2 2 2 2 10 2 2 2 2 2 2 2 2 2 10
left_child=1 10 5 6 24 28 -2 -4 14 13 -1 21 -10 19 26 16 29 27 -14 -8 -21 22 -12 -7 -5 -26 -6 -9 -3 -13
right_child=3 2 7 4 8 23 9 17 12 -11 11 15 18 -15 -16 -17 -18 -19 -20 20 -22 -23 -24 -25 25 -27 -28 -29 -30 -31
leaf_value=-0.0002804874319440272 0.00071321856484091953 0.0005967478827706488 0.00064136696122032164 0.0031916694424141533 0.0012013537816597448 1.7413565539730566e-05 0.00045036039072762443 0.00039940382863073824 0.0020250803980500698 0.0015057201361734667 0.00036635192984424024 -6.5886646996220311e-05 0.0020208054565184052 1.6863194446856482e-05 0.0014441609379182536 0.00035467260123881535 0.00047313723466289328 0.0010740413359443908 0.0015738126622752446 0.00093971919880174492 0.00076695389636485898 -0.00019325677299594172 -2.9257242855626313e-05 0.00035170646668786817 0.0012765540708686348 0.0023474821488300066 0.00079914164756445948 -1.680201581111274e-06 0.0010316510686239971 0.00036393821051196876
leaf_weight=6249 73 41 77 75 148 63 595 178 80 103 44 2735 40 188 104 58 41 57 64 83 491 5999 135 44 54 50 315 3479 41 41
leaf_count=6249 73 41 77 75 148 63 595 178 80 103 44 2735 40 188 104 58 41 57 64 83 491 5999 135 44 54 50 315 3479 41 41
internal_value=-0.000171305 -0.00159268 0.00133166 0.0109561 0.0155376 0.0151058 0.00817678 0.000644947 0.0135087 0.0075 -0.00235329 -0.0017138 0.0208152 0.00675387 0.0111376 -0.000217392 -0.000438411 0.000371566 0.0147115 0.00770316 0.00998258 -0.00241017 0.00310056 0.00714953 0.0240503 0.0195192 0.00947084 0.000209187 0.0254878 -0.0006232
internal_weight=21745 19282 3980 2463 930 189 1533 3791 751 1460 15302 9053 184 1357 567 2875 2817 3714 104 1169 574 6178 179 107 179 104 463 3657 82 2776
internal_count=21745 19282 3980 2463 930 189 1533 3791 751 1460 15302 9053 184 1357 567 2875 2817 3714 104 1169 574 6178 179 107 179 104 463 3657 82 2776
is_linear=0
shrinkage=0.05


Tree=3
num_leaves=31
num_cat=0
split_feature=1 9 9 1 11 12 16 14 13 12 10 16 10 3 3 9 16 13 9 13 16 1 16 13 13 9 16 3 14 10
split_gain=37.9869 29.8971 17.704 12.1991 12.2265 10.6257 7.09159 6.93286 6.61967 6.46176 4.68947 6.34594 4.60721 4.38619 4.31381 4.28105 4.84765 3.34363 3.27431 2.76067 3.5158 2.73103 2.85622 3.1618 2.75275 3.73182 5.96095 2.634 2.54252 8.56435
threshold=-0.062709261167857674 0.3738872655626338 -0.089201411682515483 0.059786504737424979 -0.029337474403061222 -0.062212447341067838 -0.015235136499090749 0.11927434384443127 31.844999313354496 -0.0077540971574964193 -0.013932241848525038 0.042718570225696591 0.016350116268756935 -0.0033566547480478044 0.011211215779573959 0.096987657686140719 -0.014068435660723575 18.595000267028812 0.17879569564819323 14.340000152587892 -0.031559912843508058 -0.028099389770348145 -0.0076601854594831034 14.904999732971193 19.814999580383304 0.12273018834761053 -0.0343605175402441 0.0061005347771598837 -0.025685626403374347 -0.0014592383155322961
decision_type=2 10 8 2 2 2 2 2 2 2 2 2 2 2 2 10 2 2 10 2 2 2 2 2 2 8 2 2 2 2
left_child=5 2 12 4 6 -1 7 9 -8 13 11 27 19 -4 18 17 -17 -7 21 -2 -21 22 24 -24 -12 -26 -27 -6 -19 -30
right_child=1 -3 3 -5 10 15 8 -9 -10 -11 14 -13 -14 -15 -16 16 -18 28 -20 20 -22 -23 23 -25 25 26 -28 -29 29 -31
leaf_value=0.0032195589982048239 3.0057396501570787e-05 0.0013300744627696313 0.00025965998173368667 0.00062367346645578821 -3.1200700420304851e-05 0.00017381027671491375 -6.9385171406511557e-05 -3.5303258966248765e-05 0.00034706165890988251 0.0002504188223821097 -0.00016818262919788058 0.00068655977270625336 0.0019338067177330897 0.0009774037763611936 0.00026821301616440299 0.0020508913621818982 0.0011138171312148318 0.00050243732853447534 9.4951892624060204e-05 0.0016868311880684041 0.00058440387335037688 -0.00019328697480586068 0.00080555795169821572 0.00012717760997408426 -0.00010398668288073125 0.00058483300914094103 -0.00017814327309600503 0.00029775387204920091 0.00070677539164185413 0.00090705826404060728
leaf_weight=65 247 372 53 553 601 240 397 95 62 76 1292 52 40 92 423 52 64 54 949 40 590 14545 62 208 156 62 63 106 89 43
leaf_count=65 247 372 53 553 601 240 397 95 62 76 1292 52 40 92 423 52 64 54 949 40 590 14545 62 208 156 62 63 106 89 43
internal_value=-0.000281241 -0.00063541 -0.000887114 -0.00120094 -0.0014108 0.0120511 0.00474193 0.0105063 0.000773419 0.015362 -0.00166829 0.0021805 0.00590512 0.0215517 -0.00183277 0.00976015 0.0182759 0.00744131 -0.00195449 0.00514823 0.00690476 -0.00211984 -0.000306567 0.00444444 -0.00112206 0.00336299 0.0098 0.000940593 0.0124731 0.0162121
internal_weight=21743 21136 20764 19847 19294 607 775 316 459 221 18519 759 917 145 17760 542 116 426 17337 877 630 16388 1843 270 1573 281 125 707 186 132
internal_count=21743 21136 20764 19847 19294 607 775 316 459 221 18519 759 917 145 17760 542 116 426 17337 877 630 16388 1843 270 1573 281 125 707 186 132
is_linear=0
shrinkage=0.05


Tree=4
num_leaves=31
num_cat=0
split_feature=4 4 5 16 13 13 13 6 13 6 15 14 7 1 13 9 6 15 1 1 13 14 14 16 4 4 14 8 8 0
split_gain=111.319 13.7922 7.70567 7.28932 7.11792 13.3526 5.12673 4.93286 4.19368 3.51195 3.25221 3.83825 6.44601 3.06506 3.01079 2.66683 2.59857 2.51117 3.96162 2.68376 2.49853 8.32911 2.4846 2.37305 2.36169 2.14823 2.45797 2.12159 2.05471 1.92298
threshold=0.028793238425838186 0.020795181085195527 0.026277001383237963 -0.026262441026317414 22.429999351501468 25.319999694824222 31.844999313354496 0.67466020599694676 22.625000000000004 1.9386760904740099 0.007644547309096473 0.13518549268873961 0.034550461266272488 -0.0064654940229124094 18.444999694824222 0.10841585725057491 -0.093402689371610295 0.0078008439636302338 0.0049199608445978935 -0.030674463505877821 12.119999885559084 -0.034719790282674072 -0.0059106162699663059 0.027288536052044624 0.016444405581612618 0.061680043029013705 -0.03533310709284803 -0.014025784020789798 0.16319854086539556 -0.0064312550712500296
decision_type=2 2 2 2 2 2 2 2 2 2 2 2 2 2 2 10 2 2 2 2 2 2 2 2 2 2 2 10 10 2
left_child=1 10 6 4 15 -6 8 14 9 22 20 17 -13 -10 23 29 27 18 -12 -19 21 -1 28 25 -22 26 -4 -16 -2 -3
right_child=2 3 7 -5 5 -7 -8 -9 13 -11 11 12 -14 -15 16 -17 -18 19 -20 -21 24 -23 -24 -25 -26 -27 -28 -29 -30 -31
leaf_value=0.0010962825658618273 0.00035947744175572458 0.00028516009966024546 -6.2319512515171495e-05 -8.5094134227003853e-06 0.0010764097327770224 0.00020347968311330489 0.00054746688330006149 0.0019543921261215829 0.00034783502554821259 0.0012806778231367237 -0.00017164616156602742 -0.000596476855550061 0.00067781506290853571 -0.00028842075699349345 0.0014939436396879233 0.00049868138874328914 0.0019104066494188517 0.0003464847088702844 0.00038122455396880556 -0.00013120600393457058 -0.00030863489971568879 -0.00044124795117809291 0.00078655313114322535 0.0011362891760767694 -0.00015817975116234372 0.00062462219315952529 0.00078939818976802927 0.0010587025408453344 0.0011327792769833828 -7.9815029726445745e-05
leaf_weight=42 530 274 82 3949 46 121 87 188 58 90 56 56 59 144 152 40 107 68 44 2600 4916 82 632 51 6472 51 241 89 56 206
leaf_count=42 530 274 82 3949 46 121 87 188 58 90 56 56 59 144 152 40 107 68 44 2600 4916 82 632 51 6472 51 241 89 56 206
internal_value=-0.000328641 -0.00164495 0.00946442 0.000726919 0.00548035 0.0144611 0.00733563 0.0130021 0.00665563 0.00769113 -0.00240882 -0.000907042 0.00804348 -4.95061e-05 0.0112354 0.00259615 0.0146839 -0.0012789 0.0065 -0.00157047 -0.00278492 0.00427419 0.00698686 0.00841176 -0.00286179 0.00703208 0.00552631 0.011805 0.00464164 0.0015625
internal_weight=21589 19031 2558 4636 687 167 1597 961 1510 1308 14395 2883 115 202 773 520 348 2768 100 2668 11512 124 1218 425 11388 374 323 241 586 480
internal_count=21589 19031 2558 4636 687 167 1597 961 1510 1308 14395 2883 115 202 773 520 348 2768 100 2668 11512 124 1218 425 11388 374 323 241 586 480
is_linear=0
shrinkage=0.05


Tree=5
num_leaves=31
num_cat=0
split_feature=4 5 5 10 11 11 11 10 1 6 6 15 15 1 3 11 9 11 15 10 15 15 11 11 15 15 4 9 15 11
split_gain=93.4112 14.4821 9.29479 7.31618 7.09685 6.15509 4.80862 10.5761 4.55309 4.48627 3.67736 3.25969 2.97657 2.80921 2.49575 2.48599 2.30695 2.19277 2.18895 3.30398 6.33626 5.35757 3.78261 8.89231 2.92532 7.99854 2.18176 2.10356 2.05114 2.02237
threshold=0.026495881325856393 0.02553461740481083 0.011738870962773233 -0.013932241848525038 -0.035697741943328191 -0.033420125215974254 -0.040606283895635913 -0.023232598164511228 -0.050756692873608671 0.0087053962446228417 1.0103124525413496 0.0057061967492541008 -0.0041546928936559415 -0.0070342909777948983 0.023855501947553818 -0.018660876046821092 -0.074695316091241346 -0.030384470516343128 0.0073571541918037173 -0.0063941305791072591 0.013328073335791115 0.014979347274697631 0.016138382759851803 0.018027346802980907 0.010327358341857164 0.0094183404160604906 0.03567069376004247 0.60617567406127515 -0.0057225054653884935 0.016901262896916184
decision_type=2 2 2 2 2 2 2 2 2 2 2 2 2 2 2 2 8 2 2 2 2 2 2 2 2 2 2 10 2 2
left_child=2 4 17 6 13 -3 7 -4 12 26 14 -8 -5 -2 27 -13 -10 -1 -19 20 -20 -22 -21 -24 25 -25 -6 -7 -12 -28
right_child=1 5 3 8 9 10 11 -9 16 -11 28 15 -14 -15 -16 -17 -18 18 19 22 21 -23 23 24 -26 -27 29 -29 -30 -31
leaf_value=5.6206454592630625e-05 0.0013720139710493625 0.0028432912400765177 -3.3485330050107418e-05 0.00049107037329591764 0.00012069014216544935 0.00094105035304422192 2.6342946841521081e-05 0.0010396835685903924 0.00016645336002935537 0.00060728151645768726 0.0018705653569794463 8.8677196791198197e-05 -5.5842902113444917e-05 0.00022414887329605707 0.0016403184160806218 0.00070079709127574897 -0.00010346151885031423 -0.0002333564772579689 -0.00012680606029454107 -0.0002620662047476337 0.00063837366817097647 0.00044399428429969389 0.0004669728851324109 -0.00013087981321246756 -0.00020619180639297105 0.00081145749436782079 0.00081069246909729184 0.0017356679167879639 0.0014813778521836922 -9.9746643461310659e-05
leaf_weight=283 58 49 46 135 994 689 285 44 523 811 48 50 93 50 45 41 5741 8929 133 1562 42 65 65 112 356 52 231 84 99 60
leaf_count=283 58 49 46 135 994 689 285 44 523 811 48 50 93 50 45 41 5741 8929 133 1562 42 65 65 112 356 52 231 84 99 60
internal_value=-0.000402986 0.00746115 -0.00176672 -0.000321933 0.00518602 0.0124063 0.00572961 0.0161111 -0.000756317 0.00454198 0.0115285 0.00324468 0.00618421 0.0176852 0.01022 0.0114835 -0.00100894 -0.00263342 -0.00274214 -0.00139715 0.00416667 0.0132243 -0.0020191 0.00141026 -0.000769232 0.0047561 0.00270428 0.00955369 0.0188095 0.00651203
internal_weight=21775 3218 18557 6958 2204 1014 466 90 6492 2096 965 376 228 108 818 91 6264 11599 11316 2387 240 107 2147 585 520 164 1285 773 147 291
internal_count=21775 3218 18557 6958 2204 1014 466 90 6492 2096 965 376 228 108 818 91 6264 11599 11316 2387 240 107 2147 585 520 164 1285 773 147 291
is_linear=0
shrinkage=0.05


Tree=6
num_leaves=31
num_cat=0
split_feature=4 4 11 11 6 8 2 6 10 4 10 14 15 15 10 13 10 16 16 12 15 12 13 14 13 15 4 13 11 9
split_gain=82.8023 13.6787 9.52313 8.77203 5.28692 5.22714 4.15197 3.79136 3.58519 3.47907 2.91778 4.56847 2.75587 5.12946 4.62555 5.80038 2.97166 2.34419 7.43581 5.28002 2.3429 3.1362 2.33599 7.58692 2.315 2.1897 2.06562 2.20794 2.03218 2.4619
threshold=0.030343813353050576 0.020317090754314041 -0.035697741943328191 -0.040606283895635913 1.0345010554345317 -0.088491540765633467 0.012266853643378319 0.20326084618818427 -0.0018259871478111254 0.038311818025740282 0.017102322993862277 -0.042370343814534299 0.0076769658406762318 0.0078008439636302338 0.015605159278572868 16.98499965667725 -0.01378806518059311 -0.0056874443789798326 -0.0095797735246460607 0.041180756713136597 -0.011165651679067799 0.086474140948455194 12.119999885559084 -0.034719790282674072 24.779999732971195 -0.0068212802896289162 0.026495881325856393 17.744999885559086 -0.022672211523631577 0.60617567406127515
decision_type=2 2 2 2 2 10 2 2 2 2 2 2 2 2 2 2 2 2 2 2 2 2 2 2 2 2 2 2 2 10
left_child=1 12 5 6 9 -2 8 -5 -3 24 11 -11 20 -14 16 -16 -15 18 -18 -20 21 -1 23 -22 25 -4 -9 -28 -13 -30
right_child=2 3 4 7 -6 -7 -8 26 -10 10 -12 28 13 14 15 -17 17 -19 19 -21 22 -23 -24 -25 -26 -27 27 -29 29 -31
leaf_value=-0.00010077895816146658 0.0035669730357902052 0.0010897985987145884 0.00065967003306818144 -3.9865693390218871e-05 0.0015910510264030668 0.00046137138019257737 2.7861536198162222e-05 8.0439593229870236e-05 0.00025375636657727158 0.00033102327127250848 0.0015811594831705606 0.0013979813433506291 0.00037195902064137787 0.00037498416141868124 0.00051578558922870039 -3.2008771296344998e-05 -0.00021539030104803368 -0.00019697566739746244 2.1474439901935474e-05 0.00059167845662889094 0.0010474181456988565 0.00053290691975951463 -0.00022003051103401141 -0.00034730293584461715 -0.00013475723192686641 0.00034796687993946874 0.00056004073336958363 0.00014971460100860818 0.00095288306397686836 0.0017521825971046176
leaf_weight=1495 57 60 142 3618 324 49 62 1613 48 233 46 53 46 83 52 73 261 2089 42 50 42 43 9463 92 88 536 148 134 643 63
leaf_count=1495 57 60 142 3618 324 49 62 1613 48 233 46 53 46 83 52 73 261 2089 42 50 42 43 9463 92 88 536 148 134 643 63
internal_value=-0.00044326 -0.00148714 0.00867502 0.000578039 0.00794643 0.0233019 0.0117647 0.000233084 0.0176852 0.00689024 0.00877649 0.00820564 -0.0023357 -0.000901337 -0.00118868 0.0082 -0.00165347 -0.0019697 0.00179887 0.0140217 -0.00268298 -0.000871263 -0.00297333 0.00358209 0.0043342 0.00532448 0.00204485 0.00599291 0.0100856 0.00937677
internal_weight=21748 19514 2234 5683 2128 106 170 5513 108 1804 1038 992 13831 2696 2650 125 2525 2442 353 92 11135 1538 9597 134 766 678 1895 282 759 706
internal_count=21748 19514 2234 5683 2128 106 170 5513 108 1804 1038 992 13831 2696 2650 125 2525 2442 353 92 11135 1538 9597 134 766 678 1895 282 759 706
is_linear=0
shrinkage=0.05


Tree=7
num_leaves=31
num_cat=0
split_feature=4 5 1 10 15 5 12 11 2 11 11 9 5 9 14 8 15 0 11 11 1 0 11 15 15 12 15 7 10 15
split_gain=67.8745 10.6737 4.6312 4.52898 9.84603 4.27129 2.9369 2.62056 2.76673 2.61207 2.55413 2.41538 2.36397 2.34018 2.27604 2.18835 2.15764 2.05278 1.96804 5.9425 5.33434 1.96189 1.959 1.94513 1.96593 2.74251 1.81114 1.88718 1.80019 4.28497
threshold=0.029529435165627869 0.01331485885432316 -0.050756692873608671 -0.013932241848525038 0.014747362030786084 0.030832416357998889 -0.050232690438178178 -0.0071962553700703471 -0.070054394384089433 -0.022672211523631577 -0.043674023036412872 -0.069601037513978767 0.024436223046075494 0.28842423421948654 -0.022227674526148929 -0.13528540935238006 -0.0095695550316255967 -0.014337634442537548 0.045591167028525621 0.048369851131751858 0.00064072942196724558 0.036377058283808779 0.034061336593809395 0.0044812474944990752 -0.0052069021618091895 0.044382759046859517 -0.0062902852752702567 0.069531261413323456 0.015605159278572868 0.012743190766186354
decision_type=2 2 2 2 2 2 2 2 2 2 2 8 2 10 2 10 2 2 2 2 2 2 2 2 2 2 2 2 2 2
left_child=1 3 7 4 10 9 -7 8 -3 12 -1 -5 17 -8 15 -11 -10 -2 28 20 -20 -4 23 24 25 -16 -15 -28 -13 -30
right_child=5 2 21 11 -6 6 13 -9 16 14 -12 18 -14 26 22 -17 -18 -19 19 -21 -22 -23 -24 -25 -26 -27 27 -29 29 -31
leaf_value=0.00070236862256634666 0.00091077879299487408 0.00049198859778580605 2.0873895220203596e-05 6.6968420795027837e-05 0.00067686131213160567 0.0022167372061464236 0.00071474416400268514 0.00021758276073495904 0.00066385529037702275 0.00073614525281641928 -2.2734479197964634e-05 -0.00018494841839922701 0.0013880538027097424 0.0017307342768478904 0.00067932172222618596 0.00024374058358335113 0.00036582558575014355 0.00027899076674883864 0.00052423731158471353 -0.00058992612766308448 0.0001094666744187883 0.00090119420495679494 -0.00010904158945495218 0.0011013062514030959 0.00035214683015337504 0.001480781517015895 0.00048947428261022358 0.0015963060589701643 -0.00022685214277729104 0.00038873157443654002
leaf_weight=49 57 42 3921 375 41 63 185 82 40 51 677 13499 70 40 246 648 43 78 41 113 45 80 52 292 396 55 78 60 248 108
leaf_count=49 57 42 3921 375 41 63 185 82 40 51 677 13499 70 40 246 648 43 78 41 113 45 80 52 292 396 55 78 60 248 108
internal_value=-0.000501723 -0.00147753 0.000750949 -0.00209463 0.00164928 0.00748418 0.0120188 0.00804348 0.0126 0.006491 0.000303029 -0.00229365 0.0118293 0.0102893 0.00586207 0.00365522 0.0178916 0.00796296 -0.00239932 0.00253769 0.0124419 0.000373655 0.0073439 0.00784125 0.00640602 0.00945183 0.014382 0.0116667 -0.00247023 0.00103932
internal_weight=21775 19404 4208 15196 767 2371 426 207 125 1945 726 14429 205 363 1740 699 83 135 14054 199 86 4001 1041 989 697 301 178 138 13855 356
internal_count=21775 19404 4208 15196 767 2371 426 207 125 1945 726 14429 205 363 1740 699 83 135 14054 199 86 4001 1041 989 697 301 178 138 13855 356
is_linear=0
shrinkage=0.05


Tree=8
num_leaves=31
num_cat=0
split_feature=4 4 4 11 10 10 3 6 1 13 9 0 10 15 15 13 11 12 12 15 4 6 15 15 9 9 14 15 12 15
split_gain=57.0247 9.80063 7.6507 6.46293 5.47449 4.66992 4.14738 3.8893 2.6392 3.86964 2.50616 2.49653 2.43625 8.80403 2.36813 2.27351 2.71363 2.26316 3.22831 2.22104 2.19577 1.98326 1.95777 1.9383 1.9367 1.85733 1.75002 1.7468 1.66277 4.1226
threshold=0.026495881325856393 0.039360112658706245 0.019587721418031532 -0.018660876046821092 -0.013932241848525038 -0.015213589282174643 0.031928120825406199 0.46650999546504163 -0.050756692873608671 18.394999504089359 0.60617567406127515 -0.0077376724159302071 0.015605159278572868 0.012743190766186354 -0.0034801773802964893 15.234999656677248 -0.029337474403061222 -0.052281358654850445 -0.017557998492747081 0.0022009651103370724 0.016444405581612618 0.63574300113112814 0.0050559379252853595 -0.0086454613937120266 -0.074695316091241346 0.15501242676108887 -0.013287751267225366 -0.015310751055708614 0.088559011453246086 -1.0000000180025095e-35
decision_type=2 2 2 2 2 2 2 2 2 2 10 2 2 2 2 2 2 2 2 2 2 2 2 2 8 10 2 2 2 2
left_child=2 7 12 17 5 11 10 14 9 -6 19 -4 20 -14 27 22 -17 -3 -19 -5 -1 28 -9 -11 -10 -16 -27 -2 -22 -30
right_child=1 3 4 6 8 -7 -8 15 24 23 -12 -13 13 -15 25 16 -18 18 -20 -21 21 -23 -24 -25 -26 26 -28 -29 29 -31
leaf_value=-0.0002307810531810835 -1.2663535592853294e-05 0.0023470164872688533 -4.3260199761173798e-05 0.00089374130521163221 6.353330538137926e-06 0.00087139737897577057 0.0015924636724951977 0.00055469018850530397 0.00014338240465513511 0.0004261386782296768 0.0011455573482550122 0.00059441716189135674 -0.00018281269232846617 0.00046844336779466427 -1.3592537150029845e-05 0.00042694207282634059 0.00044492729337679353 0.00053208472413881233 0.0016674339339984433 0.00041575741487178005 -0.00015529826337110184 -1.4793645557519691e-05 0.0017124205332149972 0.00033281512153730521 -7.890915744778006e-05 5.2557750988392545e-05 0.00077731512811362636 0.00059663260735434102 0.00037848480923928003 -0.00034798216583286485
leaf_weight=6190 113 78 197 490 178 73 41 96 509 49 98 147 192 67 790 40 338 78 57 373 4605 1444 46 41 4714 132 143 336 56 104
leaf_count=6190 113 78 197 490 178 73 41 96 509 49 98 147 192 67 790 40 338 78 57 373 4605 1444 46 41 4714 132 143 336 56 104
internal_value=-0.000507679 0.00560326 -0.00157708 0.00915638 -9.14027e-05 0.00543165 0.00747505 0.00348082 -0.000510837 0.00432836 0.00681061 0.00299418 -0.0022705 0.00252896 0.00219947 0.00721154 0.00518518 0.0170657 0.0131481 0.00595017 -0.00237076 -0.0017064 0.0126056 0.0127778 -0.000759143 0.000915492 0.00445454 0.00524499 -0.00219832 0.0028125
internal_weight=21815 3249 18566 1215 5908 417 1002 2034 5491 268 961 344 12658 259 1514 520 378 213 135 863 12399 6209 142 90 5223 1065 275 449 4765 160
internal_count=21815 3249 18566 1215 5908 417 1002 2034 5491 268 961 344 12658 259 1514 520 378 213 135 863 12399 6209 142 90 5223 1065 275 449 4765 160
is_linear=0
shrinkage=0.05


Tree=9
num_leaves=31
num_cat=0
split_feature=5 4 11 6 12 6 4 11 11 12 11 7 16 4 12 15 14 12 13 12 13 10 12 6 14 11 16 13 5 15
split_gain=51.4192 12.5509 6.95958 4.2125 3.43027 3.15493 2.69263 2.49021 2.91593 2.49108 2.48797 2.25681 2.08417 1.95735 1.79556 5.1503 7.76455 11.0628 4.88754 4.04847 1.79049 1.73508 2.25067 1.71121 1.73866 1.6729 2.04128 1.63999 2.279 1.45976
threshold=0.020260078510702741 0.021477711057105501 -0.035697741943328191 0.20326084618818427 -0.052281358654850445 0.63574300113112814 0.047549378142575927 -0.017414661079240442 0.0021655694557776166 0.04047963103536379 -0.019621569956091153 -0.032801762498722846 -0.056841850599506243 0.018056105290672215 0.040667203232477307 0.0075265136346271974 0.005094684764536229 0.048426875368409401 12.119999885559084 0.044382759046859517 22.429999351501468 0.015605159278572868 1.0000000180025095e-35 0.0087053962446228417 0.020125848996620292 0.045591167028525621 0.048878511304304657 15.775000095367433 0.016950515376940391 -0.0060814269736944584
decision_type=2 2 2 2 2 2 2 2 2 2 2 2 2 2 2 2 2 2 2 2 2 2 2 2 2 2 2 2 2 2
left_child=1 5 4 6 11 13 20 -5 -9 29 -8 -3 -4 14 21 18 -17 19 -16 -18 -2 -1 -23 24 -14 26 -7 28 -25 -10
right_child=3 2 12 7 -6 25 10 8 9 -11 -12 -13 23 -15 15 16 17 -19 -20 -21 -22 22 -24 27 -26 -27 -28 -29 -30 -31
leaf_value=-0.00022905138089761076 0.00064661053814768184 0.00047317163460798182 0.00048961313899888181 0.0019310992739453019 0.00070753431765015618 -5.80174209093479e-05 0.0018239088533644006 0.00052518307609468625 0.0015498087912617345 0.00058225609040304265 0.00078621969926660729 8.9735869339369271e-05 -8.5619966203009617e-05 -0.00011464276455783607 0.00091442781076494909 -0.0002382790384936824 0.00031355287435585452 -0.00038197872463715914 -0.00024445057010771869 0.00077515567724301647 -2.4524565744654253e-05 0.0003382008627402579 -0.00029376806115783728 0.00021415138115923229 9.2091237892598344e-05 0.00031293717027868661 0.00054844574820808983 4.4909079481533097e-05 0.00058974806914072328 0.0014545416375603335
leaf_weight=5920 742 48 76 117 44 3338 71 178 45 87 339 124 1729 4196 52 158 56 58 1286 42 181 40 54 384 709 42 54 1180 110 186
leaf_count=5920 742 48 76 117 44 3338 71 178 45 87 339 124 1729 4196 52 158 56 58 1286 42 181 40 54 384 709 42 54 1180 110 186
internal_value=-0.000523424 -0.00128934 0.00106267 0.00723021 0.00981481 -0.00196653 0.00565266 0.0106607 0.0091129 0.0119811 0.00902439 0.00662791 0.000611269 -0.00235289 -0.00282807 -0.00136804 0.0043949 0.0123077 -0.00272048 0.022551 0.00415493 -0.00322913 0.00351064 0.000459629 -0.000385563 -0.000631917 -0.000754718 0.00169056 0.00410931 0.014697
internal_weight=21646 19700 4404 1946 216 15296 1333 613 496 318 410 172 4188 11862 7666 1652 314 156 1338 98 923 6014 94 4112 2438 3434 3392 1674 494 231
internal_count=21646 19700 4404 1946 216 15296 1333 613 496 318 410 172 4188 11862 7666 1652 314 156 1338 98 923 6014 94 4112 2438 3434 3392 1674 494 231
is_linear=0
shrinkage=0.05


Tree=10
num_leaves=31
num_cat=0
split_feature=4 4 16 4 11 12 6 1 12 10 16 10 6 9 6 12 7 10 11 16 11 11 9 6 10 11 1 3 14 4
split_gain=41.6842 6.88857 6.50684 6.92733 5.26682 6.60357 3.65486 2.60739 2.55278 2.08165 3.20431 2.8275 1.98996 1.9303 1.75662 1.70419 5.84881 1.63706 1.72585 1.68304 1.58839 4.02599 4.86433 1.5842 1.51632 8.21249 1.48524 1.36258 1.34414 1.31875
threshold=0.026495881325856393 0.019587721418031532 -0.056841850599506243 0.036533495685913672 -0.036898887484870739 -0.052281358654850445 0.34796205611676873 0.043181305660732978 -0.075828258528587975 0.015605159278572868 0.007214071527596567 0.018838465196602486 2.5485773681573365 0.60617567406127515 0.12104992804428981 0.088559011453246086 -0.016629910889571272 0.009431747271499093 -0.023324981642921735 -0.0055334185738218347 -0.012789082312227194 -0.013761586960897574 0.12818123418136099 0.63574300113112814 0.00038112321022931722 0.032599059043066377 -0.049297430590742146 -0.0032399794164883473 -0.14356568835631797 0.016705848098656547
decision_type=2 2 2 2 2 2 2 2 2 2 2 2 2 10 2 2 2 2 2 2 2 2 8 2 2 2 2 2 2 2
left_child=1 9 -2 6 5 -3 -4 -8 -5 15 -11 -12 13 17 24 20 -17 18 19 -10 21 -1 -23 28 25 26 -6 -18 -22 -25
right_child=2 4 3 8 14 -7 7 -9 12 10 11 -13 -14 -15 -16 16 27 -19 -20 -21 23 22 -24 29 -26 -27 -28 -29 -30 -31
leaf_value=-8.0646467653348487e-05 0.0015415758319836774 0.00010778283178928222 4.6438252709604942e-05 0.0021031284704388434 0.00034394189591652798 0.00099746601713806573 0.00027366342561589956 0.00085715325525018496 0.00084159467376126302 -0.00046331057074234659 0.00046863880189090373 -3.4691219117772948e-05 0.0015012032605146509 0.00093321462593869739 4.5322126767117546e-05 0.00044494133529111288 0.00051215436950827805 0.00017697663526322334 0.00074730599244759175 0.0017653424914311309 0.00021250014435566183 0.00038764147437987033 -0.00019485254092355172 -0.00017676628692291272 -0.0001437858689000419 0.0007842392563858578 -5.4879280534320567e-05 -0.00031523119765851642 -0.00021345112607421056 -4.0737833808106369e-06
leaf_weight=1733 54 140 1276 50 50 40 339 129 49 124 72 56 43 126 2249 42 43 179 960 47 56 70 57 1126 1990 40 1395 195 8080 958
leaf_count=1733 54 140 1276 50 50 40 339 129 49 124 72 56 43 126 2249 42 43 179 960 47 56 70 57 1126 1990 40 1395 195 8080 958
internal_value=-0.00058067 -0.00149762 0.00464022 0.00434959 -8.80771e-05 0.00833333 0.00222477 0.00600427 0.00689821 -0.00215747 0.00234127 0.00789062 0.00650285 0.00616826 -0.000352901 -0.00224919 0.00160714 0.0055668 0.00631629 0.0127083 -0.00233858 -0.000994625 0.00759842 -0.00258317 -0.00105756 0.000151514 -0.000467129 -0.00142857 -0.00289823 -0.00135317
internal_weight=21768 18516 3252 3198 5904 180 1744 468 1454 12612 252 128 1404 1361 5724 12360 280 1235 1056 96 12080 1860 127 10220 3475 1485 1445 238 8136 2084
internal_count=21768 18516 3252 3198 5904 180 1744 468 1454 12612 252 128 1404 1361 5724 12360 280 1235 1056 96 12080 1860 127 10220 3475 1485 1445 238 8136 2084
is_linear=0
shrinkage=0.05


Tree=11
num_leaves=31
num_cat=0
split_feature=4 16 4 4 10 12 6 10 8 1 6 8 9 6 9 10 15 10 15 11 11 12 12 10 7 11 12 15 12 12
split_gain=39.5103 7.59818 6.77336 6.2561 3.50181 3.40456 3.25024 3.06276 4.25221 2.75548 2.39147 2.84034 2.09429 2.04309 2.01655 2.01115 5.96572 1.87652 1.87628 2.68158 14.5066 4.05932 1.8025 1.77981 1.76241 1.4762 1.69819 1.44375 2.9305 6.38838
threshold=0.025876633507907976 -0.056841850599506243 0.042389194778971302 0.018567818174443456 -0.013932241848525038 -0.075828258528587975 0.49670549452458718 -0.01645938155843862 0.027686312908674852 -0.076785368317410493 0.37614730346938346 -0.013507588221446319 0.15278495361027181 1.1980282018688402 -0.074695316091241346 0.015605159278572868 0.012743190766186354 0.00048355916176134889 -0.011165651679067799 0.0070762794177224872 0.003813504719322514 0.053746423182394205 -0.028469935291830225 -0.0019060348460245289 0.024525107607985545 -0.018274722368059434 -0.027973012120020454 0.0073571541918037173 0.040667203232477307 0.048426875368409401
decision_type=2 2 2 2 2 2 2 2 8 2 2 8 10 2 8 2 2 2 2 2 2 2 2 2 2 2 2 2 2 2
left_child=3 -2 6 15 7 -4 12 -5 -9 -6 -7 -12 -3 14 -11 18 -17 24 19 20 21 25 -10 -13 -14 26 -1 -20 -29 -30
right_child=1 2 5 4 9 10 -8 8 22 13 11 23 17 -15 -16 16 -18 -19 27 -21 -22 -23 -24 -25 -26 -27 -28 28 29 -31
leaf_value=-0.0003511234580291978 0.0016418909875614838 5.2527754185353594e-05 0.0019081794050065225 2.0250427455469757e-05 0.0003077492024535967 0.0007470741338576355 0.00051180223453562075 3.7602732074178842e-05 0.00083537177456339054 0.00013140258601212365 0.0012414083628016096 0.00071817400426924546 0.0002640849289750419 0.0001069225452772969 -8.7831810519774418e-05 -0.00017795952606882299 0.00044769685829867804 0.00018728514119240025 -0.00019865127554561654 -0.00023764485982795576 0.00054500392042807356 0.00029773376893448542 0.00056798276160997406 0.0020433889644927029 0.00074707027762867164 -0.00017397338768025645 0.00012650289115561544 -0.00013135595483431423 0.00028026830832895489 -0.00022223686701244329
leaf_weight=67 56 1350 41 278 40 655 626 113 50 477 119 41 92 899 5561 138 51 288 7241 410 46 44 63 78 129 469 76 1767 215 276
leaf_count=67 56 1350 41 278 40 655 626 113 50 477 119 41 92 899 5561 138 51 288 7241 410 46 44 63 78 129 469 76 1767 215 276
internal_value=-0.000477111 0.00441007 0.00411085 -0.00140611 -0.000294748 0.0077409 0.00274648 0.00373016 0.0080531 -0.000585496 0.00709406 0.0113866 0.00169715 -0.00066095 -0.000992052 -0.00217593 0.00293651 0.00443025 -0.00226699 -0.000323742 0.00155271 -0.000350611 0.0149115 0.0168487 0.00789593 -0.00140523 0.00304196 -0.00249447 -0.00139061 0.00202648
internal_weight=21756 3475 3419 18281 7481 934 2485 504 226 6977 893 238 1859 6937 6038 10800 189 509 10611 1112 702 656 113 119 221 612 143 9499 2258 491
internal_count=21756 3475 3419 18281 7481 934 2485 504 226 6977 893 238 1859 6937 6038 10800 189 509 10611 1112 702 656 113 119 221 612 143 9499 2258 491
is_linear=0
shrinkage=0.05


Tree=12
num_leaves=31
num_cat=0
split_feature=4 5 11 8 6 6 5 5 15 5 6 6 11 11 3 1 15 16 11 13 2 13 13 13 16 8 0 11 4 16
split_gain=32.9928 8.53281 5.40705 5.22174 4.36333 3.39375 3.05208 2.32539 2.29571 2.3038 2.25652 2.24744 1.85921 4.4939 1.72239 1.67144 1.58958 2.0663 3.79095 1.74519 2.28996 2.27367 2.25615 1.51166 1.38923 1.30987 1.29151 1.19946 1.92842 1.84692
threshold=0.030849968993318194 0.011600902858166048 -0.036898887484870739 -0.082661703931271521 0.79840389513429522 1.0000000180025095e-35 0.020260078510702741 0.030832416357998889 -0.0058324915075694253 0.02705583328308549 -0.093402689371610295 0.5641263884831309 -0.0070947628288289813 -0.0076796209830086162 0.0091826780953838689 -0.043674132466791464 0.011360000371036573 -0.014235608094000761 0.02573480883905466 20.814999580383304 0.042268142670968019 18.94999980926514 25.960000038146976 16.550000190734867 0.010678744440777656 0.064783682093931497 -0.010408567196557637 0.02573480883905466 0.016628746179399325 0.011212259322318509
decision_type=2 2 2 10 2 2 2 2 2 2 2 2 2 2 2 2 2 2 2 2 2 2 2 2 2 8 2 2 2 2
left_child=1 11 3 -3 7 12 16 -2 9 -6 26 -1 13 -4 -10 -5 17 18 -7 20 -18 23 -21 -22 -17 -19 -9 -13 -29 -30
right_child=4 2 5 15 8 6 -8 10 14 -11 -12 27 -14 -15 -16 24 19 25 -20 22 21 -23 -24 -25 -26 -27 -28 28 29 -31
leaf_value=-0.0001682008516185814 0.00040277735597532842 0.00085870944633922766 -1.2117890961208661e-05 0.00023749522580048381 0.00084887325895589491 0.0001130450257195196 0.0012910604380313056 0.00046077740315274122 0.00063266195164092456 0.0020854139544306434 0.0014540234445701787 -9.9457763940035275e-05 -0.00013323958170817892 0.00058310822985948641 0.0013935567067396171 -0.00011850996221070077 -0.00010606963112954515 1.8158302290119583e-05 0.00065842615410997634 0.0006218947134815475 0.00026097394875183606 -0.00034424664337725553 4.2762116115334844e-05 0.0006683795568353005 0.00015281394371874875 -0.00016806632740877191 0.00029828350513440435 -0.00012258943949931462 0.00041858751083634376 -0.00011828795232492098
leaf_weight=8333 1370 54 1140 40 73 683 41 61 188 50 105 2516 3777 57 84 100 272 1400 62 51 86 48 47 42 57 525 165 104 80 50
leaf_count=8333 1370 54 1140 40 73 683 41 61 188 50 105 2516 3777 57 84 100 272 1400 62 51 86 48 47 42 57 525 165 104 80 50
internal_value=-0.000632705 -0.0012714 -7.7813e-05 0.00715139 0.0053292 -0.000298264 0.0009564 0.00422986 0.0100633 0.0157317 0.00799094 -0.00218488 -0.00111982 0.000597325 0.0075 0.00337563 0.000783581 0.000280898 0.00251678 0.00324176 0.00191964 0.00636364 0.00928571 0.00984375 0.00105095 -0.000584417 0.00517699 -0.000945456 0.00247863 0.00653846
internal_weight=21661 19565 8482 251 2096 8231 3257 1701 395 123 331 11083 4974 1197 272 197 3216 2670 745 546 448 176 98 128 157 1925 226 2750 234 130
internal_count=21661 19565 8482 251 2096 8231 3257 1701 395 123 331 11083 4974 1197 272 197 3216 2670 745 546 448 176 98 128 157 1925 226 2750 234 130
is_linear=0
shrinkage=0.05


Tree=13
num_leaves=31
num_cat=0
split_feature=4 5 6 16 13 13 5 4 6 15 14 16 14 16 13 14 14 12 12 15 13 14 13 16 16 4 4 16 8 16
split_gain=32.6667 6.04628 5.69397 4.23098 6.55298 10.802 3.05656 2.9879 2.98044 2.31735 7.02616 5.79809 2.93782 2.27151 1.87959 1.87953 1.76973 3.72288 3.6125 3.3328 5.94584 9.71429 1.9452 1.94479 4.04622 1.72543 1.66477 1.63424 2.05778 1.57041
threshold=0.026495881325856393 0.0115506005172982 0.34796205611676873 -0.021885612276832774 22.429999351501468 25.319999694824222 0.02991349533982313 0.034901765365730683 3.2053127014154263 0.0084273753240643474 -0.069744182185856193 0.02018081742361966 0.13518549268873961 0.011325358087776795 15.875000000000002 -0.015974596701323503 0.016553968951917967 0.092854768976221705 0.10731202878077185 0.0023471209603656011 18.974999427795414 0.063421642021299643 16.579999923706058 -0.0053028217124190804 -0.0080524124127051549 0.015045506773101848 0.02216304566454011 -0.026988089914629362 -0.052225102306989672 -0.014068435660723575
decision_type=2 2 2 2 2 2 2 2 2 2 2 2 2 2 2 2 2 2 2 2 2 2 2 2 2 2 2 2 8 2
left_child=1 25 7 4 -3 -6 8 15 -4 16 11 13 -12 -11 -9 -2 22 19 -19 -18 -21 -22 23 24 -5 -1 -7 28 -17 -8
right_child=2 3 6 9 5 26 29 14 -10 10 12 -13 -14 -15 -16 27 17 18 -20 20 21 -23 -24 -25 -26 -27 -28 -29 -30 -31
leaf_value=-0.00022241877020949183 -5.9493661716707282e-05 2.808038561493076e-05 0.00042104063690690983 -2.2889826718337662e-05 0.00082024038287755558 -5.8254235078957753e-05 0.0030589580282846286 0.00016048830528068867 0.0012696406367890454 0.00028798923246710258 -0.00011984312604513522 -3.4858356975220289e-05 0.00050269234857203571 0.00041091407448357547 0.00070861676976524592 0.00081098473315785219 -9.8615805126717158e-05 0.00068116194073416809 -3.8890117020723971e-05 -0.00023115654553369859 0.0007597479290240908 5.9283242449597198e-05 -0.00026858358015494804 -0.00012435512205636633 0.00059397016404361678 -0.00010784841944484058 0.00017262785144276001 0.00012911023261113978 0.00024362583485919677 0.0011576698492816125
leaf_weight=3232 526 950 732 226 72 78 40 352 50 46 1080 95 59 118 821 40 1235 40 40 197 42 102 1692 1264 66 7701 63 547 58 107
leaf_count=3232 526 950 732 226 72 78 40 352 50 46 1080 95 59 118 821 40 1235 40 40 197 42 102 1692 1264 66 7701 63 547 58 107
internal_value=-0.000482443 -0.00130123 0.00412007 -0.000204288 0.00256664 0.010493 0.00743272 0.00280717 0.00618926 -0.000715647 0.00108011 0.00851351 -0.000610186 0.0142073 0.00459079 0.00102049 -0.00122757 0.000102656 0.010625 -0.000431473 0.00394428 0.0116667 -0.00190579 -0.000629821 0.00304794 -0.00205022 0.00244681 0.00282946 0.00877551 0.0140476
internal_weight=21671 18398 3273 7465 1163 213 929 2344 782 6302 1398 259 1139 164 1173 1171 4904 1656 80 1576 341 144 3248 1556 292 10933 141 645 98 147
internal_count=21671 18398 3273 7465 1163 213 929 2344 782 6302 1398 259 1139 164 1173 1171 4904 1656 80 1576 341 144 3248 1556 292 10933 141 645 98 147
is_linear=0
shrinkage=0.05


Tree=14
num_leaves=31
num_cat=0
split_feature=5 4 16 13 13 6 12 11 14 12 12 11 13 11 3 16 14 14 12 11 14 13 12 13 13 2 3 11 16 11
split_gain=26.3475 8.60062 4.84308 8.3416 7.94082 3.91886 3.92294 2.90866 6.06254 2.47411 3.62966 2.47294 6.94894 6.29524 13.52 2.37646 5.08474 4.39016 2.29059 2.26313 6.25329 1.77577 1.86231 1.76409 3.92261 2.45877 1.69164 1.60169 3.08106 2.77131
threshold=0.019877313399352496 0.020112287811592407 -0.022872100485012811 22.429999351501468 25.319999694824222 2.7682200801726755 -0.0800835440536906 0.0086496038184588082 0.040951993391927573 1.0000000180025095e-35 -0.00052816856958670655 0.015980558357876488 12.119999885559084 0.016276955956380904 0.0036154517187526607 0.025239315556180423 -0.012410493039419599 0.017796206966189224 -0.015496687592758017 -0.030384470516343128 0.004407866869301503 23.694999694824222 -0.050232690438178178 12.84500026702881 13.050000190734865 0.093674687919125268 0.011211215779573959 0.02573480883905466 -0.017110456306936191 0.029571955445533264
decision_type=2 2 2 2 2 2 2 2 2 2 2 2 2 2 2 2 2 2 2 2 2 2 2 2 2 2 2 2 2 2
left_child=1 9 3 7 -5 6 -2 -3 -9 10 15 -11 -13 14 -14 19 -17 -18 -19 20 -1 -8 -23 -15 -25 27 -21 -26 -29 -30
right_child=5 2 -4 4 -6 -7 21 8 -10 11 -12 12 13 23 -16 16 17 18 -20 26 -22 22 -24 24 25 -27 -28 28 29 -31
leaf_value=0.00025019865411302886 0.0025104704163360896 -1.990640120903268e-05 -1.4666901340042477e-05 0.00073222196852736857 0.00013023254421813891 0.0019843614161314787 0.00060431254250112201 3.2754958524965202e-05 0.001176753449208551 -0.00017046502949625458 0.00026274433065110202 0.00096658121789358782 -0.00025740807558158937 -0.00036679005679376471 0.00060295105334479159 -0.00026397900234897747 0.0005722758651377619 -0.00025371690409390664 0.00030156789162174522 -0.00011574600262369456 -0.00012509419041361624 0.00051153196426740124 -8.4155458389388048e-05 0.00040473849721949336 -0.00022056619699541637 0.00042302882344735202 0.00018212314963446635 0.00044328454052198888 9.824074302942272e-05 -0.00029598136863452922
leaf_weight=73 52 647 5103 95 149 45 1674 139 58 7973 42 44 75 473 45 180 48 56 68 2256 193 81 188 42 1042 47 48 50 245 519
leaf_count=73 52 647 5103 95 149 45 1674 139 58 7973 42 44 75 473 45 180 48 56 68 2256 193 81 188 42 1042 47 48 50 245 519
internal_value=-0.000556323 -0.00111619 0.000427232 0.00345588 0.0115984 0.00485294 0.00452381 0.00110189 0.00642132 -0.00182299 -0.00054656 -0.00218143 -0.000836562 -0.00117809 0.01 -0.000756332 0.00309659 0.00924418 0.00427419 -0.00128405 0.00308271 0.00416109 0.000390333 -0.00173284 -0.00106684 -0.00140042 -0.0017882 -0.00168642 -2.45712e-05 -0.00081152
internal_weight=21750 19710 6191 1088 244 2040 1995 844 197 13519 2964 10555 2582 2538 120 2922 352 172 124 2570 266 1943 269 2418 1945 1903 2304 1856 814 764
internal_count=21750 19710 6191 1088 244 2040 1995 844 197 13519 2964 10555 2582 2538 120 2922 352 172 124 2570 266 1943 269 2418 1945 1903 2304 1856 814 764
is_linear=0
shrinkage=0.05


Tree=15
num_leaves=31
num_cat=0
split_feature=4 11 4 16 14 12 4 13 11 9 12 11 13 13 15 16 16 9 16 10 7 5 9 10 15 10 10 13 3 10
split_gain=24.2162 5.29579 4.91388 4.10667 6.52069 3.70332 3.5306 2.86262 2.16641 1.95793 2.00046 3.16875 1.95318 1.94603 2.33767 2.38563 2.22367 1.85456 1.87093 1.59817 1.54476 1.93768 1.52268 1.43231 4.55536 1.48666 6.34426 8.9456 1.61307 1.4188
threshold=0.026495881325856393 -0.030384470516343128 0.036533495685913672 -0.017975416885007863 0.10600204873107434 -0.027486551032664949 0.018426319085130444 19.440000534057621 -0.016546519308648141 -0.074695316091241346 0.024849110031729963 0.0074288376528827147 22.429999351501468 20.335000038146976 -0.0058729034963356233 0.027288536052044624 -0.001933026833956297 0.3738872655626338 -0.045783243018473356 0.0041960795209391452 0.017646885796421933 0.02991349533982313 0.16170629588046939 0.015605159278572868 0.012743190766186354 -0.0066318377960538624 -0.0068180084305178293 15.944999694824221 0.0081262974922318171 -0.013932241848525038
decision_type=2 2 2 2 2 2 2 2 2 8 2 2 2 2 2 2 2 10 2 2 2 2 10 2 2 2 2 2 2 2
left_child=1 3 17 4 5 -1 23 -5 20 10 11 -8 13 14 16 -16 -10 18 -2 -15 21 -4 -18 25 -25 26 28 -28 -3 -11
right_child=2 6 8 7 -6 -7 9 -9 12 29 -12 -13 -14 19 15 -17 22 -19 -20 -21 -22 -23 -24 24 -26 -27 27 -29 -30 -31
leaf_value=0.00081896343766802338 0.00038539745588369093 -0.00011806428643256853 0.0005352135952993802 0.00023728161919770951 2.9903414895064893e-05 0.00037044184932349819 8.5052562861984911e-05 -0.00010274982365600099 0.00055997292905633192 0.00013611865584042078 -1.6822187426426409e-05 0.00090755795948257176 -0.00017428013873675718 0.0014414992374004061 0.00030935193766009657 0.00083252255584239515 0.0012325234875878337 0.00090512168240642179 8.1553257585684373e-05 0.00028028558177398122 0.0014050484314520875 0.001638368211504001 0.00068376200621501177 -0.00014895989381906989 0.00046293987224534528 -0.00015537478520374396 0.0005558916105823749 -0.00030210015364328069 0.00025506369396291728 -7.5449107889365033e-05
leaf_weight=55 56 1108 104 45 138 70 160 339 144 355 334 80 130 49 628 131 42 103 1615 40 40 107 40 131 45 8951 61 49 70 6577
leaf_count=55 56 1108 104 45 138 70 160 339 144 355 334 80 130 49 628 131 42 103 1615 40 40 107 40 131 45 8951 61 49 70 6577
internal_value=-0.000634722 -0.00132971 0.00336172 0.00311437 0.00792776 0.0162 -0.00149015 -0.000182293 0.00551546 -0.00066347 0.00214286 0.005625 0.00463455 0.00533519 0.00469543 0.00336627 0.00915929 0.00159526 0.00119389 0.0124157 0.00974103 0.00803317 0.0157317 -0.00208593 0.00238636 -0.00216281 -0.000574535 0.0109091 -0.00164686 -0.000895847
internal_weight=21797 18568 3229 647 263 125 17921 384 1455 7506 574 240 1204 1074 985 759 226 1774 1671 89 251 211 82 10415 176 10239 1288 110 1178 6932
internal_count=21797 18568 3229 647 263 125 17921 384 1455 7506 574 240 1204 1074 985 759 226 1774 1671 89 251 211 82 10415 176 10239 1288 110 1178 6932
is_linear=0
shrinkage=0.05


Tree=16
num_leaves=31
num_cat=0
split_feature=4 11 4 6 11 1 14 4 14 11 15 10 15 6 10 15 15 10 14 12 8 15 8 6 8 7 3 4 14 14
split_gain=23.9502 4.95147 4.88194 3.96117 3.69894 4.86697 3.63121 2.76827 2.15493 11.5409 1.91924 5.70245 4.92718 1.84035 2.01181 6.63403 1.81632 2.05109 1.87094 2.62974 2.07204 1.76937 1.74062 1.69259 1.88182 1.52993 1.33456 1.25498 1.24901 4.24365
threshold=0.026495881325856393 -0.043674023036412872 0.018426319085130444 3.2053127014154263 -0.028866673855592325 -0.026358081734503599 0.10157519013318318 0.036533495685913672 0.018934443393513026 0.032599059043066377 0.0085668789263192453 0.016350116268756935 0.01864997236863342 -0.55220202039655553 0.015605159278572868 0.012743190766186354 -0.0034801773802964893 -0.0040528821834706621 -0.0046169142462271764 0.025773504554040153 0.028178396691143085 -0.0094218335408654524 0.075480208715703392 0.49670549452458718 0.087673281133830119 0.065973399032700733 0.0024330516214661206 0.016155201961883813 0.0037598780805861991 0.0053913947730825926
decision_type=2 2 2 2 2 2 2 2 2 2 2 2 2 2 2 2 2 2 2 2 10 2 10 2 10 2 2 2 2 2
left_child=2 -2 13 7 5 6 21 16 10 25 -6 22 -13 -1 27 -16 17 26 20 -20 -19 -4 -12 -18 -25 -10 -3 28 -15 -30
right_child=1 3 4 -5 8 -7 -8 -9 9 -11 11 12 -14 14 15 -17 23 18 19 -21 -22 -23 -24 24 -26 -27 -28 -29 29 -31
leaf_value=-0.00018239698807481514 0.0023514989150472915 -9.4902336201129254e-05 0.00058111570268046362 0.0012832428333951732 -0.0001241038042439699 2.5476993926682868e-05 2.8977628143930053e-05 0.00058625832284236838 -1.6332808593744088e-05 0.00072397441291886951 -8.2421036705761886e-05 0.00035295094754022238 0.00014579381775220606 -0.00023310497531107453 -0.00017573541032376116 0.00043267862422439958 -2.9551964436998933e-05 -0.0001115272771773807 0.00063141607302759622 0.00017777510983840784 0.0009072581221190231 0.00032276587804715661 0.00034007797468892684 0.0001177503580078851 0.00071087769077478585 0.00046250673617690482 0.00048413020946333685 -5.0635513177536861e-05 0.00032204787131538708 -0.00011233038782503592
leaf_weight=3429 50 192 46 53 4068 380 47 1419 2176 77 878 47 62 1941 99 46 927 113 67 46 72 48 118 198 55 69 51 3265 75 1669
leaf_count=3429 50 192 46 53 4068 380 47 1419 2176 77 878 47 62 1941 99 46 927 113 67 46 72 48 118 198 55 69 51 3265 75 1669
internal_value=-0.000576827 0.00338729 -0.00127023 0.00314281 -0.00034057 0.0037332 0.0116667 0.00291401 -0.00062375 0.000641687 -0.00119177 0.000656107 0.0115138 -0.00197834 -0.00151868 0.00431034 0.00156595 0.00396488 0.00674497 0.0118142 0.00364865 0.0173404 -0.00053213 0.000466101 0.00409091 -1.1137e-05 0.000555554 -0.00164029 -0.00227273 -0.00130161
internal_weight=21783 3243 18540 3193 8016 521 141 3140 7495 2322 5173 1105 109 10524 7095 145 1721 541 298 113 185 94 996 1180 253 2245 243 6950 3685 1744
internal_count=21783 3243 18540 3193 8016 521 141 3140 7495 2322 5173 1105 109 10524 7095 145 1721 541 298 113 185 94 996 1180 253 2245 243 6950 3685 1744
is_linear=0
shrinkage=0.05


Tree=17
num_leaves=31
num_cat=0
split_feature=5 11 16 12 11 12 12 11 14 16 15 10 10 12 11 15 9 1 12 14 12 10 7 11 5 12 6 15 10 9
split_gain=22.2805 4.2216 4.12146 6.58063 4.60046 4.86547 7.55975 3.49527 3.92462 3.7136 3.14018 4.09831 4.23737 3.91446 3.79174 3.50181 2.94478 2.50397 2.48235 4.63196 7.6184 6.65295 4.68293 3.20153 2.36236 2.35583 2.18843 2.06219 2.22496 2.05931
threshold=0.017139900901928202 -0.043674023036412872 -0.022872100485012811 0.082959740110242888 0.027231962502118127 0.0098181061212317972 0.0086975784270316731 -0.030384470516343128 0.10600204873107434 -0.02340148146479298 0.0073571541918037173 -0.013327781970057238 0.015605159278572868 0.02751670136279594 -0.014879372351697838 0.01523877710784627 0.54521869706757353 0.018092199833736559 0.031984591372152711 0.005094684764536229 0.048426875368409401 0.0058855718957657741 0.0075148707631703679 0.028003232862589215 0.013636342606981846 0.055910594976570589 0.37614730346938346 -0.008338990073775308 -0.0030480840031554819 -0.067170611239393649
decision_type=2 2 2 2 2 2 2 2 2 2 2 2 2 2 2 2 10 2 2 2 2 2 2 2 2 2 2 2 2 8
left_child=2 -2 3 4 5 6 7 8 -1 -9 24 14 18 15 -12 17 27 -14 29 23 21 22 -21 -20 -4 -25 -18 28 -3 -13
right_child=1 16 10 -5 -6 -7 -8 9 -10 -11 11 12 13 -15 -16 -17 26 -19 19 20 -22 -23 -24 25 -26 -27 -28 -29 -30 -31
leaf_value=0.00046687830912722235 0.0021364984947835441 0.00027703816930786456 -0.00013726450972857389 0.00047144670296981391 0.00049760645134685458 -0.00016926830770310923 0.00080799684457100911 -2.9653020511805269e-05 1.7519636805904686e-05 0.00019557962184771043 1.1130703113165506e-05 0.00025971383365160457 0.00020644661311280157 -0.0004587358676255215 0.00056558631189287673 0.00014609251039948259 0.0006017226831926464 0.00035082433460762233 -0.00021120384908144166 0.00052950358992671931 -0.00021393305616871852 0.00059723801402298215 0.00010045617067186929 0.00029701227720897808 -1.8846749846129405e-05 -0.00011866185814866801 0.0010693261948835256 0.00026275339180732764 0.00064825957488857944 -0.00014964482261402596
leaf_weight=129 44 208 10201 48 74 1185 73 998 134 41 73 99 57 75 63 93 124 49 662 41 180 44 123 71 1952 73 74 2234 230 2337
leaf_count=129 44 208 10201 48 74 1185 73 998 134 41 73 99 57 75 63 93 124 49 662 41 180 44 123 71 1952 73 74 2234 230 2337
internal_value=-0.00057575 0.00349348 -0.00120397 0.000611483 0.000277144 -7.81262e-05 0.00194545 0.00106759 0.00621673 -0.000235805 -0.00150466 -0.000297031 -0.000594263 0.00540146 0.00823529 0.00907035 0.00325784 0.015283 -0.00104683 0.000820769 0.00530928 0.0118269 0.00719512 -0.00133995 -0.00190611 0.00541667 0.00914141 0.00282186 0.0059589 -0.00196223
internal_weight=21789 2914 18875 2682 2634 2560 1375 1302 263 1039 16193 4040 3904 274 136 199 2870 106 3630 1194 388 208 164 806 12153 144 198 2672 438 2436
internal_count=21789 2914 18875 2682 2634 2560 1375 1302 263 1039 16193 4040 3904 274 136 199 2870 106 3630 1194 388 208 164 806 12153 144 198 2672 438 2436
is_linear=0
shrinkage=0.05


Tree=18
num_leaves=31
num_cat=0
split_feature=4 4 3 14 10 14 14 14 11 14 15 11 13 14 11 13 12 1 11 8 11 10 15 10 0 12 1 13 1 6
split_gain=18.767 4.46907 4.21709 3.90917 3.09882 2.49276 3.8087 2.3975 3.65386 3.63614 2.43686 2.30666 4.17065 2.39324 8.31087 4.52206 4.97292 8.00047 2.41494 2.34865 1.9266 1.93683 4.48529 3.67061 3.00155 2.01371 1.8076 1.68622 1.56902 1.46036
threshold=0.025082533572562769 0.016444405581612618 0.023855501947553818 -0.0049345356588886271 -0.013932241848525038 0.058009640559056781 0.054586954999164335 0.13936216153879713 -0.040606283895635913 0.13092898697672287 0.0014486127073721768 -0.029337474403061222 18.675000190734867 0.023814289245349455 0.031328768079461174 16.260000228881839 0.01159583409138454 -0.0057001426374091993 0.020527358618941841 -0.094906289749818892 -0.033420125215974254 -0.0050682190267434804 -0.0081016909369232542 -0.0036836018296790836 -0.016057562004865685 -0.0062518932096157767 -0.020981879779117248 18.719999313354496 -0.062709261167857674 0.18036022504930557
decision_type=2 2 2 2 2 2 2 2 2 2 2 2 2 2 2 2 2 2 2 8 2 2 2 2 2 2 2 2 2 2
left_child=1 -1 3 -2 7 6 11 8 -3 27 -9 12 -6 19 15 16 17 -15 -18 -13 28 -22 24 25 -23 -24 -14 -10 -5 -21
right_child=2 4 -4 20 5 -7 -8 10 9 -11 -12 13 26 14 -16 -17 18 -19 -20 29 21 22 23 -25 -26 -27 -28 -29 -30 -31
leaf_value=-0.00015462626647665077 7.0073838656622316e-05 0.00062737535115977422 0.0010910074095375245 0.0011875746550511453 0.00032553830031944536 -0.00017256302839721734 0.00034906787524745399 -0.0001838889852250812 0.00037317768880247543 0.00053197740458425281 0.00034152613730214267 0.000296442727656097 0.00022769459067531266 0.00091346648853856197 0.00068549140697670916 -0.00010842596643224523 -5.7304678601324051e-05 4.8550713532529978e-05 0.00048493424376700763 -0.00010686918219563801 0.00016231466922583099 0.00033360310578230351 0.00038054344473840816 0.00024280753452380016 0.00091678265243275549 0.0016793808802704599 -9.4629422481191488e-05 -4.7628201006539828e-05 0.00018724799811221536 -1.968157286973932e-05
leaf_weight=6268 1968 44 127 42 44 1391 68 233 61 62 93 52 79 52 56 763 272 80 50 5134 644 85 44 680 86 58 211 195 107 2774
leaf_count=6268 1968 44 127 42 44 1391 68 233 61 62 93 52 79 52 56 763 272 80 50 5134 644 85 44 680 86 58 211 195 107 2774
internal_value=-0.00059639 -0.00127405 0.00257615 0.00226979 -0.000697457 -0.0009006 -0.000614947 0.00255814 0.00535911 0.00349056 -0.000552148 -0.000698757 0.00338323 -0.000846422 0.00116653 0.000299917 0.0042511 0.0124242 0.00090062 -0.00116834 0.00399198 0.00348466 0.00491605 0.00331202 0.0122515 0.0121569 0.0012069 0.000859374 0.00942953 -0.00123799
internal_weight=21823 17982 3841 3714 11714 11026 9635 688 362 318 326 9567 334 9233 1273 1217 454 132 322 7960 1746 1597 953 782 171 102 290 256 149 7908
internal_count=21823 17982 3841 3714 11714 11026 9635 688 362 318 326 9567 334 9233 1273 1217 454 132 322 7960 1746 1597 953 782 171 102 290 256 149 7908
is_linear=0
shrinkage=0.05


Tree=19
num_leaves=31
num_cat=0
split_feature=5 4 12 16 11 12 11 10 15 13 13 13 14 14 8 16 5 10 10 15 12 14 12 13 15 12 1 12 16 14
split_gain=18.4448 4.13726 4.09102 2.89639 3.85614 3.27298 2.87019 2.25856 3.26294 2.79738 2.51063 9.32204 2.23001 1.94459 2.22214 1.86332 1.85226 1.88093 1.84894 4.18447 1.7865 1.85175 1.69454 2.67466 2.6043 7.88623 1.53548 1.52071 2.19331 2.55142
threshold=0.019514645004764273 0.017463548959121587 -0.075828258528587975 -0.019915679888121481 -0.030384470516343128 0.082959740110242888 0.02573480883905466 -0.013327781970057238 0.0057061967492541008 27.070000648498539 19.010000228881839 18.974999427795414 0.11927434384443127 0.11927434384443127 0.013446073114468661 0.035992594910125304 0.013574321403487568 -0.005204649425331386 0.015605159278572868 0.012743190766186354 0.018681855298992137 0.01466553224775591 0.044382759046859517 12.119999885559084 0.0094183404160604906 0.048426875368409401 0.069819422122453192 0.00075812242422568243 0.025239315556180423 -0.012410493039419599
decision_type=2 2 2 2 2 2 2 2 2 2 2 2 2 2 10 2 2 2 2 2 2 2 2 2 2 2 2 2 2 2
left_child=1 18 -2 4 12 6 16 8 13 -10 11 15 -3 14 -5 -9 -6 -18 22 -20 21 -19 27 -24 -25 -26 -4 28 -1 -30
right_child=2 3 26 7 5 -7 -8 10 9 -11 -12 -13 -14 -15 -16 -17 17 20 19 -21 -22 -23 23 24 25 -27 -28 -29 29 -31
leaf_value=-6.5154472782581375e-05 0.0020677202368492818 0.00043741755494420789 0.00035301823667154735 3.815625291030671e-05 -5.4518270989796116e-05 0.00037680915438836047 0.00041542963148975381 -3.2441020227437574e-05 0.00053528267805579813 3.7591277343265276e-05 -0.00016899970020368334 0.00067056769762859742 -0.00013831516320240173 -0.0001428845983158312 0.0002916810810442881 -0.00033359636945488614 -9.734282750301139e-05 0.00013244910525146605 -0.00012917645880842463 0.00033801187432917139 -0.00019792329447284825 0.00052266494143746948 0.00090184942298439288 -7.8831690457671687e-05 0.00055707182718529901 -0.00019284525281187005 0.00074570967381734881 -0.00016616966374358313 -0.0001582864665206105 0.00027571958128486091
leaf_weight=1280 70 166 1744 157 1285 41 79 5585 51 55 2181 50 48 290 66 432 165 191 94 40 81 63 60 1073 62 117 339 5722 70 82
leaf_count=1280 70 166 1744 157 1285 41 79 5585 51 55 2181 50 48 290 66 432 165 191 94 40 81 63 60 1073 62 117 339 5722 70 82
internal_value=-0.000567875 -0.00105075 0.00382489 -0.000407793 0.00125295 0.000538057 0.000230686 -0.00080467 0.00210824 0.0100943 -0.00102328 -0.000500248 0.00761682 0.000458088 0.00396861 -0.000678911 -0.000182074 0.0024 -0.00187209 0.00395522 0.00455224 0.00661417 -0.00196433 -0.000312501 -0.00080671 0.00477654 0.00342535 -0.00226726 -0.000810057 0.00486842
internal_weight=21739 19586 2153 10986 2119 1905 1864 8867 619 106 8248 6067 214 513 223 6017 1785 500 8600 134 335 254 8466 1312 1252 179 2083 7154 1432 152
internal_count=21739 19586 2153 10986 2119 1905 1864 8867 619 106 8248 6067 214 513 223 6017 1785 500 8600 134 335 254 8466 1312 1252 179 2083 7154 1432 152
is_linear=0
shrinkage=0.05


Tree=20
num_leaves=31
num_cat=0
split_feature=5 4 16 11 11 11 16 5 13 15 4 5 13 15 7 16 9 16 12 12 15 14 2 4 16 11 11 3 9 16
split_gain=18.0392 4.29494 4.08397 2.84889 2.82913 3.03001 4.62988 2.83879 2.18723 3.87808 2.04613 1.62759 2.58565 1.81806 1.49917 1.61842 1.46418 1.40329 1.38413 1.34737 2.21093 3.36413 1.27681 1.48603 1.47576 1.27471 6.8585 2.36652 2.23458 2.13168
threshold=0.019877313399352496 0.020671746432703936 -0.026988089914629362 -0.040606283895635913 -0.030384470516343128 0.010325604265528312 -0.0343605175402441 0.014048257828930015 22.429999351501468 -0.0075585550628705081 0.01470384244808638 0.02991349533982313 23.694999694824222 -0.008338990073775308 0.069531261413323456 0.0087251622813935299 0.31341626802553052 -0.0070890355663488771 0.0020578484903100995 0.04047963103536379 0.0075265136346271974 0.005094684764536229 0.0038041542778493036 0.032801998046237242 0.0096938712801958333 0.02573480883905466 0.029571955445533264 -0.0017322262946518616 0.26151682933980497 -0.016971992011664491
decision_type=2 2 2 2 2 2 2 2 2 2 2 2 2 2 2 2 10 2 2 2 2 2 2 2 2 2 2 2 8 2
left_child=1 10 4 -2 7 8 -7 -3 -6 -10 19 12 22 -13 15 17 -16 -15 -19 -1 -21 -22 23 -5 -25 -12 27 -27 -29 -28
right_child=3 2 -4 11 5 6 -8 -9 9 -11 25 13 -14 14 16 -17 -18 18 -20 20 21 -23 -24 24 -26 26 29 28 -30 -31
leaf_value=-0.00019223393298449903 0.0022704163501588875 0.0005096240593795903 -1.5914085785233382e-05 -0.00023882689229817435 -5.1390898823615316e-05 -4.3620849088092553e-06 0.00078851437802972442 0.00016461336465954036 0.00043575903718914724 -8.4107380334908082e-06 -7.8635663713118613e-05 0.00094770043344838536 -0.00014748943018770273 0.00022435064759401851 0.00041853864215620097 -6.8006440369260059e-05 0.0012305359252200616 0.0014226841176545046 0.00056725818548168249 -0.00020227222748747786 -6.236474122734048e-05 0.00033596634609340138 0.00058135219000856491 0.0001759566965314138 0.00069022254774720555 0.00036944312036971941 0.00027398031775931826 -3.2466076531989924e-05 0.00019891318508863926 -0.0002311163561680936
leaf_weight=2218 44 45 4577 112 445 65 56 73 45 68 10549 80 178 89 44 123 63 40 46 359 102 71 696 327 156 108 56 121 48 717
leaf_count=2218 44 45 4577 112 445 65 56 73 45 68 10549 80 178 89 44 123 63 40 46 359 102 71 696 327 156 108 56 121 48 717
internal_value=-0.000518163 -0.00097678 0.000228879 0.00400901 0.00353199 0.00229013 0.00946281 0.010678 0.000734766 0.0069469 -0.00142832 0.00372569 0.00289653 0.00623711 0.00487654 0.00305369 0.00995327 0.00614286 0.0106977 -0.00265455 -0.000394738 0.00424855 0.00367544 0.00197479 0.00317805 -0.0011376 0.000523808 0.00727437 0.00357988 -0.00189521
internal_weight=21721 19723 5374 1998 797 679 121 118 558 113 14349 1954 1469 485 405 298 107 175 86 2750 532 173 1291 595 483 11599 1050 277 169 773
internal_count=21721 19723 5374 1998 797 679 121 118 558 113 14349 1954 1469 485 405 298 107 175 86 2750 532 173 1291 595 483 11599 1050 277 169 773
is_linear=0
shrinkage=0.05


Tree=21
num_leaves=31
num_cat=0
split_feature=4 4 4 16 13 13 15 10 12 14 12 10 12 10 6 4 13 13 13 3 10 15 1 1 10 2 1 16 13 13
split_gain=14.1169 4.25026 2.9445 2.51555 4.25324 8.70857 1.95796 1.92216 2.29434 4.59719 6.87848 8.73996 3.64652 2.64917 1.70411 1.63769 1.58656 12.2412 1.58518 1.44 1.39835 1.5333 1.39228 1.25191 1.32898 1.2282 1.22116 1.45972 1.56203 1.31737
threshold=0.030849968993318194 0.018567818174443456 0.070175159620808877 -0.022872100485012811 22.429999351501468 25.319999694824222 0.0073571541918037173 -0.013327781970057238 0.033859916134082464 0.005094684764536229 0.048426875368409401 0.0058855718957657741 0.041180756713136597 0.015605159278572868 0.18036022504930557 0.015045506773101848 15.234999656677248 14.734999656677248 24.630000114440922 -0.00068632486397901527 0.0067604630299248356 -0.0057225054653884935 -0.012361670018596447 -0.036625687043436543 0.0014914798272115395 0.15820846838453254 -0.076785368317410493 -0.0043503468854973462 19.295000076293949 23.694999694824222
decision_type=2 2 2 2 2 2 2 2 2 2 2 2 2 2 2 2 2 2 2 2 2 2 2 2 2 2 2 2 2 2
left_child=1 6 20 4 16 19 15 -8 13 -10 11 12 -11 -9 23 -1 17 22 -4 -6 26 -22 -3 24 -5 -16 27 28 -2 -28
right_child=2 3 18 14 5 -7 7 8 9 10 -12 -13 -14 -15 25 -17 -18 -19 -20 -21 21 -23 -24 -25 -26 -27 29 -29 -30 -31
leaf_value=-0.00018523226396635441 0.001099649803257916 -0.00016608989153422875 0.00098255875218891957 0.00038227818054252744 0.0003321244318721266 2.1276077561996967e-05 0.00030533163568053994 -0.00016966626900885858 -5.732635798004458e-05 1.9203967813360708e-06 -0.00027690446485379247 0.0005853748074013869 0.00043866157456327399 0.00026218099910853488 1.9897450661016733e-05 -9.6094555756862031e-05 -2.1954656170579152e-05 0.00099246935937433384 0.0019922842837396637 0.00068045431611368822 0.00079306990716700653 -3.7590546215222437e-05 0.00040398739777798548 -8.6914646327629778e-05 -0.00018108684804446354 0.0011533456916644402 0.00046475594534547981 0.00029511240985944406 0.0012007168368755236 -9.394231352336309e-05
leaf_weight=2594 67 198 46 66 50 196 77 1379 534 90 97 43 43 79 2485 5872 955 47 41 50 75 393 40 4580 68 49 1246 64 55 151
leaf_count=2594 67 198 46 66 50 196 77 1379 534 90 97 43 43 79 2485 5872 955 47 41 50 75 393 40 4580 68 49 1246 64 55 151
internal_value=-0.000625864 -0.00104686 0.00323199 -0.000229965 0.00160807 0.00699324 -0.00171077 -0.000431257 -0.000695365 0.00144362 0.00672161 0.0126136 0.00627819 -0.00187929 -0.000619482 -0.00206473 0.000322579 0.00359649 0.0122414 0.019 0.00284983 0.000448717 -0.0010084 -0.00118159 0.00358209 0.000426202 0.0035597 0.00736559 0.0105738 0.00305297
internal_weight=21730 19592 2138 8784 1536 296 10808 2342 2265 807 273 176 133 1458 7248 8466 1240 285 87 100 2051 468 238 4714 134 2534 1583 186 122 1397
internal_count=21730 19592 2138 8784 1536 296 10808 2342 2265 807 273 176 133 1458 7248 8466 1240 285 87 100 2051 468 238 4714 134 2534 1583 186 122 1397
is_linear=0
shrinkage=0.05


Tree=22
num_leaves=31
num_cat=0
split_feature=4 4 11 4 13 10 15 14 14 14 13 16 14 11 13 16 14 16 16 13 9 7 0 15 12 2 7 12 13 9
split_gain=13.0295 3.85287 2.7996 2.74874 2.35135 2.30798 3.41062 2.22968 3.55071 6.20754 3.92767 6.90083 4.38436 2.5165 5.70633 2.19138 2.2189 2.1877 2.91991 2.04914 1.81978 1.6413 1.62174 1.62153 2.59151 4.09257 1.61289 1.60862 4.47338 1.51682
threshold=0.02216304566454011 0.070175159620808877 -0.016025846447031252 0.015045506773101848 17.369999885559086 -0.013932241848525038 0.011132274126033128 0.059971774713864064 0.023814289245349455 0.024414321868059811 16.260000228881839 -0.028812669685212618 0.054586954999164335 -0.030384470516343128 19.440000534057621 -0.021885612276832774 -0.10344834121785244 0.021088576499844195 -0.0053028217124190804 13.414999961853029 0.11359982670754178 -0.060095395348842111 0.0075491217582683854 0.0073571541918037173 0.03806557955778845 0.0145151657134609 -0.067727925222167126 -0.049048436065559579 26.494999885559086 0.31341626802553052
decision_type=2 2 2 2 2 2 2 2 2 2 2 2 2 2 2 2 2 2 2 2 10 2 2 2 2 2 2 2 2 8
left_child=3 2 15 23 -4 6 27 8 13 -10 11 -11 -12 14 -7 22 -17 18 19 -13 26 -15 -2 -1 -25 -26 -18 28 -5 -23
right_child=1 -3 4 5 -6 7 -8 -9 9 10 12 17 -14 21 -16 16 20 -19 -20 -21 -22 29 -24 24 25 -27 -28 -29 -30 -31
leaf_value=-0.00017748429629189892 0.00048855509554787311 0.001010769535646184 0.00017796592340376286 0.00063514398085419595 -1.2518247080000917e-05 0.00034840213035109671 0.00051769708182168735 -0.00020141115301069041 0.00056823219940202051 0.0005605707857905067 -0.00012981413575894468 -0.00011962745493328137 0.00031990207286623063 0.00015879013527934677 -3.4307875216824928e-06 0.00032441897772970599 0.0010370318080450364 0.00019144414689866476 -9.4140905018379252e-05 0.00019471625408773495 0.00051033519321665567 -6.1988641736655735e-05 0.00014141571718781886 -0.00018391707370940175 0.00024749074011164006 -4.1123882886246865e-05 -8.4947047033021722e-05 -4.2548387882384665e-05 -1.1375853954694871e-05 -0.00014629555767466603
leaf_weight=2608 229 89 2452 44 2238 40 48 1470 51 54 837 57 70 78 157 75 44 76 325 116 157 6476 70 484 85 152 395 467 110 2231
leaf_count=2608 229 89 2452 44 2238 40 48 1470 51 54 837 57 70 78 157 75 44 76 325 116 157 6476 70 484 85 152 395 467 110 2231
internal_value=-0.000510674 0.00153157 0.00136926 -0.00124283 0.000863538 -0.000907769 0.00195067 -0.00106662 -0.000812832 0.00136822 0.000798044 0.00383758 -0.00130651 -0.00119795 0.00439086 0.00381443 0.00222802 0.00222996 0.0010241 0.00627168 0.00120805 -0.00132328 0.00737458 -0.00252178 -0.000423025 0.00386076 -0.000444193 0.000958131 0.00538961 -0.00138796
internal_weight=21785 5749 5660 16036 4690 12707 669 12038 10568 1586 1535 628 907 8982 197 970 671 574 498 173 596 8785 299 3329 721 237 439 621 154 8707
internal_count=21785 5749 5660 16036 4690 12707 669 12038 10568 1586 1535 628 907 8982 197 970 671 574 498 173 596 8785 299 3329 721 237 439 621 154 8707
is_linear=0
shrinkage=0.05


Tree=23
num_leaves=31
num_cat=0
split_feature=5 4 10 4 9 13 13 16 15 10 11 9 16 2 16 6 10 14 14 16 12 11 13 13 14 14 10 10 11 14
split_gain=11.9018 4.22501 3.34822 2.38729 2.23237 3.44999 4.43738 5.35637 2.32675 2.08582 2.73441 3.46105 1.99005 3.49123 1.87914 1.83897 1.98159 1.78001 5.45398 2.22639 5.00216 3.75749 2.94395 5.57492 1.81388 4.39359 4.80316 2.51814 3.85596 9.40524
threshold=0.020260078510702741 0.016361744959115316 -0.014256563971479506 0.070175159620808877 -0.037913042597718653 14.340000152587892 14.765000343322756 -0.0013067414882214077 -0.0069040001038763723 -0.01645938155843862 -0.043674023036412872 -0.086177236373316077 0.020462023642881303 0.042268142670968019 0.0060247259760835012 0.37614730346938346 0.0052229524560013516 0.058009640559056781 0.054586954999164335 -0.019915679888121481 0.082959740110242888 0.02573480883905466 22.429999351501468 25.319999694824222 -0.013693091090924312 -0.011298954547856009 -0.00084886719909504904 0.0027596163700298608 0.032599059043066377 0.021414189458355607
decision_type=2 2 2 2 8 2 2 2 2 2 2 10 2 2 2 2 2 2 2 2 2 2 2 2 2 2 2 2 2 2
left_child=1 -1 9 15 5 -4 7 -7 -8 -3 -11 -12 13 -10 -13 -2 -17 18 19 20 21 22 -6 -24 -21 26 -26 28 -27 -30
right_child=3 2 4 -5 17 6 8 -9 12 10 11 14 -14 -15 -16 16 -18 -19 -20 24 -22 -23 23 -25 25 27 -28 -29 29 -31
leaf_value=-0.00012042006835780763 0.00025961802631820069 4.0160544573584261e-05 -0.00010578383133899625 0.0010388848559936587 -4.853929461761787e-05 0.00079199778353040604 -0.00010102137375621231 0.00012480095626697264 0.00016828744433497494 0.00062128936734906796 -0.000107490132046366 4.7488623079653062e-05 -5.1880202920558779e-05 0.00046962673608077978 0.00039003164819154817 0.00077490474669306966 0.00016987410097485576 -0.00014435849344547749 0.00034915618300877593 -0.00010863489524057006 0.0005478885502306467 0.0005671705286342543 0.00030124646408783681 -2.1629685333902624e-05 0.00081872928935009665 -2.011828472758289e-05 0.00010997920051681386 -0.00020058306483231497 -0.0004331080381066413 0.00061735433125581181
leaf_weight=6111 1357 471 720 90 1358 57 292 60 362 48 112 74 159 64 78 339 163 1457 72 4207 41 42 82 105 40 2402 150 1048 63 55
leaf_count=6111 1357 471 720 90 1358 57 292 60 362 48 112 74 159 64 78 339 163 1457 72 4207 41 42 82 105 40 2402 150 1048 63 55
internal_value=-0.000569446 -0.00093766 -0.000447538 0.00315803 -0.000641167 0.00103851 0.00294768 0.012094 0.00172748 0.00272669 0.00589743 0.00390151 0.00354701 0.00532864 0.00881579 0.002773 0.00535856 -0.000900019 -0.000654424 -0.000757324 0.000927517 0.00048204 8.0905e-05 0.00596257 -0.0011017 -0.000303354 0.00710526 -0.000697871 0.000158729 0.00898305
internal_weight=21679 19730 13619 1949 12836 1714 994 117 877 783 312 264 585 426 152 1859 502 11122 9665 9593 1628 1587 1545 187 7965 3758 190 3568 2520 118
internal_count=21679 19730 13619 1949 12836 1714 994 117 877 783 312 264 585 426 152 1859 502 11122 9665 9593 1628 1587 1545 187 7965 3758 190 3568 2520 118
is_linear=0
shrinkage=0.05


Tree=24
num_leaves=31
num_cat=0
split_feature=5 5 6 6 6 2 16 15 13 10 10 14 14 15 13 2 10 15 1 14 13 15 13 10 15 16 13 16 10 10
split_gain=9.3055 3.76786 2.818 2.66979 2.41161 2.38355 2.29224 2.08274 4.23477 3.12353 15.4471 2.69772 2.77508 1.70128 1.88821 6.08157 1.75258 2.13362 3.60678 1.90481 6.03137 5.44843 4.60475 2.89796 2.08497 1.8805 3.1898 1.50898 1.4584 1.44844
threshold=0.013574321403487568 0.02991349533982313 0.86101073134527883 -0.31939422312277604 1.8357103930928802 0.030133767427539374 0.035992594910125304 -0.011165651679067799 24.779999732971195 -0.0019060348460245289 -0.00045040499871334955 0.044393091515214207 -0.05546753287916955 0.0073571541918037173 12.119999885559084 0.0145151657134609 0.015021993582677752 0.016913961697029082 0.012996558678823657 -0.017376391061688031 15.295000076293947 0.0085668789263192453 14.454999923706056 0.0050045154394297029 0.010980014964311781 0.034078866445656393 17.615000724792484 0.012185689751712305 0.0077210004774342931 0.010824112764753148
decision_type=2 2 2 2 2 2 2 2 2 2 2 2 2 2 2 2 2 2 2 2 2 2 2 2 2 2 2 2 2 2
left_child=2 4 7 -3 6 -6 29 8 9 -1 -11 12 -12 14 15 -9 19 18 -18 -15 21 -21 24 -24 -23 -22 -27 -5 -7 -2
right_child=1 3 -4 27 5 28 -8 13 -10 10 11 -13 -14 16 -16 -17 17 -19 -20 20 25 22 23 -25 -26 26 -28 -29 -30 -31
leaf_value=-0.00011513953057675457 7.8358048048286918e-05 0.00011826607679343805 6.5072220808168343e-06 0.0011431564162439464 9.5734534508386149e-05 0.00056714139440403077 -0.00021938626180705717 -0.0002471225842106954 0.00039171897758433298 0.00061166893628326066 0.00019062612958892341 0.00032420026278448457 -0.00018593100033865472 -0.00014807091217062959 -0.00013137192813384287 0.00087399486835113146 1.1396463163787634e-05 -0.00023340367617744225 0.00020025728330099452 0.00032286621503275315 -0.00017862745204445698 0.0002156316307022814 0.00069286545438873679 0.00010657514218517848 -9.1523048410462472e-05 -0.00045283496221488594 0.00044337662056405619 0.00045103302499975123 0.0013031603311333666 -7.517091757899453e-05
leaf_weight=818 4214 233 2914 183 238 114 415 82 44 75 49 70 412 1078 8540 40 73 44 43 46 730 79 48 62 243 52 55 91 40 583
leaf_count=818 4214 233 2914 183 238 114 415 82 44 75 49 70 412 1078 8540 40 73 44 43 46 730 79 48 62 243 52 55 91 40 583
internal_value=-0.000623734 0.00103011 -0.00127172 0.00515779 0.000656673 0.00443877 0.000372217 -0.00159387 0.000177111 -0.000294945 0.00242574 -0.000574389 -0.00196312 -0.00182568 -0.00216001 0.00401639 -0.000691345 0.004375 0.00793103 -0.00103009 0.000247147 0.00472803 0.00298611 0.0118182 -3.10571e-05 -0.00231183 0.0038785 0.00850365 0.00928571 0.000680633
internal_weight=21708 6111 15597 507 5604 392 5212 12683 1468 1424 606 531 461 11215 8662 122 2553 160 116 2393 1315 478 432 110 322 837 107 274 154 4797
internal_count=21708 6111 15597 507 5604 392 5212 12683 1468 1424 606 531 461 11215 8662 122 2553 160 116 2393 1315 478 432 110 322 837 107 274 154 4797
is_linear=0
shrinkage=0.05


Tree=25
num_leaves=31
num_cat=0
split_feature=5 9 6 13 10 15 14 14 12 12 16 10 16 14 9 12 13 10 2 13 13 15 6 3 1 9 15 8 6 15
split_gain=9.79168 2.78491 2.55038 2.42236 2.33646 4.45218 2.50637 2.74406 3.79553 7.75977 4.07408 3.15018 4.40541 5.24835 2.84441 4.28624 2.24126 2.18582 3.46278 2.17925 2.75804 2.03473 1.75329 1.84087 1.57287 1.53097 1.46406 1.40893 1.39571 1.36523
threshold=0.020260078510702741 -0.074695316091241346 2.8979862976651325 14.340000152587892 -0.013932241848525038 0.014747362030786084 0.058009640559056781 0.013234785210327617 0.092854768976221705 0.10123020179199861 -0.031559912843508058 -0.0053055515245151166 -0.0076601854594831034 0.031250907350716124 0.0030940483267095646 0.01159583409138454 14.765000343322756 -0.0055565432698074782 0.013375422023326535 23.265000343322757 25.010000228881839 -0.0052069021618091895 0.63574300113112814 -0.012882296816644488 -0.099340593317576872 0.21003682231455126 -0.0054052506920258528 0.044297039632623332 0.30886124546045951 -0.023628933655750358
decision_type=2 8 2 2 2 2 2 2 2 2 2 2 2 2 10 2 2 2 2 2 2 2 2 2 2 10 2 10 2 2
left_child=1 3 24 -1 5 19 7 22 10 -10 14 12 -12 17 15 -9 -5 18 -14 26 -21 -18 23 -6 -2 -24 -3 -22 -23 -13
right_child=2 4 -4 16 6 -7 -8 8 9 -11 11 29 13 -15 -16 -17 21 -19 -20 20 27 28 25 -25 -26 -27 -28 -29 -30 -31
leaf_value=-7.5600665036352818e-05 0.00085149800063127239 -0.00020963010593533224 0.0017044093988190666 0.0007501501354129391 0.00019581436172999537 0.0004968207585909505 -0.00016818337331469784 0.00041569618696376214 0.00063721323795623737 -8.5232653679356005e-05 -0.00012353396501259449 0.00015235869381311724 0.00045601603814598264 2.3012306856798888e-05 4.6825785331583103e-05 3.4162010844651616e-05 -9.0773155689775735e-05 0.00046121830638866899 3.1300740268941647e-05 0.00053898053402843908 0.0001022132341822898 5.4884608624547128e-05 -2.5492255912822213e-05 -0.00010748009893349395 0.00031100440821850992 0.00043582424066153049 3.9820179117841498e-05 -0.00012092782032115855 0.00066579387082624534 -7.7997389885439965e-05
leaf_weight=366 119 294 43 65 57 51 2193 62 44 84 290 45 47 253 103 58 179 50 81 69 262 172 2488 9455 1819 89 322 80 94 2418
leaf_count=366 119 294 43 65 57 51 2193 62 44 84 290 45 47 253 103 58 179 50 81 69 262 172 2488 9455 1819 89 322 80 94 2418
internal_value=-0.000627989 -0.000963787 0.00272337 0.00179224 -0.00109156 0.00116883 -0.00122832 -0.00100615 0.000219235 0.00867187 -9.83282e-05 -0.000555906 0.0023509 0.00555684 0.00643498 0.0116667 0.00401961 0.0121348 0.00867187 0.000452774 0.0032725 0.00275281 -0.00136446 -0.00167788 0.00245614 -0.000207607 -0.00142857 0.00143275 0.00552631 -0.00140682
internal_weight=21752 19771 1981 876 18895 1078 17817 15624 3535 128 3407 3184 721 431 223 120 510 178 128 1027 411 445 12089 9512 1938 2577 616 342 266 2463
internal_count=21752 19771 1981 876 18895 1078 17817 15624 3535 128 3407 3184 721 431 223 120 510 178 128 1027 411 445 12089 9512 1938 2577 616 342 266 2463
is_linear=0
shrinkage=0.05


Tree=26
num_leaves=31
num_cat=0
split_feature=5 4 6 6 9 8 13 9 9 10 13 5 9 14 16 16 13 13 8 5 14 1 14 3 13 16 13 16 11 16
split_gain=8.61113 3.52148 2.17568 2.01161 1.61283 1.58969 1.58017 2.3888 1.72219 2.33904 1.60122 1.44341 1.38738 1.33382 6.87684 1.31181 1.2308 2.02485 2.47945 1.19987 1.81815 1.46105 1.26789 1.32392 1.14688 1.35772 1.24365 1.86709 1.59752 1.44551
threshold=0.021494536024333825 0.014806596313310594 0.20326084618818427 -0.17014266157231481 0.22323363566193646 0.067604830131315033 14.194999694824221 -0.077437470049041876 -0.183412750286743 -0.0053055515245151166 17.394999504089359 0.013574321403487568 -0.067170611239393649 -0.14356568835631797 0.017699537286825943 0.035992594910125304 24.19999980926514 25.010000228881839 0.039684309579512862 0.02991349533982313 -0.042370343814534299 0.088385124695130504 0.042440575684467692 0.0012042122085152986 16.775000572204593 0.031133999140451788 17.605000495910648 -0.016971992011664491 0.015980558357876488 0.0096938712801958333
decision_type=2 2 2 2 10 10 2 8 10 2 2 2 8 2 2 2 2 2 8 2 2 2 2 2 2 2 2 2 2 2
left_child=1 -1 11 -2 6 -6 -4 8 -8 -10 -11 12 -3 14 -14 -13 -15 18 -18 21 -21 -5 23 -22 25 -9 -26 28 -28 -29
right_child=3 2 4 19 5 -7 7 24 9 10 -12 15 13 16 -16 -17 17 -19 -20 20 22 -23 -24 -25 26 -27 27 29 -30 -31
leaf_value=-0.00013474831276314266 0.00017452247304866088 5.1598799756247206e-05 -8.4634522046985708e-05 0.00031231169437339408 0.00046153827807920132 0.00022954159968468485 -0.00021895371493620264 7.1528329886994088e-05 -3.6320977741255111e-05 0.00071724137127120125 0.00027084537974673045 7.3749588190567261e-06 -0.00033998366414588713 -9.2657972676146405e-05 0.00036989375961898717 -0.00021759661910642544 1.4557074885716273e-05 -2.3371412606661545e-05 0.00028345965005978894 0.00024250550846924109 0.0018667737029911494 0.0010758134147761105 0.00092815016183276646 0.00080210485475963188 -0.00016342569352381916 -0.00021305257814558735 6.2331919445446357e-05 -0.00013489492539564733 0.00055112950081979484 7.1062839147596982e-05
leaf_weight=2904 925 290 1193 479 48 122 47 1358 60 62 48 2727 91 7411 45 258 48 215 41 63 48 82 61 55 595 156 569 934 41 758
leaf_count=2904 925 290 1193 479 48 122 47 1358 60 62 48 2727 91 7411 45 258 48 215 41 63 48 82 61 55 595 156 569 934 41 758
internal_value=-0.000550751 -0.000841867 -0.000568734 0.00285172 0.000199465 0.005 5.9267e-05 0.000477527 0.00559908 0.00794118 0.0122727 -0.000982385 -0.00132723 -0.00145268 0.00345588 -4.18772e-05 -0.00153921 0.00157895 0.00792135 0.00470812 0.00777533 0.00346702 0.0105488 0.013932 0.000225571 0.00134082 -0.000357267 0.000169417 0.00254098 -0.00068558
internal_weight=21734 20021 17117 1713 5991 170 5821 4628 217 170 110 11126 8141 7851 136 2985 7715 304 89 788 227 561 164 103 4411 1514 2897 2302 610 1692
internal_count=21734 20021 17117 1713 5991 170 5821 4628 217 170 110 11126 8141 7851 136 2985 7715 304 89 788 227 561 164 103 4411 1514 2897 2302 610 1692
is_linear=0
shrinkage=0.05


Tree=27
num_leaves=31
num_cat=0
split_feature=5 5 6 9 13 13 15 13 15 10 10 15 12 6 15 15 10 0 9 10 10 15 15 15 12 15 15 9 12 12
split_gain=9.04809 3.28838 2.14663 1.76744 3.00055 5.23821 3.09855 2.8097 2.11636 1.60428 2.07667 1.99303 2.02336 1.59714 1.55311 1.56352 2.03105 1.51173 1.51155 1.41831 2.13037 1.31425 1.23655 1.39984 2.426 3.14826 2.44754 1.86687 1.22074 3.20699
threshold=0.020260078510702741 0.011600902858166048 0.79840389513429522 -0.0073811533755737671 14.340000152587892 14.765000343322756 -0.0074477929224154851 12.454999923706056 -0.0052069021618091895 0.0027596163700298608 0.0020357959095680393 -0.010209857594986103 0.032286287605225568 0.20326084618818427 -0.0039199826289617037 0.011360000371036573 0.010655378584307098 -0.018020994596694092 0.33218204968030046 0.0042845596589152777 0.0052229524560013516 0.0033773289684478906 0.0092626580368480056 0.014747362030786084 0.029085927178424512 0.012326394615741256 0.0096107128387072933 0.079264897071837051 -0.049048436065559579 -0.051373899775069835
decision_type=2 2 2 8 2 2 2 2 2 2 2 2 2 2 2 2 2 2 10 2 2 2 2 2 2 2 2 8 2 2
left_child=1 13 -2 4 7 6 -6 -3 -7 10 18 -12 -13 22 -10 -16 -17 -9 -5 -11 21 -21 -1 24 -24 26 -26 -27 29 -22
right_child=2 3 -4 9 5 8 -8 17 14 19 11 12 -14 -15 15 16 -18 -19 -20 20 28 -23 23 -25 25 27 -28 -29 -30 -31
leaf_value=-0.00012147729658178008 0.00030190887622643222 0.00071567427557294111 0.00072483076138782929 -1.2928866000009925e-05 0.0011025747157249605 -9.0273427033297457e-05 0.00023323396969583362 0.00069830763325916831 0.00048083719389303945 -0.00022389137072632449 0.00025253187311958034 -0.00012038543298896609 0.00038271710462587928 -3.9279464449744466e-05 7.5066025733178191e-05 0.00035237999692024757 0.00086917547531194922 -0.00019736494729759207 0.00098668130384085037 0.00040265869171004598 -0.00013329714181948185 3.9941509167832438e-05 -8.1235532874615653e-05 -0.00011553333911086669 0.00032017401886115266 9.2730457050951368e-05 -0.00017869453586302986 0.00012354242618514417 -9.3858884828880909e-05 0.00024956092609665186
leaf_weight=6229 1602 62 346 3687 42 395 77 59 43 529 40 111 60 3857 537 85 52 568 42 73 104 126 436 298 47 42 154 48 1876 74
leaf_count=6229 1602 62 346 3687 42 395 77 59 43 529 40 111 60 3857 537 85 52 568 42 73 104 126 436 298 47 42 154 48 1876 74
internal_value=-0.000550897 -0.000871514 0.0027002 -0.000140015 0.00119792 0.00267668 0.0126471 -0.00144412 0.00160971 -0.000522167 0.000126902 0.00495261 0.00260234 -0.00144047 0.00322873 0.00264095 0.00740876 -0.00244817 -0.000146153 -0.00144141 -0.000894364 0.00404522 -0.00187759 -0.000268294 0.000914717 0.00445017 0.000970148 0.0122222 -0.00137293 0.00258427
internal_weight=21701 19753 1948 8642 1920 1231 119 689 1112 6722 3940 211 171 11111 717 674 137 627 3729 2782 2253 199 7254 1025 727 291 201 90 2054 178
internal_count=21701 19753 1948 8642 1920 1231 119 689 1112 6722 3940 211 171 11111 717 674 137 627 3729 2782 2253 199 7254 1025 727 291 201 90 2054 178
is_linear=0
shrinkage=0.05


Tree=28
num_leaves=31
num_cat=0
split_feature=5 16 12 13 13 10 10 11 11 6 7 0 16 16 13 13 16 10 10 13 13 12 13 16 11 13 10 4 10 11
split_gain=6.91707 2.90543 6.6994 4.16308 6.25235 2.52147 5.47935 5.20022 2.5126 2.1159 2.08001 2.04167 1.70924 3.20201 4.91668 6.85861 6.01207 1.81058 2.55649 1.73894 1.70288 1.70243 1.63461 1.42035 1.63249 2.19184 2.5983 1.72236 1.41232 3.47842
threshold=0.020627511735961963 -0.022872100485012811 0.082959740110242888 22.429999351501468 25.319999694824222 0.00038112321022931722 -0.00098146470718468693 0.0032511544819977538 0.027231962502118127 0.20326084618818427 -0.0079130914642725463 -0.0069396160128372122 -0.0089789103146141729 -0.0053028217124190804 15.085000038146974 13.234999656677248 -0.0076601854594831034 0.0047289362595872584 0.0103636474765072 12.119999885559084 33.719999313354499 -0.023938025174318197 23.694999694824222 -0.024148505509501369 -0.0048116735366771626 15.905000209808351 -0.0018259871478111254 0.017427264138116964 -0.0053055515245151166 0.022655260909184464
decision_type=2 2 2 2 2 2 2 2 2 2 2 2 2 2 2 2 2 2 2 2 2 2 2 2 2 2 2 2 2 2
left_child=1 2 3 5 10 6 23 -8 -7 12 11 -5 -3 14 15 -14 -17 21 -19 -15 22 -16 -2 24 25 27 -27 -1 29 -21
right_child=20 9 -4 4 -6 8 7 -9 -10 -11 -12 -13 13 19 17 16 -18 18 -20 28 -22 -23 -24 -25 -26 26 -28 -29 -30 -31
leaf_value=0.00031279098435002447 0.00034329737770339645 -0.00015699296675327976 0.0004222524356106995 0.00034317046697631781 1.6964912763346682e-05 -0.00018297534359591595 7.0622087472793293e-05 0.00093041057931914626 0.00051152828214241276 -1.8113762403663853e-05 0.0007424777835514278 2.6363281776134565e-06 -0.00038595604464167758 0.00063977803967202394 7.2554347053436604e-05 0.00011596828325969543 0.00055175121762946605 0.00018866204539521247 -0.00013375566517416564 -2.4684291860663387e-05 0.0012487008275365984 -0.00031102753257706466 -0.00013705814360893506 0.000121261540020661 -0.00020750848448217301 -7.4518071827407459e-05 0.00027693798449979716 4.7079055636218324e-05 -9.4674425095433757e-05 0.00056042431395166416
leaf_weight=52 1576 2070 44 56 246 964 120 56 73 5642 46 42 52 77 79 51 55 56 63 1138 44 289 271 50 553 433 47 54 7447 50
leaf_count=52 1576 2070 44 56 246 964 120 56 73 5642 46 42 52 77 79 51 55 56 63 1138 44 289 271 50 553 433 47 54 7447 50
internal_value=-0.000565701 -0.000840242 0.000641748 0.000336675 0.0051282 -0.0004413 0.000970695 0.00920454 -0.0022999 -0.00108647 0.0134028 0.00928571 -0.00147764 -0.00119002 0.0022093 0.00987342 0.0171698 -0.000277209 0.00508403 -0.00144169 0.00232417 -0.00201087 0.00209258 -0.000248109 -0.000610186 0.00122867 -0.000208335 0.00773585 -0.0015084 9.25914e-05
internal_weight=21796 19905 2836 2792 390 2402 1365 176 1037 17069 144 98 11427 9357 645 158 106 487 119 8712 1891 368 1847 1189 1139 586 480 106 8635 1188
internal_count=21796 19905 2836 2792 390 2402 1365 176 1037 17069 144 98 11427 9357 645 158 106 487 119 8712 1891 368 1847 1189 1139 586 480 106 8635 1188
is_linear=0
shrinkage=0.05


Tree=29
num_leaves=31
num_cat=0
split_feature=5 4 11 14 14 3 15 15 9 11 15 3 9 11 14 2 16 13 13 0 14 14 11 11 16 16 15 15 15 9
split_gain=7.84665 2.50952 1.54774 1.41577 5.03505 3.67641 1.4126 3.56994 13.0589 3.0841 2.89088 3.76942 1.93957 1.643 1.40461 1.9449 2.11947 1.59692 1.22045 3.17935 1.18304 2.43684 1.11196 4.0598 4.45683 2.83477 2.45565 4.312 2.39765 1.87689
threshold=0.020260078510702741 0.015918676417259407 -0.040606283895635913 0.0037598780805861991 0.0053913947730825926 -0.00098939627451938273 -0.011852544669722463 -0.01247086729860025 0.039357017385316946 -0.020756014565235011 -0.01611276246770121 0.002160416450883718 0.18241506184628289 -0.025492153007652226 0.058009640559056781 0.016020317957327616 0.021088576499844195 20.335000038146976 12.119999885559084 -0.00023640127962343269 -0.05546753287916955 -0.083456210331023115 0.02573480883905466 0.029571955445533264 0.010829379322412793 -0.017110456306936191 0.0050559379252853595 0.0057843360237004324 0.0043074897966833845 -0.20892226340996164
decision_type=2 2 2 2 2 2 2 2 8 2 2 2 10 2 2 2 2 2 2 2 2 2 2 2 2 2 2 2 2 10
left_child=1 3 -2 18 5 -5 7 9 -9 10 13 -12 20 -3 15 16 17 -6 19 -1 21 -11 29 24 -24 -25 -27 -28 -26 -8
right_child=2 6 -4 4 14 -7 22 8 -10 12 11 -13 -14 -15 -16 -17 -18 -19 -20 -21 -22 -23 23 25 28 26 27 -29 -30 -31
leaf_value=0.00089965869320849767 0.0020357677367752072 -6.0842853740708789e-05 0.0002812679260026929 -4.2075079803011617e-05 -1.2941468974839659e-05 0.00048793260355304343 -9.1246075857358833e-05 0.001012188390351916 -6.5663397003161319e-06 -0.00030796605020073768 9.0641469838459074e-05 0.00048696144049779303 0.00054591116128453732 0.0002323948574633362 -0.00017673814561877405 -0.00011421792771071139 0.00026058930040055419 0.00016492823549453813 -0.0001640291200615654 -0.00040283561186451775 -9.6531215053002683e-05 0.00035341892228498226 0.00033224283763532764 0.00042246735569922397 0.00015971599908286066 -0.00033974072953980318 0.00053240309825408096 -2.8344576733049517e-05 -0.00026521334292801756 -2.0429987317196926e-05
leaf_weight=40 45 194 1908 46 610 58 3038 42 121 45 69 50 41 60 791 687 53 54 2763 52 1129 42 157 67 77 590 50 500 128 8211
leaf_count=40 45 194 1908 46 610 58 3038 42 121 45 69 50 41 60 791 687 53 54 2763 52 1129 42 157 67 77 590 50 500 128 8211
internal_value=-0.000522149 -0.000820897 0.00250128 -0.0017695 -0.000846021 0.00990384 -0.000486279 0.00082822 0.00788343 0.000122698 0.00411528 0.0105462 -0.00106205 0.00110236 -0.00135535 -0.000405984 0.00141562 0.000647589 -0.00251314 0.00315217 -0.0014227 0.0041954 -0.000670153 0.000576799 0.00522099 -0.000816074 -0.00140351 0.000999999 0.000365852 -0.000844076
internal_weight=21718 19765 1953 5154 2299 104 14611 1793 163 1630 373 119 1257 254 2195 1404 717 664 2855 92 1216 87 12818 1569 362 1207 1140 550 205 11249
internal_count=21718 19765 1953 5154 2299 104 14611 1793 163 1630 373 119 1257 254 2195 1404 717 664 2855 92 1216 87 12818 1569 362 1207 1140 550 205 11249
is_linear=0
shrinkage=0.05


Tree=30
num_leaves=31
num_cat=0
split_feature=4 5 6 12 9 13 13 15 16 16 13 15 6 13 16 13 11 16 3 15 11 15 0 9 8 4 9 11 9 5
split_gain=6.06508 2.38956 2.24322 1.97215 1.84209 2.28902 1.67972 1.94832 3.78293 8.74141 1.5528 1.70563 1.44565 1.34643 1.23158 1.37316 2.39062 1.27176 2.30829 2.10792 1.58012 1.39112 1.44169 1.85991 1.82542 1.27652 1.17502 1.10127 4.87299 2.48252
threshold=0.02197207191455328 0.02553461740481083 1.231463229192316 -0.067575688865902969 0.015266128274750936 12.119999885559084 14.340000152587892 -0.0057225054653884935 -0.0056874443789798326 -0.0013067414882214077 14.484999656677248 0.00056603613523575913 -0.48448064376240702 12.454999923706056 0.035992594910125304 19.625000000000004 -0.0071962553700703471 -0.021885612276832774 -0.0095524818393765126 -0.0075585550628705081 -0.026323618530511902 0.0014486127073721768 0.014986678743512451 0.11720303507153619 -0.02876228874607217 0.026974959516260142 -0.22926161928736702 0.02573480883905466 0.27300643022210963 0.013364952798787499
decision_type=2 2 2 2 8 2 2 2 2 2 2 2 2 2 2 2 2 2 2 2 2 2 2 8 10 2 10 2 8 2
left_child=2 14 4 -3 5 -1 7 8 -7 -10 11 -8 -5 -9 15 -2 17 18 -17 25 -21 -19 23 -23 -25 -20 -14 -6 -29 -30
right_child=1 3 -4 12 27 6 10 13 9 -11 -12 -13 26 -15 -16 16 -18 21 19 20 -22 22 -24 24 -26 -27 -28 28 29 -31
leaf_value=0.00089275369122432152 8.5350529547687887e-05 0.0012363730279455216 2.9565132989631835e-05 1.4154130519368583e-05 -9.2000801575939332e-05 -0.00020385959767052616 -1.1310054392395866e-05 0.00022048455021871189 0.00066477207531726729 -6.8757718952076373e-05 1.3549984448615459e-05 0.00018607295485717468 -9.3725348084106801e-05 -0.00020911552382612067 -0.00014987686685929763 -0.00017935437214226986 -0.00020307838305991347 -0.00011324799924423344 0.00028930746730835915 0.000503679377914481 -0.00019844217197976402 -5.5311580472023346e-05 -0.00010905806701524926 0.00026292571670061184 9.5234652289872049e-05 0.00022869580849611693 0.00056633467308648123 -0.00010271751451493281 0.00013155205547685226 0.00045335287675486285
leaf_weight=48 2920 59 2036 366 9492 210 40 75 51 82 1886 41 61 964 375 59 591 302 73 51 61 112 118 43 63 40 542 748 146 41
leaf_count=48 2920 59 2036 366 9492 210 40 75 51 82 1886 41 61 964 375 59 591 302 73 51 61 112 118 43 63 40 542 748 146 41
internal_value=-0.000492258 0.00088588 -0.000999371 0.00307393 -0.00122758 -0.000216369 -0.000371754 -0.00170767 0.00155977 0.00815789 0.000566852 0.00734568 0.00253354 -0.00278633 0.000418052 0.0006508 -0.000571713 0.00101952 0.00380282 0.00611111 0.00125 -0.000219437 0.00199405 0.00440367 0.00915094 0.0109292 0.00403814 -0.00155702 8.02127e-05 0.00729946
internal_weight=21696 5836 15860 1028 13824 3397 3349 1382 343 133 1967 81 969 1039 4808 4433 1513 922 284 225 112 638 336 218 106 113 603 10427 935 187
internal_count=21696 5836 15860 1028 13824 3397 3349 1382 343 133 1967 81 969 1039 4808 4433 1513 922 284 225 112 638 336 218 106 113 603 10427 935 187
is_linear=0
shrinkage=0.05


Tree=31
num_leaves=31
num_cat=0
split_feature=4 6 9 3 8 0 8 15 13 3 4 14 10 10 10 10 12 12 10 10 15 14 3 14 14 3 0 14 10 13
split_gain=6.18432 2.14051 2.19863 2.08756 2.92799 2.00137 1.4817 1.43096 1.40525 1.5128 1.39643 1.35215 4.84034 1.2604 4.79423 3.05176 2.15664 2.30595 2.38277 5.51022 2.5444 3.45934 3.34531 2.95432 2.95463 1.73334 1.66826 1.30259 3.19828 3.46993
threshold=0.02216304566454011 0.20326084618818427 0.24905053226922827 -0.015550018544211451 -0.021382990042519531 0.045430150896270567 -0.052225102306989672 -0.023628933655750358 23.604999542236332 0.0041877730920528719 0.041305874062765834 -0.14356568835631797 0.0091813381816910917 -0.00015260304164599334 -0.00025978449841479451 -0.00020808109627140634 0.035955415841074874 0.037157324768285378 0.0045502623367793546 0.0047289362595872584 0.0037342132457133252 0.005094684764536229 0.0034955566068552994 -0.035596703045515869 -0.041613677684134036 0.0059177012282813921 -0.0012633794157800857 0.043372068741787458 -0.0055253029172103165 14.734999656677248
decision_type=2 2 10 2 10 2 10 2 2 2 2 2 2 2 2 2 2 2 2 2 2 2 2 2 2 2 2 2 2 2
left_child=1 7 -3 4 -2 6 8 -1 -5 -10 -6 12 -9 14 27 -16 -15 -18 -19 -20 25 23 -23 24 -22 -21 -17 28 29 -13
right_child=3 2 -4 5 10 -7 -8 11 9 -11 -12 13 -14 16 15 26 17 18 19 20 21 22 -24 -25 -26 -27 -28 -29 -30 -31
leaf_value=0.00012460220074837094 4.676816772286737e-05 -2.0689204548197517e-05 0.0002818235248920697 8.8684648413314855e-05 0.00082257045902414498 0.00062410275934532769 6.4690834361576837e-07 0.0004342521690390706 0.00025786826712092089 0.0005371500987195871 0.0011362434219014488 0.00037390975299303339 -5.1312904161961758e-05 -0.00013981830683074383 0.00032789024527749282 0.00022006398495962064 0.00023354716273186896 -0.00018668817789921645 0.00077142420972367044 -0.00020870253901618437 3.1445305179479636e-05 9.9802901716130072e-05 0.00035351447713244578 -0.00026283975633734948 0.00018729516296705814 0.00034995901036541095 -0.00025366371384418998 -0.00013192918611111093 -5.3922256890527198e-05 3.5074798991843448e-05
leaf_weight=50 136 5451 44 1198 51 155 3908 42 119 68 58 98 102 4065 40 40 79 1029 47 504 145 49 44 195 57 40 54 1699 1935 300
leaf_count=50 136 5451 44 1198 51 155 3908 42 119 68 58 98 102 4065 40 40 79 1029 47 504 145 49 44 195 57 40 54 1699 1935 300
internal_value=-0.000523348 -0.00102396 -0.000222931 0.000893201 0.00540816 0.00069016 0.000526165 -0.00143867 0.00193141 0.00596257 0.0115138 -0.00147861 0.00333333 -0.00154511 -0.000871341 0.00843283 -0.00199393 -0.000728644 -0.00104266 0.000596669 -0.000164411 0.00244898 0.011129 0.000415616 0.00465346 -0.00251838 0.00351064 -0.00118056 -0.000413632 0.00366834
internal_weight=21802 16109 5495 5693 245 5448 5293 10614 1385 187 109 10564 144 10420 4166 134 6254 2189 2110 1081 1034 490 93 397 202 544 94 4032 2333 398
internal_count=21802 16109 5495 5693 245 5448 5293 10614 1385 187 109 10564 144 10420 4166 134 6254 2189 2110 1081 1034 490 93 397 202 544 94 4032 2333 398
is_linear=0
shrinkage=0.05


Tree=32
num_leaves=31
num_cat=0
split_feature=4 10 15 6 13 13 4 12 15 12 9 16 3 9 8 13 3 9 13 8 9 9 8 2 15 16 15 13 2 8
split_gain=5.25471 3.49607 4.45583 2.23432 1.95689 5.13932 1.59417 1.47359 1.38073 1.61283 1.92445 1.35938 1.36893 1.35607 1.24209 1.17362 1.22435 1.19571 1.17953 1.13719 1.49934 1.08078 1.04396 1.09315 1.0295 2.95201 2.46245 3.42047 2.2924 1.57643
threshold=0.026283952902656119 -0.013327781970057238 0.014747362030786084 0.18036022504930557 24.630000114440922 25.010000228881839 0.070175159620808877 -0.03685301683685837 -0.0095695550316255967 0.05049188092826485 0.12956132339242568 0.0023540426271639885 0.002651156123055554 -0.036549432716577561 -0.094906289749818892 12.84500026702881 -0.017318882616908168 0.26151682933980497 12.230000019073488 0.043785034617067627 0.084625990464927928 0.051763667080833582 0.059700173410460085 -0.029227622668239747 0.012326394615741256 0.015966042333280254 0.014979347274697631 14.454999923706056 0.0145151657134609 -0.0039032397220690736
decision_type=2 2 2 2 2 2 2 2 2 2 8 2 2 8 8 2 2 10 2 10 10 10 10 2 2 2 2 2 2 8
left_child=1 2 4 13 8 -6 7 -2 -1 10 11 -10 -13 -3 -5 18 -17 22 -16 20 -7 -14 23 -18 -15 26 27 -26 29 -29
right_child=6 3 -4 14 5 19 -8 -9 9 -11 -12 12 21 24 15 16 17 -19 -20 -21 -22 -23 -24 -25 25 -27 -28 28 -30 -31
leaf_value=-0.00020190500285758724 -6.2474822309906567e-05 4.5999543689780584e-06 0.00047317580055905768 0.00026317966972435914 0.00050786773780976278 2.3658061006953601e-05 0.0007478889046735515 0.00016138793252879063 -6.5825094410398039e-05 0.00012896061922265279 -0.00014209721257785925 0.00030306305030302488 0.00024277295216839647 -0.00010133983414157241 0.00057864690517359693 0.00033219670351242333 -6.4956433459791761e-05 0.00034638309061928168 -0.00032701731221894729 -8.8960395350709813e-05 0.00033275054788462882 -7.3757006559028987e-05 -0.00014620815124765106 1.7402888647401776e-05 -0.00033002844729074606 -0.00014044791806085532 -1.8873543249457497e-05 0.00024744348271201985 4.9125090558074868e-05 0.00035015750631047773
leaf_weight=253 556 1093 45 41 56 151 84 2656 109 46 223 53 44 9431 60 52 1164 53 303 75 41 51 664 3525 44 446 206 49 53 46
leaf_count=253 556 1093 45 41 56 151 84 2656 109 46 223 53 44 9431 60 52 1164 53 303 75 41 51 664 3525 44 446 206 49 53 46
internal_value=-0.000542843 -0.000872559 0.00180035 -0.00105049 0.0011706 0.00444272 0.00129551 0.00111768 -0.000186137 0.00127376 0.000416665 0.00336576 0.00648649 -0.00145936 -0.000257592 -0.000318675 -0.000135582 -0.000209028 -0.00307163 0.00155431 0.00359375 0.00289474 -0.00028302 -2.02614e-05 -0.00163747 3.55438e-05 0.00316583 0.00723958 0.0108784 0.0155263
internal_weight=21673 18377 1147 17230 1102 323 3296 3212 779 526 480 257 148 11368 5862 5821 5458 5406 363 267 192 95 5353 4689 10275 844 398 192 148 95
internal_count=21673 18377 1147 17230 1102 323 3296 3212 779 526 480 257 148 11368 5862 5821 5458 5406 363 267 192 95 5353 4689 10275 844 398 192 148 95
is_linear=0
shrinkage=0.05


Tree=33
num_leaves=31
num_cat=0
split_feature=4 5 4 13 9 12 12 16 15 13 11 16 12 12 12 11 15 11 12 2 12 16 10 10 10 8 16 13 2 5
split_gain=5.20136 2.48526 1.84183 1.62258 2.22526 2.40732 3.45862 12.1152 2.85907 3.61538 5.31879 3.13213 2.96807 2.3823 3.45965 3.29349 7.10788 2.10897 2.70048 2.49969 2.00075 2.23552 1.83592 1.76007 2.9535 3.70567 2.38354 2.17023 1.76095 1.7496
threshold=0.021260305237490212 0.02553461740481083 0.01470384244808638 12.84500026702881 0.092597055829424693 0.0033715039290467268 -0.0026166502717502866 0.019649221577316304 -0.00430729748942582 13.305000305175783 0.010672166565218634 -0.0027500817190759803 0.092854768976221705 0.023117382956200586 0.019854443093846989 0.0036681526021306037 -0.010209857594986103 0.017370532095548511 0.026070276169157917 -0.057291473825762433 0.043059642208465816 -0.0080524124127051549 -0.0026372338745276331 -0.014256563971479506 -0.0026563835490860939 0.0094496683510889596 -0.013042915618191818 18.94999980926514 0.0060113224082315462 0.012934969615729951
decision_type=2 2 2 2 8 2 2 2 2 2 2 2 2 2 2 2 2 2 2 2 2 2 2 2 2 10 2 2 2 2
left_child=2 -2 -1 -4 5 6 23 -8 9 10 11 -7 13 14 15 -11 -17 22 -19 -20 21 -21 -6 -5 -25 27 -27 28 -26 -23
right_child=1 -3 3 4 17 8 7 -9 -10 12 -12 -13 -14 -15 -16 16 -18 18 19 20 -22 29 -24 24 25 26 -28 -29 -30 -31
leaf_value=-0.00011397877293999091 1.1798436618433802e-05 0.0004414108549115189 -0.00020218829327712875 0.00011080350078123674 -1.7909280660521175e-05 0.00052613314545767599 2.0281261618488606e-05 0.00047412561492070739 -7.9740259156301147e-05 -7.0887058424745728e-05 -7.8460434731357715e-05 0.00020496801298444312 0.00038252929612778825 -0.00011100191665682914 0.0003374422333002826 0.0004076414875204198 -0.00013497261920376139 -0.0001553784822077277 0.00026670609432499504 0.00028943349231815892 -0.0001147252833745264 4.1414379667824822e-05 -0.00013761086251677177 -0.00018467986001945928 9.7907205637671899e-05 0.00020596441961613404 -0.00016423340718454418 4.7090291929406604e-05 0.00019832169898147814 0.0004544229087023793
leaf_weight=2763 5618 1003 945 234 1625 48 222 50 3258 278 74 43 40 601 46 52 60 404 40 45 228 213 2644 464 160 50 394 139 50 40
leaf_count=2763 5618 1003 945 234 1625 48 222 50 3258 278 74 43 40 601 46 52 60 404 40 45 228 213 2644 464 160 50 394 139 50 40
internal_value=-0.000536165 0.000633589 -0.00104537 -0.000786134 -0.000622502 1.35706e-05 0.00157969 0.0067647 -0.000600001 0.00144122 0.00833333 0.0164286 0.000385328 -0.000130184 0.00268349 0.00115384 0.00839286 -0.0013829 0.000721648 0.00295053 0.00203422 0.00473154 -0.00186109 0.000633802 -0.0001074 0.00174653 -0.00128378 0.00560172 0.00880952 0.00290514
internal_weight=21831 6621 15210 12447 11502 6263 1763 272 4500 1242 165 91 1077 1037 436 390 112 5239 970 566 526 298 4269 1491 1257 793 444 349 210 253
internal_count=21831 6621 15210 12447 11502 6263 1763 272 4500 1242 165 91 1077 1037 436 390 112 5239 970 566 526 298 4269 1491 1257 793 444 349 210 253
is_linear=0
shrinkage=0.05


Tree=34
num_leaves=31
num_cat=0
split_feature=5 6 12 6 14 16 10 10 10 15 15 13 12 14 5 9 16 12 1 14 14 15 15 16 15 7 13 9 16 5
split_gain=4.61572 3.04643 2.51004 1.96445 1.5136 10.8377 1.34671 2.08388 3.37295 1.8043 1.96229 3.85852 1.39659 2.988 1.89699 3.33338 1.52924 1.39327 2.15466 1.89953 3.16942 1.28197 2.88773 1.77761 1.26867 1.19266 1.26551 1.33346 1.24133 1.18763
threshold=0.016950515376940391 3.0506159580118708 -0.087458748104097359 0.20326084618818427 -0.14356568835631797 0.019276561095946779 -0.00010103151992763014 -0.00025978449841479451 -0.00020808109627140634 0.0074778233000974978 0.0078008439636302338 15.654999732971193 0.048302189377787193 -0.067583665573298909 0.0098647148998930196 0.061339842518358341 -0.017110456306936191 -0.036045899235514094 0.021372470022663629 0.027028120883943799 0.042440575684467692 -0.014095972166390356 -0.01611276246770121 -0.050833204177313011 -0.0044677018122244996 -0.067727925222167126 12.84500026702881 0.26151682933980497 -0.031559912843508058 0.01331485885432316
decision_type=2 2 2 2 2 2 2 2 2 2 2 2 2 2 2 8 2 2 2 2 2 2 2 2 2 2 2 10 2 2
left_child=3 2 -2 4 5 -1 7 29 -9 12 11 -11 21 -14 15 -15 24 18 -12 -19 -21 22 -8 -23 -16 28 -27 -28 -5 -6
right_child=1 -3 -4 25 6 -7 9 8 -10 10 17 -13 13 14 16 -17 -18 19 -20 20 -22 23 -24 -25 -26 26 27 -29 -30 -31
leaf_value=-0.0002947297175224325 0.0011441603780168181 0.00091958804608779248 8.4427954483222762e-05 1.825328826482741e-05 -5.6260953064864665e-05 0.00043041545224424576 -7.227441654892077e-05 0.00032923787451302267 3.8193027381994816e-05 0.00027741208849908723 0.00014013989472058433 -5.2501808058194451e-05 0.00019375945990203047 0.0003852401634776532 -0.00024173053925169606 -0.00023959378146811187 -0.00017076393406273427 -8.2382087580717796e-05 -0.00019376122400035776 0.00029326410801627198 -0.0001906372982719128 6.8980484146386603e-05 0.0001805770929870907 -0.00015702141974240649 0.0001641088095691018 -0.00024346916972675203 -7.5813565915045205e-06 0.0003046748424010955 0.00036674534852401339 4.833558753367902e-05
leaf_weight=137 45 52 2884 57 3776 43 110 44 153 56 40 126 48 82 40 66 740 1304 41 44 65 60 51 4224 73 351 6002 61 46 932
leaf_count=137 45 52 2884 57 3776 43 110 44 153 56 40 126 48 82 40 66 740 1304 41 44 65 60 51 4224 73 351 6002 61 46 932
internal_value=-0.000554637 0.00127306 0.00106009 -0.000844877 -0.00121787 0.00333333 -0.00128572 -0.0006473 0.00439086 -0.00172246 -0.000286397 0.00461538 -0.00216054 -0.000519544 -0.0011039 0.00412162 -0.00201055 -0.000883535 0.00549383 -0.00124912 0.00509174 -0.00254781 0.0018323 -0.00271242 0.00340708 -0.000143472 -0.000229187 -6.02024e-05 0.00519417 -0.000858115
internal_weight=21753 2981 2929 18772 12255 180 12075 4905 197 7170 1676 182 5494 1049 1001 148 853 1494 81 1413 109 4445 161 4284 113 6517 6414 6063 103 4708
internal_count=21753 2981 2929 18772 12255 180 12075 4905 197 7170 1676 182 5494 1049 1001 148 853 1494 81 1413 109 4445 161 4284 113 6517 6414 6063 103 4708
is_linear=0
shrinkage=0.05


Tree=35
num_leaves=31
num_cat=0
split_feature=4 10 14 14 11 14 11 13 13 11 11 10 4 4 0 8 0 11 11 13 13 13 13 13 2 4 12 14 12 12
split_gain=4.02659 2.19869 2.4576 4.2417 2.33094 3.00967 4.02134 3.60655 3.09145 2.86129 2.50235 2.73358 2.03702 1.9719 2.15982 1.83084 1.80913 3.21582 1.59971 2.80166 9.28485 1.98975 3.60746 1.58863 2.44178 1.53981 1.59128 2.13728 15.5731 2.22848
threshold=0.026495881325856393 -0.013327781970057238 0.058009640559056781 0.023814289245349455 0.03197650803521624 0.052213768787031663 0.00036209902272010824 16.260000228881839 15.654999732971193 0.0033857060530237963 -0.0052557627867218506 0.0098339065977474122 0.070175159620808877 0.020317090754314041 0.014149274277170944 -0.10171477117279813 -0.0084455214479506862 0.0029094650612268018 -0.012158378577427352 14.904999732971193 14.454999923706056 17.994999885559086 18.185000419616703 24.779999732971195 -0.019096277091470378 0.014220274226350525 -0.032606247407298776 -0.13532199000438486 0.00075812242422568243 -0.027486551032664949
decision_type=2 2 2 2 2 2 2 2 2 2 2 2 2 2 2 8 2 2 2 2 2 2 2 2 2 2 2 2 2 2
left_child=1 16 3 15 5 7 -7 8 10 -8 -5 13 -2 14 -12 -3 23 -18 19 20 -17 -21 -23 -1 -25 -20 -27 28 -28 -29
right_child=12 2 -4 4 -6 6 9 -9 -10 -11 11 -13 -14 -15 -16 18 17 -19 25 21 -22 22 -24 24 -26 26 27 29 -30 -31
leaf_value=-0.00015539796458263766 9.374591679178419e-05 0.00029044221907450601 -0.00016018866327530327 0.00023472393010494377 0.00047878758817281389 -1.0828422105906908e-05 0.0005228460783507303 -6.4990361509018778e-05 0.00023341865468533204 0.00014905396965139163 -0.00013344417400044356 0.00030862651718661086 0.00069366052980054374 0.00029139286994929659 0.00019973477730275647 -0.00012427157118741544 4.8904204692726695e-05 0.00028468775405352307 -0.00015048453204849997 -0.00023802347505219674 0.00040687111153494626 0.00035094502347043048 1.4431368526418562e-06 0.00018542322467103741 -9.7467682393080689e-05 -0.00018288594152519774 0.00036061306816728835 7.6950389465967953e-05 -0.00032672983719397365 -6.6574812465052663e-05
leaf_weight=288 3167 53 1986 100 46 115 50 1256 61 67 453 49 83 94 46 76 653 90 1317 325 46 72 949 66 95 602 63 165 194 9129
leaf_count=288 3167 53 1986 100 46 115 50 1256 61 67 453 49 83 94 46 76 653 90 1317 325 46 72 949 66 95 602 63 165 194 9129
internal_value=-0.000500093 -0.000785152 -0.000928152 -0.000713728 0.00124732 0.00102357 0.00642241 0.000415249 0.00303238 0.0129487 0.00214286 0.000996884 0.00112308 5.90207e-05 -0.00119239 -0.00106651 0.00129195 0.00280619 -0.0011045 0.00044959 0.00770492 -0.000208025 0.00087659 -0.00121381 0.00276397 -0.0013034 -0.00109475 -0.000937599 0.00356031 -0.00106198
internal_weight=21756 18506 17314 15328 2337 2291 232 2059 803 117 742 642 3250 593 499 12991 1192 743 12938 1468 122 1346 1021 449 161 11470 10153 9551 257 9294
internal_count=21756 18506 17314 15328 2337 2291 232 2059 803 117 742 642 3250 593 499 12991 1192 743 12938 1468 122 1346 1021 449 161 11470 10153 9551 257 9294
is_linear=0
shrinkage=0.05


Tree=36
num_leaves=31
num_cat=0
split_feature=5 5 6 9 13 13 10 14 14 12 10 13 11 13 13 12 14 8 13 11 11 13 9 15 6 12 12 6 9 11
split_gain=4.19478 2.00049 1.99781 1.4097 3.17238 1.76876 1.57352 1.65566 3.12294 3.40298 2.22482 3.08637 1.79871 1.50486 2.46478 1.53134 1.49424 1.38118 1.37993 1.60089 1.3396 1.26558 1.7454 1.62077 2.02954 1.83767 1.69323 1.48518 1.45602 1.30744
threshold=0.013574321403487568 0.02553461740481083 0.88055523000409808 0.015266128274750936 12.119999885559084 14.340000152587892 -0.013327781970057238 0.058009640559056781 0.054586954999164335 0.017439018002644805 -0.005204649425331386 15.944999694824221 -0.0037732110910037582 20.154999732971195 20.865000724792484 -0.049048436065559579 -0.021911996714153944 0.077887222510831147 19.010000228881839 0.014319946344864666 0.021985340636656584 18.94999980926514 0.60617567406127515 -0.003428771509846495 -1.0283486779547033 1.0000000180025095e-35 -0.0062518932096157767 1.0103124525413496 0.60617567406127515 0.0035059532242039952
decision_type=2 2 2 8 2 2 2 2 2 2 2 2 2 2 2 2 2 10 2 2 2 2 8 2 2 2 2 2 8 2
left_child=2 18 3 4 -1 16 13 8 10 -10 11 12 -8 -5 -15 -16 -6 -3 21 -20 -19 22 23 24 -2 26 29 -27 -23 -25
right_child=1 17 -4 6 5 -7 7 -9 9 -11 -12 -13 -14 14 15 -17 -18 20 19 -21 -22 28 -24 25 -26 27 -28 -29 -30 -31
leaf_value=0.00072181335932452464 0.00071641394259185261 0.0001983006590029223 1.5377877176851617e-05 -6.8021040346479106e-05 -0.00031997334198850537 2.490751042462035e-05 0.00022173206245835908 -0.00021918361789113525 -0.00015685841235125216 0.00041722125392074913 -8.5104129606501086e-05 -5.3462917896445454e-05 -1.9741873018505709e-05 0.00021218942866128282 0.00020312623465035758 -7.3951927877923324e-05 -2.8851317777049502e-05 0.00049955654385283892 -5.7883345914856514e-08 -0.00020836056482786779 0.0013788020269459428 -0.00013576818083400083 -8.7016467695641731e-05 0.00080975158669552771 0.00015694902251165506 -5.1890574392689892e-05 0.0010524692412018531 0.00038799209065290237 0.00045342349402841979 -0.00021865815598458857
leaf_weight=49 65 711 2887 220 424 1759 129 1125 43 40 7363 314 44 44 100 174 933 244 1671 488 50 41 629 72 560 1191 58 203 48 69
leaf_count=49 65 711 2887 220 424 1759 129 1125 43 40 7363 314 44 44 100 174 933 244 1671 488 50 41 629 72 560 1191 58 203 48 69
internal_value=-0.000489242 0.00062295 -0.000922803 -0.00119152 -0.000276462 -0.000474969 -0.00149333 -0.00164937 -0.00139481 0.00825301 -0.00149682 0.00177618 0.00713873 0.00113383 0.00333333 0.00156934 -0.00183125 0.00266169 0.000220804 -0.000738769 0.00554422 0.000926429 0.000742886 0.00140216 0.00356 0.000555554 0.00505025 -8.60844e-05 0.00679775 0.0020922
internal_weight=21748 6100 15648 12761 3165 3116 9596 9058 7933 83 7850 487 173 538 318 274 1357 1005 5095 2159 294 2936 2847 2218 625 1593 199 1394 89 141
internal_count=21748 6100 15648 12761 3165 3116 9596 9058 7933 83 7850 487 173 538 318 274 1357 1005 5095 2159 294 2936 2847 2218 625 1593 199 1394 89 141
is_linear=0
shrinkage=0.05


Tree=37
num_leaves=31
num_cat=0
split_feature=4 4 9 9 12 12 16 15 13 13 13 13 11 12 15 14 14 11 12 12 14 15 13 12 12 15 16 3 14 14
split_gain=4.06531 1.62161 1.38026 1.44205 2.59589 3.15865 12.0042 2.31689 8.99777 3.29095 3.88874 5.20497 3.03037 2.96109 2.15942 2.01957 3.66744 1.9702 3.55117 4.36455 1.40977 1.77128 1.40162 1.47966 3.42714 4.84341 1.37313 3.44643 1.3567 1.90378
threshold=0.02197207191455328 0.070175159620808877 0.22323363566193646 0.1252814462993769 0.0037862010061723299 -0.0026166502717502866 0.019649221577316304 -0.0040478126610009593 12.119999885559084 12.84500026702881 13.305000305175783 13.194999694824221 -0.012789082312227194 0.092854768976221705 -0.021615672285812456 0.004407866869301503 0.0053913947730825926 0.02573480883905466 0.026070276169157917 0.034607885588802352 0.13092898697672287 0.0014486127073721768 17.369999885559086 0.025773504554040153 0.0094949334570126904 -0.010902746645946258 -0.024148505509501369 0.0055633411164740529 0.01595765242020886 0.055948056460050417
decision_type=2 2 10 8 2 2 2 2 2 2 2 2 2 2 2 2 2 2 2 2 2 2 2 2 2 2 2 2 2 2
left_child=2 -2 3 4 5 20 -7 8 -6 -10 11 -11 -12 14 -14 26 -17 28 -19 -20 -1 -22 23 24 -16 -26 27 -9 -5 -30
right_child=1 -3 -4 17 7 6 -8 15 9 10 12 -13 13 -15 22 16 -18 18 19 -21 21 -23 -24 -25 25 -27 -28 -29 29 -31
leaf_value=-2.169218756865895e-05 3.553198951510303e-05 0.00070076446222113505 0.00013736209766167346 -0.00012951927093116293 0.00085883693728849647 1.001453219276245e-05 0.00041813558658573699 -6.9872411269789123e-05 -0.00028210996717639025 8.5762709469908586e-05 0.00027135348642794908 0.00050147750600641598 0.00012846573042316975 0.00022202105219600992 -0.00040390755073689869 0.00025642456234022917 -3.2406185108458734e-05 -0.0002350623174652511 0.00028367992558671183 2.0305802540881667e-05 -3.2369283550414588e-05 0.00023488878487074413 -0.00021771837075217591 -9.3280640596102058e-05 0.00029939577134572383 3.075518664712389e-05 -0.000149890977975697 0.00036266233772894846 2.3141707310574328e-05 -0.00012488119884157992
leaf_weight=1904 5757 89 192 3018 46 419 79 196 339 165 55 59 54 48 151 69 2094 187 82 142 169 110 461 562 68 292 3247 41 757 869
leaf_count=1904 5757 89 192 3018 46 419 79 196 339 165 55 59 54 48 151 69 2094 187 82 142 169 110 461 562 68 292 3247 41 757 869
internal_value=-0.000465219 0.00066199 -0.000880316 -0.000931902 -0.000601243 0.000744124 0.00433735 -0.00105512 0.000282608 -0.000164154 0.000639685 0.00683036 -0.000180368 -0.000568461 -0.000938288 -0.00159997 -0.000399909 -0.0016271 0.001691 0.0059375 -7.55853e-05 0.00324373 -0.00128423 -0.000293571 0.00165362 0.00430555 -0.00234501 0.00132911 -0.00192076 -0.000756459
internal_weight=21721 5846 15875 15683 10628 2681 498 7947 2300 2254 1915 224 1691 1636 1588 5647 2163 5055 411 224 2183 279 1534 1073 511 360 3484 237 4644 1626
internal_count=21721 5846 15875 15683 10628 2681 498 7947 2300 2254 1915 224 1691 1636 1588 5647 2163 5055 411 224 2183 279 1534 1073 511 360 3484 237 4644 1626
is_linear=0
shrinkage=0.05


Tree=38
num_leaves=31
num_cat=0
split_feature=4 6 10 10 12 12 11 11 7 11 3 10 12 4 13 9 14 16 11 11 11 3 9 9 13 16 16 14 14 13
split_gain=3.95906 1.81736 1.60811 5.81695 1.63414 1.73014 1.47666 1.40076 1.39204 1.41868 1.33686 1.67958 1.30185 1.21522 1.41386 3.42326 1.24976 6.90297 1.41566 1.60663 2.97265 2.501 2.07695 1.21947 1.57609 2.10851 2.74638 1.92062 4.9303 1.78732
threshold=0.02216304566454011 0.5293967275587369 -0.00015260304164599334 -0.00025978449841479451 0.041313274781468741 0.017439018002644805 0.045591167028525621 -0.014526458794264228 -0.13455509394709106 -0.012158378577427352 -0.004804813113762906 -0.0027818426552366766 0.010183672155494096 0.015633978548288827 12.119999885559084 0.037916677019430363 -0.13532199000438486 0.019276561095946779 0.035212885385391253 0.02573480883905466 0.029571955445533264 -0.0031696344835056007 -0.13768442404301048 -0.16408708028999011 14.244999885559084 -0.002370074626843965 -0.0031347772881644693 -0.013693091090924312 -0.011513166785666882 14.765000343322756
decision_type=2 2 2 2 2 2 2 2 2 2 2 2 2 2 2 10 2 2 2 2 2 2 10 10 2 2 2 2 2 2
left_child=1 13 3 4 5 12 -4 -7 9 -2 -9 -12 -3 14 15 -1 17 -15 19 23 21 -21 -22 -18 -25 26 29 -27 -29 -26
right_child=8 2 6 -5 -6 7 -8 10 -10 -11 11 -13 -14 16 -16 -17 18 -19 -20 20 22 -23 -24 24 25 27 -28 28 -30 -31
leaf_value=0.00063718612312938644 0.0019730330764005525 3.0677703694355544e-05 -6.2480285124072801e-05 0.00033336056687787525 -0.00018488103458814679 0.00028568814674121118 0.00027519503799876662 -0.00015930652282305032 3.3335506663313591e-05 0.00010944698737847619 0.00016781132249965952 -4.9909893602741688e-05 -0.00027816796569654216 -9.0271484377252111e-05 -0.00010408838471828389 -0.00027588311199864749 -8.8044875738347832e-05 0.00031706974068325085 -0.00023188352659015592 0.00058288641136157047 0.00023017029146344837 0.00010124723632207903 -0.0002856419352147927 -0.00012513862947979067 0.00026920635106946611 -0.00015288093046873547 0.00018478193682596367 0.00057792616818479788 -1.6245480121601196e-05 1.2237415335401661e-05
leaf_weight=40 44 886 2034 47 248 48 53 81 5623 45 269 130 206 163 3415 46 2088 46 388 42 58 143 214 1540 85 927 55 48 1379 1424
leaf_count=40 44 886 2034 47 248 48 53 81 5623 45 269 130 206 163 3415 46 2088 46 388 42 58 143 214 1540 85 927 55 48 1379 1424
internal_value=-0.000537475 -0.000938646 -1.49937e-05 0.00103133 0.000594217 0.00117284 -0.000975085 0.00352273 0.000593486 0.00679775 0.00270833 0.00389724 3.66288e-05 -0.00124411 -0.00202942 0.00430232 -0.00092442 0.00289474 -0.00101955 -0.000876547 0.00200219 0.00689189 -0.00132353 -0.00105089 -0.000657751 -0.000125065 0.00129795 -0.00107052 8.05875e-05 0.000897944
internal_weight=21815 16103 4002 1915 1868 1620 2087 528 5712 89 480 399 1092 12101 3501 86 8600 209 8391 8003 457 185 272 7546 5458 3918 1564 2354 1427 1509
internal_count=21815 16103 4002 1915 1868 1620 2087 528 5712 89 480 399 1092 12101 3501 86 8600 209 8391 8003 457 185 272 7546 5458 3918 1564 2354 1427 1509
is_linear=0
shrinkage=0.05


Tree=39
num_leaves=31
num_cat=0
split_feature=4 6 9 5 11 13 13 13 11 6 6 12 11 3 11 5 0 13 5 14 9 2 13 8 14 11 5 5 10 10
split_gain=4.6895 1.78554 2.11532 1.69649 1.62241 1.51054 1.28887 1.28563 2.06249 1.13947 1.2186 1.16502 1.14586 1.1451 1.66704 1.83879 1.30066 1.11067 1.3698 1.79168 1.08116 1.06604 1.72531 1.68033 1.39807 1.04176 1.95921 1.0152 0.980401 3.0975
threshold=0.021636582537622906 -0.093402689371610295 0.22323363566193646 0.011820182455834568 -0.055970662091911087 14.194999694824221 12.119999885559084 14.484999656677248 -0.0038922440129086073 0.16792904372088077 0.25507375606693777 0.02697009064661449 -0.0033980603845414899 0.008523576288084202 0.006555889816587058 0.021074750658441738 0.0041311963789484327 19.329999923706058 0.02705583328308549 -0.023264351429904847 0.015266128274750936 -0.025934273803975168 12.454999923706056 0.025001925245839 -0.075454415356713087 -0.019307177891106305 0.012309904786126537 0.011156822100115408 0.0047289362595872584 0.0050045154394297029
decision_type=2 2 10 2 2 2 2 2 2 2 2 2 2 2 2 2 2 2 2 2 8 2 2 10 2 2 2 2 2 2
left_child=1 20 5 -4 -2 6 -3 8 -7 12 11 -11 -6 16 -15 -16 -12 -14 -19 -20 21 -1 -23 24 -24 26 -26 -10 -9 -30
right_child=4 2 3 -5 9 7 -8 28 27 10 13 -13 17 14 15 -17 -18 18 19 -21 -22 22 23 -25 25 -27 -28 -29 29 -31
leaf_value=-0.00010121391467954675 0.00066095436346600843 0.00072885932005500018 8.6944607064896954e-05 0.00059647764290053022 9.6217852633526571e-05 0.00020203562893412945 -0.00010453130320100782 -2.2531093640373953e-05 -0.00011238584323832533 0.00039912969620444194 0.00010180555199471669 -5.0436240869903934e-05 5.9722560328761956e-06 1.1432138419282323e-05 0.00032503380700711556 0.001279857946487942 -4.6165441242784568e-05 -0.00023263116656594901 -0.00031465806702547501 0.00091022374961943525 -7.8093036892329428e-05 0.00042396128001802774 0.00014386524937565925 -0.00017219345558736569 8.331236568146794e-05 -5.0213350922660941e-06 -0.00010459154254670311 0.00028680758108762087 0.00020985845274855967 2.4025758059747812e-05
leaf_weight=723 72 42 49 40 1250 94 1568 3533 82 120 980 55 2132 185 91 90 632 513 59 40 6412 74 60 284 44 882 52 55 67 1448
leaf_count=723 72 42 49 40 1250 94 1568 3533 82 120 980 55 2132 185 91 90 632 513 59 40 6412 74 60 284 44 882 52 55 67 1448
internal_value=-0.00042756 -0.000892709 -0.000299514 0.00735955 0.000732432 -0.000398463 -0.00173913 1.04174e-05 0.00365801 0.000645029 0.00157222 0.00557143 0.000145217 0.0012184 0.00374317 0.00715469 0.00064516 -0.000426386 -0.00230392 0.00308081 -0.00137792 -0.000398774 0.000408308 -7.56549e-06 0.000924854 0.000470346 0.00541667 -0.000255476 -0.000156499 0.00090759
internal_weight=21728 15509 6978 89 6219 6889 1610 5279 231 6147 2153 175 3994 1978 366 181 1612 2744 612 99 8531 2119 1396 1322 1038 978 96 137 5048 1515
internal_count=21728 15509 6978 89 6219 6889 1610 5279 231 6147 2153 175 3994 1978 366 181 1612 2744 612 99 8531 2119 1396 1322 1038 978 96 137 5048 1515
is_linear=0
shrinkage=0.05


Tree=40
num_leaves=31
num_cat=0
split_feature=4 4 10 10 10 13 12 11 15 11 15 11 14 10 10 2 9 15 13 10 12 1 13 8 14 11 13 11 11 6
split_gain=3.37736 1.79391 1.50323 5.93672 4.43747 2.54573 1.99714 2.11 9.27329 1.73689 2.24532 3.08959 1.45205 3.60064 4.53502 5.7216 2.75627 2.65461 1.99101 1.34817 1.60042 1.33813 1.43091 1.7561 1.32781 1.31658 1.63697 1.82265 2.41954 1.64993
threshold=0.026283952902656119 0.01619874092952666 -3.2316766858164751e-05 -0.00025978449841479451 -0.00020808109627140634 18.719999313354496 0.050860094870715973 0.027231962502118127 0.0050559379252853595 0.013034509173491029 0.016655850678827137 0.0084762607672295171 -0.049735428455543622 0.0052229524560013516 0.0043510585935800936 -0.04316168591576957 -0.0073811533755737671 0.0054961754539679672 18.335000038146976 0.015021993582677752 0.0082902171521933594 -0.033442725134020128 18.595000267028812 -0.0049672648147778267 -0.054330610723124943 -0.043674023036412872 23.694999694824222 -0.021243807178240256 -0.024572919887126395 3.0506159580118708
decision_type=2 2 2 2 2 2 2 2 2 2 2 2 2 2 2 2 8 2 2 2 2 2 2 8 2 2 2 2 2 2
left_child=1 19 3 6 -5 -6 7 9 -9 10 -3 -12 13 14 15 -4 17 -15 -19 -1 -21 22 -14 -24 -17 -2 27 28 -27 -29
right_child=25 2 12 4 5 -7 -8 8 -10 -11 11 -13 21 16 -16 24 -18 18 -20 20 -22 -23 23 -25 -26 26 -28 29 -30 -31
leaf_value=-7.5450961291674331e-05 0.00047742600549313018 2.4101707373428538e-06 0.00048328316794572199 0.0004292265523833391 8.7981647184972151e-06 0.00041440353519952211 -0.00020320298386600758 -0.00027430658662408539 0.00082706790715785699 -0.00019405406661448198 -5.5014880803545042e-06 0.00044203436305701436 -1.1899464639256624e-05 -0.00010546774197032842 0.0003164707609017122 -0.00026089922677555914 -6.55902549342982e-05 0.00036025551637844334 1.2767101146888338e-05 0.00026078356627588285 -0.00014777982309024866 -9.0538664209481449e-05 0.00033502719797289318 -6.8168814490939866e-07 0.00014233324977441358 0.00021013632501024136 -0.00012574782279017237 6.9006992249362627e-05 0.0013474547490469121 0.00084690264923879431
leaf_weight=5622 55 4202 48 43 112 42 534 73 46 358 61 48 350 163 57 144 1567 120 65 47 65 4409 41 41 76 106 531 2514 55 50
leaf_count=5622 55 4202 48 43 112 42 534 73 46 358 61 48 350 163 57 144 1567 120 65 47 65 4409 41 41 76 106 531 2514 55 50
internal_value=-0.000504737 -0.000770155 -0.000436509 0.000182097 0.00870558 0.00474026 -0.00013341 0.000190057 0.0067647 2.24876e-05 0.000300393 0.00738532 -0.000918657 0.000133927 0.005 0.00227612 -0.000691907 0.00333333 0.00743243 -0.00150331 0.00392857 -0.0014057 0.00125 0.00719512 -0.00113636 0.000964964 0.00083538 0.00133027 0.00649068 0.00100624
internal_weight=21645 18334 12600 5519 197 154 5322 4788 119 4669 4311 109 7081 2240 325 268 1915 348 185 5734 112 4841 432 82 220 3311 3256 2725 161 2564
internal_count=21645 18334 12600 5519 197 154 5322 4788 119 4669 4311 109 7081 2240 325 268 1915 348 185 5734 112 4841 432 82 220 3311 3256 2725 161 2564
is_linear=0
shrinkage=0.05


Tree=41
num_leaves=31
num_cat=0
split_feature=5 16 13 13 12 7 14 14 12 12 0 13 13 15 0 9 16 14 13 2 14 14 11 13 11 11 12 3 2 1
split_gain=3.12673 1.65414 4.00398 5.30121 3.61785 3.05969 2.22207 3.22117 6.24694 4.08845 3.66846 3.328 2.21584 1.85061 1.87193 2.06652 2.29904 2.08337 1.83128 5.65414 1.50596 3.57623 9.83134 1.82211 1.65124 1.76889 2.29893 1.82976 1.82172 1.57064
threshold=0.020627511735961963 -0.022872100485012811 22.429999351501468 25.319999694824222 0.082959740110242888 -0.0070563733518427809 0.018934443393513026 0.047142331582309634 0.0098181061212317972 0.0086975784270316731 -0.0024026743979472793 20.335000038146976 13.894999980926515 0.0073571541918037173 0.0027392854722603226 -0.077437470049041876 0.0094526457228220079 -0.011513166785666882 12.119999885559084 0.016487774464555075 -0.013693091090924312 -0.011513166785666882 -0.0068475669097032279 13.414999961853029 0.013148939613643941 0.011124133624280887 0.044298459812645137 0.0036709607641085555 0.032506878073539476 -0.02193249894086274
decision_type=2 2 2 2 2 2 2 2 2 2 2 2 2 2 2 10 2 2 2 2 2 2 2 2 2 2 2 2 2 2
left_child=1 2 4 5 6 -4 -1 8 9 10 -8 -9 -10 18 15 17 -17 -15 19 -3 -20 22 -22 -24 25 28 27 -27 -23 -26
right_child=-2 13 3 -5 -6 -7 7 11 12 -11 -12 -13 -14 14 -16 16 -18 -19 20 -21 21 24 23 -25 29 26 -28 -29 -30 -31
leaf_value=-8.2458078668521745e-05 0.00023879752645223208 -0.00020862090829912232 0.00021049133783338417 3.6145330394879147e-05 0.0003338888422622529 0.00063893966717519122 -5.6318752715035306e-05 -0.00015255715194725 0.00050665996041754217 0.00088053411581034643 0.00037514082662909866 0.00021617838580795311 -0.00020599783603160896 8.1601609535427659e-05 -1.4505199159683732e-05 -0.00016804011081841239 0.00018958390504345322 0.00063095792437798531 -0.00011309736913822589 0.00079456935768944909 0.00042679316178647768 -5.8630958836513203e-06 0.00024590369664556297 -0.00011040156907890058 0.00011353396692202603 9.3622830148708055e-05 -0.00014860825106352544 0.00049691143133514669 -8.950949329085265e-05 -0.0001825208343729861
leaf_weight=1447 1872 93 96 231 50 43 55 523 53 44 49 70 151 64 3627 212 303 60 4827 50 69 3312 43 194 172 237 116 40 1887 1768
leaf_count=1447 1872 93 96 231 50 43 55 523 53 44 49 70 151 64 3627 212 303 60 4827 50 69 3312 43 194 172 237 116 40 1887 1768
internal_value=-0.000516593 -0.000700494 0.000423185 0.00527027 -0.000311222 0.0129856 -0.000589466 0.0012963 0.00508523 0.0129054 0.0075 -0.000952784 -0.000588236 -0.000885558 1.64076e-05 0.00251174 0.0011165 0.00830645 -0.00118598 0.00444056 -0.00124951 -0.000821639 0.00447712 -0.000358651 -0.00103691 -0.00060086 0.00263359 0.0051083 -0.000845356 -0.00229382
internal_weight=21758 19886 2812 370 2442 139 2392 945 352 148 104 593 204 17074 4266 639 515 124 12808 143 12665 7838 306 237 7532 5592 393 277 5199 1940
internal_count=21758 19886 2812 370 2442 139 2392 945 352 148 104 593 204 17074 4266 639 515 124 12808 143 12665 7838 306 237 7532 5592 393 277 5199 1940
is_linear=0
shrinkage=0.05


Tree=42
num_leaves=31
num_cat=0
split_feature=5 1 15 10 14 15 2 1 6 11 8 14 11 10 16 9 11 15 16 11 6 14 11 11 16 14 11 9 5 11
split_gain=3.0922 1.69488 1.49074 3.55776 4.99299 1.9679 1.92227 1.66809 1.57569 1.39555 2.03873 1.36214 3.97387 1.34007 1.29085 1.34223 1.25092 1.36197 1.23103 2.50973 2.10944 1.1704 1.98747 3.38697 7.87415 1.63763 3.70909 1.58321 3.21881 1.31868
threshold=0.011738870962773233 -0.076785368317410493 -0.008338990073775308 -0.0019060348460245289 0.040951993391927573 -0.011395761755104204 0.063982000817177323 -0.015860822887039824 0.69540250389844693 -0.021243807178240256 -0.13528540935238006 0.018934443393513026 0.031328768079461174 0.0084728962045924634 -0.014068435660723575 -0.045382899762913813 0.031328768079461174 0.0078008439636302338 -0.027312110170243594 -0.0070947628288289813 0.6013001726549877 -0.015515001009757 0.015980558357876488 0.016536743017330883 0.013278065486890369 -0.012700650003930223 -0.0027765970231875543 0.094638746831065781 0.0084240961030082988 0.013034509173491029
decision_type=2 2 2 2 2 2 2 2 2 2 10 2 2 2 2 10 2 2 2 2 2 2 2 2 2 2 2 8 2 2
left_child=21 9 3 18 5 13 7 -7 11 10 -2 16 -13 -5 15 -11 -4 -18 19 20 -3 22 -1 24 -24 26 -23 -25 -29 -27
right_child=1 2 8 4 -6 6 -8 -9 -10 14 -12 12 -14 -15 -16 -17 17 -19 -20 -21 -22 25 23 27 -26 29 -28 28 -30 -31
leaf_value=-0.00010631716893786251 0.0033652084448516912 0.00037679396566615088 -3.5527833855141118e-05 0.00012007148322594206 0.00089996847661018222 0.00016037144508073873 -6.689754432411499e-05 0.00040003181974048672 0.00010656774816666139 4.9566752356351297e-05 0.0001305617527783107 7.417885827974282e-06 0.00043230976751180706 -0.00051759193561197079 -0.00043363399641500601 0.00090652769724310946 -0.00034184571289501897 2.0277505619324112e-05 -8.0556276155605822e-05 -0.00023380896141694162 -1.3716773365200679e-05 0.00023526369085247122 0.00061814422635001062 -0.00012804075253183521 -0.00027314308702282617 -1.140282115666116e-05 -2.2789567269204349e-05 0.00036777254780952196 5.1928965439389764e-06 -0.00011398252794430209
leaf_weight=3358 40 122 4092 271 58 131 49 105 1540 76 53 1708 73 85 109 52 486 156 662 146 74 55 56 627 61 5121 132 40 469 1664
leaf_count=3358 40 122 4092 271 58 131 49 105 1540 76 53 1708 73 85 109 52 486 156 662 146 74 55 56 627 61 5121 132 40 469 1664
internal_value=-0.000376311 0.000263678 0.000144496 0.00148855 0.00422747 0.00295632 0.00605263 0.00792373 -0.000139666 0.00378788 0.00897849 -0.000479664 0.000699044 0.000477527 0.00175105 0.00515625 -0.000923111 -0.00297508 -0.000418328 0.00201754 0.00571428 -0.000933697 -0.00155173 0.000147644 0.00824786 -0.000524958 0.00409091 -0.000686621 0.00138507 -0.000652175
internal_weight=21671 10088 9758 1703 699 641 285 236 8055 330 93 6515 1781 356 237 128 4734 642 1004 342 196 11583 4611 1253 117 6972 187 1136 509 6785
internal_count=21671 10088 9758 1703 699 641 285 236 8055 330 93 6515 1781 356 237 128 4734 642 1004 342 196 11583 4611 1253 117 6972 187 1136 509 6785
is_linear=0
shrinkage=0.05


Tree=43
num_leaves=31
num_cat=0
split_feature=5 4 10 10 14 13 12 12 10 10 10 9 6 14 11 11 10 10 10 13 9 13 12 1 6 14 1 12 12 10
split_gain=2.4071 1.56227 1.59602 6.45924 2.44493 5.66721 1.71322 1.56462 1.70778 1.37102 3.1323 2.56733 1.27354 1.39056 1.24279 3.23438 5.80874 2.53202 3.58974 1.33206 1.58832 2.77486 1.44163 1.80139 1.0707 1.61646 4.19255 1.20604 3.29744 3.30314
threshold=0.020627511735961963 0.015918676417259407 -0.00010103151992763014 -0.00025978449841479451 -0.0080681674930397889 15.425000190734865 0.054230156972347017 0.01609265809314964 0.015021993582677752 0.0010681623083543814 0.0012069827106450106 0.1097267648728998 2.8979862976651325 -0.0032889554051496734 0.016138382759851803 0.016536743017330883 0.0045502623367793546 0.0081754329593887193 0.010263968374022882 13.085000038146974 0.079264897071837051 13.305000305175783 0.048021249302454556 0.0044493599958737038 -0.55220202039655553 -0.14356568835631797 0.0089667463926738095 0.033123011585089464 0.033859916134082464 0.0079068184593043007
decision_type=2 2 2 2 2 2 2 2 2 2 2 8 2 2 2 2 2 2 2 2 8 2 2 2 2 2 2 2 2 2
left_child=1 7 3 6 -5 -6 -3 8 -1 -4 11 -11 13 -2 19 16 -16 -17 -19 -9 21 -21 -23 -24 25 26 -12 -26 29 -29
right_child=12 2 9 4 5 -7 -8 14 -10 10 24 -13 -14 -15 15 17 -18 18 -20 20 -22 22 23 -25 27 -27 -28 28 -30 -31
leaf_value=-0.00013420681785875551 -4.2743611655293621e-05 3.8381550065130203e-06 -0.00015515099648275011 5.4565635062359644e-05 6.4941033964437627e-05 0.00064782637823657325 -0.00020911975555815241 -0.00021764514956139575 0.00024760185043995545 2.9023501376104382e-06 -0.00051485581196384516 0.0003766180554618865 0.00078585469200622674 0.00027971573948678484 -0.00028621509086650208 -0.00012158522343872131 0.00052286034319911398 0.00018403934475779747 -9.8270345656897181e-05 0.00031907753629758335 -0.00011168359824378365 -2.4453693776992911e-05 -6.4574913037246391e-06 0.00023968041470841394 -3.1066204393498976e-05 -9.3901446646475428e-05 0.00033694222811642095 0.00034469984716520795 4.7173350252040308e-06 6.2840083187754633e-05
leaf_weight=1752 978 5697 1232 56 62 51 475 472 54 95 50 84 40 828 42 466 49 65 91 74 1052 946 66 40 3019 2140 42 48 1586 52
leaf_count=1752 978 5697 1232 56 62 51 475 472 54 95 50 84 40 828 42 466 49 65 91 74 1052 946 66 40 3019 2140 42 48 1586 52
internal_value=-0.000551512 -0.000712057 -0.000448977 0.000149029 0.0097929 0.0140265 -0.000115037 -0.00145966 -0.00264673 -0.000903212 -0.000636595 0.00589385 0.00117551 0.000980065 -0.000822184 0.00103085 0.00983516 -0.000257236 0.00525641 -0.00132076 -0.000798899 0.000506216 -0.000152092 0.00537736 -0.000805104 -0.00170699 0.00478261 -0.000377259 0.000693949 0.0095
internal_weight=21704 19858 14689 6341 169 113 6172 5169 1806 8348 7116 179 1846 1806 3363 713 91 622 156 2650 2178 1126 1052 106 6937 2232 92 4705 1686 100
internal_count=21704 19858 14689 6341 169 113 6172 5169 1806 8348 7116 179 1846 1806 3363 713 91 622 156 2650 2178 1126 1052 106 6937 2232 92 4705 1686 100
is_linear=0
shrinkage=0.05


Tree=44
num_leaves=31
num_cat=0
split_feature=4 12 8 16 16 16 12 13 11 6 4 14 11 13 2 11 12 16 14 14 11 15 1 11 15 3 12 12 12 15
split_gain=2.82695 1.44813 1.40061 1.88306 2.3243 4.64859 2.01864 3.56571 1.40334 1.23471 1.40489 1.23404 2.4201 1.07863 1.06618 1.01662 1.24423 2.01181 1.0137 2.71752 0.947683 1.46205 1.35636 1.32922 2.78221 1.35708 1.0049 1.41844 3.78561 0.944187
threshold=0.015918676417259407 0.016494776846734397 0.027271098384796025 -0.01034873288352278 -0.0055334185738218347 -0.0059297453055455187 0.047870780278131859 13.305000305175783 0.009090553623087862 -0.1518089469924683 0.037382677932330417 0.01466553224775591 0.032599059043066377 12.84500026702881 -0.024673297256434131 0.028003232862589215 0.020883084862251548 0.0085662036958172889 0.0017102699334086149 0.023814289245349455 0.034061336593809395 0.010980014964311781 0.022395993947936347 0.02573480883905466 -0.0031028936989958562 -0.00184671401592823 0.058395968691513429 0.054230156972347017 0.056550523071576715 0.012743190766186354
decision_type=2 2 8 2 2 2 2 2 2 2 2 2 2 2 2 2 2 2 2 2 2 2 2 2 2 2 2 2 2 2
left_child=1 29 3 -3 5 -5 14 -8 -9 11 13 20 -13 -11 -6 16 17 -16 -12 -20 23 -22 -23 26 -25 -26 27 -2 -29 -1
right_child=9 2 -4 4 6 -7 7 8 -10 10 18 12 -14 -15 15 -17 -18 -19 19 -21 21 22 -24 24 25 -27 -28 28 -30 -31
leaf_value=-0.00013330434185852326 -4.5155877918302702e-05 -0.00013058487906939277 -9.5183021138457317e-05 0.00013706221386227619 -0.00016960815152822792 0.00046502902244656939 0.00051350151681038775 0.00011463904992259924 -0.00015975455284588069 -0.00020031911123905566 0.0001046498061693586 4.2654376749934674e-07 0.0004864880358129169 6.8864597606579699e-06 0.00019759941324129266 0.00017074881485293033 -5.8409252801246682e-05 -5.018663994364787e-06 0.00069031550651139787 0.00030418566470804631 -0.00030877187063798879 0.00019404751212800478 -0.00018109649355881627 0.00024796690057624912 0.00019067022037258689 -0.00018103829300931376 -0.0001965644274320114 0.00047039238140689059 -4.1233952890863223e-05 3.9105943531182342e-05
leaf_weight=1697 4318 544 1368 140 197 43 56 46 70 343 363 2736 74 7082 41 44 660 98 72 243 424 42 49 49 74 155 504 41 86 144
leaf_count=1697 4318 544 1368 140 197 43 56 46 70 343 363 2736 74 7082 41 44 660 98 72 243 424 42 49 49 74 155 504 41 86 144
internal_value=-0.000489154 -0.00151321 -0.000887513 -2.3209e-05 0.00094982 0.00620218 0.000156764 0.00517442 0.000172413 -0.000172622 0.000269652 -0.000591676 0.000266903 7.07059e-05 -0.000673078 0.000100829 -0.000306634 0.0039928 0.00244838 0.00452381 -0.00101184 -0.00305825 0.00269231 -0.000810217 0.00255396 0.000240173 -0.000999193 -0.000759281 0.00444882 -0.00263715
internal_weight=21803 5148 3307 1939 1395 183 1212 172 116 16655 8103 8552 2810 7425 1040 843 799 139 678 315 5742 515 91 5227 278 229 4949 4445 127 1841
internal_count=21803 5148 3307 1939 1395 183 1212 172 116 16655 8103 8552 2810 7425 1040 843 799 139 678 315 5742 515 91 5227 278 229 4949 4445 127 1841
is_linear=0
shrinkage=0.05


Tree=45
num_leaves=31
num_cat=0
split_feature=4 6 9 16 9 3 16 11 12 11 11 11 3 15 12 3 12 15 15 12 5 5 14 10 12 15 11 11 10 12
split_gain=2.82023 1.74627 1.84454 1.68996 1.14548 0.936658 0.9828 0.930068 1.39765 1.97719 2.73555 0.9296 0.900292 1.44965 2.93439 1.968 0.925052 2.1616 2.95533 2.06553 1.13732 1.03609 0.929719 0.954857 0.865531 2.06405 4.28799 2.08519 1.85583 3.76045
threshold=0.025492979975701751 -0.1518089469924683 0.24905053226922827 -0.056841850599506243 0.0071680182796443068 0.004963014653482146 -0.035453079429106187 0.0069842899086436381 0.028022434597805738 0.014107180383983399 0.022655260909184464 0.063670328165119208 -0.0069388856885776997 -0.010902746645946258 0.026070276169157917 -0.0023212771139331507 0.04047963103536379 -0.00066367739988726349 -0.0062058300871652974 0.056550523071576715 0.010657664339544333 0.011026812919866086 0.010891009150098998 0.0048530643765671852 0.0033715039290467268 0.011360000371036573 0.0053660058673883357 0.014627027210111112 0.0012830782027211109 -0.036045899235514094
decision_type=2 2 10 2 8 2 2 2 2 2 2 2 2 2 2 2 2 2 2 2 2 2 2 2 2 2 2 2 2 2
left_child=1 4 24 -2 12 -6 -7 -8 -9 -10 -11 -5 -1 14 15 -14 20 18 -18 -20 -15 -22 23 -19 25 -3 28 -28 -27 -30
right_child=3 2 -4 11 5 6 7 8 9 10 -12 -13 13 16 -16 -17 17 22 19 -21 21 -23 -24 -25 -26 26 27 -29 29 -31
leaf_value=-0.00013686264220148878 0.00028937436274363397 -3.6789798214706321e-06 0.0002739492305473032 8.4460271515059596e-05 -7.3283987252049124e-05 0.00012547131163034964 -7.9877714496806021e-05 -4.6218031181801536e-05 3.4299057986809641e-06 0.00032337653026871192 5.5477631140818323e-05 -0.00033647210196035296 4.6070624012550553e-05 -0.00012932232147765411 -0.00017792162853098669 0.000465624137336165 -3.3092122841329008e-05 -0.000347885541128787 0.00051580016327533354 0.00010295605424602675 0.00011908348090591994 -3.0458707073954497e-05 0.00015585406173976565 1.022060427974384e-05 -2.961170621780412e-05 -9.0254220048358163e-05 0.00045598097126168787 0.00022649520034361036 0.00031719453663791425 -6.1963545731466408e-05
leaf_weight=144 60 2255 99 3523 6272 45 478 198 130 48 49 70 45 529 86 64 68 170 51 53 87 630 75 148 5935 216 69 42 49 72
leaf_count=144 60 2255 99 3523 6272 45 478 198 130 48 49 70 45 529 86 64 68 170 51 53 87 630 75 148 5935 216 69 42 49 72
internal_value=-0.000422795 -0.000678468 -0.000169968 0.00084451 -0.00115262 -0.00145429 1.05473e-05 -0.000348838 0.00135294 0.00403084 0.00943299 0.000705537 -0.000139536 0.000134595 0.00423077 0.0096789 -0.000306462 0.00137168 0.00604651 0.0113462 -0.00106742 0.000230124 -0.000674301 -0.00185535 -0.000247744 0.000493894 0.00359375 0.0121171 0.000786349 0.0057438
internal_weight=21760 18107 8737 3653 9370 7220 948 903 425 227 97 3593 2150 2006 195 109 1811 565 172 104 1246 717 393 318 8638 2703 448 111 337 121
internal_count=21760 18107 8737 3653 9370 7220 948 903 425 227 97 3593 2150 2006 195 109 1811 565 172 104 1246 717 393 318 8638 2703 448 111 337 121
is_linear=0
shrinkage=0.05


end of trees

feature_importances:
vix_level=160
spy_ret_5d=154
spy_ret_20d=128
sector_ret_1d=122
spy_ret_1d=119
vix_chg_1d=112
sector_ret_5d=111
atr_pct=90
dist_ma200=78
dvol_z_20=71
parkinson_20=63
ret_5d=40
overnight_gap=37
dist_ma50=33
ret_20d=24
ret_1d=22
dist_ma20=16

parameters:
[boosting: gbdt]
[objective: quantile]
[metric: quantile]
[tree_learner: serial]
[device_type: cpu]
[data_sample_strategy: bagging]
[data: ]
[valid: ]
[num_iterations: 120]
[learning_rate: 0.05]
[num_leaves: 31]
[num_threads: -1]
[seed: 0]
[deterministic: 0]
[force_col_wise: 1]
[force_row_wise: 0]
[histogram_pool_size: -1]
[max_depth: -1]
[min_data_in_leaf: 40]
[min_sum_hessian_in_leaf: 0.001]
[bagging_fraction: 0.85]
[pos_bagging_fraction: 1]
[neg_bagging_fraction: 1]
[bagging_freq: 1]
[bagging_seed: 3]
[bagging_by_query: 0]
[feature_fraction: 0.85]
[feature_fraction_bynode: 1]
[feature_fraction_seed: 2]
[extra_trees: 0]
[extra_seed: 6]
[early_stopping_round: 0]
[early_stopping_min_delta: 0]
[first_metric_only: 0]
[max_delta_step: 0]
[lambda_l1: 0]
[lambda_l2: 0]
[linear_lambda: 0]
[min_gain_to_split: 0]
[drop_rate: 0.1]
[max_drop: 50]
[skip_drop: 0.5]
[xgboost_dart_mode: 0]
[uniform_drop: 0]
[drop_seed: 4]
[top_rate: 0.2]
[other_rate: 0.1]
[min_data_per_group: 100]
[max_cat_threshold: 32]
[cat_l2: 10]
[cat_smooth: 10]
[max_cat_to_onehot: 4]
[top_k: 20]
[monotone_constraints: ]
[monotone_constraints_method: basic]
[monotone_penalty: 0]
[feature_contri: ]
[forcedsplits_filename: ]
[refit_decay_rate: 0.9]
[cegb_tradeoff: 1]
[cegb_penalty_split: 0]
[cegb_penalty_feature_lazy: ]
[cegb_penalty_feature_coupled: ]
[path_smooth: 0]
[interaction_constraints: ]
[verbosity: -1]
[saved_feature_importance_type: 0]
[use_quantized_grad: 0]
[num_grad_quant_bins: 4]
[quant_train_renew_leaf: 0]
[stochastic_rounding: 1]
[linear_tree: 0]
[max_bin: 255]
[max_bin_by_feature: ]
[min_data_in_bin: 3]
[bin_construct_sample_cnt: 200000]
[data_random_seed: 1]
[is_enable_sparse: 1]
[enable_bundle: 1]
[use_missing: 1]
[zero_as_missing: 0]
[feature_pre_filter: 1]
[pre_partition: 0]
[two_round: 0]
[header: 0]
[label_column: ]
[weight_column: ]
[group_column: ]
[ignore_column: ]
[categorical_feature: ]
[forcedbins_filename: ]
[precise_float_parser: 0]
[parser_config_file: ]
[objective_seed: 5]
[num_class: 1]
[is_unbalance: 0]
[scale_pos_weight: 1]
[sigmoid: 1]
[boost_from_average: 1]
[reg_sqrt: 0]
[alpha: 0.9]
[fair_c: 1]
[poisson_max_delta_step: 0.7]
[tweedie_variance_power: 1.5]
[lambdarank_truncation_level: 30]
[lambdarank_norm: 1]
[label_gain: ]
[lambdarank_position_bias_regularization: 0]
[eval_at: ]
[multi_error_top_k: 1]
[auc_mu_weights: ]
[num_machines: 1]
[local_listen_port: 12400]
[time_out: 120]
[machine_list_filename: ]
[machines: ]
[gpu_platform_id: -1]
[gpu_device_id: -1]
[gpu_device_id_list: ]
[gpu_use_dp: 0]
[num_gpu: 1]

end of parameters

pandas_categorical:[]
