tree
version=v4
num_class=1
num_tree_per_iteration=1
label_index=0
max_feature_idx=16
objective=quantile
feature_names=ret_1d ret_5d ret_20d overnight_gap atr_pct parkinson_20 dvol_z_20 dist_ma20 dist_ma50 dist_ma200 spy_ret_1d spy_ret_5d spy_ret_20d vix_level vix_chg_1d sector_ret_1d sector_ret_5d
feature_infos=[-0.53140190578537583:0.59186745592792978] [-0.55344657255116947:1.1923076993614967] [-0.6215591474861033:2.1758241995767809] [-0.4344138729811311:0.57756033013505337] [0.0029216137760144784:0.25940783354984664] [0:0.13861703702934206] [-3.0076397506120913:4.3581316252685829] [-0.55430670618440292:0.95360892160540733] [-0.58721050755867255:1.5813494958408683] [-0.74650367204901091:3.9078919756203154] [-0.058542971330535654:0.10501930183911301] [-0.11496151859245618:0.082843162776128354] [-0.1226559005192206:0.15756591020035837] [11.859999656677246:52.330001831054688] [-0.35753873962348437:0.74039073966007019] [-0.091999030713283303:0.13425697132599002] [-0.18680848466589095:0.11773217696052685]
tree_sizes=3014 3114 3081 3102 3074 3118 3092 3102 3090 3102 3086 3141 3097 3087 3111 3114 3101 3115 3108 3101 3129 3105 3105 3088 3144 3093 3100 3130 3105 3137 3151 3144 3128 3138 3144 3145 3120 3102 3136 3136 3106 3145 3178 3153 3112 3129 3127 3153 3170 3161 3158 3162 3144 3115 3176 3157 3127 3166 3137 3115 3115 3175 3118 3150

Tree=0
num_leaves=31
num_cat=0
split_feature=4 5 4 15 15 10 10 6 10 5 6 5 12 5 14 13 10 13 14 6 6 12 10 12 13 6 14 13 13 13
split_gain=1681.77 254.369 236.74 165.88 102.006 75.9266 66.9593 65.4237 58.2381 56.3464 43.0426 42.5758 42.0501 34.6426 31.7579 26.7308 43.002 22.8364 22.7305 22.0179 20.2023 17.3764 17.0038 19.5366 19.5932 16.9427 15.6865 15.5996 21.5882 18.6446
threshold=0.033151209012855842 0.014003852903938137 0.047911090726983213 -0.040614005752933995 -0.040614005752933995 0.06903334451863076 0.06903334451863076 0.67992664005923575 0.017693997216902905 0.04053217276202218 0.51501754981431502 0.022151181250049473 -0.019977149001015378 0.016769943695675225 0.23397195059943568 29.835000038146976 -0.029463592833469218 24.385000228881839 0.34982669992859688 0.48152757713123684 0.83446754273607249 -0.007281546892151213 -0.017312000709356064 -0.007281546892151213 31.844999313354496 0.65967927647025204 0.23397195059943568 30.345000267028812 28.970000267028812 24.630000114440922
decision_type=2 2 2 2 2 2 2 2 2 2 2 2 2 2 2 2 2 2 2 2 2 2 2 2 2 2 2 2 2 2
left_child=1 10 4 12 18 8 11 13 9 14 -1 20 -3 -5 25 -12 -17 -11 -2 -13 -6 -16 23 24 26 27 -9 28 29 -4
right_child=2 3 5 7 6 -7 -8 22 -10 17 15 19 -14 -15 21 16 -18 -19 -20 -21 -22 -23 -24 -25 -26 -27 -28 -29 -30 -31
leaf_value=-0.028505174588218152 -0.030071169672648779 -0.031577143131262253 -0.030180766072780509 -0.028783401769581315 -0.029227307883621247 -0.033496706383665441 -0.031406572359317528 -0.030200022843388762 -0.029049499307991687 -0.031690974959783055 -0.028720801962715363 -0.0295633724090009 -0.029879360552237375 -0.029015289317661144 -0.03340817774038897 -0.031252705360375568 -0.0285353620850653 -0.030710199976264497 -0.032412199395868757 -0.030133070235740422 -0.029698040572355849 -0.029416717564852271 -0.029198396665620803 -0.028858272448969942 -0.028183267888970024 -0.030891245273847567 -0.03099139941674476 -0.029180448573368472 -0.029844775329999618 -0.02962642373451034
leaf_weight=130745 129 326 8139 54210 17030 179 171 178 1080 2719 42700 17897 127 38359 264 93 122 973 232 5018 3893 58 21519 223 87 2453 102 754 280 1023
leaf_count=130745 129 326 8139 54210 17030 179 171 178 1080 2719 42700 17897 127 38359 264 93 122 973 232 5018 3893 58 21519 223 87 2453 102 754 280 1023
internal_value=-0.0289555 -0.0273483 -0.0364067 -0.0291708 -0.0344477 -0.0412567 -0.0342305 -0.0290515 -0.0409298 -0.0416591 -0.0261401 -0.0341087 -0.0593676 -0.0284679 -0.0401079 -0.027514 -0.0451 -0.0471089 -0.0609178 -0.0355977 -0.032478 -0.0556142 -0.0314952 -0.0398694 -0.0469617 -0.0397131 -0.0534015 -0.0388156 -0.0393682 -0.0389503
internal_weight=351083 288791 62292 115131 44370 17922 44009 114678 17743 16663 173660 43838 453 92569 12971 42915 215 3692 361 22915 20923 322 22109 590 367 12649 280 10196 9442 9162
internal_count=351083 288791 62292 115131 44370 17922 44009 114678 17743 16663 173660 43838 453 92569 12971 42915 215 3692 361 22915 20923 322 22109 590 367 12649 280 10196 9442 9162
is_linear=0
shrinkage=1


Tree=1
num_leaves=31
num_cat=0
split_feature=4 4 4 10 14 11 10 12 10 10 11 10 5 5 10 12 12 5 14 10 10 4 11 13 13 12 0 5 5 11
split_gain=1439.96 229.439 225.899 110.16 92.5037 84.0701 82.0921 69.2014 67.0833 63.0142 83.8343 48.869 44.7836 39.4511 34.3872 36.5063 64.2976 34.7174 30.1341 29.2593 35.9115 28.0976 21.9366 18.9463 17.6521 16.1182 15.4033 14.6366 14.2781 14.1043
threshold=0.032668195591991904 0.022904493731390242 0.047911090726983213 -0.029463592833469218 0.23397195059943568 -0.035697741943328191 0.06903334451863076 -0.007281546892151213 0.06903334451863076 -0.029463592833469218 -0.035697741943328191 0.017693997216902905 0.04053217276202218 0.019668146645020815 -0.017312000709356064 -0.007281546892151213 -0.048266057813245992 0.016911841987209249 0.23397195059943568 -0.029463592833469218 -0.020247544478179221 0.019259454289229126 0.0091429221400685119 24.385000228881839 24.385000228881839 -0.007281546892151213 -0.022761418428413279 0.025780670684082258 0.033160135064051764 0.010672166565218634
decision_type=2 2 2 2 2 2 2 2 2 2 2 2 2 2 2 2 2 2 2 2 2 2 2 2 2 2 2 2 2 2
left_child=1 9 4 5 8 -3 11 19 13 10 -1 12 18 -2 15 16 -5 -16 28 -6 -21 -11 27 -24 -14 -20 -18 -15 -4 -19
right_child=2 3 6 14 7 -7 -8 -9 -10 21 -12 -13 24 22 17 -17 26 29 25 20 -22 -23 23 -25 -26 -27 -28 -29 -30 -31
leaf_value=-0.0023136170507961208 -0.00019204731665138815 -0.0027427384961947413 -0.00099961012843045112 -0.00034550896236217493 -0.0033766326327800329 0.00011513320454415199 -0.0044097391727111373 6.1394130172019026e-05 -0.0021956363547273173 0.00045289413501180091 0.00052173205587427614 -6.8410716711845773e-05 -0.002585712569537494 -0.00060535677177421391 8.2319443840509128e-05 0.00034463935290240835 -0.0018502167121469148 -0.00020303799289691105 -0.0040581661362591552 0.00064906018383938016 -0.0016778854712687986 0.00024980540968843912 -0.00047486789546380832 0.00026600553814982639 -0.0016949197397388962 0.00012033200314437373 -0.00091271604634468389 -0.0010263223562666467 -0.0016249475221362037 6.998780257404941e-08
leaf_weight=193 10435 286 8412 935 251 190 180 252 172 104915 224 1092 2745 16361 69036 818 185 23117 264 103 233 69776 13196 1494 951 51 302 4807 4348 15485
leaf_count=193 10435 286 8412 935 251 190 180 252 172 104915 224 1092 2745 16361 69036 818 185 23117 264 103 233 69776 13196 1494 951 51 302 4807 4348 15485
internal_value=5.28637e-05 0.00158554 -0.00664246 -0.000200083 -0.00482686 -0.0242017 -0.0114025 -0.0212813 -0.00452975 0.00271084 -0.0167026 -0.0110639 -0.0117313 -0.00441395 -9.61064e-05 -0.00622768 -0.0110689 3.14946e-05 -0.0103576 -0.0306899 -0.0210417 0.00275718 -0.00520135 -0.00371681 -0.0165909 -0.0256349 -0.0258008 -0.00623158 -0.00998041 -0.00116937
internal_weight=350809 285462 65347 110354 47304 476 18043 839 46465 175108 417 17863 16771 46293 109878 2240 1422 107638 13075 587 336 174691 35858 14690 3696 315 487 21168 12760 38602
internal_count=350809 285462 65347 110354 47304 476 18043 839 46465 175108 417 17863 16771 46293 109878 2240 1422 107638 13075 587 336 174691 35858 14690 3696 315 487 21168 12760 38602
is_linear=0
shrinkage=0.05


Tree=2
num_leaves=31
num_cat=0
split_feature=4 5 4 13 6 13 6 6 13 13 13 6 13 5 11 13 13 5 5 13 13 11 13 13 11 11 13 12 12 12
split_gain=1267.77 211.783 177.022 96.0343 62.0683 57.4773 46.4078 42.7565 39.6478 37.4798 39.7853 36.2602 34.7412 32.7058 30.3986 29.8084 27.9197 27.3227 25.7887 24.8301 23.9176 23.8035 22.2545 35.3524 21.3502 19.8362 17.3537 15.4973 14.9142 25.0115
threshold=0.032668195591991904 0.013733370786839123 0.05014497608295946 43.015001296997077 0.37189044046121678 43.015001296997077 0.65967927647025204 0.90853721598191017 28.970000267028812 30.345000267028812 28.970000267028812 0.51501754981431502 24.630000114440922 0.021938393695086485 -0.026323618530511902 46.145000457763679 46.145000457763679 0.033160135064051764 0.016911841987209249 33.719999313354499 39.645000457763679 -0.028186654574093969 27.855000495910648 30.345000267028812 0.021519760104925626 -0.040606283895635913 27.855000495910648 -0.063506994691829508 -0.071455509470426767 -0.005215251084133842
decision_type=2 2 2 2 2 2 2 2 2 2 2 2 2 2 2 2 2 2 2 2 2 2 2 2 2 2 2 2 2 2
left_child=1 11 5 4 18 7 9 13 -9 10 12 -1 17 -2 21 -5 -7 -4 -3 -10 -11 -8 -6 25 28 -24 -13 -28 -15 -30
right_child=2 3 6 15 22 16 14 8 19 20 -12 26 -14 24 -16 -17 -18 -19 -20 -21 -22 -23 23 -25 -26 -27 27 -29 29 -31
leaf_value=0.00039957765583217603 -0.00024947588409325345 0.00015395519598922637 -0.00094798708010728698 -0.0011544222325296481 -0.00020010306059260762 -0.0016328995139800299 -0.0028312990514504704 -0.00093044560237471013 -0.0028974047265046907 0.00028545872721594766 -0.0017743417606380244 0.00021278011831179995 -0.00045749358134483041 8.0886947564915188e-05 -0.0022018616819029484 -0.0006823279646517679 -0.0010674383832280589 -0.0018203583907648252 -5.116451051151647e-05 0.00034760380199269479 -0.00099071122980678105 -0.0043274556198369474 -0.0029220390492755008 0.00014871983073128724 -0.00023669625929554161 -0.0008321624655316034 -0.00040121401592354547 -0.0021597324550571757 -0.00091555862596992077 -0.00056960867164045298
leaf_weight=124447 18648 57079 3953 184 30724 151 418 7685 262 1128 451 40866 1449 883 2511 254 335 4909 31495 65 278 149 112 260 4885 151 205 57 5497 11751
leaf_count=124447 18648 57079 3953 184 30724 151 418 7685 262 1128 451 40866 1449 883 2511 254 335 4909 31495 65 278 149 112 260 4885 151 205 57 5497 11751
internal_value=0.000105084 0.00154205 -0.00617447 -5.49229e-05 3.0504e-05 -0.00474044 -0.0108927 -0.00457303 -0.00791812 -0.00950526 -0.0105083 0.00270195 -0.00987247 -0.00392977 -0.0163775 -0.0234247 -0.0218519 -0.011046 0.000706415 -0.0249694 -0.00182788 -0.0268342 -0.00188546 -0.0121128 -0.00519074 -0.025038 0.00141485 -0.0114122 -0.00598119 -0.00630566
internal_weight=351242 285834 65408 120259 119821 50162 15246 49676 8012 12168 10762 165575 10311 41664 3078 438 486 8862 88574 327 1406 567 31247 523 23016 263 41128 262 18131 17248
internal_count=351242 285834 65408 120259 119821 50162 15246 49676 8012 12168 10762 165575 10311 41664 3078 438 486 8862 88574 327 1406 567 31247 523 23016 263 41128 262 18131 17248
is_linear=0
shrinkage=0.05


Tree=3
num_leaves=31
num_cat=0
split_feature=0 9 10 11 13 14 12 3 10 12 1 13 3 8 10 6 10 12 9 12 14 14 10 0 10 14 11 13 13 1
split_gain=332.375 235.856 200.439 182.521 149.57 79.2379 80.9049 72.6194 68.6277 63.2384 58.4084 58.1932 104.216 53.9682 46.9443 37.7214 36.6045 36.2622 35.5197 34.6665 42.5485 30.7454 40.014 30.7412 29.149 25.6451 24.9653 45.9782 26.5099 28.9834
threshold=-0.037544383472363933 0.35626802189598278 0.06903334451863076 -0.043674023036412872 21.134999275207523 0.23397195059943568 -0.007281546892151213 0.011299429701139287 -0.029463592833469218 -0.063506994691829508 -0.06908149980971999 21.555000305175785 -0.0081196196765201383 -0.076748684493692418 -0.029463592833469218 0.78770085504569687 -0.013327781970057238 -0.0066426412641200075 0.54084404116082319 -0.029235256213089252 0.15844695899744313 -0.014609583018452553 0.017693997216902905 0.055012968482360598 -0.0056282677308486786 -0.12096344977185801 0.016558544253032163 28.970000267028812 24.19999980926514 -0.036498281905006362
decision_type=2 10 2 2 2 2 2 2 2 2 2 2 2 10 2 2 2 2 10 2 2 2 2 2 2 2 2 2 2 2
left_child=3 2 4 8 7 10 9 13 -1 14 24 12 17 -2 -7 -15 -11 -12 -3 20 21 22 26 -4 -6 -26 27 28 29 -13
right_child=1 18 23 -5 5 6 -8 -9 -10 16 11 19 -14 15 -16 -17 -18 -19 -20 -21 -22 -23 -24 -25 25 -27 -28 -29 -30 -31
leaf_value=-0.0034161249452227859 -9.5687993099133169e-05 -0.00060743593374323977 -0.0010384414527333766 -0.00089430166088957973 -0.0003848957968154699 -0.0013559381783256564 0.00038670344468797683 -0.0002394308159250246 -0.0011422352545631057 -0.0020546256965975089 -0.0044520286304131212 -0.0013519276005313605 -0.00027511018086632334 0.00022839680968989265 0.00081294556042178995 1.7356327082533944e-05 -0.00074807222026362843 0.00024923064325196691 -0.001575697359999342 0.00015551757582754649 -0.00080607928732303311 0.0001709510637136011 0.00040400142503629752 -0.0033948457348893083 2.7016031672552249e-05 -0.0016159312362035755 5.3060049863952855e-06 -0.00099478273463335875 -0.00022668709384019082 -0.00066192633305815762
leaf_weight=592 28023 6184 120 8709 1499 87 624 18621 263 494 480 350 2950 203178 366 38721 361 88 3935 16626 1197 6999 2384 308 310 1490 1639 416 2570 1493
leaf_count=592 28023 6184 120 8709 1499 87 624 18621 263 494 480 350 2950 203178 366 38721 361 88 3935 16626 1197 6999 2384 308 310 1490 1639 416 2570 1493
internal_value=0.000156191 0.000413645 0.000643253 -0.00903701 0.000687473 -0.0020846 -0.0119772 0.00109504 -0.0310819 -0.0190443 -0.00161258 -0.001047 -0.007166 0.00130338 -0.0039404 0.00154401 -0.0270468 -0.0267782 -0.00710594 -0.000407733 -0.00199202 -0.0013056 -0.00326367 -0.0335514 -0.00798878 -0.0122778 -0.00530458 -0.00711431 -0.00561636 -0.0101926
internal_weight=351077 341513 331394 9564 330966 42423 1932 288543 855 1308 40491 37192 3518 269922 453 241899 855 568 10119 33674 17048 15851 8852 428 3299 1800 6468 4829 4413 1843
internal_count=351077 341513 331394 9564 330966 42423 1932 288543 855 1308 40491 37192 3518 269922 453 241899 855 568 10119 33674 17048 15851 8852 428 3299 1800 6468 4829 4413 1843
is_linear=0
shrinkage=0.05


Tree=4
num_leaves=31
num_cat=0
split_feature=4 4 4 15 15 14 13 13 6 14 13 5 6 13 6 15 15 5 15 5 13 14 13 0 15 5 14 14 14 14
split_gain=1084.15 178.688 170.764 99.1911 88.5685 67.0149 43.966 47.1157 39.8718 36.4581 43.3948 44.766 36.0989 33.1295 28.717 28.1197 27.5192 25.5448 22.7978 21.3057 20.6245 20.1912 18.4927 21.6913 16.8263 14.9918 14.5307 12.0758 11.601 24.4913
threshold=0.031625201269230567 0.046051472746991458 0.022213637289717664 -0.040614005752933995 -0.040614005752933995 -0.19490876951167976 29.835000038146976 30.345000267028812 0.67992664005923575 0.21504170766917155 24.630000114440922 0.033160135064051764 0.62185338195678563 29.835000038146976 0.51501754981431502 0.036806202796793593 -0.040614005752933995 0.021200725674586716 0.0069699638588774935 0.016625716854455103 29.835000038146976 -0.070157890185866142 28.970000267028812 0.048933483735826296 -0.040614005752933995 0.010916486827762866 -0.13532199000438486 0.26245601507157795 0.23397195059943568 0.26245601507157795
decision_type=2 2 2 2 2 2 2 2 2 2 2 2 2 2 2 2 2 2 2 2 2 2 2 2 2 2 2 2 2 2
left_child=2 4 6 13 20 15 14 -8 19 10 11 -7 17 -4 25 -3 -11 28 21 -5 -2 26 -14 -24 -9 -1 -12 -18 -6 -30
right_child=1 5 3 8 12 9 7 24 -10 16 18 -13 22 -15 -16 -17 27 -19 -20 -21 -22 -23 23 -25 -26 -27 -28 -29 29 -31
leaf_value=0.00046212326443009245 -0.00098416180842672888 -0.00066603257128914598 -0.0010161921888276033 0.00014329936228459403 -0.0001491908525973792 -0.00091070203849465353 -0.0023053636850780563 -0.00054612805967606118 -0.00018229940436476679 -0.0046442912412281339 0.00026830446210718842 -0.0018579990171951255 -0.00069909182858377916 -0.0022225745821773508 0.00021403934460485294 -0.003803378170058257 -0.0025131501337775897 -0.0004559428683697513 0.00020828090922625394 -3.874753944070234e-05 -0.0028202556771155449 -0.00078388264791655674 -0.00089917226932796428 -0.001738798645204224 0.00049992446787598677 0.0003088527457649527 -0.0011882167842544268 -0.00037320061556992838 -0.001289776799434968 0.00019794193557653138
leaf_weight=52782 143 81 194 59594 18213 9064 125 46 24043 174 63 6493 10410 239 38095 200 167 21536 1357 31595 235 2862 420 114 223 71308 242 130 94 136
leaf_count=52782 143 81 194 59594 18213 9064 125 46 24043 174 63 6493 10410 239 38095 200 167 21536 1357 31595 235 2862 420 114 223 71308 242 130 94 136
internal_value=0.000185771 -0.00527671 0.0016019 0.000133359 -0.00369086 -0.00918183 0.00264668 -0.0140355 0.000223115 -0.00885023 -0.00852771 -0.00978113 -0.00351187 -0.0237529 0.00268721 -0.0334342 -0.0226008 -0.00281535 -0.00421751 0.000700688 -0.0278042 -0.00654089 -0.00605629 -0.0151311 -0.00224907 0.00305585 -0.0187705 -0.0133502 -0.0014496 -0.0126087
internal_weight=350378 72134 278244 115665 51301 20833 162579 394 115232 20552 20081 15557 50923 433 162185 281 471 39979 4524 91189 378 3167 10944 534 269 124090 305 297 18443 230
internal_count=350378 72134 278244 115665 51301 20833 162579 394 115232 20552 20081 15557 50923 433 162185 281 471 39979 4524 91189 378 3167 10944 534 269 124090 305 297 18443 230
is_linear=0
shrinkage=0.05


Tree=5
num_leaves=31
num_cat=0
split_feature=4 4 10 4 15 15 10 11 6 6 6 12 5 11 10 4 15 10 12 12 11 5 6 12 4 11 5 8 5 11
split_gain=956.069 160.903 158.451 133.543 83.4085 79.7256 41.2315 57.6525 39.6002 36.1215 28.2358 27.7667 27.5679 27.5359 26.3566 27.2111 19.7813 18.3605 25.0167 27.1225 17.4439 17.3973 16.5865 16.4327 16.2067 15.9574 13.5477 11.3102 10.8584 11.1858
threshold=0.031625201269230567 0.022369366275790208 0.06903334451863076 0.046051472746991458 -0.040614005752933995 -0.040614005752933995 -0.029463592833469218 -0.035697741943328191 0.30127090372145654 1.0195664363481269 0.51501754981431502 -0.019977149001015378 0.020063333046940253 -0.040606283895635913 0.017693997216902905 0.069423835206657278 -0.040614005752933995 -0.017312000709356064 -0.007281546892151213 -0.048266057813245992 -0.040606283895635913 0.016769943695675225 1.213381557003357 -0.071455509470426767 0.018086016808009742 0.022829812381502172 0.04053217276202218 -0.028934789220782294 0.027076208936906352 0.029686707120002768
decision_type=2 2 2 2 2 2 2 2 2 2 2 2 2 2 2 2 2 2 2 2 2 2 2 2 2 2 2 10 2 2
left_child=1 6 3 4 13 11 7 -1 14 17 24 -3 -6 -2 15 28 20 18 19 -7 -10 -19 25 -17 -8 -14 -18 -4 -5 -30
right_child=2 5 27 8 12 9 10 -9 16 -11 -12 -13 22 -15 -16 23 26 21 -20 -21 -22 -23 -24 -25 -26 -27 -28 -29 29 -31
leaf_value=-0.0020172719559042426 -0.0027672705917491467 -0.0019889411124171018 -0.0032381223342436774 -0.00034792328591048732 -0.00018408165953506589 -0.00030446809115101438 0.00042976937016689864 0.00046045157654813298 -0.0044099133971228742 -0.00023059349856370998 0.00019860964956691185 -0.00022816780214311778 -0.00047358317206138589 -0.00090118320108953983 0.00015765163735021587 -0.00027468099317037105 -0.0014207124420231164 0.00012870866221856484 0.00046444879754027217 -0.0010245723583926665 -0.0013048654303919553 -3.5142391749015555e-05 -0.00097233319260528256 -0.0018579051278604678 0.00027606159677001293 -0.00013541917084174398 -0.0028555621747569449 -0.0010242718249905993 -0.00099322243276149763 -0.00032528173528354446
leaf_weight=175 240 294 286 2595 17423 796 62759 206 127 17105 38862 139 23921 155 920 342 4592 62900 712 369 72 30898 3956 2483 63562 5411 946 88 7231 1359
leaf_count=175 240 294 286 2595 17423 796 62759 206 127 17105 38862 139 23921 155 920 342 4592 62900 712 369 72 30898 3956 2483 63562 5411 946 88 7231 1359
internal_value=0.000210787 0.00153845 -0.00491933 -0.00475018 -0.00337866 8.58119e-05 0.00253177 -0.0138976 -0.00814172 0.000168026 0.00256967 -0.0213279 -0.00320039 -0.0262658 -0.006785 -0.00732334 -0.0116725 0.000546381 -0.00435003 -0.00886266 -0.0271608 0.000644364 -0.0040438 -0.011708 0.00293225 -0.00363391 -0.0111159 -0.0373797 -0.00621591 -0.00707218
internal_weight=350924 278777 72147 71773 51106 113213 165564 381 20667 112780 165183 433 50711 395 14930 14010 5737 95675 1877 1165 199 93798 33288 2825 126321 29332 5538 374 11185 8590
internal_count=350924 278777 72147 71773 51106 113213 165564 381 20667 112780 165183 433 50711 395 14930 14010 5737 95675 1877 1165 199 93798 33288 2825 126321 29332 5538 374 11185 8590
is_linear=0
shrinkage=0.05


Tree=6
num_leaves=31
num_cat=0
split_feature=4 4 10 4 15 15 13 10 6 4 6 13 4 11 12 4 10 12 12 14 4 6 13 13 6 13 10 12 4 13
split_gain=851.894 170.092 141.214 92.8583 70.0397 58.4975 42.5745 56.256 34.6707 32.1614 30.3812 25.933 31.5663 22.7277 20.5242 19.9585 17.6491 23.314 24.2838 17.2076 16.08 15.0269 14.9009 14.3603 14.1156 11.5732 11.5036 11.5886 11.0529 10.9467
threshold=0.032668195591991904 0.023380138196307763 0.06903334451863076 0.046051472746991458 -0.040614005752933995 -0.040614005752933995 27.855000495910648 -0.029463592833469218 1.4550309743570919 0.019329878502958715 0.93420225846195259 30.345000267028812 0.069423835206657278 -0.040606283895635913 -0.007281546892151213 0.038068529165607719 -0.017312000709356064 -0.007281546892151213 -0.048266057813245992 0.23397195059943568 0.028556783803827718 0.51501754981431502 28.970000267028812 39.645000457763679 0.35681053429962112 25.505000114440922 -0.017312000709356064 -0.007281546892151213 0.040293933943264103 31.844999313354496
decision_type=2 2 2 2 2 2 2 2 2 2 2 2 2 2 2 2 2 2 2 2 2 2 2 2 2 2 2 2 2 2
left_child=1 6 3 5 14 13 9 -8 16 24 11 12 26 -2 -3 -7 17 18 29 -12 -18 -11 25 -13 -1 -14 27 -5 -4 -6
right_child=2 4 28 10 8 15 7 -9 -10 21 19 23 22 -15 -16 -17 20 -19 -20 -21 -22 -23 -24 -25 -26 -27 -28 -29 -30 -31
leaf_value=0.0003945466749680519 -0.0026810795688105011 -0.0021565210094262005 -0.0011824984768107356 -0.0029897596199135487 -0.00057728923554448825 -0.00027090746274481331 -0.0019054851173023889 -5.7376000792767816e-05 -0.00036748292590578713 0.00022869473342727216 -0.00185511219868509 0.00038601443503692495 -0.001832305523190422 -0.00081352139677461327 -0.0005932358885790529 -0.00052283009231825965 8.7734059056873023e-05 0.0003998119951684918 -0.00087418253822729936 -0.0034457533945686427 -7.6174092286483434e-05 5.3984904238180592e-05 -0.0022417172800031325 -0.00087978413870715621 0.00027786515769377679 -0.0001319446723716172 -0.00077499730861982623 -0.00052942246506167915 -0.0031106080307095971 0.00078589145154933464
leaf_weight=77358 205 281 102 197 608 24921 203 477 10681 58084 2973 1286 2532 146 120 18972 60485 683 353 171 28796 18354 186 397 28841 281 12491 89 244 250
leaf_count=77358 205 281 102 197 608 24921 203 477 10681 58084 2973 1286 2532 146 120 18972 60485 683 353 171 28796 18354 186 397 28841 281 12491 89 244 250
internal_value=0.000251977 0.0014293 -0.0049052 -0.00473522 -0.000204533 -0.00344408 0.00234067 -0.0101471 -0.000122428 0.00238717 -0.00750789 -0.00669311 -0.00732251 -0.0237749 -0.0210598 -0.0032815 0.00019331 -0.00458289 -0.00874897 -0.0120324 0.000294632 0.00160509 -0.011939 -0.000793226 0.00295007 -0.0110327 -0.00623894 -0.0161538 -0.036763 -0.00420746
internal_weight=350767 285574 65193 64847 102257 44244 183317 680 101856 182637 20603 17459 15776 351 401 43893 91175 1894 1211 3144 89281 76438 2999 1683 106199 2813 12777 286 346 858
internal_count=350767 285574 65193 64847 102257 44244 183317 680 101856 182637 20603 17459 15776 351 401 43893 91175 1894 1211 3144 89281 76438 2999 1683 106199 2813 12777 286 346 858
is_linear=0
shrinkage=0.05


Tree=7
num_leaves=31
num_cat=0
split_feature=5 5 10 4 15 14 15 5 12 12 10 12 12 10 11 4 10 12 8 12 11 3 4 12 10 4 12 10 11 5
split_gain=764.591 132.424 130.92 108.502 86.8242 48.9413 42.8149 41.8836 27.2479 30.2249 25.8065 29.532 41.9761 20.9163 20.2563 19.5099 18.8807 18.5125 16.1764 15.6926 15.3981 15.2088 15.0007 14.5568 13.6455 14.6366 13.4118 12.9023 18.7187 11.366
threshold=0.01852878815215445 0.013390332815864254 0.06903334451863076 0.039804537136194293 -0.040614005752933995 0.23397195059943568 -0.040614005752933995 0.033160135064051764 -0.0077540971574964193 -0.063506994691829508 -0.017312000709356064 -0.007281546892151213 -0.048266057813245992 0.009588523086034308 0.010391715368283873 0.017538137064979968 -0.029463592833469218 -0.007281546892151213 -0.057951100865913867 0.020704073700370865 0.039736199013419633 -0.0085402082489131597 0.023380138196307763 0.020115024475367619 -0.020247544478179221 0.069423835206657278 -0.031579620804691948 -0.029463592833469218 -0.035697741943328191 0.024109063722642928
decision_type=2 2 2 2 2 2 2 2 2 2 2 2 2 2 2 2 2 2 10 2 2 2 2 2 2 2 2 2 2 2
left_child=1 15 3 6 17 7 -2 20 9 16 11 12 -6 24 19 27 -7 -3 -4 23 29 -14 -12 -8 -9 -26 -15 28 -1 -5
right_child=2 4 18 5 10 8 14 13 -10 -11 22 -13 21 26 -16 -17 -18 -19 -20 -21 -22 -23 -24 -25 25 -27 -28 -29 -30 -31
leaf_value=-0.0018404446856396109 -0.0020302725067310686 -0.0019310517688258537 -0.0029706022512671166 -0.00041163094452757368 -0.00037599306671990096 -0.0015388770188681895 -0.00043284514502370686 -6.011615860977682e-05 -0.00066158131333059916 -0.0044344391217972165 0.00015721907740095357 0.00034967708404298617 -0.0015836720187101458 0.00019379887619973073 -0.00010764054996969285 0.00023096157401581989 0.00045171357417892019 -0.00054412020129675166 -0.001151592416016217 -0.00015018219014501473 -2.2400254447808535e-05 -0.00082126235846956524 1.293182692022596e-05 -0.0016576192648885492 -0.0012477232642620576 -0.0020678633887575289 -0.0014573749966559169 0.00038682482052033312 0.00067096573752962855 -0.0007390942116171545
leaf_weight=42 204 382 224 6587 1038 138 17322 394 260 180 32990 954 108 833 17540 85649 94 144 149 9414 1784 384 81203 143 4410 2712 780 69198 55 15728
leaf_count=42 204 382 224 6587 1038 138 17322 394 260 180 32990 954 108 833 17540 85649 94 144 149 9414 1784 384 81203 143 4410 2712 780 69198 55 15728
internal_value=0.000280208 0.00153661 -0.00405369 -0.00391331 0.000268466 -0.00604572 -0.00229332 -0.00577555 -0.0194048 -0.0274029 0.00035984 -0.00468196 -0.00898693 -0.00865977 -0.00218837 0.00249587 -0.0154741 -0.02 -0.0336059 -0.00305089 -0.00468297 -0.0210163 0.000469512 -0.00393788 -0.00976849 -0.0102696 -0.00349349 0.00311963 -0.0151031 -0.00504033
internal_weight=351043 272147 78896 78523 117203 33900 44623 33228 672 412 116677 2484 1530 9129 44419 154944 232 526 373 26879 24099 492 114193 17465 7516 7122 1613 69295 97 22315
internal_count=351043 272147 78896 78523 117203 33900 44623 33228 672 412 116677 2484 1530 9129 44419 154944 232 526 373 26879 24099 492 114193 17465 7516 7122 1613 69295 97 22315
is_linear=0
shrinkage=0.05


Tree=8
num_leaves=31
num_cat=0
split_feature=4 4 10 4 15 10 14 11 6 13 6 4 13 10 13 6 6 10 10 12 10 10 14 14 12 10 10 4 11 11
split_gain=671.872 151.011 105.018 89.7346 68.9114 44.3841 39.5525 38.1049 32.3958 31.563 28.64 24.2443 23.5031 28.558 18.3211 19.5362 17.8901 16.4835 24.1729 16.4549 16.1195 37.7976 24.9031 19.0749 13.5058 14.8172 14.7043 13.0646 11.9356 11.329
threshold=0.028556783803827718 0.042484145340731333 0.06903334451863076 0.020200655118537393 -0.040614005752933995 -0.029463592833469218 0.23397195059943568 -0.035697741943328191 0.30127090372145654 24.630000114440922 1.0195664363481269 0.069423835206657278 29.835000038146976 -0.029463592833469218 23.604999542236332 0.30127090372145654 0.78770085504569687 0.0070711617460903495 0.0014013847331743048 -0.007281546892151213 -0.017312000709356064 -0.020247544478179221 0.15844695899744313 0.23397195059943568 -0.063506994691829508 -0.029463592833469218 -0.013327781970057238 0.034397308760894592 -0.040606283895635913 0.016558544253032163
decision_type=2 2 2 2 2 2 2 2 2 2 2 2 2 2 2 2 2 2 2 2 2 2 2 2 2 2 2 2 2 2
left_child=3 4 6 12 28 7 9 -5 -7 11 20 14 16 -14 15 -3 -1 18 -11 24 21 -6 -23 27 25 -8 -26 -22 -2 -16
right_child=1 2 -4 5 10 8 19 -9 -10 17 -12 -13 13 -15 29 -17 -18 -19 -20 -21 23 22 -24 -25 26 -27 -28 -29 -30 -31
leaf_value=0.00033749170948040242 -0.0022771434959375303 -0.0006281692058156263 -0.0028544578358755588 -0.0019468915649974165 0.0001828624798610953 0.00014762900087677994 -0.0014895173162186711 0.00025677786229685531 -4.6221269065410248e-05 -0.00050556522918543867 -0.00056540649989316545 -0.0018080174899285061 -0.0017808452619533525 0.00048557841221332702 -0.0013998816400509003 -0.0011982487045363432 0.00019033958437403837 0.00022180884486218237 -0.0012458613826573377 -0.00031152973134748648 -7.7502996250434163e-05 -0.00057368947835795779 -0.0014323531939617927 -0.00064036840883947236 -0.0045288592318504474 0.00044245953778433532 -0.00083192128875368926 -0.00024904360306003811 -0.0012621217466062462 -0.00050143046182880185
leaf_weight=102010 267 12465 223 276 816 89647 125 189 38224 3405 10562 2745 98 102 529 5004 22205 1930 355 114 35276 502 264 149 141 82 86 22597 173 365
leaf_count=102010 267 12465 223 276 816 89647 125 189 38224 3405 10562 2745 98 102 529 5004 22205 1930 355 114 35276 502 264 149 141 82 86 22597 173 365
internal_value=0.000306133 -0.00320423 -0.00634245 0.00166965 -0.00197887 0.000742037 -0.00606378 -0.0146774 0.000798109 -0.00579185 -0.00185517 -0.00668277 0.00262649 -0.0145 -0.00602761 -0.00567033 0.00265407 -0.00248682 -0.00441489 -0.0193613 -0.00142994 -0.00640961 -0.0143864 -0.00129416 -0.0238018 -0.0145652 -0.0322247 -0.00124816 -0.0217045 -0.0130089
internal_weight=350926 98175 27569 252751 70606 128336 27346 465 127871 26798 70166 21108 124415 200 18363 17469 124215 5690 3760 548 59604 1582 766 58022 434 207 227 57873 440 894
internal_count=350926 98175 27569 252751 70606 128336 27346 465 127871 26798 70166 21108 124415 200 18363 17469 124215 5690 3760 548 59604 1582 766 58022 434 207 227 57873 440 894
is_linear=0
shrinkage=0.05


Tree=9
num_leaves=31
num_cat=0
split_feature=4 10 5 5 14 10 6 12 12 6 11 13 10 6 4 10 4 12 6 4 5 10 14 14 0 11 6 11 12 10
split_gain=612.596 119.864 106.521 91.8451 64.0031 53.6083 38.8971 36.0421 39.3552 31.517 28.8103 22.3716 27.2297 20.9337 19.6331 17.688 17.6713 16.8823 16.4877 14.1319 13.5799 12.4648 19.6777 14.1028 12.2474 11.6371 10.5691 10.0339 9.53166 10.2377
threshold=0.030222768697857855 0.06903334451863076 0.012651143442835583 0.024109063722642928 0.23397195059943568 -0.029463592833469218 0.24861397454469483 -0.007281546892151213 -0.063506994691829508 0.30127090372145654 -0.035697741943328191 30.345000267028812 -0.017312000709356064 0.78770085504569687 0.04310382979079478 -0.029463592833469218 0.069423835206657278 -0.007281546892151213 0.28717666115751661 0.061489368483287517 0.015979802118476043 -0.017312000709356064 0.26245601507157795 0.15844695899744313 -0.0090271382056072418 0.021519760104925626 1.8155807397721129 -0.055970662091911087 0.027544134222988518 -0.0056282677308486786
decision_type=2 2 2 2 2 2 2 2 2 2 2 2 2 2 2 2 2 2 2 2 2 2 2 2 2 2 2 2 2 2
left_child=2 3 13 4 18 10 20 8 15 11 27 12 17 -1 -3 -6 25 -5 -2 -11 -7 22 23 -8 -10 28 -23 -4 29 -14
right_child=1 14 5 9 7 6 21 -9 24 19 -12 -13 16 -15 -16 -17 -18 -19 -20 -21 -22 26 -24 -25 -26 -27 -28 -29 -30 -31
leaf_value=0.00031740760898343488 -0.00013379020871053708 -0.00080473071610209855 -0.00037055394262565752 -0.0023968963545841142 -0.0007257430411290554 0.00016631883767441946 -5.4361351202014861e-05 0.00021241268299613728 -0.0020799430247187092 -0.00097767914892815666 0.00014988225180619628 0.00017899089692322611 -0.00034002660890413848 0.00016869930589639843 -0.002677158326752875 0.00075821239967196455 -0.0013518834739536354 -0.00015651479520852339 -0.0003943540501796434 -0.0020379880491000887 3.1525295493905895e-05 -1.2877229061693689e-05 0.00053197032432247425 -0.0011260024356120626 -0.00075908500476268878 -0.00020727633620723176 -0.0002995961652582582 -0.002214577649011664 -0.00041310335916916533 -0.00080486145070115384
leaf_weight=105043 34620 165 164 303 177 65107 208 264 327 6656 182 1717 2010 24956 224 164 2462 114 15047 1779 31555 30346 335 430 53 4480 9547 177 4944 7558
leaf_count=105043 34620 165 164 303 177 65107 208 264 327 6656 182 1717 2010 24956 224 164 2462 114 15047 1779 31555 30346 335 430 53 4480 9547 177 4944 7558
internal_value=0.000323314 -0.00342844 0.00148592 -0.00329816 -0.00197307 0.000518685 0.000579446 -0.0145939 -0.0203814 -0.00539409 -0.0154589 -0.00445608 -0.00488752 0.00251306 -0.0311183 -0.00804985 -0.00464156 -0.017542 -0.00172277 -0.00801719 0.00112619 -0.000713796 -0.00630524 -0.0114577 -0.0314474 -0.00412489 -0.000577419 -0.0240323 -0.00481257 -0.0057337
internal_weight=351114 83064 268050 82675 50652 138051 137528 985 721 32023 523 23588 21871 129999 389 341 21454 417 49667 8435 96662 40866 973 638 380 18992 39893 341 14512 9568
internal_count=351114 83064 268050 82675 50652 138051 137528 985 721 32023 523 23588 21871 129999 389 341 21454 417 49667 8435 96662 40866 973 638 380 18992 39893 341 14512 9568
is_linear=0
shrinkage=0.05


Tree=10
num_leaves=31
num_cat=0
split_feature=5 5 10 4 14 12 14 12 6 5 14 12 6 10 10 4 8 6 10 10 5 6 14 10 10 12 3 11 5 5
split_gain=549.898 108.267 104.99 75.735 62.0149 48.7015 40.1686 36.0807 33.6137 31.0453 25.5635 21.913 20.4112 19.0665 23.268 16.8153 16.315 16.1908 14.7195 14.5596 13.5017 13.4231 13.2573 10.7276 10.0935 9.79758 12.7396 8.67048 8.5196 8.43328
threshold=0.01852878815215445 0.012814206530518112 0.06903334451863076 0.039804537136194293 0.23397195059943568 -0.007281546892151213 0.23397195059943568 -0.063506994691829508 0.74351714137819502 0.033160135064051764 0.23397195059943568 -0.007281546892151213 0.35681053429962112 -0.029463592833469218 -0.020247544478179221 0.038894447307557777 0.12358801963946932 -0.27661683093974643 -0.013327781970057238 -0.029463592833469218 0.01580689149025637 1.078333278391878 0.45247854199056486 0.017693997216902905 0.01542612816856115 -0.063506994691829508 -0.011760832077529313 0.011695310622020451 0.010563217226300299 0.024109063722642928
decision_type=2 2 2 2 2 2 2 2 2 2 2 2 2 2 2 2 8 2 2 2 2 2 2 2 2 2 2 2 2 2
left_child=1 12 3 10 8 7 9 19 20 21 17 25 28 22 -15 -4 24 27 -9 -6 -3 23 -8 29 -11 -12 -27 -2 -1 -5
right_child=2 4 15 6 5 -7 13 18 -10 16 11 -13 -14 14 -16 -17 -18 -19 -20 -21 -22 -23 -24 -25 -26 26 -28 -29 -30 -31
leaf_value=0.00036837344383497953 -0.00018384026822802291 0.00014909561881021528 -0.00069134697286266404 -0.00024040015716622048 -0.00043408541755766262 0.00021206648397307864 -0.0043433842045814486 -0.0019004761952883178 -0.00013281869899712506 -0.0010187196355578851 -0.00037377999512894607 0.00024201190956932018 0.00018432518916863724 0.00037239288179739176 -0.0016522732807194005 -0.00251260692796966 -0.0015673751012462583 -0.00030505432822041799 -0.0004811739893117683 0.00076335692399890655 2.4071099842618399e-05 -0.0010760665849329943 -0.0012633503021780386 0.00024528103867606948 -3.1457088681345708e-05 -0.002069711069509803 -0.00077204648124163874 5.0399824159624623e-05 0.00025871954120584438 -0.00053426057225211684
leaf_weight=42144 14175 69622 112 5652 211 639 89 404 25437 5574 117 184 39397 207 195 267 2884 21360 164 223 39877 3260 173 1015 727 151 94 8539 54079 14266
leaf_count=42144 14175 69622 112 5652 211 639 89 404 25437 5574 117 184 39397 207 195 267 2884 21360 164 223 39877 3260 173 1015 727 151 94 8539 54079 14266
internal_value=0.000359842 0.00142593 -0.00331151 -0.00318502 0.000432247 -0.00922913 -0.00496122 -0.0161078 0.000549742 -0.00471898 -0.0018299 -0.0125824 0.00242663 -0.0171386 -0.0102985 -0.0295646 -0.00719379 -0.00169669 -0.0244014 -0.00525346 0.0009301 -0.0037794 -0.0276336 -0.00331462 -0.00576813 -0.0197238 -0.0254082 -0.000767368 0.00281913 -0.00357014
internal_weight=351238 272197 79041 78662 136577 1641 34042 1002 134936 33378 44620 546 135620 664 402 379 9185 44074 568 434 109499 24193 262 20933 6301 362 245 22714 96223 19918
internal_count=351238 272197 79041 78662 136577 1641 34042 1002 134936 33378 44620 546 135620 664 402 379 9185 44074 568 434 109499 24193 262 20933 6301 362 245 22714 96223 19918
is_linear=0
shrinkage=0.05


Tree=11
num_leaves=31
num_cat=0
split_feature=5 4 10 4 10 12 12 0 15 6 6 6 6 8 11 10 5 11 5 12 11 10 16 12 11 10 11 12 12 12
split_gain=489.737 105.299 92.8487 56.3401 45.3511 45.0639 39.1133 41.8997 32.0623 29.568 22.444 21.161 19.6529 17.5851 15.228 15.0935 14.1098 13.5398 13.2882 11.8369 14.6074 19.338 11.1249 18.136 10.5155 11.3876 10.249 10.2023 9.95391 13.483
threshold=0.01884867341083785 0.020546053987200805 0.06903334451863076 0.046051472746991458 -0.017312000709356064 -0.007281546892151213 -0.063506994691829508 -0.018083584058709187 -0.040614005752933995 0.43346790891337295 0.30127090372145654 0.83446754273607249 0.24861397454469483 -0.057951100865913867 0.0096273315293795587 0.009370850882597594 0.050188040596281513 -0.040606283895635913 0.014714704818690002 0.027544134222988518 -0.022354679901405047 -0.017312000709356064 -0.079700203360928576 -0.052669817960988401 0.0023967132721236521 0.0085213426073622606 0.0035059532242039952 -0.031579620804691948 -0.005215251084133842 -0.0077540971574964193
decision_type=2 2 2 2 2 2 2 2 2 2 2 2 2 10 2 2 2 2 2 2 2 2 2 2 2 2 2 2 2 2
left_child=1 12 3 8 5 6 -3 -8 17 18 15 14 -1 -4 19 16 -5 -2 -6 20 -10 -22 23 -11 28 26 -26 -17 29 -23
right_child=2 4 13 10 9 -7 7 -9 11 22 -12 -13 -14 -15 -16 27 -18 -19 -20 -21 21 24 -24 -25 25 -27 -28 -29 -30 -31
leaf_value=0.00029976928932011276 -0.0020252382155896988 -0.0002266243292674451 -0.0024489127743503869 -0.00063398235595358676 0.00017929119428071471 0.00029568708902352617 -0.0017305495386364562 -0.00048438334017403858 -4.823666379598958e-05 -0.0001931352233272482 -0.0012545660636617342 -0.0005767838256367162 0.00017824685996271789 -0.00068979513841344075 -7.7051377607190651e-05 0.00028290239212987498 -0.0018890504818287815 -0.00063820985322396396 4.928610273121976e-05 -8.2660772382216302e-05 -0.00080956069821682547 -0.00043231587142777679 -6.6296076875557735e-05 -0.0031427107238179482 -0.00072249176032720291 0.00011245848941639986 -0.00056471995777075061 -0.00064026622564234835 -0.00013508897815524385 -0.00059721201626342481
leaf_weight=90841 173 1158 224 11310 46898 1366 501 612 3815 227 5644 8530 40187 149 18411 1389 847 126 56785 7174 406 4404 37562 71 917 542 2977 1360 5789 563
leaf_count=90841 173 1158 224 11310 46898 1366 501 612 3815 227 5644 8530 40187 149 18411 1389 847 126 56785 7174 406 4404 37562 71 917 542 2977 1360 5789 563
internal_value=0.00036426 0.00133591 -0.00322609 -0.00310129 0.000408459 -0.00510448 -0.00942096 -0.0161141 -0.00225101 0.000550116 -0.00532847 -0.0021598 0.00236354 -0.0281099 -0.00172697 -0.00431169 -0.00506827 -0.0185786 0.000986806 -0.00249238 -0.00313372 -0.00381203 -0.0006458 -0.0102685 -0.00352422 -0.00557259 -0.00651772 -0.000965806 -0.00267943 -0.00432152
internal_weight=350958 276208 74750 74377 145180 3637 2271 1113 53827 141543 20550 53528 131028 373 44998 14906 12157 299 103683 26587 19413 15598 37860 298 15192 4436 3894 2749 10756 4967
internal_count=350958 276208 74750 74377 145180 3637 2271 1113 53827 141543 20550 53528 131028 373 44998 14906 12157 299 103683 26587 19413 15598 37860 298 15192 4436 3894 2749 10756 4967
is_linear=0
shrinkage=0.05


Tree=12
num_leaves=31
num_cat=0
split_feature=4 5 10 5 15 10 6 6 11 11 6 13 5 6 13 11 0 4 10 9 5 11 11 8 10 11 13 13 3 0
split_gain=440.9 87.6748 80.3556 72.6719 53.871 33.3086 23.3123 21.9055 21.6181 20.4526 17.503 15.7459 15.0757 14.5081 13.5163 13.0748 12.3866 11.0043 10.7535 9.33622 8.91125 8.39973 8.22559 8.12698 8.07543 7.42049 17.0364 42.0283 26.6389 10.865
threshold=0.028556783803827718 0.026187618630382482 0.06903334451863076 0.012651143442835583 -0.040614005752933995 -0.029463592833469218 0.19812047508648789 1.2488307469742312 -0.035697741943328191 0.018630365638917849 0.78770085504569687 24.385000228881839 0.017867725690487186 -0.028084141179180868 30.345000267028812 0.024185912746781283 -0.080373630664010751 0.061489368483287517 -0.016935534775352808 0.16233184927565461 0.010141090379201795 0.010968316355360443 -0.055970662091911087 -0.061679179425586643 0.00038112321022931722 -0.017686131484892616 21.134999275207523 21.555000305175785 -0.0060416653035962877 -0.0038653494888654656
decision_type=2 2 2 2 2 2 2 2 2 2 2 2 2 2 2 2 2 2 2 8 2 2 2 10 2 2 2 2 2 2
left_child=3 4 9 10 16 8 21 12 22 13 20 -11 -6 14 18 -14 -2 -15 -3 -16 -1 25 -5 -4 -13 -7 -27 28 29 -28
right_child=1 2 23 5 7 6 -8 -9 -10 11 -12 24 15 17 19 -17 -18 -19 -20 -21 -22 -23 -24 -25 -26 26 27 -29 -30 -31
leaf_value=0.0003436094283244094 -0.0024414061575942191 -0.0017129567278863713 -0.002451885842279942 -0.00032132579320701067 1.8062187502318574e-05 0.00023683733662018146 -4.2975315372962609e-05 -0.00052233216697119091 0.00022708089467217714 -0.00050206237770103414 0.00014676522613545005 -0.00048220470155327638 -0.00021962579472139382 -0.00093807105509991656 0.00045104345323783912 4.661791469861943e-05 -0.00084354140908117796 -0.0018237952391526469 -0.00068187193228631707 -0.0026603556015067616 0.00023379066006957059 0.00020014658940549165 -0.0018458831953516519 -0.0016093875312289622 0.00041666851921913348 7.980941844890604e-05 -0.00074213797844209235 -1.42672576357741e-05 -0.00049423620006634717 -0.004041929504497911
leaf_weight=38033 141 266 175 140 16647 9066 37939 9241 163 4286 24956 233 40344 4851 793 6871 430 2023 10214 45 66909 31167 162 50 1801 40887 49 2621 403 166
leaf_count=38033 141 266 175 140 16647 9066 37939 9241 163 4286 24956 233 40344 4851 793 6871 430 2023 10214 45 66909 31167 162 50 1801 40887 49 2621 403 166
internal_value=0.000381147 -0.00245801 -0.00503355 0.00148699 -0.00159323 0.000614721 0.000665506 -0.00147374 -0.0127419 -0.00476053 0.00231135 -0.00231013 -0.0011445 -0.00561181 -0.0045114 -0.00160066 -0.0168914 -0.00742362 -0.005 0.00159905 0.00259439 0.00112845 -0.0206623 -0.0347778 0.00131268 0.000746541 0.000478856 -0.00301173 -0.0147411 -0.0289535
internal_weight=351072 98411 24737 252661 73674 122763 122298 73103 465 24512 129898 6320 63862 18192 11318 47215 571 6874 10480 838 104942 84359 302 225 2034 53192 44126 3239 618 215
internal_count=351072 98411 24737 252661 73674 122763 122298 73103 465 24512 129898 6320 63862 18192 11318 47215 571 6874 10480 838 104942 84359 302 225 2034 53192 44126 3239 618 215
is_linear=0
shrinkage=0.05


Tree=13
num_leaves=31
num_cat=0
split_feature=4 5 4 14 14 12 12 14 12 12 0 6 13 6 13 14 5 13 12 15 5 6 5 12 3 12 14 6 8 14
split_gain=389.313 78.2827 67.729 53.3905 46.7103 29.36 40.5466 26.0631 50.995 21.455 21.3511 20.5488 20.34 20.3123 19.3142 20.3339 19.719 17.4025 20.7907 12.586 12.1343 11.1026 10.9624 9.82306 9.1071 8.90318 8.62068 8.49981 8.33059 11.4309
threshold=0.028556783803827718 0.026187618630382482 0.019396111835668719 -0.19490876951167976 0.23397195059943568 -0.007281546892151213 -0.063506994691829508 0.17907813454888047 -0.014960350168733092 -0.063506994691829508 -0.043368054712894837 1.213381557003357 31.844999313354496 0.85972242259231912 24.385000228881839 0.23397195059943568 0.043871709698519799 29.835000038146976 -0.063506994691829508 -0.040614005752933995 0.02051008416194448 0.40151958283632411 0.013390332815864254 -0.071455509470426767 -0.0083201936339798426 0.0072856290131225751 -0.069419882954705067 -0.56606213755584478 -0.24267613887847991 -0.098691693357393515
decision_type=2 2 2 2 2 2 2 2 2 2 2 2 2 2 2 2 2 2 2 2 2 2 2 2 2 2 2 2 10 2
left_child=2 4 17 12 13 6 23 11 9 -9 -8 22 -3 20 16 -16 25 21 -19 -17 -2 -1 -4 -6 -11 26 -5 -24 29 -15
right_child=1 3 7 14 5 -7 10 8 -10 24 -12 -13 -14 28 15 19 -18 18 -20 -21 -22 -23 27 -25 -26 -27 -28 -29 -30 -31
leaf_value=0.0002835840211660622 -3.5061727981743953e-05 -0.00060337193761735865 0.00017990331423434886 -0.00045715884845933896 -0.00047585064915749067 0.00029111773283513716 -0.0023228349195588719 -0.00034323115509153645 0.0001180041841200958 -0.0018332072669485959 -0.00085335663255651194 -0.0001000406001622654 -0.0024313205319335218 -0.0021690071132782372 -0.000193999416981374 -0.003923657395900784 -0.0018747852098538976 0.00031877235671608895 -0.0017224419873589419 -0.00047914535791140212 -0.00020700357677629953 0.00019039737677812132 0.0001515553123835434 0.00076368403490592899 -0.00073348758004783247 -0.00055419942216969971 -0.00095835538447738985 3.4816809014318455e-05 -0.00037765971506605349 -0.00093698279331395375
leaf_weight=79613 35251 81 43180 1528 211 364 217 474 1727 180 294 18048 219 53 5338 102 1979 81 74 148 24646 27992 29839 205 392 10223 5104 50894 12105 602
leaf_count=79613 35251 81 43180 1528 211 364 217 474 1727 180 294 18048 219 53 5338 102 1979 81 74 148 24646 27992 29839 205 392 10223 5104 50894 12105 602
internal_value=0.000397023 -0.00226614 0.00143774 -0.00470188 -0.00145183 -0.0108792 -0.0156041 0.000731135 -0.0040696 -0.012782 -0.0250391 0.00082491 -0.0256667 -0.00128432 -0.00444435 -0.00186292 -0.00521026 0.00238679 -0.0143548 -0.0158 -0.000898459 0.0024109 0.00105449 -0.00401442 -0.0193007 -0.00465589 -0.00608263 0.000710552 -0.00309561 -0.00858779
internal_weight=351164 98670 252494 24722 73948 1291 927 144734 2773 1046 511 141961 300 72657 24422 5588 18834 107760 155 250 59897 107605 123913 416 572 16855 6632 80733 12760 655
internal_count=351164 98670 252494 24722 73948 1291 927 144734 2773 1046 511 141961 300 72657 24422 5588 18834 107760 155 250 59897 107605 123913 416 572 16855 6632 80733 12760 655
is_linear=0
shrinkage=0.05


Tree=14
num_leaves=31
num_cat=0
split_feature=5 4 5 14 13 14 6 11 5 13 12 12 11 6 11 14 12 12 4 12 16 11 12 12 11 13 13 12 11 11
split_gain=361.482 66.1509 65.103 38.1047 32.588 28.9322 23.9369 20.2229 19.0187 18.359 16.7682 18.9183 16.0374 15.1394 12.8376 12.7471 20.7813 12.5225 11.0633 10.2275 9.63278 9.08114 8.59477 14.4538 10.2424 12.2698 29.3905 25.6411 10.6156 20.4555
threshold=0.017290503884446921 0.038068529165607719 0.012651143442835583 -0.19490876951167976 31.844999313354496 0.23397195059943568 0.93420225846195259 -0.043674023036412872 0.028602337035684756 24.630000114440922 -0.007281546892151213 -0.063506994691829508 -0.020444088180766703 0.35681053429962112 0.010391715368283873 0.23397195059943568 -0.007281546892151213 -0.063506994691829508 0.054510897953589911 0.0033715039290467268 -0.044475242112837925 -0.055970662091911087 0.020704073700370865 0.020115024475367619 -0.022672211523631577 21.134999275207523 21.555000305175785 -0.011548252560612314 0.008381662460648533 0.0086648662449935205
decision_type=2 2 2 2 2 2 2 2 2 2 2 2 2 2 2 2 2 2 2 2 2 2 2 2 2 2 2 2 2 2
left_child=2 7 13 4 -3 8 15 -2 -5 19 11 21 -13 -1 22 -4 17 -17 -6 -10 -8 -7 23 24 -9 28 27 -27 -26 -30
right_child=1 3 6 5 18 10 20 14 9 -11 -12 12 -14 -15 -16 16 -18 -19 -20 -21 -22 -23 -24 -25 25 26 -28 -29 29 -31
leaf_value=0.0002562376924992142 -0.00085498527832190497 -7.6674372089452679e-05 9.7850397326577638e-05 -0.00033579638509107884 -0.0011582352448505308 -0.0010017474718724835 -0.00057852623219897456 2.1574713879040727e-05 -0.0011225675429877506 -0.00024925226793979643 4.9373918734149098e-05 -0.0033976866490324602 -0.00059118450460882599 0.00016025830441495305 -1.0747182614077211e-05 -3.1522745098403353e-05 0.00027226513140848739 -0.0010573250927684845 -0.002853412571433948 -0.0007267300233801551 -9.8792866219032875e-05 0.00057630634015622443 -6.6332653121910559e-05 -0.0014613289823728341 -0.00017288453900849527 -0.0053027720084295312 -0.0003227649379033945 -0.00070841469448974315 -0.0016773792591071438 -0.00017340689613243461
leaf_weight=92312 730 179 101869 22220 161 167 1102 3964 4712 3759 186 184 126 37805 22841 141 464 309 129 8010 18762 107 12498 174 13220 137 3848 356 193 548
leaf_count=92312 730 179 101869 22220 161 167 1102 3964 4712 3759 186 184 126 37805 22841 141 464 309 129 8010 18762 107 12498 174 13220 137 3848 356 193 548
internal_value=0.000385849 -0.00218443 0.00138695 -0.00375313 -0.0179211 -0.00358478 0.00056043 -0.00111359 -0.00339384 -0.00468084 -0.0131818 -0.0173459 -0.0258065 0.00216601 -0.0010091 0.000867507 -0.00501094 -0.0126667 -0.0282759 -0.00558796 -0.00102849 -0.00777372 -0.00161171 -0.00219697 -0.00208479 -0.00258387 -0.00490555 -0.0163996 -0.00186197 -0.00768556
internal_weight=351213 98449 252764 39940 469 39471 122647 58509 38701 16481 770 584 310 130117 57779 102783 914 450 290 12722 19864 274 34938 22440 22266 18302 4341 493 13961 741
internal_count=351213 98449 252764 39940 469 39471 122647 58509 38701 16481 770 584 310 130117 57779 102783 914 450 290 12722 19864 274 34938 22440 22266 18302 4341 493 13961 741
is_linear=0
shrinkage=0.05


Tree=15
num_leaves=31
num_cat=0
split_feature=4 4 10 4 14 15 9 10 12 4 12 4 10 5 11 11 5 10 11 12 12 10 5 14 14 10 10 10 14 14
split_gain=334.334 61.0508 55.2112 47.2244 27.1163 26.899 21.244 18.2665 22.5909 15.1301 15.0166 13.2484 12.5699 12.8225 11.7399 11.5407 11.5102 11.4991 27.139 10.8878 17.5232 13.501 10.7396 10.6186 9.94374 11.4872 9.85535 15.4425 9.8566 11.8944
threshold=0.028556783803827718 0.020200655118537393 0.06903334451863076 0.040293933943264103 0.23397195059943568 -0.040614005752933995 0.4863693508981321 -0.017312000709356064 -0.007281546892151213 0.054510897953589911 -0.063506994691829508 0.015447030161404031 0.017693997216902905 0.050188040596281513 0.022829812381502172 0.030070663333597095 0.014473687410127374 0.015605159278572868 0.019286705415067943 -0.007281546892151213 -0.063506994691829508 -0.013327781970057238 0.019072011657822709 0.23397195059943568 0.063679127016071826 0.000540884636322292 -0.020247544478179221 -0.017312000709356064 -0.068136872709181048 -0.055909224672121997
decision_type=2 2 2 2 2 2 10 2 2 2 2 2 2 2 2 2 2 2 2 2 2 2 2 2 2 2 2 2 2 2
left_child=1 11 3 5 6 -2 12 8 10 -4 -3 -1 13 17 22 16 -9 26 -19 20 -6 -22 -7 -12 -8 -26 -5 -28 -29 -30
right_child=2 7 9 4 19 14 24 15 -10 -11 23 -13 -14 -15 -16 -17 -18 18 -20 -21 21 -23 -24 -25 25 -27 27 28 29 -31
leaf_value=0.00032628843608918862 -0.001249785686690327 -0.00016921797226076711 -0.00077731644128876476 0.00026257445520859593 -0.00047047680564299893 -7.9801105406633729e-05 -0.00094710416441572305 0.00011385225525059652 0.00025362350407727961 -0.002578918565937967 -0.00061107113533170789 0.00018866726630027545 0.00023768304496528685 -0.001639355332188372 5.4549619599065559e-05 0.00028338840645128401 2.1107194804458929e-06 -0.0023760041034177701 0.00024341068573434764 -9.725813073121952e-05 -0.0035360732507247559 -0.00058028381616024639 -0.00024503929612117501 -0.001394015038706407 -0.001663561558972894 -0.0029206558042701573 -0.0011979534611429156 -6.2067958119377714e-05 -0.0012205477545181762 -0.00041515431126508602
leaf_weight=33416 368 812 260 985 226 26261 3219 59543 1123 122 538 91305 1599 864 10210 10048 55823 205 192 141 169 112 28260 308 551 56 354 3674 1165 19369
leaf_count=33416 368 812 260 985 226 26261 3219 59543 1123 122 538 91305 1599 864 10210 10048 55823 205 192 141 169 112 28260 308 551 56 354 3674 1165 19369
internal_value=0.000398089 0.00136006 -0.00207539 -0.00200143 -0.00354597 -0.00122129 -0.00334238 0.000593822 -0.00341424 -0.0210471 -0.00712304 0.00214763 -0.0028713 -0.00312817 -0.00114466 0.000682699 0.000541147 -0.00292862 -0.0113728 -0.0136728 -0.0170907 -0.025427 -0.00143605 -0.0117849 -0.00684004 -0.01271 -0.00279739 -0.00299406 -0.00284245 -0.00326921
internal_weight=351278 252916 98362 97980 32881 65099 32233 128195 2781 382 1658 124721 28407 26808 64731 125414 115366 25944 397 648 507 281 54521 846 3826 607 25547 24562 24208 20534
internal_count=351278 252916 98362 97980 32881 65099 32233 128195 2781 382 1658 124721 28407 26808 64731 125414 115366 25944 397 648 507 281 54521 846 3826 607 25547 24562 24208 20534
is_linear=0
shrinkage=0.05


Tree=16
num_leaves=31
num_cat=0
split_feature=4 4 10 4 14 15 6 8 12 12 10 6 13 6 10 12 14 14 13 4 11 10 12 6 10 10 4 10 14 14
split_gain=289.827 63.698 53.4079 46.5438 28.6885 22.4077 21.284 20.0968 16.2419 17.5169 15.8536 14.4824 14.1542 13.6864 13.426 12.9874 12.4024 12.1414 12.0396 11.1311 10.4244 10.3633 11.8983 10.3278 8.95571 18.2372 9.1502 8.60039 8.44709 11.5937
threshold=0.02716940355612318 0.038068529165607719 0.06903334451863076 0.018710210830768102 0.23397195059943568 -0.040614005752933995 0.19812047508648789 0.24018712448254279 -0.007281546892151213 -0.063506994691829508 -0.013327781970057238 0.26104424144570465 27.855000495910648 1.078333278391878 -0.029463592833469218 -0.038623236339942461 -0.068136872709181048 -0.065772214787702996 25.505000114440922 0.05653328202846087 -0.0065367397500866167 -0.017312000709356064 -0.007281546892151213 0.70257912242915188 -0.020247544478179221 -0.017312000709356064 0.05653328202846087 0.0029261578835271256 -0.015974596701323503 -0.011938112467112181
decision_type=2 2 2 2 2 2 2 8 2 2 2 2 2 2 2 2 2 2 2 2 2 2 2 2 2 2 2 2 2 2
left_child=3 5 4 12 7 -2 28 13 9 -6 -11 -7 23 16 -14 18 27 20 -9 -4 -18 22 -8 -1 -19 -26 -27 -3 -5 -30
right_child=1 2 19 6 8 11 21 15 -10 10 -12 -13 14 -15 -16 -17 17 24 -20 -21 -22 -23 -24 -25 25 26 -28 -29 29 -31
leaf_value=0.00025348705530095939 -0.0012373198027499782 -0.00054298046558416007 -0.00107309175224012 0.00019685267887099215 -0.00049358813682616259 -3.219077110585668e-05 -0.00052332600312335927 -0.0019285554912256313 0.00019818969900411724 -0.0029997976689201049 -0.00050333948415139736 -0.00021210139840651754 -0.0016501433018407661 -0.00080188279424734808 0.00011649856345912038 -0.00088796259940198709 -0.0022025664756146202 0.0002418845076795847 -9.3613189967878572e-05 -0.0026311620740590911 -0.00015371852575535763 1.1802367825606787e-05 0.00011407691548784068 0.00015568675033179221 -0.0012229870934380212 -0.00030009927253562912 -0.00080458141851691119 5.0643819053077805e-05 -0.00023730879338096684 0.00010019054412950555
leaf_weight=75921 388 361 175 39090 264 50692 871 190 183 193 133 22531 63 4310 81 3949 122 1079 84 115 90 45706 637 17968 329 18303 4628 5622 2640 54347
leaf_count=75921 388 361 175 39090 264 50692 871 190 183 193 133 22531 63 4310 81 3949 122 1079 84 115 90 45706 637 17968 329 18303 4628 5622 2640 54347
internal_value=0.000402134 -0.00167306 -0.0032756 0.0013967 -0.00311998 -0.000799405 0.000829466 -0.00293125 -0.0126585 -0.0166949 -0.0244479 -0.000735902 0.00226107 -0.00253645 -0.0134028 -0.00618873 -0.00216414 -0.0026616 -0.0167153 -0.0246552 -0.0145755 -3.98185e-05 -0.00411804 0.00228509 -0.00255783 -0.0027644 -0.0025967 -0.000122848 0.00125665 0.000868356
internal_weight=351065 113741 40130 237324 39840 73611 143291 39067 773 590 326 73223 94033 34844 144 4223 30534 24551 274 290 212 47214 1508 93889 24339 23260 22931 5983 96077 56987
internal_count=351065 113741 40130 237324 39840 73611 143291 39067 773 590 326 73223 94033 34844 144 4223 30534 24551 274 290 212 47214 1508 93889 24339 23260 22931 5983 96077 56987
is_linear=0
shrinkage=0.05


Tree=17
num_leaves=31
num_cat=0
split_feature=5 5 5 10 15 6 11 10 14 6 9 14 8 14 12 5 11 10 8 10 16 12 8 14 11 6 12 12 14 14
split_gain=267.636 52.4301 45.8487 42.5265 27.3646 26.39 22.6956 17.5243 15.7892 15.4739 14.3731 12.0225 11.1408 11.6458 10.144 11.8091 11.5588 13.0694 9.75413 15.2891 11.3969 9.59523 9.57949 9.10906 8.67709 8.44101 8.29846 15.6591 8.62499 8.11268
threshold=0.016423372445495608 0.023048057730075042 0.011330510853480033 0.06903334451863076 -0.040614005752933995 1.0000000180025095e-35 0.018630365638917849 -0.029463592833469218 0.23397195059943568 1.0479134343159882 0.12172610601848945 0.45247854199056486 -0.09686190005083832 0.45247854199056486 -0.071455509470426767 0.043871709698519799 -0.043674023036412872 -0.0018259871478111254 -0.24267613887847991 0.016350116268756935 -0.017232081179546551 0.027831589424704543 -0.061679179425586643 -0.052338025823469685 0.023520128243548103 1.0195664363481269 0.020704073700370865 0.020115024475367619 -0.12096344977185801 0.17907813454888047
decision_type=2 2 2 2 2 2 2 2 2 2 10 2 10 2 2 2 2 2 10 2 2 2 10 2 2 2 2 2 2 2
left_child=2 4 25 6 -2 -4 8 11 10 24 14 -7 13 -10 16 -16 17 -3 19 29 -21 -12 -5 -8 26 -1 27 28 -6 -9
right_child=1 3 5 22 9 7 23 18 12 -11 21 -13 -14 -15 15 -17 -18 -19 -20 20 -22 -23 -24 -25 -26 -27 -28 -29 -30 -31
leaf_value=0.00024257197284631717 -0.0011139398060830928 3.4738244261893229e-05 0.00014425636095449367 -0.0019282766965245301 0.0002617929890103626 -0.0015174207475696312 0.00025971792207106639 -0.00020000284573422908 -0.0029869096133941998 -0.0003466878624277536 -0.00092882078577831157 -0.0001809442891156847 -0.00055827247334141029 -0.00059649268276297095 -0.00038170440505392168 -0.0015729928029364669 0.00060022533624363929 -0.0016604272057208118 2.7496383247786001e-05 -0.0017470554990085274 -0.00046237353527556614 -0.0004651383688108333 -0.00067707104956396167 -0.00025414975675177844 0.00012657340563306224 0.00014574054353467888 1.4074223858299691e-06 -0.0014582747923419775 -0.00014399331325326868 -0.00094170461826868996
leaf_weight=71473 484 241 90987 191 1958 146 2827 2374 147 10438 6438 278 283 135 16224 829 1516 138 57455 63 80 3066 92 6666 9125 13242 24120 209 29625 97
leaf_count=71473 484 241 90987 191 1958 146 2827 2374 147 10438 6438 278 283 135 16224 829 1516 138 57455 63 80 3066 92 6666 9125 13242 24120 209 29625 97
internal_value=0.000402867 -0.0015781 0.00136529 -0.00307362 -0.000814321 0.000844336 -0.00293171 3.49629e-05 -0.00362598 -0.000738324 -0.00346162 -0.0100943 -0.0119027 -0.0189362 -0.00266572 -0.00305137 0.00080475 -0.00700528 0.000106461 -0.00288064 -0.0187762 -0.0050484 -0.0223852 -0.000809544 -0.000451512 0.00229682 -0.000684826 -0.0012154 -0.00112513 -0.00196074
internal_weight=350947 114752 236195 38793 75959 151480 38510 60493 29017 75475 28452 424 565 282 18948 17053 1895 379 60069 2614 143 9504 283 9493 65037 84715 55912 31792 31583 2471
internal_count=350947 114752 236195 38793 75959 151480 38510 60493 29017 75475 28452 424 565 282 18948 17053 1895 379 60069 2614 143 9504 283 9493 65037 84715 55912 31792 31583 2471
is_linear=0
shrinkage=0.05


Tree=18
num_leaves=31
num_cat=0
split_feature=4 4 4 10 14 6 9 10 12 13 0 13 6 6 12 12 10 10 12 14 4 13 11 3 4 10 11 11 12 13
split_gain=234.754 52.0528 38.6295 34.3491 20.1429 19.8549 19.2991 14.8611 14.0638 30.5676 18.4647 11.9622 11.7356 11.3644 11.0762 19.794 14.612 10.0801 19.8262 15.6137 9.44989 8.98529 10.1136 9.8052 9.22875 8.33424 8.24082 10.8452 11.6244 10.8387
threshold=0.026491020115729555 0.038068529165607719 0.017741073900611724 0.06903334451863076 0.23397195059943568 0.8827602143387685 0.16907698959342035 -0.017312000709356064 -0.007281546892151213 31.844999313354496 -0.053448700169108736 29.835000038146976 1.078333278391878 0.31458669708502679 -0.007281546892151213 -0.063506994691829508 -0.013327781970057238 -0.017312000709356064 -0.007281546892151213 0.15844695899744313 0.061489368483287517 30.345000267028812 -0.043674023036412872 0.013941730950501443 0.069423835206657278 -0.017312000709356064 0.018630365638917849 -0.01963547275857069 0.02952133598580731 21.134999275207523
decision_type=2 2 2 2 2 2 10 2 2 2 2 2 2 2 2 2 2 2 2 2 2 2 2 2 2 2 2 2 2 2
left_child=2 7 11 4 6 17 12 8 9 10 -2 -1 21 -9 15 -6 -17 18 19 -4 -5 24 23 -23 25 -3 27 -19 29 -29
right_child=1 3 5 20 14 -7 -8 13 -10 -11 -12 -13 -14 -15 -16 16 -18 26 -20 -21 -22 22 -24 -25 -26 -27 -28 28 -30 -31
leaf_value=0.00023230282886696686 -0.0018206485136207349 -0.0006320990941818147 2.5625255370780108e-05 -0.0010952851684394641 -0.00031089059337390885 -4.1720751355140703e-05 -0.00074678621098682669 -1.8423302907047619e-05 0.00024008142890662271 0.00020422747055979631 -0.00068271276141168059 -0.0011437207848741624 -0.00079855948130952642 -0.00016890872578595938 9.2126559678649107e-05 -0.0027933307576911096 -0.00041284905865542944 0.00026991438387651386 0.00033537594387172276 -0.00074551198272501977 -0.002877337705011303 -0.0012973316723031807 0.00040614159099999813 -9.2198779715623312e-05 -0.00090496054909063235 -0.00019299981509811082 0.0002257196691649809 5.7956562197577167e-05 0.00015727824301615565 -0.00022870992993468238
leaf_weight=74802 115 383 485 210 263 26646 10016 56304 722 583 945 71 3729 23133 178 193 139 10383 970 690 74 97 2042 197 1886 20713 23444 52120 35400 3884
leaf_count=74802 115 383 485 210 263 26646 10016 56304 722 583 945 71 3729 23133 178 193 139 10383 970 690 74 97 2042 197 1886 20713 23444 52120 35400 3884
internal_value=0.000398456 -0.00137375 0.00134243 -0.00284895 -0.00272542 0.000889548 -0.00256726 -0.000650228 -0.00455603 -0.00711199 -0.0121698 0.00227405 -0.00191466 -0.000533945 -0.010718 -0.0139916 -0.0221084 0.0011492 -0.00224942 -0.00661702 -0.0201761 -0.00152895 0.00142551 -0.0072449 -0.00182926 -0.00152967 0.00120741 0.00101275 0.000838804 0.000390508
internal_weight=350817 121922 228895 40120 39836 154022 39063 81802 2365 1643 1060 74873 29047 79437 773 595 332 127376 2145 1175 284 25318 2336 294 22982 21096 125231 101787 91404 56004
internal_count=350817 121922 228895 40120 39836 154022 39063 81802 2365 1643 1060 74873 29047 79437 773 595 332 127376 2145 1175 284 25318 2336 294 22982 21096 125231 101787 91404 56004
is_linear=0
shrinkage=0.05


Tree=19
num_leaves=31
num_cat=0
split_feature=5 4 4 10 14 10 12 5 11 12 14 13 12 10 13 10 14 10 5 10 13 11 10 13 13 10 12 11 10 10
split_gain=215.206 44.4663 34.5802 28.8888 22.5868 16.1845 23.0095 15.4642 15.0829 14.8335 12.366 12.362 11.946 17.7618 11.5265 11.2566 18.1563 15.4991 10.6744 10.1762 14.6569 14.3342 12.6806 10.8066 27.8604 28.8723 10.401 10.122 9.09716 12.0972
threshold=0.015979802118476043 0.03558997768362461 0.017470851987983645 0.06903334451863076 0.23397195059943568 -0.017312000709356064 -0.007281546892151213 0.033160135064051764 -0.043674023036412872 -0.063506994691829508 0.23397195059943568 29.835000038146976 -0.063506994691829508 -0.0014592383155322961 24.385000228881839 -0.029463592833469218 0.45247854199056486 -0.020247544478179221 0.036041126573750394 0.0044510746205346239 18.719999313354496 -0.020444088180766703 0.0043510585935800936 13.894999980926515 13.934999942779543 -0.00045040499871334955 0.029085927178424512 0.02466677756805891 0.017693997216902905 0.015605159278572868
decision_type=2 2 2 2 2 2 2 2 2 2 2 2 2 2 2 2 2 2 2 2 2 2 2 2 2 2 2 2 2 2
left_child=2 8 11 4 7 6 9 28 12 -4 -11 -1 -2 -14 -9 16 -6 -17 -5 21 -21 -7 23 -23 25 -25 -24 -10 29 -3
right_child=1 3 5 18 15 19 -8 14 27 10 -12 -13 13 -15 -16 17 -18 -19 -20 20 -22 22 26 24 -26 -27 -28 -29 -30 -31
leaf_value=0.00022641039320382347 -0.00019029123232245957 -0.00024886148221863066 -8.7816062098644722e-05 -0.00094489380610362724 -0.0028218077604026505 0.00026078076811986975 0.00022563510594837295 -0.00094455909636492622 -7.7547307390105999e-05 -0.00050362851149108961 -0.0011851925685097511 -0.0010361536345076376 -0.0019194752126957333 0.00078750179706421728 -0.00017310326173620815 0.00049410162540814893 -0.00044273246486575731 -0.00088128326715406196 -0.0026233562366011834 0.00022077318261039204 -2.0081934782498433e-05 0.00015800798350039684 -0.00017008272438449629 -0.00016384618435251217 3.4862204424087805e-05 -0.00090419852784086774 -0.00036678024140739742 0.00013265263300929681 0.00030481209331707435 -0.0011486893587011014
leaf_weight=69297 584 36924 781 244 132 11694 1483 6980 63980 621 335 69 220 85 2478 298 230 261 78 39365 9680 20672 379 410 71199 236 202 10107 1721 531
leaf_count=69297 584 36924 781 244 132 11694 1483 6980 63980 621 335 69 220 85 2478 298 230 261 78 39365 9680 20672 379 410 71199 236 202 10107 1721 531
internal_value=0.000391231 -0.00127538 0.00131022 -0.00243228 -0.00233528 0.000899578 -0.0026087 -0.00218839 -0.000505762 -0.0065141 -0.0106904 0.00224 -0.00697975 -0.015 -0.00400296 -0.0100923 -0.0169613 -0.00564401 -0.0173602 0.000973011 0.00156744 0.000694805 0.000487551 0.000533794 0.000243928 -0.0100929 -0.00687608 -0.000428078 -0.00175031 -0.00191363
internal_weight=351276 124853 226423 49877 49555 157057 3220 48634 74976 1737 956 69366 889 305 9458 921 362 559 322 153837 49045 104792 93098 92517 71845 646 581 74087 39176 37455
internal_count=351276 124853 226423 49877 49555 157057 3220 48634 74976 1737 956 69366 889 305 9458 921 362 559 322 153837 49045 104792 93098 92517 71845 646 581 74087 39176 37455
is_linear=0
shrinkage=0.05


Tree=20
num_leaves=31
num_cat=0
split_feature=5 5 5 14 14 15 11 0 0 11 11 4 5 5 12 12 16 13 4 12 12 13 12 12 9 3 11 11 3 13
split_gain=195.272 38.639 33.0176 21.0191 18.8898 18.4951 16.2369 15.3398 11.4957 10.9667 10.2965 9.88918 9.62791 9.60938 9.20124 14.2146 8.55971 7.2014 7.13704 6.79856 12.4705 7.99712 6.71772 7.55363 7.41396 6.70796 6.63668 7.75364 6.72937 6.46403
threshold=0.016911841987209249 0.011330510853480033 0.026187618630382482 0.23397195059943568 -0.19490876951167976 -0.040614005752933995 0.018630365638917849 -0.080373630664010751 -0.010056244324860185 0.022829812381502172 0.023520128243548103 0.023380138196307763 0.043871709698519799 0.036041126573750394 -0.007281546892151213 -0.063506994691829508 -0.044475242112837925 24.385000228881839 0.015447030161404031 -0.067575688865902969 -0.0497892715245336 29.835000038146976 0.020704073700370865 0.020115024475367619 0.20301526372482628 0.039848594882380912 -0.043674023036412872 -0.022672211523631577 0.0035479134430411734 43.015001296997077
decision_type=2 2 2 2 2 2 2 2 2 2 2 2 2 2 2 2 2 2 2 2 2 2 2 2 10 2 2 2 2 2
left_child=1 18 3 8 13 16 12 -5 26 22 11 -7 19 -4 15 -9 -3 -8 -1 29 21 -21 23 25 -25 -10 28 -28 -2 -6
right_child=2 5 4 7 6 10 17 14 9 -11 -12 -13 -14 -15 -16 -17 -18 -19 -20 20 -22 -23 -24 24 -26 -27 27 -29 -30 -31
leaf_value=0.00025714804131513768 -0.0010120608477159378 -0.0011424251057312498 -0.00070456999986320693 -0.0018047128413554037 0.00016281528001392087 9.578296000521268e-05 -0.00026095602679771646 -3.0275586230669203e-05 -0.00013249472339775189 0.00013848017172001634 0.00021312619314884794 9.7558955610049225e-06 -0.0014505908316768325 -0.0021898558811671606 0.00024411304100219015 -0.00093761834131846121 -3.5686425456794768e-06 0.00026598939694037651 0.00016826916905642657 -0.0010633172918306567 -0.00050834898287490022 -0.0027468669342668541 -8.2076732059027951e-06 -0.00039663746477646631 -0.0019646497986272569 -0.00091949001055926485 0.00014833035364406616 -0.00023959109518646086 -0.00013637590756099141 -0.0008822375386126224
leaf_weight=31667 261 319 206 134 1519 85223 4340 332 25951 10002 19054 55895 1987 102 337 428 182 2059 53056 507 13990 42 20372 93 47 352 2536 19188 220 241
leaf_count=31667 261 319 206 134 1519 85223 4340 332 25951 10002 19054 55895 1987 102 337 428 182 2059 53056 507 13990 42 20372 93 47 352 2536 19188 220 241
internal_value=0.000402433 0.00117516 -0.00139929 -0.000905075 -0.00298624 0.000719567 -0.00283269 -0.0073883 -0.00080408 -0.000427073 0.000749569 0.000602262 -0.00359127 -0.0152922 -0.00543756 -0.00848684 -0.00887226 -0.000664947 0.00203917 -0.00319069 -0.00354598 -0.0109381 -0.000748157 -0.00127387 -0.0128571 -0.00121222 -0.00176875 -0.00164012 -0.00757796 -0.000255682
internal_weight=350642 245396 105246 80253 24993 160673 24685 1231 79022 56817 160172 141118 18286 308 1097 760 501 6399 84723 16299 14539 549 46815 26443 140 26303 22205 21724 481 1760
internal_count=350642 245396 105246 80253 24993 160673 24685 1231 79022 56817 160172 141118 18286 308 1097 760 501 6399 84723 16299 14539 549 46815 26443 140 26303 22205 21724 481 1760
is_linear=0
shrinkage=0.05


Tree=21
num_leaves=31
num_cat=0
split_feature=4 4 4 6 6 6 4 10 0 14 14 14 10 13 10 14 14 13 13 13 13 4 10 13 13 12 14 10 12 14
split_gain=172.388 43.7542 26.47 24.3209 16.5268 14.5924 14.4269 12.3163 11.4763 10.3475 9.26775 11.1577 32.5663 9.77932 8.8557 31.0605 63.2207 33.7417 15.3448 16.6882 14.2163 8.56036 8.48427 8.35903 9.12284 15.8223 12.7055 10.836 8.16912 42.5136
threshold=0.024670691557761474 0.034397308760894592 0.016450798557727974 1.2488307469742312 0.98970637873126988 1.9452811647603971 0.064761582995616879 0.027542831641926283 -0.063288702050326426 0.34982669992859688 -0.014609583018452553 -0.013693091090924312 0.0011530196642344228 27.855000495910648 -0.0042976015384410529 0.077019604552505241 0.081032983629692037 13.894999980926515 15.855000019073488 15.875000000000002 16.675000190734867 0.087106519921520895 -0.029463592833469218 24.630000114440922 22.730000495910648 -0.048266057813245992 0.15844695899744313 0.0055649513085964672 -0.011548252560612314 -0.011938112467112181
decision_type=2 2 2 2 2 2 2 2 2 2 2 2 2 2 2 2 2 2 2 2 2 2 2 2 2 2 2 2 2 2
left_child=2 4 -1 8 -2 10 -5 -8 9 -3 -4 12 -12 14 -13 18 17 -17 -16 -20 -19 23 -15 24 -10 27 -27 -26 29 -21
right_child=1 3 5 6 -6 -7 7 -9 21 -11 11 13 -14 22 15 16 -18 20 19 28 -22 -23 -24 -25 25 26 -28 -29 -30 -31
leaf_value=0.00022819735703185056 6.619804292957467e-06 -0.00080515888923251829 0.00017014391186506348 -0.00067356033643347192 -0.00023379318457750713 -0.00010157189969045811 -0.0018657436637532039 -0.0030368417222474799 -0.00021429879417919737 -0.0019285023109800615 0.00040731649281182869 0.00016112607045596294 -0.0011278955184862753 -0.0012480949888791929 0.00016056712866390719 0.00032636966872632927 0.00011291314246531526 -0.0010132697380614338 -0.00078618040223821901 -0.0030717699160006657 -0.00063565352300640502 -0.0013060043968961916 -7.8855733371771138e-05 6.5884258039566034e-06 -0.00063810053951286229 -0.00027685997170173515 -0.0014535835994734594 -0.0022339066890643407 4.7616127374874631e-05 -9.6509038883546658e-05
leaf_weight=49986 77119 716 58420 6231 14417 10219 565 52 35802 105 318 28945 186 175 27800 189 1755 434 188 190 417 1063 452 8068 153 2456 144 162 19443 4753
leaf_count=49986 77119 716 58420 6231 14417 10219 565 52 35802 105 318 28945 186 175 27800 189 1755 434 188 190 417 1063 452 8068 153 2456 144 162 19443 4753
internal_value=0.000396426 -0.000908414 0.00133762 -0.00201587 -0.000236737 0.00101291 -0.00480578 -0.0120989 -0.00162331 -0.00748477 0.00114276 0.000810312 -0.00660714 0.000854427 0.000900801 0.000529192 -0.00460644 -0.014375 0.000803261 -0.000107023 -0.0186193 -0.00152274 -0.00536683 -0.00142193 -0.00172702 -0.00441681 -0.00313462 -0.015 7.38147e-06 -0.00180761
internal_weight=350923 147053 203870 55517 91536 153884 6848 617 48669 821 143665 85245 504 84741 84114 55169 2795 1040 52374 24574 851 47848 627 46785 38717 2915 2600 315 24386 4943
internal_count=350923 147053 203870 55517 91536 153884 6848 617 48669 821 143665 85245 504 84741 84114 55169 2795 1040 52374 24574 851 47848 627 46785 38717 2915 2600 315 24386 4943
is_linear=0
shrinkage=0.05


Tree=22
num_leaves=31
num_cat=0
split_feature=4 4 4 10 15 14 13 11 11 11 13 13 11 8 13 13 13 12 13 10 10 15 11 10 9 13 0 10 12 12
split_gain=156.177 35.7827 29.5845 19.0611 16.2874 11.7264 11.8656 10.9312 9.75044 12.89 17.9524 28.6819 25.2032 10.9193 9.48409 11.1259 16.4449 10.3082 14.2505 9.24948 13.4454 9.13539 9.02479 13.9157 9.79866 9.02407 8.97487 8.32063 16.2395 11.7872
threshold=0.025955239627068531 0.041312901961612726 0.017470851987983645 0.06903334451863076 -0.040614005752933995 0.23397195059943568 24.630000114440922 0.022829812381502172 0.0035059532242039952 0.0023967132721236521 14.994999885559084 15.97499990463257 0.0032511544819977538 -0.16831456849003826 21.134999275207523 21.555000305175785 21.409999847412113 -0.027973012120020454 23.604999542236332 0.0041080829558171059 0.0039560273734108318 0.01738721296376489 0.0091429221400685119 0.019654390703208072 0.21564132260094618 29.835000038146976 -0.080373630664010751 -0.017312000709356064 -0.007281546892151213 -0.063506994691829508
decision_type=2 2 2 2 2 2 2 2 2 2 2 2 2 10 2 2 2 2 2 2 2 2 2 2 8 2 2 2 2 2
left_child=2 4 25 5 -2 6 14 -6 9 27 21 12 -12 -10 -3 16 -16 22 -19 20 -15 -11 23 24 -17 -1 -7 28 29 -4
right_child=1 3 8 -5 7 26 -8 -9 13 10 11 -13 -14 19 15 17 -18 18 -20 -21 -22 -23 -24 -25 -26 -27 -28 -29 -30 -31
leaf_value=0.00019740397386782446 -0.00095166128704930557 -0.00040220415766852404 -4.3306014193221998e-05 -0.0012259383101857501 -8.3361230855942656e-05 -0.0022445498218462258 -4.3818370744562193e-05 9.5340159447297601e-05 -0.00015629713099515362 0.00022979373439563361 -0.0012271448970000351 -0.00017259934885898223 -6.0036467585379479e-05 9.7480875228546208e-05 -0.00054492354380621035 -0.0011587560164734417 -0.0043749801398103956 0.00025939168984607375 -0.00095017862984286621 0.00021729041527468178 -0.00027495163965377656 -0.00036362025689963095 7.7496489749793432e-05 0.00048880219034140647 -0.0022677779241165991 -0.00087029175730199957 -0.0005537846185710121 7.4352196000964044e-05 0.00021238514530489425 -0.00074247442861986304
leaf_weight=69301 529 20121 715 239 82503 148 6072 15403 2430 2263 319 3058 207 45976 280 548 157 1237 611 32819 1014 159 261 176 173 69 445 61327 1326 835
leaf_count=69301 529 20121 715 239 82503 148 6072 15403 2430 2263 319 3058 207 45976 280 548 157 1237 611 32819 1014 159 261 176 173 69 445 61327 1326 835
internal_value=0.000398194 -0.000985896 0.00120252 -0.00248326 -0.000522426 -0.00237206 -0.00223276 -0.000475149 0.000812999 0.000380222 -0.00183483 -0.00408203 -0.0148669 0.00118247 -0.00274062 -0.00516555 -0.0126201 -0.00408184 -0.00176407 0.001283 0.000833156 0.0014905 -0.00778066 -0.0101616 -0.0132386 0.00205853 -0.0093339 0.000587434 -0.00204103 -0.00551613
internal_weight=350721 128903 221818 30468 98435 30229 29636 97906 152448 70209 6006 3584 526 82239 23564 3443 437 3006 1848 79809 46990 2422 1158 897 721 69370 593 64203 2876 1550
internal_count=350721 128903 221818 30468 98435 30229 29636 97906 152448 70209 6006 3584 526 82239 23564 3443 437 3006 1848 79809 46990 2422 1158 897 721 69370 593 64203 2876 1550
is_linear=0
shrinkage=0.05


Tree=23
num_leaves=31
num_cat=0
split_feature=5 4 6 5 6 10 9 13 6 10 11 12 12 12 13 11 14 11 11 12 10 10 9 14 16 12 13 13 13 12
split_gain=149.584 41.9522 27.3656 18.6212 15.9576 12.6886 12.2695 12.146 9.48689 9.2272 9.05496 9.85819 12.2804 35.2741 13.8385 15.957 10.7381 8.046 7.96163 8.35115 12.1256 9.87402 7.64904 7.09191 7.08286 16.5585 6.47294 15.4855 6.20598 6.17673
threshold=0.01852878815215445 0.020617535228393925 0.030076544944885351 0.033160135064051764 0.19812047508648789 0.06903334451863076 0.25488362479490162 14.684999942779543 0.15128297835207008 -0.017312000709356064 0.01259030861125965 -0.075828258528587975 -0.029235256213089252 -0.031853189963288557 21.409999847412113 -0.0072461958036925669 0.23397195059943568 0.00066761306825102739 -0.043674023036412872 -0.063506994691829508 -0.0014592383155322961 -0.0018259871478111254 -0.23190632336193648 -0.12096344977185801 -0.079700203360928576 -0.052669817960988401 21.134999275207523 21.555000305175785 27.855000495910648 -0.007281546892151213
decision_type=2 2 2 2 2 2 10 2 2 2 2 2 2 2 2 2 2 2 2 2 2 2 10 2 2 2 2 2 2 2
left_child=1 7 6 18 23 -5 10 -1 -9 29 11 -2 13 16 17 -16 -13 -15 19 21 -21 -4 -23 -3 25 -11 -8 -28 -10 -6
right_child=2 4 3 5 9 -7 26 8 28 24 -12 12 -14 14 15 -17 -18 -19 -20 20 -22 22 -24 -25 -26 -27 27 -29 -30 -31
leaf_value=0.00021104889920060384 0.00055290888158338459 0.0003475776740978368 -2.2228603746518188e-05 -0.0010539520238905078 -0.0004672588044909603 -0.0016966119373818202 -0.00032288107951478062 0.00014734095658804533 6.1402737992474713e-05 -0.0001178892313849825 6.9012528499015529e-05 -0.00020412337282475377 -9.3842985665904487e-05 0.00071699193328333575 -0.0015013963841514577 -0.0053745997399201467 -0.0013307588504530227 -0.00068018590319352044 -0.0002802880257806168 -0.0019595845765556729 0.0010086675270154246 -0.00170873465176431 -0.00073720995462654487 6.759644991863625e-05 -2.640798245188427e-05 -0.0026950439279082527 -0.0020485376306690782 -0.00081343128265920083 -0.00074156595520311801 1.1829649980110738e-05
leaf_weight=49644 1637 3077 501 3238 1148 101 6435 53968 28548 229 14140 4672 22067 85 153 106 105 173 24189 163 59 56 167 89045 45525 63 84 799 177 635
leaf_count=49644 1637 3077 501 3238 1148 101 6435 53968 28548 229 14140 4672 22067 85 153 106 105 173 24189 163 59 56 167 89045 45525 63 84 799 177 635
internal_value=0.00040299 0.000958965 -0.00151337 -0.00275269 0.000354705 -0.00626086 -0.000813976 0.00159695 0.0012258 -0.000388655 -0.000492837 -0.000998689 -0.00122419 -0.00338685 -0.015793 -0.0239575 -0.00204417 -0.0075969 -0.00228665 -0.00678647 -0.0152703 -0.00418508 -0.0129372 0.000738803 -0.000251326 -0.0080137 -0.00270702 -0.0067214 0.000491732 -0.00391755
internal_weight=350989 272059 78930 28474 139722 3339 50456 132337 82693 47600 43138 28998 27361 5294 517 259 4777 258 25135 946 222 724 223 92122 45817 292 7318 883 28725 1783
internal_count=350989 272059 78930 28474 139722 3339 50456 132337 82693 47600 43138 28998 27361 5294 517 259 4777 258 25135 946 222 724 223 92122 45817 292 7318 883 28725 1783
is_linear=0
shrinkage=0.05


Tree=24
num_leaves=31
num_cat=0
split_feature=5 6 5 5 6 5 11 15 11 5 14 8 10 16 14 0 11 10 14 13 11 6 11 11 10 8 14 10 2 3
split_gain=135.733 31.3833 25.9827 20.583 18.8087 16.9272 11.6263 9.81548 9.42706 8.40904 8.24291 8.19648 10.3447 8.86659 7.78211 7.13196 8.23225 7.41068 7.84135 55.3025 7.45597 6.89274 6.6815 6.54323 6.41153 5.98928 5.7147 5.69207 11.5491 5.33571
threshold=0.015979802118476043 1.1086926414562772 0.010563217226300299 0.022579006457816689 1.0000000180025095e-35 0.04053217276202218 0.018630365638917849 -0.040614005752933995 -0.026323618530511902 0.033160135064051764 -0.052338025823469685 -0.20430265838763614 0.016350116268756935 -0.017232081179546551 -0.016820561404990383 -0.080373630664010751 -0.022672211523631577 -0.017312000709356064 -0.011938112467112181 21.409999847412113 -0.016025846447031252 1.9452811647603971 -0.025492153007652226 -0.043674023036412872 0.0053129722735428828 0.065963250489658579 -0.10816573528732347 0.0055649513085964672 -0.094915359207532787 -0.0025278773639085812
decision_type=2 2 2 2 2 2 2 2 2 2 2 10 2 2 2 2 2 2 2 2 2 2 2 2 2 8 2 2 2 2
left_child=2 3 -1 14 29 8 9 25 27 -5 -8 12 -9 -14 22 -16 23 -18 19 20 -19 -13 24 -17 -2 -6 -10 -3 -29 -4
right_child=1 5 4 6 7 -7 10 11 26 -11 -12 21 13 -15 15 16 17 18 -20 -21 -22 -23 -24 -25 -26 -27 -28 28 -30 -31
leaf_value=0.00018560156103112125 -5.1558518645324276e-05 -0.00059073150174577735 5.9374216232920327e-05 -0.00022792667290808165 -0.00067282586433079395 -0.0020480334088161848 0.00032828556362988597 -0.00017965097544321104 0.00023534733906873984 -0.00066990316436369248 -0.00012088648161129653 5.6003997563632894e-05 -0.0015386902545015137 -0.00043651465131630692 -0.0014772514703134257 -0.00034789485628926618 -0.00043257125964950576 -0.0014551328253915297 -6.5078950244533399e-05 -0.0044749351522301454 -5.2120938700155044e-05 -0.00010952629223856524 6.8087446838364379e-05 0.00033066491865690385 -0.00066062706677012166 -0.0014695660700509616 -0.00038748812691166831 -0.0015990881185881827 -0.0004564351117714958 0.00014363658928454184
leaf_weight=59808 1022 1376 27978 21149 334 502 2707 2579 1038 6117 6359 53155 69 93 42 777 979 76 34201 155 1833 10713 28741 3701 528 58 13103 72 281 71416
leaf_count=59808 1022 1376 27978 21149 334 502 2707 2579 1038 6117 6359 53155 69 93 42 777 979 76 34201 155 1833 10713 28741 3701 528 58 13103 72 281 71416
internal_value=0.000372149 -0.000951875 0.00110239 -0.000643666 0.000781123 -0.0029923 -0.001614 0.000133655 -0.00270636 -0.00212976 -6.28721e-05 0.000180081 -0.00249726 -0.0147531 -0.000154396 -0.000596925 -0.000576195 -0.000819729 -0.000703846 -0.00369671 -0.00136459 0.000294984 0.000455746 0.00144931 -0.00274194 -0.0077551 -0.00228025 -0.00619144 -0.0118555 0.00121758
internal_weight=350962 124759 226203 108387 166395 16372 36332 67001 15870 27266 9066 66609 2741 162 72055 41764 41722 37244 36265 2064 1909 63868 30291 4478 1550 392 14141 1729 353 99394
internal_count=350962 124759 226203 108387 166395 16372 36332 67001 15870 27266 9066 66609 2741 162 72055 41764 41722 37244 36265 2064 1909 63868 30291 4478 1550 392 14141 1729 353 99394
is_linear=0
shrinkage=0.05


Tree=25
num_leaves=31
num_cat=0
split_feature=5 5 5 6 6 6 9 8 10 16 5 10 10 5 10 10 14 13 10 13 12 14 14 10 13 14 15 6 10 14
split_gain=127.665 26.2918 22.9392 18.7244 16.4327 12.0116 10.2719 8.63018 10.742 11.7521 8.32867 7.40335 8.48483 7.29101 7.25195 6.55934 10.3808 6.16153 11.3723 7.03908 6.76635 6.01103 8.4194 22.4765 5.85163 5.63898 5.45565 5.34834 5.23174 4.97873
threshold=0.015979802118476043 0.022803640443967935 0.010563217226300299 1.078333278391878 1.0000000180025095e-35 0.11619236082320988 0.16907698959342035 -0.20430265838763614 0.016350116268756935 -0.017232081179546551 0.037924788143841461 -0.016935534775352808 -0.017312000709356064 0.050188040596281513 0.027542831641926283 -0.029463592833469218 0.45247854199056486 30.345000267028812 -0.017312000709356064 43.015001296997077 -0.007281546892151213 -0.014609583018452553 -0.013693091090924312 0.0011530196642344228 12.00999975204468 -0.029883265784418574 -0.040614005752933995 1.9452811647603971 -0.0018259871478111254 0.45247854199056486
decision_type=2 2 2 2 2 2 10 10 2 2 2 2 2 2 2 2 2 2 2 2 2 2 2 2 2 2 2 2 2 2
left_child=2 5 -1 6 21 25 13 8 -6 -10 -5 12 -8 17 -12 16 -9 18 20 -19 -3 -4 23 -23 -24 -2 29 -17 -21 -7
right_child=1 3 4 10 7 26 11 15 9 -11 14 -13 -14 -15 -16 27 -18 19 -20 28 -22 22 24 -25 -26 -27 -28 -29 -30 -31
leaf_value=0.00017616657917955854 8.1391778936204973e-05 -0.0011386317313537122 0.00016148949103026355 -0.00070407963665069292 -0.00020583410178285941 -0.001106926058962854 -0.0012731086256095485 -0.0012627365841542302 -0.0017227062431164856 -0.0003497362554967685 -0.001631284815535562 -0.00046468243689901762 -0.0024621830426046643 -0.0012072596246395994 -0.0022587428296225935 5.7259690325255166e-05 -5.6584194359542477e-05 0.00036279895149125851 -0.00013431808389560024 -0.00023598150877750633 0.00028346177107464618 0.00035027340260373395 -0.00046088028848975194 -0.0011154801820877926 8.9759851082351911e-05 -3.9518638176824283e-05 -0.00014148955724811987 -8.9590389232316911e-05 -0.0013733441753749883 -6.8922767702019755e-05
leaf_weight=59746 18036 384 41125 4503 2585 215 145 130 73 89 605 8921 47 753 58 52924 278 2004 22358 183 116 234 129 147 57797 37641 28526 10735 63 211
leaf_count=59746 18036 384 41125 4503 2585 215 145 130 73 89 605 8921 47 753 58 52924 278 2004 22358 183 116 234 129 147 57797 37641 28526 10735 63 211
internal_value=0.000372063 -0.000911725 0.00108083 -0.00196562 0.000778846 -0.000411856 -0.00155058 0.000172419 -0.0025719 -0.0150617 -0.00477545 -0.00299407 -0.0127083 -0.00104192 -0.0100075 0.000290087 -0.00602941 -0.000896527 -0.00114227 0.0016 -0.0086 0.00118634 0.000859845 -0.00654856 0.000908573 1.76915e-05 -0.00123791 0.00033059 -0.00638211 -0.00685446
internal_weight=350761 124769 225992 40140 166246 84629 34974 66814 2747 162 5166 9113 192 25861 663 64067 408 25108 22858 2250 500 99432 58307 381 57926 55677 28952 63659 246 426
internal_count=350761 124769 225992 40140 166246 84629 34974 66814 2747 162 5166 9113 192 25861 663 64067 408 25108 22858 2250 500 99432 58307 381 57926 55677 28952 63659 246 426
is_linear=0
shrinkage=0.05


Tree=26
num_leaves=31
num_cat=0
split_feature=5 4 4 6 6 6 9 5 13 13 11 10 10 13 8 10 16 11 14 10 10 13 11 1 14 14 11 14 11 9
split_gain=114.867 32.2973 19.4586 15.524 12.7564 12.5721 10.1616 8.90053 7.82966 10.6221 7.33512 6.86271 9.21315 11.6815 6.57933 8.7424 10.6049 6.01999 6.01062 6.03938 15.0556 11.8884 6.42981 7.16639 5.83126 17.865 15.154 10.874 10.2992 6.8894
threshold=0.014714704818690002 0.033868181232776358 0.016212009162345078 1.2488307469742312 -0.23929869416499594 1.0000000180025095e-35 0.35626802189598278 0.04053217276202218 27.855000495910648 30.345000267028812 0.039736199013419633 0.0044510746205346239 0.0043510585935800936 20.335000038146976 -0.24267613887847991 0.016350116268756935 -0.017232081179546551 0.01259030861125965 0.23397195059943568 -0.0056282677308486786 -0.0052692990008561527 31.844999313354496 -0.0086028412340181642 -0.01149701787930779 -0.068136872709181048 -0.055909224672121997 -0.0088251851150741283 -0.056395923843761568 -0.031453464626615406 -0.13510071946041
decision_type=2 2 2 2 2 2 10 2 2 2 2 2 2 2 10 2 2 2 2 2 2 2 2 2 2 2 2 2 2 8
left_child=2 4 -1 6 17 11 10 -5 -6 -10 18 12 -4 -14 15 -7 -17 -2 19 -3 22 24 23 -21 -22 26 28 -28 -26 -30
right_child=1 3 5 7 8 14 -8 -9 9 -11 -12 -13 13 -15 -16 16 -18 -19 -20 20 21 -23 -24 -25 25 -27 27 -29 29 -31
leaf_value=0.00018887875462112735 7.8874346991655058e-06 4.2040808064052571e-06 9.9743477031704066e-05 -0.00055518107662049984 -6.492561167833955e-05 -0.0001674505599883733 -0.00054600943604816087 -0.0018195599132541517 -0.00091423808460567083 -0.00011798683274850496 0.00014726238522533858 0.00017686973418178033 -0.00041274170566124309 -6.8953863476584141e-05 4.8991004717009856e-05 -0.0015857433922083237 -0.00015106404263231081 0.00013660129343349024 -0.00063959381648741234 -0.0009512874676997834 1.1109727623430292e-05 -0.00086609778499562658 -0.00056878001734077472 -0.00010285567553345986 0.0010945089606562298 -0.00016877548550185546 -0.00031177260199469605 -0.0012509966823033712 -0.001414354200548271 -0.0020862059738651416
leaf_weight=45532 34099 8998 59817 6804 46177 2158 6033 467 376 850 3799 26879 102 207 59800 64 75 16542 693 133 6758 234 444 74 45 22063 1092 224 90 156
leaf_count=45532 34099 8998 59817 6804 46177 2158 6033 467 376 850 3799 26879 102 207 59800 64 75 16542 693 133 6758 234 444 74 45 22063 1092 224 90 156
internal_value=0.000364967 -0.000645177 0.00117539 -0.00157924 -9.15913e-05 0.000899116 -0.00127016 -0.0037402 -0.000681075 -0.0046248 -0.00101076 0.001287 0.000990088 -0.00762136 0.000355653 -0.00227035 -0.0144245 0.0004602 -0.00120549 -0.00112612 -0.00145419 -0.00129444 -0.00897849 -0.016256 -0.0012081 -0.00157795 -0.0066677 -0.0043845 -0.0169931 -0.0210163
internal_weight=350785 156151 194634 58107 98044 149102 50836 7271 47403 1226 44803 87005 60126 309 62097 2297 139 50641 41004 40311 31313 30662 651 207 30428 23670 1607 1316 291 246
internal_count=350785 156151 194634 58107 98044 149102 50836 7271 47403 1226 44803 87005 60126 309 62097 2297 139 50641 41004 40311 31313 30662 651 207 30428 23670 1607 1316 291 246
is_linear=0
shrinkage=0.05


Tree=27
num_leaves=31
num_cat=0
split_feature=5 5 5 6 6 6 11 14 11 11 12 10 11 11 3 10 11 14 10 10 10 11 12 10 14 11 3 11 10 0
split_gain=102.493 27.1998 18.5068 15.6588 14.5626 12.1651 10.7003 8.75241 12.7928 11.7921 16.5933 18.8519 19.467 27.4398 23.2692 18.1289 12.5634 10.9736 8.80245 9.7809 8.68177 8.15389 9.10348 7.78394 15.4661 41.2257 11.167 10.1388 7.52832 7.10466
threshold=0.015069919633341223 0.026187618630382482 0.010141090379201795 1.7566166277377679 0.15128297835207008 0.030076544944885351 0.022829812381502172 -0.029883265784418574 -0.0237759721784318 -0.022672211523631577 -0.0021779841828679087 -0.0012572385131596751 -0.013624975324509013 0.011634052199270497 -0.0081196196765201383 0.0063034677603397435 -0.043674023036412872 0.01016731697942619 0.0053129722735428828 0.0092143531748835068 -0.017312000709356064 0.0057609593190406381 -0.019164268352129695 -0.0061039058742593513 0.13242625205871941 0.008381662460648533 -0.0033022040920633873 0.0035059532242039952 0.06903334451863076 0.0084359859166037738
decision_type=2 2 2 2 2 2 2 2 2 2 2 2 2 2 2 2 2 2 2 2 2 2 2 2 2 2 2 2 2 2
left_child=2 3 -1 6 -4 -3 7 8 18 16 11 17 -13 14 15 -14 -9 -11 -2 -20 -5 22 -16 24 -19 -26 27 -25 -7 -17
right_child=1 5 4 20 -6 28 -8 9 -10 10 -12 12 13 -15 21 29 -18 23 19 -21 -22 -23 -24 26 25 -27 -28 -29 -30 -31
leaf_value=0.00017341096865344319 -5.801335212662584e-05 -0.00020652421260399583 0.00010977943470178941 -0.00096717762902014809 1.8527851367279031e-05 -0.00058600245184507131 0.00012557567895559154 -0.00034201888841172849 6.4383432531783918e-05 0.00036293276516169773 -5.4464565896425022e-05 0.000168251474402053 -0.0006085744820564145 0.00013964965677215697 -0.00063679221858449454 -0.0039107609965714192 0.00026604548499636649 0.00010227135030476998 -0.00092723120179809835 -8.2785834891079625e-05 -0.00031020789615615526 -0.0010149628686370309 -0.00017375666065391136 -0.00064701119859776135 -0.00023412407869430313 -0.0017654272232976909 -0.00020497437177773763 0.00010183948462134689 -0.0010562700003134561 -0.003945019838543856
leaf_weight=47395 1117 16359 102352 423 54529 8411 17041 1455 28326 1350 42371 879 380 879 630 70 6650 4152 480 432 9062 584 940 547 2049 157 1470 184 211 106
leaf_count=47395 1117 16359 102352 423 54529 8411 17041 1455 28326 1350 42371 879 380 879 630 70 6650 4152 480 432 9062 584 940 547 2049 157 1470 184 211 106
internal_value=0.000349596 -0.00065859 0.00107369 -0.00035019 0.000812113 -0.00216144 -0.000185347 -0.000391879 0.000308846 -0.000719859 -0.00097466 -0.00244244 -0.00513876 -0.00677208 -0.00926199 -0.0183813 0.00106416 -0.00122666 -0.00352637 -0.00717105 -0.002301 -0.00690808 -0.00503185 -0.00188749 -0.00100031 -0.0043835 -0.00445025 -0.00950068 -0.00368128 -0.0316477
internal_weight=350991 146715 204276 121734 156881 24981 112249 95208 30355 64853 56748 14377 4468 3589 2710 556 8105 9909 2029 912 9485 2154 1570 8559 6358 2206 2201 731 8622 176
internal_count=350991 146715 204276 121734 156881 24981 112249 95208 30355 64853 56748 14377 4468 3589 2710 556 8105 9909 2029 912 9485 2154 1570 8559 6358 2206 2201 731 8622 176
is_linear=0
shrinkage=0.05


Tree=28
num_leaves=31
num_cat=0
split_feature=5 5 5 6 6 6 10 13 13 11 15 11 11 2 12 12 10 16 13 11 11 10 0 3 15 13 13 10 11 10
split_gain=92.8313 25.8851 19.5228 17.4221 12.2778 9.96769 8.8044 8.71636 15.2369 8.21468 8.04402 6.98254 6.78881 6.70354 6.46214 7.55983 8.47635 6.53088 6.40041 6.3079 5.60108 8.26468 7.8503 6.75601 14.4821 14.369 21.0753 6.34409 10.1557 5.52677
threshold=0.017290503884446921 0.010563217226300299 0.033160135064051764 -0.33260806977219542 0.30127090372145654 1.9452811647603971 0.06903334451863076 27.855000495910648 30.345000267028812 0.039736199013419633 -0.022784907995426703 0.030070663333597095 0.0091429221400685119 0.0094724434434275712 -0.067575688865902969 -0.0497892715245336 -0.00045040499871334955 -0.044475242112837925 14.84500026702881 -0.026323618530511902 -0.022672211523631577 -0.029463592833469218 -0.010056244324860185 -0.012674483173350069 0.0064880607599793203 21.409999847412113 21.724999427795414 0.003855857055865886 -0.026323618530511902 -0.017312000709356064
decision_type=2 2 2 2 2 2 2 2 2 2 2 2 2 2 2 2 2 2 2 2 2 2 2 2 2 2 2 2 2 2
left_child=1 -1 4 -3 9 7 12 11 10 18 13 -5 14 -9 -4 16 17 -16 -2 -6 21 -20 29 24 -24 -26 -27 -23 -29 -22
right_child=2 3 6 5 19 -7 -8 8 -10 -11 -12 -13 -14 -15 15 -17 -18 -19 20 -21 22 27 23 -25 25 26 -28 28 -30 -31
leaf_value=0.00015510626809419351 6.6711562428612355e-05 0.00010995811327845059 -2.3137013365080302e-05 2.771392698894766e-05 -0.00044479596711256169 -0.00015599014678783832 -0.0016375791895384521 -0.00098293609479186209 3.911616958995846e-05 0.00022139448990573081 -0.0004108960011905926 0.00019907466720460641 -0.00022552033403048868 -0.0015594776915782791 -0.0034319295747477678 -0.00077854731133926924 -0.0030322709679132726 -0.00042769889166322693 -0.0008354927270005178 -0.00020394337018900515 -0.00057448376851863868 0.00030481293132479377 -0.00014063811589330863 -4.755154385864368e-05 -0.00030112198607805418 -0.0052498998136598822 -6.7481560895764486e-05 -0.00050949927325922943 0.0004420998748770908 -0.00021592879661218209
leaf_weight=59869 12176 84767 905 86940 2568 13105 111 108 693 4023 271 6821 4186 49 45 4381 74 137 132 22128 654 4408 1290 28864 200 93 62 710 494 10799
leaf_count=59869 12176 84767 905 86940 2568 13105 111 108 693 4023 271 6821 4186 49 45 4381 74 137 132 22128 654 4408 1290 28864 200 93 62 710 494 10799
internal_value=0.000345565 0.000853109 -0.000956928 0.000571039 -0.000722283 0.000149879 -0.00306993 0.000328408 -0.00405442 -0.000356388 -0.011472 0.000380809 -0.00291016 -0.0204777 -0.0040581 -0.00481238 -0.0131641 -0.00736264 -0.000503323 -0.0016691 -0.000764474 0.000699861 -0.00096492 -0.000545904 -0.00366261 -0.0126056 -0.0240323 0.000990734 -0.00222591 -0.00208111
internal_weight=351063 252623 98440 192754 88601 107987 9839 94882 1121 63905 428 93761 9728 157 5542 4637 256 182 59882 24696 47706 5744 41962 30509 1645 355 155 5612 1204 11453
internal_count=351063 252623 98440 192754 88601 107987 9839 94882 1121 63905 428 93761 9728 157 5542 4637 256 182 59882 24696 47706 5744 41962 30509 1645 355 155 5612 1204 11453
is_linear=0
shrinkage=0.05


Tree=29
num_leaves=31
num_cat=0
split_feature=5 5 4 5 11 13 14 11 11 11 13 15 14 13 11 8 11 3 14 11 11 14 14 16 11 11 9 14 0 14
split_gain=85.984 23.7228 15.1266 10.4948 10.4146 9.15 12.8464 40.7954 9.43388 8.93903 7.1807 6.51509 6.26357 6.2766 6.1093 9.90659 14.3212 13.8763 8.39626 10.4027 8.35467 8.77589 10.8855 9.97634 7.93264 15.2234 29.0395 14.5203 11.8211 10.6376
threshold=0.014714704818690002 0.021751464279710763 0.015537401079212176 0.050188040596281513 0.021519760104925626 14.614999771118166 0.077019604552505241 0.017097581194909787 0.037935675142188215 0.024185912746781283 24.385000228881839 -0.040614005752933995 -0.12096344977185801 13.744999885559084 -0.01963547275857069 -0.20430265838763614 -0.010736588985834903 0.012041126565628059 0.23397195059943568 -0.021422943055800999 -0.0019709579600085676 0.050179471356022971 -0.0078563959177023728 -0.014248278383019784 0.0069842899086436381 0.0069505376861864763 -0.29811793102459266 0.13242625205871941 -0.0065377553623879861 0.081032983629692037
decision_type=2 2 2 2 2 2 2 2 2 2 2 2 2 2 2 10 2 2 2 2 2 2 2 2 2 2 10 2 2 2
left_child=2 9 -1 4 -3 6 -4 -8 14 11 -6 -2 -13 -14 18 16 17 -16 -7 -20 -18 22 23 -22 25 29 -27 -26 -29 -17
right_child=1 3 5 -5 10 8 7 -9 -10 -11 -12 12 13 -15 15 24 20 -19 19 -21 21 -23 -24 -25 27 26 -28 28 -30 -31
leaf_value=0.00016932756555873761 -0.00051222584673360331 -0.00026129753674970974 0.00015201096711197259 -0.0011581333380499144 -9.9513186945356569e-05 0.00018974385138274767 6.9117667431543277e-07 -0.00079683144318537307 0.00031544884353586732 0.00012902148058915058 0.00031160479333546334 0.00022882866392335026 8.7498121661351818e-05 -5.6651468597700509e-05 -0.00044481716831934535 -1.5053863391854716e-05 0.00032835046533990608 -0.0011402029473255217 -4.3128287566389522e-05 -0.00048158765423719568 -0.0019069913103559853 0.00020212401660174475 -0.00051971174698150341 -5.8241051265387491e-05 0.00010103827593505352 -0.0010138159148766917 4.3172490682420659e-05 -0.0014679996698325109 -0.0003921223657988688 0.0001726342678992703
leaf_weight=34641 607 36077 46032 1462 6856 14014 2258 243 4137 13961 2806 3591 11958 79272 337 42570 925 93 987 240 60 784 594 1259 36744 232 383 68 115 8008
leaf_count=34641 607 36077 46032 1462 6856 14014 2258 243 4137 13961 2806 3591 11958 79272 337 42570 925 93 987 240 60 784 594 1259 36744 232 383 68 115 8008
internal_value=0.000343197 -0.000529089 0.00104466 -0.00146596 -0.00133267 0.000839658 0.00141275 -0.00207717 0.000590318 -0.00012483 0.000125233 -0.000297711 -0.000264656 -0.000345281 0.000500079 0.000346743 -0.00207058 -0.0106977 0.0014274 -0.00253871 -0.00104638 -0.00245273 -0.00427862 -0.00174754 0.000457898 5.49882e-05 -0.00776423 0.00101647 -0.0130328 0.000150065
internal_weight=351314 156590 194724 47201 45739 160083 48533 2501 111550 109389 9662 95428 94821 91230 107413 92172 4052 430 15241 1227 3622 2697 1913 1319 88120 51193 615 36927 183 50578
internal_count=351314 156590 194724 47201 45739 160083 48533 2501 111550 109389 9662 95428 94821 91230 107413 92172 4052 430 15241 1227 3622 2697 1913 1319 88120 51193 615 36927 183 50578
is_linear=0
shrinkage=0.05


Tree=30
num_leaves=31
num_cat=0
split_feature=4 9 6 4 6 11 12 11 11 13 12 11 12 1 12 12 11 3 8 13 13 15 13 11 11 12 11 13 15 3
split_gain=76.9163 21.7571 17.4458 16.01 11.8685 10.6651 14.504 13.2626 25.4261 63.7247 11.47 15.6222 11.6315 13.7468 10.9868 10.4787 10.4077 10.3607 9.30809 8.36855 9.22996 8.31242 8.02687 18.0583 16.5035 20.2954 16.7115 13.2979 22.0271 11.2455
threshold=0.024670691557761474 0.35626802189598278 1.409458535056225 0.015058073732417439 -0.38883407364115546 0.011695310622020451 0.030225139979897734 -0.0072461958036925669 -0.0071058525984615808 21.409999847412113 -0.0062518932096157767 -0.021422943055800999 -0.007281546892151213 -0.0082152164652833353 -0.038623236339942461 0.12384640389246161 -0.026323618530511902 -0.037573773736526699 -0.20430265838763614 21.724999427795414 20.980000495910648 0.0051605908019010114 15.464999675750734 0.0023967132721236521 0.0035059532242039952 0.020115024475367619 0.0026615433569360252 19.295000076293949 -0.020647137732321404 -0.0092369252877201862
decision_type=2 10 2 2 2 2 2 2 2 2 2 2 2 2 2 2 2 2 10 2 2 2 2 2 2 2 2 2 2 2
left_child=3 2 5 -1 -5 6 7 10 9 -9 11 17 14 21 18 -8 -4 -2 -13 20 -7 -14 -10 -24 25 26 -25 28 -26 -29
right_child=1 -3 16 4 -6 19 15 8 22 -11 -12 12 13 -15 -16 -17 -18 -19 -20 -21 -22 -23 23 24 27 -27 -28 29 -30 -31
leaf_value=0.00017670100608730159 -0.00094852213877132585 -0.00047846466418445863 -0.00078317987142500578 0.00011839374805884926 4.6446165754285333e-05 3.2442572408932311e-05 0.0001108635618949907 0.00052124968192672125 -4.2393914105134413e-06 -0.0049178143562440546 0.00013160805238781123 -0.0012651193480653217 -0.00080337012952631749 -5.0865081528442412e-05 -9.5484582536788253e-05 -0.00048921001684907911 -0.00024049580121330468 5.3771563749061502e-05 -0.00031517480613013952 0.0002779271501993571 -0.00046402143683651998 -0.00021484219463972941 -4.5734163554127191e-05 0.00018706868321840357 -0.0017334597168432904 -0.0010812643404804901 -0.00046692506669446135 -0.00037758231061352969 -0.0003698279561721492 0.00023751645195963867
leaf_weight=27707 402 9609 1839 71875 104039 34988 17563 239 7334 187 11181 394 233 238 6300 605 12964 13070 1607 5991 508 80 10341 569 61 342 1335 426 6341 2226
leaf_count=27707 402 9609 1839 71875 104039 34988 17563 239 7334 187 11181 394 233 238 6300 605 12964 13070 1607 5991 508 80 10341 569 61 342 1335 426 6341 2226
internal_value=0.000330211 -0.000541494 -0.000380594 0.000959405 0.000783451 -0.000184765 -0.000518415 -0.000877817 -0.00165283 -0.0137793 -0.000197731 -0.000852446 -0.00248418 -0.00951906 -0.00201723 0.000726002 -0.00200196 0.000219715 -0.00524488 0.000467255 0.000175513 -0.0164058 -0.00147455 -0.00195901 -0.00334071 -0.0071772 -0.00516281 -0.002389 -0.00362231 0.000588235
internal_weight=350594 146973 137364 203621 175914 122561 81074 62906 29401 426 33505 22324 8852 551 8301 18168 14803 13472 2001 41487 35496 313 28975 21641 11300 2246 1904 9054 6402 2652
internal_count=350594 146973 137364 203621 175914 122561 81074 62906 29401 426 33505 22324 8852 551 8301 18168 14803 13472 2001 41487 35496 313 28975 21641 11300 2246 1904 9054 6402 2652
is_linear=0
shrinkage=0.05


Tree=31
num_leaves=31
num_cat=0
split_feature=4 9 4 6 6 4 14 10 10 14 14 10 13 10 10 14 14 13 13 12 13 12 10 12 14 10 13 14 14 13
split_gain=69.1012 17.6688 17.0903 14.7041 12.1295 9.34737 8.73611 10.2984 8.57855 8.51426 15.3796 36.6315 10.4395 14.0942 9.83732 17.0619 67.8589 30.3399 14.5782 11.4994 12.944 8.31088 9.65975 21.0011 27.3752 14.0736 11.9339 22.7044 31.0075 34.1844
threshold=0.026938938504859625 0.39209024654285113 0.014950170646015799 0.98970637873126988 0.030076544944885351 0.052951685042053463 0.063679127016071826 0.000540884636322292 0.0090796012734996063 -0.014609583018452553 -0.013693091090924312 0.0011530196642344228 27.855000495910648 -0.029463592833469218 -0.0064885542336663984 0.077019604552505241 0.081032983629692037 13.894999980926515 18.82499980926514 -0.050554756764267676 19.72500038146973 0.045723592601736203 -0.0052692990008561527 0.02668848564069826 0.036947105146079025 -0.0029934085869046663 17.195000648498539 -0.0059106162699663059 -0.0078563959177023728 21.409999847412113
decision_type=2 10 2 2 2 2 2 2 2 2 2 2 2 2 2 2 2 2 2 2 2 2 2 2 2 2 2 2 2 2
left_child=2 4 -1 9 8 -6 -3 -8 -2 -4 11 -11 14 -14 -12 19 17 -17 -19 20 -16 22 23 -21 -25 -24 -27 28 29 -28
right_child=1 6 3 -5 5 -7 7 -9 -10 10 12 -13 13 -15 15 16 -18 18 -20 21 -22 -23 25 24 -26 26 27 -29 -30 -31
leaf_value=0.00016718167562746898 -4.0245274256496736e-05 -0.00037661749971592206 0.00012504588350897627 -3.7260026109237919e-05 -0.00012045121652305935 -0.00070163056894398564 -0.00083562965928322551 -0.0017997395433841654 0.00015415838578689068 0.00029539141231486963 0.00013439506827882657 -0.00092291940701267553 -0.0013531224444031432 -0.00010367082770190445 -0.00056457654526901387 0.0002707806600442773 9.2610192450002192e-05 -0.00094724622294561759 -0.00043358994297528793 5.8933625667202719e-05 0.00021039547657999654 0.00017033327967338376 0.00021841149387330489 0.00013291757958840892 -0.00054362571436419199 5.4795840030140208e-05 -5.2250414037865241e-05 1.9352962965349388e-05 -0.00064971265234773745 -0.0031052222285601538
leaf_weight=26499 56634 6484 71636 32073 37665 3378 1087 88 10917 411 24402 261 152 510 516 226 3338 664 305 2223 281 13833 10516 503 709 36189 2363 6625 499 264
leaf_count=26499 56634 6484 71636 32073 37665 3378 1087 88 10917 411 24402 261 152 510 516 226 3338 664 305 2223 281 13833 10516 503 709 36189 2363 6625 499 264
internal_value=0.000327558 -0.000669531 0.000820816 0.000668804 -0.000505829 -0.00118376 -0.0029906 -0.00695745 -9.39288e-05 0.000847834 0.000560645 -0.00697917 0.000609309 -0.00564955 0.000649358 0.000378476 -0.00259982 -0.0128243 -0.0166718 0.000559641 -0.00541405 0.00062422 0.000369087 -0.00220524 -0.0075 0.000525719 0.000148019 -0.00140447 -0.00491683 -0.00274648
internal_weight=351251 116253 234998 208499 108594 41043 7659 1175 67551 176426 104790 672 104118 662 103456 79054 4533 1195 969 74521 797 73724 59891 3435 1212 56456 45940 9751 3126 2627
internal_count=351251 116253 234998 208499 108594 41043 7659 1175 67551 176426 104790 672 104118 662 103456 79054 4533 1195 969 74521 797 73724 59891 3435 1212 56456 45940 9751 3126 2627
is_linear=0
shrinkage=0.05


Tree=32
num_leaves=31
num_cat=0
split_feature=4 4 13 6 6 13 15 11 13 11 10 10 11 13 9 13 10 4 8 10 10 12 12 10 11 12 16 12 13 11
split_gain=65.012 21.4932 12.1006 10.9415 9.98022 7.71286 8.16932 7.39255 14.6704 12.9079 25.9698 27.9688 19.9107 17.7364 29.1958 19.4699 12.1276 11.2503 10.6251 9.39665 13.5333 12.7789 12.4159 12.3425 8.58069 13.3955 13.139 13.2199 10.4484 10.6361
threshold=0.022823563016322681 0.036897748730127043 14.684999942779543 1.4550309743570919 -0.37519120804265865 12.00999975204468 -0.003329644931570785 0.0069842899086436381 16.345000267028812 -0.00050215269203263125 -0.0032489078967054548 -0.0041401831937402647 -0.010736588985834903 15.085000038146974 -0.330300766330197 14.960000038146974 0.0059366515309086107 0.013451836322059143 -0.10943060641985967 -0.0037750757818245657 -0.017312000709356064 -0.007281546892151213 -0.063506994691829508 -0.018534133998249432 -0.01680301263819178 -0.050554756764267676 -0.022239806353034016 -0.051616287725765035 20.610000610351566 -0.006088921430193516
decision_type=2 2 2 2 2 2 2 2 2 2 2 2 2 2 10 2 2 2 10 2 2 2 2 2 2 2 2 2 2 2
left_child=2 4 5 -3 -2 6 -1 8 9 12 11 -11 -4 15 -15 16 -12 -17 -9 20 21 22 -10 -24 -21 26 27 -26 29 -27
right_child=1 3 7 -5 -6 -7 -8 18 19 10 13 -13 -14 14 -16 17 -18 -19 -20 24 -22 -23 23 -25 25 28 -28 -29 -30 -31
leaf_value=-0.00054037784361222476 4.9032538297220154e-05 -0.00015171965497840376 -0.0002830584960071545 -0.00062105273514440735 -4.6537614837043581e-05 0.00014915424564127455 -6.1576652237455988e-05 -0.00017583957764702844 6.2098039853067461e-05 -0.00020325726798100979 0.00014472850049708524 -0.00099699543791257586 0.0001375539573622526 -0.00092551141805980374 6.3217507647963056e-05 1.561829765644545e-05 -0.00052935964802564711 -0.000796376652402611 0.00012509249475953612 0.00018198613325215852 0.0002049271908034109 0.00015548354385741178 -0.00091615357053037236 -0.00040668981907013096 -0.00042402841883569325 0.00020477570546298133 -0.0001772636513190203 -0.0015282276283597386 -0.00033017294463486295 -3.8213342837406178e-05
leaf_weight=126 55084 39881 2077 4600 77735 60197 1077 1882 444 484 796 260 7730 257 5691 136 296 526 41133 6958 18737 1441 230 474 109 6632 648 83 1972 13466
leaf_count=126 55084 39881 2077 4600 77735 60197 1077 1882 444 484 796 260 7730 257 5691 136 296 526 41133 6958 18737 1441 230 474 109 6632 648 83 1972 13466
internal_value=0.000314413 -0.000359278 0.00100143 -0.00131056 -4.06943e-05 0.00156596 -0.00239817 0.000693212 0.00037417 -0.000842875 -0.00227563 -0.0111962 0.000391047 -0.00141392 -0.000110961 -0.00583238 -0.00173077 -0.0125982 0.0012083 0.000808103 0.00160977 -0.00177868 -0.00571429 -0.00984375 0.000235704 -0.00023134 -0.00642857 -0.0179167 4.53122e-06 0.000345308
internal_weight=351162 177300 173862 44481 132819 61400 1203 112462 69447 18253 8446 744 9807 7702 5948 1754 1092 662 43015 51194 21326 2589 1148 704 29868 22910 840 192 22070 20098
internal_count=351162 177300 173862 44481 132819 61400 1203 112462 69447 18253 8446 744 9807 7702 5948 1754 1092 662 43015 51194 21326 2589 1148 704 29868 22910 840 192 22070 20098
is_linear=0
shrinkage=0.05


Tree=33
num_leaves=31
num_cat=0
split_feature=5 5 10 9 11 14 13 2 11 10 10 16 11 11 5 3 14 13 12 15 11 11 10 8 10 14 14 13 10 10
split_gain=63.8346 20.8363 10.5759 10.4671 9.95089 8.98572 9.72633 8.4426 8.18739 8.13988 29.346 21.2733 9.33351 7.4898 7.40101 6.90141 6.85869 9.28028 9.99063 6.81825 6.66498 12.3456 13.4709 11.1442 6.57583 24.3684 68.4487 13.6984 10.1442 8.35941
threshold=0.018430723531963702 0.011689891359535827 0.06903334451863076 0.4863693508981321 0.037935675142188215 -0.12096344977185801 13.744999885559084 -0.062200415676164349 0.039736199013419633 0.015605159278572868 0.017693997216902905 -0.017232081179546551 0.019286705415067943 0.017472461780978502 0.0088977212272126609 0.015172685112148311 -0.069419882954705067 19.105000495910648 -0.0080596429832442956 -0.040614005752933995 0.00023769852102906167 -0.0021561208113907156 -0.0040528821834706621 0.06792060949467206 -0.0042976015384410529 0.077019604552505241 0.081032983629692037 18.82499980926514 -0.0030480840031554819 -0.017312000709356064
decision_type=2 2 2 10 2 2 2 2 2 2 2 2 2 2 2 2 2 2 2 2 2 2 2 10 2 2 2 2 2 2
left_child=1 14 3 8 5 -3 20 -4 19 16 11 15 13 -13 -1 -11 17 -8 -19 -2 21 -7 23 -23 29 -26 27 -27 -28 -18
right_child=2 4 7 -5 -6 6 9 -9 -10 10 -12 12 -14 -15 -16 -17 24 18 -20 -21 -22 22 -24 -25 25 26 28 -29 -30 -31
leaf_value=0.00018552373048127694 -0.00081876432912616646 0.00025400987025800767 -0.001229894120248227 -0.00054701193717359927 0.00025280171042014419 0.00017444397688341971 0.00024333943798618632 -0.0002536407153511105 0.00014977805133758402 -0.0005832994777786965 0.00028448296208785835 -0.00038409718611632815 3.9128998912393356e-05 -0.0012410770510322086 9.3896966996734961e-05 -0.0017109155589123974 -0.00017412826788436517 0.00020504258335028592 -0.00035816939210705552 -0.00011125826020364967 0.00014460586964266307 -0.00011355593531853599 -0.00016493666210519662 -0.00095360471200445869 -1.1055345633339092e-05 -0.00089379323544545679 -0.00040492019499338582 -0.00043517509504502133 0.00038961691499742176 8.1321056887551896e-05
leaf_weight=18100 593 5486 127 5055 6340 1935 8367 242 5376 148 1375 496 458 237 78992 70 3904 956 984 69025 23439 79 1741 111 81286 632 151 373 1326 33702
leaf_count=18100 593 5486 127 5055 6340 1935 8367 242 5376 148 1375 496 458 237 78992 70 3904 956 984 69025 23439 79 1741 111 81286 632 151 373 1326 33702
internal_value=0.000319078 0.000686547 -0.000917829 -0.000878899 0.000358476 0.000284773 0.000217284 -0.00936314 -0.000730458 4.25763e-05 -0.0026329 -0.00770405 -0.00507557 -0.00857435 0.00127312 -0.0220642 9.91413e-05 0.00133744 -0.00177835 -0.000875635 0.00107764 -0.000845835 -0.00367426 -0.0163158 -6.01428e-06 -0.000252602 -0.00513296 -0.015199 0.00171632 0.000543265
internal_weight=351106 270688 80418 80049 173596 167256 161770 369 74994 134465 2784 1409 1191 733 97092 218 131681 10307 1940 69618 27305 3866 1931 190 121374 83768 2482 1005 1477 37606
internal_count=351106 270688 80418 80049 173596 167256 161770 369 74994 134465 2784 1409 1191 733 97092 218 131681 10307 1940 69618 27305 3866 1931 190 121374 83768 2482 1005 1477 37606
is_linear=0
shrinkage=0.05


Tree=34
num_leaves=31
num_cat=0
split_feature=5 5 6 6 14 10 11 11 13 12 12 15 14 14 10 12 12 14 12 10 10 10 11 12 13 12 8 13 13 5
split_gain=53.9009 20.0388 11.559 10.0857 8.49339 8.4839 12.0412 22.3483 47.8118 19.1483 19.0885 12.8494 10.3073 10.1711 9.44761 8.44979 12.829 8.44724 31.0926 16.6739 12.0344 24.6199 12.4866 11.095 10.1748 10.8205 8.32521 8.22543 10.4658 8.22367
threshold=0.019309774193195468 0.012452728764001381 1.2488307469742312 1.9452811647603971 -0.014609583018452553 -0.0064885542336663984 0.0072949527951166057 -0.0072461958036925669 21.409999847412113 0.042793845432773876 0.04223449304072547 0.0073996542396942431 0.12115074894469659 -0.013693091090924312 -0.017312000709356064 -0.007281546892151213 -0.063506994691829508 0.060125948457031016 0.027409196484277535 0.00069579143919507047 -0.0029081479641121506 -0.0024053723341925788 -0.0019709579600085676 0.020115024475367619 17.695000648498539 0.011040694977268452 0.0075174369469724897 18.94999980926514 19.115000724792484 0.0088977212272126609
decision_type=2 2 2 2 2 2 2 2 2 2 2 2 2 2 2 2 2 2 2 2 2 2 2 2 2 2 10 2 2 2
left_child=1 29 -2 4 27 14 7 12 9 10 13 -10 -7 -9 15 16 -6 20 -19 -20 -15 22 -22 -24 -23 -26 -13 -3 -29 -1
right_child=2 3 -4 -5 5 6 -8 8 11 -11 -12 26 -14 17 -16 -17 -18 18 19 -21 21 24 23 -25 25 -27 -28 28 -30 -31
leaf_value=0.00018232321965854843 -9.6461506936230715e-05 0.00012138212041843652 -0.00048067165757676757 -0.00019086161629864175 3.7138984494447366e-05 0.00014696970569590096 4.4591895622535981e-05 -0.0011052072009303173 -0.0011662110859787002 0.00021386578674691326 -0.00092997998710313279 -0.0032924845038415623 -0.00055621192433782962 5.3664276089180197e-05 0.00012133185426700614 0.00020045781658361062 -0.00064597118343690451 -3.127110098079313e-05 -0.00074022141875526798 -0.00017441014186957845 -0.00010855714226800555 -7.7643455433114061e-05 -0.00027509180695634608 -0.00082250361484587434 -0.00080652910376415553 -0.00015150956278811708 -0.00078770553603042424 -0.00028056179163364088 2.6808161728171923e-05 8.1705734936210581e-05
leaf_weight=17979 61206 46232 8022 10557 1088 9881 31396 128 238 3144 132 122 179 4760 19576 1283 1078 1567 486 306 530 7572 432 738 408 560 66 1837 14076 105107
leaf_count=17979 61206 46232 8022 10557 1088 9881 31396 128 238 3144 132 122 179 4760 19576 1283 1078 1567 486 306 530 7572 432 738 408 560 66 1837 14076 105107
internal_value=0.000305772 0.0006132 -0.000944126 0.000241268 0.000347901 2.50965e-05 -0.000276558 -0.000971391 -0.00189273 -0.00155252 -0.00219394 -0.0184742 0.000969185 -0.00205095 0.00084582 -0.00156712 -0.00347184 -0.0019474 -0.0047287 -0.012803 -0.00151 -0.00247559 -0.00797059 -0.0108547 -0.00138173 -0.00620868 -0.0282447 0.000792904 -0.000187582 0.00109176
internal_weight=350686 281458 69228 158372 147815 85670 62645 31249 21189 20763 17619 426 10060 17487 23025 3449 2166 17359 2359 792 15000 10240 1700 1170 8540 968 188 62145 15913 123086
internal_count=350686 281458 69228 158372 147815 85670 62645 31249 21189 20763 17619 426 10060 17487 23025 3449 2166 17359 2359 792 15000 10240 1700 1170 8540 968 188 62145 15913 123086
is_linear=0
shrinkage=0.05


Tree=35
num_leaves=31
num_cat=0
split_feature=4 4 4 6 11 14 13 9 14 11 11 14 10 14 14 1 11 11 12 10 10 13 13 13 10 10 12 10 10 11
split_gain=49.5661 14.9242 13.3102 10.7348 9.9143 8.50332 16.6093 25.1747 10.4136 24.8792 11.6316 9.93501 9.01406 19.3055 10.4844 8.93371 8.48431 14.1162 11.7625 18.6912 12.047 10.1775 7.35728 16.5095 27.8677 19.6325 13.9465 12.7158 55.9999 12.4706
threshold=0.025955239627068531 0.058765426591249496 0.016450798557727974 -0.34682000888587744 0.039736199013419633 -0.077913276979976895 20.980000495910648 -0.24348092966238363 -0.055141973533754989 -0.013909745802050731 -0.031453464626615406 -0.037220785866969024 0.015605159278572868 -0.065772214787702996 -0.068136872709181048 -0.035003607471661417 -0.022672211523631577 -0.043674023036412872 -0.063506994691829508 -0.0014592383155322961 -0.0018259871478111254 13.744999885559084 18.94999980926514 18.510000228881839 -0.011231034779129566 -0.014256563971479506 -0.051616287725765035 0.0063034677603397435 0.0069149532859110749 -0.010991010281678202
decision_type=2 2 2 2 2 2 2 10 2 2 2 2 2 2 2 2 2 2 2 2 2 2 2 2 2 2 2 2 2 2
left_child=2 4 -1 -4 5 6 -2 15 9 10 -7 -10 14 -14 -11 -8 17 18 20 -20 -13 -18 23 26 25 -25 -23 29 -29 -24
right_child=1 -3 3 -5 -6 8 7 -9 11 12 -12 16 13 -15 -16 -17 21 -19 19 -21 -22 22 27 24 -26 -27 -28 28 -30 -31
leaf_value=0.00012004757803374612 0.00029093012464480138 -0.00045639042722825135 9.285976311559441e-05 2.0422086610176525e-05 0.0001865330377206321 0.0003539087472478324 -0.0012956912372555039 2.0125550418082543e-05 0.00013767907462238578 0.00019046847732279471 -0.0009140789296252119 0.00022623859081804328 -0.0012954624851368131 0.00019956131472836293 -0.00032284467320385619 -0.00038010236157234607 8.4608791484856253e-05 0.00025064636442621575 -0.0013702853290691423 0.00089438213596977059 -0.00070440364038828823 -0.00099867722760035404 -0.00017926359610199733 -1.7205642868689718e-05 -0.0003414893042542578 -0.0016460418523243038 -0.00013069731413131592 -0.0046706443721921762 -0.00010403930461544787 0.00012471853069608756
leaf_weight=49959 8024 8269 74609 97906 6488 176 315 3765 9963 3306 852 1113 337 370 3974 569 9749 8045 403 179 307 95 6646 95 3052 199 39105 163 1178 11964
leaf_count=49959 8024 8269 74609 97906 6488 176 315 3765 9963 3306 852 1113 337 370 3974 569 9749 8045 403 179 307 95 6646 95 3052 199 39105 163 1178 11964
internal_value=0.00030163 -0.000479367 0.000753437 0.000545315 -0.000338282 -0.000446535 0.000774481 -0.00160357 -0.000599332 -0.0022213 -0.0095428 -0.000440838 -0.00127895 -0.00666902 -0.000755494 -0.00919683 -0.000621377 0.000740022 -0.00301698 -0.00900344 -0.00056338 -0.000810702 -0.00104509 -0.00141658 -0.00478781 -0.0194898 -0.00112883 -0.000252869 -0.00495526 8.59755e-05
internal_weight=351175 128701 222474 172515 120432 113944 12673 4649 101271 9015 1028 92256 7987 707 7280 884 82293 10047 2002 582 1420 72246 62497 42546 3346 294 39200 19951 1341 18610
internal_count=351175 128701 222474 172515 120432 113944 12673 4649 101271 9015 1028 92256 7987 707 7280 884 82293 10047 2002 582 1420 72246 62497 42546 3346 294 39200 19951 1341 18610
is_linear=0
shrinkage=0.05


Tree=36
num_leaves=31
num_cat=0
split_feature=5 6 5 4 10 10 12 11 11 3 12 11 11 12 11 12 11 11 13 10 14 10 9 13 13 11 11 8 11 8
split_gain=48.2489 14.5761 12.7659 11.7245 8.9313 19.2097 11.8501 8.2847 16.3907 10.4045 9.29058 9.75275 10.1788 7.97031 8.03368 10.3014 11.7007 9.60041 9.22673 10.5684 17.8304 10.7556 9.53377 7.84336 19.9992 28.7916 10.2031 7.8984 7.52877 8.2264
threshold=0.014963097785788507 -0.35407591943419758 0.033160135064051764 0.015537401079212176 0.0044510746205346239 0.0043510585935800936 0.029085927178424512 -0.013624975324509013 -0.01680301263819178 0.011661559415973912 0.043286848423385378 0.0035059532242039952 0.0023967132721236521 -0.075828258528587975 0.01259030861125965 0.029085927178424512 0.0010676984150611581 0.01196305437964529 15.654999732971193 0.0018426398432722648 0.02729978908146902 -7.490452526071055e-05 inf 21.134999275207523 21.555000305175785 -0.0072461958036925669 -0.022354679901405047 -0.024287877688705991 -0.028186654574093969 -0.053395652096285211
decision_type=2 2 2 2 2 2 2 2 2 2 2 2 2 2 2 2 2 2 2 2 2 2 8 2 2 2 2 10 2 8
left_child=3 13 -3 -1 5 -5 -7 8 28 -10 -9 12 -12 -2 15 16 23 -17 -18 20 22 -22 -20 -15 25 -25 -26 -27 29 -6
right_child=1 2 -4 4 7 6 -8 10 9 -11 11 -13 -14 14 -16 17 18 -19 19 -21 21 -23 -24 24 26 27 -28 -29 -30 -31
leaf_value=0.0001321782842545592 0.00062145392205513949 -8.0122721218330408e-05 -0.00066687645673440784 4.2713258590660945e-05 -0.00081828484623531778 -0.00027160355214554064 -0.00039220128386223462 0.00016871634442587445 -0.0002397072323377142 -0.0010842817307013791 0.00021726287160172219 6.0206836329612537e-05 -0.00040038967237774313 6.4752089632804928e-05 9.668683771267412e-05 0.00012476815263879183 3.2034903092687362e-05 -0.00055556224539443253 -0.00055738183860761165 -5.4563841727746761e-05 -3.0093281717328869e-05 -0.00057748948171247626 -0.00094289301580293208 -0.00026491460959476881 0.00024343532734267224 -0.0041196492039059012 -0.00023373286316511946 -0.0034542693902414184 0.00024682230431942405 -8.6728975857077654e-05
leaf_weight=34605 1762 77603 5069 114549 135 312 237 36065 589 122 487 10458 862 13102 21902 12900 2578 260 1803 2754 1900 282 205 497 2609 114 4109 60 1696 926
leaf_count=34605 1762 77603 5069 114549 135 312 237 36065 589 122 487 10458 862 13102 21902 12900 2578 260 1803 2754 1900 282 205 497 2609 114 4109 60 1696 926
internal_value=0.00030897 -0.000371248 -0.000815149 0.000814826 0.000640719 0.000396097 -0.00893443 0.00118913 -0.0011707 -0.00793952 0.00136009 0.000142712 -0.00385841 0.000177821 8.79756e-05 -0.000307715 -0.000819145 0.000858663 -0.00226738 -0.00321573 -0.00479714 -0.00166819 -0.00819721 -0.000146162 -0.00144877 -0.00967958 -0.000626674 -0.0271839 0.0005749 -0.00272856
internal_weight=350552 149509 82672 201043 166438 115098 549 51340 3468 711 47872 11807 1349 66837 65075 43173 30013 13160 9522 6944 4190 2182 2008 20491 7389 671 6718 174 2757 1061
internal_count=350552 149509 82672 201043 166438 115098 549 51340 3468 711 47872 11807 1349 66837 65075 43173 30013 13160 9522 6944 4190 2182 2008 20491 7389 671 6718 174 2757 1061
is_linear=0
shrinkage=0.05


Tree=37
num_leaves=31
num_cat=0
split_feature=4 11 11 13 13 15 13 13 13 11 13 13 15 8 15 11 8 11 15 12 16 4 14 9 0 14 14 14 3 14
split_gain=38.5631 16.2036 18.752 35.5644 36.1434 28.159 13.2453 12.6233 24.8613 21.8049 14.0418 13.2822 13.1176 12.3193 12.1248 10.4024 10.0867 9.79555 9.62627 9.59808 9.74372 8.94497 8.65907 28.8543 17.4142 8.63804 7.94024 17.458 12.2868 7.56156
threshold=0.031073116102363778 0.0035059532242039952 0.0023967132721236521 14.994999885559084 15.97499990463257 -0.0042115721028900257 12.325000286102297 15.944999694824221 16.095000267028812 0.0076914611036220668 19.814999580383304 16.085000038146976 -0.0018869878241687952 -0.032855627357604382 0.011390692523489678 -4.6336307806593695e-05 -0.12159779190656238 0.0028224739741974374 0.01053366759828034 -0.037182022150964049 -0.0059110423098702727 0.058765426591249496 0.13242625205871941 -0.16392763606457275 -0.0065377553623879861 0.054851608491687472 -0.10816573528732347 -0.10344834121785244 0.011661559415973912 -0.067149022617353324
decision_type=2 2 2 2 2 2 2 2 2 2 2 2 2 10 2 2 10 2 2 2 2 2 2 10 2 2 2 2 2 2
left_child=1 2 6 14 5 -5 15 29 9 12 16 -11 -9 -13 -4 -1 19 -16 -7 20 -10 -2 -18 -24 -25 -6 -8 28 -28 -3
right_child=21 7 3 4 25 18 26 8 10 11 -12 13 -14 -15 17 -17 22 -19 -20 -21 -22 -23 23 24 -26 -27 27 -29 -30 -31
leaf_value=0.00016296993697950544 -6.3874705982050806e-05 0.0003411490858844621 0.00025251903152306442 -0.0010633264040557061 -0.00028902059147684604 -0.00039458381952644128 0.00023369603022829535 -0.0012473978218898955 -0.0018351266189616808 -3.5944832356132275e-05 0.000258025150336351 -0.0011777493617013421 -0.00044635083451591566 -0.00018082735982304126 -0.00034297367684321103 -0.00032497129942679381 5.5044117479635121e-05 0.00028414837635042084 -0.0013838923648858978 -0.00010956755393722316 -0.00035446201264072429 -0.00042238897490538374 0.00072266865111675501 -0.0016878174099436772 -0.00043917360201467591 6.8003947200098987e-05 -1.59757651886951e-05 3.3301803767669513e-05 -0.0010231025106598012 0.00011628947916528817
leaf_weight=369 68008 6720 3751 271 3552 645 5852 142 67 2471 9339 136 528 232 639 769 48682 439 170 3370 300 8273 347 130 168 1600 128 108672 170 75197
leaf_count=369 68008 6720 3751 271 3552 645 5852 142 67 2471 9339 136 528 232 639 769 48682 439 170 3370 300 8273 347 130 168 1600 128 108672 170 75197
internal_value=0.000300552 0.000576593 0.000162446 -0.00180401 -0.00429785 -0.0125875 0.000350121 0.000932463 0.000417375 -0.00367769 0.000647645 -0.00176294 -0.011791 -0.010625 0.00141748 -0.00501757 0.000332994 -0.00325603 -0.00794478 -0.00217153 -0.00985014 -0.000694078 0.000522736 -0.00523256 -0.0166443 -0.00255047 0.00040332 0.000306965 -0.0117785 0.00134691
internal_weight=351137 274856 127027 11067 6238 1086 115960 147829 65912 3509 62403 2839 670 368 4829 1138 53064 1078 815 3737 367 76281 49327 645 298 5152 114822 108970 298 81917
internal_count=351137 274856 127027 11067 6238 1086 115960 147829 65912 3509 62403 2839 670 368 4829 1138 53064 1078 815 3737 367 76281 49327 645 298 5152 114822 108970 298 81917
is_linear=0
shrinkage=0.05


Tree=38
num_leaves=31
num_cat=0
split_feature=4 4 6 11 11 13 11 14 10 10 6 9 15 9 10 13 7 12 13 9 10 11 16 12 12 10 10 10 1 11
split_gain=37.4851 16.1966 10.0349 9.99621 8.86581 11.8918 11.5149 14.2687 11.0767 8.50334 8.05861 7.36984 7.15542 7.09558 7.34708 8.49051 9.18281 6.58756 6.36802 5.96208 5.86821 5.78801 5.41215 5.25532 5.10008 20.2676 5.01321 8.64874 7.81103 6.14837
threshold=0.031442063293381985 0.019259454289229126 0.85972242259231912 0.023520128243548103 0.0029094650612268018 12.325000286102297 0.0023967132721236521 0.079889052526069274 -0.0041401831937402647 0.0090796012734996063 -0.42350517138909483 0.24022063684006958 -0.0043829160601341335 0.23562189225201371 0.0050726899190508554 14.84500026702881 -0.0097200005372184411 0.082959740110242888 14.614999771118166 0.023397796636886906 0.0090796012734996063 0.029686707120002768 -0.03904733422534689 0.030225139979897734 0.029962743455793642 0.0034564215919221657 -0.0056282677308486786 -0.0055565432698074782 -0.0085903463241777649 -0.055970662091911087
decision_type=2 2 2 2 2 2 2 2 2 2 2 10 2 8 2 2 2 2 2 10 2 2 2 2 2 2 2 2 2 2
left_child=1 4 11 10 5 12 -7 9 -9 -8 -3 20 -1 -5 15 -15 -17 -16 -6 -10 26 -18 -22 24 -12 -26 -2 28 -28 -29
right_child=2 3 -4 13 18 6 7 8 19 -11 23 -13 -14 14 17 16 21 -19 -20 -21 22 -23 -24 -25 25 -27 27 29 -30 -31
leaf_value=-0.00039270059094248776 5.8895677445712853e-05 5.869277167078619e-05 -0.00032406819425830877 0.00019114446804159897 0.00017072015279644105 6.6254847819137492e-05 0.00012310714249596759 4.768449407090501e-05 -0.00050828664796573808 -0.00031577919743131975 -3.8176457974629894e-05 -0.00027783045669476134 -0.00016392429864167481 5.0415090587780052e-05 0.0002689452502112201 -0.00065900443087621918 -0.0010557422451978186 -0.00031175206445313791 7.7306131852172946e-05 -0.00093495312156714045 -0.00043073638971027141 -0.00015011069949119349 0.00015327743136431889 3.9069666284856228e-05 -0.00090957991044210884 0.00030169002561732642 -0.00079260232954651236 -0.00081980413792132447 5.2237772879573439e-05 -8.5137553461738308e-05
leaf_weight=126 10818 58070 12687 16147 27438 42746 1240 72 53 998 63306 9800 541 1330 2842 134 291 335 31675 117 438 717 8732 28704 233 334 120 91 73 30853
leaf_count=126 10818 58070 12687 16147 27438 42746 1240 72 53 998 63306 9800 541 1330 2842 134 291 335 31675 117 438 717 8732 28704 233 334 120 91 73 30853
internal_value=0.000298823 0.000564951 -0.000704233 0.000266842 0.00105451 0.000533088 0.000630832 -0.00268145 -0.0142149 -0.00143432 0.00012204 -0.000437833 -0.00609445 0.00126766 -0.000257568 -0.00230178 -0.0054641 0.00133302 0.00145932 -0.0211765 -0.000197066 -0.00382936 0.000948746 -0.00016759 -0.00042013 -0.00514109 -0.000447503 -0.000769663 -0.0113212 -0.000703852
internal_weight=351061 277449 73612 172443 105006 45893 45226 2480 242 2238 150647 60925 667 21796 5649 2472 1142 3177 59113 170 51125 1008 9170 92577 63873 567 41955 31137 193 30944
internal_count=351061 277449 73612 172443 105006 45893 45226 2480 242 2238 150647 60925 667 21796 5649 2472 1142 3177 59113 170 51125 1008 9170 92577 63873 567 41955 31137 193 30944
is_linear=0
shrinkage=0.05


Tree=39
num_leaves=31
num_cat=0
split_feature=5 9 6 5 6 5 12 11 12 10 10 9 7 10 10 12 9 12 13 12 10 12 11 14 14 8 11 11 13 12
split_gain=37.3188 13.3137 11.3566 9.6042 8.92861 7.15296 6.93472 6.11778 9.45271 15.9663 10.241 6.54869 6.25766 5.98966 12.8122 9.82273 7.1076 6.96228 9.68231 7.08925 6.69564 14.9962 6.78698 6.14544 13.6973 10.4881 5.94872 12.3697 6.06221 6.23644
threshold=0.01456932885320979 0.35626802189598278 -0.34682000888587744 0.0096247459170863501 0.8827602143387685 0.043871709698519799 -0.071455509470426767 -0.043674023036412872 -0.063506994691829508 -0.0014592383155322961 -0.0018259871478111254 -0.23190632336193648 -0.097463672453080338 0.0044510746205346239 0.0043510585935800936 0.029085927178424512 0.18069260864239003 -0.038623236339942461 18.214999198913578 -0.048266057813245992 0.0040309091899630731 -0.0036881792371129536 -0.020444088180766703 0.018287022450050875 0.019226293465225867 0.026878870155672144 -0.013624975324509013 -0.01680301263819178 12.00999975204468 0.057354881634701156
decision_type=2 10 2 2 2 2 2 2 2 2 2 10 2 2 2 2 8 2 2 2 2 2 2 2 2 10 2 2 2 2
left_child=3 2 6 -1 13 7 -2 8 10 12 -4 -12 -10 14 16 -16 -5 18 -18 -20 22 -22 -19 -24 25 -25 27 -15 -28 -30
right_child=1 -3 5 4 -6 -7 -8 -9 9 -11 11 -13 -14 26 15 -17 17 20 19 -21 21 -23 23 24 -26 -27 28 -29 29 -31
leaf_value=0.00011778251544773979 0.00039150640939180509 -0.00030222293954504354 0.00012265262298924096 7.8564046725671579e-05 -2.6995538886472136e-05 -0.0011947203730399742 2.3650640623719266e-05 -5.2693177123891243e-05 -0.0033120836373569914 0.00079391083032891738 -0.0016599045991677755 -0.00042814940144300585 -0.00097946930613260967 6.3449297712542724e-05 -0.00011411268390782064 -0.00038120334242479597 -0.00052809057902710702 0.00025626031779328883 0.00023370608669152218 -0.00040402368675179128 -0.00046572958809997124 0.00021016966793822682 6.0129930500122205e-05 -0.00096060113520659944 -4.3881033403143589e-05 -0.00017604295779738294 -0.00030226124007394386 -0.00039369364290833516 0.00015258049754552939 -2.1555558635701394e-05
leaf_weight=33312 2758 10083 1171 58964 27219 786 65975 78680 111 179 65 308 322 1925 253 169 424 2722 841 645 398 498 15269 114 9742 165 200 551 33475 3851
leaf_count=33312 2758 10083 1171 58964 27219 786 65975 78680 111 179 65 308 322 1925 253 169 424 2722 841 645 398 498 15269 114 9742 165 200 551 33475 3851
internal_value=0.00028426 -0.000277739 -0.000159788 0.000756985 0.000593775 -0.00055855 0.00031375 -0.000512395 -0.00314007 -0.00839869 -0.0010557 -0.00827078 -0.0135912 0.00076594 0.000540109 -0.00815166 0.000580963 -3.43953e-05 -0.00295811 -0.00105653 0.00015878 -0.00409598 0.000294874 3.95415e-05 -0.000922562 -0.0118459 0.00127519 -0.00109855 0.00143181 0.00147833
internal_weight=351175 160438 150355 190737 157425 81622 68733 80836 2156 612 1544 373 433 130206 90204 422 89782 30818 1910 1486 28908 896 28012 25290 10021 279 40002 2476 37526 37326
internal_count=351175 160438 150355 190737 157425 81622 68733 80836 2156 612 1544 373 433 130206 90204 422 89782 30818 1910 1486 28908 896 28012 25290 10021 279 40002 2476 37526 37326
is_linear=0
shrinkage=0.05


Tree=40
num_leaves=31
num_cat=0
split_feature=5 13 14 11 12 6 13 11 13 11 15 15 14 12 13 15 5 9 6 11 10 13 1 13 12 15 0 10 10 13
split_gain=36.1684 14.2776 16.3331 44.8853 12.43 11.1889 10.5151 13.482 25.1566 23.5754 17.6082 15.5446 9.31498 9.16089 13.0062 10.0533 8.96815 8.8699 8.58402 8.06669 10.6399 12.1469 9.93682 9.65149 7.87576 7.33954 8.37461 7.29537 7.09229 28.2984
threshold=0.019424343300434979 14.84500026702881 0.077019604552505241 0.017097581194909787 0.021636066325832374 1.7566166277377679 14.994999885559084 0.011605230504387444 14.960000038146974 0.0093910494145468277 -0.0095177479355243438 0.0054489531806593003 -0.12096344977185801 0.060339682487529529 12.00999975204468 -0.0034173622482293049 0.050188040596281513 0.014079838088999154 -0.26209574795324853 0.039736199013419633 0.015605159278572868 22.930000305175785 -0.035003607471661417 16.98499965667725 -0.016111251712643489 -0.00085725653071494479 0.0056872573594383144 0.016350116268756935 -0.0042976015384410529 15.234999656677248
decision_type=2 2 2 2 2 2 2 2 2 2 2 2 2 2 2 2 2 10 2 2 2 2 2 2 2 2 2 2 2 2
left_child=1 2 13 4 -4 6 7 8 9 -3 17 -10 -8 14 15 -1 18 -9 -2 20 28 23 -23 27 -16 -5 -27 -22 29 -14
right_child=16 5 3 25 -6 -7 12 10 11 -11 -12 -13 19 -15 24 -17 -18 -19 -20 -21 21 22 -24 -25 -26 26 -28 -29 -30 -31
leaf_value=-0.00063586061516917106 -1.7447745495408946e-05 5.2082917057420406e-05 -0.00025932874414727751 -0.0012400452592337119 0.0001253788802027593 -0.00014234894110143472 0.00024702519776273311 -0.00010270724768607283 -0.0004614878628363653 -0.00054600419818613471 0.00013363424430734745 -0.0016937920159601429 -0.00065372798173420565 0.00032393255169975351 -0.00039886716462560591 -0.00014505597888317517 -0.0010075124997305535 -0.0038139724663618386 -0.00018346938336824927 0.00024174068683916383 -0.0010443375850304646 -0.0011571556782417447 -0.00034926007002410414 7.376438449323042e-05 0.0001023483191107366 -0.00019412526246416798 -0.00093578312082371858 -7.4700734321697388e-05 1.4531275055192778e-05 9.2597507116073128e-05
leaf_weight=110 33733 1463 1142 73 2664 15551 6711 51 319 377 2574 49 373 5604 372 1034 1454 66 32546 4689 273 145 437 1665 81390 143 164 296 110484 44895
leaf_count=110 33733 1463 1142 73 2664 15551 6711 51 319 377 2574 49 373 5604 372 1034 1454 66 32546 4689 273 145 437 1665 81390 143 164 296 110484 44895
internal_value=0.00025933 0.00050764 0.00101655 -0.00203536 -0.000399369 0.000259902 0.000374199 -0.00190957 -0.00480525 -0.00241848 0.00046637 -0.0167391 0.000440024 0.00116089 0.00102864 -0.00426573 -0.000778572 -0.0185043 -0.000693357 0.000364977 0.000304538 -0.00274148 -0.00917526 -0.00106535 0.00110271 -0.0184211 -0.0150326 -0.00668717 0.00035961 0.000886719
internal_weight=350847 283114 92696 4186 3806 190418 174867 4899 2208 1840 2691 368 169968 88510 82906 1144 67733 117 66279 163257 158568 2816 582 2234 81762 380 307 569 155752 45268
internal_count=350847 283114 92696 4186 3806 190418 174867 4899 2208 1840 2691 368 169968 88510 82906 1144 67733 117 66279 163257 158568 2816 582 2234 81762 380 307 569 155752 45268
is_linear=0
shrinkage=0.05


Tree=41
num_leaves=31
num_cat=0
split_feature=5 5 11 14 13 9 16 13 14 11 11 15 11 14 11 12 11 11 0 14 12 3 15 14 13 13 12 13 14 12
split_gain=32.7146 13.2766 10.9945 8.58122 17.1427 19.7076 16.2064 8.37759 7.37739 23.0649 13.0031 10.4637 12.143 10.4448 11.0572 11.1802 15.1713 56.9992 20.2909 13.2625 17.6959 15.2804 21.734 10.0761 10.7382 18.072 12.2986 10.0066 9.23894 7.68283
threshold=0.013390332815864254 0.028602337035684756 0.039736199013419633 -0.077913276979976895 20.980000495910648 -0.25867170056135719 -0.023679736400845138 14.614999771118166 -0.055909224672121997 -0.011586998354799647 -0.031453464626615406 0.036806202796793593 0.017472461780978502 -0.037220785866969024 -0.014346854625401638 -0.0021779841828679087 0.0091429221400685119 0.008381662460648533 -0.013981759353848265 0.040467463007027978 -0.008121323465966555 -0.010030216389285694 0.0073996542396942431 0.15522193331306103 22.429999351501468 38.065000534057624 -0.007281546892151213 46.145000457763679 -0.012410493039419599 0.0062346359643689073
decision_type=2 2 2 2 2 10 2 2 2 2 2 2 2 2 2 2 2 2 2 2 2 2 2 2 2 2 2 2 2 2
left_child=7 2 3 4 -2 6 -6 -1 9 10 -5 -11 -13 -10 23 16 17 19 -19 21 -21 22 28 27 -25 26 -26 -15 -16 -17
right_child=1 -3 -4 8 5 -7 -8 -9 13 11 -12 12 -14 14 15 29 -18 18 -20 20 -22 -23 -24 24 25 -27 -28 -29 -30 -31
leaf_value=0.00010791927611199681 0.00024394988703693965 -0.00024624383522739874 0.00020086048702019799 0.00044777159525673173 -0.0011567519277412058 1.8354181114953635e-08 -0.00029883839165456718 4.8423154132011218e-05 0.00012572123382862169 -5.2850026392885568e-05 -0.00077807698972056586 0.00015103759263271544 -0.0020486730818996116 0.00017092025891131602 0.00084064768221021955 0.00017684959163068639 6.711468185571819e-05 -0.0017372680502424937 -0.00094289927869386266 0.00018156434675930294 -0.00039882217874429038 -0.00025514544738663514 -0.0032415487298143811 0.00019614189485418562 -0.00059504286890459221 0.00023316461787111607 0.00024987632700352691 -0.00034558026121182182 -0.00059368614378328753 -4.3766754794415338e-05
leaf_weight=54366 11759 17989 7635 257 288 4151 633 100337 16136 11063 1125 43 41 18628 167 5982 5094 256 331 4025 925 5939 170 2212 1722 921 460 675 353 77137
leaf_count=54366 11759 17989 7635 257 288 4151 633 100337 16136 11063 1125 43 41 18628 167 5982 5094 256 331 4025 925 5939 170 2212 1722 921 460 675 353 77137
internal_value=0.00027222 -0.000156616 -2.58801e-05 -0.000109007 0.000962807 -0.00146688 -0.0080836 0.000815854 -0.000226406 -0.00138918 -0.00748191 -0.000633803 -0.0182143 -0.000123181 -0.000277726 -0.000510615 -0.0016686 -0.00262781 -0.0178279 -0.00185724 0.00010101 -0.0033195 -0.0103623 0.000671866 -0.00125588 -0.0031534 -0.00563245 0.00120266 -0.00528846 -0.000270155
internal_weight=350820 196117 178128 170493 16831 5072 921 154703 153662 12529 1382 11147 84 141133 124997 100379 17260 12166 587 11579 4950 6629 690 24618 5315 3103 2182 19303 520 83119
internal_count=350820 196117 178128 170493 16831 5072 921 154703 153662 12529 1382 11147 84 141133 124997 100379 17260 12166 587 11579 4950 6629 690 24618 5315 3103 2182 19303 520 83119
is_linear=0
shrinkage=0.05


Tree=42
num_leaves=31
num_cat=0
split_feature=5 9 5 4 11 11 11 10 10 10 8 11 10 14 14 11 6 14 8 16 14 11 14 11 14 14 11 8 10 10
split_gain=29.7328 11.1427 9.94736 8.47495 8.46205 8.93056 10.888 9.09826 45.6977 12.8069 8.69008 8.43573 7.97359 7.7437 8.01499 32.705 7.47084 6.03328 6.77462 15.3666 6.08795 16.3974 10.2458 10.8387 9.22101 8.76503 13.057 14.2331 11.9436 11.1851
threshold=0.014714704818690002 0.31951904396810454 0.0088977212272126609 0.087106519921520895 0.0035059532242039952 -0.00050215269203263125 -0.00038402430290213058 -0.0041401831937402647 -0.0040528821834706621 -0.0027125726307745119 -0.13891524278026787 0.039736199013419633 -0.0029081479641121506 -0.01013918808565367 -0.0067330833557224237 0.0059862979664929714 1.2889938999796609 -0.077913276979976895 inf -0.015250324656483792 -0.055141973533754989 -0.013909745802050731 -0.029883265784418574 -0.022672211523631577 -0.027473271171050914 -0.056395923843761568 0.0093910494145468277 0.082459679018440882 0.015605159278572868 0.019174574190858999
decision_type=2 10 2 2 2 2 2 2 2 2 10 2 2 2 2 2 2 2 8 2 2 2 2 2 2 2 2 8 2 2
left_child=2 3 -1 11 5 -4 -7 -8 -9 12 -6 16 -10 -12 15 -15 17 18 -2 -20 21 -19 -22 -24 -25 28 -27 -28 -23 -30
right_child=1 -3 4 -5 10 6 7 8 9 -11 13 -13 -14 14 -16 -17 -18 20 19 -21 22 25 23 24 -26 26 27 -29 29 -31
leaf_value=0.00014194025564946073 0.00013085642459456374 -0.0002603402612368237 4.5315020740200256e-05 -0.00094977220501213811 -0.00014078970541765251 -0.00034138320354112531 0.00017014430645178171 -0.00096753446348431639 -0.00015153318073652354 -6.4934273326308989e-06 0.00013089795691740652 0.00017231345449301644 -0.00039626810517443754 -0.00071409900278665128 5.9953241379144313e-05 1.5182316056627062e-05 -0.00020805028537779319 -0.00060774338821857231 -0.0015094865483086689 6.6700312319409669e-05 0.00013451943600066181 5.1304706596932768e-05 0.00016021265408770009 -0.00040021588113711281 -4.5986378089756745e-05 0.00019615856929847803 -0.0010936231987152968 4.3438424385501662e-05 -0.0011413402810229445 6.7601333107169593e-05
leaf_weight=18043 12310 12367 63412 997 2378 492 3356 270 1547 12542 45881 7861 766 502 42291 2878 15492 1111 94 241 16093 6687 9386 1619 70511 375 405 244 276 214
leaf_count=18043 12310 12367 63412 997 2378 492 3356 270 1547 12542 45881 7861 766 502 42291 2878 15492 1111 94 241 16093 6687 9386 1619 70511 375 405 244 276 214
internal_value=0.000254406 -0.000259049 0.000667274 -0.000135287 0.000552846 0.000182983 -0.000768724 -0.000573291 -0.00109587 -0.000725345 0.000877249 -0.00010324 -0.00414397 0.000954758 0.000493858 -0.00184911 -0.000195916 -6.20576e-05 0.00097074 -0.00604478 -0.000184201 -0.00140571 -6.76678e-05 -0.000295279 -0.000503258 -0.000633459 -0.00496094 -0.0092527 -1.60232e-05 -0.00755102
internal_weight=350641 156283 194358 143916 176315 82385 18973 18481 15125 14855 93930 142919 2313 91552 45671 3380 135058 119566 12645 335 106921 9312 97609 81516 72130 8201 1024 649 7177 490
internal_count=350641 156283 194358 143916 176315 82385 18973 18481 15125 14855 93930 142919 2313 91552 45671 3380 135058 119566 12645 335 106921 9312 97609 81516 72130 8201 1024 649 7177 490
is_linear=0
shrinkage=0.05


Tree=43
num_leaves=31
num_cat=0
split_feature=5 6 5 14 10 14 14 13 13 12 13 11 11 11 10 12 12 11 11 0 10 13 12 14 13 14 11 13 13 11
split_gain=27.6334 13.1214 9.73356 9.15324 8.90889 11.9439 62.8003 27.3625 15.7628 11.2325 10.549 10.294 9.63507 10.7531 9.27164 12.0608 15.8412 11.6656 22.0966 11.6731 9.15409 19.8338 25.2704 13.2102 10.1099 20.4646 19.8832 26.3942 16.9589 22.5982
threshold=0.019309774193195468 1.9452811647603971 0.0098848960517626833 -0.014609583018452553 -0.0064885542336663984 0.077019604552505241 0.081032983629692037 13.894999980926515 18.82499980926514 0.026461496943730015 15.234999656677248 -0.0088251851150741283 0.0043117455667203161 -0.00050215269203263125 -0.017312000709356064 -0.007281546892151213 -0.063506994691829508 0.008381662460648533 0.0089565752678409955 -0.0077201498732614717 -0.0052692990008561527 16.614999771118168 0.018851538388621195 0.036947105146079025 14.684999942779543 0.013406221047230662 0.010526835170153516 15.105000019073488 15.855000019073488 -0.0072461958036925669
decision_type=2 2 2 2 2 2 2 2 2 2 2 2 2 2 2 2 2 2 2 2 2 2 2 2 2 2 2 2 2 2
left_child=1 2 -1 -4 9 20 7 -7 -9 10 11 -5 13 -8 15 16 -12 -16 19 -19 21 22 -6 -24 -22 26 27 -26 -29 -30
right_child=-2 -3 3 4 5 6 12 8 -10 -11 14 -13 -14 -15 17 -17 -18 18 -20 -21 24 -23 23 -25 25 -27 -28 28 29 -31
leaf_value=9.9408422020132417e-05 -8.9816144613901795e-05 -0.00010890496530164896 7.9666487872204759e-05 -0.00067897524780702974 5.1477321664400426e-05 0.00022348662940261394 0.00011299911982683867 -0.00083295622514626419 -0.00039023936711667984 0.00027642659117902471 4.2610526659982708e-05 -0.00016123960397661821 0.00039854881285159818 -0.00032457581015512833 0.00013637434871555836 0.00020561828465792925 -0.00060688057856597688 -0.0012826648326320043 -2.3042316915071802e-05 -0.00037509044970588691 8.0638409189196452e-05 7.8501271806566606e-05 -0.00029529457586462268 -0.00056408555075205169 -0.00056213889217630029 8.8327627615866568e-05 4.097712632678862e-05 0.00016243799165857644 7.0048786337535238e-05 -0.00031275421997247832
leaf_weight=37426 69190 18914 92853 264 1000 283 1674 838 439 7361 1282 1252 1815 789 18751 1690 1390 132 1751 140 29470 2813 597 859 1152 26177 13129 2671 4628 9417
leaf_count=37426 69190 18914 92853 264 1000 283 1674 838 439 7361 1282 1252 1815 789 18751 1690 1390 132 1751 140 29470 2813 597 859 1152 26177 13129 2671 4628 9417
internal_value=0.000269987 0.000490413 0.000582214 0.000457824 0.000189885 -5.26335e-05 -0.00224563 -0.0108333 -0.0139507 0.000886867 0.00040935 -0.00364116 0.000885928 -0.00115104 0.000653644 -0.001442 -0.00353293 0.00109367 -0.00251359 -0.0157721 8.66582e-05 -0.0019368 -0.00521987 -0.00942308 0.000209709 -0.000178053 -0.00104736 -0.00213286 -0.00162838 -0.00232289
internal_weight=350147 280957 262043 224617 131764 97751 5838 1560 1277 34013 26652 1516 4278 2463 25136 4362 2672 20774 2023 272 91913 5269 2456 1456 86644 57174 30997 17868 16716 14045
internal_count=350147 280957 262043 224617 131764 97751 5838 1560 1277 34013 26652 1516 4278 2463 25136 4362 2672 20774 2023 272 91913 5269 2456 1456 86644 57174 30997 17868 16716 14045
is_linear=0
shrinkage=0.05


Tree=44
num_leaves=31
num_cat=0
split_feature=4 11 4 14 13 6 6 16 12 13 12 16 13 15 13 14 12 15 12 14 11 14 13 12 12 14 13 13 16 13
split_gain=25.2573 10.7741 10.129 7.5257 8.4474 7.29221 6.80067 5.4521 6.86517 5.3404 9.68739 5.3362 5.26811 6.67598 5.33109 5.63361 16.8095 5.16071 5.13997 5.80679 5.12329 4.83271 4.51951 5.79794 8.90302 8.98735 9.81457 10.6773 9.10946 6.53305
threshold=0.022823563016322681 0.039736199013419633 0.05014497608295946 -0.11544121967691799 13.744999885559084 -0.32616012725515742 1.409458535056225 -0.018308742553242715 0.037928209773965056 27.855000495910648 -0.067575688865902969 -0.01866928368637771 12.00999975204468 -0.0034173622482293049 14.465000152587892 0.033484849976317961 0.048152369041769456 -0.022784907995426703 -0.067575688865902969 0.34982669992859688 0.04720517450512441 -0.065772214787702996 46.145000457763679 -0.067575688865902969 -0.050554756764267676 -0.060212487769074334 18.214999198913578 27.365000724792484 -0.017232081179546551 24.630000114440922
decision_type=2 2 2 2 2 2 2 2 2 2 2 2 2 2 2 2 2 2 2 2 2 2 2 2 2 2 2 2 2 2
left_child=5 2 3 -2 -5 12 22 8 -3 -7 -11 -10 13 -1 15 -14 -17 -12 -4 -20 -9 -22 23 -6 25 28 -27 -28 -25 -26
right_child=1 7 18 4 6 9 -8 20 11 10 17 -13 14 -15 -16 16 -18 -19 19 -21 21 -23 -24 24 29 26 27 -29 -30 -31
leaf_value=-0.00075869077885526751 0.00016297390416460797 -0.0027574458532535983 0.00014230401237945792 8.1570691554826296e-05 0.00018778196087963477 3.6696071196743077e-05 -0.00021200076338979084 0.00039834310825899964 0.00051245679119635138 0.00015624579404342721 -0.0012196907110065131 -0.0012785609537733012 0.00014996414165137297 -9.079912077469753e-05 6.3065310945377296e-05 6.9289754652015974e-05 -0.00037461850765584847 -0.0004077240185301867 -0.00033839257731932242 -0.0019868989596774156 0.00048443327747437962 -2.0654845830666862e-05 -0.00036105684505481855 -0.0018320903787568108 -3.1727847217467327e-05 -0.00062600627990276679 7.4053935092154537e-05 -0.00053829522563790489 -0.00043744906432110001 0.00017636131619692621
leaf_weight=60 7593 46 1964 18715 4348 95869 13888 3710 152 243 84 46 22975 673 50924 2636 377 168 11679 67 1166 3866 391 80 102500 292 1975 652 121 3821
leaf_count=60 7593 46 1964 18715 4348 95869 13888 3710 152 243 84 46 22975 673 50924 2636 377 168 11679 67 1166 3866 391 80 102500 292 1975 652 121 3821
internal_value=0.00024483 -0.000175578 -0.000265757 -0.000150088 -0.000229488 0.000672638 -0.000374488 0.00151124 -0.00586066 0.000382093 -0.00479798 -0.00181818 0.00103323 -0.00318554 0.00107343 0.00165615 -0.000376701 -0.0116667 -0.0015682 -0.00196407 0.001717 0.000677663 -0.000247416 -0.000228976 -0.000300116 -0.00293269 -0.0022285 -0.0012619 -0.0131592 -0.000222863
internal_weight=351081 177072 168086 154376 146783 174009 128068 8986 244 96364 495 198 77645 733 76912 25988 3013 252 13710 11746 8742 5032 114180 113789 109441 3120 2919 2627 201 106321
internal_count=351081 177072 168086 154376 146783 174009 128068 8986 244 96364 495 198 77645 733 76912 25988 3013 252 13710 11746 8742 5032 114180 113789 109441 3120 2919 2627 201 106321
is_linear=0
shrinkage=0.05


Tree=45
num_leaves=31
num_cat=0
split_feature=5 9 6 11 12 10 12 15 14 14 9 14 10 12 12 10 5 16 11 5 10 12 16 11 14 14 11 0 15 0
split_gain=23.9908 11.9267 9.69218 7.98342 7.41109 9.37176 23.2763 14.834 13.0879 24.9185 8.87874 12.5617 6.74674 11.2346 7.2086 8.72936 6.72971 6.33929 6.09021 6.02302 5.88284 5.81239 5.81216 5.69375 5.62119 5.78924 6.19978 5.51732 5.5049 5.14065
threshold=0.013350549266787142 0.31951904396810454 -0.46417533444602255 0.0035059532242039952 0.015576127060618618 -0.0064885542336663984 0.01609265809314964 0.0054489531806593003 0.079889052526069274 0.082844690184075601 0.30958279757937873 0.10924586065415166 -0.017312000709356064 -0.007281546892151213 -0.039440805252848314 -0.029463592833469218 0.037924788143841461 -0.017591049262056232 0.0033857060530237963 0.0096247459170863501 -0.013932241848525038 -0.075828258528587975 -0.019747940684916806 0.030070663333597095 -0.068136872709181048 -0.062215069857951215 -0.0065367397500866167 -0.0027326038478676091 0.0043072246198087036 -0.028448643693064931
decision_type=2 10 2 2 2 2 2 2 2 2 8 2 2 2 2 2 2 2 2 2 2 2 2 2 2 2 2 2 2 2
left_child=3 2 21 4 12 10 7 -7 -8 22 -6 -12 13 14 15 -1 23 20 -14 -5 -13 -2 -10 -4 -23 26 -26 -24 -16 -25
right_child=1 -3 16 19 5 6 8 -9 9 -11 11 17 18 -15 28 -17 -18 -19 -20 -21 -22 24 27 29 25 -27 -28 -29 -30 -31
leaf_value=-0.0011378196473898375 0.00054188704475049596 -0.00023411183720184871 -3.8913336312041209e-05 0.00014190798232544436 0.00026268576348532501 -0.00030268689679122736 -1.635299880155964e-05 -0.0013788137984637456 -0.00015980323221829418 2.7235949930660631e-06 9.9504392416670449e-05 -0.0005302717642649054 8.4493820564263367e-05 0.00015083443724483016 -0.00085370875450823237 -0.00011009870387758261 -0.00058108176034323488 -0.00025216911202846236 -0.00041809097647365945 7.0968834196462628e-05 -0.00067919904492647781 0.0001702160509375188 -0.00087375950111466126 -0.00038195398464829333 -0.00080829965855101305 3.0281186531802611e-05 -0.00013220514379194286 -0.00054738286809039082 1.2982701803679461e-05 0.0001225508577628744
leaf_weight=93 1665 13191 101818 17568 4578 237 25426 44 74 715 1342 171 36298 1180 200 611 2004 325 177 64170 41 8911 227 561 225 58858 880 130 57 9276
leaf_count=93 1665 13191 101818 17568 4578 237 25426 44 74 715 1342 171 36298 1180 200 611 2004 325 177 64170 41 8911 227 561 225 58858 880 130 57 9276
internal_value=0.000259548 -0.000105148 -1.13989e-06 0.000728017 0.000343826 -0.000202642 -0.000613898 -0.0149288 -0.000462517 -0.00568935 0.00150767 -0.00138638 0.000815206 -0.00191266 -0.00592612 -0.00330966 -0.000286867 -0.00784916 0.000975326 0.00106609 -0.0145755 0.00045925 -0.0151856 -0.000235323 0.000388681 0.000214549 -0.00337104 -0.0178291 -0.0130934 0.000913388
internal_weight=351053 197389 184198 153664 71926 33310 26853 281 26572 1146 6457 1879 38616 2141 961 704 113659 537 36475 81738 212 70539 431 111655 68874 59963 1105 357 257 9837
internal_count=351053 197389 184198 153664 71926 33310 26853 281 26572 1146 6457 1879 38616 2141 961 704 113659 537 36475 81738 212 70539 431 111655 68874 59963 1105 357 257 9837
is_linear=0
shrinkage=0.05


Tree=46
num_leaves=31
num_cat=0
split_feature=4 6 4 10 10 15 12 16 12 4 10 12 4 14 6 10 14 12 12 10 10 8 15 12 10 10 14 14 9 10
split_gain=21.9266 11.6813 7.47304 7.20413 24.6737 9.05334 7.97561 7.71273 10.1315 7.16512 6.64541 9.758 8.5883 6.33412 5.79331 5.39307 16.2067 19.8601 20.5954 22.6036 15.4302 10.8887 10.4567 9.1687 8.87538 16.609 12.4329 8.06182 6.85244 6.78963
threshold=0.030222768697857855 -0.62092921026040926 0.087106519921520895 0.0044510746205346239 0.0043510585935800936 0.0017548519489558603 0.057354881634701156 -0.0052400026936495472 0.029085927178424512 0.013632427390551392 0.0078861973708463946 0.057873618969341407 0.015537401079212176 -0.048201737040391705 1.078333278391878 -0.0061039058742593513 0.035592479952137442 0.02668848564069826 0.027831589424704543 -0.005434364127880508 -0.0055253029172103165 0.075363341242394535 -0.0042115721028900257 0.026461496943730015 -0.0015128892650588253 -0.00015910001783137059 0.042306243871835354 0.039048416537089688 0.054710570839159541 -0.017312000709356064
decision_type=2 2 2 2 2 2 2 2 2 2 2 2 2 2 2 2 2 2 2 2 2 10 2 2 2 2 2 2 10 2
left_child=1 -1 14 4 9 7 13 8 -6 -3 -8 12 -12 -5 -2 23 -17 -18 19 -19 21 -20 -21 29 27 -26 28 -22 -27 -11
right_child=2 3 -4 6 5 -7 10 -9 -10 15 11 -13 -14 -15 -16 16 17 18 20 22 24 -23 -24 -25 25 26 -28 -29 -30 -31
leaf_value=8.7215138853716635e-05 -2.778730325937195e-05 0.00014459877272495527 -0.00093102823853554036 3.5762831506044324e-05 9.3880028069335609e-05 -0.00015406109740953111 0.00013575558672695277 -0.0012777585761685208 -0.00055720784933641911 -0.00018108166072959019 -7.7320947705111529e-05 -0.00010943141851652999 -0.0010761511140550029 0.00014752444204705096 -0.00023453283799046074 1.571939370234995e-05 -9.0070397819409068e-06 0.000249324312843234 -0.00029655634420860033 -0.0008745361292705182 -0.0002621670301330902 -0.00069931413835999689 -0.00034683895629468778 0.00020721356353116383 -0.00053386909800611426 -0.001352062293933076 -4.9591104370944443e-05 0.00014226364625329624 -5.015022778953238e-05 4.6716379990698268e-05
leaf_weight=73789 70048 6452 1399 26647 95 283 1884 126 88 3818 161 4145 203 27120 11770 76552 10803 279 436 453 509 186 363 7360 508 135 2283 2368 77 20644
leaf_count=73789 70048 6452 1399 26647 95 283 1884 126 88 3818 161 4145 203 27120 11770 76552 10803 279 436 453 509 186 363 7360 508 135 2283 2368 77 20644
internal_value=0.000254485 0.000474797 -0.000454414 0.000271113 6.68073e-05 -0.0101182 0.000725565 -0.0160356 -0.00948087 0.000112065 -0.000944001 -0.00198603 -0.00983516 0.00092408 -0.000392456 2.93437e-05 -0.000159449 -0.00149185 -0.0034507 -0.00979452 -0.00238234 -0.00987138 -0.0139951 0.000592672 -0.00159014 -0.00349151 -0.00181363 0.000394508 -0.0133962 0.000127136
internal_weight=350984 267767 83217 193978 133818 592 60160 309 183 133226 6393 4509 364 53767 81818 126774 94952 18400 7597 1095 6502 622 816 31822 5880 3003 2495 2877 212 24462
internal_count=350984 267767 83217 193978 133818 592 60160 309 183 133226 6393 4509 364 53767 81818 126774 94952 18400 7597 1095 6502 622 816 31822 5880 3003 2495 2877 212 24462
is_linear=0
shrinkage=0.05


Tree=47
num_leaves=31
num_cat=0
split_feature=5 9 11 6 13 11 11 13 14 13 14 11 11 14 10 10 1 14 10 0 11 14 14 14 3 16 11 10 13 13
split_gain=20.4483 11.2776 10.3254 7.27648 7.16694 6.147 11.2079 9.5527 9.4068 7.50671 9.48371 6.85719 14.1136 13.4563 6.12637 17.0511 9.63791 8.02737 6.22494 5.81559 5.67467 7.76074 8.91996 28.1164 40.0457 7.79563 7.38876 9.51029 8.3603 7.78351
threshold=0.013350549266787142 0.2926076945986002 0.022829812381502172 1.0000000180025095e-35 14.614999771118166 0.0029094650612268018 -0.0023578847280503741 13.34500026702881 0.035592479952137442 13.174999713897707 -0.055141973533754989 0.01196305437964529 0.012491496694062467 0.077019604552505241 0.015605159278572868 0.017693997216902905 -0.044445152044964124 -0.069419882954705067 0.06903334451863076 -0.013425716079322856 -0.020444088180766703 -0.029883265784418574 -0.011938112467112181 -0.012410493039419599 -0.0064516283322481041 0.051240771342999321 -0.0086028412340181642 0.015605159278572868 19.880000114440922 28.970000267028812
decision_type=2 10 2 2 2 2 2 2 2 2 2 2 2 2 2 2 2 2 2 2 2 2 2 2 2 2 2 2 2 2
left_child=4 2 3 20 5 6 -1 8 9 10 -8 -7 -13 -14 17 16 -16 -5 -17 -4 -2 26 23 25 -25 -23 27 28 -22 -28
right_child=1 -3 19 14 -6 11 7 -9 -10 -11 -12 12 13 -15 15 18 -18 -19 -20 -21 21 22 -24 24 -26 -27 29 -29 -30 -31
leaf_value=0.00014460967404492648 0.00012346004357814699 -0.00020152050088690515 -0.00010924126621435752 0.00016011988806398182 3.4744628141506228e-05 0.00023191218320960141 -0.00029626659831332537 4.6508284976985893e-05 -0.00027221252309582314 -0.00038927173583971138 6.2213170161379299e-05 -0.00023622637998237944 0.00010908302149427732 -0.0005027583501350431 -0.0011981052862720175 0.00028679847407277274 -0.00056265010868813308 -7.9510572982152369e-05 -0.00041126295179140233 0.00012698962867866388 0.00013073264316639346 -8.7664205129177322e-05 -7.9277151295401043e-06 -0.0037117865831640196 -0.0001139746456137487 -0.0012714068601423437 0.00012332875446355247 -0.0011344446966824321 -0.00031730471611036206 -0.00031959048128509817
leaf_weight=7960 12423 15513 3692 5764 99180 12865 533 5528 777 523 2311 1050 22298 212 214 1286 727 50928 420 24566 2029 9669 44490 226 313 116 22858 158 1759 345
leaf_count=7960 12423 15513 3692 5764 99180 12865 533 5528 777 523 2311 1050 22298 212 214 1286 727 50928 420 24566 2029 9669 44490 226 313 116 22858 158 1759 345
internal_value=0.000238971 -9.73182e-05 1.29959e-05 -0.000148479 0.00067239 0.00113556 0.000369215 -0.0007744 -0.00258929 -0.00144491 -0.000432489 0.00150652 0.000999576 0.00126388 -0.000582332 -0.00293351 -0.00833688 -0.000472553 4.68935e-05 0.000891429 0.000124277 -2.66582e-05 -0.000369066 -0.00169314 -0.0128108 -0.00108074 0.000664666 -0.00133553 -0.000834213 0.00100483
internal_weight=350733 197496 181983 153725 153237 54057 17632 9672 4144 3367 2844 36425 23560 22510 59339 2647 941 56692 1706 28258 94386 81963 54814 10324 539 9785 27149 3946 3788 23203
internal_count=350733 197496 181983 153725 153237 54057 17632 9672 4144 3367 2844 36425 23560 22510 59339 2647 941 56692 1706 28258 94386 81963 54814 10324 539 9785 27149 3946 3788 23203
is_linear=0
shrinkage=0.05


Tree=48
num_leaves=31
num_cat=0
split_feature=5 13 14 12 12 12 13 14 16 13 10 9 12 12 10 14 14 1 3 10 14 14 10 13 14 16 9 10 10 7
split_gain=19.5378 9.14237 11.0209 26.0603 8.87561 8.7239 11.1653 8.68666 6.83751 6.68812 16.4195 11.8811 7.38391 9.97398 10.9957 16.4401 10.9883 12.1621 10.3474 6.91319 15.9124 24.4105 50.5351 14.7691 13.9606 10.5252 12.4651 16.0809 12.2593 9.87963
threshold=0.019424343300434979 14.84500026702881 0.077019604552505241 0.050860094870715973 0.021636066325832374 0.060339682487529529 12.00999975204468 -0.12096344977185801 0.012431728412877098 15.194999694824221 -0.0075060032597452633 0.62090514755908122 0.057354881634701156 0.022857145298187723 0.0077874133579277647 -0.0046169142462271764 -0.056395923843761568 -0.0017091863472601385 0.0017421806627163641 -0.0042976015384410529 0.005094684764536229 0.010891009150098998 -0.0040528821834706621 17.369999885559086 -0.096084571305829466 -0.014248278383019784 -0.23190632336193648 0.00048355916176134889 -0.0012572385131596751 0.0015595886458292798
decision_type=2 2 2 2 2 2 2 2 2 2 2 8 2 2 2 2 2 2 2 2 2 2 2 2 2 2 10 2 2 2
left_child=1 2 5 4 -4 6 -1 -3 -5 10 -9 12 13 14 15 16 -12 -18 -19 -11 23 29 -23 -21 -25 -24 27 28 -27 -22
right_child=-2 7 3 8 -6 -7 -8 9 -10 19 11 -13 -14 -15 -16 -17 17 18 -20 20 21 22 25 24 -26 26 -28 -29 -30 -31
leaf_value=-0.00020117475716116418 -7.3890070532568378e-05 0.00018744824967693223 -0.00023060854772452845 -0.00013590538000667857 9.9663054335938714e-05 0.00026939718194948878 7.7887715032407139e-05 -0.00054947511800589456 -0.00077834077330830734 7.0563252378900529e-05 0.00013725447201306479 0.00048919789125667222 -0.00066566523963714538 0.0001009892658461982 0.0001558155293340008 -4.7456602109627999e-05 -0.00024165392694211704 -0.00052022100157297945 -0.0010254692084674553 9.7825300995032263e-05 -0.00037918902618275366 -0.00068968815883916701 0.00023444603096597677 -0.00025498057795957774 -4.3775115967661897e-06 6.5241430234671614e-05 8.279621473239097e-07 7.4471543948742005e-05 -0.00059305908574161211 -0.00015754055724756175
leaf_weight=1170 68005 7759 1165 104 2667 5513 81629 384 278 50230 321 1140 365 4271 1461 2181 899 558 449 43685 2574 695 4507 2378 42372 370 19490 1171 1043 2377
leaf_count=1170 68005 7759 1165 104 2667 5513 81629 384 278 50230 321 1140 365 4271 1461 2181 899 558 449 43685 2574 695 4507 2378 42372 370 19490 1171 1043 2377
internal_value=0.000251146 0.000433889 0.00084171 -0.00165638 -0.000414927 0.000960911 0.000832679 0.000235998 -0.0141099 0.000166493 -0.000973065 -0.000637613 -0.00116373 -0.000912229 -0.00224996 -0.00349592 -0.00651774 -0.00795908 -0.0117329 0.000246706 4.15211e-05 -0.000909641 -0.000323361 0.000388138 -0.000250279 2.46418e-05 -0.000424934 -0.00368808 -0.00727884 -0.00413957
internal_weight=351211 283206 92526 4214 3832 88312 82799 190680 382 182921 12029 11645 10505 10140 5869 4408 2227 1906 1007 170892 120662 32227 27276 88435 44750 26581 22074 2584 1413 4951
internal_count=351211 283206 92526 4214 3832 88312 82799 190680 382 182921 12029 11645 10505 10140 5869 4408 2227 1906 1007 170892 120662 32227 27276 88435 44750 26581 22074 2584 1413 4951
is_linear=0
shrinkage=0.05


Tree=49
num_leaves=31
num_cat=0
split_feature=5 6 4 5 14 10 14 10 14 16 10 12 12 14 16 6 6 12 10 12 5 0 14 10 10 16 16 15 14 14
split_gain=19.2718 11.036 7.50783 6.22655 6.6419 6.94522 15.414 27.782 11.4263 10.331 8.03524 10.6046 13.0135 7.25367 6.86046 5.86843 5.80515 5.72552 5.72251 6.1492 5.61228 5.71918 5.52171 5.66139 16.2501 12.2151 7.48275 15.0571 4.91168 12.2929
threshold=0.019668146645020815 -0.33260806977219542 0.087106519921520895 0.0094477877820589896 -0.01013918808565367 -0.0042976015384410529 0.077019604552505241 -0.0036836018296790836 0.079095926518506735 -0.017232081179546551 -0.017312000709356064 -0.007281546892151213 -0.067575688865902969 0.23397195059943568 -0.079700203360928576 1.9452811647603971 -0.26951576407235406 -0.075828258528587975 0.0091157709324108955 0.057354881634701156 0.011729954112878336 -0.0046190700496738782 0.0080830591469587282 -0.015213589282174643 -0.013932241848525038 -0.079700203360928576 -0.015250324656483792 -0.013632280940514772 -0.048201737040391705 -0.077913276979976895
decision_type=2 2 2 2 2 2 2 2 2 2 2 2 2 2 2 2 2 2 2 2 2 2 2 2 2 2 2 2 2 2
left_child=1 18 16 -3 14 10 15 9 -9 -8 11 12 -6 -14 -5 -7 17 -2 28 -20 -15 -22 -12 -24 25 -25 -27 -28 29 -1
right_child=2 3 -4 4 5 6 7 8 -10 -11 22 -13 13 20 -16 -17 -18 -19 19 -21 21 -23 23 24 -26 26 27 -29 -30 -31
leaf_value=0.00023150047691979276 0.00072617646331226446 7.6628242633144762e-05 -0.00088031333949325575 -0.00083401076732290643 0.00015216779624521951 -2.4838629038630814e-05 -0.00033459823569482273 -0.00089873527719324493 -3.0703145060644615e-05 -0.00089025000301025327 0.00048165190946031553 0.00011312148036363929 -0.00031697808169330207 -0.00082846951970628319 3.9872172346835913e-05 -0.00031481361232965063 -0.00013526688139381215 -1.652461921832472e-05 0.00017222181821906714 -8.3160985538108516e-05 -0.00096325281175063204 -9.2007405148079733e-05 0.00022182473150089834 -0.0031928748771623602 4.5327386430024842e-05 -5.2089552215627001e-05 -0.0012011620759266096 -0.00026162879057313763 6.3719512946436849e-05 -8.5533657012238664e-05
leaf_weight=3301 1162 16941 1382 57 576 38941 216 162 1882 348 1415 1831 1134 75 63892 3871 31479 31288 13445 1535 351 139 4459 55 22999 845 202 660 96139 9966
leaf_count=3301 1162 16941 1382 57 576 38941 216 162 1882 348 1415 1831 1134 75 63892 3871 31479 31288 13445 1535 351 139 4459 55 22999 845 202 660 96139 9966
internal_value=0.000231334 0.000408619 -0.000543476 0.000135392 2.87976e-05 -0.000274385 -0.000681418 -0.00441334 -0.00170254 -0.0142376 0.000257765 -0.00181929 -0.0040989 -0.00630076 0.000408842 -0.000454078 -0.000464656 4.62268e-06 0.000762385 0.00167891 -0.0109292 -0.00897959 0.000536152 0.000388433 9.30901e-05 -0.00453462 -0.00378735 -0.00706496 0.000636894 -0.000264943
internal_weight=350748 285437 65311 161051 144110 80161 45420 2608 2044 564 34741 4106 2275 1699 63949 42812 63929 32450 124386 14980 565 490 30635 29220 24761 1762 1707 862 109406 13267
internal_count=350748 285437 65311 161051 144110 80161 45420 2608 2044 564 34741 4106 2275 1699 63949 42812 63929 32450 124386 14980 565 490 30635 29220 24761 1762 1707 862 109406 13267
is_linear=0
shrinkage=0.05


Tree=50
num_leaves=31
num_cat=0
split_feature=5 6 14 13 9 13 5 5 13 11 13 13 11 11 11 14 14 13 14 11 11 14 13 11 13 14 11 11 13 11
split_gain=15.7911 8.81021 7.91172 10.5317 12.3693 8.22457 6.86966 6.36405 6.22637 6.73744 9.02769 10.9515 10.143 8.99498 19.219 11.2569 7.00188 5.80465 8.79207 10.0296 5.71906 5.6363 5.51997 12.0867 9.04069 10.1618 7.68758 19.3081 8.95779 9.82353
threshold=0.014473687410127374 1.5432457640453958 -0.069419882954705067 18.94999980926514 -0.29811793102459266 19.72500038146973 0.028602337035684756 0.036041126573750394 14.614999771118166 0.0029094650612268018 13.34500026702881 13.174999713897707 0.0015109510563884323 0.01196305437964529 0.012491496694062467 0.077019604552505241 -0.055141973533754989 24.385000228881839 -0.055909224672121997 -0.0088251851150741283 0.037935675142188215 0.34982669992859688 19.115000724792484 0.0069842899086436381 14.84500026702881 0.013234785210327617 -0.0038430615531924168 -0.0031311720849904741 17.164999961853031 -0.0037227155807691976
decision_type=2 2 2 2 10 2 2 2 2 2 2 2 2 2 2 2 2 2 2 2 2 2 2 2 2 2 2 2 2 2
left_child=8 2 3 -2 -5 -6 22 -3 9 10 11 16 -12 -11 -15 -16 -1 18 19 -8 -10 -19 24 -24 25 -4 -26 28 29 -28
right_child=1 7 6 4 5 -7 17 -9 20 13 12 -13 -14 14 15 -17 -18 21 -20 -21 -22 -23 23 -25 26 -27 27 -29 -30 -31
leaf_value=-0.00027995229423084106 0.00024617414689392562 -0.00017911469203361004 0.00011660979114480899 -0.00043704849715905036 -0.00024238211108597451 0.00012537350197298807 -0.0021522650167219146 -0.0011979473205947571 2.4048543530801673e-05 0.00021689014013864216 0.00013422807339832969 -0.0002814914585466537 -0.00014780404891521755 -0.00025288989583888724 8.9488926944978031e-05 -0.00045109551717133309 1.4154837296911093e-05 0.00018720704284860075 -0.00024434142847691326 -0.0005904190695765198 0.00019745821339570672 -0.0015949335412816111 -1.2236436290978971e-06 0.00024042834890139055 5.8381154951231895e-05 -9.4108613352705242e-05 1.5360317242451779e-05 -8.661071121860163e-05 -0.00010447024292757968 -0.00093134998193940418
leaf_weight=623 10839 14410 20605 970 1380 6883 102 566 120761 14979 11831 1185 1958 1200 26339 258 4780 3000 9814 493 4119 100 25399 7886 11863 7453 122 41245 262 384
leaf_count=623 10839 14410 20605 970 1380 6883 102 566 120761 14979 11831 1185 1958 1200 26339 258 4780 3000 9814 493 4119 100 25399 7886 11863 7453 122 41245 262 384
internal_value=0.000231504 -0.00012743 -1.10885e-05 0.000912216 -0.000328712 0.000298318 -0.000155055 -0.00128339 0.000544133 0.000948728 0.000200471 -0.0013221 0.000927914 0.00130517 0.000772925 0.00105219 -0.000367388 -0.00122178 -0.0017874 -0.00768908 0.000339526 0.00067742 -2.99862e-05 0.000512994 -0.000250567 0.000477226 -0.000629594 -0.000946969 -0.00880208 -0.0126877
internal_weight=351809 163776 148800 20072 9233 8263 128728 14976 188033 63153 20377 6588 13789 42776 27797 26597 5403 13509 10409 595 124880 3100 115219 33285 81934 28058 53876 42013 768 506
internal_count=351809 163776 148800 20072 9233 8263 128728 14976 188033 63153 20377 6588 13789 42776 27797 26597 5403 13509 10409 595 124880 3100 115219 33285 81934 28058 53876 42013 768 506
is_linear=0
shrinkage=0.05


Tree=51
num_leaves=31
num_cat=0
split_feature=5 11 5 5 14 9 10 10 11 15 14 14 13 11 14 11 14 11 12 10 11 13 13 10 11 3 10 10 13 12
split_gain=16.1891 9.21236 9.01726 6.76915 6.46916 5.38612 5.06721 19.3835 13.0319 8.19072 6.48509 11.3523 11.108 9.96446 9.64933 8.52693 8.05157 8.00492 11.6619 14.7534 27.8556 14.07 27.2033 24.3524 18.7066 13.9128 13.697 8.36482 13.4782 13.411
threshold=0.014143680735048056 0.030070663333597095 0.028602337035684756 0.0088977212272126609 -0.11544121967691799 -0.24348092966238363 0.015605159278572868 0.017693997216902905 0.019286705415067943 0.036806202796793593 -0.069419882954705067 -0.055909224672121997 21.134999275207523 -0.0071058525984615808 -0.056395923843761568 -0.031453464626615406 -0.037220785866969024 -0.014346854625401638 -0.0021779841828679087 -0.0012572385131596751 0.011634052199270497 19.23499965667725 18.564999580383304 -0.013327781970057238 -0.010255103003419084 -0.0081196196765201383 0.0063034677603397435 -0.017312000709356064 31.844999313354496 -0.007281546892151213
decision_type=2 2 2 2 2 10 2 2 2 2 2 2 2 2 2 2 2 2 2 2 2 2 2 2 2 2 2 2 2 2
left_child=3 2 4 -1 -2 -3 10 8 9 -8 12 13 -6 15 -15 -12 -13 27 19 21 25 22 -19 -24 -23 26 -21 28 29 -18
right_child=1 5 -4 -5 6 -7 7 -9 -10 -11 11 16 -14 14 -16 -17 17 18 -20 20 -22 24 23 -25 -26 -27 -28 -29 -30 -31
leaf_value=0.0001128630739901416 0.00016138970632190237 -0.00011473273459454128 -0.00025017506097468623 3.9880264118255049e-05 0.00020234601866932515 0.0001402102477233067 -0.00087083422921853241 0.00019117584001608116 5.0836802063863824e-05 -0.0018392673298115786 0.00050718638877329965 0.00011874787246902864 -0.00019015757522700976 -5.5046314143608839e-05 -0.00062856966125233592 -0.00075602021170457568 -0.00052767801666214005 -6.2595193124623831e-06 -2.5468988347627289e-05 -0.00038807720967074996 0.00015737857056982122 -0.00051779635945046478 -0.0014295691004274874 -0.00043232222045870355 0.00026201128150252619 -0.00043381728132689735 -0.003453891071900088 0.00012818097931181243 0.00036965267698348635 0.0001591819532661582
leaf_weight=18014 6212 2382 15114 159572 8561 14776 623 1324 320 40 215 13373 1557 4398 565 1008 2058 3403 66741 482 1626 299 242 1074 3952 2869 214 17203 1310 1248
leaf_count=18014 6212 2382 15114 159572 8561 14776 623 1324 320 40 215 13373 1557 4398 565 1008 2058 3403 66741 482 1626 299 242 1074 3952 2869 214 17203 1310 1248
internal_value=0.000237403 -0.00010656 -0.000227487 0.000572849 -0.000103004 0.000993123 -0.000175754 -0.00249892 -0.0078179 -0.0118175 -0.000135274 -0.000235934 0.00108124 -0.00232299 -0.00132682 -0.00636549 -0.000124726 -0.000274968 -0.00050419 -0.00180743 -0.00392892 -0.00057971 -0.00245921 -0.00856383 0.0015067 -0.00640252 -0.0127443 0.000574958 -0.00131499 -0.00301573
internal_weight=350775 173189 156031 177586 140917 17158 134705 2307 983 663 132398 122280 10118 6186 4963 1223 116094 102721 80902 14161 5191 8970 4719 1316 4251 3565 696 21819 4616 3306
internal_count=350775 173189 156031 177586 140917 17158 134705 2307 983 663 132398 122280 10118 6186 4963 1223 116094 102721 80902 14161 5191 8970 4719 1316 4251 3565 696 21819 4616 3306
is_linear=0
shrinkage=0.05


Tree=52
num_leaves=31
num_cat=0
split_feature=9 13 12 14 12 14 13 14 13 12 15 12 12 14 13 10 14 8 16 13 14 13 12 10 12 13 4 14 14 12
split_gain=16.8421 13.0564 10.8103 9.42916 12.9573 16.3097 9.72332 9.54444 9.08849 9.26945 8.66955 7.51309 11.5415 9.80606 7.77167 12.2415 7.51276 16.1827 17.3131 11.0267 28.1429 22.2902 17.3624 22.1746 16.0078 12.4715 11.6963 11.4241 35.9415 21.9561
threshold=0.30088169464303133 14.84500026702881 0.060339682487529529 0.017639326626862298 0.048152369041769456 0.077019604552505241 12.555000305175783 0.022588841649683337 12.00999975204468 -0.016111251712643489 -0.0034173622482293049 0.040552137472516188 0.045723592601736203 0.0091478412114857095 12.434999942779543 0.0004408774644957259 -0.077913276979976895 0.35788925720260206 -0.023679736400845138 16.469999313354496 -0.074752060061588729 16.404999732971195 0.038133523914403618 -0.005434364127880508 0.057354881634701156 17.445000648498539 0.020266703621722008 0.082844690184075601 0.063679127016071826 0.027409196484277535
decision_type=10 2 2 2 2 2 2 2 2 2 2 2 2 2 2 2 2 8 2 2 2 2 2 2 2 2 2 2 2 2
left_child=1 2 3 8 7 6 -6 -5 10 -10 -1 -11 13 14 -13 -16 17 -3 -19 20 -18 24 23 -23 27 -21 -26 28 -22 -30
right_child=-2 16 -4 4 5 -7 -8 -9 9 11 -12 12 -14 -15 15 -17 19 18 -20 25 21 22 -24 -25 26 -27 -28 -29 29 -31
leaf_value=-0.00065766687988324678 -0.0001918882460906999 0.00011196748082314604 0.00026555030082533603 -0.00019317541791803483 -0.00030423422878014767 -0.00077018585124445833 2.0953986682613096e-05 4.7130386728284526e-05 -0.00038683294958929027 0.00012167269174338226 -0.00010809026658268044 0.00019136921462969435 0.0001061405275433185 0.00016047802254438561 -0.0004583985590706794 -0.00015117238170688017 -0.00072138655497384734 -0.0012432625185724584 -0.0002191417860438597 9.5577635946305094e-05 -6.3940438679657777e-06 0.00019043070882830397 6.1559304048488411e-05 -0.00082609833518346035 -0.00027031475011149577 -4.1015500420113025e-06 -0.0021452583322174056 0.00026782177410908007 -0.00016055072356400751 -0.0005773125831553766
leaf_weight=117 16222 25107 6134 2406 791 387 1615 17669 415 47960 1041 792 11947 2025 1187 3969 840 159 683 38332 44872 407 825 1174 272 117178 134 3645 1632 806
leaf_count=117 16222 25107 6134 2406 791 387 1615 17669 415 47960 1041 792 11947 2025 1187 3969 840 159 683 38332 44872 407 825 1174 272 117178 134 3645 1632 806
internal_value=0.00021473 0.000291028 0.00077472 0.00063967 -0.000240948 -0.00343179 -0.00189942 0.000202989 0.000929622 0.0010041 -0.00346287 0.00104965 0.000233434 -0.00123981 -0.00226295 -0.0029713 8.92972e-05 0.000891942 -0.00592637 -9.82767e-06 -0.000621074 -0.000479197 -0.00518288 -0.00825111 -0.000258854 0.00020481 -0.0101478 -0.000180061 -0.000387867 -0.00630025
internal_weight=350743 334521 98455 92321 22868 2793 2406 20075 69453 68295 1158 67880 19920 7973 5948 5156 236066 25949 842 210117 54607 53767 2406 1581 51361 155510 406 50955 47310 2438
internal_count=350743 334521 98455 92321 22868 2793 2406 20075 69453 68295 1158 67880 19920 7973 5948 5156 236066 25949 842 210117 54607 53767 2406 1581 51361 155510 406 50955 47310 2438
is_linear=0
shrinkage=0.05


Tree=53
num_leaves=31
num_cat=0
split_feature=9 6 3 10 10 14 11 2 0 11 14 10 16 14 11 10 10 14 14 11 14 10 14 11 14 15 11 14 10 2
split_gain=14.6846 11.379 7.70496 9.0804 14.2616 13.5058 8.7982 8.16786 7.80634 7.52942 6.87582 11.8264 6.95773 6.32461 6.50993 9.27409 6.25222 6.03153 12.4344 10.1233 9.46674 6.35694 8.1404 8.56853 6.29881 5.91882 16.232 24.346 20.3978 8.97873
threshold=0.24975657278831923 1.409458535056225 -0.0054270616370689631 -0.0056282677308486786 -0.0055565432698074782 0.23397195059943568 -0.0021561208113907156 0.058706440887921325 -0.018967374125895272 -0.0033635921331804926 0.45247854199056486 -0.029463592833469218 -0.052298067960293453 -0.12096344977185801 0.0035059532242039952 -0.0037750757818245657 -0.020247544478179221 0.035592479952137442 0.039048416537089688 -0.005167394522302581 0.077019604552505241 0.0014914798272115395 0.044075030691926538 0.017990384035390997 0.02729978908146902 0.0073996542396942431 -0.0069171580210211072 -0.012410493039419599 0.0063034677603397435 0.0021737902794145563
decision_type=10 2 2 2 2 2 2 2 2 2 2 2 2 2 2 2 2 2 2 2 2 2 2 2 2 2 2 2 2 2
left_child=1 2 3 5 6 -1 9 -8 -4 -5 11 12 -7 -10 15 -15 -13 24 -19 -20 21 -21 23 -23 25 -6 27 -27 -29 -30
right_child=-2 -3 8 4 17 10 7 -9 13 -11 -12 16 -14 14 -16 -17 -18 18 19 20 -22 22 -24 -25 -26 26 -28 28 29 -31
leaf_value=0.00012323932804687604 -0.00011890419532345973 -7.0434280328479136e-05 -6.090590840150613e-05 -0.00049303946949706115 1.3644325403165558e-06 -0.0013707319503634126 -0.00031357405650605185 -0.0010682478126141399 0.00019805680644879384 0.00013115182228120927 0.00011380445585588205 0.00016041387708514408 -0.0012908081200295783 8.176751310144785e-05 6.9386381287456689e-05 -1.1002801070213255e-05 -0.00041775349677199039 -0.00039731059095298945 0.0003631463752554051 2.6800422230773041e-05 -0.00042900656087791221 -0.00035591276860670557 0.00012246129301458252 -0.00087036372601368296 0.00022640025939938527 -0.00035535433084690283 -2.3504481744758936e-05 0.00030970898460337356 -0.0039551771095135838 -0.0015449418747556058
leaf_weight=15137 24853 34122 13679 243 20617 132 89 80 8108 231 447 397 101 32200 125797 61220 444 774 1111 2665 997 341 353 185 2029 906 3467 83 157 51
leaf_count=15137 24853 34122 13679 243 20617 132 89 80 8108 231 447 397 101 32200 125797 61220 444 774 1111 2665 997 341 353 185 2029 906 3467 83 157 51
internal_value=0.000222583 0.000311853 0.000412802 -0.000145287 -0.000609529 0.000812823 -0.007986 -0.0177811 0.000530987 -0.00449367 -0.0036785 -0.0058473 -0.0158155 0.000600792 0.000550072 0.00023389 -0.00308561 -0.000468935 -0.00184718 -0.00103326 -0.00207994 -0.000869074 -0.00455631 -0.0084981 -0.000144635 -0.000359756 -0.00196827 -0.0069883 -0.0195704 -0.0279327
internal_weight=351016 326163 292041 51037 34379 16658 643 169 241004 474 1521 1074 233 227325 219217 93420 841 33736 6426 5652 4541 3544 879 526 27310 25281 4664 1197 291 208
internal_count=351016 326163 292041 51037 34379 16658 643 169 241004 474 1521 1074 233 227325 219217 93420 841 33736 6426 5652 4541 3544 879 526 27310 25281 4664 1197 291 208
is_linear=0
shrinkage=0.05


Tree=54
num_leaves=31
num_cat=0
split_feature=4 11 16 9 6 14 12 6 11 16 8 11 13 15 13 13 10 9 16 15 11 12 13 13 10 16 10 11 11 11
split_gain=13.5757 8.21379 7.44245 6.71752 6.4115 5.30832 5.25052 5.18795 4.65986 6.55898 4.6553 4.36741 8.13716 6.715 5.86612 5.08066 6.87657 7.54385 4.3829 4.34528 4.82206 4.22837 6.31881 6.65505 5.97227 12.248 11.5017 7.53973 8.78898 21.7304
threshold=0.021618257754451652 0.039736199013419633 0.080975863928051353 0.20301526372482628 -0.046817283036781003 -0.048976395362543328 0.12700674672189441 1.9452811647603971 0.045591167028525621 -0.027462600259401834 -0.16831456849003826 0.0029094650612268018 12.325000286102297 -0.0043829160601341335 15.944999694824221 16.095000267028812 0.009588523086034308 -0.23190632336193648 -0.0076366982561871235 -0.0028927427979893445 -0.028186654574093969 0.030225139979897734 20.335000038146976 19.520000457763675 0.0075490953385423118 0.065604259610595697 0.0074825257104576002 -0.013624975324509013 0.009090553623087862 0.008381662460648533
decision_type=2 2 2 10 2 2 2 2 2 2 10 2 2 2 2 2 2 10 2 2 2 2 2 2 2 2 2 2 2 2
left_child=4 2 3 7 11 -3 19 21 9 -7 -9 12 13 -1 -13 16 17 -16 -14 -5 -21 24 23 -23 26 -26 27 -2 29 -29
right_child=1 5 -4 6 -6 8 -8 10 -10 -11 -12 14 18 -15 15 -17 -18 -19 -20 20 -22 22 -24 -25 25 -27 -28 28 -30 -31
leaf_value=-0.00036677581538231311 5.3606368309069747e-05 0.00039184496232276051 -0.00086599968571382979 -0.00024611730324351289 1.8669456262970965e-05 -0.0024543363171260417 -0.00094992327234304024 -0.00053171629945901759 -3.6845533400364571e-05 0.0003460527802505481 -0.00010452043268423982 0.00011759705499714697 8.8809356267757709e-05 -9.8908073269384032e-05 -0.00052241485538329644 5.2985167923702716e-05 0.00027811175050547948 -8.8320949690432396e-05 2.4541330828458533e-06 -0.00090699170760295182 -3.5458857834897848e-05 4.6310935495470072e-05 0.00032763933437134529 -0.00025732558058161092 8.350909966598078e-05 -0.0016064891874241255 -0.00048032779859472069 -8.0268803093817669e-05 3.5888495611728272e-05 -0.00083792287160240153
leaf_weight=107 26304 2952 156 8301 62960 52 102 1126 4273 2345 10304 32452 17240 562 244 18339 379 575 19152 283 18052 40844 3486 1122 19448 50 665 36944 20751 1265
leaf_count=107 26304 2952 156 8301 62960 52 102 1126 4273 2345 10304 32452 17240 562 244 18339 379 575 19152 283 18052 40844 3486 1122 19448 50 665 36944 20751 1265
internal_value=0.000235367 -3.65898e-05 -0.000109063 -0.000100054 0.00059108 0.00138848 -0.000834393 2.09171e-05 0.000607197 0.00237171 -0.00100612 0.000864121 0.000449394 -0.00501495 0.00115976 0.000475252 -0.00267947 -0.00525641 0.000549846 -0.000791034 -0.000361331 9.87217e-05 0.000501848 0.000331936 -7.50755e-05 0.000714945 -0.000254338 -0.000203251 -0.0005173 -0.00096718
internal_weight=350835 198825 189203 189047 152010 9622 26738 162309 6670 2397 11430 89050 37061 669 51989 19537 1198 819 36392 26636 18335 150879 45452 41966 105427 19498 85929 85264 58960 38209
internal_count=350835 198825 189203 189047 152010 9622 26738 162309 6670 2397 11430 89050 37061 669 51989 19537 1198 819 36392 26636 18335 150879 45452 41966 105427 19498 85929 85264 58960 38209
is_linear=0
shrinkage=0.05


Tree=55
num_leaves=31
num_cat=0
split_feature=9 6 0 10 10 10 10 10 14 12 12 8 14 14 14 9 12 14 8 10 14 16 10 15 14 14 10 15 14 10
split_gain=13.4119 10.0787 8.52981 9.29176 7.55982 9.69069 8.46026 17.5534 20.7284 8.33889 9.47778 7.04755 6.93836 6.61801 20.8037 6.5822 5.85257 17.099 6.52392 5.79191 7.72939 14.8573 13.4328 9.65254 6.79511 6.15852 9.0726 10.1426 9.01011 7.61999
threshold=0.27812077165207033 1.4993264088726381 -0.011858841807808383 0.025167554774320647 -0.0056282677308486786 -0.0052692990008561527 -0.013932241848525038 -0.014256563971479506 0.13242625205871941 -0.028754212853801194 -0.030461524413172677 -0.15696942580290804 -0.12096344977185801 0.077019604552505241 0.081032983629692037 -0.084866037932714619 -0.067575688865902969 0.23397195059943568 0.16787915076534179 0.018351280015906694 -0.098691693357393515 -0.023679736400845138 0.013109339753378581 0.010711236843204965 -0.077913276979976895 -0.054330610723124943 0.0092143531748835068 0.036806202796793593 -0.037220785866969024 0.012727043065882683
decision_type=10 2 2 2 2 2 2 2 2 2 2 10 2 2 2 10 2 2 8 2 2 2 2 2 2 2 2 2 2 2
left_child=1 2 3 4 6 -6 7 9 -9 10 16 -3 -4 -7 -15 -12 -1 18 -18 20 21 22 -14 -24 -22 26 -26 -28 -27 -30
right_child=-2 11 12 -5 5 13 -8 8 -10 -11 15 -13 19 14 -16 -17 17 -19 -20 -21 24 -23 23 -25 25 28 27 -29 29 -31
leaf_value=0.00019640846654190767 -0.00014206033436007097 -0.00040607633210190132 0.0001830950136207913 -0.00091337178940368701 -0.00039284109876561103 -3.3813806726204539e-05 0.00013509233777983629 -0.00017601773401009185 -0.0013656516800747802 0.00016388784995625266 4.248340857340374e-05 -4.3278153121159606e-05 -0.00024313890159372481 -0.00067543863601155418 4.869176693376429e-05 -0.0013978130780387332 4.7818117063567914e-05 -0.00093141775490061601 -0.00052416019864600803 0.00033346695097911933 0.00018047967892000755 -3.2870570014641603e-05 -0.001406544348614475 -0.00038369464267461141 -8.8476710588458529e-05 0.00013903616129832367 9.6543280697161627e-05 -0.0011979715340444186 3.4952777063767153e-05 -0.00023485011309576549
leaf_weight=1505 19414 2214 8813 64 1065 30241 12397 330 181 4196 58 29987 377 432 873 114 2062 410 509 2836 9063 3832 92 176 14212 24978 8390 42 170188 1858
leaf_count=1505 19414 2214 8813 64 1065 30241 12397 330 181 4196 58 29987 377 432 873 114 2062 410 509 2836 9063 3832 92 176 14212 24978 8390 42 170188 1858
internal_value=0.000222408 0.000297214 0.000387646 -0.000178463 -0.000156052 -0.000637668 0.000565665 -0.000568606 -0.00957926 -4.85654e-05 -0.00150494 -0.000543306 0.000513504 -0.0004793 -0.00396552 -0.0130233 -0.00106331 -0.00234653 -0.000834306 0.000462075 0.000434762 -0.00162274 -0.00864341 -0.0172015 0.000475034 0.000419679 -0.000361243 0.000938093 0.00050943 0.000380596
internal_weight=350909 331495 299294 54437 54373 32611 21762 9365 511 8854 4658 32201 244857 31546 1305 172 4486 2981 2571 236044 233208 4477 645 268 228731 219668 22644 8432 197024 172046
internal_count=350909 331495 299294 54437 54373 32611 21762 9365 511 8854 4658 32201 244857 31546 1305 172 4486 2981 2571 236044 233208 4477 645 268 228731 219668 22644 8432 197024 172046
is_linear=0
shrinkage=0.05


Tree=56
num_leaves=31
num_cat=0
split_feature=13 14 5 10 10 13 14 10 10 5 11 11 7 14 9 11 13 14 14 15 6 13 14 11 14 15 10 11 4 11
split_gain=12.4729 9.04421 8.99131 8.42887 9.73069 11.4774 14.0161 24.3285 18.4891 12.5445 9.03681 8.36151 8.3548 7.62517 12.6958 7.22109 7.78516 9.45146 22.7686 13.8943 7.84383 7.00274 6.96532 21.1549 12.6084 15.8392 8.84231 6.89629 7.01052 6.80854
threshold=14.84500026702881 0.013234785210327617 0.028602337035684756 0.0044510746205346239 -0.0067699040568550131 14.194999694824221 0.033484849976317961 9.4848672244407531e-05 -0.0015128892650588253 0.013223570266752116 0.010391715368283873 0.018701794148615284 -0.017084532828664008 0.039367313902779928 0.2926076945986002 0.039736199013419633 14.994999885559084 -0.0066427814256201914 -0.056395923843761568 0.012525048814637786 0.93420225846195259 14.870000362396242 0.0053913947730825926 -0.018933326059028085 0.005094684764536229 0.00036073038016437581 0.013109339753378581 -0.0035220660232809227 0.019185422551170801 0.01494126067256807
decision_type=2 2 2 2 2 2 2 2 2 2 2 2 2 2 10 2 2 2 2 2 2 2 2 2 2 2 2 2 2 2
left_child=1 22 15 4 -3 6 11 8 10 -10 -8 -6 -13 14 27 16 17 18 -2 29 -18 -4 23 -1 -25 -26 -24 28 -7 -20
right_child=2 3 21 -5 5 13 7 -9 9 -11 -12 12 -14 -15 -16 -17 20 -19 19 -21 -22 -23 26 24 25 -27 -28 -29 -30 -31
leaf_value=-0.00086791064675256074 0.00015741150099894975 0.00020113889650352006 -0.0029376124238492045 0.00024812306622399265 3.9862076548054759e-05 0.00010138428705257464 -0.00028222707738662073 3.1048609743789983e-05 -0.00034648423748060044 -0.00093509722928877413 3.7115040194222895e-05 -0.00069586260453968253 -9.4965641560773714e-05 0.00022519383369338418 -0.00077405908854111336 0.00013851095819691648 1.9818966973739503e-05 0.0001033138261522745 -0.00047726272466110825 -0.0012896692366984252 -7.4851205069263551e-05 -0.0001858339495598292 0.00022269131900549001 8.089105739749131e-05 -0.0021060399486502301 -0.00028832655136907452 -0.00049456700426252025 0.00015162317727479628 -0.00047755423605115675 -0.00031327622067908929
leaf_weight=428 1210 3775 64 2921 6305 754 2519 2936 477 383 849 149 694 3801 198 9273 181478 1643 753 81 36704 15347 8881 64977 77 777 422 1558 855 840
leaf_count=428 1210 3775 64 2921 6305 754 2519 2936 477 383 849 149 694 3801 198 9273 181478 1643 753 81 36704 15347 8881 64977 77 777 422 1558 855 840
internal_value=0.000211019 0.000671223 1.80484e-05 -9.33483e-05 -0.000387479 -0.000798957 -0.00161682 -0.00317979 -0.00560785 -0.0121512 -0.00393705 -5.03636e-05 -0.00472716 0.000834496 -0.00089896 9.57404e-05 3.88177e-05 -0.00201347 -0.00373786 -0.00751493 8.14001e-05 -0.00115145 0.000956301 0.000776423 0.000848461 -0.00518735 0.00223745 -0.000131039 -0.00242697 -0.00648776
internal_weight=351129 103736 247393 28174 25253 21478 14312 7164 4228 860 3368 7148 843 7166 3365 231982 222709 4527 2884 1674 218182 15411 75562 66259 65831 854 9303 3167 1609 1593
internal_count=351129 103736 247393 28174 25253 21478 14312 7164 4228 860 3368 7148 843 7166 3365 231982 222709 4527 2884 1674 218182 15411 75562 66259 65831 854 9303 3167 1609 1593
is_linear=0
shrinkage=0.05


Tree=57
num_leaves=31
num_cat=0
split_feature=5 11 6 4 10 10 13 9 10 16 13 9 13 11 11 16 10 11 10 11 3 10 15 16 5 10 0 10 11 10
split_gain=11.4679 7.20298 6.67472 5.10929 5.75216 22.498 7.21196 5.96678 9.40476 20.0927 6.39489 20.9246 8.03572 7.99945 6.4073 6.38311 6.30183 8.02175 5.28317 6.18338 6.14942 5.16973 6.69982 9.20851 4.91007 4.79793 8.17471 6.54952 5.58283 13.2509
threshold=0.013350549266787142 0.039736199013419633 0.76560565404887015 0.013257534910139744 0.0044510746205346239 0.0043510585935800936 20.335000038146976 0.15002265766645798 0.0040309091899630731 -0.0048979519149446307 13.194999694824221 0.44883315979430988 14.175000190734865 0.019286705415067943 -0.021422943055800999 -0.01100956009185655 -0.015857538372193832 -0.018933326059028085 0.010510737947986739 -0.012843892369582886 0.013941730950501443 -0.0025114864112490416 -0.012225353470129983 -0.044475242112837925 0.043871709698519799 -0.0066375346949278371 -0.0086316229758447421 0.025167554774320647 -0.028186654574093969 0.00048355916176134889
decision_type=2 2 2 2 2 2 2 8 2 2 2 8 2 2 2 2 2 2 2 2 2 2 2 2 2 2 2 2 2 2
left_child=3 2 25 -1 5 7 -7 -5 10 -10 11 15 -12 -13 -14 -9 17 -16 -6 20 -20 -18 -23 -24 -4 -2 27 -27 29 -28
right_child=1 -3 24 4 18 6 -8 8 9 -11 12 13 14 -15 16 -17 21 -19 19 -21 -22 22 23 -25 -26 26 28 -29 -30 -31
leaf_value=0.00012584936602212744 6.875751190863124e-05 0.00013123553365334179 -8.5092380696849524e-05 4.4520106295048685e-05 0.00010421537621818491 -0.00046336552318927411 -0.0003244719058104934 -0.00037671541666030035 -0.00053703883658548501 -4.7436952626838888e-05 0.00010557641425498648 -0.00032840507319211246 0.00016259865647584953 -0.00055780008080016398 -0.00052605698065230481 7.1253906460218047e-05 3.3942096236263087e-05 -6.1531287086646113e-05 -0.00018471719951521992 2.3428689457237209e-05 -0.00090547492989291102 -0.0003395930825265622 -0.0014265968114105115 -6.6982079942966353e-05 -0.0012921161457770869 -8.5836665395525404e-05 0.00022816235155408241 -0.00085126633356244767 1.9559582575572202e-05 -0.00050405602342985432
leaf_weight=9605 25729 9586 34407 61133 31680 235 220 250 353 843 7935 495 3525 260 281 2391 10802 502 759 11077 41 234 43 10705 425 28294 1292 68 95954 1487
leaf_count=9605 25729 9586 34407 61133 31680 235 220 250 353 843 7935 495 3525 260 281 2391 10802 502 759 11077 41 234 43 10705 425 28294 1292 68 95954 1487
internal_value=0.000227617 -2.45382e-05 -9.28292e-05 0.000551904 0.00047731 0.000268794 -0.0108242 0.000319392 -0.000167146 -0.00453177 -2.76566e-05 -0.00209658 0.000178829 -0.00943709 -0.000244902 1.89341e-06 -0.000554571 -0.00496169 0.000957022 5.76747e-05 -0.0041875 -0.000396162 -0.00116008 -0.000977856 -0.000717444 4.95343e-05 -7.65174e-05 -0.000824695 0.000138404 -0.00207089
internal_weight=350611 197242 187656 153369 143764 100207 455 99752 38619 1196 37423 3396 34027 755 26092 2641 22567 783 43557 11877 800 21784 10982 10748 34832 152824 127095 28362 98733 2779
internal_count=350611 197242 187656 153369 143764 100207 455 99752 38619 1196 37423 3396 34027 755 26092 2641 22567 783 43557 11877 800 21784 10982 10748 34832 152824 127095 28362 98733 2779
is_linear=0
shrinkage=0.05


Tree=58
num_leaves=31
num_cat=0
split_feature=6 5 10 12 4 12 13 15 12 12 13 3 5 12 10 12 13 10 10 15 12 5 5 11 13 12 12 14 11 12
split_gain=10.8623 7.54896 5.76418 7.32273 5.71306 5.04865 4.93185 8.65455 4.65455 11.5111 10.6822 6.55058 4.52452 4.36029 4.3298 8.58588 15.8917 6.88599 6.28695 4.26902 4.43924 6.57742 4.11581 4.09766 4.44368 6.01541 4.96478 5.83142 7.74048 5.64098
threshold=-0.31896493580706015 0.021751464279710763 0.0091157709324108955 0.057354881634701156 0.029418918963525185 -0.0800835440536906 12.00999975204468 -0.003329644931570785 -0.029235256213089252 -0.031853189963288557 21.409999847412113 -0.0083201936339798426 0.050188040596281513 -0.025840768177680992 -0.017312000709356064 -0.007281546892151213 31.844999313354496 -0.01645938155843862 -0.029463592833469218 0.0017548519489558603 -0.039440805252848314 0.011767522828600748 0.012651143442835583 0.037935675142188215 14.684999942779543 0.060736878271406176 0.040552137472516188 0.017639326626862298 0.0086648662449935205 0.051846022032751578
decision_type=2 2 2 2 2 2 2 2 2 2 2 2 2 2 2 2 2 2 2 2 2 2 2 2 2 2 2 2 2 2
left_child=2 14 4 -4 6 -6 7 -1 9 12 -11 -12 -7 -10 15 16 18 -16 22 20 -20 -22 -2 24 25 26 27 28 -19 -28
right_child=1 -3 3 -5 5 8 -8 -9 13 10 11 -13 -14 -15 17 -17 -18 23 19 -21 21 -23 -24 -25 -26 -27 29 -29 -30 -31
leaf_value=-0.00065304062036065078 -0.00099061511376346049 -0.0001557998378795007 0.00014280542496256476 -0.0001172929311643091 0.00083701432990222291 -5.6937957566016558e-05 4.8021210756865451e-05 -5.9747586357798561e-05 0.00053847729771814559 -0.00039105975037947993 -0.0035286876236201798 -0.0010984927987912039 -0.0013162298259359172 -1.3358159695912428e-05 0.00027852109520298281 0.00011668387898315009 0.00021359597797691957 0.00018843256134974383 -0.0002728165524469802 0.0001265701955914865 -0.00067976535690243863 -0.00070513682303677467 -0.00088274070385194442 0.0001511053209526459 -1.168212078562075e-05 0.00026056301513026342 -9.3138142900667633e-05 -3.3748314806234225e-05 2.0847314768463988e-05 9.3330718134634782e-05
leaf_weight=104 51 24213 18391 1949 725 4676 102148 829 1113 332 73 53 124 27439 1929 2152 746 9640 884 177 80 391 253 4889 109716 2805 10255 8820 11667 4268
leaf_count=104 51 24213 18391 1949 725 4676 102148 829 1113 332 73 53 124 27439 1929 2152 746 9640 884 177 80 391 253 4889 109716 2805 10255 8820 11667 4268
internal_value=0.00020237 -4.93426e-05 0.000509826 0.00129548 0.000393704 -0.000162878 0.000580175 -0.00303858 -0.000251405 -0.00161849 -0.00919214 -0.0215873 -0.000895833 3.50424e-07 6.91372e-05 -0.00142163 -0.00336561 0.000112172 -0.00586601 -0.00456266 -0.0055166 -0.00943737 -0.0124342 7.68236e-05 3.24807e-05 0.00043673 0.000295633 0.000661699 0.00110926 -0.000463747
internal_weight=350892 192936 157956 20340 137616 34535 103081 933 33810 5258 458 126 4800 28552 168723 4734 2582 163989 1836 1532 1355 471 304 162060 157171 47455 44650 30127 21307 14523
internal_count=350892 192936 157956 20340 137616 34535 103081 933 33810 5258 458 126 4800 28552 168723 4734 2582 163989 1836 1532 1355 471 304 162060 157171 47455 44650 30127 21307 14523
is_linear=0
shrinkage=0.05


Tree=59
num_leaves=31
num_cat=0
split_feature=9 6 3 8 12 13 16 3 16 13 5 14 13 13 13 12 12 12 3 0 8 14 14 13 9 14 16 5 12 14
split_gain=10.2664 8.71781 7.36932 7.14595 13.1773 13.4412 8.17685 7.98928 7.71014 7.16883 6.13053 5.32037 5.28032 4.76988 6.04599 5.23074 9.02804 11.8796 4.76716 4.35076 4.13579 5.32449 5.51436 5.90454 4.95984 3.912 3.90555 6.86429 3.83289 6.123
threshold=0.18310370104978993 -0.56606213755584478 -0.003548831558206011 -0.20430265838763614 -0.038623236339942461 24.855000495910648 -0.046234312148802463 0.013941730950501443 -0.023679736400845138 18.82499980926514 0.0096247459170863501 -0.076646614085351103 29.835000038146976 14.465000152587892 14.494999885559084 0.017899490409286182 0.020963092201194859 0.020115024475367619 -0.0033891473804950052 0.011219169726631397 0.058427216369961406 -0.076646614085351103 -0.055909224672121997 21.82499980926514 0.96496965164964477 0.066949900513338614 -0.064834121283380716 0.016423372445495608 0.030225139979897734 -0.074752060061588729
decision_type=10 2 2 10 2 2 2 2 2 2 2 2 2 2 2 2 2 2 2 2 10 2 2 2 10 2 2 2 2 2
left_child=1 2 19 4 5 6 18 -8 -9 -6 -5 -12 -7 15 -15 -2 17 -17 -3 -1 21 -16 23 -23 -22 -26 -20 -28 29 -13
right_child=13 3 -4 10 9 12 7 8 -10 -11 11 28 -14 14 20 16 -18 -19 26 -21 24 22 -24 -25 25 -27 27 -29 -30 -31
leaf_value=1.0747434950609479e-05 0.00029712318738986366 -0.0028519572548557554 7.7634901048693404e-05 6.4202603380478237e-05 -0.00021554686709806742 0.00052798131627914845 -0.00026485045245869032 -0.0014175488194302904 -0.00044711776468382323 0.00012027150120348899 9.0500127213922696e-05 -0.00074564812449998108 -0.00046562304882685767 -0.0005936812623980372 0.00018295497773819028 -0.00016258015418787816 2.2038731571168094e-05 -0.0011805097526903074 -0.00050269700329336046 -0.00027082392234240032 -2.3523831317932653e-05 -0.00048386398142802274 -0.00017227626411293431 -0.0020942549617545903 -0.00052402015510492873 -0.0013126126381317795 -0.00053155592598921886 -0.0015973335702239449 3.2380865806599299e-05 -1.495608687703003e-05
leaf_weight=21383 1594 112 72594 22033 3074 540 977 65 111 5014 17111 545 411 341 1102 418 12052 121 112 1464 20569 676 7804 73 757 141 60 45 55299 104302
leaf_count=21383 1594 112 72594 22033 3074 540 977 65 111 5014 17111 545 411 341 1102 418 12052 121 112 1464 20569 676 7804 73 757 141 60 45 55299 104302
internal_value=0.00020077 0.000305354 0.000701533 0.000125137 -0.00114485 -0.00437115 -0.00734818 -0.00536427 -0.0151705 -0.000174332 0.000192182 9.44111e-05 0.000268139 -0.000498598 -0.000841782 0.000262602 -7.90245e-05 -0.00641002 -0.0143009 -8.16298e-05 -0.000769231 -0.00162869 -0.00205016 -0.0061482 -0.00038268 -0.00402004 -0.00997696 -0.0169048 4.87074e-06 -0.000172775
internal_weight=350900 305252 95441 209811 10521 2433 1482 1153 176 8088 199290 177257 951 45648 31463 14185 12591 539 329 22847 31122 9655 8553 749 21467 898 217 105 160146 104847
internal_count=350900 305252 95441 209811 10521 2433 1482 1153 176 8088 199290 177257 951 45648 31463 14185 12591 539 329 22847 31122 9655 8553 749 21467 898 217 105 160146 104847
is_linear=0
shrinkage=0.05


Tree=60
num_leaves=31
num_cat=0
split_feature=13 12 12 12 14 0 12 10 10 15 6 13 15 11 11 12 13 15 3 11 12 12 10 15 15 14 9 3 14 12
split_gain=9.30298 9.91452 8.86047 8.31173 9.52623 13.9666 9.28672 10.5063 14.209 9.84788 7.69225 11.1043 12.3849 10.4803 17.2635 7.63124 7.42554 11.9175 8.86565 7.05082 8.72487 8.43252 7.60134 9.77236 7.43856 7.31509 8.64736 6.76502 6.56212 18.7176
threshold=14.84500026702881 0.060736878271406176 -0.016111251712643489 0.040552137472516188 0.077019604552505241 0.0041525676592636404 0.044456917101200373 -0.0029081479641121506 0.00063379839939814453 0.01738721296376489 1.5432457640453958 14.994999885559084 -0.0095177479355243438 0.011605230504387444 0.00081108963534770606 0.039147441209038576 14.904999732971193 0.0054489531806593003 -0.0036384649103776696 0.022126128293985085 0.050860094870715973 0.047942658028525827 0.010510737947986739 -0.003329644931570785 -0.021925391252584522 0.035592479952137442 0.1759633897193971 -0.0013278812515779002 0.014555585659076444 0.037528575282214767
decision_type=2 2 2 2 2 2 2 2 2 2 2 2 2 2 2 2 2 2 2 2 2 2 2 2 2 2 8 2 2 2
left_child=1 2 -1 15 6 -6 7 -5 -9 -10 11 12 -2 14 -14 28 18 -18 -16 21 -21 24 25 -24 -8 -23 -27 -11 -4 -30
right_child=10 -3 3 4 5 -7 19 8 9 27 -12 -13 13 -15 16 -17 17 -19 -20 20 -22 22 23 -25 -26 26 -28 -29 29 -31
leaf_value=-0.00043232941221702751 -0.0025226287934636865 0.00024050265458140587 8.5314033343497847e-05 0.00016144584582251779 -0.00015965102555598153 -0.00098107649258085479 -0.00085939646396180594 -0.00046931092673681112 -4.4484551986068984e-05 -0.00052911063775797974 -0.0001081060623171287 1.613817419604481e-05 7.1415959205890589e-06 3.7771908064855299e-05 -0.0013966461725001857 0.0003308087274603504 -0.00040620661608288647 -0.00090473837339388415 0.00016589354895380005 -0.00020070917571039963 0.00012263856533532771 9.9862364545093806e-05 -0.00029202757348245227 -8.1439418747679588e-05 0.00044125244078208926 -0.0002700332585822559 0.00013498905205382348 -0.00050412456987333667 1.8110641999106276e-05 -0.0003271853611473526
leaf_weight=427 223 5905 47374 1713 607 247 55 1267 4248 64 23885 217595 1199 3055 86 2967 655 164 283 2516 2103 9651 77 349 3352 688 566 300 18608 869
leaf_count=427 223 5905 47374 1713 607 247 55 1267 4248 64 23885 217595 1199 3055 86 2967 655 164 283 2516 2103 9651 77 349 3352 688 566 300 18608 869
internal_value=0.000200201 0.000597049 0.000477215 0.000508651 -0.000222458 -0.00542155 -5.77014e-05 -0.00153978 -0.0025438 -0.00125542 3.32802e-05 0.000124519 -0.0020609 -0.00158765 -0.00406996 0.000799794 -0.00834175 -0.0109951 -0.00245257 0.000523583 -0.00118099 0.00105781 0.000401995 -0.00615023 0.00323892 0.000657955 -0.00293461 -0.00914835 0.000689668 -8.29181e-05
internal_weight=351098 103953 98048 97621 27803 854 26949 7592 5879 4612 247145 223260 5665 5442 2387 69818 1188 819 369 19357 4619 14738 11331 426 3407 10905 1254 364 66851 19477
internal_count=351098 103953 98048 97621 27803 854 26949 7592 5879 4612 247145 223260 5665 5442 2387 69818 1188 819 369 19357 4619 14738 11331 426 3407 10905 1254 364 66851 19477
is_linear=0
shrinkage=0.05


Tree=61
num_leaves=31
num_cat=0
split_feature=4 5 14 10 10 11 6 14 14 11 11 16 14 11 8 14 11 14 14 12 11 10 11 14 11 16 12 12 10 11
split_gain=9.8056 6.32947 6.27687 6.86342 25.8158 11.4757 5.1232 5.69796 7.08755 11.1099 8.22934 7.89791 6.20466 21.1678 9.22971 5.24825 8.43068 6.90874 10.0832 6.82565 9.8942 24.1249 20.1706 16.2871 28.9791 11.549 11.4642 11.6685 12.1149 11.1559
threshold=0.021545036194397817 0.043871709698519799 -0.11544121967691799 0.017102322993862277 0.015605159278572868 0.019286705415067943 1.9452811647603971 -0.069419882954705067 -0.055141973533754989 -0.013909745802050731 -0.031453464626615406 -0.052298067960293453 -0.056395923843761568 0.0093910494145468277 -0.022082861085446211 -0.037220785866969024 -0.022354679901405047 -0.039568606403770572 -0.041747258744347641 -0.0021779841828679087 0.011634052199270497 -0.0026563835490860939 -0.013624975324509013 0.12115074894469659 0.008381662460648533 -0.014573234792281229 -0.025840768177680992 -0.039440805252848314 0.0063034677603397435 0.0057609593190406381
decision_type=2 2 2 2 2 2 2 2 2 2 2 2 2 2 10 2 2 2 2 2 2 2 2 2 2 2 2 2 2 2
left_child=-1 2 -2 4 6 -6 7 -4 9 10 -9 -12 -11 -14 -15 17 -17 18 -10 20 21 23 -23 -18 25 -25 27 -24 -29 -28
right_child=1 -3 3 -5 5 -7 -8 8 15 12 11 -13 13 14 -16 16 19 -19 -20 -21 -22 22 26 24 -26 -27 29 28 -30 -31
leaf_value=3.7622267478166372e-05 0.00012215999846699237 -0.00055331328703324672 0.00010800742027268166 0.00026634780314132819 -0.00086103585946361357 -3.4144624188809083e-05 -0.00018171433364579109 0.00038880645040625521 9.7801362548185383e-05 -4.0889644022918922e-06 -0.0017149506311306927 -0.00056766731797207868 0.00023131381075009434 -0.001370483713686985 -0.00041406051383606506 0.0001213699301469026 0.00012292589624594808 0.00035876453579998437 -0.0003468326801808854 -3.4364190695131142e-06 7.4158206015413188e-05 0.00016360062523593862 -0.00029477728260939089 -0.00035045295734066747 -0.001131821537169424 0.00012858015615215085 -0.00019843141209811128 -0.00045823334925495292 -0.0033460322257908483 -0.00063692087418739328
leaf_weight=150485 9661 2859 12916 3164 867 430 12424 267 11200 6415 41 1020 670 262 466 15285 8566 3546 2023 90694 5978 1481 908 2095 260 2076 3047 529 266 1042
leaf_count=150485 9661 2859 12916 3164 867 430 12424 267 11200 6415 41 1020 670 262 466 15285 8566 3546 2023 90694 5978 1481 908 2095 260 2076 3047 529 266 1042
internal_value=0.000184546 -4.4448e-05 -1.06527e-05 -7.45457e-05 -0.000114085 -0.00714341 -6.43948e-05 6.81094e-06 -7.56621e-05 -0.00142709 -0.00565512 -0.00762959 -0.000708434 -0.00372675 -0.00962912 7.2487e-06 -9.8429e-05 0.000840539 0.000314982 -0.00024277 -0.000952834 -0.00148002 -0.00378592 -0.000189659 -0.00265064 -0.00164109 -0.0051174 -0.0085643 -0.0129874 -0.00368183
internal_weight=350943 200458 197599 187938 184774 1297 183477 171053 158137 9141 1328 1061 7813 1398 728 148996 132227 16769 13223 116942 26248 20270 7273 12997 4431 4171 5792 1703 795 4089
internal_count=350943 200458 197599 187938 184774 1297 183477 171053 158137 9141 1328 1061 7813 1398 728 148996 132227 16769 13223 116942 26248 20270 7273 12997 4431 4171 5792 1703 795 4089
is_linear=0
shrinkage=0.05


Tree=62
num_leaves=31
num_cat=0
split_feature=6 5 9 13 12 14 12 12 12 13 14 14 8 7 11 16 10 11 12 12 11 8 11 13 14 10 3 16 3 10
split_gain=9.0421 8.218 5.28654 9.44041 16.2313 18.7343 10.5872 11.9652 13.6228 22.4613 14.5942 16.5593 15.2371 8.94618 8.36102 8.13895 10.912 8.06296 7.92408 9.02961 7.20664 6.11557 6.94717 10.582 6.61637 7.93587 6.28673 6.03706 5.43651 9.34043
threshold=2.0195398954123047 0.017290503884446921 0.18569036598037328 13.234999656677248 0.022857145298187723 -0.023857248245640224 -0.038623236339942461 -0.023938025174318197 -0.017557998492747081 19.625000000000004 0.018287022450050875 0.019226293465225867 0.029610158503860732 0.0023262044666383379 -0.021422943055800999 -0.024587856287700768 -0.002449885434601728 -0.01963547275857069 0.038649846154014129 0.037289246294732965 -0.0066597624727158236 0.043101964013076206 -0.0095679120508195808 20.060000419616703 0.024414321868059811 0.0011106724976560625 -0.0045636951545756079 0.020223089531680508 -0.0036384649103776696 -0.029463592833469218
decision_type=2 2 8 2 2 2 2 2 2 2 2 2 10 2 2 2 2 2 2 2 2 8 2 2 2 2 2 2 2 2
left_child=1 2 28 4 5 -4 14 -8 9 13 -10 12 -12 -9 -5 16 -16 -13 19 21 -18 22 23 26 25 -23 -19 -21 29 -1
right_child=-2 -3 3 6 -6 -7 7 8 10 -11 11 17 -14 -15 15 -17 20 18 -20 27 -22 24 -24 -25 -26 -27 -28 -29 -30 -31
leaf_value=-0.00069713031586065286 -0.00011604263715687989 -1.8102180284147498e-05 -0.00060581724681252585 0.00015750876872884414 -7.9513378958877593e-05 0.00010231228163653955 0.00020115751445925795 -0.00054436328271287629 6.8048367052157558e-05 0.00017121890621479166 -0.0010169939795316397 0.00038008566336391009 -0.00012268933738390658 -0.00018637319655829331 0.00011325068837893757 -0.00015903019754675757 -0.00095876351656470785 -0.00014402577557881278 9.2714453822824908e-05 -0.00012255711969234016 -0.0002119448126971756 -0.0004281814029609081 -9.7143168314021982e-05 0.00056099452271679367 5.261352948036246e-05 0.00019453108772354865 -0.00051462595703486737 -0.00057485554550467082 5.8292460589266349e-05 6.4634554848950495e-06
leaf_weight=270 22057 92416 455 1367 5524 257 8172 784 39116 1001 205 1667 264 516 212 2960 292 390 4223 262 175 450 4785 273 4732 268 761 138 123865 33139
leaf_count=270 22057 92416 455 1367 5524 257 8172 784 39116 1001 205 1667 264 516 212 2960 292 390 4223 262 175 450 4785 273 4732 268 761 138 123865 33139
internal_value=0.000179148 0.000244863 0.000401082 6.80768e-05 -0.00179923 -0.00890449 0.000227562 0.000390916 0.000145818 -0.00362668 0.000296694 -0.000863829 -0.0101386 -0.00796154 -0.00199161 -0.00324402 -0.00818115 -0.000621483 -0.00096057 -0.00161332 -0.0124518 -0.00135989 -0.00243276 -0.0054986 -0.000137614 -0.00461003 -0.00759774 -0.009 0.00056888 2.84373e-06
internal_weight=350996 328939 236523 79249 6236 712 73013 68007 59835 2301 57534 18418 469 1300 5006 3639 679 17949 16282 12059 467 11659 6209 1424 5450 718 1151 400 157274 33409
internal_count=350996 328939 236523 79249 6236 712 73013 68007 59835 2301 57534 18418 469 1300 5006 3639 679 17949 16282 12059 467 11659 6209 1424 5450 718 1151 400 157274 33409
is_linear=0
shrinkage=0.05


Tree=63
num_leaves=31
num_cat=0
split_feature=9 13 14 11 5 11 13 13 0 11 10 13 14 11 11 13 14 10 11 13 14 8 11 11 11 0 10 13 11 11
split_gain=9.78174 8.80397 6.64456 15.5756 6.96206 6.31606 14.2671 23.8366 11.6861 9.22219 8.88049 19.6409 14.7424 24.3331 42.7465 25.935 46.5954 33.5097 14.3539 14.0755 44.1415 14.7895 11.0103 10.5911 33.0924 12.7848 10.7027 16.5428 19.7833 9.91275
threshold=0.31951904396810454 14.84500026702881 0.077019604552505241 0.017097581194909787 0.015515856352152991 0.010968316355360443 15.034999847412111 14.960000038146974 0.015185501167765516 0.0093910494145468277 -0.0041401831937402647 15.234999656677248 -0.008595690120394071 -0.0042559755894635001 -0.0031311720849904741 17.494999885559086 -0.00055695222357982066 -0.0037750757818245657 -0.0037227155807691976 21.134999275207523 -0.012410493039419599 0.0020195860060198139 0.0026615433569360252 0.008381662460648533 0.0089565752678409955 -0.01457752980841037 -0.017312000709356064 31.844999313354496 -0.040606283895635913 -0.055970662091911087
decision_type=10 2 2 2 2 2 2 2 2 2 2 2 2 2 2 2 2 2 2 2 2 10 2 2 2 2 2 2 2 2
left_child=1 2 -1 -4 -5 6 7 9 -9 -3 11 -8 19 29 18 17 -17 -16 -15 -12 -21 -22 -18 26 25 -25 27 28 -13 -14
right_child=-2 5 3 4 -6 -7 10 8 -10 -11 12 23 13 14 15 16 22 -19 -20 20 21 -23 -24 24 -26 -27 -28 -29 -30 -31
leaf_value=5.9967774341652692e-05 -0.00015874607567415637 5.4711877581465395e-05 -1.6308043789749127e-05 -0.00039478988074039098 -0.0011641631212308363 4.4909949941881626e-05 -0.00054548919648255659 -0.00051867940151187157 -0.0017038724836195649 -0.00035131081343860057 4.6343808316227713e-05 -0.0010262891009255367 -0.00056175871313337948 -0.00011346331726995261 -0.00072258209669943127 -0.00063929254787385356 0.00015945172119153983 -9.3607680662269803e-07 -0.00081391600351423191 -8.1715475429859028e-05 -0.0030971603423663114 -0.00084816114329792707 -0.00024654946518241731 -0.001590461914640988 -1.3103461802977906e-05 -0.00057571307713114093 0.00010046416169462395 0.00035215647688512612 -0.00013976546396924855 0.00011704788107696641
leaf_weight=94877 14096 1989 4040 295 94 69186 427 670 135 397 54132 416 428 407 399 2023 2068 16526 1194 13089 262 151 3199 187 2901 246 47830 2123 5785 11371
leaf_count=94877 14096 1989 4040 295 94 69186 427 670 135 397 54132 416 428 407 399 2023 2068 16526 1194 13089 262 151 3199 187 2901 246 47830 2123 5785 11371
internal_value=0.00018939 0.00024339 0.000638733 -0.00125423 -0.0108098 7.8113e-05 -8.71668e-05 -0.00339862 -0.0108385 -0.000888516 -2.31889e-05 0.000462739 -0.000299813 -0.00109331 -0.00195305 -0.0014299 -0.00392318 -0.000355982 -0.00986571 0.000141497 -0.00130277 -0.0173971 -0.00144579 0.000539437 -0.00219856 -0.0150924 0.000701998 -0.000952667 -0.00225689 0.000787779
internal_weight=350943 336847 99306 4429 389 237541 168355 3191 805 2386 165164 59915 105249 37615 25816 24215 7290 16925 1601 67634 13502 413 5267 59488 3334 433 56154 8324 6201 11799
internal_count=350943 336847 99306 4429 389 237541 168355 3191 805 2386 165164 59915 105249 37615 25816 24215 7290 16925 1601 67634 13502 413 5267 59488 3334 433 56154 8324 6201 11799
is_linear=0
shrinkage=0.05


end of trees

feature_importances:
spy_ret_1d=288
spy_ret_5d=269
vix_chg_1d=248
vix_level=236
spy_ret_20d=227
parkinson_20=132
dvol_z_20=119
atr_pct=108
sector_ret_1d=70
dist_ma200=52
sector_ret_5d=46
dist_ma50=40
ret_1d=33
overnight_gap=33
ret_5d=9
ret_20d=5
dist_ma20=5

parameters:
[boosting: gbdt]
[objective: quantile]
[metric: quantile]
[tree_learner: serial]
[device_type: cpu]
[data_sample_strategy: bagging]
[data: ]
[valid: ]
[num_iterations: 120]
[learning_rate: 0.05]
[num_leaves: 31]
[num_threads: -1]
[seed: 0]
[deterministic: 0]
[force_col_wise: 1]
[force_row_wise: 0]
[histogram_pool_size: -1]
[max_depth: -1]
[min_data_in_leaf: 40]
[min_sum_hessian_in_leaf: 0.001]
[bagging_fraction: 0.85]
[pos_bagging_fraction: 1]
[neg_bagging_fraction: 1]
[bagging_freq: 1]
[bagging_seed: 3]
[bagging_by_query: 0]
[feature_fraction: 0.85]
[feature_fraction_bynode: 1]
[feature_fraction_seed: 2]
[extra_trees: 0]
[extra_seed: 6]
[early_stopping_round: 0]
[early_stopping_min_delta: 0]
[first_metric_only: 0]
[max_delta_step: 0]
[lambda_l1: 0]
[lambda_l2: 0]
[linear_lambda: 0]
[min_gain_to_split: 0]
[drop_rate: 0.1]
[max_drop: 50]
[skip_drop: 0.5]
[xgboost_dart_mode: 0]
[uniform_drop: 0]
[drop_seed: 4]
[top_rate: 0.2]
[other_rate: 0.1]
[min_data_per_group: 100]
[max_cat_threshold: 32]
[cat_l2: 10]
[cat_smooth: 10]
[max_cat_to_onehot: 4]
[top_k: 20]
[monotone_constraints: ]
[monotone_constraints_method: basic]
[monotone_penalty: 0]
[feature_contri: ]
[forcedsplits_filename: ]
[refit_decay_rate: 0.9]
[cegb_tradeoff: 1]
[cegb_penalty_split: 0]
[cegb_penalty_feature_lazy: ]
[cegb_penalty_feature_coupled: ]
[path_smooth: 0]
[interaction_constraints: ]
[verbosity: -1]
[saved_feature_importance_type: 0]
[use_quantized_grad: 0]
[num_grad_quant_bins: 4]
[quant_train_renew_leaf: 0]
[stochastic_rounding: 1]
[linear_tree: 0]
[max_bin: 255]
[max_bin_by_feature: ]
[min_data_in_bin: 3]
[bin_construct_sample_cnt: 200000]
[data_random_seed: 1]
[is_enable_sparse: 1]
[enable_bundle: 1]
[use_missing: 1]
[zero_as_missing: 0]
[feature_pre_filter: 1]
[pre_partition: 0]
[two_round: 0]
[header: 0]
[label_column: ]
[weight_column: ]
[group_column: ]
[ignore_column: ]
[categorical_feature: ]
[forcedbins_filename: ]
[precise_float_parser: 0]
[parser_config_file: ]
[objective_seed: 5]
[num_class: 1]
[is_unbalance: 0]
[scale_pos_weight: 1]
[sigmoid: 1]
[boost_from_average: 1]
[reg_sqrt: 0]
[alpha: 0.1]
[fair_c: 1]
[poisson_max_delta_step: 0.7]
[tweedie_variance_power: 1.5]
[lambdarank_truncation_level: 30]
[lambdarank_norm: 1]
[label_gain: ]
[lambdarank_position_bias_regularization: 0]
[eval_at: ]
[multi_error_top_k: 1]
[auc_mu_weights: ]
[num_machines: 1]
[local_listen_port: 12400]
[time_out: 120]
[machine_list_filename: ]
[machines: ]
[gpu_platform_id: -1]
[gpu_device_id: -1]
[gpu_device_id_list: ]
[gpu_use_dp: 0]
[num_gpu: 1]

end of parameters

pandas_categorical:[]
