tree
version=v4
num_class=1
num_tree_per_iteration=1
label_index=0
max_feature_idx=16
objective=quantile
feature_names=ret_1d ret_5d ret_20d overnight_gap atr_pct parkinson_20 dvol_z_20 dist_ma20 dist_ma50 dist_ma200 spy_ret_1d spy_ret_5d spy_ret_20d vix_level vix_chg_1d sector_ret_1d sector_ret_5d
feature_infos=[-0.19172985223155614:0.18932149795843878] [-0.28483374004820616:0.27337380404925371] [-0.36471202335382258:0.34792365867292774] [-0.10389114783536146:0.12312508166759351] [0.010587292844133398:0.074601047594972533] [0.0067247453358129069:0.04265877530798446] [-3.0128863268270352:4.3215530107887083] [-0.23946115096258858:0.21816062945191872] [-0.3133107431285268:0.29236096054659844] [-0.50194308735897819:0.44978944550552846] [-0.058542971330535654:0.10501930183911301] [-0.11496151859245618:0.082843162776128354] [-0.1226559005192206:0.15756591020035837] [11.859999656677246:52.330001831054688] [-0.35753873962348437:0.74039073966007019] [-0.045565914362008186:0.057443288787383029] [-0.11461315937536976:0.085316917045247465]
tree_sizes=2880 2969 2963 2994 2985 2991 2973 2994 2987 2987 2991 2988 3014 2985 2994 2992 2976 3011 2990 2985 2982 2995 3029 2999 2989 2959 2989 2998 2961 2998 2992 2973 3022 3010 2991 2990 3003 2989 2982 2999 3024 2975 3016 3007 2986 3009 2997 3027 3014

Tree=0
num_leaves=31
num_cat=0
split_feature=13 5 13 9 3 4 16 6 6 10 15 15 10 16 12 10 15 6 12 15 14 5 13 15 15 14 16 10 14 15
split_gain=31.1905 15.2323 10.7315 7.42489 5.04167 4.46044 3.49767 3.27829 2.98149 2.77267 4.01275 5.18971 3.29776 3.13134 4.53227 5.44307 2.39246 3.02284 2.76159 2.31489 2.06346 1.93458 2.17741 1.90011 2.47863 2.78468 9.89869 1.86584 4.36872 2.78261
threshold=33.719999313354499 0.012909134646501398 39.645000457763679 -0.066257546606659265 -0.006042286017182096 0.030149798484160543 -0.065169216229391022 -0.046969198150126144 -0.17417326608866074 0.010591445370862431 0.005548705561548962 0.0030862552647784596 0.00034889263673931753 -0.0067367633357558456 0.040838161547757219 -0.00098146470718468693 -0.0033788530114772781 -1.0279169853942909 -0.018675976456826889 -0.015207941714308114 -0.073050802278400592 0.010995421340008391 12.230000019073488 0.024734503977817294 0.0082695077080976471 -0.067583665573298909 0.022475893036316589 -0.013327781970057238 0.13518549268873961 -0.018487970019354146
decision_type=2 2 2 8 2 2 2 2 2 2 2 2 2 2 2 2 2 2 2 2 2 2 2 2 2 2 2 2 2 2
left_child=1 6 -2 9 -4 7 -1 -5 -8 12 11 -11 13 14 15 27 17 -7 -19 -9 -12 -10 -23 24 25 26 -21 28 29 -3
right_child=2 3 4 5 -6 16 8 19 21 10 20 -13 -14 -15 -16 -17 -18 18 -20 23 -22 22 -24 -25 -26 -27 -28 -29 -30 -31
leaf_value=0.018068140298863344 0.018497462229839768 0.019340037331286287 0.017783158258816257 0.017685178127858192 0.02099209358374594 0.018363366553988448 0.017557256942052613 0.018105876354131169 0.017587942352578857 0.018140784236774888 0.017669949184792023 0.019051596395574032 0.017831100640572452 0.01789201664096467 0.018812797022130612 0.020180094497770938 0.017889220543346917 0.018236686852448402 0.017909419385742763 0.017824499057392484 0.018574092834025668 0.01898949790810751 0.017747881171969192 0.018967844465764116 0.017535364561326938 0.017850960301890519 0.018862760884752382 0.017952516729976099 0.017513384571136131 0.018101680147598852
leaf_weight=57 78 46 60 4381 40 44 5133 271 2203 58 103 46 959 537 42 42 719 104 252 184 51 43 2743 43 681 1726 57 284 42 46
leaf_count=57 78 46 60 4381 40 44 5133 271 2203 58 103 46 959 537 42 42 719 104 252 184 51 43 2743 43 681 1726 57 284 42 46
internal_value=0.017756 0.0175785 0.0385975 0.018894 0.0277548 0.0182145 0.0161933 0.0177664 0.0161237 0.0214428 0.0263207 0.0339087 0.0208129 0.0227644 0.0256034 0.0241679 0.0211552 0.0242548 0.0227267 0.0190512 0.0211964 0.0169942 0.0178697 0.0186077 0.0184384 0.0193385 0.0243731 0.0224438 0.0273071 0.033407
internal_weight=21075 20897 178 10718 100 8462 10179 7343 10122 2256 258 104 1998 1039 502 460 1119 400 356 2962 154 4989 2786 2691 2648 1967 241 418 134 92
internal_count=21075 20897 178 10718 100 8462 10179 7343 10122 2256 258 104 1998 1039 502 460 1119 400 356 2962 154 4989 2786 2691 2648 1967 241 418 134 92
is_linear=0
shrinkage=1


Tree=1
num_leaves=31
num_cat=0
split_feature=13 5 13 8 3 5 16 12 14 14 16 14 12 16 16 11 9 0 16 14 9 13 13 10 9 11 11 9 14 13
split_gain=30.1382 10.7586 8.62915 5.3405 4.33616 2.93664 2.9189 2.83767 2.73435 6.49085 2.25836 3.75285 3.73021 6.48654 4.185 4.08701 3.4098 2.60803 2.28155 7.29636 10.0422 2.24273 6.09118 3.70742 3.34402 4.14671 2.08838 3.70747 2.06733 2.2348
threshold=33.719999313354499 0.012309996319786484 39.645000457763679 -0.070560345493927076 -0.0055834332177579485 0.017454942828510105 -0.065169216229391022 -0.071455509470426767 -0.12635401997537379 -0.13532199000438486 -0.010575185029158106 0.003286853869637119 0.040838161547757219 -0.012585287810293498 -0.017486847239688737 -0.0049730820987286531 -0.034216888388915172 -0.025149358686041342 0.022475893036316589 -0.068623004427642229 -0.099175752486833621 20.555000305175785 19.880000114440922 0.0089823327220962552 -0.062767176038293723 0.0069842899086436381 0.010325604265528312 0.036658066073667957 0.049298283120689408 24.779999732971195
decision_type=2 2 2 8 2 2 2 2 2 2 2 2 2 2 2 2 10 2 2 2 10 2 2 2 8 2 2 8 2 2
left_child=1 8 -2 6 -4 10 -3 -8 9 -1 11 17 13 26 16 -15 -14 -5 -12 20 -20 22 23 -9 25 -25 -13 -28 29 -7
right_child=2 3 4 5 -6 28 7 21 -10 -11 18 12 14 15 -16 -17 -18 -19 19 -21 -22 -23 -24 24 -26 -27 27 -29 -30 -31
leaf_value=-0.00016163583698274205 0.00078310518317154854 0.00078662254889898134 6.0562672699133147e-05 0.00035829562538822077 0.0030312951213057461 0.00018750479016621299 0.00036187206550175838 0.00014902984111894157 -0.00014017005825586078 0.00042895096564114169 -9.7746600726664765e-05 -6.9252837123268825e-06 0.0010021281045638354 0.00043887964755134901 3.0336441642971731e-05 0.00030598239133285024 0.00034794268744968248 -5.2369688238640415e-05 0.0011254147606506494 -2.725459923391781e-05 0.00037764073260517124 -6.0413506962941901e-05 0.00080723098838225878 0.00037192211998613117 0.00013564440608828892 0.0013907736506875896 0.0020906534733952089 -5.4182668034152841e-05 0.00039586794895485854 -0.00030110735373818463
leaf_weight=115 77 49 54 52 41 1105 66 901 8038 47 5124 861 43 74 63 100 49 1263 47 1478 176 431 79 41 71 56 46 49 235 211
leaf_count=115 77 49 54 52 41 1105 66 901 8038 47 5124 861 43 74 63 100 49 1263 47 1478 176 431 79 41 71 56 46 49 235 211
internal_value=2.8038e-05 -0.000143748 0.0208721 0.000769533 0.0107895 0.000366252 0.00338253 0.00302431 -0.00155488 0.00487654 3.44816e-05 0.00128846 0.00321012 0.00221239 0.0104839 0.011092 0.0172826 -0.000589355 -0.000443225 0.00114344 0.00957399 0.00259975 0.00375435 0.00276426 0.00958333 0.0156186 0.000596233 0.00763158 0.00238233 0.00161094
internal_weight=21042 20870 172 12670 95 10976 1694 1645 8200 162 9425 2600 1285 1130 155 174 92 1315 6825 1701 223 1579 1148 1069 168 97 956 95 1551 1316
internal_count=21042 20870 172 12670 95 10976 1694 1645 8200 162 9425 2600 1285 1130 155 174 92 1315 6825 1701 223 1579 1148 1069 168 97 956 95 1551 1316
is_linear=0
shrinkage=0.05


Tree=2
num_leaves=31
num_cat=0
split_feature=13 5 13 8 3 11 12 11 11 12 6 12 9 16 13 13 16 1 11 0 16 12 13 9 12 16 11 3 5 11
split_gain=22.9622 9.90151 7.20951 5.4089 5.12866 2.88423 8.53052 2.64335 2.71257 5.85154 2.61758 2.4884 2.44936 2.43791 2.49828 3.99609 3.56286 2.92737 1.84493 2.44521 1.82042 7.02471 5.9883 3.91799 1.66896 2.06471 2.15513 1.54033 1.46838 1.31064
threshold=33.719999313354499 0.012983283934866167 39.645000457763679 -0.070560345493927076 -0.0051980437247373104 -0.023324981642921735 0.021693998685899721 0.02573480883905466 0.028003232862589215 0.022237217731777451 0.51478821877231962 -0.075828258528587975 -0.18356123774702568 -0.065169216229391022 20.555000305175785 19.23499965667725 0.033323532723515077 0.028332358568348485 0.034590323148393838 0.014409075220100933 -0.021811984441981343 0.04047963103536379 13.414999961853029 0.036658066073667957 0.0066896408709551389 -0.013391853433803889 0.0074288376528827147 -0.0089187607759645942 0.0099550105562499821 -0.0070947628288289813
decision_type=2 2 2 8 2 2 2 2 2 2 2 2 8 2 2 2 2 2 2 2 2 2 2 10 2 2 2 2 2 2
left_child=1 5 -2 11 -4 6 -1 20 9 -9 12 -3 -5 -13 15 16 24 -18 -12 -20 21 -7 -23 -24 -15 26 -26 -17 -22 -14
right_child=2 3 4 10 -6 7 -8 8 -10 -11 18 13 29 14 -16 27 17 -19 19 -21 28 22 23 -25 25 -27 -28 -29 -30 -31
leaf_value=5.6653543208652817e-06 0.00067556928406398717 0.00057897568503383361 4.6319219927361792e-05 0.00060475974591560344 0.0027270741158703497 -0.00011839709519134625 0.00056298509848230066 -8.6703982701497745e-05 -5.5320512054307458e-06 0.00075404818579208246 0.00013746041050167817 0.00071283498856168767 7.8476526618855306e-05 -7.79432469096548e-05 -1.6336559645909348e-05 0.00099387262001169392 0.0010640928171562921 0.00080275999533974867 0.00026133336493026758 0.0016416737139257978 -0.0002638236834642772 -0.00070258738813402098 0.00069407212470808642 0.00023038944235797927 0.00026792481762294423 0.00016340407963486651 0.0013385510641203847 0.00042583676666700654 -0.00014356045692250473 -5.4413443932114114e-05
leaf_weight=564 71 48 66 81 40 727 57 64 632 63 1921 46 1593 366 429 50 43 54 62 52 1658 48 68 46 78 312 52 95 6449 5213
leaf_count=564 71 48 66 81 40 727 57 64 632 63 1921 46 1593 366 429 50 43 54 62 52 1658 48 68 46 78 312 52 95 6449 5213
internal_value=-5.17876e-05 -0.000203873 0.0178814 0.000878989 0.00962264 -0.00129915 0.00200483 -0.00150948 0.00132411 0.00799212 0.000402375 0.00358233 -6.31637e-05 0.00322951 0.00287694 0.00419047 0.0029558 0.0120103 0.00197789 0.00815789 -0.00174856 0.000399324 0.00981481 0.0160526 0.00186881 0.00393665 0.00923077 0.0118966 -0.00198409 -0.000166031
internal_weight=21048 20871 177 10495 106 10376 621 9755 759 127 8922 1573 6887 1525 1479 1050 905 97 2035 114 8996 889 162 114 808 442 130 145 8107 6806
internal_count=21048 20871 177 10495 106 10376 621 9755 759 127 8922 1573 6887 1525 1479 1050 905 97 2035 114 8996 889 162 114 808 442 130 145 8107 6806
is_linear=0
shrinkage=0.05


Tree=3
num_leaves=31
num_cat=0
split_feature=13 10 10 9 16 14 11 11 12 8 11 13 11 16 13 11 13 0 14 13 13 13 3 12 12 8 13 9 13 8
split_gain=23.3303 7.75373 7.33501 6.16674 5.83486 4.23564 3.98334 10.4862 10.8232 7.3442 3.71949 5.80983 4.937 6.70655 2.49166 6.75156 2.52739 2.42058 2.25503 4.00231 2.49586 3.0469 2.09109 2.97859 1.98727 1.95781 3.17233 3.54997 1.9508 2.03723
threshold=33.719999313354499 -0.029463592833469218 -0.0018259871478111254 -0.10625241864238354 -0.065169216229391022 0.01466553224775591 0.02573480883905466 0.028003232862589215 0.014776442004869829 -0.00054095963558203886 -0.0081164241286432719 13.824999809265138 -0.0086028412340181642 -1.0000000180025095e-35 13.194999694824221 0.032599059043066377 15.085000038146974 -0.025149358686041342 -0.037636731228437352 12.325000286102297 18.015000343322757 13.934999942779543 0.0073416859562378542 0.020115024475367619 -0.018675976456826889 -0.0071094543972664561 18.035000801086429 0.030618857518463719 14.059999942779543 -0.056839305420966484
decision_type=2 2 2 8 2 2 2 2 2 10 2 2 2 2 2 2 2 2 2 2 2 2 2 2 2 8 2 8 2 10
left_child=3 -2 -3 -1 5 -5 10 8 -8 -10 11 -6 22 -14 15 -9 -16 24 19 -19 21 -21 -13 -24 -12 26 27 -18 -23 -30
right_child=1 2 -4 4 6 -7 7 14 9 -11 17 12 13 -15 16 -17 25 18 -20 20 -22 28 23 -25 -26 -27 -28 -29 29 -31
leaf_value=0.00022659679070555439 5.5218578067808491e-05 0.0026400895628282761 0.00057914936239505911 0.00023533534910733439 0.00061942746382774539 0.000710350759953311 -8.4234834626850576e-05 -0.00042638717145441763 0.00099348948578480405 0.00042736955958764481 0.00038173033314258518 -2.7693852204378382e-05 0.00067812330627376035 0.00016598371163602371 -0.00041833005890246652 0.0012959158238354707 0.0005036263307110386 0.0014300631581938216 -0.00016722986047151297 -0.00016444998270348485 -0.00025190735451306512 0.00067613499809002383 0.00014046097414569908 0.00032545496097964051 0.00011685082046062942 -7.287309075192814e-05 -1.9752064327480208e-05 0.00076089166040454483 0.00027007752818161305 2.4133481939993997e-05
leaf_weight=1596 54 77 56 85 45 55 116 72 107 68 51 3454 44 93 439 50 112 74 9212 641 808 50 427 44 389 709 242 44 200 1620
leaf_count=1596 54 77 56 85 45 55 116 72 107 68 51 3454 44 93 439 50 112 74 9212 641 808 50 427 44 389 709 242 44 200 1620
internal_value=-0.000122184 0.0174599 0.0239474 -0.000279898 -0.000527506 0.00964286 -0.000602011 0.00153394 0.0102921 0.0181429 -0.000845967 0.000466276 0.00026834 0.00959854 5.99401e-06 0.00688524 -0.000536871 -0.0012591 -0.00138636 -0.00028441 -0.000540827 0.000236956 -5.7326e-05 0.00306794 0.00238636 0.000736223 0.00354271 0.00910256 0.00125668 0.00098901
internal_weight=21034 187 133 20847 19251 140 19111 1959 291 175 17152 4107 4062 137 1668 122 1546 13045 12605 3393 3319 2511 3925 471 440 1107 398 156 1870 1820
internal_count=21034 187 133 20847 19251 140 19111 1959 291 175 17152 4107 4062 137 1668 122 1546 13045 12605 3393 3319 2511 3925 471 440 1107 398 156 1870 1820
is_linear=0
shrinkage=0.05


Tree=4
num_leaves=31
num_cat=0
split_feature=13 5 8 3 13 16 15 16 1 15 6 5 16 13 2 3 16 3 3 16 14 15 9 13 15 14 16 0 14 14
split_gain=16.6219 8.74407 3.31016 3.17727 4.98221 2.86454 2.75138 6.6193 2.31775 2.29881 2.15052 2.07536 2.02219 1.98183 4.82038 1.95877 1.73831 1.71956 2.30308 1.92633 1.72053 3.82154 1.65845 1.65828 1.93912 1.75988 8.26337 3.02106 2.1821 7.25787
threshold=33.719999313354499 0.012983283934866167 -0.046290836644858883 -0.0019945023180640282 43.015001296997077 -0.021811984441981343 0.011163706432788635 -0.024058027314583338 0.0066394851944011632 -0.024658219995774774 0.82671526574566945 0.01020907792843106 -0.065169216229391022 12.230000019073488 0.0661439771172352 -0.0022660807787343025 -0.065169216229391022 -0.0059294994632911316 0.0086800060613977398 -0.024058027314583338 -0.022450840204273455 -0.00049921598138963341 -0.18356123774702568 19.055000305175785 0.0092670332145473617 -0.037636731228437352 0.030921067227066893 0.013185784023243554 0.040951993391927573 0.042851800685698833
decision_type=2 2 8 2 2 2 2 2 2 2 2 2 2 2 2 2 2 2 2 2 2 2 8 2 2 2 2 2 2 2
left_child=1 5 16 4 8 6 12 -8 -2 15 22 -7 -1 14 -13 -4 -3 20 -19 -20 21 -18 -11 24 25 26 27 -24 -27 -30
right_child=3 2 9 -5 -6 11 7 -9 -10 10 -12 13 -14 -15 -16 -17 17 18 19 -21 -22 -23 23 -25 -26 28 -28 -29 29 -31
leaf_value=0.0003431700030942994 0.00070424233053863129 0.00057615608680399268 5.2715978677357096e-06 0.0026109173605045506 -0.0011749891147389596 -0.0002302880389947788 -0.00021473392445846217 0.00042142374738165372 0.00019902976193938231 0.00049246666305118871 0.00019119150524955767 -0.00021781490734194649 -5.0242309895652901e-06 -9.546279012867969e-05 0.0012949370657628974 0.00044672233149404146 0.00063000214071580918 3.3357334137671321e-05 -0.00025898211983283679 0.00036216655661705131 0.00029753636116210613 0.00022266844179493316 -1.2894515449461683e-05 -9.9816284423503773e-05 -0.0001738431774989043 -5.4685905046787374e-05 0.00075711474961366945 0.00040016489530187078 0.0019871861729529295 7.74027415737339e-05
leaf_weight=54 54 56 50 42 43 2188 49 41 40 56 1304 103 1101 6705 49 63 61 1639 56 276 462 101 612 1802 760 2263 77 119 41 631
leaf_count=54 54 56 50 42 43 2188 49 41 40 56 1304 103 1101 6705 49 63 61 1639 56 276 462 101 612 1802 760 2263 77 119 41 631
internal_value=-5.9337e-05 -0.000190406 0.000829896 0.0151117 0.0114234 -0.00122449 0.0010241 0.00944444 0.0178723 0.000309847 0.000205478 -0.001534 0.000367964 -0.00110617 0.00453947 0.00738938 0.00235571 0.00216763 0.00144343 0.00524096 0.00445513 0.00888889 -0.000173716 -0.000249803 0.000263157 0.000730696 0.00279703 0.00115595 0.000161839 0.00266369
internal_weight=20898 20719 10429 179 137 10290 1245 90 94 7778 7665 9045 1155 6857 152 113 2651 2595 1971 332 624 162 6361 6305 4503 3743 808 731 2935 672
internal_count=20898 20719 10429 179 137 10290 1245 90 94 7778 7665 9045 1155 6857 152 113 2651 2595 1971 332 624 162 6361 6305 4503 3743 808 731 2935 672
is_linear=0
shrinkage=0.05


Tree=5
num_leaves=31
num_cat=0
split_feature=4 15 15 5 6 15 15 9 7 16 11 9 16 6 3 16 8 15 15 10 11 15 11 7 9 5 11 11 3 10
split_gain=10.7303 6.96409 8.05104 5.28067 3.56093 2.87349 2.17885 2.15309 2.13826 2.20567 2.13346 1.98028 1.39357 1.58851 1.58006 1.37027 1.52614 1.69717 1.35322 2.02117 1.31044 3.35662 1.30814 1.62976 1.296 1.26931 1.19427 3.70815 1.23265 1.29524
threshold=0.026995615297932551 -0.024658219995774774 -0.029424434840895238 0.011202104735737699 -0.17417326608866074 0.027150340310615032 0.015828075684331647 -0.10787203431436464 -0.046253403270859077 0.032414645509340041 0.030456438390909838 -0.040822186338037518 0.045591510792764363 0.94756409532863961 -0.010697538492533685 -0.033185543703460822 -0.074837519256904059 0.0054927120867056542 0.010499087347824345 0.010591445370862431 -0.012789082312227194 0.011163706432788635 -0.024572919887126395 -0.034003863996997778 -0.032334560889703705 0.016021982974022419 0.02573480883905466 0.027231962502118127 0.00044649637861071684 0.0004408774644957259
decision_type=2 2 2 2 2 2 2 8 2 2 2 8 2 2 2 2 10 2 2 2 2 2 2 2 8 2 2 2 2 2
left_child=3 2 -2 20 11 6 7 15 9 10 25 18 13 -10 -15 -6 -17 -18 19 22 21 -1 23 -5 -16 -3 -13 -28 29 -29
right_child=1 8 -4 4 5 -7 -8 -9 12 -11 -12 26 -14 14 24 16 17 -19 -20 -21 -22 -23 -24 -25 -26 -27 27 28 -30 -31
leaf_value=-7.4936391996316011e-05 0.00030766262869287575 -4.5379571447032659e-05 0.0024762778752812587 -6.0912917231425817e-05 -0.00017569471200862234 0.0010276087930752382 -0.00025855409740690354 6.6721449283672928e-05 0.00010443950057585749 0.0011211393193054846 0.00068008978302030359 -0.00011893765104823671 -0.00026758390191645927 -0.00025643403177884311 0.00084199230424056792 0.00037972264626678345 0.00013146142712390399 0.0004980221845220581 -0.00037174202691656207 0.00045753328398525077 -0.00018829051037485802 0.00033974720596672788 2.7172576076869859e-05 0.00038992620080622611 0.00036451240516529898 0.000253138607298206 0.00045433404422086198 0.00043066851109909435 -0.00022017686597451246 -1.1573554456848168e-06
leaf_weight=550 74 212 61 40 63 60 451 5192 1996 53 41 4707 204 49 79 67 157 49 139 54 4190 67 1125 56 138 643 55 60 237 193
leaf_count=550 74 212 61 40 63 60 451 5192 1996 53 41 4707 204 49 79 67 157 49 139 54 4190 67 1125 56 138 643 55 60 237 193
internal_value=-0.000126295 0.00238028 0.0135185 -0.000634423 -0.000100355 0.000779101 0.000669843 0.000942473 0.00193997 0.0039568 0.00337053 -0.000897091 0.00116383 0.00152078 0.00515037 0.00482143 0.00635531 0.0042233 0.000763789 0.00127451 -0.00204598 0.000105347 0.000855855 0.00645833 0.00698157 0.00283626 -0.00134425 0.000871558 -0.000510205 0.00191699
internal_weight=21062 3550 135 17512 12705 6039 5979 5528 3415 949 896 6666 2466 2262 266 336 273 206 1414 1275 4807 617 1221 96 217 855 5252 545 490 253
internal_count=21062 3550 135 17512 12705 6039 5979 5528 3415 949 896 6666 2466 2262 266 336 273 206 1414 1275 4807 617 1221 96 217 855 5252 545 490 253
is_linear=0
shrinkage=0.05


Tree=6
num_leaves=31
num_cat=0
split_feature=13 4 3 12 9 16 11 9 4 15 9 3 8 10 6 13 11 16 15 11 11 15 15 16 4 16 13 16 16 12
split_gain=13.8626 7.31608 5.68443 4.63924 3.6149 3.06798 2.71933 2.34691 2.18487 2.18352 2.09389 2.22136 2.29943 1.87329 1.8264 1.80309 1.56847 3.54191 1.95318 3.17558 2.36537 1.50146 2.1808 1.93147 2.04596 1.47742 1.78986 1.50783 1.42864 1.40276
threshold=33.719999313354499 0.020170301423374195 -1.0000000180025095e-35 -0.071455509470426767 -0.11788931508810833 -0.065169216229391022 -0.0083605121660306741 0.13216533976590153 0.030149798484160543 0.0237775899419197 0.049602637855142635 0.0060743917832682967 -0.011721863928887076 -0.0059409935065934385 -0.12276560443400218 19.295000076293949 0.012763459668046597 0.028950354957198891 0.00185021699237109 0.0086496038184588082 -0.028186654574093969 0.0075864590572366506 0.0073157107749413095 -0.018996526127870336 0.022892763377879027 0.044154562659851411 13.484999656677248 0.0089099837750705752 -0.0079146342924251694 0.021693998685899721
decision_type=2 2 2 2 8 2 2 8 2 2 8 2 8 2 2 2 2 2 2 2 2 2 2 2 2 2 2 2 2 2
left_child=1 6 3 -2 16 7 10 -6 14 -8 11 12 -1 -13 -7 28 17 18 19 20 -3 22 -16 24 -23 26 27 -10 -14 -12
right_child=2 4 -4 -5 5 8 9 -9 25 -11 29 13 15 -15 21 -17 -18 -19 -20 -21 -22 23 -24 -25 -26 -27 -28 -29 -30 -31
leaf_value=-6.9353360591950137e-05 -1.0243196095983042e-06 0.0003218283014490578 0.0023648562104127261 0.00059377045573432395 8.5853448031669862e-05 -4.7945155407127585e-05 -0.00015285817054551737 0.00053595077267996525 0.00011028861374579783 0.00067147033884578451 -0.00010556625299132912 0.00035853280549070468 0.00058278592620201921 7.2864613173857892e-05 9.1049798741378379e-05 6.857905856637325e-05 2.6055981757709185e-06 0.001169572504471603 2.3431543450482301e-05 0.0015940754250927164 0.00024880736315295972 0.00040549665043931811 0.00079984692922602555 -0.00017378987264506023 -1.7636702814079895e-05 -0.00022744305798075499 0.0001602884899262242 0.00070424459699932826 0.00037593481281679333 0.00017577385451866365
leaf_weight=323 77 72 40 75 52 5289 6918 59 54 65 714 42 58 40 3253 164 302 46 279 52 375 51 52 1013 75 117 1098 46 79 179
leaf_count=323 77 72 40 75 52 5289 6918 59 54 65 714 42 58 40 3253 164 302 46 279 52 375 51 52 1013 75 117 1098 46 79 179
internal_value=-0.000144595 -0.000267649 0.0132292 0.00881579 0.000514854 0.000242404 -0.00138779 0.00851351 0.000159304 -0.00181369 0.000472169 0.00250708 0.00149038 0.0102439 -9.91484e-05 0.00463455 0.00321492 0.00434466 0.00354756 0.00542084 0.0040604 0.000648064 0.00118759 -0.000917473 0.00492063 0.00207224 0.00259599 0.009 0.00886861 -0.00113662
internal_weight=21059 20867 192 152 12285 11159 8582 111 11048 6983 1599 706 624 82 9733 301 1126 824 778 499 447 4444 3305 1139 126 1315 1198 100 137 893
internal_count=21059 20867 192 152 12285 11159 8582 111 11048 6983 1599 706 624 82 9733 301 1126 824 778 499 447 4444 3305 1139 126 1315 1198 100 137 893
is_linear=0
shrinkage=0.05


Tree=7
num_leaves=31
num_cat=0
split_feature=4 14 3 5 9 15 8 15 11 11 9 15 4 14 14 14 2 11 1 10 10 15 0 10 0 8 3 9 11 3
split_gain=10.7461 4.46031 5.91232 3.94821 2.71965 2.67836 2.42433 3.04048 3.56299 7.50588 2.90184 2.50379 2.56124 2.26349 3.73489 2.15976 1.70452 2.42064 4.4574 1.99887 2.64718 4.78989 1.54593 1.47967 1.81125 1.44442 1.44429 1.41137 2.1561 3.38553
threshold=0.026653473983958339 0.038811658900465458 0.015098401197605306 0.011860273158985768 -0.17116920177111969 0.027150340310615032 0.0026988357817614443 0.013077762047719045 0.02573480883905466 0.028003232862589215 0.042605688332699516 -0.023935998278912404 0.02345100216057049 -0.12635401997537379 -0.14356568835631797 0.041854253665611248 -0.019469015200111513 -0.020756014565235011 -0.034964607619093917 -0.002449885434601728 -3.2316766858164751e-05 -0.0060043992907984336 0.026962345657861268 0.0086043784321214751 0.0050381269745994892 -0.069145075802190356 0.017213710392790741 0.064889869117881319 -0.0049730820987286531 0.0057174152855717928
decision_type=2 2 2 2 8 2 8 2 2 2 10 2 2 2 2 2 2 2 2 2 2 2 2 2 2 8 2 8 2 2
left_child=3 25 15 13 -5 6 7 8 16 -10 -11 12 -8 14 -1 -3 26 18 -18 -19 21 -21 -13 -22 -25 -2 -6 28 29 -15
right_child=1 2 -4 4 5 -7 11 -9 9 10 -12 22 -14 27 -16 -17 17 19 -20 20 23 -23 -24 24 -26 -27 -28 -29 -30 -31
leaf_value=-0.0001336302153669654 0.0002820931062510992 0.0018356073712083962 0.0022383147881946236 0.00035339648604604235 -1.582610855636633e-05 0.00093781742214622214 -0.00019066370510133942 -0.00023644431420870405 0.00065005228257015502 5.8734748212085486e-05 0.0005086322653365911 -0.00010555615398998914 0.00037639812654527622 9.8918251108720227e-06 0.00041905633042706208 0.00024233695319535433 0.00049546024707896143 -0.00013058405706137564 0.00015421849869264609 0.00066394005810014754 1.2682152587066993e-06 0.00018372476463416414 0.00017635728813682251 1.0829185654636556e-05 0.00060394398912136957 6.9022270639040967e-05 0.00070258395692130316 -0.00019492938441169474 -0.00013892771222650182 0.00034467249136601458
leaf_weight=68 804 74 42 52 2494 48 40 465 68 270 52 5334 42 618 56 832 40 370 69 58 520 120 248 74 69 2101 43 3130 2777 81
leaf_count=68 804 74 42 52 2494 48 40 465 68 270 52 5334 42 618 56 832 40 370 69 58 520 120 248 74 69 2101 43 3130 2777 81
internal_value=-0.000132724 0.00225409 0.00523207 -0.00066721 -6.01386e-05 -0.000117039 -0.000171551 0.000666383 0.00108665 0.00564102 0.00245341 -0.000868645 0.00780488 -0.00161219 0.00508064 0.0043819 0.000626133 0.00208333 0.00922018 0.00144096 0.00278835 0.00820225 -0.00099606 0.00133484 0.00583916 0.00128227 -0.000132047 -0.00173782 -0.0010443 0.00143777
internal_weight=21059 3853 948 17206 10476 10424 10376 4712 4247 390 322 5664 82 6730 124 906 3857 1320 109 1211 841 178 5582 663 143 2905 2537 6606 3476 699
internal_count=21059 3853 948 17206 10476 10424 10376 4712 4247 390 322 5664 82 6730 124 906 3857 1320 109 1211 841 178 5582 663 143 2905 2537 6606 3476 699
is_linear=0
shrinkage=0.05


Tree=8
num_leaves=31
num_cat=0
split_feature=13 4 3 1 4 14 13 13 14 1 11 12 11 1 15 14 14 12 12 9 13 15 6 14 13 2 0 11 13 15
split_gain=8.27626 5.06736 2.98991 2.81356 2.56383 2.30228 2.32954 2.61491 2.18754 2.04661 2.03101 2.95309 3.2581 2.33208 1.97335 1.94493 4.49338 6.48521 4.48658 6.20788 5.12559 1.90514 1.92857 1.87829 2.65889 1.8407 2.6497 1.62818 1.89838 1.75165
threshold=33.719999313354499 0.020170301423374195 -0.0019945023180640282 -0.051654527159827539 0.030149798484160543 -0.03533310709284803 18.82499980926514 13.484999656677248 -0.026106823606350468 -0.062565847130930594 -0.013624975324509013 0.001711050909807055 -0.014879372351697838 -0.029061528384640208 0.0237775899419197 -0.069744182185856193 -0.073050802278400592 0.020528526804308837 0.03275596351688493 -0.16410087325888581 14.904999732971193 -0.0054307343272703137 0.15471855565395307 0.10600204873107434 18.335000038146976 0.02421629018330507 -0.0081051248462699049 -0.0065232260485101326 15.574999809265138 -0.0032197378633876945
decision_type=2 2 2 2 2 2 2 2 2 2 2 2 2 2 2 2 2 2 2 10 2 2 2 2 2 2 2 2 2 2
left_child=1 10 3 -2 15 -6 7 -7 -8 -10 11 -1 13 -13 -12 16 18 -18 -3 -20 -21 22 -17 24 -24 26 -26 28 -23 -30
right_child=2 4 -4 -5 5 6 8 -9 9 -11 14 12 -14 -15 -16 21 17 -19 19 20 -22 27 23 -25 25 -27 -28 -29 29 -31
leaf_value=-8.6589326842347817e-05 -0.00024128721019283134 -3.9030073236965047e-05 0.0021739169486004115 0.00041304168165120781 -1.5713794828449534e-05 0.00062852759542744794 0.00059482969434663374 -1.8384573207972568e-05 0.00077686330305397507 0.00021934167523544572 -0.00012489227952973552 0.00031721457978566925 0.00049732653214887767 5.9805327658681174e-05 0.00063481664483009455 -1.4926027179936278e-05 0.00090730443846227804 -0.00019006292778028327 0.00096797985024592325 0.00077357474686969615 -0.00033119082490534328 0.00027081691178813767 0.00015067602175007123 -0.00011940948417731063 0.00033784619674410938 6.7794243228305493e-05 0.0009540646416822436 -0.00011060093465762619 0.00039629425809059745 -2.4110606941364861e-05
leaf_weight=654 53 962 45 79 686 98 61 523 104 389 7493 44 53 299 73 1758 69 53 47 48 89 148 569 240 157 103 50 4934 159 1091
leaf_count=654 53 962 45 79 686 98 61 523 104 389 7493 44 53 299 73 1758 69 53 47 48 89 148 569 240 157 103 50 4934 159 1091
internal_value=-0.000229758 -0.000320704 0.0105367 0.00674242 0.000329063 0.00203923 0.00338298 0.00128019 0.00574007 0.00463489 -0.00125116 0.000809523 0.00421717 0.0024344 -0.00153714 2.52923e-05 0.0018612 0.0109836 0.000890051 0.00804348 0.00266423 -0.000227496 0.000839415 0.00246202 0.00353242 0.00725806 0.00997584 -0.000712256 0.00079399 0.000159999
internal_weight=21131 20954 177 132 12338 1861 1175 621 554 493 8616 1050 396 343 7566 10477 1268 122 1146 184 137 9209 2877 1119 879 310 207 6332 1398 1250
internal_count=21131 20954 177 132 12338 1861 1175 621 554 493 8616 1050 396 343 7566 10477 1268 122 1146 184 137 9209 2877 1119 879 310 207 6332 1398 1250
is_linear=0
shrinkage=0.05


Tree=9
num_leaves=31
num_cat=0
split_feature=5 13 16 6 15 11 15 6 6 8 6 11 12 16 12 16 16 16 10 16 16 10 10 14 15 11 12 16 15 15
split_gain=7.33994 5.67604 2.73277 3.01761 3.01395 7.18194 2.65654 2.53374 3.36509 2.42198 1.87489 2.25835 2.93607 5.27846 2.74293 1.93573 1.86142 1.75692 8.00457 3.19107 3.03366 2.87829 10.8105 4.2983 3.55874 3.27286 5.49184 4.40878 3.09456 2.78252
threshold=0.012309996319786484 33.719999313354499 -0.065169216229391022 0.29605529612191961 0.027150340310615032 0.034590323148393838 0.0095317769535506764 0.94756409532863961 0.030590090677713521 0.041171986575877846 -0.09971374944190961 -0.0049730820987286531 0.019574400022136732 -0.018996526127870336 0.026411578582636323 -0.00050981443333281129 0.055569038521206766 0.023327043261754058 0.0094914683342374202 0.038613830636895725 0.0398884073213659 -0.00084886719909504904 -0.00098146470718468693 -0.0082882010072965456 0.0028863593351780019 -0.014526458794264228 0.017951128324421587 -0.012585287810293498 -0.01370888234699119 -0.0057968873947857316
decision_type=2 2 2 2 2 2 2 2 2 8 2 2 2 2 2 2 2 2 2 2 2 2 2 2 2 2 2 2 2 2
left_child=10 2 3 -2 6 -6 9 8 -3 17 -1 12 -12 -14 15 -15 -8 21 20 -20 -19 22 23 24 28 26 27 -25 -4 -29
right_child=1 7 4 -5 5 -7 16 -9 -10 -11 11 -13 13 14 -16 -17 -18 18 19 -21 -22 -23 -24 25 -26 -27 -28 29 -30 -31
leaf_value=-0.00014130743797974868 0.00060777784853232632 0.00019555514987330816 0.00047067437806848903 0.00022837428407501909 -0.00054273046015812694 0.0017166938226165899 -0.00015256752372365596 0.00012032008954601202 0.0016634288993212416 -5.5985924404258368e-05 -2.3800402832455987e-06 -9.921461437253626e-05 0.00043116684611790824 9.7030950530239125e-05 -0.00021316387402518647 0.00045091176883295766 0.00048953277708110182 0.00030346725229578748 0.0011619588361341494 0.00054926021982511263 -0.00041166541351620952 -1.4131802373500511e-05 0.0021835584201448386 -3.4857344008495926e-05 0.00095350510712447075 -4.2367183308874938e-05 0.00086566907703801335 -2.8249110992864785e-05 0.00012408482722560014 0.00054235763422163109
leaf_weight=4392 42 54 44 62 42 43 2069 62 56 3031 806 2747 42 49 99 44 55 587 49 51 193 3436 50 498 70 1609 83 82 328 164
leaf_count=4392 42 54 44 62 42 43 2069 62 56 3031 806 2747 42 49 99 44 55 587 49 51 193 3436 50 498 70 1609 83 82 328 164
internal_value=-0.000236163 0.000513322 0.000390053 0.00846154 0.000322812 0.00970588 0.000258487 0.00953488 0.0140909 0.00059124 -0.00140543 -0.000590178 0.00139423 0.00632479 0.0028125 0.00897849 -0.00135123 0.0010878 0.00318182 0.0165 0.00147436 0.000798239 0.00195014 0.00154969 0.00608597 0.0007266 0.00328295 0.00192204 0.00413978 0.00739837
internal_weight=20939 12760 12588 104 12484 85 12399 172 110 10275 8179 3787 1040 234 192 93 2124 7244 880 100 780 6364 2928 2878 442 2436 827 744 372 246
internal_count=20939 12760 12588 104 12484 85 12399 172 110 10275 8179 3787 1040 234 192 93 2124 7244 880 100 780 6364 2928 2878 442 2436 827 744 372 246
is_linear=0
shrinkage=0.05


Tree=10
num_leaves=31
num_cat=0
split_feature=16 3 4 5 6 14 14 5 5 11 5 14 9 9 6 10 7 3 9 16 16 8 8 11 11 0 11 7 10 0
split_gain=7.60423 6.68056 5.66981 3.46492 3.01044 2.38232 4.91567 2.37407 1.98097 1.70276 1.56386 1.52061 3.32217 1.40857 1.43591 1.39976 4.44781 1.36901 1.31455 1.60994 2.03169 1.47742 1.3085 1.92371 2.54021 1.77375 1.44843 1.77433 2.01667 1.90253
threshold=-0.065169216229391022 -0.00068564865282622056 0.024603033476443086 0.01559257265484168 -0.17417326608866074 0.040951993391927573 0.041854253665611248 0.017454942828510105 0.010585379999516394 -0.013624975324509013 0.01020907792843106 0.0250539094836888 0.11070058987444277 -0.17116920177111969 2.5463293006517969 0.017102322993862277 -0.026692172026224811 0.009998213427048987 -0.24909426576810698 0.0398884073213659 0.016443709042978986 -0.048737828247416064 0.040305457130532026 0.02573480883905466 0.028003232862589215 -0.0081051248462699049 -0.023324981642921735 -0.034598456259811554 0.00048355916176134889 0.0043824670925454176
decision_type=2 2 2 2 2 2 2 2 2 2 2 2 8 8 2 2 2 2 10 2 2 10 8 2 2 2 2 2 2 2
left_child=1 -1 4 -3 10 7 -7 13 9 11 -2 12 -6 -4 -15 18 -17 -8 -9 20 -20 -22 23 26 -25 -26 27 -12 29 -29
right_child=2 3 5 -5 8 6 17 15 -10 -11 22 -13 -14 14 -16 16 -18 -19 19 -21 21 -23 -24 24 25 -27 -28 28 -30 -31
leaf_value=-1.5335909769793922e-05 -0.00023143403497090441 0.000367886576984041 0.00040734354500121235 0.0019794604578601905 0.00030645697798863515 0.0019118415648478517 0.00017210258509673941 0.00028357957964196171 3.4209616575955647e-05 -0.00013997366814878478 -0.00025060665628493883 -0.00015795064305460787 -0.00037597153489268517 -5.790955258224744e-05 0.00044253815927056123 0.00057186230302026266 5.0691810763193655e-05 0.00060646885254208834 -1.351762923095805e-05 -0.00036966095185476163 -0.00030201483944145138 0.00052283244168664352 -0.00019825296192432738 0.00041048830659063475 0.00030243154263886367 -1.0805903624509688e-05 -8.286203993497203e-05 0.00028126511603063291 -0.00045706492546044398 -4.2780705643863437e-05
leaf_weight=99 1212 51 51 55 62 49 1238 443 5643 1451 67 147 57 2329 97 41 105 57 671 146 46 198 1874 67 42 319 4275 92 45 43
leaf_count=99 1212 51 51 55 62 49 1238 443 5643 1451 67 147 57 2329 97 41 105 57 671 146 46 198 1874 67 42 319 4275 92 45 43
internal_value=-0.000192674 0.00939024 -0.000286818 0.0181132 -0.000778125 0.00109578 0.00292411 0.000500362 -4.75555e-05 -0.00153465 -0.00144724 0.00214286 0.00634454 -0.000478402 -0.000651279 0.0019697 0.00664383 0.00233591 0.00151596 0.000560791 0.0013388 0.0052459 -0.00115328 -0.000727274 0.00247663 0.000817173 -0.00103052 0.00269231 0.00527778 0.00833333
internal_weight=21072 205 20867 106 15396 5471 1344 4127 7360 1717 8036 266 119 2477 2426 1650 146 1295 1504 1061 915 244 6824 4950 428 361 4522 247 180 135
internal_count=21072 205 20867 106 15396 5471 1344 4127 7360 1717 8036 266 119 2477 2426 1650 146 1295 1504 1061 915 244 6824 4950 428 361 4522 247 180 135
is_linear=0
shrinkage=0.05


Tree=11
num_leaves=31
num_cat=0
split_feature=16 10 5 9 10 6 10 10 16 11 15 15 15 11 7 16 5 11 10 10 15 16 2 0 16 16 12 16 10 15
split_gain=6.15087 4.92118 4.82115 4.19588 3.28399 3.13288 3.06359 2.58601 2.06389 2.01889 1.89216 1.69038 1.82437 1.60476 2.01003 1.42566 1.41593 1.38736 1.3852 1.55291 5.36163 4.74725 1.41252 1.70314 1.41848 1.325 7.98978 1.47121 1.30016 1.28553
threshold=-0.065169216229391022 -0.0018259871478111254 0.010995421340008391 -0.066257546606659265 0.010591445370862431 -0.12276560443400218 0.010824112764753148 -0.00032910351187348525 0.040671965546648543 0.03932291360928742 0.027150340310615032 -0.020664839774751972 -0.029424434840895238 -0.017414661079240442 -0.046253403270859077 0.055569038521206766 0.018623861201741955 0.012210489302713847 0.0019017631763441625 -0.0021666724277842882 -0.0083166434661571236 -0.016327298185617175 0.014804662675787285 0.012765487301849012 0.009103747815965681 -0.021496259537076397 0.04047963103536379 -0.022705897376034231 -0.006703838533231087 0.015828075684331647
decision_type=2 2 2 8 2 2 2 2 2 2 2 2 2 2 2 2 2 2 2 2 2 2 2 2 2 2 2 2 2 2
left_child=1 -1 -2 4 8 15 -6 -3 18 17 11 12 -7 -14 -15 16 -5 -8 19 -4 21 -21 23 -22 -24 26 27 -13 -16 -27
right_child=2 7 3 5 6 10 9 -9 -10 -11 -12 25 13 14 28 -17 -18 -19 -20 20 22 -23 24 -25 -26 29 -28 -29 -30 -31
leaf_value=0.0019132973130688569 -0.00013016518792104695 -0.00056057908348390757 0.00010639737876145844 -8.9980839202474536e-05 0.0011044875939824172 -0.00047801536454101194 0.00034677749371250099 0.0003583392409298588 -0.00037737191758160547 0.0005432692114655202 0.0013458041674529449 -2.851755379536095e-05 0.00041459180974727831 0.00038227695421663276 -0.00042952683638851287 0.00037742466462333207 8.8204128308315833e-05 -0.00059305515091757867 -1.3382614488417305e-05 0.00016601923915569487 -8.104520180886257e-05 0.0021257996032804124 0.00077779806933304908 0.00028891116551174861 0.00018184233852913757 1.648853675094853e-05 0.0006005666878021249 0.00034967744381434612 0.00022592273923394561 -0.00023236360148724475
leaf_weight=50 4311 53 1056 6914 41 70 155 103 143 51 69 546 49 52 65 73 578 57 867 56 325 48 52 75 58 4524 82 64 53 414
leaf_count=50 4311 53 1056 6914 41 70 155 103 143 51 69 546 49 52 65 73 578 57 867 56 325 48 52 75 58 4524 82 64 53 414
internal_value=-0.000247935 0.00834951 -0.000332887 5.53293e-05 0.00175268 -0.000318381 0.00667763 0.00397436 0.00119403 0.00469582 0.000536071 0.000440107 0.00416955 0.00641552 0.00411765 -0.000994714 -0.00106247 0.00254717 0.00152345 0.00236527 0.00436482 0.0147115 0.0022549 0.000874999 0.00727273 0.000248667 0.00229769 0.000327868 0.000508473 -3.84783e-05
internal_weight=21054 206 20848 16537 2984 13553 304 156 2680 263 5988 5919 289 219 170 7565 7492 212 2537 1670 614 104 510 400 110 5630 692 610 118 4938
internal_count=21054 206 20848 16537 2984 13553 304 156 2680 263 5988 5919 289 219 170 7565 7492 212 2537 1670 614 104 510 400 110 5630 692 610 118 4938
is_linear=0
shrinkage=0.05


Tree=12
num_leaves=31
num_cat=0
split_feature=16 3 5 15 11 9 9 11 11 10 5 10 16 3 16 11 13 15 11 10 15 10 11 0 15 16 10 8 10 2
split_gain=5.74823 5.77663 4.02415 3.98919 7.94084 3.26166 2.48351 1.99219 8.19124 5.76415 3.10965 2.52388 2.07122 1.98843 1.80938 1.73387 5.40389 3.73578 2.32428 3.04495 2.25767 1.93271 4.35014 1.8612 2.04135 2.18027 1.69156 2.28316 1.66298 1.47951
threshold=-0.065169216229391022 -0.0034495380098583102 0.010995421340008391 0.027150340310615032 0.034590323148393838 0.024447979267385293 -0.069881202649521343 0.02573480883905466 0.028003232862589215 0.0057742598660092135 0.014606519332759213 0.0023793811070187414 -0.017168314561124717 0.030213159346727862 0.042535528051023348 -0.0070947628288289813 13.824999809265138 -0.015207941714308114 -0.0071962553700703471 0.0025856466909506275 -0.0094313616151139295 -0.0036518559527396461 0.002577635332758899 0.016679639524482596 0.0090639379473604915 0.023869769092076169 0.0096673329469677566 -0.070560345493927076 -0.016935534775352808 -0.020019676435734043
decision_type=2 2 2 2 2 8 8 2 2 2 2 2 2 2 2 2 2 2 2 2 2 2 2 2 2 2 2 10 2 2
left_child=1 -1 -2 6 -5 -3 14 13 9 11 -11 -9 -10 15 26 16 -8 21 19 20 -18 -17 -23 -19 25 -25 -4 -28 -22 -29
right_child=2 5 3 4 -6 -7 7 8 12 10 -12 -13 -14 -15 -16 17 18 23 -20 -21 28 22 -24 24 -26 -27 27 29 -30 -31
leaf_value=-0.000294054087350664 -0.00011616746016937488 0.0017230353813634314 9.998411060880625e-05 -0.00053701049033849039 0.001561423956380921 0.0003173965977502665 0.00056295945790839786 0.00047057888853975971 0.00040574739021054988 0.00039098463099956383 0.00094765132214304378 -0.00047858591089721683 -2.1778607110340943e-05 0.00055013565265521903 -0.00029401145081407439 8.8059692476344473e-05 -6.5381555973052986e-05 -0.00012741259944274043 0.00066382255245903262 -0.00022044269220696623 -0.00017894534089701696 -0.00038908393579968771 0.0004752013719551266 0.00011304877666405623 -8.9360521000507139e-05 0.00058404632981630595 0.00051979118230992955 -0.00012739239244505699 0.00016080625512731467 0.00041042409292323036
leaf_weight=81 4310 42 2355 49 47 86 44 53 46 56 53 58 1257 43 141 300 806 7220 61 816 131 40 88 361 578 70 139 98 1430 92
leaf_count=81 4310 42 2355 49 47 86 44 53 46 56 53 58 1257 43 141 300 806 7220 61 816 131 40 88 361 578 70 139 98 1430 92
internal_value=-0.000331966 0.00791866 -0.000415101 -5.84238e-05 0.0101042 0.0145312 -0.000118145 -0.000400046 0.00130335 0.0102273 0.0183945 0.00220721 -0.000203378 -0.000616451 0.00123009 -0.000655087 0.000322383 -0.00102634 8.6312e-05 -9.89644e-05 0.00080904 0.00352804 0.00867187 -0.00126322 0.000748264 0.00335267 0.00152012 0.00487842 0.00191864 0.00131579
internal_weight=20951 209 20742 16432 96 128 16336 13511 1523 220 109 111 1303 11988 2825 11945 3288 8657 3244 3183 2367 428 128 8229 1009 431 2684 329 1561 190
internal_count=20951 209 20742 16432 96 128 16336 13511 1523 220 109 111 1303 11988 2825 11945 3288 8657 3244 3183 2367 428 128 8229 1009 431 2684 329 1561 190
is_linear=0
shrinkage=0.05


Tree=13
num_leaves=31
num_cat=0
split_feature=5 6 13 5 13 15 16 16 14 16 0 5 8 12 13 15 16 15 14 7 16 13 14 13 15 14 6 14 6 15
split_gain=4.99825 3.28932 2.26754 1.69091 2.83687 1.59538 2.60244 3.35902 2.08593 5.83865 2.32038 1.58036 1.55136 1.4033 3.33872 1.40896 2.24068 2.16084 1.39769 1.49995 1.89888 1.39673 3.49384 1.31134 1.43006 1.37545 1.30488 1.29117 1.5847 1.27858
threshold=0.017454942828510105 -0.17417326608866074 46.145000457763679 0.01043649497406733 12.230000019073488 0.0096341709750864552 -0.018996526127870336 -0.024058027314583338 -0.067583665573298909 0.022475893036316589 0.0036261911175977661 0.012107362454005345 0.066532571636362628 0.078665410711505027 12.925000190734865 -0.0054307343272703137 0.004058734094760875 -0.0060043992907984336 -0.14356568835631797 -0.01454618296364024 0.021929550231949094 13.744999885559084 0.040951993391927573 16.32499980926514 0.0041786966117555177 -0.077913276979976895 0.74022249454413169 -0.075454415356713087 -1.2172019979800797 0.0016164720269243873
decision_type=2 2 2 2 2 2 2 2 2 2 2 2 8 2 2 2 2 2 2 2 2 2 2 2 2 2 2 2 2 2
left_child=1 11 18 -3 -5 8 7 -7 9 23 -11 -1 -13 15 -15 16 17 21 -2 20 27 22 -10 24 -6 -25 -21 -20 -29 -22
right_child=2 3 -4 4 5 6 -8 -9 13 10 -12 12 -14 14 -16 -17 -18 -19 19 26 29 -23 -24 25 -26 -27 -28 28 -30 -31
leaf_value=-0.00013321619682407298 -0.00032956406977970932 -9.9859332733450378e-05 0.0017729953111906228 0.001219308282453274 5.048964106356118e-05 -5.9727083043824122e-05 -0.00016959273145846285 0.00044735842497981026 0.00018002649792557421 0.00041556782177783229 0.00098157806250476795 -1.2958836302319791e-05 -0.0002189866656342772 0.00077753853050753388 0.00013785854559165557 -2.7862762897009886e-05 -0.00026835724572657694 0.0005517340057978519 0.00029992219916752491 1.9231616400097067e-05 0.00011843129322704623 0.00010026707331386807 0.0005939042008066979 -0.0001424910262252373 0.00063522159513699399 0.00015981508048515015 0.00040961963917010867 0.00068067910201516499 0.00012091704027916867 0.0010339813199564843
leaf_weight=3711 101 1540 40 76 93 89 1247 51 98 63 56 4758 1095 40 158 3228 329 57 105 1093 45 1461 46 245 64 80 178 43 734 73
leaf_count=3711 101 1540 40 76 93 89 1247 51 98 63 56 4758 1095 40 158 3228 329 57 105 1093 45 1461 46 245 64 80 178 43 734 73
internal_value=-0.000196934 -0.000474846 0.00194444 0.000210064 0.000520651 0.000422011 -0.00110671 0.00535714 0.000774342 0.00356905 0.0134874 -0.00112087 -0.000609091 0.000464278 0.00459596 0.000307529 0.00135359 0.00209988 0.00174536 0.00200132 0.00345 0.00176012 0.00645833 0.00112033 0.00487261 -0.000692309 0.000861525 0.00265306 0.00194981 0.00940678
internal_weight=20997 18585 2412 9021 7481 7405 1387 140 6018 601 119 9564 5853 5417 198 5219 1991 1662 2372 2271 1000 1605 144 482 157 325 1271 882 777 118
internal_count=20997 18585 2412 9021 7481 7405 1387 140 6018 601 119 9564 5853 5417 198 5219 1991 1662 2372 2271 1000 1605 144 482 157 325 1271 882 777 118
is_linear=0
shrinkage=0.05


Tree=14
num_leaves=31
num_cat=0
split_feature=16 3 5 14 14 14 11 6 11 12 16 11 12 2 16 16 14 16 12 12 7 11 16 16 11 11 5 8 13 12
split_gain=5.75336 5.0947 4.17783 2.27885 2.16665 9.81304 2.23257 1.92288 2.03637 4.00509 3.87248 2.73695 1.85719 2.58238 1.9866 2.57861 4.86993 3.69424 2.10545 4.83361 2.02723 1.65712 2.21361 1.79297 1.63026 2.16633 1.62357 1.50799 1.43285 2.19169
threshold=-0.065169216229391022 -0.0034495380098583102 0.012983283934866167 0.01466553224775591 0.040951993391927573 0.041854253665611248 0.011124133624280887 -0.12276560443400218 -0.0049730820987286531 0.001711050909807055 -0.021811984441981343 -0.012158378577427352 -0.075828258528587975 -0.079575809672647477 0.019266085779760193 0.03442847833890373 -0.069744182185856193 0.033323532723515077 0.034974861152931476 0.040667203232477307 -0.0054088973836965417 -0.0237759721784318 0.0068854988586615215 -0.010789201101767841 0.02573480883905466 0.029571955445533264 0.015954095467207826 -0.030037428152768605 19.625000000000004 0.033050986692939495
decision_type=2 2 2 2 2 2 2 2 2 2 2 2 2 2 2 2 2 2 2 2 2 2 2 2 2 2 2 10 2 2
left_child=1 -1 7 -3 12 -6 28 -2 9 -9 11 -11 13 -4 -14 16 17 20 26 -20 -16 -12 23 -23 -10 -26 -18 -28 29 -7
right_child=2 3 4 -5 5 6 -8 8 24 10 21 -13 14 -15 15 -17 18 -19 19 -21 -22 22 -24 -25 25 -27 27 -29 -30 -31
leaf_value=-0.00044881708912018173 -0.00011296555617516389 0.00025623625654026225 0.00038884438407159712 0.0012660453131860682 0.0019435592740092628 0.00015526032059983937 -0.00021138216828276289 -7.5543649452102223e-05 -9.5224272564975671e-05 0.00041199571183175621 0.00040473230512402597 0.00015138233245930565 -3.6504663155685064e-05 2.1000343924445776e-05 0.0007071073295049896 -7.3374477009704677e-05 -0.00031269227774551343 0.0010228909297608599 0.00064541445314378733 0.00018787316677359425 0.0001318669528263798 -2.1583525370236318e-05 -0.00040587650115167067 0.00028350075308407091 0.00037369257363468051 -6.6776921528461313e-05 -0.00018175875250676596 0.00042512712868981008 4.1203410335915696e-05 0.00044247547995669565
leaf_weight=69 5483 57 47 75 63 829 300 737 3112 69 41 44 6011 106 43 909 357 53 67 234 91 116 161 179 123 263 85 166 969 189
leaf_count=69 5483 57 47 75 63 829 300 737 3112 69 41 44 6011 106 43 909 357 53 67 234 91 116 161 179 123 263 85 166 969 189
internal_value=-0.000234703 0.00818408 -0.000315874 0.0139394 0.000385492 0.0017234 0.00118714 -0.00103021 -0.000304439 0.00134744 0.00434426 0.0126991 6.10878e-07 0.00545752 -0.000103544 0.00125935 0.00289233 0.0102406 0.00138064 0.00480066 0.00582089 0.00244467 0.00157895 0.00415254 -0.000940539 0.00212435 -0.000312501 0.00276892 0.00179416 0.00310412
internal_weight=21048 201 20847 132 10519 2350 2287 10328 4845 1347 610 113 8169 153 8016 2005 1096 187 909 301 134 497 456 295 3498 386 608 251 1987 1018
internal_count=21048 201 20847 132 10519 2350 2287 10328 4845 1347 610 113 8169 153 8016 2005 1096 187 909 301 134 497 456 295 3498 386 608 251 1987 1018
is_linear=0
shrinkage=0.05


Tree=15
num_leaves=31
num_cat=0
split_feature=13 5 3 12 9 4 15 15 10 11 11 12 11 14 10 11 10 12 10 9 16 16 14 16 14 13 13 14 14 10
split_gain=4.57461 3.5374 2.91288 2.34614 2.12991 1.91031 2.0214 1.61366 1.76603 1.58717 4.81656 4.88889 1.87849 2.44988 6.25355 9.02464 1.54127 2.12077 2.53887 2.99771 2.10726 3.90973 2.51423 1.71496 1.53226 1.53089 1.47571 1.94627 1.93851 1.67406
threshold=33.719999313354499 0.010995421340008391 -0.0031404646228889162 -0.071455509470426767 -0.10625241864238354 0.033895060680895713 0.027150340310615032 0.015828075684331647 0.019654390703208072 0.02573480883905466 0.028003232862589215 0.014776442004869829 0.013370949203247886 -0.042370343814534299 0.0058855718957657741 0.020793253578218044 0.012020737458552368 -0.023938025174318197 0.0077210004774342931 0.045869394271907844 0.03185667079652655 0.023327043261754058 -0.0054293361358405115 -0.012208082007479802 -0.12635401997537379 14.84500026702881 27.070000648498539 0.040951993391927573 0.11927434384443127 0.009431747271499093
decision_type=2 2 2 2 8 2 2 2 2 2 2 2 2 2 2 2 2 2 2 10 2 2 2 2 2 2 2 2 2 2
left_child=1 24 3 -2 26 6 7 9 -9 12 11 -11 -6 14 15 -14 17 -12 20 -20 21 23 -23 -19 -1 -13 27 29 -29 -3
right_child=2 4 -4 -5 5 -7 -8 8 -10 10 16 25 13 -15 -16 -17 -18 18 19 -21 -22 22 -24 -25 -26 -27 -28 28 -30 -31
leaf_value=0.0002864464726574899 -9.2474825089945473e-05 1.6356216152692906e-05 0.0013589724906160876 0.00033698999552470889 -6.5485490334173903e-06 0.00021645253553622025 0.00092674520486251072 -0.00020217362186247692 0.00026177763259777672 -3.8777266712036745e-05 0.0006671661783077161 0.00031077472459048629 0.0013134366198113959 -0.00022754766651243981 -0.0001386580544401593 -0.00038430629461872395 -0.00033070664979249808 0.00019454672169786095 -0.00011789064107446277 0.00052190986965455365 -0.0004260686092516489 0.00044442610419591236 0.00017723874349724416 -0.00025711261281339442 -0.00012078009496555593 0.00072350862268926027 -0.00022686423642601485 0.00039319424466242777 -0.0002281228336797983 0.00030096094699855858
leaf_weight=63 71 857 44 62 9746 586 79 816 76 68 75 45 72 1995 398 61 160 76 76 65 272 55 58 240 4284 80 114 265 60 186
leaf_count=63 71 857 44 62 9746 586 79 816 76 68 75 45 72 1995 398 61 160 76 76 65 272 55 58 240 4284 80 114 265 60 186
internal_value=-0.000292586 -0.000360284 0.00771186 0.00402256 -2.74422e-05 -0.000204982 -0.000317992 -0.000361647 -0.00242153 -0.000225965 0.00145669 0.00873057 -0.000400099 -0.0016152 0.00140301 0.0107895 0.000153202 0.000943292 0.000225652 0.00634752 -0.00100571 0.00117715 0.00915929 -0.00167722 -0.00162986 0.0146 0.00178138 0.00223684 0.00561538 0.00118408
internal_weight=21105 20928 177 133 16581 15099 14513 14434 892 13542 1270 193 12272 2526 531 133 1077 917 842 141 701 429 113 316 4347 125 1482 1368 325 1043
internal_count=21105 20928 177 133 16581 15099 14513 14434 892 13542 1270 193 12272 2526 531 133 1077 917 842 141 701 429 113 316 4347 125 1482 1368 325 1043
is_linear=0
shrinkage=0.05


Tree=16
num_leaves=31
num_cat=0
split_feature=4 6 7 14 13 8 15 4 8 10 10 15 12 11 3 4 12 13 12 13 14 7 6 15 10 15 7 6 15 15
split_gain=4.34493 2.74033 2.17413 2.22901 1.72237 4.28656 1.68865 1.59013 1.45585 1.43025 2.22487 1.98544 1.60763 5.07498 3.95621 1.43147 1.30939 1.88965 1.27935 1.24825 1.51681 1.30305 1.61142 1.21022 1.29668 2.51405 4.20182 1.34857 1.16082 1.12651
threshold=0.030149798484160543 -0.12276560443400218 -0.092848156001715629 0.072802606011034846 12.230000019073488 0.049312141000419592 -0.0072651478495820423 0.024455592625624762 0.033322572846990813 0.0017576086312266483 -0.00032910351187348525 -0.0091279391932534964 0.018681855298992137 -0.020171834808393903 0.0020820002867963931 0.022668635810577608 -0.050232690438178178 26.494999885559086 0.01609265809314964 13.484999656677248 -0.01786915050429105 0.0029959833859639633 -1.2589610463863066 0.020700066539709353 0.0077210004774342931 0.0036212793752971044 -0.037382329717920652 0.52891976492193027 -0.0052063211816523727 0.016091872743017269
decision_type=2 2 2 2 2 10 2 2 8 2 2 2 2 2 2 2 2 2 2 2 2 2 2 2 2 2 2 2 2 2
left_child=1 7 3 -2 5 -3 9 -1 -9 10 12 18 15 -14 -15 -6 17 -17 -12 20 -4 22 -21 24 27 -26 -27 -24 -29 -8
right_child=2 4 19 -5 6 -7 29 8 -10 -11 11 -13 13 14 -16 16 -18 -19 -20 21 -22 -23 23 -25 25 26 -28 28 -30 -31
leaf_value=-9.2039885068007793e-05 0.00024532335008340512 -0.00018945029585311823 1.045573126772844e-06 0.0013020982005071187 -0.00015523006201911054 0.0014626893543266666 -8.0402201272888937e-06 8.4950841765508159e-05 -0.00016325479091267026 -0.00018474961674995786 0.00049965901476975005 5.2180324698102036e-05 0.00047417988965134774 -2.0791771687968678e-05 0.00050389673693376888 0.00036801663995416223 9.922978264195322e-07 5.7745581184492158e-05 0.00028994497688869704 0.00037985101217498298 0.0007541132544535542 -5.4067206680227582e-05 1.2978866839704261e-05 -0.00026206631987312016 -1.2860997695525808e-05 0.00084437924804766674 0.00012280395470304828 0.00056076740049905665 6.0069964844251942e-05 -0.00016638756971834712
leaf_weight=8324 126 56 56 71 470 42 5997 1415 616 320 57 105 55 414 71 55 286 81 80 51 63 536 644 79 99 58 63 79 70 621
leaf_count=8324 126 56 56 71 470 42 5997 1415 616 320 57 105 55 414 71 55 286 81 80 51 63 536 644 79 99 58 63 79 70 621
internal_value=-0.000277779 -0.000510098 0.00194235 0.00692893 0.000143512 0.00673469 6.85079e-05 -0.00105988 0.000194484 0.00134403 0.00192951 0.00636364 0.00118017 0.00333333 0.00170103 -0.00012332 0.00199052 0.00602941 0.0103285 0.00139599 0.00634454 0.00104526 0.00199912 0.00159341 0.00205824 0.00545454 0.0102893 0.00111601 0.00540268 -0.000315807
internal_weight=21060 19065 1995 197 8710 98 8612 10355 2031 1994 1674 242 1432 540 485 892 422 136 137 1798 119 1679 1143 1092 1013 220 121 793 149 6618
internal_count=21060 19065 1995 197 8710 98 8612 10355 2031 1994 1674 242 1432 540 485 892 422 136 137 1798 119 1679 1143 1092 1013 220 121 793 149 6618
is_linear=0
shrinkage=0.05


Tree=17
num_leaves=31
num_cat=0
split_feature=9 5 6 15 16 10 10 12 11 11 15 11 14 12 1 15 14 3 6 9 3 14 15 15 12 15 6 14 12 12
split_gain=4.96885 2.93116 2.0779 1.68198 1.47985 1.9705 2.91205 4.922 5.13016 6.18842 4.54555 2.0702 1.92613 3.04146 2.60433 2.52175 1.91535 1.91415 1.88366 1.73821 1.97673 1.69529 4.82489 1.50553 1.47887 2.67941 1.40867 1.56783 2.40537 1.40522
threshold=-0.12325186683444016 0.01183161181854807 1.4480223313144467 -0.024658219995774774 -0.00050981443333281129 -0.00020808109627140634 -0.002449885434601728 -0.0016966552105460717 0.01199540999330473 0.0079258155566226413 -0.0041917768313184936 0.026483501755781628 -0.034191014747727892 0.0094949334570126904 0.0095641491836941945 -0.00049921598138963341 -0.086337752297859935 0.009998213427048987 0.15471855565395307 0.042605688332699516 -0.0019945023180640282 -0.12635401997537379 0.0063740579705371401 0.027150340310615032 -0.027198413534659901 0.012960292557397947 -0.09971374944190961 -0.12096344977185801 0.016494776846734397 0.04024441514895117
decision_type=8 2 2 2 2 2 2 2 2 2 2 2 2 2 2 2 2 2 2 8 2 2 2 2 2 2 2 2 2 2
left_child=3 26 4 -1 5 6 17 -8 9 10 -9 12 13 24 16 -16 -15 18 -3 20 -13 22 -6 -23 25 -7 -2 28 -28 -20
right_child=1 2 -4 -5 21 11 7 8 -10 -11 -12 19 -14 14 15 -17 -18 -19 29 -21 -22 23 -24 -25 -26 -27 27 -29 -30 -31
leaf_value=0.0014136652344705716 -0.00014396424707383156 -4.3738227446216572e-05 0.00013917236580494603 0.00020342568952771891 0.000645943859349591 -0.0001190645500004044 -0.00016388434849032199 -0.00010478655718867089 -3.8701884344596882e-05 0.0012167172496389334 0.00075794823496144964 0.00040666050900226469 -0.00024899486165291302 0.00028855950031808544 6.2446503740566571e-05 0.00065398389654503127 7.3850186972215796e-06 0.00050477999197889748 7.3267198505627953e-05 0.00044474344837602239 -0.00015781677254759051 -7.0542864570319515e-05 -0.00026787361872035621 0.0010668007748409114 -0.00032662366122212708 0.00039788253003192038 -4.0894518638621801e-05 -6.1442215573114453e-05 0.00036978318555895876 0.00070367880798085497
leaf_weight=55 3489 1483 1307 1127 75 262 196 107 130 73 100 40 1085 77 46 56 407 65 526 61 77 6431 102 40 453 48 62 3007 44 66
leaf_count=55 3489 1483 1307 1127 75 262 196 107 130 73 100 40 1085 77 46 56 407 65 526 61 77 6431 102 40 453 48 62 3007 44 66
internal_value=-0.000323981 -0.000510923 -8.37539e-05 0.00282572 -0.000289856 0.00032848 0.00126366 0.00432343 0.00743902 0.01125 0.00683575 -0.000654672 -0.00103533 0.000226092 0.00293515 0.0101961 0.00140496 0.000397195 0.000132529 0.00455056 0.000982905 -0.000788208 0.00403955 -0.000920261 -0.00185452 0.00080645 -0.00137231 -0.000599102 0.00537736 0.00251689
internal_weight=21097 19915 13313 1182 12006 5358 2746 606 410 280 207 2612 2434 1349 586 102 484 2140 2075 178 117 6648 177 6471 763 310 6602 3113 106 592
internal_count=21097 19915 13313 1182 12006 5358 2746 606 410 280 207 2612 2434 1349 586 102 484 2140 2075 178 117 6648 177 6471 763 310 6602 3113 106 592
is_linear=0
shrinkage=0.05


Tree=18
num_leaves=31
num_cat=0
split_feature=9 12 6 13 2 15 8 14 12 0 12 12 15 13 13 15 15 10 3 14 14 11 11 11 11 2 11 11 11 11
split_gain=3.80635 2.17302 2.12158 2.31463 4.36949 1.87076 1.57671 1.61938 3.49262 2.30209 1.40807 5.59723 2.11158 1.6041 2.29493 4.79501 1.69218 4.36772 1.3706 1.48913 2.84739 2.71627 1.34679 4.82177 1.52126 1.82342 2.49406 2.11245 1.57893 2.87913
threshold=-0.11788931508810833 -0.0800835440536906 0.16523342706034425 12.230000019073488 0.040725308684146262 0.015828075684331647 -0.0048909556861785322 -0.091137781806863202 0.02751670136279594 0.0050381269745994892 0.078665410711505027 0.082959740110242888 -0.0054307343272703137 13.085000038146974 13.484999656677248 -0.0093483380074446103 0.012745561406979246 0.00069579143919507047 -0.0061555667980755504 0.10600204873107434 0.040951993391927573 0.023858955233929894 0.026101740885835282 0.028003232862589215 0.013370949203247886 -0.022845176950322895 0.012210489302713847 -0.020756014565235011 0.0056452584945124737 0.006555889816587058
decision_type=8 2 2 2 2 2 8 2 2 2 2 2 2 2 2 2 2 2 2 2 2 2 2 2 2 2 2 2 2 2
left_child=1 -1 6 4 -4 10 7 8 -2 -10 13 -12 -13 -5 15 -15 -16 -18 19 20 21 -3 24 -24 25 -9 27 -27 -29 -30
right_child=2 18 3 5 -6 -7 -8 22 9 -11 11 12 -14 14 16 -17 17 -19 -20 -21 -22 -23 23 -25 -26 26 -28 28 29 -31
leaf_value=0.0011867516640733326 2.8123731441958916e-05 -5.3416631487946632e-06 -1.9624448162454325e-05 -0.00023329881781803519 0.0013824876458083425 -0.0001788257838954495 -8.9280979171597847e-05 -4.7425305074863999e-05 0.00015570153546046262 0.00079023664804895265 0.00093275299883901076 0.00044707058671513398 -0.00038134141872726471 0.00069556820237058571 1.1384049654676739e-05 0.00017510955581948655 0.00056405206486002143 6.3839559412465281e-05 0.00012007145413026888 -0.00014095460635555858 0.0012352981404984164 0.00056702555770380976 0.00056840643631157349 3.8999227739324602e-05 -0.00018897591496207719 0.00025843828213416119 0.00039874516152666947 -6.3812459075061431e-05 0.00060911960150808085 9.4455910487997946e-05
leaf_weight=60 267 126 43 359 42 553 7617 2422 40 41 43 74 114 57 4982 258 48 171 979 57 73 42 70 445 861 96 53 795 49 280
leaf_count=60 267 126 43 359 42 553 7617 2422 40 41 43 74 114 57 4982 258 48 171 979 57 73 42 70 445 861 96 53 795 49 280
internal_value=-0.000214757 0.00236724 -0.000389283 0.000330663 0.00852941 0.000226009 -0.000761738 -0.0001098 0.00318965 0.0122839 0.000478217 0.00430736 0.000585105 0.000327658 0.000538432 0.00468254 0.000287444 0.00458904 0.0019303 0.00489933 0.00661826 0.00303571 -0.000336227 0.00208738 -0.000610186 -0.000169149 0.00136292 0.000901638 0.000293593 0.00320669
internal_weight=21117 1337 19780 6744 85 6659 13036 5419 348 81 6106 231 188 5875 5516 315 5201 219 1277 298 241 168 5071 515 4556 3695 1273 1220 1124 329
internal_count=21117 1337 19780 6744 85 6659 13036 5419 348 81 6106 231 188 5875 5516 315 5201 219 1277 298 241 168 5071 515 4556 3695 1273 1220 1124 329
is_linear=0
shrinkage=0.05


Tree=19
num_leaves=31
num_cat=0
split_feature=13 5 10 15 8 13 15 10 14 8 10 13 11 15 16 10 16 11 12 15 8 1 16 10 15 11 11 16 11 14
split_gain=4.04438 3.30268 2.74219 3.59832 1.68528 5.19911 2.39566 2.5943 3.26104 1.99785 1.8322 3.46201 2.64357 5.89889 3.88442 2.22087 2.97153 2.50626 5.68925 1.99077 1.69674 2.0488 1.67078 1.81243 3.42706 4.00362 7.6652 6.2193 3.38269 3.1222
threshold=33.719999313354499 0.011417178888588076 -0.029463592833469218 -0.024658219995774774 0.033322572846990813 12.230000019073488 0.013077762047719045 0.018838465196602486 -0.12096344977185801 -0.039189619630286714 0.0089823327220962552 21.295000076293949 0.013609022082518242 0.0066554024450807834 0.012162699149280145 0.0032283731128327502 0.055569038521206766 -0.023324981642921735 0.017951128324421587 0.0050773519777227447 -0.020950736857296533 -0.011309973552858564 -0.046094609706226579 -0.0045277696636227818 -0.0072651478495820423 0.00053831818388905283 0.012360939559302066 0.0055484941105843353 0.010325604265528312 0.054586954999164335
decision_type=2 2 2 2 8 2 2 2 2 10 2 2 2 2 2 2 2 2 2 2 10 2 2 2 2 2 2 2 2 2
left_child=1 -1 -2 -4 6 -6 10 -8 -9 -10 15 12 13 19 -14 17 -17 18 -3 20 21 -12 -19 -24 25 -25 27 28 -27 -26
right_child=2 4 3 -5 5 -7 7 8 9 -11 11 -13 14 -15 -16 16 -18 22 -20 -21 -22 -23 23 24 29 26 -28 -29 -30 -31
leaf_value=-9.3462956196226088e-05 -0.00017356665919531471 0.0001530132263155284 0.0013172241601918191 7.0414246340782917e-05 0.0013077650175300634 -6.605293817290984e-05 -0.00018870461421795475 -0.00027422779522724949 0.00098485428482521296 0.0002923987173290619 0.00021542899047344961 -0.00036527716566729109 -0.0002030853774019248 3.8474518897432392e-05 0.00054272745055002861 -9.2890182774558279e-05 0.00049581371154319633 0.00035217041745680167 0.00074079829695752203 0.0012206895980990543 0.00012841648689588311 0.0004286658600900755 -5.7446802193872722e-05 -0.00014514896612802922 -2.2794853846543686e-05 0.00055700800186867818 8.8919213046367515e-05 -0.00050565491614360609 0.0019522200199369934 0.0004099058839499831
leaf_weight=5381 55 637 54 77 70 5088 936 85 40 51 54 206 252 242 170 2007 40 62 41 70 80 69 1752 212 2565 122 317 53 42 236
leaf_count=5381 55 637 54 77 70 5088 936 85 40 51 54 206 252 242 170 2007 40 62 41 70 80 69 1752 212 2565 122 317 53 42 236
internal_value=-0.000243522 -0.000308909 0.00709677 0.0110305 6.16157e-05 -0.00067662 0.000429841 -0.00176259 0.00380682 0.0103846 0.000694007 0.0025678 0.00385806 0.00626213 0.000924169 0.000429136 -0.000994139 0.000911574 0.00377581 0.0113004 0.0087931 0.0124797 0.000549337 0.000453858 0.00110375 0.00411528 0.00642322 0.0136636 0.0184756 0.000301677
internal_weight=21066 20880 186 131 15499 5158 10341 1112 176 91 9229 1143 937 515 422 8086 2047 6039 678 273 203 123 5361 5299 3547 746 534 217 164 2801
internal_count=21066 20880 186 131 15499 5158 10341 1112 176 91 9229 1143 937 515 422 8086 2047 6039 678 273 203 123 5361 5299 3547 746 534 217 164 2801
is_linear=0
shrinkage=0.05


Tree=20
num_leaves=31
num_cat=0
split_feature=5 7 16 9 11 11 13 2 14 15 1 11 11 14 15 14 2 12 3 11 12 14 12 16 16 3 2 11 11 14
split_gain=3.82851 2.55636 2.1089 1.90551 1.79803 1.74924 4.30873 2.24839 2.72334 2.65743 2.87427 2.01193 3.93129 6.62235 2.1573 3.09572 2.402 2.1044 4.53782 1.96713 1.75326 1.98283 2.29552 1.74751 2.29687 1.70973 1.62589 1.61618 2.4406 2.90688
threshold=0.017454942828510105 -0.11815296653224693 0.044154562659851411 -0.15814208537447458 -0.0071962553700703471 -0.0081164241286432719 13.824999809265138 0.0007342840875527169 -0.019792958121071843 0.011163706432788635 -0.042449049674016685 0.02573480883905466 0.029571955445533264 -0.05546753287916955 -0.015207941714308114 0.018374042720191389 -0.073343530993293646 0.035732365029541142 -0.0035256929210478179 -0.0086028412340181642 0.014776442004869829 -0.037220785866969024 0.028194980259768524 0.040671965546648543 0.038613830636895725 0.0081320706210278332 0.041524234959994806 -0.023324981642921735 -0.026323618530511902 0.028010740507291913
decision_type=2 2 2 8 2 2 2 2 2 2 2 2 2 2 2 2 2 2 2 2 2 2 2 2 2 2 2 2 2 2
left_child=3 -2 -3 4 -1 6 -5 19 25 10 -10 14 13 -13 15 17 -17 -7 -19 -8 -15 -22 -23 24 -14 -9 -11 28 -12 -30
right_child=1 2 -4 5 -6 11 7 8 9 26 27 12 23 20 -16 16 -18 18 -20 -21 21 22 -24 -25 -26 -27 -28 -29 29 -31
leaf_value=-0.00010977880503755258 0.0012435506005929343 0.00014411266423470514 -0.00032906739651920717 0.00030043107132488874 0.00041085845662699723 1.817177013352463e-05 -3.9687319464912289e-05 -0.00024681602533719503 0.00044348769379744994 0.00015931366099714332 0.00010669997856049586 0.00076340359022598805 -1.6792531365634813e-05 -7.5888962759103345e-05 -9.4571950036542694e-05 0.0002954980117516513 -0.00013229272242473174 9.7459990843456426e-05 0.00047248235432750774 0.00030474628494560487 -0.00047406447983507934 0.00047009580085486091 0.00017320303882884395 -0.00047777152332176579 0.00046712661658296128 0.00015399921905986352 0.00032580937360459175 2.4196348058044507e-05 0.00041174402296620855 0.00029801464687975715
leaf_weight=88 72 2115 188 54 93 74 2442 428 50 43 205 50 869 133 11946 85 390 60 42 55 42 66 167 277 82 55 46 704 45 58
leaf_count=88 72 2115 188 54 93 74 2442 428 50 43 205 50 869 133 11946 85 390 60 42 55 42 66 167 277 82 55 46 704 45 58
internal_value=-0.000195968 0.00169474 0.00140469 -0.000436754 0.00466851 -0.000486789 0.000412185 0.000228757 0.00167075 0.00299305 0.00229755 -0.000750194 0.000871885 0.00482533 -0.000967295 0.00183564 -0.000263159 0.0075 0.0121569 -0.000714859 0.00272059 0.005 0.00680257 -0.000602607 0.000415351 -0.00148033 0.0112921 0.00171937 0.00474026 0.0110194
internal_weight=21024 2375 2303 18649 181 18468 4185 4131 1634 1151 1062 14283 1686 458 12597 651 475 176 102 2497 408 275 233 1228 951 483 89 1012 308 103
internal_count=21024 2375 2303 18649 181 18468 4185 4131 1634 1151 1062 14283 1686 458 12597 651 475 176 102 2497 408 275 233 1228 951 483 89 1012 308 103
is_linear=0
shrinkage=0.05


Tree=21
num_leaves=31
num_cat=0
split_feature=4 13 15 10 10 8 16 14 15 7 15 0 10 10 8 1 15 10 16 14 15 15 15 10 13 13 12 1 6 13
split_gain=2.63088 2.31574 1.7162 2.26795 1.88949 2.69323 1.73006 5.48917 6.1791 2.73635 1.92768 1.81901 1.74545 2.23713 2.01749 2.03172 2.06915 2.89583 1.64206 1.75413 2.30809 2.20889 4.96598 4.05525 3.76708 3.0892 1.99251 2.17872 1.95477 1.87217
threshold=0.020586290643168633 46.145000457763679 0.015828075684331647 0.018838465196602486 0.020743044846024853 -0.009908515335380395 0.022475893036316589 -0.051474636784154308 0.0067551469828047725 -0.04742718579703508 0.012960292557397947 0.0083138453151513376 0.0027596163700298608 0.0066149119046357016 0.0048489044274496748 -0.002949745386383817 -0.00072706691451046568 0.0099380285822571208 0.0061384411119859159 0.10600204873107434 -0.0053002632353952297 -0.0085577080472021266 -0.0083757229334068799 -0.00098146470718468693 18.444999694824222 20.255000114440922 0.040838161547757219 -0.011664032908188736 1.7793129715385585 14.244999885559084
decision_type=2 2 2 2 2 10 2 2 2 2 2 2 2 2 10 2 2 2 2 2 2 2 2 2 2 2 2 2 2 2
left_child=-1 2 6 -4 5 -5 12 8 11 -9 -11 -8 18 -14 15 -15 -17 -18 19 20 21 26 23 -23 -24 -26 28 29 -2 -28
right_child=1 -3 3 4 -6 -7 7 9 -10 10 -12 -13 13 14 -16 16 17 -19 -20 -21 -22 22 24 -25 25 -27 27 -29 -30 -31
leaf_value=-5.9562543492061316e-05 1.4519665763704158e-05 0.0011884155296058149 -0.00018561596544384537 0.00093335441888127012 -0.00027518484211551836 1.7702728465824887e-05 0.00075018827896005877 0.00081830911189404657 9.2486380607324989e-05 -3.8036214400105186e-05 0.00026508062368277882 0.00053873001597381403 -0.00020036067430090297 -1.2755028858786453e-05 -0.00010761227367181339 -0.00039694479609816573 0.0005252691932135905 0.00013253457723098918 -8.9101870231240231e-05 -7.6991392549032622e-05 2.5282981087427105e-05 0.0002165894302226728 -1.8351067824233559e-05 0.0017472651146554262 0.00053964813284662031 0.00018676589642653904 0.00018632354419958032 -6.1409756986540963e-05 0.00033699668592013492 0.00075183505342891143
leaf_weight=9261 1014 50 673 47 85 58 75 54 129 1164 102 43 1370 766 756 83 181 230 1319 814 2025 42 250 43 47 84 53 45 108 43
leaf_count=9261 1014 50 673 47 85 58 75 54 129 1164 102 43 1370 766 756 83 181 230 1319 814 2025 42 250 43 47 84 53 45 108 43
internal_value=-0.000234131 0.000262485 0.00021661 -0.00192932 0.00289474 0.00738095 0.000387453 0.00192406 0.00876518 0.000643938 0.000173774 0.0170339 0.000127789 -0.000776729 0.000282737 0.00150794 0.0040081 0.00546229 0.000648037 0.00109676 0.00155301 0.00289474 0.00583691 0.0167647 0.00339895 0.0102672 0.00180918 0.00741135 0.00110517 0.0116667
internal_weight=21014 11753 11703 863 190 105 10840 1567 247 1320 1266 118 9273 3386 2016 1260 494 411 5887 4568 3754 1729 466 85 381 131 1263 141 1122 96
internal_count=21014 11753 11703 863 190 105 10840 1567 247 1320 1266 118 9273 3386 2016 1260 494 411 5887 4568 3754 1729 466 85 381 131 1263 141 1122 96
is_linear=0
shrinkage=0.05


Tree=22
num_leaves=31
num_cat=0
split_feature=9 11 11 10 13 4 16 16 14 9 16 16 15 16 15 15 14 13 10 10 15 0 0 11 11 12 10 10 12 15
split_gain=3.56907 2.18657 3.10302 3.94982 2.99323 2.11799 2.37898 3.80093 3.34841 5.03784 4.43841 2.11043 2.00267 4.08161 3.99622 3.7375 4.11797 2.0654 1.96973 3.80263 1.9667 2.37449 1.90131 1.90007 4.01005 1.77882 1.7506 3.23604 2.84252 2.55543
threshold=-0.12622887092036014 -0.0081164241286432719 -0.0086028412340181642 0.0050045154394297029 13.824999809265138 0.018297781929081759 0.022475893036316589 0.040671965546648543 -0.051474636784154308 -0.10787203431436464 0.038613830636895725 0.044154562659851411 -0.0072651478495820423 -0.013391853433803889 -0.0075236564614579162 -0.0085577080472021266 0.021414189458355607 16.345000267028812 0.0045502623367793546 0.0046302571828166226 0.012074295160052874 0.010926295219395478 0.0067147019376524461 0.0013310128060490813 0.00053831818388905283 -0.032606247407298776 -0.0020576212459770811 -0.0072745110629502388 -0.049048436065559579 -0.010811383737407363
decision_type=8 2 2 2 2 2 2 2 2 10 2 2 2 2 2 2 2 2 2 2 2 2 2 2 2 2 2 2 2 2
left_child=-1 2 4 -4 -2 11 12 8 9 -8 -10 -3 13 15 25 17 -17 -7 -14 -20 21 -11 -12 24 -21 -15 27 28 29 -6
right_child=1 5 3 -5 26 6 7 -9 10 20 22 -13 18 14 -16 16 -18 -19 19 23 -22 -23 -24 -25 -26 -27 -28 -29 -30 -31
leaf_value=0.0001912233634282886 0.0004620244806425478 -0.00012779493105595136 0.00042816531275243928 -0.00016725933780710334 0.0003564830572309531 -2.3648286846437863e-05 0.00091039350588239328 -0.00015060708025169494 2.392882892442939e-05 0.00013599105981112724 0.00021134405972332337 0.00019838242892986346 -0.00014299922683348992 0.0001422653714501841 0.00046340859591695945 0.00017027305917246104 0.0014501501995118581 0.00026796258017515245 0.0012254132852032756 3.3165549793590061e-05 -0.00023548629667972796 0.00037087183830613994 0.0010093579383621115 -7.6145335526906467e-05 0.00078825069499535998 -0.00012577051428858314 -6.4079627039774346e-05 0.00015265976413552545 -0.00015152946570884016 -9.3735322164819381e-05
leaf_weight=1100 52 4310 100 55 213 250 74 803 1151 109 49 91 4099 45 79 46 41 207 43 502 82 40 55 2114 62 1156 1734 1079 1178 147
leaf_count=1100 52 4310 100 55 213 250 74 803 1151 109 49 91 4099 45 79 46 41 207 43 502 82 40 55 2114 62 1156 1734 1079 1178 147
internal_value=-0.000181811 -0.00033457 0.000627467 0.00758064 0.000382692 -0.00061916 -0.000248479 0.00115743 0.00259615 0.00729508 0.00145418 -0.00154624 -0.00063281 0.000838815 -0.000703126 0.00446691 0.0139655 0.00265864 -0.00102639 1.65368e-05 0.00365801 0.00708054 0.0113462 -0.000220315 0.00235815 -0.00141965 0.000240173 0.00105655 -0.000416126 0.00347222
internal_weight=21066 19966 4558 155 4403 15408 11007 2363 1560 305 1255 4401 8644 1824 1280 544 87 457 6820 2721 231 149 104 2678 564 1201 4351 2617 1538 360
internal_count=21066 19966 4558 155 4403 15408 11007 2363 1560 305 1255 4401 8644 1824 1280 544 87 457 6820 2721 231 149 104 2678 564 1201 4351 2617 1538 360
is_linear=0
shrinkage=0.05


Tree=23
num_leaves=31
num_cat=0
split_feature=16 10 4 6 13 13 15 12 16 16 13 12 9 15 11 13 16 14 15 16 5 10 10 13 9 1 10 10 9 7
split_gain=4.22327 5.47043 2.43267 2.23749 1.6766 1.7241 1.16524 1.71113 1.51506 4.35482 5.12689 1.99785 1.6338 1.73872 1.45385 1.85658 1.77517 3.12372 2.76379 2.61899 2.29971 1.37462 1.72574 1.43101 1.26493 1.23601 1.23455 2.75226 1.86867 2.50856
threshold=-0.065169216229391022 -0.0018259871478111254 0.031607662425425266 -0.3463871207131422 31.844999313354496 22.429999351501468 -0.0072651478495820423 0.088559011453246086 0.028020493240257908 0.029431044656510367 14.765000343322756 -0.0045413562786246189 0.076055641366179608 0.010086215064229133 -0.0070947628288289813 22.270000457763675 -0.0031840250581080527 -0.016820561404990383 0.011163706432788635 -0.012585287810293498 0.011447453234506267 -0.0019995702881753781 -0.0017365024253572778 16.164999961853031 -0.073547177432145769 -0.018036508481858945 0.0015949691897426679 -0.0045277696636227818 -0.022336327693769305 -0.019194830241778312
decision_type=2 2 2 2 2 2 2 2 2 2 2 2 10 2 2 2 2 2 2 2 2 2 2 2 8 2 2 2 10 2
left_child=1 -1 3 -2 5 -3 7 26 14 10 -10 12 13 -11 15 16 17 -8 19 -19 -21 -16 23 -23 -24 -22 27 -5 29 -29
right_child=2 4 -4 6 -6 -7 8 -9 9 11 -12 -13 -14 -15 21 -17 -18 18 -20 20 25 22 24 -25 -26 -27 -28 28 -30 -31
leaf_value=0.0011204601084517742 -7.2927035186184331e-05 -0.00010242471317272835 9.4750466007628644e-05 -2.0207573870055861e-05 -0.0010627335881897557 0.00036128977941829644 -2.3645780778198393e-05 0.00059740765180394729 0.00095042823919730022 0.00055746301572392879 9.8842019639005781e-05 -2.6835098513526282e-05 0.00053217271519782981 -0.00034507555025093366 -0.00018439665637267285 -0.00020961873234929933 -6.0062960693152663e-05 2.843377777254822e-05 0.00039909381834456951 8.0957661653224036e-05 0.00021279867376557436 0.00050221536265090646 0.00014970089479381381 -6.7456474090275188e-05 -7.3629408061020923e-05 0.00068020791899494107 -0.00012555605397896724 0.00016694509864086015 4.3011423287159181e-05 0.00039035412798477402
leaf_weight=52 8267 48 1479 1205 53 52 337 54 48 71 67 983 46 56 1139 394 661 207 41 101 49 41 461 40 3770 66 439 222 345 205
leaf_count=52 8267 48 1479 1205 53 52 337 54 48 71 67 983 46 56 1139 394 661 207 41 101 49 41 461 40 3770 66 439 222 345 205
internal_value=-0.000190248 0.00695122 -0.000260653 -0.000410304 0.00218954 0.006 5.52124e-05 0.00101214 -0.000220332 0.00137293 0.0106522 0.000449826 0.00540462 0.00248031 -0.000497469 0.000711206 0.00153215 0.00311486 0.00577586 0.00457447 0.00842592 -0.000909009 -0.000500929 0.00672839 -0.00063933 0.0132609 0.000815396 0.001348 0.00367876 0.00588993
internal_weight=20999 205 20794 19315 153 100 11048 2470 8578 1271 115 1156 173 127 7307 1856 1462 801 464 423 216 5451 4312 81 4231 115 2416 1977 772 427
internal_count=20999 205 20794 19315 153 100 11048 2470 8578 1271 115 1156 173 127 7307 1856 1462 801 464 423 216 5451 4312 81 4231 115 2416 1977 772 427
is_linear=0
shrinkage=0.05


Tree=24
num_leaves=31
num_cat=0
split_feature=16 3 8 6 13 8 5 10 14 10 15 15 16 10 13 10 10 16 16 10 15 2 11 8 11 13 13 13 15 11
split_gain=3.19516 3.86795 2.91432 2.02625 1.64052 1.60227 2.27705 1.65559 2.90536 3.41486 1.80413 5.38697 2.37608 1.90352 1.90005 2.16594 1.78718 1.98256 1.68373 5.17071 2.54439 2.4033 3.04122 2.23256 2.1584 2.88602 1.87505 5.4088 3.98277 2.63396
threshold=-0.065169216229391022 -0.0034495380098583102 -0.10404499493445789 0.52891976492193027 12.230000019073488 0.035417229848144112 0.0098627344762316337 0.0089823327220962552 -0.022227674526148929 0.010510737947986739 0.0066554024450807834 0.0030862552647784596 0.023757453775392515 0.019654390703208072 16.894999504089359 0.011869721142281022 0.0029261578835271256 0.048526925274887563 0.0018631302066854929 0.0024569690177319585 0.0039010392457599079 0.0068607135157751084 -0.020171834808393903 0.011517999496386768 -0.014526458794264228 18.974999427795414 15.464999675750734 14.734999656677248 -0.0070215865073746655 -0.0019949818348388155
decision_type=2 2 8 2 2 8 2 2 2 2 2 2 2 2 2 2 2 2 2 2 2 2 2 10 2 2 2 2 2 2
left_child=1 -1 -3 5 -5 6 -2 16 10 -10 11 12 -9 -12 -13 -16 18 -18 21 24 -21 26 23 -23 25 -20 27 -8 -29 -30
right_child=3 2 -4 4 -6 -7 7 8 9 -11 13 14 -14 -15 15 -17 17 -19 19 20 -22 22 -24 -25 -26 -27 -28 28 29 -31
leaf_value=-0.00021414503486826401 -0.00017962211176891451 0.0010449549551103231 0.00021049450269621358 0.0010912749484231772 3.7339708953627828e-05 -9.3157676165829791e-05 -3.6039734872474133e-07 -0.00010641390364276084 0.00082382496145481064 -0.00039016612237967899 -0.00013661378070494037 0.00081030118614275684 0.00049652621927139158 0.00019203845292232736 -0.00027126079517512085 0.00048304831550480373 -0.00011838439516710181 0.00030059261702812518 0.000814087028869626 8.7232837758886684e-05 0.00058336141981646394 0.00050343292867623612 0.00010944381561879855 0.00023352965204602086 -0.00015401400316738287 5.5653778268721533e-06 -2.1723806934581927e-05 0.00126767964026137 0.00034139835003800577 -0.00028451935449800035
leaf_weight=75 1155 48 81 62 4860 4605 570 349 131 54 631 79 51 93 49 47 2461 53 50 79 44 41 773 43 2176 169 2020 64 42 66
leaf_count=75 1155 48 81 62 4860 4605 570 349 131 54 631 79 51 93 49 47 2461 53 50 79 44 41 773 43 2176 169 2020 64 42 66
internal_value=-0.000197661 0.00602941 0.0112791 -0.000258684 0.000627792 -0.000533188 -0.000212579 2.71325e-05 0.00157008 0.00743243 0.00073518 0.00282609 -0.000375001 -0.000925416 0.0101429 0.00541667 -0.000237546 -0.00136038 0.00022242 -0.000770454 0.00922764 0.000913235 0.00322637 0.0122619 -0.00128393 0.00344749 0.000195509 0.00234501 0.0101163 0.00425926
internal_weight=21021 204 129 20817 4922 15895 11290 10135 1484 185 1299 575 400 724 175 96 8651 2514 6137 2518 123 3619 857 84 2395 219 2762 742 172 108
internal_count=21021 204 129 20817 4922 15895 11290 10135 1484 185 1299 575 400 724 175 96 8651 2514 6137 2518 123 3619 857 84 2395 219 2762 742 172 108
is_linear=0
shrinkage=0.05


Tree=25
num_leaves=31
num_cat=0
split_feature=9 6 14 10 1 3 5 13 2 15 16 0 6 8 13 13 13 10 15 12 15 2 10 15 9 3 5 15 2 15
split_gain=3.31934 2.3694 1.68891 2.37166 2.33384 2.14785 1.6208 1.33228 2.81839 1.47468 1.4341 1.42708 1.41905 1.07855 0.971679 3.74135 3.01714 2.48713 2.167 1.51291 1.07391 0.969738 0.947587 1.29416 1.92036 0.92062 0.910548 0.906005 1.15294 0.895225
threshold=-0.15814208537447458 -0.12276560443400218 0.040951993391927573 0.0096673329469677566 -0.054840413307942808 0.0046443624626251187 0.014123016201402492 12.230000019073488 0.065028559081113171 0.015828075684331647 -0.065169216229391022 0.015733032218612223 2.3725345036232879 -0.11689559658421782 13.525000095367433 13.414999961853029 13.444999694824221 0.0039191669911444746 0.0081078516623794856 0.025371468948423018 0.013219184056006862 -0.14957361667685312 0.018838465196602486 0.045127832391004603 -0.03589507022389498 -0.0051102649906240574 0.017956175703336838 0.020700066539709353 0.028394898824934737 0.013077762047719045
decision_type=8 2 2 2 2 2 2 2 2 2 2 2 2 10 2 2 2 2 2 2 2 2 2 2 10 2 2 2 2 2
left_child=2 6 3 -1 -4 -5 27 8 -3 10 13 14 25 -9 15 17 -17 19 -19 -12 21 -16 -11 24 -24 -13 -6 -2 -29 -8
right_child=1 7 4 5 26 -7 29 9 -10 22 11 12 -14 -15 20 16 -18 18 -20 -21 -22 -23 23 -25 -26 -27 -28 28 -30 -31
leaf_value=-2.3567001602161109e-05 -8.4256352066701775e-05 -3.692262978765277e-05 0.0014159189032590632 0.0005570832333692072 0.00028829653582642544 8.3153073912798999e-05 1.4774987827481858e-05 0.00032331069933007762 0.0015714250357627684 -0.00019917490051810885 0.00036901589692523557 0.00035888479980701761 0.00045399913137220653 0.00010515722253704098 0.00033307696402306176 0.00051938082102119347 0.00029077004310231602 0.0001193786381865069 0.0004248621642636749 -0.00014312340766621458 0.00011306352816642319 -2.2933155675915391e-05 0.00085659870434129978 -0.00057288691436125922 -2.29769812068664e-05 7.5879823753818246e-05 -9.1048752800975799e-05 -0.0001485402846971457 0.00026164449706712168 -0.00010457573473539515
leaf_weight=320 7311 67 61 40 44 55 3393 40 40 617 80 67 125 75 65 53 75 146 66 517 129 6220 41 45 45 813 60 45 40 351
leaf_count=320 7311 67 61 40 44 55 3393 40 40 617 80 67 125 75 65 53 75 146 66 517 129 6220 41 45 45 813 60 45 40 351
internal_value=-0.000281765 -0.000387473 0.00344827 0.00174699 0.00772727 0.00868421 -0.000879714 0.000200513 0.00574766 0.000136131 0.000324046 0.000247725 0.00201492 0.00586956 6.12042e-06 0.00151014 0.00945312 0.000253398 0.00490566 -0.00139866 -0.000213596 -0.000306286 -0.00199198 0.00187023 0.00546512 0.00130682 0.00317308 -0.00130882 0.00382353 -3.20525e-05
internal_weight=21046 20466 580 415 165 95 11140 9326 107 9219 8471 8356 1005 115 7351 937 128 809 212 597 6414 6285 748 131 86 880 104 7396 85 3744
internal_count=21046 20466 580 415 165 95 11140 9326 107 9219 8471 8356 1005 115 7351 937 128 809 212 597 6414 6285 748 131 86 880 104 7396 85 3744
is_linear=0
shrinkage=0.05


Tree=26
num_leaves=31
num_cat=0
split_feature=13 9 6 16 16 5 2 7 11 13 10 16 5 8 13 1 11 11 10 14 16 3 16 7 10 16 2 11 2 8
split_gain=2.7454 1.9019 1.68497 1.75059 4.57879 2.81119 1.51237 2.16346 1.33612 1.43602 1.43639 1.57646 1.2928 1.35801 1.5955 0.9827 0.929346 3.95238 2.1959 1.90757 1.73182 1.57586 1.56922 2.27106 1.65052 2.53376 1.71388 1.55697 1.94634 2.55682
threshold=46.145000457763679 -0.15814208537447458 0.82671526574566945 0.028020493240257908 0.045591510792764363 0.017334263282640306 0.06029169012773939 0.058834047339243141 -0.002084976205571742 14.734999656677248 0.010263968374022882 -0.0048286455632493 0.0099550105562499821 0.036815999005256568 12.119999885559084 0.012010730571444085 0.02573480883905466 0.028003232862589215 0.0057742598660092135 -0.011513166785666882 0.042535528051023348 -0.0014282992886555654 0.0061384411119859159 0.042479676787980265 0.0027596163700298608 0.0046724448018161677 -0.021531346988793994 -0.020756014565235011 0.010161715897951786 0.011517999496386768
decision_type=2 8 2 2 2 2 2 2 2 2 2 2 2 8 2 2 2 2 2 2 2 2 2 2 2 2 2 2 2 10
left_child=1 8 12 -4 5 6 15 -8 -1 -10 11 -11 -3 16 -15 -5 22 18 19 -18 21 -19 23 24 26 -26 -14 28 -28 -30
right_child=-2 2 3 4 -6 -7 7 -9 9 10 -12 -13 13 14 -16 -17 17 20 -20 -21 -22 -23 -24 -25 25 -27 27 -29 29 -31
leaf_value=-1.3199617730192958e-05 0.0010812326611512699 -0.00013558950368721767 6.8703477992355179e-06 0.00057417257715169521 -0.00027486141307448206 0.0017098816663454941 0.00050432497168976099 5.2283883529578737e-05 -0.00031266903942961204 0.00046446341771943383 0.00084492097540722329 0.0001794292911711608 -1.0363911964561934e-05 0.0011649588215610202 -9.0368881053466362e-05 -1.4287617768023654e-05 -0.00039594358674358422 0.00025441026700554051 0.00049700929936663356 0.00060986501109279456 -0.00035574857887894952 -2.9121497725820446e-05 -7.7753366941029278e-05 0.00062070779296528834 -0.00013693144990479825 0.00039649295233509416 0.00014353394983045346 9.0793432968061261e-05 0.00072618482626716065 0.00030707675418399313
leaf_weight=277 48 1605 3222 40 174 41 52 52 41 65 40 147 2245 58 4539 109 41 300 77 52 251 451 3157 56 1917 79 114 1689 44 44
leaf_count=277 48 1605 3222 40 174 41 52 52 41 65 40 147 2245 58 4539 109 41 300 77 52 251 451 3157 56 1917 79 114 1689 44 44
internal_value=-0.000277502 -0.00030483 -0.00038439 0.000582655 0.00344017 0.0072449 0.00527668 0.00990384 0.00254386 0.00489761 0.00630952 0.00466981 -0.000597824 -0.000454547 -0.00117142 0.00204698 -0.000141201 0.00118601 0.00823529 0.00306451 -9.98123e-06 0.00119174 -0.000307652 0.000155138 6.35996e-05 -0.00111724 0.000633461 0.00174246 0.00589109 0.0114773
internal_weight=21027 20979 20409 3690 468 294 253 104 570 293 252 212 16719 15114 4597 149 10517 1172 170 93 1002 751 9345 6188 6132 1996 4136 1891 202 88
internal_count=21027 20979 20409 3690 468 294 253 104 570 293 252 212 16719 15114 4597 149 10517 1172 170 93 1002 751 9345 6188 6132 1996 4136 1891 202 88
is_linear=0
shrinkage=0.05


Tree=27
num_leaves=31
num_cat=0
split_feature=5 6 3 13 11 2 0 15 14 14 0 15 14 14 11 12 3 1 15 6 6 2 9 3 3 11 9 2 3 10
split_gain=2.87937 2.53376 1.82623 1.16418 2.33997 1.14064 1.39031 1.26945 1.17002 1.69183 2.32504 1.75892 1.55112 1.05738 1.62165 4.06626 3.78701 1.6275 1.25112 1.01554 1.21554 1.60596 1.00486 0.968082 0.960241 1.37243 0.936476 1.48438 0.910063 1.20822
threshold=0.017454942828510105 -0.4100881392526084 0.024813035821464772 22.625000000000004 0.011258220737919157 0.1028487758241672 0.0054102102392527005 -0.0072651478495820423 0.022257963056534272 -0.091137781806863202 0.026962345657861268 0.0092670332145473617 -0.0046169142462271764 0.13518549268873961 -0.020756014565235011 -0.0077540971574964193 0.0006946527913477275 -0.015074983598215073 -0.0075236564614579162 -0.33874015268954089 0.94756409532863961 0.0007342840875527169 -0.015416524702800137 0.0033286832737687848 0.0030673004921174534 0.011915744624196202 -0.11564526160517068 0.0007342840875527169 0.002559990650121247 -0.0019060348460245289
decision_type=2 2 2 2 2 2 2 2 2 2 2 2 2 2 2 2 2 2 2 2 2 2 8 2 2 2 8 2 2 2
left_child=1 22 3 4 -2 7 -7 13 9 -8 11 12 -11 14 15 17 -17 -3 28 -5 21 24 -1 -24 25 -21 27 -9 -16 -30
right_child=2 5 -4 19 -6 6 8 26 -10 10 -12 -13 -14 -15 18 16 -18 -19 -20 20 -22 -23 23 -25 -26 -27 -28 -29 29 -31
leaf_value=-1.9944464322422183e-05 0.00027296690623785351 -5.3239327281742116e-05 0.00088694683032087727 -0.00013435963206260231 -2.544182341951281e-05 -3.7377151352079556e-05 -0.00020634395616513421 8.807715874675625e-05 -1.9696492493179372e-05 0.0005089259447129071 0.00094986706358136767 -0.00018275361108631132 -6.1958106546532887e-05 -0.00016011193514729304 -1.256664719564471e-05 0.00054608725088405648 -8.5823640139695444e-06 0.00020076339114732803 0.00023722505819876209 0.00025667063257195453 -0.00024493152170755719 -0.00016201719334138278 -0.00013213574996714304 -1.8476857482244637e-05 2.309921995527321e-05 0.00082587839277153757 -3.7741383800543454e-05 0.00033649438344838313 0.00045028975225404615 0.00012680909975484772
leaf_weight=2175 908 232 65 386 625 406 40 293 145 89 44 57 40 308 1462 70 40 60 59 82 118 75 3737 1320 63 48 7774 45 74 142
leaf_count=2175 908 232 65 386 625 406 40 293 145 89 44 57 40 308 1462 70 40 60 59 82 118 75 3737 1320 63 48 7774 45 74 142
internal_value=-0.000291203 -0.000500216 0.00135021 0.00111714 0.00191455 -3.51506e-05 0.00176005 -0.000174734 0.00379518 0.00574074 0.0073913 0.00494624 0.00817829 0.000823456 0.00121786 0.0040796 0.0122727 0.000993149 0.000555554 -0.000466322 0.00134715 0.00320895 -0.00123203 -0.00161855 0.00562176 0.00807692 -0.000475839 0.00210059 0.000303932 0.00333333
internal_weight=20982 18612 2370 2305 1533 11380 821 10559 415 270 230 186 129 2447 2139 402 110 292 1737 772 386 268 7232 5057 193 130 8112 338 1678 216
internal_count=20982 18612 2370 2305 1533 11380 821 10559 415 270 230 186 129 2447 2139 402 110 292 1737 772 386 268 7232 5057 193 130 8112 338 1678 216
is_linear=0
shrinkage=0.05


Tree=28
num_leaves=31
num_cat=0
split_feature=5 15 13 11 6 11 11 12 13 13 12 15 1 3 6 12 12 3 10 13 16 13 11 15 2 6 11 16 16 1
split_gain=2.82941 1.64332 1.33549 1.58863 1.23167 1.40069 2.19584 3.75082 1.51959 1.2035 1.14014 1.05777 1.46378 1.01949 1.78288 1.84823 1.37957 1.0912 0.917563 0.921463 0.887223 1.96477 0.862319 0.83834 0.833333 0.7654 1.35945 2.1027 1.31962 1.30208
threshold=0.017454942828510105 -0.024658219995774774 24.695000648498539 0.011258220737919157 -0.41788214050706213 0.02573480883905466 0.028003232862589215 0.014776442004869829 19.115000724792484 23.770000457763675 0.020115024475367619 0.010499087347824345 0.04124267441213026 -0.0036003041101694273 -0.42468967255600809 -0.0016966552105460717 0.019854443093846989 -0.0072201962235357567 -0.0019771286698093134 20.980000495910648 0.021131013510433453 15.574999809265138 0.048369851131751858 0.0060244437833247852 -0.081081469462689057 2.7837214162583548 -0.011576467999656779 -0.022275569694326366 0.00051719300212604857 0.00036654786006851131
decision_type=2 2 2 2 2 2 2 2 2 2 2 2 2 2 2 2 2 2 2 2 2 2 2 2 2 2 2 2 2 2
left_child=4 -2 3 11 5 -1 7 -7 -8 18 -10 12 13 14 15 -3 -17 -16 -5 20 -20 -22 25 -15 -23 -6 27 -27 -28 -30
right_child=1 2 -4 9 22 6 8 -9 10 -11 -12 -13 -14 23 17 16 -18 -19 19 -21 21 24 -24 -25 -26 26 28 -29 29 -31
leaf_value=-7.8019561876472486e-05 0.00070841276282744439 7.4842845687871363e-06 -4.7851539553697727e-05 -0.00041796205551712239 -1.5731017716042916e-05 -7.7911485961894769e-05 -6.8154633620868825e-05 0.00074168409930626487 6.2487619262020872e-06 0.00047121342055313079 0.00048938397681252499 -4.3054901610537861e-05 0.00032372545944168296 4.2208788998994712e-05 -7.9568626551156994e-05 0.0013760781066105708 0.00036908113225677817 0.00058338364936572355 -6.552091007636382e-05 -0.00039204140078339929 -0.00014849587498593953 0.00013185657812821397 -0.00070071852601980098 0.00076665171349352829 0.00075654698491387385 -8.613103430450713e-05 -0.0001142174534762681 0.00032147436416173368 0.00038211897533330726 1.0247212410544339e-05
leaf_weight=6522 78 41 529 100 10898 45 477 44 57 71 41 138 101 407 110 41 43 45 275 92 118 45 92 80 90 57 189 49 69 147
leaf_count=6522 78 41 529 100 10898 45 477 44 57 71 41 138 101 407 110 41 43 45 275 92 118 45 92 80 90 57 189 49 69 147
internal_value=-0.000291832 0.00132279 0.0010834 0.00173344 -0.000499546 -0.00101308 0.0011747 0.00848314 4.34771e-05 5.68888e-05 0.00571428 0.00305169 0.00369816 0.00295306 0.00535714 0.0098 0.0140476 0.00177419 -0.000555557 0.000161289 0.000965908 0.00310277 -0.000178681 0.00157084 0.00722222 -0.000139803 0.00175147 0.00679245 0.000432098 0.00310185
internal_weight=21091 2404 2326 1797 18687 7186 664 89 575 791 98 1006 868 767 280 125 84 155 720 620 528 253 11501 487 135 11409 511 106 405 216
internal_count=21091 2404 2326 1797 18687 7186 664 89 575 791 98 1006 868 767 280 125 84 155 720 620 528 253 11501 487 135 11409 511 106 405 216
is_linear=0
shrinkage=0.05


Tree=29
num_leaves=31
num_cat=0
split_feature=13 5 16 16 9 11 3 11 16 13 11 13 16 0 11 15 14 16 1 16 16 14 14 15 15 16 15 14 1 11
split_gain=3.59088 1.71635 1.42099 2.52202 1.46972 1.27322 2.68476 3.66042 4.49812 2.05675 1.98399 2.81494 5.5618 1.95342 1.83913 1.8345 5.10342 2.30724 1.70447 1.69727 2.21815 3.58273 3.03808 1.65245 3.66063 3.64594 4.01465 1.62521 1.44048 1.31921
threshold=46.145000457763679 0.0099550105562499821 0.058236884182592659 0.055569038521206766 -0.18356123774702568 0.02573480883905466 0.0049577096032480403 0.028003232862589215 0.011125699659037093 13.194999694824221 0.013370949203247886 12.119999885559084 0.00792927242236874 0.013185784023243554 0.013148939613643941 0.0075864590572366506 -0.034719790282674072 0.011893523316805489 0.019425445341520135 0.030921067227066893 0.033769064216395479 -0.054330610723124943 0.052213768787031663 0.0069059134560957034 0.012481337088151913 0.030491538483337192 0.0092065881637597453 -0.14356568835631797 0.018652275814850631 -0.0070947628288289813
decision_type=2 2 2 2 8 2 2 2 2 2 2 2 2 2 2 2 2 2 2 2 2 2 2 2 2 2 2 2 2 2
left_child=1 -1 3 4 -3 10 7 8 -7 28 14 12 -12 -13 19 16 17 -15 -10 27 21 -21 -22 -11 25 26 -25 -6 -9 -29
right_child=-2 2 -4 -5 5 6 -8 9 18 23 11 13 -14 15 -16 -17 -18 -19 -20 20 22 -23 -24 24 -26 -27 -28 29 -30 -31
leaf_value=-9.8348828711204857e-05 0.00082366138957103488 0.00022483967930279227 -0.00057272687573396025 0.00020171274728603584 -0.00037658431279061661 3.0062722908909656e-06 -0.00011076585907942335 6.892182357780998e-05 0.00063687202013451983 -4.6969321141655366e-05 0.0014154599371531127 -0.00017036388720574269 -0.0007705273039156753 0.00012867935184477608 0.00035961277480195684 -0.00019619640143582874 -0.0001140296585891815 0.00082178659598113914 0.00063669844701324694 0.00063948349214586946 -0.00012675111845580008 0.00011645995869732792 0.00045571159033123997 0.00017097687814615346 -7.2201331335939177e-05 -5.2061745054798688e-05 0.0005882410089316912 3.127488865892888e-05 0.00085516912878483948 -3.7641123763950763e-05
leaf_weight=2009 45 375 147 64 248 86 425 42 54 838 44 2701 45 57 63 207 148 43 47 41 323 90 63 61 146 77 41 4470 42 7963
leaf_count=2009 45 375 147 64 248 86 425 42 54 838 44 2701 45 57 63 207 148 43 47 41 323 90 63 61 146 77 41 4470 42 7963
internal_value=-0.000220187 -0.000250478 -0.000103162 -6.4881e-05 -9.87205e-05 -0.000161994 0.00107854 0.00211297 0.00863636 0.00113472 -0.00030171 -0.00140986 0.00735955 -0.00165716 -3.05419e-05 0.00137363 0.00427419 0.013 0.0157921 -7.12241e-05 0.00273694 0.00835878 0.000829014 0.000588993 0.00361538 0.00840782 0.0146078 -0.000185712 0.00869047 -0.000105768
internal_weight=21005 20960 18951 18804 18740 18365 1859 1434 187 1247 16506 3245 89 3156 13261 455 248 100 101 13198 517 131 386 1163 325 179 102 12681 84 12433
internal_count=21005 20960 18951 18804 18740 18365 1859 1434 187 1247 16506 3245 89 3156 13261 455 248 100 101 13198 517 131 386 1163 325 179 102 12681 84 12433
is_linear=0
shrinkage=0.05


Tree=30
num_leaves=31
num_cat=0
split_feature=4 16 6 16 16 11 9 0 9 9 2 16 12 8 15 15 15 4 9 3 15 0 12 12 15 6 9 12 0 9
split_gain=1.96291 1.68134 1.31991 1.0288 2.73456 2.8921 1.50155 1.11744 0.8736 0.832449 0.925582 1.49584 1.27904 0.910299 0.831837 0.951976 0.78243 0.869519 1.68971 1.00871 1.31465 1.5183 1.95377 4.40056 0.989714 0.926053 1.00215 0.812167 0.75797 0.732301
threshold=0.027519704404616551 -0.068487884088015968 -0.41788214050706213 0.044154562659851411 0.028950354957198891 0.012360939559302066 0.22929158041419731 0.010356133534338176 -0.18356123774702568 -0.042730049543252983 0.0007342840875527169 0.0013932002616047214 0.04047963103536379 -0.098306936601779235 0.015828075684331647 0.0237775899419197 0.019932256180970612 0.033895060680895713 0.041517873456049521 -0.0034495380098583102 -0.00025584126733080298 -0.018660825688462442 0.010183672155494096 -0.0016966552105460717 0.0029509628638586531 -0.064736099707312991 -0.043605805624296549 0.041180756713136597 0.023992960589897642 -0.057319635581236754
decision_type=2 2 2 2 2 2 8 2 10 8 2 2 2 8 2 2 2 2 8 2 2 2 2 2 2 2 8 2 2 10
left_child=2 -2 9 4 16 -6 -5 -7 -9 10 -1 12 29 -11 -4 -16 17 19 24 20 21 25 23 -23 -19 -3 -27 -20 -17 -12
right_child=1 3 14 6 5 7 -8 8 -10 13 11 -13 -14 -15 15 28 -18 18 27 -21 -22 22 -24 -25 -26 26 -28 -29 -30 -31
leaf_value=-3.9219097638552989e-05 0.00068933387340901848 -0.00024850847939695062 7.1745593870285476e-07 -0.00027990859040787232 0.0012005275410885145 -0.00011476931941023475 0.00049189675084813315 0.00057744661770143234 0.00017105010810792537 0.00031319719077187858 2.7923576628399336e-07 -3.3948863574860094e-05 0.0010617615678025934 -7.6370388753788129e-05 -0.00018683797817956767 -8.1867985362690281e-05 -0.00030814438165539847 -5.4836519137956095e-05 0.00020811141084888828 -3.9629161021745081e-05 -0.00015368831665469216 9.2209710509403669e-05 8.4921127420862539e-05 0.001181925448291299 0.00030388976216130705 -0.00022392366015649666 0.00044123257677662056 0.00080914846835905855 0.00050633067855960579 0.00024461998390414193
leaf_weight=985 50 76 10157 173 65 111 49 44 48 40 70 262 44 5449 627 58 123 374 192 1111 206 75 118 45 151 47 69 49 85 41
leaf_count=985 50 76 10157 173 65 111 49 44 48 40 70 262 44 5449 627 58 123 374 192 1111 206 75 118 45 151 47 69 49 85 41
internal_value=-0.000241499 0.000903651 -0.000445618 0.000758156 0.00100895 0.00582089 -0.00252252 0.00288177 0.00695652 -0.000987521 9.98562e-05 0.00207434 0.00596774 -0.00126526 -0.000103872 -0.00168831 0.000519726 0.000710305 0.00211488 9.44464e-05 0.00168239 0.00325581 0.00592437 0.0104167 0.000523808 -5.20845e-05 0.00275862 0.00558091 0.00199301 0.00310811
internal_weight=20994 3176 17818 3126 2904 268 222 203 92 6891 1402 417 155 5489 10927 770 2636 2513 766 1747 636 430 238 120 525 192 116 241 143 111
internal_count=20994 3176 17818 3126 2904 268 222 203 92 6891 1402 417 155 5489 10927 770 2636 2513 766 1747 636 430 238 120 525 192 116 241 143 111
is_linear=0
shrinkage=0.05


Tree=31
num_leaves=31
num_cat=0
split_feature=15 15 4 0 1 10 12 13 15 15 0 9 10 12 12 13 15 15 4 3 12 2 9 13 0 9 7 9 6 15
split_gain=2.05104 3.94369 2.43018 1.47136 1.4419 1.36701 1.75187 2.0395 2.19927 1.84409 1.72893 1.72249 1.69379 1.48452 2.15173 2.30221 2.11925 1.96923 2.43751 1.51321 1.43738 1.42053 1.15155 1.94162 1.1235 1.22004 0.975978 0.920006 0.90947 0.835666
threshold=-0.024658219995774774 -0.029424434840895238 0.02351159359653798 -0.034317138495432213 -0.022825672640430724 0.0029261578835271256 0.040838161547757219 13.414999961853029 -0.0054307343272703137 0.0036649533358057433 -0.011110368439416983 -0.086974685418586314 -0.0053055515245151166 0.023603379375990999 -0.013091202195066818 20.714999198913578 -0.0053002632353952297 -0.0085126223275808748 0.020735223991668831 0.00016071579255638738 0.020883084862251548 -0.098010850980426098 -0.042730049543252983 16.085000038146976 0.045475459029054595 0.084685701944509764 -0.092848156001715629 -0.097411935242376332 0.063059927546172581 0.0095317769535506764
decision_type=2 2 2 2 2 2 2 2 2 2 2 10 2 2 2 2 2 2 2 2 2 2 8 2 2 8 2 10 2 2
left_child=1 -1 28 -4 5 6 12 -8 10 -10 11 -9 26 14 19 16 17 -16 -19 -14 22 -21 23 -18 29 -26 -2 -23 -3 -6
right_child=4 2 3 -5 24 -7 7 8 9 -11 -12 -13 13 -15 15 -17 20 18 -20 21 -22 27 -24 -25 25 -27 -28 -29 -30 -31
leaf_value=-0.00017700079359601499 0.00026548228052322329 -0.00019867565844768455 0.00034315782143578156 0.00057511708136695765 -2.5325248646021421e-05 -3.3868767847413163e-05 -0.00039101727827145548 0.00052001435359027865 -0.00011229495482768498 0.00055092871784712778 0.0010222394113967629 9.852067953974484e-05 -0.00015385725324432549 -4.861539550679481e-05 0.00027743100444807556 0.00045283643535075379 0.00036356175769125987 0.0001094704018770341 0.00057238592125313955 0.00029637978718255388 0.00057390519877578391 0.00010839180033816029 -0.00012568235750068108 -0.0001987457226099439 -5.1057842893050356e-05 0.00089987131214527112 -6.7250763107414588e-05 -0.00019330273479323381 0.00016456489237935917 -0.00011886306828956864
leaf_weight=200 58 40 40 78 13447 1430 67 40 105 50 41 55 267 416 115 74 43 53 68 57 71 59 249 66 79 54 968 48 48 2716
leaf_count=200 58 40 40 78 13447 1430 67 40 105 50 41 55 267 416 115 74 43 53 68 57 71 59 249 66 79 54 968 48 48 2716
internal_value=-0.000268222 0.00325123 0.00810679 0.0127966 -0.000337264 0.000465908 0.00107744 0.00435754 0.00616838 0.00209677 0.0108088 0.00710526 0.00062787 0.00165195 0.0025641 0.00420162 0.00327068 0.00707627 0.0115289 -0.000243621 0.00117715 0.00353658 -0.000111733 0.00417431 -0.000554125 0.00402256 -0.000955167 0.000140186 0.00181818 -0.000591785
internal_weight=21102 406 206 118 20696 4400 2970 358 291 155 136 95 2612 1586 1170 739 665 236 121 431 429 164 358 109 16296 133 1026 107 88 16163
internal_count=21102 406 206 118 20696 4400 2970 358 291 155 136 95 2612 1586 1170 739 665 236 121 431 429 164 358 109 16296 133 1026 107 88 16163
is_linear=0
shrinkage=0.05


Tree=32
num_leaves=31
num_cat=0
split_feature=7 16 16 9 11 13 11 10 15 15 10 13 13 16 13 12 12 15 2 10 13 15 11 15 15 7 13 10 9 16
split_gain=2.64254 1.22197 2.25798 1.33312 1.4963 1.93412 1.83845 1.75616 4.24283 2.61752 2.48985 2.35171 3.37502 2.53751 3.63713 1.80484 1.75139 1.74537 1.48457 1.18651 1.40135 2.15944 1.18508 1.61247 2.29133 2.05344 1.18359 1.32924 3.44107 1.24767
threshold=-0.11815296653224693 0.058236884182592659 0.055569038521206766 -0.062767176038293723 -0.0070947628288289813 13.824999809265138 -0.0071962553700703471 -0.0020576212459770811 0.011163706432788635 0.015828075684331647 -0.0053055515245151166 16.550000190734867 17.090000152587894 -0.0053772644487140578 18.444999694824222 -0.013091202195066818 -0.067575688865902969 0.027150340310615032 -0.021531346988793994 0.0089823327220962552 18.365000724792484 0.0073157107749413095 -0.01071375386627965 0.013077762047719045 0.0033417967525125607 -0.03218346564566759 18.82499980926514 -0.012001983030752781 0.039102245547382737 -0.0024083650322846979
decision_type=2 2 2 8 2 2 2 2 2 2 2 2 2 2 2 2 2 2 2 2 2 2 2 2 2 2 2 2 10 2
left_child=-1 2 3 18 5 -5 7 8 10 -10 16 -12 -13 14 -14 -16 -7 26 19 -2 21 -21 -9 24 -24 -26 27 28 -6 -28
right_child=1 -3 -4 4 17 6 -8 22 9 -11 11 12 13 -15 15 -17 -18 -19 -20 20 -22 -23 23 -25 25 -27 29 -29 -30 -31
leaf_value=0.00075271252725731105 -2.8434287859596951e-05 -0.00055179188885963698 0.00023761917835020429 0.00033261463533933617 -8.9865460258823032e-05 0.00014502212065050838 0.00042406745354339395 -0.00014447869088305643 0.0003353752540899212 0.00018271738854517294 -0.00013096914667597241 0.0007039320264757683 -3.7378791300226333e-05 -0.00011497490808133459 0.00010260254496889871 0.00033059718534624082 -6.0148419533808871e-05 0.00083925543272526557 0.0001392729336728508 0.00067189737551525948 -1.2889418461411161e-06 -6.5145139396720282e-06 -6.539362232593261e-05 -0.00025830285915675959 -9.3085795998274328e-05 0.00031998342595498101 -0.0003783014780613237 -4.199182528500647e-05 0.0003884456717473065 -6.2750328016909906e-05
leaf_weight=79 1904 154 74 54 106 134 56 1186 43 47 170 62 99 151 55 98 1543 52 1285 67 203 73 152 95 40 115 601 10884 78 1313
leaf_count=79 1904 154 74 54 106 134 56 1186 43 47 170 62 99 151 55 98 1543 52 1285 67 203 73 152 95 40 115 601 10884 78 1313
internal_value=-0.000203358 -0.000237869 -0.000204919 -0.000236138 -0.000418467 0.000414633 0.000289173 0.000162906 0.00101582 0.0116667 0.00060121 0.00326772 0.00510753 0.00343672 0.00650794 0.0113399 -0.000408469 -0.000680529 0.000648357 -0.000126837 0.00258017 0.00642857 -0.00112721 0.0012189 0.00298045 0.00725806 -0.000717148 -0.000518613 0.00369565 -0.0018652
internal_weight=20973 20894 20740 20666 17134 4100 4046 3990 2402 90 2312 635 465 403 252 153 1677 13034 3532 2247 343 140 1588 402 307 155 12982 11068 184 1914
internal_count=20973 20894 20740 20666 17134 4100 4046 3990 2402 90 2312 635 465 403 252 153 1677 13034 3532 2247 343 140 1588 402 307 155 12982 11068 184 1914
is_linear=0
shrinkage=0.05


Tree=33
num_leaves=31
num_cat=0
split_feature=13 5 16 16 15 11 15 12 11 11 8 15 16 10 11 13 2 12 12 11 14 13 12 13 11 10 14 11 15 14
split_gain=1.74643 1.3224 1.24467 1.61141 1.13089 3.92628 1.21183 1.61199 1.28608 2.75172 4.17957 1.9605 2.769 4.87909 1.66574 2.23919 3.52305 1.64467 1.47741 1.37322 1.26446 1.52231 1.65516 1.26011 1.25199 1.55839 3.57968 1.53972 1.4604 1.54917
threshold=46.145000457763679 0.010585379999516394 0.058236884182592659 0.055569038521206766 0.027150340310615032 0.034590323148393838 0.01523651112763902 -0.071455509470426767 0.02573480883905466 0.028003232862589215 -0.026616331583134919 0.0072528646625614765 0.030491538483337192 0.006220969349569617 0.013370949203247886 12.119999885559084 0.0661439771172352 0.082959740110242888 0.022237217731777451 0.013148939613643941 -0.038288845342256843 19.115000724792484 -0.0031637225858343605 13.444999694824221 0.015629796183489589 0.0098339065977474122 -0.030119880421319408 0.021985340636656584 0.012745561406979246 -0.048915299030690522
decision_type=2 2 2 2 2 2 2 2 2 2 10 2 2 2 2 2 2 2 2 2 2 2 2 2 2 2 2 2 2 2
left_child=1 -1 3 4 6 -6 8 -8 14 10 -10 20 13 -13 19 16 -16 -15 -12 -3 -11 22 -22 -24 -17 27 -27 28 29 -26
right_child=-2 2 -4 -5 5 -7 7 -9 9 11 18 12 -14 17 15 24 -18 -19 -20 -21 21 -23 23 -25 25 26 -28 -29 -30 -31
leaf_value=-7.3094882418106563e-05 0.000709180430513024 4.5660618423623578e-06 -0.00054660689653208993 0.00035977665701037202 -0.00063625671884038628 0.00085218667398699393 0.00023769560652668939 -0.00011117000625462614 0.0006407528248578852 -0.00030725484284694856 -0.00035679294198522348 0.00054435667985851819 -0.00021141510197556052 0.00027566256460055975 -0.00057465345146760554 -0.00025817833661949293 0.0012634384409977301 -0.00041140064609120568 0.00029432048433203313 0.00036672763673199429 0.00043796222337716547 0.00040201125938792398 0.00031325698977876604 -0.00022125478938459241 0.00016582675300556409 -7.1688837099881839e-05 0.0012500476062521342 -0.00033807105985302305 0.00032343096589865575 -0.00013128842305923822
leaf_weight=3317 55 11689 149 56 50 54 49 1187 76 204 63 49 121 83 41 653 44 43 65 59 50 180 49 559 169 261 60 522 51 1118
leaf_count=3317 55 11689 149 56 50 54 49 1187 76 204 63 49 121 83 41 653 44 43 65 59 50 180 49 559 169 261 60 522 51 1118
internal_value=-0.000261764 -0.00028499 -0.000113778 -7.52639e-05 -0.000102286 0.00509615 -0.000133277 -0.0016424 -1.8201e-05 0.00135538 0.0067647 0.000530642 0.00412162 0.00814286 -0.000162611 -0.00123159 0.0067647 0.00293651 0.00125 0.000102995 -0.000489445 0.000369927 -0.000744682 -0.00146382 -0.00147142 -0.000896379 0.00232087 -0.00145161 -0.000553065 -0.000881897
internal_weight=21126 21071 17754 17605 17549 104 17445 1236 16209 1542 204 1338 296 175 14667 2919 85 126 128 11748 1042 838 658 608 2834 2181 321 1860 1338 1287
internal_count=21126 21071 17754 17605 17549 104 17445 1236 16209 1542 204 1338 296 175 14667 2919 85 126 128 11748 1042 838 658 608 2834 2181 321 1860 1338 1287
is_linear=0
shrinkage=0.05


Tree=34
num_leaves=31
num_cat=0
split_feature=7 5 13 6 8 16 12 13 2 2 1 10 15 16 11 1 8 11 16 16 9 13 15 11 10 1 8 8 15 13
split_gain=2.24806 1.48608 1.416 1.23904 1.21236 1.03601 1.05389 0.904445 0.849896 1.09898 0.910771 0.862342 1.5247 2.14029 1.94887 1.77778 1.4128 1.38313 1.37949 1.63416 1.92667 1.46269 1.28592 1.54052 1.30193 1.15565 1.14531 1.55157 1.05774 3.00688
threshold=-0.11815296653224693 0.017454942828510105 22.429999351501468 -0.4100881392526084 0.024599646669263179 0.044154562659851411 0.10731202878077185 12.434999942779543 0.1028487758241672 0.094793212316800171 0.071036333945271771 0.0091813381816910917 0.0092065881637597453 0.012162699149280145 0.0049014316460139771 -0.023298801451164027 -0.015271925175320831 0.012210489302713847 0.0016736340123246765 0.0011711243965958353 0.024447979267385293 24.385000228881839 0.0237775899419197 -0.019621569956091153 0.0094914683342374202 -0.025039917748438108 -0.027296013586701025 -0.00054095963558203886 0.0085772334452478578 15.234999656677248
decision_type=2 2 2 2 8 2 2 2 2 2 2 2 2 2 2 2 10 2 2 2 10 2 2 2 2 2 8 10 2 2
left_child=2 3 -1 4 7 6 -3 -2 9 11 -10 18 13 14 15 -13 -17 -15 19 28 -21 -20 23 -14 -25 -16 -19 -28 -5 -30
right_child=1 5 -4 8 -6 -7 -8 -9 10 -11 -12 12 22 17 25 16 -18 26 21 20 -22 -23 -24 24 -26 -27 27 -29 29 -31
leaf_value=0.00071388382538204202 -0.00025113954241691498 0.00011024280911386497 0.00070338074220199298 -1.2690106579490984e-05 -0.00012207473803777516 -0.00027462340031762978 -0.00037303053364928611 -1.6438639712425418e-05 0.00014594323739616994 -0.00022416237513950017 -0.00022345534402068592 -6.9669068620719363e-05 0.00024195324228512083 4.8336886480426174e-05 9.467161380495859e-05 0.0003384856424729001 5.2120890283426681e-05 0.00014211110626534068 -9.1010301736154953e-05 0.00047128462931520632 5.0260834119104309e-05 0.00013041996242232044 0.00042102541088505114 0.00056754806601026775 -0.00023991250360055002 -0.00028062264798677796 0.00086584496938517353 0.00039732494195529713 0.00020209095475180904 6.6410160343669711e-06
leaf_weight=45 130 2034 41 4575 2475 191 95 4595 704 195 123 54 45 91 68 57 51 49 3817 40 60 60 65 40 483 316 50 77 95 345
leaf_count=45 130 2034 41 4575 2475 191 95 4595 704 195 123 54 45 91 68 57 51 49 3817 40 60 60 65 40 483 316 50 77 95 345
internal_value=-0.00027675 -0.00030982 0.0077907 -0.000458201 -0.000972223 0.000883619 0.00120009 -0.000502647 -0.000135254 -0.000255338 0.0014087 -0.000185861 0.00094744 0.00238007 0.000586079 0.00518518 0.00888889 0.00604869 -0.000368106 0.000171064 0.0065 -0.00107944 -0.000892576 -0.00165493 -0.00241874 -0.00135417 0.00863636 0.0111417 4.48642e-05 0.00238636
internal_weight=21066 20980 86 18660 7200 2320 2129 4725 11460 10633 827 10438 1446 813 546 162 108 267 8992 5115 100 3877 633 568 523 384 176 127 5015 440
internal_count=21066 20980 86 18660 7200 2320 2129 4725 11460 10633 827 10438 1446 813 546 162 108 267 8992 5115 100 3877 633 568 523 384 176 127 5015 440
is_linear=0
shrinkage=0.05


Tree=35
num_leaves=31
num_cat=0
split_feature=9 6 14 3 4 14 2 13 14 14 11 0 8 9 3 10 14 10 1 3 12 14 14 11 11 8 1 4 9 1
split_gain=1.68452 1.54366 1.27979 1.95716 1.17291 0.992543 0.946723 2.49346 0.973998 1.21896 0.920291 1.04788 0.85781 1.02811 1.84035 0.910783 0.951244 0.830941 1.08156 0.771772 1.21245 2.73633 2.64522 1.51273 1.21873 1.24878 1.44743 1.10925 0.830534 0.787781
threshold=-0.16410087325888581 -0.41788214050706213 0.040951993391927573 -0.0013552494366387278 0.025216697063511394 0.10600204873107434 0.1028487758241672 12.325000286102297 -0.086337752297859935 -0.048915299030690522 0.019556764027941379 0.028007903140404692 0.041171986575877846 0.15343113381104581 0.0018510719476977357 -0.012001983030752781 0.15436855290822041 0.0096673329469677566 -0.014401834006080137 0.002880171348298322 0.030386390811761314 0.0091478412114857095 0.028010740507291913 0.011258220737919157 -0.0065232260485101326 0.039676644439363591 0.0024419075275932127 0.023335574630941606 -0.015416524702800137 -0.016547841050600639
decision_type=8 2 2 2 2 2 2 2 2 2 2 2 10 10 2 2 2 2 2 2 2 2 2 2 2 8 2 2 8 2
left_child=2 4 17 5 19 -4 12 -8 -9 -10 11 -11 13 -3 -15 16 -14 -1 -19 28 24 23 -23 -22 25 26 29 -25 -2 -21
right_child=1 6 3 -5 -6 -7 7 8 9 10 -12 -13 15 14 -16 -17 -18 18 -20 20 21 22 -24 27 -26 -27 -28 -29 -30 -31
leaf_value=-1.8476934394964188e-05 -2.2225584832261942e-05 4.214170837794191e-06 0.0005603382030487645 0.00093164353605050619 1.4475750828399714e-05 -0.00017176091474687319 0.0013195018660475501 -0.00037333617632688803 0.00031256113276680459 0.00010476954410118759 -0.00021923363701097204 0.00042383985842473496 0.00023446797374476421 -1.9941441827324426e-05 0.00030157636775897563 -8.1452114765255952e-05 -1.2508949830470647e-05 -1.1049853880492506e-05 0.00062278699096619545 8.9687406052918378e-05 -0.00019033969819950278 0.00071989874792710313 8.5701557458685385e-05 4.8502030750239205e-05 -0.00017385049443357581 -0.00015126463657682494 0.00026596378250166766 0.00032343447336380545 -0.00010950870477373421 -9.5914603439955939e-05
leaf_weight=280 1305 9050 66 41 1775 52 40 63 110 577 176 47 77 79 59 2132 95 42 40 113 222 69 75 275 717 78 62 41 3215 79
leaf_count=280 1305 9050 66 41 1775 52 40 63 110 577 176 47 77 79 59 2132 95 42 40 113 222 69 75 275 717 78 62 41 3215 79
internal_value=-0.000226108 -0.000297356 0.00258157 0.00632075 -0.000838526 0.00305085 4.99788e-05 0.0015153 0.00101233 0.00142857 0.000749999 0.00165064 -7.91867e-05 0.000137134 0.00442029 -0.000941841 0.00255814 0.000939225 0.00536585 -0.00116062 -0.000262855 0.0013783 0.0075 -0.000260224 -0.00132984 0.0011747 0.00287401 0.00196202 -0.00150443 0.000729165
internal_weight=21052 20531 521 159 8026 118 12505 1013 973 910 800 624 11492 9188 138 2304 172 362 82 6251 1731 682 144 538 1049 332 254 316 4520 192
internal_count=21052 20531 521 159 8026 118 12505 1013 973 910 800 624 11492 9188 138 2304 172 362 82 6251 1731 682 144 538 1049 332 254 316 4520 192
is_linear=0
shrinkage=0.05


Tree=36
num_leaves=31
num_cat=0
split_feature=7 5 13 15 15 12 14 10 15 10 12 12 13 11 8 10 15 13 12 15 10 4 10 14 11 12 15 14 14 4
split_gain=1.9512 1.50645 1.25 1.02345 3.51086 6.83183 3.49586 5.97449 2.9661 3.30887 1.78039 1.94703 4.80198 4.74495 2.78639 2.5477 3.15046 2.9209 2.81916 1.78421 2.56896 2.06431 1.73553 3.60074 1.53128 1.69 1.36087 1.30296 2.63066 1.62884
threshold=-0.11815296653224693 0.0099550105562499821 22.429999351501468 0.0096341709750864552 0.0058556210209432811 0.05549664954164369 0.078404529959544514 -0.0080075928939195556 0.0081078516623794856 0.0089823327220962552 0.058395968691513429 0.053746423182394205 13.305000305175783 0.0079965891664850481 0.0071625818141197737 0.0086043784321214751 0.00026530953258319118 19.880000114440922 -0.0041728590088926923 -0.00048015942847301479 0.0014914798272115395 0.026306373452458533 -0.0019995702881753781 0.027028120883943799 0.032599059043066377 0.024709772202027306 0.0041786966117555177 -0.0054293361358405115 0.020125848996620292 0.025216697063511394
decision_type=2 2 2 2 2 2 2 2 2 2 2 2 2 2 10 2 2 2 2 2 2 2 2 2 2 2 2 2 2 2
left_child=2 -2 -1 4 10 6 22 -8 9 -7 11 15 -13 14 -14 16 19 18 26 20 24 -21 -6 -24 -3 -26 -17 -5 29 -29
right_child=1 3 -4 27 5 8 7 -9 -10 -11 -12 12 13 -15 -16 17 -18 -19 -20 21 -22 -23 23 -25 25 -27 -28 28 -30 -31
leaf_value=0.00042714528308105451 -8.654498476165604e-05 1.1966751656828819e-05 0.00068305791713986356 -0.00011090752286037388 -0.00056666799261878055 0.00013297858184718687 -0.00089044718582512628 0.00055537411397356135 0.00060217938835398547 0.00090230818040246792 -0.0001806490333973841 0.0012534654113747863 0.00051801350593487917 -0.000277607073275377 0.00030416193258894249 0.00036153174638050602 -0.00011540718532998442 -0.00024335347639590916 9.0650276419317443e-05 8.5305239430938886e-05 -0.0001339831563982286 0.00042575998188444691 3.6816832997915804e-05 0.0011199188123332472 0.0006404914827074777 -0.00015591770594408671 0.0007814922514340376 9.7803370966270762e-05 -8.6206579949063241e-05 0.00072725194467196397
leaf_weight=40 2014 5733 40 2247 216 107 43 67 76 48 1201 47 49 193 56 99 3345 244 582 382 1470 51 1690 62 50 50 48 150 584 52
leaf_count=40 2014 5733 40 2247 216 107 43 67 76 48 1201 47 49 193 56 99 3345 244 582 382 1470 51 1690 62 50 50 48 150 584 52
internal_value=-0.000293783 -0.000323536 0.0075 -0.000185304 -2.48299e-05 0.00177782 0.000871029 0.00954545 0.00993506 0.00596774 -0.000330884 -0.000152836 0.00355072 0.00120805 0.0097619 -0.000258836 -0.000474236 0.00219424 0.00377915 8.01436e-05 -0.000104753 0.00319861 0.000386178 0.000907533 0.00036602 0.0065 0.00996599 -0.00102704 0.00072519 0.00564356
internal_weight=21036 20956 80 18942 15909 2309 2078 110 231 155 13600 12399 345 298 105 12054 11081 973 729 7736 7303 433 1968 1752 5833 100 147 3033 786 202
internal_count=21036 20956 80 18942 15909 2309 2078 110 231 155 13600 12399 345 298 105 12054 11081 973 729 7736 7303 433 1968 1752 5833 100 147 3033 786 202
is_linear=0
shrinkage=0.05


Tree=37
num_leaves=31
num_cat=0
split_feature=7 16 16 15 15 16 14 14 14 1 12 16 11 0 8 14 14 15 14 11 15 8 12 12 4 11 0 11 11 8
split_gain=1.31483 1.24863 1.10415 1.15201 3.11171 5.82309 8.76342 3.91929 2.62404 4.52258 2.57311 2.80549 2.48162 1.60179 1.56562 1.5406 1.5161 2.91328 4.17141 2.71657 1.916 1.64833 1.50897 4.5113 2.72523 2.72331 1.46412 1.25589 4.48152 1.25132
threshold=-0.11815296653224693 0.058236884182592659 0.055569038521206766 -0.0081447990434662092 -0.0085577080472021266 -0.011855550175777661 0.003286853869637119 -0.037220785866969024 -0.05546753287916955 -0.04781344083870686 -0.049048436065559579 -0.014473427722629049 0.014627027210111112 -0.020570614385280569 -0.026616331583134919 0.18763840935801293 0.076607678117126224 0.0044312757719677806 0.15797637088179853 -0.023324981642921735 -0.0029167615249894303 -0.0087170963281433794 0.035732365029541142 0.042094246586577462 0.018548841627131728 -0.0081164241286432719 -0.023495943007006134 -0.0049730820987286531 -0.0086028412340181642 0.051035049666617878
decision_type=2 2 2 2 2 2 2 2 2 2 2 2 2 2 10 2 2 2 2 2 2 10 2 2 2 2 2 2 2 10
left_child=-1 2 3 4 7 6 -6 8 -2 -10 11 15 -8 -13 -11 -9 -5 19 29 20 -18 -22 -12 24 -24 -25 -21 28 -28 -19
right_child=1 -3 -4 16 5 -7 12 10 9 14 22 13 -14 -15 -16 -17 17 18 -20 26 21 -23 23 25 -26 -27 27 -29 -30 -31
leaf_value=0.00061256352287735513 3.5472545525643872e-05 -0.00051935525040639472 0.00017675214860934124 -3.868896987470259e-05 -2.5125451145290377e-05 -7.8357908182436408e-05 0.0016033111228696585 0.00011481035554324644 -8.9158559028802798e-05 0.00053405022048262087 -0.00010174081953909595 2.1486003283496292e-05 0.00017366223371716221 0.00039901046154673116 0.00032634350634221343 -0.0012669930218882867 0.00038929914920964449 0.00019711391382580719 -0.00084061127779748153 0.00017985218104515349 -4.1576873034751672e-05 0.00031573889994806863 0.00042333345494985277 0.00044758159926222476 0.00026810274229757122 -0.00030439283343617962 -5.8371630244085328e-05 -0.00019027363262415694 0.00044824829984034049 0.00049494785922888696
leaf_weight=81 149 159 80 15252 74 207 54 185 56 51 2286 41 48 53 50 78 46 80 51 46 99 58 40 51 108 408 395 613 72 47
leaf_count=81 149 159 80 15252 74 207 54 185 56 51 2286 41 48 53 50 78 46 80 51 46 99 58 40 51 108 408 395 613 72 47
internal_value=-0.000246932 -0.00027153 -0.000237753 -0.000260413 0.000509011 0.00479112 0.0114773 4.78053e-05 0.00545752 0.00996815 -0.00046154 0.00354342 0.0209804 0.0109574 0.0162871 0.000893535 -0.000441257 0.00107166 0.00707865 0.000267117 0.00559113 0.00296178 -0.000955756 0.0012603 0.00885135 -0.00118737 -0.000692719 -0.00106482 0.00088865 0.0119291
internal_weight=21018 20937 20778 20698 3939 383 176 3556 306 157 3250 357 102 94 101 263 16759 1507 178 1329 203 157 2893 607 148 459 1126 1080 467 127
internal_count=21018 20937 20778 20698 3939 383 176 3556 306 157 3250 357 102 94 101 263 16759 1507 178 1329 203 157 2893 607 148 459 1126 1080 467 127
is_linear=0
shrinkage=0.05


Tree=38
num_leaves=31
num_cat=0
split_feature=9 14 3 14 3 4 14 15 15 15 12 13 11 15 10 1 13 12 12 10 14 15 15 12 9 10 13 6 6 13
split_gain=1.75031 1.21814 2.30087 1.55379 1.92474 1.09289 1.06545 2.61848 2.15731 2.09285 5.47886 3.72691 3.52176 2.84986 2.60349 2.33669 1.565 1.9023 1.91748 1.56777 1.40234 1.39553 1.99809 1.83595 1.39175 3.10532 3.89051 1.2656 1.15839 1.13898
threshold=-0.11788931508810833 0.040951993391927573 0.0058303684734740688 0.10600204873107434 -0.0076363056614946459 0.027390517508301467 -0.035596703045515869 0.0092670332145473617 0.0237775899419197 0.0058556210209432811 0.036954830574428173 12.325000286102297 0.0084762607672295171 -0.0099905032153301803 0.0091813381816910917 0.01262298682513552 19.814999580383304 0.095724766601977276 -0.011548252560612314 0.011869721142281022 -0.02817624153510306 -0.011354082418819854 -0.015653069911985559 0.017736391476984806 0.057039587540679178 0.0093013706507892886 13.484999656677248 2.4534527112730893 -0.064736099707312991 12.434999942779543
decision_type=8 2 2 2 2 2 2 2 2 2 2 2 2 2 2 2 2 2 2 2 2 2 2 2 8 2 2 2 2 2
left_child=1 -1 3 4 -3 6 7 9 -9 11 12 -2 14 21 15 -11 17 18 19 -15 -8 22 -13 -23 25 29 -27 -20 -12 -22
right_child=5 2 -4 -5 -6 -7 20 8 -10 10 28 13 -14 16 -16 -17 -18 -19 27 -21 24 23 -24 -25 -26 26 -28 -29 -30 -31
leaf_value=1.8337972655700418e-05 0.0010815839186454326 0.0012457616015757211 0.00081370535932448267 -0.00016639837218933472 9.8177462711773335e-05 2.7417107067170974e-05 -0.00014932394647836024 -0.00014877340545873627 0.00042114773186006363 0.000285325719732093 0.00045593591407572009 0.00019911823530463797 -0.00016280122313778829 3.1598569486738201e-05 4.8643924077722994e-05 0.00024657514486706053 -0.0002878716550696174 0.0011842917404871706 -6.859558130867538e-05 0.00041435441191341166 -0.00030976155583079223 0.0004703302431467365 -0.00054728490237566842 0.00010538259988329079 -7.6838977851572174e-05 0.0014031442124887393 6.3615369834876503e-05 0.0003718983637548328 0.0010663471273299997 -1.6074830532905872e-05
leaf_weight=970 47 55 43 127 140 2586 712 1235 54 50 79 85 256 108 177 63 346 42 1667 53 148 45 66 40 6070 46 129 69 40 5573
leaf_count=970 47 55 43 127 140 2586 712 1235 54 50 79 85 256 108 177 63 346 42 1667 53 148 45 66 40 6070 46 129 69 40 5573
internal_value=-0.000310356 0.00144195 0.00390411 0.00245341 0.00525641 -0.000428587 -0.000572676 8.62438e-05 -0.00181924 0.000845962 0.00334586 0.000198597 0.00122711 -6.14847e-05 0.005 0.0109292 -0.000601752 -4.89955e-05 -0.000282025 0.00493789 -0.0008077 0.00516949 0.00228477 0.0102941 -0.000679426 -0.000132294 0.00642857 -0.00076613 0.0130672 -0.000332985
internal_weight=21121 1335 365 322 195 19786 17200 4522 1289 3233 665 2568 546 2521 290 113 2285 1939 1897 161 12678 236 151 85 11966 5896 175 1736 119 5721
internal_count=21121 1335 365 322 195 19786 17200 4522 1289 3233 665 2568 546 2521 290 113 2285 1939 1897 161 12678 236 151 85 11966 5896 175 1736 119 5721
is_linear=0
shrinkage=0.05


Tree=39
num_leaves=31
num_cat=0
split_feature=5 6 14 14 6 9 2 12 11 13 13 11 4 11 2 8 5 11 12 10 2 7 12 6 11 12 0 10 14 2
split_gain=1.50545 1.19855 1.1042 1.51444 1.5125 1.04356 1.77214 1.01124 2.27631 1.0526 1.53233 1.25399 1.03797 0.994755 1.16771 0.996985 0.930195 0.877567 0.86497 1.25526 0.971742 1.55726 0.974359 0.921264 0.879979 0.864003 0.84089 0.808533 0.807105 1.30078
threshold=0.017454942828510105 0.76152687977580646 -0.077913276979976895 -0.069744182185856193 -0.21167247853566037 -0.16410087325888581 -0.055660842576526863 0.073733903664651171 0.0093718282563531891 15.194999694824221 15.400000095367433 -0.0061808553148448566 0.030149798484160543 0.017238129431086383 -0.024792720169448886 0.024599646669263179 0.0099094171175057033 -0.028186654574093969 0.0077064466634939608 0.011081127961662387 -0.0049940507054636587 0.0063557385683131748 -0.0011596374910577965 1.4905566461093671 0.0053660058673883357 0.10731202878077185 0.035386498817884589 -0.0017365024253572778 0.027028120883943799 -0.044077431744941435
decision_type=2 2 2 2 2 8 2 2 2 2 2 2 2 2 2 8 2 2 2 2 2 2 2 2 2 2 2 2 2 2
left_child=1 5 -2 4 -4 6 -1 9 -9 11 -11 -3 13 18 -15 -16 17 -7 20 27 -12 23 24 -22 -23 -5 -13 28 -20 -30
right_child=2 7 3 25 -6 16 -8 8 -10 10 12 26 -14 14 15 -17 -18 -19 19 -21 21 22 -24 -25 -26 -27 -28 -29 29 -31
leaf_value=-8.7401300321691329e-05 -5.0866001139204505e-05 9.5228167318501004e-05 0.00015060651148754694 9.663140222688631e-05 0.0005820283230789263 0.00023242392979306014 0.0007281203786448587 0.00065986497745005668 -8.8423500588455745e-06 0.00038007202533142231 -2.9375953815498042e-05 -0.00011262746171619238 0.0001476621402660416 -8.027564450634166e-05 0.00051968188691346034 4.5118387836608556e-05 -2.6751915385409645e-05 -0.00013278306500242608 0.00010285840986186126 0.00042894464168534744 9.0204516000629356e-05 4.6917678089738424e-05 -0.00016153853720687287 0.00064163511609169896 0.00035384273003832736 -0.0003371530240654761 0.00049867395400038871 -0.00025790865783934203 0.00047734584212793949 -0.00018509144939137984
leaf_weight=63 324 65 40 1904 40 52 44 58 110 84 640 1025 57 70 78 109 13360 1496 126 40 56 205 78 46 42 85 66 405 44 228
leaf_count=63 324 65 40 1904 40 52 44 58 110 84 640 1025 57 70 78 109 13360 1496 126 40 56 205 78 46 42 85 66 405 44 228
internal_value=-0.000225762 -0.000377274 0.000954867 0.00137989 0.008125 -0.000574427 0.00434579 0.000437774 0.00422619 0.00025404 0.000870883 -0.00097751 0.000620502 0.000445315 0.00336576 0.00542781 -0.000609741 -0.00177003 5.23548e-05 -0.00114472 0.000998124 0.00284543 0.00115384 0.00823529 0.00269231 0.0011086 -0.00137947 -0.00157534 2.51244e-05 -0.00150735
internal_weight=21040 18647 2393 2069 80 15015 107 3632 168 3464 2308 1156 2224 2167 257 187 14908 1548 1910 843 1067 427 325 102 247 1989 1091 803 398 272
internal_count=21040 18647 2393 2069 80 15015 107 3632 168 3464 2308 1156 2224 2167 257 187 14908 1548 1910 843 1067 427 325 102 247 1989 1091 803 398 272
is_linear=0
shrinkage=0.05


Tree=40
num_leaves=31
num_cat=0
split_feature=5 6 14 4 12 12 15 10 4 8 8 5 14 10 10 15 15 11 15 12 11 15 12 14 10 14 12 14 14 8
split_gain=1.69818 1.00166 1.06649 0.987855 1.09702 3.77601 1.51897 0.935533 1.6214 0.99734 0.87795 0.919298 0.838199 0.789456 4.49586 3.73619 1.52218 1.48099 1.45371 4.56496 1.41582 1.14366 1.04018 4.30838 5.76278 1.23906 1.23528 1.85836 3.24124 2.0699
threshold=0.0099550105562499821 0.15471855565395307 -0.13532199000438486 0.027390517508301467 0.078665410711505027 0.082959740110242888 -0.0054307343272703137 0.01542612816856115 0.023861530419367488 0.02520400933934153 0.025871205586860627 0.017017911514003382 -0.12635401997537379 -0.0042976015384410529 -0.0039079154947589392 -0.0034247849451171093 0.0092670332145473617 -0.028186654574093969 -0.016798945316637167 0.035732365029541142 -0.031453464626615406 -0.01343640776225785 0.038171313718868845 0.013647468145900345 0.0012069827106450106 -0.081825770158787711 0.0066896408709551389 -0.051474636784154308 -0.054330610723124943 -0.047904457351179756
decision_type=2 2 2 2 2 2 2 2 2 8 8 2 2 2 2 2 2 2 2 2 2 2 2 2 2 2 2 2 2 10
left_child=-1 10 -3 4 7 -6 -7 12 9 -9 13 -12 -4 16 15 -15 17 20 19 -16 -2 -20 26 25 -25 -24 -23 28 29 -28
right_child=1 2 3 -5 5 6 -8 8 -10 -11 11 -13 -14 14 18 -17 -18 -19 21 -21 -22 22 23 24 -26 -27 27 -29 -30 -31
leaf_value=-9.2693419627305927e-05 1.4556823586919679e-06 -0.00013649532266488641 0.00013793564807918591 0.00011418843580186831 0.0005328684107513608 0.00050788393683304407 -0.00029371062258247443 0.00079539837308686728 -0.00018300835282924926 6.9653563582822384e-05 -8.200289751348407e-05 3.1397525046436556e-05 -1.1093885287343443e-05 0.00079523181036148015 -0.00024377161855933406 6.8113182136425196e-06 0.00015351333519297909 -0.0001063798768329314 -0.00049289942881823622 0.00034475320521513183 0.00030155374221976116 -2.4561775820658693e-05 0.00039033124555653496 -2.5923523555422339e-05 0.00076980769483979623 -0.00017572271057484393 0.00035517992512957755 1.7209834533141045e-05 0.00047640709076558557 2.4179839598849538e-05
leaf_weight=2015 128 216 48 1014 40 57 124 40 44 54 3824 502 4846 49 77 45 87 1466 158 50 50 2178 48 137 63 1108 93 2027 50 295
leaf_count=2015 128 216 48 1014 40 57 124 40 44 54 3824 502 4846 49 77 45 87 1466 158 50 50 2178 48 137 63 1108 93 2027 50 295
internal_value=-0.000344672 -0.000197697 0.000306184 0.000425242 0.000149437 0.00359728 0.000524861 -1.98847e-06 0.00405797 0.00776596 -0.000460395 -0.0010356 -0.00011647 -0.000153534 0.00010348 0.0109574 -0.00110052 -0.00144161 -5.88809e-05 0.00523622 0.00286517 -0.000168103 -5.75108e-05 -0.00127581 0.0055 -0.0024481 0.000298297 0.00106491 0.00401826 0.00247423
internal_weight=20933 18918 6483 6267 5253 221 181 5032 138 94 12435 4326 4894 8109 6378 94 1731 1644 6284 127 178 6157 5999 1356 200 1156 4643 2465 438 388
internal_count=20933 18918 6483 6267 5253 221 181 5032 138 94 12435 4326 4894 8109 6378 94 1731 1644 6284 127 178 6157 5999 1356 200 1156 4643 2465 438 388
is_linear=0
shrinkage=0.05


Tree=41
num_leaves=31
num_cat=0
split_feature=7 9 15 2 12 15 12 0 15 14 14 13 14 13 12 12 2 12 16 11 4 11 11 16 1 14 11 5 14 15
split_gain=1.19624 0.975737 1.48185 1.39454 1.45093 2.31575 1.36364 1.30998 1.74776 1.91173 1.90435 1.7101 1.39134 1.61304 1.68382 1.41942 1.70304 1.65648 1.38458 2.6462 1.31127 1.20725 2.19387 1.10221 1.21283 1.04024 0.994115 1.67792 2.37381 1.14727
threshold=-0.11815296653224693 -0.039826498216249943 0.0096341709750864552 -0.0028597461349284532 0.026070276169157917 0.005548705561548962 0.048021249302454556 0.015462872375195171 0.011241937042340446 0.0053913947730825926 0.013647468145900345 30.345000267028812 -0.035874657899562339 17.914999961853031 -0.027973012120020454 -0.036045899235514094 -0.0022468522542792853 0.0066896408709551389 0.006351934066006649 -0.0076796209830086162 0.034438588827733492 0.014562779709105135 0.010325604265528312 -0.065169216229391022 -0.06032782665670932 0.059971774713864064 -0.0060160798927795791 0.016430448356977816 -0.017044659763988276 0.0061800904233142448
decision_type=2 8 2 2 2 2 2 2 2 2 2 2 2 2 2 2 2 2 2 2 2 2 2 2 2 2 2 2 2 2
left_child=-1 2 3 -2 21 -6 -7 11 12 -10 -11 20 15 -14 -15 -9 17 -17 19 -16 23 22 26 24 -3 -12 27 28 -5 -28
right_child=1 7 -4 4 5 6 -8 8 9 10 25 -13 13 14 18 16 -18 -19 -20 -21 -22 -23 -24 -25 -26 -27 29 -29 -30 -31
leaf_value=0.00049466850763926393 2.7890097677240004e-06 -4.1450420337777082e-05 -0.00012415840665828653 -5.1792263763715969e-05 -3.83837608728749e-05 0.00010720885839686037 0.00063074309682593921 -0.0001931335700427199 -0.00010735832791105708 0.00067102894239984149 -8.9933920184777816e-05 0.00015690795197827347 -5.434985216246849e-05 -0.00043577208036970684 0.00037966216395978445 0.00022266123520384344 0.00016315524479676007 0.00047682539884237401 0.00017173255716482178 9.3780383704667377e-05 0.00017964312522660101 -9.1659815070426094e-05 0.00081711648339895932 -4.1285262212420243e-05 0.00018296238686911251 0.00031083590712096832 -7.1765862600761641e-06 -0.00016667970523676681 0.00053923931998557109 0.00028678471317905899
leaf_weight=84 3142 53 691 44 594 40 48 57 802 46 134 95 492 44 41 47 191 41 66 44 262 116 61 13380 40 49 193 40 94 43
leaf_count=84 3142 53 691 44 594 40 48 57 802 46 134 95 492 44 41 47 191 41 66 44 262 116 61 13380 40 49 193 40 94 43
internal_value=-0.000240582 -0.000264413 0.000336857 0.000673838 0.00206991 0.000498533 0.00806818 -0.000457694 0.000720544 -0.0007323 0.00329694 -0.000632684 0.00218475 0.000895195 0.00474359 0.00482143 0.00629032 0.0120455 0.00725165 0.0114706 -0.000678924 0.00388325 0.005 -0.000747051 0.00467742 0.00101093 0.00369565 0.00651685 0.00913043 0.0015678
internal_weight=21074 20990 5106 4415 1273 682 88 15884 2054 1031 229 13830 1023 687 195 336 279 88 151 85 13735 591 475 13473 93 183 414 178 138 236
internal_count=21074 20990 5106 4415 1273 682 88 15884 2054 1031 229 13830 1023 687 195 336 279 88 151 85 13735 591 475 13473 93 183 414 178 138 236
is_linear=0
shrinkage=0.05


Tree=42
num_leaves=31
num_cat=0
split_feature=9 14 10 10 3 2 16 16 6 8 10 15 15 11 15 2 7 9 2 10 11 14 3 11 14 5 14 16 10 10
split_gain=1.89244 1.36358 2.55194 4.61912 1.52113 0.852573 0.842983 0.992372 0.867288 0.920634 0.826059 1.42945 2.42759 1.1109 0.927109 0.903395 1.45995 1.77923 1.53869 0.838743 0.84124 0.887129 0.824091 0.84936 1.11379 0.787266 1.96836 0.787225 2.55408 4.64927
threshold=-0.064170093178066365 0.18763840935801293 -0.014256563971479506 -0.015857538372193832 -0.0022660807787343025 -0.046659341886317589 0.058236884182592659 0.055569038521206766 -0.40151865326984121 0.081179788098668784 0.010591445370862431 0.005548705561548962 0.0030862552647784596 0.03932291360928742 0.010499087347824345 -1.0000000180025095e-35 0.0040515020493445695 -0.099175752486833621 0.019377188692521478 -0.0019995702881753781 -0.0017304043839145853 0.013647468145900345 -0.0089187607759645942 0.010325604265528312 0.075303566395644742 0.010585379999516394 -0.12096344977185801 0.021723995626602547 0.0021685217340158274 0.0028223419671780108
decision_type=8 2 2 2 2 2 2 2 2 8 2 2 2 2 2 2 2 10 2 2 2 2 2 2 2 2 2 2 2 2
left_child=1 2 3 5 -5 -1 7 8 9 -2 14 12 -12 -13 15 22 17 -17 -19 -18 -21 -22 23 24 -4 26 -10 -27 -29 -30
right_child=6 -3 10 4 -6 -7 -8 -9 25 -11 11 13 -14 -15 -16 16 19 18 -20 20 21 -23 -24 -25 -26 27 -28 28 29 -31
leaf_value=-0.00011144059405672489 -2.8717162528708848e-05 -0.00026176470836319389 -0.00012553444673716794 0.0012143027463993651 0.00058862036113780769 0.00019014091594206353 -0.00047442228186211151 0.000147886203568468 0.00025263895219840949 -0.00013925258434481901 0.00011341090365988124 -7.7479460291239526e-05 0.00077669354291394098 0.00045981245020547802 -0.00022252614379396211 1.953197055115923e-06 -0.00028853201686207481 0.00022403129533998795 0.00066619869577685237 0.00040617838367162061 -4.3917343419760748e-06 0.00033375463594614255 -1.3346024222241494e-05 0.00056944400830049918 0.00041185406712995591 -8.4747571551637639e-06 -8.6848921075624171e-05 -0.00010666309229605252 0.00081375548083953853 9.6205818095760126e-05
leaf_weight=84 6122 115 110 43 40 40 102 72 46 813 90 164 55 45 320 83 107 64 45 40 259 55 1725 67 49 6769 1871 674 48 859
leaf_count=84 6122 115 110 43 40 40 102 72 46 813 90 164 55 45 320 83 107 64 45 40 259 55 1725 67 49 6769 1871 674 48 859
internal_value=-0.000251717 0.000791665 0.000968435 0.00635266 0.0154819 0.000241934 -0.000467888 -0.000441127 -0.000465645 -0.000897622 0.000628431 0.0029096 0.00672414 0.000263157 0.000352256 0.000664361 0.00227412 0.0059375 0.0101376 0.000748372 0.0019209 0.00105095 0.000125575 0.0029646 0.000974842 -0.000173859 -0.00108764 3.5927e-05 0.00104048 0.00277288
internal_weight=20976 3600 3485 207 83 124 17376 17274 17202 6935 3278 354 145 209 2924 2604 653 192 109 461 354 314 1951 226 159 10267 1917 8350 1581 907
internal_count=20976 3600 3485 207 83 124 17376 17274 17202 6935 3278 354 145 209 2924 2604 653 192 109 461 354 314 1951 226 159 10267 1917 8350 1581 907
is_linear=0
shrinkage=0.05


Tree=43
num_leaves=31
num_cat=0
split_feature=6 13 7 3 12 4 14 13 14 11 4 5 11 11 12 11 11 3 8 14 14 10 10 8 7 9 14 9 11 5
split_gain=1.32888 1.2456 2.36453 1.19641 2.42781 0.881073 1.19671 3.04143 3.46233 0.841788 0.740816 0.719015 0.786464 2.50937 1.69776 3.43172 1.25823 1.65557 1.17704 1.04051 0.905755 1.17167 1.15527 1.82812 1.28074 0.906904 0.873491 0.870437 1.4939 0.821143
threshold=-0.41788214050706213 12.230000019073488 0.037046602741019348 0.024813035821464772 -0.014960350168733092 0.025216697063511394 0.040951993391927573 17.994999885559086 0.058009640559056781 -0.024572919887126395 0.018492789792772701 0.027175168866621784 0.013370949203247886 0.013148939613643941 0.073733903664651171 0.0039565944761287284 0.015629796183489589 -0.01448655301855367 0.054360005512854255 0.022797718540964799 -0.096084571305829466 0.0052229524560013516 0.0086942135082223055 0.040305457130532026 0.0089952040905505477 0.0069502971552553037 -0.035874657899562339 0.030618857518463719 0.016276955956380904 0.010518785873326176
decision_type=2 2 2 2 2 2 2 2 2 2 2 2 2 2 2 2 2 2 10 2 2 2 2 8 2 8 2 10 2 2
left_child=5 2 10 11 -5 -1 -7 8 -8 -9 -2 12 13 14 20 19 -14 -18 27 -16 21 -3 29 24 26 -26 -24 -19 -29 -22
right_child=1 3 -4 4 -6 6 7 9 -10 -11 -12 -13 16 -15 15 -17 17 18 -20 -21 22 -23 23 -25 25 -27 -28 28 -30 -31
leaf_value=-5.7650000829351851e-05 0.00022903839803597027 0.00014960236537135492 0.0011435184194790741 0.00061352253752131091 6.4101204267882274e-05 -2.2086573640407926e-05 0.0012686600744630312 0.0002187731617510801 7.720753106373862e-05 -0.0001192559587828373 -0.00030787585921978423 0.00027320129345561429 -0.00025697881481953627 0.00035795521521006339 0.00086249747057074453 -0.00019075850984185002 0.00036669868968605695 -4.6500994765061806e-05 -0.00011322459742898582 0.00035555209180581981 -5.5041191774375328e-05 -0.00012351777069930582 0.0001986078941622017 -0.00011285759946720907 0.0003132417484382284 0.00044808275672334548 -0.00031318099307996367 0.00029557608440961708 6.2822429452211981e-05 1.1484460173504102e-05
leaf_weight=6264 49 47 40 40 101 1523 56 68 79 232 56 164 451 44 49 136 52 1533 586 53 1384 540 268 183 45 51 65 55 487 6310
leaf_count=6264 49 47 40 40 101 1523 56 68 79 232 56 164 451 44 49 136 52 1533 586 53 1384 540 268 183 45 51 65 55 487 6310
internal_value=-0.000271526 4.73051e-05 0.00465517 -5.53741e-06 0.00457447 -0.000767454 0.000158324 0.00247126 0.0087037 -0.000333335 0.000714285 -5.71875e-05 -0.000100901 0.000133514 7.61131e-05 0.0042437 -0.000780659 -0.000374126 -0.000546788 0.0111765 -3.54223e-05 -0.00193356 9.87226e-05 0.00218954 0.00397436 0.0090625 0.00250751 1.2047e-05 0.00173432 -6.75863e-05
internal_weight=21011 12789 145 12644 141 8222 1958 435 135 300 105 12503 12339 9175 9131 238 3164 2713 2661 102 8893 587 8306 612 429 96 333 2075 542 7694
internal_count=21011 12789 145 12644 141 8222 1958 435 135 300 105 12503 12339 9175 9131 238 3164 2713 2661 102 8893 587 8306 612 429 96 333 2075 542 7694
is_linear=0
shrinkage=0.05


Tree=44
num_leaves=31
num_cat=0
split_feature=11 11 14 13 3 12 13 14 15 12 16 16 15 13 4 13 6 16 11 16 4 13 12 2 15 15 15 2 16 14
split_gain=1.03003 2.18741 1.86197 1.82293 1.50219 3.63783 1.63394 2.35524 1.37769 1.99435 2.26805 5.60263 2.40527 3.64569 4.18846 1.72058 2.20088 1.62325 1.53106 1.99376 2.09079 1.96231 2.33654 1.49795 1.42156 1.92465 4.10131 3.74979 2.16877 1.48357
threshold=-0.0081164241286432719 -0.0086028412340181642 -0.030906714022271572 13.824999809265138 0.0057174152855717928 0.04047963103536379 26.284999847412113 0.083142255535003332 -0.0072651478495820423 -0.037333160893422583 0.0013932002616047214 0.0011711243965958353 -0.0085577080472021266 15.144999980926515 0.023335574630941606 13.305000305175783 -0.18992236141458538 -0.017168314561124717 0.00053831818388905283 -0.013391853433803889 0.021834774705619401 13.659999847412111 0.026070276169157917 -0.067249300928637443 -0.00095955719328616451 -0.00025584126733080298 -0.00048015942847301479 0.056624283562488505 0.03185667079652655 0.020125848996620292
decision_type=2 2 2 2 2 2 2 2 2 2 2 2 2 2 2 2 2 2 2 2 2 2 2 2 2 2 2 2 2 2
left_child=1 3 -3 -1 -5 6 -6 -8 9 -2 11 12 18 14 -14 16 -12 -15 23 20 -20 22 -21 -11 -10 26 28 29 -26 -28
right_child=8 2 -4 4 5 -7 7 -9 24 10 15 -13 13 17 -16 -17 -18 -19 19 21 -22 -23 -24 -25 25 -27 27 -29 -30 -31
leaf_value=0.00035357929665193769 0.000118127541313484 -3.0308586347607534e-05 0.00031624167401286178 -1.7802659870207826e-05 5.7032513279975755e-06 0.00026801368596503634 3.5690380079907867e-05 0.00046004022612147679 -9.7635325799221256e-05 0.00033870896392755806 0.00035939517221084019 0.00037917508508102717 0.00017227598939459381 0.00038278099312264336 0.0013159684007218219 -0.00033613717837015548 -0.00017241533361693056 -7.1645051330238829e-05 0.00035785980116821389 0.00046444327186386371 9.9244185224116129e-05 -0.00010382792496511087 -9.6518100330357778e-06 -0.00019569412400566658 -0.00013990081770495218 -3.3152112403488932e-05 -8.3461030793765005e-05 0.00087074943476990279 0.00096728502563723443 0.00022533040291220264
leaf_weight=57 48 48 103 3937 635 46 87 47 3596 87 48 51 64 75 40 594 53 208 95 52 181 501 104 579 363 9121 89 73 50 74
leaf_count=57 48 48 103 3937 635 46 87 47 3596 87 48 51 64 75 40 594 53 208 95 52 181 501 104 579 363 9121 89 73 50 74
internal_value=-0.000297547 0.00033266 0.00625828 0.000146599 3.9982e-05 0.00199386 0.00117685 0.00619403 -0.000491145 0.000521582 0.000344069 0.00118557 0.000765356 0.00430232 0.0123077 -0.0021223 0.00391089 0.00136042 -9.06829e-05 0.0012165 0.00478261 -0.000281584 0.00461538 -0.00192192 -0.000701782 -0.000388947 0.00224191 0.0075 -0.000762713 0.00328221
internal_weight=21106 4960 151 4809 4752 815 769 134 16146 2780 2732 2037 1986 387 104 695 101 283 1599 933 276 657 156 666 13366 9770 649 236 413 163
internal_count=21106 4960 151 4809 4752 815 769 134 16146 2780 2732 2037 1986 387 104 695 101 283 1599 933 276 657 156 666 13366 9770 649 236 413 163
is_linear=0
shrinkage=0.05


Tree=45
num_leaves=31
num_cat=0
split_feature=5 14 16 14 14 16 11 15 14 14 10 0 9 16 14 16 16 16 10 11 0 11 11 15 15 10 16 16 11 0
split_gain=1.40379 1.09391 1.12717 0.956084 5.6372 2.30132 1.43219 1.3225 1.68562 2.85674 1.64973 1.25 0.955518 1.4638 2.05943 0.941774 3.56043 0.924788 0.907886 1.45187 1.40111 1.68566 1.10139 0.909276 1.98343 1.65526 2.76857 4.14855 2.56026 2.73146
threshold=0.010585379999516394 -0.12635401997537379 0.044154562659851411 0.040951993391927573 0.041854253665611248 -0.065169216229391022 0.011695310622020451 0.0060244437833247852 0.15797637088179853 0.078404529959544514 -0.0080075928939195556 -0.018660825688462442 0.057039587540679178 -0.021811984441981343 0.031250907350716124 0.013534800310703867 0.01545830382180158 -0.0030525629998675026 -0.004854933316951914 -0.011576467999656779 0.0022137585670938269 -0.026323618530511902 -0.036898887484870739 0.0092670332145473617 0.0092065881637597453 0.0079905561282167543 0.012162699149280145 0.013210642484204673 0.011605230504387444 0.019618001810001954
decision_type=2 2 2 2 2 2 2 2 2 2 2 2 8 2 2 2 2 2 2 2 2 2 2 2 2 2 2 2 2 2
left_child=1 -1 12 18 11 -6 7 15 9 -9 -11 -5 13 14 -3 -7 -17 -8 19 20 22 -22 -2 24 25 -20 28 -28 29 -27
right_child=3 2 -4 4 5 6 17 8 -10 10 -12 -13 -14 -15 -16 16 -18 -19 23 -21 21 -23 -24 -25 -26 26 27 -29 -30 -31
leaf_value=0.00023117915495117657 0.00017547935838094618 0.00017931313015190318 0.00011937547729860804 0.00041173406831827706 0.00045340026144221788 -6.9248130584142727e-06 0.00014066024381035881 8.4464952295426959e-05 -0.00078458246244966312 0.00033735883910617002 0.00056095526269066243 0.0013554535271009369 -0.00012148706218873768 -5.526702377388527e-05 -6.0052815243485397e-05 0.00075942868827658767 1.4346056004603307e-05 -0.00024529297640117084 -1.3902512957215756e-05 -0.00025913057155424002 5.0261792115408488e-05 0.00051025732868050855 -0.00011276049807218156 -5.6684936469110992e-05 0.00045537075367411192 5.6254322792916088e-05 0.0016146715322790811 0.00018168233345436938 -0.00015121199025439752 0.00036142280084423264
leaf_weight=49 47 83 49 40 50 2675 49 209 51 40 62 40 1587 1466 87 46 283 438 8230 671 64 44 191 2714 50 602 43 453 583 56
leaf_count=49 47 83 49 40 50 2675 49 209 51 40 62 40 1587 1466 87 46 283 438 8230 671 64 44 191 2714 50 602 43 453 583 56
internal_value=-0.000247484 -0.00119091 -0.00130196 -7.07812e-05 0.000611347 0.000342043 0.000203736 0.000570409 0.00342541 0.00480707 0.0116667 0.01375 -0.00141638 -0.000568461 0.00382353 0.000226364 0.00275076 -0.0023306 -0.000268404 -0.001706 0.000924854 0.00564815 -0.00121849 -0.000153563 6.63859e-05 1.65534e-05 0.00141911 0.00457661 0.00015713 0.00229483
internal_weight=21052 3321 3272 17731 3983 3903 3853 3366 362 311 102 80 3223 1636 170 3004 329 487 13748 1017 346 108 238 12731 10017 9967 1737 496 1241 658
internal_count=21052 3321 3272 17731 3983 3903 3853 3366 362 311 102 80 3223 1636 170 3004 329 487 13748 1017 346 108 238 12731 10017 9967 1737 496 1241 658
is_linear=0
shrinkage=0.05


Tree=46
num_leaves=31
num_cat=0
split_feature=9 16 16 15 16 16 10 4 16 2 16 10 8 12 12 3 16 3 14 14 14 12 16 10 12 12 15 6 4 14
split_gain=1.53019 0.921763 1.36381 4.53561 1.3016 5.37911 2.22483 1.61618 1.4914 1.16494 1.35642 5.82511 1.37496 1.32337 1.29278 2.04676 1.1799 1.37963 1.13255 1.66999 3.0439 1.66987 2.83957 2.64959 1.35187 2.10327 2.34802 1.5576 1.15617 1.11592
threshold=-0.22276201954926952 0.0018631302066854929 0.0011711243965958353 -0.0079938367293095319 0.012162699149280145 0.012468860706084996 0.017875659611307108 0.025216697063511394 0.044154562659851411 0.0661439771172352 -0.0012077110200278127 0.0045502623367793546 0.02264442558670399 0.048302189377787193 -0.067575688865902969 0.01050337831755155 -0.037565538360303567 0.0018510719476977357 0.047546513885702975 0.059971774713864064 0.052213768787031663 0.060736878271406176 0.025132931283052943 0.0076450481048171435 0.040838161547757219 0.039000972037425148 0.0071099735642301551 2.6679494145446307 0.02121006574217002 -0.12635401997537379
decision_type=8 2 2 2 2 2 2 2 2 2 2 2 8 2 2 2 2 2 2 2 2 2 2 2 2 2 2 2 2 2
left_child=-1 2 9 -4 6 -6 -3 18 -9 14 12 -12 -11 -14 15 16 -2 -18 21 20 -20 24 -23 28 25 27 -27 29 -24 -7
right_child=1 4 3 -5 5 7 -8 8 -10 10 11 -13 13 -15 -16 -17 17 -19 19 -21 -22 22 23 -25 -26 26 -28 -29 -30 -31
leaf_value=0.00027622406503113639 -0.0012205704521633821 -8.3620161200102273e-05 0.00037104010624033684 -6.7297990075135152e-06 0.0010089310612078522 0.00014019803081471503 0.00033528916361040312 0.00011098361861668917 -0.00020559765904254522 0.00039894626375697076 -8.7735526774041785e-05 0.00098109567602035121 7.3784954660342271e-05 -0.00032933591980443703 -1.5246344678008836e-05 0.00039822420451460905 0.00024233237214922306 -4.6990202182736918e-05 5.8519042868962049e-05 -5.7809074052476441e-06 0.00041888858976949265 -0.00024519303959805974 0.00044425103457165158 -4.7684564348428462e-05 -0.00023255732159321369 -0.00012996221994517144 0.00034489759779914703 0.0003730965099611471 0.00041565746795501149 -0.00010352094404119983
leaf_weight=263 65 4092 77 229 74 153 49 1142 300 78 96 44 738 165 8937 44 70 44 92 496 43 128 48 73 873 44 46 65 43 2427
leaf_count=263 65 4092 77 229 74 153 49 1142 300 78 96 44 738 165 8937 44 70 44 92 496 43 128 48 73 873 44 46 65 43 2427
internal_value=-0.000234814 -0.000282793 4.39206e-05 0.00333333 -0.000622302 -0.000154623 -0.00130524 -0.000320611 0.00113731 -5.39843e-05 0.00146744 0.00607143 0.000810396 0.000260242 -0.000240176 0.00352018 0.00114525 0.00421053 -0.000784596 0.00118066 0.00611111 -0.00110257 0.00253425 0.00689024 -0.0013969 -0.000850093 0.00666667 -0.00110586 0.0125824 -0.00129845
internal_weight=21038 20775 10587 306 10188 6047 4141 5973 1442 10281 1121 140 981 903 9160 223 179 114 4531 631 135 3900 292 164 3608 2735 90 2645 91 2580
internal_count=21038 20775 10587 306 10188 6047 4141 5973 1442 10281 1121 140 981 903 9160 223 179 114 4531 631 135 3900 292 164 3608 2735 90 2645 91 2580
is_linear=0
shrinkage=0.05


Tree=47
num_leaves=31
num_cat=0
split_feature=5 6 16 16 9 11 14 6 4 7 6 13 13 11 11 11 11 10 9 14 10 8 16 10 16 9 14 10 3 13
split_gain=1.52442 1.12384 1.06775 1.26474 0.982847 1.96473 1.69234 1.62113 1.83405 0.976241 0.825921 0.799326 3.72463 0.769903 1.62364 1.34143 2.74769 4.28299 3.09484 1.50701 1.27355 1.24843 1.61488 1.47072 0.997443 0.956513 0.939577 2.45788 3.64383 1.34729
threshold=0.010165309291450637 -1.3805143876699904 0.058236884182592659 0.055569038521206766 0.057039587540679178 -0.0019949818348388155 0.028010740507291913 0.19884636257182986 0.015644646691347994 -0.11815296653224693 2.9074650168105802 12.00999975204468 12.119999885559084 0.0091429221400685119 0.0079258155566226413 0.006555889816587058 0.0053660058673883357 -0.0014592383155322961 0.12696963280159138 0.013647468145900345 -0.0019771286698093134 0.093281700183040842 -0.0064341231033837034 0.0018732766831597305 0.021723995626602547 0.090775796970454251 0.13936216153879713 -0.013327781970057238 0.0032617222117218296 23.265000343322757
decision_type=2 2 2 2 8 2 2 2 2 2 2 2 2 2 2 2 2 2 8 2 2 10 2 2 2 10 2 2 2 2
left_child=4 -2 3 9 5 6 7 8 -1 -3 11 -11 -13 14 15 16 26 18 -18 25 -15 22 23 -16 -17 -19 27 28 -14 -29
right_child=1 2 -4 -5 -6 -7 -8 -9 -10 10 -12 12 13 20 21 24 17 19 -20 -21 -22 -23 -24 -25 -26 -27 -28 29 -30 -31
leaf_value=-0.00023194963550384531 -0.00012073426636161484 0.000461432562948276 -0.00045426171094808151 0.00028526937674365379 -0.0001134959615511699 -0.00012166339645911623 -4.9787435858918533e-05 0.00047684941966231624 0.00017663498633579586 -0.00066744306878400441 0.00013361489803183593 0.0009382606548961628 4.7255456370219624e-05 -0.00021075309406543309 0.00099500027841698717 -0.00027094186403720574 0.00069723075276423687 -7.9016766935512903e-05 0.00022100482064461551 0.0003493014626937917 -1.7169235070762885e-05 0.00042437696340082105 2.0349941234165035e-05 0.00011753130036850571 0.00012120733240493331 0.00023831948500232576 -0.00012075900827562007 3.4697992902321709e-06 0.00037396155782765171 -0.00014213859722643905
leaf_weight=54 637 88 145 56 1243 833 158 70 49 83 412 70 502 879 47 505 66 269 51 70 5625 40 416 66 65 56 696 6844 76 796
leaf_count=54 637 88 145 56 1243 833 158 70 49 83 412 70 502 879 47 505 66 269 51 70 5625 40 416 66 65 56 696 6844 76 796
internal_value=-0.000263987 -0.000110454 -3.71044e-05 -2.25116e-06 -0.00144786 -0.000403781 0.00285498 0.00627168 0.00228155 -2.59576e-05 -5.21731e-05 -0.000105099 -8.13945e-05 -0.000128597 0.000134878 -1.30064e-05 0.000129428 0.00369141 0.012094 0.00120253 -0.000556582 0.00273286 0.00208885 0.00738938 -0.00236842 -0.00023077 -7.51639e-05 7.42261e-05 0.00321799 -0.000163614
internal_weight=20967 18560 17923 17778 2407 1164 331 173 103 17722 17634 17222 17139 17069 10565 9996 9426 512 117 395 6504 569 529 113 570 325 8914 8218 578 7640
internal_count=20967 18560 17923 17778 2407 1164 331 173 103 17722 17634 17222 17139 17069 10565 9996 9426 512 117 395 6504 569 529 113 570 325 8914 8218 578 7640
is_linear=0
shrinkage=0.05


Tree=48
num_leaves=31
num_cat=0
split_feature=16 16 13 13 14 4 14 14 12 0 0 9 3 2 7 2 13 13 9 9 10 12 14 14 3 8 13 3 4 16
split_gain=1.04251 1.3307 0.931083 1.98548 4.70456 0.918446 1.23627 1.36391 1.56144 0.957522 0.911808 0.802557 2.07155 0.914281 1.13407 2.35265 1.63602 1.51204 1.70746 1.5553 1.56866 1.92857 1.11374 2.08593 3.31583 1.08476 1.18375 0.972858 1.18368 0.936918
threshold=0.058236884182592659 0.055569038521206766 12.00999975204468 12.119999885559084 -0.015974596701323503 0.027390517508301467 -0.077913276979976895 -0.069744182185856193 0.020528526804308837 0.045475459029054595 0.00641654264556868 -0.10625241864238354 -0.0077973936250322886 -0.037109605353259738 0.0046916644103260916 0.016745979814455584 13.085000038146974 18.904999732971195 0.10763178092698535 -0.057319635581236754 -0.0061039058742593513 0.033050986692939495 0.016553968951917967 0.013234785210327617 -0.00017653191116173692 0.025871205586860627 12.555000305175783 0.0030024271648767535 0.022280503569433525 -0.032577148641308222
decision_type=2 2 2 2 2 2 2 2 2 2 2 8 2 2 2 2 2 2 10 8 2 2 2 2 2 10 2 2 2 2
left_child=1 2 -1 4 -4 9 -7 8 10 11 -8 12 -5 29 15 22 -17 19 -19 -18 21 -21 23 25 -25 26 -15 -22 -29 -13
right_child=-2 -3 3 5 -6 6 7 -9 -10 -11 -12 13 -14 14 -16 16 17 18 -20 20 27 -23 -24 24 -26 -27 -28 28 -30 -31
leaf_value=-0.00054058118444787054 -0.00044548597871706922 0.00020301769580630385 0.00092353223317843079 0.00026607566970448078 -9.5492023375675419e-05 -9.080125696166916e-05 0.00069194147406155017 3.3908909740257385e-05 -0.0002984464734581066 0.00027032025035854948 0.00011639704864651151 -0.00019062591463573877 9.8942698103490409e-06 0.00014865274389399142 -3.7785012703343529e-05 -0.00012716195756002223 0.00058764080699524662 -0.00013014233297782056 0.00015034732019103975 0.00015951405809102131 0.00010438094555192186 0.00049982044785516224 -7.3709362433177459e-05 -0.0001370240365356106 0.00041727710360871077 -0.00021756006724972036 3.4171368275172222e-06 0.00025606562683369534 -2.2202673933196137e-05 -4.3334851718077443e-05
leaf_weight=101 152 80 55 96 53 459 42 2589 44 79 41 482 765 67 8046 165 47 188 63 54 436 42 1390 47 48 197 2110 88 43 2971
leaf_count=101 152 80 55 96 53 459 42 2589 44 79 41 482 765 67 8046 165 47 188 63 54 436 42 1390 47 48 197 2110 88 43 2971
internal_value=-0.000216256 -0.000186233 -0.000210978 -0.000187619 0.00657407 -0.00022307 0.000559054 0.000964653 0.00602362 -0.000365589 0.0100602 -0.000390604 0.00109756 -0.000468334 -0.000276649 0.000315947 0.00232682 0.00311654 -0.000219125 0.00429577 0.0036727 0.00958333 -0.000270797 0.000366544 0.00763158 7.58202e-05 0.000397335 0.00267196 0.00645038 -0.00119172
internal_weight=21040 20888 20808 20707 108 20599 3175 2716 127 17424 83 17345 861 16484 13031 4985 1126 961 251 710 663 96 3859 2469 95 2374 2177 567 131 3453
internal_count=21040 20888 20808 20707 108 20599 3175 2716 127 17424 83 17345 861 16484 13031 4985 1126 961 251 710 663 96 3859 2469 95 2374 2177 567 131 3453
is_linear=0
shrinkage=0.05


end of trees

feature_importances:
sector_ret_1d=171
spy_ret_5d=163
sector_ret_5d=160
vix_chg_1d=141
vix_level=132
spy_ret_1d=122
spy_ret_20d=111
dist_ma200=75
overnight_gap=59
dvol_z_20=57
dist_ma50=52
parkinson_20=51
ret_20d=43
atr_pct=40
ret_1d=36
ret_5d=29
dist_ma20=28

parameters:
[boosting: gbdt]
[objective: quantile]
[metric: quantile]
[tree_learner: serial]
[device_type: cpu]
[data_sample_strategy: bagging]
[data: ]
[valid: ]
[num_iterations: 120]
[learning_rate: 0.05]
[num_leaves: 31]
[num_threads: -1]
[seed: 0]
[deterministic: 0]
[force_col_wise: 1]
[force_row_wise: 0]
[histogram_pool_size: -1]
[max_depth: -1]
[min_data_in_leaf: 40]
[min_sum_hessian_in_leaf: 0.001]
[bagging_fraction: 0.85]
[pos_bagging_fraction: 1]
[neg_bagging_fraction: 1]
[bagging_freq: 1]
[bagging_seed: 3]
[bagging_by_query: 0]
[feature_fraction: 0.85]
[feature_fraction_bynode: 1]
[feature_fraction_seed: 2]
[extra_trees: 0]
[extra_seed: 6]
[early_stopping_round: 0]
[early_stopping_min_delta: 0]
[first_metric_only: 0]
[max_delta_step: 0]
[lambda_l1: 0]
[lambda_l2: 0]
[linear_lambda: 0]
[min_gain_to_split: 0]
[drop_rate: 0.1]
[max_drop: 50]
[skip_drop: 0.5]
[xgboost_dart_mode: 0]
[uniform_drop: 0]
[drop_seed: 4]
[top_rate: 0.2]
[other_rate: 0.1]
[min_data_per_group: 100]
[max_cat_threshold: 32]
[cat_l2: 10]
[cat_smooth: 10]
[max_cat_to_onehot: 4]
[top_k: 20]
[monotone_constraints: ]
[monotone_constraints_method: basic]
[monotone_penalty: 0]
[feature_contri: ]
[forcedsplits_filename: ]
[refit_decay_rate: 0.9]
[cegb_tradeoff: 1]
[cegb_penalty_split: 0]
[cegb_penalty_feature_lazy: ]
[cegb_penalty_feature_coupled: ]
[path_smooth: 0]
[interaction_constraints: ]
[verbosity: -1]
[saved_feature_importance_type: 0]
[use_quantized_grad: 0]
[num_grad_quant_bins: 4]
[quant_train_renew_leaf: 0]
[stochastic_rounding: 1]
[linear_tree: 0]
[max_bin: 255]
[max_bin_by_feature: ]
[min_data_in_bin: 3]
[bin_construct_sample_cnt: 200000]
[data_random_seed: 1]
[is_enable_sparse: 1]
[enable_bundle: 1]
[use_missing: 1]
[zero_as_missing: 0]
[feature_pre_filter: 1]
[pre_partition: 0]
[two_round: 0]
[header: 0]
[label_column: ]
[weight_column: ]
[group_column: ]
[ignore_column: ]
[categorical_feature: ]
[forcedbins_filename: ]
[precise_float_parser: 0]
[parser_config_file: ]
[objective_seed: 5]
[num_class: 1]
[is_unbalance: 0]
[scale_pos_weight: 1]
[sigmoid: 1]
[boost_from_average: 1]
[reg_sqrt: 0]
[alpha: 0.9]
[fair_c: 1]
[poisson_max_delta_step: 0.7]
[tweedie_variance_power: 1.5]
[lambdarank_truncation_level: 30]
[lambdarank_norm: 1]
[label_gain: ]
[lambdarank_position_bias_regularization: 0]
[eval_at: ]
[multi_error_top_k: 1]
[auc_mu_weights: ]
[num_machines: 1]
[local_listen_port: 12400]
[time_out: 120]
[machine_list_filename: ]
[machines: ]
[gpu_platform_id: -1]
[gpu_device_id: -1]
[gpu_device_id_list: ]
[gpu_use_dp: 0]
[num_gpu: 1]

end of parameters

pandas_categorical:[]
