tree
version=v4
num_class=1
num_tree_per_iteration=1
label_index=0
max_feature_idx=16
objective=quantile
feature_names=ret_1d ret_5d ret_20d overnight_gap atr_pct parkinson_20 dvol_z_20 dist_ma20 dist_ma50 dist_ma200 spy_ret_1d spy_ret_5d spy_ret_20d vix_level vix_chg_1d sector_ret_1d sector_ret_5d
feature_infos=[-0.19172985223155614:0.18932149795843878] [-0.28483374004820616:0.27337380404925371] [-0.36471202335382258:0.34792365867292774] [-0.10389114783536146:0.12312508166759351] [0.010587292844133398:0.074601047594972533] [0.0067247453358129069:0.04265877530798446] [-3.0128863268270352:4.3215530107887083] [-0.23946115096258858:0.21816062945191872] [-0.3133107431285268:0.29236096054659844] [-0.50194308735897819:0.44978944550552846] [-0.058542971330535654:0.10501930183911301] [-0.11496151859245618:0.082843162776128354] [-0.1226559005192206:0.15756591020035837] [11.859999656677246:52.330001831054688] [-0.35753873962348437:0.74039073966007019] [-0.045565914362008186:0.057443288787383029] [-0.11461315937536976:0.085316917045247465]
tree_sizes=3018 3022 3009 3003 3028 3047 3047 3042 3041 3033 3006 3042 3020 3057 3026 3039 3034 3019 3068 3053 3046 3049 3040 3030 3044 3045 3060 3029 3042 3027 3022 3045 3024 3033 3008 3044 2990 3027 3022 3002 3045 3051 3025 3045 3047 3069 3058 3029 3024 3031 3019 3054 3025

Tree=0
num_leaves=31
num_cat=0
split_feature=4 13 13 14 15 15 8 16 9 16 16 16 12 12 12 13 15 10 3 12 12 12 10 10 15 15 14 10 16 10
split_gain=48.5611 18.8319 18.8515 16.6534 15.9448 13.9327 13.7156 12.6001 11.5634 11.7239 13.7672 10.914 10.8956 10.0576 9.10429 11.3136 9.07624 10.5342 8.75663 8.09936 8.87069 7.85414 7.61703 10.6506 8.396 8.26508 7.72721 9.266 7.49834 15.7487
threshold=0.022024052961372654 39.645000457763679 30.345000267028812 -0.036818887874406285 0.00037071655999265657 -0.01343640776225785 -0.091881278563033505 -0.0102804034627455 0.15387203629494542 -0.015578030520268514 -0.018660003612959161 -0.020229351010033533 0.04760809957201418 0.028230710168881127 0.026646485703523241 13.305000305175783 0.0085266818302511833 0.018838465196602486 -0.0039703909654014149 0.048330696725207185 0.055910594976570589 0.078665410711505027 0.0079281319106555576 0.0103636474765072 0.0011124275490039805 -0.0054307343272703137 0.072802606011034846 0.003541437167460804 0.0050964347177089317 0.0043826671813969051
decision_type=2 2 2 2 2 2 10 2 8 2 2 2 2 2 2 2 2 2 2 2 2 2 2 2 2 2 2 2 2 2
left_child=3 2 6 12 5 -5 13 -4 9 10 -7 18 -1 -2 -11 -16 22 -18 -6 -14 -21 -22 25 -24 -25 26 27 -8 -13 -30
right_child=1 -3 7 4 11 8 16 -9 -10 14 -12 28 19 -15 15 -17 17 -19 -20 20 21 -23 23 24 -26 -27 -28 -29 29 -31
leaf_value=-0.0084610296878963702 -0.0087323922663927085 -0.010028582531958818 -0.009790438553318381 -0.0086734146578237407 -0.0089130787877365943 -0.0085172630380839116 -0.0084825998987071213 -0.0081719253801566076 -0.0085930893197655681 -0.008382070402149111 -0.0090394358616322276 -0.0086880069924518463 -0.0092278247233480212 -0.0089334948454052217 -0.0084354750695638352 -0.0085717518581077453 -0.0087519466411322359 -0.0084240478463470936 -0.0083915324648842216 -0.0082835257635451853 -0.0087174107320606709 -0.0083224505302496258 -0.0083973721833899614 -0.0088899601250886917 -0.0085509915370494127 -0.0086735915858298547 -0.0087195189669728272 -0.0087001680163666609 -0.0086417019832879301 -0.0084791266475804147
leaf_weight=2517 1134 103 42 804 42 481 1162 162 1111 1212 102 1546 40 403 316 746 1302 115 171 60 213 77 401 167 313 3287 492 266 1650 744
leaf_count=2517 1134 103 42 804 42 481 1162 162 1111 1212 102 1546 40 403 316 746 1302 115 171 60 213 77 401 167 313 3287 492 266 1650 744
internal_value=-0.00866227 -0.0113556 -0.0111187 -0.00653415 -0.00760471 -0.00563317 -0.0114578 0.00391209 -0.00441704 -0.00273386 -0.0090596 -0.00987011 -0.00324735 -0.015761 -0.00111209 -0.00449186 -0.0105766 -0.0141807 0.00115388 -0.0110238 -0.00858791 -0.0122086 -0.00973771 -0.00543808 -0.0104629 -0.0104652 -0.00785874 -0.00599687 -0.0104661 -0.00871322
internal_weight=21181 9349 9246 11832 8925 4772 9042 204 3968 2857 583 4153 2907 1537 2274 1062 7505 1417 213 390 350 290 6088 881 480 5207 1920 1428 3940 2394
internal_count=21181 9349 9246 11832 8925 4772 9042 204 3968 2857 583 4153 2907 1537 2274 1062 7505 1417 213 390 350 290 6088 881 480 5207 1920 1428 3940 2394
is_linear=0
shrinkage=1


Tree=1
num_leaves=31
num_cat=0
split_feature=4 10 13 13 8 10 12 10 9 16 13 11 11 11 16 13 16 0 16 16 16 12 11 12 13 10 14 13 16 11
split_gain=42.9488 18.794 18.6152 19.9219 14.1049 12.6645 11.9939 10.8034 10.4663 9.53877 13.1088 9.068 8.52287 24.4936 13.1987 10.357 10.3785 9.26178 8.91427 12.6064 8.48511 8.34473 14.2631 12.6934 9.77886 8.82668 12.9804 8.26947 8.25601 8.23975
threshold=0.022216704586140775 0.0043826671813969051 39.645000457763679 30.345000267028812 -0.1039289882360465 0.0028970765900091515 0.052411993463065805 0.023991459337660673 0.29218285611187894 -0.015153235479692993 17.945000648498539 -0.011129829158328551 -0.00474984544861523 0.0019507060207528684 -0.0091828342148744229 22.730000495910648 -0.0031840250581080527 0.0055751618408530499 -0.018660003612959161 -0.016888087818657634 -0.0079146342924251694 0.031326676992261111 0.0093718282563531891 0.029535426722854145 17.945000648498539 0.000540884636322292 0.0012326341754252958 23.965000152587894 -0.0093150251161375746 0.015629796183489589
decision_type=2 2 2 2 10 2 2 2 8 2 2 2 2 2 2 2 2 2 2 2 2 2 2 2 2 2 2 2 2 2
left_child=1 5 3 4 9 8 11 -5 12 -2 -11 -3 15 14 -14 16 -1 -16 -15 -20 28 23 -23 25 -24 26 -21 -17 -10 -8
right_child=2 6 -4 7 -6 -7 29 -9 20 10 -12 -13 13 18 17 27 -18 -19 19 21 -22 22 24 -25 -26 -27 -28 -29 -30 -31
leaf_value=0.00020546482701320202 -6.0151224024593798e-05 -6.0071682091802393e-05 -0.0014207281870767475 0.00040518043319025308 -4.314446356147527e-05 -8.4219213458709436e-05 -0.00013656848139362413 -0.00055041080046066789 5.1254592835903346e-06 -5.8999052271243443e-07 -0.00043808459071442485 0.00012750196969136594 -0.00020287141378503293 0.00031684432411566382 3.8856476312503201e-05 -0.00046041434601647776 3.3785535488277658e-05 -0.00022421202273108069 -0.0010297832381911576 0.00027385396359022704 -0.00012059791944921015 0.00014452219358645379 -2.3526895674876861e-05 0.00033977050741668791 -0.0003059322637272999 -3.3324824180454036e-05 5.4239461314864462e-05 2.5571951409801825e-05 0.0004139685419795569 7.3079518624581414e-05
leaf_weight=873 518 307 100 153 7452 954 230 50 715 193 533 2873 351 155 421 64 637 249 44 324 790 413 694 114 132 496 763 199 47 287
leaf_count=873 518 307 100 153 7452 954 230 50 715 193 533 2873 351 155 421 64 637 249 44 324 790 413 694 114 132 496 763 199 47 287
internal_value=6.98027e-05 0.00201121 -0.00254751 -0.00230644 -0.00266789 0.000708358 0.00498377 0.0131773 0.00140021 -0.00759646 -0.0112948 0.00613208 0.00235706 0.00111886 -0.00560725 0.00525945 0.0068543 -0.00149254 0.00330941 0.00270134 -0.00225515 0.00309946 -2.01776e-05 0.00537714 -0.00381356 0.00421668 0.00673873 -0.00389734 0.00150919 -0.0020793
internal_weight=21131 12132 8999 8899 8696 8435 3697 203 7481 1244 726 3180 5929 4156 1021 1773 1510 670 3135 2980 1552 2936 1239 1697 826 1583 1087 263 762 517
internal_count=21131 12132 8999 8899 8696 8435 3697 203 7481 1244 726 3180 5929 4156 1021 1773 1510 670 3135 2980 1552 2936 1239 1697 826 1583 1087 263 762 517
is_linear=0
shrinkage=0.05


Tree=2
num_leaves=31
num_cat=0
split_feature=4 13 13 8 16 13 4 0 11 13 16 11 16 12 11 16 16 12 11 11 11 16 16 16 16 13 16 5 6 9
split_gain=42.4521 18.2282 17.514 9.52112 17.4242 13.3694 9.40564 9.28216 8.86986 10.3781 8.46501 7.2988 16.8839 11.5139 6.8153 12.7451 6.72989 6.46189 6.12248 6.86367 7.29274 5.77707 6.68068 6.11018 8.17935 8.16632 5.51005 5.39313 5.2375 5.17293
threshold=0.022306710241573883 39.645000457763679 30.345000267028812 -0.18837461529566243 -0.015153235479692993 20.555000305175785 0.018422519342130021 0.025420307556086711 0.050492728349193612 28.970000267028812 -0.033185543703460822 0.02573480883905466 0.048526925274887563 0.082959740110242888 0.02573480883905466 0.025132931283052943 -0.0067367633357558456 0.042111108059458398 0.024405077895535147 0.023193318891049478 0.021985340636656584 -0.012764586903950713 -0.011159370386775945 -0.017400418421487703 -0.015260578427375047 24.19999980926514 -0.013391853433803889 0.013893274982899878 0.67893167660552967 0.12237248893805443
decision_type=2 2 2 10 2 2 2 2 2 2 2 2 2 2 2 2 2 2 2 2 2 2 2 2 2 2 2 2 2 8
left_child=6 2 3 4 5 -2 -1 -4 9 14 -7 16 13 -13 18 17 21 -16 19 20 27 23 -23 25 -25 -8 -26 -5 -29 -18
right_child=1 -3 7 8 -6 10 11 -9 -10 -11 -12 12 -14 -15 15 -17 29 -19 -20 -21 -22 22 -24 24 26 -27 -28 28 -30 -31
leaf_value=6.4521670807152949e-05 0.00038954288163222376 -0.0012618864059913905 0.00038662932943952908 1.1942352401092711e-05 -0.00043960555701050904 2.2706118645146515e-05 8.0191346583887924e-05 -0.0012139149528975395 -0.00029867808031849559 -0.0013042849877383561 -0.00074512536241672935 0.00022059321473352612 -0.00059197278963984002 -0.00036433576801209714 0.00020806150435237218 -7.1229105116799425e-05 1.737011625664326e-06 -5.618729325942689e-05 -0.00027395618718583135 0.00026807677769102162 -0.00022966119449120012 0.00023043724402668889 3.8606594171142208e-05 -0.00025521102105267347 6.3871494552586192e-05 -0.00022368921019369736 -0.00065717394070816235 -5.8078739559277834e-05 -0.00018785090348683291 -7.4768735634279471e-05
leaf_weight=5630 67 99 164 1567 335 154 1027 43 141 49 80 499 53 72 354 564 2566 113 80 96 112 233 433 175 259 100 51 3814 998 1228
leaf_count=5630 67 99 164 1567 335 154 1027 43 141 49 80 499 53 72 354 564 2566 113 80 96 112 233 433 175 259 100 51 3814 998 1228
internal_value=-9.45358e-06 -0.00265572 -0.00241381 -0.00276279 -0.0086478 8.30565e-05 0.00188626 0.0119565 -0.00228829 -0.00206209 -0.00555556 0.000619773 0.00576923 0.00827496 -0.00191608 0.00186712 9.05797e-05 0.00797645 -0.00250112 -0.00233414 -0.00253043 0.00223881 0.00615616 0.000620347 -0.00407216 0.00263975 0.000806452 -0.00230836 -0.00313799 -0.00119926
internal_weight=21156 8830 8731 8524 636 301 12326 207 7888 7747 234 6696 624 571 7698 1031 6072 467 6667 6587 6491 2278 666 1612 485 1127 310 6379 4812 3794
internal_count=21156 8830 8731 8524 636 301 12326 207 7888 7747 234 6696 624 571 7698 1031 6072 467 6667 6587 6491 2278 666 1612 485 1127 310 6379 4812 3794
is_linear=0
shrinkage=0.05


Tree=3
num_leaves=31
num_cat=0
split_feature=8 10 0 12 11 16 13 13 13 9 14 10 10 16 14 12 12 16 10 10 11 13 12 13 16 12 13 10 13 1
split_gain=29.7206 15.1551 21.0362 14.9046 15.4846 13.4336 10.478 14.1837 10.6819 10.6748 10.1608 9.30098 13.3568 13.8021 16.4873 11.7959 11.5983 9.14775 9.10135 8.92895 10.4415 10.1135 8.67367 10.8386 8.5503 9.80899 9.5746 10.0888 8.10933 8.0405
threshold=-0.091881278563033505 0.00446494553626653 0.010165745565500874 0.052411993463065805 -0.013682721850423905 -0.0048286455632493 39.645000457763679 30.345000267028812 27.855000495910648 -0.17128937024196569 0.15797637088179853 0.010824112764753148 0.01436534903475606 -0.001038856867311255 -0.12096344977185801 0.048426875368409401 0.032469113334652529 -0.055824105987133436 0.0055838034920830957 0.0092143531748835068 0.050492728349193612 17.204999923706058 0.028230710168881127 17.914999961853031 -0.0067367633357558456 -0.011548252560612314 13.414999961853029 -0.012508695077667052 20.375000000000004 -0.09888408152852339
decision_type=10 2 2 2 2 2 2 2 2 10 2 2 2 2 2 2 2 2 2 2 2 2 2 2 2 2 2 2 2 2
left_child=10 2 6 4 -3 -4 7 8 9 24 22 19 15 14 -14 16 28 -11 -5 20 -6 -21 29 -24 25 -2 -27 -28 -13 -1
right_child=1 3 5 18 11 -7 -8 -9 -10 17 -12 12 13 -15 -16 -17 -18 -19 -20 21 -22 -23 23 -25 -26 26 27 -29 -30 -31
leaf_value=-0.00081972122063161826 -0.00019156533050118023 -0.00015011176295811311 4.7167550212179723e-05 0.00028624172490381174 8.956173200858758e-05 -0.00015541246609936931 -0.0010784951976384038 0.00040743041106034068 -0.00068768086089839931 0.00031615050215041268 -0.0012332764477119781 1.7468692315742318e-05 0.00013909487628843632 0.00017462728665268521 -0.00039681447907933035 0.00029122483840110367 -0.0004035105381408357 2.7341561384673727e-05 -9.2037661873473509e-05 0.00029998340494348671 -0.00055183306281687686 6.8814312038011866e-05 8.4546182421036186e-06 -0.00034945117266142913 -0.00011522739023203024 -0.00063419664384564397 -0.00034768062813673165 0.0001702869183965959 -0.0011460077739437111 -5.6276741065084888e-05
leaf_weight=98 297 436 512 50 2809 1660 51 96 78 74 91 309 106 475 94 51 175 8493 756 488 45 273 137 336 1189 47 42 597 45 1228
leaf_count=98 297 436 512 50 2809 1660 51 96 78 74 91 309 106 475 94 51 175 8493 756 488 45 273 137 336 1189 47 42 597 45 1228
internal_value=3.07503e-05 0.000618246 -0.000338764 0.00267507 0.00363739 -0.00483425 0.000551806 0.000657473 0.000487658 0.000621566 -0.00595238 0.00444559 0.000737052 0.00551852 -0.0055 -0.00482759 -0.00704159 0.00141531 -0.00366005 0.00573306 0.00444989 0.0105453 -0.00512785 -0.0109408 -0.00250921 0.000940997 0.00422741 0.00582942 -0.00183616 -0.0030543
internal_weight=21138 19248 13136 6112 5306 2172 10964 10913 10817 10739 1890 4870 1255 675 200 580 529 8567 806 3615 2854 761 1799 473 2172 983 686 639 354 1326
internal_count=21138 19248 13136 6112 5306 2172 10964 10913 10817 10739 1890 4870 1255 675 200 580 529 8567 806 3615 2854 761 1799 473 2172 983 686 639 354 1326
is_linear=0
shrinkage=0.05


Tree=4
num_leaves=31
num_cat=0
split_feature=4 13 13 14 8 15 1 15 13 16 13 16 15 15 15 3 16 14 14 15 15 16 8 16 13 13 14 15 15 4
split_gain=37.409 17.8569 15.483 12.9946 11.1197 11.1587 10.9407 10.9264 10.288 9.19439 12.4434 10.9758 9.0641 8.74044 7.57347 7.56581 7.28085 9.49306 8.18148 6.8855 6.56721 8.60258 6.51183 5.82724 5.66893 6.49076 6.0667 5.57574 5.51253 5.84021
threshold=0.020707043513532048 39.645000457763679 30.345000267028812 -0.069744182185856193 -0.091881278563033505 0.00037071655999265657 -0.035090560697964616 0.0007814779604464751 27.855000495910648 -0.018198319959511374 17.945000648498539 -0.020690775055510587 0.024098969191727718 -0.00053173822290403228 0.008860739873546743 0.000220469585319405 -0.0082533331585707952 -0.061929277885563232 -0.077913276979976895 -0.021145571992412567 -0.0054307343272703137 -0.01424267323912176 -0.094779149296614726 -0.0096582228676249087 24.779999732971195 23.529999732971195 0.079615825148664734 0.0079747392665521239 0.012371279759361588 0.033161198610625574
decision_type=2 2 2 2 10 2 2 2 2 2 2 2 2 2 2 2 2 2 2 2 2 2 8 2 2 2 2 2 2 2
left_child=3 2 4 -1 9 8 -4 -7 13 11 -11 -2 14 20 15 -9 17 18 -16 -12 -6 -22 -21 -23 25 26 -25 -17 -18 -30
right_child=1 -3 6 -5 5 7 -8 12 -10 10 19 -13 -14 -15 16 27 28 -19 -20 22 21 23 -24 24 -26 -27 -28 -29 29 -31
leaf_value=0.00014589716825052164 -8.2121605642605534e-05 -0.001169196555116214 -0.00068781483076962109 3.1766288731741987e-05 3.0579446036790645e-05 -0.00036288431090979422 0.00034174288472657279 -8.2246914363604429e-05 -0.00082222571323342002 -2.6407390902749402e-06 0.00018540177919669084 0.00038735859622713188 0.00025229496561798452 0.00016625535774557657 0.00013502222367093057 -3.4943335449496695e-06 -0.00025856377212892765 0.00024505492068768947 -0.00037613851603804507 -0.00029169653420802198 -0.00017729157305962866 0.00024014996537771372 -0.00043776942938051434 -4.7925743201194474e-05 0.00019445034201839018 -0.00027732044184776888 0.00022656345466255526 0.00020285617439789349 -7.2185195052425045e-05 -0.00071633172353860572
leaf_weight=815 553 100 43 8723 2536 172 172 1294 47 311 40 66 104 460 45 1610 484 117 90 300 385 105 343 843 44 73 70 142 846 63
leaf_count=815 553 100 43 8723 2536 172 172 1294 47 311 40 66 104 460 45 1610 484 117 90 300 385 105 343 843 44 73 70 142 846 63
internal_value=-3.81025e-05 -0.00196369 -0.00177848 0.00227511 -0.00203491 -0.0013851 0.0115116 -0.00302496 0.000399956 -0.00587415 -0.00885312 -0.00109047 -0.00258081 0.000642161 -0.0029045 -0.0014281 -0.0056383 0.00218254 -0.00685185 -0.0126281 -9.86193e-05 -0.00269737 -0.0138802 -0.000506608 -0.00165049 -0.00243408 -0.00128697 0.00071347 -0.00705312 -0.00475798
internal_weight=20996 11458 11358 9538 11143 9530 215 4967 4563 1613 994 619 4795 4516 4691 3046 1645 252 135 683 4056 1520 643 1135 1030 986 913 1752 1393 909
internal_count=20996 11458 11358 9538 11143 9530 215 4967 4563 1613 994 619 4795 4516 4691 3046 1645 252 135 683 4056 1520 643 1135 1030 986 913 1752 1393 909
is_linear=0
shrinkage=0.05


Tree=5
num_leaves=31
num_cat=0
split_feature=4 10 15 16 15 15 12 15 9 16 15 15 15 12 11 10 10 12 16 12 15 8 16 11 12 16 11 15 4 11
split_gain=36.1203 13.0221 15.5528 16.4745 15.4615 17.2388 13.1371 11.6475 9.70939 14.6009 10.5836 18.5856 9.45035 10.872 9.24764 9.15084 13.9574 8.87565 8.37117 8.29193 7.89191 7.82613 8.65521 7.68443 9.04053 11.0257 7.9364 7.65158 7.635 7.48211
threshold=0.023383360833690994 0.0043826671813969051 -1.0000000180025095e-35 -0.0046657269058407716 0.0085889644929960669 0.0048754850204371101 0.040854106099518013 0.024098969191727718 0.11628301613799676 -0.013168058656401025 -0.0064979915840560612 -0.0085577080472021266 0.0085266818302511833 0.020963092201194859 -0.0045813235582954906 -0.029463592833469218 -0.020247544478179221 -0.087458748104097359 -0.0094113162894032803 0.073733903664651171 -0.0044627731393206407 0.10667458665396003 -0.015153235479692993 -0.031453464626615406 -0.022997185287748575 -0.032577148641308222 0.0019507060207528684 0.0093026853377203862 0.017842332980960256 -0.0093898338584641455
decision_type=2 2 2 2 2 2 2 2 8 2 2 2 2 2 2 2 2 2 2 2 2 8 2 2 2 2 2 2 2 2
left_child=1 2 8 12 5 6 14 27 9 10 11 23 13 29 18 -2 -17 -18 -3 -11 28 -19 -23 -1 -25 -26 -27 -6 -10 -4
right_child=15 4 3 -5 7 -7 -8 -9 20 19 -12 -13 -14 -15 -16 16 17 21 -20 -21 -22 22 -24 24 25 26 -28 -29 -30 -31
leaf_value=-0.00059128216580532546 -0.0012333415155931144 9.0196174617547447e-05 7.4857014402269665e-05 -6.7679396164226953e-05 -0.00030843702622092588 0.00019801071088874591 -2.4622939318280244e-05 0.00053695698935626206 0.00013446488639165907 0.00013883461115838874 -0.00012165623323161707 0.00032419224963305902 0.00022866032199454637 0.00015050934459352714 0.00013204116393344151 0.00033154711608699561 -0.0011107367273604032 -5.6059198880939122e-05 -0.00027987827563854092 -0.00012736863178796926 -9.4101377516919458e-05 -1.5899974736830089e-06 -0.00025773377366122336 0.00031609787610794237 0.00024849595313790633 -0.00020542624459923901 0.0001846592819765592 -1.152197636918621e-05 -1.1766464864213044e-05 -0.00019478257098649198
leaf_weight=57 71 102 242 3381 70 767 788 63 376 2062 438 187 223 293 1193 107 50 6083 87 115 649 280 565 49 147 244 78 1184 939 274
leaf_count=57 71 102 242 3381 70 767 788 63 376 2062 438 187 223 293 1193 107 50 6083 87 115 649 280 565 49 147 244 78 1184 939 274
internal_value=-2.3625e-05 0.00145274 0.000445971 -0.00175051 0.00376117 0.00577971 0.0035023 -0.000740319 0.00226081 0.00388659 -0.000541667 0.00301837 0.00377907 0.001267 0.00643994 -0.00291364 -0.00273465 -0.00300946 -0.00383598 0.00632751 -0.000534623 -0.00285797 -0.00736686 -0.00143478 0.000482625 -0.00165245 -0.0068323 -0.00179426 0.00169202 -0.00310078
internal_weight=21164 14008 9754 4413 4254 2937 2170 1317 5341 3377 1200 762 1032 809 1382 7156 7085 6978 189 2177 1964 6928 845 575 518 469 322 1254 1315 516
internal_count=21164 14008 9754 4413 4254 2937 2170 1317 5341 3377 1200 762 1032 809 1382 7156 7085 6978 189 2177 1964 6928 845 575 518 469 322 1254 1315 516
is_linear=0
shrinkage=0.05


Tree=6
num_leaves=31
num_cat=0
split_feature=4 14 13 13 10 10 15 15 9 15 10 14 15 10 10 11 10 11 9 16 15 15 3 16 16 14 14 16 15 3
split_gain=30.6851 14.7506 14.7228 17.9371 11.3761 10.8069 8.30825 11.5128 8.51444 8.23382 12.9915 11.1254 10.5707 10.4588 11.5879 10.1089 9.90172 9.0934 8.95158 9.27661 15.3867 8.68801 8.46933 8.37996 14.324 8.94985 10.1154 8.58306 7.99949 9.46806
threshold=0.022265278138265721 -0.069744182185856193 39.645000457763679 30.345000267028812 0.0069471165760636175 0.023991459337660673 0.024098969191727718 0.0085266818302511833 -0.20184885531083588 0.00037071655999265657 0.0043826671813969051 -0.061929277885563232 -0.01343640776225785 -0.0063062203231579175 -0.0080075928939195556 0.02573480883905466 0.0017576086312266483 -0.011940050299307501 0.1591195708538318 -0.017669875651112828 -0.0051502967370321553 0.0015864711490913843 -0.0019271603631807464 -0.015578030520268514 -0.018660003612959161 0.00619378828642947 0.097330549043375028 -0.030213576281007123 0.0031493870934156125 0.0059585105083551646
decision_type=2 2 2 2 2 2 2 2 10 2 2 2 2 2 2 2 2 2 8 2 2 2 2 2 2 2 2 2 2 2
left_child=1 4 3 6 -1 -5 7 8 -2 11 13 -3 16 14 -11 18 -13 -12 23 20 -20 -19 -15 24 25 -14 -27 -28 -24 -30
right_child=2 9 -4 5 -6 -7 -8 -9 -10 10 17 12 15 22 -16 -17 -18 21 19 -21 -22 -23 28 -25 -26 26 27 -29 29 -31
leaf_value=0.00021264326976396953 -0.00010622228276451684 -0.00026189629180952805 -0.0010325191232288607 0.00033222343356882302 8.6571246257908469e-05 -0.00059319689692339216 0.00024107116101538306 -0.00016277575864003581 -1.1755991441856056e-05 9.9140521046078855e-06 -0.00051063949640244694 -5.1101631605625019e-06 0.00013537315927692655 -0.00015073354863925903 0.00037555342369845082 0.00026837173807614913 -0.00030057032352363524 -0.0001097812771232042 0.00026755662533807522 -4.1589305340876929e-05 -0.00017873854619675553 9.7592675878233409e-05 4.6685154217429325e-05 0.00010973632742196753 -0.00033825120773160928 -0.00014747875885506102 0.00035133268197570002 -0.00020578598022510564 -2.7343565131241183e-05 -0.00016299735402119104
leaf_weight=241 1956 111 95 151 870 49 107 1544 4987 276 66 765 339 764 106 183 113 243 200 877 98 1545 609 2543 152 135 100 44 1476 408
leaf_count=241 1956 111 95 151 870 49 107 1544 4987 276 66 765 339 764 106 183 113 243 200 877 98 1545 609 2543 152 135 100 44 1476 408
internal_value=-2.71829e-05 0.0015941 -0.00226403 -0.00205254 0.00708821 0.01275 -0.00239702 -0.00257158 -0.00170315 0.0010468 -0.000332241 0.00238516 0.00269868 -0.00206788 0.00575916 0.00364483 -0.00233485 0.00307443 0.00317513 -0.000574468 0.00704698 0.0037472 -0.00298588 0.00450498 -6.49351e-05 0.00331715 -0.00331541 0.00590278 -0.00157441 -0.00318471
internal_weight=21153 12264 8889 8794 1111 200 8594 8487 6943 11153 5493 5660 5549 3639 382 4671 878 1854 4488 1175 298 1788 3257 3313 770 618 279 144 2493 1884
internal_count=21153 12264 8889 8794 1111 200 8594 8487 6943 11153 5493 5660 5549 3639 382 4671 878 1854 4488 1175 298 1788 3257 3313 770 618 279 144 2493 1884
is_linear=0
shrinkage=0.05


Tree=7
num_leaves=31
num_cat=0
split_feature=4 10 10 9 15 10 15 12 11 10 14 10 11 11 15 12 15 15 11 10 9 14 11 15 15 11 15 14 15 15
split_gain=28.0571 12.0035 11.7461 10.2793 15.8145 15.0066 12.1809 12.0594 13.5377 9.66738 9.62707 9.5706 9.54459 13.5823 9.31101 11.0951 8.97913 8.67691 8.12392 7.83566 7.21487 7.17228 12.0493 14.244 9.67086 9.05993 8.57931 7.40849 7.29966 7.05432
threshold=0.02118357949062941 0.0043826671813969051 -0.029463592833469218 -0.15814208537447458 0.00037071655999265657 0.0077313966519441122 0.023677051162612987 -0.040334954813934058 -0.013682721850423905 0.010824112764753148 -0.067583665573298909 0.0028970765900091515 0.047360860375368914 0.02573480883905466 0.0085889644929960669 0.040854106099518013 0.017199710136953875 0.024098969191727718 0.022655260909184464 0.013109339753378581 0.12237248893805443 0.031770832380203846 -0.0027153641144564973 -0.0094313616151139295 -0.0053002632353952297 0.0049014316460139771 0.012704129411166278 0.040951993391927573 0.009655167503245134 -0.0018991432237843717
decision_type=2 2 2 10 2 2 2 2 2 2 2 2 2 2 2 2 2 2 2 2 8 2 2 2 2 2 2 2 2 2
left_child=1 10 -2 6 12 -6 19 -7 -9 16 -1 20 13 18 15 -3 -10 -16 -5 -4 21 24 23 -23 -12 -24 28 -27 -26 -13
right_child=2 14 3 4 5 7 -8 8 9 -11 11 29 -14 -15 17 -17 -18 -19 -20 -21 -22 22 25 -25 26 27 -28 -29 -30 -31
leaf_value=0.00024920896200392043 -0.0013309496881105582 0.00013961389355341067 -9.6283456879406933e-05 3.6086038724956333e-05 -0.00010774357979434673 0.0001724227612200693 0.00043579983298019259 -0.00051707082216339792 0.00021023211978420239 -7.4670837498069892e-05 0.0001876108190083626 4.9870480216668549e-05 -0.00032905928672042776 0.00021668437181617271 -1.2129245826262778e-05 1.1690912319187046e-05 -0.00013504122473230923 0.00043252255425551384 -0.00023583364957369896 -0.00051122496601933214 -2.2162179413001866e-05 -0.00014444925045754075 -0.00018581939472415055 0.00015448228000615786 4.5159938804464939e-05 -0.00024393098337163762 0.00023272013515171402 5.867367508318438e-05 -0.00016909425201281958 -0.00014283227801891208
leaf_weight=82 82 1467 2936 3036 2686 241 73 92 346 467 568 209 59 301 913 716 69 55 120 208 2219 278 406 622 1646 67 119 346 139 598
leaf_count=82 82 1467 2936 3036 2686 241 73 92 346 467 568 209 59 301 913 716 69 55 120 208 2219 278 406 622 1646 67 119 346 139 598
internal_value=-8.26798e-05 0.00176077 -0.00188037 -0.001735 -0.000711204 -0.0029031 -0.00409543 0.00170782 -0.000770021 0.00113379 0.000647349 0.00045379 0.00172071 0.00206104 0.00433989 0.00614979 0.00668675 0.000258264 0.00109316 -0.00456425 0.00109984 0.00232045 -0.000159977 0.00383333 0.00404531 -0.00454823 0.00233718 0.00066586 0.00147059 -0.00467782
internal_weight=21166 10450 10716 10634 7417 3901 3217 1215 974 882 7299 7217 3516 3457 3151 2183 415 968 3156 3144 6410 4191 1719 900 2472 819 1904 413 1785 807
internal_count=21166 10450 10716 10634 7417 3901 3217 1215 974 882 7299 7217 3516 3457 3151 2183 415 968 3156 3144 6410 4191 1719 900 2472 819 1904 413 1785 807
is_linear=0
shrinkage=0.05


Tree=8
num_leaves=31
num_cat=0
split_feature=4 13 13 4 13 8 6 11 11 12 10 13 12 12 14 12 15 10 11 11 15 10 15 3 13 12 14 12 11 11
split_gain=25.5559 15.872 14.4102 10.8196 10.1737 9.41694 9.18244 7.05848 9.23577 13.861 9.24076 6.75524 10.0385 8.53097 6.70799 10.1043 6.64794 9.38258 17.862 12.7278 9.2708 9.22993 8.36653 7.75412 13.6441 7.48485 12.9903 7.47707 11.0586 10.5328
threshold=0.019644607673848225 39.645000457763679 30.345000267028812 0.034555644748375684 27.855000495910648 0.13774621498226483 0.80711571792331849 0.050492728349193612 0.02573480883905466 -0.023938025174318197 0.019654390703208072 16.085000038146976 0.092854768976221705 0.086474140948455194 -0.069744182185856193 0.04760809957201418 -0.0068401982120017127 0.00446494553626653 -0.013682721850423905 0.018972561057233887 -0.0052063211816523727 0.0077874133579277647 0.0085889644929960669 -0.00046792148808016959 17.795000076293949 0.034436834161626247 -0.042837654521053752 0.056550523071576715 -0.0048868737012288657 0.0035059532242039952
decision_type=2 2 2 2 2 8 2 2 2 2 2 2 2 2 2 2 2 2 2 2 2 2 2 2 2 2 2 2 2 2
left_child=14 2 3 4 5 7 -4 8 10 -10 16 -11 13 -13 15 -1 21 19 -19 27 -20 -2 23 24 -22 26 -24 28 -18 -30
right_child=1 -3 6 -5 -6 -7 -8 -9 9 11 -12 12 -14 -15 -16 -17 17 18 20 -21 22 -23 25 -25 -26 -27 -28 -29 29 -31
leaf_value=0.00015157397711770455 4.3597957501373934e-05 -0.0010464675265405598 0.00034851408481355339 -0.00023233259340090157 -0.0008591183726111923 -0.00014591192855467039 -0.00067988027512479849 -0.00025067079400866842 0.00034639022708640656 0.00010410936204536971 0.00016372991009017267 -2.294095447569573e-05 0.00032394925755417268 -0.00045791064748903197 3.4079422641921213e-05 -0.00022468957881462563 1.3779208719505834e-05 -0.00026263425386189432 -0.00023318983359918053 -0.00023394591869833623 9.4136328319619289e-05 -0.00048894858435600435 -5.4907303273960681e-05 0.00016538892426967418 -0.00029821050730699034 -0.00023033945430415054 0.00021523045059149322 5.7101124644170013e-05 -0.00020206966013542327 -5.6538083604309232e-05
leaf_weight=562 2213 101 177 802 63 922 40 104 132 655 138 421 41 58 7078 74 1453 244 151 327 415 79 405 971 172 173 137 459 945 1719
leaf_count=562 2213 101 177 802 63 922 40 104 132 655 138 421 41 58 7078 74 1453 244 151 327 415 79 405 971 172 173 137 459 945 1719
internal_value=1.76629e-05 -0.00129282 -0.00114416 -0.00135427 -0.000990159 -0.00088779 0.0116359 -0.000495093 -0.00037584 0.00357689 -0.000892411 0.00185106 -0.00240385 -0.00443633 0.00231397 0.0072327 -0.00107219 -0.00178642 0.0005997 -0.00308485 0.00189769 0.00128709 0.00269468 0.00474968 0.000212947 -0.00178322 0.00110701 -0.00240385 -0.0030787 -0.00499249
internal_weight=21231 13517 13416 13199 12397 12334 217 11412 11308 1307 10001 1175 520 479 7714 636 9863 7571 2668 4903 2424 2292 2273 1558 587 715 542 4576 4117 2664
internal_count=21231 13517 13416 13199 12397 12334 217 11412 11308 1307 10001 1175 520 479 7714 636 9863 7571 2668 4903 2424 2292 2273 1558 587 715 542 4576 4117 2664
is_linear=0
shrinkage=0.05


Tree=9
num_leaves=31
num_cat=0
split_feature=4 13 13 13 11 11 16 0 14 10 15 11 10 15 15 11 10 15 10 16 11 15 15 12 11 11 10 8 15 15
split_gain=21.052 16.3061 14.3012 11.5193 11.6943 11.1527 16.4366 9.74727 8.6017 10.359 8.48712 8.18278 7.56676 7.48937 8.49695 9.47048 20.8351 8.10875 7.97416 19.1925 16.3011 17.8524 14.3948 18.7704 10.4572 10.3727 11.6807 9.62566 7.96243 11.6368
threshold=0.019794088230253158 39.645000457763679 30.345000267028812 28.970000267028812 0.050492728349193612 0.02573480883905466 0.045591510792764363 0.025420307556086711 -0.067583665573298909 0.0072501492901362328 0.018239856265944491 0.031328768079461174 0.019654390703208072 0.024098969191727718 0.0085266818302511833 0.021985340636656584 0.0081956619817711313 0.012704129411166278 0.00446494553626653 -0.0026622536668587378 0.011605230504387444 0.0065136781034580435 0.00037071655999265657 0.057873618969341407 -0.0045813235582954906 -0.020171834808393903 -0.0077272897241722474 inf 0.0007814779604464751 0.0027299674891447805
decision_type=2 2 2 2 2 2 2 2 2 2 2 2 2 2 2 2 2 2 2 2 2 2 2 2 2 2 2 8 2 2
left_child=8 2 3 4 5 12 -7 -4 9 -1 11 -8 13 14 15 18 -17 -16 22 20 21 -20 25 28 -21 26 -2 -27 -24 -30
right_child=1 -3 7 -5 -6 6 10 -9 -10 -11 -12 -13 -14 -15 17 16 -18 -19 19 24 -22 -23 23 -25 -26 27 -28 -29 29 -31
leaf_value=0.00020876639192155593 -5.0651546198038707e-06 -0.00096073813743457765 0.0003402684395570853 -0.00083805694340158418 -0.00027630520460024383 0.00013690815921906332 0.00049583050663112968 -0.0011424343697920287 3.0450682532576821e-05 6.8816194196441235e-05 -0.00049399726553558249 -0.00015057783167566412 0.00012256116292583527 0.00032995231686187506 -0.00018382729504079433 -0.00021476502431767299 0.00017968451545663435 -2.5679777778734195e-05 -5.9794667247881944e-05 -0.00020366789676256092 -0.00050959253246552014 0.00031775883666991078 -0.00042869021171370366 9.847645773815414e-05 0.00017190385272324227 -7.4557406000336919e-06 0.00024379435563206221 -0.00029493442224083995 2.9074604815714814e-05 -0.00018749691156967196
leaf_weight=203 497 102 183 91 135 1184 42 45 7170 525 128 115 150 43 934 348 81 959 623 117 193 143 170 208 871 3405 387 203 497 1282
leaf_count=203 497 102 183 91 135 1184 42 45 7170 525 128 115 150 43 934 348 81 959 623 117 193 143 170 208 871 3405 387 203 497 1282
internal_value=6.18047e-05 -0.00116474 -0.0010089 -0.00122989 -0.00110303 -0.000945946 0.0031484 0.0114035 0.0021018 0.00728022 -0.00763158 0.000159236 -0.00148726 -0.00163991 -0.00172193 -0.0010831 -0.00833333 -0.00476756 -0.000721266 0.00209296 -0.00294578 0.000326371 -0.00154535 -0.00490264 0.00698381 6.67854e-05 0.00492081 -0.00112251 -0.00642637 -0.00543845
internal_weight=21034 13136 13034 12806 12715 12580 1469 228 7898 728 285 157 11111 10961 10918 9025 429 1893 8596 1947 959 766 6649 2157 988 4492 884 3608 1949 1779
internal_count=21034 13136 13034 12806 12715 12580 1469 228 7898 728 285 157 11111 10961 10918 9025 429 1893 8596 1947 959 766 6649 2157 988 4492 884 3608 1949 1779
is_linear=0
shrinkage=0.05


Tree=10
num_leaves=31
num_cat=0
split_feature=4 14 14 9 16 6 14 16 12 1 11 16 8 12 12 14 12 12 10 10 10 10 10 10 4 8 16 16 14 12
split_gain=23.3221 12.7797 13.5681 9.37018 9.58564 9.36383 8.53337 8.51942 9.33852 8.44756 9.18699 8.35147 8.33487 7.69329 7.39987 7.33657 7.12874 7.08767 6.80239 10.7993 6.75456 17.6854 9.91754 6.65675 6.81177 6.15322 6.58356 10.2837 7.68187 5.97369
threshold=0.023256872159040671 -0.036818887874406285 -0.03839547318596314 0.29218285611187894 -0.016888087818657634 0.084690480448960062 -0.030906714022271572 0.046561824763298516 0.04760809957201418 -0.058063049471145427 -0.033420125215974254 0.0063189047301051024 -0.081131287195455967 -0.026522895581630176 0.078665410711505027 0.023650626144740231 -0.087458748104097359 0.050860094870715973 -0.00045040499871334955 -0.01378806518059311 0.010510737947986739 0.0079281319106555576 0.0060647268719028488 -0.0065884615881859334 0.016915059283005008 inf -0.015153235479692993 -0.020690775055510587 -0.036136320679139293 0.038133523914403618
decision_type=2 2 2 8 2 2 2 2 2 2 2 2 10 2 2 2 2 2 2 2 2 2 2 2 2 8 2 2 2 2
left_child=1 2 7 5 18 13 29 8 -1 16 11 -11 -6 -3 -10 -8 -2 -14 19 -5 21 22 -15 24 -17 -12 27 -27 -28 -7
right_child=9 3 -4 4 12 6 15 -9 14 10 25 -13 17 20 -16 23 -18 -19 -20 -21 -22 -23 -24 -25 -26 26 28 -29 -30 -31
leaf_value=8.9694301250425971e-05 -0.0011786054151293954 0.0001533724321562802 0.00021112264838442138 -0.00027167712114365962 -0.00051342336073361263 -6.274445077416014e-05 4.0098542249060454e-05 -0.00025066177576968786 -0.00010905975985828843 4.1671317357295379e-05 -3.0775272044299837e-05 0.00053055601704774251 -8.9594378091566176e-05 4.0020364792792924e-05 0.00027576452594193639 0.00017660080126755584 -0.00019642394391530533 5.8571638548803608e-05 -0.00021143717941207393 0.00016622708454854521 -0.00041947006064663823 0.00026340072570096314 -0.00016319212903411086 -0.00012505163403798972 -3.8177423631278064e-05 -0.0002784597911346458 4.042291614119505e-06 0.0003695582978353384 -0.00046237153305895851 -0.0003736913459110124
leaf_weight=2739 62 341 231 76 134 80 1532 59 321 205 5947 59 1246 4471 91 110 694 164 144 265 59 200 217 787 457 89 75 59 171 91
leaf_count=2739 62 341 231 76 134 80 1532 59 321 205 5947 59 1246 4471 91 110 694 164 144 265 59 200 217 787 457 89 75 59 171 91
internal_value=0.000136947 0.00134817 0.00398867 0.000472335 -0.00257516 0.0012133 -0.000989532 0.00314642 0.00349889 -0.00213626 -0.00156321 0.00757576 -0.0045013 0.00248676 -0.00351942 -0.0003465 -0.00714286 -0.00336879 0.0035567 0.00740469 0.00198605 0.00218903 0.00156783 -0.00302806 0.00110229 -0.0019437 -0.00799492 0.000337838 -0.0130081 -0.0118421
internal_weight=21176 13815 3441 10374 2029 8345 3057 3210 3151 7361 6605 264 1544 5288 412 2886 756 1410 485 341 4947 4888 4688 1354 567 6341 394 148 246 171
internal_count=21176 13815 3441 10374 2029 8345 3057 3210 3151 7361 6605 264 1544 5288 412 2886 756 1410 485 341 4947 4888 4688 1354 567 6341 394 148 246 171
is_linear=0
shrinkage=0.05


Tree=11
num_leaves=31
num_cat=0
split_feature=4 10 15 10 12 15 10 15 9 15 16 9 10 12 16 12 11 11 16 12 11 11 16 16 15 11 16 10 15 16
split_gain=20.0203 10.415 12.2949 15.5191 11.0677 11.6456 10.9619 9.70758 8.97628 8.92244 8.60602 8.59275 8.87978 15.1427 8.4999 10.6559 13.1791 9.07987 12.6003 8.16111 7.76598 10.8891 10.5867 9.37236 7.59673 7.58822 9.88212 7.45767 7.46234 7.31333
threshold=0.023383360833690994 0.00446494553626653 -0.00025584126733080298 -0.0063062203231579175 0.040854106099518013 0.0085889644929960669 -0.0089994587968861266 -0.00049921598138963341 -0.10422974386696025 0.0093026853377203862 0.0095717249639595287 0.13257939273206445 -0.00038724572548481934 0.031326676992261111 -0.0046657269058407716 0.056550523071576715 0.012210489302713847 -0.0093898338584641455 -0.0074228373977383568 -0.0021779841828679087 0.015629796183489589 0.014107180383983399 -0.0012077110200278127 0.0035894194458974131 -0.0044627731393206407 -0.007815536271506494 0.0050964347177089317 0.027542831641926283 0.023677051162612987 0.021382678650335277
decision_type=2 2 2 2 2 2 2 2 10 2 2 8 2 2 2 2 2 2 2 2 2 2 2 2 2 2 2 2 2 2
left_child=1 2 7 6 5 10 8 11 -4 -7 -3 12 -1 -14 17 -16 -17 -5 19 -19 21 23 -22 -6 -13 26 -11 28 -2 -10
right_child=27 4 3 14 20 9 -8 -9 29 25 -12 24 13 -15 15 16 -18 18 -20 -21 22 -23 -24 -25 -26 -27 -28 -29 -30 -31
leaf_value=2.5383916480546317e-05 -4.9948912409956538e-05 7.3768872421036986e-05 -0.00075735075672388153 0.00020978905939625695 7.3513892485617676e-05 -0.00028765890435525761 0.00031088936365074641 0.00025520945159535519 0.00011562246671405966 -0.00033755671121218152 0.00017759632296809113 1.456043452293123e-05 0.00020255766077699363 -1.6496760807593882e-05 -0.00010084840659150509 0.00011497742380724534 -0.00010406827405537081 -0.00062625946991746876 0.00015467128527499362 -4.0797371125702973e-05 -0.00029777909754205632 -0.00044484409624119504 9.924732774050602e-05 -0.00012707931352264716 -0.00011115404579258451 8.2873172111990219e-05 0.00014069141791251836 -0.001129245334860345 0.00026806031307429504 -0.00023157916372683739
leaf_weight=2265 6973 1253 43 282 262 66 190 133 186 138 773 1186 685 421 2741 239 174 61 165 362 113 96 527 234 563 682 70 55 127 95
leaf_count=2265 6973 1253 43 282 262 66 190 133 186 138 773 1186 685 421 2741 239 174 61 165 362 113 96 527 234 563 682 70 55 127 95
internal_value=3.78072e-05 0.00113709 0.00024257 -0.00166373 0.00321547 0.00486251 0.00651751 0.0018894 0.000925926 0.000313808 0.00700888 0.00154297 0.00301839 0.00669078 -0.00270875 -0.00391566 0.00357143 0.00166667 -0.00187075 -0.00644208 -0.000771104 -0.00489865 0.00304688 -0.00191532 -0.00130074 0.00162921 -0.00673077 -0.00211391 -0.00197183 0.00418149
internal_weight=21160 14005 9791 4538 4214 2982 514 5253 324 956 2026 5120 3371 1106 4024 3154 413 870 588 423 1232 592 640 496 1749 890 208 7155 7100 281
internal_count=21160 14005 9791 4538 4214 2982 514 5253 324 956 2026 5120 3371 1106 4024 3154 413 870 588 423 1232 592 640 496 1749 890 208 7155 7100 281
is_linear=0
shrinkage=0.05


Tree=12
num_leaves=31
num_cat=0
split_feature=4 13 13 16 13 11 11 15 15 10 15 10 15 15 15 16 13 16 11 11 13 13 13 10 11 10 11 11 8 8
split_gain=18.7354 15.5121 11.6985 17.1318 10.3342 7.93507 10.0039 11.0435 9.08555 13.875 14.4598 14.814 11.2382 11.2502 9.68802 15.7115 9.26402 8.25959 9.28697 8.04526 7.39511 9.86898 7.38112 7.24507 12.2954 9.78162 7.94484 13.115 12.8903 8.61407
threshold=0.019644607673848225 43.015001296997077 30.345000267028812 -0.014334613081101065 28.970000267028812 0.050492728349193612 0.041951552464954973 -0.0085577080472021266 0.0085266818302511833 0.0079281319106555576 -0.0024425926552731343 0.017102322993862277 -0.0054307343272703137 -0.0051502967370321553 0.012704129411166278 -0.0082533331585707952 24.119999885559086 0.0036588219227117196 0.027231962502118127 0.011605230504387444 21.134999275207523 17.914999961853031 19.159999847412113 0.00446494553626653 -0.0070947628288289813 0.0072501492901362328 -0.0070947628288289813 -0.0087472165989830857 -0.07172321494159177 inf
decision_type=2 2 2 2 2 2 2 2 2 2 2 2 2 2 2 2 2 2 2 2 2 2 2 2 2 2 2 2 10 8
left_child=-1 2 4 -4 5 6 8 -8 9 12 -11 16 -2 -14 20 22 -12 -17 -19 -13 21 -10 -16 26 -25 -26 27 29 -28 -15
right_child=1 -3 3 -5 -6 -7 7 -9 14 10 11 19 13 23 15 17 -18 18 -20 -21 -22 -23 -24 24 25 -27 28 -29 -30 -31
leaf_value=3.4159061013062152e-05 1.9165886338417097e-05 -0.001182764973775864 -0.0006937422751636421 0.00032976670134008318 -0.00077832153962469639 -0.00022606445068060633 -0.00031074664886088254 0.00021611053860596575 -0.00019918919719594418 -0.00012483025635953853 0.00018550009515307879 0.00013337224296586423 -0.00034690854467611518 -5.6964118340640041e-05 -1.1077705604733155e-05 -0.00034867944841131303 -9.7082798051303199e-05 2.684492801369111e-05 -0.00023432419514563376 -0.00030542057902707047 -0.0004006130831379887 6.0595791230628771e-05 0.00032757412467888399 -0.00056694085274487075 0.00012432438143752163 -0.00017161088741722346 -0.00033628723303425048 0.00037161382738022908 -6.2315671037544218e-05 0.00026712352642796803
leaf_weight=7667 3354 76 47 204 92 138 46 289 622 282 843 50 136 837 74 208 90 725 195 121 142 241 123 84 707 162 422 128 2907 46
leaf_count=7667 3354 76 47 204 92 138 46 289 622 282 843 50 136 837 74 208 90 725 195 121 142 241 123 84 707 162 422 128 2907 46
internal_value=-3.08671e-05 -0.00115936 -0.00103079 0.00966135 -0.00123622 -0.00111779 -0.000989559 0.00753731 -0.0012181 -0.000572819 0.00407648 0.00665761 -0.0013065 -0.00271229 -0.00403433 -0.00122642 0.00913719 -0.00350177 -0.00146739 -0.00687135 -0.00773632 -0.00599652 0.011802 -0.00234744 0.00160021 0.00336594 -0.00321429 0.000667656 -0.00439321 -0.00150057
internal_weight=21058 13391 13315 251 13064 12972 12834 335 12499 10169 1386 1104 8783 5429 2330 1325 933 1128 920 171 1005 863 197 5293 953 869 4340 1011 3329 883
internal_count=21058 13391 13315 251 13064 12972 12834 335 12499 10169 1386 1104 8783 5429 2330 1325 933 1128 920 171 1005 863 197 5293 953 869 4340 1011 3329 883
is_linear=0
shrinkage=0.05


Tree=13
num_leaves=31
num_cat=0
split_feature=13 4 13 12 4 13 6 8 16 14 12 14 12 15 13 14 15 16 16 15 16 8 13 16 13 15 15 3 16 16
split_gain=15.6262 13.7162 10.1597 16.1324 8.21159 9.72092 6.89693 6.33539 8.28131 6.25401 7.8363 7.83543 6.59096 8.32931 7.8778 6.07624 12.3065 9.75671 9.87861 6.86021 11.3936 7.12808 6.7782 6.46135 6.27562 6.39421 5.65483 7.82041 7.18544 8.20681
threshold=43.015001296997077 0.019915021303044827 30.345000267028812 -0.049048436065559579 0.030417720236108458 27.855000495910648 -0.35549101681799933 -0.16148699558937593 -0.012764586903950713 -0.036818887874406285 -0.031331833469953822 -0.037374592254897913 0.028448808963007281 0.01260209799725809 17.445000648498539 -0.036818887874406285 0.00037071655999265657 0.048526925274887563 0.031196491328680857 0.0007814779604464751 -0.020494718567347355 -0.089285576908236561 13.744999885559084 -0.049651770839873925 14.244999885559084 -0.00049921598138963341 0.00037071655999265657 -0.0023333840926724743 0.0050964347177089317 -0.020229351010033533
decision_type=2 2 2 2 2 2 2 10 2 2 2 2 2 2 2 2 2 2 2 2 2 10 2 2 2 2 2 2 2 2
left_child=1 9 4 -4 5 6 7 8 -3 10 -1 12 13 -12 -14 17 22 18 23 -18 -21 -22 -17 -8 -24 -26 -11 -28 29 -29
right_child=-2 2 3 -5 -6 -7 15 -9 -10 26 11 -13 14 -15 -16 16 19 -19 -20 20 21 -23 24 -25 25 -27 27 28 -30 -31
leaf_value=0.00021142894051622815 -0.0010568141917916098 5.2288465701443152e-05 0.00028266670192507497 -0.00067350850139112238 -0.00013863534162256798 -0.00078848092206393382 0.00042099299201904132 2.6336494336330445e-05 -0.00033634625388973509 4.4579012429270261e-05 0.00012996341257540293 0.0003579308187101561 4.4729729044869564e-05 -3.8236905560205901e-05 -0.00017331138932223791 0.00014193603666309837 -0.00046280612167183945 -0.00048326718701376949 0.00029463047456448546 0.00015450734434217201 -0.00049206351371054084 -0.00011635721047841596 -0.00026938179160281099 -5.4260743810328858e-06 -2.1834120045496379e-05 0.0001866436444128942 -0.00011108571710678828 0.00011174911718550242 5.504790987291659e-05 -8.5997210978833264e-05
leaf_weight=106 77 122 192 50 1670 52 56 4357 136 3276 872 50 563 179 192 308 143 46 179 169 94 1652 142 1472 1924 137 601 98 1302 889
leaf_count=106 77 122 192 50 1670 52 56 4357 136 3276 872 50 563 179 192 308 143 46 179 169 94 1652 142 1472 1924 137 601 98 1302 889
internal_value=8.05458e-05 0.00016287 -0.000850709 0.00929752 -0.00104471 -0.000548276 -0.000445735 0.00102384 -0.00658915 0.00177165 0.00423038 0.00347522 0.00293466 0.00549477 -0.000629139 -0.00151851 -0.00247866 0.000984027 0.00159637 -0.005345 -0.00455614 -0.00575601 -0.000129431 0.000294503 -0.00110077 -0.000400291 0.000989296 -0.000622837 0.000709917 -0.0025076
internal_weight=21106 21029 12901 242 12659 10989 10937 4615 258 8128 1962 1856 1806 1051 755 6322 4569 1753 1707 2058 1915 1746 2511 1528 2203 2061 6166 2890 2289 987
internal_count=21106 21029 12901 242 12659 10989 10937 4615 258 8128 1962 1856 1806 1051 755 6322 4569 1753 1707 2058 1915 1746 2511 1528 2203 2061 6166 2890 2289 987
is_linear=0
shrinkage=0.05


Tree=14
num_leaves=31
num_cat=0
split_feature=13 4 16 11 12 13 14 11 12 14 3 13 16 13 13 16 11 11 11 12 13 12 12 11 14 13 11 12 11 11
split_gain=15.2263 13.9198 9.20358 16.6994 12.995 14.8633 11.4385 8.98175 8.61539 9.74117 7.72833 8.7247 7.51036 7.88701 11.3223 11.6496 10.6032 19.0189 11.5446 9.01416 8.71535 8.27524 9.08768 8.83657 7.41619 7.29926 7.26104 9.7293 6.88217 6.50062
threshold=43.015001296997077 0.018422519342130021 0.048526925274887563 0.02573480883905466 -0.023938025174318197 18.214999198913578 -0.028276541619188519 0.050492728349193612 0.0053623366190914687 -0.0015377949631008578 -0.012771591996989294 30.345000267028812 -0.059469529380586354 13.605000019073488 14.244999885559084 -0.022275569694326366 0.01397341061460511 0.002577635332758899 -0.0041955854167174391 0.040552137472516188 15.425000190734865 0.022394590796643524 -0.023938025174318197 -0.0026525460320276357 0.015727597801877272 14.119999885559084 0.020793253578218044 0.028749037613273857 0.00036209902272010824 0.0057915448439024306
decision_type=2 2 2 2 2 2 2 2 2 2 2 2 2 2 2 2 2 2 2 2 2 2 2 2 2 2 2 2 2 2
left_child=1 -1 3 10 -5 7 -4 8 -6 -10 -3 12 -12 16 15 -15 17 18 -14 25 21 22 -16 -23 -20 26 27 -17 -25 -22
right_child=-2 2 6 4 5 -7 -8 -9 9 -11 11 -13 13 14 20 19 -18 -19 24 -21 29 23 -24 28 -26 -27 -28 -29 -30 -31
leaf_value=4.0629196176590225e-05 -0.0010064239987460789 -0.00016370185548536775 -0.0005971470951461914 0.00025642988331853081 -4.9680486146698634e-05 -0.00018493009063830936 -7.2934482566541607e-05 -0.00015920548194237286 0.00025243575152251096 3.9578893173536142e-05 0.00014150024117383413 0.00027991125221814035 0.00023837108253479912 0.00012852516753629703 0.0002241397304309203 -0.00019133713498240267 -6.431307264307216e-05 0.00013856989236225005 -0.00012088137390792055 -0.0004057324314489644 -1.4123765845351373e-05 0.00033466231356716345 -8.3181479706342942e-05 -0.00016797298847531664 -0.00067275477786434067 -0.00029538620929379266 -0.00024933232681722151 0.00017581939019278579 0.0001205151296027857 -7.7195266150067136e-05
leaf_weight=5614 79 692 102 248 173 378 300 45 490 277 181 147 64 76 50 160 597 856 213 256 5581 118 627 71 70 131 43 234 594 2674
leaf_count=5614 79 692 102 248 173 378 300 45 490 277 181 147 64 76 50 160 597 856 213 256 5581 118 627 71 70 131 43 234 594 2674
internal_value=7.44998e-05 0.00015668 -0.000618203 -0.000418716 0.00439168 0.00247616 -0.00808458 0.00571066 0.00675532 0.00902868 -0.000995534 -0.000716079 -0.000857415 -0.00100483 -0.00152379 -0.00688889 0.00205556 0.00475894 -0.00511527 -0.0086165 -0.00102676 0.00253425 -0.00151403 0.00603448 -0.0094523 -0.00510563 -0.00200229 0.000126904 0.00379699 -0.00165657
internal_weight=21141 21062 15448 15046 1611 1363 402 985 940 767 13435 12743 12596 12415 10615 900 1800 1203 347 824 9715 1460 677 783 283 568 437 394 665 8255
internal_count=21141 21062 15448 15046 1611 1363 402 985 940 767 13435 12743 12596 12415 10615 900 1800 1203 347 824 9715 1460 677 783 283 568 437 394 665 8255
is_linear=0
shrinkage=0.05


Tree=15
num_leaves=31
num_cat=0
split_feature=4 14 13 16 14 16 16 15 10 12 16 16 12 15 11 13 15 9 16 9 10 10 10 11 16 15 10 10 12 10
split_gain=16.4498 13.4954 9.90791 8.97268 14.2043 12.8865 17.203 12.9271 12.9329 13.799 11.7863 9.90989 10.3994 15.1803 10.2801 13.483 11.1274 9.83025 9.56413 9.27298 9.02623 11.736 8.8058 8.47475 8.4579 8.08102 10.0533 8.60196 8.05912 9.60882
threshold=0.024973876506217792 -0.069744182185856193 43.015001296997077 -0.0067367633357558456 0.14228104891203866 -0.0040648992359456617 -0.0048286455632493 0.0035294140086454821 0.0043826671813969051 0.057873618969341407 -0.0055487606675242987 0.003480812560592184 0.041226491428898011 -0.0072651478495820423 0.0093718282563531891 13.484999656677248 0.0020198057670154372 0.04925784819694657 0.018709939089440634 0.019153670101561552 0.011768344004807198 0.0070711617460903495 -0.00071790543685490416 -0.007815536271506494 0.0019666290487474485 -0.0017235662834486629 -0.004502849423341281 0.0052648520275683239 -0.071455509470426767 -0.010966446415133555
decision_type=2 2 2 2 2 2 2 2 2 2 2 2 2 2 2 2 2 8 2 10 2 2 2 2 2 2 2 2 2 2
left_child=1 24 28 4 -3 6 10 11 9 19 17 -7 13 18 -14 -16 -17 -5 -13 -9 21 25 -11 -10 -1 26 -15 -27 29 -2
right_child=2 3 -4 5 -6 7 -8 8 23 22 -12 12 14 20 15 16 -18 -19 -20 -21 -22 -23 -24 -25 -26 27 -28 -29 -30 -31
leaf_value=1.0423384961891388e-05 0.00044532715852284473 5.1741086466440634e-05 -0.00091434138406185366 5.9943572787646027e-05 -0.00023210755618793919 8.2027656898470656e-05 -0.00045571471288117723 -0.0001794621122221783 -0.00044625957797097475 -9.7230063309729139e-05 7.1734578417731803e-05 -0.00021536730800843169 3.6707680100361159e-05 -2.795458531541324e-05 5.50348492286544e-05 -0.00028295172437184482 4.6209806226957256e-05 -0.00041466174427226001 3.1655486295137542e-05 -5.4977375538652413e-05 -0.00018688699515206735 0.00028178244733593268 0.00013325881657086399 3.8872901554993979e-05 0.00014956875949240233 3.8867101078248621e-05 0.00018275186105199811 -0.00028616535385532358 -6.3688623970935797e-05 -9.3634356932295787e-06
leaf_weight=612 79 4792 68 104 270 1490 179 1108 85 83 216 223 353 154 210 446 110 142 145 975 60 158 262 1407 934 886 514 46 4960 143
leaf_count=612 79 4792 68 104 270 1490 179 1108 85 83 216 223 353 154 210 446 110 142 145 975 60 158 262 1407 934 886 514 46 4960 143
internal_value=6.59942e-05 0.000864445 -0.0023619 0.000388403 0.00208416 -0.000529072 -0.00737129 -2.58176e-05 -0.00215561 -0.00440692 -0.00227273 0.00171533 0.000189107 0.00219579 -0.00373101 -0.00698433 -0.0110612 -0.0097561 -0.00706522 -0.00594095 0.00407041 0.00472127 0.00485507 0.00150804 0.00530401 0.0034375 0.00763473 0.000429185 -0.00211308 0.00720721
internal_weight=21214 15964 5250 14418 5062 9356 641 8715 3920 2428 462 4795 3305 2186 1119 766 556 246 368 2083 1818 1758 345 1492 1546 1600 668 932 5182 222
internal_count=21214 15964 5250 14418 5062 9356 641 8715 3920 2428 462 4795 3305 2186 1119 766 556 246 368 2083 1818 1758 345 1492 1546 1600 668 932 5182 222
is_linear=0
shrinkage=0.05


Tree=16
num_leaves=31
num_cat=0
split_feature=4 14 13 10 6 11 11 15 11 3 12 13 14 14 13 10 15 12 8 12 12 11 11 11 12 14 10 15 15 10
split_gain=16.2947 10.9082 9.9569 8.65318 7.55702 6.94218 7.61456 9.30608 6.85325 7.03705 6.53887 6.31353 6.13434 6.03795 6.13788 6.45332 5.95422 5.86095 5.82821 6.35001 8.99596 8.19303 6.2967 6.27179 6.18827 5.63201 5.62289 5.55767 6.73383 5.52282
threshold=0.023383360833690994 -0.069744182185856193 43.015001296997077 0.0077874133579277647 0.084690480448960062 -0.033420125215974254 0.023193318891049478 0.008860739873546743 -0.023324981642921735 -0.0066248373922191952 -0.022997185287748575 31.844999313354496 0.10157519013318318 0.01016731697942619 16.579999923706058 0.0019017631763441625 -0.024658219995774774 -0.071455509470426767 -0.16148699558937593 -0.0059221640754917306 -0.0033130043707785268 -0.029337474403061222 0.021985340636656584 -0.0050766511307130382 -0.008121323465966555 -0.025685626403374347 0.0090796012734996063 0.023677051162612987 0.019631601986655037 0.00040263082252767207
decision_type=2 2 2 2 2 2 2 2 2 2 2 2 2 2 2 2 2 2 10 2 2 2 2 2 2 2 2 2 2 2
left_child=1 3 5 -1 -3 11 7 16 -9 -10 29 12 25 -6 -15 -16 -7 -11 23 21 -21 -20 -22 -18 -23 -2 -5 28 -12 -8
right_child=2 4 -4 26 13 6 10 8 9 17 27 -13 -14 14 15 -17 18 -19 19 20 22 24 -24 -25 -26 -27 -28 -29 -30 -31
leaf_value=0.00017559625453250836 -0.00019122384709132495 2.6943774348876144e-05 -0.00092390623619693468 -0.00010947151567617751 1.3626861034774385e-05 0.00020854159635927511 -0.00026551105248334532 -0.00077676940709963261 0.00011950565265741462 0.00026164639463206307 -5.7458464832247164e-06 0.00030790776186319455 -0.00057519016283191023 -0.00013444598855573352 6.5108607509747722e-06 -0.00037235264566432821 -1.5354655800002735e-05 -0.00018990301578000816 0.00029842557213512747 0.00040470215719125703 -8.112669389565702e-06 -0.00011151113912264335 -0.00027232967273852345 -0.00035037524599586256 -0.00047187533896841678 0.00017971348308787015 9.1158380292901266e-05 0.0004368424587602853 -0.00038220144521111373 0.00021146827006231613
leaf_weight=317 73 8190 70 118 2455 117 41 85 80 40 793 70 55 901 1112 63 187 776 77 62 2565 1145 75 203 130 145 856 84 67 203
leaf_count=317 73 8190 70 118 2455 117 41 85 80 40 793 70 55 901 1112 63 187 776 77 62 2565 1145 75 203 130 145 856 84 67 203
internal_value=-5.90877e-06 0.00098487 -0.00194946 0.00536406 0.000540445 -0.00176375 -0.00211738 -0.00289607 -0.00731397 -0.00602679 0.00151515 0.00517493 0.00173993 -0.00109799 -0.00308285 -0.000702128 -0.00194585 -0.00741422 -0.00223897 -0.00167736 -0.000277572 -0.00447485 -0.000719697 -0.00807692 -0.00543137 0.00550459 0.00302875 -0.000370763 -0.00156977 0.00881148
internal_weight=21155 14012 7143 1291 12721 7073 6730 5542 981 896 1188 343 273 4531 2076 1175 4561 816 4444 4054 2702 1352 2640 390 1275 218 974 944 860 244
internal_count=21155 14012 7143 1291 12721 7073 6730 5542 981 896 1188 343 273 4531 2076 1175 4561 816 4444 4054 2702 1352 2640 390 1275 218 974 944 860 244
is_linear=0
shrinkage=0.05


Tree=17
num_leaves=31
num_cat=0
split_feature=5 14 16 15 16 15 6 11 9 14 11 16 15 11 8 8 3 16 10 16 16 15 12 10 11 14 12 14 14 16
split_gain=11.7421 10.147 12.323 11.5946 10.5066 10.0893 9.71675 8.92565 9.53257 8.59862 8.03291 7.65995 12.4814 12.1251 7.65615 7.57379 7.33363 9.01345 10.3215 7.26651 12.8022 10.0061 7.00479 14.7749 9.45452 7.8767 9.1553 7.56222 9.80946 7.37492
threshold=0.014380036619620316 -0.036818887874406285 0.048526925274887563 0.00037071655999265657 -0.020229351010033533 -0.01370888234699119 0.37360691892629744 0.02573480883905466 -0.12879280248343197 -0.03839547318596314 0.045591167028525621 -0.017050990951074704 -0.0081447990434662092 -0.0084964669653203023 -0.01751702434490043 -0.044550507236897234 -0.0024679629009444755 0.017273732481494667 0.0020115949089920542 -0.016888087818657634 -0.018660003612959161 1.0000000180025095e-35 0.031890039061923899 -0.00045040499871334955 0.015047056175498954 -0.01786915050429105 0.070121882080432366 0.076607678117126224 0.01016731697942619 -0.0102804034627455
decision_type=2 2 2 2 2 2 2 2 10 2 2 2 2 2 8 10 2 2 2 2 2 2 2 2 2 2 2 2 2 2
left_child=1 2 9 5 14 -3 -2 8 11 -1 -9 12 -7 -14 -5 -6 17 -17 -19 20 21 -10 23 24 29 26 -24 28 -27 -21
right_child=6 3 -4 4 15 7 -8 10 19 -11 -12 -13 13 -15 -16 16 -18 18 -20 22 -22 -23 25 -25 -26 27 -28 -29 -30 -31
leaf_value=6.3128620208757584e-05 -9.6581244205452842e-06 -5.2386078695556253e-05 -0.00055868362378409104 -9.821225269148956e-07 -0.00016523262573941161 0.00027463067487491284 -0.00013484967871824793 0.00025784047523108946 -4.2733069475301911e-06 0.00017400613948176884 -0.00016617987768938314 -8.2620824766463206e-05 -0.000183927714287813 0.000224225572609328 0.00022197723435803232 -2.8598718032350194e-05 -7.0181073336242353e-06 -0.00041742251791438242 1.2623010544047815e-05 0.00024023625486064941 -0.00073294940274004855 0.00036392631747339191 -0.00018494658070899252 0.00021180183761055271 -0.00033211586824882821 1.7974923330614143e-05 0.00024517501817195188 -0.00022122892153247694 0.00017536839126676784 3.5317219427690286e-05
leaf_weight=3319 4879 1133 48 179 480 135 1777 210 577 235 47 773 105 56 159 584 3255 205 99 330 70 41 165 601 66 488 49 84 261 799
leaf_count=3319 4879 1133 48 179 480 135 1777 210 577 235 47 773 105 56 159 584 3255 205 99 330 70 41 165 601 66 488 49 84 261 799
internal_value=0.000192135 0.000987769 0.00328984 0.000230573 -0.00155715 0.00171119 -0.00154748 0.00270229 0.00219565 0.00362971 0.0117704 -0.00194107 0.00489865 -0.00450311 0.00695266 -0.00217932 -0.00149047 -0.00551802 -0.0125 0.00344803 -0.00116279 0.00113269 0.00456384 0.0064588 0.00324268 0.00131328 -0.00724299 0.0035114 0.00510681 0.00431798
internal_weight=21209 14553 3602 10951 4961 5990 6656 4857 4600 3554 257 1069 296 161 338 4623 4143 888 304 3531 688 618 2843 1796 1195 1047 214 833 749 1129
internal_count=21209 14553 3602 10951 4961 5990 6656 4857 4600 3554 257 1069 296 161 338 4623 4143 888 304 3531 688 618 2843 1796 1195 1047 214 833 749 1129
is_linear=0
shrinkage=0.05


Tree=18
num_leaves=31
num_cat=0
split_feature=13 9 15 3 10 10 11 10 11 10 8 10 15 10 12 12 10 11 13 11 14 10 11 11 10 14 13 12 15 12
split_gain=11.9283 11.1459 12.774 15.9943 11.5665 13.6088 13.0723 18.429 13.0666 15.6207 12.7789 11.4623 9.80753 9.69713 9.68185 12.9321 12.8208 9.5083 9.50406 8.90971 9.39976 14.8499 9.96247 12.5667 12.915 13.1197 13.6854 8.71392 9.64825 9.49037
threshold=43.015001296997077 -0.15814208537447458 0.00037071655999265657 -0.0024679629009444755 0.0056625779821857245 0.0077874133579277647 0.006555889816587058 0.003415324016821653 0.0044457003054257935 0.0011530196642344228 0.13047332139755788 0.00446494553626653 -0.0010854553500265205 0.0054292176155683611 0.029535426722854145 0.028448808963007281 -0.0060493292963074699 -0.020756014565235011 19.72500038146973 0.047360860375368914 0.035115678917499234 0.0042234233454397927 0.0019507060207528684 -0.024572919887126395 0.00074647751592549227 -0.0082882010072965456 15.875000000000002 -0.038043904409190692 0.0051018111528722274 0.015760986994464269
decision_type=2 10 2 2 2 2 2 2 2 2 8 2 2 2 2 2 2 2 2 2 2 2 2 2 2 2 2 2 2 2
left_child=1 4 12 -4 6 -6 7 8 9 17 -8 14 19 -13 15 -5 -16 -1 -7 20 21 22 23 -3 25 -25 -27 -19 29 -29
right_child=-2 2 3 11 5 18 10 -9 -10 -11 -12 13 -14 -15 16 -17 -18 27 -20 -21 -22 -23 -24 24 -26 26 -28 28 -30 -31
leaf_value=5.3428097546019165e-05 -0.00087409822930861801 0.00018359803831918643 -0.00010205182422739885 -3.641672569824842e-05 0.00016971371828842065 1.5634554495499565e-05 -0.00011383603767735878 -0.00048298161130964185 0.00019453375444728038 0.00022782252199769119 -0.00045342494041028997 0.00019421101772303464 0.00012061036976415019 3.2314059455754165e-05 0.00034444385224036882 -0.00036597642626845072 1.137315685402901e-05 -0.00055156943567950291 -0.00042625763234783185 -0.00026634090731595485 -1.2979694472149694e-05 -2.2281943377220585e-05 0.00013796973049543144 -0.00037654096645304788 0.00015019218665753221 -0.00015992844699719907 0.00021701928427156109 -7.5120372666568314e-06 0.00021120556528577924 -0.00017799323478594753
leaf_weight=499 82 332 1682 2297 433 813 1172 163 139 199 146 266 1202 2714 113 153 1170 138 187 69 2407 1016 1817 192 172 203 165 603 120 559
leaf_count=499 82 332 1682 2297 433 813 1172 163 139 199 146 266 1202 2714 113 153 1170 138 187 69 2407 1016 1817 192 172 203 165 603 120 559
internal_value=0.000130754 0.000204579 0.000857858 -0.000485408 -0.001813 0.00200628 -0.00327715 -0.00109504 7.75366e-05 -0.000897073 -0.00728376 0.000607031 0.00234653 0.00291946 -0.00123895 -0.00308163 0.00227981 -0.00227983 -0.0012 0.0015652 0.00176079 0.00327816 0.00511107 0.0012688 -0.00239071 -0.00607143 -0.000543478 -0.0043662 -0.00308112 -0.00447504
internal_weight=21223 21141 15970 8395 5171 1433 3738 2420 2257 2118 1318 6713 7575 2980 3733 2450 1283 1919 1000 6373 6304 3897 2881 1064 732 560 368 1420 1282 1162
internal_count=21223 21141 15970 8395 5171 1433 3738 2420 2257 2118 1318 6713 7575 2980 3733 2450 1283 1919 1000 6373 6304 3897 2881 1064 732 560 368 1420 1282 1162
is_linear=0
shrinkage=0.05


Tree=19
num_leaves=31
num_cat=0
split_feature=14 10 4 11 12 13 13 10 15 10 15 13 16 12 13 11 13 16 16 10 14 12 11 11 10 11 11 16 16 10
split_gain=12.365 11.2912 12.6859 10.6978 10.7908 11.9019 12.629 10.7367 14.7572 12.5411 12.7601 12.1535 12.5643 11.9649 11.5485 11.2446 10.9307 10.8314 15.6241 16.2159 12.4444 10.4772 10.4153 12.816 10.3637 13.0941 14.3901 10.3045 11.9613 10.0114
threshold=0.14228104891203866 -0.020247544478179221 0.026769342926535464 -0.020171834808393903 0.017951128324421587 17.914999961853031 18.904999732971195 0.0043826671813969051 -1.0000000180025095e-35 -0.0060493292963074699 0.0026592870883527246 17.195000648498539 0.048526925274887563 0.040854106099518013 19.159999847412113 -0.011129829158328551 13.34500026702881 0.0043111150430181775 -0.0094113162894032803 0.0085213426073622606 -0.0056306847578752031 -0.017790302697979262 0.02573480883905466 0.021985340636656584 0.0014914798272115395 -0.0043480620197820499 0.0010676984150611581 -0.0085055193532765899 -0.030213576281007123 0.0069471165760636175
decision_type=2 2 2 2 2 2 2 2 2 2 2 2 2 2 2 2 2 2 2 2 2 2 2 2 2 2 2 2 2 2
left_child=1 -1 3 4 5 -3 -7 8 22 10 -10 12 24 15 -13 29 -15 18 -17 20 -20 -16 23 -5 25 -11 -27 28 -2 -9
right_child=27 2 -4 7 -6 6 -8 13 9 11 -12 14 -14 16 21 17 -18 -19 19 -21 -22 -23 -24 -25 -26 26 -28 -29 -30 -31
leaf_value=0.00045524849750778172 -0.00011127507334773241 -0.000127471296326959 -7.2195349610852579e-05 2.1558558178686166e-05 0.00028983367225623714 0.00021400414172671343 4.5987595247098077e-05 0.00011223508232388763 -0.00032473669266870327 0.00016412697961062971 0.00015594995583546195 -0.00024589257159683177 -0.00039100435796773117 0.00010572670469034432 0.00025743834510494188 0.00010552091223325776 -6.9640665228962441e-05 0.00012416368163445485 0.00011070124991263762 -0.00024609620537833658 -0.00023408878690631141 -5.7841462219037016e-05 0.00019666035948196224 -0.00023675989758156578 3.5729079320988291e-05 -0.00035449975817064701 -4.7028642491823115e-05 1.3082114744253447e-05 -0.00074930929835613058 -0.00014557687141013485
leaf_weight=50 245 143 3558 5047 155 199 755 82 57 237 265 793 72 358 57 712 1145 1858 386 282 115 430 315 179 1261 315 1293 356 181 258
leaf_count=50 245 143 3558 5047 155 199 755 82 57 237 265 793 72 358 57 712 1145 1858 386 282 115 430 315 179 1261 315 1293 356 181 258
internal_value=3.19013e-05 0.000268685 0.000210311 0.000785676 0.00523163 0.00348678 0.00550314 0.000426951 -0.000506249 -0.00254184 0.00698758 -0.00323015 -0.00157332 0.0022806 -0.00734375 0.00381126 -0.00148037 0.00468983 0.00152174 -0.00335249 0.00204591 -0.00128337 0.00124977 0.000717566 -0.00109466 -0.00348238 -0.0050995 -0.00613811 -0.011385 -0.00485294
internal_weight=21159 20377 20327 16769 1252 1097 954 15517 10321 4780 322 4458 3178 5196 1280 3693 1503 3353 1495 783 501 487 5541 5226 3106 1845 1608 782 426 340
internal_count=21159 20377 20327 16769 1252 1097 954 15517 10321 4780 322 4458 3178 5196 1280 3693 1503 3353 1495 783 501 487 5541 5226 3106 1845 1608 782 426 340
is_linear=0
shrinkage=0.05


Tree=20
num_leaves=31
num_cat=0
split_feature=4 14 16 9 15 15 15 14 16 15 12 11 16 12 13 12 12 16 14 15 12 14 11 13 11 13 15 12 14 14
split_gain=12.9608 10.8872 10.0624 7.42376 7.17648 10.1477 10.3165 11.9909 11.6849 13.1514 11.3044 19.3648 9.59885 8.53448 9.98475 7.97603 15.2571 11.5533 9.71876 7.69998 9.15028 15.9771 14.4205 9.41073 12.7601 10.2739 10.2399 9.76413 8.71868 13.6511
threshold=0.026769342926535464 -0.069744182185856193 0.021723995626602547 0.29218285611187894 0.00037071655999265657 0.0015864711490913843 0.0029509628638586531 -0.066405515647089006 -0.0057428102373023862 0.0038791394499659852 0.030878652672085786 0.00023769852102906167 0.020201860721614121 0.027464748071709514 19.814999580383304 0.04851916087108233 0.057354881634701156 0.0050964347177089317 -0.03286597934359297 -0.01343640776225785 0.031890039061923899 -0.01786915050429105 0.010325604265528312 23.409999847412113 -0.024572919887126395 19.329999923706058 -0.0081447990434662092 -0.017557998492747081 0.090336443973437111 0.076607678117126224
decision_type=2 2 2 8 2 2 2 2 2 2 2 2 2 2 2 2 2 2 2 2 2 2 2 2 2 2 2 2 2 2
left_child=1 2 -1 4 19 12 -7 -8 9 -9 13 -12 -6 -10 -15 17 -17 18 -13 -3 22 -22 23 24 -21 -26 -25 -27 29 -23
right_child=-2 3 -4 -5 5 6 7 8 10 -11 11 15 -14 14 -16 16 -18 -19 -20 20 21 28 -24 26 25 27 -28 -29 -30 -31
leaf_value=3.8306670996309922e-05 -6.8467465021810047e-05 -4.5626171701176457e-05 0.00020448647335461636 -2.5994436725290499e-05 -5.3892159705185889e-05 9.0395858042573819e-05 -0.00075548306031504478 -0.00026975576161437052 -3.7938013280116754e-05 0.00012045138473224631 -0.00038295792793965205 0.00036026602181293171 -0.00041156043318893177 -0.00032700795844692814 0.00018689483720299863 -0.00025096072782576623 3.1368929161832478e-05 0.00015379788896739788 -0.00020787474979695942 0.00022889039272133284 -0.00010371424252746606 5.0407244990121215e-05 0.00018158632064076813 -0.00034657085224969647 9.4671741839086866e-06 -0.00014129322220976425 2.9537830686851132e-05 0.00023061836468211841 0.00033596054701220436 -0.00040685298749980667
leaf_weight=1303 3711 1007 393 3535 564 844 57 116 1572 627 95 44 117 348 45 137 463 794 160 143 612 1085 985 106 1531 58 186 299 97 92
leaf_count=1303 3711 1007 393 3535 564 844 57 116 1572 627 95 44 117 348 45 137 463 794 160 143 612 1085 985 106 1531 58 186 299 97 92
internal_value=0.000250876 0.000822567 0.00462854 0.000411922 0.000997209 -0.000238175 0.000499811 -0.000459847 -0.000164735 0.00555182 -0.00132586 0.00166864 -0.00598385 -0.00390585 -0.0104962 0.00297247 -0.00158333 0.00571142 -0.00490196 0.00218916 0.00296496 0.000185578 0.00454958 0.00239991 0.0036066 0.00251589 -0.00599315 0.0101541 0.0033752 0.00218777
internal_weight=21126 17415 1696 15719 12184 5983 5302 4458 4401 743 3658 1693 681 1965 393 1598 600 998 204 6201 5194 1886 3308 2323 2031 1888 292 357 1274 1177
internal_count=21126 17415 1696 15719 12184 5983 5302 4458 4401 743 3658 1693 681 1965 393 1598 600 998 204 6201 5194 1886 3308 2323 2031 1888 292 357 1274 1177
is_linear=0
shrinkage=0.05


Tree=21
num_leaves=31
num_cat=0
split_feature=4 13 13 12 4 13 15 15 12 10 10 16 15 15 12 15 10 8 16 15 15 12 12 15 14 13 14 10 8 1
split_gain=14.497 10.2204 7.2007 15.202 7.41205 8.73984 6.42833 9.96768 15.4482 9.1083 10.9295 8.53704 13.9983 8.01753 7.02505 10.0985 7.22746 6.58318 6.53761 6.25472 7.3329 5.68223 5.58355 6.51605 14.6023 11.7177 8.33459 8.59751 9.96641 6.83241
threshold=0.01969355870925155 43.015001296997077 30.345000267028812 -0.049048436065559579 0.032296077646366064 27.855000495910648 -0.0081447990434662092 -0.0085577080472021266 0.057873618969341407 0.00446494553626653 0.0031270998422653355 -0.0026622536668587378 0.0085889644929960669 0.024098969191727718 0.038282081037970601 0.0094803869179276318 0.0063179668043742429 0.11020314017620771 0.0029112292278209444 0.022118394707484005 0.018440711012990055 0.014776442004869829 0.056550523071576715 0.0045604258972722364 -0.024970108459849868 19.159999847412113 -0.04578454363779693 0.0019017631763441625 -0.18837461529566243 -0.00070414665216572681
decision_type=2 2 2 2 2 2 2 2 2 2 2 2 2 2 2 2 2 10 2 2 2 2 2 2 2 2 2 2 10 2
left_child=-1 2 4 -4 5 6 7 8 -2 10 19 -11 17 14 15 -14 -16 -13 -12 20 22 -17 23 26 -25 -26 -8 28 -28 -27
right_child=1 -3 3 -5 -6 -7 9 -9 -10 11 18 12 13 -15 16 21 -18 -19 -20 -21 -22 -23 -24 24 25 29 27 -29 -30 -31
leaf_value=3.2757361305903698e-05 2.7617014473463582e-05 -0.00079153600863344272 0.00024976009414425941 -0.00059992973791115744 -0.00014555720021795391 -0.00053675224548652481 -0.00027208398963389345 0.00024946587557082768 -0.00046208801299613117 -4.4544692285546908e-05 -0.00027866291132866335 0.00011602581144904431 -0.0002906936384740582 0.00039935926760353033 0.00014198902201095366 -3.0550263941962494e-05 -0.00020976833208023418 -0.00014908446640819533 -6.7647872860961093e-05 0.00022119943333105175 -0.00057862232122452462 0.00015062878620594546 5.0488133062417782e-05 0.00013706394207669959 -0.00021238298951566862 0.00023214317239203639 -0.00046782610138953692 0.00014647391915977574 -6.9994742793807676e-06 -0.00010086497745697082
leaf_weight=7726 2121 79 200 52 1151 51 165 250 96 1166 254 1291 65 82 44 391 237 58 466 45 41 219 539 175 876 100 112 308 2644 102
leaf_count=7726 2121 79 200 52 1151 51 165 250 96 1166 254 1291 65 82 44 391 237 58 466 45 41 219 539 175 876 100 112 308 2644 102
internal_value=0.000255851 -0.00073991 -0.000633411 0.0077381 -0.00079508 -0.000424441 -0.000335528 0.00193555 0.00086829 -0.000932836 -0.00214948 0.00106248 0.00277545 -0.0015896 -0.00287657 -0.000111111 -0.00951957 0.00613417 -0.00791667 -0.0013364 -0.00150138 0.00188525 -0.00132942 -0.00190763 -0.00496808 -0.00714286 -0.000720037 -0.000130548 -0.00101597 0.00371287
internal_weight=21106 13380 13301 252 13049 11898 11847 2467 2217 9380 5827 3553 2387 1038 956 675 281 1349 720 5107 5062 610 5021 4482 1253 1078 3229 3064 2756 202
internal_count=21106 13380 13301 252 13049 11898 11847 2467 2217 9380 5827 3553 2387 1038 956 675 281 1349 720 5107 5062 610 5021 4482 1253 1078 3229 3064 2756 202
is_linear=0
shrinkage=0.05


Tree=22
num_leaves=31
num_cat=0
split_feature=10 4 10 16 10 10 16 15 11 16 12 11 16 10 10 16 16 13 13 12 12 12 14 16 15 10 16 10 13 11
split_gain=10.4117 8.91251 7.03485 6.09102 5.12102 6.08733 5.93845 9.50191 8.45197 11.1923 10.7742 8.43998 8.23581 7.66236 7.19138 5.77745 16.6395 11.3662 10.9093 6.84903 7.19167 7.08799 7.37899 6.69202 10.4448 12.9095 8.42613 7.82924 7.71683 9.87173
threshold=-0.029463592833469218 0.021232578162464984 -0.020247544478179221 0.01545830382180158 0.027542831641926283 0.018838465196602486 0.0398884073213659 0.015439417083844999 0.02573480883905466 0.032414645509340041 -0.023938025174318197 0.048369851131751858 0.026396259766412248 0.0028352322367303233 0.016350116268756935 -0.0067367633357558456 -0.0040648992359456617 24.385000228881839 20.335000038146976 0.038649846154014129 0.059758748559170745 0.018878621288125678 0.15436855290822041 -0.030213576281007123 0.0077974623451365641 -0.00038724572548481934 -0.033185543703460822 0.0041080829558171059 26.85000038146973 -0.029337474403061222
decision_type=2 2 2 2 2 2 2 2 2 2 2 2 2 2 2 2 2 2 2 2 2 2 2 2 2 2 2 2 2 2
left_child=-1 -2 3 -3 5 6 8 -8 9 14 -10 12 -12 -14 15 19 -17 18 -18 21 -21 22 23 26 25 -25 27 28 29 -4
right_child=1 2 4 -5 -6 -7 7 -9 10 -11 11 -13 13 -15 -16 16 17 -19 -20 20 -22 -23 -24 24 -26 -27 -28 -29 -30 -31
leaf_value=-0.00087661667696313234 1.9884135323318399e-05 -9.4322569255288736e-06 0.00022949954852610773 0.0003530455636064076 -0.00049643770338343902 0.00012908185436612141 -2.5706176107158039e-05 -0.00037489172714343853 0.00026088858990590394 0.00025560334840213502 0.00017334309434374932 -0.0001523559369058885 -0.00029918323752150486 3.1806124516243284e-05 -0.00039285665284842329 -0.00032116449288688764 -2.4835141528004989e-05 0.0001526056199052225 -0.00021726076211653965 0.00017624136238990419 -0.00014008048818730655 -0.00013615945406907472 -0.0005599050263083229 9.541247487276054e-05 0.00029021485998868027 -0.00013679005233093166 -0.00031024906309809979 -0.00012701393090013661 -0.00033171195058231652 -2.3274377799384958e-05
leaf_weight=103 10484 62 233 70 65 234 434 224 159 177 384 157 76 172 111 401 3639 164 428 409 112 584 89 852 226 452 161 151 97 261
leaf_count=103 10484 62 233 70 65 234 434 224 159 177 384 157 76 172 111 401 3639 164 428 409 112 584 89 852 226 452 161 151 97 261
internal_value=8.14794e-05 0.000159009 -0.000864512 0.0106061 -0.00100938 -0.000921825 -0.00110558 -0.00569909 -0.000787256 -0.00128408 0.00369198 0.00129911 0.00387658 -0.00322581 -0.00154719 -0.00137729 -0.0025475 -0.00162491 -0.00214532 0.000117177 0.00542226 -0.000772698 0.000376685 0.000893958 0.0029085 0.00118865 -0.00251938 -0.000269542 0.00232657 0.0048583
internal_weight=21171 21068 10584 132 10452 10387 10153 658 9495 8547 948 789 632 248 8370 8259 4632 4231 4067 3627 521 3106 2522 2433 1530 1304 903 742 591 494
internal_count=21171 21068 10584 132 10452 10387 10153 658 9495 8547 948 789 632 248 8370 8259 4632 4231 4067 3627 521 3106 2522 2433 1530 1304 903 742 591 494
is_linear=0
shrinkage=0.05


Tree=23
num_leaves=31
num_cat=0
split_feature=4 14 10 13 13 12 4 10 11 11 16 14 10 12 14 13 10 10 16 16 12 10 16 15 10 15 14 11 12 14
split_gain=9.81742 8.88815 10.2877 8.4199 15.1835 8.14352 7.11508 7.0371 6.71336 7.5082 14.9435 9.7755 9.6517 7.88478 8.50042 7.7173 7.71201 6.9245 6.58825 10.8076 11.8936 10.7876 8.95058 7.59639 11.1018 16.6589 8.66851 9.18414 8.2876 7.9823
threshold=0.016986395171764698 0.14228104891203866 -0.020247544478179221 22.429999351501468 19.295000076293949 -0.0041728590088926923 0.031311416184634365 -0.014256563971479506 0.050492728349193612 0.02573480883905466 0.026396259766412248 -0.067583665573298909 0.017102322993862277 0.082959740110242888 -0.041031725575055404 16.164999961853031 0.019654390703208072 0.0050524811907738396 -0.0096582228676249087 -0.012764586903950713 0.028594683923194867 0.013109339753378581 -0.013391853433803889 -0.0058906077618464106 0.0092143531748835068 0.012704129411166278 -0.066405515647089006 -0.00474984544861523 0.0066896408709551389 -0.037374592254897913
decision_type=2 2 2 2 2 2 2 2 2 2 2 2 2 2 2 2 2 2 2 2 2 2 2 2 2 2 2 2 2 2
left_child=-1 2 -2 4 7 -5 8 -3 9 16 12 -12 15 14 -13 -11 18 -16 19 21 -21 22 23 29 25 26 -25 -28 -26 -4
right_child=1 3 6 5 -6 -7 -8 -9 -10 10 11 13 -14 -15 17 -17 -18 -19 -20 20 -22 -23 -24 24 28 -27 27 -29 -30 -31
leaf_value=3.9649750170607775e-05 0.00040221705820149784 3.6589627224413275e-05 0.00017886376965260792 -0.00061284108448223917 0.00016566399771543927 5.9773780900437987e-05 -0.00011742218245125308 -0.00053336381847656064 -0.00020198139870061216 0.0002789594041538842 0.0002174305407765427 -0.00033430452486223126 -0.00013488333991347736 -0.00075319726869156254 -9.860931491380123e-05 0.00011351992408072463 0.00013711818667843268 0.00012053522509845638 -1.692759695471036e-05 0.00015783089542880372 -0.00011875897554747377 -0.00049589651130269626 -0.00056419068371217661 -0.00040068086456013013 -2.5037220013800297e-05 0.00020354891779155267 3.5349458464398882e-06 -0.00012941126003665292 0.00024585742698670542 3.1444012008685542e-05
leaf_weight=3286 52 65 278 241 207 62 1518 97 96 331 107 85 43 44 301 398 146 275 9106 690 200 67 115 81 91 137 817 655 164 1343
leaf_count=3286 52 65 278 241 207 62 1518 97 96 331 107 85 43 44 301 398 146 275 9106 690 200 67 115 81 91 137 817 655 164 1343
internal_value=0.000151673 -0.000311588 -9.04317e-05 -0.00595238 -0.000880759 -0.0121287 -0.000158006 -0.0123457 0.000160565 0.000242342 0.00350379 -0.00123153 0.00848446 -0.00336879 -0.00200454 0.00984225 -0.00012959 0.000173611 -0.000251019 0.00128288 0.00623596 0.000106724 0.000468623 0.000911385 -0.00119537 -0.00266272 -0.00413715 -0.00326087 0.00852941 0.00343924
internal_weight=21098 17812 17140 672 369 303 17088 162 15570 15474 1584 812 772 705 661 729 13890 576 13744 4638 890 3748 3681 3566 1945 1690 1553 1472 255 1621
internal_count=21098 17812 17140 672 369 303 17088 162 15570 15474 1584 812 772 705 661 729 13890 576 13744 4638 890 3748 3681 3566 1945 1690 1553 1472 255 1621
is_linear=0
shrinkage=0.05


Tree=24
num_leaves=31
num_cat=0
split_feature=8 6 13 14 14 16 16 11 15 16 14 16 14 11 10 11 14 16 11 16 11 10 5 16 16 10 10 11 14 15
split_gain=9.24336 7.81396 8.36631 6.8212 7.62536 6.74227 8.48641 9.80484 9.64869 7.46283 9.44905 7.44187 6.69109 6.51517 6.45175 8.03023 8.97508 8.81122 5.75824 12.2817 10.8179 11.7926 5.34985 5.39695 9.69767 7.6167 10.7389 9.6263 7.84515 5.75304
threshold=-0.09811742636209185 0.12879279625964793 30.750000000000004 -0.024970108459849868 -0.016820561404990383 0.058236884182592659 0.028020493240257908 -0.0021053442047123667 0.00037071655999265657 -0.039485250174404844 -0.056340529311790281 0.025349368190269454 -0.12096344977185801 -0.0071962553700703471 0.00034889263673931753 0.018972561057233887 -0.048319541899194234 -0.0064341231033837034 0.02573480883905466 0.025132931283052943 0.048369851131751858 0.017102322993862277 0.0086981495260375612 0.038613830636895725 0.032414645509340041 0.010655378584307098 0.0091157709324108955 0.021985340636656584 -0.035621573523768706 0.010153531084624691
decision_type=10 2 2 2 2 2 2 2 2 2 2 2 2 2 2 2 2 2 2 2 2 2 2 2 2 2 2 2 2 2
left_child=3 2 18 14 -5 6 8 -8 12 -10 -11 13 -3 -12 -1 16 -16 -18 22 20 21 -20 -2 24 25 26 27 -24 -27 -28
right_child=1 5 -4 4 -6 -7 7 -9 9 10 11 -13 -14 -15 15 -17 17 -19 19 -21 -22 -23 23 -25 -26 28 29 -29 -30 -31
leaf_value=0.00014408132446245699 9.3616010871644831e-05 0.00030996924179540146 0.00025937562587223289 -0.00041053813669002324 -0.00012937461987446025 -0.00046436702303327411 -0.00022241706252913173 9.7110713812009145e-05 -0.00030282743336171509 3.1770268164517477e-05 1.9438056975169817e-05 -0.0003772778017697055 1.3073787223288458e-06 -0.00010822685422960241 -0.00029988144278101552 0.00021251918403945402 0.00025615273142071712 -0.0003230341582648159 0.00021231525943892174 -1.0852656220524315e-05 -8.9867912375911664e-05 -0.00011518276175776651 1.1799778961846947e-05 -0.00011167047905610031 0.00015987555069754569 -4.3837709032185178e-05 0.00015745668332572258 -0.00013264104708634385 -0.00041728698547827657 -5.3921178556066032e-05
leaf_weight=102 291 42 94 96 1011 67 73 699 76 680 455 105 3086 1484 238 132 93 46 511 693 110 49 8933 264 221 603 400 358 45 85
leaf_count=102 291 42 94 96 1011 67 73 699 76 680 455 105 3086 1484 238 132 93 46 511 693 110 49 8933 264 221 603 400 358 45 85
internal_value=5.20291e-05 0.000362953 0.00109623 -0.00346333 -0.00580397 -0.00100857 -0.000850746 0.00408031 -0.00149291 -0.003625 -0.00319383 -0.00489237 0.000415601 -0.0041903 0.000777414 -0.00152259 -0.00523873 0.00485612 0.000985035 0.00405356 0.0088806 0.0116964 0.000611607 0.000433129 0.000608267 0.000388526 0.000736498 0.000357873 -0.00486111 0.00798969
internal_weight=21142 19424 12657 1718 1107 6767 6700 772 5928 2800 2724 2044 3128 1939 611 509 377 139 12563 1363 670 560 11200 10909 10645 10424 9776 9291 648 485
internal_count=21142 19424 12657 1718 1107 6767 6700 772 5928 2800 2724 2044 3128 1939 611 509 377 139 12563 1363 670 560 11200 10909 10645 10424 9776 9291 648 485
is_linear=0
shrinkage=0.05


Tree=25
num_leaves=31
num_cat=0
split_feature=5 6 14 16 13 16 1 15 13 10 10 10 15 12 15 16 16 13 2 12 14 12 10 12 13 13 14 12 14 15
split_gain=9.58887 7.82543 7.63675 6.68763 5.94562 8.02834 5.66115 5.53903 9.90459 10.178 10.0977 9.50156 8.46036 8.45301 7.57775 8.2887 9.72004 7.05852 7.03275 6.74575 14.5648 11.938 7.66765 7.15669 6.53649 6.32524 6.86786 8.83214 9.39618 7.68967
threshold=0.014226006654213032 0.67893167660552967 -0.073802250117532039 0.022475893036316589 30.345000267028812 -0.014334613081101065 -0.075781762792811999 0.0035294140086454821 12.434999942779543 -0.0060493292963074699 0.004568858615466743 -0.0092548931155976826 0.0085889644929960669 0.057873618969341407 0.0039217694963826774 -0.0043803615194223369 -0.0071348649024846602 21.134999275207523 -0.034795474555691645 -0.024923410474003812 0.17323568959812755 -0.0059221640754917306 0.010510737947986739 -0.030100055327360094 12.694999694824221 21.555000305175785 0.059971774713864064 0.038133523914403618 0.0091478412114857095 -0.01370888234699119
decision_type=2 2 2 2 2 2 2 2 2 2 2 2 2 2 2 2 2 2 2 2 2 2 2 2 2 2 2 2 2 2
left_child=2 4 3 -1 -2 -6 -3 19 -9 11 13 -10 -12 14 -11 16 -16 18 -14 20 23 -21 25 -4 -17 26 27 29 -29 -23
right_child=1 6 7 -5 5 -7 -8 8 9 10 12 -13 17 -15 15 24 -18 -19 -20 21 -22 22 -24 -25 -26 -27 -28 28 -30 -31
leaf_value=4.7073973363577037e-05 -1.7326559301017626e-05 -0.00039954268026500109 7.464457644741057e-05 0.00019131792323816348 -0.00030937885751249603 0.00025406339420899385 -0.00010072502911492614 0.00011357596755992707 -9.8954396086639075e-05 -0.00029906421632955744 8.0014268261958312e-05 0.0002297633684733366 0.00010546576388835091 5.7979389947845039e-05 -5.8443768790786582e-05 -0.00028276651356302918 0.00019914605671850693 -0.00046491586989833841 -6.2823543831797349e-05 -0.0001407635588056655 -0.00093524537522120363 -7.8211633497897437e-05 -0.00021512572999242158 0.00026713824213974802 -0.00010186296209338634 0.00015746409076689732 -2.7102257968322081e-05 -5.3923795839095442e-05 5.537592767902464e-05 7.2355153865761272e-05
leaf_weight=926 5401 182 628 202 41 154 1209 156 147 163 725 179 205 264 290 58 114 48 656 635 52 334 119 201 1467 194 1131 1344 464 3450
leaf_count=926 5401 182 628 202 41 154 1209 156 147 163 725 179 205 264 290 58 114 48 656 635 52 334 119 201 1467 194 1131 1344 464 3450
internal_value=0.000180945 -0.00133462 0.000929197 0.00487589 -0.000500357 0.00807692 -0.00469087 0.000587377 -0.000838551 -0.00128591 -0.00197995 0.00720859 0.00104039 -0.0040747 -0.00513862 -0.00426387 0.00210396 -0.00217272 -0.0011324 0.00133302 0.00547673 0.000857124 0.00144969 0.00708685 -0.00595082 0.00166618 0.00140934 0.00212804 -0.000746681 0.00350159
internal_weight=21139 6987 14152 1128 5596 195 1391 13024 4472 4316 3990 326 1634 2356 2092 1929 404 909 861 8552 881 7671 7036 829 1525 6917 6723 5592 1808 3784
internal_count=21139 6987 14152 1128 5596 195 1391 13024 4472 4316 3990 326 1634 2356 2092 1929 404 909 861 8552 881 7671 7036 829 1525 6917 6723 5592 1808 3784
is_linear=0
shrinkage=0.05


Tree=26
num_leaves=31
num_cat=0
split_feature=9 13 13 10 11 16 16 13 16 10 13 11 11 10 8 10 16 11 10 16 16 13 11 11 10 11 14 11 14 10
split_gain=9.89898 8.6277 10.7495 8.08201 8.45802 10.1051 8.72046 10.6906 7.72406 7.13217 10.883 9.76135 15.9439 13.571 10.9628 10.7139 7.27469 12.9177 7.34733 6.65896 14.0107 10.5627 7.39215 9.72292 13.8939 7.6878 9.46229 16.2946 10.7237 12.7122
threshold=-0.20184885531083588 13.234999656677248 13.525000095367433 -0.029463592833469218 -0.029337474403061222 -0.049651770839873925 0.0063189047301051024 20.659999847412113 0.048526925274887563 0.0056625779821857245 19.72500038146973 0.0069117178035681412 0.0049014316460139771 0.003415324016821653 0.12392284641546093 0.0019017631763441625 0.023327043261754058 0.029571955445533264 0.0077874133579277647 0.030196849518355776 0.025349368190269454 18.015000343322757 0.02573480883905466 0.048369851131751858 0.017102322993862277 -0.020171834808393903 0.031250907350716124 0.016276955956380904 -0.0067330833557224237 -0.0032013225684498488
decision_type=10 2 2 2 2 2 2 2 2 2 2 2 2 2 8 2 2 2 2 2 2 2 2 2 2 2 2 2 2 2
left_child=1 -1 -3 -2 6 -6 7 -5 19 11 16 12 13 15 -13 -4 18 -18 -11 20 22 -22 25 24 -24 -7 28 -28 29 -27
right_child=3 2 9 4 5 8 -8 -9 -10 10 -12 14 -14 -15 -16 -17 17 -19 -20 -21 21 -23 23 -25 -26 26 27 -29 -30 -31
leaf_value=-0.00034086739819909584 -0.00064885950655162389 0.0001860480094299776 -3.9385365723198758e-05 0.00025176311951854248 -0.00064680941719902991 8.2051594180212849e-05 0.0002164918661789324 -3.4689534533845212e-05 -0.00016418884728528578 0.00013888626176996639 -0.00033493559480638857 -0.00010801801899747556 0.00025532030231292639 -0.00037201843903558854 -0.00038947656887668169 0.00018823177321668685 0.00028599037764223071 -0.00017616301167584469 -3.4190962404941076e-05 5.8347661999742746e-05 -3.1468540665164411e-05 -0.00028603719691800865 0.00016010605546708161 -0.00010625016249519726 -0.00016751183629093553 0.00020840767215647715 -2.2061044522317952e-05 -0.00031706637080236268 6.5494613529176648e-05 -9.6717477101915774e-06
leaf_weight=129 94 180 1804 125 75 845 154 357 328 253 192 1029 84 142 143 137 216 90 501 1420 404 248 724 169 73 154 2796 178 2825 5259
leaf_count=129 94 180 1804 125 75 845 154 357 328 253 192 1029 84 142 143 137 216 90 501 1420 404 248 724 169 73 154 2796 178 2825 5259
internal_value=0.000194055 -0.00177551 -0.00143052 0.00078876 0.000873931 0.000642018 0.00652516 0.00321577 0.000731051 -0.00190046 0.00131789 -0.00310722 -0.00111906 -0.00198032 -0.00678328 -0.000888717 0.00330189 0.00980392 0.00066313 0.000895992 0.000557587 -0.00659509 0.000915688 0.00512422 0.00743413 0.000578502 0.000231894 -0.00218561 0.00110464 -0.000198596
internal_weight=21128 4900 4771 16228 16134 15498 636 482 15423 4591 1252 3339 2167 2083 1172 1941 1060 306 754 15095 13675 652 13023 966 797 12057 11212 2974 8238 5413
internal_count=21128 4900 4771 16228 16134 15498 636 482 15423 4591 1252 3339 2167 2083 1172 1941 1060 306 754 15095 13675 652 13023 966 797 12057 11212 2974 8238 5413
is_linear=0
shrinkage=0.05


Tree=27
num_leaves=31
num_cat=0
split_feature=6 15 15 14 11 13 13 14 11 14 11 13 10 12 13 10 10 15 13 5 11 13 15 1 11 12 13 12 13 13
split_gain=9.22183 7.86635 13.998 11.7379 9.94089 8.96767 8.03759 7.95927 12.0533 7.81643 6.47727 6.19507 7.24987 7.92869 6.69964 7.54439 12.6622 7.46585 6.73339 6.62415 6.61448 6.16741 9.762 5.68868 5.56303 14.4591 7.48473 11.3694 7.35922 8.13132
threshold=-0.35549101681799933 0.00037071655999265657 0.0011124275490039805 -0.12096344977185801 0.047360860375368914 43.015001296997077 16.345000267028812 -0.033094273980848292 -0.011129829158328551 -0.091137781806863202 -0.033420125215974254 12.325000286102297 0.012727043065882683 0.054230156972347017 24.385000228881839 -0.0060493292963074699 -0.0089994587968861266 0.0056131727020287689 13.085000038146974 0.011531887426435584 0.0081473860033931551 13.605000019073488 0.0071253365942107747 -0.010610272504223138 0.0070762794177224872 0.043947966856704664 17.914999961853031 0.039535416571109601 22.429999351501468 24.630000114440922
decision_type=2 2 2 2 2 2 2 2 2 2 2 2 2 2 2 2 2 2 2 2 2 2 2 2 2 2 2 2 2 2
left_child=10 3 6 -2 5 9 -3 8 23 -5 -1 -9 13 14 15 16 17 -13 -17 -19 -15 22 -20 -4 26 -26 27 -11 -28 -30
right_child=1 2 7 4 -6 -7 -8 11 -10 24 -12 12 -14 20 -16 18 -18 19 21 -21 -22 -23 -24 -25 25 -27 28 -29 29 -31
leaf_value=0.00018644022716512838 0.00037021693992060113 -9.7407970242081001e-06 -0.00023565918521749958 -0.00042635747373412586 -0.0003231812080402084 -0.00071529956946926327 -0.00042538629694953217 0.00019779668446464011 4.5355029540673254e-05 -7.7032976633515938e-05 2.0872800104607974e-05 7.7770835508828717e-05 -0.00049603190881473958 0.0001939896912326347 0.00011217837906430124 -0.00019262669801601713 0.00028938470293992578 8.3316799203308865e-05 0.00018247440113524635 -0.00031934432346126775 -2.2727339720009408e-05 -0.00011089165598701604 -0.0001151689976656854 -2.1821594196508829e-06 0.00011053503729606441 -5.8384819557078407e-05 8.4497982009997463e-05 0.00013694692790498306 -0.00030458693304158483 3.2117005462743665e-05
leaf_weight=159 68 136 222 100 56 73 209 62 1865 1666 8800 139 102 140 121 306 121 41 134 119 223 1937 162 191 1474 617 1090 258 132 360
leaf_count=159 68 136 222 100 56 73 209 62 1865 1666 8800 139 102 140 121 306 121 41 134 119 223 1937 162 191 1474 617 1090 258 132 360
internal_value=0.000259688 -0.000639228 -0.00187801 0.000670173 0.000429111 0.000632582 -0.0116667 -0.00130416 0.00100966 0.000855714 0.00147617 -0.00276546 -0.00303949 -0.0026503 -0.00347403 -0.00394559 0.0022619 -0.00326087 -0.00497243 -0.010625 0.00433884 -0.00401926 0.0027027 -0.00671913 0.00110327 0.00314443 -0.00011409 -0.00220894 0.00243363 -0.00264228
internal_weight=21083 12124 6230 5894 5826 5770 345 5885 2278 5697 8959 3607 3545 3443 3080 2959 420 299 2539 160 363 2233 296 413 5597 2091 3506 1924 1582 492
internal_count=21083 12124 6230 5894 5826 5770 345 5885 2278 5697 8959 3607 3545 3443 3080 2959 420 299 2539 160 363 2233 296 413 5597 2091 3506 1924 1582 492
is_linear=0
shrinkage=0.05


Tree=28
num_leaves=31
num_cat=0
split_feature=10 15 15 10 11 12 11 15 10 13 12 11 10 13 10 10 15 15 15 16 15 11 11 11 10 15 10 3 13 11
split_gain=7.86559 6.4293 16.1037 11.6514 16.3369 11.1476 10.9539 10.322 13.2314 9.73297 9.5802 15.082 10.784 16.1593 13.4252 9.1422 14.4116 18.9998 10.8879 11.1254 9.08242 9.02118 12.5286 9.56251 13.8032 11.2329 11.4977 12.4248 8.8495 8.67163
threshold=-0.029463592833469218 0.00037071655999265657 0.0014586462372143674 0.00446494553626653 -0.011693725634134232 0.0011335726897910849 -0.006050582259528702 0.024098969191727718 0.010824112764753148 17.394999504089359 0.057873618969341407 0.0081473860033931551 -0.0060493292963074699 17.695000648498539 0.0014013847331743048 0.0014914798272115395 0.0031493870934156125 0.002599066478970236 0.0065136781034580435 -0.00072126294834778937 0.019631601986655037 0.047360860375368914 0.02573480883905466 -0.020171834808393903 0.0041080829558171059 -0.0034580384089508138 -0.0067260034259559167 0.0042944415816224 17.82499980926514 0.0060643629866489199
decision_type=2 2 2 2 2 2 2 2 2 2 2 2 2 2 2 2 2 2 2 2 2 2 2 2 2 2 2 2 2 2
left_child=-1 21 9 6 -5 -6 -4 8 28 -3 12 -12 -8 15 29 16 17 -14 19 -18 -17 22 23 24 25 26 27 -2 -7 -15
right_child=1 2 3 4 5 7 10 -9 -10 -11 11 -13 13 14 -16 20 18 -19 -20 -21 -22 -23 -24 -25 -26 -27 -28 -29 -30 -31
leaf_value=-0.00064165265029122911 5.6664170680680552e-05 -2.5855905928943427e-05 5.0430275143491334e-05 -0.00012953195057318728 0.000118607901341557 2.3658590771020682e-05 0.00011928098365733545 0.00034775803200215043 -9.7546019424721913e-05 -0.00025669105202469719 0.00023946340234361357 -3.6357961524796562e-05 -0.0001060643581652236 -0.00029675560088912177 -0.00040303152885381299 1.8867640799333403e-05 8.0122192234912806e-05 0.00021474434600716834 -9.0571077076792496e-05 -0.00035120461643367611 -0.00046273663298867438 -0.00026776164325208873 0.0001512511566854858 3.0670078857091001e-06 -0.00048574669773471637 0.00026513316378584683 0.00017668065779413678 -0.000283178082375234 0.00016857518263481872 4.343509541293216e-05
leaf_weight=96 582 481 1241 579 1121 1610 231 131 737 448 183 334 232 179 307 1137 51 202 735 364 44 74 619 8235 50 146 450 112 278 205
leaf_count=96 582 481 1241 579 1121 1610 231 131 737 448 183 334 232 179 307 1137 51 202 735 364 44 74 619 8235 50 146 450 112 278 205
internal_value=0.000217043 0.000282017 -0.000567867 2.2725e-05 0.00191876 0.00308873 -0.00152893 0.00137881 0.000695238 -0.00686222 -0.00274738 0.00362669 -0.00364117 -0.00434028 -0.0111795 -0.0026311 -0.00511364 0.00264977 -0.00804348 -0.0145181 0.000698561 0.00117842 0.00130469 0.000859008 0.00477612 0.00577519 0.00410839 7.20461e-05 0.00291314 -0.00494792
internal_weight=21194 21098 10830 9901 4456 3877 5445 2756 2625 929 4204 517 3687 3456 691 2765 1584 434 1150 415 1181 10268 10194 9575 1340 1290 1144 694 1888 384
internal_count=21194 21098 10830 9901 4456 3877 5445 2756 2625 929 4204 517 3687 3456 691 2765 1584 434 1150 415 1181 10268 10194 9575 1340 1290 1144 694 1888 384
is_linear=0
shrinkage=0.05


Tree=29
num_leaves=31
num_cat=0
split_feature=4 14 11 13 16 16 13 16 15 13 14 11 15 9 0 16 13 16 11 13 13 13 11 15 11 11 11 15 14 14
split_gain=9.39883 7.5068 5.81105 9.17019 7.52639 7.33414 5.63801 15.2244 9.09415 8.45097 15.9055 7.49059 8.72557 10.5213 7.45095 7.16978 8.73988 6.83659 17.5869 6.33681 6.28132 14.6511 10.389 9.48475 7.28004 12.3588 9.59088 13.38 8.40483 8.31686
threshold=0.01837223011335588 0.23397195059943568 0.0035059532242039952 16.345000267028812 -0.017400418421487703 -0.012585287810293498 24.385000228881839 -0.014972294621050595 0.0029509628638586531 22.730000495910648 -0.12096344977185801 -0.022024026906729662 0.0095593351821248191 -0.039233141587596436 0.00099130767226340865 -0.035179433147405896 27.365000724792484 -0.041638560842605248 -0.028186654574093969 30.345000267028812 13.744999885559084 14.244999885559084 0.017370532095548511 0.023677051162612987 0.00023769852102906167 -0.0041955854167174391 0.01397341061460511 -0.0018991432237843717 0.0066946732173895915 0.052213768787031663
decision_type=2 2 2 2 2 2 2 2 2 2 2 2 2 10 2 2 2 2 2 2 2 2 2 2 2 2 2 2 2 2
left_child=2 6 3 4 -1 -6 9 15 -9 11 -11 12 17 -14 -12 16 -8 18 -2 -10 24 22 -22 -23 25 -13 28 -28 -26 -30
right_child=1 -3 -4 -5 5 -7 7 8 19 10 14 20 13 -15 -16 -17 -18 -19 -20 -21 21 23 -24 -25 26 -27 27 -29 29 -31
leaf_value=7.5847326870199995e-05 0.00018378902014440382 -0.00049243886203611826 5.1032260411435697e-05 4.504499934128389e-05 -0.00034966097436682736 -4.7932472484945193e-05 0.00011218693347140431 0.00020099186469370222 -0.00013513924271381717 0.00023500882814155534 -0.00030477007424049808 0.00017828365974094574 -0.00049996427564860993 0.00015117002838780752 -4.5793802793144902e-05 -0.00030541559860441535 -0.00030379682891396834 0.00017867005406947223 -0.00028811133151237459 0.00011295787467677801 -0.00025913078192040488 -1.3298946625728671e-05 1.7941742283758381e-05 0.00042818968665477074 0.00015076958657176607 -0.00025222129798852438 0.00017205741792307092 -8.5602210554768497e-05 -8.6406577284687405e-05 0.00028526768174682692
leaf_weight=255 195 180 3054 1269 123 799 182 411 152 76 270 88 91 57 190 174 131 384 112 104 576 9646 227 90 804 238 272 663 241 48
leaf_count=255 195 180 3054 1269 123 799 182 411 152 76 270 88 91 57 190 174 131 384 112 104 576 9646 227 90 804 238 272 663 241 48
internal_value=0.000222728 -0.000403794 0.002 0.000183974 -0.0029949 -0.00509761 -0.000285307 0.00307626 0.00798351 -0.000557191 -0.00671642 -0.000316778 0.00426103 -0.00675676 -0.0102174 -0.00364476 0.000878594 0.00662084 0.00105863 0.000585938 -0.000614675 -0.00113626 -0.00762765 -0.000600863 0.00172048 -0.00521472 0.00283531 -0.000882353 0.00601555 -0.00129758
internal_weight=21102 15602 5500 2446 1177 922 15422 1154 667 14268 536 13732 839 148 460 487 313 691 307 256 12893 10539 803 9736 2354 326 2028 935 1093 289
internal_count=21102 15602 5500 2446 1177 922 15422 1154 667 14268 536 13732 839 148 460 487 313 691 307 256 12893 10539 803 9736 2354 326 2028 935 1093 289
is_linear=0
shrinkage=0.05


Tree=30
num_leaves=31
num_cat=0
split_feature=4 6 16 16 16 15 15 15 13 12 16 16 13 13 12 12 12 13 13 11 11 15 16 15 15 15 13 9 12 12
split_gain=9.08412 6.08707 5.13441 4.5276 11.1056 9.15738 4.96894 7.51427 6.21266 4.80765 5.53726 6.51234 4.76524 8.08919 4.31831 4.60011 4.17476 4.03902 9.58803 4.13593 4.88276 4.24502 4.02296 4.46576 8.4143 3.95968 6.11515 3.90426 4.41604 7.21378
threshold=0.025674961936426089 -0.28873854844313174 -0.065169216229391022 0.030491538483337192 0.040671965546648543 0.0094803869179276318 0.00037071655999265657 0.0011124275490039805 16.345000267028812 0.057873618969341407 -0.017050990951074704 -0.015260578427375047 22.730000495910648 19.295000076293949 0.028594683923194867 0.055910594976570589 0.055910594976570589 43.015001296997077 33.719999313354499 -0.028866673855592325 -0.026323618530511902 -0.023935998278912404 -0.0087264079523660647 0.0067418207878517942 0.0020198057670154372 0.023677051162612987 15.654999732971193 -0.12580690515427981 -0.038043904409190692 -0.024923410474003812
decision_type=2 2 2 2 2 2 2 2 2 2 2 2 2 2 2 2 2 2 2 2 2 2 2 2 2 2 2 10 2 2
left_child=1 27 -3 6 -5 -6 12 8 -8 10 -9 -12 13 -4 -7 -16 -15 18 19 -2 -21 -22 23 24 -13 -23 -27 28 -1 -30
right_child=17 2 3 4 5 14 7 9 -10 -11 11 22 -14 16 15 -17 -18 -19 -20 20 21 25 -24 -25 -26 26 -28 -29 29 -31
leaf_value=-0.00027934113162257634 6.5432543245721485e-05 0.00024696158709670396 5.7165722956121266e-06 0.00015566960493260804 6.418447744731902e-05 2.7932977085219289e-05 -2.2641146260228216e-06 6.4440853055576765e-05 -0.00030540569756667556 6.2579746940019586e-05 -0.00035457265368325146 0.00021611709752552373 -6.330358238893726e-05 0.00014769717103617268 -0.00047212351009979299 -3.089211672546444e-05 -5.5591180688607519e-05 -0.00065282439872173909 0.00031334607133706076 -0.00071225055541194104 0.00014010297801555458 -6.6216468998454376e-05 -5.0324579494968966e-05 0.00014906232775516826 -0.0001423836284648844 -0.00024515727879564382 0.00051005590902442597 3.9569702719261321e-05 0.00012715612170069229 -1.1995529173140612e-05
leaf_weight=89 311 50 3334 447 216 64 100 343 149 303 78 49 291 438 114 66 68 67 94 62 94 3784 2525 179 124 46 61 5845 249 1453
leaf_count=89 311 50 3334 447 216 64 100 343 149 303 78 49 291 438 114 66 68 67 94 62 94 3784 2525 179 124 46 61 5845 249 1453
internal_value=0.000366235 0.000908049 2.23764e-05 -6.75068e-05 0.00328004 -0.00217391 -0.000447939 -0.00174026 -0.0101406 -0.0011594 -0.00171316 -0.00241117 0.000756475 0.00122396 -0.00881148 -0.0127778 0.00711462 -0.00162093 -0.00143756 -0.00177834 -0.00220534 -0.00198871 -0.00202468 0.00298295 -0.00274566 -0.00224235 0.00724299 0.00194474 -9.77108e-05 0.000470035
internal_weight=21093 16574 8938 8888 907 460 7981 3850 249 3601 3298 2955 4131 3840 244 180 506 4519 4452 4358 4047 3985 2877 352 173 3891 107 7636 1791 1702
internal_count=21093 16574 8938 8888 907 460 7981 3850 249 3601 3298 2955 4131 3840 244 180 506 4519 4452 4358 4047 3985 2877 352 173 3891 107 7636 1791 1702
is_linear=0
shrinkage=0.05


Tree=31
num_leaves=31
num_cat=0
split_feature=14 12 13 15 10 4 12 14 15 15 14 14 14 14 13 15 10 10 12 10 15 13 10 10 12 13 9 14 13 15
split_gain=9.94982 7.96875 11.4666 7.37726 7.21612 9.26182 9.16903 7.99462 7.22518 11.6256 10.7201 12.7279 7.76038 12.7202 7.53045 9.991 7.06306 6.78577 6.20978 5.96926 9.45709 8.51613 12.5916 13.4328 9.38429 8.68837 8.3257 8.70448 7.79597 7.60661
threshold=0.14228104891203866 -0.027198413534659901 19.295000076293949 -0.0081447990434662092 -0.013327781970057238 0.027257565747532381 -0.016903988497052599 -0.069744182185856193 -0.017239853024160753 -0.0068401982120017127 -0.036818887874406285 -0.030119880421319408 0.076607678117126224 0.08570124221832566 18.394999504089359 -0.0091279391932534964 -0.016935534775352808 -0.010705879931759586 0.056550523071576715 -0.0063062203231579175 -0.004892459605319476 17.195000648498539 -0.0049442003687586436 -0.004502849423341281 -0.027486551032664949 25.010000228881839 -0.037206614955624377 0.078404529959544514 17.154999732971195 -0.0064979915840560612
decision_type=2 2 2 2 2 2 2 2 2 2 2 2 2 2 2 2 2 2 2 2 2 2 2 2 2 2 10 2 2 2
left_child=4 -2 -3 16 6 7 -1 -6 17 10 -10 -12 14 -14 18 -16 -4 -9 -13 20 -11 22 -21 -24 -25 29 27 -22 -26 -23
right_child=1 2 3 -5 5 -7 -8 8 9 19 11 12 13 -15 15 -17 -18 -19 -20 21 26 25 23 24 28 -27 -28 -29 -30 -31
leaf_value=0.0001724486164442196 -0.00051637578139032507 -0.00019836642226512391 4.5065630392397391e-05 0.00016388582195719193 6.4062602600640066e-05 -6.2492046185527297e-05 -2.9447531923109706e-05 -0.00053980410936182305 0.0002716915367417047 -0.00010002754547639819 -0.00025263634877751982 6.0830191939208429e-05 -0.00045840176216708497 1.9623209267879452e-05 1.6819837826419519e-05 0.00028789202350931801 -0.00033182488081047912 -0.00010507424370395334 -0.00018839796760741474 -0.00018316238739974307 -9.8676835897339778e-05 -0.00029668170840772135 0.00033687336680065903 0.00029201138187010586 3.8447014362541805e-06 0.0001952523231043441 0.00014149175948152744 0.00022214466361853165 0.00019834073823089195 -5.4141142042009362e-05
leaf_weight=531 231 185 100 199 1763 3028 305 45 231 117 83 1410 70 205 150 203 48 498 109 300 236 43 101 117 7004 105 373 112 113 3188
leaf_count=531 231 185 100 199 1763 3028 305 45 231 117 83 1410 70 205 150 203 48 498 109 300 236 43 101 117 7004 105 373 112 113 3188
internal_value=0.000265293 -0.00534076 -0.00197368 0.00338617 0.00047456 0.000280555 0.00502392 0.000745053 0.000366232 0.00058164 0.00370784 0.00264574 0.00338845 -0.00445455 0.0045406 0.011119 -0.00506757 -0.00529466 0.00301185 -6.9862e-05 0.00399761 -0.000380549 0.000540275 0.00095092 0.000698092 -0.00248801 0.00613731 0.000574713 0.000467191 -0.002948
internal_weight=21203 763 532 347 20440 19604 836 16576 14813 14270 2461 2230 2147 275 1872 353 148 543 1519 11809 838 10971 7635 7335 7234 3336 721 348 7117 3231
internal_count=21203 763 532 347 20440 19604 836 16576 14813 14270 2461 2230 2147 275 1872 353 148 543 1519 11809 838 10971 7635 7335 7234 3336 721 348 7117 3231
is_linear=0
shrinkage=0.05


Tree=32
num_leaves=31
num_cat=0
split_feature=9 12 10 11 10 10 11 10 12 3 10 12 10 13 0 0 13 10 11 12 16 16 16 16 16 13 16 16 12 11
split_gain=7.17969 9.38913 10.7572 14.0546 11.7134 10.1883 8.9582 7.54024 9.88012 8.44609 8.8813 13.5054 8.13931 7.05804 6.85266 6.84205 6.78531 7.47851 7.4718 8.20234 6.02991 6.53932 5.65777 6.06272 5.61478 5.51674 6.43396 5.50269 5.76748 5.43541
threshold=-0.20184885531083588 0.082959740110242888 0.0056625779821857245 0.022655260909184464 0.0079281319106555576 0.003415324016821653 0.03197650803521624 0.002139856175938371 0.04102656469090827 0.0070644948803577643 -0.0012922180120633062 -0.011548252560612314 -0.0024813117634456812 14.244999885559084 0.010920662644947178 -0.027880318740727047 19.814999580383304 -0.0050236690507816087 -0.010198834089706231 0.015760986994464269 0.00071711940898155923 -0.0050654827721631759 -0.012208082007479802 -0.021811984441981343 -0.020229351010033533 30.345000267028812 -0.059469529380586354 -0.0053772644487140578 -0.0041728590088926923 0.0035059532242039952
decision_type=10 2 2 2 2 2 2 2 2 2 2 2 2 2 2 2 2 2 2 2 2 2 2 2 2 2 2 2 2 2
left_child=1 2 5 4 -4 7 -5 9 -9 10 12 -12 13 -1 15 -2 17 18 -15 -20 21 -13 23 -18 -19 26 -17 28 -14 -7
right_child=14 -3 3 6 -6 29 -8 8 -10 -11 11 20 27 16 -16 25 22 24 19 -21 -22 -23 -24 -25 -26 -27 -28 -29 -30 -31
leaf_value=-0.00018862144364141539 -0.00014455252569533632 -0.00052129811955511159 0.00011659106847515314 0.00035481271222078656 -6.6355038626014954e-05 -0.00046495354991556848 -4.7957916126449043e-05 0.00022731978050227679 -9.0968235113421747e-05 -0.0002633545759573513 -0.00048264335996557909 -3.7809776901374637e-05 -5.6968598374490278e-06 -0.00013533410491990455 -2.4819723547385669e-05 0.00026579120784626253 -7.5015050995934539e-05 0.0003484702587151928 0.00018874805136958689 -9.4503436859442067e-05 -0.0001573654919749792 0.00014010908902939919 7.1269656041400659e-05 -0.00068863508747204994 6.4703263594253528e-05 0.0002114908027214769 1.8016894945053867e-05 -1.6444340538588136e-05 0.00031962957349566912 -0.00011965632495571734
leaf_weight=236 505 82 336 218 656 135 74 137 87 217 183 243 59 192 3378 70 212 88 220 206 305 99 93 93 197 155 12091 106 140 266
leaf_count=236 505 82 336 218 656 135 74 137 87 217 183 243 59 192 3378 70 212 88 220 206 305 99 93 93 197 155 12091 106 140 266
internal_value=0.000164856 -0.00151639 -0.00122968 0.00268692 -0.00015121 -0.00266079 0.0123288 -0.00169451 0.00714286 -0.00237972 -0.00160928 -0.00590361 0.000325733 -0.00115485 0.000671338 0.0011992 0.00028824 0.00268549 -0.000404531 0.00328638 -0.00251159 0.00204678 -0.00515075 -0.00844262 0.00938596 0.0014331 0.00131363 0.00778689 0.0126884 -0.0101621
internal_weight=21079 4880 4798 1284 992 3514 292 3113 224 2889 2672 830 1842 1537 16199 12821 1301 903 618 426 647 342 398 305 285 12316 12161 305 199 401
internal_count=21079 4880 4798 1284 992 3514 292 3113 224 2889 2672 830 1842 1537 16199 12821 1301 903 618 426 647 342 398 305 285 12316 12161 305 199 401
is_linear=0
shrinkage=0.05


Tree=33
num_leaves=31
num_cat=0
split_feature=9 12 12 11 11 15 15 14 16 15 13 13 10 14 11 14 12 16 16 11 11 15 15 14 14 13 14 14 15 15
split_gain=9.18641 8.33299 10.5366 13.7882 8.51701 7.93083 7.9117 10.6579 14.6293 9.95757 10.186 13.2646 12.0407 9.27732 9.20438 9.11726 12.3783 8.57164 21.7383 9.84134 10.0477 17.2891 16.5462 12.0589 11.5789 11.0265 9.54815 9.48952 12.7001 8.52363
threshold=-0.20184885531083588 -0.038043904409190692 -0.024923410474003812 -0.019621569956091153 -0.026323618530511902 0.023677051162612987 0.00037071655999265657 -0.033937801347731548 0.053297816688449469 0.0014586462372143674 17.394999504089359 17.494999885559086 0.0095076227407933107 -0.030906714022271572 0.047360860375368914 -0.069744182185856193 0.038133523914403618 -0.0040648992359456617 -0.0053772644487140578 0.013034509173491029 -0.00474984544861523 -0.0094313616151139295 -0.010443153659472125 0.018287022450050875 0.00619378828642947 18.595000267028812 -0.033937801347731548 -0.01909405816599757 -0.01370888234699119 0.0007814779604464751
decision_type=10 2 2 2 2 2 2 2 2 2 2 2 2 2 2 2 2 2 2 2 2 2 2 2 2 2 2 2 2 2
left_child=1 4 3 -3 -1 -4 14 8 9 -8 12 -12 -11 -9 17 -13 -17 18 19 20 21 22 26 24 -23 -22 -2 -21 -29 -15
right_child=6 2 5 -5 -6 -7 7 13 -10 10 11 15 -14 29 -16 16 -18 -19 -20 27 25 23 -24 -25 -26 -27 -28 28 -30 -31
leaf_value=5.7668086303404179e-05 0.0003079458965887503 -0.00019727863076869157 -4.0365932722599613e-05 0.00017916629952953214 -0.00034197494207395421 0.00026020864350059179 -0.00013257134863001565 -0.0002431443548777496 -0.00055484434426727027 0.00014279456429878418 -0.00037698313164738468 7.6399633796374824e-05 3.4807475087411669e-06 -0.00016123547163033071 -0.00026414460572892401 -0.00018555820974395528 0.00021509352573335444 6.382231441638209e-05 -0.00066499133196370433 -0.00010008535246942932 -1.6752015644913707e-05 6.4969738415480557e-05 -0.00041227782607672038 0.00021530733685602615 -0.00022235756496604732 -0.00018293171276435508 -2.5947457355712195e-05 -0.00051801918362850844 0.0002417352832907758 -1.1471504336725037e-05
leaf_weight=126 78 90 3863 447 343 80 203 125 75 1012 75 682 571 326 74 393 76 3675 103 101 1625 301 121 498 48 179 609 46 330 4949
leaf_count=126 78 90 3863 447 343 80 203 125 75 1012 75 682 571 326 74 393 76 3675 103 101 1625 301 121 498 48 179 609 46 330 4949
internal_value=0.000285055 -0.00160133 -0.0009375 0.00563315 -0.00794243 -0.00183236 0.000858679 -0.000197361 0.0021461 0.00268924 0.00346209 4.0783e-05 0.00611181 -0.00153704 0.0020095 0.00136838 -0.00399787 0.00217786 0.000588017 0.0011814 0.000252963 0.00306647 -0.00216584 0.00805785 0.000931232 -0.00232816 0.000836972 0.00791405 0.0115691 -0.00121801
internal_weight=21224 4949 4480 537 469 3943 16275 8487 3087 3012 2809 1226 1583 5400 7788 1151 469 7714 4039 3936 3459 1655 808 847 349 1804 687 477 376 5275
internal_count=21224 4949 4480 537 469 3943 16275 8487 3087 3012 2809 1226 1583 5400 7788 1151 469 7714 4039 3936 3459 1655 808 847 349 1804 687 477 376 5275
is_linear=0
shrinkage=0.05


Tree=34
num_leaves=31
num_cat=0
split_feature=13 13 14 12 13 14 5 10 14 13 15 12 16 15 2 15 13 10 13 10 11 11 14 10 11 13 12 11 14 15
split_gain=6.49087 9.89571 6.18491 10.2148 10.3968 6.75914 5.956 6.93431 6.78912 12.0733 12.0404 5.82243 5.79492 5.62672 5.14992 5.00578 11.6311 7.12138 10.661 12.7335 7.28258 6.69246 9.21935 6.05893 5.73483 5.16887 4.86157 4.79916 7.16502 6.01369
threshold=43.015001296997077 33.719999313354499 0.14228104891203866 -0.027198413534659901 17.530000686645511 0.15436855290822041 0.012802385906855465 -0.014256563971479506 0.059971774713864064 16.125000000000004 -0.0081447990434662092 0.026461496943730015 0.021723995626602547 -0.0079938367293095319 0.068357567512656772 -0.0054307343272703137 17.860000610351566 0.0043826671813969051 17.164999961853031 -0.0040208105245407846 -0.020756014565235011 0.0021655694557776166 -0.042837654521053752 0.0052648520275683239 1.0000000180025095e-35 18.625000000000004 -0.016903988497052599 0.020527358618941841 -0.0043060965648996632 -0.0051502967370321553
decision_type=2 2 2 2 2 2 2 2 2 2 2 2 2 2 2 2 2 2 2 2 2 2 2 2 2 2 2 2 2 2
left_child=1 2 6 -4 -5 -6 8 26 15 10 11 -10 -12 -11 -15 16 21 18 27 25 -21 22 -1 -19 -24 -20 -8 29 -29 -17
right_child=-2 -3 3 4 5 -7 7 -9 9 13 12 -13 -14 14 -16 17 -18 23 19 20 -22 -23 24 -25 -26 -27 -28 28 -30 -31
leaf_value=0.00014454621515839003 -0.00062924712521794744 0.00030385537946816399 -0.00067179533410627052 -0.00063554967835676367 -0.00014116714997831786 7.4184189283327707e-05 0.00020736604618608833 -1.4876022907058147e-05 -4.3028939368267974e-05 -9.2212349037782391e-05 -0.00039095695380136555 0.00026728783732171723 6.4888178511038599e-05 8.344782932295184e-05 -0.00012693093717207807 0.00025732017989067685 0.00019153295185715655 0.00015967325407128716 -5.9144646878779317e-05 0.00011527252540662094 -0.00018263835166668736 6.1734992710461755e-05 -4.469627530344035e-05 3.2962543038262802e-05 -0.0003328071696516796 0.0001712807232334485 -9.8334952528623181e-05 6.7067384146480771e-06 -0.00019343915347577311 1.8957058873268285e-05
leaf_weight=78 76 105 157 57 74 413 262 10442 99 279 330 72 40 386 74 47 396 291 94 47 719 799 325 2343 72 159 78 193 112 2544
leaf_count=78 76 105 157 57 74 413 262 10442 99 279 330 72 40 386 74 47 396 291 94 47 719 799 325 2343 72 159 78 193 112 2544
internal_value=0.000112224 0.000164793 8.81708e-05 -0.00452924 -0.00128676 0.00107803 0.000247769 -0.000556483 0.00116065 -0.00222656 -0.00790203 0.00307018 -0.012973 0.00192828 0.00532609 0.00168816 0.00413174 0.00106505 -0.000287356 -0.00468597 -0.00789817 0.00180534 -0.00289474 0.00307517 -0.00598237 0.00503953 0.00647059 0.00126036 -0.00467213 0.0019587
internal_weight=21163 21087 20982 701 544 487 20281 10782 9499 1280 541 171 370 739 460 8219 1670 6549 3915 1019 766 1274 475 2634 397 253 340 2896 305 2591
internal_count=21163 21087 20982 701 544 487 20281 10782 9499 1280 541 171 370 739 460 8219 1670 6549 3915 1019 766 1274 475 2634 397 253 340 2896 305 2591
is_linear=0
shrinkage=0.05


Tree=35
num_leaves=31
num_cat=0
split_feature=4 6 10 14 10 11 11 9 14 11 14 11 11 12 1 9 12 10 10 11 9 10 13 3 11 11 11 12 9 11
split_gain=8.91249 6.56743 6.80285 5.55263 5.83347 7.99183 5.63593 5.33594 5.8968 5.0715 6.57778 5.30923 6.72209 5.82329 4.79532 4.73136 4.70364 8.85158 21.7363 8.35938 6.12985 6.7122 5.26324 4.82116 4.74947 4.64858 7.09759 4.74388 4.62387 4.96031
threshold=0.018471173982540567 0.29452321054834052 -0.029463592833469218 0.048234950984074383 -0.0063062203231579175 -0.0080581821115131552 0.0049014316460139771 -0.1838008872796584 0.13518549268873961 -0.021243807178240256 0.16071726291299396 0.02573480883905466 0.028003232862589215 -0.0093119022308690274 -0.075781762792811999 -0.092039051705591665 -0.0059221640754917306 0.0063549452815370175 -0.0024813117634456812 0.015047056175498954 0.01027068728137104 -0.0077272897241722474 17.945000648498539 -0.00041735463507702736 1.0000000180025095e-35 -0.0093898338584641455 -0.003308881386918205 -0.024923410474003812 0.0080071292870237416 -0.014686675718860785
decision_type=2 2 2 2 2 2 2 10 2 2 2 2 2 2 2 10 2 2 2 2 8 2 2 2 2 2 2 2 8 2
left_child=3 9 -3 -1 7 -6 -7 -5 -9 -2 11 16 -13 -14 -4 -15 17 18 19 28 21 -18 -23 -20 -25 -19 -27 -28 29 -11
right_child=1 2 14 4 5 6 -8 8 -10 10 -12 12 13 15 -16 -17 20 25 23 -21 -22 22 -24 24 -26 26 27 -29 -30 -31
leaf_value=3.5466540245954542e-05 6.7206715917985654e-05 -0.00076755770295474377 -0.00024243699808135859 -0.00014469549927056385 0.00025334723556485664 -0.00019828692608747663 -1.0887206366994679e-05 0.00012461415298372836 -5.7311628121527854e-05 0.00023489398124408399 -0.00045039174739040826 0.00030183836983798458 0.00011578641893954753 -0.00013354301874608744 -3.0279795271052729e-05 2.4831725833217823e-05 0.00019472326704199436 -0.0001413288826121979 -0.00046728175581289784 -0.00033360571829798365 -1.9452911373860117e-05 3.9663910924926835e-05 -7.2836890170196661e-05 -5.4838142101464736e-05 -0.00037765190837777876 0.00024197114900053525 -1.9682665791231946e-05 0.00012432189461946829 0.0001052117694587837 -0.00013011178069196355
leaf_weight=4668 1014 65 249 131 64 230 183 244 162 55 110 177 273 248 4326 665 196 176 278 68 3931 1953 429 169 133 61 238 126 361 168
leaf_count=4668 1014 65 249 131 64 230 183 244 162 55 110 177 273 248 4326 665 196 176 278 68 3931 1953 429 169 133 61 238 126 361 168
internal_value=0.000180843 -0.000441205 -0.00201509 0.00187434 -0.00147929 -0.00550314 -0.00805085 0.00209497 0.00492611 0.00023317 -0.00011462 2.31839e-05 0.00291636 0.00155987 -0.00178689 -0.000355969 -0.000449532 -0.00268685 -0.00511364 0.00115031 0.000180519 0.00207525 0.00134341 -0.0121552 -0.00778146 0.00228785 0.00511765 0.00247253 0.00308219 -0.00257848
internal_weight=21151 15469 4640 5682 1014 477 413 537 406 10829 9815 9705 1363 1186 4575 913 8342 1833 1232 652 6509 2578 2382 580 302 601 425 364 584 223
internal_count=21151 15469 4640 5682 1014 477 413 537 406 10829 9815 9705 1363 1186 4575 913 8342 1833 1232 652 6509 2578 2382 580 302 601 425 364 584 223
is_linear=0
shrinkage=0.05


Tree=36
num_leaves=31
num_cat=0
split_feature=4 14 12 14 12 11 11 13 15 13 11 13 13 11 12 12 5 12 13 10 13 11 13 15 15 11 3 6 11 10
split_gain=5.82114 5.63223 6.37977 4.333 7.37587 4.26473 8.7416 6.82646 6.42639 5.55523 6.60583 7.07036 7.0279 5.88274 5.47453 5.4405 4.91301 4.9012 6.32488 4.83447 8.74502 6.56089 5.41085 4.49988 6.53382 6.05167 4.83297 5.01145 4.3465 4.53649
threshold=0.019644607673848225 0.23397195059943568 -0.007281546892151213 -0.073802250117532039 0.04760809957201418 0.0035059532242039952 -0.006050582259528702 15.355000019073488 0.01260209799725809 18.904999732971195 0.006555889816587058 17.945000648498539 16.469999313354496 0.010672166565218634 0.040854106099518013 0.019647566703835165 0.0099473628855693205 0.0066896408709551389 15.375000000000002 0.00074647751592549227 15.875000000000002 -0.0048868737012288657 18.82499980926514 -0.0093483380074446103 -0.0024067027467519759 -0.009514382070587744 -0.0038034420540465903 -0.49215690890819314 0.002577635332758899 -0.0040208105245407846
decision_type=2 2 2 2 2 2 2 2 2 2 2 2 2 2 2 2 2 2 2 2 2 2 2 2 2 2 2 2 2 2
left_child=3 -2 -3 4 -1 6 17 -7 19 10 -9 12 -12 -11 -15 -13 -14 18 -5 20 21 -8 -22 -20 -25 26 -26 -28 29 -23
right_child=1 2 -4 5 -6 7 8 9 -10 13 11 15 16 14 -16 -17 -18 -19 23 -21 22 28 -24 24 25 -27 27 -29 -30 -31
leaf_value=8.6874536123472421e-05 -4.8077331117120804e-06 -0.00078302897935342568 0.00014505720987054022 -0.00012843671132354727 -0.00028315013526863752 5.4795637309063792e-05 0.00014830382898575051 8.5523472265615789e-05 -0.00033055673355931732 -5.0922178865329203e-05 -8.9801654737558579e-05 4.9714317165076421e-05 8.3063881290736176e-05 0.00018316050676018679 -6.1792218156674333e-05 -0.00028286814714154258 -2.747028037731114e-06 8.6746280643323955e-05 -0.00012895620418732889 1.8958204748713424e-05 5.149993139710483e-05 -0.00017177786535043564 -0.00012915596453849684 0.00013111397024409357 -0.00032720176083690384 -0.00041730376510499563 0.00023779813925139167 2.826592441299693e-05 2.816956972838433e-05 -0.00029298149307941827
leaf_weight=479 13364 113 45 174 58 1919 51 361 83 86 544 42 166 163 46 162 414 617 209 533 329 210 106 223 44 61 72 198 49 218
leaf_count=479 13364 113 45 174 58 1919 51 361 83 86 544 42 166 163 46 162 414 617 209 533 329 210 106 223 44 61 72 198 49 218
internal_value=0.000197502 -0.000425233 -0.00981013 0.00130301 0.00563315 0.000974576 -0.000385584 0.00208173 -0.00302407 2.52016e-05 -0.00108052 -0.00271084 -0.00115658 0.00635593 0.0108852 -0.0112745 0.00267241 0.00222153 2.54842e-05 -0.00227273 -0.00438733 -0.00871212 0.000862069 0.00188971 0.00409699 6.66667e-05 0.00286624 0.00537037 -0.0105346 -0.0121495
internal_weight=21139 13522 158 7617 537 7080 3177 3903 1579 1984 1689 1328 1124 295 209 204 580 1598 981 1496 963 528 435 807 598 375 314 270 477 428
internal_count=21139 13522 158 7617 537 7080 3177 3903 1579 1984 1689 1328 1124 295 209 204 580 1598 981 1496 963 528 435 807 598 375 314 270 477 428
is_linear=0
shrinkage=0.05


Tree=37
num_leaves=31
num_cat=0
split_feature=4 16 15 11 12 12 3 13 12 13 13 14 14 12 13 15 16 16 13 3 16 13 13 16 12 16 3 15 12 15
split_gain=7.10757 6.12912 10.5869 7.22619 8.55983 11.0029 5.44868 5.29866 5.15398 7.29619 7.88732 5.9434 6.66048 6.73637 6.61085 6.27447 5.1521 5.05371 4.84423 5.63726 5.57181 9.81552 10.3901 9.39545 11.9354 11.0405 8.99145 7.11178 8.76125 8.67311
threshold=0.016986395171764698 0.048526925274887563 0.015770363881067121 0.02573480883905466 0.082959740110242888 0.092854768976221705 0.0022177017882675236 43.015001296997077 -0.023938025174318197 16.285000801086429 16.550000190734867 0.009860755526874045 -0.0015377949631008578 0.0027925929369287954 15.194999694824221 -0.00053173822290403228 0.030921067227066893 0.023869769092076169 33.719999313354499 -0.016436411343209608 -0.0102804034627455 24.385000228881839 21.134999275207523 -0.012764586903950713 0.028594683923194867 -0.013391853433803889 -0.0011164141481305177 0.012704129411166278 -0.018675976456826889 0.01260209799725809
decision_type=2 2 2 2 2 2 2 2 2 2 2 2 2 2 2 2 2 2 2 2 2 2 2 2 2 2 2 2 2 2
left_child=16 3 6 7 8 -6 -3 18 -5 11 -11 12 13 -10 15 -15 17 -1 19 -2 23 22 -22 25 -25 27 -24 29 -29 -21
right_child=1 2 -4 4 5 -7 -8 -9 9 10 -12 -13 -14 14 -16 -17 -18 -19 -20 20 21 -23 26 24 -26 -27 -28 28 -30 -31
leaf_value=4.0244400013592091e-05 -0.00016010796873001536 -0.00012918219636568192 -0.00041527864855122319 0.00015539667210270449 -0.00045647427593107075 0.00017260785034553885 0.00013194676565127613 -0.0005245036063270186 -3.5873460971494422e-05 -0.00043332631925978196 6.8740744628750882e-06 0.00029585716355513651 -9.3638225092906012e-05 0.00026021036870586215 0.00059453701610551267 3.5182076241377459e-05 9.4706618963852785e-05 -7.6900493191645698e-05 0.00024169474494839909 2.6626651595369324e-06 -1.4072050746517579e-05 0.00011608693104254425 -0.0003772168816886471 0.0001457831743778591 -8.7090830074413889e-05 -0.00058553832878774196 -3.9128467091803341e-05 0.00031758990578612125 4.3592713013947867e-06 -0.00050970581123053929
leaf_weight=2719 341 158 155 254 113 75 117 78 127 61 502 120 103 114 69 234 265 247 80 3927 9044 317 287 626 217 122 349 101 150 49
leaf_count=2719 341 158 155 254 113 75 117 78 127 61 502 120 103 114 69 234 265 247 80 3927 9044 317 287 626 217 122 349 101 150 49
internal_value=0.000124284 -0.000265511 -0.00616279 -0.000120275 0.00290632 -0.00718085 -0.000272727 -0.000462137 0.00410354 0.00285714 -0.00146536 0.00602999 0.00413447 0.00634191 0.00941247 0.0066092 0.00228258 0.00168577 -0.000397181 -0.000460399 -0.000317664 -0.0010078 -0.00129132 0.00101117 0.00584223 7.47298e-05 -0.00746855 0.000502721 0.00866534 -1.25755e-05
internal_weight=21121 17890 430 17460 1772 188 275 15688 1584 1330 563 767 647 544 417 348 3231 2966 15610 15530 15189 9997 9680 5192 843 4349 636 4227 251 3976
internal_count=21121 17890 430 17460 1772 188 275 15688 1584 1330 563 767 647 544 417 348 3231 2966 15610 15530 15189 9997 9680 5192 843 4349 636 4227 251 3976
is_linear=0
shrinkage=0.05


Tree=38
num_leaves=31
num_cat=0
split_feature=6 14 15 16 16 13 12 15 11 11 13 14 11 13 14 1 2 10 15 13 16 13 12 10 10 13 1 4 9 10
split_gain=7.34973 6.19387 9.72391 7.26201 11.7986 5.98157 6.32998 5.82888 7.56465 5.85197 6.16133 9.51896 8.03592 5.77171 5.75701 5.36343 5.26164 5.79459 5.24566 6.45191 5.66946 6.07156 8.93202 5.32261 5.88154 5.40793 4.91169 4.7095 4.64946 6.93898
threshold=-0.35549101681799933 -0.036136320679139293 0.00037071655999265657 0.048526925274887563 0.030196849518355776 13.305000305175783 0.048152369041769456 -0.0066255689902053874 -0.0093898338584641455 0.0049014316460139771 16.164999961853031 -0.10344834121785244 0.014627027210111112 13.554999828338625 -0.096084571305829466 0.035453752868292228 0.001485200683699728 0.011081127961662387 0.0011124275490039805 16.345000267028812 -0.020494718567347355 23.770000457763675 -0.03685301683685837 -0.0067260034259559167 -0.0080075928939195556 12.325000286102297 -0.015812053558256708 0.019794088230253158 -0.098860546726651385 0.010655378584307098
decision_type=2 2 2 2 2 2 2 2 2 2 2 2 2 2 2 2 2 2 2 2 2 2 2 2 2 2 2 2 10 2
left_child=15 3 5 4 7 6 -3 26 16 13 14 -12 -13 -10 -11 28 -9 -18 19 -4 -20 22 -22 24 -24 -25 -2 -27 -1 -30
right_child=1 2 18 -5 -6 -7 -8 8 9 10 11 12 -14 -15 -16 -17 17 -19 20 -21 21 -23 23 25 -26 27 -28 -29 29 -31
leaf_value=-2.5818586853066079e-06 0.00021708690034724816 0.00012982889001699252 -2.2001085018910758e-06 -0.00033430585910951906 0.00013101190137751123 -8.5384256295503257e-06 -0.0001465576526745417 -0.00020505003353556736 -0.00014844638968991618 0.00035637423084776198 -0.00042024523018359774 -0.00012309816548165074 0.00010228498116369522 0.00010002669784964415 1.6885874338087251e-05 -4.4265438002629477e-05 -0.00010063753728729829 0.00011938052920236688 7.7212657515513382e-05 -0.00029636147869892808 -0.0004157840179324751 0.00013060054246404355 3.2586179500307229e-06 0.00012795629383032431 0.00030652790417059242 -3.8004600401900842e-05 -7.2443136345167955e-06 -0.00011609729717187691 4.8814848492292117e-05 -6.0927493415005239e-05
leaf_weight=2540 175 350 112 69 384 4350 80 344 77 49 124 240 225 626 625 922 165 78 236 188 91 109 279 70 46 1298 123 1644 5273 341
leaf_count=2540 175 350 112 69 384 4350 80 344 77 49 124 240 225 626 625 922 165 78 236 188 91 109 279 70 46 1298 123 1644 5273 341
internal_value=0.000151886 -0.000651888 -0.00134135 0.00119552 0.00153787 0.000188285 0.00581395 0.000429674 -0.000342734 0.00114446 -0.000890736 -0.00462649 -0.00134409 0.00480085 0.00237389 0.00122851 -0.00532368 0.000308642 -0.00313651 -0.0095 -0.00263053 -0.00313118 -0.00350058 -0.00307911 0.003 -0.00373506 0.00704698 -0.00406186 0.00163723 0.00244033
internal_weight=21233 12157 8853 3304 3235 4780 430 2851 2553 1966 1263 589 465 703 674 9076 587 243 4073 300 3773 3537 3428 3337 325 3012 298 2942 8154 5614
internal_count=21233 12157 8853 3304 3235 4780 430 2851 2553 1966 1263 589 465 703 674 9076 587 243 4073 300 3773 3537 3428 3337 325 3012 298 2942 8154 5614
is_linear=0
shrinkage=0.05


Tree=39
num_leaves=31
num_cat=0
split_feature=4 14 14 14 6 2 9 10 10 10 9 14 10 3 9 10 10 10 0 10 12 13 13 12 13 11 5 12 12 14
split_gain=6.68217 7.90548 6.01656 8.40378 5.79065 5.73141 6.19678 5.01287 4.95414 4.90068 5.75185 4.88556 4.38743 4.07189 3.98206 5.20134 5.21124 3.94367 3.91965 3.85878 3.7705 3.5963 4.90541 3.89022 3.46436 8.51882 4.32648 3.45484 3.4366 4.41178
threshold=0.026532384277160041 -0.069744182185856193 -0.098691693357393515 -0.12096344977185801 -0.28873854844313174 -0.036152047082358245 0.065617237706401946 0.0077874133579277647 0.0090796012734996063 0.009370850882597594 0.339821246860254 -0.061929277885563232 0.027542831641926283 -0.0020553267677801408 -0.075686480550410204 0.0057641825485008633 0.0027897617515871835 -0.029463592833469218 -0.056744179468996063 0.0085213426073622606 -0.018266326902635351 17.615000724792484 15.654999732971193 0.013959739003271522 29.835000038146976 -0.055970662091911087 0.020136633855887338 0.034436834161626247 -0.022997185287748575 0.048234950984074383
decision_type=2 2 2 2 2 2 8 2 2 2 8 2 2 2 10 2 2 2 2 2 2 2 2 2 2 2 2 2 2 2
left_child=1 2 3 5 11 -1 -7 -4 19 -10 20 13 18 -3 15 16 -13 -6 -2 -9 -11 22 -22 -23 26 -26 -20 -15 -16 -30
right_child=12 4 7 -5 17 6 -8 8 9 10 -12 14 -14 27 28 -17 -18 -19 24 -21 21 23 -24 -25 25 -27 -28 -29 29 -31
leaf_value=0.00015001818494631689 -0.00071413613099568043 -0.00033046952666266547 0.00013095337926173216 -9.3812961671882781e-05 -0.00052498211915796226 -7.2875977898307154e-05 0.00010595689725138494 5.1841362911952355e-05 0.00030137069142499232 -0.00010774017952779285 0.0002364960414519498 -6.1377615123868123e-07 -0.00083184075909185093 7.4557835283793451e-05 9.4765554213046418e-05 7.7456849626764354e-05 -0.00012130645351337497 -9.5697643360011169e-06 -1.3135221917664553e-05 -0.00030978500780264381 2.3605325095722415e-05 7.7568416668826829e-05 0.00036042878944624344 -0.00013004251697147032 -0.00046502301457685812 0.00017067411278972599 -0.00015240844987112948 -0.00018778458030007088 4.2287470037128804e-05 -2.6036635712498707e-05
leaf_weight=158 63 62 275 270 49 178 161 55 42 60 74 1556 45 85 359 338 323 8340 2640 57 111 43 111 66 58 217 889 70 3539 844
leaf_count=158 63 62 275 270 49 178 161 55 42 60 74 1556 45 85 359 338 323 8340 2640 57 111 43 111 66 58 217 889 70 3539 844
internal_value=0.000165579 0.000589226 0.00386815 0.000619296 0.000239319 0.00447686 0.000811209 0.00665548 0.00415994 0.00626233 0.00478495 0.00128205 -0.0016999 -0.00610599 0.00151243 -0.000236806 -0.00126397 -0.00065264 -0.00151927 -0.00535714 0.00236573 0.00445619 0.00810811 -0.00298165 -0.00131441 0.00409091 -0.00173562 -0.00177419 0.00233024 0.00194501
internal_weight=21138 17226 1661 767 15565 497 339 894 619 507 465 7176 3912 217 6959 2217 1879 8389 3867 112 391 331 222 109 3804 275 3529 155 4742 4383
internal_count=21138 17226 1661 767 15565 497 339 894 619 507 465 7176 3912 217 6959 2217 1879 8389 3867 112 391 331 222 109 3804 275 3529 155 4742 4383
is_linear=0
shrinkage=0.05


Tree=40
num_leaves=31
num_cat=0
split_feature=14 10 14 13 15 10 8 10 15 11 14 11 12 11 13 14 10 11 12 13 11 10 11 14 10 12 10 14 9 14
split_gain=5.84651 11.7369 9.98999 9.27083 14.7523 15.5142 8.49544 9.27322 10.9365 10.5613 12.157 9.54037 11.5276 9.24968 8.89922 8.63662 8.31653 11.3911 8.16938 8.96247 15.4668 7.92294 7.75752 9.67308 7.38862 7.34595 7.43759 6.8454 6.82739 6.72535
threshold=-0.036818887874406285 -0.0038583192426028807 -0.030906714022271572 20.335000038146976 -0.0078591589944712031 0.0054892456255208897 -0.076196530973349205 0.0094657292137089195 -1.0000000180025095e-35 0.012763459668046597 0.027028120883943799 0.01199540999330473 0.042111108059458398 0.01199540999330473 23.770000457763675 0.016378333086022993 0.010510737947986739 0.023193318891049478 0.04102656469090827 13.605000019073488 0.0036681526021306037 0.00048355916176134889 0.021985340636656584 -0.0092544987085180757 0.00446494553626653 0.027082991188188469 -0.0014990183245182085 -0.037983330078441173 0.091318734671247084 -0.033094273980848292
decision_type=2 2 2 2 2 2 10 2 2 2 2 2 2 2 2 2 2 2 2 2 2 2 2 2 2 2 2 2 10 2
left_child=1 -1 28 27 -5 -6 -4 8 9 13 15 12 18 -8 -13 22 -9 -18 19 20 21 -10 -11 -24 -14 26 -12 -3 29 -2
right_child=2 3 6 4 5 -7 7 16 11 10 25 14 24 -15 -16 -17 17 -19 -20 -21 -22 -23 23 -25 -26 -27 -28 -29 -30 -31
leaf_value=-0.00050118545668154004 -6.5917513753286589e-05 4.083137142192348e-05 -8.3382993196420149e-05 0.00033554489305031286 -0.00033982742839964791 -1.5106111843623551e-05 1.3830562464204732e-05 0.00020115906964850963 -0.00056546147854708787 0.00015459923459970718 -0.00010625113061262003 -8.7974814636871722e-05 0.00011306380260307997 -0.00038670044773658156 0.00013582511572281412 0.0002768259464342197 -0.00050423266416035981 9.9780433442526551e-05 -0.00043000722726607037 -3.3792898780906672e-05 0.00029591673398978493 4.6137955328959517e-05 0.00014209516748203477 -0.00012279106664216197 -0.00011791142172968865 -0.00020532420703310442 0.00017093854378096148 0.00012881318626609633 3.9567866284486456e-05 -0.00024986742721217679
leaf_weight=55 414 4180 1711 79 230 830 4921 236 47 673 81 1791 607 106 136 146 46 141 51 2860 190 74 218 238 111 165 123 227 172 174
leaf_count=55 414 4180 1711 79 230 830 4921 236 47 673 81 1791 607 106 136 146 46 141 51 2860 190 74 218 238 111 165 123 227 172 174
internal_value=0.000236533 0.00162025 -0.000265682 0.00184818 -0.00217296 -0.00372642 2.3855e-05 0.000460998 0.000215345 0.00160021 0.00507908 -0.0013593 5.07614e-05 0.000462502 -0.00424235 0.00739216 0.00774232 -0.00013369 -0.00122595 -0.000906654 0.00715434 -0.00681818 0.00591231 0.000877193 0.00577994 -0.00291328 0.00343137 0.00288745 -0.00585526 -0.00841837
internal_weight=21033 5601 15432 5546 1139 1060 14672 12961 12538 6671 1644 5867 3940 5027 1927 1275 423 187 3222 3171 311 121 1129 456 718 369 204 4407 760 588
internal_count=21033 5601 15432 5546 1139 1060 14672 12961 12538 6671 1644 5867 3940 5027 1927 1275 423 187 3222 3171 311 121 1129 456 718 369 204 4407 760 588
is_linear=0
shrinkage=0.05


Tree=41
num_leaves=31
num_cat=0
split_feature=4 14 16 15 2 15 15 16 16 11 14 16 16 13 16 9 16 15 14 13 15 12 11 15 16 14 11 16 13 15
split_gain=6.07976 6.1476 6.07053 5.43127 7.96691 7.27577 4.96981 4.78253 11.8463 14.855 9.83434 9.63723 9.42198 8.63691 8.14371 8.468 8.07734 7.87981 7.81231 7.17849 6.40552 7.92173 6.3624 9.68331 13.9009 14.5427 11.521 10.7998 14.7924 9.39533
threshold=0.027808100919082774 -0.069744182185856193 0.013309233196077909 0.008860739873546743 0.018755817798783107 0.016365450761975823 -0.0032197378633876945 -0.0067367633357558456 -0.0040648992359456617 0.016138382759851803 0.14228104891203866 -0.0048286455632493 -0.0031840250581080527 23.770000457763675 -0.0050654827721631759 0.062998108952103796 -0.030213576281007123 -0.020664839774751972 -0.066405515647089006 22.730000495910648 0.0046821760438289237 -0.036045899235514094 -0.0070947628288289813 -0.0069344839376352932 -0.012701682534493995 0.079615825148664734 0.00053831818388905283 -0.013391853433803889 16.164999961853031 0.012704129411166278
decision_type=2 2 2 2 2 2 2 2 2 2 2 2 2 2 2 8 2 2 2 2 2 2 2 2 2 2 2 2 2 2
left_child=1 2 3 4 -1 -5 -2 10 9 11 22 14 -10 17 15 -9 -12 -14 -19 20 -20 -22 29 26 25 -25 -24 -28 -29 -3
right_child=6 7 -4 5 -6 -7 -8 8 12 -11 16 -13 13 -15 -16 -17 -18 18 19 -21 21 -23 23 24 -26 -27 27 28 -30 -31
leaf_value=0.00010441627967928968 1.844232489520816e-05 4.9479604229217874e-05 0.00010850291371430062 -0.00019378849389477352 -4.3706476322941679e-05 2.9904756268519942e-05 -8.7330400999642745e-05 -6.7149732670821654e-06 0.00018050638143758408 0.00037233133218999973 4.0022002872461616e-06 -0.00033336634470136736 -0.00029677655490718472 0.00013397789343961081 5.8837123715658248e-05 -0.00024557107527845083 -0.00049803361294288898 -0.00026216959070214446 1.6357217253211822e-05 -0.00017000240245301486 -0.00032992859951988925 -2.1179961669539999e-05 -9.6960839676525339e-05 -4.4239590877675653e-05 6.7671656282163308e-05 -0.00075927228864566723 0.00023728659897188583 0.00019740601226661292 -0.00016957600169895917 0.00024124765956045404
leaf_weight=519 1162 2028 674 158 289 154 1923 208 201 52 172 203 47 174 67 195 171 149 5548 118 78 3417 310 1387 917 96 305 172 166 111
leaf_count=519 1162 2028 674 158 289 154 1923 208 201 52 172 203 47 174 67 195 171 149 5548 118 78 3417 310 1387 917 96 305 172 166 111
internal_value=0.000244438 0.000594382 0.00337235 0.00111607 0.0032797 -0.00448718 -0.00180713 0.000288485 -0.000351439 -0.00651724 0.0014353 -0.00850669 0.000107891 -0.000118036 -0.00457447 -0.00725806 -0.00677843 -0.000323287 -0.000220193 -3.54765e-05 0.000124406 -0.00155222 0.00194829 0.000589025 -0.00110417 -0.00409643 0.0048531 0.0086703 0.00251479 0.00407901
internal_weight=21171 18086 1794 1120 808 312 3085 16292 10457 725 5835 673 9732 9531 470 403 343 9357 9310 9161 9043 3495 5492 3353 2400 1483 953 643 338 2139
internal_count=21171 18086 1794 1120 808 312 3085 16292 10457 725 5835 673 9732 9531 470 403 343 9357 9310 9161 9043 3495 5492 3353 2400 1483 953 643 338 2139
is_linear=0
shrinkage=0.05


Tree=42
num_leaves=31
num_cat=0
split_feature=10 11 4 11 16 15 8 9 11 10 7 5 10 14 8 3 15 11 9 10 10 15 11 16 10 15 11 16 14 14
split_gain=5.66365 5.98154 4.64864 4.609 7.27666 8.19249 7.60409 7.38184 5.79893 13.1381 5.56324 5.32222 4.94927 4.87185 7.04149 5.20225 4.23772 13.8384 6.50155 10.5723 6.5117 7.45441 7.37648 6.23754 12.1118 10.6959 10.2182 6.62126 5.84197 5.68643
threshold=-0.029463592833469218 -0.035697741943328191 0.017480065272253108 0.02573480883905466 0.045591510792764363 0.026171684891832751 0.093201190392003821 0.04925784819694657 0.020527358618941841 0.00446494553626653 0.00470842554525397 0.018909248378041043 0.020743044846024853 0.00619378828642947 0.0037582835686130749 0.0054648991771281139 0.0085266818302511833 0.014627027210111112 -0.20184885531083588 0.013109339753378581 0.0079281319106555576 -0.00072706691451046568 -0.024572919887126395 -0.0015609107441427736 0.0028970765900091515 0.0094803869179276318 -0.023324981642921735 0.0036588219227117196 -0.073050802278400592 -0.077913276979976895
decision_type=2 2 2 2 2 2 8 8 2 2 2 2 2 2 10 2 2 2 10 2 2 2 2 2 2 2 2 2 2 2
left_child=1 -1 -2 8 5 7 -6 12 16 -10 -9 13 -5 14 15 -11 18 23 19 -4 22 28 -20 24 -18 -25 -26 -27 -22 -23
right_child=2 -3 3 4 6 -7 -8 10 9 11 -12 -13 -14 -15 -16 -17 17 -19 20 -21 21 29 -24 25 26 27 -28 -29 -30 -31
leaf_value=-0.00098763548079332654 2.5017423040369063e-05 7.4325299302904598e-06 -2.7697679688138985e-05 1.8477062329396584e-05 -2.1408261639262402e-05 0.00091203834130703656 -0.00060536567975089193 0.0002542579133002002 -0.0001703447576156186 -1.5179672196103138e-05 7.8825298191244651e-05 0.00040427860357614631 -0.00019917389822611881 0.00025175298463384256 -0.00017340120824717843 0.00025254674517746593 0.00017352530226328596 0.00020517111513816005 8.6631718210968513e-05 -0.00072012187532502253 0.00010579500877113871 3.7244497492789583e-05 -2.4640648242729713e-06 -0.0002397497683862145 -0.00068109688621786197 -0.00016621274014659164 -1.45221163324618e-05 -3.3683996765593915e-05 -0.00017785718865966841 0.00017116736966029387
leaf_weight=50 3943 54 2806 827 350 52 58 160 426 124 510 63 62 86 197 46 234 127 794 79 110 345 6873 197 69 297 440 1152 118 422
leaf_count=50 3943 54 2806 827 350 52 58 160 426 124 510 63 62 86 197 46 234 127 794 79 110 345 6873 197 69 297 440 1152 118 422
internal_value=0.00010085 -0.0115385 0.000158583 -0.000199718 0.00204309 0.00355369 -0.00392157 0.0029025 -0.0005015 -0.00429936 0.00686567 0.00106589 -8.43645e-05 -0.000827815 -0.00333787 0.00411765 -0.000247102 -0.00210652 0.00015805 -0.00189775 0.000842761 0.00464824 0.000348898 -0.00296149 0.000841184 -0.00467801 -0.00348723 -0.00319186 -0.00328947 0.00700782
internal_weight=21071 104 20967 17024 2019 1611 408 1559 15005 942 670 516 889 453 367 170 14063 2516 11547 2885 8662 995 7667 2389 743 1646 509 1449 228 767
internal_count=21071 104 20967 17024 2019 1611 408 1559 15005 942 670 516 889 453 367 170 14063 2516 11547 2885 8662 995 7667 2389 743 1646 509 1449 228 767
is_linear=0
shrinkage=0.05


Tree=43
num_leaves=31
num_cat=0
split_feature=10 11 9 13 12 12 11 11 10 12 14 13 14 11 10 10 13 14 10 10 10 12 10 12 10 13 14 11 12 14
split_gain=6.5929 6.01852 5.0958 8.11975 8.07949 9.16463 8.49009 7.62911 7.21602 8.93762 6.41035 6.04818 5.26012 4.88661 7.23972 10.2473 10.8933 6.07074 9.37433 10.9256 9.58007 8.32029 7.60484 7.31326 11.6489 7.21973 7.20422 6.10917 12.1608 8.88238
threshold=-0.029463592833469218 -0.035697741943328191 -0.20184885531083588 13.234999656677248 -0.038043904409190692 -0.024923410474003812 -0.019621569956091153 -0.026323618530511902 -0.0089994587968861266 0.00075812242422568243 0.10773003329269316 13.525000095367433 -0.02817624153510306 -0.022672211523631577 -0.013327781970057238 -0.011231034779129566 24.19999980926514 0.059971774713864064 0.000540884636322292 -0.00038724572548481934 -0.0060493292963074699 0.032816307706160404 -0.0034865672578678337 0.029468601645572527 -0.0019919461956012792 17.744999885559086 0.23397195059943568 0.0087352100413986573 0.041226491428898011 0.004407866869301503
decision_type=2 2 10 2 2 2 2 2 2 2 2 2 2 2 2 2 2 2 2 2 2 2 2 2 2 2 2 2 2 2
left_child=1 -1 3 -2 7 6 -6 -5 9 -7 12 -10 -9 14 -4 -16 -17 22 19 20 21 26 -15 24 -22 -23 -19 -24 -29 -30
right_child=2 -3 13 4 5 8 -8 10 11 -11 -12 -13 -14 17 15 16 -18 18 -20 -21 23 25 27 -25 -26 -27 -28 28 29 -31
leaf_value=-0.00093825370675366016 -0.00037602262694671216 1.6372834966555273e-05 0.00018045035854924498 8.3574279051877332e-05 -0.00015555387408310758 1.9715112886493742e-05 0.00014482136322414548 -0.0001032592072239887 0.00014933800167773808 -0.00035523794451348755 7.1525613477702127e-05 -1.4078234328401785e-05 -0.00045622965790077645 6.8380198581312126e-05 -0.00025667134135535396 0.00011034347197544391 -0.00013811492190401463 -7.3263951736041166e-06 -0.00024689519490416563 0.00029412825113387146 -0.00021274327763749475 0.00037912041970998778 -1.4583723781605744e-05 -0.00053674960389363518 0.00012102651853785618 9.2309528945526329e-06 -0.00064080383372084454 5.2466381065789094e-05 -6.7816435599291896e-05 5.4791076411858656e-05
leaf_weight=54 134 50 344 123 86 140 469 115 174 210 77 3208 149 1425 112 545 216 1086 146 77 328 104 5263 152 106 122 43 4269 1370 430
leaf_count=54 134 50 344 123 86 140 469 115 174 210 77 3208 149 1425 112 545 216 1086 146 77 328 104 5263 152 106 122 43 4269 1370 430
internal_value=5.79827e-05 -0.0125 0.000120107 -0.00129478 -0.000952431 -0.000274084 0.00572072 -0.00721983 -0.00116559 -0.008 -0.0110704 -0.000458309 -0.0147727 0.000548395 0.00359491 0.00117411 0.0032523 0.000299913 -0.0021488 -0.00126363 -0.00199639 0.000313653 0.000715294 -0.00733788 -0.00403226 0.0090708 -0.00143933 0.000282386 0.00136349 -0.00208333
internal_weight=21127 104 21023 4885 4751 4287 555 464 3732 350 341 3382 264 16138 1217 873 761 14921 2164 2018 1941 1355 12757 586 434 226 1129 11332 6069 1800
internal_count=21127 104 21023 4885 4751 4287 555 464 3732 350 341 3382 264 16138 1217 873 761 14921 2164 2018 1941 1355 12757 586 434 226 1129 11332 6069 1800
is_linear=0
shrinkage=0.05


Tree=44
num_leaves=31
num_cat=0
split_feature=8 16 16 6 11 15 0 14 16 16 13 12 15 15 15 12 3 14 15 12 13 11 12 12 13 11 16 12 13 13
split_gain=6.49982 4.89449 4.66305 4.46325 5.01322 4.6375 6.01627 4.24874 5.40779 8.88664 7.50383 4.23455 5.04101 4.56999 6.2569 6.10312 6.02174 7.24971 6.02185 4.54224 6.64422 6.77934 10.8957 8.44352 5.52776 5.50139 4.9356 4.29425 4.93913 5.39877
threshold=-0.10733603900038523 0.045591510792764363 0.032414645509340041 -0.35549101681799933 -0.029337474403061222 0.017748988739592412 0.010165745565500874 0.15797637088179853 -0.018198319959511374 -0.020690775055510587 25.505000114440922 0.070121882080432366 -0.0085577080472021266 -1.0000000180025095e-35 -0.00053173822290403228 0.057873618969341407 -0.0024679629009444755 -0.058539441914538297 0.0011124275490039805 -0.062212447341067838 17.914999961853031 0.0070762794177224872 0.039535416571109601 0.043947966856704664 13.744999885559084 0.011915744624196202 -0.014334613081101065 -0.050232690438178178 18.510000228881839 19.329999923706058
decision_type=10 2 2 2 2 2 2 2 2 2 2 2 2 2 2 2 2 2 2 2 2 2 2 2 2 2 2 2 2 2
left_child=1 2 7 4 -2 6 -6 8 9 -1 -10 13 -13 14 15 19 18 -18 -15 26 21 22 24 25 -21 -23 -5 -22 -29 -30
right_child=3 -3 -4 11 5 -7 -8 -9 10 -11 -12 12 -14 16 -16 -17 17 -19 -20 20 27 23 -24 -25 -26 -27 -28 28 29 -31
leaf_value=-2.0652249911463287e-05 0.00014579341120749361 -0.00055494597029745896 0.00051831469347087163 -0.00042733794695308839 2.520926998382982e-05 0.00010927195024259845 -3.8321929871939513e-05 -0.00076900832528602268 -0.00016605724248952201 0.00028628706401025167 0.00035273035247889779 -0.00022217964204062385 8.9211795089077215e-05 -0.00022279225165201431 0.00014326666117781212 -0.00015932927399531254 5.6060155266948287e-05 -3.4870640262308662e-05 -4.9600282439032834e-05 5.9304155133962751e-05 0.00031606427762800805 0.00019422494640738801 0.00011437969509019201 -9.2836942330833255e-05 -9.6655360561014817e-05 4.1925355509311093e-05 7.8190949434668683e-05 0.00015276821654807346 -0.00011873977908671466 6.8636017626989493e-05
leaf_weight=468 192 51 66 134 6685 244 1288 70 718 68 42 52 482 190 299 152 1080 3529 1001 177 101 264 254 214 1417 845 77 217 180 645
leaf_count=468 192 51 66 134 6685 244 1288 70 718 68 42 52 482 190 299 152 1080 3529 1001 177 101 264 254 214 1417 845 77 217 180 645
internal_value=0.000275917 -0.00291639 -0.0023743 0.000516 0.00138839 0.00120178 0.00099398 -0.00300146 -0.0023534 0.00149254 -0.00506579 -0.000132626 0.00421348 -0.000347996 0.000763666 0.000315373 -0.00130172 -0.000482751 -0.00447103 0.000646409 0.000996755 -0.000181331 -0.00213745 0.00255102 -0.00367001 0.00430568 -0.00651659 0.00426509 0.00331094 0.00154545
internal_weight=21202 1483 1432 19719 8409 8217 7973 1366 1296 536 760 11310 534 10776 4976 4677 5800 4609 1191 4525 4314 3171 1848 1323 1594 1109 211 1143 1042 825
internal_count=21202 1483 1432 19719 8409 8217 7973 1366 1296 536 760 11310 534 10776 4976 4677 5800 4609 1191 4525 4314 3171 1848 1323 1594 1109 211 1143 1042 825
is_linear=0
shrinkage=0.05


Tree=45
num_leaves=31
num_cat=0
split_feature=10 11 4 10 11 11 16 11 15 15 2 12 14 10 15 15 11 14 16 15 11 11 10 10 16 15 16 16 11 12
split_gain=5.57382 7.55277 4.90386 6.66667 5.44725 5.91883 7.56955 5.77287 4.86698 4.98258 4.65819 4.34827 3.9088 8.77785 8.62227 11.7569 9.1779 7.64801 13.4772 7.50631 7.28545 12.683 11.165 9.56647 9.18248 7.09079 9.34033 12.2228 7.27379 12.8849
threshold=-0.029463592833469218 -0.035697741943328191 0.028249473335635402 -0.020247544478179221 0.048369851131751858 0.037714619913018062 0.0065929990377013867 0.045591167028525621 -0.023935998278912404 -0.021145571992412567 0.0068890891873452107 0.028230710168881127 -0.036818887874406285 -0.0038583192426028807 0.008860739873546743 0.0095593351821248191 0.025508848097117291 -0.030906714022271572 0.028020493240257908 0.008069550839526542 -0.0073194397976522043 -0.0066204979438934655 -0.0072745110629502388 -0.0067260034259559167 -0.031780912236245011 -0.0062858681102008753 0.0044212040802613659 0.017771991061491969 0.0035059532242039952 0.061412549385283739
decision_type=2 2 2 2 2 2 2 2 2 2 2 2 2 2 2 2 2 2 2 2 2 2 2 2 2 2 2 2 2 2
left_child=1 -1 4 -4 5 8 -7 -8 11 10 -10 -2 13 -11 16 -16 19 18 -14 -15 22 -22 -19 -24 -23 26 -26 -28 29 -27
right_child=2 -3 3 -5 -6 6 7 -9 9 12 -12 -13 17 14 15 -17 -18 20 -20 -21 21 24 23 -25 25 28 27 -29 -30 -31
leaf_value=-0.00092588877427512571 0.00015513895932324644 7.3115591139084887e-05 0.00019173367278286385 -5.6163381930301192e-05 -0.00011613641850154334 0.00021513517995636335 8.4911872649537593e-05 -0.00021158256216608287 -0.00055439689334181141 -0.00042511400161045405 4.4229905337773817e-05 -0.00011641160651559226 -0.00012353151867020948 4.0041540232054178e-05 -0.00034685189384843566 -7.1325471125872383e-06 0.00020861780499156101 -1.3791291200440474e-05 0.0002108097245044424 0.00020632735498147959 -0.00035388298498414478 -0.00024114857522698806 0.00033311376967678981 6.3709911437642708e-05 8.3958937341327736e-05 -7.8963834302685839e-05 -0.00015430059143425881 0.0001050709792310395 6.2488697196567279e-06 0.00019987912961431898
leaf_weight=55 275 53 62 2684 147 94 225 56 107 44 43 46 580 2823 59 1193 206 1191 88 104 165 145 97 1610 1399 1975 306 205 4955 155
leaf_count=55 275 53 62 2684 147 94 225 56 107 44 43 46 580 2823 59 1193 206 1191 88 104 165 145 97 1610 1399 1975 306 205 4955 155
internal_value=0.000218707 -0.0111111 0.000276867 -0.00169337 0.000572623 0.000650281 0.00686667 0.00275801 0.000519104 0.000406877 -0.00866667 0.00661994 0.000485549 0.00176676 0.00198974 -0.00151757 0.00339132 4.46741e-05 -0.00516467 0.00267339 0.000329837 -0.000351961 0.00251898 0.00511131 -0.000103939 9.72763e-05 0.00280105 -0.00298434 -0.000631616 -0.00307512
internal_weight=21147 108 21039 2746 18293 18146 375 281 17771 17450 150 321 17300 4429 4385 1252 3133 12871 668 2927 12203 9305 2898 1707 9140 8995 1910 511 7085 2130
internal_count=21147 108 21039 2746 18293 18146 375 281 17771 17450 150 321 17300 4429 4385 1252 3133 12871 668 2927 12203 9305 2898 1707 9140 8995 1910 511 7085 2130
is_linear=0
shrinkage=0.05


Tree=46
num_leaves=31
num_cat=0
split_feature=14 12 15 15 12 14 15 14 14 10 16 15 15 16 16 12 15 14 10 16 15 10 15 12 10 12 12 15 10 14
split_gain=5.44465 7.61397 4.61329 7.73924 12.9144 10.6379 8.84222 7.59579 10.7835 7.4703 13.7228 9.49508 10.8517 7.61049 13.1664 9.04695 7.36355 8.77922 7.16792 14.7924 9.53153 7.04888 6.86991 7.47179 10.5218 10.4768 8.11013 6.78597 6.57909 8.35683
threshold=0.23397195059943568 -0.007281546892151213 0.00037071655999265657 0.0015864711490913843 -0.011160123859114189 0.083812216488613714 0.0018050218598677505 -0.12096344977185801 -0.091137781806863202 0.00446494553626653 -0.029489940975727155 0.024098969191727718 0.0085889644929960669 -0.0019730857567331057 0.00051719300212604857 -0.038043904409190692 0.0085889644929960669 0.052213768787031663 0.0025359002095745047 -0.0071348649024846602 0.0027299674891447805 -0.0092548931155976826 -0.00095955719328616451 0.048152369041769456 0.0061645920686974618 0.051085048604070045 0.070121882080432366 0.0093026853377203862 0.00446494553626653 0.049298283120689408
decision_type=2 2 2 2 2 2 2 2 2 2 2 2 2 2 2 2 2 2 2 2 2 2 2 2 2 2 2 2 2 2
left_child=2 -2 7 4 -4 -6 -5 -1 -9 13 -11 12 -12 16 -15 -16 17 18 19 20 -8 -19 23 -10 25 -25 -26 -14 29 -24
right_child=1 -3 3 6 5 -7 9 8 22 10 11 -13 27 14 15 -17 -18 21 -20 -21 -22 -23 28 24 26 -27 -28 -29 -30 -31
leaf_value=0.00033291334493104456 -0.0005576720809268215 8.4651657744664276e-05 5.5263349201761707e-05 0.00022583615746183533 -0.00016860517921481484 6.8882366195390995e-05 0.00026689120748375815 -0.00044164974806407955 1.8067152839211564e-05 -0.00028969804150250176 6.6009097251575185e-05 0.00027653498440900342 -0.00020232299724334964 -0.00026988516857387034 -0.00045410085937709599 -2.9235930055160603e-05 0.00013484700215256047 7.0134409774415087e-05 -9.8680521946808986e-05 0.00020905160355087467 -7.0664640315196495e-05 -0.00049691462407855358 -1.3686531795766076e-05 -0.0003180616883800716 -0.00035989487162787305 2.7196228882497734e-05 -4.1944892865235581e-05 -1.1618028909003925e-05 0.00016211816217584046 0.00015887005698520383
leaf_weight=77 131 94 293 101 721 108 131 125 7530 128 2003 154 100 282 46 3426 331 50 179 158 507 105 702 130 147 758 108 1890 453 175
leaf_count=77 131 94 293 101 721 108 131 125 7530 128 2003 154 100 282 46 3426 331 50 179 158 507 105 702 130 147 758 108 1890 453 175
internal_value=6.9763e-05 -0.00766667 0.000152978 -0.000571735 -0.00450089 -0.00768999 -0.000112084 0.000913768 0.000794826 -0.000268704 0.0012807 0.00177839 0.00130854 -0.00153883 -0.00273042 -0.00188652 0.00152293 -0.00039823 0.00135897 0.00339196 0 -0.0114516 0.000977207 0.000464084 -0.00330271 -0.000731982 -0.0122549 -0.00130653 0.00432331 0.0017959
internal_weight=21143 225 20918 10713 1122 829 9591 10205 10128 9490 4275 4147 3993 5215 3754 3472 1461 1130 975 796 638 155 10003 8673 1143 888 255 1990 1330 877
internal_count=21143 225 20918 10713 1122 829 9591 10205 10128 9490 4275 4147 3993 5215 3754 3472 1461 1130 975 796 638 155 10003 8673 1143 888 255 1990 1330 877
is_linear=0
shrinkage=0.05


Tree=47
num_leaves=31
num_cat=0
split_feature=0 4 14 16 11 13 13 7 16 10 9 0 1 11 14 14 10 10 11 10 13 13 16 14 14 13 11 14 10 11
split_gain=6.32976 5.71311 5.10218 4.93947 6.03445 8.18126 5.60869 5.55005 5.15793 6.81951 4.95323 6.76264 4.96038 4.94826 6.31408 9.25376 5.14775 6.48848 5.70533 8.8256 5.91023 8.94283 7.19228 6.12281 8.19383 5.74961 4.98235 4.93476 6.27769 4.83249
threshold=-0.056744179468996063 0.01598433282122742 0.059971774713864064 0.053297816688449469 0.02573480883905466 16.085000038146976 15.574999809265138 -0.012988722309607957 0.026396259766412248 0.0020115949089920542 -0.044738989068254791 0.026176209054974423 -0.087987615059159627 -0.022024026906729662 -0.098691693357393515 -0.073802250117532039 0.01436534903475606 0.013109339753378581 0.021985340636656584 0.0081956619817711313 13.744999885559084 13.934999942779543 0.0058088631578910874 -0.049735428455543622 -0.04578454363779693 13.869999885559084 0.017632958734851271 -0.024970108459849868 0.0057884366035171339 0.00066761306825102739
decision_type=2 2 2 2 2 2 2 2 2 2 8 2 2 2 2 2 2 2 2 2 2 2 2 2 2 2 2 2 2 2
left_child=-1 2 -2 4 10 6 8 -7 -6 -10 11 12 -3 -12 -15 -16 17 18 20 -20 23 22 29 -17 -25 -24 -18 -5 -29 -22
right_child=1 3 -4 27 5 7 -8 -9 9 -11 13 -13 -14 14 15 16 26 -19 19 -21 21 -23 25 24 -26 -27 -28 28 -30 -31
leaf_value=-0.00036810692911999041 5.2469393830530818e-05 -0.00028931054122664215 -3.6593466579159077e-05 -0.00036039048610539111 0.00013059798903230631 0.00016969535484637226 0.00036370640298748024 -2.0877471418709066e-05 -0.00019526862287759189 5.4680294777075889e-05 4.4474910691717256e-05 -0.00025816411067476879 3.6360361439091456e-05 -9.6834466453987227e-05 8.3545257373609553e-05 0.00016981024514589276 -2.6697853981375726e-05 -0.00023597778120562293 -0.00014575759334860193 9.3734607412985111e-05 -5.8733350628308385e-05 -2.103357630904969e-05 0.00020474735813387352 -0.00031313321445918359 2.2509410412515371e-05 -0.00028483455329316332 0.00018910842655254134 -0.00013037583185534124 0.00031907592103403804 -0.00054001478136241434
leaf_weight=86 1707 129 275 94 377 205 98 919 77 223 1157 127 3657 517 528 149 63 54 373 79 101 7537 60 77 1859 63 90 145 46 187
leaf_count=86 1707 129 275 94 377 205 98 919 77 223 1157 127 3657 517 528 149 63 54 373 79 101 7537 60 77 1859 63 90 145 46 187
internal_value=0.000165013 0.000220522 0.00277497 -4.60745e-05 5.34588e-05 0.00272512 0.00667742 0 0.00505908 0.000166667 -0.000248408 0.00130974 0.00169044 -0.000721266 -0.0010288 -0.000779857 -0.00109895 -0.00123114 -0.00114211 -0.00663717 -0.000894548 -0.0015161 -0.0086983 0.00147482 0.00072314 0.00142276 0.00800654 -0.00657895 -0.00196335 -0.0130208
internal_weight=21059 20973 1982 18991 18706 1899 775 1124 677 300 16807 3913 3786 12894 11737 11220 10692 10539 10485 452 10033 7948 411 2085 1936 123 153 285 191 288
internal_count=21059 20973 1982 18991 18706 1899 775 1124 677 300 16807 3913 3786 12894 11737 11220 10692 10539 10485 452 10033 7948 411 2085 1936 123 153 285 191 288
is_linear=0
shrinkage=0.05


Tree=48
num_leaves=31
num_cat=0
split_feature=0 4 4 10 12 16 13 13 12 16 13 13 13 13 12 14 16 13 10 12 14 12 10 13 14 14 12 16 12 12
split_gain=6.44455 4.45729 3.59288 5.73667 6.01838 4.31345 4.94983 8.10203 11.9869 7.33229 6.87106 5.8657 5.36576 10.7408 10.1331 7.22146 7.91267 6.55884 7.82333 6.12682 5.99079 7.99901 15.7765 7.58581 7.46686 7.1581 6.80152 5.65856 8.18375 5.62589
threshold=-0.056744179468996063 0.01369469952795933 0.029283438827468502 0.018838465196602486 0.070121882080432366 -0.065169216229391022 21.134999275207523 24.385000228881839 -0.018675976456826889 -0.014575463909165696 21.555000305175785 27.855000495910648 19.23499965667725 19.214999198913578 0.028594683923194867 0.055948056460050417 -0.016043090544060442 19.625000000000004 -0.0026466543846357378 -0.050232690438178178 0.059971774713864064 0.029689605968967085 -0.0060493292963074699 16.125000000000004 0.083142255535003332 0.076607678117126224 0.040312415369648032 -0.029489940975727155 0.018878621288125678 -0.030100055327360094
decision_type=2 2 2 2 2 2 2 2 2 2 2 2 2 2 2 2 2 2 2 2 2 2 2 2 2 2 2 2 2 2
left_child=-1 -2 3 5 -5 -3 12 8 -8 11 -10 -9 13 19 15 16 -14 -18 -19 -7 29 23 -23 -22 25 26 -24 -25 -29 -21
right_child=1 2 -4 4 -6 6 7 9 10 -11 -12 -13 14 -15 -16 -17 17 18 -20 20 21 22 24 27 -26 -27 -28 28 -30 -31
leaf_value=-0.0003954491477295175 9.0580388299407388e-05 0.00014536517406685636 -4.6957851001815624e-05 0.00013269070606829954 -5.6806003485030018e-05 -0.00033623403272834887 -0.00021406237422872637 6.0093723034358726e-06 -0.00026018761700089893 0.00015869615092008462 4.8050844826560626e-05 -0.00048709406257492434 0.00021007413797161534 -0.00040074777992577302 -4.1496331978013293e-05 0.00017223912706748813 0.0001450805295763997 -0.00033904479784887073 1.8221078605699221e-05 8.1444296983524024e-05 -0.00017603365128168928 0.00032262987210746459 -0.00035516139268485387 -0.00016368642737490176 0.00022181948931047484 -0.00081178020716181571 0.00013891779867634098 6.968056700222105e-05 -0.00012674232724247918 5.8672530772276025e-06
leaf_weight=84 342 108 2270 192 49 71 492 289 133 284 478 61 137 64 520 406 165 114 339 599 560 184 44 123 43 71 66 464 114 12277
leaf_count=84 342 108 2270 192 49 71 492 289 133 284 478 61 137 64 520 406 165 114 339 599 560 184 44 123 43 71 66 464 114 12277
internal_value=0.000131249 0.000186381 9.29189e-05 0.000323901 0.00798755 0.000222454 0.000163001 -0.00237478 -0.00496374 0.00212934 -0.000286416 -0.00271429 0.000432431 0.000126022 0.00310827 0.00570629 0.00281457 0.000404531 -0.00270419 0.000215517 0.00028704 -0.00253146 0.00355392 -0.0045004 -0.00535714 -0.00980663 -0.00181818 -0.00103424 0.00103806 0.000652377
internal_weight=21143 21059 20717 18447 241 18206 18098 1737 1103 634 611 350 16361 14680 1681 1161 755 618 453 14616 14545 1669 408 1261 224 181 110 701 578 12876
internal_count=21143 21059 20717 18447 241 18206 18098 1737 1103 634 611 350 16361 14680 1681 1161 755 618 453 14616 14545 1669 408 1261 224 181 110 701 578 12876
is_linear=0
shrinkage=0.05


Tree=49
num_leaves=31
num_cat=0
split_feature=8 6 16 14 14 14 16 10 14 10 10 10 12 16 10 10 15 10 15 16 16 12 14 14 14 16 15 6 4 15
split_gain=5.88974 4.699 5.39551 4.66283 6.91466 5.51046 6.02969 5.04077 4.5539 7.91713 7.65842 4.51509 9.62305 8.41222 7.56252 6.4087 4.70148 4.46239 3.89736 3.40339 9.49188 7.76882 6.07192 5.65001 6.71893 4.98574 5.85081 5.79324 7.71223 6.16197
threshold=-0.10733603900038523 0.49892846076174352 0.058236884182592659 -0.024970108459849868 0.014555585659076444 0.15797637088179853 0.020538276920578417 0.0022948780910856397 -0.098691693357393515 0.0077313966519441122 0.0025359002095745047 0.010655378584307098 -0.043864321053953818 0.0043111150430181775 0.0092143531748835068 0.012020737458552368 0.009655167503245134 -0.029463592833469218 0.0050573884226996499 0.023869769092076169 0.022780694503023783 -0.042339723299349867 -0.096084571305829466 -0.068623004427642229 -0.05546753287916955 0.030491538483337192 0.0035926675106238153 -0.73074337382687371 0.019915021303044827 0.012847552180683343
decision_type=10 2 2 2 2 2 2 2 2 2 2 2 2 2 2 2 2 2 2 2 2 2 2 2 2 2 2 2 2 2
left_child=3 11 17 8 7 6 -6 -5 -1 10 -10 14 -13 -14 19 18 -16 -3 -15 20 22 -21 -2 -23 -25 -26 -27 29 -29 -28
right_child=1 2 -4 4 5 -7 -8 -9 9 -11 -12 12 13 15 16 -17 -18 -19 -20 21 -22 23 -24 24 25 26 27 28 -30 -31
leaf_value=-0.00027145048003399987 -0.00022684019978036051 -0.00040468291466315735 -0.00043434635652617453 -0.00033535629419316704 3.7337578325403326e-05 -0.00059674738889041391 -0.0003315261845342741 -3.0433844177765063e-05 7.8601890239717625e-05 0.00025671108080696465 -0.00020910444777984917 0.0001215141609756477 -0.00015821817224871237 -0.00018980395307830031 0.00012377472692682965 3.2554279838539501e-05 -9.1592304873991012e-06 -1.125240943955783e-05 -3.0586998623998579e-05 -0.00050659768681937916 0.00016308240043422402 0.00016088704543771424 1.6738086623734788e-05 -0.0003452739816631272 -7.3201610880555863e-05 0.0001014718969269773 -0.00012313709506724287 0.00013281610415057844 -6.9840012739387923e-05 0.0001278170542749349
leaf_weight=87 114 49 51 264 449 72 59 94 110 172 140 134 382 96 535 457 202 4665 100 45 172 107 10754 61 666 345 168 219 284 45
leaf_count=87 114 49 51 264 449 72 59 94 110 172 140 134 382 96 535 457 202 4665 100 45 172 107 10754 61 666 345 168 219 284 45
internal_value=0.000158783 0.000385477 -0.000981112 -0.00291983 -0.00501066 -0.00163793 0.00019685 -0.0104749 0.000933202 0.00308057 -0.0026 0.000822921 -0.00215997 -0.00379227 0.00107713 -0.000344564 0.00600407 -0.000806109 -0.00790816 0.000797381 0.00113678 -0.00113402 0.000952337 -0.000646438 -0.00131432 -0.000738274 0.0013902 -0.00118715 0.00173956 -0.00809859
internal_weight=21098 19651 4765 1447 938 580 508 358 509 422 250 14886 1169 1035 13717 653 737 4714 196 12980 11040 1940 10868 1895 1788 1727 1061 716 503 213
internal_count=21098 19651 4765 1447 938 580 508 358 509 422 250 14886 1169 1035 13717 653 737 4714 196 12980 11040 1940 10868 1895 1788 1727 1061 716 503 213
is_linear=0
shrinkage=0.05


Tree=50
num_leaves=31
num_cat=0
split_feature=4 13 13 4 13 14 11 11 1 9 11 14 13 3 13 14 14 13 13 14 15 15 15 15 13 14 14 1 13 14
split_gain=5.81304 4.113 8.25557 4.88037 4.12354 4.09028 3.58289 5.11057 5.33568 4.36003 5.86135 5.23172 4.88198 6.89739 5.35197 6.1062 10.0754 5.34929 4.86344 4.88387 4.59561 6.30988 6.59389 6.3312 5.14272 4.69284 6.3632 4.5453 4.49732 5.50887
threshold=0.017575777281504328 43.015001296997077 33.719999313354499 0.034555644748375684 27.855000495910648 0.18763840935801293 0.050492728349193612 0.02573480883905466 0.086395837536481293 0.29218285611187894 0.024405077895535147 -0.098691693357393515 18.82499980926514 -0.0043688472131496727 19.98499965667725 -0.026106823606350468 0.0037598780805861991 17.795000076293949 18.394999504089359 -0.036136320679139293 0.008860739873546743 0.0093026853377203862 0.009655167503245134 0.012704129411166278 16.73499965667725 -0.042837654521053752 -0.039477048520880569 -0.0029258512926736975 21.724999427795414 -0.018674174310541299
decision_type=2 2 2 2 2 2 2 2 2 8 2 2 2 2 2 2 2 2 2 2 2 2 2 2 2 2 2 2 2 2
left_child=-1 2 3 4 6 -6 7 9 -9 10 20 27 13 17 15 -14 -17 -13 -15 -20 25 -22 -23 24 -24 -2 -27 -11 29 -25
right_child=1 -3 -4 -5 5 -7 -8 8 -10 11 -12 12 14 18 -16 16 -18 -19 19 -21 21 22 23 28 -26 26 -28 -29 -30 -31
leaf_value=2.3840899780611688e-05 5.0203392164589919e-05 -0.00038717688755977858 0.00023040616632079405 -0.00010928297870472248 1.3047613316983544e-07 -0.00054089628952647248 -0.00015858501628962017 5.8084904574098529e-05 -0.00031593296415358488 -0.00054962695800224426 -0.00011590370478079476 -7.8007209658783729e-05 0.0002436236817081803 -3.1599593970713539e-06 -3.2694933254100256e-05 -0.00026798138432009266 0.00010566228997992345 -0.00026777383061050324 4.0668122816134891e-05 -0.00030054972568985635 -0.0002538471185384298 0.00024473196482409555 -0.00028572897387973029 -5.7994019398364439e-05 -5.280707386051344e-05 -0.00023183633305356709 6.7009118400564347e-06 8.2852582627799968e-06 0.00013906280495975558 9.5325030119194871e-05
leaf_weight=4170 1779 76 98 892 66 67 107 1614 51 81 91 537 102 1676 571 55 233 122 50 97 121 63 195 548 328 104 6841 44 108 308
leaf_count=4170 1779 76 98 892 66 67 107 1614 51 81 91 537 102 1676 571 55 233 122 50 97 121 63 195 548 328 104 6841 44 108 308
internal_value=0.00017339 -0.000236417 -0.000184377 -0.00026853 -6.73601e-05 -0.00883459 6.31872e-06 6.83886e-05 0.00268769 -0.000241924 0.000271791 -0.00175168 -0.00138687 -0.00255842 0.00163892 0.00615385 0.00243056 -0.00694234 -0.00097367 -0.00969388 0.000382395 -0.00201975 -0.00116129 -0.00183255 -0.00626195 0.000842503 0.00025558 -0.0118 0.000570539 -0.000642523
internal_weight=21195 17025 16949 16851 15959 133 15826 15719 1665 14054 10486 3568 3443 2482 961 390 288 659 1823 147 10395 1671 1550 1487 523 8724 6945 125 964 856
internal_count=21195 17025 16949 16851 15959 133 15826 15719 1665 14054 10486 3568 3443 2482 961 390 288 659 1823 147 10395 1671 1550 1487 523 8724 6945 125 964 856
is_linear=0
shrinkage=0.05


Tree=51
num_leaves=31
num_cat=0
split_feature=0 16 15 15 3 14 14 16 10 15 15 15 16 10 10 14 14 13 12 14 14 16 14 9 10 13 14 16 11 15
split_gain=6.67978 3.98898 10.529 7.28963 6.10264 4.9435 10.3156 16.3721 9.94102 9.26949 9.86222 9.16949 8.43331 8.32832 12.7713 7.80652 9.7738 9.71185 7.76416 10.2003 8.73292 8.07208 9.34671 7.61172 9.70182 13.7792 7.31534 7.14482 11.9569 6.75481
threshold=-0.045251881602750114 0.053297816688449469 0.015770363881067121 0.024098969191727718 0.0021550737214932618 -0.036818887874406285 -0.030906714022271572 0.028020493240257908 -0.0038583192426028807 0.0035294140086454821 0.002599066478970236 0.00037071655999265657 -0.022705897376034231 -0.0060493292963074699 -0.0080075928939195556 -0.048319541899194234 -0.049735428455543622 23.965000152587894 0.045723592601736203 -0.024970108459849868 0.047546513885702975 0.0041460440555557429 -0.021011062487688355 -0.20184885531083588 -0.0012572385131596751 16.035000801086429 -0.022450840204273455 0.01594031844496702 0.023488244118780924 0.0039217694963826774
decision_type=2 2 2 2 2 2 2 2 2 2 2 2 2 2 2 2 2 2 2 2 2 2 2 10 2 2 2 2 2 2
left_child=-1 3 4 5 -3 8 7 -7 -2 10 11 23 -11 14 -14 16 -10 27 19 -15 -20 22 -21 24 26 -26 -8 -17 -29 -24
right_child=1 2 -4 -5 -6 6 9 -9 15 12 -12 -13 13 18 -16 17 -18 -19 20 21 -22 -23 29 -25 25 -27 -28 28 -30 -31
leaf_value=-0.0002630258042451425 -0.00040090421027950658 -0.00010776543287938125 -0.0004246747993528169 0.00021697661419383524 0.00026146731132590926 -0.00014279546927758926 0.00058587209869683052 0.00017363295075186703 1.7909609101627884e-05 0.00011109779375712671 0.0001235484368772558 -5.4638202055270953e-05 -8.1223033593972024e-05 0.00014076342814017904 0.00024487429420077308 0.00011771865148202669 -0.00016606549457220824 -0.00061525678142618397 4.2265503405431634e-05 0.00012528158339296432 -0.00040396672437467056 -5.0187467278247582e-05 -0.0003363369122133685 3.9538293890714749e-05 1.985479005710434e-05 -0.00036413423608978911 1.3762770578369839e-06 -5.8260723874134246e-05 0.00021256905096362331 -0.00014711278520163952
leaf_weight=162 55 121 104 204 76 620 52 110 3834 170 603 1307 223 105 129 839 198 46 755 45 72 1894 107 5940 297 319 1432 290 134 825
leaf_count=162 55 121 104 204 76 620 52 110 3834 170 603 1307 223 105 129 839 198 46 755 45 72 1894 107 5940 297 319 1432 290 134 825
internal_value=0.000237327 0.000315699 -0.00539867 0.000399175 0.00139594 0.000305132 -0.000161613 -0.0059589 0.00160304 0.000134851 0.000974874 0.000575051 -0.00179769 -0.00224428 0.00511364 0.00182082 0.000731647 0.00517571 -0.00292532 -0.00411626 0.00136034 -0.00467607 -0.00836745 0.00120647 -0.00138095 -0.00665584 0.000808625 0.00599762 0.000707547 -0.00944206
internal_weight=21068 20906 301 20605 197 20401 15005 730 5396 14275 9950 9347 4325 4155 352 5341 4032 1309 3803 2976 827 2871 977 8040 2100 616 1484 1263 424 932
internal_count=21068 20906 301 20605 197 20401 15005 730 5396 14275 9950 9347 4325 4155 352 5341 4032 1309 3803 2976 827 2871 977 8040 2100 616 1484 1263 424 932
is_linear=0
shrinkage=0.05


Tree=52
num_leaves=31
num_cat=0
split_feature=14 10 10 12 13 16 16 13 8 14 15 12 15 12 10 16 9 13 14 16 15 10 10 15 10 14 15 15 12 9
split_gain=5.4183 8.25333 7.75823 7.4865 9.38117 5.58719 18.361 13.2905 9.32561 11.0255 9.12138 14.339 11.6787 8.90257 7.31843 9.48592 11.4283 9.39627 7.20957 6.55022 10.0275 6.39257 5.74027 11.7661 9.49506 8.9082 8.53097 7.12067 9.56966 7.84881
threshold=0.14228104891203866 -0.013327781970057238 -0.012508695077667052 -0.027198413534659901 18.035000801086429 -0.017400418421487703 -0.015578030520268514 24.19999980926514 inf -0.036136320679139293 -0.0078591589944712031 -0.036045899235514094 -0.012978012085206546 0.022913164694052916 0.012020737458552368 -0.030654474335479794 0.339821246860254 22.270000457763675 -0.11544121967691799 -0.014815260392677885 0.0038791394499659852 0.0076786476751276042 0.00446494553626653 -0.0083757229334068799 0.0054292176155683611 -0.001390218635627771 0.024098969191727718 -1.0000000180025095e-35 -0.043864321053953818 0.27593655492626584
decision_type=2 2 2 2 2 2 2 2 8 2 2 2 2 2 2 2 8 2 2 2 2 2 2 2 2 2 2 2 2 8
left_child=1 -1 -3 -2 -5 7 13 10 19 -10 12 -12 -4 -7 15 17 21 -13 -16 20 -8 -17 27 -24 25 -25 -26 29 -29 -21
right_child=3 2 5 4 -6 6 8 -9 9 -11 11 14 -14 -15 18 16 -18 -19 -20 22 -22 -23 23 24 26 -27 -28 28 -30 -31
leaf_value=8.791832751395253e-05 -0.00035678885452418207 -0.00038018340078622834 4.2187332776785384e-05 -0.00036445632315447077 3.9322395704870665e-05 5.38781527409972e-06 0.00036317526390724548 -0.00015277329673374623 6.3843657497121654e-05 -0.00027666433263897288 0.00024657101214582515 -0.00011454993337970399 0.00021555299175067555 -0.00027775651328537264 3.6744539883634732e-05 -2.4960202036464817e-05 0.00014640741145998212 0.00014537274950468453 -0.00042818973335427454 3.0475825155061459e-05 -4.6326731997312079e-05 0.00012964252444336112 -0.0001878186617594179 0.00019679966234707245 1.4221319800018178e-05 -1.9715206644147293e-05 0.00027529365535323844 -0.00030224616301025774 -2.4146777267860425e-05 -5.747457703178562e-05
leaf_weight=863 227 79 458 100 429 129 131 327 123 236 155 435 386 299 51 683 363 54 80 3765 101 149 230 344 4433 127 122 104 5172 964
leaf_count=863 227 79 458 100 429 129 131 327 123 236 155 435 386 299 51 683 363 54 80 3765 101 149 230 344 4433 127 122 104 5172 964
internal_value=0.000188219 0.000342533 0.000130769 -0.00396825 -0.000708885 0.000194377 -0.000178133 0.00212512 9.77795e-05 -0.00786908 0.00323383 0.00137056 0.00758294 -0.0103972 0.000123967 0.0010095 0.00341004 -0.00485685 -0.0112595 0.000282386 0.00862069 0.000180288 0.000155625 0.00149353 0.0019996 0.00875796 0.00130077 -0.000547226 -0.00181008 0.000861704
internal_weight=21119 20363 19500 756 529 19421 16280 3141 15852 359 2814 1970 844 428 1815 1684 1195 489 131 15493 232 832 15261 5256 5026 471 4555 10005 5276 4729
internal_count=21119 20363 19500 756 529 19421 16280 3141 15852 359 2814 1970 844 428 1815 1684 1195 489 131 15493 232 832 15261 5256 5026 471 4555 10005 5276 4729
is_linear=0
shrinkage=0.05


end of trees

feature_importances:
spy_ret_1d=220
sector_ret_1d=212
spy_ret_5d=203
vix_level=203
sector_ret_5d=202
vix_chg_1d=178
spy_ret_20d=175
atr_pct=46
dist_ma200=41
dist_ma50=29
overnight_gap=22
dvol_z_20=17
ret_1d=13
ret_5d=12
parkinson_20=9
ret_20d=6
dist_ma20=2

parameters:
[boosting: gbdt]
[objective: quantile]
[metric: quantile]
[tree_learner: serial]
[device_type: cpu]
[data_sample_strategy: bagging]
[data: ]
[valid: ]
[num_iterations: 120]
[learning_rate: 0.05]
[num_leaves: 31]
[num_threads: -1]
[seed: 0]
[deterministic: 0]
[force_col_wise: 1]
[force_row_wise: 0]
[histogram_pool_size: -1]
[max_depth: -1]
[min_data_in_leaf: 40]
[min_sum_hessian_in_leaf: 0.001]
[bagging_fraction: 0.85]
[pos_bagging_fraction: 1]
[neg_bagging_fraction: 1]
[bagging_freq: 1]
[bagging_seed: 3]
[bagging_by_query: 0]
[feature_fraction: 0.85]
[feature_fraction_bynode: 1]
[feature_fraction_seed: 2]
[extra_trees: 0]
[extra_seed: 6]
[early_stopping_round: 0]
[early_stopping_min_delta: 0]
[first_metric_only: 0]
[max_delta_step: 0]
[lambda_l1: 0]
[lambda_l2: 0]
[linear_lambda: 0]
[min_gain_to_split: 0]
[drop_rate: 0.1]
[max_drop: 50]
[skip_drop: 0.5]
[xgboost_dart_mode: 0]
[uniform_drop: 0]
[drop_seed: 4]
[top_rate: 0.2]
[other_rate: 0.1]
[min_data_per_group: 100]
[max_cat_threshold: 32]
[cat_l2: 10]
[cat_smooth: 10]
[max_cat_to_onehot: 4]
[top_k: 20]
[monotone_constraints: ]
[monotone_constraints_method: basic]
[monotone_penalty: 0]
[feature_contri: ]
[forcedsplits_filename: ]
[refit_decay_rate: 0.9]
[cegb_tradeoff: 1]
[cegb_penalty_split: 0]
[cegb_penalty_feature_lazy: ]
[cegb_penalty_feature_coupled: ]
[path_smooth: 0]
[interaction_constraints: ]
[verbosity: -1]
[saved_feature_importance_type: 0]
[use_quantized_grad: 0]
[num_grad_quant_bins: 4]
[quant_train_renew_leaf: 0]
[stochastic_rounding: 1]
[linear_tree: 0]
[max_bin: 255]
[max_bin_by_feature: ]
[min_data_in_bin: 3]
[bin_construct_sample_cnt: 200000]
[data_random_seed: 1]
[is_enable_sparse: 1]
[enable_bundle: 1]
[use_missing: 1]
[zero_as_missing: 0]
[feature_pre_filter: 1]
[pre_partition: 0]
[two_round: 0]
[header: 0]
[label_column: ]
[weight_column: ]
[group_column: ]
[ignore_column: ]
[categorical_feature: ]
[forcedbins_filename: ]
[precise_float_parser: 0]
[parser_config_file: ]
[objective_seed: 5]
[num_class: 1]
[is_unbalance: 0]
[scale_pos_weight: 1]
[sigmoid: 1]
[boost_from_average: 1]
[reg_sqrt: 0]
[alpha: 0.5]
[fair_c: 1]
[poisson_max_delta_step: 0.7]
[tweedie_variance_power: 1.5]
[lambdarank_truncation_level: 30]
[lambdarank_norm: 1]
[label_gain: ]
[lambdarank_position_bias_regularization: 0]
[eval_at: ]
[multi_error_top_k: 1]
[auc_mu_weights: ]
[num_machines: 1]
[local_listen_port: 12400]
[time_out: 120]
[machine_list_filename: ]
[machines: ]
[gpu_platform_id: -1]
[gpu_device_id: -1]
[gpu_device_id_list: ]
[gpu_use_dp: 0]
[num_gpu: 1]

end of parameters

pandas_categorical:[]
