tree
version=v4
num_class=1
num_tree_per_iteration=1
label_index=0
max_feature_idx=16
objective=quantile
feature_names=ret_1d ret_5d ret_20d overnight_gap atr_pct parkinson_20 dvol_z_20 dist_ma20 dist_ma50 dist_ma200 spy_ret_1d spy_ret_5d spy_ret_20d vix_level vix_chg_1d sector_ret_1d sector_ret_5d
feature_infos=[-0.3583731788271417:0.39688957999489638] [-0.45452640358792573:0.78417662335849192] [-0.6215591474861033:2.2237350509923646] [-0.29215548215622744:0.37517458836619944] [0.0094924002636958896:0.24022368099097524] [0.0062308894011605769:0.076826098804804996] [-2.9555360313169565:4.340742795572706] [-0.46610143829369977:0.65624355888064545] [-0.55112154284557202:1.3583343686432325] [-0.74650367204901091:3.9078919756203154] [-0.058542971330535654:0.10501930183911301] [-0.11496151859245618:0.082843162776128354] [-0.1226559005192206:0.15756591020035837] [11.859999656677246:52.330001831054688] [-0.35753873962348437:0.74039073966007019] [-0.068247998544687438:0.13425697132599002] [-0.13587196028298487:0.11773217696052685]
tree_sizes=2938 3030 3008 3036 3032 3041 3029 3025 3028 3035 3012 3018 3012 3020 3039 3019 3042 3032 3052 3070 3016 3045 3066 3025 3026 3046 3058 3035 3047 3060 3062 3016 3062 3013 3046 3004 3019 3040 3055 3029 3026 3049 3042 3061 3039 3064 3015 3054 3038 3016 3022 3062 3063 3043 3074 3060 3063 3064 3038

Tree=0
num_leaves=31
num_cat=0
split_feature=5 10 5 4 15 8 12 16 14 14 14 12 14 9 6 12 12 16 10 13 15 15 14 14 12 12 12 16 10 7
split_gain=106.11 35.7898 14.8713 13.4728 9.09285 7.67544 5.16652 8.4286 16.6999 14.7282 10.8983 8.00014 7.37077 6.71215 4.6333 4.58105 7.70076 4.51407 3.94168 3.6329 4.94496 4.36276 4.1228 3.88938 6.63503 7.6246 8.57143 3.42857 3.29496 5.39103
threshold=0.019653145018890924 0.06903334451863076 0.013509077289245245 0.040224324699168749 -0.027988241650273023 0.13687729134914631 -0.075828258528587975 -0.028149617098960186 0.00619378828642947 -0.071225645536492452 -0.043806838804765429 0.020704073700370865 0.38848161677544563 -0.06103943529777494 0.37634619219208876 -0.030461524413172677 -0.067575688865902969 -0.020248297964132297 0.0099380285822571208 24.385000228881839 -0.031270348828559218 0.030862289490320109 -0.073050802278400592 -0.073802250117532039 -0.022249459031218995 -0.031853189963288557 -0.029235256213089252 0.0042161152925834786 -0.0017910689910654585 -0.11018109164663568
decision_type=2 2 2 2 2 8 2 2 2 2 2 2 2 10 2 2 2 2 2 2 2 2 2 2 2 2 2 2 2 2
left_child=2 3 -1 14 15 6 28 8 9 18 -11 13 -10 -12 -2 16 -4 -17 -8 20 -9 23 -23 -22 25 -25 -27 -28 -5 -30
right_child=1 -3 4 5 -6 -7 7 19 12 10 11 -13 -14 -15 -16 17 -18 -19 -20 -21 21 22 -24 24 -26 26 27 -29 29 -31
leaf_value=-0.024198827136179525 -0.024716150312583784 -0.02837961316421659 -0.023868640283102489 -0.023032060563255786 -0.024489740319346299 -0.025591424415299258 -0.025770965821331225 -0.027100920815846648 -0.02501782975714242 -0.027225574656354869 -0.025663492495436386 -0.024056926831030941 -0.02827125237991843 -0.027215775286049248 -0.025090220674653559 -0.02464185934350107 -0.026666446843492765 -0.025716944874867982 -0.024047375859962805 -0.024635924649791939 -0.024499693220382035 -0.027461840770515139 -0.024918859161538999 -0.025094906529783526 -0.02509631494763458 -0.030884869057838021 -0.025010586006923852 -0.026228550789851084 -0.026780533563440165 -0.024416032640146537
leaf_weight=13652 5473 62 40 297 18196 2682 45 50 820 105 50 44 68 71 1939 226 74 47 85 991 713 51 64 299 3761 54 54 72 48 108
leaf_count=13652 5473 62 40 297 18196 2682 45 50 820 105 50 44 68 71 1939 226 74 47 85 991 713 51 64 299 3761 54 54 72 48 108
internal_value=-0.0245974 -0.0276719 -0.02288 -0.0275408 -0.0238005 -0.0286902 -0.0279012 -0.0282187 -0.0318944 -0.0403773 -0.0470347 -0.0390213 -0.0280733 -0.0456604 -0.0259077 -0.0313844 -0.0398028 -0.0278691 -0.0265504 -0.0274437 -0.0279802 -0.0278258 -0.0374534 -0.0276023 -0.0281769 -0.0337192 -0.0418496 -0.0347067 -0.0227178 -0.0286017
internal_weight=50241 18006 32235 17944 18583 10532 7850 7397 1288 400 270 165 888 121 7412 387 114 273 130 6109 5118 5068 115 4953 4240 479 180 126 453 156
internal_count=50241 18006 32235 17944 18583 10532 7850 7397 1288 400 270 165 888 121 7412 387 114 273 130 6109 5118 5068 115 4953 4240 479 180 126 453 156
is_linear=0
shrinkage=1


Tree=1
num_leaves=31
num_cat=0
split_feature=5 10 4 5 11 10 11 14 13 12 11 12 11 1 10 10 16 11 10 11 13 14 10 0 12 11 16 0 10 13
split_gain=103.504 29.6808 15.0273 12.634 8.67916 8.87883 19.1463 8.16528 8.12543 7.26077 9.44254 6.63743 6.67345 6.21312 4.42973 11.4049 4.30258 5.56358 5.84193 8.08182 7.54034 6.07039 6.41762 4.87995 4.4599 3.94522 5.11208 5.28174 7.79675 4.42429
threshold=0.018985989840978542 0.06903334451863076 0.040224324699168749 0.013566272749271491 0.03197650803521624 -0.0029425651550978866 -0.028186654574093969 -0.093449770795740669 16.260000228881839 -0.0075921435528307204 -0.035697741943328191 -0.075828258528587975 -0.043674023036412872 0.15118738352347874 0.015605159278572868 0.017875659611307108 0.04954323388425997 0.015296127885016332 0.0019017631763441625 0.0026615433569360252 16.914999961853031 -0.027300254032733503 -0.00046739358765091049 -0.011865330703457464 0.030386390811761314 -0.023324981642921735 -0.038656880421716604 -0.033078903001449327 -0.0066833356830042758 18.595000267028812
decision_type=2 2 2 2 2 2 2 2 2 2 2 2 2 2 2 2 2 2 2 2 2 2 2 2 2 2 2 2 2 2
left_child=3 2 -2 -1 5 11 9 -8 -9 10 -7 -4 -13 14 16 -16 17 18 19 20 -10 22 -22 -18 -21 -14 27 -27 -29 -28
right_child=1 -3 4 -5 -6 6 7 8 13 -11 -12 12 25 -15 15 -17 23 -19 -20 24 21 -23 -24 -25 -26 26 29 28 -30 -31
leaf_value=0.00041457829907723366 -0.00017772485272087707 -0.0040122257804676978 0.0014622427573182648 0.0001338988479433716 2.3886381021704267e-05 -0.0017387669080725305 -3.5519719872299293e-05 -0.0004329145998644808 -0.0014922907579209346 -0.00018435724886467966 -0.0026844946921146741 -0.0035606088186264529 0.00025082485366082055 -0.0019442973443653624 -0.0029315462917767644 -0.00013799726680113335 -0.00056206435457673899 -8.8888805563400769e-05 -0.00069268543469775735 -0.0015128625980655236 -0.0013883356726909291 -0.0002989144175158781 0.00031725033020113525 -0.001446049115579147 -0.0012190524300612021 -0.00042367537894697627 -0.00076087809185795287 -0.0026734600393242972 -0.00056976429730594576 -4.1450992222649825e-05
leaf_weight=13840 8996 63 294 16652 1102 126 781 2015 65 59 99 68 521 212 46 51 88 433 1109 344 88 445 42 145 95 146 1042 106 62 1019
leaf_count=13840 8996 63 294 16652 1102 126 781 2015 65 59 99 68 521 212 46 51 88 433 1109 344 88 445 42 145 95 146 1042 106 62 1019
internal_value=2.93099e-05 -0.00279931 -0.00268917 0.00185327 -0.00396444 -0.00445164 -0.00555582 -0.00495133 -0.00567014 -0.0182394 -0.0223333 -0.00233579 -0.00304656 -0.00725103 -0.00665707 -0.0171649 -0.00629993 -0.0057211 -0.00674589 -0.00936515 -0.00578125 -0.00395652 -0.0134615 -0.0128112 -0.01459 -0.00268301 -0.00354737 -0.00949045 -0.0155357 -0.00264192
internal_weight=50154 19662 19599 30492 10603 9501 6243 5959 5178 284 225 3258 2964 3163 2951 97 2854 2621 2188 1079 640 575 130 233 439 2896 2375 314 168 2061
internal_count=50154 19662 19599 30492 10603 9501 6243 5959 5178 284 225 3258 2964 3163 2951 97 2854 2621 2188 1079 640 575 130 233 439 2896 2375 314 168 2061
is_linear=0
shrinkage=0.05


Tree=2
num_leaves=31
num_cat=0
split_feature=5 4 0 5 8 6 11 12 6 6 9 11 12 11 11 9 6 1 13 11 13 5 12 13 8 11 11 16 9 3
split_gain=91.0152 16.8768 12.0059 11.2053 7.77646 7.56185 5.74828 6.3366 4.99236 4.12304 3.53866 3.4495 3.17853 5.07573 4.14802 3.37123 2.99854 2.91646 2.41649 2.69304 2.95936 2.69155 2.41961 2.36772 2.67853 2.08377 5.03471 2.04355 1.99115 1.98523
threshold=0.018392929564390828 0.042490060567672121 0.11549882939432045 0.013456636248963353 0.030943131668878524 0.90683066481432872 0.03197650803521624 -0.075828258528587975 0.85576576569146257 0.37634619219208876 0.76989582658575961 0.077392985560090458 0.028755529874552547 0.011695310622020451 0.011605230504387444 0.47910152597642636 0.82999805975114571 0.021573930897862529 19.115000724792484 0.03197650803521624 17.875000000000004 0.025307058980959609 -0.0047203102614324912 27.070000648498539 -0.10010657693019041 0.015980558357876488 0.016276955956380904 0.014707706370874265 1.2934159033607651 -0.0069664054172998693
decision_type=2 2 2 2 8 2 2 2 2 2 10 2 2 2 2 10 2 2 2 2 2 2 2 2 10 2 2 2 8 2
left_child=3 9 5 16 -4 6 7 -3 -5 12 -9 28 13 14 15 29 -1 -17 19 20 -11 22 -22 -20 -25 -14 -27 -24 -8 -2
right_child=1 2 4 8 -6 -7 11 10 -10 18 -12 -13 25 -15 -16 17 -18 -19 23 -21 21 -23 27 24 -26 26 -28 -29 -30 -31
leaf_value=0.00042065631757233805 -0.00056748580934883085 0.00065608846433707854 -0.0037873951903691777 0.00017127175159662551 -0.0017427706270941703 -0.0014719523449567313 0.00034097068205398014 -0.00057795150347332255 -0.00015763105647431769 -0.0004201162726737956 -0.0015437642144480511 -0.0011010400622313453 0.00019135939647592327 6.8979855465757184e-05 -0.00083776232715781812 -0.00049841511592483363 0.00019269086280456935 -0.0011061932982092254 0.00011408149598570346 0.00056789218482564683 -0.0014903735868367824 -0.00137662390663642 -3.3871080349394879e-07 -0.0022470254298884995 4.5459839819128194e-05 -0.0021881868300589677 -4.1510696450525262e-05 -0.0005188043216071478 -0.0005079320170076621 -0.00020838954218723276
leaf_weight=10997 911 344 45 12913 82 1437 742 5612 2750 1862 639 54 2203 1627 51 58 2431 57 714 182 88 42 139 43 44 62 936 118 61 2916
leaf_count=10997 911 344 45 12913 82 1437 742 5612 2750 1862 639 54 2203 1627 51 58 2431 57 714 182 88 42 139 43 44 62 936 118 61 2916
internal_value=-5.98067e-06 -0.00250866 -0.00414485 0.00180657 -0.0194094 -0.00392676 -0.00328637 -0.00378696 0.000897976 -0.00128474 -0.00415054 0.000565928 -0.000724974 -0.00144128 -0.00240045 -0.00221715 0.0028664 -0.0106522 -0.0028125 -0.00359728 -0.0040707 -0.0080491 -0.0065942 -0.000430711 -0.00821839 0.000532646 -0.00136273 -0.00414397 0.00138854 -0.00196368
internal_weight=50160 21069 9016 29091 127 8889 7452 6595 15663 12053 6251 857 8821 5620 3993 3942 13428 115 3232 2431 2249 387 345 801 87 3201 998 257 803 3827
internal_count=50160 21069 9016 29091 127 8889 7452 6595 15663 12053 6251 857 8821 5620 3993 3942 13428 115 3232 2431 2249 387 345 801 87 3201 998 257 803 3827
is_linear=0
shrinkage=0.05


Tree=3
num_leaves=31
num_cat=0
split_feature=9 10 7 13 6 10 13 10 16 11 10 0 7 8 10 16 9 9 3 12 14 8 1 8 11 11 9 11 11 1
split_gain=26.7022 24.1094 15.8788 9.34067 7.81126 5.54448 20.6785 7.06036 11.1063 5.54958 4.50105 4.125 3.96629 3.87601 3.81266 10.8685 3.76201 3.59402 3.50127 3.38193 4.02435 5.55655 3.37838 3.07038 4.05526 3.82198 3.00674 2.98483 2.98058 3.58238
threshold=0.49871850064990847 0.06903334451863076 -0.059444944924157354 13.744999885559084 0.78803231965310749 -0.029463592833469218 38.065000534057624 -0.0048905857364926466 -0.038656880421716604 -0.023324981642921735 0.0082831266767603457 -0.022923047369325041 -0.11018109164663568 0.35936418531322606 0.0048530643765671852 -0.017459129015169602 0.32603577115945409 -0.15251234147133461 0.016286143351575192 1.0000000180025095e-35 -0.054107623009077337 -0.10565328895745023 0.027962688152972096 0.105209496956592 0.021985340636656584 0.023193318891049478 0.08320989673809788 0.03197650803521624 0.03197650803521624 0.11481982477465326
decision_type=10 2 2 2 2 2 2 2 2 2 2 2 2 10 2 2 10 8 2 2 2 10 2 10 2 2 10 2 2 2
left_child=1 2 5 23 11 6 -1 9 12 -7 14 22 -9 28 -10 -16 17 -13 -6 -17 21 -21 -5 -4 -25 -26 -14 -20 29 -2
right_child=13 -3 3 4 18 7 -8 8 10 -11 -12 16 26 -15 15 19 -18 -19 27 20 -22 -23 -24 24 25 -27 -28 -29 -30 -31
leaf_value=-0.0028368546858145282 -0.00070666062546326019 -0.0035253674642599462 0.00039398439592452879 -0.00013029335097955309 -0.0001343960360328053 0.0006317399845685483 0.00047595106978677533 -0.0020926817625195725 -0.00031010183682028106 -0.00028827877361713812 0.00029996544313861469 -0.00015239675118090747 -0.00047318587466233306 -0.0014447109472222775 -0.0023879324863829705 0.00021712135654390827 -0.00026143715232431521 0.00015343911971316614 -0.00070508621954670444 -0.0027481510586187161 -0.00026562767407896902 -0.00029715021454363176 -0.00071153770486135596 0.00021766326782458198 -0.00051354306725389623 -8.6926269492118007e-05 -0.0014338233234712451 0.00065908709597481429 0.00034754746046978467 -0.0016660511668469353
leaf_weight=61 1489 61 6149 1767 5106 805 101 142 1613 966 642 1826 250 417 56 120 1340 23315 947 65 141 46 311 1483 103 249 63 125 156 260
leaf_count=61 1489 61 6149 1767 5106 805 101 142 1613 966 642 1826 250 417 56 120 1340 23315 947 65 141 46 311 1483 103 249 63 125 156 260
internal_value=9.41706e-05 0.000348254 0.00038835 0.000702348 0.0003479 -0.00225695 -0.011358 -0.00195661 -0.00338113 0.000567476 -0.00215617 0.000696628 -0.0106044 -0.00514212 -0.00330475 -0.0075 0.00086496 0.00100255 -0.00126416 -0.0044086 -0.00769841 -0.0148198 -0.00144851 0.00224449 0.000449591 -0.004375 -0.00746006 -0.00386194 -0.00418635 -0.00477702
internal_weight=50175 47853 47792 42721 34737 5071 162 4909 3138 1771 2683 28559 455 2322 2041 428 26481 25141 6178 372 252 111 2078 7984 1835 352 313 1072 1905 1749
internal_count=50175 47853 47792 42721 34737 5071 162 4909 3138 1771 2683 28559 455 2322 2041 428 26481 25141 6178 372 252 111 2078 7984 1835 352 313 1072 1905 1749
is_linear=0
shrinkage=0.05


Tree=4
num_leaves=31
num_cat=0
split_feature=4 4 15 2 6 15 5 16 15 15 14 15 13 9 15 15 15 5 8 13 16 14 15 16 13 14 2 15 13 13
split_gain=77.913 14.9943 12.5396 11.8048 8.98316 6.12838 5.03881 4.12854 4.96064 4.51917 4.29828 7.92112 11.038 7.2861 7.17486 4.69711 4.20492 3.39351 3.39307 3.32741 3.56414 3.18495 4.33368 8.8599 3.94295 5.67753 4.89686 4.20722 5.33556 3.99389
threshold=0.034087641366816003 0.022287407833877178 0.044384145553223349 -0.009029974153035079 0.37634619219208876 -0.027988241650273023 0.023367785645294018 0.017202817988670297 -0.0065946690562771462 -0.0049999232062974399 -0.067583665573298909 0.0015577892798299688 21.409999847412113 -0.047831296125352855 0.0071547374657654492 0.0073154741598715498 -0.0055026973775331714 0.015122137200086287 0.35936418531322606 21.409999847412113 0.11275686842949396 -0.10816573528732347 0.0016535677836440057 -0.027758269377802177 18.675000190734867 0.079538209541853658 0.081910865132552316 -0.046241331298511039 43.015001296997077 18.035000801086429
decision_type=2 2 2 2 2 2 2 2 2 2 2 2 2 10 2 2 2 2 8 2 2 2 2 2 2 2 2 2 2 2
left_child=1 -1 4 -4 6 -3 -2 8 18 16 -11 -12 -13 15 -15 -14 -10 -7 -8 -9 -21 -6 24 -24 25 -23 29 28 -26 -27
right_child=2 5 3 -5 21 17 7 19 9 10 11 12 13 14 -16 -17 -18 -19 -20 20 -22 22 23 -25 27 26 -28 -29 -30 -31
leaf_value=0.00036304402035349843 -5.2862318898427884e-05 -0.00059909802673375773 -0.0036285168240939541 -1.5089815792105886e-05 0.00013392094667654273 0.00024012865174739687 -0.00017882428418052173 -0.0003081425749431111 -0.00065856940472528011 -0.00013501560520550151 -0.00020283526985920806 -0.00065606920175592187 -0.0005757459718971949 -0.0023478435989039573 -0.0027567650363673475 -0.0022705007472705514 -0.0013940917421079767 4.0307675252795166e-05 -0.0013064449398229889 0.00060644975551791972 -0.00093035915129108498 -0.00074378987361729159 -0.0018948308567023312 -0.00080203049379162219 -0.0029168072046457834 -0.00042245454149848061 -0.0023617733554928515 2.7601232868143512e-05 0.00072639716293618629 -0.0025733070149290237
leaf_weight=13758 3854 340 49 40 287 5693 1720 2222 124 888 753 1054 134 118 43 73 74 13694 88 620 51 1048 176 1930 50 129 52 863 40 41
leaf_count=13758 3854 340 49 40 287 5693 1720 2222 124 888 753 1054 134 118 43 73 74 13694 88 620 51 1048 176 1930 50 129 52 863 40 41
internal_value=0.000122585 0.00150888 -0.00268719 -0.0214045 -0.00258581 0.000625285 -0.00185511 -0.00257347 -0.00343362 -0.00459828 -0.00412504 -0.00532184 -0.00751758 -0.0149728 -0.0229503 -0.00876812 -0.0119192 0.000741992 -0.00133296 -0.00106637 0.00201937 -0.00445624 -0.00479441 -0.00641975 -0.00325461 -0.00507874 -0.0123423 -0.000823714 -0.0111111 -0.00823529
internal_weight=50006 33485 16521 89 16432 19727 11816 7962 5069 3261 3063 2175 1422 368 161 207 198 19387 1808 2893 671 4616 4329 2106 2223 1270 222 953 90 170
internal_count=50006 33485 16521 89 16432 19727 11816 7962 5069 3261 3063 2175 1422 368 161 207 198 19387 1808 2893 671 4616 4329 2106 2223 1270 222 953 90 170
is_linear=0
shrinkage=0.05


Tree=5
num_leaves=31
num_cat=0
split_feature=5 10 4 4 11 15 11 10 16 15 12 11 15 11 9 12 11 10 15 16 12 11 12 9 1 15 6 9 10 10
split_gain=72.2914 14.9942 10.8494 9.61447 6.60384 8.09083 12.4402 7.13689 5.71168 5.54949 5.48862 6.09439 5.42955 4.84255 4.53674 5.72206 5.84174 5.38833 4.47756 4.44752 4.35054 5.46086 4.05409 6.50644 3.6064 3.44876 3.44251 3.42353 3.35766 8.06705
threshold=0.018392929564390828 0.06903334451863076 0.042490060567672121 0.019626545741479113 0.03197650803521624 0.0015577892798299688 -0.026323618530511902 0.0024569690177319585 0.04954323388425997 -0.046241331298511039 -0.075828258528587975 -0.043674023036412872 0.0073154741598715498 -0.030384470516343128 0.015489987896486037 -0.0013043868274282275 -0.011813269287442195 0.0015949691897426679 -0.027988241650273023 -0.00022854384568948835 -0.0075921435528307204 -0.021243807178240256 -0.067575688865902969 -0.035275296378261149 0.12050469919122932 -0.016502450579683022 0.82999805975114571 -0.33401007718889575 0.018838465196602486 0.015605159278572868
decision_type=2 2 2 2 2 2 2 2 2 2 2 2 2 2 10 2 2 2 2 2 2 2 2 8 2 2 2 10 2 2
left_child=3 2 9 -1 5 10 13 12 28 -2 -4 -12 14 -7 -8 16 -16 19 20 -17 21 -5 23 -13 -24 -20 -27 -6 29 -9
right_child=1 -3 4 18 27 6 7 8 -10 -11 11 22 -14 -15 15 17 -18 -19 25 -21 -22 -23 24 -25 -26 26 -28 -29 -30 -31
leaf_value=0.0004088653931926024 -0.0019929332790616615 -0.0030737311464339224 0.0014221842488315781 -0.0010914473216378079 -0.00067824700749532498 -0.0015696423697469778 -0.0010036790718929004 -0.00049940354182209494 -0.0013296381145029986 -0.00013754682797095146 -0.0032248039683648397 -0.00026347900026144836 -0.00033953700823167229 -0.003287832808631052 -0.00083576443266539832 -0.0014910928133926508 -0.0021747358654151052 -0.0019646650973596151 0.00056273816444384539 -0.00027150311326725894 0.00022440830273438327 -0.0008924443756913765 -0.00034279182080607556 -0.0022163882052800249 -0.0014112285978914716 0.00017848967977661685 -4.4224879608456509e-05 0.00018333828283679967 0.00047288650639118246 -0.0023888840042932302
leaf_weight=8884 41 64 284 148 128 143 300 2353 181 11956 56 123 240 44 44 61 94 46 1349 151 196 51 3310 42 257 15077 3333 866 211 91
leaf_count=8884 41 64 284 148 128 143 300 2353 181 11956 56 123 240 44 44 61 94 46 1349 151 196 51 3310 42 257 15077 3333 866 211 91
internal_value=0.000143045 -0.00208527 -0.0020117 0.00176114 -0.00332133 -0.00379716 -0.00540667 -0.00478261 -0.00353315 -0.00102651 -0.00223232 -0.00273495 -0.00856838 -0.0179947 -0.0108046 -0.0143182 -0.0225362 -0.00992248 0.00115709 -0.0065566 -0.00411392 -0.00932161 -0.00248928 -0.0101515 -0.00213485 0.00126246 0.00108365 0.000523139 -0.00294727 -0.00346972
internal_weight=50124 21086 21022 29038 9025 8031 3959 3772 2836 11997 4072 3788 936 187 696 396 138 258 20154 212 395 199 3732 165 3567 19759 18410 994 2655 2444
internal_count=50124 21086 21022 29038 9025 8031 3959 3772 2836 11997 4072 3788 936 187 696 396 138 258 20154 212 395 199 3732 165 3567 19759 18410 994 2655 2444
is_linear=0
shrinkage=0.05


Tree=6
num_leaves=31
num_cat=0
split_feature=4 4 10 6 8 15 12 12 16 14 14 13 16 11 9 15 11 13 4 6 14 14 15 10 15 15 13 9 13 6
split_gain=62.3235 13.5862 11.7305 8.02223 5.35511 4.9352 4.79215 4.62549 4.3301 12.7346 7.85577 12.6638 14.3685 7.90961 6.27609 5.18984 5.56209 5.98746 3.69284 3.5135 3.46029 6.40863 4.64813 4.20317 3.51096 4.68413 4.13244 6.70949 3.36741 3.26324
threshold=0.033300220010901938 0.022287407833877178 0.06903334451863076 0.78803231965310749 0.35936418531322606 -0.034029595956212459 -0.0067438381246153192 -0.075828258528587975 -0.029864869151533021 0.00619378828642947 -0.017113211502094435 19.625000000000004 -0.046290294771689826 -0.031453464626615406 0.49871850064990847 -0.039796286721061162 -0.023324981642921735 27.365000724792484 0.042208255895012738 0.82999805975114571 -0.060408912479391223 -0.056340529311790281 0.00095073516715304962 0.0076450481048171435 0.0020880976128720978 0.0035889971211937603 17.125000000000004 0.045721812958312354 20.375000000000004 0.76668837223374331
decision_type=2 2 2 2 10 2 2 2 2 2 2 2 2 2 8 2 2 2 2 2 2 2 2 2 2 2 2 10 2 2
left_child=1 19 3 4 7 6 -3 -2 9 10 11 -9 -13 -14 -12 -11 -17 -18 -10 -1 22 23 -20 -22 28 26 -26 -28 -23 -7
right_child=2 5 -4 -5 -6 29 -8 8 18 15 14 12 13 -15 -16 16 17 -19 20 -21 21 24 -24 -25 25 -27 27 -29 -30 -31
leaf_value=0.00035557347641061298 0.00075613927306011951 -0.0015934136179760032 -0.0030866446555023702 -0.00075805350895565113 -0.001262596178103423 0.00012391977631503044 4.8241554887695255e-05 0.00051054711589618238 -6.9605124264214555e-05 -0.0017321120953030884 -0.0022727157409087478 0.0013097542434906437 -0.00022375266401300606 -0.0018557196838595077 -0.00074416140246072893 0.00075275164995109475 -0.00026616973170464665 -0.0014115994141203287 -0.00081338837801647398 0.00012155154156905227 -0.0026947866144933792 -0.00041999508557000892 0.00012547166779492444 -0.00043728015891409213 -0.00043461522514410709 -0.00043749925947573245 -0.00083967882034361634 -0.0019599942228101671 0.00044853535316770023 -0.00010626825233167874
leaf_weight=11535 465 88 65 3409 282 14866 94 163 5728 74 62 71 59 135 40 483 513 84 77 2325 73 1775 1243 65 172 1734 116 84 583 3606
leaf_count=11535 465 88 65 3409 282 14866 94 163 5728 74 62 71 59 135 40 483 513 84 77 2325 73 1775 1243 65 172 1734 116 84 583 3606
internal_value=0.000140706 0.00143692 -0.00226004 -0.00218125 -0.00165436 0.000555913 -0.00763736 -0.00151496 -0.00168592 -0.00405582 -0.0104717 -0.0075 -0.0142453 -0.0212887 -0.0229412 -0.00110919 -0.000231481 -0.00345896 -0.00134335 0.00262266 -0.00221884 -0.00286614 3.7879e-05 -0.0134783 -0.00253808 -0.00402184 -0.0091129 -0.014 -0.00121289 0.000636639
internal_weight=50069 32514 17555 17490 14081 18654 182 13799 13334 1684 530 428 265 194 102 1154 1080 597 11650 13860 5922 4602 1320 138 4464 2106 372 200 2358 18472
internal_count=50069 32514 17555 17490 14081 18654 182 13799 13334 1684 530 428 265 194 102 1154 1080 597 11650 13860 5922 4602 1320 138 4464 2106 372 200 2358 18472
is_linear=0
shrinkage=0.05


Tree=7
num_leaves=31
num_cat=0
split_feature=5 5 10 4 10 11 15 11 3 14 14 1 14 15 12 11 12 11 4 12 12 9 14 12 11 3 8 12 12 14
split_gain=56.139 10.0632 10.236 8.55842 6.47888 5.45979 6.15239 11.2697 6.62658 6.07899 5.73797 4.75904 4.47191 3.91924 4.65711 4.88452 3.8787 3.86294 3.62327 3.13705 4.34869 3.45428 3.09675 2.9717 9.494 2.85636 2.8487 2.77024 3.12295 7.37219
threshold=0.018320557298843482 0.024791797506636321 0.06903334451863076 0.019626545741479113 -0.029463592833469218 0.03197650803521624 0.0016535677836440057 -0.026323618530511902 -0.010943804810814138 -0.05546753287916955 0.079538209541853658 0.064255465312134011 -0.067583665573298909 -0.027988241650273023 -0.0075921435528307204 -0.021243807178240256 -0.075828258528587975 -0.043674023036412872 0.065232078708923114 -0.040334954813934058 -0.030461524413172677 0.066385169262158331 -0.037374592254897913 -0.017915825060591469 -0.0041955854167174391 0.036334302934384007 0.15436811672875997 0.028755529874552547 0.02719353000997338 -0.0078859681506743256
decision_type=2 2 2 2 2 2 2 2 2 2 2 2 2 2 2 2 2 2 2 2 2 8 2 2 2 2 8 2 2 2
left_child=3 4 5 -1 -2 6 9 18 10 12 23 19 -3 14 15 -5 -11 -18 -8 -10 21 -21 -13 24 -9 -22 -19 28 -6 -30
right_child=1 2 -4 13 27 -7 7 8 11 16 -12 22 -14 -15 -16 -17 17 26 -20 20 25 -23 -24 -25 -26 -27 -28 -29 29 -31
leaf_value=0.00037762872320488576 -0.0017860776356670963 -0.00063049521190262892 -0.0030190954888911414 -0.00097158769173882995 -0.00014868941839013116 0.00010977711867777467 -0.001507817949333347 -0.0041669246258110668 0.00053538491803043354 0.0012629035633894947 -0.0019201856568148924 -0.00060426738928174922 -0.0021476239959581258 0.00015546522803365953 0.00027892146697169358 -0.00079118613820681593 -0.0032938643414071227 -0.00017513804706812533 -0.0026399450253727554 -0.0017288731449994804 -0.00030265907303824357 -0.00014599349760769742 -0.0010864814021611785 -0.00063068782017323597 -0.0002966568333596408 -0.0010263429062561441 -0.0006650401193452856 5.6413268786549153e-05 4.9587501582485471e-05 -0.00092469134310757962
leaf_weight=8866 69 95 54 142 7134 1071 88 50 299 233 54 432 50 19585 195 59 44 2771 62 80 2109 57 582 379 72 100 937 4115 224 151
leaf_count=8866 69 95 54 142 7134 1071 88 50 299 233 54 432 50 19585 195 59 44 2771 62 80 2109 57 582 379 72 100 937 4115 224 151
internal_value=0.000222194 -0.00172391 -0.00292182 0.00165996 -0.000738476 -0.00279927 -0.00322345 -0.00453254 -0.00405316 -0.00184019 -0.00914414 -0.00328095 -0.0118966 0.00108628 -0.00383838 -0.0091791 -0.00147428 -0.00186301 -0.018 -0.00216446 -0.0027792 -0.0114234 -0.00619329 -0.00747505 -0.0142623 -0.0022431 -0.00168824 -0.000647797 -0.0012192 -0.00566667
internal_weight=50159 21312 9619 28847 11693 9565 8494 4364 4214 4130 555 3659 145 19981 396 201 3985 3752 150 2645 2346 137 1014 501 122 2209 3708 11624 7509 375
internal_count=50159 21312 9619 28847 11693 9565 8494 4364 4214 4130 555 3659 145 19981 396 201 3985 3752 150 2645 2346 137 1014 501 122 2209 3708 11624 7509 375
is_linear=0
shrinkage=0.05


Tree=8
num_leaves=31
num_cat=0
split_feature=4 4 6 4 15 12 11 11 12 15 0 4 6 12 9 11 11 12 12 10 6 15 2 12 15 12 15 15 9 13
split_gain=49.9632 9.39853 9.14006 5.42305 8.86429 4.31668 4.92684 12.1967 9.56139 6.25007 4.89895 4.73887 4.02825 4.01593 6.21914 4.45167 3.66527 4.1677 12.5464 4.89015 4.16667 3.57498 2.81672 3.17449 2.73235 4.01121 2.66717 2.52041 2.49414 2.39304
threshold=0.031141513727890108 0.019405824808113845 0.76668837223374331 0.044673735539768486 0.041451489634195877 -0.075828258528587975 -0.029337474403061222 -0.031453464626615406 -0.0075921435528307204 -0.039796286721061162 0.0048433951665686212 0.037413056860537829 0.90683066481432872 -0.052281358654850445 0.11019271629532336 -0.020756014565235011 0.031328768079461174 -0.030461524413172677 -0.031853189963288557 -0.0038174185108614807 -0.62041727603848706 -0.034029595956212459 -0.009029974153035079 -0.040334954813934058 -0.027988241650273023 -0.030461524413172677 0.00041353903746421677 -0.027988241650273023 0.40956923832054098 13.744999885559084
decision_type=2 2 2 2 2 2 2 2 2 2 2 2 2 2 10 2 2 2 2 2 2 2 2 2 2 2 2 2 10 2
left_child=1 -1 5 21 -5 -2 7 9 10 -7 -9 27 24 14 -13 -15 17 18 19 -17 -20 -4 -21 -24 25 -3 -18 -8 -23 -19
right_child=2 12 3 4 -6 6 11 8 -10 -11 -12 13 -14 15 -16 16 26 29 20 22 -22 28 23 -25 -26 -27 -28 -29 -30 -31
leaf_value=0.00035730432329277164 0.0007072169950237936 -0.001389189458008604 -0.0018343866786782873 -0.0011455719044002393 -0.002862662934935139 -0.0016928867683926282 -0.00087470429847199519 -0.0013187257454810883 0.00092245898575987306 0.00015237712606008783 -0.0018794265823350743 -0.00035845488914026447 -7.9064693723282595e-05 0.00034377986209402388 -0.0023473835572077762 -0.00093928284028569763 -0.00068044575483881267 6.366980806877711e-05 -0.0043351514346893806 0.00042357320940943581 -0.0029876112415293233 -0.00021282640957262641 0.00047719142421963112 -0.0012458204202913938 0.00016743272100142988 -3.7737761210292493e-05 0.00018484430898808908 1.8325782844553588e-05 -0.00098398953025532164 -0.00032244350426024809
leaf_weight=8530 502 59 82 1453 65 51 54 61 44 383 79 317 3567 672 63 81 81 763 60 261 40 2253 49 73 17353 186 1031 5688 277 6135
leaf_count=8530 502 59 82 1453 65 51 54 61 44 383 79 317 3567 672 63 81 81 763 60 261 40 2253 49 73 17353 186 1031 5688 277 6135
internal_value=0.000205017 0.00151793 -0.00168591 -0.00378935 -0.00616601 -0.00115902 -0.00130239 -0.00567961 -0.0164674 -0.00110599 -0.0228571 -0.00112637 0.000953225 -0.00180449 -0.0068421 -0.00159745 -0.0019046 -0.00230367 -0.00643617 -0.00297414 -0.0225 -0.00240812 -0.000613577 -0.00688525 0.00126378 -0.00397959 0.000773381 1.04495e-05 -0.0020751 -0.00196579
internal_weight=50313 29695 20618 4130 1518 16488 15986 618 184 434 140 15368 21165 9626 380 9246 8574 7462 564 464 100 2612 383 122 17598 245 1112 5742 2530 6898
internal_count=50313 29695 20618 4130 1518 16488 15986 618 184 434 140 15368 21165 9626 380 9246 8574 7462 564 464 100 2612 383 122 17598 245 1112 5742 2530 6898
is_linear=0
shrinkage=0.05


Tree=9
num_leaves=31
num_cat=0
split_feature=5 5 10 3 10 10 4 6 13 10 11 10 16 15 14 11 16 16 3 15 11 12 11 8 13 13 12 13 13 10
split_gain=47.5176 11.916 8.66652 9.9 8.49038 6.62244 4.93032 4.3617 3.29024 3.45326 5.75037 10.3116 5.65179 4.38693 4.34915 4.71913 3.05244 6.00783 6.37872 5.06421 6.63709 6.54749 4.55236 4.82362 4.41884 4.09114 4.3464 3.66253 3.91221 3.12974
threshold=0.0164240550790286 0.025636483593718482 -0.029463592833469218 -0.025541929885278588 0.06903334451863076 0.016350116268756935 0.01870336533814318 0.76668837223374331 13.744999885559084 -0.0066340953484539935 -0.028186654574093969 0.00048355916176134889 -0.031094083371474898 -0.027988241650273023 -0.077913276979976895 0.037714619913018062 0.017202817988670297 0.0069934531171157452 -0.0039564679706114983 0.0017888909441960978 -0.006088921430193516 -0.027697520987391363 0.0081473860033931551 0.0095945067206394414 23.604999542236332 20.659999847412113 -0.024129898343469899 18.015000343322757 17.32499980926514 0.011197957811865391
decision_type=2 2 2 2 2 2 2 2 2 2 2 2 2 2 2 2 2 2 2 2 2 2 2 8 2 2 2 2 2 2
left_child=6 2 3 -2 5 7 -1 16 -4 13 11 -11 -13 -10 -12 -16 17 19 22 -3 21 -21 23 -19 29 26 -18 28 -22 -23
right_child=1 4 8 -5 -6 -7 -8 -9 9 10 14 12 -14 -15 15 -17 25 18 -20 20 27 24 -24 -25 -26 -27 -28 -29 -30 -31
leaf_value=0.00035632683187250482 -0.001864327213404412 -0.00020923932606574958 0.00014626844989230228 0.00013515284882808918 -0.0026976186750401168 0.00060103241647673172 0.00016282083358173284 -0.001119911416626393 -0.00036941959351483695 0.00013726872674781182 0.00024907558652977898 -0.001001591103189781 -0.0012652699711442391 0.00022996821200973777 -0.00019409388340234937 0.00041416794682131016 -0.0012677594656216847 -0.00062677674274397516 -0.00038233435142713681 -0.0024876509557876644 -0.00038801836374131188 -0.00024399756589100075 -0.000619148908813512 -0.0021605418418937797 -0.0016728550271611969 0.00037007619025685443 -0.00023145332948156929 0.00059096518705598164 -0.0019138904968793117 -0.0012254578235406076
leaf_weight=7279 55 2147 2402 55 49 407 16254 1498 356 226 1502 148 55 2313 10096 634 88 43 452 182 360 349 105 89 109 703 1702 245 56 44
leaf_count=7279 55 2147 2402 55 49 407 16254 1498 356 226 1502 148 55 2313 10096 634 88 43 452 182 360 349 105 89 109 703 1702 245 56 44
internal_value=0.000161291 -0.00129203 -0.00055431 -0.0145455 -0.00281757 -0.00269903 0.00179599 -0.00300906 -0.000467516 -0.000737117 -0.00108167 -0.00677156 -0.0149507 0.00089734 -0.000882112 -0.00123486 -0.00246179 -0.00328749 -0.00755443 -0.00244559 -0.0048513 -0.00830409 -0.0141983 -0.0203788 -0.00535857 -0.00107702 -0.00234637 -0.00127837 -0.00413462 -0.00288804
internal_weight=50003 26470 17842 110 8628 8579 23533 8172 17732 15330 12661 429 203 2669 12232 10730 6674 4181 689 3492 1345 684 237 132 502 2493 1790 661 416 393
internal_count=50003 26470 17842 110 8628 8579 23533 8172 17732 15330 12661 429 203 2669 12232 10730 6674 4181 689 3492 1345 684 237 132 502 2493 1790 661 416 393
is_linear=0
shrinkage=0.05


Tree=10
num_leaves=31
num_cat=0
split_feature=5 10 5 5 11 1 10 12 14 9 6 11 16 16 11 3 9 14 10 0 10 10 16 16 9 16 14 14 14 12
split_gain=44.5967 8.1776 7.9297 6.61243 5.25467 5.022 4.20052 3.4702 4.76654 2.98165 2.81639 2.81221 3.22051 3.71087 5.42767 6.85054 6.04754 3.59164 3.93772 3.29338 2.89078 2.85405 3.0635 4.11636 2.79383 2.74218 7.36052 5.30786 8.98116 5.4092
threshold=0.018392929564390828 0.06903334451863076 0.013339056849929509 0.023367785645294018 0.03197650803521624 0.13335598374565374 -0.029463592833469218 -0.075828258528587975 0.38848161677544563 -0.33401007718889575 0.49073004377687873 0.030772226573239195 0.017202817988670297 0.0069934531171157452 0.0081473860033931551 -0.0036233939449173409 0.015489987896486037 -0.017413311949199203 -0.0029425651550978866 -0.0086606625527331765 0.0019017631763441625 0.0072285544385530818 0.011423937180607415 0.014707706370874265 1.2934159033607651 -0.028149617098960186 0.023054207273377928 -0.077913276979976895 -0.05546753287916955 0.020704073700370865
decision_type=2 2 2 2 2 2 2 2 2 10 2 2 2 2 2 2 10 2 2 2 2 2 2 2 10 2 2 2 2 2
left_child=2 3 10 6 5 7 -2 -5 11 -6 -1 12 13 24 15 16 19 -17 -19 -15 -20 -16 -23 -24 25 26 27 -9 -29 -30
right_child=1 -3 -4 4 9 -7 -8 8 -10 -11 -12 -13 -14 14 21 17 -18 18 20 -21 -22 22 23 -25 -26 -27 -28 28 29 -31
leaf_value=0.00031791957324793052 -0.0014689909720416615 -0.002448273081675857 8.8752771607566354e-05 0.00051140343679278554 -0.00048772823191730783 -0.00093461776112911297 -6.8834917069579481e-05 8.5624265175203971e-05 -0.0028784326266367228 0.00023543598790797739 0.00018139538930828959 -0.00063697590092455752 -0.00013199063007692538 -0.0018498695646761141 3.9122375650904937e-05 0.00025659661324998041 -0.0023752781348498377 -8.7122901540635911e-05 -0.0013918444809802684 4.1599153849915168e-05 -0.0004393366147587107 0.00044147231356830917 -0.0016861322334423114 -0.00036293434189755977 -0.0021305387470837013 -0.00025755149666136201 -0.00025610605995049404 -0.0024307231362078407 -0.0013757104042127842 0.0011162291378457804
leaf_weight=9894 58 60 15967 412 153 710 9572 104 50 1082 3258 72 2508 49 357 142 84 76 63 43 51 50 79 90 102 3938 801 82 223 63
leaf_count=9894 58 60 15967 412 153 710 9572 104 50 1082 3258 72 2508 49 357 142 84 76 63 43 51 50 79 90 102 3938 801 82 223 63
internal_value=0.000184588 -0.00156733 0.00145249 -0.0015147 -0.00233046 -0.00270519 -0.000550363 -0.00240015 -0.00260496 0.000748988 0.00236162 -0.00251922 -0.00243964 -0.00303502 -0.00570111 -0.0094685 -0.0174432 -0.00524096 -0.00973684 -0.00858696 -0.015614 -0.00237847 -0.00687215 -0.0100888 -0.00249106 -0.00233065 -0.004348 -0.00930085 -0.0121196 -0.00793706
internal_weight=50193 21074 29119 21014 11384 10149 9630 9439 9027 1235 13152 8977 8905 6397 1084 508 176 332 190 92 114 576 219 169 5313 5211 1273 472 368 286
internal_count=50193 21074 29119 21014 11384 10149 9630 9439 9027 1235 13152 8977 8905 6397 1084 508 176 332 190 92 114 576 219 169 5313 5211 1273 472 368 286
is_linear=0
shrinkage=0.05


Tree=11
num_leaves=31
num_cat=0
split_feature=5 5 15 6 6 15 10 4 10 11 11 12 10 12 10 9 11 11 11 10 9 9 16 11 8 16 15 5 15 9
split_gain=40.1292 10.3642 9.41611 7.33699 4.96116 4.39172 4.21717 3.1822 3.10853 5.42097 3.6346 5.7954 3.41353 4.33905 8.43317 7.40856 2.92069 2.60437 2.98202 3.20316 3.14134 2.41772 2.41233 2.9608 2.81889 2.37368 2.63829 2.32539 2.31725 3.46034
threshold=0.0164240550790286 0.023367785645294018 -0.046241331298511039 0.65922899999931317 0.88138396747029668 0.041451489634195877 0.017102322993862277 0.01870336533814318 -0.0029425651550978866 -0.028186654574093969 -0.023324981642921735 -0.067575688865902969 -0.0024295590031904175 -0.051373899775069835 0.010824112764753148 -0.11194734965588014 0.03197650803521624 0.0091429221400685119 0.0072247197872850064 -0.0086987636486000035 -0.0436479987845012 -0.21252473754665321 -0.027221665495718635 -0.009665754685088233 -0.19730392349056589 0.0042161152925834786 0.0069952180166401598 0.05387553729704616 -0.0017168797889109408 -0.23320219727830957
decision_type=2 2 2 2 2 2 2 2 2 2 2 2 2 2 2 8 2 2 2 2 10 10 2 2 8 2 2 2 2 10
left_child=4 2 -2 6 7 17 8 -1 10 21 -3 -12 28 14 15 -14 -15 18 19 -5 -20 -10 23 24 -21 -24 -27 -13 29 -11
right_child=1 3 -4 5 -6 -7 -8 -9 9 12 11 27 13 16 -16 -17 -18 -19 20 22 -22 -23 25 -25 -26 26 -28 -29 -30 -31
leaf_value=0.00033194069570095086 -0.0014480753305057021 0.00058432872990997768 -2.6763495688391938e-05 -0.00029415273025730851 1.6292967973859795e-05 -0.0023203816519899085 0.00047122910565477202 0.00018362973559966867 -7.8496016195429887e-05 -0.0018062016130032941 -0.0015996114100749013 -0.00012610396736759488 -0.00070768412920763253 -0.0002772899040747967 0.00095248150379084382 -0.0024142716344530903 0.00016931162926054548 -0.00043766886949162247 -0.000851839027792967 -0.0018104600228245093 -0.0023968671045660043 -0.0014282093660339884 -0.0005315735360729828 -0.0027075135475040108 -0.0010102695496517617 -0.0018198532384157804 -0.00019655570682537661 -0.0017954486272592223 -0.0011060388857561654 0.00023585359213748982
leaf_weight=6171 77 599 15083 381 4072 70 364 13307 47 53 67 1926 62 4639 77 58 819 832 41 40 45 130 412 45 132 168 122 43 174 133
leaf_count=6171 77 599 15083 381 4072 70 364 13307 47 53 67 1926 62 4639 77 58 819 832 41 40 45 130 412 45 132 168 122 43 174 133
internal_value=0.000184204 -0.00114513 -0.000286939 -0.00227851 0.0016879 -0.00481206 -0.00164781 0.00201971 -0.0018653 -0.00247739 -0.000426945 -0.00143418 -0.00222361 -0.00192308 -0.0092132 -0.0175 -0.00165995 -0.0044229 -0.00575036 -0.00515385 -0.0147674 -0.0111017 -0.0067519 -0.0113594 -0.00837209 -0.00532764 -0.0087931 -0.000942102 -0.00694444 -0.00306452
internal_weight=50189 26639 15160 11479 23550 2288 9191 19478 8827 6192 2635 2036 6015 5655 197 120 5458 2218 1386 1300 86 177 919 217 172 702 290 1969 360 186
internal_count=50189 26639 15160 11479 23550 2288 9191 19478 8827 6192 2635 2036 6015 5655 197 120 5458 2218 1386 1300 86 177 919 217 172 702 290 1969 360 186
is_linear=0
shrinkage=0.05


Tree=12
num_leaves=31
num_cat=0
split_feature=5 5 10 13 10 10 6 6 13 10 16 16 15 13 15 10 5 8 6 13 13 13 11 15 11 9 10 0 13 10
split_gain=34.0231 7.97173 8.86561 11.746 5.05242 5.25745 4.19385 3.46469 3.16702 3.08552 7.9061 6.47779 6.04684 3.64155 3.51616 2.94166 2.83252 2.70443 2.51164 2.34319 3.17631 12.7334 16.8112 2.71521 5.48752 3.52024 2.99114 3.46956 2.32726 2.1906
threshold=0.0164240550790286 0.029585977849018945 -0.029463592833469218 38.065000534057624 0.06903334451863076 0.016350116268756935 0.85576576569146257 1.0557259211664707 19.115000724792484 -0.0030681643099164098 -0.028149617098960186 -0.044122106073568472 0.0074222967099667478 25.319999694824222 0.0047797267425566678 -0.0013492483316671631 0.012169750018168932 -0.11457026082428638 -0.54115966984464325 13.744999885559084 21.555000305175785 21.409999847412113 0.0057915448439024306 0.0024147236971868717 -0.0043480620197820499 0.19062574154116999 -0.016935534775352808 -0.0064708679055869292 21.914999961853031 0.0040968178286348031
decision_type=2 2 2 2 2 2 2 2 2 2 2 2 2 2 2 2 2 8 2 2 2 2 2 2 2 10 2 2 2 2
left_child=6 2 3 -2 5 8 16 19 -3 -10 11 -11 13 14 15 18 -1 -15 -12 -4 21 29 -23 26 25 28 27 -22 -25 -21
right_child=1 4 7 -5 -6 -7 -8 -9 9 10 12 -13 -14 17 -16 -17 -18 -19 -20 20 23 22 -24 24 -26 -27 -28 -29 -30 -31
leaf_value=0.00030708624587337812 -0.0018638162217572863 -0.00066617587799880883 0.0001723564225615492 0.00081251399425619957 -0.0023462161193855934 0.00060374628905755323 1.8830015696234329e-05 -0.00031304095637108622 0.0001663975759861673 -0.0011575809022592194 4.9479684598425019e-05 -0.0027226099214190231 0.00044749228382421334 -0.00071532470838471334 -0.001262859248511223 0.00038787474316837896 0.00017396087321654055 -0.002154888595662085 -0.001958965569771905 -0.00014534334327239131 0.00010499868473707252 -0.0060614451081933141 7.2493284155409799e-05 0.00098979131466777649 0.00049164168157272406 -0.0013137486723779155 0.00061278638529981325 -0.00071251959826033363 -0.00035717797242501521 4.5689210959677952e-05
leaf_weight=7568 74 2609 2359 63 45 276 4200 3173 913 87 51 48 538 57 120 267 11631 58 57 8674 360 42 51 92 482 67 1049 44 528 4389
leaf_count=7568 74 2609 2359 63 45 276 4200 3173 913 87 51 48 538 57 120 267 11631 58 57 8674 360 42 51 92 482 67 1049 44 528 4389
internal_value=0.00023133 -0.000992925 -0.000569543 -0.0132482 -0.00276434 -0.00261661 0.00162165 -0.000488034 -0.00300208 -0.00160291 -0.00318394 -0.0146296 -0.00183798 -0.0052459 -0.00338384 -0.001 0.00193474 -0.0132609 -0.00796296 -0.00022137 -0.00044112 -0.000757829 -0.0191935 0.00114798 -0.000645851 -0.00351528 0.00259119 -0.00106436 -0.00233871 -0.000626579
internal_weight=49972 26573 21447 137 5126 5081 23399 21310 4805 2196 1283 135 1148 610 495 375 19199 115 108 18137 15778 13156 93 2622 1169 687 1453 404 620 13063
internal_count=49972 26573 21447 137 5126 5081 23399 21310 4805 2196 1283 135 1148 610 495 375 19199 115 108 18137 15778 13156 93 2622 1169 687 1453 404 620 13063
is_linear=0
shrinkage=0.05


Tree=13
num_leaves=31
num_cat=0
split_feature=4 6 5 12 5 15 5 0 16 6 14 14 13 16 16 16 12 13 12 13 16 14 13 13 15 12 13 15 13 13
split_gain=33.185 6.36377 5.82337 4.05364 3.91607 3.539 3.5139 3.23956 3.19019 3.42899 3.15133 4.33817 9.50248 4.67646 3.25728 8.67753 2.98076 2.90559 3.75129 3.9938 2.69769 2.63045 2.58596 3.26938 2.57492 4.11083 7.01517 4.83843 2.28817 6.10485
threshold=0.031141513727890108 0.78803231965310749 0.010728125747469548 -0.075828258528587975 0.029585977849018945 -0.027988241650273023 0.039140046519198897 0.11549882939432045 0.051403326628023834 0.31703973653311895 -0.017647948149660749 -0.011313380079801037 21.409999847412113 -0.027221665495718635 -0.01435959191303726 -0.013831158669366959 0.052411993463065805 31.844999313354496 -0.040334954813934058 20.714999198913578 0.058493424193382777 0.18137679246918895 19.010000228881839 18.675000190734867 -0.02634889214901209 -0.0075921435528307204 38.065000534057624 -0.034029595956212459 12.454999923706056 12.434999942779543
decision_type=2 2 2 2 2 2 2 2 2 2 2 2 2 2 2 2 2 2 2 2 2 2 2 2 2 2 2 2 2 2
left_child=2 3 -1 -2 5 17 24 -8 9 10 -4 12 13 -12 -13 -16 21 18 -5 -20 -6 22 23 28 25 26 27 -3 29 -17
right_child=1 6 8 4 20 -7 7 -9 -10 -11 11 14 -14 -15 15 16 -18 -19 19 -21 -22 -23 -24 -25 -26 -27 -28 -29 -30 -31
leaf_value=0.00031264629798685684 0.0006935901048479591 -0.0021390668328123467 0.00023649406456042549 -0.001202138320012866 -0.00052639803405816078 -7.1963426001718509e-05 -0.0012645200855623232 -0.0031718415876659726 0.00046764898134284204 -2.3708708505728923e-05 -0.00091374307167896209 0.00032551474919152322 -0.0040912826393004155 -3.5831868821293802e-05 -0.0008091878419004304 0.00010735078808435811 0.00043796437579879285 0.00097908825869693901 -0.0018074478381722759 0.00014793193327084943 8.3940790423839336e-05 -0.00031885578038651154 0.00041227172618697402 -0.00043835509608461474 -0.000358539652609857 0.00011596365631501667 0.0011935919674766677 -0.0015114321088924079 3.2582379983110583e-05 -0.00083497594884335844
leaf_weight=5171 488 56 6272 78 3386 11624 268 65 1284 6388 68 2276 42 747 86 114 753 57 43 117 567 40 762 65 3376 112 57 81 5460 56
leaf_count=5171 488 56 6272 78 3386 11624 268 65 1284 6388 68 2276 42 747 86 114 753 57 43 117 567 40 762 65 3376 112 57 81 5460 56
internal_value=0.000192058 -0.00136074 0.00126149 -0.000922983 -0.00106099 -0.000608692 -0.00314446 -0.00806306 0.000938639 0.000803969 0.00118004 0.000649059 -0.00275963 -0.00156442 0.000952976 0.000440295 0.000627586 -0.00601695 -0.00844538 -0.0040625 -0.00242474 0.000282438 0.000361623 -4.38963e-06 -0.00269962 -0.0070915 -0.0114948 -0.0176277 0.000124334 -0.00558823
internal_weight=49959 20375 29584 16360 15872 11919 4015 333 24413 23129 16741 10469 857 815 9612 7336 7250 295 238 160 3953 6497 6457 5695 3682 306 194 137 5630 170
internal_count=49959 20375 29584 16360 15872 11919 4015 333 24413 23129 16741 10469 857 815 9612 7336 7250 295 238 160 3953 6497 6457 5695 3682 306 194 137 5630 170
is_linear=0
shrinkage=0.05


Tree=14
num_leaves=31
num_cat=0
split_feature=5 4 14 12 4 13 13 12 14 0 13 11 16 16 12 12 11 16 12 14 14 12 16 14 11 6 11 2 1 14
split_gain=29.5534 6.12303 6.24145 8.69698 6.04504 3.89772 5.76219 5.75201 3.94762 3.88372 3.58988 3.66029 3.38551 5.28803 4.687 9.16156 12.1271 4.36907 11.3342 3.57166 6.24289 4.25782 3.48745 3.33176 3.27882 3.28075 3.1726 3.32374 3.1468 3.06578
threshold=0.018320557298843482 0.059683129979068772 0.38848161677544563 -0.067575688865902969 0.019405824808113845 19.115000724792484 19.085000038146976 0.013959739003271522 -0.083456210331023115 0.11549882939432045 14.175000190734865 0.03197650803521624 0.04954323388425997 0.054748975145843322 0.028022434597805738 0.02719353000997338 0.0023967132721236521 -0.013380936906419559 0.04253795446102749 0.026259504689798433 0.02426411528649575 -0.0063801556439739273 -0.046290294771689826 0.13367786858228273 0.029571955445533264 0.76668837223374331 0.027231962502118127 0.038619517599261639 0.26030517118010282 -0.0062634959442488527
decision_type=2 2 2 2 2 2 2 2 2 2 2 2 2 2 2 2 2 2 2 2 2 2 2 2 2 2 2 2 2 2
left_child=4 2 5 -4 -1 6 8 -8 -2 28 -10 12 14 -14 15 19 -17 18 -16 20 22 23 -12 -21 25 26 -6 -28 -3 -7
right_child=1 9 3 -5 24 29 7 -9 10 -11 11 -13 13 -15 17 16 -18 -19 -20 21 -22 -23 -24 -25 -26 -27 27 -29 -30 -31
leaf_value=0.00027569002750056518 0.00026737969163113305 -0.00059522890325229257 0.00081339057821025809 -0.0019500655920385594 0.00012634190725526045 -0.00012958610374511759 -0.0015977254145300252 2.0336603143784425e-05 4.1831911210141019e-05 -0.0026295111143294966 -0.0012284267464255129 0.00014446952474760576 -0.0014315251242043021 -0.00026321675436565787 0.00040317370053085018 -0.0002190189983014089 -0.0013483360268974382 8.0609148164997009e-05 -0.0027281875226698141 -0.00028685612059986104 -0.0011765766969016921 0.00010403314050586505 -0.0003395748028087826 -0.0013966464469286071 0.00039835646420276156 -9.6856295710695021e-05 0.00012523273634403828 -0.0012643776805239077 -0.0022020458941687518 0.00028787228118406122
leaf_weight=8487 962 2642 49 61 14923 2735 89 70 2681 70 71 824 128 395 85 108 84 2268 48 350 75 1506 2955 96 1400 3784 131 133 59 2899
leaf_count=8487 962 2642 49 61 14923 2735 89 70 2681 70 71 824 128 395 85 108 84 2268 48 350 75 1506 2955 96 1400 3784 131 133 59 2899
internal_value=0.000232021 -0.0011802 -0.000852527 -0.0127273 0.00127486 -0.000781648 -0.00126417 -0.0107233 -0.00114514 -0.00337243 -0.00139883 -0.00187757 -0.00219794 -0.00608987 -0.00193173 -0.0027693 -0.0134896 -0.000102041 -0.00890977 -0.00236196 -0.00341664 -0.000686475 -0.00306345 -0.00497758 0.000807766 0.000635444 0.000963653 -0.0044697 -0.00307108 0.000314164
internal_weight=50168 21310 18539 110 28858 18429 12795 159 12636 2771 11674 8993 8169 523 7646 5245 192 2401 133 5053 3101 1952 3026 446 20371 18971 15187 264 2701 5634
internal_count=50168 21310 18539 110 28858 18429 12795 159 12636 2771 11674 8993 8169 523 7646 5245 192 2401 133 5053 3101 1952 3026 446 20371 18971 15187 264 2701 5634
is_linear=0
shrinkage=0.05


Tree=15
num_leaves=31
num_cat=0
split_feature=4 5 15 5 13 16 15 10 13 9 10 13 15 13 13 15 9 11 13 14 15 10 13 15 15 13 14 14 11 13
split_gain=24.9518 6.23744 5.95113 4.45273 4.14618 4.15198 7.23839 6.81988 10.6388 13.202 6.16752 3.92642 3.3833 5.5817 6.06309 4.63707 4.42133 3.24799 3.24173 3.18561 3.0531 5.10996 3.02293 2.94021 6.82468 3.69212 3.65843 4.76099 8.73974 3.7936
threshold=0.027675447018581094 0.023367785645294018 -0.034029595956212459 0.010728125747469548 19.115000724792484 0.015172735858318355 0.0016535677836440057 0.0072285544385530818 21.409999847412113 0.18823783240753758 0.0055649513085964672 19.085000038146976 -0.015683449000349233 17.994999885559086 18.625000000000004 -0.016502450579683022 -0.05658407932577824 -0.043674023036412872 28.970000267028812 -0.19490876951167976 0.014443670585630454 0.0103636474765072 20.714999198913578 -0.015928626338052473 -0.015683449000349233 13.744999885559084 -0.077913276979976895 -0.05546753287916955 -0.011586998354799647 16.765000343322757
decision_type=2 2 2 2 2 2 2 2 2 10 2 2 2 2 2 2 8 2 2 2 2 2 2 2 2 2 2 2 2 2
left_child=3 2 17 -1 11 6 -6 8 -8 10 -10 12 13 15 16 -3 -15 -2 -5 -9 21 -21 -19 -4 -25 -26 -27 28 -28 -30
right_child=1 4 23 18 5 -7 7 19 9 -11 -12 -13 -14 14 -16 -17 -18 22 -20 20 -22 -23 -24 24 25 26 27 -29 29 -31
leaf_value=0.00029368021550503742 -0.0011258045122350072 3.0397968055460277e-05 0.00027365498671153601 0.00012534087637140295 7.3975620537954377e-05 0.00030882366133157594 -9.2770516473795298e-05 -0.0016501797996221713 -0.00061873105765925624 -0.002351519753749027 -0.0045528735258901385 -0.0011096507036861528 -0.00029596382956420189 -0.00018508157680965134 -5.4145429637866968e-05 -0.00091609715203883199 -0.0024695944117941997 -0.0013030402850828886 -0.0018972394112227256 0.0010457481449756623 0.00055484334637675623 -0.0015153368453148159 0.00050578637784805551 -0.00088600091869713796 0.00023658868407943983 0.00023155574922592277 -0.00087137788611633081 -6.9121394543333108e-05 -0.00087943846851166346 7.2834751846561436e-05
leaf_weight=5194 64 273 1418 18971 1824 1381 293 70 264 99 50 93 6048 46 71 46 94 82 42 96 400 81 92 77 2012 1347 136 8697 368 487
leaf_count=5194 64 273 1418 18971 1824 1381 293 70 264 99 50 93 6048 46 71 46 94 82 42 96 400 81 92 77 2012 1347 136 8697 368 487
internal_value=0.00021766 -0.000857588 -0.000182679 0.00137295 -0.00174593 -0.000583589 -0.00157853 -0.00434959 -0.00774787 -0.0129177 -0.00789809 -0.0025401 -0.00239586 -0.00622641 -0.0125355 -0.00205329 -0.0185714 -0.00802521 0.00101851 -0.000641422 0.000580589 -0.00488701 -0.00448276 -5.43252e-05 -0.000288022 -0.000200429 -0.000559583 -0.00089905 -0.00418264 -0.00230994
internal_weight=50216 26009 14780 24207 11229 4558 3177 1353 706 413 314 6671 6578 530 211 319 140 238 19013 647 577 177 174 14542 13124 13047 11035 9688 991 855
internal_count=50216 26009 14780 24207 11229 4558 3177 1353 706 413 314 6671 6578 530 211 319 140 238 19013 647 577 177 174 14542 13124 13047 11035 9688 991 855
is_linear=0
shrinkage=0.05


Tree=16
num_leaves=31
num_cat=0
split_feature=4 6 10 4 4 4 15 11 8 15 11 11 14 14 11 10 11 11 8 13 10 6 14 13 13 12 14 15 15 12
split_gain=23.2587 6.09834 3.62859 3.71 3.5179 3.4894 3.64686 3.1946 3.13014 2.77673 3.40139 2.54358 2.80179 4.72239 18.1764 5.98156 4.84645 3.77903 3.69141 3.08791 2.71739 2.31976 3.09621 2.39593 9.36354 2.64904 4.70723 4.78961 7.51481 2.8117
threshold=0.027675447018581094 1.0557259211664707 -0.029463592833469218 0.066973526920905482 0.017126676621894741 0.059683129979068772 -0.046241331298511039 0.029305093404121577 0.13428873389927523 -0.010179666969307498 -0.0065367397500866167 -0.035697741943328191 -0.075454415356713087 -0.056340529311790281 -0.011586998354799647 0.0058855718957657741 0.003813504719322514 0.0084762607672295171 -0.05911722726116541 30.750000000000004 0.0055649513085964672 0.76668837223374331 -0.021977147879264466 16.914999961853031 16.875000000000004 -0.0075921435528307204 0.18137679246918895 0.0073154741598715498 0.010844080922868706 -0.025840768177680992
decision_type=2 2 2 2 2 2 2 2 8 2 2 2 2 2 2 2 2 2 10 2 2 2 2 2 2 2 2 2 2 2
left_child=4 5 -3 -4 -1 6 -2 21 -7 -5 -11 -8 -13 14 18 16 20 -18 -14 -15 -16 22 -6 24 -24 26 27 29 -29 -25
right_child=1 2 3 9 7 8 11 -9 -10 10 -12 12 13 19 15 -17 17 -19 -20 -21 -22 -23 23 25 -26 -27 -28 28 -30 -31
leaf_value=0.00027778441377747793 -0.0010614352820667804 -0.0016274292469343134 -0.0003122474842396103 -1.2267515608133042e-05 0.00025584603129820118 -0.00020573613270984294 0.00055634475500216632 0.00038800776842881456 -0.0010962845507684516 -0.0029761071336977907 -0.0009596947531022832 0.000183144740302814 -0.00069445055865906377 -2.6923329986997003e-05 0.00042295396002657923 6.7582867968288623e-05 -0.0021134877934780492 -0.00047870966218016098 -0.0014380786177797824 -0.00082904242033558404 -0.001422554475735434 -3.4645569016193509e-05 1.7625996039668595e-05 0.00050626390182377946 -0.000979073899213527 0.00035527256364306843 -0.0010205389578101076 -0.0029740694059107297 0.00030546311606449478 -8.9253484350865453e-05
leaf_weight=4716 64 76 3746 74 4920 1709 484 1374 660 63 101 2010 67 15724 115 903 67 95 51 47 45 3341 6007 818 72 2169 58 57 83 463
leaf_count=4716 64 76 3746 74 4920 1709 484 1374 660 63 101 2010 67 15724 115 903 67 95 51 47 45 3341 6007 818 72 2169 58 57 83 463
internal_value=0.000216126 -0.000817785 -0.00259852 -0.00239207 0.00133691 -0.000489769 -0.000271452 0.00103863 -0.00230266 -0.00844538 -0.0120732 -0.000232558 -0.000323154 -0.00053056 -0.00337677 -0.00157143 -0.00742236 -0.0135185 -0.0221186 -0.000288187 -0.00125 0.00086113 0.00113231 0.000615298 7.40272e-06 0.00162829 -3.38048e-06 0.000566503 -0.00821429 0.00152615
internal_weight=50179 26101 4060 3984 24078 22041 19672 19362 2369 238 164 19608 19124 17114 1343 1225 322 162 118 15771 160 17988 14647 9727 6079 3648 1479 1421 140 1281
internal_count=50179 26101 4060 3984 24078 22041 19672 19362 2369 238 164 19608 19124 17114 1343 1225 322 162 118 15771 160 17988 14647 9727 6079 3648 1479 1421 140 1281
is_linear=0
shrinkage=0.05


Tree=17
num_leaves=31
num_cat=0
split_feature=5 14 12 3 5 8 6 6 15 14 6 9 11 15 12 14 14 12 14 9 10 14 14 14 5 14 14 5 14 14
split_gain=21.1909 6.50358 16.4953 10.4541 6.05305 4.58924 3.33566 3.29215 2.85584 2.736 2.51223 2.48085 2.40082 2.95647 3.29798 5.29385 4.85124 4.36885 3.44455 5.70475 2.64422 2.46829 2.33113 2.31971 2.25933 2.0132 1.9666 2.29213 1.8938 1.89406
threshold=0.015519310421605313 0.38848161677544563 -0.067575688865902969 -0.027370096247418204 0.023367785645294018 0.24817074377061479 0.9661535235556119 0.42520974143635237 0.041451489634195877 -0.017647948149660749 0.020186992711023876 0.14115534643241648 0.018473495823320477 -0.0065946690562771462 0.028022434597805738 -0.067583665573298909 -0.05546753287916955 0.02719353000997338 -0.060408912479391223 0.17358686437692031 0.009431747271499093 -0.041705576882284816 0.11094551908227025 -0.11544121967691799 0.010349620686317285 -0.037778052319122728 -0.013975625369978871 0.03335643450972136 0.026259504689798433 -0.020031535513597539
decision_type=2 2 2 2 2 8 2 2 2 2 2 8 2 2 2 2 2 2 2 8 2 2 2 2 2 2 2 2 2 2
left_child=7 4 -3 -4 10 6 12 9 -8 -1 -2 -7 13 -6 15 -15 18 22 -17 -20 -16 -22 28 -12 -11 -14 27 -27 29 -18
right_child=1 2 3 -5 5 11 8 -9 -10 24 23 -13 25 14 20 16 17 -19 19 -21 21 -23 -24 -25 -26 26 -28 -29 -30 -31
leaf_value=0.00029634449588033959 7.1951260754837999e-05 0.00087666077444097242 -0.002321572507132694 -0.0010208214313148403 5.2196215615396908e-05 -0.0023743571547420717 -0.00052396977268322166 7.9283775079540676e-05 -0.001796225645279585 0.00025415015754158261 0.0004517374003949434 -0.0005904876640815918 0.0005085710978706573 4.7189488611585821e-05 0.0001618121535547632 -0.00045321494781188216 -0.00019335699944080057 -0.0014205421276659936 -0.00098328900134136824 -0.0021222886636830776 -6.0450419704730889e-05 -0.0023709640810603773 -0.0013462478671740438 -0.00011103024866386566 0.00010792584934457176 -0.00013963264902271469 0.00017141812213006995 -0.0010356458435311353 5.0661022121659161e-05 -0.00072274681671244444
leaf_weight=5564 11002 105 51 43 2137 40 1223 5410 72 1939 378 1483 719 977 1133 89 642 64 102 54 85 66 64 6816 7467 285 879 92 427 743
leaf_count=5564 11002 105 51 43 2137 40 1223 5410 72 1939 378 1483 719 977 1133 89 642 64 102 54 85 66 64 6816 7467 285 879 92 427 743
internal_value=0.000286236 -0.000564139 -0.00957286 -0.0247872 -0.000503517 -0.00140823 -0.0010134 0.00152846 -0.00337838 0.00191049 6.21017e-05 -0.00396257 -0.000655527 -0.00111423 -0.00184885 -0.00271663 -0.00408467 -0.00324742 -0.0107143 -0.0151923 0.000288162 -0.00592715 -0.00280917 -0.000664442 0.0013906 0.000873418 -0.000334395 -0.00335544 -0.00247792 -0.00337545
internal_weight=50151 29771 199 94 29572 11376 9853 20380 1295 14970 18196 1523 8558 6583 4446 3162 2185 1940 245 156 1284 151 1876 7194 9406 1975 1256 377 1812 1385
internal_count=50151 29771 199 94 29572 11376 9853 20380 1295 14970 18196 1523 8558 6583 4446 3162 2185 1940 245 156 1284 151 1876 7194 9406 1975 1256 377 1812 1385
is_linear=0
shrinkage=0.05


Tree=18
num_leaves=31
num_cat=0
split_feature=4 4 10 3 6 14 8 4 15 11 10 10 11 10 8 13 11 15 8 14 2 13 15 14 11 15 14 13 14 13
split_gain=19.624 5.73761 5.2527 6.37824 5.02701 3.14529 3.10833 2.92786 2.91299 2.90122 3.88445 13.0363 7.01824 13.0232 5.95826 3.97903 4.1437 3.98253 4.44059 3.72849 3.91343 3.42483 3.19279 3.0565 3.62598 5.45156 4.8514 6.84507 6.66793 4.49607
threshold=0.025931458912796659 0.042208255895012738 -0.029463592833469218 -0.023886966695808472 1.3424726889480223 -0.077913276979976895 0.13687729134914631 0.018474243856572901 0.041451489634195877 0.030023740679380188 -0.0041979732258571869 -0.0040808700256718114 -0.028186654574093969 0.00048355916176134889 -0.04628209361118734 13.894999980926515 0.027231962502118127 -0.015683449000349233 0.014826428090605305 -0.0055188195568775513 0.04226465964307758 13.934999942779543 -0.025947713901271593 0.01466553224775591 0.010672166565218634 0.034244353927935574 -0.015586669598789514 21.409999847412113 -0.01262073301810107 15.050000190734865
decision_type=2 2 2 2 2 2 8 2 2 2 2 2 2 2 10 2 2 2 10 2 2 2 2 2 2 2 2 2 2 2
left_child=7 2 3 -2 6 -4 -3 -1 -6 10 22 -12 13 -13 -15 -14 17 18 -17 20 -18 -19 -7 24 26 -26 29 28 -28 -23
right_child=1 4 5 -5 8 9 -8 -9 -10 -11 11 12 15 14 -16 16 19 21 -20 -21 -22 23 -24 -25 25 -27 27 -29 -30 -31
leaf_value=0.00024494980540532398 -0.0011809239520342994 -0.00010712664577171242 0.00023281890554867048 0.00029394787491421293 -0.0007611791511367978 -0.00020597911196645189 -0.00047417871593855845 0.00012014626202423804 -0.0021174416075405034 0.00023264284945871189 -0.0008195487979411999 -1.2122758577654515e-05 0.00015950132725836477 -0.00067104741295771438 -0.0015126714847953459 -0.00010123509820226761 -0.0011419005809525425 -0.0010994450045485197 -0.0010762012840703163 -0.00022354434567537445 -0.0059220622767456954 -0.00084676467743915454 0.00017206508460209521 0.00018408152617309002 6.7280206405580513e-05 -0.00098495037200716971 -0.00093734337214290665 -0.0038737035425788001 -0.00025733182628896647 5.9249379232006234e-06
leaf_weight=6898 41 6133 1832 45 1046 539 2044 14032 58 1435 78 220 2794 76 58 57 41 59 40 147 45 272 3931 1814 2451 46 154 49 1522 2258
leaf_count=6898 41 6133 1832 45 1046 539 2044 14032 58 1435 78 220 2794 76 58 57 41 59 40 147 45 272 3931 1814 2451 46 154 49 1522 2258
internal_value=0.000247436 -0.000588185 -0.000111478 -0.0124419 -0.00161567 -5.82386e-05 -0.00118809 0.00141663 -0.00478261 -0.000258211 -0.000444117 -0.00090674 -0.000775427 -0.00771186 -0.02 -0.000566431 -0.0010804 -0.000904609 -0.0109794 -0.00766094 -0.0159302 -0.000791304 0.000816555 -0.000708615 -0.00119816 0.000314377 -0.00208578 -0.00413043 -0.00359189 -0.000691699
internal_weight=50215 29285 20004 86 9281 19918 8177 20930 1104 18086 16651 12181 12103 354 134 11749 8955 8722 97 233 86 8625 4470 8566 6752 2497 4255 1725 1676 2530
internal_count=50215 29285 20004 86 9281 19918 8177 20930 1104 18086 16651 12181 12103 354 134 11749 8955 8722 97 233 86 8625 4470 8566 6752 2497 4255 1725 1676 2530
is_linear=0
shrinkage=0.05


Tree=19
num_leaves=31
num_cat=0
split_feature=4 8 11 15 12 3 14 14 11 14 12 16 13 1 11 15 11 11 11 15 11 8 11 16 14 13 11 15 15 13
split_gain=17.2077 4.40944 3.84609 4.62891 5.35441 8.28521 4.73928 5.61949 15.5362 8.06512 5.17519 8.13312 4.95334 4.43604 4.3619 3.56439 8.27693 8.88835 17.2449 4.23648 6.9008 7.921 5.34756 6.13101 4.65413 3.99859 4.21921 5.12417 3.77427 8.24299
threshold=0.025601058654199132 0.41211063755135119 0.03197650803521624 0.041451489634195877 -0.018483569638135518 0.0047726455872832982 -0.071225645536492452 -0.05546753287916955 -0.0089648510996126456 -0.060408912479391223 0.02867505219605682 0.029501866757484899 17.445000648498539 0.18121303181216655 -0.028866673855592325 -0.034029595956212459 0.0084762607672295171 -0.043674023036412872 -0.055970662091911087 -0.011925965414788518 -0.029337474403061222 -0.038460938212224287 -0.023324981642921735 -0.038656880421716604 -0.037374592254897913 13.869999885559084 -0.020756014565235011 -0.010344466735408007 0.0016535677836440057 17.164999961853031
decision_type=2 10 2 2 2 2 2 2 2 2 2 2 2 2 2 2 2 2 2 2 2 10 2 2 2 2 2 2 2 2
left_child=-1 2 3 6 -5 -6 -2 8 14 -10 11 12 -11 15 -8 16 17 18 -9 22 21 -21 -17 -24 -22 -26 -27 -28 -29 -30
right_child=1 -3 -4 4 5 -7 7 13 9 10 -12 -13 -14 -15 -16 19 -18 -19 -20 20 24 -23 23 -25 25 26 27 28 29 -31
leaf_value=0.00017128782381609566 0.0001460736133915028 -0.00093613936743258013 0.00023220778459277373 0.00052687138832512785 -1.4872929902098658e-05 -0.0019944701433795438 -0.00054188745046379236 0.00070835649840231122 0.00027168929349922848 -0.0014437712009495705 0.00046878693207176028 8.5949905233384772e-06 -0.0012822971578956165 -0.00070523888422934075 -0.0012021704832837397 0.00067436355019496802 -0.0017777780434513665 0.00010775698365153509 -0.0018387560126811614 -0.00042668371535174211 0.00019764555344570093 -0.0017952011717627114 -0.00080490107340010903 9.1114238440185574e-05 8.7234462911229475e-05 0.0005047445289000415 -0.004518310346636834 -8.3249295180197642e-05 -8.8931030389837043e-05 -0.00058907586384077278
leaf_weight=20323 3082 378 2293 60 44 51 84 60 827 90 98 145 139 256 153 1096 45 403 48 345 2243 89 436 3192 2996 618 85 5406 2881 2217
leaf_count=20323 3082 378 2293 60 44 51 84 60 827 90 98 145 139 256 153 1096 45 403 48 345 2243 89 436 3192 2996 618 85 5406 2881 2217
internal_value=0.000283263 -0.000480576 -0.000411776 -0.000577623 -0.00919355 -0.0165789 -0.000528224 -0.000765698 -0.00369141 -0.00154349 -0.00675847 -0.0094385 -0.0153057 -0.000565221 -0.0154641 -0.000489621 -0.00444245 -0.00263209 -0.0153704 -0.000387891 -0.000758294 -0.00698157 0.000935648 1.10255e-05 -0.000594065 -0.000928325 -0.00136209 -0.00159647 -0.00149752 -0.00247352
internal_weight=50183 29860 29482 27189 155 95 27034 23952 1536 1299 472 374 229 22416 237 22160 556 511 108 21604 16880 434 4724 3628 16446 14203 11207 10589 10504 5098
internal_count=50183 29860 29482 27189 155 95 27034 23952 1536 1299 472 374 229 22416 237 22160 556 511 108 21604 16880 434 4724 3628 16446 14203 11207 10589 10504 5098
is_linear=0
shrinkage=0.05


Tree=20
num_leaves=31
num_cat=0
split_feature=5 4 15 13 15 2 13 13 12 14 14 3 11 15 11 14 13 13 9 13 13 14 13 11 16 13 16 12 13 12
split_gain=16.2577 5.16533 5.78422 7.11063 4.82074 5.75 3.08256 12.973 9.20383 3.73031 3.90214 3.8857 3.92339 3.40643 3.67735 4.39153 3.23707 7.05826 4.70289 3.02683 3.15565 3.82834 3.8056 4.74749 3.2817 2.99024 5.2604 5.03315 3.95654 3.52264
threshold=0.015065462660131321 0.045054201069355933 -0.046241331298511039 38.065000534057624 0.041451489634195877 -0.027922037508008587 21.555000305175785 21.295000076293949 -0.0080789703777397453 -0.069744182185856193 -0.05546753287916955 -0.013185667320657233 -0.0089648510996126456 0.012170227073911468 -0.0043480620197820499 -0.13532199000438486 16.85000038146973 15.97499990463257 -0.031294130387689738 19.115000724792484 13.174999713897707 -0.048736357061692485 13.194999694824221 0.014107180383983399 0.06050343142329196 17.994999885559086 0.038626385256018365 -0.013469657386432075 18.130000114440922 -0.040334954813934058
decision_type=2 2 2 2 2 2 2 2 2 2 2 2 2 2 2 2 2 2 10 2 2 2 2 2 2 2 2 2 2 2
left_child=-1 2 3 -2 -3 -6 7 9 -9 -4 11 -11 -13 -8 15 -15 17 -14 -19 20 21 -12 23 -22 25 -24 27 29 -29 -27
right_child=1 4 6 -5 5 -7 13 8 -10 10 19 12 16 14 -16 -17 -18 18 -20 -21 22 -23 24 -25 -26 26 -28 28 -30 -31
leaf_value=0.00017046492005403949 -0.0012721950321818148 -0.00025878586029027178 0.00024881623042043508 0.00074002504616156649 -0.0024214884748667998 0.00020015742056316195 0.0003457978681482729 -0.003383823495169508 -0.00025487224329132384 -0.0011764043540558411 -0.00075952798995878505 -0.00085326584111991121 -0.00017713459659199419 0.00050746139671249734 0.00045226083054099883 -0.00055727481499200646 0.00027996319221095038 -0.0018167015434500233 -0.0010602111610832174 0.00025487049246064819 0.00014924984777296531 0.00025889915869639835 -4.9922147465103538e-05 -0.0035747032677716888 0.0003608289517557507 0.00026225247176004496 -0.00063843056144532084 -0.0002833948895997397 0.00015483706737586442 -0.00060255218107634675
leaf_weight=18787 52 7416 2211 43 46 46 2318 70 102 61 40 68 516 99 254 266 359 55 41 2102 44 1785 10669 43 740 101 222 146 1043 346
leaf_count=18787 52 7416 2211 43 46 46 2318 70 102 61 40 68 516 99 254 266 359 55 41 2102 44 1785 10669 43 740 101 222 146 1043 346
internal_value=0.000281588 -0.000416241 -5.54713e-05 -0.0123684 -0.00155967 -0.0129348 -6.1177e-06 -0.000220574 -0.0138953 -0.000106352 -0.000339753 -0.00322727 -0.00250722 0.00151004 -0.00178514 -0.005 -0.00169413 -0.00390523 -0.0163542 -0.000155951 -0.0004022 0.00154795 -0.000668713 -0.011092 -0.000600362 -0.00079149 -0.00264263 -0.00166259 3.78471e-05 -0.00618568
internal_weight=50091 31304 23796 95 7508 92 23701 20764 172 20592 18381 1100 1039 2937 619 365 971 612 96 17281 15179 1825 13354 87 13267 12527 1858 1636 1189 447
internal_count=50091 31304 23796 95 7508 92 23701 20764 172 20592 18381 1100 1039 2937 619 365 971 612 96 17281 15179 1825 13354 87 13267 12527 1858 1636 1189 447
is_linear=0
shrinkage=0.05


Tree=21
num_leaves=31
num_cat=0
split_feature=4 6 4 15 12 4 14 15 13 12 14 13 12 14 14 16 16 14 14 15 13 16 13 16 15 14 16 12 16 14
split_gain=14.1414 4.95249 3.18259 4.13541 3.17124 3.54412 2.4002 2.39752 2.52703 4.23652 3.36384 3.20588 3.20558 2.47381 4.55668 4.68864 4.33487 3.44606 12.5795 6.24338 3.42077 5.34797 2.9534 3.22026 7.22989 3.67012 2.91738 4.72665 3.20729 4.5094
threshold=0.025601058654199132 0.76668837223374331 0.045054201069355933 0.041451489634195877 -0.075828258528587975 0.063670085131496454 -0.060408912479391223 -0.027988241650273023 31.844999313354496 -0.030461524413172677 0.22590160926733996 20.714999198913578 -0.0032252776079392249 0.027456401234134179 0.023792663726945221 -0.029864869151533021 0.0032927068285205645 -0.017113211502094435 -0.007258231789176727 -0.0044586982918248799 19.625000000000004 -0.046290294771689826 13.894999980926515 0.059691259568397721 0.030862289490320109 -0.069744182185856193 0.051811495287774852 0.024709772202027306 0.01696013637953209 0.018934443393513026
decision_type=2 2 2 2 2 2 2 2 2 2 2 2 2 2 2 2 2 2 2 2 2 2 2 2 2 2 2 2 2 2
left_child=-1 4 -3 -4 -2 7 -7 8 9 10 -6 12 -11 14 15 17 -16 20 -19 -20 -9 -22 -17 25 -25 -24 28 -28 29 -27
right_child=1 2 3 -5 5 6 -8 13 -10 11 -12 -13 -14 -15 16 22 -18 18 19 -21 21 -23 23 24 -26 26 27 -29 -30 -31
leaf_value=0.00015310284168701881 0.00063566977910138427 -0.00015508824444158693 -0.0006596461248553619 -0.0019147127139011143 -0.000601216561175646 6.330032446188834e-05 -0.00073323734461604227 0.0004639313341419326 0.00083790932830298242 -0.0014709019738041607 -0.0010458435617595433 0.00048892291356096974 1.258972484303447e-07 0.00013209984310184401 0.00028205253938711085 0.00020827532368253825 -0.0006106636326018767 -0.0018101732757024444 0.00046637831183959742 -0.00092112587539085449 0.0010933562201627188 -0.00057952298769935813 0.00017663809766285188 0.00043718707757486321 -0.00076159495219518358 -0.00015285223838770008 0.00038136778693310946 -0.00081731407337086958 5.7526421748689918e-05 -0.00046451170339464274
leaf_weight=20398 535 4441 1388 67 68 438 1145 258 80 43 42 170 41 5649 111 2834 280 75 170 92 104 248 1985 1045 72 4656 87 206 3098 215
leaf_count=20398 535 4441 1388 67 68 438 1145 258 80 43 42 170 41 5649 111 2834 280 75 170 92 104 248 1985 1045 72 4656 87 206 3098 215
internal_value=0.000260886 -0.000436359 -0.00173338 -0.00376289 -0.00011433 -0.00020205 -0.00248579 -3.49067e-05 -0.00367117 -0.00543956 -0.0136364 -0.00188976 -0.00988095 4.1303e-05 -0.0002845 -0.000146913 -0.00561381 -0.00355333 -0.00761128 -0.00244275 -0.00131148 -0.00451705 8.02932e-05 -0.000279831 0.00226947 -0.000557724 -0.00102154 -0.0059215 -0.000841385 -0.00164135
internal_weight=50041 29643 5896 1455 23747 23212 1583 21629 444 364 110 254 84 21185 15536 15145 391 947 337 262 610 352 14198 11364 1117 10247 8262 293 7969 4871
internal_count=50041 29643 5896 1455 23747 23212 1583 21629 444 364 110 254 84 21185 15536 15145 391 947 337 262 610 352 14198 11364 1117 10247 8262 293 7969 4871
is_linear=0
shrinkage=0.05


Tree=22
num_leaves=31
num_cat=0
split_feature=4 4 16 10 9 15 2 14 15 15 11 10 8 7 13 13 12 13 14 14 10 11 11 16 14 14 14 11 11 14
split_gain=13.629 5.09325 4.17804 4.00118 3.55364 2.85249 2.78351 2.54865 2.81497 4.4021 3.8137 13.9639 5.87077 3.48154 3.01922 9.96201 5.85814 3.63717 3.20903 4.41585 4.7125 3.37079 16.991 13.4943 4.33926 3.5904 4.33789 4.29852 7.0241 6.3038
threshold=0.023494051399080059 0.040224324699168749 0.056311592973609666 -0.029463592833469218 0.76989582658575961 0.041451489634195877 -0.029947226573499127 -0.11544121967691799 -0.010752517307762386 -0.010344466735408007 -0.028186654574093969 0.00048355916176134889 -0.054228869876818679 0.026508769866571028 21.555000305175785 21.295000076293949 -0.0080789703777397453 19.98499965667725 -0.015586669598789514 -0.013346627210452431 0.006337694363773628 0.0029094650612268018 0.0023967132721236521 0.013849812296077403 0.074532352734606358 0.048155268237130573 0.023528256562062814 0.018027346802980907 0.025508848097117291 0.029438000999075457
decision_type=2 2 2 2 10 2 2 2 2 2 2 2 10 2 2 2 2 2 2 2 2 2 2 2 2 2 2 2 2 2
left_child=-1 2 3 -2 5 -3 -7 -5 -9 13 11 -11 -13 -10 15 17 -17 18 -12 20 -20 22 24 -24 -21 26 -23 29 -29 -28
right_child=1 4 -4 7 -6 6 -8 8 9 10 14 12 -14 -15 -16 16 -18 -19 19 21 -22 25 23 -25 -26 -27 27 28 -30 -31
leaf_value=0.00016519625406616919 -0.00078706919020961027 -0.00015028645150056918 0.00041973325613144731 0.00035867384577193117 -0.00078163387604649522 -0.0020192631490269408 5.0386521333947375e-05 0.00013380622593217738 -8.9584190142085428e-05 0.00037791875849612348 4.118874624479713e-05 -0.00053137530211200864 -0.0013947650471109016 -0.0049952870158155712 0.00031121522449159772 -0.0033343925211268342 -0.00035797552289474564 0.00044123653353579732 -0.0008359783115653559 -5.7384835961046186e-05 0.00012886335637072406 3.5328263855539344e-05 -0.00046750568416053997 -0.0024327038174579642 -0.00047857352458261697 0.00043464236758117725 -0.0008258285190107464 -0.00080221418951091574 -5.9673119890501277e-05 0.00013608954803013846
leaf_weight=16189 85 9544 1320 733 1007 66 51 3736 40 259 6911 104 75 43 1090 65 104 739 85 2345 66 3176 157 56 310 691 168 190 215 574
leaf_count=16189 85 9544 1320 733 1007 66 51 3736 40 259 6911 104 75 43 1090 65 104 739 85 2345 66 3176 157 56 310 691 168 190 215 574
internal_value=0.000263378 -0.000305102 0.000108626 -5.51844e-05 -0.00121016 -0.000915536 -0.00867521 -1.32225e-05 -0.000113449 -0.000379946 -0.000325086 -0.00493151 -0.0156704 -0.0118675 -0.000205997 -0.000381024 -0.0124556 -0.000250908 -0.000420235 -0.00109984 -0.00956954 -0.000937579 -0.00230474 -0.015892 -0.00121469 -0.000155564 -0.000690493 -0.00332607 -0.00746914 -0.00106469
internal_weight=50194 34005 23337 22017 10668 9661 117 21932 21199 17463 17380 438 179 83 16942 15852 169 15683 14944 8033 151 7882 2868 213 2655 5014 4323 1147 405 742
internal_count=50194 34005 23337 22017 10668 9661 117 21932 21199 17463 17380 438 179 83 16942 15852 169 15683 14944 8033 151 7882 2868 213 2655 5014 4323 1147 405 742
is_linear=0
shrinkage=0.05


Tree=23
num_leaves=31
num_cat=0
split_feature=4 6 14 14 10 5 15 12 13 13 13 13 13 11 11 16 13 11 6 13 6 10 14 14 7 13 13 16 12 11
split_gain=12.6064 4.61755 3.47389 3.63857 4.18724 2.94276 3.13825 3.55414 8.0515 2.71593 2.69731 10.2714 3.43883 3.32843 7.58453 4.86565 11.497 10.0406 2.8125 2.64168 2.56109 2.55122 2.58415 3.12211 4.08492 4.35092 12.251 3.57793 2.41625 3.28608
threshold=0.027121419090185967 0.020186992711023876 -0.021977147879264466 -0.021271104882925714 -0.00010146286360712685 0.03335643450972136 -0.034029595956212459 -0.0067438381246153192 31.844999313354496 28.970000267028812 16.914999961853031 16.875000000000004 16.675000190734867 0.0057915448439024306 0.0053660058673883357 0.009349079015836927 15.855000019073488 0.0047087811443838898 -0.58079323780086611 16.73499965667725 0.49073004377687873 -0.0086987636486000035 -0.077913276979976895 -0.056340529311790281 0.029208489757839521 15.97499990463257 16.765000343322757 -0.021365674733441028 -0.023427957262836582 0.003813504719322514
decision_type=2 2 2 2 2 2 2 2 2 2 2 2 2 2 2 2 2 2 2 2 2 2 2 2 2 2 2 2 2 2
left_child=2 -2 20 4 -4 6 7 8 -3 10 11 12 13 14 15 -5 -17 -18 -16 -14 -1 -8 -23 24 25 -24 -27 -28 -25 -30
right_child=1 5 3 9 -6 -7 21 -9 -10 -11 -12 -13 19 -15 18 16 17 -19 -20 -21 -22 22 23 28 -26 26 27 -29 29 -31
leaf_value=0.00026830853059417741 1.0350458635011739e-05 -0.0016308553444576931 -0.0003414997812859108 3.7918448370924758e-05 -1.0334713105515365e-05 -0.00082421215522775139 0.00016653800331197988 7.9864075781592284e-05 0.00095087668865574996 -0.0018702299826025681 0.00021476402139758416 -0.00046984989384237874 -0.00049028105458105915 0.00017196963461345386 -0.00095220634753774049 1.3953631147258512e-05 -0.001588812415123618 -0.00017885191936786883 -0.0005904538852763712 -7.620155081794987e-05 7.519027182343128e-05 0.00023171227494905592 2.0102994426590953e-05 0.00019630960181429781 -1.9873051715319934e-05 -0.0021036753996657494 -0.00077708030874648994 -0.00038759086778018809 -0.00034841585813423205 -4.9896528506119427e-05
leaf_weight=5995 16323 112 65 3648 109 1178 1315 123 65 41 5278 103 150 5079 40 260 59 51 40 232 1964 1055 131 576 318 49 85 179 2108 3411
leaf_count=5995 16323 112 65 3648 109 1178 1315 123 65 41 5278 103 150 5079 40 260 59 51 40 232 1964 1055 131 576 318 49 85 179 2108 3411
internal_value=0.000281401 -0.000451754 0.0011387 0.00069449 -0.00649425 -0.00125876 -0.000967251 -0.006 -0.0105367 0.000777986 0.000813253 0.000316705 0.00048593 0.000679416 -0.000380673 -7.71526e-05 -0.00554054 -0.0190909 -0.015625 -0.0041623 0.00198455 -0.00080362 -0.00114257 -0.00149701 -0.00451444 -0.00761261 -0.0108147 -0.00655303 -0.00111977 -0.00144138
internal_weight=50142 27028 23114 15155 174 10705 9527 300 177 14981 14940 9662 9559 9177 4098 4018 370 110 80 382 7959 9227 7912 6857 762 444 313 264 6095 5519
internal_count=50142 27028 23114 15155 174 10705 9527 300 177 14981 14940 9662 9559 9177 4098 4018 370 110 80 382 7959 9227 7912 6857 762 444 313 264 6095 5519
is_linear=0
shrinkage=0.05


Tree=24
num_leaves=31
num_cat=0
split_feature=5 14 13 3 5 6 14 13 13 1 15 11 14 0 8 10 7 10 6 16 16 3 15 8 15 7 16 16 15 15
split_gain=10.6849 3.42141 8.76793 6.80892 3.24128 3.18466 3.02817 2.70185 9.83543 11.0902 3.27877 5.50088 3.73202 3.77262 3.11957 3.57563 2.94313 2.92382 2.70434 2.58154 4.10957 4.81671 2.47334 3.23967 2.3591 2.45402 2.28446 2.78195 4.96408 2.1976
threshold=0.0164240550790286 0.38848161677544563 38.065000534057624 -0.03314171316758812 0.03335643450972136 0.2222095326235686 -0.017647948149660749 21.555000305175785 21.409999847412113 -0.0076550994219632398 0.0024147236971868717 -0.0043480620197820499 -0.10816573528732347 1.0000000180025095e-35 -0.047311318956262498 0.0055649513085964672 -0.022422482026448639 -0.016935534775352808 0.020186992711023876 0.018371032737191321 0.0039606467991071268 -0.021125088857189774 -0.020213503012781627 0.018326073251201617 0.030862289490320109 -0.014927615441588436 0.06050343142329196 0.051811495287774852 0.021682552087070043 -0.0028850154808948143
decision_type=2 2 2 2 2 2 2 2 2 2 2 2 2 2 10 2 2 2 2 2 2 2 2 8 2 2 2 2 2 2
left_child=5 4 3 -3 7 6 -1 8 18 -10 17 12 13 -12 -14 16 -16 22 24 20 -6 -22 -9 -24 26 -26 27 -2 -29 -23
right_child=1 2 -4 -5 19 -7 -8 10 9 -11 11 -13 14 -15 15 -17 -18 -19 -20 -21 21 29 23 -25 25 -27 -28 28 -30 -31
leaf_value=0.00023601884318647816 1.7481633621997654e-05 -0.0021396983111188505 0.00087583319450748761 -0.00079382734574739142 -0.00053323354507057768 2.7834648575961483e-05 9.7003709118822709e-05 8.9931679702689847e-05 -0.0047527066455232249 -0.00051758666960843023 -0.00061200904450972636 0.00039840165704193924 -0.00026610525283501382 0.00052809637383483823 -0.0010700233455243726 -0.0012932361982721807 -0.00021856309327193945 0.00052860165672497926 -0.0001377462779956175 -4.478559494616056e-05 -0.0021146878929726655 -0.001567310519726999 -0.00013725799920644651 -0.00074229315008137614 -0.00090795717385742762 -8.813976040208386e-05 0.00039912680641643653 -0.00020135054994435583 -0.0011769426403790452 -0.00070092849340383859
leaf_weight=5896 11146 46 92 40 1389 7573 10021 447 44 67 46 626 392 234 40 80 146 1391 7782 1264 67 92 63 40 41 53 545 221 43 294
leaf_count=5896 11146 46 92 40 1389 7573 10021 447 44 67 46 626 392 234 40 80 146 1391 7782 1264 67 92 63 40 41 53 545 221 43 294
internal_value=0.00023307 -0.0004506 -0.00735955 -0.0188372 -0.000404286 0.00101107 0.00141264 -0.000203224 -0.000428242 -0.0152703 0.00107703 -0.000626598 -0.00304904 0.00178571 -0.00510638 -0.00928571 -0.00548387 0.00244977 -0.000345166 -0.00192209 -0.00311618 -0.00725166 -0.000636363 -0.00762136 0.000124077 -0.00776596 0.000186115 3.50572e-05 -0.00503788 -0.00510363
internal_weight=50221 26731 178 86 26553 23490 15917 23447 19942 111 3505 1564 938 280 658 266 186 1941 19831 3106 1842 453 550 103 12049 94 11955 11410 264 386
internal_count=50221 26731 178 86 26553 23490 15917 23447 19942 111 3505 1564 938 280 658 266 186 1941 19831 3106 1842 453 550 103 12049 94 11955 11410 264 386
is_linear=0
shrinkage=0.05


Tree=25
num_leaves=31
num_cat=0
split_feature=5 6 9 14 12 13 13 12 9 5 14 14 16 10 14 16 16 12 9 15 0 15 12 12 16 16 16 10 10 12
split_gain=10.9422 3.48199 3.26002 2.97388 6.92398 3.3389 7.92232 10.4025 3.85902 3.23793 2.68205 2.86278 7.80358 6.11269 5.01843 3.09544 9.68979 7.61001 2.65108 2.58548 2.69396 3.38065 3.37423 5.62215 2.94021 3.13341 2.4596 3.11606 3.37179 2.45115
threshold=0.018166472604768263 0.020186992711023876 0.82870794181323282 0.38848161677544563 -0.067575688865902969 21.555000305175785 21.295000076293949 -0.0080789703777397453 0.22650183378497604 0.05387553729704616 -0.017647948149660749 -0.011313380079801037 -0.0084323592337043323 -0.0015878085358975167 -0.012869754487188577 -0.01435959191303726 -0.013546770806142026 0.04253795446102749 0.10398914579444875 0.041451489634195877 -0.011100319807340662 -0.006107311622501165 -0.013469657386432075 -0.016321490228624388 -0.027758269377802177 -0.0057897109213050349 -0.045426613673476827 0.0012830782027211109 -0.0024606857444454673 -0.0067438381246153192
decision_type=2 2 10 2 2 2 2 2 8 2 2 2 2 2 2 2 2 2 8 2 2 2 2 2 2 2 2 2 2 2
left_child=1 10 3 5 -5 6 9 -8 -9 19 -1 12 13 -12 -15 -13 17 18 -17 20 21 22 23 -2 -23 -26 27 28 -22 -7
right_child=2 -3 -4 4 -6 29 7 8 -10 -11 11 15 -14 14 -16 16 -18 -19 -20 -21 26 24 -24 -25 25 -27 -28 -29 -30 -31
leaf_value=0.00023084790041438244 -0.0002203885906237956 3.4274393909108318e-05 -0.00067087723342644501 0.00095450490331230257 -0.0012011490256575099 4.2276267697432716e-05 -0.004864792599816932 0.00035176612581995633 -0.00055850391180230392 -0.0017919990462709383 0.00030690320812273327 0.00029760683152504805 3.5308569885957897e-05 -0.00025105391024046882 -0.0025528082742027171 -0.0011325335142622485 0.00010979587411075879 -0.0011570839834406886 -8.0753017828701657e-06 -0.001461472877033031 -0.00043281387467956358 -0.00082541768707148136 9.0477105499985749e-05 -0.0014232517806159898 0.00030444799134808176 -0.00045393697883822629 2.7001919325111522e-07 0.0012987371818577219 -0.0011857870398028951 0.00062900220484136266
leaf_weight=6478 404 11274 927 76 72 3498 51 84 40 80 49 2135 780 62 50 62 7376 41 114 55 67 119 1971 60 393 1768 11323 49 69 602
leaf_count=6478 404 11274 927 76 72 3498 51 84 40 80 49 2135 780 62 50 62 7376 41 114 55 67 119 1971 60 393 1768 11323 49 69 602
internal_value=0.000278182 0.000923789 -0.000567072 -0.000437659 -0.0075 -0.000387001 -0.000703744 -0.0112857 -0.00346774 -0.000590537 0.00137254 0.000885275 -0.00174814 -0.0117702 -0.0182143 0.00114001 0.000667062 -0.00974654 -0.00522727 -0.000541221 -0.00050453 -0.00151113 -0.000215606 -0.00405172 -0.00289474 -0.00247339 -9.21096e-05 -0.00581081 -0.00970588 0.000890244
internal_weight=50129 28421 21708 20781 148 20633 16533 175 124 16358 17147 10669 941 161 112 9728 7593 217 176 16278 16223 4715 2435 464 2280 2161 11508 185 136 4100
internal_count=50129 28421 21708 20781 148 20633 16533 175 124 16358 17147 10669 941 161 112 9728 7593 217 176 16278 16223 4715 2435 464 2280 2161 11508 185 136 4100
is_linear=0
shrinkage=0.05


Tree=26
num_leaves=31
num_cat=0
split_feature=4 6 6 16 5 5 5 10 10 5 14 8 14 14 14 11 11 10 16 3 14 2 16 10 16 3 13 14 10 14
split_gain=10.1507 4.2692 3.91413 2.77194 2.60269 2.1817 2.0343 1.99914 2.30886 2.15226 1.88426 1.87893 1.7509 3.60653 12.3838 13.4304 2.94741 6.09448 5.23077 4.28657 4.10505 5.26833 4.95349 6.20167 3.645 2.76321 2.45974 5.4 3.6601 3.2727
threshold=0.034973496337718547 1.0557259211664707 0.20993304223399037 0.054748975145843322 0.011474250429187982 0.059250539661698069 0.041429245259550142 0.016350116268756935 0.015605159278572868 0.026595914413849297 -0.086337752297859935 -0.12961845435491651 -0.017647948149660749 0.0080830591469587282 0.0071322940265206034 -0.003308881386918205 0.0072247197872850064 -0.0028956048481962866 -0.0020463167448601101 -0.00065069451997340478 -0.011729089558044635 -0.0072460938939888911 -0.00415439487512853 -0.0013492483316671631 -0.031094083371474898 -0.0063495430986001957 15.875000000000002 0.020612402779838893 0.0027133093769406984 0.029438000999075457
decision_type=2 2 2 2 2 2 2 2 2 2 2 10 2 2 2 2 2 2 2 2 2 2 2 2 2 2 2 2 2 2
left_child=2 5 4 10 -1 7 -3 8 9 -2 11 -4 -6 14 16 -16 17 -14 -18 20 21 -19 -22 -24 -21 -25 27 -15 29 -29
right_child=1 6 3 -5 12 -7 -8 -9 -10 -11 -12 -13 13 26 15 -17 18 19 -20 24 22 -23 23 25 -26 -27 -28 28 -30 -31
leaf_value=0.00020546751579468255 1.6103957631186366e-05 -0.00037495249466294798 -0.00028803939023379409 0.00044289409731727337 0.0001545639369731045 -0.0014394115894249288 -0.0016664150372175974 0.00039254937703639973 -0.0014203413420694397 -0.00021349037779778542 -5.1059228177848822e-05 0.0003099772778264955 0.00050747445080387052 0.00031116792883101904 4.4993791735632832e-05 -0.0017146201228383834 -0.0026490527828323253 -0.0025880598539913973 0.00014203682496422948 -0.00058769933626678515 6.3785802845090769e-05 -0.0003419448083177985 -0.00091493600851544744 -0.00053370430461996713 -5.251216707421262e-05 -2.7835923995671202e-05 0.00020528459662278863 -0.00046339630661074854 0.00032693562034922852 -0.00010980155773449223
leaf_weight=4913 6442 2251 42 658 7125 160 204 554 40 5921 9596 702 408 778 56 58 58 64 2464 53 204 81 50 41 850 109 4351 281 369 1228
leaf_count=4913 6442 2251 42 658 7125 160 204 554 40 5921 9596 702 408 778 56 58 58 64 2464 53 204 81 50 41 850 109 4351 281 369 1228
internal_value=0.000254535 -0.000805291 0.000732361 -4.63719e-05 0.00109617 -0.000447129 -0.00271894 -0.000375473 -0.000506732 -0.000467928 -0.000246615 0.00217742 0.000826176 0.000444667 -0.000660587 -0.0169298 -0.000237334 -0.00174731 0.000876289 -0.00326446 -0.00674863 -0.0139655 -0.00415842 -0.00975 -0.00114618 -0.00466667 0.00115385 -4.51805e-05 -0.00149627 -0.00258781
internal_weight=50111 15572 34539 10998 23541 13117 2455 12957 12403 12363 10340 744 18628 11503 4496 114 4382 1860 2522 1452 549 145 404 200 903 150 7007 2656 1878 1509
internal_count=50111 15572 34539 10998 23541 13117 2455 12957 12403 12363 10340 744 18628 11503 4496 114 4382 1860 2522 1452 549 145 404 200 903 150 7007 2656 1878 1509
is_linear=0
shrinkage=0.05


Tree=27
num_leaves=31
num_cat=0
split_feature=5 6 5 15 12 11 13 13 10 10 11 14 14 2 10 14 14 12 4 15 5 10 15 11 12 3 0 13 11 11
split_gain=9.40594 3.80903 2.55967 2.80875 3.82886 4.12755 2.58175 4.84467 4.92874 13.32 12.8092 4.85586 6.23119 4.41818 3.84437 2.56112 4.18602 3.29939 2.3406 2.16629 2.15261 2.26455 2.11825 3.68808 3.04343 3.10584 2.02683 1.99338 2.18096 3.15772
threshold=0.01731961696710595 1.0557259211664707 0.010871267716815668 -0.027988241650273023 -0.0075921435528307204 -0.022310292973000797 16.894999504089359 16.875000000000004 -0.002826478806265686 -0.0029425651550978866 0.0021655694557776166 0.020612402779838893 0.024903216094988693 0.019594270932801642 -0.0077272897241722474 0.079538209541853658 0.081923980519954323 -0.0054605292938276753 0.05859012739959954 -0.039796286721061162 0.03335643450972136 0.016350116268756935 -0.027988241650273023 -0.022310292973000797 -0.0032252776079392249 -0.012172947546013833 -0.062026677445281002 13.605000019073488 0.023858955233929894 0.020527358618941841
decision_type=2 2 2 2 2 2 2 2 2 2 2 2 2 2 2 2 2 2 2 2 2 2 2 2 2 2 2 2 2 2
left_child=2 20 -1 4 5 19 7 8 9 11 -11 -5 -13 -12 -14 17 -17 -16 -3 -4 22 -22 23 26 25 -25 -2 -10 29 -29
right_child=1 18 3 6 -6 -7 -8 -9 27 10 13 12 14 -15 15 16 -18 -19 -20 -21 21 -23 -24 24 -26 -27 -28 28 -30 -31
leaf_value=0.00018648406393038201 -0.0004931499587574323 -0.00024968955505596597 -0.0016607109697837456 0.00032981457656173374 0.00017729607275151715 -0.00064273954584563413 0.00016061374249098264 -0.00088403346619666796 0.00021985075360692673 -2.096221302157753e-05 -0.0013880406508614081 -0.00078430803651663862 0.00025552322014181565 -0.0017710617671376325 -0.0006650313043749023 -0.00078253833351286028 -0.00015534075382773297 -6.1468964779818713e-05 -0.00098091039479735321 0.00033307157854057384 -0.00036866999446496238 0.00073294457104377793 1.0512237497944119e-05 -0.0005218551277737008 -7.3343963647139236e-05 -0.001336334690025115 0.00041209548115474877 2.7997164844724828e-05 0.00030334158103973688 -0.0003054798131957843
leaf_weight=5531 48 3091 43 808 193 65 7811 53 3467 94 44 58 500 66 65 75 166 678 419 83 2503 167 17360 41 67 45 252 5013 950 318
leaf_count=5531 48 3091 43 808 193 65 7811 53 3467 94 44 58 500 66 65 75 166 678 419 83 2503 167 17360 41 67 45 252 5013 950 318
internal_value=0.000242042 -0.000472429 0.000899314 0.000642336 -0.00359375 -0.00861257 0.000722999 0.000273169 0.000338157 -0.00161707 -0.0138725 -0.000553191 -0.00219844 -0.0254545 -0.00157008 -0.00338415 -0.00786307 -0.00193136 -0.0019943 -0.00333333 -0.000211639 -0.00153558 -1.31924e-05 -0.00338852 -0.00970588 -0.0159302 -0.000166666 0.000850431 0.000319217 -7.40947e-05
internal_weight=50074 23993 26081 20550 384 191 20166 12355 12302 2554 204 2350 1542 110 1484 984 241 743 3510 126 20483 2670 17813 453 153 86 300 9748 6281 5331
internal_count=50074 23993 26081 20550 384 191 20166 12355 12302 2554 204 2350 1542 110 1484 984 241 743 3510 126 20483 2670 17813 453 153 86 300 9748 6281 5331
is_linear=0
shrinkage=0.05


Tree=28
num_leaves=31
num_cat=0
split_feature=5 11 5 0 5 12 10 3 11 15 3 11 11 16 13 10 10 11 2 13 10 16 10 1 13 13 11 10 15 15
split_gain=9.22439 3.34886 4.04558 3.45481 2.53585 2.45459 4.3798 5.59577 2.11521 2.11448 2.19469 2.15243 4.44242 2.45895 2.09824 3.01805 12.1375 9.38135 5.52002 3.67621 4.08662 2.69218 3.20387 4.31614 2.0653 2.45424 4.32261 5.97033 3.47193 3.30991
threshold=0.0164240550790286 0.03197650803521624 0.03335643450972136 -0.01160689993142988 0.01093490762278548 -0.075828258528587975 -0.029463592833469218 -0.025541929885278588 0.077392985560090458 -0.023027529447998015 -0.022430355499246765 -0.009665754685088233 0.0074288376528827147 0.00081975429508929231 16.914999961853031 -0.002826478806265686 -0.0029425651550978866 0.0021655694557776166 0.019594270932801642 16.875000000000004 0.0041960795209391452 0.01696013637953209 -0.0041979732258571869 0.0020225966689664259 13.744999885559084 19.115000724792484 -0.028186654574093969 -0.0020657822926501974 0.034244353927935574 0.0016535677836440057
decision_type=2 2 2 2 2 2 2 2 2 2 2 2 2 2 2 2 2 2 2 2 2 2 2 2 2 2 2 2 2 2
left_child=4 2 5 -3 -1 -2 7 -7 -5 -4 11 -11 13 -13 15 16 21 -18 -19 -17 -21 -6 -23 -24 -8 26 27 -26 -28 -27
right_child=1 3 9 8 14 6 24 -9 -10 10 -12 12 -14 -15 -16 19 17 18 -20 20 -22 22 23 -25 25 29 28 -29 -30 -31
leaf_value=0.00018283772901109337 0.00053322137903452453 -0.00040383251127825559 0.00048966466266454466 0.00032437477324599365 3.7153002115392613e-05 -0.0012214598429466455 0.00012804449267186965 0.00034619762642116111 -0.00068447099876806387 -0.00049783632429089523 -0.00042383449059700887 -0.0022540347173564445 -0.00014142011435579446 -0.0015737493852828598 0.00015793280221638268 8.9634111333953452e-05 -3.5542200988765412e-05 -0.00080263554636881217 -0.0011979946956815774 -0.001042283450719246 4.5063945392164624e-05 -3.5489089962296895e-05 -0.00062230392387444672 -0.00057759765158108586 0.00010673099315049594 0.00018672113982391261 -8.7592780310590337e-05 -0.0011211625599332178 -0.0010216024636787772 -0.00013027804809409297
leaf_weight=5753 481 311 241 1815 1812 45 2814 52 58 103 2094 59 96 53 6910 8488 89 49 69 40 51 196 50 79 92 3271 12439 109 76 2435
leaf_count=5753 481 311 241 1815 1812 45 2814 52 58 103 2094 59 96 53 6910 8488 89 49 69 40 51 196 50 79 92 3271 12439 109 76 2435
internal_value=0.000281704 -0.000355802 -0.000523303 0.00152015 0.00100187 -0.000299349 -0.00037899 -0.0109794 0.00233049 -0.00236961 -0.00281705 -0.00673633 -0.00966346 -0.0164286 0.000707397 0.000276023 -0.00131399 -0.0128744 -0.0221186 0.000710456 -0.00928571 -0.000194197 -0.00438462 -0.0105039 -0.000330571 -0.000523287 -0.000909877 -0.00818408 -0.000793048 0.000338241
internal_weight=50230 26644 24460 2184 23586 21814 21333 97 1873 2646 2405 311 208 112 17833 10923 2344 207 118 8579 91 2137 325 129 21236 18422 12716 201 12515 5706
internal_count=50230 26644 24460 2184 23586 21814 21333 97 1873 2646 2405 311 208 112 17833 10923 2344 207 118 8579 91 2137 325 129 21236 18422 12716 201 12515 5706
is_linear=0
shrinkage=0.05


Tree=29
num_leaves=31
num_cat=0
split_feature=4 16 5 15 1 15 14 14 11 11 13 13 14 11 14 16 16 14 0 13 13 15 15 15 13 13 0 8 13 13
split_gain=8.02129 3.65419 3.64674 2.43123 2.42405 2.1789 2.50962 2.66109 6.70369 4.94563 3.15563 7.97203 4.58375 3.22104 2.67402 3.53875 11.6377 5.52243 5.19844 3.67692 4.05937 3.08494 4.84519 11.9985 6.09203 9.20411 5.33584 4.77299 4.44946 4.34312
threshold=0.034447430902902712 0.056311592973609666 0.010426090517751089 -0.046241331298511039 0.20822884413454715 0.041451489634195877 -0.071225645536492452 -0.05546753287916955 -0.0089648510996126456 -0.031453464626615406 16.85000038146973 15.97499990463257 -0.056340529311790281 0.003813504719322514 -0.024601750905799354 -0.018750734879232563 -0.018082775062652375 0.18137679246918895 -0.0015290043883983693 20.375000000000004 20.335000038146976 -0.011133573310249499 -0.0015577020658212313 -0.0017168797889109408 15.875000000000002 15.654999732971193 -0.0026742124195961443 -0.27641839579916333 14.960000038146974 14.84500026702881
decision_type=2 2 2 2 2 2 2 2 2 2 2 2 2 2 2 2 2 2 2 2 2 2 2 2 2 2 2 10 2 2
left_child=1 2 -1 -4 -2 6 -5 8 9 -8 11 12 -10 -13 -9 -16 18 19 -17 20 21 -18 23 24 25 28 -27 -24 29 -23
right_child=4 -3 3 5 -6 -7 7 14 10 -11 -12 13 -14 -15 15 16 17 -19 -20 -21 -22 22 27 -25 -26 26 -28 -29 -30 -31
leaf_value=0.00017756308424996781 -8.3524686523376568e-05 0.00042277178047077455 -0.00079823072232716469 0.00021806995742894766 -0.00050785346460322683 -0.00070189259228953759 0.00096295274360744514 0.00018857703133380978 6.2600307111927649e-05 -0.00067671778464314068 0.00025243747978132361 -0.0007811896518941829 -0.00049566367719160208 -0.0013499817617556146 0.00016638473407377548 -0.00022730980118867061 0.00020598742297082718 -0.00040455968648670778 -0.0030191680157284529 0.00045549475693926981 -0.00075412588944392316 -0.00025191063429576678 -0.0003157759776791281 -0.0015038681377148942 3.4436627509146262e-05 -0.0010499347971704316 -0.00035989198205701035 4.6078714570878205e-05 0.00061386014115666961 -0.0017663881614245844
leaf_weight=4233 15878 1340 73 2505 375 45 42 4911 567 158 581 42 72 64 3890 40 1883 59 41 936 74 1465 151 84 1910 62 46 8272 216 84
leaf_count=4233 15878 1340 73 2505 375 45 42 4911 567 158 581 42 72 64 3890 40 1883 59 41 936 74 1465 151 84 1910 62 46 8272 216 84
internal_value=0.000286333 0.000724753 0.00061927 0.000414353 -0.000626653 0.000437943 0.000455514 0.000307992 -0.00171691 -0.01025 -0.000429864 -0.00258389 -0.000477308 -0.015283 0.00043608 0.000169937 -0.000171964 -7.15127e-05 -0.0190741 -1.21845e-05 -0.000211623 -0.000150638 -0.000439381 -0.00190458 -0.00148956 -0.00351575 -0.0176852 0.00023329 -0.00264872 -0.00358618
internal_weight=50099 33846 32506 28273 16253 28200 28155 25650 1526 200 1326 745 639 106 24124 19213 15323 15242 81 15183 14247 14173 12290 3867 3783 1873 108 8423 1765 1549
internal_count=50099 33846 32506 28273 16253 28200 28155 25650 1526 200 1326 745 639 106 24124 19213 15323 15242 81 15183 14247 14173 12290 3867 3783 1873 108 8423 1765 1549
is_linear=0
shrinkage=0.05


Tree=30
num_leaves=31
num_cat=0
split_feature=4 6 5 16 16 11 12 15 3 15 12 13 15 13 11 15 9 12 11 11 15 3 16 11 9 11 11 12 11 12
split_gain=8.12578 4.22544 3.02458 2.56157 3.6446 3.12723 2.39258 2.32523 2.97674 2.35608 3.34348 4.88822 2.26084 4.63515 7.78262 2.21164 5.34709 2.13556 4.31596 4.07539 3.94312 8.72263 6.82216 4.24043 4.56108 3.94343 11.2331 6.28468 4.76317 2.60972
threshold=0.023494051399080059 0.020186992711023876 0.033939127521358518 0.053598884894789041 0.04954323388425997 0.021590279744903355 -0.0800835440536906 0.041451489634195877 0.012480610281767836 -0.034029595956212459 -0.0067438381246153192 38.065000534057624 -0.0014563247891620221 12.454999923706056 0.016276955956380904 -0.0017168797889109408 -0.1090545965019326 0.028755529874552547 0.021590279744903355 0.015980558357876488 0.0016535677836440057 -0.012172947546013833 -0.013380936906419559 -0.026323618530511902 0.16423473565101079 0.0015109510563884323 0.0035059532242039952 0.019437474546263659 0.0029094650612268018 0.02719353000997338
decision_type=2 2 2 2 2 2 2 2 2 2 2 2 2 2 2 2 10 2 2 2 2 2 2 2 10 2 2 2 2 2
left_child=12 6 3 4 7 -6 -2 9 -9 10 11 -3 13 14 -1 -15 -17 18 20 -19 25 22 -22 24 -23 -8 27 -27 -29 -25
right_child=1 2 -4 -5 5 -7 17 8 -10 -11 -12 -13 -14 15 -16 16 -18 19 -20 -21 21 23 -24 29 -26 26 -28 28 -30 -31
leaf_value=-0.00072915600302360297 0.0010627733054499537 -0.0013177208324942511 -0.00066629409742329003 0.00022291632741365874 -0.0014874032504486679 -0.00026361193184135372 0.0001600288595219374 0.00022152616122603897 -0.0013495079927024285 -7.022704277800777e-05 5.0706584440562351e-05 0.00079815833617439148 0.00015446566178134978 8.1959683568120354e-05 0.00069548603904122689 0.00028346097831209304 -0.00070129394931292316 0.00020783345610477633 0.00025813973295213697 -0.00012174884178649117 -0.0037466553199028232 -0.00042747520829025096 -0.0005521537539846488 -3.5831049706305149e-05 -0.0012169927696586362 -0.00038746178221276306 4.7069355189727083e-05 -0.0022162939906564872 -0.00047328513009204206 -0.00046464237440263945
leaf_weight=46 262 130 1080 1013 68 125 4049 43 43 10686 132 61 10435 5525 56 71 44 4778 2020 2090 70 252 320 4570 40 277 1459 50 47 295
leaf_count=46 262 130 1080 1013 68 125 4049 43 43 10686 132 61 10435 5525 56 71 44 4778 2020 2090 70 252 320 4570 40 277 1459 50 47 295
internal_value=0.000242037 -0.000197291 -0.000888947 -0.000666206 -0.000882353 -0.0076943 0.000252442 -0.000763857 -0.00895349 -0.000699882 -0.00490712 -0.00913613 0.00116431 0.000367468 -0.0101961 0.000558511 -0.00630435 0.000191219 -0.000175106 0.000908562 -0.000551667 -0.00150802 -0.00871795 -0.000962769 -0.00681507 0.000350221 -0.00157392 -0.00930481 -0.0202577 -0.000611511
internal_weight=50137 33960 13381 12301 11288 193 20579 11095 86 11009 323 191 16177 5742 102 5640 115 20317 13449 6868 11429 5547 390 5157 292 5882 1833 374 97 4865
internal_count=50137 33960 13381 12301 11288 193 20579 11095 86 11009 323 191 16177 5742 102 5640 115 20317 13449 6868 11429 5547 390 5157 292 5882 1833 374 97 4865
is_linear=0
shrinkage=0.05


Tree=31
num_leaves=31
num_cat=0
split_feature=4 10 3 4 6 12 13 13 1 15 15 3 14 9 15 15 12 12 9 4 13 13 10 14 13 14 13 10 8 13
split_gain=7.20684 3.92623 5.325 2.93981 2.50808 2.47406 2.37073 5.72098 5.64211 2.3546 2.95591 2.65626 2.35722 3.61482 2.18921 2.74945 4.2511 18.1281 5.61944 1.87663 1.97106 3.70336 5.67554 1.78672 3.74316 3.2287 2.22725 1.71315 2.43226 1.71263
threshold=0.042208255895012738 -0.029463592833469218 -0.025541929885278588 0.024691371677795983 1.3424726889480223 -0.075828258528587975 21.555000305175785 21.409999847412113 0.0031982996609326579 0.012170227073911468 0.014636150279945139 0.0095767725090979434 0.18137679246918895 0.39033171624520241 -0.0014563247891620221 -0.0044586982918248799 0.040667203232477307 0.048302189377787193 0.1499445168645647 0.1023369429345474 31.844999313354496 29.835000038146976 -0.002826478806265686 -0.069744182185856193 20.980000495910648 -0.068623004427642229 20.375000000000004 0.013844778774777857 -0.060546862218942891 14.614999771118166
decision_type=2 2 2 2 2 2 2 2 2 2 2 2 2 8 2 2 2 2 8 2 2 2 2 2 2 2 2 2 10 2
left_child=1 2 -1 14 5 -2 7 23 -9 12 11 -11 -8 -14 15 -3 -17 18 -18 20 21 -7 -23 24 -5 -25 -27 -6 -29 -16
right_child=4 3 -4 6 27 19 9 8 -10 10 -12 -13 13 -15 29 16 17 -19 -20 -21 -22 22 -24 25 -26 26 -28 28 -30 -31
leaf_value=-0.00076779274408481752 0.00066275910028092036 9.7224238943676561e-05 -0.00021244306780585488 0.00022947550620633453 -0.0004304473068570499 -0.00011854483360216108 0.00035007726780786059 -0.0044484234156305256 0.00018209858033453849 -0.00068734540454963903 0.00014994326095740134 0.00022005138057000463 2.3358269741421842e-05 -0.00046601796538212254 0.00022993496439819151 1.9106425726301911e-05 -0.00014760759604077783 0.00014551614303018882 -0.00082143256851794667 -0.001383619108400215 0.00076319124398181335 -0.0021973706491806807 -0.00015729550230976941 -0.00064683000629651034 -0.00054481034186142552 -1.8120188849151973e-05 0.00034371741159128027 -0.00176464652891851 -0.0003328022699793795 9.4126182870276904e-05
leaf_weight=41 379 4927 83 2045 989 7312 1856 42 41 91 396 42 150 40 4832 1080 42 386 120 149 179 43 92 51 82 16475 819 63 80 7226
leaf_count=41 379 4927 83 2045 989 7312 1856 42 41 91 396 42 150 40 4832 1080 42 386 120 149 179 43 92 51 82 16475 819 63 80 7226
internal_value=0.000291408 0.000577116 -0.00830645 0.000604153 -0.00096597 -0.000659799 0.000214641 2.68475e-05 -0.0130723 0.00164078 -0.0013327 -0.00778195 0.00240958 -0.00289474 0.00106726 0.000331808 -0.00144963 -0.0050365 -0.0190741 -0.00085209 -0.000743509 -0.000868135 -0.00907407 8.2683e-05 0.0014504 -8.50387e-05 -4.79933e-05 -0.00317138 -0.00828671 0.00146708
internal_weight=50153 40867 124 40743 9286 8154 22130 19555 83 2575 529 133 2046 190 18613 6555 1628 548 162 7775 7626 7447 135 19472 2127 17345 17294 1132 143 12058
internal_count=50153 40867 124 40743 9286 8154 22130 19555 83 2575 529 133 2046 190 18613 6555 1628 548 162 7775 7626 7447 135 19472 2127 17345 17294 1132 143 12058
is_linear=0
shrinkage=0.05


Tree=32
num_leaves=31
num_cat=0
split_feature=4 16 4 15 9 6 6 11 11 12 10 10 10 11 11 12 11 12 16 8 16 12 15 10 7 12 11 10 10 12
split_gain=6.19937 3.15331 2.98168 2.86234 2.57027 2.38954 2.26123 1.85706 6.3444 11.7733 2.23988 3.75435 5.74923 8.90259 13.4629 3.13103 2.89583 6.31161 2.58028 3.59689 2.75891 2.97248 4.57875 2.83136 2.55574 2.52886 2.03778 1.92883 2.62583 5.87894
threshold=0.031141513727890108 0.054748975145843322 0.016172816913980894 0.041451489634195877 1.2934159033607651 2.1159379235207143 1.1915780027720546 -0.0038175375039997124 -0.0034482650078786477 0.018619756704099325 -0.0066340953484539935 -0.0024606857444454673 -0.0029425651550978866 0.009090553623087862 0.0021655694557776166 0.02867505219605682 -0.0030472958153792136 0.04253795446102749 -0.023591607552593315 0.057346529807348452 0.0043293657204419586 0.027692193477340758 -0.0055666810847664885 -0.0055671377170214966 -0.045831046118426248 0.021951128051654337 0.016424352534066825 -0.0012722764150241981 -0.0010410794067141624 0.02719353000997338
decision_type=2 2 2 2 10 2 2 2 2 2 2 2 2 2 2 2 2 2 2 10 2 2 2 2 2 2 2 2 2 2
left_child=1 2 -1 5 6 7 -2 -4 9 -9 26 12 18 14 15 -14 17 -13 19 -12 -20 22 -22 -24 25 -18 -10 -26 29 -29
right_child=4 -3 3 -5 -6 -7 -8 8 10 -11 11 16 13 -15 -16 -17 24 -19 20 -21 21 -23 23 -25 27 -27 -28 28 -30 -31
leaf_value=0.00017697840405347777 -1.3142075316285669e-05 0.00040196185280402992 0.00013775633211166534 -0.00059687483290715227 -0.00089084141060959956 -0.00028176133934561834 -0.00028334309416261984 0.001077083561153416 0.00033708612517077018 -0.0010483101832586402 0.00016721283179304232 0.00014042022295199293 0.00090672176801687035 9.8477678973316778e-05 -0.0011655437431212494 -0.00059823230402500773 -0.00039059408589705078 -0.00101517038247386 0.00035429002050683191 -0.00075363848743941982 -0.00051141080418805687 0.00017901120861418487 -0.00052366721811023529 -4.3749601645474005e-06 0.00029647076588815228 0.00013169817001561302 -0.00017842902213280277 0.00027800785686062405 7.5089559696134192e-05 -0.00094466967466374759
leaf_weight=3300 17413 1166 6902 43 307 1537 2774 86 973 86 42 72 84 226 146 65 256 41 689 41 123 445 47 375 967 231 56 99 11515 113
leaf_count=3300 17413 1166 6902 43 307 1537 2774 86 973 86 42 72 84 226 146 65 256 41 689 41 123 445 47 375 967 231 56 99 11515 113
internal_value=0.000274791 0.000736056 0.000632003 0.000447348 -0.000394262 0.000469326 -0.000325209 0.000593328 0.000309334 -0.00924419 0.000408286 0.000259036 -0.0016141 -0.00622841 -0.0119492 -0.00137584 0.000580713 -0.00738938 -0.000249716 -0.00885542 0.0001757 -0.00151515 -0.00399083 -0.00151659 0.00064904 -0.00290554 0.00266764 0.000785411 0.000608425 -0.00490566
internal_weight=50220 29726 28560 25260 20494 25217 20187 23680 16778 172 16606 15577 2283 521 295 149 13294 113 1762 83 1679 990 545 422 13181 487 1029 12694 11727 212
internal_count=50220 29726 28560 25260 20494 25217 20187 23680 16778 172 16606 15577 2283 521 295 149 13294 113 1762 83 1679 990 545 422 13181 487 1029 12694 11727 212
is_linear=0
shrinkage=0.05


Tree=33
num_leaves=31
num_cat=0
split_feature=5 15 12 13 14 15 15 11 10 13 13 9 11 15 11 3 10 15 13 2 9 12 13 13 14 14 14 12 5 13
split_gain=6.60303 4.09108 5.29865 8.13313 4.89177 4.00519 5.63935 6.205 4.75797 3.09 3.81066 4.039 3.44942 8.54753 6.68447 2.98225 2.68324 9.79677 2.61099 2.87269 2.91521 2.63229 2.601 3.71276 7.10259 8.81887 5.8911 5.67363 5.46814 4.48498
threshold=0.020935212236915607 -0.027988241650273023 -0.030461524413172677 31.844999313354496 0.22590160926733996 -0.016502450579683022 -0.015683449000349233 -0.017686131484892616 -0.017312000709356064 19.115000724792484 19.085000038146976 -0.0041948978052968591 -0.0065367397500866167 0.0024147236971868717 -0.0072461958036925669 -0.0072939763395358783 -0.016935534775352808 -0.020213503012781627 23.604999542236332 0.12404210491937941 -0.31330466174312233 -0.03685301683685837 13.744999885559084 16.914999961853031 0.07643058808250093 0.081923980519954323 0.099229703636582692 0.027409196484277535 0.01731961696710595 16.875000000000004
decision_type=2 2 2 2 2 2 2 2 2 2 2 8 2 2 2 2 2 2 2 2 8 2 2 2 2 2 2 2 2 2
left_child=1 2 3 4 -1 -3 7 -7 -8 10 -2 -12 13 16 18 -16 17 -11 -15 20 -20 -22 -10 24 29 27 -27 -26 -28 -24
right_child=9 5 -4 -5 -6 6 8 -9 22 12 11 -13 -14 14 15 -17 -18 -19 19 -21 21 -23 23 -25 25 26 28 -29 -30 -31
leaf_value=-0.00047179367025144519 -0.00013395275558582455 0.00035991886754640145 -1.7484351658580165e-05 0.00069034936855002301 -0.0011447359927644455 0.00058965793202960253 -0.00041491973069266125 -0.00065445195377954787 0.00017393815984014242 0.0001747308434105905 -0.0025249366989015449 -0.00041211963142566763 0.00024341522670079266 -0.0001379657534741477 -0.0043330255181631234 -0.0014518216588648193 0.00039500813118374401 -0.0013534490644346183 -0.0013024556391943295 -0.00099657123865631923 6.2376236877918146e-05 -0.00059001555111256666 3.6064072093531441e-05 0.00011970226502919432 -0.00038807170124917633 0.000207195405497991 -0.00025645187612520216 -0.00088231475475438229 -0.0011082244591449314 -0.00033760484506256244
leaf_weight=49 9483 2282 456 67 69 112 47 193 7039 623 57 78 2488 589 40 44 1367 61 47 44 222 241 12251 11338 89 348 165 98 40 200
leaf_count=49 9483 2282 456 67 69 112 47 193 7039 623 57 78 2488 589 40 44 1367 61 47 44 222 241 12251 11338 89 348 165 98 40 200
internal_value=0.0003083 0.000689235 -0.00326833 -0.0104054 -0.0183051 0.000763406 0.000618735 -0.00614754 0.000684011 -0.000554472 -0.00110314 -0.00944444 0.000360736 -0.000704698 -0.0040057 -0.017619 0.00127011 -0.00128655 -0.00300525 -0.00546931 -0.00441176 -0.00320734 0.000707679 0.000464552 -0.000105754 -0.00486486 -0.00169078 -0.0142513 -0.00841463 0.000177094
internal_weight=50227 34843 641 185 118 34202 31920 305 31615 15384 9618 135 5766 3278 1227 84 2051 684 1143 554 510 463 31568 24529 13191 740 553 187 205 12451
internal_count=50227 34843 641 185 118 34202 31920 305 31615 15384 9618 135 5766 3278 1227 84 2051 684 1143 554 510 463 31568 24529 13191 740 553 187 205 12451
is_linear=0
shrinkage=0.05


Tree=34
num_leaves=31
num_cat=0
split_feature=5 15 12 13 14 11 15 10 15 11 13 13 9 14 15 15 16 6 13 13 13 11 15 11 14 14 13 2 15 15
split_gain=5.74683 3.53495 4.36698 7.46363 6.32872 4.31459 4.25245 6.42946 4.25784 5.75269 3.04967 4.4233 7.51905 2.87841 8.04366 2.81433 3.13397 3.63372 3.11459 3.4125 2.73175 3.6991 6.70726 6.54697 2.99772 4.51499 5.9788 3.11473 2.58546 12.2619
threshold=0.023367785645294018 -0.027988241650273023 -0.030461524413172677 31.844999313354496 0.22590160926733996 0.0084762607672295171 -0.016502450579683022 -0.017312000709356064 -0.015683449000349233 -0.017686131484892616 13.744999885559084 13.795000076293947 -0.052422474616538477 -0.11544121967691799 0.041451489634195877 -0.012631641410202342 0.056311592973609666 2.207618403134552 14.494999885559084 14.175000190734865 19.115000724792484 -0.0065367397500866167 0.0024147236971868717 -0.0072461958036925669 -0.071225645536492452 -0.05546753287916955 23.604999542236332 0.11183169754992185 -0.0024772069896298872 -0.0031309226070448943
decision_type=2 2 2 2 2 2 2 2 2 2 2 2 10 2 2 2 2 2 2 2 2 2 2 2 2 2 2 2 2 2
left_child=1 2 3 4 -1 -4 -3 -8 9 -9 28 12 -12 -13 15 -15 17 -17 19 -19 -2 22 -22 24 -24 -26 -27 -28 29 -10
right_child=20 6 5 -5 -6 -7 7 8 10 -11 11 13 -14 14 -16 16 -18 18 -20 -21 21 -23 23 -25 25 26 27 -29 -30 -31
leaf_value=-0.00053896123322258048 -0.00019220353071980659 0.00031621985444390318 0.00010551126605103697 0.00061373832649258076 -0.0010358277495059484 -0.00079291616241663945 -0.00048006620094373379 0.00054980181534961274 7.3185430513048508e-05 -0.0005506323195332111 -0.00089817808940664617 0.00032816101929755703 6.473587345490329e-05 0.00025842652878415212 -0.0010458107523306076 1.5122592113760202e-05 0.00029307862781831595 -0.00076994589339666618 -0.0003692096727791848 -0.0023032349176212753 0.00021989893334156639 0.00027039770552066443 -3.9340980991677991e-06 -0.0032919876597559392 -0.0018601352106285168 0.00029462470884379291 -0.00075109986002066999 -0.0022169508202279646 0.00020761160907448607 -0.00065549511460485466
leaf_weight=66 6814 2593 512 78 78 40 52 123 1066 206 62 1250 89 1364 44 22101 1336 60 1078 52 1561 2113 423 65 65 223 190 43 6313 59
leaf_count=66 6814 2593 512 78 78 40 52 123 1066 206 62 1250 89 1364 44 22101 1336 60 1078 52 1561 2113 423 65 65 223 190 43 6313 59
internal_value=0.000236338 0.000528455 -0.00281654 -0.00873874 -0.0154861 -0.000434782 0.000596861 0.000453127 0.000479079 -0.00518237 0.000532489 0.000289036 -0.00824503 0.000336266 0.000223737 0.000259898 0.000137451 2.36161e-06 -0.00268908 -0.010625 -0.000744977 0.000184711 -0.00108949 -0.0042666 -0.00320975 -0.00574856 -0.00399123 -0.00959227 0.00143049 -0.000777778
internal_weight=50119 38622 774 222 144 552 37848 35255 35203 329 34874 27436 151 27285 26035 25991 24627 23291 1190 112 11497 4683 2570 1009 944 521 456 233 7438 1125
internal_count=50119 38622 774 222 144 552 37848 35255 35203 329 34874 27436 151 27285 26035 25991 24627 23291 1190 112 11497 4683 2570 1009 944 521 456 233 7438 1125
is_linear=0
shrinkage=0.05


Tree=35
num_leaves=31
num_cat=0
split_feature=4 14 14 11 13 13 8 14 10 11 14 4 6 13 10 14 10 12 1 13 14 8 14 13 11 8 11 4 13 13
split_gain=5.62934 2.95513 4.93134 8.06081 5.14486 7.89575 5.70242 5.33554 10.8701 4.58244 2.88978 2.86066 2.68378 2.4896 5.2886 8.04005 5.20447 4.4357 3.34906 3.20227 5.02526 3.11376 5.79003 5.72174 3.91031 3.0472 2.42279 2.05524 2.0296 3.05561
threshold=0.042208255895012738 -0.071225645536492452 -0.05546753287916955 -0.0089648510996126456 16.85000038146973 15.97499990463257 0.04786778908618828 -0.056340529311790281 0.0075431397626640759 -0.031453464626615406 -0.024601750905799354 0.024182018649692338 0.34693680429606816 20.375000000000004 0.0063034677603397435 -0.0044982788531557341 -0.017312000709356064 -0.0075921435528307204 -0.014629026323575265 31.844999313354496 0.22590160926733996 -0.23768177886886624 0.049481808267930923 20.335000038146976 0.0056452584945124737 -0.16510567456628392 0.010571725721311933 0.017877402282534646 20.980000495910648 21.724999427795414
decision_type=2 2 2 2 2 2 10 2 2 2 2 2 2 2 2 2 2 2 2 2 2 10 2 2 2 10 2 2 2 2
left_child=1 28 3 9 5 7 11 -5 -9 -3 12 -7 -4 21 16 18 17 19 -16 20 25 22 24 27 -12 -15 -26 -23 -1 -30
right_child=-2 2 10 4 -6 6 -8 8 -10 -11 13 -13 -14 14 15 -17 -18 -19 -20 -21 -22 23 -24 -25 26 -27 -28 -29 29 -31
leaf_value=0.00026222202103133471 -0.00013344580285743081 0.00086056745983182541 0.0002236495930245434 -1.0788946212445018e-06 0.00021805960185165114 -0.00043817969205704163 0.00020601356928746811 0.00049440584534734871 -0.00062429101090267689 -0.0006215080169844708 -0.00085273411273990764 -0.0017021820587764904 -5.3247729032787142e-05 -0.0003812599202987523 -0.0025717289632295119 0.00087228151996090867 0.00034244822921491872 0.00045858902121585803 -0.0010890363402548981 0.00073689669333042564 -0.00084129128323299639 0.00012284350730625427 0.00029156258607137582 -0.00076599304506135154 0.00058720180084528926 -3.5877631919627277e-05 -0.00029364061275349726 4.0636840860227554e-06 -0.0005430884190399946 9.0323250780966925e-05
leaf_weight=3278 9372 54 5332 866 848 42 40 52 59 221 57 68 1871 64 40 89 2680 254 41 76 66 3891 204 55 56 175 228 19570 113 463
leaf_count=3278 9372 54 5332 866 848 42 40 52 59 221 57 68 1871 64 40 89 2680 254 41 76 66 3891 204 55 56 175 228 19570 113 463
internal_value=0.000263315 0.000516853 0.000379605 -0.00188889 -0.000772152 -0.0029858 -0.0136667 -0.00134596 -0.0116667 -0.00990909 0.00052649 -0.0195455 0.00141816 0.000293328 0.00154232 -0.00705882 0.00198341 -0.00208661 -0.0184568 -0.00549869 -0.00778688 0.000112423 -0.00362385 0.000199014 -0.00760997 -0.00441423 -0.00521127 0.000236776 0.00183446 -0.000902778
internal_weight=50225 40853 36999 2250 1975 1127 150 977 111 275 34749 110 7203 27546 3485 170 3315 635 81 381 305 24061 545 23516 341 239 284 23461 3854 576
internal_count=50225 40853 36999 2250 1975 1127 150 977 111 275 34749 110 7203 27546 3485 170 3315 635 81 381 305 24061 545 23516 341 239 284 23461 3854 576
is_linear=0
shrinkage=0.05


Tree=36
num_leaves=31
num_cat=0
split_feature=5 6 5 12 8 14 11 10 11 15 11 9 13 1 14 3 11 11 12 12 10 15 13 10 14 12 9 13 13 9
split_gain=5.1043 2.72885 2.47435 2.29717 2.21035 3.07226 2.41126 2.38083 1.96422 4.11191 6.28962 7.45006 3.73271 4.7996 5.62547 3.26096 2.50551 2.31829 2.71223 3.7629 2.09113 6.60376 3.13041 4.11776 3.08651 3.63788 2.03908 1.94406 2.01048 2.25169
threshold=0.017187144556592187 0.020186992711023876 0.033939127521358518 -0.0800835440536906 0.11730504921807196 0.18137679246918895 0.010167890880724896 0.016350116268756935 -0.006088921430193516 0.0017888909441960978 -0.0072461958036925669 -0.33401007718889575 21.914999961853031 -0.060592155103722893 -0.067583665573298909 -0.0093653320190308347 -0.0038175375039997124 -0.0027153641144564973 0.017439018002644805 0.019854443093846989 -0.016935534775352808 -0.020213503012781627 16.954999923706058 -0.0015878085358975167 0.066380812843571571 0.001711050909807055 -0.37885284831785948 21.724999427795414 20.980000495910648 0.23606370089436415
decision_type=2 2 2 2 8 2 2 2 2 2 2 10 2 2 2 2 2 2 2 2 2 2 2 2 2 2 8 2 2 8
left_child=4 3 -3 -2 -1 6 7 -6 9 20 12 -12 -11 14 -14 -13 -10 18 -18 -20 21 -5 23 24 -22 -26 -19 28 -28 -30
right_child=1 2 -4 8 5 -7 -8 -9 16 10 11 15 13 -15 -16 -17 17 26 19 -21 22 -23 -24 -25 25 -27 27 -29 29 -31
leaf_value=9.604126873960999e-05 0.001039635738632269 -7.5642481594160227e-05 -0.00063015546861954668 -2.287524422345704e-05 0.00014677360850610295 -0.00033708740802884814 -0.00013271362479224974 -0.00037313640830630878 0.00050480207050367771 3.7023803909158251e-05 0.00079719881143995282 -0.0041126414377788377 6.332319270047063e-06 -0.00025761957377437253 -0.001175255663567651 -0.00085747494802612028 0.00075455182355450108 -0.00079405878912506699 -0.0009479198770193034 -0.00050576097955442136 0.00029487628730708151 -0.0012747629331491079 0.00029093246186187322 -0.0013369091577870318 -0.00070393979898928933 1.0726928715141647e-05 3.1159092768486988e-05 0.00031495330326736367 -0.00013466796316606141 -0.00076732210250324067
leaf_weight=22888 241 8274 1104 340 1486 55 1231 46 630 853 61 41 44 414 64 78 55 97 43 134 328 57 1595 78 44 66 8719 950 88 45
leaf_count=22888 241 8274 1104 340 1486 55 1231 46 630 853 61 41 44 414 64 78 55 97 43 134 328 57 1595 78 44 66 8719 950 88 45
internal_value=0.000258131 -0.000259174 -0.000928769 0.00015765 0.00075002 -0.000571327 -0.0003384 0.00098564 7.89263e-05 -0.00085774 -0.00287781 -0.0116667 -0.00172727 -0.00505747 -0.0144444 -0.0189496 0.000432581 0.000242326 -0.00469828 -0.00771186 0.000394737 -0.00293451 0.00102084 -0.00236434 -0.000479452 -0.00772727 0.000358117 0.000429504 0.000198825 -0.00590226
internal_weight=50149 24443 9378 15065 25706 2818 2763 1532 14824 4063 1555 180 1375 522 108 119 10761 10131 232 177 2508 397 2111 516 438 110 9899 9802 8852 133
internal_count=50149 24443 9378 15065 25706 2818 2763 1532 14824 4063 1555 180 1375 522 108 119 10761 10131 232 177 2508 397 2111 516 438 110 9899 9802 8852 133
is_linear=0
shrinkage=0.05


Tree=37
num_leaves=31
num_cat=0
split_feature=9 15 11 15 13 16 0 14 12 11 16 11 15 11 11 13 11 15 11 15 14 14 12 15 15 9 14 12 11 14
split_gain=4.12996 3.34581 5.95724 4.85298 4.76643 5.40296 3.64537 4.26022 3.58701 8.31629 3.33639 3.07153 3.77558 5.06798 3.31272 4.32079 4.07391 4.96987 4.15398 3.12132 3.02999 3.1886 3.83785 2.96341 10.4162 3.70526 3.46036 6.1924 4.12885 2.75685
threshold=0.3159334464523666 -0.025947713901271593 0.0084762607672295171 -0.017704690860675495 13.305000305175783 -0.05155821190129966 -0.013835633859696326 0.18137679246918895 -0.067575688865902969 -0.043674023036412872 -0.0060728064933829309 0.023193318891049478 0.041451489634195877 0.017632958734851271 0.020527358618941841 13.84500026702881 0.020793253578218044 0.000839332905669954 0.02306163879140322 0.023796500876488883 -0.0062634959442488527 -0.0078859681506743256 0.049504532457416379 -0.0024772069896298872 -0.0033331580577283799 0.10833613953860723 0.025116667172691901 0.035955415841074874 0.015047056175498954 -0.015155298785694047
decision_type=10 2 2 2 2 2 2 2 2 2 2 2 2 2 2 2 2 2 2 2 2 2 2 2 2 10 2 2 2 2
left_child=1 2 4 -3 -1 8 7 10 -6 -10 -5 12 14 -14 15 23 -16 -18 -19 -17 21 -12 -23 24 29 -26 -25 -28 -29 -8
right_child=-2 3 -4 6 5 -7 11 -9 9 -11 20 -13 13 -15 16 19 17 18 -20 -21 -22 22 -24 26 25 -27 27 28 -30 -31
leaf_value=-0.0005741313833373281 -0.00014777231328088469 0.00037248272585638996 -0.0012725267241847564 0.00011470159551435476 0.00050648580050850658 0.00022137739988518777 -0.00022001066468389465 -0.0005049723692789437 -0.001744692721447139 -0.00036143618458132605 -0.000290280902925328 0.00020917766201176938 -8.269690420710258e-05 -0.0010085754475297147 -0.00061420141786114606 1.2210912420709884e-05 0.00031389198610605983 -0.00016635718135661522 -0.00048644692828166928 0.00035563839533281415 -5.8933547322315067e-05 -0.00094135756995528488 0.00016028693808833782 0.0002806608607979452 -0.00038483833661034743 -0.0019288285956996485 0.0002213727297110774 -0.00053887485773688115 0.00019572569099437178 0.00034299074379973669
leaf_weight=60 5367 2456 61 2230 110 988 146 57 64 280 1407 5140 115 62 139 21285 406 684 52 939 2536 74 40 4381 40 55 312 117 41 513
leaf_count=60 5367 2456 61 2230 110 988 146 57 64 280 1407 5140 115 62 139 21285 406 684 52 939 2536 74 40 4381 40 55 312 117 41 513
internal_value=0.000301753 0.000458808 -0.00181382 0.000540982 -0.00119174 -0.000617198 0.000410954 -0.000690416 -0.00513216 -0.00764535 -0.000567043 0.000613908 0.000416055 -0.00686441 0.000460323 0.00057476 -0.00202576 -0.00104203 -0.00349185 0.000261879 -0.001421 -0.0031854 -0.0112281 0.00181534 -0.0011008 -0.0165789 0.0022686 -0.00180851 -0.00987342 0.0011305
internal_weight=50157 44790 1563 43227 1502 1442 40771 6344 454 344 6287 34427 29287 177 29110 27829 1281 1142 736 22224 4057 1521 114 5605 754 95 4851 470 158 659
internal_count=50157 44790 1563 43227 1502 1442 40771 6344 454 344 6287 34427 29287 177 29110 27829 1281 1142 736 22224 4057 1521 114 5605 754 95 4851 470 158 659
is_linear=0
shrinkage=0.05


Tree=38
num_leaves=31
num_cat=0
split_feature=6 4 4 16 15 10 12 11 11 14 12 12 9 16 9 15 14 14 10 15 16 15 13 12 14 14 3 11 16 10
split_gain=4.12107 3.34191 2.38489 2.09933 2.89637 6.76455 2.07509 1.97125 2.63103 5.10943 2.40305 6.18864 7.48831 4.747 2.89476 2.69461 5.45262 7.77506 4.72656 9.06078 4.55345 4.24075 4.48612 8.12053 4.78515 6.34299 4.33325 3.49163 3.0774 4.76487
threshold=0.020186992711023876 0.019863364962289128 0.059683129979068772 0.054748975145843322 0.041451489634195877 0.027542831641926283 -0.0800835440536906 0.029305093404121577 0.027231962502118127 -0.037374592254897913 0.028755529874552547 0.028594304422147613 -0.1090545965019326 0.045745749864412828 -0.07953948970397183 0.0017888909441960978 -0.067583665573298909 -0.05546753287916955 0.011869721142281022 0.017971188635576566 0.012172910816015793 0.011247030499200285 17.090000152587894 0.02719353000997338 -0.019219245464752229 -0.011027468798592786 -0.0018099426586328791 -0.029337474403061222 -0.00022854384568948835 0.00040263082252767207
decision_type=2 2 2 2 2 2 2 2 2 2 2 2 10 2 8 2 2 2 2 2 2 2 2 2 2 2 2 2 2 2
left_child=1 -1 3 4 -2 -6 -3 8 10 -10 11 15 -13 -12 -15 -8 -17 18 19 20 -18 22 -19 24 27 26 -26 -24 -27 -30
right_child=2 6 -4 -5 5 -7 7 -9 9 -11 13 12 -14 14 -16 16 17 21 -20 -21 -22 -23 23 -25 25 28 -28 -29 29 -31
leaf_value=0.00014853048572395977 -3.3783857590602988e-05 0.00090672344545786408 -0.00045402524342410703 0.00021081508040194914 -0.001212310872308095 0.00042139117376040832 6.5935834732534895e-05 0.00016057379708640741 0.00038001640111365461 -0.0010144154129436258 0.00014445309673075181 -0.00092053080698415802 0.00028922544365093044 -0.00089284411357822403 -0.00016819069263469594 0.0001521711125700139 -0.0010148639191114312 -2.9023293003751334e-05 0.00026473793777502752 -0.0010952390425770044 5.9597625132887789e-05 0.00025125327423779746 -0.00077511996324694239 -0.00082124014123378757 -0.0027736974132074018 0.00014775871157493743 -0.00048567867780480666 0.00010848873875450587 -0.00078005855504574193 -0.0001367939554145663
leaf_weight=5867 17161 262 1083 1268 44 53 7228 2257 118 142 7362 77 55 84 258 2062 252 1895 102 67 141 932 43 77 79 265 86 597 114 169
leaf_count=5867 17161 262 1083 1268 44 53 7228 2257 118 142 7362 77 55 84 258 2062 252 1895 102 67 141 932 43 77 79 265 86 597 114 169
internal_value=0.000274901 0.000637606 -0.000290938 -0.000157616 -0.000301889 -0.00891753 0.000383029 0.000335623 0.000192524 -0.00480769 0.000251766 -0.000133066 -0.0109091 0.000963136 -0.00479532 -3.22487e-05 -0.000740444 -0.00166113 -0.00718861 -0.00934783 -0.00645038 -0.000931407 -0.00176692 -0.00388112 -0.00298226 -0.00579944 -0.0143939 0.00015625 -0.00321168 -0.00683746
internal_weight=50200 30591 19609 18526 17258 97 24724 24462 22205 260 21945 14241 132 7704 342 14109 6881 4819 562 460 393 4257 3325 1430 1353 713 165 640 548 283
internal_count=50200 30591 19609 18526 17258 97 24724 24462 22205 260 21945 14241 132 7704 342 14109 6881 4819 562 460 393 4257 3325 1430 1353 713 165 640 548 283
is_linear=0
shrinkage=0.05


Tree=39
num_leaves=31
num_cat=0
split_feature=5 9 11 6 12 11 10 11 10 11 9 13 14 10 13 12 2 10 10 14 10 10 11 13 12 11 10 10 11 9
split_gain=3.77629 2.83005 2.57557 2.20091 2.14187 1.99047 1.85275 2.02644 5.73099 4.24409 3.32191 2.21079 3.27338 2.40534 2.34932 2.35752 2.24293 2.24254 5.31162 1.94783 2.35913 10.6063 2.3772 2.95094 2.70254 2.36125 2.61276 2.33337 1.72645 2.20003
threshold=0.013339056849929509 0.76989582658575961 0.0093718282563531891 0.020186992711023876 -0.0800835440536906 0.0069819527880167218 -0.0086987636486000035 -0.028186654574093969 0.00048355916176134889 -0.030384470516343128 -0.20622870435078064 16.775000572204593 0.020612402779838893 -0.0027244353612394519 16.32499980926514 0.019437474546263659 -0.10625546515826771 -0.0041979732258571869 -0.0038174185108614807 -0.068623004427642229 0.0094914683342374202 0.010510737947986739 0.021459782264152908 12.804999828338625 0.026070276169157917 -0.003308881386918205 0.0012069827106450106 -0.0015878085358975167 0.016901262896916184 0.68063528343894331
decision_type=2 10 2 2 2 2 2 2 2 2 8 2 2 2 2 2 2 2 2 2 2 2 2 2 2 2 2 2 2 8
left_child=-1 3 5 4 -2 -3 -5 8 10 -10 -8 12 14 17 15 -9 -16 -14 -19 -17 22 -22 25 -24 -25 26 27 -21 -15 -30
right_child=1 2 -4 6 -6 -7 7 11 9 -11 -12 -13 13 28 16 19 -18 18 -20 20 21 -23 23 24 -26 -27 -28 -29 29 -31
leaf_value=9.3014962169380181e-05 0.00086269214854518741 -0.00066911471916273214 8.8962099308348823e-05 0.00011945275713824272 3.6134782442863481e-05 -0.0016743775176495633 -0.000766038042429681 0.00023942745425367166 -0.00041723479778376477 -0.0016749748888469536 0.00032190055560546503 2.9653457936414831e-05 -0.00023759686318594012 2.7366782514573736e-05 -0.0021984803298852793 0.00027945516460598489 -0.0004134594461871838 -0.0010654904546980916 -0.00041229993785384914 -0.00075139170153351782 -0.002303455125029255 -8.0152892148493374e-05 -0.0012020611117141576 -0.007224126206856374 -0.0001618751051793834 4.4592586917798822e-05 0.00035460790246387051 -0.0014645818034087368 -0.00036218761481579287 -0.00084403689772508974
leaf_weight=13098 249 596 440 2172 21936 57 42 1241 103 48 246 5071 460 499 43 373 436 42 125 51 51 210 41 43 375 1789 57 45 208 42
leaf_count=13098 249 596 440 2172 21936 57 42 1241 103 48 246 5071 460 499 43 373 436 42 125 51 51 210 41 43 375 1789 57 45 208 42
internal_value=0.00026191 4.1791e-06 -0.00250229 8.02824e-05 0.000388776 -0.00449464 -0.000415188 -0.000665321 -0.00399772 -0.0118874 0.000138889 -0.000534726 -0.00117354 -0.00332122 -0.00055205 -0.000180075 -0.00387265 -0.00560606 -0.0105689 -0.000930807 -0.00140496 -0.00591954 -0.000914202 -0.00415033 -0.00289474 -0.00014933 -0.00611111 -0.0111458 -0.00140854 -0.0048
internal_weight=50189 37091 1093 35998 22185 653 13813 11641 439 151 288 11202 6131 1376 4755 4276 479 627 167 3035 2662 261 2401 459 418 1942 153 96 749 250
internal_count=50189 37091 1093 35998 22185 653 13813 11641 439 151 288 11202 6131 1376 4755 4276 479 627 167 3035 2662 261 2401 459 418 1942 153 96 749 250
is_linear=0
shrinkage=0.05


Tree=40
num_leaves=31
num_cat=0
split_feature=5 9 13 12 13 10 5 12 6 14 13 11 11 11 13 13 13 8 11 11 11 10 10 14 11 15 12 11 13 15
split_gain=4.03566 2.57359 2.50831 4.2198 3.25321 4.03748 2.08308 1.82337 1.78758 1.96521 1.72157 2.44585 6.54582 2.32574 2.53605 2.33518 5.37875 2.84326 1.71239 1.70166 8.44484 3.79882 10.7902 3.85983 3.43911 2.86837 5.3304 6.46141 2.95439 2.70069
threshold=0.017950512722320174 0.76989582658575961 21.134999275207523 -0.0087283994836974115 18.510000228881839 -0.0053735252204459285 0.009036331175246208 -0.029235256213089252 -0.2534782552484301 -0.024601750905799354 16.914999961853031 0.0057915448439024306 0.0053660058673883357 0.0057915448439024306 19.214999198913578 18.015000343322757 18.130000114440922 -0.036333430215368494 0.010672166565218634 0.0039565944761287284 0.0021655694557776166 -0.0020232405724179277 -0.0041979732258571869 0.052093484772870687 0.0029094650612268018 0.0095217832764519245 0.017899490409286182 0.0026615433569360252 17.445000648498539 0.0017888909441960978
decision_type=2 10 2 2 2 2 2 2 2 2 2 2 2 2 2 2 2 10 2 2 2 2 2 2 2 2 2 2 2 2
left_child=6 19 4 7 5 -3 -1 -4 9 -8 11 12 -11 -12 15 -15 -17 -18 -19 20 29 22 -22 24 -24 28 -27 -28 -23 -2
right_child=1 2 3 -5 -6 -7 8 -9 -10 10 13 -13 -14 14 -16 16 17 18 -20 -21 21 25 23 -25 -26 26 27 -29 -30 -31
leaf_value=0.00019771398823444496 9.207339192323788e-05 -0.0016416208369360874 -0.0016966667897185747 -0.0025414740351095179 0.00059256175464286309 -0.00027973662285326462 0.00018151887974378439 0.00088943993808731194 1.8127624157862236e-05 -6.2985581642250796e-05 0.00024727512384650297 9.2765696900100911e-05 -0.00062003464068590688 0.0001771577065695852 0.00053571914798723503 -0.00030691603146157679 -0.00025311180219688236 -0.00051343881242661997 0.00023780095684502566 3.8293711943031215e-05 -1.5265460847588478e-05 0.00042634010155860223 -0.001774422950020509 -0.00093305919811252159 -0.00090064749285746401 0.00030474247157148221 0.00019886163392371099 -0.002210373916530139 -0.00051936039275001563 -0.00014025296753742106
leaf_weight=1583 5575 61 52 40 201 673 3968 59 13712 2250 2120 3157 40 378 189 48 85 54 241 10860 218 339 94 42 92 99 58 94 95 3645
leaf_count=1583 5575 61 52 40 201 673 3968 59 13712 2250 2120 3157 40 378 189 48 85 54 241 10860 218 339 94 42 92 99 58 94 95 3645
internal_value=0.000278521 -0.000222676 -0.00259668 -0.00857616 -0.00163102 -0.00317439 0.000680144 -0.00355856 0.000573889 0.00100559 0.000579304 4.31432e-05 -0.00120087 0.00151685 -0.000477387 -0.00169975 -0.00422897 -0.00223684 8.47459e-05 -0.000101127 -0.000559849 -0.00463749 -0.0082287 -0.0158333 -0.0127419 -0.00229927 -0.00655378 -0.0124342 0.000161291 -5.96527e-05
internal_weight=50122 22297 1086 151 935 734 27825 111 26242 12530 8562 5447 2290 3115 995 806 428 380 295 21211 10351 1131 446 228 186 685 251 152 434 9220
internal_count=50122 22297 1086 151 935 734 27825 111 26242 12530 8562 5447 2290 3115 995 806 428 380 295 21211 10351 1131 446 228 186 685 251 152 434 9220
is_linear=0
shrinkage=0.05


Tree=41
num_leaves=31
num_cat=0
split_feature=5 5 11 14 15 13 13 14 12 13 13 11 15 3 11 4 0 5 13 9 14 13 11 13 15 16 16 12 16 16
split_gain=4.60572 2.52058 2.48612 2.03261 5.83256 2.35687 3.91602 2.49376 2.15219 4.16916 1.8486 2.56245 4.89331 5.07965 2.28921 2.20023 2.07318 1.97839 1.72816 4.97201 4.59233 2.66159 7.10282 2.03738 3.98172 4.5386 11.084 2.87132 3.05905 4.94226
threshold=0.026825920160733992 0.010349620686317285 0.040036417291261513 -0.077913276979976895 0.041451489634195877 20.980000495910648 21.724999427795414 -0.10816573528732347 -0.067575688865902969 29.835000038146976 19.105000495910648 -0.0065367397500866167 0.0024147236971868717 -0.0089233312683284476 0.077392985560090458 0.076570838261677127 0.016559000428389873 0.059250539661698069 13.174999713897707 0.89372471313354074 -0.035401414565419224 13.194999694824221 0.016138382759851803 19.115000724792484 0.005404713995390443 -0.017249220643167581 -0.018750734879232563 -0.052281358654850445 0.011887113972672949 0.017632716408239383
decision_type=2 2 2 2 2 2 2 2 2 2 2 2 2 2 2 2 2 2 2 8 2 2 2 2 2 2 2 2 2 2
left_child=1 -1 3 5 8 -3 -7 -8 -5 18 17 12 -12 16 -13 -15 -14 -2 19 -10 -21 22 -20 27 -25 26 -26 -23 -29 -30
right_child=10 2 -4 4 -6 6 7 -9 9 -11 11 14 13 15 -16 -17 -18 -19 21 20 -22 23 -24 24 25 -27 -28 28 29 -31
leaf_value=0.0001325356086714172 -0.00019090792736089712 0.00024805551325036117 0.00026957475762574092 0.0004239476642833302 -0.00091703638268467386 -0.0005959856856490248 0.00027090625363207602 -0.00021171168168118175 0.00016714804362455329 -0.00076716806103897632 0.00015204649279903143 0.00034051720076422299 -0.0015862265059507425 -0.00010065578266603519 -0.00088160115842126881 -0.0019916948951557347 -0.00074133105735054903 -0.001772808533007166 4.7757359330490679e-05 -0.00090697043405308904 -0.00013095011345398466 -0.00043377842333840503 -0.0028613664516831407 0.00018197100177030266 -0.00023232470070667371 9.1107692720080998e-05 -0.0026375414852264269 3.2440886879407215e-05 -0.00034579375286274263 -2.1544644630216837e-05
leaf_weight=4179 4079 2513 1084 521 58 123 403 138 3699 66 1060 1514 83 428 44 91 78 80 135 46 90 45 53 5000 515 1118 49 12912 1920 8039
leaf_count=4179 4079 2513 1084 521 58 123 403 138 3699 66 1060 1514 83 428 44 91 78 80 135 46 90 45 53 5000 515 1118 49 12912 1920 8039
internal_value=0.000259454 0.000459655 0.000333143 0.000264803 0.00015263 0.00147466 -0.0011747 0.000656192 0.00017949 0.000130169 -0.000887086 -3.03195e-06 -0.00132184 -0.00463235 0.00146983 -0.00222543 -0.0123913 -0.00158812 0.000154814 0.00115385 -0.00823529 2.6187e-05 -0.00590426 6.38559e-05 0.000832086 -0.00127229 -0.00492908 -0.00016015 -0.000135324 -0.000793754
internal_weight=50163 42706 38527 37443 34266 3177 664 541 34208 33687 7457 3298 1740 680 1558 519 161 4159 33621 3835 136 29786 188 29598 6682 1682 564 22916 22871 9959
internal_count=50163 42706 38527 37443 34266 3177 664 541 34208 33687 7457 3298 1740 680 1558 519 161 4159 33621 3835 136 29786 188 29598 6682 1682 564 22916 22871 9959
is_linear=0
shrinkage=0.05


Tree=42
num_leaves=31
num_cat=0
split_feature=5 6 14 15 11 11 10 11 8 11 16 6 14 9 10 10 16 6 14 14 14 11 14 10 15 14 14 8 16 15
split_gain=3.93787 2.26727 2.13604 2.0521 6.03011 4.30455 2.48796 2.65358 3.23878 2.2266 4.45878 2.71887 2.08406 1.94381 2.86837 1.90592 1.90522 2.18844 1.98 2.04486 3.12581 2.75041 2.47397 3.33409 10.485 5.9357 2.42742 4.39756 2.22744 2.67363
threshold=0.020935212236915607 1.3860396260177876 -0.067583665573298909 0.0017460280894240345 -0.006088921430193516 -0.0072461958036925669 -0.0045415973375320098 -0.029337474403061222 -0.033538801887459717 -0.023324981642921735 -0.038656880421716604 -0.51474874774457757 -0.054805799949304061 -0.072369673262093634 0.0103636474765072 -0.014256563971479506 0.054748975145843322 0.55967495521847488 -0.024601750905799354 -0.048736357061692485 -0.067583665573298909 0.017632958734851271 -0.05546753287916955 0.011869721142281022 0.014043577431530398 -0.056340529311790281 -0.06426442822534599 0.025540528561357249 0.044384404802744755 0.013025390623304546
decision_type=2 2 2 2 2 2 2 2 10 2 2 2 2 8 2 2 2 2 2 2 2 2 2 2 2 2 2 8 2 2
left_child=16 2 -2 9 5 6 -5 8 -8 -4 11 15 -12 14 -9 -11 17 18 19 20 21 -1 23 24 26 -26 27 -22 -21 -30
right_child=1 -3 3 4 -6 -7 7 13 -10 10 12 -13 -14 -15 -16 -17 -18 -19 -20 28 22 -23 -24 -25 25 -27 -28 -29 29 -31
leaf_value=0.00021854362899925177 0.00015532288161471851 -0.00038915888688263798 0.0004070695653639884 -0.00089372035370384169 -4.3072716808794433e-05 -0.0022438739894652788 -0.00046690197073160548 -0.00017589340421190089 -0.0021205085495662468 -0.0012737683490897846 -0.0010913468926605225 -0.00058884031555311942 2.7508382394048495e-05 0.00010497270602915724 -0.00094051507337421843 -0.00060232890670808541 0.00023636877206237436 -4.3925426995333972e-05 3.0648522681460561e-05 0.00028797722756268953 -0.00047363444138908751 -0.00015238146968554755 8.0263087550953155e-05 0.00024860235245084911 -0.00035381752423500543 -0.00071082690215567342 2.6023423883187818e-06 0.00013327435156592965 8.6067581316750516e-05 -0.0012724058009226241
leaf_weight=2095 2148 1698 922 52 4377 109 88 165 40 49 40 219 4833 400 40 69 1544 7644 17663 3281 44 301 925 250 126 47 576 42 193 71
leaf_count=2095 2148 1698 922 52 4377 109 88 165 40 49 40 219 4833 400 40 69 1544 7644 17663 3281 44 301 925 250 126 47 576 42 193 71
internal_value=0.000236859 -0.000433143 -0.000217327 -0.000489783 -0.00121324 -0.00495526 -0.00366242 -0.00291269 -0.00945312 0.000132094 -0.000268714 -0.00583086 0.000115945 -0.00152893 -0.0054878 -0.0119492 0.000530429 0.000450719 0.000672289 0.00132751 0.000608262 0.00182805 -0.000845771 -0.00246544 -0.00398204 -0.0149422 -0.00111782 -0.00895349 0.00222144 -0.00219697
internal_weight=50051 15249 13551 11403 5271 894 785 733 128 6132 5210 337 4873 605 205 118 34802 33258 25614 7951 4406 2396 2010 1085 835 173 662 86 3545 264
internal_count=50051 15249 13551 11403 5271 894 785 733 128 6132 5210 337 4873 605 205 118 34802 33258 25614 7951 4406 2396 2010 1085 835 173 662 86 3545 264
is_linear=0
shrinkage=0.05


Tree=43
num_leaves=31
num_cat=0
split_feature=8 13 13 13 14 14 11 11 13 10 12 11 9 12 12 12 10 14 14 14 14 12 12 12 10 13 10 11 10 10
split_gain=3.75069 2.63574 4.9117 4.39352 3.52265 3.50189 4.98441 22.7646 9.55825 7.80198 13.5875 7.4599 4.56444 3.95164 4.9397 10.0692 5.32348 3.8746 4.02075 17.4522 3.84674 3.82063 6.24831 3.58694 3.43052 6.59891 7.01789 5.88549 7.05517 5.87665
threshold=0.20290822160043234 13.744999885559084 16.914999961853031 17.494999885559086 -0.067583665573298909 -0.05546753287916955 0.0030141112553000453 0.0021655694557776166 16.875000000000004 -0.0020232405724179277 0.057354881634701156 0.0029094650612268018 0.043797457782769007 -0.0082551652511544376 0.0037862010061723299 0.0082902171521933594 0.006220969349569617 -0.031797969764534688 -0.012079756674524154 -0.013975625369978871 -0.029810288463271824 0.001711050909807055 1.0000000180025095e-35 -0.0054605292938276753 -0.0034099597636506602 18.130000114440922 0.0048530643765671852 -0.026323618530511902 0.00048355916176134889 0.0091813381816910917
decision_type=8 2 2 2 2 2 2 2 2 2 2 2 10 2 2 2 2 2 2 2 2 2 2 2 2 2 2 2 2 2
left_child=1 -1 4 -4 -3 13 7 8 17 11 -11 12 -9 -6 -15 -16 -17 -7 19 20 -19 22 23 -20 -5 26 -26 28 -27 -30
right_child=-2 2 3 24 5 6 -8 9 -10 10 -12 -13 -14 14 15 16 -18 18 21 -21 -22 -23 -24 -25 25 27 -28 -29 29 -31
leaf_value=0.00013073961075855164 -0.00012844414268667085 0.00018684472821394181 0.00025195122435901974 0.00018869198006089469 -0.00081251859876953062 0.00055343031913350222 3.531029164552131e-05 -0.00086939461327507298 -0.00064126893363453499 -0.0001131903076959615 -0.0023642838755506494 -0.00010311014518286021 -0.0017340864632508651 0.00074018717559741498 -0.00063038826687356313 -0.0016861473956266424 -1.5266672267084156e-05 -0.0013084122207315449 -0.00024530103351028977 -0.0012097528156258021 3.7563407188623415e-05 4.854099430210363e-05 -0.00076570666691055716 0.00049598567357447365 -0.00035633683754460812 0.00024832493290154081 0.0001314422999401261 9.6616577605454349e-05 -0.00078394005331989104 -5.2228945810847937e-05
leaf_weight=8084 4298 2111 3384 6567 62 540 8430 100 120 242 57 53 63 178 59 107 403 51 405 114 468 3544 178 245 1061 366 597 7675 301 184
leaf_count=8084 4298 2111 3384 6567 62 540 8430 100 120 242 57 53 63 178 59 107 403 51 405 114 468 3544 178 245 1061 366 597 7675 301 184
internal_value=0.000281436 0.000414108 0.000238285 0.000771046 -0.000373645 -0.000635904 -0.00045859 -0.00153722 -0.000622242 -0.0116019 -0.00637124 -0.0188426 -0.0241411 -0.00383807 -0.00283133 -0.00510545 -0.00284314 -0.000320108 -0.000754246 -0.00447867 -0.000587668 -0.000215004 -0.00327295 -0.001 0.000439078 -0.000135506 -0.00302171 0.000425757 -0.00351939 -0.00747423
internal_weight=50047 45749 37665 20135 17530 15419 14610 6180 5665 515 299 216 163 809 747 569 510 5545 5005 633 519 4372 828 650 16751 10184 1658 8526 851 485
internal_count=50047 45749 37665 20135 17530 15419 14610 6180 5665 515 299 216 163 809 747 569 510 5545 5005 633 519 4372 828 650 16751 10184 1658 8526 851 485
is_linear=0
shrinkage=0.05


Tree=44
num_leaves=31
num_cat=0
split_feature=4 14 14 11 11 13 13 8 14 11 13 8 16 16 8 14 15 8 3 1 2 12 15 15 11 13 16 16 13 13
split_gain=3.30303 2.44532 3.95619 4.6182 4.59347 3.78557 5.07661 5.65116 3.08963 7.9615 2.61559 5.34463 3.66494 4.52466 4.48501 4.07358 3.58711 3.79174 5.7957 4.03291 3.12346 2.79314 2.97782 5.02749 4.40156 4.19343 4.25621 5.11302 4.13437 7.7982
threshold=0.046236869916360307 -0.069744182185856193 -0.05546753287916955 -0.0089648510996126456 -0.031453464626615406 16.85000038146973 15.97499990463257 -0.049717716823305717 -0.056340529311790281 0.0095883601476249875 19.115000724792484 -0.23768177886886624 0.015172735858318355 0.005144736739167822 0.013059708721816611 0.052093484772870687 0.005404713995390443 -0.025987887856970478 -0.0079772360374109601 -0.051988645122402803 -0.01445239246099189 -0.052281358654850445 0.0043876731117163956 0.0037177992705033085 -0.0237759721784318 13.174999713897707 0.011887113972672949 0.041754111928017819 13.484999656677248 13.525000095367433
decision_type=2 2 2 2 2 2 2 10 2 2 2 10 2 2 8 2 2 8 2 2 2 2 2 2 2 2 2 2 2 2
left_child=1 -1 3 4 -3 6 8 -8 -5 -10 11 -4 13 16 -15 -16 -12 18 19 -18 -20 -13 23 25 -24 -23 -27 28 -28 -30
right_child=-2 2 10 5 -6 -7 7 -9 9 -11 12 21 -14 14 15 -17 17 -19 20 -21 -22 22 24 -25 -26 26 27 -29 29 -31
leaf_value=0.00015012155119834513 -0.00012538482342943483 0.00088402140117453578 -0.00027218445071825517 -2.4180402901678501e-05 -0.00056504307873271749 0.00013045694839139015 -0.0017955619773621569 -0.00047702513151192815 0.00046301764104759736 -0.00052723383643909041 0.00019903329015688383 -0.00042652196847513171 0.00042147625120627849 9.2065192432812395e-05 -0.00015173645951730867 -0.00062881024876236828 -0.0013456980162822112 6.7116799382019169e-05 0.00015111583659864456 -0.0028303910481936121 -0.00049959078379138656 0.00022054513664404625 -0.00092109718094102774 -0.00028361468989608737 0.00011031095905044864 3.9449913202314204e-05 0.000482249233770144 0.00024167992807213484 -0.0012321561406274354 -0.0001962511664660066
leaf_weight=4423 6879 59 372 864 197 792 43 129 51 57 4365 62 1749 189 135 114 41 379 196 54 41 2496 51 757 9540 10850 278 795 59 4214
leaf_count=4423 6879 59 372 864 197 792 43 129 51 57 4365 62 1749 189 135 114 41 379 196 54 41 2496 51 757 9540 10850 278 795 59 4214
internal_value=0.000253927 0.000415437 0.000288859 -0.00177463 -0.00808594 -0.000940082 -0.00277972 -0.0106977 -0.0013786 -0.00935185 0.000411983 0.000202552 0.00126188 0.000629307 -0.00424658 -0.00865462 0.00105004 -0.00224332 -0.00614458 -0.0165789 -0.00196203 0.000278675 0.000301309 -5.42442e-05 0.00102231 0.000107533 -0.000186466 -0.00134119 -0.00198748 -0.00237187
internal_weight=50231 43352 38929 2192 256 1936 1144 172 972 108 36737 29474 7263 5514 438 249 5076 711 332 95 237 29102 29040 19449 9591 18692 16196 5346 4551 4273
internal_count=50231 43352 38929 2192 256 1936 1144 172 972 108 36737 29474 7263 5514 438 249 5076 711 332 95 237 29102 29040 19449 9591 18692 16196 5346 4551 4273
is_linear=0
shrinkage=0.05


Tree=45
num_leaves=31
num_cat=0
split_feature=5 15 11 0 15 10 16 9 6 12 10 4 12 0 15 11 12 1 12 15 3 16 14 14 14 12 14 14 9 14
split_gain=3.09713 2.59299 6.41352 2.99559 2.82771 4.2749 2.75755 2.72529 2.58463 2.41641 5.9198 2.16673 1.94819 1.9018 2.35591 1.84953 1.81259 1.73634 1.59363 2.49343 4.04385 2.36611 6.93783 2.45839 3.08103 2.78612 1.48828 2.71871 2.48923 1.96288
threshold=0.011338890655006545 -0.02634889214901209 0.0084762607672295171 0.0019150821994926572 -0.017704690860675495 -0.017312000709356064 -0.05155821190129966 0.72279285085727307 0.020186992711023876 -0.067575688865902969 -0.018534133998249432 0.083585657430866003 -0.025840768177680992 -0.015384627285130402 -0.006107311622501165 -0.022672211523631577 -0.067575688865902969 -0.13663485717297716 0.035278924713739175 0.041451489634195877 -0.0011342037101574884 -0.015658035234639763 -0.035621573523768706 0.024903216094988693 0.039048416537089688 0.047870780278131859 -0.067583665573298909 -0.066405515647089006 -0.047831296125352855 0.029438000999075457
decision_type=2 2 2 2 2 2 2 10 2 2 2 2 2 2 2 2 2 2 2 2 2 2 2 2 2 2 2 2 10 2
left_child=-1 2 3 6 7 -6 9 15 13 -2 -11 12 17 14 -7 -3 -17 -10 19 -14 -21 22 -20 -23 25 -25 -15 28 -28 -29
right_child=1 4 -4 -5 5 8 -8 -9 11 10 -12 -13 18 26 -16 16 -18 -19 21 20 -22 23 -24 24 -26 -27 27 29 -30 -31
leaf_value=0.00011647756516014784 0.00056186278546558558 0.00057429745790457004 -0.0011873175775871179 -0.0011273295858663967 -0.00039140881656978276 6.2685286122060886e-05 0.00018544400960705535 -0.00082255235409514388 -0.00034500646802948834 -0.0010536713264767481 -7.3199742204317349e-05 -0.0012117370748275873 -0.00010646273093227602 0.00016509314319674949 -0.00022928848264154979 -0.00074877980075186302 0.00024097734608691013 0.00016823470726703413 -0.0018657263446960936 0.00044602917051084646 -0.001018630775040324 0.00014939997430763006 0.00024404645068712622 -0.001335473776318096 -3.8398348634009419e-05 -0.0001066587629045761 -0.00016428147532273379 1.9432400420900559e-05 -0.00099235400872802674 0.0001582725011231102
leaf_weight=6918 113 809 58 114 52 1483 795 89 45 110 188 143 8540 3031 1564 61 1635 1472 63 41 51 3263 142 71 590 115 106 14590 45 3876
leaf_count=6918 113 809 58 114 52 1483 795 89 45 110 188 143 8540 3031 1564 61 1635 1472 63 41 51 3263 142 71 590 115 106 14590 45 3876
internal_value=0.000288303 0.000131199 -0.0020029 -0.00128788 0.000201423 9.58432e-05 -0.000555555 0.00180031 0.000114833 -0.00388078 -0.00624161 -0.000414144 -0.000353297 0.0004262 -0.000743354 0.00210579 0.00116745 0.00134146 -0.000552967 -0.000943003 -0.00913043 0.000240339 -0.005 0.000506314 -0.0020232 -0.00763441 0.000590817 0.000423538 -0.00625828 0.000478176
internal_weight=50173 43255 1378 1320 41877 39283 1206 2594 39231 411 298 14536 14393 24695 3047 2505 1696 1517 12876 8632 92 4244 205 4039 776 186 21648 18617 151 18466
internal_count=50173 43255 1378 1320 41877 39283 1206 2594 39231 411 298 14536 14393 24695 3047 2505 1696 1517 12876 8632 92 4244 205 4039 776 186 21648 18617 151 18466
is_linear=0
shrinkage=0.05


Tree=46
num_leaves=31
num_cat=0
split_feature=8 12 16 0 12 16 12 6 1 15 4 16 9 12 15 16 12 12 15 14 3 15 9 7 10 16 7 7 16 10
split_gain=3.22384 3.9659 5.14048 4.47975 3.19921 2.47224 2.35265 2.18146 2.08648 5.06582 1.90676 2.44515 4.46061 4.75867 2.0042 4.56917 6.45421 7.68089 6.27748 3.09219 3.47578 2.84342 3.91323 2.37186 2.1965 2.12541 3.26238 2.11914 2.03128 5.33445
threshold=0.20290822160043234 -0.036045899235514094 -0.0087184764909737904 -0.017479784367480263 -0.0087283994836974115 0.054748975145843322 -0.0063801556439739273 2.207618403134552 0.014030019050290112 0.030862289490320109 0.025818866767334327 0.051811495287774852 0.049444489104752194 0.024709772202027306 -0.0065946690562771462 -0.029864869151533021 -0.018483569638135518 0.020704073700370865 -0.0036846834858090811 0.11094551908227025 -0.0030154678722384416 0.014043577431530398 -0.072369673262093634 -0.13353818040598145 -0.0020657822926501974 -0.037135859699262634 -0.048056890647502175 -0.05400255524237884 0.037843384396831888 -0.007321192598677361
decision_type=8 2 2 2 2 2 2 2 2 2 2 2 8 2 2 2 2 2 2 2 2 2 10 2 2 2 2 2 2 2
left_child=5 2 -2 -4 -3 7 -6 10 9 -7 -1 14 13 -13 28 16 21 18 -18 -17 -21 23 -23 -16 -19 26 -20 -24 -12 -30
right_child=1 4 3 -5 6 8 -8 -9 -10 -11 11 12 -14 -15 15 19 17 24 25 20 -22 22 27 -25 -26 -27 -28 -29 29 -31
leaf_value=6.6790781036718593e-05 0.00014038309302987943 0.00030092705911396924 -0.001218428027133191 -0.0003227340262584921 -0.0019857690382255335 0.00010333218076991708 -0.00010936598285496767 -0.00022682622903766721 0.00030569686683937003 -0.001589914918268512 0.00012932500909259472 -0.00056796437051726196 0.00027094100293216934 -0.0015761222248741995 -0.00078482369833006438 2.1169487420467876e-05 -0.0015458313511467515 -0.00042469515242672727 -0.00025404415992170666 -0.00085712157367191723 -0.00024579694130487173 7.8610942809428436e-05 -0.0014529807820349056 0.00054565381168333079 0.00019219672417576355 -0.00052509996046844361 -0.0015185236298854102 -0.00036806433016844709 0.00042962245754524128 -0.0042885028034556063
leaf_weight=18333 149 622 40 163 46 500 3215 2396 2183 46 6119 79 110 41 61 14521 63 71 67 44 100 126 41 396 227 156 52 49 54 51
leaf_count=18333 149 622 40 163 46 500 3215 2396 2183 46 6119 79 110 41 61 14521 63 71 67 44 100 126 41 396 227 156 52 49 54 51
internal_value=0.00032232 -0.000997639 -0.00607955 -0.0112562 -0.000536956 0.000444144 -0.00116375 0.000351855 0.00190363 -0.000860806 0.000438041 0.000128857 -0.005 -0.0116667 0.000181999 -0.000114561 -0.002945 -0.0065566 -0.011716 0.000138084 -0.00715278 0.000468054 -0.00425926 0.00270241 -0.000704698 -0.00845455 -0.0134874 -0.0122222 0.000943124 -0.00595238
internal_weight=50121 4235 352 203 3883 45886 3261 43157 2729 546 40761 22428 230 120 22198 15974 1309 636 338 14665 144 673 216 457 298 275 119 90 6224 105
internal_count=50121 4235 352 203 3883 45886 3261 43157 2729 546 40761 22428 230 120 22198 15974 1309 636 338 14665 144 673 216 457 298 275 119 90 6224 105
is_linear=0
shrinkage=0.05


Tree=47
num_leaves=31
num_cat=0
split_feature=4 16 10 10 10 16 6 13 13 13 13 5 11 0 14 14 14 13 9 3 14 16 10 9 10 16 16 13 16 10
split_gain=2.89345 2.75149 3.41474 2.91079 5.34991 5.75145 3.20247 2.61604 3.3116 3.56275 3.5985 3.87596 5.06846 5.14363 3.18487 3.08832 3.01142 3.97695 5.33773 4.62586 3.77374 3.48117 5.57491 3.90826 3.40918 3.94478 8.18149 8.25565 8.07488 4.78015
threshold=0.063670085131496454 0.059691259568397721 0.023991459337660673 0.017875659611307108 0.015605159278572868 0.019235159460979648 1.2271660275162057 13.744999885559084 16.914999961853031 17.445000648498539 19.115000724792484 0.015747179246556515 -0.028186654574093969 0.0048433951665686212 0.15949463237792252 0.023528256562062814 -0.067583665573298909 16.875000000000004 0.39971177979974276 -0.004917782246209145 -0.05546753287916955 0.022645864617796722 0.0090978943428771126 -0.081718583882708626 0.0040968178286348031 0.011887113972672949 0.017632716408239383 13.795000076293947 0.01696013637953209 -0.0026636628961290705
decision_type=2 2 2 2 2 2 2 2 2 2 2 2 2 2 2 2 2 2 8 2 2 2 2 8 2 2 2 2 2 2
left_child=1 3 -3 4 7 6 -6 15 16 14 11 -11 13 -13 -10 -1 -9 20 -19 -20 21 23 -23 -18 25 -22 28 -28 -27 -29
right_child=-2 2 -4 -5 5 -7 -8 8 9 10 -12 12 -14 -15 -16 -17 17 18 19 -21 24 22 -24 -25 -26 26 27 29 -30 -31
leaf_value=0.00015645706511458073 -0.00024331821405417319 0.00025763454550889269 -0.00097776530920872917 0.00039596957477540292 -0.00035242789577703132 1.8509029499479203e-05 -0.00091236749986752311 0.00018031943855866206 0.00027151039516817095 5.925361644476345e-05 0.00010109077925500434 -0.00013515450520403601 -0.0001291401527621373 -0.001220485120362711 -0.00029169923258240291 -9.2962567793011916e-05 -0.0013225428049774357 0.00012209077628470578 1.3280765078295185e-05 -0.00087577799101252888 2.1831216889087209e-06 -0.00056711605401924502 -0.00028402112868024113 4.642363949392516e-05 0.00010814710901064463 -0.000488802080194402 -0.00075132790210286798 -0.00036591086170598478 -0.00076336768693883224 5.6247309843192958e-05
leaf_weight=7150 2157 2074 57 831 111 187 57 1678 2798 2794 9885 134 3615 78 54 1134 68 93 44 100 6637 61 174 396 3308 815 60 636 115 2710
leaf_count=7150 2157 2074 57 831 111 187 57 1678 2798 2794 9885 134 3615 78 54 1134 68 93 44 100 6637 61 174 396 3308 815 60 636 115 2710
internal_value=0.000324029 0.000404773 0.00216096 0.000322923 0.000268645 -0.00584507 -0.0125595 0.000317377 0.000134196 0.000580639 0.000298679 -0.000603383 -0.00163705 -0.00915094 0.00221248 0.00111902 -0.00037733 -0.000599001 -0.00702532 -0.0130556 -0.00049733 -0.00408441 -0.00904255 -0.00157328 -0.000321756 -0.000745922 -0.00191882 -0.000783911 -0.00607527 -0.000454274
internal_weight=50011 47854 2131 45723 44892 355 168 44537 36253 19358 16506 6621 3827 212 2852 8284 16895 15217 237 144 14980 699 235 464 14281 10973 4336 3406 930 3346
internal_count=50011 47854 2131 45723 44892 355 168 44537 36253 19358 16506 6621 3827 212 2852 8284 16895 15217 237 144 14980 699 235 464 14281 10973 4336 3406 930 3346
is_linear=0
shrinkage=0.05


Tree=48
num_leaves=31
num_cat=0
split_feature=5 16 16 5 13 10 10 16 14 8 14 10 13 13 13 13 4 16 10 13 10 10 16 16 5 13 13 14 14 13
split_gain=3.00842 2.15257 2.3853 2.01721 1.73601 4.83612 12.9119 8.14573 6.60453 5.49195 5.0415 3.45019 3.51587 4.04848 3.67935 3.48402 3.59067 3.39565 10.4639 2.77559 2.62966 2.6444 2.56528 3.18019 2.39362 2.21221 5.57638 2.53894 8.70144 4.22784
threshold=0.026188062287206007 0.017202817988670297 0.016536914336346967 0.011338890655006545 16.73499965667725 -0.0027244353612394519 -0.0029425651550978866 0.00081975429508929231 0.020612402779838893 0.088691105335387058 0.024903216094988693 -0.0077272897241722474 14.920000076293947 16.375000000000004 16.675000190734867 15.654999732971193 0.020175082497696225 -0.032577672604407408 -0.0015160047739009028 13.894999980926515 -0.003662954821369246 -0.012508695077667052 -0.016506626659326392 -0.015658035234639763 0.015009220371776084 17.164999961853031 17.180000305175785 -0.012079756674524154 -0.011313380079801037 18.130000114440922
decision_type=2 2 2 2 2 2 2 2 2 10 2 2 2 2 2 2 2 2 2 2 2 2 2 2 2 2 2 2 2 2
left_child=3 2 -2 -1 5 6 8 -8 -5 19 -10 -12 -13 15 -15 16 -14 18 -7 -9 21 -6 -19 -24 -21 -22 -27 -28 -29 -30
right_child=1 -3 -4 4 20 17 7 9 10 -11 11 12 13 14 -16 -17 -18 22 -20 24 25 -23 23 -25 -26 26 27 28 29 -31
leaf_value=0.00010217729677437545 -0.00017735696570831557 6.3277105848204277e-05 -0.0012949427323256449 0.00031519403147654254 1.2360400833788433e-05 -0.0014023008443843777 -1.2655557346304146e-06 -0.00013062286430955104 -0.0006721700220754511 -0.0016930410734571886 0.00011683634773379955 -6.6185937660864051e-05 -0.00099228208013693565 0.00012940518602660075 -0.00057964937981787735 -0.00054160667114939586 -0.00015047065357878461 0.0003366370811067933 -5.1921588908156486e-05 -0.00092556637432894713 0.00020590927481266161 0.00028126553359909286 -0.001426815187462883 3.912963582071329e-05 -0.0025933794472780625 -0.00085989183168261275 5.4061965671747505e-05 -0.0020381673114232141 -0.00023346289802213759 3.6439074083120878e-05
leaf_weight=6955 4950 3069 72 1196 2136 48 140 76 91 91 813 743 42 292 98 136 195 907 264 47 1847 3638 78 13328 47 40 5759 91 940 2051
leaf_count=6955 4950 3069 72 1196 2136 48 140 76 91 91 813 743 42 292 98 136 195 907 264 47 1847 3638 78 13328 47 40 5759 91 940 2051
internal_value=0.000277999 -0.000604993 -0.00124253 0.000447742 0.000293733 -3.70329e-05 -0.00157599 -0.0100873 -0.000629506 -0.0153065 -0.00213693 -0.00168392 -0.00310093 -0.00548493 -0.00192308 -0.00920911 -0.00554852 0.000384616 -0.00477564 -0.01 0.000667192 0.00152754 0.000497101 0.00032299 -0.0157447 0.000204139 -0.000123297 -3.90225e-05 -0.00119727 -0.000733868
internal_weight=50180 8091 5022 42089 35134 18632 4007 401 3606 261 2410 2319 1506 763 390 373 237 14625 312 170 16502 5774 14313 13406 94 10728 8881 8841 3082 2991
internal_count=50180 8091 5022 42089 35134 18632 4007 401 3606 261 2410 2319 1506 763 390 373 237 14625 312 170 16502 5774 14313 13406 94 10728 8881 8841 3082 2991
is_linear=0
shrinkage=0.05


Tree=49
num_leaves=31
num_cat=0
split_feature=4 12 16 16 10 10 8 14 16 5 10 0 15 14 7 8 12 12 14 6 8 15 10 12 16 12 16 1 16 5
split_gain=3.39944 2.8388 2.61147 2.55735 3.61461 3.04823 2.21693 2.26268 5.42271 3.12771 2.21529 1.85479 2.27912 3.1313 1.90125 2.72351 1.64479 2.74837 1.65686 1.58475 1.575 1.89535 1.6131 1.54154 3.90627 1.4989 1.57163 2.03649 1.35997 1.43759
threshold=0.031141513727890108 -0.075828258528587975 0.051403326628023834 -0.034321490035760675 -0.029463592833469218 0.010655378584307098 -0.011241866564313583 0.10106771219531153 -0.040573350661120271 0.025307058980959609 -0.0044419794643563706 -0.010559950720855025 0.0014703025428648433 0.079538209541853658 0.013835930829263156 -0.0046728291551874626 0.020704073700370865 -0.017226382723054597 -0.0013068210528928146 -0.43476373464013096 0.53434165929924549 -0.012362717668776333 0.0034066774365857371 0.019709843636474437 -0.037135859699262634 0.018290982479416521 0.034184558256457061 0.026347247209154715 0.01053219978800546 0.027242027798298724
decision_type=2 2 2 2 2 2 10 2 2 2 2 2 2 2 2 8 2 2 2 2 8 2 2 2 2 2 2 2 2 2
left_child=2 -2 19 4 -3 6 23 10 -9 -10 -8 12 20 14 25 -16 17 -12 -19 -1 22 -22 -5 -6 -25 26 -14 -28 29 -17
right_child=1 3 -4 11 5 -7 7 8 9 -11 16 -13 13 -15 15 28 -18 18 -20 -21 21 -23 -24 24 -26 -27 27 -29 -30 -31
leaf_value=8.2629298662134003e-05 0.0005006203004536109 -0.0019657373044536506 0.00022793117045884125 2.3594522999052687e-05 7.7284214359471024e-05 -0.0010340670939179494 0.00022665895291415689 9.2172820299475005e-05 -0.00028689488073094753 -0.0023916504471700704 0.00042246941410668202 2.3380926072032003e-05 -0.00010231039746537967 -0.00085526609353097456 -0.0013358422907371586 -0.00041423913602868967 0.00010206922633157364 -0.0017964914701973087 -0.00091744703482502887 2.3322934860836677e-05 -0.00041288244339682717 1.9586477317979675e-05 -0.00053058118762437266 3.5237725813109479e-05 -0.0010386126134436929 0.00011647487476020391 -0.001471324220361175 9.9964689970057942e-05 -0.00020489663463834964 -0.0010988564007638807
leaf_weight=10973 633 42 1461 3428 1260 94 235 85 40 44 51 12379 360 47 69 61 98 51 51 17182 101 112 79 114 45 482 99 45 312 57
leaf_count=10973 633 42 1461 3428 1260 94 235 85 40 44 51 12379 360 47 69 61 98 51 51 17182 101 112 79 114 45 482 99 45 312 57
internal_value=0.000303454 -0.000191951 0.000645935 -0.000297112 -0.00190045 -0.001619 -0.00121986 -0.00362595 -0.00860947 -0.017619 -0.001893 -9.61373e-05 -0.000883473 -0.00250653 -0.00210438 -0.00461924 -0.00515936 -0.00839869 -0.0131373 0.000538981 -0.000215054 -0.00438967 3.84946e-05 -0.000109232 -0.00474843 -0.000831643 -0.00273809 -0.00715278 -0.00313953 -0.00771186
internal_weight=50090 20474 29616 19841 2210 2168 2074 655 169 84 486 17631 5252 1532 1485 499 251 153 102 28155 3720 213 3507 1419 159 986 504 144 430 118
internal_count=50090 20474 29616 19841 2210 2168 2074 655 169 84 486 17631 5252 1532 1485 499 251 153 102 28155 3720 213 3507 1419 159 986 504 144 430 118
is_linear=0
shrinkage=0.05


Tree=50
num_leaves=31
num_cat=0
split_feature=5 6 6 11 11 0 5 15 13 13 9 14 13 13 11 3 14 13 11 8 13 15 0 15 11 15 14 13 13 7
split_gain=2.99194 2.00495 1.71607 1.39787 1.50983 1.69624 1.32921 1.27326 1.1983 2.98394 4.23946 2.56951 3.0755 3.49425 3.22389 2.9389 2.68875 3.86784 3.31919 2.46382 2.37682 2.09246 2.24654 1.95379 2.84615 2.72181 1.89186 4.1 1.74267 2.34543
threshold=0.018024442289145324 0.020186992711023876 1.5734829763998801 0.077392985560090458 0.035212885385391253 -0.0072470727154471662 0.033939127521358518 0.0049499375219190797 16.914999961853031 16.875000000000004 -0.33401007718889575 0.018934443393513026 14.525000095367433 15.025000095367433 -0.012367016297633369 0.0033902060161536966 -0.052212744330840215 14.960000038146974 0.0095883601476249875 0.077328609910768412 17.204999923706058 -0.024986231241789388 -0.022923047369325041 -0.0021199824694236309 0.018680382496318208 -0.0031309226070448943 0.020823614308890352 14.734999656677248 15.825000286102297 -0.04490942138338732
decision_type=2 2 2 2 2 2 2 2 2 2 10 2 2 2 2 2 2 2 2 10 2 2 2 2 2 2 2 2 2 2
left_child=2 3 8 4 -2 7 -3 -6 9 11 -11 12 19 14 -14 -16 18 -18 -17 -1 -10 22 -13 25 -25 -21 27 -23 -15 -30
right_child=1 6 -4 -5 5 -7 -8 -9 20 10 -12 21 13 28 15 16 17 -19 -20 23 -22 26 -24 24 -26 -27 -28 -29 29 -31
leaf_value=0.00018641489183538162 1.2602649553459511e-05 -5.2819902367126574e-05 -7.6390666079184733e-05 -0.0006707682045196694 -0.00033218872969356341 0.00034128106372680999 -0.00041654144171367804 0.00025692820379732371 0.00032148988086739302 -0.00037248449066982776 0.00055733268763498629 -0.00043902928813583411 -0.0011532929733354968 0.00022272315085994075 5.3845654754852894e-07 -7.3066805272117327e-07 6.4125174429000678e-06 -0.00070380732978296979 -0.00066797475292414425 -9.0290401734950934e-05 7.9616360097594353e-05 -0.00105149020972727 -0.00017800157438845206 0.00020521787972561532 -0.0001426025076630551 -0.00052593344561362328 -5.6207261683494192e-06 -5.7102133642812443e-05 -0.0004639112427541897 3.2533311049819096e-05
leaf_weight=4680 12599 7373 2754 55 93 786 1075 77 1197 99 60 42 40 1640 778 42 241 60 67 237 8225 45 62 982 441 74 3894 160 166 2160
leaf_count=4680 12599 7373 2754 55 93 786 1075 77 1197 99 60 42 40 1640 778 42 241 60 67 237 8225 45 62 982 441 74 3894 160 166 2160
internal_value=0.000288224 -0.000147792 0.00062993 0.000227774 0.000260052 0.00217573 -0.000752841 -0.00235294 0.000758507 0.000494678 -0.00632075 0.000563216 0.000946761 4.23568e-05 -0.00228827 -0.00181818 -0.0052439 -0.00280731 -0.0119725 0.00167914 0.00120569 -0.000496074 -0.0075 6.92043e-05 0.00085383 -0.0035209 -0.00031837 -0.005 0.000763994 -0.000116079
internal_weight=50204 22058 28146 13610 13555 956 8448 170 25392 15970 159 15811 11608 5194 1228 1188 410 301 109 6414 9422 4203 104 1734 1423 311 4099 205 3966 2326
internal_count=50204 22058 28146 13610 13555 956 8448 170 25392 15970 159 15811 11608 5194 1228 1188 410 301 109 6414 9422 4203 104 1734 1423 311 4099 205 3966 2326
is_linear=0
shrinkage=0.05


Tree=51
num_leaves=31
num_cat=0
split_feature=9 13 14 14 11 10 16 16 12 13 15 13 14 12 16 10 14 15 13 10 11 10 11 4 14 15 13 9 14 15
split_gain=2.55877 2.44096 3.93082 4.3221 4.80638 5.5206 2.47612 3.17467 4.33264 2.77705 4.46392 4.22842 3.18834 3.48187 9.5735 8.1917 3.15163 2.90553 5.88887 4.78645 6.69152 5.83631 8.84322 4.28295 3.4877 7.10693 3.57625 4.49159 2.97585 5.5561
threshold=0.3159334464523666 13.744999885559084 0.026259504689798433 0.032246703719173715 0.0083592080830587907 -0.0056690374548943314 0.056311592973609666 0.04954323388425997 0.088559011453246086 16.914999961853031 0.041451489634195877 17.494999885559086 -0.067583665573298909 0.050860094870715973 -0.01000236027075063 0.0012069827106450106 0.15949463237792252 -0.012190473812972001 16.875000000000004 -0.0026636628961290705 -0.018660876046821092 -0.0029425651550978866 0.0021655694557776166 0.029976772069449296 -0.05546753287916955 0.017971188635576566 13.795000076293947 -0.052422474616538477 0.079538209541853658 -0.0031309226070448943
decision_type=10 2 2 2 2 2 2 2 2 2 2 2 2 2 2 2 2 2 2 2 2 2 2 2 2 2 2 10 2 2
left_child=1 2 -1 -4 5 -5 7 9 -9 10 12 16 -3 17 -15 -16 -11 -14 19 21 -21 28 -23 -24 25 -22 27 -26 -19 -30
right_child=-2 6 3 4 -6 -7 -8 8 -10 11 -12 -13 13 14 15 -17 -18 18 -20 20 24 22 23 -25 26 -27 -28 -29 29 -31
leaf_value=0.00015158663441185082 -0.00012429226705405429 0.00017078807768002561 -0.00097465694764146548 0.00052620152705987362 0.00041953805590007093 -0.00027807101203090596 0.00016677989174622578 -0.00011953236491186131 -0.0014785330811497455 0.00027608526091033318 -0.00094676272295102703 2.6178068515159548e-05 0.00017683341524834278 -0.0019546510333087659 -0.00069701200956282525 2.6363686601995035e-05 -0.00027561443246820289 -6.4284298125729856e-05 -0.00057973384841841725 -0.0011740455072214359 -0.00018117974845839493 -2.7999524075835826e-05 -0.00075992739100702025 -0.0035142594598975684 -0.00070245324196198822 -0.00054376458390052544 6.1031339577172546e-05 5.0207873154628181e-06 -0.00061181746936944637 2.5058073553852651e-05
leaf_weight=6511 5407 1691 89 167 340 271 2457 613 45 2844 61 16064 1624 61 113 562 55 1844 120 53 468 170 118 44 70 110 7517 95 300 277
leaf_count=6511 5407 1691 89 167 340 271 2457 613 45 2844 61 16064 1624 61 113 562 55 1844 120 53 468 170 118 44 70 110 7517 95 300 277
internal_value=0.000229362 0.000353488 0.0011846 -0.00197809 -0.000784061 -0.00424658 0.000189427 8.14745e-05 -0.00335866 0.000147544 -0.000353641 0.000551864 -0.000299599 -0.000555145 -0.00389946 -0.00218518 0.00230942 -0.000362997 -0.000649919 -0.000530453 6.7966e-05 -0.00233745 -0.00855422 -0.0169136 0.000181598 -0.00356401 0.000463421 -0.00681818 -0.00148492 -0.00461872
internal_weight=50161 44754 7378 867 778 438 37376 34919 658 34261 15298 18963 15237 13546 736 675 2899 12810 11186 11066 8313 2753 332 162 8260 578 7682 165 2421 577
internal_count=50161 44754 7378 867 778 438 37376 34919 658 34261 15298 18963 15237 13546 736 675 2899 12810 11186 11066 8313 2753 332 162 8260 578 7682 165 2421 577
is_linear=0
shrinkage=0.05


Tree=52
num_leaves=31
num_cat=0
split_feature=5 9 10 15 9 16 1 16 13 10 14 14 14 13 9 13 15 16 16 12 12 8 13 0 12 12 14 14 1 15
split_gain=3.17497 2.16639 2.00835 3.81376 1.92259 1.90764 2.41038 1.92164 1.77508 2.21776 2.48637 2.2008 3.63576 3.31436 5.06772 3.13377 3.01789 2.5507 2.29223 2.18317 2.13338 2.5286 2.25834 2.1125 1.90623 7.10417 2.92784 5.07979 1.94739 1.85184
threshold=0.011338890655006545 -0.31330466174312233 0.017102322993862277 0.041451489634195877 1.2934159033607651 0.059691259568397721 0.040211703112649551 0.11275686842949396 14.244999885559084 0.015021993582677752 -0.069744182185856193 -0.069744182185856193 -0.05546753287916955 14.315000057220461 -0.14067451287098628 24.19999980926514 0.019798961297038623 0.034184558256457061 -0.036049236201765637 0.022707498182199862 -0.075828258528587975 0.035336726848744789 16.894999504089359 -0.012416815093258314 0.023603379375990999 0.025371468948423018 -0.022508843870219172 -0.021271104882925714 0.006735010209641624 0.00015529091984023416
decision_type=2 8 2 2 10 2 2 2 2 2 2 2 2 2 10 2 2 2 2 2 2 10 2 2 2 2 2 2 2 2
left_child=-1 -2 3 4 5 6 8 -7 24 11 -11 15 16 14 -14 17 18 -10 -13 -19 -15 22 -22 -16 -3 -26 -27 28 -28 -29
right_child=1 2 -4 -5 -6 7 -8 -9 9 10 -12 12 13 20 23 -17 -18 19 -20 -21 21 -23 -24 -25 25 26 27 29 -30 -31
leaf_value=0.00010219447109969675 -0.00043308231839527439 0.00024499047030566247 0.00026750405191000072 -0.00081534418346144359 -0.00045811973136252365 0.0001944405025776332 -5.8178264378480545e-05 -0.00077051415546534018 0.00032023999524986299 -0.00041675148628950002 0.00036704564675708895 -0.00081848105078788065 0.00090991029482079234 0.0005851746510479619 -0.0005949471507543146 -0.00032879764330191226 -0.00056330000958128572 -0.00044854206173981895 -0.0001907354795230021 0.00028598573352947592 -0.00011013797846275272 0.0001066159501733459 3.2228707123728411e-05 -0.0024067913496167441 -0.0008444150433143887 0.00028944383949000205 -0.00035062201364294688 -0.00011827061068452468 -0.00021096425935148637 0.00011581383691811688
leaf_weight=6981 782 1347 1122 56 302 1874 8280 57 2041 277 84 97 55 467 40 213 55 101 1010 101 4916 5952 9004 40 65 1708 83 1269 51 1792
leaf_count=6981 782 1347 1122 56 302 1874 8280 57 2041 277 84 97 55 467 40 213 55 101 1010 101 4916 5952 9004 40 65 1708 83 1269 51 1792
internal_value=0.000350643 0.000190907 0.000238937 0.000182282 0.000199971 0.000229264 0.000153401 0.00176334 0.000357189 0.000164193 -0.00372576 0.000222481 6.14718e-05 0.000215884 -0.00759259 0.00164088 -0.00265921 0.00219126 -0.00209124 -0.00316832 0.000267712 0.000189211 -0.000179598 -0.015625 0.00110451 0.000652174 0.000869876 -2.3474e-05 -0.00955224 0.000393662
internal_weight=50222 43241 42459 41337 41281 40979 39048 1931 30768 24453 361 24092 21636 20474 135 2456 1162 2243 1107 202 20339 19872 13920 80 6315 4968 4903 3195 134 3061
internal_count=50222 43241 42459 41337 41281 40979 39048 1931 30768 24453 361 24092 21636 20474 135 2456 1162 2243 1107 202 20339 19872 13920 80 6315 4968 4903 3195 134 3061
is_linear=0
shrinkage=0.05


Tree=53
num_leaves=31
num_cat=0
split_feature=6 5 14 14 10 9 7 15 9 9 15 9 10 10 9 0 11 15 6 16 15 15 7 6 9 5 10 11 16 10
split_gain=2.85592 1.96437 1.85446 3.33585 4.27355 3.71799 2.274 2.00938 1.69228 1.5342 1.43959 2.73347 3.51802 1.37051 1.76936 1.42607 1.32977 3.73133 3.35204 2.79638 5.56048 2.23978 2.21625 2.08581 2.80152 1.35873 1.26992 1.41593 1.82882 2.96645
threshold=1.5734829763998801 0.015690259335006503 -0.067583665573298909 -0.056340529311790281 0.0065847868037403065 0.36097528091657588 -0.042795251204506439 0.0095217832764519245 0.064460967033870623 0.39033171624520241 0.015375623755145342 0.295357812053955 0.0084728962045924634 0.013109339753378581 -0.10254876359108121 -0.02851164821475943 -0.023324981642921735 0.0058476295141469689 -0.027498283799546965 -0.038656880421716604 -0.0034747694163764216 -0.046241331298511039 0.022387318973298934 -0.70817342470852329 -0.0041948978052968591 0.015747179246556515 0.0089823327220962552 0.029571955445533264 0.013849812296077403 0.0086043784321214751
decision_type=2 2 2 2 2 10 2 2 10 10 2 10 2 2 10 2 2 2 2 2 2 2 2 2 10 2 2 2 2 2
left_child=1 9 10 4 5 7 -6 8 -4 26 13 -12 -13 15 -15 -3 17 21 -19 20 22 -5 23 24 -18 -21 27 28 29 -1
right_child=-2 2 3 16 6 -7 -8 -9 -10 -11 11 12 -14 14 -16 -17 19 18 -20 25 -22 -23 -24 -25 -26 -27 -28 -29 -30 -31
leaf_value=8.5632765895264523e-05 -0.00015101575517216301 -0.0008838415080138749 -2.6918926138467581e-05 -0.00067478319331306291 -0.00067255036656436865 -0.0017965879581220382 4.9582065655296169e-05 -0.0012348865771317245 -0.00076948711066378143 -0.0004679542607116526 7.2772919987241892e-05 -0.0010348025583326993 -0.00011459291331396103 -0.00049836393149942679 0.00010271846381182853 0.00030881978093908607 -0.00019551164678907474 2.2992650581000584e-05 -0.0013934419748009301 -0.00024365380095246376 0.00061051366641703215 0.00036394684636654551 -0.0013203391289624161 -0.00042581152493348677 -0.0008908629000143215 1.3490135765424938e-05 0.00015629562534726256 0.00018673872756393796 -9.2580844579100278e-06 -0.00034488872641793997
leaf_weight=10296 4898 44 168 61 151 42 550 78 68 102 1553 44 168 49 60 1692 48 131 81 137 194 1691 70 321 40 18820 2462 784 5144 70
leaf_count=10296 4898 44 168 61 151 42 550 78 68 102 1553 44 168 49 60 1692 48 131 81 137 194 1691 70 321 40 18820 2462 784 5144 70
internal_value=0.000307596 0.00043208 0.000152508 -1.52309e-05 -0.0027578 -0.0072191 -0.000492154 -0.00535032 -0.00305085 0.000821402 0.00120499 0.000184136 -0.00514151 0.00218157 -0.00325688 0.00252304 0.000119015 0.00135947 -0.00490566 -5.09406e-06 -0.00317236 0.00211758 -0.00606472 -0.0046577 -0.0114773 0.000107348 0.00085466 0.000694734 0.000589942 0.00097241
internal_weight=50017 45119 26261 22651 1057 356 701 314 236 18858 3610 1765 212 1845 109 1736 21594 1964 212 19630 673 1752 479 409 88 18957 18756 16294 15510 10366
internal_count=50017 45119 26261 22651 1057 356 701 314 236 18858 3610 1765 212 1845 109 1736 21594 1964 212 19630 673 1752 479 409 88 18957 18756 16294 15510 10366
is_linear=0
shrinkage=0.05


Tree=54
num_leaves=31
num_cat=0
split_feature=8 12 16 12 9 16 12 12 14 12 3 13 15 13 14 14 11 10 10 15 13 15 14 11 14 12 16 9 16 10
split_gain=2.41463 2.5279 3.73045 3.51359 2.1218 2.27202 2.04125 8.99835 4.10321 5.53754 3.38608 2.5375 3.83647 3.13579 2.86321 6.26711 3.57232 4.03879 2.62589 5.20617 6.78994 6.77409 5.92247 4.63469 4.77104 7.35384 3.87811 4.05374 3.67996 6.24954
threshold=0.20290822160043234 -0.036045899235514094 -0.0087184764909737904 -0.019407613730768488 -0.31330466174312233 0.054748975145843322 -0.031853189963288557 -0.030461524413172677 0.22590160926733996 -0.067575688865902969 -0.0069664054172998693 20.375000000000004 0.041451489634195877 13.744999885559084 0.026259504689798433 0.032246703719173715 0.0083592080830587907 -0.0056690374548943314 0.0040968178286348031 -0.0044586982918248799 20.335000038146976 -0.0043981162361914064 0.048155268237130573 0.027231962502118127 0.072256211824153885 0.048021249302454556 0.051811495287774852 0.049444489104752194 0.01696013637953209 -0.0041979732258571869
decision_type=8 2 2 2 8 2 2 2 2 2 2 2 2 2 2 2 2 2 2 2 2 2 2 2 2 2 2 8 2 2
left_child=4 2 -2 -3 -1 6 8 10 -6 -10 -8 12 13 14 -9 -16 17 -17 19 20 23 -21 -23 24 -15 28 -20 -28 -26 -30
right_child=1 3 -4 -5 5 -7 7 11 9 -11 -12 -13 -14 18 15 16 -18 -19 26 21 -22 22 -24 -25 25 -27 27 -29 29 -31
leaf_value=-0.00043937857497506922 0.00016298482527973466 0.00046461954373670772 -0.00033400185999799919 -0.00010264578911316578 0.00020599749996245078 0.00021195717218925391 -0.0023539814868629681 0.00012932336136404354 0.00054733238218150431 -0.00089370893369767007 -0.00048926945663932419 0.00016287818298433535 -0.00086278183772446843 0.00019959192930132648 -0.0010432597942228096 0.00050675248087065381 0.00047038204834359772 -0.00021686682351641567 6.5509496320694489e-05 -0.00079524815783154018 -0.00069890500093755862 -0.00013141641003753821 0.00024875881799851719 -0.00096550393012874609 2.303435530884882e-05 -0.00090092678757998997 -0.0013761327365661886 0.00033618790481878793 -0.00010760071107028284 -0.00069227760799928475
leaf_weight=783 145 405 207 3447 4421 2586 97 7058 107 109 200 3783 60 5109 109 180 301 287 7983 123 58 8482 1168 172 2308 119 53 40 178 56
leaf_count=783 145 405 207 3447 4421 2586 97 7058 107 109 200 3783 60 5109 109 180 301 287 7983 123 58 8482 1168 172 2308 119 53 40 178 56
internal_value=0.000259704 -0.00088725 -0.00494318 -0.000516615 0.000364686 0.00040944 0.000322009 0.000200928 0.00131227 -0.00541667 -0.00846801 0.000269355 0.000132077 0.000154511 0.00102394 -0.00167047 -7.81248e-05 -0.00281585 -0.000112383 -0.00045209 0.00049375 -0.00122634 -0.00107772 0.000618232 0.000797941 -0.000918827 0.000635216 -0.00951613 -0.000350118 -0.00632479
internal_weight=50134 4204 352 3852 45930 45147 42561 37924 4637 216 297 37627 33844 33784 7935 877 768 467 25849 17773 8000 9773 9650 7942 7770 2661 8076 93 2542 234
internal_count=50134 4204 352 3852 45930 45147 42561 37924 4637 216 297 37627 33844 33784 7935 877 768 467 25849 17773 8000 9773 9650 7942 7770 2661 8076 93 2542 234
is_linear=0
shrinkage=0.05


Tree=55
num_leaves=31
num_cat=0
split_feature=6 16 10 4 16 16 15 16 12 0 14 14 15 12 15 9 10 10 15 10 14 14 16 12 16 10 10 12 12 1
split_gain=2.57759 1.70329 3.36084 1.90896 2.52936 2.08076 1.83635 1.4692 3.34147 1.80677 1.42335 2.18226 4.87325 7.09721 5.63351 5.02755 4.88178 3.75121 3.44141 4.60543 2.81144 2.47486 4.35257 3.16721 2.89957 2.88976 3.1329 2.59903 2.56463 2.68804
threshold=0.76668837223374331 -0.046290294771689826 -0.029463592833469218 0.055831201570110449 -0.038656880421716604 -0.040573350661120271 0.018402738585624027 -0.045426613673476827 -0.017226382723054597 0.00036853535149894428 -0.025765440759432264 -0.0062634959442488527 -0.0072497527188145608 -0.015853080145958594 -0.0082624242105058792 -0.1645922719012656 -0.0012722764150241981 -0.0029425651550978866 -0.00047752716009208379 0.0064542446486700608 -0.012079756674524154 -0.017113211502094435 -0.031094083371474898 0.035732365029541142 -0.00022854384568948835 -0.00056541521773795223 0.0012830782027211109 0.015760986994464269 0.052411993463065805 -0.0037925603294355899
decision_type=2 2 2 2 2 2 2 2 2 2 2 2 2 2 2 8 2 2 2 2 2 2 2 2 2 2 2 2 2 2
left_child=1 2 -1 7 5 -5 -6 8 -3 -10 -9 12 14 15 16 -14 17 -12 -17 20 -20 28 -23 24 -24 -26 -27 -28 -15 -30
right_child=-2 3 -4 4 6 -7 -8 10 9 -11 11 -13 13 21 -16 18 -18 -19 19 -21 -22 22 23 -25 25 26 27 -29 29 -31
leaf_value=-0.0011031167919123813 -6.0519504552384445e-05 0.00034311486115006629 0.00028685334982380442 -0.00049634230488471945 -0.00017906660487234161 -0.0014522096434038271 0.00043180595796268032 8.3610115470250136e-05 -0.00035522267077785653 -0.0006816066678030987 -4.3065396793047402e-05 4.5987229870259267e-05 -0.0013615823328868993 0.0002210042464725482 -0.0006573811724747495 0.0010305759324281496 0.00062661672452747608 -0.00094374194850967662 -0.00014445478356448635 0.00024031657094431393 -0.001585774968801113 -0.00118772969891888 0.00022821148664691274 0.00019842392640583687 0.00046986320338134432 -0.00052015929861495304 0.00018461623707157702 -0.00023293801966054771 -0.00033516357575718068 4.2242200111821414e-05
leaf_weight=41 9615 99 1538 118 2056 45 359 11817 52 40 160 18252 71 1788 50 100 154 197 258 133 95 50 515 1084 131 276 232 576 76 144
leaf_count=41 9615 99 1538 118 2056 45 359 11817 52 40 160 18252 71 1788 50 100 154 197 258 133 95 50 515 1084 131 276 232 576 76 144
internal_value=0.00027054 0.000445232 0.0020551 0.000379932 -0.000934833 -0.00696319 -0.00052795 0.000473178 -0.00390052 -0.0107609 0.00049628 0.000277709 -0.000541872 -9.13364e-05 -0.00498217 -0.00496956 -0.00341487 -0.00662465 -0.0034471 -0.00518518 -0.0081728 0.000566503 -0.000377095 -0.000117271 -0.00144509 -0.00277778 -0.00362546 -0.00205446 0.00191235 -0.00318182
internal_weight=50122 40507 1579 38928 2578 163 2415 36350 191 92 36159 24342 6090 5529 561 657 511 357 586 486 353 4872 2864 2814 1730 1215 1084 808 2008 220
internal_count=50122 40507 1579 38928 2578 163 2415 36350 191 92 36159 24342 6090 5529 561 657 511 357 586 486 353 4872 2864 2814 1730 1215 1084 808 2008 220
is_linear=0
shrinkage=0.05


Tree=56
num_leaves=31
num_cat=0
split_feature=8 14 13 14 10 15 5 14 15 14 11 11 14 14 5 9 15 15 5 15 11 14 10 10 11 9 11 13 13 15
split_gain=2.40085 3.02744 2.73855 3.35229 2.17306 2.88545 2.20312 1.70828 2.27938 7.97984 1.70667 5.52015 4.95729 4.90832 2.98614 2.84859 2.25465 2.04904 2.72361 2.57269 2.87401 2.5208 2.66664 13.3008 3.36946 6.10483 3.33329 3.57079 8.39178 4.54268
threshold=0.35936418531322606 0.18137679246918895 19.115000724792484 -0.042495657697534488 0.017102322993862277 0.041451489634195877 0.011338890655006545 -0.04841526643133464 -0.012362717668776333 0.020612402779838893 0.029305093404121577 0.027231962502118127 -0.037374592254897913 -0.0055188195568775513 0.015916852896556494 -0.37885284831785948 0.0014703025428648433 -0.0065946690562771462 0.029313486666511627 -0.02634889214901209 0.0084762607672295171 -0.017647948149660749 0.0058855718957657741 0.006337694363773628 0.016138382759851803 -0.091528469364223583 0.009090553623087862 17.914999961853031 17.494999885559086 -0.0028850154808948143
decision_type=8 2 2 2 2 2 2 2 2 2 2 2 2 2 2 10 2 2 2 2 2 2 2 2 2 10 2 2 2 2
left_child=4 2 3 -2 5 6 -1 -4 9 -9 11 17 -13 14 -14 16 -12 19 21 20 -8 -19 26 24 25 -24 27 28 29 -23
right_child=1 -3 7 -5 -6 -7 10 8 -10 -11 15 12 13 -15 -16 -17 -18 18 -20 -21 -22 22 23 -25 -26 -27 -28 -29 -30 -31
leaf_value=8.0983543552425394e-05 0.00017440631768923874 -0.00033745917101686833 -0.00023945094019812865 -0.00027716281760796941 0.00028067867125452747 -0.00071932862337972456 -9.4175123198592114e-05 -0.00085805978778798273 0.00042227680258267959 9.1422448830745539e-05 -0.00034518798642918801 0.00020131460194654463 -0.0015063851239631699 -0.0003295236830831395 -0.0057283830482696011 0.00018616713809486507 -1.7043647958928431e-05 5.9218101495730536e-05 -0.00024516510907176409 0.00012840365037639819 -0.0011375815079133784 -0.00036460162080955859 -0.0032318024034823992 4.794139557669474e-05 -0.0022405122236143502 -0.00027847368823474041 7.4881378205417834e-05 0.00011593013497482495 -0.00070908067399847645 -1.9403061518104437e-05
leaf_weight=6746 297 65 156 752 1239 66 1289 59 713 322 119 163 46 177 45 2995 301 11356 2445 8643 54 959 51 982 87 149 4363 1587 329 3579
leaf_count=6746 297 65 156 752 1239 66 1289 59 713 322 119 163 46 177 45 2995 301 11356 2445 8643 54 959 51 982 87 149 4363 1587 329 3579
internal_value=0.000273667 -0.00128173 -0.000980861 -0.00286463 0.000350639 0.00029561 0.000310449 0.0006 0.00129799 -0.00182415 0.000168559 6.80368e-05 -0.00555684 -0.00973881 -0.0191758 0.00123719 -0.00261905 0.000135617 -9.90843e-05 0.000744042 -0.00129188 6.65474e-05 -0.000436042 -0.00260441 -0.0120732 -0.0085 -0.000181658 -0.000903316 -0.00157489 -0.00101587
internal_weight=50134 2364 2299 1049 47770 46531 46465 1250 1094 381 39719 36304 431 268 91 3415 420 35873 25887 9986 1343 23442 12086 1269 287 200 10817 6454 4867 4538
internal_count=50134 2364 2299 1049 47770 46531 46465 1250 1094 381 39719 36304 431 268 91 3415 420 35873 25887 9986 1343 23442 12086 1269 287 200 10817 6454 4867 4538
is_linear=0
shrinkage=0.05


Tree=57
num_leaves=31
num_cat=0
split_feature=6 10 5 5 10 15 2 10 3 11 16 16 9 11 11 15 2 9 15 13 13 10 15 10 10 11 11 13 11 13
split_gain=2.30651 1.62307 2.05041 1.60471 1.56976 3.90574 2.13483 1.90568 1.82036 1.6146 2.67069 3.41785 7.21734 2.96337 2.14322 2.23325 2.00856 2.00239 2.37565 2.17868 1.94308 3.87572 5.48234 9.22141 5.41912 4.46567 6.5965 4.03959 7.54349 12.5285
threshold=1.5734829763998801 0.017102322993862277 0.026825920160733992 0.042664444057109445 0.013109339753378581 0.0087716376173160322 0.049315979908433956 0.011197957811865391 0.021743028375437738 0.029571955445533264 0.032438032132950496 0.038254741483967243 0.39971177979974276 0.020527358618941841 0.022655260909184464 -0.0055026973775331714 0.14980779917783763 -0.07953948970397183 0.018402738585624027 12.434999942779543 16.914999961853031 -0.00068260077248677431 -0.0040213678901238606 -0.00080553669064165046 -0.0036008320505968023 0.012589195808640931 0.011634052199270497 16.550000190734867 -0.0026525460320276357 16.425000190734867
decision_type=2 2 2 2 2 2 2 2 2 2 2 2 8 2 2 2 2 8 2 2 2 2 2 2 2 2 2 2 2 2
left_child=1 2 4 -2 7 6 -6 9 -7 10 20 12 13 -12 -15 -16 -14 18 -13 -19 21 22 23 24 -1 26 27 28 -24 -30
right_child=3 -3 -4 -5 5 8 -8 -9 -10 -11 11 17 16 14 15 -17 -18 19 -20 -21 -22 -23 25 -25 -26 -27 -28 -29 29 -31
leaf_value=-6.4448786187228116e-05 -8.112726143328886e-05 0.00023288171459491985 -7.3679099862292152e-05 -0.0017605466442848182 -0.0007384117793189913 2.4171842147389655e-05 -0.00024152343487625385 0.00025802722134544428 -0.00039756661115217739 0.00014726688918994925 0.00012083119078222225 -0.00010276282657179872 -0.00051128569837643318 -0.00054450818400114751 -0.0024181831308717821 0.00014544290497306149 -3.6552439243503712e-06 -0.00031556318386691831 -0.00085306922102561678 0.00016217022065030743 9.1385414219742646e-05 7.4525848581834259e-05 -0.00085221954791961114 -0.00063093229636983195 0.00032224415353333802 0.00022350460466582421 -0.0010834405641080302 0.00068732577939115407 -7.5514197058540759e-05 -0.0017537554760368259
leaf_weight=2671 4800 1104 6467 106 53 830 49 966 91 2080 809 197 369 109 49 203 68 133 48 1791 12525 10680 313 50 1434 227 93 194 1324 51
leaf_count=2671 4800 1104 6467 106 53 830 49 966 91 2080 809 197 369 109 49 203 68 133 48 1791 12525 10680 313 50 1434 227 93 194 1324 51
internal_value=0.000322148 0.000434435 0.00038679 -0.000707297 0.000528912 -0.00140274 -0.0106863 0.000583224 -0.000374593 0.000523463 0.000439139 -0.000813029 -0.00256067 -0.00051282 -0.00427978 -0.00174603 -0.00804348 0.000481789 -0.00377551 0.00102391 0.00059908 0.000251512 -0.000725971 0.00034296 0.000602923 -0.00274296 -0.00350633 -0.00286397 -0.00364929 -0.00205455
internal_weight=49884 44978 43874 4906 37407 1023 102 36384 921 35418 33338 3776 1607 1170 361 252 437 2169 245 1924 29562 17037 6357 4155 4105 2202 1975 1882 1688 1375
internal_count=49884 44978 43874 4906 37407 1023 102 36384 921 35418 33338 3776 1607 1170 361 252 437 2169 245 1924 29562 17037 6357 4155 4105 2202 1975 1882 1688 1375
is_linear=0
shrinkage=0.05


Tree=58
num_leaves=31
num_cat=0
split_feature=6 5 11 11 13 12 4 13 14 14 10 15 12 10 13 13 10 14 14 14 10 9 15 14 3 0 10 12 12 9
split_gain=2.20573 1.97403 1.78653 3.79475 2.61493 1.62423 1.62311 1.52342 1.43691 1.43222 1.67292 1.91608 3.57229 1.5558 1.38327 1.76559 1.3405 1.66473 1.29999 2.94358 5.10703 2.30208 4.1595 3.1046 1.7037 1.65523 1.40654 1.70661 2.79491 1.72971
threshold=2.1159379235207143 0.015690259335006503 -0.017686131484892616 -0.015698134800596782 21.295000076293949 -0.075828258528587975 0.083585657430866003 18.185000419616703 -0.031797969764534688 -0.046520346015414375 0.0090978943428771126 0.016645355677526567 0.0048491257127185614 0.0086043784321214751 23.265000343322757 23.770000457763675 0.0059756471813912091 -0.039568606403770572 -0.067583665573298909 -0.05546753287916955 0.006220969349569617 0.090930349344935282 0.0095217832764519245 -0.060408912479391223 0.012480610281767836 -0.032071294437042479 0.0070525899853967075 -0.018483569638135518 0.0061045845958173093 -0.35711925322925447
decision_type=2 2 2 2 2 2 2 2 2 2 2 2 2 2 2 2 2 2 2 2 2 10 2 2 2 2 2 2 2 10
left_child=1 2 14 4 7 -3 18 -4 9 10 11 13 -13 -5 -1 -16 17 -8 25 20 21 22 -20 -23 -22 -7 -27 29 -29 -28
right_child=-2 5 3 8 -6 6 16 -9 -10 -11 -12 12 -14 -15 15 -17 -18 -19 19 -21 24 23 -24 -25 -26 26 27 28 -30 -31
leaf_value=0.00022065204181430077 -0.0001729559598542315 0.00041133239408068696 -0.00043808513687364908 4.1879201096897872e-05 -0.00039581717455822966 -0.00092191691511253062 -0.0015225481867451299 0.0003992761167438172 2.8715865458010215e-05 0.00024641256833547541 0.00015779554594835745 -0.000389352276174866 -1.6241285574476412e-05 -0.00021644853933124112 -0.00049626541928845266 7.6979740532283751e-05 0.00023664330851190445 -0.0005328100148957939 -5.2355482375292999e-05 1.4090537711199377e-05 -0.00016578869055681352 -0.00058918850269486158 -0.0016286314872713901 -0.001295711476359776 0.00033282905461685816 0.00039147956124079166 -0.000152532321636295 -0.00029554947751928294 0.00011984509394715029 0.00037891797698206734
leaf_weight=1726 3124 622 61 1432 84 50 54 69 12444 1622 1602 48 109 117 59 294 162 281 180 21473 634 46 67 77 189 847 70 680 1136 733
leaf_count=1726 3124 622 61 1432 84 50 54 69 12444 1622 1602 48 109 117 59 294 162 281 180 21473 634 46 67 77 189 847 70 680 1136 733
internal_value=0.000332588 0.000418157 0.000800071 0.000636229 -0.00598131 0.000143035 8.41488e-05 -0.00153846 0.000717739 0.00144016 0.00084341 -0.00024619 -0.00550955 0.000287282 0.00218615 -0.000665722 -0.00274648 -0.00455224 0.000137881 -8.82193e-07 -0.00241827 -0.0072973 -0.00451417 -0.0128862 -0.000224787 0.00103242 0.00116272 0.00058992 -0.00025881 0.00250934
internal_weight=50092 46968 19667 17588 214 27301 26679 130 17374 4930 3308 1706 157 1549 2079 353 497 335 26182 22666 1193 370 247 123 823 3516 3466 2619 1816 803
internal_count=50092 46968 19667 17588 214 27301 26679 130 17374 4930 3308 1706 157 1549 2079 353 497 335 26182 22666 1193 370 247 123 823 3516 3466 2619 1816 803
is_linear=0
shrinkage=0.05


end of trees

feature_importances:
vix_chg_1d=222
vix_level=219
spy_ret_5d=207
sector_ret_1d=187
spy_ret_1d=181
spy_ret_20d=160
sector_ret_5d=141
dist_ma200=83
parkinson_20=81
dvol_z_20=65
atr_pct=61
dist_ma50=48
overnight_gap=34
ret_1d=28
ret_5d=22
ret_20d=16
dist_ma20=15

parameters:
[boosting: gbdt]
[objective: quantile]
[metric: quantile]
[tree_learner: serial]
[device_type: cpu]
[data_sample_strategy: bagging]
[data: ]
[valid: ]
[num_iterations: 120]
[learning_rate: 0.05]
[num_leaves: 31]
[num_threads: -1]
[seed: 0]
[deterministic: 0]
[force_col_wise: 1]
[force_row_wise: 0]
[histogram_pool_size: -1]
[max_depth: -1]
[min_data_in_leaf: 40]
[min_sum_hessian_in_leaf: 0.001]
[bagging_fraction: 0.85]
[pos_bagging_fraction: 1]
[neg_bagging_fraction: 1]
[bagging_freq: 1]
[bagging_seed: 3]
[bagging_by_query: 0]
[feature_fraction: 0.85]
[feature_fraction_bynode: 1]
[feature_fraction_seed: 2]
[extra_trees: 0]
[extra_seed: 6]
[early_stopping_round: 0]
[early_stopping_min_delta: 0]
[first_metric_only: 0]
[max_delta_step: 0]
[lambda_l1: 0]
[lambda_l2: 0]
[linear_lambda: 0]
[min_gain_to_split: 0]
[drop_rate: 0.1]
[max_drop: 50]
[skip_drop: 0.5]
[xgboost_dart_mode: 0]
[uniform_drop: 0]
[drop_seed: 4]
[top_rate: 0.2]
[other_rate: 0.1]
[min_data_per_group: 100]
[max_cat_threshold: 32]
[cat_l2: 10]
[cat_smooth: 10]
[max_cat_to_onehot: 4]
[top_k: 20]
[monotone_constraints: ]
[monotone_constraints_method: basic]
[monotone_penalty: 0]
[feature_contri: ]
[forcedsplits_filename: ]
[refit_decay_rate: 0.9]
[cegb_tradeoff: 1]
[cegb_penalty_split: 0]
[cegb_penalty_feature_lazy: ]
[cegb_penalty_feature_coupled: ]
[path_smooth: 0]
[interaction_constraints: ]
[verbosity: -1]
[saved_feature_importance_type: 0]
[use_quantized_grad: 0]
[num_grad_quant_bins: 4]
[quant_train_renew_leaf: 0]
[stochastic_rounding: 1]
[linear_tree: 0]
[max_bin: 255]
[max_bin_by_feature: ]
[min_data_in_bin: 3]
[bin_construct_sample_cnt: 200000]
[data_random_seed: 1]
[is_enable_sparse: 1]
[enable_bundle: 1]
[use_missing: 1]
[zero_as_missing: 0]
[feature_pre_filter: 1]
[pre_partition: 0]
[two_round: 0]
[header: 0]
[label_column: ]
[weight_column: ]
[group_column: ]
[ignore_column: ]
[categorical_feature: ]
[forcedbins_filename: ]
[precise_float_parser: 0]
[parser_config_file: ]
[objective_seed: 5]
[num_class: 1]
[is_unbalance: 0]
[scale_pos_weight: 1]
[sigmoid: 1]
[boost_from_average: 1]
[reg_sqrt: 0]
[alpha: 0.1]
[fair_c: 1]
[poisson_max_delta_step: 0.7]
[tweedie_variance_power: 1.5]
[lambdarank_truncation_level: 30]
[lambdarank_norm: 1]
[label_gain: ]
[lambdarank_position_bias_regularization: 0]
[eval_at: ]
[multi_error_top_k: 1]
[auc_mu_weights: ]
[num_machines: 1]
[local_listen_port: 12400]
[time_out: 120]
[machine_list_filename: ]
[machines: ]
[gpu_platform_id: -1]
[gpu_device_id: -1]
[gpu_device_id_list: ]
[gpu_use_dp: 0]
[num_gpu: 1]

end of parameters

pandas_categorical:[]
