tree
version=v4
num_class=1
num_tree_per_iteration=1
label_index=0
max_feature_idx=16
objective=quantile
feature_names=ret_1d ret_5d ret_20d overnight_gap atr_pct parkinson_20 dvol_z_20 dist_ma20 dist_ma50 dist_ma200 spy_ret_1d spy_ret_5d spy_ret_20d vix_level vix_chg_1d sector_ret_1d sector_ret_5d
feature_infos=[-0.3583731788271417:0.39688957999489638] [-0.45452640358792573:0.78417662335849192] [-0.6215591474861033:2.2237350509923646] [-0.29215548215622744:0.37517458836619944] [0.0094924002636958896:0.24022368099097524] [0.0062308894011605769:0.076826098804804996] [-2.9555360313169565:4.340742795572706] [-0.46610143829369977:0.65624355888064545] [-0.55112154284557202:1.3583343686432325] [-0.74650367204901091:3.9078919756203154] [-0.058542971330535654:0.10501930183911301] [-0.11496151859245618:0.082843162776128354] [-0.1226559005192206:0.15756591020035837] [11.859999656677246:52.330001831054688] [-0.35753873962348437:0.74039073966007019] [-0.068247998544687438:0.13425697132599002] [-0.13587196028298487:0.11773217696052685]
tree_sizes=2946 3049 3026 3073 3049 3052 3052 3073 3054 3038 3044 3052 3014 3050 3037 3064 3053 3066 3057 3057 3038 3071 3049 3072 3036 3040 3051 3069 3035 3037 3071 3070 3040 3072 3056 3062 3043 3069 3049 3070 3049 3068 3087 3068 3074 3081 3056 3047 3099 3052 3071 3078 3006 3079 3079 3069 3026 3029 3016 3014 3054 3097 3049 3035 3086 2999 3010 3061 3076 3053 3017 3031 3037 3077 3048 3069 3040 3050 3047 3090 3084 3057 3090 3040 3069 3074 3057 3074 3081 3002 3061 3031 3037 3045

Tree=0
num_leaves=31
num_cat=0
split_feature=4 4 4 12 16 10 4 12 13 16 13 4 6 6 10 16 12 10 12 13 13 13 9 12 14 10 6 16 13 12
split_gain=490.516 110.207 76.2864 40.0472 22.5604 22.518 21.0469 19.5393 16.0324 16.5885 14.5191 13.5441 13.2775 13.122 9.93176 9.75541 9.60261 10.4194 9.38573 8.67856 8.61734 11.0949 8.96518 9.42102 8.47949 7.94596 7.86827 7.72013 7.7004 12.1092
threshold=0.028154104924813132 0.020835483981266407 0.038711992336592144 -0.075828258528587975 0.09435695295708503 0.06903334451863076 0.051524636793204161 -0.075828258528587975 19.010000228881839 -0.032577672604407408 18.510000228881839 0.015880100020685104 0.20993304223399037 -0.22307727311674988 -0.0064885542336663984 0.00023795238460544435 -0.025840768177680992 -0.0038174185108614807 -0.062212447341067838 27.855000495910648 25.505000114440922 20.555000305175785 0.12597332188060631 0.019437474546263659 -0.098691693357393515 -0.0092548931155976826 1.4731692068436737 -0.0020463167448601101 16.510000228881839 0.028594304422147613
decision_type=2 2 2 2 2 2 2 2 2 2 2 2 2 2 2 2 2 2 2 2 2 2 8 2 2 2 2 2 2 2
left_child=1 11 7 24 5 6 14 -2 9 28 13 25 18 16 -5 27 17 -11 19 -9 21 22 -10 -24 -4 -1 -17 -13 29 -3
right_child=2 8 3 4 -6 -7 -8 12 20 10 -12 15 -14 -15 -16 26 -18 -19 -20 -21 -22 -23 23 -25 -26 -27 -28 -29 -30 -31
leaf_value=0.01136058741249144 0.012166858371347188 0.011230251262895763 0.011774893896654249 0.011853363551199435 0.010959912528051063 0.0095629657618701465 0.012070889072492718 0.010871379676973447 0.011377997882664203 0.011136704194359481 0.011089440854266285 0.011253419192507863 0.011541327089071273 0.011345971329137682 0.011618778202682733 0.011168714310042561 0.011237973719835282 0.011525865341536701 0.011426326492801309 0.011478183954022825 0.011753026489168405 0.011320011527277529 0.011668570851907135 0.011397264059633016 0.013528283592313528 0.011140075395815074 0.011304072150960565 0.011445699329487979 0.011607945151627063 0.011960600502789021
leaf_weight=177 157 268 74 1215 150 56 4316 95 575 89 469 2887 4388 4933 5660 4539 4696 296 8711 40 187 1274 358 248 427 2773 455 254 403 71
leaf_count=177 157 268 74 1215 150 56 4316 95 575 89 469 2887 4388 4933 5660 4539 4696 296 8711 40 187 1274 358 248 427 2773 455 254 403 71
internal_value=0.0114311 0.00645738 0.0163385 0.0192519 0.0186437 0.0189006 0.0190589 0.01375 0.00942835 0.00860355 0.00809217 0.00274078 0.0135419 0.00849487 0.0173408 0.00379325 0.00671147 0.0143029 0.0124265 -0.000656206 0.0129327 0.0121446 0.0156357 0.0198792 0.0330874 -0.000161542 0.00242008 0.0059765 0.0158283 0.0102746
internal_weight=50241 24952 25289 11898 11397 11247 11191 13391 13867 11225 10483 11085 13234 10014 6875 8135 5081 385 8846 135 2642 2455 1181 606 501 2950 4994 3141 742 339
internal_count=50241 24952 25289 11898 11397 11247 11191 13391 13867 11225 10483 11085 13234 10014 6875 8135 5081 385 8846 135 2642 2455 1181 606 501 2950 4994 3141 742 339
is_linear=0
shrinkage=1


Tree=1
num_leaves=31
num_cat=0
split_feature=4 4 12 4 11 10 10 11 11 10 16 12 4 13 16 14 10 14 10 16 11 16 12 13 13 11 13 16 16 14
split_gain=453.643 106.233 66.3669 48.1754 21.2873 22.8286 19.6486 18.4752 18.1686 36.7438 17.4904 16.4798 14.3516 13.6015 13.3582 11.6865 10.9136 9.73255 16.3938 14.9708 14.9952 11.7963 9.28905 9.2669 9.01065 15.3793 8.95448 12.9401 9.13919 12.4854
threshold=0.029063068029246849 0.020615779816870423 -0.075828258528587975 0.046610073884873211 -0.017068850621732742 0.0040968178286348031 0.06903334451863076 0.0015109510563884323 -0.023324981642921735 0.0041960795209391452 0.09435695295708503 -0.062212447341067838 0.034087641366816003 27.855000495910648 -0.038656880421716604 -0.098691693357393515 -0.029463592833469218 -0.028449828861296097 -0.0064885542336663984 -0.0096744418551133454 0.015047056175498954 0.054748975145843322 -0.042339723299349867 18.214999198913578 17.164999961853031 -0.0053867343559672589 16.469999313354496 -0.023591607552593315 -0.014072398823923969 -0.0083108400172760537
decision_type=2 2 2 2 2 2 2 2 2 2 2 2 2 2 2 2 2 2 2 2 2 2 2 2 2 2 2 2 2 2
left_child=1 7 15 8 5 -3 10 -1 9 16 -5 13 -13 -10 -11 -2 -4 22 19 -19 24 26 -6 -18 25 -21 27 -20 29 -28
right_child=2 4 3 6 17 -7 -8 -9 11 14 -12 12 -14 -15 -16 -17 23 18 21 20 -22 -23 -24 -25 -26 -27 28 -29 -30 -31
leaf_value=-0.00012297662324272098 0.00028167087351903318 0.00017423111945390706 -0.0013122621172806251 0.00053888575872406373 -0.00026696391054429111 -0.00024896081071346994 -0.0019956857105717062 -0.00020632940228097144 -0.00049624197039520367 0.00017946338746696713 -0.00050036339525831868 3.8617167156189667e-05 0.00017862816457636654 0.00025293602666351947 -0.00093001137254759662 0.0016295137861743571 5.61498943716288e-05 -0.00010902125446591526 -0.00044477205490693454 -0.00033079899381846192 -0.0007736043439945207 8.6587367113679682e-05 -3.7128012627363122e-06 0.00052917668945156042 8.0316661624237935e-05 0.00046596518019214277 -0.00088975400198251006 -0.00013897835859097543 -9.8349500913172936e-05 0.00023470916319638495
leaf_weight=4094 98 1509 56 6243 162 303 47 6554 155 83 101 6448 8810 60 109 536 125 540 223 72 44 400 4186 888 671 255 50 4762 2273 297
leaf_count=4094 98 1509 56 6243 162 303 47 6554 155 83 101 6448 8810 60 109 536 125 540 223 72 44 400 4186 888 671 255 50 4762 2273 297
internal_value=5.98158e-06 -0.00450559 0.0050181 0.00458054 -0.00189719 0.00320088 0.00827335 -0.00836307 0.00317019 0.00894132 0.00851198 0.00269986 0.00289356 -0.0110465 -0.0111979 0.0209779 0.0125585 -0.0025601 -0.00344998 0.00120101 0.0047025 -0.00436914 -0.000597976 0.0137463 0.00596192 0.0127676 -0.00480934 -0.00605316 -0.00244275 0.00511527
internal_weight=50154 26395 23759 23125 15747 1812 6391 10648 16734 1261 6344 15473 15258 215 192 634 1069 13935 9587 1582 1042 8005 4348 1013 998 327 7605 4985 2620 347
internal_count=50154 26395 23759 23125 15747 1812 6391 10648 16734 1261 6344 15473 15258 215 192 634 1069 13935 9587 1582 1042 8005 4348 1013 998 327 7605 4985 2620 347
is_linear=0
shrinkage=0.05


Tree=2
num_leaves=31
num_cat=0
split_feature=4 4 12 4 16 11 11 11 12 4 6 13 11 16 6 13 9 11 13 13 13 16 12 13 11 13 16 13 16 3
split_gain=412.726 96.1364 70.0046 41.4483 20.0348 19.331 16.9203 15.868 15.0303 13.0337 12.6548 12.1212 11.8839 13.5057 9.67195 8.81587 8.59815 8.51299 14.2403 10.3557 8.22771 8.07955 9.75344 13.835 8.03862 10.2837 10.3343 8.50278 7.74011 10.7414
threshold=0.029063068029246849 0.020615779816870423 -0.075828258528587975 0.044342160785306124 0.09435695295708503 0.0015109510563884323 -0.023324981642921735 -0.0093788353030525001 -0.062212447341067838 0.016024336195593299 0.18539772677818508 29.835000038146976 0.0030141112553000453 -0.014072398823923969 -0.2459339021445355 24.630000114440922 0.14115534643241648 -0.00034708871175548323 16.510000228881839 17.795000076293949 25.505000114440922 0.01696013637953209 0.04253795446102749 21.295000076293949 -0.025492153007652226 23.604999542236332 -0.038656880421716604 21.134999275207523 0.0013742837431667267 -0.001983108202109229
decision_type=2 2 2 2 2 2 2 2 2 2 2 2 2 2 2 2 8 2 2 2 2 2 2 2 2 2 2 2 2 2
left_child=1 7 15 6 16 17 11 -1 -8 -9 -10 24 -7 -14 -15 -2 -5 18 -3 -19 -18 22 28 -24 25 26 -4 -28 -20 -30
right_child=2 5 3 4 -6 12 8 9 10 -11 -12 -13 13 14 -16 -17 20 19 21 -21 -22 -23 23 -25 -26 -27 27 -29 29 -31
leaf_value=-7.7038011804688673e-05 0.00042201200628187512 -0.0001093616362049943 0.00032955833041341975 0.00031657518690917643 -0.00046772220179263968 -0.00025482308014761651 -0.00034628131125646178 -0.00022545206389622759 5.2411579235922549e-05 -0.00016374283778714026 0.00018501588463550435 -0.0010249286348262103 0.00072173364483751369 -0.00011712215602165087 -4.0125943429302358e-05 0.0018030972683336585 0.00052379199990537021 0.0002130245940061286 6.8001287640072393e-05 -0.00022054376703454183 0.0014080011924961584 0.0006559979654848576 -0.00026352307107299562 0.0007174367153784261 0.0007676350980182178 0.00059841266862349586 3.251072755665516e-05 -0.0010174237909959629 0.00023700216860743242 -0.00025086354510858651
leaf_weight=1763 144 1952 321 3374 120 609 183 2701 9418 6223 4807 68 66 4312 4479 502 3772 703 2900 89 198 44 186 45 287 229 178 49 151 287
leaf_count=1763 144 1952 321 3374 120 609 183 2701 9418 6223 4807 68 66 4312 4479 502 3772 703 2900 89 198 44 186 45 287 229 178 49 151 287
internal_value=-5.98086e-05 -0.00434364 0.00474207 0.00428621 0.00734861 -0.00186911 0.00281532 -0.00800739 0.00235286 -0.00886374 0.00253603 0.00870141 -0.00330129 -0.00283674 -0.00300592 0.0209752 0.00767974 0.000263489 -0.000426774 0.00511364 0.00925693 0.00143233 0.0011698 -0.00876623 0.0100094 0.00736808 0.00364964 -0.00451542 0.0018574 -0.0043379
internal_weight=50160 26510 23650 23004 7464 15823 15540 10687 14408 8924 14225 1132 9466 8857 8791 646 7344 6357 5565 792 3970 3613 3569 231 1064 777 548 227 3338 438
internal_count=50160 26510 23650 23004 7464 15823 15540 10687 14408 8924 14225 1132 9466 8857 8791 646 7344 6357 5565 792 3970 3613 3569 231 1064 777 548 227 3338 438
is_linear=0
shrinkage=0.05


Tree=3
num_leaves=31
num_cat=0
split_feature=13 9 12 16 3 3 0 0 1 10 13 12 13 16 11 13 10 16 13 10 14 13 10 11 13 10 10 13 14 10
split_gain=134.408 66.9775 61.4566 51.5006 39.5121 35.5501 24.458 21.9926 19.7189 17.9211 23.8655 19.8222 25.2351 27.0468 19.1411 15.0805 14.1173 23.1551 14.0577 26.0169 16.731 16.176 15.8643 14.5661 13.9121 12.6266 25.0982 12.2907 12.2994 13.4415
threshold=19.115000724792484 0.36734868187756203 -0.0800835440536906 -0.038656880421716604 0.010779973258203459 -0.010429967314862286 -0.017479784367480263 0.019526724684680311 -0.01970313851574906 0.06903334451863076 24.385000228881839 -0.028754212853801194 19.520000457763675 0.047138937064374005 0.077392985560090458 19.159999847412113 -0.017312000709356064 -0.034321490035760675 14.734999656677248 -0.0084264331718765222 0.013234785210327617 18.510000228881839 9.4848672244407531e-05 0.0051016574870994544 19.214999198913578 0.00097851086285993837 -0.0044419794643563706 18.444999694824222 -0.068623004427642229 -0.00068260077248677431
decision_type=2 10 2 2 2 2 2 2 2 2 2 2 2 2 2 2 2 2 2 2 2 2 2 2 2 2 2 2 2 2
left_child=1 3 -2 25 5 -5 16 8 -7 10 11 12 -8 -14 -12 -13 17 -4 19 -10 23 27 -22 -21 -17 26 -1 28 -20 -30
right_child=2 -3 6 4 -6 7 9 -9 18 -11 14 15 13 -15 -16 24 -18 -19 21 20 22 -23 -24 -25 -26 -27 -28 -29 29 -31
leaf_value=0.00034936410741502193 0.0013336818224575836 0.00027702277824573693 -0.00020519811258564011 8.3128565584047418e-05 8.8333051183144606e-05 -4.1779861130635238e-05 0.00051885920829809046 1.4048194460337993e-05 0.0002962454424978205 -0.001461655558255734 0.00036079428515222394 0.00046358401103207148 -0.00022461236272647506 0.0005048506108141737 -0.00057590221978898626 -0.0004387339388224065 0.00041808458552550291 0.00050336559419083637 5.843587557028511e-05 -3.2822045308421401e-05 -0.00036761879087134726 -0.00025719178668659877 -0.00013026709821715497 -0.00016578764449513988 8.1953614848316689e-05 0.00053244445715972693 -0.00016009684975142589 0.00030323603968427043 -4.3255923725155297e-05 -0.00013848074745037602
leaf_weight=630 495 3233 436 3065 4107 5407 106 2802 180 62 1750 188 1257 113 57 122 1966 316 989 1453 1084 1044 743 4297 5128 278 288 129 3356 5094
leaf_count=630 495 3233 436 3065 4107 5407 106 2802 180 62 1750 188 1257 113 57 122 1966 316 989 1453 1084 1044 743 4297 5128 278 288 129 3356 5094
internal_value=1.49477e-06 -0.0014491 0.00461821 -0.00208608 -0.00244741 -0.0030842 0.00387575 -0.00367221 -0.00416597 0.00259308 0.00278351 0.00144634 -0.00369241 -0.00551095 0.00789983 0.00284112 0.0080206 0.00219415 -0.00494719 -0.00656504 -0.00701135 -0.00376461 -0.0111795 -0.00568696 0.00234286 0.00811037 0.00528322 -0.00311977 -0.00332927 -0.00394675
internal_weight=50175 38179 11996 34946 33750 29643 11501 26578 23776 8783 8721 6914 1476 1370 1807 5438 2718 752 18369 7757 7577 10612 1827 5750 5250 1196 918 9568 9439 8450
internal_count=50175 38179 11996 34946 33750 29643 11501 26578 23776 8783 8721 6914 1476 1370 1807 5438 2718 752 18369 7757 7577 10612 1827 5750 5250 1196 918 9568 9439 8450
is_linear=0
shrinkage=0.05


Tree=4
num_leaves=31
num_cat=0
split_feature=4 4 13 4 13 16 16 13 14 4 15 5 0 14 13 13 8 13 16 16 15 15 15 13 13 16 13 14 14 16
split_gain=363.025 96.1686 30.3962 27.0699 20.0842 18.6162 17.5906 17.2633 15.2739 13.6117 16.6187 13.4861 12.1487 11.9236 12.3564 13.6506 11.7346 11.6053 13.4151 10.9061 11.3819 10.7191 17.5198 10.555 11.5205 10.1468 10.1064 9.86801 8.95369 7.78553
threshold=0.023389141319448258 0.038711992336592144 33.719999313354499 0.018359684270477437 19.010000228881839 -0.032577672604407408 0.079590090223734103 18.510000228881839 -0.052212744330840215 0.053525085898940006 0.044384145553223349 0.017734532066766246 -0.017863680095285547 -0.048976395362543328 30.345000267028812 19.440000534057621 -0.21354423055929309 16.510000228881839 -0.035276303589539919 -0.023591607552593315 -0.015077001988507919 0.00048704878962169135 0.0038316337312216402 27.855000495910648 25.505000114440922 -0.017249220643167581 19.625000000000004 0.077738126316973979 -0.061929277885563232 -0.027221665495718635
decision_type=2 2 2 2 2 2 2 2 2 2 2 2 2 2 2 2 10 2 2 2 2 2 2 2 2 2 2 2 2 2
left_child=3 4 6 26 5 17 9 8 -7 -3 -11 19 -5 16 15 -15 -6 18 -2 -10 -21 -18 -23 24 -17 -22 29 -9 -8 -1
right_child=1 2 -4 12 13 7 28 27 11 10 -12 -13 -14 14 -16 23 21 -19 -20 20 25 22 -24 -25 -26 -27 -28 -29 -30 -31
leaf_value=-6.1955476482307778e-05 -0.00012103860861379864 0.00025160908514776565 0.0013230130119514069 2.9697344239139161e-05 -0.0008789223172010679 0.00011253418554015303 0.00049643453388343911 -0.00028175687640017712 -0.00033894734496090682 0.00067112460042917529 -0.0019235268420746436 3.6203898088497252e-05 -0.00011378889239931599 0.00027519840775275955 0.00073084238887611728 6.7938691980380141e-05 -0.00041467368745434221 0.00041948137700650477 0.00045980323967128244 0.00022225340384266021 0.0001415716928877828 0.00034720528398393073 -5.200147771465707e-05 -0.00067455099571743634 0.00044701726131555911 -8.9200704727318222e-05 -4.3861946487122563e-05 0.00029803775081194551 -0.00021927497312462945 -0.00019667693705210706
leaf_weight=391 343 7346 337 745 67 2596 80 683 336 3617 44 5928 8470 757 122 2917 64 524 114 330 272 187 812 72 335 5708 580 110 394 5725
leaf_count=391 343 7346 337 745 67 2596 80 683 336 3617 44 5928 8470 757 122 2917 64 524 114 330 272 187 812 72 335 5708 580 110 394 5725
internal_value=-6.59921e-05 0.00284426 0.0064901 -0.00630224 0.000910132 6.78706e-05 0.00605566 -0.000342981 3.29598e-05 0.0064618 0.00895247 -0.000687927 -0.00454422 0.00358616 0.00481204 0.0043433 -0.000973451 0.00675331 0.000929978 -0.00223443 -0.00176704 0.000305738 0.00157658 0.0029633 0.00338253 -0.00226589 -0.00872162 -0.00753468 -0.00337553 -0.00931982
internal_weight=50006 34095 11818 15911 22277 16944 11481 15963 15170 11007 3661 12574 9215 5333 4203 4081 1130 981 457 6646 6310 1063 999 3324 3252 5980 6696 793 474 6116
internal_count=50006 34095 11818 15911 22277 16944 11481 15963 15170 11007 3661 12574 9215 5333 4203 4081 1130 981 457 6646 6310 1063 999 3324 3252 5980 6696 793 474 6116
is_linear=0
shrinkage=0.05


Tree=5
num_leaves=31
num_cat=0
split_feature=4 4 12 11 10 4 10 6 4 12 10 16 12 0 16 6 10 6 11 16 15 11 11 11 16 11 12 11 10 4
split_gain=323.676 91.7042 46.7336 27.8476 26.4096 23.2988 21.035 18.3473 12.7688 10.3759 11.032 10.2839 9.44737 9.43458 9.35293 8.86423 8.56003 8.49836 8.30527 9.25184 8.67492 7.38615 7.13466 7.12192 7.29369 8.92796 6.82274 6.79848 6.54396 6.51624
threshold=0.023100944923579361 0.034619392865435937 -0.075828258528587975 -0.017686131484892616 0.0040968178286348031 0.018359684270477437 0.06903334451863076 0.13788658962960307 0.054178504315953967 -0.062212447341067838 -0.006182849640274656 -0.027221665495718635 -0.050232690438178178 -0.016053031780110357 0.09435695295708503 0.72121739845346522 -0.0070427496323355867 0.39214405938625968 -0.023324981642921735 -0.039836208160089086 -0.0095157393952354213 -0.023324981642921735 0.050492728349193612 0.037714619913018062 0.058493424193382777 0.030023740679380188 -0.040334954813934058 0.0015109510563884323 -0.006182849640274656 0.051524636793204161
decision_type=2 2 2 2 2 2 2 2 2 2 2 2 2 2 2 2 2 2 2 2 2 2 2 2 2 2 2 2 2 2
left_child=5 3 -3 4 16 11 7 8 9 -4 -11 -1 -6 -7 -10 28 18 22 -2 -20 -21 -14 -5 24 -12 -26 -18 -15 -13 -9
right_child=1 2 6 17 12 13 -8 29 14 10 23 15 21 27 -16 -17 26 -19 19 20 -22 -23 -24 -25 25 -27 -28 -29 -30 -31
leaf_value=-4.2795268278701757e-05 0.00023165428216075448 0.0013244441496195578 -0.00031513655367158209 -3.0050479768783599e-05 0.00035691437126082748 9.4620038820858541e-06 -0.0014939317194509053 0.0003042791186881405 0.00046173364386548207 0.0003231814510517969 0.00010969137100533553 -9.239588383406217e-05 -0.00059404468591836492 -6.8075226336677524e-05 -0.00052404196799439877 -0.00010872823816934383 0.00059992487641131629 4.4430599010454425e-05 -0.00050111540348646852 0.00018831829444969483 -0.00041546607880478341 -0.00010278783554167832 -0.00028342669947202742 -8.2294173715183685e-05 -0.0002156207865106637 0.00093263181314266839 0.00025833381663249738 -0.00013549927503216168 -0.00020052058666256207 0.00080202328448420303
leaf_weight=579 618 561 207 11909 54 858 62 3851 2329 1030 5671 527 141 2932 58 1065 174 4526 78 213 52 190 94 455 60 124 706 4902 4559 1539
leaf_count=579 618 561 207 11909 54 858 62 3851 2329 1030 5671 527 141 2932 58 1065 174 4526 78 213 52 190 94 455 60 124 706 4902 4559 1539
internal_value=-7.7807e-05 0.00260071 0.00538816 0.000230605 0.00548068 -0.00610492 0.00487131 0.00498891 0.00371452 0.00270637 0.00301771 -0.00831352 -0.00642857 -0.00439485 0.00690197 -0.00891318 0.00797121 -0.000476435 0.00470864 -0.00153061 0.00292453 -0.00959215 -0.00117262 0.00223455 0.00270282 0.0125 0.0115341 -0.00494001 -0.00978175 0.00733766
internal_weight=50124 34702 15947 18755 2226 15422 15386 15324 9934 7547 7340 6730 385 8692 2387 6151 1841 16529 961 343 265 331 12003 6310 5855 184 880 7834 5086 5390
internal_count=50124 34702 15947 18755 2226 15422 15386 15324 9934 7547 7340 6730 385 8692 2387 6151 1841 16529 961 343 265 331 12003 6310 5855 184 880 7834 5086 5390
is_linear=0
shrinkage=0.05


Tree=6
num_leaves=31
num_cat=0
split_feature=4 4 12 4 11 10 10 6 16 11 15 4 11 10 15 16 4 11 3 12 13 10 6 15 13 14 13 11 11 10
split_gain=302.952 71.2744 39.7802 39.3862 23.4619 34.7204 20.9865 14.988 14.1515 13.0455 21.5493 12.8017 12.4178 15.2823 9.83905 9.57341 9.44949 8.94781 8.73291 8.61138 9.83238 8.7072 7.72434 7.27243 7.1086 7.09554 6.92898 10.3353 9.01336 9.71004
threshold=0.02509841160740062 0.038711992336592144 -0.0800835440536906 0.018359684270477437 -0.023324981642921735 0.0041960795209391452 0.06903334451863076 1.72594628145795 0.09435695295708503 -0.023324981642921735 0.014443670585630454 0.051524636793204161 -0.017686131484892616 0.0040968178286348031 -0.034029595956212459 -0.038656880421716604 0.030230993849573094 0.011258220737919157 -0.036983078005646812 0.0061045845958173093 20.375000000000004 -0.0066340953484539935 0.50775869214217983 -0.014269094335803144 19.329999923706058 -0.043806838804765429 20.335000038146976 0.0072247197872850064 0.0084762607672295171 -0.0086987636486000035
decision_type=2 2 2 2 2 2 2 2 2 2 2 2 2 2 2 2 2 2 2 2 2 2 2 2 2 2 2 2 2 2
left_child=3 4 -3 17 5 24 8 16 9 10 14 -11 13 -5 18 -7 -6 -1 -4 26 21 -21 -13 -22 -2 -23 28 -28 29 -14
right_child=1 2 6 12 7 15 -8 -9 -10 11 -12 22 19 -15 -16 -17 -18 -19 -20 20 23 25 -24 -25 -26 -27 27 -29 -30 -31
leaf_value=-0.00012851582535258277 0.00010960684479190607 0.0014982223264569895 -0.0014169367812985403 7.6029986488422756e-05 -3.1305104863660079e-05 1.1189843304329007e-05 -0.001503973370843888 0.00021999833360741175 -0.00033703345825011351 0.00018275438629853369 -0.00055062859029908755 0.00038622120330799171 -0.0001389921131393684 -0.00027119561430707749 0.00088294388102853622 -0.00077963611700491368 4.7974956432859755e-05 -0.00019677466390137348 0.00032901165538890887 2.7534876964581663e-05 -0.00018418492686941561 -4.9620052629040411e-05 0.00092497167831578388 0.00019125898992288827 0.00036090356371829631 -0.00014560582200562395 -0.00030544110168337368 6.6686227458825651e-05 -0.00010558461594255835 0.00010278164730492231
leaf_weight=4507 309 359 42 1185 7508 82 59 1558 149 6337 97 2956 272 213 739 112 8335 2285 143 530 52 1515 978 240 932 6323 264 139 720 1129
leaf_count=4507 309 359 42 1185 7508 82 59 1558 149 6337 97 2956 272 213 739 112 8335 2285 143 530 52 1515 978 240 932 6323 264 139 720 1129
internal_value=-2.34676e-05 0.00306646 0.00610296 -0.00491896 0.0011547 0.00729965 0.0055913 0.000647951 0.00574469 0.00594669 0.0113369 0.00541087 -0.0032626 0.00118026 0.0136905 -0.0123711 0.00018778 -0.00798734 0.00337838 -0.00381795 -0.00456697 -0.00488169 0.00765125 0.00445205 0.0103747 -0.0053011 -0.00124802 -0.00725806 -0.000106082 0.00223055
internal_weight=50069 30695 11859 19374 18836 1435 11500 17401 11441 11292 1021 10271 12582 1398 924 194 15843 6792 185 11184 8660 8368 3934 292 1241 7838 2524 403 2121 1401
internal_count=50069 30695 11859 19374 18836 1435 11500 17401 11441 11292 1021 10271 12582 1398 924 194 15843 6792 185 11184 8660 8368 3934 292 1241 7838 2524 403 2121 1401
is_linear=0
shrinkage=0.05


Tree=7
num_leaves=31
num_cat=0
split_feature=4 12 4 4 10 11 10 4 11 11 11 10 12 14 11 12 12 15 10 10 10 10 12 11 10 10 14 10 9 10
split_gain=282.466 62.7006 44.0926 34.1707 20.4347 14.5571 14.3381 13.3119 12.0843 10.7007 10.1176 9.39846 9.78739 8.8189 8.73533 8.38095 8.79898 7.92552 16.6363 9.08728 7.91859 7.59924 10.3459 9.26313 8.47592 7.58029 7.79981 7.56219 6.93958 6.84115
threshold=0.02509841160740062 -0.075828258528587975 0.036422964605321649 0.018359684270477437 0.06903334451863076 -0.017068850621732742 0.0040968178286348031 0.051524636793204161 0.077392985560090458 0.0015109510563884323 0.011258220737919157 -0.006182849640274656 -0.00073998910017980524 -0.098691693357393515 0.045591167028525621 -0.062212447341067838 -0.05793872793170584 0.002661722857901561 0.0010681623083543814 -0.0012722764150241981 0.0053216631929108313 0.014545936349149692 -0.062212447341067838 0.045591167028525621 -0.0052298884113409208 -0.001437784202310832 0.004407866869301503 -0.007321192598677361 0.56800152184612407 0.019654390703208072
decision_type=2 2 2 2 2 2 2 2 2 2 2 2 2 2 2 2 2 2 2 2 2 2 2 2 2 2 2 2 8 2
left_child=3 13 5 10 7 6 25 11 28 17 -1 12 -4 29 15 -7 -17 18 -5 -19 -21 22 -13 24 -24 26 -3 -28 -9 -2
right_child=1 2 4 9 -6 14 -8 8 -10 -11 -12 21 -14 -15 -16 16 -18 19 -20 20 -22 -23 23 -25 -26 -27 27 -29 -30 -31
leaf_value=-0.00012682014688596122 -0.00029532798705926967 -0.00013975864782411943 0.00017245363502004486 -3.4735574808047574e-05 -0.0013492990317932919 -0.0003405413602239219 -0.00018456757560219827 0.00034415140178151822 -0.00072494691968306058 -0.00010600078802140406 -0.00019083200951317821 -0.00054343254902614795 0.00050650670351431656 0.0011181409079185475 -0.00018182215149516198 0.0004304390908504299 1.5730833545779532e-05 0.00013228362694955395 0.00029073755576003311 -0.00024131445539247011 -6.7778367474404747e-05 -0.00010922731410151262 -0.00023295302032442451 -0.00012177760069314809 0.00019221489699414583 0.00036327460700333309 0.0001364466536757831 0.00048069217724895381 0.00076186412766374569 0.00075360218532223892
leaf_weight=4454 50 135 934 3198 58 89 337 2647 46 7607 2280 73 636 585 322 48 14199 124 315 539 907 451 264 241 6445 267 886 305 1663 54
leaf_count=4454 50 135 934 3198 58 89 337 2647 46 7607 2280 73 636 585 322 48 14199 124 315 539 907 451 264 241 6445 267 886 305 1663 54
internal_value=-0.000153013 0.00282984 0.00248785 -0.00487284 0.00461436 0.000762599 0.00484456 0.00474254 0.00701331 -0.00334515 -0.00775171 0.00364883 0.00716561 0.0177431 0.000225133 0.000408064 0.000503615 -0.00156896 -0.000249075 -0.00452229 -0.00563624 0.00291009 0.00331411 0.00351079 0.00385676 0.00682674 0.00527903 0.00657011 0.00728538 0.00432692
internal_weight=50159 30735 30046 19424 13458 16588 1930 13400 4356 12690 6734 9044 1570 689 14658 14336 14247 5083 3513 1570 1446 7474 7023 6950 6709 1593 1326 1191 4310 104
internal_count=50159 30735 30046 19424 13458 16588 1930 13400 4356 12690 6734 9044 1570 689 14658 14336 14247 5083 3513 1570 1446 7474 7023 6950 6709 1593 1326 1191 4310 104
is_linear=0
shrinkage=0.05


Tree=8
num_leaves=31
num_cat=0
split_feature=4 4 4 12 11 10 10 6 11 13 4 11 12 11 12 12 9 14 10 12 6 11 13 15 3 13 11 8 4 15
split_gain=254.86 60.1389 33.5942 31.4821 20.4878 26.7119 16.2894 14.4042 12.3773 11.2897 10.3843 10.0126 8.93063 17.7487 16.0196 13.12 8.87805 8.7827 8.85041 10.4996 7.91828 7.87316 7.52123 7.23093 7.23525 7.15107 6.92261 6.89098 6.70546 6.66265
threshold=0.02509841160740062 0.04189627860526926 0.019756880059562814 -0.075828258528587975 -0.023324981642921735 0.0041960795209391452 0.06903334451863076 1.7848917460530325 0.077392985560090458 16.469999313354496 0.030230993849573094 0.006555889816587058 -0.062212447341067838 0.0033857060530237963 -0.050232690438178178 -0.067575688865902969 0.64030284079972088 -0.028449828861296097 -0.0066340953484539935 0.02697009064661449 0.40762007620759039 0.032599059043066377 16.644999504089359 -0.046241331298511039 -0.01711274465304596 24.630000114440922 0.045591167028525621 -0.032598503798213045 0.014639658893973685 0.0022997475603522281
decision_type=2 2 2 2 2 2 2 2 2 2 2 2 2 2 2 2 10 2 2 2 2 2 2 2 2 2 2 10 2 2
left_child=2 4 11 25 5 23 8 10 12 17 -6 -1 13 15 -14 -5 20 29 19 -19 -16 22 -11 -2 -25 -3 27 -12 -13 -4
right_child=1 3 9 6 7 -7 -8 -9 -10 21 26 28 14 -15 16 -17 -18 18 -20 -21 -22 -23 -24 24 -26 -27 -28 -29 -30 -31
leaf_value=-0.00010744437319807369 -0.0011801197134846499 0.00031534719348135518 0.00011872409996598992 0.00076134655781224842 -3.0049102645236935e-05 -0.00044292527749234078 -0.0014903331312895933 0.00021647735661424767 -0.00047015102145682252 0.00018898032363983739 -4.8655533250401185e-06 -0.00020285198272782358 0.00090060044100627652 -0.00088184183573648269 0.00019321595644571947 -0.00066701577214497293 0.0007388887245661698 -0.00012269325180071025 -0.00014017540047143946 0.00029145814226310893 0.00048881715236125155 -0.00021694030198512833 -2.5233333784275681e-05 0.00068973955354329972 0.00026066363297724994 0.0017854290004563095 -0.00016962104823605405 9.5633383511797241e-05 -0.00014481736967155052 -8.153303271691958e-05
leaf_weight=4833 49 86 417 169 7598 220 47 1710 56 239 3401 710 268 134 5230 100 1295 273 3503 129 1755 174 4255 176 1194 375 274 6767 3565 1311
leaf_count=4833 49 86 417 169 7598 220 47 1710 56 239 3401 710 268 134 5230 100 1295 273 3503 129 1755 174 4255 176 1194 375 274 6767 3565 1311
internal_value=-5.51547e-05 0.00276501 -0.00454557 0.00607199 0.00129389 0.00666565 0.00542302 0.000848101 0.00557622 -0.00258955 0.000432373 -0.0067578 0.00572282 -0.00155087 0.00606575 0.00585502 0.00567633 -0.0040964 -0.00540973 0.00161692 0.00497137 -0.000771208 -0.000367156 0.009179 0.00985401 0.0188178 0.00145566 0.00166699 -0.00852047 -0.00112847
internal_weight=50313 30904 19409 9515 21389 1639 9054 19750 9007 10301 18040 9108 8951 403 8548 269 8280 5633 3905 402 6985 4668 4494 1419 1370 461 10442 10168 4275 1728
internal_count=50313 30904 19409 9515 21389 1639 9054 19750 9007 10301 18040 9108 8951 403 8548 269 8280 5633 3905 402 6985 4668 4494 1419 1370 461 10442 10168 4275 1728
is_linear=0
shrinkage=0.05


Tree=9
num_leaves=31
num_cat=0
split_feature=4 4 13 4 10 14 11 13 6 11 10 4 13 13 12 10 12 14 13 11 12 15 12 13 16 14 11 16 11 10
split_gain=234.746 56.8942 41.4324 25.7182 15.4003 15.0773 12.9421 11.3539 11.1351 12.664 18.8659 10.5625 10.3488 10.3328 12.5962 10.1402 13.5073 10.0299 9.43832 11.65 13.5796 10.9404 9.60511 9.17622 8.72259 8.39201 8.24981 9.51956 12.2963 9.5216
threshold=0.029324606191746119 0.021850128299187629 33.719999313354499 0.046610073884873211 0.06903334451863076 0.12226142207695113 0.045591167028525621 25.505000114440922 0.65922899999931317 -0.023324981642921735 0.0041960795209391452 0.014842672764773433 16.469999313354496 16.404999732971195 -0.0082551652511544376 -0.007321192598677361 0.029654960476763418 -0.066405515647089006 24.385000228881839 -0.0025546721187323369 -0.046451976604296834 -0.027988241650273023 -0.030461524413172677 27.855000495910648 -0.032577672604407408 0.059032058254143822 0.036250382984596159 0.041754111928017819 0.025024646146281086 0.0034688455658229427
decision_type=2 2 2 2 2 2 2 2 2 2 2 2 2 2 2 2 2 2 2 2 2 2 2 2 2 2 2 2 2 2
left_child=1 5 3 8 6 7 18 11 9 10 -2 -1 13 14 -3 16 25 -8 22 21 -21 -20 -5 -10 -13 -16 27 28 -11 -30
right_child=2 12 -4 4 -6 -7 17 -9 23 26 -12 24 -14 -15 15 -17 -18 -19 19 20 -22 -23 -24 -25 -26 -27 -28 -29 29 -31
leaf_value=-0.00017216069198855733 0.00034763140751026153 0.00020572126832607443 0.00094502322103755742 -9.7979540658357282e-06 -0.0014505942017031771 5.4885875531265896e-05 0.00048216905102523131 0.00045792426277878236 0.0002204884952629883 5.096810688872641e-05 -0.00046876742733267411 -9.9827520540620412e-06 1.4147462055783944e-05 -0.00030897224424831718 0.00043256861379783107 -8.2480713057336765e-05 0.00056875618271806053 -0.00028785324128417875 0.00010501134524568621 -0.0011809420301355771 0.00056185575910725264 0.0012263678142371097 0.00039605936303668804 -0.00085254420645670135 -0.00012168506192758089 -0.00013973100514949206 -0.00010805808105333404 0.00024546508085557809 -0.00053844355625338699 -4.279779031903758e-05
leaf_weight=1732 838 390 397 573 43 516 72 52 3510 9824 148 745 6338 128 72 6519 107 235 139 47 135 547 4588 54 10026 232 637 959 162 238
leaf_count=1732 838 390 397 573 43 516 72 52 3510 9824 148 745 6338 128 72 6519 107 235 139 47 135 547 4588 54 10026 232 637 959 162 238
internal_value=-0.000119493 -0.00329988 0.00357081 0.00329135 0.00598448 -0.0056633 0.00618687 -0.00600757 0.00224191 0.00155396 0.00699797 -0.00610453 -0.00105905 -0.00232277 -0.0020765 -0.00256854 0.00504866 -0.00382736 0.0066968 0.0115207 0.000274725 0.0145044 0.00588549 0.0047138 -0.00552177 -0.000328947 0.00109983 0.00141509 0.00096831 -0.007625
internal_weight=50003 26857 23146 22749 6379 13071 6336 12555 16370 12806 986 12503 13786 7448 7320 6930 411 307 6029 868 182 686 5161 3564 10771 304 11820 11183 10224 400
internal_count=50003 26857 23146 22749 6379 13071 6336 12555 16370 12806 986 12503 13786 7448 7320 6930 411 307 6029 868 182 686 5161 3564 10771 304 11820 11183 10224 400
is_linear=0
shrinkage=0.05


Tree=10
num_leaves=31
num_cat=0
split_feature=4 12 4 4 10 6 6 11 10 10 11 10 11 5 16 11 14 16 12 6 11 11 10 14 0 10 12 14 10 6
split_gain=204.814 51.9511 39.49 28.0986 18.4134 17.4169 12.9179 10.0356 11.74 9.86452 9.45628 11.4186 8.41263 8.35639 8.22194 9.67817 8.13195 7.96708 11.8405 7.2538 7.18633 6.98696 6.88939 7.88028 7.15922 6.66201 6.60305 6.47042 7.6873 6.43747
threshold=0.02509841160740062 -0.075828258528587975 0.034087641366816003 0.017642792077320675 0.06903334451863076 -0.14503167900068759 -0.58694131314004094 -0.017068850621732742 0.0040968178286348031 -0.003973475396451486 -0.017068850621732742 0.0040968178286348031 0.050492728349193612 0.027884125602840173 -0.055382832078196491 -0.040606283895635913 -0.037778052319122728 -0.014072398823923969 -0.062212447341067838 1.2271660275162057 0.077392985560090458 0.01079875175925993 -0.007321192598677361 0.060254427512154048 -0.018630727828578438 0.0012830782027211109 0.032286287605225568 0.030560716771395605 -0.007321192598677361 2.2906415196043235
decision_type=2 2 2 2 2 2 2 2 2 2 2 2 2 2 2 2 2 2 2 2 2 2 2 2 2 2 2 2 2 2
left_child=3 14 10 9 5 13 -5 8 25 21 11 22 29 -4 -2 -16 -11 -15 -19 -9 -20 -1 24 -24 -3 27 -21 -8 -29 -12
right_child=1 2 4 6 -6 -7 7 19 -10 16 12 -13 -14 17 15 -17 -18 18 20 26 -22 -23 23 -25 -26 -27 -28 28 -30 -31
leaf_value=-3.6725390075943678e-05 0.0018182214598400422 0.00023592788778687473 4.506097425142049e-05 -0.00011438750077262852 -0.0011372997246864845 0.0002848786080987561 -6.0540629963979188e-05 -7.6976931332320864e-05 -0.00024130142044027998 -8.4368745676203323e-05 -1.6499685652474581e-05 -0.00019205724832768766 -0.00030383294408445799 0.00051633834907932293 -0.00026776181975959429 0.00055973620566336397 -0.00017441809595338561 -0.00087283279933243578 0.00020801657816844606 6.4706670139558307e-05 -0.00054814138836999321 -0.00024926968850355955 0.00019082914426421188 0.00067603343098678731 -8.1279811592969295e-05 0.0004285510975343853 -7.0927273596465816e-05 5.8438318302138104e-05 0.00033527236367451255 0.00018177883217097049
leaf_weight=1082 308 368 5088 4218 59 7423 318 7041 158 1208 11539 274 99 756 51 342 3192 87 2519 909 40 76 489 154 355 83 584 479 167 727
leaf_count=1082 308 368 5088 4218 59 7423 318 7041 158 1208 11539 274 99 756 51 342 3192 87 2519 909 40 76 489 154 355 83 584 479 167 727
internal_value=-0.000203714 0.0023437 0.00202906 -0.0042083 0.0037284 0.00383177 -0.00301103 -0.00200996 0.00226141 -0.00721483 9.10389e-05 0.00365854 -0.000382127 0.00228504 0.0157989 0.0110051 -0.00829545 0.00420341 0.00291005 -0.00261308 0.00352677 -0.00310881 0.00552709 0.00929238 0.00217842 0.00417861 0.000552579 0.0030083 0.00588235 -0.00026496
internal_weight=50193 30678 29977 19515 15972 15913 13957 9739 1205 5558 14005 1640 12365 8490 701 393 4400 3402 2646 8534 2559 1158 1366 643 723 1047 1493 964 646 12266
internal_count=50193 30678 29977 19515 15972 15913 13957 9739 1205 5558 14005 1640 12365 8490 701 393 4400 3402 2646 8534 2559 1158 1366 643 723 1047 1493 964 646 12266
is_linear=0
shrinkage=0.05


Tree=11
num_leaves=31
num_cat=0
split_feature=4 4 12 4 11 16 11 10 11 10 16 15 11 16 6 10 6 10 15 15 10 16 5 4 12 11 15 15 5 12
split_gain=190.391 52.3753 36.7724 19.2149 14.3582 12.5398 11.4125 13.2557 10.4804 21.4314 10.8937 9.84107 9.3263 9.25873 9.21922 8.40098 8.38794 8.06359 7.65016 7.5633 6.91791 7.38037 6.76765 6.62033 6.44477 9.8519 7.59938 6.50945 6.4014 7.10194
threshold=0.030098786609118012 0.021661276756636798 -0.0800835440536906 0.049760180334310018 0.011525613692411897 0.09435695295708503 -0.017686131484892616 0.0040968178286348031 -0.023324981642921735 0.0041960795209391452 -0.038656880421716604 0.044384145553223349 0.045591167028525621 0.021087283192010368 0.19791778442506064 -0.001437784202310832 -0.073347203013050796 -0.029463592833469218 0.027955822966395098 0.007973810356084356 -0.0031453282484929508 0.023378608349526212 0.044226397045620564 0.016024336195593299 -0.0075921435528307204 -0.023324981642921735 -0.0055026973775331714 -0.00076832211843746989 0.021895186903096799 0.01609265809314964
decision_type=2 2 2 2 2 2 2 2 2 2 2 2 2 2 2 2 2 2 2 2 2 2 2 2 2 2 2 2 2 2
left_child=1 4 -2 8 18 11 7 15 9 17 -11 22 14 19 -10 24 -8 -4 23 -6 -15 -22 -5 -1 25 -3 -26 -28 29 -16
right_child=2 6 3 5 13 -7 16 -9 12 10 -12 -13 -14 20 28 -17 -18 -19 -20 -21 21 -23 -24 -25 26 -27 27 -29 -30 -31
leaf_value=-0.00012978928513987799 0.0010088630403039072 6.4789279596013259e-05 -0.00109273044789252 0.00033476507856151244 -0.00025964740561837022 -0.00042985996020898133 -6.4569211418325038e-05 -0.00016554919727698641 4.4150272599908625e-05 8.2998811757814065e-05 -0.00073895074379487773 -0.001321199505383694 -0.00011849071118262716 -0.00027308480240056205 0.00019517567411665994 0.00035087657430915564 3.742688523157914e-07 0.00037042439840074496 0.00018127604619290862 -0.00010184840471379967 0.00011459390635372392 -0.00010691345270446109 0.0009126855526928999 -7.3921204441091456e-05 0.00024344913201257789 -0.00030454758573538615 -0.00049654067520264896 0.00011122693528375951 0.00028113950901526361 -5.2929100245995703e-07
leaf_weight=2145 454 570 57 4093 782 90 7742 300 10023 98 99 45 410 175 1129 268 5910 1073 66 377 103 2776 834 6268 371 133 51 44 2162 1541
leaf_count=2145 454 570 57 4093 782 90 7742 300 10023 98 99 45 410 175 1129 268 5910 1073 66 377 103 2776 834 6268 371 133 51 44 2162 1541
internal_value=-0.000152922 -0.0028854 0.0033178 0.00302254 -0.00526316 0.00571908 -0.000924362 0.00289292 0.00219986 0.00646194 -0.00875635 0.0060539 0.00182935 -0.00764894 0.00203467 0.00488866 -0.00141005 0.00911504 -0.00407772 -0.0114538 -0.00620498 -0.00561827 0.00626649 -0.00421075 0.00305817 3.55619e-05 0.00761803 -0.005 0.00382864 0.00219101
internal_weight=50189 28081 22108 21654 12692 5062 15389 1737 16592 1327 197 4972 15265 4213 14855 1437 13652 1130 8479 1159 3054 2879 4927 8413 1169 703 466 95 4832 2670
internal_count=50189 28081 22108 21654 12692 5062 15389 1737 16592 1327 197 4972 15265 4213 14855 1437 13652 1130 8479 1159 3054 2879 4927 8413 1169 703 466 95 4832 2670
is_linear=0
shrinkage=0.05


Tree=12
num_leaves=31
num_cat=0
split_feature=4 4 11 4 10 11 13 6 13 11 11 11 13 13 15 16 13 10 11 13 16 5 10 13 0 13 13 13 6 16
split_gain=176.953 44.1802 27.3267 25.3972 18.6249 15.9782 13.1286 11.6426 11.418 10.7374 9.26941 9.19301 9.02917 8.02026 7.79419 7.64191 7.62273 10.3323 10.9076 13.3869 8.41807 7.55429 7.42801 7.21545 7.11079 7.06271 8.66234 6.94033 6.84827 6.523
threshold=0.02509841160740062 0.036606530419982367 -0.055970662091911087 0.019756880059562814 0.06903334451863076 -0.019621569956091153 24.385000228881839 0.63817091631985168 16.469999313354496 0.006555889816587058 0.077392985560090458 0.050492728349193612 35.690000534057624 16.675000190734867 -0.046241331298511039 -0.062773911532458856 24.630000114440922 0.0041960795209391452 -0.023324981642921735 18.974999427795414 -0.021070259081286454 0.034614564230082606 -0.017312000709356064 18.214999198913578 -0.011865330703457464 28.970000267028812 25.505000114440922 23.965000152587894 1.5734829763998801 0.054748975145843322
decision_type=2 2 2 2 2 2 2 2 2 2 2 2 2 2 2 2 2 2 2 2 2 2 2 2 2 2 2 2 2 2
left_child=3 6 -3 9 5 14 11 10 -5 28 12 -2 21 -10 -4 -16 17 18 23 -20 -19 25 -18 -17 -15 26 -7 -26 -1 -11
right_child=1 2 4 8 -6 7 -8 -9 13 29 -12 -13 -14 24 15 16 22 20 19 -21 -22 -23 -24 -25 27 -27 -28 -29 -30 -31
leaf_value=-9.5042446126361862e-05 1.44577668715235e-05 0.0024438126562548387 -0.00048325041758357553 -8.5471484887933051e-05 -0.0010491447989609843 7.8551922427981546e-05 0.00024008701779865621 0.00038773909327934059 0.00016638121997046866 -0.00014269806418821843 -0.00043307420047898322 -0.00031376645120699282 0.00069943021126195098 6.8128586270898957e-05 0.0012578859285336027 -0.00012481196182553695 0.00014143710095785336 -0.00041080088243198052 0.00069358250028757275 -0.00050838098541770859 0.00039963214046606307 0.00039191089072511311 0.00076235958468101313 0.00063228439516751361 -6.1161253181350226e-05 -0.0005377905356628033 0.00064772172787022555 0.00018759097272845273 2.6466330910608628e-05 9.0389939557145371e-06
leaf_weight=4313 15995 173 92 5630 58 7017 742 2500 288 4047 58 113 50 887 203 75 247 165 97 137 82 1694 581 432 3244 63 111 184 459 235
leaf_count=4313 15995 173 92 5630 58 7017 742 2500 288 4047 58 113 50 887 203 75 247 165 97 137 82 1694 581 432 3244 63 111 184 459 235
internal_value=-6.70375e-05 0.00229184 0.00438562 -0.00381993 0.00413556 0.0042561 0.0005727 0.00352171 -0.00211326 -0.00574884 0.00268264 0.000273156 0.00281198 -0.000266131 0.00825438 0.00890292 0.00787445 0.00490891 0.007861 -0.00106838 -0.00394737 0.00269274 0.011413 0.0119822 -0.00080533 0.00198512 0.00213244 -0.00183781 -0.00411777 -0.00756656
internal_weight=49972 30685 13835 19287 13662 13604 16850 11493 10233 9054 8993 16108 8935 4603 2111 2019 1816 988 741 234 247 8885 828 507 4315 7191 7128 3428 4772 4282
internal_count=49972 30685 13835 19287 13662 13604 16850 11493 10233 9054 8993 16108 8935 4603 2111 2019 1816 988 741 234 247 8885 828 507 4315 7191 7128 3428 4772 4282
is_linear=0
shrinkage=0.05


Tree=13
num_leaves=31
num_cat=0
split_feature=4 4 16 13 16 4 4 13 6 15 14 14 3 12 12 15 13 8 16 14 14 13 16 16 16 13 13 13 12 16
split_gain=159.804 45.9651 30.6544 15.3155 15.3943 14.9283 13.3496 9.42937 8.54008 8.12729 8.62298 8.10078 7.51711 7.5019 7.90242 9.44934 11.0186 7.34449 7.00979 6.74471 8.46149 13.6721 8.40705 11.2819 10.2104 12.3595 8.88075 9.08063 8.76013 8.334
threshold=0.023688239058171523 0.034087641366816003 -0.08949168498243619 19.010000228881839 -0.038656880421716604 0.066973526920905482 0.018359684270477437 25.505000114440922 -0.18371277291694299 0.022545152540499939 -0.093449770795740669 -0.011729089558044635 -0.010181805090771599 -0.0800835440536906 -0.062212447341067838 0.028434338000949414 30.345000267028812 0.083385267249503472 -0.024432196266014335 -0.037374592254897913 -0.039568606403770572 13.824999809265138 0.0049913622652627563 0.0045491047267263171 0.017632716408239383 19.010000228881839 18.015000343322757 17.605000495910648 -0.0042212478114914123 0.027203630635681878
decision_type=2 2 2 2 2 2 2 2 2 2 2 2 2 2 2 2 2 8 2 2 2 2 2 2 2 2 2 2 2 2
left_child=3 7 -3 4 11 8 -6 19 13 10 -10 -1 -5 -4 15 16 -15 -14 -11 20 -2 -22 23 -21 -24 26 27 28 -26 -28
right_child=1 2 5 12 6 -7 -8 -9 9 18 -12 -13 17 14 -16 -17 -18 -19 -20 22 21 -23 24 -25 25 -27 29 -29 -30 -31
leaf_value=0.00043019174422587669 3.199935362448274e-05 0.0021859260891464423 0.00034741241852650714 0.00025627081571317101 -0.00013005148907225603 0.00060963050803621585 -8.1913318592508752e-05 0.00027173181515662307 0.00042503279252408216 -0.0006800557684030615 0.00020989005432698276 1.4452453086739219e-05 3.359177490644882e-06 -0.00058079630518703175 8.4689702037536003e-05 0.00069748102619689742 8.9690581152203878e-05 -0.00014310634129728692 3.5306050134243034e-05 1.4873634134271279e-05 -0.00020303729301469897 0.00039894486192055894 -0.00013084467315939655 0.0011254868231316323 -0.00033040335525399067 0.00020711179993925809 0.00038048789072491954 0.00022152723013764257 -2.9005025656018635e-05 -0.00033512776847633119
leaf_weight=106 4041 195 132 181 5704 1701 7903 393 400 63 6081 328 1818 189 7034 45 77 555 548 5679 41 284 2079 55 115 553 65 222 3009 363
leaf_count=106 4041 195 132 181 5704 1701 7903 393 400 63 6081 328 1818 189 7034 45 77 555 548 5679 41 284 2079 55 115 553 65 222 3009 363
internal_value=-0.000119598 0.00187478 0.00375493 -0.00412926 -0.00477708 0.00351875 -0.00507276 4.29019e-05 0.00300124 0.00424422 0.00476393 0.00449309 -0.000567737 0.00182225 0.00160994 -0.00618971 -0.00977444 -0.0013169 -0.00126841 -0.000139343 0.00154604 0.00930769 -0.00074547 0.000645274 -0.00199032 -0.000606656 -0.00162957 -0.000762104 -0.00145647 -0.00841121
internal_weight=49959 33364 16465 16595 14041 16270 13607 16899 14569 7092 6481 434 2554 7477 7345 311 266 2373 611 16506 4366 325 12140 5734 6406 4327 3774 3346 3124 428
internal_count=49959 33364 16465 16595 14041 16270 13607 16899 14569 7092 6481 434 2554 7477 7345 311 266 2373 611 16506 4366 325 12140 5734 6406 4327 3774 3346 3124 428
is_linear=0
shrinkage=0.05


Tree=14
num_leaves=31
num_cat=0
split_feature=5 12 4 5 13 11 11 16 14 13 13 14 6 0 13 14 12 11 12 13 14 16 12 0 16 8 12 13 14 12
split_gain=141.435 36.0438 33.1674 16.7222 13.4914 10.0325 9.53548 8.93185 8.06289 8.1788 9.69283 8.02894 7.70445 7.39142 7.17073 7.46019 7.0151 7.40516 6.53662 7.61305 6.53362 9.96348 7.76581 6.86211 6.52659 6.46868 6.35531 6.51309 8.76496 7.62496
threshold=0.017734532066766246 -0.0800835440536906 0.021661276756636798 0.027884125602840173 25.505000114440922 0.011605230504387444 -0.0072461958036925669 0.09435695295708503 -0.027977831131809735 24.385000228881839 23.604999542236332 0.14158374350827677 -0.21504207393993308 0.049508282844926484 25.319999694824222 -0.13532199000438486 0.060736878271406176 -0.023324981642921735 -0.062212447341067838 38.065000534057624 -0.068623004427642229 0.04954323388425997 -0.049048436065559579 0.11549882939432045 0.054748975145843322 -0.057939489098888734 0.076145654651098141 16.469999313354496 -0.027977831131809735 -0.0039943573579758742
decision_type=2 2 2 2 2 2 2 2 2 2 2 2 2 2 2 2 2 2 2 2 2 2 2 2 2 8 2 2 2 2
left_child=2 -2 5 6 12 14 -3 8 20 10 16 13 26 -8 15 -1 17 -10 19 -6 23 22 -22 -5 -7 -11 27 28 29 -4
right_child=1 3 4 7 18 24 11 -9 9 25 -12 -13 -14 -15 -16 -17 -18 -19 -20 -21 21 -23 -24 -25 -26 -27 -28 -29 -30 -31
leaf_value=-0.00022450778020730096 0.000956355972647776 0.00015587992983444478 0.00033351365084797048 0.00036600419600597432 -0.00014827327296323777 -0.00013355069021173289 3.0117693817204203e-05 -0.00025350257373453515 0.001014380277504668 0.00033091723509630572 -0.00029503170960539036 0.00043919086094947344 1.8186677266476305e-06 0.00029815564545241507 0.00032456383633978653 -6.9774073506134136e-05 0.0007849859378744788 0.00024916485185145246 0.0003908370986827885 0.00059774717720644487 -0.0010395383645305206 -0.00027006430692395688 0.00024804255779845366 -0.00084510484949466716 4.4704880798054727e-06 0.0008274998756660723 -0.00020077414480397906 -5.9889044487709995e-06 -0.00012946149338317152 -3.1374148684019078e-05
leaf_weight=107 421 4089 151 1101 87 3750 11485 111 166 255 110 127 7485 481 74 8277 374 2549 184 46 62 260 884 56 331 349 173 3036 2622 965
leaf_count=107 421 4089 151 1101 87 3750 11485 111 166 255 110 127 7485 481 74 8277 374 2549 184 46 62 260 884 56 331 349 173 3036 2622 965
internal_value=4.98326e-06 0.00290428 -0.00242597 0.00263257 -0.0008187 -0.00431653 0.00178285 0.00482316 0.00507622 0.00650145 0.0054939 0.00107707 -0.00104282 0.000944342 -0.00333412 -0.0034709 0.00601327 0.00512891 0.00938486 0.00093985 0.00278248 0.000207297 0.00258985 0.00546672 -0.00635261 0.0118377 -0.00224197 -0.0020003 -0.00339754 0.00031362
internal_weight=50168 22880 27288 22459 14749 12539 16182 6277 6166 3803 3199 12093 14432 11966 8458 8384 3089 2715 317 133 2363 1206 946 1157 4081 604 6947 6774 3738 1116
internal_count=50168 22880 27288 22459 14749 12539 16182 6277 6166 3803 3199 12093 14432 11966 8458 8384 3089 2715 317 133 2363 1206 946 1157 4081 604 6947 6774 3738 1116
is_linear=0
shrinkage=0.05


Tree=15
num_leaves=31
num_cat=0
split_feature=4 4 11 10 11 14 14 11 4 11 4 16 12 16 13 12 12 11 16 12 10 13 15 14 12 12 10 9 10 15
split_gain=137.371 44.5118 26.2692 12.7159 12.1964 12.101 12.9825 14.6411 11.9736 10.3738 10.3626 10.2743 10.3284 16.6068 9.68221 9.90029 14.3924 10.7309 12.7932 11.1473 9.96597 14.3969 11.5858 9.63113 11.1214 16.141 14.0248 16.5971 12.3742 13.2476
threshold=0.023006513690275298 0.036422964605321649 -0.055970662091911087 0.06903334451863076 0.077392985560090458 0.049481808267930923 0.052093484772870687 -0.023324981642921735 0.071143016848871213 -0.025492153007652226 0.017642792077320675 0.043520562271840875 -0.0063801556439739273 -0.0050194335799431658 16.085000038146976 -0.028754212853801194 -0.025840768177680992 0.0023967132721236521 0.047138937064374005 -0.050232690438178178 -0.017312000709356064 26.494999885559086 0.0033967631917716239 -0.037374592254897913 -0.031853189963288557 -0.029235256213089252 -0.0064885542336663984 0.89372471313354074 -0.0052298884113409208 -0.004598465161185227
decision_type=2 2 2 2 2 2 2 2 2 2 2 2 2 2 2 2 2 2 2 2 2 2 2 2 2 2 2 8 2 2
left_child=10 5 -3 4 8 23 -7 9 14 -8 -1 12 13 -9 -4 17 -17 20 -19 -20 -16 22 -22 -2 -25 -26 -27 28 -28 -30
right_child=1 2 3 -5 -6 6 7 11 -10 -11 -12 -13 -14 -15 15 16 -18 18 19 -21 21 -23 -24 24 25 26 27 -29 29 -31
leaf_value=-0.00011428327839767922 3.863049162266524e-05 0.0022146142328461375 4.9233864784542812e-05 -0.0010271074655379096 -0.00041716086024777105 0.00073352096873741503 0.0001528724953655785 -0.00024346333406689873 0.00069659993929825983 0.00060958658229883834 -6.7466044002753326e-05 0.00035286767293007823 6.6875878154793944e-05 0.00018382742251755115 -0.00017761139833190895 0.00075022340840061536 0.00023351650209949725 -0.00038937319249834765 0.00058011909442183887 -4.9453520426650561e-05 0.00037553782844095208 0.00058537661662416045 -0.00019317892423259634 0.00013298196047541039 -0.00053026749869480492 0.00019516487766523552 -0.00029245722539928348 -0.00017230632118654329 0.00013521694132783376 -4.0077744108840777e-05
leaf_weight=5595 5410 179 3616 49 62 88 428 523 1293 197 9748 226 2151 274 331 218 6490 334 61 174 369 308 440 771 116 528 313 2160 1156 6608
leaf_count=5595 5410 179 3616 49 62 88 428 523 1293 197 9748 226 2151 274 331 218 6490 334 61 174 369 308 440 771 116 528 313 2160 1156 6608
internal_value=-0.000191174 0.00154346 0.00373456 0.00348672 0.00357769 8.71163e-05 0.00260484 0.00216504 0.0036783 0.00916 -0.00413381 0.00078765 0 -0.00486198 0.00319869 0.00410029 0.00502385 0.00102876 -0.0047891 0.00414894 0.00331492 0.00557296 0.00207046 -0.000486461 -0.00129591 -0.0017071 -0.0015072 -0.00191707 -0.000875944 -0.000482998
internal_weight=50216 34873 13924 13745 13696 20949 3887 3799 13634 625 15343 3174 2948 797 12341 8725 6708 2017 569 235 1448 1117 809 17062 11652 10881 10765 10237 8077 7764
internal_count=50216 34873 13924 13745 13696 20949 3887 3799 13634 625 15343 3174 2948 797 12341 8725 6708 2017 569 235 1448 1117 809 17062 11652 10881 10765 10237 8077 7764
is_linear=0
shrinkage=0.05


Tree=16
num_leaves=31
num_cat=0
split_feature=4 4 12 10 6 6 12 3 12 11 14 13 11 4 10 11 12 12 13 14 11 13 14 11 10 12 10 14 13 15
split_gain=126.735 31.5602 30.3405 14.2543 15.1064 11.6676 10.5965 18.3837 11.0363 12.018 13.3023 11.4913 9.8745 9.66339 9.30474 15.5821 14.7806 10.5826 9.84212 11.1891 8.79475 8.22652 7.52143 6.76615 7.00261 8.24416 6.60689 6.7913 6.60419 6.56824
threshold=0.030098786609118012 0.021946448029009868 -0.075828258528587975 0.06903334451863076 -0.14503167900068759 0.72121739845346522 -0.062212447341067838 0.016843951096286672 -0.050232690438178178 0.045591167028525621 -0.066405515647089006 24.385000228881839 -0.022310292973000797 0.049760180334310018 -0.0064885542336663984 0.015047056175498954 -0.00073998910017980524 -0.023427957262836582 17.445000648498539 0.030560716771395605 0.011258220737919157 27.664999961853031 0.040467463007027978 0.048369851131751858 -0.0050968471700204012 0.018851538388621195 0.0086942135082223055 0.10106771219531153 23.409999847412113 0.002661722857901561
decision_type=2 2 2 2 2 2 2 2 2 2 2 2 2 2 2 2 2 2 2 2 2 2 2 2 2 2 2 2 2 2
left_child=1 5 21 4 6 20 7 12 -8 11 -11 -10 -4 -6 15 16 -3 18 -16 -20 29 -2 -18 24 25 -19 27 -13 -26 -1
right_child=2 14 3 -5 13 -7 8 -9 9 10 -12 26 -14 -15 17 -17 22 23 19 -21 -22 -23 -24 -25 28 -27 -28 -29 -30 -31
leaf_value=-5.4744263967077813e-05 0.0002631421459686874 -3.5158170064730288e-05 4.9909003239178266e-05 -0.00081875496308390038 0.00013228925292554737 -2.2818637980715885e-05 0.00054272173068156183 0.0013802086176482606 4.8243292681335492e-05 0.0004841173174145031 -0.00028164110556686472 0.00052403452616580054 -0.00059091839698677175 0.00047680663091976205 0.00023624562591899055 -0.00059541720846344529 0.00041715754443835592 1.620712418494803e-05 -5.762798988390764e-05 0.00052329576974200311 -0.00012487140297293682 0.001320327010101598 0.00012611446661630262 -0.00021788141319034924 -4.1945928574769342e-05 -0.0003395619451047906 -4.9655539333866817e-05 0.00020702223453978989 0.00032229371831541976 -0.00011643826108501105
leaf_weight=4410 243 1132 111 61 7682 2397 227 49 9774 82 373 286 240 2306 407 55 176 189 834 116 3725 392 911 136 10403 348 129 196 112 2677
leaf_count=4410 243 1132 111 61 7682 2397 227 49 9774 82 373 286 240 2306 407 55 176 189 834 116 3725 392 911 136 10403 348 129 196 112 2677
internal_value=-9.41629e-05 -0.00232803 0.00273238 0.00241448 0.0024831 -0.00410516 0.00124488 -0.00675 0.00153384 0.00130535 -0.00664835 0.00165383 -0.010755 0.00390469 -0.000743977 0.00219877 0.00285038 -0.0012774 0.00289241 0.000105263 -0.00480485 0.0135039 0.00701472 -0.00178316 -0.00164676 -0.00721601 0.00830606 0.0109959 -0.00136234 -0.00377099
internal_weight=50179 28028 22151 21516 21455 13209 11467 400 11067 10840 455 10385 351 9988 14819 2274 2219 12545 1357 950 10812 635 1087 11188 11052 537 611 482 10515 7087
internal_count=50179 28028 22151 21516 21455 13209 11467 400 11067 10840 455 10385 351 9988 14819 2274 2219 12545 1357 950 10812 635 1087 11188 11052 537 611 482 10515 7087
is_linear=0
shrinkage=0.05


Tree=17
num_leaves=31
num_cat=0
split_feature=5 11 5 12 10 11 5 10 14 16 11 16 16 14 16 14 11 10 11 11 15 15 14 16 12 14 15 11 14 12
split_gain=108.376 30.341 19.302 15.979 20.6414 14.5568 14.2297 11.3826 11.3034 14.0814 11.3201 10.8726 10.4831 11.8499 11.3641 11.2971 11.3672 10.0797 9.08363 11.8361 8.89282 23.5678 9.26083 9.48507 8.8513 15.6436 11.1605 9.91401 8.81236 16.0036
threshold=0.017734532066766246 -0.055970662091911087 0.010273631255728262 0.0061045845958173093 -0.0064885542336663984 0.016424352534066825 0.029037855290592197 0.06903334451863076 0.01016731697942619 0.054748975145843322 0.048369851131751858 0.09435695295708503 0.0066353348443147784 0.048986719728816526 0.0099528850879498938 0.060254427512154048 0.032599059043066377 0.023991459337660673 -0.0053867343559672589 -0.0237759721784318 -0.0040213678901238606 -0.0024772069896298872 0.0037598780805861991 0.024484859568932208 -0.0013043868274282275 -0.044507707542247747 0.016337079786972523 0.025508848097117291 -0.042495657697534488 0.017676084709553511
decision_type=2 2 2 2 2 2 2 2 2 2 2 2 2 2 2 2 2 2 2 2 2 2 2 2 2 2 2 2 2 2
left_child=2 -2 -1 24 5 18 12 11 10 -10 20 17 -3 14 -14 -15 -17 -8 19 -5 -6 -22 23 -23 -4 26 -26 -27 29 -25
right_child=1 6 3 4 8 -7 7 -9 9 -11 -12 -13 13 15 -16 16 -18 -19 -20 -21 21 22 -24 28 25 27 -28 -29 -30 -31
leaf_value=-0.00010819578353751269 0.0020394765981018212 0.0001104247801116814 -1.6252797032207919e-05 0.00047055940134545698 4.2987438218018622e-05 -0.00050453395952349662 0.00029636668605264303 -0.0011093529446050859 -0.00014676058736369922 0.0001686329437384972 -0.00022648874412794639 -0.00029680955938223426 -0.00023525965169622189 0.00054949586530948097 5.910867240111612e-06 1.7590213454547843e-05 0.00084482882635843269 0.0016947069968088189 0.00017708459287237239 -5.4917832623091082e-05 -0.00031956969712697622 -8.0823160634278023e-05 8.5531329432279529e-05 0.00043194454264903467 0.00010324779869647804 0.00024260969417143571 -0.00036357624696420365 -3.2288822501356459e-05 -3.7320543920314667e-05 1.7735449989858718e-05
leaf_weight=3954 209 8774 5628 63 1274 54 5209 42 4078 208 170 112 534 239 6906 650 67 81 755 548 471 5443 518 182 159 790 174 191 1943 725
leaf_count=3954 209 8774 5628 63 1274 54 5209 42 4078 208 170 112 534 239 6906 650 67 81 755 548 471 5443 518 182 159 790 174 191 1943 725
internal_value=-9.52125e-05 0.00244819 -0.00221934 -0.0016728 -0.00252252 0.00323944 0.00227293 0.00450037 -0.00306755 -0.00523798 -0.00220026 0.00470196 0.00156669 0.000303716 -0.000369624 0.00554393 0.00240586 0.00502836 0.00424597 -0.000286416 -0.00199413 -0.00253178 -0.00194927 -0.0023544 0.000338519 0.00403349 -0.00533033 0.00721203 -1.75439e-05 0.00405182
internal_weight=50151 22823 27328 23374 16432 1420 22614 5444 15012 4286 10726 5402 17170 8396 7440 956 717 5290 1366 611 10556 9282 8811 8293 6942 1314 333 981 2850 907
internal_count=50151 22823 27328 23374 16432 1420 22614 5444 15012 4286 10726 5402 17170 8396 7440 956 717 5290 1366 611 10556 9282 8811 8293 6942 1314 333 981 2850 907
is_linear=0
shrinkage=0.05


Tree=18
num_leaves=31
num_cat=0
split_feature=4 13 4 11 11 6 11 10 15 10 13 12 14 13 13 14 12 15 12 10 6 10 14 14 9 12 13 14 4 9
split_gain=101.605 32.4896 22.2576 16.0401 19.2159 13.1375 12.8094 11.9088 10.7533 19.4984 11.3711 11.7885 11.2735 10.7918 11.0422 11.0229 10.6058 13.9408 10.4718 9.32065 9.14967 8.39918 8.68924 10.4763 8.37339 8.3365 11.4956 8.29732 7.69645 7.64959
threshold=0.02509841160740062 35.690000534057624 0.046610073884873211 0.0015109510563884323 0.0010676984150611581 -0.61434099860088842 0.045591167028525621 0.06903334451863076 0.002661722857901561 0.0011106724976560625 16.954999923706058 -0.0097422082030401685 -0.031797969764534688 19.010000228881839 20.610000610351566 0.027456401234134179 -0.037333160893422583 -0.0011551702070236589 0.054230156972347017 0.023991459337660673 1.7848917460530325 -0.0092548931155976826 0.072256211824153885 0.066380812843571571 0.13470182152612145 0.01159583409138454 15.944999694824221 0.12944562994235767 0.017525962711006624 -0.08648824331702952
decision_type=2 2 2 2 2 2 2 2 2 2 2 2 2 2 2 2 2 2 2 2 2 2 2 2 10 2 2 2 2 10
left_child=3 2 20 4 8 -5 7 19 9 10 12 16 -1 -10 -15 -16 17 -12 -13 -4 24 29 23 25 -2 26 -23 -26 -7 -14
right_child=1 -3 6 5 -6 28 -8 -9 13 -11 11 18 21 14 15 -17 -18 -19 -20 -21 -22 22 -24 -25 27 -27 -28 -29 -30 -31
leaf_value=0.00018476289665080199 -1.9535383295623753e-06 0.00074512617049074428 0.00026303329372524018 -0.00012434372856419889 0.00022074404030028073 -0.00010510372990064597 -0.00015899324567509606 -0.00099351678403217908 -0.00015601034656430773 0.00018421892454225085 -7.43788541757595e-05 0.00013683942599059253 -0.00020119720604299597 0.00013425595149651323 -0.00024418967819695483 0.00039704953782540543 -0.00010505202727717055 0.00039933592871613152 -0.00011629885729925469 0.0014496749275157367 0.00016806247586036193 -0.00014856656991754701 -0.00036726770129072233 0.00024514749593802478 6.1311245681826455e-05 -0.00016414432560676688 0.00016076691923634125 0.00040136662108535828 -4.9831189507625485e-05 9.9997480498340184e-05
leaf_weight=157 15553 348 6014 3480 234 2295 311 40 1502 488 269 1139 105 357 246 48 726 138 221 104 2062 276 229 92 6219 938 171 207 5959 287
leaf_count=157 15553 348 6014 3480 234 2295 311 40 1502 488 269 1139 105 357 246 48 726 138 221 104 2062 276 229 92 6219 938 171 207 5959 287
internal_value=-1.84208e-05 0.00176291 0.00158964 -0.00285814 -0.00107241 -0.00401824 0.00419307 0.00469308 -0.00151915 -0.000296028 -0.00127422 0.00105295 -0.00384701 -0.00449373 0.000883257 -0.00629252 -0.00271403 0.00374693 0.00419118 0.00487087 0.000889106 -0.00481411 -0.0063306 -0.00492552 0.000590336 -0.00601083 -0.000391499 0.00210862 -0.00293191 0.00178571
internal_weight=50215 30858 30510 19357 7623 11734 6469 6158 7389 5236 4748 2493 2255 2153 651 294 1133 407 1360 6118 24041 2098 1706 1477 21979 1385 447 6426 8254 392
internal_count=50215 30858 30510 19357 7623 11734 6469 6158 7389 5236 4748 2493 2255 2153 651 294 1133 407 1360 6118 24041 2098 1706 1477 21979 1385 447 6426 8254 392
is_linear=0
shrinkage=0.05


Tree=19
num_leaves=31
num_cat=0
split_feature=5 4 16 10 15 12 14 15 11 10 14 13 12 12 8 16 15 12 16 12 15 12 10 13 13 14 13 10 3 12
split_gain=97.706 24.1305 23.887 12.7866 12.2831 12.6502 10.6788 13.0321 12.1006 18.5124 12.1799 14.1711 12.1483 12.8351 11.2696 10.3781 10.3233 11.5943 10.3118 9.39598 9.05906 10.8262 8.632 8.60201 15.2146 10.1797 9.09281 8.56954 8.53965 8.25666
threshold=0.019153396000430981 0.023100944923579361 -0.062773911532458856 0.06903334451863076 -0.025947713901271593 -0.067575688865902969 -0.093449770795740669 0.0091044123567042296 0.045591167028525621 0.017102322993862277 -0.091137781806863202 24.385000228881839 -0.062212447341067838 -0.050232690438178178 0.12335878179767858 0.00023795238460544435 0.0060658392595955854 -0.042339723299349867 -0.0028565450195843218 0.10123020179199861 0.0089379374978648691 0.024709772202027306 -0.017312000709356064 14.734999656677248 14.84500026702881 0.040467463007027978 13.659999847412111 0.023991459337660673 -0.0040639483886762409 0.12951753151584791
decision_type=2 2 2 2 2 2 2 2 2 2 2 2 2 2 10 2 2 2 2 2 2 2 2 2 2 2 2 2 2 2
left_child=1 15 4 6 5 -2 7 -4 10 -10 -8 12 -12 -14 29 18 23 -18 -1 -16 21 -19 -13 26 -25 -26 -17 -9 -7 -15
right_child=2 -3 3 -5 -6 28 8 27 9 -11 11 22 13 14 19 16 17 20 -20 -21 -22 -23 -24 24 25 -27 -28 -29 -30 -31
leaf_value=-4.7487792469894361e-05 0.0011804155956048079 -1.3439132214580157e-05 0.00076228049948296535 -0.00075707034737330372 0.0016813483598389475 -0.0012820240078802957 -0.00059952636743406524 0.00010878529044122242 -0.00020410745379231319 0.00052553865503661185 -0.00030422874471915914 -5.6998731850902309e-06 0.00068069361062057842 4.2831737940614252e-05 0.00024298125268042722 -0.00010245733671413456 -0.00030900295893440135 -0.00012868020231341322 7.3026420808118035e-05 -0.00030674270631474713 -6.2766195154683512e-05 0.00011065285983015553 0.00038648146917768768 0.000289410048962012 -0.00013582203731501578 7.6868322903319436e-07 -0.00022263737382980324 0.00077925934698892514 0.00015467472442656349 0.00073297744807244243
leaf_weight=5387 83 15648 314 56 309 58 131 984 537 65 197 318 118 10738 3681 1838 100 248 634 134 2701 606 1181 141 2031 852 783 198 53 59
leaf_count=5387 83 15648 314 56 309 58 131 984 537 65 197 318 118 10738 3681 1838 100 248 634 134 2701 606 1181 141 2031 852 783 198 53 59
internal_value=-8.41919e-05 -0.00182198 0.00271677 0.00242772 0.0134692 0.00360825 0.00249933 0.0065508 0.0021461 -0.00481728 0.00239929 0.00252039 0.002055 0.00221996 0.00208733 -0.00323249 -0.00427957 -0.0022093 -0.00161518 0.00442333 -0.00173699 0.00275176 0.00715477 -0.00562002 -0.00380291 -0.00458724 -0.00771652 0.00414552 -0.00743243 0.00126192
internal_weight=50183 30969 19214 18711 503 194 18655 1496 17159 602 16557 16426 14927 14730 14612 15321 9300 3655 6021 3815 3555 854 1499 5645 3024 2883 2621 1182 111 10797
internal_count=50183 30969 19214 18711 503 194 18655 1496 17159 602 16557 16426 14927 14730 14612 15321 9300 3655 6021 3815 3555 854 1499 5645 3024 2883 2621 1182 111 10797
is_linear=0
shrinkage=0.05


Tree=20
num_leaves=31
num_cat=0
split_feature=5 4 12 9 13 16 3 12 15 12 11 12 12 12 13 13 13 12 14 14 15 13 13 13 13 14 12 14 14 9
split_gain=84.9093 26.5685 21.6018 12.3524 12.2545 11.3355 11.7017 10.2328 21.8069 16.8759 12.0525 9.56433 9.44358 9.05291 10.9786 8.60138 11.9865 8.05675 7.41317 7.03046 8.2963 6.79868 15.373 8.67025 6.99331 8.53535 18.913 11.7894 11.2216 7.36778
threshold=0.019243818269745555 0.020175082497696225 -0.075828258528587975 0.68063528343894331 25.505000114440922 -0.043074199358928138 -0.0040639483886762409 -0.062212447341067838 0.028434338000949414 -0.050232690438178178 0.045591167028525621 -0.071455509470426767 0.10123020179199861 -0.062212447341067838 30.345000267028812 31.844999313354496 24.385000228881839 -0.042339723299349867 -0.066405515647089006 -0.022508843870219172 0.0046982184712017769 23.604999542236332 22.930000305175785 23.770000457763675 22.330000877380375 0.08366532037956588 -0.013469657386432075 0.079538209541853658 0.077738126316973979 -0.019353073486956748
decision_type=2 2 2 10 2 2 2 2 2 2 2 2 2 2 2 2 2 2 2 2 2 2 2 2 2 2 2 2 2 10
left_child=1 -1 -2 5 12 6 -4 8 11 -9 15 -7 -3 14 -6 16 17 -11 -12 -18 -21 22 24 -23 25 27 -27 28 -19 -29
right_child=2 4 3 -5 13 7 -8 9 -10 10 18 -13 -14 -15 -16 -17 19 21 -20 20 -22 23 -24 -25 -26 26 -28 29 -30 -31
leaf_value=-7.3305358105832304e-05 0.00070711502925859232 -2.2420277093228261e-05 5.9597074194008527e-05 0.00053333955112586182 -0.00040437075565211979 -2.0200361319561503e-05 0.00058197428161861663 0.00053418849390171825 0.0014520660543478258 -0.00034683864448626197 0.00031218277594147046 -0.00070375847037031807 -0.00027335512192906724 0.00036743192449043406 0.00041096969346465838 -0.0004485140660869958 4.2246365443661743e-05 6.623458105303902e-05 -0.00019905553307382603 0.00024244909108318716 0.001129432936454469 -0.00041566822623234921 0.00053236112880669856 2.2008504036116067e-05 -0.00018478923459282854 -0.0003479920313137741 0.00044547126819868219 2.6529485503683402e-05 0.00080725077585179429 -0.00077406190708105527
leaf_weight=9849 547 20638 531 1373 105 131 539 346 61 208 90 189 199 288 95 119 243 11524 503 465 105 113 171 209 205 141 807 87 75 135
leaf_count=9849 547 20638 531 1373 105 131 539 346 61 208 90 189 199 288 95 119 243 11524 503 465 105 113 171 209 205 141 807 87 75 135
internal_value=-4.84119e-05 -0.00165202 0.00259423 0.00230267 -0.000660023 0.00193416 0.00691589 0.00159949 -0.00649606 0.00179789 0.00154934 -0.0117188 -0.000843452 0.00717213 -0.001 0.00183303 0.00194299 0.00159232 -0.00543845 0.00784133 0.0108772 0.00174315 0.00191898 -0.00543478 0.00172268 0.00186976 0.0064346 0.00150368 0.00172213 -0.00990991
internal_weight=50091 31174 18917 18370 21325 16997 1070 15927 381 15546 15200 320 20837 488 200 14607 14488 13675 593 813 570 13467 13145 322 12974 12769 948 11821 11599 222
internal_count=50091 31174 18917 18370 21325 16997 1070 15927 381 15546 15200 320 20837 488 200 14607 14488 13675 593 813 570 13467 13145 322 12974 12769 948 11821 11599 222
is_linear=0
shrinkage=0.05


Tree=21
num_leaves=31
num_cat=0
split_feature=4 4 16 10 13 12 15 6 14 10 14 12 14 15 10 14 16 15 10 16 15 14 15 12 8 15 15 12 10 10
split_gain=73.0538 27.2905 17.95 12.7675 12.2628 10.2299 11.4914 10.834 10.1821 11.5831 12.0239 11.9565 11.0901 10.3931 20.5385 18.7458 19.0838 18.2688 13.938 17.5786 17.5374 12.8265 11.6355 18.5051 11.7827 10.8386 11.3341 10.8375 9.83828 9.78778
threshold=0.023100944923579361 0.040738229418893393 -0.055382832078196491 0.06903334451863076 19.010000228881839 -0.031579620804691948 0.010647678260125805 -0.64892483844702997 0.049481808267930923 -0.012508695077667052 0.01016731697942619 -0.042339723299349867 0.052093484772870687 0.0081748165683938074 0.0032283731128327502 -0.071225645536492452 0.0057626211128291036 0.0089379374978648691 0.00090086479202544656 0.0045491047267263171 0.0050119206731302776 -0.0051066036826416519 -0.0040213678901238606 -0.03685301683685837 -0.21354423055929309 -0.0022905806853256157 -0.011133573310249499 0.04253795446102749 -0.00041832988897705364 0.023991459337660673
decision_type=2 2 2 2 2 2 2 2 2 2 2 2 2 2 2 2 2 2 2 2 2 2 2 2 10 2 2 2 2 2
left_child=4 8 -3 29 5 6 28 -7 9 -2 13 -12 -10 14 15 -11 18 -15 19 22 27 25 24 -24 -17 26 -18 -20 -1 -4
right_child=1 2 3 -5 -6 7 -8 -9 12 10 11 -13 -14 17 -16 16 21 -19 20 -21 -22 -23 23 -25 -26 -27 -28 -29 -30 -31
leaf_value=-8.1846575261299112e-06 0.00066989730681920288 0.00080705061499713288 0.00014650045579888053 -0.00086340422679155929 7.1346030343368354e-06 -0.0001206331687170595 -0.00021221766162532932 -6.0434513012614863e-05 0.00062326783719074354 0.00050906485248638643 0.00024062173486984857 -8.2747332622256506e-05 7.8567147388447985e-05 0.00043928143476441969 -0.00010603768743893865 -0.00060689631685372034 0.00020940071512438966 4.2595828513858609e-05 0.00040885232717935308 0.0007851646744212378 -0.00018923036712089963 5.0425067549573702e-05 0.00044630425179674254 -0.00011698105099660293 0.0001707402844503497 -6.7167933893475277e-05 -0.00034293912630211471 -0.00025245640539550256 0.00023440183835382502 0.0010335560307299348
leaf_weight=316 74 493 9517 54 2327 3322 110 9150 103 131 126 4396 4464 413 2723 77 84 5896 561 140 114 999 83 1064 937 1478 432 69 250 138
leaf_count=316 74 493 9517 54 2327 3322 110 9150 103 131 126 4396 4464 413 2723 77 84 5896 561 140 114 999 83 1064 937 1478 432 69 250 138
internal_value=-2.84766e-05 0.00124978 0.0034209 0.0029483 -0.00288368 -0.00347581 0.00251479 -0.00380051 0.000340667 -0.000150275 -0.000224357 -0.00248784 0.0024688 0.000448984 -0.000652272 0.000944237 0.000538258 0.00200111 0.00332512 0.00140156 0.00927419 -0.00229703 0.000289218 -0.00316042 0.00419132 -0.00461384 -0.0108527 0.0125397 0.00538869 0.00308389
internal_weight=50041 34566 10202 9709 15475 13148 676 12472 24364 19797 19723 4522 4567 15201 8892 6169 6038 6309 3045 2301 744 2993 2161 1147 1014 1994 516 630 566 9655
internal_count=50041 34566 10202 9709 15475 13148 676 12472 24364 19797 19723 4522 4567 15201 8892 6169 6038 6309 3045 2301 744 2993 2161 1147 1014 1994 516 630 566 9655
is_linear=0
shrinkage=0.05


Tree=22
num_leaves=31
num_cat=0
split_feature=4 13 4 10 11 4 14 13 11 14 15 13 13 13 11 4 13 13 15 15 11 10 10 14 0 7 0 14 11 15
split_gain=69.7718 25.9366 19.2825 13.5117 12.9352 13.4025 10.258 8.73779 9.90504 16.5359 11.9851 8.37343 7.50558 7.27261 6.97772 6.26444 6.23477 7.65467 8.72251 6.20148 7.68086 13.9449 6.76254 6.14153 6.02489 6.01188 5.97231 5.96617 7.77901 7.47369
threshold=0.030230993849573094 35.690000534057624 0.020615779816870423 0.06903334451863076 0.045591167028525621 0.046610073884873211 -0.066405515647089006 24.385000228881839 -0.0025546721187323369 -0.0044982788531557341 -0.034029595956212459 25.505000114440922 19.585000038146976 23.694999694824222 0.050492728349193612 0.016024336195593299 23.409999847412113 21.914999961853031 0.014043577431530398 -0.046241331298511039 -0.023324981642921735 0.0041960795209391452 0.0091813381816910917 0.12944562994235767 0.060876210788232916 0.035640587464839342 -0.012416815093258314 -0.028449828861296097 -0.030384470516343128 0.0022997475603522281
decision_type=2 2 2 2 2 2 2 2 2 2 2 2 2 2 2 2 2 2 2 2 2 2 2 2 2 2 2 2 2 2
left_child=2 3 12 4 5 19 -6 13 10 -10 -9 14 15 16 24 -1 17 -7 -19 -2 21 -21 -23 -17 26 -12 -4 28 -28 -30
right_child=1 -3 11 -5 6 7 -8 8 9 -11 25 -13 -14 -15 -16 23 -18 18 -20 20 -22 22 -24 -25 -26 -27 27 -29 29 -31
leaf_value=-9.722240837212763e-05 -0.0011091991315481679 0.00074188880679265526 2.8219427148585154e-05 -0.00062348638440869728 0.00029791451729849753 0.00021600335222526272 -0.00021041421778264752 -0.00016524726316347819 -0.0005851747322152106 0.001303314961778356 0.00091119338288110261 0.00021352995247342113 6.9768428255752477e-06 -0.00024913434732069936 -0.00024948985643366621 -6.6861700476578877e-05 0.00088796618223971465 5.6918470443511308e-05 -0.0011656835455924241 0.00025261982765526256 3.8578671716594554e-05 -0.00051997514466580136 0.00015299607189270877 0.00019991137361420922 0.00039226347962172835 0.00013714106112705654 -0.00021521003621222782 -4.791696367755388e-05 0.00010044395858575068 -1.3721766298684016e-05
leaf_weight=2925 45 325 3199 64 103 4686 550 90 125 59 575 299 1058 190 100 6546 138 142 62 1044 13449 122 45 115 115 97 109 9058 895 3864
leaf_count=2925 45 325 3199 64 103 4686 550 90 125 59 575 299 1058 190 100 6546 138 142 62 1044 13449 122 45 115 115 97 109 9058 895 3864
internal_value=-6.07642e-05 0.00205719 -0.00170155 0.0018461 0.00191432 0.00213115 -0.00501531 0.00408825 0.00850951 -0.00190217 0.0110236 -0.000687397 -0.00338219 0.0032867 -0.00083045 -0.00382328 0.00364956 0.00335378 -0.00612745 0.00131078 0.00136767 0.00518167 -0.00823353 -0.00297628 -0.00075406 0.0133185 -0.000830657 -0.00127818 0.000133525 0.000436016
internal_weight=50194 21911 28283 21586 21522 20869 653 6164 946 184 762 17639 10644 5218 17340 9586 5028 4890 204 14705 14660 1211 167 6661 17240 672 17125 13926 4868 4759
internal_count=50194 21911 28283 21586 21522 20869 653 6164 946 184 762 17639 10644 5218 17340 9586 5028 4890 204 14705 14660 1211 167 6661 17240 672 17125 13926 4868 4759
is_linear=0
shrinkage=0.05


Tree=23
num_leaves=31
num_cat=0
split_feature=5 12 6 16 16 15 13 14 13 12 12 11 14 14 12 10 13 11 15 11 16 16 12 13 11 15 16 13 14 9
split_gain=65.0503 20.3996 16.0335 15.627 18.9634 18.3194 23.5454 26.8625 19.9634 16.5938 14.4671 20.2337 13.6125 15.7491 13.4236 12.9187 11.6067 11.2251 11.4739 10.8853 13.7281 17.2436 13.0181 21.99 11.6335 14.9015 11.0311 12.3271 11.1889 15.3661
threshold=0.017734532066766246 -0.075828258528587975 -0.56089778445425531 0.00023795238460544435 -0.0050194335799431658 0.0060658392595955854 14.734999656677248 0.040467463007027978 13.869999885559084 -0.039191714476565991 0.049504532457416379 -0.019307177891106305 0.07643058808250093 0.08366532037956588 0.0082902171521933594 0.06903334451863076 18.675000190734867 -0.009665754685088233 -0.023027529447998015 0.0029094650612268018 -0.032577672604407408 -0.023591607552593315 0.028915668765050032 15.825000286102297 0.0084762607672295171 0.0059886550960652771 -0.0060728064933829309 17.394999504089359 -0.0035273854570452286 -0.37885284831785948
decision_type=2 2 2 2 2 2 2 2 2 2 2 2 2 2 2 2 2 2 2 2 2 2 2 2 2 2 2 2 2 10
left_child=3 -2 -3 4 10 6 8 -8 -5 -7 16 -12 14 -14 -9 -4 19 -6 -19 20 22 -22 23 -1 25 -21 27 28 -23 -30
right_child=1 2 15 5 17 9 7 12 -10 -11 11 -13 13 -15 -16 -17 -18 18 -20 24 21 26 -24 -25 -26 -27 -28 -29 29 -31
leaf_value=-0.00021234486751246494 0.00051394767285763295 -1.0692123390683429e-05 0.00011473943978718062 -8.9652237572882768e-05 0.00033873698326773792 -0.00026731930695702227 -9.1914292736027409e-05 0.00033000499422920564 -0.00026948277357970147 -3.5208992065696202e-06 0.00032016379914631709 -0.00022752633423992055 -0.00046000854823792351 7.6343999855706636e-05 7.1840235565951528e-05 -0.00066503292321365339 5.1202916138499287e-05 0.00051282637987501249 3.9714048807358877e-05 0.00045086478266012056 -0.00025525797639752013 4.7799703913342309e-05 0.0005274897774957695 0.00011226627575708477 -0.00038089599748968814 -0.0001043763986078544 -0.0002988347571653185 -0.00018571750599295604 -0.00021611241471383344 -1.1778910044113466e-05
leaf_weight=304 614 7071 15143 3119 182 240 3915 336 1032 6309 77 530 175 541 572 59 2802 85 1800 276 795 1231 82 754 58 120 128 333 450 1009
leaf_count=304 614 7071 15143 3119 182 240 3915 336 1032 6309 77 530 175 541 572 59 2802 85 1800 276 795 1231 82 754 58 120 128 333 450 1009
internal_value=-4.38754e-05 0.0019214 0.00167355 -0.00169418 -0.000240559 -0.00268028 -0.00406089 -0.00192724 -0.00690797 -0.000637502 -0.00123757 -0.00869028 0.00347906 -0.00167598 0.00754405 0.00258848 -0.000695277 0.00407596 0.00293103 -0.00202166 -0.00268384 -0.00408008 0.00214912 0.000661626 0.00539648 0.0084596 -0.00241987 -0.00181111 -0.000687732 -0.00364976
internal_weight=50142 22887 22273 27255 11016 16239 9690 5539 4151 6549 8949 607 1624 716 908 15202 8342 2067 1885 5540 5086 3946 1140 1058 454 396 3151 3023 2690 1459
internal_count=50142 22887 22273 27255 11016 16239 9690 5539 4151 6549 8949 607 1624 716 908 15202 8342 2067 1885 5540 5086 3946 1140 1058 454 396 3151 3023 2690 1459
is_linear=0
shrinkage=0.05


Tree=24
num_leaves=31
num_cat=0
split_feature=5 13 6 13 11 5 8 13 13 3 5 10 13 10 14 14 10 3 16 11 14 16 16 14 13 11 16 16 11 13
split_gain=56.7409 16.9384 13.4961 18.9002 12.5771 11.616 11.5008 10.0978 13.0157 10.232 9.51483 8.6015 8.44218 8.0905 13.9421 9.45259 9.30504 7.95258 9.46531 7.49409 14.6474 12.6534 11.8019 7.16719 7.55694 6.99935 6.84078 6.72451 6.6675 18.1065
threshold=0.016015602484571595 35.690000534057624 0.26184645903566167 29.835000038146976 -0.017068850621732742 0.010581314829212035 0.022043244224011386 28.970000267028812 27.070000648498539 0.016843951096286672 0.029585977849018945 0.023991459337660673 25.505000114440922 0.0040968178286348031 -0.10344834121785244 -0.043135883928100298 -0.017312000709356064 -0.004917782246209145 -0.035579500804644275 0.036250382984596159 0.066380812843571571 0.058493424193382777 0.088156137015810723 -0.077913276979976895 19.055000305175785 0.030023740679380188 -0.043074199358928138 -0.034321490035760675 0.019998306186617913 24.119999885559086
decision_type=2 2 2 2 2 2 10 2 2 2 2 2 2 2 2 2 2 2 2 2 2 2 2 2 2 2 2 2 2 2
left_child=5 2 4 10 6 -1 11 8 19 -9 23 13 -7 16 -15 -16 27 -18 -19 21 22 26 -21 -4 -25 -23 -6 -2 -28 -30
right_child=1 -3 3 -5 7 12 -8 9 -10 -11 -12 -13 -14 14 15 -17 17 18 -20 20 -22 25 -24 24 -26 -27 28 -29 29 -31
leaf_value=-7.8264861104077564e-05 -0.00024664781136722618 0.00069180099157839688 0.00026480188314061083 -0.0007245033288183748 -0.00047289763115785993 -3.5632582541695119e-05 0.00044261859439184269 -0.00063223224730946971 0.00087125522750456947 0.00010371923905752155 0.00053976313464505689 0.0012206325008046613 0.0002883103969654578 0.00031645488833120084 -0.00064551441476794463 -6.4819273208809563e-06 0.00030730280771060979 0.00030053200653354964 -0.00010947783066225809 -0.00021775180189402703 0.0016102082609304423 -2.9930435236015e-05 0.00028355339760310682 3.365412805426565e-05 0.00020444357891534481 0.00059379514091678067 2.2120581464376253e-05 0.00029718803995726844 -9.9158309082909591e-05 0.00070688936967745026
leaf_weight=4792 255 329 769 134 69 17066 537 129 101 49 1354 56 254 147 166 119 482 489 331 893 45 115 113 4600 1517 228 12961 68 1978 75
leaf_count=4792 255 329 769 134 69 17066 537 129 101 49 1354 56 254 147 166 119 482 489 331 893 45 115 113 4600 1517 228 12961 68 1978 75
internal_value=-7.91502e-05 0.00141147 0.0012779 0.00295558 0.000553952 -0.00197404 0.00375472 4.77441e-05 0.000174931 -0.0117978 0.0032585 0.00209418 -0.00137125 0.00156782 -0.00451389 -0.0109649 0.00318462 0.00506912 0.00207317 6.52425e-05 -0.00401998 0.000343576 -0.00526839 0.00250508 0.00193314 0.00983965 0.000127627 -0.00441176 0.000199814 -0.00244764
internal_weight=50221 28109 27780 8374 19406 22112 2650 16756 16578 178 8240 2113 17320 2057 432 285 1625 1302 820 16477 1051 15426 1006 6886 6117 343 15083 323 15014 2053
internal_count=50221 28109 27780 8374 19406 22112 2650 16756 16578 178 8240 2113 17320 2057 432 285 1625 1302 820 16477 1051 15426 1006 6886 6117 343 15083 323 15014 2053
is_linear=0
shrinkage=0.05


Tree=25
num_leaves=31
num_cat=0
split_feature=5 5 12 6 10 13 14 12 3 12 15 16 16 16 3 13 12 16 16 12 6 9 13 10 16 13 10 14 15 12
split_gain=53.9553 16.2894 13.8475 11.8235 12.9532 11.3195 9.1406 8.9299 14.605 8.65024 8.24283 10.3564 8.57438 8.01349 7.91726 7.85916 10.073 7.27676 10.2696 7.10331 7.07139 6.90543 6.66101 6.17339 7.0855 7.96695 6.10341 7.23088 8.63651 7.65974
threshold=0.020935212236915607 0.014181463492549116 -0.075828258528587975 0.26184645903566167 0.06903334451863076 19.010000228881839 -0.037778052319122728 -0.062212447341067838 0.016286143351575192 -0.050232690438178178 -0.015077001988507919 -0.0084323592337043323 -0.026790326293764651 0.05697748579533813 -0.008523543066750015 18.335000038146976 -0.036045899235514094 0.015172735858318355 -0.00022854384568948835 0.10123020179199861 3.3245954273637448 0.68063528343894331 30.750000000000004 0.011869721142281022 -0.021365674733441028 22.270000457763675 0.013844778774777857 -0.068623004427642229 0.002661722857901561 -0.0033751485842052893
decision_type=2 2 2 2 2 2 2 2 2 2 2 2 2 2 2 2 2 2 2 2 2 10 2 2 2 2 2 2 2 2
left_child=1 5 -2 7 -5 6 15 8 22 -9 11 12 -8 -12 -7 16 -1 18 23 20 -3 26 -4 24 25 -16 27 28 -11 -30
right_child=2 19 3 4 -6 14 10 9 -10 21 13 -13 -14 -15 17 -17 -18 -19 -20 -21 -22 -23 -24 -25 -26 -27 -28 -29 29 -31
leaf_value=0.00020173723020072183 0.0006732236370475572 -5.9119985897374e-06 -0.00060766456240075178 0.00024153154501879663 -0.00057561978492131 0.0001867500175117972 4.156011317713272e-05 0.0004641140236249411 0.00092370573485896527 0.00076203885700727692 -8.9273345318455644e-05 0.00014041568188153639 -0.00018987616431270194 5.6857948275210703e-05 -0.000139284141966156 -0.00012725063863651341 -1.1221090623428918e-05 7.6062747695176448e-05 -0.00019662056189888403 -0.00019278769628044913 0.00022121969208601169 0.00048976676038650396 1.0297153505590875e-05 0.00030773079993736763 5.7086231803998422e-05 7.7703352216821828e-05 -0.0001502436271325943 2.548042244445003e-05 0.00028703911754020256 -3.7083147963493106e-05
leaf_weight=142 472 18266 227 4434 56 314 340 227 57 75 8920 313 241 265 404 197 2826 467 412 264 361 736 103 80 615 256 472 7763 422 402
leaf_count=142 472 18266 227 4434 56 314 340 227 57 75 8920 313 241 265 404 197 2826 467 412 264 361 736 103 80 615 256 472 7763 422 402
internal_value=-8.528e-05 -0.00117997 0.00237278 0.00210699 0.0042539 -0.00236512 -0.00295228 0.00118752 -0.00626615 0.00147321 -0.00368836 0.000894855 -0.00305508 -0.00413446 0.000686813 -0.000608215 3.36927e-05 -0.000358102 -0.00182513 -0.000189244 -7.38176e-05 0.00125127 -0.010303 0.000276753 -0.000568627 -0.00416667 0.000875848 0.00117756 0.00542269 0.00394417
internal_weight=50129 34683 15446 14974 4490 15792 13244 10484 387 10097 10079 894 581 9185 2548 3165 2968 2234 1767 18891 18627 9870 330 1355 1275 660 9134 8662 899 824
internal_count=50129 34683 15446 14974 4490 15792 13244 10484 387 10097 10079 894 581 9185 2548 3165 2968 2234 1767 18891 18627 9870 330 1355 1275 660 9134 8662 899 824
is_linear=0
shrinkage=0.05


Tree=26
num_leaves=31
num_cat=0
split_feature=4 4 16 6 10 10 6 16 16 14 8 13 14 10 10 14 9 10 16 16 10 10 14 16 14 13 16 16 13 14
split_gain=49.4066 18.8129 13.9501 9.43371 8.85908 11.1045 8.57833 8.22934 8.93178 8.24563 7.91692 11.2724 8.26623 10.7345 12.3787 17.6593 10.7038 10.574 12.1692 11.5546 13.6263 10.079 9.92221 8.64265 7.8259 8.02975 7.80867 12.5579 12.4176 11.7401
threshold=0.023100944923579361 0.044342160785306124 -0.062773911532458856 1.3424726889480223 0.06903334451863076 0.023991459337660673 1.72594628145795 0.00023795238460544435 -0.0026143997596887454 -0.045022987277549324 -0.19730392349056589 16.469999313354496 0.013234785210327617 -0.0070427496323355867 -0.001437784202310832 0.060254427512154048 0.020923593570408076 0.0032283731128327502 -0.01000236027075063 -0.025303688819491906 -0.0026636628961290705 0.0028970765900091515 0.0066946732173895915 -0.027758269377802177 -0.010234659349895312 15.694999694824221 0.018371032737191321 -0.00415439487512853 19.329999923706058 -0.040461984062780003
decision_type=2 2 2 2 2 2 2 2 2 2 10 2 2 2 2 2 10 2 2 2 2 2 2 2 2 2 2 2 2 2
left_child=3 6 -3 7 5 -4 10 8 -1 -10 26 12 17 16 15 -15 -14 18 19 20 -12 -20 24 -18 -19 -26 27 -2 29 -28
right_child=1 2 4 -5 -6 -7 -8 -9 9 -11 11 -13 13 14 -16 -17 23 22 21 -21 -22 -23 -24 -25 25 -27 28 -29 -30 -31
leaf_value=-3.9630421666232799e-05 -3.7339733785863881e-05 0.001325947394264137 0.00014051905629421433 2.5353390846185548e-05 -0.00069610609832792517 0.0011642012970133745 0.00011740961146101812 -7.5565672746210138e-05 -0.00025501679162093449 0.00017895987027508623 0.00025778842419562405 4.4126974701686351e-05 -0.00010038237653283151 -0.00034854551054092639 -2.8936766045511813e-05 8.5102699880613638e-06 -0.00015303115046998918 -4.0849851228874248e-05 1.7617065954338065e-06 0.00037328831075330459 -0.00042708654731845106 0.00042506263565856043 0.0002757508179491753 0.00047148909570031742 -0.00020991026405711572 0.00014364942657739678 0.00037983805099106875 -0.00049255596039592597 0.0003877132171106691 -0.00026454417494904171
leaf_weight=4837 483 315 7441 1701 45 113 2397 8413 66 426 56 11709 274 861 1438 431 78 3330 3038 478 111 119 243 266 640 137 58 283 155 169
leaf_count=4837 483 315 7441 1701 45 113 2397 8413 66 426 56 11709 274 861 1438 431 78 3330 3038 478 111 119 243 266 640 137 58 283 155 169
internal_value=-8.73062e-05 0.00096054 0.0031021 -0.00243962 0.00267469 0.00280646 0.000327054 -0.0028744 -0.00133702 0.0050813 4.6188e-05 0.000246672 -0.000865217 -0.00295699 -0.00430403 -0.00785604 0.00299353 -6.13346e-06 0.00192004 0.00817829 -0.00314371 0.000641432 -0.00168966 0.00886628 -0.00227051 -0.00678893 -0.00400697 -0.00691906 0.00183246 -0.00561674
internal_weight=50111 34668 7914 15443 7599 7554 26754 13742 5329 492 24357 23209 11500 3348 2730 1292 618 8152 3802 645 167 3157 4350 344 4107 777 1148 766 382 227
internal_count=50111 34668 7914 15443 7599 7554 26754 13742 5329 492 24357 23209 11500 3348 2730 1292 618 8152 3802 645 167 3157 4350 344 4107 777 1148 766 382 227
is_linear=0
shrinkage=0.05


Tree=27
num_leaves=31
num_cat=0
split_feature=5 4 12 4 12 11 13 12 13 9 6 12 13 15 14 15 11 6 14 13 13 13 12 13 10 13 13 14 13 11
split_gain=49.8863 14.7428 12.7419 12.5917 9.78769 7.99381 7.56712 9.88842 7.45953 7.12364 7.09172 6.52166 6.84905 6.03667 5.98939 10.4493 13.2811 9.582 8.99794 8.59966 12.9192 12.5501 8.54379 8.46844 8.37614 8.91969 12.3958 9.81082 10.9111 12.5392
threshold=0.017734532066766246 0.056651518685681773 0.10123020179199861 0.017525962711006624 -0.075828258528587975 0.045591167028525621 25.505000114440922 -0.062212447341067838 30.345000267028812 0.14549790237090779 0.093120538217207907 0.066825641747697576 19.440000534057621 -0.0084432163683009192 -0.028449828861296097 0.0022997475603522281 -0.013642656733636292 0.20993304223399037 -0.028247300750300127 16.469999313354496 16.675000190734867 16.914999961853031 0.047210036884337898 13.554999828338625 0.0065847868037403065 22.429999351501468 21.724999427795414 0.14158374350827677 21.295000076293949 -0.0071058525984615808
decision_type=2 2 2 2 2 2 2 2 2 8 2 2 2 2 2 2 2 2 2 2 2 2 2 2 2 2 2 2 2 2
left_child=2 5 3 11 -3 10 14 8 -8 -6 -2 12 -1 -12 15 22 -17 -18 -16 23 -21 -22 -5 -20 25 26 27 28 29 -23
right_child=1 4 -4 6 9 -7 7 -9 -10 -11 13 -13 -14 -15 18 16 17 -19 19 20 21 24 -24 -25 -26 -27 -28 -29 -30 -31
leaf_value=-7.833679775144924e-05 1.8123574068199846e-05 0.0011413036314308559 -0.00023861460854739669 0.00012807355510415812 8.6719782863428117e-05 -0.00011805174152990477 -0.00038644304142185096 0.00033712983598617929 0.00034669472503261065 0.00049928902049981049 0.00023062301607736834 0.00012405587859091633 3.9071158300679537e-05 7.1382044166866821e-05 -0.0004185364035146548 -0.00018830208642544709 -3.696953301153359e-05 8.3257766730029679e-05 -5.8460124215042528e-06 0.00020400951120229692 -0.00023640096978629838 7.8472735097995851e-05 -9.8278599316503715e-05 -8.0991969121867538e-05 -0.00020452086772054613 -0.00016779174348092703 0.00034631384141660827 0.00019568841382559978 -0.00030084467164583284 -5.2052080434557543e-05
leaf_weight=4710 12206 253 250 1125 1401 523 80 232 66 1682 1696 137 434 5041 94 539 3001 1587 2642 490 497 1521 162 5605 214 387 222 422 198 2657
leaf_count=4710 12206 253 250 1125 1401 523 80 232 66 1682 1696 137 434 5041 94 539 3001 1587 2642 490 497 1521 162 5605 214 387 222 422 198 2657
internal_value=-0.000120821 0.00160512 -0.00156388 -0.00145992 0.00467626 0.0010788 -0.00092797 0.00608466 -0.00410959 0.00390042 0.00124716 -0.00364988 -0.00393663 0.00254935 -0.00105205 0.000226068 -0.000785059 8.7184e-05 -0.00160044 -0.00150286 -0.000158898 -0.00078457 0.00425408 -0.00257973 -0.00011119 0.000272795 0.000836653 0.000302209 -0.000399909 0.000143609
internal_weight=50074 22802 27272 27022 3336 19466 21741 378 146 3083 18943 5281 5144 6737 21363 6414 5127 4588 14949 14855 6608 6118 1287 8247 5621 5407 5020 4798 4376 4178
internal_count=50074 22802 27272 27022 3336 19466 21741 378 146 3083 18943 5281 5144 6737 21363 6414 5127 4588 14949 14855 6608 6118 1287 8247 5621 5407 5020 4798 4376 4178
is_linear=0
shrinkage=0.05


Tree=28
num_leaves=31
num_cat=0
split_feature=5 4 16 6 10 13 15 16 12 12 15 13 15 11 11 15 12 12 16 6 11 12 13 16 13 16 16 15 16 16
split_gain=44.7956 15.8419 15.36 9.72662 11.1861 9.37154 9.98031 7.89597 10.8015 8.7533 9.1008 10.0697 9.0468 7.80771 8.86872 7.79723 11.1738 7.17604 7.15325 7.00715 6.96382 6.06925 5.84658 8.63381 6.29245 5.71879 20.8483 12.2225 12.0055 11.3196
threshold=0.020477144503686585 0.019626545741479113 -0.062773911532458856 0.63817091631985168 0.06903334451863076 25.505000114440922 -0.034029595956212459 -0.012416833638613177 -0.062212447341067838 0.054230156972347017 -0.013930302503303514 27.664999961853031 0.0073154741598715498 -0.018660876046821092 -0.0072461958036925669 -0.025947713901271593 -0.067575688865902969 0.10123020179199861 -0.021070259081286454 2.4776172704514114 0.077392985560090458 -0.071455509470426767 16.550000190734867 -0.013694865847418468 15.400000095367433 -0.032577672604407408 -0.023591607552593315 0.014043577431530398 -0.022774529549814956 -0.035276303589539919
decision_type=2 2 2 2 2 2 2 2 2 2 2 2 2 2 2 2 2 2 2 2 2 2 2 2 2 2 2 2 2 2
left_child=1 -1 15 7 -5 17 -7 9 21 10 -4 12 22 18 -15 16 -2 19 -14 25 -10 -9 23 24 -12 27 -27 29 -28 -3
right_child=2 5 3 4 -6 6 -8 8 20 -11 11 -13 13 14 -16 -17 -18 -19 -20 -21 -22 -23 -24 -25 -26 26 28 -29 -30 -31
leaf_value=-5.288364418681623e-05 0.001037026673498472 3.3915684437183568e-05 -8.8674204232190589e-06 0.00024974422427243508 -0.00048542746789819878 -0.00046330251170481119 0.00025852664194635 -0.00012825022903255451 2.91866526153174e-05 -0.00041823239381506703 0.0002546646374826379 0.00095397042916488478 -0.00055859298865662359 0.00052493262474524944 -0.00013343692097509582 0.0013738801450031834 -0.0004514701314278856 -0.00019425912636409924 0.00012015211874445649 9.6482770743003222e-05 -0.00037543191385029705 -0.00070825420516944519 0.00043156034795278859 0.0006654605559205406 -0.00021942684242980647 -0.0001815795565695437 0.00021457358183185065 -0.0003140213613429433 -2.2269769506150057e-05 0.00041997477453766755
leaf_weight=8917 65 1779 995 3140 59 90 473 96 8958 97 222 142 153 195 251 283 91 269 103 1218 59 85 871 87 196 1143 200 178 19564 251
leaf_count=8917 65 1779 995 3140 59 90 473 96 8958 97 222 142 153 195 251 283 91 269 103 1218 59 85 871 87 196 1143 200 178 19564 251
internal_value=-0.000175194 -0.00120298 0.00199405 0.00173627 0.00419662 -0.000561295 0.00581705 0.00110711 0.000353338 0.00320048 0.00364697 0.00542793 0.00454764 -7.12251e-05 0.00392377 0.0112187 0.00224359 -0.00070726 -0.00703125 -0.000617474 0.000596096 -0.0117403 0.00690407 0.00262376 -0.000358852 -0.000812243 -0.00106782 0.00160779 -0.00068812 0.00270936
internal_weight=50230 34082 16148 15709 3199 25165 563 12510 9198 3312 3215 2220 2078 702 446 439 156 24602 256 24333 9017 181 1376 505 418 23115 20907 2208 19764 2030
internal_count=50230 34082 16148 15709 3199 25165 563 12510 9198 3312 3215 2220 2078 702 446 439 156 24602 256 24333 9017 181 1376 505 418 23115 20907 2208 19764 2030
is_linear=0
shrinkage=0.05


Tree=29
num_leaves=31
num_cat=0
split_feature=5 4 16 9 13 14 14 15 15 15 13 11 15 16 15 15 13 13 14 15 15 15 13 16 14 16 9 11 11 16
split_gain=40.0465 13.8721 12.0851 8.66452 13.7542 7.98049 15.2114 9.3338 16.7584 11.254 10.9889 12.0967 9.16743 16.9907 17.4477 14.7089 10.1541 9.80431 9.11079 8.55913 8.22792 7.7673 9.23651 7.54136 12.3637 12.5771 9.65232 8.35971 7.76223 7.16878
threshold=0.020477144503686585 0.020615779816870423 -0.062773911532458856 0.13470182152612145 25.505000114440922 0.048155268237130573 -0.0241559957087869 -0.0049999232062974399 -0.0021199824694236309 -0.0058452588828781784 17.154999732971195 0.0083592080830587907 0.0027254925316753113 0.0052005771403388365 -0.0052094733020524022 0.0047797267425566678 20.500000000000004 24.385000228881839 -0.073802250117532039 -0.0010648167978169474 -0.017704690860675495 -0.025947713901271593 38.065000534057624 0.041754111928017819 0.044075030691926538 0.0345124392496673 -0.29661523642226273 0.037714619913018062 0.026483501755781628 -0.040573350661120271
decision_type=2 2 2 8 2 2 2 2 2 2 2 2 2 2 2 2 2 2 2 2 2 2 2 2 2 2 10 2 2 2
left_child=1 -1 21 -4 29 6 12 9 -9 -7 11 -10 13 -3 -15 -14 -17 -18 -16 -12 -8 22 -2 24 25 28 -27 -25 -22 -5
right_child=2 5 3 4 -6 7 20 8 10 -11 19 -13 15 14 18 16 17 -19 -20 -21 23 -23 -24 27 -26 26 -28 -29 -30 -31
leaf_value=-4.8997130432233087e-05 -0.00053531545989276457 0.00021386188310960772 2.0254797533325554e-05 0.00064580696181310525 0.0008247880763267532 1.6915001109867826e-05 0.00010238854184533897 0.00048621033027162867 -0.00023357491008385337 -0.00039373085883954718 -0.00024466195910192637 0.00013778115354932735 -0.00016877101051298679 -0.00047530910289181989 0.00038592107254079635 4.0554017348512409e-05 -0.0002034807508387561 0.00023294548846190157 -1.7654889925321562e-05 0.00038195997079863968 -5.647764125262995e-05 0.0013025042265970891 0.0014090964427127238 0.00012402802916665624 -0.00043611065894380097 -0.00034534576329823256 -0.0001095447447062126 -8.3280898994134332e-05 0.00032024091073087175 9.7736413284291867e-05
leaf_weight=10611 99 1176 7770 261 250 3301 372 259 261 72 87 216 502 102 86 4527 607 76 655 386 8424 270 55 806 87 249 558 341 99 7534
leaf_count=10611 99 1176 7770 261 250 3301 372 259 261 72 87 216 502 102 86 4527 607 76 655 386 8424 270 55 806 87 249 558 341 99 7534
internal_value=-0.000112278 -0.00109126 0.001929 0.00170566 0.00285581 -0.000407544 -0.000866502 0.00146224 0.0052316 0.000111177 0.00215789 -0.00319706 0.00083107 0.00372709 -0.00169039 -0.000192577 0.00059501 -0.00508785 0.000978408 0.00755814 -0.00206657 0.0102594 0.0012987 -0.00232393 -0.00279017 -0.00261522 -0.00858116 0.00150392 -0.00205033 0.00248557
internal_weight=50099 33860 16239 15815 8045 23249 18667 4582 1209 3373 950 477 7731 2019 843 5712 5210 683 741 473 10936 424 154 10564 9417 9330 807 1147 8523 7795
internal_count=50099 33860 16239 15815 8045 23249 18667 4582 1209 3373 950 477 7731 2019 843 5712 5210 683 741 473 10936 424 154 10564 9417 9330 807 1147 8523 7795
is_linear=0
shrinkage=0.05


Tree=30
num_leaves=31
num_cat=0
split_feature=5 13 4 5 12 12 13 16 11 13 16 16 11 15 13 13 13 11 16 16 8 13 15 15 11 11 16 11 13 11
split_gain=35.7479 13.0463 11.4436 10.8312 9.10062 13.7445 12.9359 13.1759 24.3546 12.3264 11.4576 15.9051 13.3844 14.8334 17.2265 18.0043 12.0497 11.7585 11.5768 13.3944 11.4985 10.9158 10.5207 12.0333 12.511 10.2527 10.6616 12.4342 10.0462 9.97853
threshold=0.017734532066766246 49.655000686645515 0.014842672764773433 0.04653012058120249 0.04851916087108233 0.048426875368409401 21.82499980926514 -0.0046027708612993981 0.002577635332758899 12.119999885559084 0.00023795238460544435 -0.0050194335799431658 -0.010991010281678202 0.0075324043142106509 14.734999656677248 13.444999694824221 14.84500026702881 0.014774738031643421 0.0021314807631441783 0.0039606467991071268 -0.27641839579916333 13.59500026702881 -0.015928626338052473 -0.010752517307762386 0.0070460817852476829 0.030772226573239195 0.0078016294360597769 0.0063364892264597969 12.119999885559084 0.0056452584945124737
decision_type=2 2 2 2 2 2 2 2 2 2 2 2 2 2 2 2 2 2 2 2 10 2 2 2 2 2 2 2 2 2
left_child=2 3 -1 -2 5 10 7 -6 -9 -10 11 -4 -12 14 15 -14 17 -16 -18 -20 -13 28 -21 -24 29 26 27 -17 -15 -25
right_child=1 -3 4 -5 6 -7 -8 8 9 -11 12 20 13 21 16 25 18 -19 19 22 -22 -23 23 24 -26 -27 -28 -29 -30 -31
leaf_value=-8.1322651286858298e-05 3.9745337498368113e-05 0.004486016012117594 -9.3084610043590966e-06 0.00057466570790602658 -0.00019501788202554745 0.00049141752811876483 0.0005592339460083253 0.00040602402075386868 0.00032794738620877599 -9.9266560576300854e-05 -0.00036443961367577175 -0.00024977907379924541 -4.3293573572271256e-05 -0.00017552909150915795 0.00074554701563719688 -0.00042802251125858073 -0.00022188303152316445 -2.8689851538936948e-05 0.00019135716794469414 0.000201768773013009 0.00014354210893906735 -1.0229232521331453e-05 -0.00037042970728214374 -6.1780847333463195e-05 1.7945480365117504e-05 5.8788742973762314e-05 -0.00026616182043772254 3.115785650069805e-05 0.00018370817012447203 -0.00027060493866304695
leaf_weight=1772 22118 58 7784 787 518 125 55 197 106 2325 134 87 1621 145 124 109 395 112 314 145 1662 3632 244 819 2384 110 1031 280 669 275
leaf_count=1772 22118 58 7784 787 518 125 55 197 106 2325 134 87 1621 145 124 109 395 112 314 145 1662 3632 244 819 2384 110 1031 280 669 275
internal_value=-0.000136127 0.00131625 -0.00136344 0.00125628 -0.00109243 -0.000733075 -0.00358482 -0.00400509 -0.00256849 -0.00393871 -0.00082669 0.000479912 -0.00181974 -0.00165001 -0.00294173 -0.00581561 -0.00105985 0.00995763 -0.00162806 -0.000855059 0.00478845 0.000663518 -0.00166149 -0.00217625 -0.00142323 -0.00970588 -0.0108451 -0.00379177 0.00589681 -0.00585009
internal_weight=50137 22963 27174 22905 25402 22201 3201 3146 2628 2431 22076 9533 12543 12409 7963 3151 4812 236 4576 4181 1749 4446 3867 3722 3478 1530 1420 389 814 1094
internal_count=50137 22963 27174 22905 25402 22201 3201 3146 2628 2431 22076 9533 12543 12409 7963 3151 4812 236 4576 4181 1749 4446 3867 3722 3478 1530 1420 389 814 1094
is_linear=0
shrinkage=0.05


Tree=31
num_leaves=31
num_cat=0
split_feature=4 13 4 10 4 6 12 13 14 12 12 13 13 13 14 15 10 15 14 10 12 13 10 10 10 15 10 10 12 15
split_gain=32.7921 12.5486 10.5987 9.94467 8.7722 7.49528 7.27619 11.4589 10.1619 8.29563 7.81009 8.45865 11.9313 7.75911 11.64 8.65431 7.97556 9.44604 7.29413 7.17892 6.65446 7.62465 6.21873 10.7263 10.7028 9.41242 9.28066 11.0067 8.22365 8.159
threshold=0.034790849144246801 49.655000686645515 0.023100944923579361 0.06903334451863076 0.071143016848871213 -0.18371277291694299 0.031413904410270595 21.409999847412113 -0.017647948149660749 0.025773504554040153 0.017676084709553511 20.555000305175785 19.115000724792484 14.340000152587892 0.0091478412114857095 0.0068358131873802472 -0.0016439356314020823 -0.0049999232062974399 -0.12635401997537379 0.012020737458552368 -0.036045899235514094 16.935000419616703 -0.0059829775595550685 -0.0048905857364926466 -0.003973475396451486 0.00041353903746421677 0.0051414850262681009 0.0042845596589152777 0.048021249302454556 -5.3092179168823244e-05
decision_type=2 2 2 2 2 2 2 2 2 2 2 2 2 2 2 2 2 2 2 2 2 2 2 2 2 2 2 2 2 2
left_child=2 3 6 4 5 -2 8 22 9 10 11 12 18 14 -10 -16 17 -15 -1 20 -20 -22 28 -24 -25 29 27 -27 -8 -26
right_child=1 -3 -4 -5 -6 -7 7 -9 13 -11 -12 -13 -14 16 15 -17 -18 -19 19 -21 21 -23 23 24 25 26 -28 -29 -30 -31
leaf_value=-0.00013341986781918602 1.2584295360746874e-05 0.004878743930173483 -4.6436364084907589e-06 -0.0004604359642823717 0.00046494319346505777 0.00011837768617901021 0.00013485980557636945 0.00026083094149337765 3.5497494128183903e-06 9.8984962823193189e-05 -0.00011340402464026547 -0.00012307175415525451 0.00018153317384401676 -3.1480396999698181e-05 -0.00018801129898882683 8.4761429993482969e-05 -9.0232767524762401e-05 8.548415349730571e-05 0.00015192589824617375 0.00014858297835236117 2.4178112215997871e-05 -0.00012035344010045031 -0.00026121696654323351 0.00018971647779799156 -0.00012193294008929325 -4.0587862245995438e-05 -8.9456878233348287e-05 0.00017967942724174784 -0.00016513413869233821 -0.00032207854464952763
leaf_weight=129 7350 58 18863 58 1350 6976 240 100 455 732 582 235 251 2227 647 98 1729 778 216 231 792 324 208 145 1279 1630 1869 317 169 115
leaf_count=129 7350 58 18863 58 1350 6976 240 100 455 732 582 235 251 2227 647 98 1729 778 216 231 792 324 208 145 1279 1630 1869 317 169 115
internal_value=-0.000100193 0.00178571 -0.000966939 0.00170014 0.0017766 0.00141351 -0.00193573 -0.00328557 -0.0010662 0.00107388 -0.000181159 0.00119376 0.00227741 -0.00232558 -0.00591667 -0.0097651 -0.00141529 0.000141431 0.000768322 0.00171145 0.0003003 -0.00125448 -0.00356664 -0.00400413 -0.00357143 -0.00394434 -0.00265985 -0.000243965 0.00238386 -0.00746055
internal_weight=50153 15792 34361 15734 15676 14326 15498 6072 9426 3492 2760 2178 1943 5934 1200 745 4734 3005 1692 1563 1332 1116 5972 5563 5355 5210 3816 1947 409 1394
internal_count=50153 15792 34361 15734 15676 14326 15498 6072 9426 3492 2760 2178 1943 5934 1200 745 4734 3005 1692 1563 1332 1116 5972 5563 5355 5210 3816 1947 409 1394
is_linear=0
shrinkage=0.05


Tree=32
num_leaves=31
num_cat=0
split_feature=4 13 4 6 6 11 16 11 10 10 15 10 13 11 11 10 13 15 16 15 10 11 11 12 9 12 15 15 10 10
split_gain=31.3336 13.45 11.7506 10.2511 9.27568 7.55091 12.6494 11.0336 8.83444 8.65238 8.63448 7.95588 8.55247 7.72038 8.34139 6.9408 8.39171 10.1118 10.0446 12.1377 10.4733 9.31029 8.12161 7.55575 7.34902 7.28528 6.99611 6.53406 6.45967 7.90817
threshold=0.030230993849573094 49.655000686645515 0.071143016848871213 -0.5007881059020195 0.63817091631985168 0.037714619913018062 0.041754111928017819 0.025508848097117291 0.0039957642646702993 0.0042845596589152777 0.0046982184712017769 0.0018426398432722648 17.125000000000004 0.03197650803521624 0.028003232862589215 -0.00019407900095269601 14.734999656677248 -0.0049999232062974399 0.025746955166151001 -0.0063118270196650941 -0.00080553669064165046 0.015047056175498954 0.010325604265528312 -0.027314401107970562 -0.22620326564483731 -0.028754212853801194 -0.004598465161185227 0.012393022832628444 -0.0032224550859759611 -0.007321192598677361
decision_type=2 2 2 2 2 2 2 2 2 2 2 2 2 2 2 2 2 2 2 2 2 2 2 2 10 2 2 2 2 2
left_child=3 2 4 15 5 6 7 -2 -9 10 -7 12 -8 14 -13 16 18 21 19 -1 -21 22 28 24 27 -26 -19 -17 29 -18
right_child=1 -3 -4 -5 -6 9 11 8 -10 -11 -12 13 -14 -15 -16 23 17 26 -20 20 -22 -23 -24 -25 25 -27 -28 -29 -30 -31
leaf_value=-6.1387618823448635e-06 2.1037744779356774e-05 0.0040177780150030401 0.0004666786636509178 -1.0320059256553431e-05 0.00013798465932704317 -9.7301115278049594e-05 4.9275853591939683e-05 -0.00045557810570013153 -4.1685881871323611e-05 -0.0001780351783328448 0.00053155508611754231 0.00015486638716472674 0.00048092632672312437 0.00051480147623834515 -0.00026337564319423951 0.00023489031875699204 -5.7688260446707963e-05 0.00040486786339610125 0.00014255062542700806 -0.00030568320964919938 0.00018987007836622876 -0.00042390268987742741 0.00081883024214397153 -7.7113390171098262e-05 -0.00017831777906028362 0.00017984693042372106 6.0515830937931275e-05 -1.8554212668939546e-05 -0.00020920585375027126 8.3243677098176954e-05
leaf_weight=429 13256 60 1373 18571 4577 132 186 212 245 644 140 414 359 140 148 186 715 64 132 440 46 134 47 5540 181 49 1090 97 200 413
leaf_count=429 13256 60 1373 18571 4577 132 186 212 245 644 140 414 359 140 148 186 715 64 132 440 46 134 47 5540 181 49 1090 97 200 413
internal_value=-6.17284e-05 0.00135932 0.00129433 -0.00115938 0.000993742 0.000422021 0.000691845 0.000253409 -0.00738512 -0.00398472 0.00349265 0.00551323 0.0100459 0.0019943 -0.000622776 -0.00247106 -0.000768194 0.000722869 -0.00456065 -0.00642077 -0.0118313 -0.0019715 -0.000745455 -0.00351479 0.00229045 -0.00434783 0.0042461 0.00768551 -0.00146837 0
internal_weight=50220 21886 21826 28334 20453 15876 14960 13713 457 916 272 1247 545 702 562 9763 3710 2663 1047 915 486 1509 1375 6053 513 230 1154 283 1328 1128
internal_count=50220 21886 21826 28334 20453 15876 14960 13713 457 916 272 1247 545 702 562 9763 3710 2663 1047 915 486 1509 1375 6053 513 230 1154 283 1328 1128
is_linear=0
shrinkage=0.05


Tree=33
num_leaves=31
num_cat=0
split_feature=4 16 9 11 15 12 10 12 12 14 14 12 10 16 11 11 13 11 10 14 12 13 14 14 16 10 14 16 15 14
split_gain=27.4182 16.3682 12.1604 12.785 11.5744 13.6267 9.17533 17.4948 17.0645 17.6647 14.5741 13.6911 21.6699 17.1453 11.4375 10.8831 10.8086 10.72 10.1827 9.68305 9.60855 10.2293 9.63647 10.8026 10.6773 8.71335 8.68315 8.38801 13.5532 15.5914
threshold=0.023006513690275298 -0.062773911532458856 0.2572423203614454 -0.014346854625401638 -0.025947713901271593 -0.067575688865902969 0.0077632939110665608 -0.062212447341067838 -0.050232690438178178 -0.075454415356713087 -0.05546753287916955 -0.051373899775069835 0.013844778774777857 -0.037135859699262634 0.044463646975978717 -0.022310292973000797 24.385000228881839 0.014774738031643421 0.0039957642646702993 -0.060408912479391223 0.0062346359643689073 25.319999694824222 -0.049859902036150087 -0.040461984062780003 0.029914389516629617 -0.01645938155843862 0.10106771219531153 -0.032577672604407408 0.016337079786972523 -0.017113211502094435
decision_type=2 2 10 2 2 2 2 2 2 2 2 2 2 2 2 2 2 2 2 2 2 2 2 2 2 2 2 2 2 2
left_child=-1 4 6 -4 5 -2 7 15 -9 18 19 17 13 -13 16 -3 27 -8 -10 -11 21 -15 24 -24 -22 -7 -18 28 29 -12
right_child=1 2 3 -5 -6 25 11 8 9 10 14 12 -14 20 -16 -17 26 -19 -20 -21 22 -23 23 -25 -26 -27 -28 -29 -30 -31
leaf_value=-3.5702830588781128e-05 0.00063948620687972785 -7.3637230350456428e-05 0.00062005543292814743 8.4017048984929996e-05 0.00074051303617285935 -0.0014452257382753589 0.00065006778220688124 0.00031636794084794048 0.00061115634485560746 -9.2468088086324757e-05 0.00032360789633018223 -0.0003565834800047999 -0.00010567947874779456 0.00036410373535875279 -0.00014949947737116038 -0.00049742247953005875 0.00032272218907351564 -0.00014056424985760363 0.00011606264353027832 -0.00057370943754068895 5.1359404293708972e-05 -8.8754999482895235e-05 -0.00030446492094815243 5.4255837627429503e-05 0.0004062493984366209 -2.6033512589353043e-05 1.73750501884758e-05 -2.3530340152843731e-05 -0.00079103158447255866 4.1127216960839059e-05
leaf_weight=15323 119 395 565 5798 399 54 229 544 148 769 329 174 1630 952 515 336 399 54 432 243 566 159 256 1045 408 115 403 16167 50 1651
leaf_count=15323 119 395 565 5798 399 54 229 544 148 769 329 174 1630 952 515 336 399 54 432 243 566 159 256 1045 408 115 403 16167 50 1651
internal_value=-8.21271e-05 0.000691898 0.000538475 0.00251061 0.00833333 0.000694444 8.79586e-05 -0.000360797 -0.000103926 -0.00032929 -0.000572445 0.00192308 0.00133911 0.00352528 -0.000269038 -0.00796854 -6.97405e-05 0.0126325 0.00827586 -0.00642292 0.00431187 0.00812331 0.00245055 -0.000365104 0.0062115 -0.00843195 0.00561097 -0.000320108 0.00270936 0.00335859
internal_weight=50227 34904 34217 6363 687 288 27854 22381 21650 21106 20526 5473 5190 3560 19514 731 18999 283 580 1012 3386 1111 2275 1301 974 169 802 18197 2030 1980
internal_count=50227 34904 34217 6363 687 288 27854 22381 21650 21106 20526 5473 5190 3560 19514 731 18999 283 580 1012 3386 1111 2275 1301 974 169 802 18197 2030 1980
is_linear=0
shrinkage=0.05


Tree=34
num_leaves=31
num_cat=0
split_feature=5 13 5 6 13 13 14 15 15 11 14 10 12 10 11 11 15 11 11 10 12 13 11 16 16 16 6 12 10 11
split_gain=26.7822 11.8896 10.0053 8.85257 8.76245 13.0079 10.4631 11.7401 14.1071 9.93268 9.59999 11.5502 13.3341 9.83597 9.53602 9.44832 8.93172 8.57111 10.7165 8.37175 8.21141 8.18176 7.80037 11.9903 9.25642 8.209 7.61736 7.48068 7.45578 7.13712
threshold=0.016191808772301947 49.655000686645515 0.032394840134216375 0.63817091631985168 16.469999313354496 16.675000190734867 0.013234785210327617 -0.0040213678901238606 -0.0024772069896298872 -0.018274722368059434 0.048155268237130573 0.0053216631929108313 0.047210036884337898 -0.007321192598677361 -0.0040062918952337148 0.0056452584945124737 0.014495636416569037 0.011124133624280887 -0.010150080872612098 0.0041960795209391452 -0.027697520987391363 20.659999847412113 0.0087352100413986573 -0.014072398823923969 0.0032927068285205645 0.038626385256018365 0.18539772677818508 -0.0080789703777397453 -0.0015878085358975167 0.010672166565218634
decision_type=2 2 2 2 2 2 2 2 2 2 2 2 2 2 2 2 2 2 2 2 2 2 2 2 2 2 2 2 2 2
left_child=3 2 26 4 6 -6 7 17 29 -10 11 14 -13 27 19 -15 -8 18 -1 -7 -11 22 23 -16 -24 -26 -2 -12 -19 -9
right_child=1 -3 -4 -5 5 10 16 8 9 20 13 12 -14 15 21 -17 -18 28 -20 -21 -22 -23 24 -25 25 -27 -28 -29 -30 -31
leaf_value=-0.00014934075198080087 -6.1408616148085021e-06 0.0034163175976237646 0.00023044375297143736 8.7104362971605207e-06 0.00013452765787395028 3.5289208792351446e-06 -0.00011361137737563666 -0.00045859481438606384 0.00056889212580108449 0.00016218280423443006 -0.00010079717735023307 5.434974540749209e-05 -0.00012836949903986209 0.00026927498560311676 0.0001903013799145527 -8.0354129852750972e-05 0.00029989397617056926 2.8061341192229391e-05 0.00020560661365095871 -0.00032545966678298977 -4.8298540021265014e-05 0.00031808210593750402 8.8043667724044185e-05 -0.0002334502916478084 -0.0001848618907931961 2.2345865340683966e-05 7.066718711274322e-05 6.4052334858023203e-05 -0.00018604213049096759 -8.6015924931197925e-05
leaf_weight=80 16024 51 3533 4949 469 1339 2954 159 44 112 610 1400 277 519 68 131 75 153 569 146 5928 80 175 763 604 252 7783 588 105 179
leaf_count=80 16024 51 3533 4949 469 1339 2954 159 44 112 610 1400 277 519 68 131 75 153 569 146 5928 80 175 763 604 252 7783 588 105 179
internal_value=-0.00017209 0.000880764 0.000835772 -0.00144095 -0.00196158 -0.000650182 -0.00290114 -0.00187952 -0.00263158 -0.00207922 -0.0011939 -0.00231191 0.00108825 0.00189394 -0.00397578 0.00684615 -0.00537306 0.00344542 0.00651002 -0.000959596 -0.00225166 -0.00628218 -0.00695489 -0.0105596 -0.00404947 -0.00619159 0.0004673 -0.000792988 -0.00426357 -0.012574
internal_weight=50119 27391 27340 22728 17779 7421 10358 7329 6422 6084 6952 5104 1677 1848 3427 650 3029 907 649 1485 6040 1942 1862 831 1031 856 23807 1198 258 338
internal_count=50119 27391 27340 22728 17779 7421 10358 7329 6422 6084 6952 5104 1677 1848 3427 650 3029 907 649 1485 6040 1942 1862 831 1031 856 23807 1198 258 338
is_linear=0
shrinkage=0.05


Tree=35
num_leaves=31
num_cat=0
split_feature=4 13 13 12 13 11 13 10 12 10 9 12 6 11 10 9 14 10 10 14 8 14 11 12 10 11 13 14 11 13
split_gain=23.9995 12.906 9.34814 14.2641 21.1273 12.7401 12.1357 11.0325 11.476 10.6546 10.1736 9.59983 9.39374 9.39435 9.076 10.6241 9.46341 9.39035 9.0455 9.85872 8.80989 8.72099 8.55399 10.8281 8.2801 8.17021 12.2519 8.35067 8.17015 8.16634
threshold=0.034087641366816003 49.655000686645515 19.010000228881839 -0.031853189963288557 18.510000228881839 0.021459782264152908 18.444999694824222 0.0072285544385530818 -0.052281358654850445 -0.00041832988897705364 -0.035275296378261149 0.12700674672189441 -0.57403495231619872 0.024405077895535147 -0.0077272897241722474 0.013532166639030343 -0.028449828861296097 -0.0025714907564299279 -0.010112209824456707 0.049481808267930923 0.050688919177541265 -0.067583665573298909 -0.0053867343559672589 -0.0032252776079392249 -0.0020657822926501974 0.006555889816587058 14.904999732971193 -0.091137781806863202 -0.022310292973000797 16.095000267028812
decision_type=2 2 2 2 2 2 2 2 2 2 10 2 2 2 2 10 2 2 2 2 10 2 2 2 2 2 2 2 2 2
left_child=2 20 3 5 6 7 11 8 -1 24 -9 12 18 14 15 -14 17 -16 -5 -20 -2 -15 -17 -24 -10 26 27 -19 -18 -22
right_child=1 -3 -4 4 -6 -7 -8 10 9 -11 -12 -13 13 21 16 22 28 25 19 -21 29 -23 23 -25 -26 -27 -28 -29 -30 -31
leaf_value=-0.00029651044570869661 1.9284241568885176e-05 0.0036885634772855025 2.20163653642475e-05 -0.00020500461535709393 -0.00021113997108232466 -0.00024156432791936226 0.00019975951094519117 -0.00019777504244047415 8.9463239710864311e-05 0.00028084717945421497 0.0002919498106215921 -0.00032540447321745486 -4.8666127439432784e-05 0.000421182993908472 -0.00037372572929811505 2.8287004133324429e-05 -0.00030766256249231032 -8.0964494411047468e-05 -6.2114353048314415e-05 0.00010190583724896214 2.3149920230680372e-05 3.2385736607102106e-05 -0.00015107521623504007 0.00039180156890037348 -0.00024121345915450733 -3.0087325876790262e-05 -3.3874579589090844e-06 0.00021698284542968297 -4.9269406851170733e-05 0.00023103399463121857
leaf_weight=49 10631 58 6430 182 1085 80 123 130 533 470 47 114 514 197 75 274 87 107 6630 643 2217 1877 44 300 45 2158 1273 745 9366 3741
leaf_count=49 10631 58 6430 182 1085 80 123 130 533 470 47 114 514 197 75 274 87 107 6630 643 2217 1877 44 300 45 2158 1273 745 9366 3741
internal_value=-9.70632e-05 0.00145522 -0.000866639 -0.00127265 -0.00153524 0.00372969 -0.00123538 0.00494505 0.00681404 0.00791985 -0.00663842 -0.00131376 -0.00124632 -0.000597931 -0.0010356 0.00326855 -0.00138839 0.000539238 -0.00272636 -0.00245085 0.0013729 0.00255545 0.00768608 0.012936 0.0033737 0.000846369 0.00304706 0.00768779 -0.00227705 0.00291205
internal_weight=50225 16647 33578 27148 25794 1354 24709 1274 1097 1048 177 24586 24472 17017 14943 1132 13811 4358 7455 7273 16589 2074 618 344 578 4283 2125 852 9453 5958
internal_count=50225 16647 33578 27148 25794 1354 24709 1274 1097 1048 177 24586 24472 17017 14943 1132 13811 4358 7455 7273 16589 2074 618 344 578 4283 2125 852 9453 5958
is_linear=0
shrinkage=0.05


Tree=36
num_leaves=31
num_cat=0
split_feature=5 13 5 6 14 11 14 12 11 13 10 8 13 10 15 10 12 13 10 11 13 14 14 14 10 12 13 15 14 15
split_gain=24.6009 14.1683 10.3268 10.0468 7.45098 17.0018 14.3249 9.16176 11.0646 10.1337 11.9369 10.0896 10.198 9.83468 17.66 9.13431 18.5515 13.7476 10.3095 8.94012 8.92572 8.69627 13.8269 8.49455 14.3549 12.1878 14.5282 12.9293 9.71737 11.096
threshold=0.016828483853905386 49.655000686645515 0.04653012058120249 1.3424726889480223 0.049481808267930923 0.03197650803521624 0.052093484772870687 1.0000000180025095e-35 -0.0036909046216437309 19.585000038146976 -0.0050968471700204012 0.41211063755135119 16.085000038146976 -0.0059829775595550685 -0.0070789920202545256 -0.017312000709356064 -0.012168103513504501 21.295000076293949 -0.0048173800930231261 0.037714619913018062 17.164999961853031 -0.069744182185856193 -0.10816573528732347 0.013234785210327617 -0.0070427496323355867 0.023117382956200586 14.734999656677248 -0.013510003482223308 -0.00071597997566119609 0.0081748165683938074
decision_type=2 2 2 2 2 2 2 2 2 2 2 8 2 2 2 2 2 2 2 2 2 2 2 2 2 2 2 2 2 2
left_child=3 2 4 -1 19 6 -6 9 11 10 -8 12 -9 20 -15 -11 -17 18 -18 23 -10 22 -21 28 -25 26 -26 -28 29 -2
right_child=1 -3 -4 -5 5 -7 7 8 13 15 -12 -13 -14 14 -16 16 17 -19 -20 21 -22 -23 -24 24 25 -27 27 -29 -30 -31
leaf_value=-3.4998096959476363e-05 -2.9749446736518186e-05 0.0034590768538434349 0.00047650500196963133 3.3723122365081591e-05 0.00063420482868394284 0.00086287694665742806 -0.00033892476307503686 -1.9505434551383116e-06 0.00061288186566991771 -0.0001572186439965448 0.00064453899126911448 -0.00080247107619571426 0.00049969133230119895 -0.0008135348567786492 3.6815570920959366e-05 0.00030784294152478594 0.00060400455678765038 -0.00043017100081993182 -0.00034419664784343532 -0.00014016350468544665 7.8834462596608437e-05 -0.00013318320204296733 0.00073717232396894143 0.00021992020834375143 -0.00052266800251252958 -0.00019256539561959959 -0.00030932156487755921 0.00011304726238000832 0.00018260885302510878 9.3453287456466035e-05
leaf_weight=21872 6901 61 794 2872 90 150 525 235 161 664 64 48 707 157 658 723 104 280 58 135 339 999 118 400 186 1638 302 1515 1850 5543
leaf_count=21872 6901 61 794 2872 90 150 525 235 161 664 64 48 707 157 658 723 104 280 58 135 339 999 118 400 186 1638 302 1515 1850 5543
internal_value=-0.00016102 0.000931903 0.000873974 -0.00128314 0.000692464 0.00242293 0.0019063 0.00152975 0.00378525 -0.000620347 -0.00632428 0.00777778 0.0089172 0.000779468 -0.00260736 0.00121651 0.00388412 -0.00418552 0.00740741 0.000253995 0.0063 -0.00383387 0.00444664 0.000533133 -0.00149097 -0.00247871 0.000137294 0.00149972 0.00110536 0.0006027
internal_weight=50149 25405 25344 24744 24550 4963 4813 4723 2305 2418 589 990 942 1315 815 1829 1165 442 162 19587 500 1252 253 18335 4041 3641 2003 1817 14294 12444
internal_count=50149 25405 25344 24744 24550 4963 4813 4723 2305 2418 589 990 942 1315 815 1829 1165 442 162 19587 500 1252 253 18335 4041 3641 2003 1817 14294 12444
is_linear=0
shrinkage=0.05


Tree=37
num_leaves=31
num_cat=0
split_feature=4 13 11 11 9 13 12 13 13 13 15 12 15 11 9 12 15 15 13 11 14 13 12 11 8 15 14 16 15 12
split_gain=19.3145 10.5039 9.07848 11.1723 14.0725 14.5718 16.3382 13.0427 31.0237 15.5365 10.9509 14.8954 12.8762 13.8264 12.5142 11.9995 11.9901 20.8038 13.9854 11.7385 10.5271 10.5933 10.0592 14.5621 13.8492 9.73846 10.352 9.68086 9.31718 9.03335
threshold=0.034790849144246801 49.655000686645515 -0.017686131484892616 -0.011586998354799647 0.47910152597642636 17.994999885559086 0.018619756704099325 19.010000228881839 18.510000228881839 18.444999694824222 -0.012190473812972001 -0.0054605292938276753 -0.013930302503303514 1.0000000180025095e-35 -0.29661523642226273 0.0048491257127185614 0.0082721161046126496 0.0089379374978648691 18.015000343322757 -0.0045813235582954906 0.030560716771395605 14.119999885559084 -0.0075921435528307204 -0.023324981642921735 0.1973875411808729 -0.015295461857083635 0.12226142207695113 -0.0065205306440410662 -0.039796286721061162 0.059758748559170745
decision_type=2 2 2 2 8 2 2 2 2 2 2 2 2 2 10 2 2 2 2 2 2 2 2 2 8 2 2 2 2 2
left_child=2 -2 20 4 5 6 -4 8 9 10 11 14 13 19 -5 -12 18 -18 29 -13 21 -1 23 28 -24 26 -9 -19 -22 -17
right_child=1 -3 3 7 -6 -7 -8 25 -10 -11 15 12 -14 -15 -16 16 17 27 -20 -21 22 -23 24 -25 -26 -27 -28 -29 -30 -31
leaf_value=0.00063541319276501709 5.8225053517180825e-05 0.0042686066801020644 0.00033205497785714902 0.00020870195111001751 -0.00023514790800835728 -0.0001202258262931185 -6.7929394862156637e-05 -0.00039072230914413561 -0.00021139029229959975 0.00029840668317860497 3.2913355273001944e-05 7.6354129062937862e-05 0.00025455411699191267 0.00024168388075052535 -0.00027920218756085903 -6.1430986282552848e-05 0.00019856083346266306 -0.00014721318621985766 -0.00026837772213754674 -0.00025413050743198937 -0.00052050680516789439 -3.5092150434851535e-05 0.00025635588404081873 -0.00017196029886881416 -0.00029851008415260078 6.1791312984885423e-05 5.191392057827295e-05 -4.0155842625115783e-06 0.00015411822826388207 5.4072592383270062e-05
leaf_weight=59 15719 55 214 42 512 761 156 218 941 157 3157 309 360 456 212 11989 670 534 420 320 61 1872 729 294 80 3487 184 4726 589 874
leaf_count=59 15719 55 214 42 512 761 156 218 941 157 3157 309 360 456 212 11989 670 534 420 320 61 1872 729 294 80 3487 184 4726 589 874
internal_value=-7.92512e-05 0.00136934 -0.000743827 -0.00102528 -0.00503652 -0.00192308 0.00621622 -0.000798458 -0.00121488 -0.000868901 -0.000971166 0.00289876 0.00486159 0.00214286 -0.00826772 -0.00126509 -0.0017345 0.000134907 -0.00256907 -0.00266296 0.00160152 -0.000945106 0.00440673 0.000900424 0.00849815 0.00189637 -0.00547264 -0.000922053 0.00507692 -0.00227591
internal_weight=50157 15774 34383 30699 1643 1131 370 29056 25167 24226 24069 1699 1445 1085 254 22370 19213 5930 13283 629 3684 1931 1753 944 809 3889 402 5260 650 12863
internal_count=50157 15774 34383 30699 1643 1131 370 29056 25167 24226 24069 1699 1445 1085 254 22370 19213 5930 13283 629 3684 1931 1753 944 809 3889 402 5260 650 12863
is_linear=0
shrinkage=0.05


Tree=38
num_leaves=31
num_cat=0
split_feature=4 13 9 11 13 12 13 10 10 13 10 6 13 13 11 16 15 11 16 11 14 10 7 16 12 12 12 11 16 16
split_gain=20.8764 14.5819 13.5736 15.5251 15.1409 15.9415 12.2936 10.1755 9.76924 10.481 10.1511 9.68275 9.19921 17.9087 11.3697 11.4653 10.4308 11.8327 15.0617 8.50587 7.92503 7.17512 7.02468 6.88702 7.37104 6.81788 9.33783 6.79607 8.70746 14.8762
threshold=0.023100944923579361 35.690000534057624 0.13017366194977223 -0.014346854625401638 28.970000267028812 -0.071455509470426767 25.505000114440922 -0.017312000709356064 -0.0070427496323355867 15.905000209808351 -0.0052298884113409208 1.1557342599013827 15.025000095367433 13.444999694824221 0.00023769852102906167 -0.017459129015169602 0.0021699647082250588 0.003813504719322514 0.005144736739167822 -0.022672211523631577 0.079538209541853658 -0.0028956048481962866 -0.085181432406928201 0.00050224521403607902 0.01698171514572289 -0.046451976604296834 -0.028754212853801194 0.036250382984596159 0.041754111928017819 0.0345124392496673
decision_type=2 2 10 2 2 2 2 2 2 2 2 2 2 2 2 2 2 2 2 2 2 2 2 2 2 2 2 2 2 2
left_child=-1 2 4 -4 6 19 11 22 9 -5 23 27 13 20 15 -15 17 18 -14 -6 -12 -19 -8 24 -10 -9 -27 28 29 -2
right_child=1 -3 3 8 5 -7 7 25 10 -11 12 -13 16 14 -16 -17 -18 21 -20 -21 -22 -23 -24 -25 -26 26 -28 -29 -30 -31
leaf_value=-3.130347000097709e-05 -1.2209830588867568e-05 0.00045820521997186163 0.00034754776254547763 0.0005483816806135961 -0.00015172342699721752 -0.00050807218761616624 0.0002766943460677668 0.00045655843174956603 0.00023934798638844455 6.1699311267544339e-05 0.0001043846803235798 8.9698215276396448e-05 0.00027399406447991057 -0.00054858017461342074 -0.00018311005451244848 0.00043647159056838024 3.7590846018587242e-05 0.00086528483990225042 -0.00028712143591658667 0.00054157530219051814 -0.00046652289776081711 0.00023674327683153256 -0.00049976717855348821 0.0001246334246327115 -0.00052251362953389079 -0.0001075270475963894 0.00060689222769365466 -0.00010036157969550855 0.00010454415704032522 -0.00016768340855546186
leaf_weight=15365 15502 360 1162 273 162 344 41 382 53 458 1820 2938 479 49 1610 196 3352 263 191 101 47 690 91 125 190 198 124 979 1418 1237
leaf_count=15365 15502 360 1162 273 162 344 41 382 53 458 1820 2938 479 49 1610 196 3352 263 191 101 47 690 91 125 190 198 124 979 1418 1237
internal_value=-0.00013247 0.000544711 0.000440174 0.00189359 -0.000237063 -0.0080313 -3.05543e-05 0.00592105 0.00124541 0.00680575 0.000797022 -0.000255957 0.0011412 -0.00073885 -0.00421833 0.00581633 0.00254774 0.00583795 0.000746269 0.00123574 0.00271826 0.00941763 -0.00681818 -0.00733696 -0.0122428 0.00830966 0.00295031 -0.000666283 -0.000447486 -0.000766175
internal_weight=50200 34835 34475 10958 23517 607 22910 836 9796 731 9065 22074 8697 3722 1855 245 4975 1623 670 263 1867 953 132 368 243 704 322 19136 18157 16739
internal_count=50200 34835 34475 10958 23517 607 22910 836 9796 731 9065 22074 8697 3722 1855 245 4975 1623 670 263 1867 953 132 368 243 704 322 19136 18157 16739
is_linear=0
shrinkage=0.05


Tree=39
num_leaves=31
num_cat=0
split_feature=5 5 12 14 14 13 10 9 14 12 9 11 10 13 12 13 11 10 10 10 11 9 10 13 9 12 11 12 12 10
split_gain=21.6833 10.049 9.93928 10.0057 14.289 12.8371 17.5621 22.4262 12.7224 12.5431 16.8752 14.9106 13.9014 12.3482 22.3678 10.8324 11.5686 18.0231 10.0776 14.6388 11.8139 11.9152 9.66337 9.63556 9.48385 9.31205 9.23162 14.9999 16.7788 11.9234
threshold=0.020477144503686585 0.044226397045620564 0.10123020179199861 -0.028449828861296097 0.048155268237130573 14.244999885559084 -0.007321192598677361 -0.33401007718889575 -0.028247300750300127 -0.0080789703777397453 -0.42321286716541495 0.015047056175498954 -0.012001983030752781 17.090000152587894 0.0086975784270316731 13.824999809265138 0.0083592080830587907 -0.0056690374548943314 -0.0038174185108614807 0.0014914798272115395 -0.013909745802050731 -0.24983008124640513 -0.017312000709356064 33.719999313354499 0.25381841270157085 0.018619756704099325 -0.006288513316392629 -0.039191714476565991 -0.0033751485842052893 0.0018732766831597305
decision_type=2 2 2 2 2 2 2 10 2 2 10 2 2 2 2 2 2 2 2 2 2 10 2 2 8 2 2 2 2 2
left_child=2 -2 3 18 8 15 9 -8 -5 12 -11 -12 22 14 -9 16 17 -6 -1 24 21 -21 23 -7 -20 -16 -22 -28 -29 -30
right_child=1 -3 -4 4 5 6 7 13 -10 10 11 -13 -14 -15 25 -17 -18 -19 19 20 26 -23 -24 -25 -26 -27 27 28 29 -31
leaf_value=-0.00031090166323794578 4.7441376950406804e-05 0.00045776065210879403 -0.00015839509626371236 -0.00038571168148700963 0.00013120428523063967 -0.00040410232923437998 0.00034941671519867959 0.00046760683687110558 -4.1239038303620986e-05 -0.00018700344695540716 0.00013044639042641138 -0.00063890316650482774 -0.00020110996584828201 0.00018776921712585238 4.5375530216004584e-05 -0.00034270403530650478 0.00021260954798265732 -0.00053715498428537334 2.7969337033157892e-05 -0.00054950479226647034 0.00013423713769496523 -8.2864662764376269e-05 3.6018434504187309e-05 0.0003384222997401999 0.00022535029360339502 -0.00021709708900837242 -0.00018623454557429179 0.00012277879034515863 -0.00022409563633525649 -4.3048874315141082e-06
leaf_weight=112 15139 976 358 142 105 256 537 102 17329 469 1514 45 357 698 284 238 195 152 839 190 909 544 803 68 608 468 230 925 177 5420
leaf_count=112 15139 976 358 142 105 256 537 102 17329 469 1514 45 357 698 284 238 195 152 839 190 909 544 803 68 608 468 230 925 177 5420
internal_value=-7.62119e-05 0.001435 -0.000790926 -0.00070293 -0.00126042 0.000782864 0.00157561 0.00520584 -0.00199617 -0.000583713 0.00197239 0.00447402 -0.00407682 0.00215851 -0.00187354 -0.00565217 -0.00110619 -0.00807393 0.000627888 0.000797602 -2.97796e-06 -0.00606267 -0.00135315 -0.00864198 0.00544229 -0.00485372 0.000577601 -5.92417e-05 0.000383318 -0.000647668
internal_weight=50189 16115 34074 33716 23762 6291 5601 2089 17471 3512 2028 1559 1484 1552 854 690 452 257 9954 9842 8395 734 1127 324 1447 752 7661 6752 6522 5597
internal_count=50189 16115 34074 33716 23762 6291 5601 2089 17471 3512 2028 1559 1484 1552 854 690 452 257 9954 9842 8395 734 1127 324 1447 752 7661 6752 6522 5597
is_linear=0
shrinkage=0.05


Tree=40
num_leaves=31
num_cat=0
split_feature=5 4 12 9 10 12 10 13 13 15 12 14 14 11 10 10 13 13 13 11 10 15 11 12 11 12 14 13 13 12
split_gain=21.3318 11.9142 10.5438 7.17429 9.90539 15.8961 10.7161 7.1396 12.5711 8.40192 6.71283 6.59323 7.43101 6.20612 8.44696 9.86259 5.99825 9.21505 8.08482 6.45882 6.05981 9.10769 5.90792 5.59973 7.02728 5.80723 5.53258 6.84565 5.44567 6.53721
threshold=0.028293645513648744 0.023100944923579361 -0.075828258528587975 0.11805039170431943 -0.0070427496323355867 -0.0080789703777397453 -0.0052298884113409208 15.025000095367433 13.444999694824221 0.022545152540499939 -0.0042212478114914123 -0.043135883928100298 -0.035621573523768706 -0.017686131484892616 0.0028223419671780108 0.0012830782027211109 28.970000267028812 27.664999961853031 35.690000534057624 0.044463646975978717 0.014545936349149692 0.037855542406651572 -0.015698134800596782 -0.0075921435528307204 -0.023324981642921735 -0.050232690438178178 0.044075030691926538 13.605000019073488 16.73499965667725 -0.062212447341067838
decision_type=2 2 2 10 2 2 2 2 2 2 2 2 2 2 2 2 2 2 2 2 2 2 2 2 2 2 2 2 2 2
left_child=1 13 -2 -3 5 -5 -6 8 11 -9 -10 -8 -13 14 15 23 17 19 -18 20 28 -22 -15 25 -25 -1 27 -12 -4 -30
right_child=2 3 16 4 6 -7 7 9 10 -11 26 12 -14 22 -16 -17 18 -19 -20 -21 21 -23 -24 24 -26 -27 -28 -29 29 -31
leaf_value=0.00021705384473867 0.00084496132565951116 -1.3959483143348526e-05 5.9225487808026343e-05 -0.00011208486585770062 -0.0002367191045527341 0.00035197757636046197 0.00031802965230115856 0.00010465833163198846 0.00055003128111326524 -0.00018296739569985409 -0.00030913221145492577 -0.00029535636558317179 4.6736512282840193e-05 -0.00028482310657740155 -0.00011151120702414487 0.00044902969605262731 -0.00027716600887607286 0.0014200468124183204 0.00024655908412497574 -0.00016773816349371137 -0.00026784387051662686 0.0012063827292160712 -3.4447304941245992e-05 0.00028099378496247962 2.9914777342367499e-05 -7.2351798685729029e-05 -0.00049632096958493617 -7.892740654860046e-05 -0.00051350410437769618 0.00030092441802921324
leaf_weight=154 283 19885 1654 257 395 674 237 3735 56 240 177 66 1401 151 227 91 254 77 104 257 288 50 13845 195 328 479 129 1294 81 3058
leaf_count=154 283 19885 1654 257 395 674 237 3735 56 240 177 66 1401 151 227 91 254 77 104 257 288 50 13845 195 328 479 129 1294 81 3058
internal_value=-9.17761e-05 -0.000475963 0.00267769 0.000129615 0.00133068 0.00620301 0.000743855 0.00117587 -0.000520833 0.00261006 -0.00362319 0.00249413 0.00124404 -0.00159341 0.00149254 0.00310746 0.00221965 0.00263038 -0.00405028 0.00238493 0.00277236 -0.00369822 -0.00191841 0.00185986 0.00568834 -0.00130332 -0.00421875 -0.00334806 0.00322867 0.00445205
internal_weight=50122 44016 6106 28546 8661 931 7730 7335 3360 3975 1656 1704 1467 15470 1474 1247 5823 5465 358 5388 5131 338 13996 1156 523 633 1600 1471 4793 3139
internal_count=50122 44016 6106 28546 8661 931 7730 7335 3360 3975 1656 1704 1467 15470 1474 1247 5823 5465 358 5388 5131 338 13996 1156 523 633 1600 1471 4793 3139
is_linear=0
shrinkage=0.05


Tree=41
num_leaves=31
num_cat=0
split_feature=4 13 15 14 9 5 14 15 15 16 4 13 12 16 16 14 15 12 12 16 11 16 15 11 15 11 14 12 13 11
split_gain=18.7913 10.1624 7.30225 8.65819 7.95245 7.11286 7.07667 6.93248 13.3224 7.79895 7.61776 6.74163 12.6736 10.5003 6.90507 6.57977 13.5976 6.52189 6.23056 7.7264 6.21523 9.21061 12.7327 8.03373 20.7847 13.5406 14.8578 12.54 11.2834 15.1297
threshold=0.034087641366816003 49.655000686645515 -0.0067672587599361114 0.11094551908227025 -0.031294130387689738 0.010349620686317285 -0.011729089558044635 -0.0052094733020524022 -0.0055026973775331714 -0.024432196266014335 0.07972820958640478 20.610000610351566 -0.013469657386432075 -0.031094083371474898 -0.045426613673476827 0.049481808267930923 0.0054758971288857436 -0.0060576266270382919 0.01698171514572289 -0.034321490035760675 0.050492728349193612 0.054748975145843322 0.017375841110130467 0.013609022082518242 -0.0024772069896298872 0.014627027210111112 0.023054207273377928 0.06610047212240612 14.675000190734865 0.017370532095548511
decision_type=2 2 2 2 10 2 2 2 2 2 2 2 2 2 2 2 2 2 2 2 2 2 2 2 2 2 2 2 2 2
left_child=5 2 4 7 -2 -1 -6 8 9 -4 15 12 -8 -13 -14 -9 -17 -16 19 -19 21 23 -23 -7 -25 27 28 -26 29 -27
right_child=1 -3 3 -5 6 20 11 10 -10 -11 -12 13 14 -15 17 16 -18 18 -20 -21 -22 22 -24 24 25 26 -28 -29 -30 -31
leaf_value=-4.642617547789144e-05 2.9733711410885948e-05 0.0038000239392600166 -0.00052893171519580401 -0.0005442952231657659 0.00068558542773119058 -4.6300419119953143e-06 -0.00047895504376062624 1.3597644945944656e-05 -0.00071794946666731629 0.00015366537727611875 0.00058285353984188391 9.5156458910619122e-05 0.00071782498607924792 0.00074497164013869236 -0.00043979962802760848 0.00045898179169798166 -0.00029996674175902154 -0.00030761269458862866 2.9703516020731895e-05 0.00066682242433099576 -0.00017749053640363438 0.00016085478317332224 -0.00014199375064254159 -0.00022388352328200987 -0.00022355996564325009 0.00016908860122250352 -0.00016533005703526024 0.00015208742671032666 6.8372617622205781e-05 -6.2738512450158731e-05
leaf_weight=4179 2354 53 43 106 126 20959 175 10354 114 299 487 309 125 330 103 469 219 95 470 336 168 949 297 995 555 423 802 90 2250 1929
leaf_count=4179 2354 53 43 106 126 20959 175 10354 114 299 487 309 125 330 103 469 219 95 470 336 168 949 297 995 555 423 802 90 2250 1929
internal_value=-0.000124095 0.001254 0.00118384 0.000547928 0.00292222 -0.000803667 0.00518366 0.000673759 -0.00537281 -0.000438596 0.000912915 0.00443901 0.0023773 0.00864632 0.00431798 0.000642999 0.00537791 0.00293825 0.00430078 0.00864269 -0.000529456 -0.000474375 0.00373194 -0.000661536 -0.00212237 -0.00102083 -0.000203553 -0.00786822 0.000890917 -0.00153061
internal_weight=50163 16567 16514 12091 4423 33596 2069 11985 456 342 11529 1943 1304 639 1129 11042 688 1004 901 431 29417 29249 1246 28003 7044 6049 5404 645 4602 2352
internal_count=50163 16567 16514 12091 4423 33596 2069 11985 456 342 11529 1943 1304 639 1129 11042 688 1004 901 431 29417 29249 1246 28003 7044 6049 5404 645 4602 2352
is_linear=0
shrinkage=0.05


Tree=42
num_leaves=31
num_cat=0
split_feature=9 3 10 8 14 14 14 15 14 16 15 10 16 16 9 15 11 16 15 16 14 15 10 15 16 11 16 10 16 14
split_gain=14.2259 12.1599 11.8306 10.8958 9.78732 16.9285 11.5261 18.1389 17.4744 15.4496 17.4851 12.4796 11.2312 13.4582 11.2291 11.449 14.24 10.4777 26.4089 22.1324 20.2524 17.6341 39.3819 23.9164 17.1114 19.4177 19.9432 14.6327 23.6228 15.0925
threshold=0.19823652977830877 0.015361426343829645 -0.0070427496323355867 inf 0.049481808267930923 0.052093484772870687 -0.067583665573298909 0.024685065787911745 -0.06426442822534599 0.021325418319259829 0.010337152876921387 0.0014013847331743048 -0.035579500804644275 -0.025303688819491906 -0.25894869154179961 0.0020880976128720978 -0.0072461958036925669 0.0049913622652627563 0.0071547374657654492 0.0045491047267263171 0.045982054922578681 0.0050119206731302776 0.0010681623083543814 -0.0046802217927204284 0.020340975701854894 0.019556764027941379 0.036826810136926132 0.0038619915499665818 -0.01000236027075063 -0.04841526643133464
decision_type=10 2 2 8 2 2 2 2 2 2 2 2 2 2 10 2 2 2 2 2 2 2 2 2 2 2 2 2 2 2
left_child=1 4 -2 -3 6 -6 7 9 -8 10 11 -1 -10 14 15 16 -14 19 20 21 24 22 23 -15 -19 -26 -27 -23 -29 -30
right_child=2 3 -4 -5 5 -7 8 -9 12 -11 -12 -13 13 17 -16 -17 -18 18 -20 -21 -22 27 -24 -25 25 26 -28 28 29 -31
leaf_value=0.00011726023487902052 0.00024717876234219417 0.0001305195692162759 2.8972254437250809e-05 -0.00042817545059958161 0.00047711956405453054 1.2663246246338249e-05 -0.00028243848442043073 -0.0001735213681119151 6.4336684912394461e-05 0.00024439532362764617 8.651143160662472e-05 -0.00018463022472359794 0.00028497489293837272 6.0866508319326521e-05 -0.00027604263325147713 -0.00028901222765249126 -0.00023023476942927838 -0.00013804283989003052 1.0854230343717436e-05 0.00099585011233178184 0.0002381954211726165 -0.00021084672815706941 0.00018756676138616344 -0.00011749403682376794 1.5456340713655683e-05 -0.00024765222062496383 -5.5126700662153975e-05 -0.00037422413983890227 -0.00030553842328730001 0.0001247165754558929
leaf_weight=189 1088 2758 9207 140 157 7271 378 592 1644 853 1697 708 200 2236 630 120 112 3378 5269 130 202 680 1479 2332 2510 790 1840 448 172 841
leaf_count=189 1088 2758 9207 140 157 7271 378 592 1644 853 1697 708 200 2236 630 120 112 3378 5269 130 202 680 1479 2332 2510 790 1840 448 172 841
internal_value=-0.000153344 -0.000582302 0.00150316 0.00253623 -0.0008275 0.000794292 -0.00123683 0.00124412 -0.00163148 0.00263272 0.000713184 -0.00493311 -0.00147024 -0.00175125 -0.00725047 -0.00104167 0.00400641 -0.00148944 -0.00232504 -8.41548e-05 -0.00401376 -0.000409135 0.000971556 -0.00132443 -0.00438483 -0.00256809 -0.00557034 -0.00430873 -0.00148871 0.00273939
internal_weight=50051 39756 10295 2898 36858 7428 29430 4039 25391 3447 2594 897 25013 23369 1062 432 312 22307 13989 8318 8720 8188 6047 4568 8518 5140 2630 2141 1461 1013
internal_count=50051 39756 10295 2898 36858 7428 29430 4039 25391 3447 2594 897 25013 23369 1062 432 312 22307 13989 8318 8720 8188 6047 4568 8518 5140 2630 2141 1461 1013
is_linear=0
shrinkage=0.05


Tree=43
num_leaves=31
num_cat=0
split_feature=4 6 11 4 9 11 11 14 10 10 10 12 10 11 11 13 14 14 13 13 14 13 10 11 12 11 14 11 10 11
split_gain=14.7167 12.5603 11.7958 8.80669 7.67524 7.81372 6.22909 7.31926 6.66839 12.5992 10.9443 22.7642 14.0025 14.387 12.3986 10.856 14.9152 13.4858 12.8457 18.4363 11.8829 11.4377 10.2554 9.70155 9.5635 14.5267 9.65966 9.25342 9.05787 8.8541
threshold=0.056651518685681773 1.1557342599013827 -0.055970662091911087 0.016024336195593299 0.16208607097284014 -0.014346854625401638 0.045591167028525621 -0.077913276979976895 0.0056131556755568699 0.013844778774777857 0.0025856466909506275 0.037776300760474342 0.0038619915499665818 0.0093718282563531891 -0.023324981642921735 14.494999885559084 -0.011313380079801037 -0.13532199000438486 18.564999580383304 19.115000724792484 -0.012079756674524154 13.659999847412111 -0.017312000709356064 -0.030384470516343128 0.03011425657329803 0.022655260909184464 -0.03839547318596314 -0.022672211523631577 0.018838465196602486 -0.011586998354799647
decision_type=2 2 2 2 10 2 2 2 2 2 2 2 2 2 2 2 2 2 2 2 2 2 2 2 2 2 2 2 2 2
left_child=1 3 -2 -1 6 -6 8 -8 10 15 14 23 13 -13 -5 21 17 -17 24 -20 29 -10 -16 -12 26 -26 -19 -24 -11 -21
right_child=2 -3 -4 4 5 -7 7 -9 9 28 11 12 -14 -15 22 16 -18 18 19 20 -22 -23 27 -25 25 -27 -28 -29 -30 -31
leaf_value=-5.2897123153607468e-05 0.0020841124047855596 4.5245765610447142e-05 0.00016566532944099749 7.7909228004531897e-05 0.00019014058122888297 1.1172313651408844e-05 0.00020947047226993641 -0.0001218345795746556 4.9142042571031618e-06 -0.00014108642833216773 -0.00061704276113733842 -0.00039889949161456327 0.00019143517696118952 0.00013425515756983528 -0.00030544957890038299 0.00045946225466501683 0.00022277444730011434 8.2872945302605834e-05 -0.00035742113749671791 -0.00027742298692815746 -0.002326214949357747 -0.0002068080294068886 -0.00042657372815924186 -0.00012320058397851077 -9.2248969571588152e-05 0.00037955674347103069 0.00036772563143917781 -2.2308220993861283e-05 8.3622137555301127e-05 9.5843285980759971e-05
leaf_weight=2797 89 6406 3318 1961 800 8221 60 564 1066 947 115 211 629 145 330 143 702 1344 262 193 53 349 82 2599 644 165 222 14395 439 796
leaf_count=2797 89 6406 3318 1961 800 8221 60 564 1066 947 115 211 629 145 330 143 702 1344 262 193 53 349 82 2599 644 165 222 14395 439 796
internal_value=-6.84357e-05 -0.000300172 0.0031039 -0.000627579 -0.000425381 0.00084525 -0.000828758 -0.00576923 -0.000717832 0.000576792 -0.00118117 -0.00364288 0.00286802 -0.00505618 -0.00063812 0.00157855 0.00277409 0.00154369 0.000958141 -0.00302914 -4.79846e-05 -0.00224382 -0.00113291 -0.0060059 0.00314737 -0.001267 0.00542784 -0.000934241 -0.00371573 0.00118807
internal_weight=50047 46640 3407 40234 37437 9021 28416 624 27792 7325 20467 3699 985 356 16768 5939 4524 3822 3679 1304 1042 1415 14807 2714 2375 809 1566 14477 1386 989
internal_count=50047 46640 3407 40234 37437 9021 28416 624 27792 7325 20467 3699 985 356 16768 5939 4524 3822 3679 1304 1042 1415 14807 2714 2375 809 1566 14477 1386 989
is_linear=0
shrinkage=0.05


Tree=44
num_leaves=31
num_cat=0
split_feature=4 6 16 12 12 11 12 14 14 15 14 13 13 14 14 12 14 12 16 15 15 14 11 15 12 14 15 12 12 13
split_gain=15.3159 13.8887 7.71052 18.2811 20.3701 21.1739 15.1747 21.4376 14.3306 13.6607 22.7621 14.0739 31.107 24.2851 31.5543 25.0285 16.0816 13.507 13.1004 15.3373 13.0943 19.6114 12.5463 12.4749 12.431 12.4255 21.4718 15.6618 13.4788 12.3583
threshold=0.054178504315953967 1.6723517722542673 0.00023795238460544435 0.049504532457416379 0.092854768976221705 -0.019307177891106305 -0.046451976604296834 0.13367786858228273 0.016553968951917967 0.0059886550960652771 -0.096084571305829466 14.734999656677248 13.869999885559084 0.040467463007027978 0.07643058808250093 0.10731202878077185 0.036947105146079025 0.0082902171521933594 -0.0035772270338187968 0.0029839456360569732 -0.0034747694163764216 -0.0044982788531557341 0.034061336593809395 -0.0095157393952354213 0.037454219048426947 -0.021271104882925714 0.0027254925316753113 -0.052281358654850445 0.043059642208465816 20.335000038146976
decision_type=2 2 2 2 2 2 2 2 2 2 2 2 2 2 2 2 2 2 2 2 2 2 2 2 2 2 2 2 2 2
left_child=1 2 3 18 5 -5 8 9 -4 10 -8 12 20 16 15 17 -13 -15 25 24 21 -12 -14 -16 -20 26 27 -1 -27 -19
right_child=-2 -3 6 4 -6 -7 7 -9 -10 -11 11 13 22 14 23 -17 -18 29 19 -21 -22 -23 -24 -25 -26 28 -28 -29 -30 -31
leaf_value=-0.00042698919166816497 0.00018850585507963161 6.622561567002795e-05 -0.00026151596037712882 0.00037038693382422265 0.00069959576610052027 -0.00018849462752764889 0.00042087182593109594 0.00040340778235586005 3.8038007889361694e-05 5.1718063798136994e-06 -0.00016113992148776145 -6.0673940454433364e-05 -0.00026500518482018559 0.00042249783911765246 -0.00053166922179304456 -0.00024046339300338451 -0.0003147884381227863 0.00026338942913695036 0.00028775981094208346 -5.7011956500804559e-05 -6.2045387280764566e-05 0.00019396310138715812 3.748078164763575e-05 -3.5530726796942881e-05 -7.9223266438117456e-05 -2.7901665825496269e-05 -2.5525891810216154e-06 0.00021839006917529389 0.00036160925148840442 -0.00032689228778300751
leaf_weight=55 3904 4174 401 107 58 846 177 192 206 9982 199 6184 1345 467 214 173 149 812 961 623 3326 371 170 583 206 9699 3087 1305 155 100
leaf_count=55 3904 4174 401 107 58 846 177 192 206 9982 199 6184 1345 467 214 173 149 812 961 623 3326 371 170 583 206 9699 3087 1305 155 100
internal_value=-0.000125918 -0.000379368 -0.000651792 0.000166647 -0.00635509 -0.00810598 -0.00121053 -0.00101661 -0.00901977 -0.00114836 -0.00214085 -0.00236465 -0.00436611 -0.00111725 0.00322478 0.00737758 -0.00272778 0.00962654 0.000576409 0.00460894 -0.00200205 0.005 -0.0104455 -0.00486198 0.00799057 7.16733e-05 0.00226557 0.0075 -0.000918409 0.00608553
internal_weight=50231 46327 42153 17102 1011 953 25051 24444 607 24252 14270 14093 5411 8682 2349 1552 6333 1379 16091 1790 3896 570 1515 797 1167 14301 4447 1360 9854 912
internal_count=50231 46327 42153 17102 1011 953 25051 24444 607 24252 14270 14093 5411 8682 2349 1552 6333 1379 16091 1790 3896 570 1515 797 1167 14301 4447 1360 9854 912
is_linear=0
shrinkage=0.05


Tree=45
num_leaves=31
num_cat=0
split_feature=0 16 6 9 10 12 14 10 12 15 16 16 15 14 14 10 14 16 11 11 16 11 12 15 12 16 12 12 11 15
split_gain=14.1618 9.87221 10.201 8.31457 7.83655 17.9514 17.3532 15.4278 12.2064 14.1005 11.9698 25.3627 15.891 16.2294 18.0558 17.4637 12.6108 11.0095 10.4584 10.2798 9.9844 12.7451 11.9256 9.04915 18.8239 10.099 13.9241 21.9749 10.8405 13.4672
threshold=-0.035664890255650998 -0.062773911532458856 1.8386381594357786 0.27289140773184345 0.0091813381816910917 -0.062212447341067838 -0.086337752297859935 0.0094914683342374202 -0.050232690438178178 0.010647678260125805 -0.032577672604407408 -0.023591607552593315 0.016337079786972523 -0.061929277885563232 -0.017113211502094435 -0.0020657822926501974 0.10649963286549492 -0.026790326293764651 0.0063364892264597969 0.050492728349193612 -0.035276303589539919 -0.023324981642921735 -0.00073998910017980524 0.021682552087070043 -0.051373899775069835 0.045115839100076556 -0.030461524413172677 0.0062346359643689073 0.028626427066600128 0.010297763095718617
decision_type=2 2 2 10 2 2 2 2 2 2 2 2 2 2 2 2 2 2 2 2 2 2 2 2 2 2 2 2 2 2
left_child=-1 -2 3 4 5 -3 18 -6 9 -8 12 16 13 -10 -15 20 -12 -18 -7 -13 21 -16 -22 25 -25 26 -9 -28 29 -29
right_child=1 2 -4 -5 7 6 8 23 10 -11 11 19 -14 14 15 -17 17 -19 -20 -21 22 -23 -24 24 -26 -27 27 28 -30 -31
leaf_value=0.000151408381080617 0.00029717343551018442 -0.00024742368600304217 6.6663223827155264e-05 4.7526915540656782e-05 0.00029172153638867056 6.604188641107147e-05 0.00022384005313774987 -0.00032079655299651065 -0.00046277459587248557 -0.00025437052136240487 -0.00021262349442462025 -2.6957665685406734e-05 -0.00064768108324411927 0.00025734104847243528 0.00015300024931438929 -0.00015801848568263818 0.00035123682719651424 -0.00025242512684244591 0.00033735749604355149 -0.00017605049828230449 -0.00026771380955908068 -7.5618984875009895e-05 0.00038661364166834222 0.00059178233342407113 -0.00011756524713694298 0.00018867016568880794 0.00016404800944532462 0.00049384733654405039 -0.00034904034667593747 -4.842042038482168e-05
leaf_weight=2580 470 654 3150 5768 420 378 576 282 110 62 1246 26205 61 521 599 355 140 70 253 317 50 754 309 168 1553 558 907 143 178 1336
leaf_count=2580 470 654 3150 5768 420 378 576 282 110 62 1246 26205 61 521 599 355 140 70 253 317 50 754 309 168 1553 558 907 143 178 1336
internal_value=-0.000100153 -0.000295737 -0.000367655 -0.000564551 -0.000831697 -0.00112676 -0.000959195 0.000906222 -0.0011243 0.005721 -0.00126639 -0.00157624 0.00187568 0.00244626 0.00324575 0.00114901 -0.00800137 0.00333333 0.0072504 -0.00122351 0.00324182 0.00127494 0.0106546 0.00015122 -0.0028036 0.00164512 0.000439213 0.00159906 -0.00182559 -0.000422583
internal_weight=50173 47593 47123 43973 38205 32660 32006 5545 31375 638 30737 27978 2759 2698 2588 2067 1456 210 631 26522 1712 1353 359 5125 1721 3404 2846 2564 1657 1479
internal_count=50173 47593 47123 43973 38205 32660 32006 5545 31375 638 30737 27978 2759 2698 2588 2067 1456 210 631 26522 1712 1353 359 5125 1721 3404 2846 2564 1657 1479
is_linear=0
shrinkage=0.05


Tree=46
num_leaves=31
num_cat=0
split_feature=9 7 15 14 3 8 12 12 12 14 16 14 16 14 10 14 14 12 15 15 16 16 12 10 16 14 10 9 12 16
split_gain=12.555 11.072 9.48644 10.4289 8.29021 12.2513 8.26052 18.7363 13.2896 11.902 9.49667 8.04303 7.75362 9.31179 7.70995 7.55124 18.4835 12.7831 16.1859 10.4789 9.64555 11.4937 15.834 13.4513 10.4433 12.1143 13.87 13.3295 11.7372 9.5305
threshold=0.27289140773184345 -0.13353818040598145 -0.011925965414788518 0.079538209541853658 0.015361426343829645 inf -0.062212447341067838 -0.05793872793170584 -0.075828258528587975 0.57916123255262542 -0.038656880421716604 0.26245601507157795 0.085230939908528161 0.066380812843571571 -0.003973475396451486 -0.067583665573298909 -0.06426442822534599 0.078665410711505027 0.020025774523632526 0.037855542406651572 -0.032577672604407408 -0.023591607552593315 -0.050232690438178178 -0.012508695077667052 -0.035276303589539919 -0.017113211502094435 -0.0020657822926501974 -0.29661523642226273 -0.00073998910017980524 0.06050343142329196
decision_type=10 2 2 2 2 8 2 2 2 2 2 2 2 2 2 2 2 2 2 2 2 2 2 2 2 2 2 10 2 2
left_child=1 -1 14 12 6 -6 8 -8 10 -10 -3 15 13 -4 -2 17 -17 18 29 20 24 22 -22 -24 25 27 -27 -18 -26 -9
right_child=2 4 3 -5 5 -7 7 11 9 -11 -12 -13 -14 -15 -16 16 19 -19 -20 -21 21 -23 23 -25 28 26 -28 -29 -30 -31
leaf_value=0.00029847510969292432 0.00021109858769696656 -0.00014045437012138209 6.2652018738337212e-05 -0.00031991630007688441 0.00010563158506016121 -0.00048596415872933873 0.00034953430676790419 4.2647829567105893e-05 -0.000381920455042352 0.00046184496051935881 0.00032463038639992124 0.00021493891679219657 -0.00084254931516285268 0.00064316801593682896 0.00076732082100652822 -0.00023517617326625974 -0.00020996896697681933 0.00076136456583757856 -0.00010202850405855995 0.00066185718816346925 0.0002552847203153242 -2.1551273887098887e-05 0.00014131938637040685 -0.00018682162282699624 -0.00031294037967279743 2.0405071520233561e-05 -0.00020658453493383293 0.0002711098415058193 0.0003822689596959938 0.00051367681307590556
leaf_weight=773 772 259 5451 248 2905 127 202 2676 520 46 188 196 47 121 167 395 105 100 1020 43 224 28967 211 1322 52 1773 347 421 277 166
leaf_count=773 772 259 5451 248 2905 127 202 2676 520 46 188 196 47 121 167 395 105 100 1020 43 224 28967 211 1322 52 1773 347 421 277 166
internal_value=-8.62912e-05 -0.000399977 0.00191008 0.00116329 -0.000507734 0.00201187 -0.000701088 -0.000583812 -0.00515795 -0.0102473 0.00128635 -0.000663925 0.00160616 0.00177674 0.00657614 -0.000715898 -0.000955708 0.00135033 0.00089332 -0.000829826 -0.000861302 -0.00112453 -0.00505122 -0.00686562 0.00185714 0.000812547 -0.000872642 0.00760456 0.0102584 0.00283251
internal_weight=50121 43315 6806 5867 42542 3032 39510 38497 1013 566 447 38295 5619 5572 939 38099 34137 3962 3862 33742 33699 30724 1757 1533 2975 2646 2120 526 329 2842
internal_count=50121 43315 6806 5867 42542 3032 39510 38497 1013 566 447 38295 5619 5572 939 38099 34137 3962 3862 33742 33699 30724 1757 1533 2975 2646 2120 526 329 2842
is_linear=0
shrinkage=0.05


Tree=47
num_leaves=31
num_cat=0
split_feature=5 13 6 6 16 11 10 5 16 11 14 5 10 16 16 16 16 11 13 14 10 14 13 13 3 11 10 14 13 14
split_gain=14.0969 10.8274 8.40597 7.30311 8.57991 6.34387 6.10883 8.04805 6.06557 5.98261 12.1381 6.96722 5.4497 12.047 12.6377 9.0114 7.28046 8.5356 9.8371 9.00196 8.03799 7.46642 7.21145 6.00571 5.47141 5.38338 5.21969 7.18201 5.79189 5.60132
threshold=0.015009220371776084 49.655000686645515 0.26184645903566167 -0.41982687549605924 0.044384404802744755 0.0023967132721236521 0.06903334451863076 0.030879107806277006 0.023070011686967765 0.045591167028525621 -0.066405515647089006 0.044226397045620564 -0.017312000709356064 -0.032577672604407408 -0.028149617098960186 -0.034321490035760675 -0.034321490035760675 -0.020756014565235011 19.440000534057621 0.012431899030548645 -0.0053735252204459285 -0.067583665573298909 23.770000457763675 28.970000267028812 -0.0015403852060110188 0.057592534540540592 0.014545936349149692 -0.16769008837329388 25.505000114440922 0.0091478412114857095
decision_type=2 2 2 2 2 2 2 2 2 2 2 2 2 2 2 2 2 2 2 2 2 2 2 2 2 2 2 2 2 2
left_child=3 2 9 -1 5 8 7 -4 -5 11 25 12 15 16 22 -2 17 -14 19 -19 -21 -20 -15 26 -25 -11 27 -16 29 -29
right_child=1 -3 6 4 -6 -7 -8 -9 -10 10 -12 -13 13 14 23 -17 -18 18 21 20 -22 -23 -24 24 -26 -27 -28 28 -30 -31
leaf_value=-4.1744479664307479e-05 -0.00028924354135220521 0.0030851191318167787 4.3362829959261306e-05 6.9765774500341748e-06 7.8109907857904732e-05 -3.6631711947160943e-05 -0.0004582799283140809 0.00038750345369726707 0.00044069092984675535 0.00057328640133292685 -0.00018353036311839356 0.00043797268726683374 0.00017418903757287826 -0.00046369028937818775 0.00055445686555403236 0.00014506277251417733 0.00056273046886397944 0.00019647651231620382 0.00017765591404519701 0.00034319532533647946 -0.00033589722035708044 -0.00048569259443878734 5.0399278006810562e-05 8.6558482649648459e-05 -0.00062150834194064138 -9.8618882719075159e-05 -9.2888666136289367e-05 1.9354767655800761e-05 0.00028338173697334089 -4.0380775840781007e-05
leaf_weight=7023 343 64 8307 4920 917 5645 60 1258 43 96 546 589 1128 157 40 148 100 286 41 87 139 126 73 40 54 54 771 10554 264 6138
leaf_count=7023 343 64 8307 4920 917 5645 60 1258 43 96 546 589 1128 157 40 148 100 286 41 87 139 126 73 40 54 54 771 10554 264 6138
internal_value=-9.5479e-05 0.000549058 0.000507182 -0.00118881 -0.000414317 -0.000815422 0.00173766 0.00183743 0.000488616 -3.67411e-05 -0.0045977 0.000113863 -4.02655e-05 8.75088e-05 -0.000310928 -0.0052444 0.00386733 0.00314056 -0.00128866 0.00214844 -0.00530973 -0.0118263 -0.0119565 -0.000160965 -0.012766 0.008 -9.42759e-05 8.82561e-05 3.83345e-05 -7.78816e-05
internal_weight=50011 31463 31399 18548 11525 10608 9625 9565 4963 21774 696 21078 20489 19998 18091 491 1907 1807 679 512 226 167 230 17861 94 150 17767 16996 16956 16692
internal_count=50011 31463 31399 18548 11525 10608 9625 9565 4963 21774 696 21078 20489 19998 18091 491 1907 1807 679 512 226 167 230 17861 94 150 17767 16996 16956 16692
is_linear=0
shrinkage=0.05


Tree=48
num_leaves=31
num_cat=0
split_feature=5 13 16 16 14 13 13 14 12 13 9 16 12 12 10 10 12 14 10 12 10 10 13 16 10 12 9 12 16 16
split_gain=12.5885 8.73979 14.8418 36.1262 16.743 14.0384 20.2176 14.3946 16.8385 16.5551 13.852 14.6102 12.5705 11.5476 12.0485 24.6261 21.7218 19.2013 17.9055 12.4654 17.1043 15.6787 13.6223 14.3427 11.0712 10.7965 10.6643 19.0218 18.4245 23.5747
threshold=0.034614564230082606 19.010000228881839 0.015172735858318355 0.0066353348443147784 -0.054107623009077337 18.510000228881839 18.444999694824222 -0.037778052319122728 -0.0039943573579758742 17.180000305175785 0.2572423203614454 -0.035276303589539919 0.058395968691513429 -0.038043904409190692 -0.0064885542336663984 -0.0050968471700204012 -0.031853189963288557 0.067441813523853492 -0.0055466638643487101 -0.0054605292938276753 -0.011742886099156634 -0.0066833356830042758 18.260000228881839 -0.0083174758054808656 0.0057612220393999944 -0.042339723299349867 -0.42321286716541495 -0.0033751485842052893 -0.0083174758054808656 -0.019356614723433137
decision_type=2 2 2 2 2 2 2 2 2 2 10 2 2 2 2 2 2 2 2 2 2 2 2 2 2 2 10 2 2 2
left_child=1 5 3 -3 24 6 7 8 9 -1 11 -7 -10 -9 19 17 -17 -16 -19 20 -15 -22 23 -21 -4 -11 27 -18 29 -28
right_child=-2 2 4 -5 -6 10 -8 13 12 25 -12 -13 -14 14 15 16 26 18 -20 22 21 -23 -24 -25 -26 -27 28 -29 -30 -31
leaf_value=0.00025529162444524935 0.00021380863537577238 2.07895965406487e-05 0.00037089848071512611 -0.00034705269741650588 0.00016087419122142924 9.8496445244318682e-05 0.00032131499598694267 -0.00023970523404457284 -1.1783486944031123e-05 0.00031466187573698823 0.00033522366153431599 -0.00019817017308092246 0.00024230463758149047 0.00010508290441267497 -0.000255726365587348 0.00021920724477212988 -0.00035934022588977697 0.00038283211962905584 -0.00030902464700259254 1.7587092590896091e-05 -0.0002172464453844985 0.00034605031046205481 -0.0002820007613792238 0.00021306547655587009 -0.00014971261721668464 -0.00010111241831498794 -2.9163729371671846e-05 -5.7155396385854056e-05 -3.7212346932841561e-05 0.00023656590608346455
leaf_weight=958 2752 8245 67 496 2022 278 243 232 6393 126 163 1466 588 337 978 414 313 178 115 1108 413 56 171 975 461 464 1105 3196 14836 1031
leaf_count=958 2752 8245 67 496 2022 278 243 232 6393 126 163 1466 588 337 978 414 313 178 115 1108 413 56 171 975 461 464 1105 3196 14836 1031
internal_value=-0.00014448 -0.000335245 0.000879019 -0.000100103 0.00423529 -0.000714642 -0.000482033 -0.000584782 0.00119299 0.00591085 -0.00488988 -0.00619266 0.000146827 -0.00118038 -0.00107825 -0.00148426 -0.00107322 -0.00824154 0.00298635 0.00186275 -0.00347395 -0.00964819 0.00377107 0.00488478 -0.00369318 -0.000677966 -0.00130243 -0.00381163 -0.000783644 0.00355805
internal_weight=50180 47428 11291 8741 2550 36137 34230 33987 8529 1548 1907 1744 6981 25458 25226 22166 20895 1271 293 3060 806 469 2254 2083 528 590 20481 3509 16972 2136
internal_count=50180 47428 11291 8741 2550 36137 34230 33987 8529 1548 1907 1744 6981 25458 25226 22166 20895 1271 293 3060 806 469 2254 2083 528 590 20481 3509 16972 2136
is_linear=0
shrinkage=0.05


Tree=49
num_leaves=31
num_cat=0
split_feature=5 16 4 5 12 16 15 12 16 12 12 10 10 10 12 10 10 12 14 14 15 10 16 14 10 10 14 12 14 15
split_gain=10.9306 9.05544 7.20007 6.87149 6.3623 6.4066 8.2447 6.7984 5.56152 5.44512 17.6818 12.9951 10.0093 9.20305 12.1752 7.66775 8.67608 6.60331 6.43698 11.7636 8.95296 12.9002 8.07262 13.6752 18.0951 11.0794 8.00378 7.99427 7.47984 7.28017
threshold=0.016015602484571595 -0.08949168498243619 0.052872083023095588 0.04653012058120249 0.10123020179199861 0.054748975145843322 0.017375841110130467 0.092854768976221705 0.079590090223734103 -0.062212447341067838 -0.05793872793170584 0.01542612816856115 0.013844778774777857 0.012020737458552368 0.057873618969341407 -0.029463592833469218 -0.0028956048481962866 0.089699149328903008 -0.069744182185856193 -0.05546753287916955 0.014043577431530398 0.0090978943428771126 -0.040573350661120271 -0.017113211502094435 -0.0048905857364926466 -0.016935534775352808 -0.060408912479391223 0.048021249302454556 0.26245601507157795 0.0024147236971868717
decision_type=2 2 2 2 2 2 2 2 2 2 2 2 2 2 2 2 2 2 2 2 2 2 2 2 2 2 2 2 2 2
left_child=4 2 -2 8 5 7 -7 -1 9 11 -11 15 13 18 -15 -3 -17 -14 29 20 21 26 23 -21 25 -25 27 -20 -24 -12
right_child=1 3 -4 -5 -6 6 -8 -9 -10 10 12 -13 17 14 -16 16 -18 -19 19 22 -22 -23 28 24 -26 -27 -28 -29 -30 -31
leaf_value=-2.045805817081437e-05 0.00014220890324118489 -0.0013696467699337571 0.0018654350229691218 0.00039064508515358911 -0.00016371570756935851 0.00014210573381520444 -9.602763178724987e-05 0.00034307278877295807 -8.8994023500473061e-05 0.00051252533650733947 0.00035012013959904027 0.00045760412955767678 -0.0001328956282368246 0.00058329990210206244 -0.00010971840455107955 -3.197301257067062e-05 -0.000342530658399573 0.00063822612768379885 9.4268361107860586e-05 0.00052654598827379798 -0.0004824292833817949 0.0010079203101655569 9.5309147359744651e-06 -0.00026155093356100036 -0.0002447268454095371 0.00036299078592889926 -0.00040624700349288468 -0.0004288447762522155 0.00053916644941302393 8.1339475334654086e-05
leaf_weight=21168 119 48 111 770 175 550 190 57 691 169 161 141 1340 278 122 547 235 48 457 256 198 47 18966 153 262 525 254 92 122 1838
leaf_count=21168 119 48 111 770 175 550 190 57 691 169 161 141 1340 278 122 547 235 48 457 256 198 47 18966 153 262 525 254 92 122 1838
internal_value=-0.000102815 0.000554562 0.0104348 0.000472583 -0.000932701 -0.000857045 0.00371622 -0.00101649 0.000339518 0.000456034 0.000597121 -0.00321833 0.000488674 0.000730058 0.00825 -0.00560241 -0.00441176 -0.00363833 0.000601132 0.000346897 -0.0048187 -0.00258824 0.000613784 0.00459866 0.00180851 0.00612094 -0.00407846 -0.00068306 0.000364103 0.00331416
internal_weight=50090 27950 230 27720 22140 21965 740 21225 26950 26259 25288 971 25119 23731 400 830 782 1388 23331 21332 1048 850 20284 1196 940 678 803 549 19088 1999
internal_count=50090 27950 230 27720 22140 21965 740 21225 26950 26259 25288 971 25119 23731 400 830 782 1388 23331 21332 1048 850 20284 1196 940 678 803 549 19088 1999
is_linear=0
shrinkage=0.05


Tree=50
num_leaves=31
num_cat=0
split_feature=5 13 0 9 3 8 13 14 15 14 13 13 11 15 11 14 15 15 15 13 13 11 14 13 11 14 14 15 15 15
split_gain=12.9367 11.067 9.71783 7.37777 7.43232 9.07682 5.60922 13.292 14.192 11.7558 11.1105 9.4834 8.89216 8.87704 9.38127 8.54526 23.0901 13.1181 26.725 23.8169 17.3032 15.0028 15.9357 12.431 12.6779 16.7989 11.0566 14.4184 9.73239 10.3974
threshold=0.0098418485807061345 49.655000686645515 -0.032071294437042479 0.19823652977830877 0.015361426343829645 inf 16.469999313354496 0.013234785210327617 0.014495636416569037 0.012431899030548645 16.675000190734867 16.73499965667725 -0.017686131484892616 -0.0067672587599361114 0.01199540999330473 -0.0062634959442488527 -0.0048317884181032214 0.0081748165683938074 0.0031181041301072692 18.675000190734867 18.564999580383304 -0.0069171580210211072 -0.033482886717690945 19.055000305175785 -0.013642656733636292 -0.067583665573298909 0.0037598780805861991 -0.00029841487396903282 0.0082721161046126496 -0.014379364099872225
decision_type=2 2 2 10 2 8 2 2 2 2 2 2 2 2 2 2 2 2 2 2 2 2 2 2 2 2 2 2 2 2
left_child=-1 2 -2 4 6 -6 7 9 12 13 -8 -12 -9 14 -4 16 -13 18 19 21 -19 -18 -23 -22 25 -25 27 -17 29 -28
right_child=1 -3 3 -5 5 -7 10 8 -10 -11 11 15 -14 -15 -16 26 17 20 -20 -21 23 22 -24 24 -26 -27 28 -29 -30 -31
leaf_value=-4.5635544137116434e-05 0.00010657988864703813 0.0025992529181463977 0.00017318803684868847 3.7261664160905331e-05 0.00010304339697932773 -0.00045689848438853239 0.00013046079061994399 0.00022023752497990978 0.00038052683614976115 0.00069356200822657578 -0.00023108266026976074 -0.00028321061870525819 -0.00011300580688256446 -2.1615169014560077e-05 -0.00011763690888705216 1.3794963473960165e-05 0.00011213039415228118 0.00011959829563427195 -0.00018112263902629987 0.0001442889019758589 -0.00024126962241897672 0.00010417893562566436 -0.00029653614011785246 1.0731265793568861e-05 5.0770273694750616e-05 -0.00055733208908251514 -5.5963883180043183e-05 0.00034641132115132892 -0.00022260485283811791 5.858203698429791e-05
leaf_weight=2933 3135 63 596 9453 2578 140 766 171 104 49 157 539 3843 9485 195 408 233 1855 1626 1176 284 209 525 302 1434 207 2365 292 372 4709
leaf_count=2933 3135 63 596 9453 2578 140 766 171 104 49 157 539 3843 9485 195 408 233 1855 1626 1176 284 209 525 302 1434 207 2365 292 372 4709
internal_value=-0.000110549 8.93783e-05 6.14303e-05 -0.000129898 -0.000467938 0.00204194 -0.000681775 -0.00141072 -0.00381253 -0.000452785 -7.87559e-05 -0.000348949 -0.004285 -0.000569288 0.0045196 -0.000232825 -0.0013528 -0.00066552 -0.00279252 0.000874942 0.00129838 -0.00493795 -0.00844687 -0.00167265 -0.000244467 -0.00702358 0.000920697 0.00692857 0.000355896 0.000770427
internal_weight=50204 47271 47208 44073 34620 2718 31902 14443 4118 10325 17459 16693 4014 10276 791 16536 8390 7851 3769 2143 4082 967 734 2227 1943 509 8146 700 7446 7074
internal_count=50204 47271 47208 44073 34620 2718 31902 14443 4118 10325 17459 16693 4014 10276 791 16536 8390 7851 3769 2143 4082 967 734 2227 1943 509 8146 700 7446 7074
is_linear=0
shrinkage=0.05


Tree=51
num_leaves=31
num_cat=0
split_feature=4 13 13 12 12 10 10 12 14 14 13 16 12 16 15 10 15 15 12 10 13 13 15 13 16 11 10 10 14 12
split_gain=13.1591 11.5516 7.8191 21.3921 14.3621 17.3379 35.363 17.2872 14.54 13.7795 12.7507 12.7323 17.4214 12.6736 20.9504 28.2521 15.6059 12.7778 11.5589 11.5095 11.4729 15.9414 13.3096 13.7526 10.9771 14.1071 13.1255 16.7071 13.8988 11.4272
threshold=0.020717977615656465 49.655000686645515 16.469999313354496 -0.0082551652511544376 -0.0054605292938276753 -0.0064885542336663984 -0.0043353033676630228 0.013959739003271522 -0.007258231789176727 -0.0241559957087869 13.444999694824221 -0.0083174758054808656 0.048021249302454556 0.0073627452629247978 0.002661722857901561 1.0000000180025095e-35 -0.0005308552294506218 -0.006107311622501165 0.0066896408709551389 0.018838465196602486 17.994999885559086 19.010000228881839 -0.020213503012781627 17.914999961853031 -0.014072398823923969 0.0093718282563531891 0.0047289362595872584 -0.00041832988897705364 0.079538209541853658 0.010183672155494096
decision_type=2 2 2 2 2 2 2 2 2 2 2 2 2 2 2 2 2 2 2 2 2 2 2 2 2 2 2 2 2 2
left_child=-1 2 3 9 8 11 7 -7 -5 -2 -8 -6 -13 14 15 16 18 -15 -12 -19 22 -22 -4 24 -24 26 27 28 29 -26
right_child=1 -3 20 4 5 6 10 -9 -10 -11 13 12 -14 17 -16 -17 -18 19 -20 -21 21 -23 23 -25 25 -27 -28 -29 -30 -31
leaf_value=-2.8334709156603794e-05 0.00035450999111819986 0.0026124196433397065 0.00040387226372634225 0.0002796370901203977 7.4237288032725279e-06 4.1562984536943704e-05 4.2007688760726824e-05 -0.00040873553496992369 -0.00053442710718922958 -2.1114080910120039e-05 -0.00023459583266803019 0.00040951045003549268 -0.00022847689405050493 -0.00070053484856242806 -8.9533464545682288e-05 0.00032334382403165842 -0.00030390105274268791 -7.1443026014257494e-05 0.00016454745327924934 0.00051410245142865542 -8.4640863865969972e-05 3.2881575266002124e-05 0.00019474574220190315 0.00041048795024796231 0.00026206805734106805 0.00010805734511113329 9.8597986842964731e-05 -0.00030046191874905928 -0.00016259962102857804 -2.3042919340886087e-05
leaf_weight=10867 599 66 315 50 636 244 3947 662 192 335 98 380 73 213 1923 778 264 6078 885 142 3527 11192 982 367 331 2548 800 792 324 551
leaf_count=10867 599 66 315 50 636 244 3947 662 192 335 98 380 73 213 1923 778 264 6078 885 142 3527 11192 982 367 331 2548 800 792 324 551
internal_value=-0.000114132 0.000311752 0.000276588 -0.000510029 -0.000925143 -0.00074588 -0.00118157 -0.0107616 -0.0130165 0.00685225 -0.000575796 0.00534894 0.011755 -0.00149552 0.000734549 0.00428395 -0.000380914 -0.00286414 0.0025178 -0.00245177 0.000910074 0.000117195 0.00257489 0.00210232 0.00155657 0.000664048 -0.00178699 -0.00395395 -0.000248756 0.00300454
internal_weight=50161 39294 39228 17499 16565 16323 15234 906 242 934 14328 1089 453 10381 3948 2025 1247 6433 983 6220 21729 14719 7010 6695 6328 5346 2798 1998 1206 882
internal_count=50161 39294 39228 17499 16565 16323 15234 906 242 934 14328 1089 453 10381 3948 2025 1247 6433 983 6220 21729 14719 7010 6695 6328 5346 2798 1998 1206 882
is_linear=0
shrinkage=0.05


Tree=52
num_leaves=31
num_cat=0
split_feature=13 9 15 14 16 5 10 10 10 10 14 10 13 13 12 15 13 14 10 13 0 14 10 16 16 0 12 13 14 16
split_gain=10.9769 11.1986 10.0136 11.0106 7.16708 6.97193 6.9084 7.13153 6.9 6.2137 6.58506 6.18522 6.60174 9.80796 8.39699 7.08432 7.93481 7.78891 6.82842 6.00061 5.91797 5.9664 5.64099 5.06398 5.22287 5.0564 4.99348 7.35717 4.963 4.94557
threshold=49.655000686645515 0.23956375675545319 -0.011925965414788518 0.079538209541853658 -0.038656880421716604 0.014181463492549116 -0.003973475396451486 -0.0066340953484539935 -0.0050968471700204012 0.06903334451863076 -0.19490876951167976 -0.005471362708912352 15.025000095367433 13.444999694824221 0.10123020179199861 0.010173251517329287 25.19999980926514 0.066380812843571571 0.0024569690177319585 24.19999980926514 -0.022923047369325041 -0.086337752297859935 -0.0070427496323355867 -0.034321490035760675 -0.058072753959326977 0.060876210788232916 -0.010763089356595755 20.814999580383304 -0.017113211502094435 0.0057626211128291036
decision_type=2 10 2 2 2 2 2 2 2 2 2 2 2 2 2 2 2 2 2 2 2 2 2 2 2 2 2 2 2 2
left_child=1 5 6 4 28 -1 7 23 -9 10 -7 -6 13 29 15 17 18 19 -17 20 -14 -22 -5 24 -3 -12 27 -25 -4 -13
right_child=-2 2 3 22 11 9 -8 8 -10 -11 25 12 14 -15 -16 16 -18 -19 -20 -21 21 -23 -24 26 -26 -27 -28 -29 -30 -31
leaf_value=-2.547453787907603e-05 0.0025576695245237433 0.0011951726933487319 0.0008199715726801989 0.00017758467687401924 0.00034305393114203182 0.00043148256114992868 0.00055636838347031335 -0.0003892208901216955 0.00045831634418062547 -0.00049858030014784678 -3.9477977490468349e-06 -7.5716293328005092e-05 0.00071840023318546975 -0.00012188176898900329 -0.0006609107131060961 -0.00084951549374132876 0.0017912583989347038 0.0010838058658697914 -1.9473081235787385e-05 -0.00094581127936303484 0.00051484344525525201 8.2770599656892184e-05 -0.00043918667360015839 -0.0003910410309513236 -0.00020557860079126615 0.00030171813619281324 0.00041430975326154328 0.00052098926303311994 -5.7417946012187053e-05 0.00010204984357642796
leaf_weight=14740 65 48 106 65 176 107 185 114 80 58 26659 471 200 1285 59 52 43 65 1048 68 113 1864 224 47 172 472 419 63 47 1107
leaf_count=14740 65 48 106 65 176 107 185 114 80 58 26659 471 200 1285 59 52 43 65 1048 68 113 1864 224 47 172 472 419 63 47 1107
internal_value=-0.000149337 -0.000175948 0.00152383 0.000818676 0.00123061 -0.00050433 0.00589539 0.00416225 -0.00438144 -3.11401e-05 3.67134e-06 0.000980766 0.00072549 -0.00105658 0.00217825 0.00249783 -0.000721785 0.00409091 -0.00154545 0.00359688 0.00405374 0.00322458 -0.00873702 0.00637517 0 -4.51513e-05 0.00902647 -0.000454545 0.0119281 0.00158428
internal_weight=50222 50157 8121 6993 6704 42036 1128 943 194 27296 27238 6551 6375 2863 3512 3453 1143 2310 1100 2245 2177 1977 289 749 220 27131 529 110 153 1578
internal_count=50222 50157 8121 6993 6704 42036 1128 943 194 27296 27238 6551 6375 2863 3512 3453 1143 2310 1100 2245 2177 1977 289 749 220 27131 529 110 153 1578
is_linear=0
shrinkage=0.05


Tree=53
num_leaves=31
num_cat=0
split_feature=9 6 16 10 5 15 0 14 10 16 16 16 11 16 11 11 14 15 16 11 11 16 14 10 11 10 10 10 14 10
split_gain=11.0896 9.25309 8.70743 9.93631 6.94839 6.59103 6.40973 5.26139 9.95933 5.80708 18.2636 11.045 9.71906 9.38666 9.58859 10.7604 9.83589 9.69752 9.23353 8.64618 11.8397 8.39502 8.87392 8.37852 8.10344 8.42266 22.6261 7.96341 8.29955 7.94091
threshold=0.56800152184612407 1.3424726889480223 -0.062773911532458856 -0.029463592833469218 0.010273631255728262 0.013366263021456827 -0.0061049449856954699 0.26245601507157795 -0.017312000709356064 -0.032577672604407408 -0.027758269377802177 -0.027221665495718635 -0.031453464626615406 -0.034321490035760675 -0.020756014565235011 -0.030384470516343128 -0.023371909944973176 0.015596534826129329 -0.024432196266014335 -0.0094650646857511438 -0.010991010281678202 -0.022774529549814956 -0.13532199000438486 -0.016935534775352808 -0.0099910408322680926 0.00097851086285993837 0.0086942135082223055 0.0041960795209391452 0.01466553224775591 -0.001437784202310832
decision_type=10 2 2 2 2 2 2 2 2 2 2 2 2 2 2 2 2 2 2 2 2 2 2 2 2 2 2 2 2 2
left_child=1 2 3 -1 -4 -2 -5 8 -6 13 12 -12 29 14 15 17 -17 -10 27 20 21 -20 -23 -21 25 -16 -27 28 -13 -11
right_child=5 -3 4 6 7 -7 -8 -9 9 10 11 18 -14 -15 24 16 -18 -19 19 23 -22 22 -24 -25 -26 26 -28 -29 -30 -31
leaf_value=-0.00074934875768588414 0.00034256358636850463 4.4496038716622738e-05 -4.1897750619704443e-05 0.00052465761971749031 -0.0001797806857201754 -9.0783627381127181e-05 1.139095325789147e-06 0.00027718038840867618 5.3196076648043486e-05 -0.00022577314538627398 0.00053876233188756694 3.7634710786464259e-05 -0.00025143370867812136 0.0004812707538932458 -0.00016172347563310637 0.00056906967054127231 0.00010869841702468975 -0.00034238011088309761 0.00019052428957184282 0.00079325673885385906 0.00017660202367696988 0.00038795402554663938 -2.3618571141970513e-05 -1.5085720899105094e-05 9.7214493776014944e-05 0.00032305007279958257 -0.0002596844723102934 -0.00042651919798512963 -0.00024643147955870473 0.00056802853829685429
leaf_weight=66 1464 5556 3459 300 702 408 144 164 594 45 183 355 502 155 578 173 733 151 157 56 783 104 2186 29711 423 194 208 118 297 48
leaf_count=66 1464 5556 3459 300 702 408 144 164 594 45 183 355 502 155 578 173 733 151 157 56 783 104 2186 29711 423 194 208 118 297 48
internal_value=-0.00011646 -0.000263267 -0.00051363 0.00598039 -0.000592338 0.00365919 0.00867117 -0.000400052 -0.000438163 -0.000328442 -0.000517441 -0.000365243 -0.00920168 0.00170614 0.00109692 0.00367959 0.00733996 -0.000771812 -0.000431634 -0.000305331 0.0021517 0.000439313 -0.000327511 -0.000571942 -0.00194227 -0.00443878 0.0011194 -0.00584416 -0.00368098 0.00564516
internal_weight=50017 48145 42589 510 42079 1872 444 38620 38456 37754 34545 33950 595 3209 3054 1651 906 745 33767 32997 3230 2447 2290 29767 1403 980 402 770 652 93
internal_count=50017 48145 42589 510 42079 1872 444 38620 38456 37754 34545 33950 595 3209 3054 1651 906 745 33767 32997 3230 2447 2290 29767 1403 980 402 770 652 93
is_linear=0
shrinkage=0.05


Tree=54
num_leaves=31
num_cat=0
split_feature=13 12 14 13 12 12 16 10 10 15 15 11 12 12 8 12 14 9 15 13 15 13 16 12 14 15 10 10 11 16
split_gain=10.3924 9.45609 14.465 8.82846 16.0674 15.808 14.4256 21.3591 17.498 15.3292 22.4521 20.3386 23.6272 13.1303 20.3944 20.0876 18.297 15.0175 14.7021 14.5575 17.2166 14.3673 14.0208 13.0825 12.3964 12.3692 12.6783 12.5127 16.8365 12.2752
threshold=49.655000686645515 0.10123020179199861 -0.042495657697534488 16.510000228881839 -0.0082551652511544376 -0.0054605292938276753 -0.023591607552593315 -0.007321192598677361 -0.0031453282484929508 -0.0034747694163764216 -0.0024772069896298872 0.01199540999330473 0.03275596351688493 -0.013469657386432075 inf -0.015853080145958594 -0.071225645536492452 0.23956375675545319 -0.020213503012781627 16.935000419616703 0.0095217832764519245 17.125000000000004 0.0042161152925834786 0.092854768976221705 -0.007258231789176727 0.037855542406651572 0.014545936349149692 0.0096673329469677566 0.0060643629866489199 -0.0083174758054808656
decision_type=2 2 2 2 2 2 2 2 2 2 2 2 2 2 8 2 2 8 2 2 2 2 2 2 2 2 2 2 2 2
left_child=1 3 -3 4 -1 24 -7 29 -9 11 -11 -10 -13 15 18 17 -16 21 -15 -19 -21 -5 -22 -12 -6 26 27 -20 -29 -8
right_child=-2 2 -4 13 5 6 7 8 9 10 23 12 -14 14 16 -17 -18 19 25 20 22 -23 -24 -25 -26 -27 -28 28 -30 -31
leaf_value=0.0001240600270596701 0.0022301862262598562 0.00042329523999146709 -0.00018118398341892059 0.00039400975505182598 0.00016359362816083863 -0.00012883523530764337 3.1834061513946613e-05 -0.00011588868432878805 0.00022671478912804816 -0.00019746929726678327 -1.3562850138924225e-05 0.00010566672256918455 -0.00035517387255610492 0.0002081206953671807 0.00080541782700070457 -0.00039008092511791229 -0.00020009457913594184 -0.0001941633925755723 2.8659590133481644e-05 0.00014345840526833187 0.00019026639642066411 -6.7952593459962978e-05 -0.00016177440084021548 0.00067784889675535128 -0.00047218787725085198 0.00057679257530287176 -0.00014198922524675798 0.00043652965217891819 6.7036672542552207e-05 0.00028764785500737022
leaf_weight=1203 66 68 666 109 63 1718 376 2053 1159 699 15580 472 301 1344 62 255 972 191 11921 2108 240 5303 519 65 247 200 473 356 924 421
leaf_count=1203 66 68 666 109 63 1718 376 2053 1159 699 15580 472 301 1344 62 255 972 191 11921 2108 240 5303 519 65 247 200 473 356 924 421
internal_value=-0.00013065 -0.000156787 -0.00579019 -7.2972e-05 -0.000750298 -0.00104302 -0.000890825 -0.000532519 -0.000847312 -0.000355658 -0.000853524 0.00385611 -0.00242561 0.000587541 0.00142752 -0.000977077 -0.0053675 -0.000560803 0.00188921 0.00224003 0.00313045 -0.00214339 -0.00332675 -0.000461809 -0.0122581 0.00140551 0.00122495 0.00151314 0.00621094 0.00749686
internal_weight=50134 50068 734 49334 24357 23154 22844 21126 20329 18276 16344 1932 773 24977 16252 8725 1034 8470 15218 3058 2867 5412 759 15645 310 13874 13674 13201 1280 797
internal_count=50134 50068 734 49334 24357 23154 22844 21126 20329 18276 16344 1932 773 24977 16252 8725 1034 8470 15218 3058 2867 5412 759 15645 310 13874 13674 13201 1280 797
is_linear=0
shrinkage=0.05


Tree=55
num_leaves=31
num_cat=0
split_feature=4 6 16 16 10 8 16 12 8 16 16 16 4 16 2 12 10 10 10 14 10 10 15 3 15 16 14 15 16 16
split_gain=9.43389 7.74189 7.58378 6.28645 10.5148 9.68917 6.1918 9.35849 12.4681 5.7289 7.05449 7.98658 5.2101 4.91519 4.72282 6.28699 7.61391 15.3241 5.63521 11.5017 8.76394 8.04228 7.95536 7.16919 5.92062 5.6922 5.52301 7.63587 7.23674 6.74157
threshold=0.065232078708923114 -0.19139860994357463 -0.08949168498243619 0.043520562271840875 9.4848672244407531e-05 -0.23768177886886624 0.034945768918470684 0.086474140948455194 -0.27641839579916333 0.04954323388425997 0.054748975145843322 0.065852244975053945 0.040738229418893393 0.09435695295708503 0.12174458238858522 0.015760986994464269 -0.0064885542336663984 -0.0048905857364926466 0.0086043784321214751 -0.04841526643133464 0.013844778774777857 0.0018426398432722648 0.019132937846716661 -0.0024400255006596923 0.013242945444064571 -0.012416833638613177 -0.03443408845307621 0.0015577892798299688 0.00081975429508929231 -0.0096744418551133454
decision_type=2 2 2 2 2 10 2 2 10 2 2 2 2 2 2 2 2 2 2 2 2 2 2 2 2 2 2 2 2 2
left_child=1 -1 -2 6 -5 -6 12 8 -8 -7 -11 -12 14 -4 15 18 -17 -18 19 21 22 -3 23 -20 -25 -22 27 -19 -29 -28
right_child=2 3 13 4 5 9 7 -9 -10 10 11 -13 -14 -15 -16 16 17 26 20 -21 25 -23 -24 24 -26 -27 29 28 -30 -31
leaf_value=-2.1614690257111417e-05 0.0019924140511251086 6.3413982365366243e-05 0.00023371732575745032 0.00030651392961919034 -0.00042563140628481649 0.00022021022420171929 0.00099179356154575015 -0.00040696913212032106 -6.4942557473125214e-05 -0.00012976602805632158 0.00017771178569756148 -2.7649038079897992e-05 0.00010776755530486002 -0.00050082387630535387 5.2015240977702944e-05 6.0192011952724898e-05 -0.00026796530037635394 0.00018259227579238023 -0.0001534150971002916 2.3299122133709157e-05 0.00013185525286584494 -0.00020637102136615278 0.00055466352727860516 8.4232539492779937e-06 0.00030668328304852481 -0.00015246460398974398 5.835700746049471e-05 -0.00012489330267011868 3.1314720304844672e-05 -7.1822803607588667e-05
leaf_weight=24845 67 123 1855 400 102 543 56 123 1592 320 585 732 3159 52 2057 933 408 308 112 4806 126 491 149 182 260 263 594 494 956 3429
leaf_count=24845 67 123 1855 400 102 543 56 123 1592 320 585 732 3159 52 2057 933 408 308 112 4806 126 491 149 182 260 263 594 494 956 3429
internal_value=-0.000145645 -0.000284539 0.00324215 0.000370124 0.00264728 0.00133655 7.39537e-05 -0.00275268 -0.00175971 0.00204128 0.000565058 0.00218299 0.000339523 0.00266125 -3.34587e-05 -0.000370398 -0.00139708 -0.00203183 0.000752457 9.22509e-05 0.0040293 -0.00635179 0.00736131 0.00460289 0.00746606 -0.00199229 -0.00137087 0.000967008 -0.000551724 -0.00239249
internal_weight=50122 48148 1974 23303 2682 2282 20621 1771 1648 2180 1637 1317 18850 1907 15691 13634 7122 6189 6512 5420 1092 614 703 554 442 389 5781 1758 1450 4023
internal_count=50122 48148 1974 23303 2682 2282 20621 1771 1648 2180 1637 1317 18850 1907 15691 13634 7122 6189 6512 5420 1092 614 703 554 442 389 5781 1758 1450 4023
is_linear=0
shrinkage=0.05


Tree=56
num_leaves=31
num_cat=0
split_feature=6 11 10 10 10 10 10 10 9 11 9 13 10 11 13 10 14 14 14 14 0 15 10 13 3 5 3 14 10 13
split_gain=10.1873 9.03856 16.2259 21.6727 15.1798 12.0118 12.2982 17.1493 10.9244 10.3368 12.0605 20.1154 10.8938 10.8607 13.2309 10.4509 9.55876 14.7096 9.01869 8.74429 8.0128 7.69472 7.45546 7.4343 7.29852 7.05176 6.7063 6.68113 6.52352 7.55526
threshold=1.8386381594357786 -0.017068850621732742 0.0040968178286348031 0.0059756471813912091 -0.001437784202310832 -0.0020657822926501974 -0.007321192598677361 -0.010112209824456707 0.34225594588068925 -0.012367016297633369 inf 17.994999885559086 -0.016935534775352808 -0.0086755186195080474 23.694999694824222 0.00097851086285993837 0.005094684764536229 0.018374042720191389 0.054990673733496538 0.15245074482965074 0.026242554885755446 0.001088175782836154 -0.015449557438202309 20.555000305175785 0.019350192159852789 0.010191069890508645 0.0079272464659379 -0.033482886717690945 0.015021993582677752 16.894999504089359
decision_type=2 2 2 2 2 2 2 2 10 2 8 2 2 2 2 2 2 2 2 2 2 2 2 2 2 2 2 2 2 2
left_child=1 2 4 -4 5 6 7 8 24 10 11 -3 -11 14 16 -13 23 -18 -9 25 -16 -7 -21 28 -1 -15 -5 -6 29 -14
right_child=-2 9 3 26 27 21 -8 18 -10 12 -12 15 13 19 20 -17 17 -19 -20 22 -22 -23 -24 -25 -26 -27 -28 -29 -30 -31
leaf_value=1.7807249400780908e-05 7.0856047010374543e-05 0.00018191945283288583 -0.0004308802395416745 -7.5748163760024469e-05 0.00042772090627670535 -0.00037264409057491599 0.00017736794550213429 1.7287830259065697e-05 0.00085964628168095974 0.00085410572840350718 -0.00024103851389973999 -0.00022138645014507579 9.1422222349570823e-05 -4.3092322426573593e-05 -0.00044717962576093848 4.413613422040424e-05 -0.00021277592875654783 8.3348411545245598e-05 -0.00036332499579791954 -8.5955424973667693e-05 0.00037418454922963313 6.3892597590282674e-06 0.00034771206906424864 -1.6932790062495518e-05 0.00072388926873975551 -1.4167828802916314e-05 0.00022406093163974299 0.00013384449482327352 -7.0362306917264025e-05 0.00040541329363863389
leaf_weight=2078 3947 346 289 478 229 168 1149 159 152 60 399 744 338 2891 139 393 183 924 292 58 41 166 185 246 94 32583 330 536 101 436
leaf_count=2078 3947 346 289 478 229 168 1149 159 152 60 399 744 338 2891 139 393 183 924 292 58 41 166 185 246 94 32583 330 536 101 436
internal_value=-0.000151594 -0.00035995 0.00142974 -0.00407931 0.00263289 0.00146783 0.00224261 0.000441441 0.00217298 -0.000633314 -0.0042508 -0.00217465 -0.000455022 -0.000488525 0.00276163 -0.00538698 0.00381508 0.000519422 -0.00848115 -0.000707646 -0.0102778 -0.00763473 0.00874486 0.00706958 0.00126611 -0.000772397 0.000123762 0.00911765 0.00922857 0.0107881
internal_weight=50134 46187 6120 1097 5023 4258 3924 2775 2324 40067 1882 1483 38185 38125 2408 1137 2228 1107 451 35717 180 334 243 1121 2172 35474 808 765 875 774
internal_count=50134 46187 6120 1097 5023 4258 3924 2775 2324 40067 1882 1483 38185 38125 2408 1137 2228 1107 451 35717 180 334 243 1121 2172 35474 808 765 875 774
is_linear=0
shrinkage=0.05


Tree=57
num_leaves=31
num_cat=0
split_feature=5 16 6 13 10 0 13 11 16 10 10 10 5 2 15 5 16 10 11 11 4 7 13 13 13 16 13 16 11 16
split_gain=10.5909 7.47887 6.56334 4.70031 8.63974 13.3174 7.6213 5.52041 6.8742 4.86891 8.09834 6.93914 5.51845 4.32842 4.27636 4.2563 4.24261 5.85377 4.43833 7.27588 4.16592 4.05684 4.23179 3.81678 8.5553 12.055 7.85175 6.90594 19.6518 16.1793
threshold=0.028293645513648744 -0.062773911532458856 -0.065522234942652482 28.970000267028812 0.017102322993862277 0.055925978238263847 27.070000648498539 0.044463646975978717 0.088156137015810723 0.010083294918881049 0.023991459337660673 0.0098339065977474122 0.04653012058120249 -0.092357268286784408 0.022105603645886988 0.0093815087702005008 0.04101999171987037 0.0011530196642344228 0.022655260909184464 0.021459782264152908 0.059683129979068772 -0.059444944924157354 27.855000495910648 19.010000228881839 18.510000228881839 -0.043074199358928138 18.444999694824222 0.015172735858318355 -0.0019312453480846423 -0.00415439487512853
decision_type=2 2 2 2 2 2 2 2 2 2 2 2 2 2 2 2 2 2 2 2 2 2 2 2 2 2 2 2 2 2
left_child=2 -2 14 6 13 -6 7 9 -9 11 -11 12 16 -5 15 -1 18 -18 19 -3 -8 -17 23 24 26 -26 -23 28 -25 -30
right_child=1 3 -4 4 5 -7 20 8 -10 10 -12 -13 -14 -15 -16 21 17 -19 -20 -21 -22 22 -24 27 25 -27 -28 -29 29 -31
leaf_value=-4.5431924887134882e-05 0.00092259916681277851 5.6114243918367612e-05 6.7476508700258477e-06 -0.00035567359718469724 0.00064325269587738986 -0.00062885480561662385 0.00012752800449820713 -0.00036419643411766934 0.0002749311685532997 -0.00015368192925070795 0.0010249054562167458 0.0010129680669610818 0.00060679730290569961 -3.4845500103140116e-05 -0.00011938282578903304 -7.6438757098157417e-05 0.00050571143118604037 6.5311756877935257e-05 -0.0003008136636617501 0.00058356410973819538 0.001195250822949856 -1.3859641506080989e-05 -0.00014531403167660626 3.878282383629776e-05 0.00047640580368253811 -0.00016689459302887609 0.00022408940796697399 9.3207768151602755e-05 0.00023042525184513126 -0.00030749390917760727
leaf_weight=1231 209 3157 18770 183 91 41 44 189 68 593 45 54 453 122 738 1606 240 298 150 68 89 16039 139 2636 44 687 113 1213 104 470
leaf_count=1231 209 3157 18770 183 91 41 44 189 68 593 45 54 453 122 738 1606 240 298 150 68 89 16039 139 2636 44 687 113 1213 104 470
internal_value=-0.000123286 0.00182967 -0.000395067 0.00149958 -0.0034897 0.00719697 0.00189978 0.00160395 -0.00554475 0.00196718 -0.00211599 0.00255656 0.00233623 -0.00811475 -0.00092526 -0.000811301 0.00173141 0.00585502 0.00107407 0.00146512 0.0137218 -0.000658323 -0.000476801 -0.000420069 -0.000762601 -0.00605335 -0.000523155 0.000887407 -0.000327103 -0.0087108
internal_weight=49884 6094 43790 5885 437 132 5448 5315 257 5058 638 4420 4366 305 25020 24282 3913 538 3375 3225 133 23051 21445 21306 16883 731 16152 4423 3210 574
internal_count=49884 6094 43790 5885 437 132 5448 5315 257 5058 638 4420 4366 305 25020 24282 3913 538 3375 3225 133 23051 21445 21306 16883 731 16152 4423 3210 574
is_linear=0
shrinkage=0.05


Tree=58
num_leaves=31
num_cat=0
split_feature=13 6 9 11 14 10 12 11 11 14 11 15 15 11 10 12 14 14 11 10 15 10 12 14 13 10 13 11 10 13
split_gain=8.8919 8.67748 7.03378 6.63672 5.91976 4.40459 17.3499 7.25976 7.61836 9.92756 7.22953 7.15979 11.0996 8.72978 8.02612 13.8744 9.82375 6.77196 7.95644 6.76958 6.65478 6.59379 8.20326 6.81944 6.35749 5.84091 7.10626 7.36851 8.38531 5.37413
threshold=49.655000686645515 1.8386381594357786 0.19823652977830877 -0.014346854625401638 -0.16769008837329388 0.0015949691897426679 0.062788552899160646 -0.011429268480369846 -0.010150080872612098 0.0071322940265206034 0.027231962502118127 -0.004598465161185227 -0.0070789920202545256 -0.0034482650078786477 -0.006182849640274656 0.01698171514572289 0.01595765242020886 -0.00071597997566119609 0.01794609601545705 -0.0020657822926501974 -0.012190473812972001 0.0023793811070187414 0.057873618969341407 -0.0051066036826416519 15.944999694824221 -0.0010410794067141624 17.154999732971195 0.019998306186617913 0.00063379839939814453 17.695000648498539
decision_type=2 2 10 2 2 2 2 2 2 2 2 2 2 2 2 2 2 2 2 2 2 2 2 2 2 2 2 2 2 2
left_child=1 2 -1 -4 -5 6 7 -6 -9 17 11 12 14 -14 24 20 -17 19 -19 -10 -16 22 23 -7 -11 -13 27 28 -27 -21
right_child=-2 -3 3 4 5 21 -8 8 9 10 -12 25 13 -15 15 16 -18 18 -20 29 -22 -23 -24 -25 -26 26 -28 -29 -30 -31
leaf_value=-1.4992361182429539e-05 0.0021519916641523479 6.4608899992209002e-05 0.00022023973720740149 0.00065734011536218223 -0.00042606688301901892 -0.00020135632299478641 0.00045950051929833491 0.0005084865896566957 -0.00017728940456656394 0.0003606556278341275 0.00023011123384960794 -0.00027807672375764918 -0.00016507641300549528 0.00038722988547068479 -0.00028601195926505202 0.00018034268457837901 -0.00044071135882803005 0.0003339977080956773 -0.00019739905980281129 0.00013780322111900121 0.00071165677206870472 -2.110403802389662e-06 -0.0012613871760621155 0.00047231175160417327 -8.8369104448939034e-05 0.00044243285571690731 -0.00064592209655357921 -0.00049420809314844154 -9.5576212926211772e-05 -0.00011063770330261057
leaf_weight=36738 63 3911 856 61 114 366 321 109 240 181 124 459 59 167 64 40 262 319 46 681 91 3911 61 65 241 138 62 48 152 142
leaf_count=36738 63 3911 856 61 114 366 321 109 240 181 124 459 59 167 64 40 262 319 46 681 91 3911 61 65 241 138 62 48 152 142
internal_value=-0.000121776 -0.000145416 -0.000337179 0.000884861 0.000463397 0.00035153 0.00153941 0.000581706 0.000972414 0.000568828 -0.00162835 -0.00236762 0.000294118 0.010177 -0.00224687 -0.00683807 -0.0130795 0.00378151 0.00965753 0.00176388 0.00532258 -0.000743811 -0.00619919 -0.0037703 0.00272512 -0.00579162 -0.001375 0.00147929 0.00448276 0.00391859
internal_weight=50092 50029 46118 9380 8524 8463 4060 3739 3625 3516 2088 1964 1105 226 879 457 302 1428 365 1063 155 4403 492 431 422 859 400 338 290 823
internal_count=50092 50029 46118 9380 8524 8463 4060 3739 3625 3516 2088 1964 1105 226 879 457 302 1428 365 1063 155 4403 492 431 422 859 400 338 290 823
is_linear=0
shrinkage=0.05


Tree=59
num_leaves=31
num_cat=0
split_feature=12 14 13 9 13 15 13 12 15 16 12 13 16 16 15 8 13 13 12 13 13 14 14 13 13 12 12 9 15 13
split_gain=10.0152 11.5566 8.03756 7.91449 7.36922 9.97831 8.09874 11.7213 7.50782 7.07667 6.88232 6.23322 5.86827 5.58068 5.56985 5.54287 11.0482 10.1384 10.5309 14.8783 14.3324 10.7373 8.01039 6.94975 6.37952 14.9566 14.0023 14.2664 14.6807 13.6661
threshold=0.10123020179199861 -0.042495657697534488 49.655000686645515 0.2572423203614454 16.085000038146976 0.0017888909441960978 17.164999961853031 0.088559011453246086 0.028434338000949414 -0.043074199358928138 0.062788552899160646 13.174999713897707 0.01023084708997324 0.005144736739167822 0.025334219844547316 inf 26.284999847412113 18.214999198913578 0.057354881634701156 19.72500038146973 20.335000038146976 -0.033482886717690945 0.054990673733496538 19.23499965667725 16.469999313354496 -0.013469657386432075 -0.024129898343469899 -0.37885284831785948 0.010647678260125805 16.954999923706058
decision_type=2 2 2 10 2 2 2 2 2 2 2 2 2 2 2 8 2 2 2 2 2 2 2 2 2 2 2 10 2 2
left_child=2 -2 3 15 11 10 12 8 9 -8 13 -5 -7 -6 -11 24 17 -17 19 23 -21 -22 -23 -19 -1 26 27 28 29 -26
right_child=1 -3 -4 4 5 6 7 -9 -10 14 -12 -13 -14 -15 -16 16 -18 18 -20 20 21 22 -24 -25 25 -27 -28 -29 -30 -31
leaf_value=-1.795934555080133e-05 0.00049827093014178411 -0.00017677761720739151 0.0020955697758243135 0.00010605823224005417 0.00032442258949214563 0.00039370291638303489 0.00072033469873053577 0.0010950660550026435 0.00062447310959407314 -0.00018192622933172416 0.00063705770227292255 -5.0404843915806845e-05 6.3833115078285629e-05 9.8782624914117371e-06 -0.0011085816567490356 0.00058374748613655378 0.00034472361707565778 -1.2384420944787237e-05 -0.00040910985448669863 -0.00067499380995880666 -0.00051230819748705584 4.5779344949518998e-05 -0.00024222605639079601 0.00024736337165070181 -0.00012686193068018551 3.6991384267848077e-05 -0.00012439307707667836 -4.812480264456041e-05 -8.5892815720516792e-05 0.00017137788060843349
leaf_weight=19750 58 675 66 1184 1004 211 48 68 89 958 149 2575 468 453 43 84 70 247 234 120 125 423 237 229 129 13042 1527 4382 319 1117
leaf_count=19750 58 675 66 1184 1004 211 48 68 89 958 149 2575 468 453 43 84 70 247 234 120 125 423 237 229 129 13042 1527 4382 319 1117
internal_value=-9.8834e-05 -0.00590041 -1.26644e-05 -3.6015e-05 0.00148966 0.0031438 0.000676393 -0.00178275 -0.0029877 -0.00417064 0.00603985 -4.65549e-05 0.00504418 0.00499314 -0.00506993 -0.000299155 -0.00303844 -0.00384049 -0.00472136 -0.00305938 -0.0068232 -0.00436306 -0.00181818 0.00409664 -0.000178811 0.000438682 -0.00134466 -0.000248024 0.00384984 0.00630016
internal_weight=50084 733 49351 49285 7250 3491 1885 1206 1138 1049 1606 3759 679 1457 1001 42035 1769 1699 1615 1381 905 785 660 476 40266 20516 7474 5947 1565 1246
internal_count=50084 733 49351 49285 7250 3491 1885 1206 1138 1049 1606 3759 679 1457 1001 42035 1769 1699 1615 1381 905 785 660 476 40266 20516 7474 5947 1565 1246
is_linear=0
shrinkage=0.05


Tree=60
num_leaves=31
num_cat=0
split_feature=4 12 10 10 11 15 10 12 12 13 13 13 14 10 10 13 12 12 12 10 11 9 8 13 10 11 7 15 13 11
split_gain=8.93662 6.97108 6.77236 17.5405 23.2772 12.8876 12.8604 9.69305 12.6005 11.1565 7.9002 13.3715 10.3214 10.2441 9.84926 11.1524 8.04246 13.7571 13.6497 12.4687 16.3797 15.7444 14.5396 7.81182 7.75825 8.66445 8.43852 8.66776 7.59252 7.55084
threshold=0.056651518685681773 -0.075828258528587975 0.013844778774777857 0.012020737458552368 0.014319946344864666 0.037855542406651572 0.018838465196602486 -0.062212447341067838 -0.05793872793170584 30.345000267028812 23.409999847412113 23.265000343322757 0.13795776446892064 -0.012508695077667052 -0.01645938155843862 22.330000877380375 0.10123020179199861 0.060736878271406176 0.061412549385283739 0.0022597993773114671 -0.0043480620197820499 0.72279285085727307 -0.070908821724930446 28.970000267028812 -0.001437784202310832 -0.020756014565235011 0.015835115955694982 0.0024147236971868717 18.94999980926514 0.031328768079461174
decision_type=2 2 2 2 2 2 2 2 2 2 2 2 2 2 2 2 2 2 2 2 2 8 10 2 2 2 2 2 2 2
left_child=2 -2 3 5 -5 7 -4 9 -9 23 11 12 14 -14 -10 16 17 -16 -19 20 -20 -21 -22 -1 26 -26 27 -12 -8 -6
right_child=1 -3 6 4 29 -7 28 8 10 -11 24 -13 13 -15 15 -17 -18 18 19 21 22 -23 -24 -25 25 -27 -28 -29 -30 -31
leaf_value=-0.0001930221382123238 0.00061613431992866771 0.00010107034201816637 -0.0001329820541459293 0.00037866697262170875 -0.00011168885334545286 0.00093327944895513844 0.00023315248863950275 0.00031054679016624703 0.00044938903836886241 9.5476221728111124e-05 0.00011492549582848535 -0.00085604177399516829 4.3187613563442937e-05 0.00033111180477745126 -1.5631509685466639e-05 -0.0002386756541803859 -0.00015420333894528121 0.00036401293552997975 -0.00056724821543474417 -0.00013880843557667326 -0.00036504455583420405 0.00073823868548032723 0.00025982183604418097 -0.00086528928382331944 0.00033386019759768534 9.0039325233645933e-05 -0.0001914986660751069 -0.00034454759836585058 -5.688762869058726e-05 0.00017701149254034307
leaf_weight=528 269 3056 1449 423 244 58 346 206 112 305 696 88 954 340 36086 217 521 167 54 688 97 100 1019 76 169 888 323 82 373 219
leaf_count=528 269 3056 1449 423 244 58 346 206 112 305 696 88 954 340 36086 217 521 167 54 688 97 100 1019 76 169 888 323 82 373 219
internal_value=-9.12209e-05 0.00241353 -0.00026907 -0.000136588 0.00682844 -0.000277562 -0.00299815 -0.000308811 -0.000200318 -0.00541804 -0.00025997 -0.000417254 -0.000374799 0.00401855 -0.00052034 -0.000562916 -0.000499587 -0.000415456 0.00349412 0.0023238 0.00559829 -0.00253807 0.00689964 -0.0093543 0.00268767 0.0057474 -0.000249773 0.00257069 0.00246871 -0.000917927
internal_weight=50153 3325 46828 44660 886 43774 2168 43716 42807 909 42601 40443 40355 1294 39061 38949 38732 38211 2125 1958 1170 788 1116 604 2158 1057 1101 778 719 463
internal_count=50153 3325 46828 44660 886 43774 2168 43716 42807 909 42601 40443 40355 1294 39061 38949 38732 38211 2125 1958 1170 788 1116 604 2158 1057 1101 778 719 463
is_linear=0
shrinkage=0.05


Tree=61
num_leaves=31
num_cat=0
split_feature=4 6 5 11 15 15 10 10 14 10 12 10 16 16 12 12 12 11 11 10 15 16 16 11 14 15 10 10 10 10
split_gain=8.48268 5.82631 7.13728 5.67163 4.58911 12.2092 9.94698 10.5749 9.24868 15.0357 13.1792 9.79876 7.78748 27.0784 13.8675 13.5996 12.116 15.5416 11.7975 10.8843 22.1541 23.3097 12.9896 21.5716 14.6907 11.9204 23.8137 17.2082 12.6795 15.1018
threshold=0.065232078708923114 0.63817091631985168 0.0096190213102832611 -0.055970662091911087 0.015759998124847189 0.014636150279945139 0.0025856466909506275 0.0077210004774342931 -0.086337752297859935 0.010510737947986739 -0.042339723299349867 0.0091813381816910917 0.0049913622652627563 0.0045491047267263171 0.049504532457416379 0.048426875368409401 0.058395968691513429 -0.019307177891106305 -0.0086755186195080474 0.00063379839939814453 0.0048295241380750262 0.017202817988670297 0.041754111928017819 0.019556764027941379 -0.016062326519559963 -0.0083203196679910146 -0.010705879931759586 -0.0012722764150241981 -0.0048173800930231261 -0.0028956048481962866
decision_type=2 2 2 2 2 2 2 2 2 2 2 2 2 2 2 2 2 2 2 2 2 2 2 2 2 2 2 2 2 2
left_child=1 2 -1 -2 5 8 -6 -8 9 10 11 -4 13 14 15 -10 17 -16 -18 22 21 -21 23 25 -25 26 -14 -28 -27 -30
right_child=3 -3 4 -5 6 -7 7 -9 12 -11 -12 -13 19 -15 16 -17 18 -19 -20 20 -22 -23 -24 24 -26 28 27 -29 29 -31
leaf_value=-4.4632415500765618e-05 0.0017008196459425723 1.8153939432170646e-05 -0.00028853115275693559 0.00018063461223454571 0.00084688256337926845 0.00015584546111898896 -0.00024106212619160526 -2.9855443031535728e-05 5.7664055662510432e-06 -0.00012685093381869581 0.00024944790328450039 0.00012523678638244295 0.00013045454433611081 0.00086289245786153209 0.00031745097227690606 0.00054140725051898808 -0.00038130403349451717 -0.00030842572768434982 8.1930171021596743e-05 -0.00025482699458877602 -1.0213218746302104e-05 -6.7713304686716158e-05 0.00014628106934166677 0.00033180610623834107 -0.00025432732759248427 0.00023960416924455834 -0.0003029686123453929 0.00030352069271299335 -0.00010907558345630391 5.5359078382994854e-05
leaf_weight=2007 66 10342 80 1899 47 749 587 3128 13862 286 710 71 478 187 78 92 115 442 495 1048 4968 2415 902 88 506 390 683 78 811 2541
leaf_count=2007 66 10342 80 1899 47 749 587 3128 13862 286 710 71 478 187 78 92 115 442 495 1048 4968 2415 902 88 506 390 683 78 811 2541
internal_value=-0.000204881 -0.000336197 -0.000623613 0.00301527 -0.000461116 -0.000267342 -0.00211324 -0.00240242 -0.000418183 0.00398867 0.00728804 -0.00612583 -0.000585672 0.00020791 -2.65182e-05 0.000404902 -0.00535398 -0.0109615 -0.00057377 -0.00139858 -0.00258273 -0.00565261 0.000142813 -0.000757848 -0.00976431 0.000316202 -0.00393462 -0.00942838 0.00172368 0.000730907
internal_weight=50151 48186 37844 1965 35837 32075 3762 3715 31326 1147 861 151 30179 15271 15084 13954 1130 520 610 14908 8431 3463 6477 5575 594 4981 1239 761 3742 3352
internal_count=50151 48186 37844 1965 35837 32075 3762 3715 31326 1147 861 151 30179 15271 15084 13954 1130 520 610 14908 8431 3463 6477 5575 594 4981 1239 761 3742 3352
is_linear=0
shrinkage=0.05


Tree=62
num_leaves=31
num_cat=0
split_feature=5 11 11 12 14 12 12 13 13 15 13 9 12 16 14 12 11 12 14 14 12 15 8 10 10 15 14 14 11 15
split_gain=5.89845 6.71234 6.62626 6.42882 7.67337 7.15512 16.0409 12.7112 9.96117 11.4002 16.8153 10.7384 8.50023 20.4479 20.0795 16.532 13.0866 11.0727 12.8284 11.6509 10.7394 8.60032 6.37077 6.01694 16.4247 10.6901 10.4343 15.0868 14.2874 11.1888
threshold=0.034614564230082606 0.022655260909184464 0.020793253578218044 0.10123020179199861 -0.042495657697534488 0.060736878271406176 0.061412549385283739 21.82499980926514 17.945000648498539 0.0022521864515802075 13.869999885559084 0.18307121584038302 0.04851916087108233 0.018018693302288783 0.048986719728816526 0.048426875368409401 -0.021243807178240256 0.058395968691513429 -0.041919346279260132 -0.025765440759432264 0.057354881634701156 0.011752675564564165 0.28150234746689135 0.0091813381816910917 0.009431747271499093 0.037855542406651572 -0.073050802278400592 -0.036136320679139293 -0.011586998354799647 0.028434338000949414
decision_type=2 2 2 2 2 2 2 2 2 2 2 10 2 2 2 2 2 2 2 2 2 2 8 2 2 2 2 2 2 2
left_child=3 2 -2 5 -5 12 -7 8 9 -8 -11 22 15 16 21 23 -14 19 -19 20 -18 -15 -10 25 -25 -1 -26 28 -28 -30
right_child=1 -3 -4 4 -6 6 7 -9 11 10 -12 -13 13 14 -16 -17 17 18 -20 -21 -22 -23 -24 24 26 -27 27 -29 29 -31
leaf_value=-1.2844112099163855e-05 0.00021232369280536954 -8.1709402526928063e-05 0.00092823870340874657 0.00027101102354108703 -0.00015087875397828306 0.00034337288093995552 0.00024027114744568621 0.001925884117252372 -4.6429564246546885e-05 -0.00020487978982251283 0.00012378435663892552 0.00024469128145082169 0.00040074687438239386 3.7216916501881404e-05 0.00031322097473879403 0.0004382204649789256 8.3712216633003054e-05 -0.00025477093713510772 0.0002512621042092656 -0.00028483514083271864 -0.00046475138965225036 -0.00011885251342939451 -0.00034770002501410238 0.00040393136558700956 -4.0525116425795507e-05 0.0007825253375966317 -0.00053804032214847624 -5.0270171745772468e-05 0.00021828417885937752 -5.188920894600418e-05
leaf_weight=35500 2023 665 63 44 577 180 478 63 822 178 670 193 53 694 231 182 245 123 188 822 113 517 179 351 2494 59 57 879 1273 281
leaf_count=35500 2023 665 63 44 577 180 478 63 822 178 670 193 53 694 231 182 245 123 188 822 113 517 179 351 2494 59 57 879 1273 281
internal_value=-0.000169831 0.00208106 0.00347555 -0.000300341 -0.00535427 -0.000233316 0.00223489 0.00122919 0.000674603 0.00365762 0.000176887 -0.00263819 -0.00038809 -0.00296383 0.00131761 -0.000200847 -0.00696244 -0.00783032 0.000562701 -0.0100424 -0.00251397 -0.00125929 -0.00472028 -0.000267765 0.00129803 -0.000502686 0.000561798 0.00285141 0.00572626 0.00662806
internal_weight=50197 2751 2086 47446 621 46825 2763 2583 2520 1326 848 1194 44062 2986 1442 41076 1544 1491 311 1180 358 1211 1001 40894 5335 35559 4984 2490 1611 1554
internal_count=50197 2751 2086 47446 621 46825 2763 2583 2520 1326 848 1194 44062 2986 1442 41076 1544 1491 311 1180 358 1211 1001 40894 5335 35559 4984 2490 1611 1554
is_linear=0
shrinkage=0.05


Tree=63
num_leaves=31
num_cat=0
split_feature=6 11 15 14 10 10 10 11 10 5 8 4 10 11 15 8 3 14 14 14 3 7 11 15 13 14 13 15 15 14
split_gain=8.13136 8.44438 12.1357 11.6869 12.4589 10.472 7.45143 8.63048 7.98575 7.1524 6.74934 6.00052 5.91409 5.80878 5.65836 5.63791 7.48519 8.40683 7.31382 14.3448 5.63788 5.40728 5.30612 5.13073 10.4959 9.12099 8.08462 7.63011 7.58789 7.03383
threshold=-0.56089778445425531 0.019556764027941379 0.0038745792275354245 0.054359057666468209 0.0051414850262681009 0.0034066774365857371 0.0039560273734108318 0.027231962502118127 0.0073562807386337034 0.029585977849018945 0.059189497320249369 0.037586629186276733 0.06903334451863076 0.019179082572346465 0.037855542406651572 -0.23768177886886624 0.0031335088890341871 -0.044507707542247747 -0.0062634959442488527 0.072256211824153885 -0.0020681924351890753 -0.1235208285322885 -0.010150080872612098 0.002661722857901561 26.494999885559086 0.08366532037956588 27.365000724792484 0.0026193076940523867 0.0028508252936871874 -0.068623004427642229
decision_type=2 2 2 2 2 2 2 2 2 2 10 2 2 2 2 10 2 2 2 2 2 2 2 2 2 2 2 2 2 2
left_child=1 13 3 4 -3 11 -7 8 -8 15 -10 -4 14 23 21 16 17 -2 22 -20 -5 -11 -19 26 25 28 27 29 -25 -1
right_child=9 2 5 20 -6 6 7 -9 10 12 -12 -13 -14 -15 -16 -17 -18 18 19 -21 -22 -23 -24 24 -26 -27 -28 -29 -30 -31
leaf_value=0.00028602282217713674 0.0002224445192230873 -0.00019135345703386156 1.8843121873434029e-05 0.00027977702353975867 7.7959913108629022e-05 -0.00023806552194943973 0.00034535629787439188 -0.0001299523377960584 6.7830504160807889e-05 0.00045910902310351311 -0.00020913111881663092 0.0008420562632675384 -0.00061514422577574129 0.00029891932195582515 0.0017610836753938757 3.1951801969811205e-06 -0.00023794538219853369 0.00010280553000271056 0.0002124342136740596 -0.00025884316810287599 -9.9057652700017959e-05 0.00010467630037053521 -0.00030591587875400308 -0.00043327157738256889 0.00050645497105254874 0.00029375031911311371 -0.00022478500808961396 0.00030840088295182294 -4.5764577602696064e-05 3.4682112131588161e-06
leaf_weight=86 146 970 197 66 142 93 154 552 186 345 141 117 41 68 44 30028 396 53 242 191 44 2990 233 139 74 84 255 107 5299 6636
leaf_count=86 146 970 197 66 142 93 154 552 186 345 141 117 41 68 44 30028 396 53 242 191 44 2990 233 139 74 84 255 107 5299 6636
internal_value=-0.000183064 -0.00113887 -0.00370023 -0.00736498 -0.00890288 -0.000590278 -0.00284192 -0.00162149 0.00327443 0.000241292 -0.00114679 0.00748408 0.00241228 -0.000604016 0.00264131 3.99501e-06 -0.00327121 -0.00066474 -0.00288595 0.00121247 0.00818182 0.0024063 -0.00909091 -0.000682177 -0.0018138 -0.00206447 0.000211745 0.000538146 -0.00231703 0.000327284
internal_weight=50119 15410 2662 1222 1112 1440 1126 1033 481 34709 327 314 3420 12748 3379 31289 1261 865 719 433 110 3335 286 12680 5596 5522 7084 6829 5438 6722
internal_count=50119 15410 2662 1222 1112 1440 1126 1033 481 34709 327 314 3420 12748 3379 31289 1261 865 719 433 110 3335 286 12680 5596 5522 7084 6829 5438 6722
is_linear=0
shrinkage=0.05


Tree=64
num_leaves=31
num_cat=0
split_feature=4 13 9 11 11 15 15 10 11 15 16 10 14 16 14 14 12 16 3 9 13 13 10 13 11 16 14 12 14 13
split_gain=7.31744 6.81657 5.73057 5.89304 5.35039 5.32958 15.5078 15.0262 14.4631 14.0929 13.3016 16.499 18.5868 16.3709 14.5033 25.331 17.1091 22.6048 15.8751 15.831 12.819 17.758 12.7684 12.4256 13.8908 13.124 12.2665 17.7726 13.4368 14.9926
threshold=0.017642792077320675 49.655000686645515 0.68063528343894331 -0.015698134800596782 0.057592534540540592 0.007973810356084356 0.0089379374978648691 0.0058855718957657741 0.0021655694557776166 0.0071547374657654492 0.0049913622652627563 0.0014914798272115395 -0.051673805703282331 0.0045491047267263171 0.039048416537089688 0.07643058808250093 0.10731202878077185 0.013475464918495718 0.00032022559085254093 0.68063528343894331 14.824999809265138 15.355000019073488 0.0014013847331743048 13.525000095367433 -0.0066597624727158236 0.051403326628023834 -0.073802250117532039 0.0020578484903100995 -0.0051066036826416519 12.84500026702881
decision_type=2 2 10 2 2 2 2 2 2 2 2 2 2 2 2 2 2 2 2 8 2 2 2 2 2 2 2 2 2 2
left_child=-1 2 4 -4 5 7 8 10 -7 20 11 13 -13 22 19 16 17 18 -16 26 -9 -22 -2 -21 -25 -26 -12 -28 29 -29
right_child=1 -3 3 -5 -6 6 -8 9 -10 -11 14 12 -14 -15 15 -17 -18 -19 -20 23 21 -23 -24 24 25 -27 27 28 -30 -31
leaf_value=-2.5352617901134702e-05 3.9462892408223798e-06 0.0019344145306906106 0.0011217521834878176 0.00015465848697312256 -0.0001291648893568507 -9.3903590998907147e-05 9.6800881068248506e-06 -0.00018987955155616614 0.00025021264204613938 -0.0014137699323670252 0.00037155782054881136 -8.3284417921514463e-05 0.0001762915244218282 0.00088633969726328594 -0.00026031388352670126 -0.00010842689452669995 -0.00018835010915946499 0.00032094018256104698 0.00038825146787249248 0.00030769283939104884 0.00046175399881454764 -6.8518086578180874e-05 -0.00063177242282491533 0.00054589417454108818 -0.0002412836585322981 0.00011376762717019793 -0.00024667592271642211 9.8920851831287197e-05 3.4936829462866487e-05 -9.5972722932787752e-05
leaf_weight=5547 13644 61 138 1252 242 312 11540 646 906 99 174 433 1814 159 227 1167 180 1155 139 141 149 1045 62 49 1266 95 673 735 2977 3079
leaf_count=5547 13644 61 138 1252 242 312 11540 646 906 99 174 433 1814 159 227 1167 180 1155 139 141 149 1045 62 49 1266 95 673 735 2977 3079
internal_value=-0.000112761 0.000100429 7.75316e-05 0.00323741 -2.43574e-05 1.74964e-05 0.000873961 -0.000345423 0.00623974 -0.00460289 -5.23625e-05 0.000887537 0.00486204 0.000243419 -0.00130837 0.00179568 0.00568783 0.00741289 -0.0034153 -0.00227718 -0.00361413 -0.000544389 5.83686e-05 -0.00688266 -0.00829787 -0.00923953 -0.00134197 -0.00164791 -0.000879841 -0.00284478
internal_weight=50106 44559 44498 1390 43108 42866 12758 30108 1218 1939 28169 16112 2247 13865 12057 2868 1701 1521 366 9189 1840 1194 13706 1551 1410 1361 7638 7464 6791 3814
internal_count=50106 44559 44498 1390 43108 42866 12758 30108 1218 1939 28169 16112 2247 13865 12057 2868 1701 1521 366 9189 1840 1194 13706 1551 1410 1361 7638 7464 6791 3814
is_linear=0
shrinkage=0.05


Tree=65
num_leaves=31
num_cat=0
split_feature=9 11 8 13 13 12 13 13 14 14 14 14 12 13 16 11 11 12 14 10 14 10 16 14 13 11 10 11 12 11
split_gain=7.22041 7.79416 5.92619 10.6813 10.2325 6.85715 17.0889 13.2609 9.2629 6.9834 6.18651 35.4133 13.6099 9.85927 10.9679 10.3481 12.3253 11.89 9.73898 9.16914 8.37726 7.60092 7.4693 7.21637 7.98979 6.72172 6.51243 6.02552 5.90155 10.5646
threshold=0.56800152184612407 -0.014346854625401638 inf 26.494999885559086 18.214999198913578 0.057354881634701156 19.72500038146973 20.335000038146976 -0.033482886717690945 0.054990673733496538 0.08366532037956588 0.081923980519954323 0.02697009064661449 18.595000267028812 -0.018082775062652375 -0.0036909046216437309 -0.017068850621732742 -0.0067438381246153192 0.10333272396106032 -0.01645938155843862 0.10333272396106032 -0.015449557438202309 0.0016562601964525971 0.12545643875506987 25.010000228881839 0.011695310622020451 -0.0059829775595550685 -0.013165495067365194 -0.067575688865902969 -0.040606283895635913
decision_type=10 2 8 2 2 2 2 2 2 2 2 2 2 2 2 2 2 2 2 2 2 2 2 2 2 2 2 2 2 2
left_child=2 -2 10 4 -4 6 -6 -8 -9 -10 11 19 13 14 26 16 17 23 -14 -1 -18 -17 -22 24 -15 27 -12 -16 -25 -30
right_child=1 -3 3 -5 5 -7 7 8 9 -11 12 -13 18 15 25 21 20 -19 -20 -21 22 -23 -24 28 -26 -27 -28 -29 29 -31
leaf_value=0.0007574274531057739 0.0010281859429518063 0.0001263278856792614 0.0006402399219529605 0.00042341524523102311 7.1928624865706371e-05 -0.00034150457053398395 -0.00062551131901075361 -0.00048249390162834611 3.0261868136443728e-05 -0.00023561619947655581 5.9238269652792805e-06 -0.00040802806683036449 0.0002577841898094436 -3.9107373046781518e-05 2.6421065609764407e-05 -2.1502512812066315e-05 0.00019065986467243961 0.00030992426937457489 1.1305782092531706e-05 -6.0481292554783607e-06 -0.00033954900045259036 0.00038412549784901464 3.4973844363458179e-05 0.00015745969225287621 0.00050457559141862409 4.3080429508498809e-05 0.00051565257610262287 -0.00021382796506753287 -0.001181337458244943 -9.5387379620235583e-05
leaf_weight=54 186 1647 82 66 492 237 124 126 435 242 473 354 480 238 124 118 110 457 355 41075 301 286 124 246 284 122 61 524 59 588
leaf_count=54 186 1647 82 66 492 237 124 126 435 242 473 354 480 238 124 118 110 457 355 41075 301 286 124 246 284 122 61 524 59 588
internal_value=-0.000147793 0.00293235 -0.000264838 -0.0030765 -0.00382624 -0.00467995 -0.00336505 -0.00736246 -0.00501245 -0.00269572 -0.000155601 -0.000354965 0.00151515 0.000334143 -0.0032592 0.00200107 0.000758205 0.00267094 0.00733533 -0.000219432 -0.00593458 0.00940594 -0.00911765 0.00040636 0.00507663 -0.00707792 0.00224719 -0.00910494 -0.00232363 -0.00482998
internal_weight=50070 1833 48237 1804 1738 1656 1419 927 803 677 46433 41483 4950 4115 1304 2811 2407 1872 835 41129 535 404 425 1415 522 770 534 648 893 647
internal_count=50070 1833 48237 1804 1738 1656 1419 927 803 677 46433 41483 4950 4115 1304 2811 2407 1872 835 41129 535 404 425 1415 522 770 534 648 893 647
is_linear=0
shrinkage=0.05


Tree=66
num_leaves=31
num_cat=0
split_feature=13 5 5 13 13 13 10 12 10 8 13 13 13 14 14 12 5 14 14 14 13 1 10 10 10 11 10 9 11 14
split_gain=6.99037 6.3271 5.24853 4.47987 11.1262 10.839 9.47301 6.8186 6.70597 6.18668 7.41962 13.9335 11.3601 10.7302 9.77184 6.34913 5.72054 5.65786 5.28818 4.82747 4.93066 7.93687 4.76426 13.2869 6.95308 13.9541 9.93377 7.70694 7.62104 6.03043
threshold=49.655000686645515 0.04653012058120249 0.010191069890508645 28.970000267028812 30.345000267028812 25.505000114440922 -0.023232598164511228 -0.042339723299349867 -0.0067699040568550131 inf 19.98499965667725 20.335000038146976 19.329999923706058 -0.033482886717690945 -0.075454415356713087 0.057354881634701156 0.015806935166858525 0.054990673733496538 0.10649963286549492 0.38848161677544563 31.844999313354496 -0.017123982841554416 0.018838465196602486 0.015021993582677752 0.012020737458552368 0.014319946344864666 0.013844778774777857 0.071964679659250477 0.030772226573239195 -0.083456210331023115
decision_type=2 2 2 2 2 2 2 2 2 8 2 2 2 2 2 2 2 2 2 2 2 2 2 2 2 2 2 8 2 2
left_child=1 2 -1 5 7 6 -4 -5 18 22 12 -12 14 -13 -11 -16 -14 -15 -7 20 21 -6 23 24 29 26 -26 28 -27 -8
right_child=-2 -3 3 4 19 8 9 -9 -10 10 11 13 16 17 15 -17 -18 -19 -20 -21 -22 -23 -24 -25 25 27 -28 -29 -30 -31
leaf_value=-2.7077705861288956e-05 0.0018124650245851485 0.00031680560202867645 0.00078808205942406035 -0.00088683561661429986 0.00049569212490554375 -0.00032562171785710769 6.1922663763048968e-05 -0.00013200967360527569 0.00028615592663888256 0.0006768475268009405 -0.00061286832426667409 -0.0004523987790920609 -8.8715487360259422e-07 5.036618587491151e-05 -5.5538618146879983e-06 -0.00031132777026647541 0.00041719738672574302 -0.00020414389049381958 0.00011679374401564998 0.0004379041339620013 -0.00013926080746885593 -7.5490342100589987e-05 0.00011123768796606799 -0.00014791592440610698 0.00046473621016273443 -0.00010443776288347468 -8.8137601784687037e-05 -8.6694594268568999e-05 0.00075483861503648948 -5.8255750843824079e-06
leaf_weight=3744 61 777 59 101 105 118 2162 107 556 59 124 110 95 428 261 235 151 235 342 124 300 111 698 817 356 58 106 551 114 36966
leaf_count=3744 61 777 59 101 105 118 2162 107 556 59 124 110 95 428 261 235 151 235 342 124 300 111 698 817 356 58 106 551 114 36966
internal_value=-0.00011243 -0.00013308 -0.000203789 -5.55568e-05 -0.00365566 1.28921e-05 -0.000106114 -0.0137019 0.00511811 -0.000133254 -0.00309187 -0.00621516 0.000405743 -0.00371928 -0.00355856 -0.00584677 0.00934959 -0.00131976 0.000652174 -0.000390625 -0.00251938 0.00324074 -1.31491e-05 -8.26647e-05 4.52708e-05 0.00381857 0.0106061 -0.000518672 0.00872093 -6.90043e-05
internal_weight=50031 49970 49193 45449 848 44601 43585 208 1016 43526 1698 897 801 773 555 496 246 663 460 640 516 216 41828 41130 40313 1185 462 723 172 39128
internal_count=50031 49970 49193 45449 848 44601 43585 208 1016 43526 1698 897 801 773 555 496 246 663 460 640 516 216 41828 41130 40313 1185 462 723 172 39128
is_linear=0
shrinkage=0.05


Tree=67
num_leaves=31
num_cat=0
split_feature=5 10 10 7 5 16 5 8 16 3 10 13 16 9 15 15 3 15 14 16 12 10 16 14 10 12 15 13 15 10
split_gain=6.16156 5.90646 5.3406 5.26734 6.15388 4.40906 5.49038 4.20949 5.93948 6.169 5.2956 4.85444 4.09545 5.12137 4.09627 11.4486 8.52374 6.52286 10.213 7.98196 8.52627 7.35579 9.5448 7.21299 7.15976 6.51393 8.22292 5.02422 4.88048 8.55395
threshold=0.016191808772301947 0.06903334451863076 0.027542831641926283 -0.13353818040598145 0.030216946654048806 0.079590090223734103 0.044226397045620564 -0.23768177886886624 -0.0057897109213050349 0.0013813758685319313 -0.010705879931759586 19.98499965667725 0.054748975145843322 0.19327737509419832 -0.0034747694163764216 -0.0028850154808948143 0.00081758409160381806 -0.0052094733020524022 0.057570789081387914 -0.011871024222094738 0.019437474546263659 1.0000000180025095e-35 0.0090525107441445946 -0.016862044087486924 -0.0025714907564299279 -0.031853189963288557 0.010647678260125805 13.050000190734865 0.0075324043142106509 0.0086043784321214751
decision_type=2 2 2 2 2 2 2 10 2 2 2 2 2 8 2 2 2 2 2 2 2 2 2 2 2 2 2 2 2 2
left_child=7 2 3 4 -2 6 -5 8 9 10 -1 -10 14 -14 17 16 -16 21 19 -19 -21 23 -23 -9 -22 26 -17 -25 29 -27
right_child=1 -3 -4 5 -6 -7 -8 12 11 -11 -12 -13 13 -15 15 25 -18 18 -20 20 24 22 -24 27 -26 28 -28 -29 -30 -31
leaf_value=-0.00015446965779730392 1.4013882592190004e-05 -0.00037302717344581609 0.00038735605380022073 7.6901372282040581e-06 0.00051880802340771213 -7.1628750151397311e-05 0.00035825873945256583 -0.0002188516050000207 -5.1707484646161803e-05 -0.00015727754510165299 0.00018526950329127184 -0.00022537832373875356 1.4888735074690819e-05 0.00015796092780755644 -0.00023739901039618837 0.00010463736533388498 -4.0915786810872325e-05 -0.000254248253333207 0.00038126939799099926 -7.4766536339906239e-05 1.3645453311576773e-05 0.00026140120999971789 -0.00016084673689162728 0.00020485390352744705 0.00025713081320513935 -2.9010944543359822e-05 -4.4686846407603069e-05 -1.2252227980085384e-05 -1.9716954482482553e-06 -0.00026129857670924094
leaf_weight=49 425 61 105 24870 346 784 778 198 316 90 123 186 554 226 282 733 241 122 155 145 202 216 58 116 256 7705 311 4878 5422 166
leaf_count=49 425 61 105 24870 346 784 778 198 316 90 123 186 554 226 282 733 241 122 155 145 202 216 58 116 256 7705 311 4878 5422 166
internal_value=-0.000128195 0.000377252 0.000411967 0.000368526 0.00444228 0.000249697 0.000362601 -0.000736264 -0.00438482 0.00171756 0.00726744 -0.00756972 -0.000609479 0.00294872 -0.000740357 -0.00119448 -0.0084608 0.000323038 0.00431818 0.00182759 0.0041874 -0.000320161 0.00766423 -0.000741525 0.00753275 -0.000929413 0.00287356 -0.000370445 -0.00122809 -0.00202325
internal_weight=50119 27369 27308 27203 771 26432 25648 22750 764 262 172 502 21986 780 21206 14860 523 6346 880 725 603 5466 274 5192 458 14337 1044 4994 13293 7871
internal_count=50119 27369 27308 27203 771 26432 25648 22750 764 262 172 502 21986 780 21206 14860 523 6346 880 725 603 5466 274 5192 458 14337 1044 4994 13293 7871
is_linear=0
shrinkage=0.05


Tree=68
num_leaves=31
num_cat=0
split_feature=5 8 16 12 14 14 5 10 10 2 12 16 16 11 14 10 11 12 11 12 16 12 10 12 16 11 11 11 10 14
split_gain=6.10566 5.70145 5.4367 5.28514 10.0702 6.9869 5.21636 5.11312 8.48867 4.73699 4.43453 4.18576 9.93722 10.1892 10.7541 9.09081 8.90666 8.05 8.13041 7.95757 7.24358 20.53 11.8274 12.0562 11.2335 15.6671 25.5497 15.6352 13.9564 13.41
threshold=0.029037855290592197 -0.23768177886886624 -0.055382832078196491 -0.020341503552033343 -0.071225645536492452 -0.056340529311790281 0.010191069890508645 0.06903334451863076 0.023991459337660673 0.0026934672591962809 0.10123020179199861 0.041754111928017819 0.0345124392496673 0.01397341061460511 -0.0017400209240098772 0.0020357959095680393 0.026483501755781628 0.066825641747697576 -0.0043480620197820499 0.076145654651098141 0.027358645496494031 -0.016321490228624388 0.0011106724976560625 0.018851538388621195 0.0049913622652627563 0.0035059532242039952 0.0021655694557776166 -0.0077637787894188062 -0.011231034779129566 -0.061929277885563232
decision_type=2 10 2 2 2 2 2 2 2 2 2 2 2 2 2 2 2 2 2 2 2 2 2 2 2 2 2 2 2 2
left_child=1 3 -2 5 -5 -1 -3 8 -4 -7 11 12 16 -14 -15 -16 17 20 -19 -20 24 -22 23 -23 25 26 -8 -26 -29 -30
right_child=2 6 7 4 -6 9 10 -9 -10 -11 -12 -13 13 14 15 -17 -18 18 19 -21 21 22 -24 -25 27 -27 -28 28 29 -31
leaf_value=-0.00039142082303827102 0.00070751997626421724 -2.5607709990977357e-05 4.7322101212205797e-05 0.00061482255746218753 -0.0001561566194702012 -2.6907944916455473e-06 7.1191755918350013e-06 -0.00055895421338378814 0.00081987928526349319 0.0001507838024143502 -9.2020511632796679e-05 3.5021235307431101e-05 6.2557574740884121e-05 -5.3088750864442831e-05 -0.00026938758013189261 2.4750168111583284e-06 0.00028871833228662013 -5.252977395022777e-05 0.00042114663279919755 9.4280711461406253e-05 -0.00018574376249038823 0.00082818508968406784 3.5778667439281559e-05 0.00019488001443267438 0.0004016127187951274 8.9603870163482233e-05 -0.00021084584640270669 0.00031426617266093866 4.1060466618184775e-05 -6.5781209643493103e-05
leaf_weight=70 213 3740 5179 69 1080 417 14314 41 89 138 518 4149 451 1202 469 155 211 160 211 403 247 157 1238 460 148 3169 944 142 1701 8756
leaf_count=70 213 3740 5179 69 1080 417 14314 41 89 138 518 4149 451 1202 469 155 211 160 211 403 247 157 1238 460 148 3169 944 142 1701 8756
internal_value=-0.000128879 -0.00032257 0.0014397 -0.00310034 -0.00511314 0.0006 -0.000207824 0.00112545 0.00126234 0.00247748 -3.76228e-05 2.39098e-05 -0.00015635 -0.0033487 -0.00501095 -0.0103365 6.89687e-05 1.56006e-06 0.00503876 0.00765472 -0.000123098 0.0027117 0.00451482 0.0101702 -0.000327346 0.000421935 -0.000242496 -0.00161208 -0.00183744 -0.00204887
internal_weight=50241 44719 5522 1774 1149 625 42945 5309 5268 555 39205 38687 34538 2277 1826 624 32261 32050 774 614 31276 2102 1855 617 29174 18427 15258 10747 10599 10457
internal_count=50241 44719 5522 1774 1149 625 42945 5309 5268 555 39205 38687 34538 2277 1826 624 32261 32050 774 614 31276 2102 1855 617 29174 18427 15258 10747 10599 10457
is_linear=0
shrinkage=0.05


Tree=69
num_leaves=31
num_cat=0
split_feature=8 12 16 11 15 12 3 16 12 14 12 2 14 12 12 12 14 11 11 10 10 11 11 9 14 10 12 14 14 14
split_gain=5.21404 6.37167 8.41067 15.0982 10.7948 8.30299 5.75905 7.87107 8.7473 6.47644 6.93513 5.67012 5.49281 4.53801 13.8494 12.7144 10.0254 6.63076 10.157 6.47117 18.7099 12.8478 6.62003 5.93994 5.70892 10.5906 9.69651 8.66392 15.4719 9.95828
threshold=inf -0.052281358654850445 0.018371032737191321 -0.0019312453480846423 0.015375623755145342 0.082959740110242888 0.016286143351575192 -0.0026143997596887454 0.054230156972347017 -0.071225645536492452 0.018619756704099325 0.073270299529454755 0.054990673733496538 -0.062212447341067838 -0.050232690438178178 -0.071455509470426767 0.57916123255262542 0.0019507060207528684 -0.011429268480369846 0.013844778774777857 0.012020737458552368 0.014319946344864666 0.050492728349193612 -0.021295098260559527 0.13795776446892064 -0.01645938155843862 -0.026837542037430936 0.0091478412114857095 0.0080830591469587282 0.0071322940265206034
decision_type=8 2 2 2 2 2 2 2 2 2 2 2 2 2 2 2 2 2 2 2 2 2 2 10 2 2 2 2 2 2
left_child=6 -2 3 4 12 11 13 8 9 10 -8 -4 -3 15 17 -1 23 18 -15 20 22 -22 24 -17 25 -16 -26 28 29 -27
right_child=1 2 5 -5 -6 -7 7 -9 -10 -11 -12 -13 -14 14 19 16 -18 -19 -20 -21 21 -23 -24 -25 26 27 -28 -29 -30 -31
leaf_value=1.748133665325372e-05 0.00022990397457450006 4.0341677490308637e-05 -2.3455736561283672e-06 -0.00050832730860960688 -0.0004172437175909775 -0.00030780328450176215 0.00013532760103137747 4.5361320514459433e-06 -0.00029396460158009023 0.00033253208823781502 -0.00059685373934209314 0.00032674666029883313 -0.00019564539097899217 0.00027003971632233291 0.00042221788128724344 -0.00052059318767370218 0.00026709138276212983 0.00033370589991329482 -9.7948322334096011e-05 -9.0395418715904767e-05 0.00037266887055278008 1.8927092669368669e-05 -0.00012747544317129626 -0.00013107068224714477 -0.00037088952684741542 4.4289863627006154e-06 0.00012780953615435591 -3.03723911372622e-05 0.00046261989615950988 -0.00018929093521249636
leaf_weight=808 72 488 364 190 131 126 353 2453 57 971 64 205 246 353 125 261 61 186 216 1403 376 368 366 106 178 23063 1325 14815 231 238
leaf_count=808 72 488 364 190 131 126 353 2453 57 971 64 205 246 353 125 261 61 186 216 1403 376 368 366 106 178 23063 1325 14815 231 238
internal_value=-0.000145919 -0.00277168 -0.00337143 -0.00618483 -0.0033815 0.000899281 -4.70265e-05 0.00179579 0.00472318 0.00551153 0.00029976 0.003471 -0.0010218 -0.000208525 -0.000123141 -0.00319579 -0.0101636 0.0065894 0.00391037 -0.000242421 -0.000128392 0.00772849 -0.000273295 -0.0132834 -0.000212008 -0.00033011 0.00281104 -0.000377474 0.000218851 9.11978e-05
internal_weight=50199 1822 1750 1055 865 695 48377 3898 1445 1388 417 569 734 44479 43243 1236 428 755 569 42488 41085 744 40341 367 39975 38472 1503 38347 23532 23301
internal_count=50199 1822 1750 1055 865 695 48377 3898 1445 1388 417 569 734 44479 43243 1236 428 755 569 42488 41085 744 40341 367 39975 38472 1503 38347 23532 23301
is_linear=0
shrinkage=0.05


Tree=70
num_leaves=31
num_cat=0
split_feature=6 11 16 10 4 16 14 10 10 11 9 5 10 11 9 9 2 10 7 10 13 8 1 14 6 16 14 3 13 13
split_gain=7.29343 9.25539 9.15488 11.718 8.81911 7.36682 7.81027 6.4906 8.20647 11.7187 6.72486 6.6746 5.99465 8.77542 6.3524 5.59883 4.78286 4.87762 4.64403 4.57158 4.44127 5.49415 4.35185 4.25662 4.13039 5.25587 4.11665 6.50626 4.31034 15.3545
threshold=-0.77735149389240699 0.019998306186617913 0.036826810136926132 0.0044510746205346239 0.07972820958640478 0.038254741483967243 0.025116667172691901 0.013844778774777857 0.012020737458552368 0.014319946344864666 0.071964679659250477 0.022620702012941928 0.017875659611307108 0.041951552464954973 -0.14067451287098628 -0.0436479987845012 0.11366710993258235 0.00038112321022931722 0.036282737998150634 0.027542831641926283 19.115000724792484 -0.16510567456628392 0.023918636657645046 -0.066405515647089006 0.63817091631985168 -0.062773911532458856 -0.12096344977185801 9.2024459227624269e-05 15.355000019073488 15.234999656677248
decision_type=2 2 2 2 2 2 2 2 2 2 8 2 2 2 8 8 2 2 2 2 2 10 2 2 2 2 2 2 2 2
left_child=1 -1 3 -3 7 -4 16 8 11 -10 -11 26 14 15 -9 23 17 -7 -5 -17 -16 -22 -8 -14 25 -13 27 -2 29 -28
right_child=4 2 5 18 -6 6 22 12 9 10 -12 24 13 -15 20 19 -18 -19 -20 -21 21 -23 -24 -25 -26 -27 28 -29 -30 -31
leaf_value=-1.3142028196728214e-05 -3.5699108011893718e-05 -0.0002396024513534171 0.00039303853295056656 0.00013449420183765312 0.00043664298391151715 -0.00024413824162802168 -6.2307976906452337e-05 0.0002496120138624377 0.00033885565994446479 0.00043553752729204277 -7.9967610863428175e-05 0.00054523397517135079 -0.00015620101180672131 0.00066225429091631711 -0.00021179390561397953 1.0490057818156664e-05 -0.00029191802131432423 -2.7684343664814923e-05 -0.00036374226280627161 0.00035971566388381775 -0.00030464188950692854 4.2895544784193365e-05 0.00040592149970761476 0.00036662047194910573 0.00016849539447700638 2.0723981226815347e-05 2.5256325985656417e-06 0.0002025631296405251 -1.80586917313512e-05 0.00034116969519448455
leaf_weight=7774 148 441 41 157 641 92 67 103 375 98 346 157 251 56 799 487 93 683 47 83 68 281 99 42 2176 5997 11159 215 16834 322
leaf_count=7774 148 441 41 157 641 92 67 103 375 98 346 157 251 56 799 487 93 683 47 83 68 281 99 42 2176 5997 11159 215 16834 322
internal_value=-0.000142623 -0.00139035 -0.0047093 -0.0094186 0.000148875 -0.00188372 -0.00270793 5.56292e-05 0.000208185 0.00515873 -0.000337838 9.86273e-05 -0.00260369 0.000462459 -0.00485612 -0.000782155 -0.00460829 -0.00332258 0.000490196 0.00210526 -0.00592334 -0.00121777 0.00722892 -0.00639932 0.00134454 0.000682483 -0.000263268 0.00502755 -0.000331097 0.000415905
internal_weight=50132 9494 1720 645 40638 1075 1034 39997 37827 819 444 37008 2170 919 1251 863 868 775 204 570 1148 349 166 293 8330 6154 28678 363 28315 11481
internal_count=50132 9494 1720 645 40638 1075 1034 39997 37827 819 444 37008 2170 919 1251 863 868 775 204 570 1148 349 166 293 8330 6154 28678 363 28315 11481
is_linear=0
shrinkage=0.05


Tree=71
num_leaves=31
num_cat=0
split_feature=5 12 16 1 13 13 13 12 13 16 15 12 14 15 9 12 15 13 6 12 12 16 14 12 12 9 14 15 15 14
split_gain=5.9204 5.7531 10.5477 7.92285 5.37202 5.31399 11.2594 9.38244 9.36072 19.0593 20.6035 12.3127 18.504 21.4408 10.6299 12.111 12.1102 11.2685 10.0885 9.99639 7.77768 8.29434 9.23307 15.2317 13.9773 9.96383 9.03714 12.0962 14.2957 7.87302
threshold=0.010349620686317285 0.10123020179199861 0.029914389516629617 -0.02654563851585506 23.529999732971195 13.444999694824221 13.234999656677248 0.029429838614500662 14.734999656677248 0.0078016294360597769 0.0048295241380750262 0.029654960476763418 0.0091478412114857095 -0.0034547448454011471 -0.074705512652095116 0.03275596351688493 0.011334093345944931 14.00500011444092 -1.131125820061524 0.070121882080432366 0.092854768976221705 0.024484859568932208 -0.043135883928100298 0.044298459812645137 0.04851916087108233 0.0079331252484896603 0.059032058254143822 -0.0033331580577283799 -0.0021598023883145352 -0.035621573523768706
decision_type=2 2 2 2 2 2 2 2 2 2 2 2 2 2 10 2 2 2 2 2 2 2 2 2 2 10 2 2 2 2
left_child=-1 5 4 -4 -3 6 20 -8 9 11 19 12 18 -14 16 -16 -13 -17 -7 -11 21 22 23 25 26 -2 27 -24 -29 -30
right_child=1 2 3 -5 -6 8 7 -9 -10 10 -12 14 13 -15 15 17 -18 -19 -20 -21 -22 -23 24 -25 -26 -27 -28 28 29 -31
leaf_value=-2.4261971917294289e-05 -0.00029061332217161377 -5.5328408885294827e-05 0.00041523265184994921 -0.00024750828024817906 0.00017605173870880546 -0.00022163326748180631 0.00041717750665633567 9.1289307586327285e-05 6.0533405839675442e-06 -0.00020468052648391495 -1.4244544102053319e-05 0.00027740322295836549 -2.2078205410213694e-05 -0.00049636232906043567 0.0002568982424718277 6.6236852163086441e-05 -0.00014926958552690593 -0.00016169269305494512 8.7689776619992443e-05 0.0002680139207908973 0.00078298854373971697 6.5384313248663658e-05 0.00025778557099311381 0.00074946599108722395 -0.00026167391024099453 0.00022141980498801628 -0.00047158276652048848 -0.00076830556505426677 -0.00025302428000265482 1.6641946633013522e-05
leaf_weight=4145 137 216 41 324 120 95 231 735 33440 1496 1629 636 342 257 147 433 109 348 843 57 47 2014 194 142 327 160 99 91 145 1079
leaf_count=4145 137 216 41 324 120 95 231 735 33440 1496 1629 636 342 257 147 433 109 348 843 57 47 2014 194 142 327 160 99 91 145 1079
internal_value=-0.0001263 3.70096e-05 -0.00445792 -0.0103425 0.00193452 0.00010667 0.00157841 0.00646998 -9.28901e-05 -0.00184606 -0.00458831 0.000872274 -0.00235849 -0.00922371 0.00384041 0.000269397 0.00828859 -0.00220871 0.00202559 -0.00870895 0.000512965 0.000296263 -0.00170598 0.00484055 -0.00319121 -0.00159933 -0.00127488 -0.000314778 -0.00203422 -0.000612745
internal_weight=50079 45934 701 365 336 45233 5401 966 39832 6392 3182 3210 1537 599 1673 928 745 781 938 1553 4435 4388 2374 439 1935 297 1608 1509 1315 1224
internal_count=50079 45934 701 365 336 45233 5401 966 39832 6392 3182 3210 1537 599 1673 928 745 781 938 1553 4435 4388 2374 439 1935 297 1608 1509 1315 1224
is_linear=0
shrinkage=0.05


Tree=72
num_leaves=31
num_cat=0
split_feature=9 15 16 13 13 13 13 13 12 14 16 14 10 10 10 12 14 15 15 12 0 14 14 13 7 13 11 14 11 11
split_gain=6.26205 6.35681 7.09952 4.98832 5.57601 13.0112 9.67531 7.91353 13.8248 12.87 14.248 11.1383 9.57865 8.78024 7.37596 7.00421 6.79954 6.34172 18.0804 6.22059 5.89835 5.63208 5.28898 5.27449 5.64306 5.03807 4.92537 4.8628 5.9396 4.74172
threshold=0.68063528343894331 -0.0055666810847664885 -0.022774529549814956 49.655000686645515 28.970000267028812 30.345000267028812 24.385000228881839 22.330000877380375 -0.036045899235514094 -0.048736357061692485 -0.0060728064933829309 0.13795776446892064 -0.012508695077667052 -0.01645938155843862 0.014545936349149692 -0.042339723299349867 0.16537685982304043 -0.025947713901271593 -0.023027529447998015 0.12951753151584791 0.055925978238263847 0.12545643875506987 0.12545643875506987 24.630000114440922 0.042188013606442983 22.625000000000004 -0.013642656733636292 0.38848161677544563 -0.022672211523631577 -0.0072461958036925669
decision_type=10 2 2 2 2 2 2 2 2 2 2 2 2 2 2 2 2 2 2 2 2 2 2 2 2 2 2 2 2 2
left_child=3 -2 -3 4 6 15 7 11 -9 14 21 13 16 -1 -10 -6 -13 26 22 20 29 -11 -19 -8 -25 -23 -15 28 -7 -20
right_child=1 2 -4 -5 5 27 23 8 9 10 -12 12 -14 17 -16 -17 -18 18 19 -21 -22 25 -24 24 -26 -27 -28 -29 -30 -31
leaf_value=0.00067635749281510713 0.00073568813388437317 0.001436382495227418 2.507703989453403e-05 0.001695747266549949 -0.00084428420722782848 -0.00017854343687271598 0.00039394536304657689 -0.00030694672214740849 0.00027693433681053384 0.00025813755950393708 -0.00023680749970798323 -3.451587064453748e-05 0.0003261227895687412 0.00010558327282188438 -0.00024290333349555391 -0.00017571208038552239 0.00022098136649217198 0.00037277517304006995 1.7259692369549133e-05 -0.00024748533812351761 0.00022277225019754835 -0.00040131728237609657 -6.8673675648785873e-05 0.00011021118585808664 -6.668282943173305e-05 8.0947826316156178e-06 -0.00020279968020500504 0.00043578077061114681 7.9698385585712239e-05 -1.3197059355872726e-05
leaf_weight=62 336 49 994 63 125 298 118 535 285 239 467 408 299 114 62 119 414 236 7565 62 771 62 59 1519 343 250 365 117 299 33583
leaf_count=62 336 49 994 63 125 298 118 535 285 239 467 408 299 114 62 119 414 236 7565 62 771 62 59 1519 343 250 365 117 299 33583
internal_value=-7.76614e-05 0.00324511 0.00131831 -0.000171482 -0.000189642 -0.0039666 -0.000113974 -0.000261792 -0.00342105 -0.000750916 -0.00358546 -0.000125176 0.00479483 -0.000253988 0.00756484 -0.0139344 0.0020073 -0.000281254 -0.000216435 -0.000303113 -0.000279706 0.00186025 0.0121186 0.00330808 0.00265843 -0.0025641 -0.00600209 -0.000560224 -0.00238693 -0.000360892
internal_weight=50218 1379 1043 48839 48776 958 47818 45838 1900 1365 1018 43938 1121 42817 347 244 822 42755 42276 41981 41919 551 295 1980 1862 312 479 714 597 41148
internal_count=50218 1379 1043 48839 48776 958 47818 45838 1900 1365 1018 43938 1121 42817 347 244 822 42755 42276 41981 41919 551 295 1980 1862 312 479 714 597 41148
is_linear=0
shrinkage=0.05


Tree=73
num_leaves=31
num_cat=0
split_feature=6 16 5 11 13 13 7 15 16 11 11 15 15 16 16 16 11 11 11 15 11 11 15 16 9 11 15 16 15 16
split_gain=5.66891 7.85643 5.47955 5.07196 9.69523 5.77988 4.40593 4.30198 7.13244 8.88177 8.63782 7.52139 8.5537 6.82302 16.7087 9.78526 13.9369 6.9478 15.7518 14.1171 12.6644 11.6351 11.3421 10.3798 9.98499 9.00948 9.13087 7.99039 7.94551 8.75627
threshold=-0.73880705562978577 -0.026790326293764651 0.04653012058120249 0.019998306186617913 14.795000076293947 12.994999885559084 0.023867003679002189 0.022105603645886988 0.041754111928017819 0.044463646975978717 0.041951552464954973 0.02072767026031919 0.020386714067927029 0.0049913622652627563 0.0045491047267263171 0.016741975034519355 0.00036209902272010824 0.0035059532242039952 0.0021655694557776166 0.014235041540094586 1.0000000180025095e-35 0.0047087811443838898 0.0027254925316753113 -0.013831158669366959 -0.013104680485302776 0.0056452584945124737 -0.025947713901271593 -0.00134454159031111 -0.0082624242105058792 -0.00415439487512853
decision_type=2 2 2 2 2 2 2 2 2 2 2 2 2 2 2 2 2 2 2 2 2 2 2 2 10 2 2 2 2 2
left_child=1 -1 7 -3 5 -5 -6 8 11 10 -10 12 13 14 17 -15 -17 18 20 24 -2 -19 27 -23 -20 -25 -27 -22 -28 -30
right_child=2 3 -4 4 6 -7 -8 -9 9 -11 -12 -13 -14 15 -16 16 -18 21 19 -21 22 23 -24 25 -26 26 28 -29 29 -31
leaf_value=6.6986449809878023e-05 7.8954849159085932e-08 -1.9828999818152695e-05 0.00038952193394136276 6.1121871580478918e-05 3.1615763879530032e-05 -0.00017251095621898571 -7.7246102814469014e-05 -5.2573428765305737e-05 7.4585558771447791e-05 -4.511524781974162e-05 0.00080194319402144036 0.00019832104770587134 -0.00035388858365059802 -5.7067909916673666e-05 0.00063166912774588078 0.0003943872314781877 1.7005896893506137e-07 0.00024351287737374718 -0.0003355009200707883 0.00053298570156924956 8.0023145292046531e-05 0.00088366834810470272 -9.9494235894627203e-05 -0.00024648202118820903 -6.521754615434943e-05 -0.0012567224826973945 0.00022552767518234807 0.00030886495744918895 0.00024419032380413745 -4.3107284981192811e-05
leaf_weight=1021 13009 7545 603 76 702 548 556 2214 2832 866 97 258 49 5749 203 105 8783 641 397 54 579 44 328 155 468 58 486 354 199 1104
leaf_count=1021 13009 7545 603 76 702 548 556 2214 2832 866 97 258 49 5749 203 105 8783 641 397 54 579 44 328 155 468 58 486 354 199 1104
internal_value=-6.93848e-05 -0.00110547 0.000203734 -0.0015567 -0.00387885 -0.00897436 -0.00135135 0.000130662 0.000259384 0.00231225 0.00362752 2.34685e-05 -4.34915e-05 -1.22264e-05 0.00063748 -0.000814716 0.000225023 0.000475498 6.08993e-05 -0.006284 0.000469516 0.00281913 0.00525377 0.000977517 -0.00783237 0.00044955 0.00142122 0.00806538 0.00205422 1.91865e-05
internal_weight=50083 10448 39635 9427 1882 624 1258 39032 36818 3795 2929 33023 32765 32716 18079 14637 8888 17876 15189 919 14270 2687 1261 2046 865 2002 1847 933 1789 1303
internal_count=50083 10448 39635 9427 1882 624 1258 39032 36818 3795 2929 33023 32765 32716 18079 14637 8888 17876 15189 919 14270 2687 1261 2046 865 2002 1847 933 1789 1303
is_linear=0
shrinkage=0.05


Tree=74
num_leaves=31
num_cat=0
split_feature=6 16 16 13 16 10 16 16 16 12 13 11 11 14 11 11 15 14 12 12 12 15 12 14 12 11 14 13 14 16
split_gain=5.83909 5.08526 12.6488 13.7584 11.6742 11.4585 8.60694 9.2126 10.2863 10.7124 10.8273 8.99778 8.38751 17.1024 14.4523 11.1771 11.0935 9.87774 8.32169 14.5013 8.78637 8.10216 7.32623 7.15884 6.80592 6.40107 6.22149 6.17984 6.54675 6.08224
threshold=1.8386381594357786 -0.032577672604407408 -0.027758269377802177 24.855000495910648 -0.034321490035760675 -0.017312000709356064 -0.027221665495718635 -0.024432196266014335 -0.017249220643167581 0.06610047212240612 13.13000011444092 0.0060643629866489199 -0.019621569956091153 0.012431899030548645 -0.019307177891106305 -0.029337474403061222 0.015596534826129329 -0.05546753287916955 0.033123011585089464 0.027692193477340758 0.019854443093846989 -0.017704690860675495 -0.020341503552033343 -0.11544121967691799 0.018619756704099325 -0.0089648510996126456 0.13795776446892064 18.719999313354496 0.068989760976132977 -0.0076913877174074599
decision_type=2 2 2 2 2 2 2 2 2 2 2 2 2 2 2 2 2 2 2 2 2 2 2 2 2 2 2 2 2 2
left_child=1 4 3 26 5 -1 25 21 9 10 -9 18 15 14 -14 16 -7 24 19 20 23 -8 -23 -12 -16 -4 -3 28 -17 -10
right_child=-2 2 6 -5 -6 12 7 8 29 -11 11 -13 13 -15 17 27 -18 -19 -20 -21 -22 22 -24 -25 -26 -27 -28 -29 -30 -31
leaf_value=-0.00017952424694467307 6.2495264269754426e-05 -0.0002109603987046664 -0.0001226142523223155 0.00013725147676950776 0.00038062291503881138 6.2252264705524223e-05 0.00018331440852402663 -0.00015417881549021785 -4.1626011400875548e-05 -0.00031403740270954418 0.00026763584112481694 0.0008493963027168532 -0.00028387535245214814 -0.00018612268919208715 0.00022598008545190583 0.00043562216676020188 -0.00027578103096325085 0.00024386522728962019 0.00020439776183797643 -0.00020003689365316181 0.00037759000629981659 0.00039487841582941646 -0.00016910676699598813 4.6048010511919037e-05 -0.0002368998562983859 0.00055989363872279677 0.00012085771168113052 0.00010233125053763474 5.9241174384594422e-05 -3.2753968266011373e-06
leaf_weight=701 3947 634 58 168 232 1061 101 236 4714 102 226 60 165 573 158 280 173 468 348 236 232 60 771 1477 171 153 73 756 160 31586
leaf_count=701 3947 634 58 168 232 1061 101 236 4714 102 226 60 165 573 158 280 173 468 348 236 232 60 771 1477 171 153 73 756 160 31586
internal_value=-2.79553e-05 -0.000185876 -0.0003668 -0.00631429 0.00133728 0.00079297 -0.000237859 -0.000290792 -0.000174032 0.00268255 0.00325933 0.00419736 0.0018348 -0.00105863 0.00301455 0.00366255 0.000324149 0.00580301 0.00374156 0.00259097 0.00401809 -0.00520386 -0.00682912 0.00277452 -0.000835866 0.00983412 -0.00937058 0.00710702 0.0118182 -0.000403581
internal_weight=50080 46133 41235 875 4898 4666 40360 40149 39217 2917 2815 2579 3965 1535 962 2430 1234 797 2519 2171 1935 932 831 1703 329 211 707 1196 440 36300
internal_count=50080 46133 41235 875 4898 4666 40360 40149 39217 2917 2815 2579 3965 1535 962 2430 1234 797 2519 2171 1935 932 831 1703 329 211 707 1196 440 36300
is_linear=0
shrinkage=0.05


Tree=75
num_leaves=31
num_cat=0
split_feature=12 14 5 5 1 15 12 12 12 15 15 10 10 15 10 11 11 10 13 13 10 12 15 15 10 10 14 15 13 12
split_gain=6.03589 9.20743 5.5094 4.32995 5.77953 4.31699 4.22477 10.2201 7.55597 8.20603 5.79254 5.78024 4.21867 8.25166 7.51217 13.0931 5.98745 5.81515 6.55054 4.99975 6.15928 4.76945 4.54523 13.9121 9.09515 10.0652 8.03865 10.8505 11.1378 11.205
threshold=0.10123020179199861 -0.042495657697534488 0.010581314829212035 0.031969910742015363 -0.13663485717297716 -0.0055026973775331714 -0.062212447341067838 -0.05793872793170584 -0.067575688865902969 -0.0072497527188145608 0.028434338000949414 -0.029463592833469218 0.013844778774777857 0.037855542406651572 0.012020737458552368 0.014319946344864666 0.031328768079461174 0.018838465196602486 18.94999980926514 19.115000724792484 0.016350116268756935 1.0000000180025095e-35 0.015759998124847189 0.014636150279945139 0.0025856466909506275 0.0060226165635326465 -0.086337752297859935 0.013025390623304546 18.365000724792484 0.0086975784270316731
decision_type=2 2 2 2 2 2 2 2 2 2 2 2 2 2 2 2 2 2 2 2 2 2 2 2 2 2 2 2 2 2
left_child=2 -2 -1 6 -5 -3 8 -8 9 -4 -11 -10 13 14 22 -16 -17 19 -19 21 -21 -14 23 26 -24 -26 -9 -28 29 -29
right_child=1 5 3 4 -6 -7 7 12 11 10 -12 -13 17 -15 15 16 -18 18 -20 20 -22 -23 24 -25 25 -27 27 28 -30 -31
leaf_value=-2.1067965140774294e-05 0.00036869452901782285 1.8512299816214564e-05 0.00012282914709379193 0.00067627375493914225 5.5756417645792075e-05 -0.00013752788801080269 0.00028864855993556549 9.6897431355691323e-05 -0.00098509965358193632 -0.00017972785996297084 0.00020782397643529717 -0.00026724978411843853 -1.3186096668262904e-07 0.00080903124162173378 0.00039568961379993271 -0.00012260920642171775 0.00018729168491357585 0.00022784770329394577 -7.1668343269767556e-05 0.00017808530869114114 -0.00016157953951833863 -0.00019805458311508998 0.00088513841752382134 0.00017092064934696451 -0.00025501116537620278 -2.3950920712440245e-05 6.0152006802647808e-07 0.00047184167751579523 -0.00038444919709729815 -0.00010444136826879115
leaf_weight=4737 60 130 424 221 3386 548 206 1159 58 348 70 157 262 48 339 226 182 294 290 186 139 757 50 771 421 1953 31450 117 246 925
leaf_count=4737 60 130 424 221 3386 548 206 1159 58 348 70 157 262 48 339 226 182 294 290 186 139 757 50 771 421 1953 31450 117 246 925
internal_value=-0.00011862 -0.00460705 -5.15965e-05 0.000120286 0.00178126 -0.00626844 -2.55611e-05 5.68452e-05 -0.0031457 -0.0010095 -0.00598086 -0.0115116 -6.27904e-07 0.000115475 8.91937e-05 0.00505355 -0.000980392 -0.00228216 0.00188356 -0.00409226 0.00130769 -0.00581452 -1.0784e-05 0.000135572 -0.00210396 -0.00254844 -1.54881e-05 -0.000160364 -0.00465839 -0.00239923
internal_weight=50160 738 49422 44685 3607 678 41078 40021 1057 842 418 215 39815 37887 37839 747 408 1928 584 1344 325 1019 37092 34668 2424 2374 33897 32738 1288 1042
internal_count=50160 738 49422 44685 3607 678 41078 40021 1057 842 418 215 39815 37887 37839 747 408 1928 584 1344 325 1019 37092 34668 2424 2374 33897 32738 1288 1042
is_linear=0
shrinkage=0.05


Tree=76
num_leaves=31
num_cat=0
split_feature=6 13 9 11 14 16 15 14 14 14 15 15 15 14 10 15 9 11 11 12 6 15 13 12 11 10 11 10 15 13
split_gain=5.01761 4.26653 4.32957 8.96638 5.24972 5.33536 10.4473 14.0811 9.44974 9.94055 9.09542 8.34565 8.92372 6.55949 6.36358 5.08615 4.61475 4.61121 4.51879 4.50975 4.46403 4.59822 4.39199 5.90819 4.49768 5.24923 5.21438 4.31234 6.43613 4.07492
threshold=3.3245954273637448 49.655000686645515 0.17816663154153969 -0.014346854625401638 -0.16769008837329388 -0.023591607552593315 -0.004598465161185227 -0.021271104882925714 0.07643058808250093 0.084724390357925242 -0.0082624242105058792 -0.0028850154808948143 -0.0021965180474238228 -0.0017400209240098772 0.0053216631929108313 -0.0034547448454011471 0.4210844551169704 -0.0099910408322680926 -0.0048868737012288657 0.10731202878077185 -0.74702090883256556 0.022105603645886988 18.625000000000004 0.010183672155494096 -0.00011033401627386084 -0.006182849640274656 0.0019507060207528684 -0.0015160047739009028 -0.012190473812972001 13.554999828338625
decision_type=2 2 10 2 2 2 2 2 2 2 2 2 2 2 2 2 10 2 2 2 2 2 2 2 2 2 2 2 2 2
left_child=1 2 29 16 -5 14 7 -7 10 -10 22 13 -13 -8 -6 -15 -4 -11 -19 20 -14 -22 23 -9 25 -25 -26 28 -28 -1
right_child=-2 -3 3 4 5 6 11 8 9 17 -12 12 19 15 -16 -17 -18 18 -20 -21 21 -23 -24 24 26 -27 27 -29 -30 -31
leaf_value=1.469731134490543e-05 0.00010992791829484627 0.0016575373569357147 7.3187357478048454e-05 0.00051208713866211092 -0.0001925211811797353 -0.00043802629950414604 8.4638427737326185e-06 0.00052648633392634995 -0.00045137507350630234 0.00064902581612295038 0.00038823187083858977 0.00026242067124752677 -5.8232777474954372e-05 -0.00010589295168934279 0.00047254105368610015 -0.00054181440590625625 0.00065971258385043004 -0.00024354878251287923 8.030588488812962e-05 -0.00081898686293814494 2.2597695065926673e-05 -0.00015720258201082414 -0.00021337931329112596 0.00015576404750718142 0.00048602347837074252 -0.00042751742797890999 0.00015121024733009286 0.00036095291646175685 -0.0001680996838709941 -1.3828550844677486e-05
leaf_weight=4635 986 62 756 71 382 90 157 138 120 53 402 142 1460 119 66 105 307 65 233 45 5383 431 119 79 96 62 180 113 86 33234
leaf_count=4635 986 62 756 71 382 90 157 138 120 53 402 142 1460 119 66 105 307 65 233 45 5383 431 119 79 96 62 180 113 86 33234
internal_value=-0.000134026 -0.000204814 -0.000221356 0.000639432 0.000183878 8.88801e-05 0.000335813 0.00373094 0.00472509 -0.00132696 0.00696078 -0.000459067 -9.04704e-05 -0.00767717 -0.00524554 -0.0131696 0.00500941 0.00292023 0.000503356 -0.000331329 -0.000233709 0.000386997 0.00409507 0.00550398 0.00340909 -0.00443262 0.00573684 0.00310026 -0.00037594 -0.000477303
internal_weight=50177 49191 49129 11260 10197 10126 9678 1836 1746 471 1275 7842 7461 381 448 224 1063 351 298 7319 7274 5814 873 754 616 141 475 379 266 37869
internal_count=50177 49191 49129 11260 10197 10126 9678 1836 1746 471 1275 7842 7461 381 448 224 1063 351 298 7319 7274 5814 873 754 616 141 475 379 266 37869
is_linear=0
shrinkage=0.05


Tree=77
num_leaves=31
num_cat=0
split_feature=9 11 12 12 10 10 12 9 3 13 15 12 12 14 10 13 13 13 13 11 13 11 14 13 14 5 10 5 12 14
split_gain=6.02985 8.01889 5.8927 5.28629 14.7518 9.11362 6.21349 5.00813 4.56409 7.45994 6.16922 5.71216 9.28464 6.45864 5.91562 4.42742 13.7378 4.9456 11.9705 10.9588 10.2135 8.00998 7.28373 6.82663 17.3938 7.00138 6.61978 6.36013 5.89353 5.79198
threshold=0.14115534643241648 -0.014346854625401638 0.12700674672189441 0.066825641747697576 0.0022597993773114671 0.0079905561282167543 0.064838979523685905 0.40956923832054098 0.015361426343829645 26.85000038146973 0.016189764619892969 0.0011335726897910849 0.017676084709553511 -0.073050802278400592 0.018838465196602486 28.970000267028812 30.345000267028812 19.010000228881839 18.510000228881839 -0.020756014565235011 18.444999694824222 -0.0237759721784318 -0.077913276979976895 19.440000534057621 -0.044507707542247747 0.021245977661693376 0.0057742598660092135 0.018462981371064318 0.089699149328903008 0.016553968951917967
decision_type=10 2 2 2 2 2 2 10 2 2 2 2 2 2 2 2 2 2 2 2 2 2 2 2 2 2 2 2 2 2
left_child=8 7 3 6 -5 -6 -3 -2 15 10 -10 -12 13 -13 -14 17 -17 18 20 21 22 -20 27 24 -19 26 -26 -1 -21 -25
right_child=1 2 -4 4 5 -7 -8 -9 9 -11 11 12 14 -15 -16 16 -18 23 19 28 -22 -23 -24 29 25 -27 -28 -29 -30 -31
leaf_value=4.1549831178009337e-06 7.3246327478083181e-05 8.7566011191173501e-06 -0.00059595963020234199 0.00038742595052853956 -0.00024646233539796285 0.00019014183567135241 -0.00060695919029964108 0.000616406818850621 8.7757880577256546e-05 0.00050929193149293654 -0.0002124656316790541 -0.00012104731304870185 -0.00028304173241955566 0.00070116927147493647 0.00016903664212372888 -0.00051306481644368971 -1.862035454553903e-05 -0.0003540605536782415 -1.2615143928736356e-05 -0.00017573958747827434 0.00023332095866230524 0.00037305869786688641 -1.7966783112124376e-05 -2.8936382355962235e-05 4.201003872240242e-05 0.0004156813979851064 0.00023004590859352595 0.00021043268810956069 0.00014444933789310973 3.7499637523239821e-05
leaf_weight=1044 1056 11746 55 400 175 176 85 316 1540 230 301 44 234 84 136 201 625 116 158 1163 212 97 20748 3797 819 257 141 542 145 3558
leaf_count=1044 1056 11746 55 400 175 176 85 316 1540 230 301 44 234 84 136 201 625 116 158 1163 212 97 20748 3797 819 257 141 542 145 3558
internal_value=-6.52377e-05 0.000815547 0.000421382 0.000492767 0.00456059 -0.00292023 0.000234553 0.00444606 -0.000406167 0.00162515 0.000780248 -0.00278473 0.000502008 0.0121094 -0.00351351 -0.000561372 -0.00417676 -0.000470317 -0.000838898 -0.00507038 -0.000545551 0.00441176 -0.000649234 0.000552486 0.00384471 0.00560805 0.00364583 0.00261665 -0.00691896 -4.41876e-05
internal_weight=50201 14009 12637 12582 751 351 11831 1372 36192 2569 2339 799 498 128 370 33623 826 32797 24109 1563 22546 255 22334 8688 1333 1217 960 1586 1308 7355
internal_count=50201 14009 12637 12582 751 351 11831 1372 36192 2569 2339 799 498 128 370 33623 826 32797 24109 1563 22546 255 22334 8688 1333 1217 960 1586 1308 7355
is_linear=0
shrinkage=0.05


Tree=78
num_leaves=31
num_cat=0
split_feature=13 13 13 12 12 11 2 9 11 15 7 11 14 13 15 15 14 13 13 13 12 3 12 14 14 13 15 13 12 11
split_gain=4.87528 7.43542 9.17976 8.34479 8.5624 6.84037 6.76991 8.31548 5.26379 9.04988 5.25796 5.22793 9.92388 8.67142 8.12751 9.0617 6.42128 6.28185 11.0428 6.94338 5.93015 5.22518 4.8939 4.84631 16.8879 10.9727 17.6934 12.9133 13.946 16.8855
threshold=35.690000534057624 28.970000267028812 25.505000114440922 -0.071455509470426767 -0.050232690438178178 -0.036898887484870739 -0.094576880682918127 -0.021295098260559527 -0.030384470516343128 0.014443670585630454 -0.046897296692959049 -0.022024026906729662 0.16537685982304043 17.090000152587894 -0.013930302503303514 -0.016964120841018556 0.22590160926733996 18.94999980926514 21.724999427795414 17.914999961853031 -0.03685301683685837 -0.00025766101646590428 -0.062212447341067838 0.0091478412114857095 0.0080830591469587282 16.510000228881839 0.0088706283599034891 16.614999771118168 -0.010763089356595755 0.0044457003054257935
decision_type=2 2 2 2 2 2 2 8 2 2 2 2 2 2 2 2 2 2 2 2 2 2 2 2 2 2 2 2 2 2
left_child=1 2 8 5 -5 -3 -4 -8 9 -1 -7 12 13 -10 15 -15 23 19 21 -16 -20 -19 -9 24 -13 -25 27 -27 29 -29
right_child=-2 3 6 4 -6 10 7 22 11 -11 -12 16 -14 14 17 -17 -18 18 20 -21 -22 -23 -24 25 -26 26 -28 28 -30 -31
leaf_value=-1.5973545392939521e-05 0.00022763196459081039 -0.00015977249303577337 0.00027268960602946679 -0.000705098469766412 -0.00011907354391610565 0.00088167585831183367 -0.00013773597340683378 -0.00019975854387388643 -0.00033869782195653192 -0.00028686513812154873 -2.2345701503806613e-05 1.5768133710077938e-06 0.00039040413079797787 5.0618737179531498e-05 -2.7121382014240689e-05 -0.00023911937798355612 -0.00036836015421899963 8.2402629695507978e-05 -2.5430362587456484e-05 0.00033120150134474376 0.00023748673569148719 -0.00015114658076065173 0.00028511331760871654 -5.1008252020493975e-05 0.00042298270215940492 0.00026798285970447059 -0.00030216187844119273 -0.00014624637097119834 5.0834055117572265e-05 7.8439019698523221e-05
leaf_weight=835 373 121 345 126 242 81 312 61 61 258 101 28326 298 241 117 190 167 132 183 309 368 295 380 7898 238 317 375 1199 5411 660
leaf_count=835 373 121 345 126 242 81 312 61 61 258 101 28326 298 241 117 190 167 132 183 309 368 295 380 7898 238 317 375 1199 5411 660
internal_value=-0.000131947 -0.000174734 -0.000103112 -0.00540238 -0.010462 0.000742574 0.00441712 0.00175963 -0.000206776 -0.00363678 0.00686813 -0.000126643 0.00225615 0.000922996 0.00153951 -0.00446636 -0.000243883 0.00338319 0.00117587 0.0084507 0.00585299 -0.00485948 0.00617914 -0.000207095 0.000182047 -0.000907945 0.000401909 0.000925926 0.000495186 -0.00324099
internal_weight=50020 49647 48976 671 368 303 1098 753 47878 1093 182 46785 2194 1896 1835 431 44591 1404 978 426 551 427 441 44424 28564 15860 7962 7587 7270 1859
internal_count=50020 49647 48976 671 368 303 1098 753 47878 1093 182 46785 2194 1896 1835 431 44591 1404 978 426 551 427 441 44424 28564 15860 7962 7587 7270 1859
is_linear=0
shrinkage=0.05


Tree=79
num_leaves=31
num_cat=0
split_feature=6 5 11 14 11 14 10 10 15 14 11 11 14 15 13 14 10 11 14 13 14 10 11 11 15 15 10 13 15 15
split_gain=5.16633 5.33517 4.53531 9.84666 4.77485 4.7194 4.52431 4.19742 4.11428 18.4804 17.04 16.8085 14.656 14.0068 12.6167 12.5561 15.4519 15.2185 21.702 15.5504 13.2009 13.5139 12.3558 16.4686 11.6381 10.6572 10.47 9.80804 9.75064 9.59659
threshold=0.19791778442506064 0.022908129929654002 0.036250382984596159 0.066380812843571571 0.034590323148393838 -0.16769008837329388 0.06903334451863076 0.023991459337660673 0.0027254925316753113 -0.013346627210452431 0.0026615433569360252 0.009090553623087862 0.08366532037956588 0.0048295241380750262 12.84500026702881 -0.0066644727723151323 -0.0025714907564299279 0.014880662239239896 0.0071322940265206034 12.644999980926515 0.029438000999075457 0.0039191669911444746 0.0035059532242039952 0.0023967132721236521 -0.011410133740554771 0.0026193076940523867 0.0014013847331743048 16.164999961853031 -0.012631641410202342 -0.0048317884181032214
decision_type=2 2 2 2 2 2 2 2 2 2 2 2 2 2 2 2 2 2 2 2 2 2 2 2 2 2 2 2 2 2
left_child=2 -2 4 -4 5 -1 -3 8 9 10 25 26 13 14 -10 16 -11 18 19 -17 21 28 23 -22 -24 -7 27 -12 -20 -19
right_child=1 6 3 -5 -6 7 -8 -9 12 15 11 -13 -14 -15 -16 17 -18 29 20 -21 22 -23 24 -25 -26 -27 -28 -29 -30 -31
leaf_value=0.0001999723863647495 3.5606109774474326e-06 0.00011992318117520392 -7.22460427186199e-05 0.00098802924238639033 0.000249137638484585 0.00012294201818333395 -0.00037035102440397802 0.00045095124681972487 0.00010078128664254977 3.0120358817006682e-05 0.00019107459192960912 5.3859037051719705e-05 0.00028424802619096858 -1.2034422980159669e-05 -0.0001281272655357802 -0.00052606114841658748 -0.00027543744227262354 -0.00027977157056140043 4.9889753622362008e-05 0.00015879623872992431 2.3795350015200486e-06 0.00024759562849740161 -7.4720885657768006e-05 -0.00029082574728408014 0.00020109833052039743 0.00041708251412213418 -0.00020788539259540838 -0.00022016213737795131 -0.00012910043270065462 -5.4695914380334393e-05
leaf_weight=149 12652 3720 1487 55 204 1599 54 69 381 382 156 1625 157 11405 2317 55 606 531 357 1586 5066 173 416 281 1123 120 328 96 1842 1282
leaf_count=149 12652 3720 1487 55 204 1599 54 69 381 382 156 1625 157 11405 2317 55 606 531 357 1586 5066 173 416 281 1123 120 328 96 1842 1282
internal_value=-4.57493e-05 0.000681846 -0.000398842 -0.00304799 -0.000272395 -0.000320852 0.00233174 -0.000362251 -0.00038891 0.000121993 0.0031473 0.000238095 -0.00102034 -0.00118946 -0.00442921 -0.000744526 -0.00617409 -0.00032253 0.000383063 0.00568251 -0.000556276 -0.00377319 0.000551844 -0.00058444 0.00449968 0.006879 -0.00706897 0.000595238 -0.00483174 -0.00456426
internal_weight=50274 16426 33848 1542 32306 32102 3774 31953 31884 17624 3924 2205 14260 14103 2698 13700 988 12712 10899 1641 9258 2372 6886 5347 1539 1719 580 252 2199 1813
internal_count=50274 16426 33848 1542 32306 32102 3774 31953 31884 17624 3924 2205 14260 14103 2698 13700 988 12712 10899 1641 9258 2372 6886 5347 1539 1719 580 252 2199 1813
is_linear=0
shrinkage=0.05


Tree=80
num_leaves=31
num_cat=0
split_feature=11 15 11 16 14 16 11 15 16 12 13 14 15 15 11 8 16 13 14 12 12 14 13 11 12 13 12 11 15 3
split_gain=4.42588 17.3732 24.6915 22.0745 18.8742 16.092 16.0725 19.9336 17.9046 17.6671 18.7755 13.2086 12.177 12.8529 12.5237 14.6718 11.9979 13.8442 13.7083 12.6298 17.5408 14.8027 12.7043 14.4343 12.4811 13.8198 11.9225 13.7838 12.6795 10.6931
threshold=0.0015109510563884323 0.0031181041301072692 0.00081108963534770606 0.01696013637953209 -0.012869754487188577 0.0066353348443147784 0.0035059532242039952 -0.0021598023883145352 -0.014072398823923969 0.011040694977268452 13.605000019073488 0.068989760976132977 0.01103117173772117 0.014443670585630454 -0.0237759721784318 -0.042768158454921816 0.001911181690077868 17.154999732971195 -0.010052360297814309 0.026411578582636323 -0.0067438381246153192 0.089310650361053359 16.510000228881839 -0.010342392625162121 0.0062346359643689073 16.675000190734867 0.04047963103536379 0.00036209902272010824 -0.0044586982918248799 0.00538667229033818
decision_type=2 2 2 2 2 2 2 2 2 2 2 2 2 2 2 8 2 2 2 2 2 2 2 2 2 2 2 2 2 2
left_child=1 2 4 5 -1 11 7 -2 -8 -9 -11 12 29 -14 -15 -16 18 24 -6 20 -20 26 23 -22 -18 -26 27 -21 -28 -3
right_child=6 3 -4 -5 16 -7 8 9 -10 10 -12 -13 13 14 15 -17 17 -19 19 21 22 -23 -24 -25 25 -27 28 -29 -30 -31
leaf_value=0.00011148178160359539 -0.00025456313384489136 -0.00013922693909692647 0.00033939543415848611 0.00063654713705711067 -0.0002073495354415594 -0.00028105930151152165 0.00049930001039795652 0.00024104574135215196 -4.1913691777088062e-06 9.4038020956215194e-05 -0.00016240094253374001 0.00030705607638083015 0.00014491593956669248 -0.00027399217455806589 0.00020294014451793831 -7.7140297137902767e-05 -0.00044633337697571712 0.00025075405864859483 -3.1811632973724729e-05 -0.00029193901961182444 -0.00011889571438630813 0.00011888617932126191 0.00018524308945689716 8.1455967313042151e-05 0.00017003024947313401 -0.00035323717391675031 0.00012686228895620539 0.00035849605815549022 -0.00016996655072245832 1.1596081275874793e-05
leaf_weight=2216 858 1842 362 117 415 419 175 362 26500 426 1019 123 853 301 619 1303 112 488 3819 905 550 492 2083 1509 432 121 437 60 312 896
leaf_count=2216 858 1842 362 117 415 419 175 362 26500 426 1019 123 853 301 619 1303 112 488 3819 905 550 492 2083 1509 432 121 437 60 312 896
internal_value=-5.78542e-05 0.000500337 0.00147244 -0.00164916 0.00113791 -0.00204531 -0.000453306 -0.00415572 -8.34114e-05 -0.00117598 -0.00365052 -0.00137696 -0.00171999 0.000438882 -0.0015632 -7.80437e-05 0.00033873 0.00518213 -0.000189 0.000174584 0.00110225 -0.00317316 0.00335587 0.000570665 0.000488722 0.00357143 -0.00536756 -0.00904145 -0.000634179 -0.00414536
internal_weight=50126 20786 14313 6473 13951 6356 29340 2665 26675 1807 1445 5937 5814 3076 2223 1922 11735 1153 10582 10167 7961 2206 4142 2059 665 553 1714 965 749 2738
internal_count=50126 20786 14313 6473 13951 6356 29340 2665 26675 1807 1445 5937 5814 3076 2223 1922 11735 1153 10582 10167 7961 2206 4142 2059 665 553 1714 965 749 2738
is_linear=0
shrinkage=0.05


Tree=81
num_leaves=31
num_cat=0
split_feature=8 11 12 15 10 3 3 10 5 11 16 16 16 12 10 14 10 11 11 14 14 12 16 12 14 14 15 16 15 12
split_gain=5.00044 6.54051 7.96844 8.21516 7.25989 7.12892 6.97579 5.87041 4.35944 4.53287 5.19672 10.238 9.74679 19.8051 10.9081 15.22 9.2154 8.93503 7.34417 6.80643 12.2596 8.73804 8.34052 7.28939 6.6747 12.5085 11.924 15.5304 15.1912 14.463
threshold=inf 0.02306163879140322 0.02867505219605682 -0.012190473812972001 -0.010705879931759586 0.0021435110921471661 0.0084146155186682909 -0.0017910689910654585 0.012871180214423865 0.045591167028525621 0.043520562271840875 0.0345124392496673 0.027036021108075795 -0.027697520987391363 0.0010681623083543814 0.033484849976317961 0.0018426398432722648 0.0070460817852476829 0.013609022082518242 0.0091478412114857095 0.00619378828642947 -0.0042212478114914123 0.038254741483967243 0.025773504554040153 -0.01645331830647578 -0.0052640766517011986 0.0031181041301072692 0.0063388258994082633 -0.0034747694163764216 0.047210036884337898
decision_type=8 2 2 2 2 2 2 2 2 2 2 2 2 2 2 2 2 2 2 2 2 2 2 2 2 2 2 2 2 2
left_child=8 2 5 -4 -5 7 -3 -2 -1 10 11 12 24 -14 17 -16 -12 -15 -18 20 21 -13 -21 -24 26 -26 27 29 -29 -10
right_child=1 6 3 4 -6 -7 -8 -9 9 -11 16 19 13 14 15 -17 18 -19 -20 22 -22 -23 23 -25 25 -27 -28 28 -30 -31
leaf_value=-1.4516520686192501e-05 -4.7425042310748554e-05 0.00038716167275215153 -0.0004928202850837752 0.0002318797409481677 -0.00019118209339739659 -0.00011497216486069146 -0.00037070986156089147 0.00013994625530769442 0.00018883902604641771 -7.5402337463781387e-05 0.00016113741558067344 0.00019057996252726372 -0.0002623649615458474 -7.8073562689843107e-05 0.00014872306777695451 -0.00022123369421274392 0.0004197253438965862 0.00047355541064107368 -7.1209954175553706e-06 -0.00026457084483210997 0.00042761472939321292 -0.00011906137254031853 0.00011392753965506651 -0.00032574272725587923 -0.00010424775368766604 1.765089472218883e-06 -1.0817142778790298e-06 -0.00036815852406010927 2.3729904202701366e-05 -0.00015612199150652381
leaf_weight=11286 351 150 122 64 364 430 40 272 2014 1008 1191 231 177 101 1360 213 69 468 2095 305 81 1622 200 114 2477 14800 7273 154 911 252
leaf_count=11286 351 150 122 64 364 430 40 272 2014 1008 1191 231 177 101 1360 213 69 468 2095 305 81 1622 200 114 2477 14800 7273 154 911 252
internal_value=-0.000126009 -0.00271891 -0.00375858 -0.00863636 -0.00537383 -0.00121083 0.00605263 0.00220706 -2.99574e-05 0.000231706 0.000324028 0.000132049 0.000389073 0.00350367 0.00483193 0.00268595 0.00219821 0.0107645 0.000254159 -0.00290834 -0.00144778 -0.00228009 -0.00747173 -0.00175159 0.000130017 -0.000476066 0.0011175 0.00359502 -0.00138498 0.00593557
internal_weight=50195 1793 1603 550 428 1053 190 623 48402 37116 36108 32753 30200 2319 2142 1573 3355 569 2164 2553 1934 1853 619 314 27881 17277 10604 3331 1065 2266
internal_count=50195 1793 1603 550 428 1053 190 623 48402 37116 36108 32753 30200 2319 2142 1573 3355 569 2164 2553 1934 1853 619 314 27881 17277 10604 3331 1065 2266
is_linear=0
shrinkage=0.05


Tree=82
num_leaves=31
num_cat=0
split_feature=4 6 6 5 11 10 12 10 12 12 12 12 9 1 13 12 12 12 10 10 12 13 9 11 16 13 11 10 12 13
split_gain=6.04457 4.47503 3.92841 3.7586 4.09185 3.66585 12.7503 7.74211 10.3669 6.181 6.86623 5.88874 5.86653 5.50626 4.58871 11.159 10.4743 9.71644 9.66987 21.6639 12.9873 8.90084 9.29305 11.9865 15.6175 9.74192 8.73987 8.73151 13.1301 15.4309
threshold=0.089586964096013702 1.6723517722542673 -1.6560139107819951 0.012442795785750728 0.023858955233929894 0.013844778774777857 -0.051373899775069835 0.012020737458552368 0.057873618969341407 -0.062212447341067838 -0.05793872793170584 -0.071455509470426767 -0.021295098260559527 -0.13663485717297716 16.469999313354496 -0.0082551652511544376 -0.010763089356595755 -0.0054605292938276753 -0.0064885542336663984 -0.0044419794643563706 0.01698171514572289 16.675000190734867 -0.35711925322925447 -0.0072461958036925669 0.0049913622652627563 17.994999885559086 1.0000000180025095e-35 -0.00028779265249584402 0.01698171514572289 22.330000877380375
decision_type=2 2 2 2 2 2 2 2 2 2 2 2 10 2 2 2 2 2 2 2 2 2 10 2 2 2 2 2 2 2
left_child=1 2 -1 4 -4 7 -7 9 -9 11 -11 13 -13 -5 15 -12 21 -17 26 20 -20 -16 -23 25 -25 -24 -19 28 29 -18
right_child=-2 -3 3 5 -6 6 -8 8 -10 10 14 12 -14 -15 16 17 27 18 19 -21 -22 22 23 24 -26 -27 -28 -29 -30 -31
leaf_value=-0.00010318049646916263 0.0003741984610283642 4.4232172658881115e-05 -2.0323084349841848e-05 0.00098597404114627988 2.362261702918492e-05 0.00042080363819923497 -8.5023448864091867e-05 0.00038190822549421296 -5.4236004637361201e-05 0.00029883956629205097 0.00015275531729100415 -0.00035250206506195645 2.4807200776030914e-05 -6.7897342410337528e-05 0.00050305989908644747 -0.00035364581096501989 0.00022490358076270373 2.6774813946218004e-05 4.6045457462010056e-05 -1.4786296732449668e-05 -0.00036436879883857239 3.6982699143414595e-05 0.00027787500977055813 -0.00043182430427378621 -4.0047590146914455e-05 -3.8123710529175407e-05 0.00028789268221018379 2.359142042755898e-06 1.5909731249014269e-05 -0.00012792229201935654
leaf_weight=378 395 4542 8256 60 841 146 1754 383 224 148 651 248 107 610 46 230 2241 694 184 12788 531 1697 137 568 724 2124 279 5881 2879 379
leaf_count=378 395 4542 8256 60 841 146 1754 383 224 148 651 248 107 610 46 230 2241 694 184 12788 531 1697 137 568 724 2124 279 5881 2879 379
internal_value=-0.00014813 -0.000197064 -0.000347437 -0.00030462 -0.00121194 -7.35026e-05 -0.00221053 4.65797e-05 0.0056425 -5.57128e-05 6.60328e-05 -0.00387805 -0.00908451 -0.0011194 1.63893e-05 -0.000607215 0.000590669 -0.000890793 -0.000728792 -0.00107569 -0.00954545 -0.00124622 -0.0014381 -0.00289192 -0.00673375 -0.000696594 0.0040853 0.00144552 0.0028778 0.00543893
internal_weight=50125 49730 45188 44810 9097 35713 1900 33813 607 33206 32181 1025 355 670 32033 15357 16676 14706 14476 13503 715 5296 5250 3553 1292 2261 973 11380 5499 2620
internal_count=50125 49730 45188 44810 9097 35713 1900 33813 607 33206 32181 1025 355 670 32033 15357 16676 14706 14476 13503 715 5296 5250 3553 1292 2261 973 11380 5499 2620
is_linear=0
shrinkage=0.05


Tree=83
num_leaves=31
num_cat=0
split_feature=9 11 10 12 14 12 11 13 11 9 12 15 15 7 11 12 14 11 12 14 12 14 14 12 11 9 9 13 8 11
split_gain=4.84638 6.2001 4.03392 7.98802 12.9064 10.6613 9.36385 10.8323 11.37 9.13675 8.21143 7.88198 7.87734 7.57148 7.50961 9.54342 8.53389 7.68132 7.02671 6.97824 11.2853 8.93253 20.0056 7.54105 5.98175 7.32762 5.97531 5.64805 5.46944 6.53965
threshold=0.68063528343894331 -0.015698134800596782 0.0079905561282167543 0.055910594976570589 -0.073050802278400592 -0.018483569638135518 -0.011586998354799647 16.355000495910648 0.028626427066600128 0.35431607648121627 0.076145654651098141 0.0048295241380750262 0.024685065787911745 0.029718767113552928 0.048369851131751858 0.028388947931175527 -0.022343626602261631 0.022371704579513211 0.051085048604070045 -0.093449770795740669 -0.024129898343469899 -0.05546753287916955 -0.060408912479391223 -0.037333160893422583 -0.01283064829549274 -0.22620326564483731 0.0041125345956383183 18.719999313354496 -0.14433724260039008 0.011605230504387444
decision_type=10 2 2 2 2 2 2 2 2 8 2 2 2 2 2 2 2 2 2 2 2 2 2 2 2 10 10 2 8 2
left_child=2 -2 19 4 5 28 -6 9 -9 11 -5 -8 14 -10 15 16 -13 -17 -11 20 -1 22 23 -21 -7 -26 -22 -12 -4 -30
right_child=1 -3 3 10 6 24 7 8 13 18 27 12 -14 -15 -16 17 -18 -19 -20 21 26 -23 -24 -25 25 -27 -28 -29 29 -31
leaf_value=-0.0001125994642926953 0.0008536404774192566 0.00011240045690473107 0.0003221200076534302 -0.00013001309742849363 -0.00043707544616496417 -0.00023469133153605659 -0.0003090840033629623 0.00025200128961796011 0.0001926088626467211 -0.00010727572393623791 0.00025199351504866729 0.0004737908505785744 -0.00011334058792886867 -0.00016612176654683434 -0.00012813455938419943 -5.5611893440655778e-06 4.2988446488698392e-05 0.00035418929592834957 0.0003213802666099016 -0.00016638207783597461 0.00037123532186528652 -6.1680720962180304e-06 -0.00031688807644782559 6.416189648954935e-07 6.1434694107906211e-05 -8.3880742470971846e-05 0.00010652327179473919 -0.0003105268032162924 0.00014921052008258099 -6.9163357224333178e-05
leaf_weight=119 131 1253 142 663 117 238 47 1124 103 541 391 331 170 190 119 538 164 264 70 126 180 37693 515 1567 558 1445 225 119 689 306
leaf_count=119 131 1253 142 663 117 238 47 1124 103 541 391 331 170 190 119 538 164 264 70 126 180 37693 515 1567 558 1445 225 119 689 306
internal_value=-9.97248e-05 0.00281792 -0.000182549 0.000819426 0.00144634 -0.00079929 0.00345421 0.00389921 0.00732181 0.00173797 -0.00300512 0.00368953 0.00428752 -0.00145051 0.00550847 0.00661141 0.0120707 0.0032419 -0.00347791 -0.000388992 0.00534351 -0.000464274 -0.00355525 -0.000930301 -0.00280009 -0.00190964 0.00932099 0.00176471 0.00314424 0.00183417
internal_weight=50138 1384 48754 8329 7156 3378 3778 3661 1417 2244 1173 1633 1586 293 1416 1297 495 802 611 40425 524 39901 2208 1693 2241 2003 405 510 1137 995
internal_count=50138 1384 48754 8329 7156 3378 3778 3661 1417 2244 1173 1633 1586 293 1416 1297 495 802 611 40425 524 39901 2208 1693 2241 2003 405 510 1137 995
is_linear=0
shrinkage=0.05


Tree=84
num_leaves=31
num_cat=0
split_feature=5 8 13 12 13 13 11 12 13 15 15 15 15 15 10 14 14 15 13 15 15 10 10 10 15 14 14 11 11 10
split_gain=4.74726 5.09289 4.77395 10.1003 4.31025 9.73395 11.6579 14.7573 8.20582 13.9573 16.8066 8.9415 8.87381 10.4981 7.01234 9.99357 8.45544 11.6269 8.82034 6.40455 7.6988 14.6096 8.62306 11.0856 9.66138 7.38259 6.76977 9.07439 8.02434 6.6139
threshold=0.022003089159655074 0.30482633530754649 16.035000801086429 -0.0082551652511544376 13.444999694824221 13.234999656677248 0.012360939559302066 0.03170739700197301 14.494999885559084 -0.011133573310249499 0.0017460280894240345 0.0018874120505504301 -1.0000000180025095e-35 -0.0073319491034121711 0.010510737947986739 -0.0057009871463875031 -0.022343626602261631 0.0051791763290226509 14.340000152587892 0.022105603645886988 0.0085355393911062966 0.0058855718957657741 -0.0015878085358975167 -0.0057953409857444118 0.0079064743279586586 0.010891009150098998 0.082924621878779262 0.0015109510563884323 -0.0027153641144564973 0.0056441897511456682
decision_type=2 8 2 2 2 2 2 2 2 2 2 2 2 2 2 2 2 2 2 2 2 2 2 2 2 2 2 2 2 2
left_child=1 4 3 -2 5 19 -7 -8 9 -6 12 -12 13 -11 15 16 17 -13 -19 20 21 22 23 -1 26 -22 27 28 -24 -26
right_child=2 -3 -4 -5 8 6 7 -9 -10 10 11 14 -14 -15 -16 -17 -18 18 -20 -21 25 -23 24 -25 29 -27 -28 -29 -30 -31
leaf_value=0.00021687749427886976 0.00043042832904266004 -6.0795494065542333e-05 5.4383340141925081e-05 -4.397519336744212e-05 8.6327660785146288e-05 0.00024244363187208478 0.00034549519735775961 -0.00014636781642128206 -2.5735215233894766e-06 -0.00026029060212235414 0.00034468938436911463 -0.00010123022395723217 -0.00024587487416223547 -5.8104452807588359e-05 -0.00012362143962159344 -6.2854732679074263e-05 0.00014926523867358877 0.00019339602855837114 -5.0489043149727461e-05 -0.00015039295029259655 0.00020404394060576949 -0.0001673062257470143 -2.0954135314439713e-05 -0.000122957752959185 -0.00049440736629147533 -7.9956813080699508e-05 -0.00042055519450849175 2.7547733536885909e-05 0.00037936085094803944 3.9488016408187335e-05
leaf_weight=112 144 1479 9710 3517 666 615 117 246 24183 361 107 240 329 1092 529 1031 236 375 194 221 574 410 107 708 99 221 54 2155 213 56
leaf_count=112 144 1479 9710 3517 666 615 117 246 24183 361 107 240 329 1092 529 1031 236 375 194 221 574 410 107 708 99 221 54 2155 213 56
internal_value=-9.43095e-05 -0.000387966 0.000712363 -0.000826277 -0.000267368 0.000964794 0.00552147 -0.00158402 -0.000515455 -0.00232558 -0.00332666 -0.000848083 -0.00709877 -0.00541982 -0.00142994 -0.000120424 0.00332536 0.000896168 0.0047891 6.08519e-05 0.000451264 -0.000459888 0.000585046 -0.00390244 0.00195604 0.00493711 0.0026987 0.00308081 0.0109375 -0.0101613
internal_weight=50101 36730 13371 3661 35251 5908 978 363 29343 5160 4494 2712 1782 1453 2605 2076 1045 809 569 4930 4709 3914 3504 820 2684 795 2529 2475 320 155
internal_count=50101 36730 13371 3661 35251 5908 978 363 29343 5160 4494 2712 1782 1453 2605 2076 1045 809 569 4930 4709 3914 3504 820 2684 795 2529 2475 320 155
is_linear=0
shrinkage=0.05


Tree=85
num_leaves=31
num_cat=0
split_feature=13 8 8 9 13 10 14 16 14 11 10 10 0 13 13 13 11 11 15 15 16 9 11 11 13 16 15 16 13 11
split_gain=5.12408 4.16407 3.63183 4.05644 7.24515 6.1922 5.53807 9.62469 5.61715 7.40271 4.83033 5.8627 4.48848 5.67778 4.10161 4.07732 8.682 18.9411 12.9139 14.4269 12.641 8.86687 8.83395 11.7717 6.7885 11.9236 14.7651 13.9334 9.35477 12.0542
threshold=49.655000686645515 0.22560255420560074 0.1973875411808729 0.23956375675545319 16.085000038146976 -0.0070427496323355867 -0.012869754487188577 0.027203630635681878 -0.019219245464752229 0.0035059532242039952 0.0028970765900091515 0.00090086479202544656 -0.0042372270304886763 13.174999713897707 12.230000019073488 13.554999828338625 0.011258220737919157 1.0000000180025095e-35 0.0042040753568032283 -0.00029841487396903282 0.00081975429508929231 -0.072369673262093634 0.0087352100413986573 0.0026615433569360252 14.734999656677248 0.00023795238460544435 0.0044872553089198028 -0.0046027708612993981 14.904999732971193 -0.0038175375039997124
decision_type=2 10 8 10 2 2 2 2 2 2 2 2 2 2 2 2 2 2 2 2 2 10 2 2 2 2 2 2 2 2
left_child=1 2 3 15 5 -5 8 10 9 -7 11 -8 -9 -14 -11 16 17 18 19 -1 -18 -19 23 -23 25 27 -27 -17 29 -26
right_child=-2 -3 -4 4 -6 6 7 12 -10 14 -12 -13 13 -15 -16 24 20 21 -20 -21 -22 22 -24 -25 28 26 -28 -29 -30 -31
leaf_value=-0.00010306871496748327 0.0014479989332289328 0.00012976674383519222 -5.1938461785279825e-05 0.00023902612378526417 9.1661576540862539e-05 0.00019474834132994303 -0.00013376523918207491 0.00028939197632393989 0.00015970587475779143 0.00038532330929126287 -0.00017568662929576533 0.00029688155226420153 0.00018650482721607048 -0.00012578950601188421 -8.2339078830118593e-05 -2.7275884665858885e-05 -0.00029904205331172462 0.00022957692823732183 -0.00032638132313966199 0.00023343235014728332 -6.3355605502263096e-06 0.00023848869960013146 0.00019137088031171258 -4.914710611080729e-05 -0.00036360867813977314 -0.00013481543233962064 -1.2401183727868003e-05 0.00014618450649531937 -9.4646960896806891e-06 0.00014349956626849049
leaf_weight=329 58 1840 2586 203 2621 364 842 125 258 74 373 131 195 154 853 1701 140 529 233 194 2701 295 405 733 61 1643 1556 476 27651 859
leaf_count=329 58 1840 2586 203 2621 364 842 125 258 74 373 131 195 154 853 1701 140 529 233 194 2701 295 405 733 61 1643 1556 476 27651 859
internal_value=-0.000197776 -0.000214963 -0.000303925 -0.00020077 0.00098902 -0.000475924 -0.00098694 -0.00285714 0.00121046 -0.000135554 -0.00501486 -0.00316033 0.00327004 0.000358166 -0.00250809 -0.000387283 0.000867962 0.00288815 -0.00383598 0.000525813 -0.00106477 0.0054791 0.00343685 0.000972763 -0.000592836 -0.00222284 -0.00416536 0.000631603 -0.000286129 0.00467391
internal_weight=50183 50125 48285 45699 6193 3572 3369 1820 1549 1291 1346 973 474 349 927 39506 5559 2718 756 523 2841 1962 1433 1028 33947 5376 3199 2177 28571 920
internal_count=50183 50125 48285 45699 6193 3572 3369 1820 1549 1291 1346 973 474 349 927 39506 5559 2718 756 523 2841 1962 1433 1028 33947 5376 3199 2177 28571 920
is_linear=0
shrinkage=0.05


Tree=86
num_leaves=31
num_cat=0
split_feature=4 8 13 14 14 12 15 11 14 12 13 11 13 11 1 15 13 15 15 11 14 14 15 15 11 14 14 13 13 12
split_gain=3.94701 3.37869 5.79062 5.04626 26.6858 11.4337 13.1063 15.9304 9.72231 9.29117 7.51818 7.25768 7.13724 8.49824 6.54708 6.13981 12.5874 12.529 12.9801 12.2512 11.2032 6.14247 11.9783 19.1736 8.74383 9.96879 8.15705 16.5229 23.603 23.3382
threshold=0.089586964096013702 inf 26.494999885559086 0.08366532037956588 0.081923980519954323 0.02697009064661449 -0.010179666969307498 -0.017068850621732742 0.10333272396106032 -0.0080789703777397453 16.345000267028812 0.010571725721311933 18.904999732971195 0.00081108963534770606 0.045490314954665718 -0.019346252250829695 18.260000228881839 -0.013930302503303514 -0.012190473812972001 0.00036209902272010824 0.037991361441833245 0.049481808267930923 -0.0072497527188145608 -0.0021199824694236309 0.03197650803521624 0.052093484772870687 0.013234785210327617 14.734999656677248 13.444999694824221 0.023117382956200586
decision_type=2 8 2 2 2 2 2 2 2 2 2 2 2 2 2 2 2 2 2 2 2 2 2 2 2 2 2 2 2 2
left_child=1 3 -3 4 15 6 9 -8 -7 12 -11 -9 -5 -14 -13 16 19 20 -19 -1 -17 26 -23 -24 25 -25 -20 28 -28 -29
right_child=-2 2 -4 5 -6 8 7 11 -10 10 -12 14 13 -15 -16 17 -18 18 21 -21 -22 22 23 24 -26 -27 27 29 -30 -31
leaf_value=4.7221723448746195e-05 0.00033358345151818063 -6.3190765044311874e-05 0.00019357647943437208 -0.00012510680555313601 -0.00036096254307498309 0.00024064162987004185 0.00029752451592223334 -0.00019969596114887173 5.6974158593430491e-06 -0.00010820215199819749 0.00020839820183352994 9.5181370730698225e-05 -7.9529127386820775e-06 0.00030441455145211133 -0.00030002525595046345 -2.559942218868976e-05 -0.00013250567249105912 0.00016387860183450522 1.714977531331631e-06 0.00026685693526512131 -0.0002688709254926595 -7.8350483900780076e-05 0.00040386815490096032 0.00045576780641779885 0.00033499680787478243 -4.5828956996219482e-05 3.9458781741423359e-07 6.4892205227226612e-05 -0.00021026679149486742 -0.0001005044215575191
leaf_weight=478 393 1727 59 299 344 474 118 617 349 178 1162 143 1465 186 46 1073 242 542 29619 349 726 621 427 114 174 910 1086 3009 1186 1948
leaf_count=478 393 1727 59 299 344 474 118 617 349 178 1162 143 1465 186 46 1073 242 542 29619 349 726 621 427 114 174 910 1086 3009 1186 1948
internal_value=-9.28811e-05 -0.000132371 -0.00226764 -5.27305e-05 -0.000228715 0.00144431 0.000391552 -0.00487013 0.00683475 0.0018693 0.00507463 -0.00738213 -0.000333333 0.000953967 0.00119048 -0.00011646 0.00362488 -0.000212984 -2.77525e-05 0.00655985 -0.00429405 -0.000134292 0.00240427 0.00466154 0.00141903 -0.000341797 -0.000289025 -0.00179485 -0.0053257 -0.000176518
internal_weight=50064 49671 1786 47885 42848 5037 4214 924 823 3290 1340 806 1950 1651 189 42504 1069 41435 39636 827 1799 39094 2246 1625 1198 1024 36848 7229 2272 4957
internal_count=50064 49671 1786 47885 42848 5037 4214 924 823 3290 1340 806 1950 1651 189 42504 1069 41435 39636 827 1799 39094 2246 1625 1198 1024 36848 7229 2272 4957
is_linear=0
shrinkage=0.05


Tree=87
num_leaves=31
num_cat=0
split_feature=13 13 10 12 13 2 9 10 9 0 8 9 15 15 15 11 14 9 11 15 13 12 14 14 14 11 13 11 15 11
split_gain=4.67894 6.9956 8.49544 8.96991 8.13638 5.14439 6.66955 5.01074 4.9059 4.78123 5.09523 4.55843 4.45959 30.0625 9.4231 14.4801 23.1958 14.9492 12.5778 11.9855 9.8386 9.49741 11.4394 8.5555 10.6244 7.98161 10.7142 13.7954 7.89816 19.3152
threshold=35.690000534057624 28.970000267028812 -0.023232598164511228 -0.075828258528587975 25.505000114440922 -0.092357268286784408 -0.096700873274325125 -0.023232598164511228 -0.29661523642226273 0.055925978238263847 -0.15079965477737065 -0.058820597757611497 -5.3092179168823244e-05 0.00041353903746421677 -0.0012811947375340191 0.014880662239239896 0.042306243871835354 -0.14840664607189133 0.012589195808640931 -0.0015577020658212313 12.454999923706056 0.062788552899160646 0.023528256562062814 0.089310650361053359 0.08366532037956588 -0.0069171580210211072 19.72500038146973 0.0063364892264597969 0.0027254925316753113 0.0058629672128354135
decision_type=2 2 2 2 2 2 8 2 8 2 10 10 2 2 2 2 2 10 2 2 2 2 2 2 2 2 2 2 2 2
left_child=1 4 -3 -4 7 -6 -7 -1 -9 10 -10 -5 14 -14 15 18 17 19 20 -17 -12 22 -19 24 28 -16 27 -27 29 -15
right_child=-2 2 3 11 5 6 -8 8 9 -11 12 -13 13 23 25 16 -18 21 -20 -21 -22 -23 -24 -25 -26 26 -28 -29 -30 -31
leaf_value=0.00063068177671219197 0.00021209334265635913 -0.00050654171531395672 0.00051508033237817284 -0.00022229974208750112 0.00023884025832623148 -0.00015457670507509522 0.0001460520708136512 0.00017912651629417199 -5.6550347050670149e-05 0.00016467104749835648 -0.00055768617986625118 2.4389873331118455e-05 -0.00022484619863247704 0.00010125033354684053 0.00025156816416107772 -0.00018411687592134111 -0.00034779035136794857 -8.3711820600412476e-05 0.00026336022933691385 0.00041613740981245374 9.1415161165918787e-06 0.0003531469334691114 0.00020572960345678748 -0.00034488252899845298 0.0002582915523467964 -0.00014840781893540075 0.00044703867604644465 9.722471182117949e-05 -1.7735198556531692e-05 -2.440432614216723e-05
leaf_weight=63 380 125 124 286 373 213 521 698 2603 1027 56 138 695 2477 397 670 360 553 301 61 13127 211 221 168 171 470 172 658 20018 2879
leaf_count=63 380 125 124 286 373 213 521 698 2603 1027 56 138 695 2477 397 670 360 553 301 61 13127 211 221 168 171 470 172 658 20018 2879
internal_value=-0.000132428 -0.000174573 -0.00523774 -0.00255474 -0.000105262 0.00413279 0.001703 -0.000202888 -0.000221386 -0.000282799 -0.000357699 -0.00601415 -0.000229589 -0.000638064 0.000395492 9.6401e-06 -0.00387765 -0.00145688 0.000608128 -0.00687415 0.00037738 0.00256345 0 -0.000360712 -0.000286749 0.00393341 0.00203846 0.000265957 -0.000370458 0.00133495
internal_weight=50216 49836 673 548 49163 1107 734 48056 47993 47295 46268 424 43665 26408 17257 15560 2076 1716 13484 731 13183 985 774 25713 25545 1697 1300 1128 25374 5356
internal_count=50216 49836 673 548 49163 1107 734 48056 47993 47295 46268 424 43665 26408 17257 15560 2076 1716 13484 731 13183 985 774 25713 25545 1697 1300 1128 25374 5356
is_linear=0
shrinkage=0.05


Tree=88
num_leaves=31
num_cat=0
split_feature=4 5 16 15 15 15 11 11 16 16 11 14 11 12 13 12 14 11 13 11 12 11 14 11 14 13 13 14 11 11
split_gain=4.48787 3.80731 3.83341 3.68349 19.7757 9.22205 7.742 18.5029 12.347 10.0604 10.4678 9.25761 10.1007 15.0015 11.3182 11.2507 12.1816 11.6185 16.6288 14.4631 8.52818 8.23581 8.13704 7.97202 7.7123 7.6358 8.79463 7.60039 10.0921 7.57836
threshold=0.089586964096013702 0.013396496803880059 0.054748975145843322 -5.3092179168823244e-05 0.00041353903746421677 -0.0012811947375340191 0.014880662239239896 0.016276955956380904 0.01696013637953209 0.0069934531171157452 0.012589195808640931 0.0071322940265206034 -0.023324981642921735 -0.0080789703777397453 23.529999732971195 0.013959739003271522 0.02426411528649575 -0.00011033401627386084 19.98499965667725 -0.0045813235582954906 0.086474140948455194 -0.029337474403061222 0.069818776796141915 -0.0053867343559672589 -0.022738080424884784 15.654999732971193 16.644999504089359 0.052814661982337315 0.009090553623087862 -0.0069171580210211072
decision_type=2 2 2 2 2 2 2 2 2 2 2 2 2 2 2 2 2 2 2 2 2 2 2 2 2 2 2 2 2 2
left_child=1 2 -1 5 -5 6 8 -8 9 10 11 -3 21 14 -14 16 -15 19 22 23 -9 -13 -19 -17 -7 -10 -27 28 -11 -26
right_child=-2 3 -4 4 -6 24 7 20 25 27 -12 12 13 15 -16 17 -18 18 -20 -21 -22 -23 -24 -25 29 26 -28 -29 -30 -31
leaf_value=-1.5632862357412145e-05 0.00034531005899238187 9.8283885452490809e-05 6.5899450159478609e-05 -0.00025455246344985007 -1.3347162321900205e-06 0.00042536738742272163 -0.00054366944443749732 1.4091405156162544e-05 0.00061528821837885219 -0.00026457794167118281 0.00091879789033306927 2.4294288063372861e-06 -0.00021836389593249744 -0.00020268326050908132 3.5462617138872381e-05 -8.6548549752230906e-05 0.00018598282600199961 5.9363421534029769e-05 -0.00034907973656100579 -0.00034378773715766365 -0.00021020258738070141 0.00020420071402410726 0.00038975415593501454 0.00024996685666620126 0.00025508486783014091 -0.00013691569515697868 0.00019330728800095141 1.7788611968921637e-05 -1.163724479032991e-05 -2.3339922470472233e-06
leaf_weight=12859 399 2168 391 530 21190 262 198 1261 133 418 87 887 1244 226 458 878 1319 506 168 526 164 709 245 177 260 225 745 353 352 624
leaf_count=12859 399 2168 391 530 21190 262 198 1261 133 418 87 887 1244 226 458 878 1319 506 168 526 164 709 245 177 260 225 745 353 352 624
internal_value=-8.10616e-05 -0.00012358 -0.000849057 0.000141134 -0.000271639 0.000755499 0.000388563 -0.00284966 0.000833051 0.000314803 0.000838716 0.000680791 -0.000166826 -0.00114408 -0.00508226 0.000512979 0.00386731 -0.00156 0.00291077 -0.00415876 -0.000859649 0.00335213 0.00609188 -0.000781991 0.00506108 0.00587035 0.0043299 -0.00416296 -0.00694805 0.00282805
internal_weight=49962 49563 13250 36313 21720 14593 13447 1623 11824 10721 9598 9511 7343 5747 1702 4045 1545 2500 919 1581 1425 1596 751 1055 1146 1103 970 1123 770 884
internal_count=49962 49563 13250 36313 21720 14593 13447 1623 11824 10721 9598 9511 7343 5747 1702 4045 1545 2500 919 1581 1425 1596 751 1055 1146 1103 970 1123 770 884
is_linear=0
shrinkage=0.05


Tree=89
num_leaves=31
num_cat=0
split_feature=13 13 13 13 12 2 16 9 12 3 8 16 16 15 15 5 14 14 13 14 15 14 14 12 13 12 15 16 12 14
split_gain=4.40503 3.8264 7.48212 6.75522 5.86992 5.43079 6.19908 5.85261 4.41699 4.29501 4.25786 5.88944 10.0292 8.16128 6.01719 6.07638 5.70489 5.10186 9.54372 6.72215 9.84912 8.88718 20.9558 8.91519 9.31507 11.4404 6.77605 6.49669 6.46446 6.46321
threshold=49.655000686645515 28.970000267028812 30.345000267028812 25.505000114440922 -0.042339723299349867 -0.096675669218330415 0.076583230344369438 -0.096700873274325125 -0.050232690438178178 0.012480610281767836 inf 0.018371032737191321 -0.00415439487512853 0.015375623755145342 -0.0084432163683009192 0.015916852896556494 0.054990673733496538 0.13795776446892064 23.265000343322757 0.11013706290812876 -0.010179666969307498 0.08366532037956588 0.081923980519954323 -0.022249459031218995 17.090000152587894 0.02697009064661449 -0.027988241650273023 -0.035276303589539919 0.015760986994464269 0.10333272396106032
decision_type=2 2 2 2 2 2 2 8 2 2 8 2 2 2 2 2 2 2 2 2 2 2 2 2 2 2 2 2 2 2
left_child=1 3 4 10 -3 -5 7 -7 9 -4 17 12 13 16 15 -13 -12 19 28 21 26 22 -1 -23 25 -25 -21 -26 -19 -27
right_child=-2 2 8 5 -6 6 -8 -9 -10 -11 11 14 -14 -15 -16 -17 -18 18 -20 20 -22 23 -24 24 27 29 -28 -29 -30 -31
leaf_value=-2.923074009759377e-06 0.001503601556270398 -0.00063022552046403568 2.6134866837525945e-07 0.00022370174878670498 -0.00011690880510277995 -0.00019171329551461258 0.0015670828358122309 7.8390625277507953e-05 -0.00017668225895716254 0.0005744283081920205 8.0849680424311199e-05 -4.9155624792631511e-05 -0.0002586639409845911 -0.0003343053287243583 -3.0882535584491301e-05 0.00046684903200466587 -0.00015557395696488672 0.00019626742424178479 -0.00049661531806046116 -0.0012351707049907937 -0.00017975514000306568 -0.00013101715316132841 -0.00037348445700792607 -0.00011046095713607482 -0.00011286762623022263 0.00019599720774296438 1.0140063027522154e-05 0.00033195606747699898 -2.1613635577659616e-05 -0.0001986569218250231
leaf_weight=41994 63 123 494 369 123 199 51 491 187 60 362 64 435 66 478 109 184 970 119 58 367 190 242 303 131 302 735 618 358 58
leaf_count=41994 63 123 494 369 123 199 51 491 187 60 362 64 435 66 478 109 184 970 119 58 367 190 242 303 131 302 735 618 358 58
internal_value=-0.000117786 -0.000134355 -0.00321682 -7.25844e-05 -0.0107724 0.00378378 0.00131579 7.24638e-05 -0.000708502 0.0015343 -0.000161498 -0.00262073 -0.00494269 -0.000816993 0.00111367 0.00910405 0.00119048 -7.15901e-05 0.00285073 -0.000165563 -0.00392241 -6.61527e-05 -0.000204802 0.00358926 0.00495751 0.000641026 -0.000788146 0.00877837 0.00406627 0.00666667
internal_weight=50303 50240 987 49253 246 1110 741 690 741 554 48143 1698 1047 612 651 173 546 46445 1447 44998 1160 43838 42236 1602 1412 663 793 749 1328 360
internal_count=50303 50240 987 49253 246 1110 741 690 741 554 48143 1698 1047 612 651 173 546 46445 1447 44998 1160 43838 42236 1602 1412 663 793 749 1328 360
is_linear=0
shrinkage=0.05


Tree=90
num_leaves=31
num_cat=0
split_feature=13 14 10 16 13 15 10 15 15 13 13 11 16 10 10 10 15 15 11 16 15 16 0 11 10 10 11 11 13 13
split_gain=4.0022 11.0915 15.1256 10.5284 22.1736 10.8518 9.85797 11.5402 17.5941 12.7852 11.2563 11.3593 14.9399 9.53755 9.30858 9.25634 8.91052 9.52333 8.75506 8.62048 26.4978 13.45 12.2822 9.12784 8.89727 10.0731 11.2664 9.83297 9.08076 11.7075
threshold=16.469999313354496 0.013234785210327617 0.0032283731128327502 0.00023795238460544435 15.425000190734865 -0.0067672587599361114 0.017875659611307108 0.015759998124847189 0.0081748165683938074 14.494999885559084 12.494999885559084 0.0058629672128354135 0.022094113282572051 0.0028970765900091515 0.0086942135082223055 0.0040968178286348031 0.0092202443472732005 0.015375623755145342 0.045591167028525621 0.026478017329660267 -0.0036846834858090811 0.02064859871488223 0.0068510128999574879 0.017370532095548511 0.0014914798272115395 -0.0064885542336663984 -0.0053867343559672589 -0.017068850621732742 14.525000095367433 13.605000019073488
decision_type=2 2 2 2 2 2 2 2 2 2 2 2 2 2 2 2 2 2 2 2 2 2 2 2 2 2 2 2 2 2
left_child=1 2 3 4 -1 -6 7 8 9 10 -4 -12 -13 -5 -11 -14 18 -18 -10 21 -21 24 -23 -22 25 26 -3 -27 29 -29
right_child=-2 19 6 13 5 -7 -8 -9 16 14 11 12 15 -15 -16 -17 17 -19 -20 20 23 22 -24 -25 -26 27 -28 28 -30 -31
leaf_value=0.00015134945014604815 4.9002657465207528e-06 -6.8015005209254948e-05 0.00013474528995629292 1.4737549909803803e-06 0.00017544203025162574 -0.00021785041290094771 0.00020398986548818138 -0.00010869656487695976 0.00030767248078068739 2.7937381531779145e-05 -2.0553540166903199e-05 -0.00021924022939801195 -0.0001861728220751101 0.00033337772208381574 -0.00029100924692193906 6.7753889991583875e-05 -4.273892673941661e-07 0.0003119319185355234 -0.0003003706065947524 0.00050177303495268263 0.00010983857591517796 -0.00034799691664257927 -3.1659354630824736e-05 -9.1277380807730754e-05 5.9339213901413694e-05 0.0004453700697559701 0.00011991754164099515 -7.8005986625267728e-05 -6.8592872792461523e-05 -0.00024443864969773445
leaf_weight=1940 25873 968 125 5634 116 299 305 2054 479 1480 477 674 119 181 122 178 2842 184 67 176 426 353 197 790 723 60 544 688 1277 796
leaf_count=1940 25873 968 125 5634 116 299 305 2054 479 1480 477 674 119 181 122 178 2842 184 67 176 426 353 197 790 723 60 544 688 1277 796
internal_value=-0.000195924 -0.000657082 2.31535e-05 0.00158507 0.00440552 -0.00608434 -0.00137821 -0.00168447 -0.00068549 -0.0033937 -0.00659568 -0.0078384 -0.0109423 0.00044282 -0.000249688 -0.00159933 0.00172172 0.000660939 0.00760073 -0.00233638 0.00118534 -0.00321085 -0.0106364 -0.00143914 -0.00240309 -0.00325987 3.30688e-05 -0.00502481 -0.00545998 -0.00811995
internal_weight=50147 24274 17276 8170 2355 415 9106 8801 6747 3175 1573 1448 971 5815 1602 297 3572 3026 546 6998 1392 5606 550 1216 5056 4333 1512 2821 2761 1484
internal_count=50147 24274 17276 8170 2355 415 9106 8801 6747 3175 1573 1448 971 5815 1602 297 3572 3026 546 6998 1392 5606 550 1216 5056 4333 1512 2821 2761 1484
is_linear=0
shrinkage=0.05


Tree=91
num_leaves=31
num_cat=0
split_feature=9 11 11 12 3 14 13 5 11 11 16 16 11 14 14 9 13 12 12 11 13 3 12 13 14 2 13 16 0 0
split_gain=4.71795 9.07961 5.17125 5.16752 5.07715 5.02719 6.22762 4.78105 4.35628 6.56021 5.85848 8.3392 5.25161 4.28227 9.02056 7.23442 5.52072 5.14928 6.30327 6.5359 9.32374 6.71289 6.20257 6.43813 5.13347 5.09294 4.9678 4.52038 5.4492 4.51979
threshold=0.14767546015638658 -0.014346854625401638 -0.012367016297633369 0.027409196484277535 0.015361426343829645 -0.073050802278400592 27.070000648498539 0.025471577048274494 -0.0086755186195080474 -0.0082271549169211627 -0.0089176723358964632 -0.022034619923942508 -0.010150080872612098 -0.093449770795740669 -0.10344834121785244 -0.17867390145311948 14.904999732971193 -0.062212447341067838 -0.049048436065559579 -0.0066597624727158236 25.319999694824222 0.0077791592002738339 -0.071455509470426767 38.065000534057624 0.039367313902779928 -0.04164959519246924 17.180000305175785 -0.013091827868882131 0.074972727193434299 -0.037067441645379555
decision_type=10 2 2 2 2 2 2 2 2 2 2 2 2 2 2 8 2 2 2 2 2 2 2 2 2 2 2 2 2 2
left_child=4 3 -3 7 13 -6 -7 -2 10 -10 11 12 -4 14 16 -16 -1 22 19 20 21 24 29 -24 -19 -21 -18 28 -28 -15
right_child=1 2 8 -5 5 6 -8 -9 9 -11 -12 -13 -14 17 15 -17 26 18 -20 25 -22 -23 23 -25 -26 -27 27 -29 -30 -31
leaf_value=-0.00017767710759995664 2.4673823820160672e-05 -0.00017398062707443861 -0.00033892693663929323 0.00051041414899449767 -3.9978252318645208e-05 7.2986980147614691e-05 0.00072384588669288034 0.00039545215565028207 -0.00027482777915523963 8.1443499947640635e-06 -6.3732868983658664e-05 0.00038353582729721143 0.0004102656036864855 0.00043091000060535291 0.0006221353842019257 0.00014471216656897109 0.00019566619502456629 -0.00020736020411572781 -1.4195304731628913e-05 0.00034488360618201017 0.0001805434734472102 0.00022108311578604 -0.00032395762651625071 0.00021863479510712426 -3.7432891065540801e-06 -4.2781286025139754e-07 0.00016284736914141726 -5.8943258868081154e-05 -0.00030079097758305617 -7.1328550001512235e-05
leaf_weight=103 786 223 67 87 774 1713 149 465 103 11260 175 278 57 116 77 395 238 168 30161 155 238 57 335 51 210 69 327 665 52 524
leaf_count=103 786 223 67 87 774 1713 149 465 103 11260 175 278 57 116 77 395 238 168 30161 155 238 57 335 51 210 69 327 665 52 524
internal_value=-0.000111826 0.000686986 0.000256927 0.00459641 -0.000406676 0.00170713 0.00311493 0.00377698 0.000397822 0.00018261 0.00463605 0.0079602 -0.00282258 -0.000570844 0.0017636 0.00773305 -0.000270758 -0.000705959 -0.00059083 0.00353958 0.00107727 -0.00327586 -0.00419103 -0.00919689 -0.00568783 0.0109375 0.000624025 -0.000862069 0.00349604 -0.00117188
internal_weight=50078 13501 12163 1338 36577 2636 1862 1251 11940 11363 577 402 124 33941 1857 472 1385 32084 31058 897 673 435 1026 386 378 224 1282 1044 379 640
internal_count=50078 13501 12163 1338 36577 2636 1862 1251 11940 11363 577 402 124 33941 1857 472 1385 32084 31058 897 673 435 1026 386 378 224 1282 1044 379 640
is_linear=0
shrinkage=0.05


Tree=92
num_leaves=31
num_cat=0
split_feature=13 13 16 14 16 12 12 16 3 13 11 12 9 16 13 14 12 16 11 14 10 1 14 11 9 16 14 9 10 3
split_gain=3.58666 9.79119 10.8227 11.4505 11.3699 10.6413 9.94397 9.61187 10.3663 9.24817 11.5815 17.4205 11.0251 13.26 9.18799 8.84667 8.20109 12.8847 10.2122 8.05045 6.7153 6.57847 6.04847 6.02643 5.78073 5.66293 5.491 5.37024 5.29239 5.09274
threshold=13.444999694824221 14.494999885559084 0.00023795238460544435 0.0091478412114857095 -0.00134454159031111 0.036336469465281469 0.052411993463065805 0.027203630635681878 -0.00097714575101492929 13.234999656677248 0.012360939559302066 0.03170739700197301 -0.35711925322925447 -0.011101405692575615 14.525000095367433 0.00619378828642947 0.020963092201194859 0.019739584816125259 -0.00034708871175548323 -0.03443408845307621 9.4848672244407531e-05 0.024862247614622527 0.059032058254143822 0.022371704579513211 0.047737998710049696 -0.022774529549814956 -0.037983330078441173 0.47910152597642636 0.0061050863391346475 0.0066514482400892314
decision_type=2 2 2 2 2 2 2 2 2 2 2 2 10 2 2 2 2 2 2 2 2 2 2 2 8 2 2 8 2 2
left_child=9 2 4 15 5 29 -7 20 -9 12 27 -12 13 -1 -3 16 18 19 -4 -18 -5 22 25 -19 -20 -14 -25 -11 -22 -2
right_child=1 14 3 7 -6 6 -8 8 -10 10 11 -13 21 -15 -16 -17 17 23 24 -21 28 -23 -24 26 -26 -27 -28 -29 -30 -31
leaf_value=0.00014551192678895114 -3.7928426671389633e-05 0.00026597723819519949 -0.00023522753976926841 -0.00028222445803046309 0.0002476460840666354 0.0001483958851335634 -8.5305815857717319e-05 8.8002461167402404e-05 -0.00011245966658668443 0.0002989720030184988 0.00031984993770688163 -0.00017618259958334512 0.00059441634487560622 -0.00029723609556845992 -9.6008242757988915e-07 0.00023501286126224858 0.00013265139777550805 -0.00023558019283923958 -3.7065816440122619e-05 -6.5858136323745456e-05 8.1582790482934812e-05 7.0787145938729266e-05 -0.00025842991812416433 0.00015592625273650072 0.00013477209955860427 -1.0297082546984003e-05 -0.00013444621389740321 4.3910767525274895e-05 -0.00016449949921908255 -0.00023331175500698509
leaf_weight=56 1271 179 62 671 191 596 180 182 245 513 122 296 54 235 37089 109 414 424 114 492 120 2020 139 117 364 3026 303 205 119 181
leaf_count=56 1271 179 62 671 191 596 180 182 245 513 122 296 54 235 37089 109 414 424 114 492 120 2020 139 117 364 3026 303 205 119 181
internal_value=-0.000127273 -0.000293047 -0.00214054 -0.00382762 0.000465068 -0.0005386 0.00418814 -0.00753553 -0.0013466 0.000952595 0.00506162 -0.00155502 0.000108499 -0.00936426 1.20747e-05 -0.00176115 -0.00242358 -0.00408571 0.00296296 5.51876e-05 -0.0104396 0.000634663 -0.000768872 -0.00853081 0.00543933 -0.000308442 -0.00428571 0.00891365 -0.00324268 -0.00306474
internal_weight=50089 43423 6155 3736 2419 2228 776 1337 427 6666 1136 418 5530 291 37268 2399 2290 1750 540 906 910 5239 3219 844 478 3080 420 718 239 1452
internal_count=50089 43423 6155 3736 2419 2228 776 1337 427 6666 1136 418 5530 291 37268 2399 2290 1750 540 906 910 5239 3219 844 478 3080 420 718 239 1452
is_linear=0
shrinkage=0.05


Tree=93
num_leaves=31
num_cat=0
split_feature=10 6 4 10 10 12 10 12 10 13 16 10 9 7 12 13 13 13 16 9 16 12 10 11 16 10 11 1 16 7
split_gain=3.66812 3.22567 3.9253 3.49042 5.32548 4.25967 8.69801 7.55559 5.62946 4.84445 4.61214 4.77848 4.10179 4.88411 3.70359 4.5316 4.20405 4.07138 4.92029 3.46676 3.3784 6.51743 5.95484 4.94475 4.28993 7.05935 6.55978 6.27287 5.05949 5.91864
threshold=0.06903334451863076 0.19791778442506064 0.05859012739959954 0.018838465196602486 0.01542612816856115 0.010183672155494096 0.0086043784321214751 0.0020578484903100995 0.0023061717874046654 21.409999847412113 -0.022034619923942508 0.0028223419671780108 -0.29661523642226273 -0.038317184051669666 -0.0067438381246153192 14.494999885559084 14.920000076293947 16.085000038146976 0.025396011592821458 0.13260125169938999 0.0063388258994082633 0.014776442004869829 0.0086043784321214751 1.0000000180025095e-35 0.043520562271840875 0.0012069827106450106 0.034590323148393838 0.059250932844262423 0.035612695362160281 0.013280236499421229
decision_type=2 2 2 2 2 2 2 2 2 2 2 2 8 2 2 2 2 2 2 10 2 2 2 2 2 2 2 2 2 2
left_child=1 -1 3 4 5 6 8 -8 14 12 -10 -12 -7 -14 -3 -16 -17 18 -18 -19 22 -22 23 -15 26 -26 28 -27 -23 -30
right_child=-2 2 -4 -5 -6 9 7 -9 10 -11 11 -13 13 20 15 16 17 19 -20 -21 21 24 -24 -25 25 27 -28 -29 29 -31
leaf_value=-8.6508229159735149e-06 -0.00029880218229437613 2.4622498269542131e-06 0.00027527007181176664 0.00016059143432304657 -0.00017200015568038287 0.00040776558040306576 7.9043436986669677e-05 0.00039660206766228834 -0.00019355249868088439 0.00029938363300081449 -0.00036435126658616933 -4.544613185256466e-07 -0.00011188850399918189 -5.1382873287468808e-06 -2.8576035094798719e-05 0.00046582828999203012 -0.00013435947066089155 8.7527304781109914e-05 0.0004695787391999988 0.00031018415100121974 -0.00027191592327657142 -2.0439403862357038e-05 -0.0001320357504503639 9.8498370970348872e-05 0.00029743462184201653 9.2559057276515486e-05 0.00037344159894946621 -0.00011872763719921256 0.00014187278955258257 -0.00019860585408279174
leaf_weight=33772 60 2181 943 353 338 73 546 262 199 142 47 674 954 1536 291 88 153 609 41 250 221 2924 275 1251 290 415 91 468 125 562
leaf_count=33772 60 2181 943 353 338 73 546 262 199 142 47 674 954 1536 291 88 153 609 41 250 221 2924 275 1251 290 415 91 468 125 562
internal_value=-0.000144612 -0.000129808 0.000447798 0.00025555 0.000139944 0.000282929 0.00140891 0.00618812 0.000557026 -0.000361853 -0.00293478 -0.0010749 -0.000503538 -0.000598112 0.00144617 0.00342179 0.00484224 0.00396486 -0.00257732 0.00544237 -0.000202255 -0.000990973 0.00111039 0.00180301 -0.000610256 0.00202472 -0.00144516 -0.000198188 -0.00177929 -0.00564047
internal_weight=50134 50074 16302 15359 15006 14668 5341 808 4533 9327 920 721 9185 9112 3613 1432 1141 1053 194 859 8158 5096 3062 2787 4875 1173 3702 883 3611 687
internal_count=50134 50074 16302 15359 15006 14668 5341 808 4533 9327 920 721 9185 9112 3613 1432 1141 1053 194 859 8158 5096 3062 2787 4875 1173 3702 883 3611 687
is_linear=0
shrinkage=0.05


end of trees

feature_importances:
vix_level=405
spy_ret_5d=354
spy_ret_1d=353
spy_ret_20d=350
vix_chg_1d=339
sector_ret_5d=289
sector_ret_1d=267
atr_pct=109
dist_ma200=86
parkinson_20=69
dvol_z_20=69
dist_ma50=38
overnight_gap=37
ret_1d=23
dist_ma20=14
ret_5d=9
ret_20d=9

parameters:
[boosting: gbdt]
[objective: quantile]
[metric: quantile]
[tree_learner: serial]
[device_type: cpu]
[data_sample_strategy: bagging]
[data: ]
[valid: ]
[num_iterations: 120]
[learning_rate: 0.05]
[num_leaves: 31]
[num_threads: -1]
[seed: 0]
[deterministic: 0]
[force_col_wise: 1]
[force_row_wise: 0]
[histogram_pool_size: -1]
[max_depth: -1]
[min_data_in_leaf: 40]
[min_sum_hessian_in_leaf: 0.001]
[bagging_fraction: 0.85]
[pos_bagging_fraction: 1]
[neg_bagging_fraction: 1]
[bagging_freq: 1]
[bagging_seed: 3]
[bagging_by_query: 0]
[feature_fraction: 0.85]
[feature_fraction_bynode: 1]
[feature_fraction_seed: 2]
[extra_trees: 0]
[extra_seed: 6]
[early_stopping_round: 0]
[early_stopping_min_delta: 0]
[first_metric_only: 0]
[max_delta_step: 0]
[lambda_l1: 0]
[lambda_l2: 0]
[linear_lambda: 0]
[min_gain_to_split: 0]
[drop_rate: 0.1]
[max_drop: 50]
[skip_drop: 0.5]
[xgboost_dart_mode: 0]
[uniform_drop: 0]
[drop_seed: 4]
[top_rate: 0.2]
[other_rate: 0.1]
[min_data_per_group: 100]
[max_cat_threshold: 32]
[cat_l2: 10]
[cat_smooth: 10]
[max_cat_to_onehot: 4]
[top_k: 20]
[monotone_constraints: ]
[monotone_constraints_method: basic]
[monotone_penalty: 0]
[feature_contri: ]
[forcedsplits_filename: ]
[refit_decay_rate: 0.9]
[cegb_tradeoff: 1]
[cegb_penalty_split: 0]
[cegb_penalty_feature_lazy: ]
[cegb_penalty_feature_coupled: ]
[path_smooth: 0]
[interaction_constraints: ]
[verbosity: -1]
[saved_feature_importance_type: 0]
[use_quantized_grad: 0]
[num_grad_quant_bins: 4]
[quant_train_renew_leaf: 0]
[stochastic_rounding: 1]
[linear_tree: 0]
[max_bin: 255]
[max_bin_by_feature: ]
[min_data_in_bin: 3]
[bin_construct_sample_cnt: 200000]
[data_random_seed: 1]
[is_enable_sparse: 1]
[enable_bundle: 1]
[use_missing: 1]
[zero_as_missing: 0]
[feature_pre_filter: 1]
[pre_partition: 0]
[two_round: 0]
[header: 0]
[label_column: ]
[weight_column: ]
[group_column: ]
[ignore_column: ]
[categorical_feature: ]
[forcedbins_filename: ]
[precise_float_parser: 0]
[parser_config_file: ]
[objective_seed: 5]
[num_class: 1]
[is_unbalance: 0]
[scale_pos_weight: 1]
[sigmoid: 1]
[boost_from_average: 1]
[reg_sqrt: 0]
[alpha: 0.5]
[fair_c: 1]
[poisson_max_delta_step: 0.7]
[tweedie_variance_power: 1.5]
[lambdarank_truncation_level: 30]
[lambdarank_norm: 1]
[label_gain: ]
[lambdarank_position_bias_regularization: 0]
[eval_at: ]
[multi_error_top_k: 1]
[auc_mu_weights: ]
[num_machines: 1]
[local_listen_port: 12400]
[time_out: 120]
[machine_list_filename: ]
[machines: ]
[gpu_platform_id: -1]
[gpu_device_id: -1]
[gpu_device_id_list: ]
[gpu_use_dp: 0]
[num_gpu: 1]

end of parameters

pandas_categorical:[]
