tree
version=v4
num_class=1
num_tree_per_iteration=1
label_index=0
max_feature_idx=16
objective=quantile
feature_names=ret_1d ret_5d ret_20d overnight_gap atr_pct parkinson_20 dvol_z_20 dist_ma20 dist_ma50 dist_ma200 spy_ret_1d spy_ret_5d spy_ret_20d vix_level vix_chg_1d sector_ret_1d sector_ret_5d
feature_infos=[-0.3583731788271417:0.39688957999489638] [-0.45452640358792573:0.78417662335849192] [-0.6215591474861033:2.2237350509923646] [-0.29215548215622744:0.37517458836619944] [0.0094924002636958896:0.24022368099097524] [0.0062308894011605769:0.076826098804804996] [-2.9555360313169565:4.340742795572706] [-0.46610143829369977:0.65624355888064545] [-0.55112154284557202:1.3583343686432325] [-0.74650367204901091:3.9078919756203154] [-0.058542971330535654:0.10501930183911301] [-0.11496151859245618:0.082843162776128354] [-0.1226559005192206:0.15756591020035837] [11.859999656677246:52.330001831054688] [-0.35753873962348437:0.74039073966007019] [-0.068247998544687438:0.13425697132599002] [-0.13587196028298487:0.11773217696052685]
tree_sizes=2933 2988 2975 2995 3002 3019 3008 3047 2988 3013 3015 3003 3010 3020 2976 2995 3017 3024 3037 3002 3018 3026 2995 2991 3031 3035 3019 2984 3033 3019 3011 3016 3037 3020 3059 3043 3058 3012 3038 2991 3013 3000

Tree=0
num_leaves=31
num_cat=0
split_feature=4 12 10 13 13 16 15 10 4 9 13 6 12 12 10 9 5 5 16 10 13 14 3 10 10 8 16 13 10 13
split_gain=43.9887 29.7273 26.589 15.4334 20.6163 7.89665 21.1985 10.9124 7.10815 5.46923 5.13986 4.28582 6.90853 5.22903 4.15024 3.82085 4.25371 3.679 3.38681 5.18145 3.2228 2.96318 2.47157 2.44243 2.52179 2.64913 2.41491 4.64603 10.0458 3.08912
threshold=0.029523441013906557 -0.075828258528587975 0.023991459337660673 43.015001296997077 24.630000114440922 -0.05155821190129966 -0.025947713901271593 -0.0021666724277842882 0.021665902945646649 0.64439191547476771 23.409999847412113 0.31657235273232143 -0.05793872793170584 -0.062212447341067838 -0.0066717648892578576 -0.16361919416141837 0.021001034806850536 0.022815723378865529 -0.027221665495718635 0.011081127961662387 25.19999980926514 0.26245601507157795 -0.011956742513043015 0.014545936349149692 0.0079281319106555576 -0.11844081249702003 -0.045426613673476827 19.085000038146976 0.0012830782027211109 19.115000724792484
decision_type=2 2 2 2 2 2 2 2 2 10 2 2 2 2 2 10 2 2 2 2 2 2 2 2 2 10 2 2 2 2
left_child=8 2 3 4 -2 6 -3 14 18 11 -9 -7 13 -13 17 -6 -17 -8 19 22 -11 23 -1 24 -14 -26 27 28 -10 -28
right_child=1 5 -4 -5 15 9 7 10 26 20 -12 12 21 -15 -16 16 -18 -19 -20 -21 -22 -23 -24 -25 25 -27 29 -29 -30 -31
leaf_value=0.004291146466872453 0.0040312462658426678 0.0037948725018002684 0.0062571389490540859 0.0035886990399389392 0.0046773313104031215 0.0041503719737507215 0.0044413862805483427 0.003438395764966279 0.0042138319188162578 0.0045167054016023115 0.0050402161764996119 0.0044620633720942274 0.0042484599379774973 0.0047261949122651692 0.0059440067147107142 0.004531005703114893 0.0050105228160845835 0.0055276249983471359 0.0039873276644696604 0.0052396298385192445 0.0058679791367542752 0.0052106730264076754 0.0040604889263391496 0.0039980425499494326 0.0048528376571774553 0.0043506196603274091 0.0040396368040776119 0.0040346495178875414 0.004778838825064113 0.0041745996689735885
leaf_weight=53 144 292 62 168 99 15037 67 80 201 1452 52 69 4318 98 94 52 102 81 11400 54 69 71 1148 462 116 796 11805 318 41 2399
leaf_count=53 144 292 62 168 99 15037 67 80 201 1452 52 69 4318 98 94 52 102 81 11400 54 69 71 1148 462 116 796 11805 318 41 2399
internal_value=0.00409699 0.00567067 0.0164133 0.0130025 0.0183782 0.00537976 0.0107453 0.0186274 0.00273211 0.00522086 0.00706325 0.00501084 0.00614918 0.0161746 0.0249352 0.0269743 0.0319009 0.0197168 0.00186256 0.00432783 0.00811594 0.00585867 0.00364659 0.00573204 0.00603987 0.00842888 0.00347744 0.00669799 0.0119186 0.00335047
internal_weight=51200 23781 627 565 397 23154 666 374 27419 22488 132 20967 5930 167 242 253 154 148 12655 1255 1521 5763 1201 5692 5230 912 14764 560 242 14204
internal_count=51200 23781 627 565 397 23154 666 374 27419 22488 132 20967 5930 167 242 253 154 148 12655 1255 1521 5763 1201 5692 5230 912 14764 560 242 14204
is_linear=0
shrinkage=1


Tree=1
num_leaves=31
num_cat=0
split_feature=4 12 10 13 13 4 16 12 14 5 4 9 9 13 13 13 13 9 11 10 10 14 10 14 14 11 12 3 12 12
split_gain=40.6967 27.9772 25.6392 15.0103 15.6261 7.16839 5.91241 15.9166 5.41264 4.74856 4.05672 4.7798 3.18335 3.02593 8.22616 3.59176 11.8995 3.55836 4.02519 2.99352 4.90845 5.18244 2.93302 10.206 34.2967 5.56711 6.71737 8.0869 5.1155 8.90365
threshold=0.02928502286117474 -0.075828258528587975 0.023991459337660673 43.015001296997077 24.630000114440922 0.022724514217123081 -0.062773911532458856 -0.0063801556439739273 0.26245601507157795 0.032544047591872891 0.037309757266965678 -0.16361919416141837 0.21191627761604895 28.970000267028812 27.855000495910648 24.385000228881839 24.630000114440922 0.35940014565702089 -0.015590131479171264 -0.017312000709356064 -0.015857538372193832 0.12944562994235767 -0.00084886719909504904 -0.025765440759432264 -0.027300254032733503 -0.024572919887126395 -0.013469657386432075 -0.00670759607314969 -0.00073998910017980524 0.0061045845958173093
decision_type=2 2 2 2 2 2 2 2 2 2 2 10 8 2 2 2 2 10 2 2 2 2 2 2 2 2 2 2 2 2
left_child=5 2 3 4 -2 -1 7 -3 9 19 -6 -12 -10 14 15 -11 -17 -18 -19 -8 21 -21 23 24 -22 26 -25 -28 -27 -30
right_child=1 6 -4 -5 10 -7 8 -9 12 13 11 -13 -14 -15 -16 16 17 18 -20 20 22 -23 -24 25 -26 28 27 -29 29 -31
leaf_value=-0.00010118794144489832 2.0513045800560435e-05 0.00035119550348484746 0.0023063665102204321 -0.00050315789454011674 0.00033211259068808484 -2.7535567797650754e-05 -0.00040282130439489258 0.0019772254803408335 0.00036325303919522076 0.00027498180844461343 0.00071917615474581705 0.00080967792332210624 0.0015524146500210676 -0.00017316554408745678 0.0011609458903074289 0.00082016978705748271 7.1235044578422122e-05 0.00019302745300645631 0.0018217881576904926 0.00051609089353398105 0.00018037945616446475 3.6108207651493006e-05 2.6802266261763972e-05 0.00014992954095982295 0.0027274178943830479 -0.00016557439854968662 0.00065194270576906263 0.0004184813337712157 0.00066784127525849944 6.6242934511204782e-05
leaf_weight=14712 147 244 61 174 53 12318 389 66 92 2606 100 122 50 282 49 52 256 57 47 153 402 180 12205 445 75 1607 47 87 386 3663
leaf_count=14712 147 244 61 174 53 12318 389 66 92 2606 100 122 50 282 49 52 256 57 47 153 402 180 12205 445 75 1607 47 87 386 3663
internal_value=-3.61963e-06 0.00149043 0.0116667 0.00850671 0.0136019 -0.00133555 0.0012052 0.00806451 0.00111327 0.00105316 0.0206364 0.0236036 0.0108451 0.00279337 0.0032491 0.00291915 0.00725728 0.00402778 0.0118269 0.000756402 0.000844155 0.00686186 0.000738224 0.00157777 0.00862683 0.00103849 0.00570812 0.0155224 0.000560466 0.00150778
internal_weight=51127 24097 657 596 422 27030 23440 310 23130 22988 275 222 142 3349 3067 3018 412 360 104 19639 19250 333 18917 6712 477 6235 579 134 5656 4049
internal_count=51127 24097 657 596 422 27030 23440 310 23130 22988 275 222 142 3349 3067 3018 412 360 104 19639 19250 333 18917 6712 477 6235 579 134 5656 4049
is_linear=0
shrinkage=0.05


Tree=2
num_leaves=31
num_cat=0
split_feature=4 12 13 13 4 4 16 9 16 13 12 12 4 6 12 9 16 3 13 16 13 11 11 12 3 8 8 9 16 16
split_gain=38.4821 24.822 20.2943 21.0675 6.77373 6.69015 6.06039 5.97044 4.70208 13.7073 5.42752 9.52403 4.83886 4.46208 10.4251 4.28099 3.73173 3.65016 3.21861 5.47965 4.39829 3.04132 6.94313 3.01013 5.70896 6.87837 2.94399 2.85435 2.40819 4.71193
threshold=0.029523441013906557 -0.075828258528587975 43.015001296997077 24.630000114440922 0.040006178308262523 0.019491923212269179 -0.038656880421716604 0.64439191547476771 -0.05155821190129966 17.994999885559086 -0.027314401107970562 -0.0082551652511544376 0.053159868686507655 0.65836705259292538 -0.05793872793170584 -0.16361919416141837 -0.040573350661120271 -0.00041783825058555596 19.115000724792484 -0.045426613673476827 19.159999847412113 -0.018044492725928726 -0.022310292973000797 -0.010763089356595755 -0.016077520049587398 0.012360452291565573 0.0079092076174799315 -0.073396642009949428 -0.027221665495718635 -0.027758269377802177
decision_type=2 2 2 2 2 2 2 10 2 2 2 2 2 2 2 10 2 2 2 2 2 2 2 2 2 10 10 10 2 2
left_child=5 2 3 -2 -5 28 15 8 9 17 -11 12 -12 -10 -15 -6 -9 -3 19 21 -20 22 -7 -22 25 -25 -24 -21 29 -1
right_child=1 7 -4 4 6 18 -8 16 13 10 11 -13 -14 14 -16 -17 -18 -19 20 27 23 -23 26 24 -26 -27 -28 -29 -30 -31
leaf_value=-4.8989407707141073e-05 9.9771883251067582e-06 0.00058025170145651348 -0.00044864780624639911 0.00026733160159141426 0.00042686140070881276 3.134406400630372e-06 0.0018312725286309347 0.0013580644940930069 4.436730896394555e-05 -0.0002042287625071003 0.00045443837233890964 -0.00015597205115586095 0.001222146972191745 0.00059066596595758951 0.00018261583123382866 0.00081611563902178109 0.00047316554307259227 0.0017643941664165462 0.00020854583674665957 -0.00011680446507479766 -7.9605012908313152e-05 -0.00020439328062323771 0.00059227639853168701 8.1621043722078458e-05 8.6303250633335582e-05 0.0004918444640190509 0.00026495041671825297 -3.950877082369879e-05 -0.00012178423916675981 0.00082729637917964324
leaf_weight=711 141 41 167 69 76 141 89 61 16583 271 91 144 40 119 4181 95 1456 58 69 5590 1505 81 47 44 1657 41 62 9561 7839 72
leaf_count=711 141 41 167 69 76 141 89 61 16583 271 91 144 40 119 4181 95 1456 58 69 5590 1505 81 47 44 1657 41 62 9561 7839 72
internal_value=-4.3248e-05 0.00143315 0.0111695 0.0164894 0.0234195 -0.00131838 0.0271154 0.00116403 0.000950389 0.00515504 0.00205128 0.007 0.0167557 0.000820523 0.00225581 0.0216082 0.00419578 0.0222727 -0.000789447 -0.00109224 0.000624245 0.0052719 0.008 0.000358792 0.00177382 0.0144118 0.0174771 -0.00123127 -0.00247159 0.000172413
internal_weight=51102 23682 637 470 329 27420 260 23045 21528 645 546 275 131 20883 4300 171 1517 99 18798 15482 3316 331 250 3247 1742 85 109 15151 8622 783
internal_count=51102 23682 637 470 329 27420 260 23045 21528 645 546 275 131 20883 4300 171 1517 99 18798 15482 3316 331 250 3247 1742 85 109 15151 8622 783
is_linear=0
shrinkage=0.05


Tree=3
num_leaves=31
num_cat=0
split_feature=12 10 9 13 13 13 16 16 12 10 9 12 13 12 13 8 9 13 3 8 9 8 11 12 12 14 13 11 16 13
split_gain=22.908 18.2908 13.5346 11.3958 15.5746 9.75546 12.0925 10.0782 20.5471 6.64255 9.64217 6.38553 8.70842 10.6525 8.46026 7.75681 13.9717 13.12 9.49124 13.0855 6.17719 5.83644 5.81755 8.79324 10.1582 6.77749 5.77474 9.4789 6.37338 5.46372
threshold=-0.075828258528587975 0.023991459337660673 0.35940014565702089 43.015001296997077 24.630000114440922 19.115000724792484 -0.038656880421716604 0.088156137015810723 0.076145654651098141 0.0078861973708463946 -0.17751346852308278 -0.017626677985756452 19.520000457763675 -0.043864321053953818 25.505000114440922 -0.15224643734112289 0.35940014565702089 20.255000114440922 -0.016077520049587398 0.075920379481362224 0.088676195257194959 0.24072349665178797 -0.020756014565235011 -0.028146521993507308 -0.050232690438178178 -0.077913276979976895 25.19999980926514 -0.015590131479171264 -0.040573350661120271 21.555000305175785
decision_type=2 2 10 2 2 2 2 2 2 2 8 2 2 2 2 10 8 2 2 10 10 8 2 2 2 2 2 2 2 2
left_child=1 3 5 4 -1 6 20 9 -9 -8 -11 12 13 -7 -14 -13 18 -18 19 -17 -2 22 -16 24 25 -24 28 -28 -4 -20
right_child=2 -3 26 -5 -6 11 7 8 -10 10 -12 15 14 -15 21 16 17 -19 29 -21 -22 -23 23 -25 -26 -27 27 -29 -30 -31
leaf_value=-6.3818202212311001e-05 8.8034332701136407e-05 0.0019705453357357515 0.0011576958010997057 -0.0004660433401631203 0.00046444598041665619 0.00073027983482245717 -8.495947750372082e-05 0.00098368094161723429 -0.00025424961820126683 0.00046935376648374262 -4.5693271623056812e-06 -0.00016193004274588508 -0.00016960198176350501 7.0092831225441172e-05 -0.00011441786256066836 0.00026862063230959706 0.00049953325953999456 9.8246030704072024e-05 -2.4684703781043032e-05 0.00054212609548050521 0.00039243355544304255 0.00059157052562784 -0.0015199770112836073 0.0014259069960087822 -0.0002492648966089574 0.0005888909214680438 0.00025620851799275211 0.0018143143772978419 0.0001873145292341143 0.00034288268558463022
leaf_weight=193 794 56 107 193 313 64 27817 61 105 306 5861 948 3126 180 746 345 324 252 2586 94 429 78 56 96 281 178 97 60 4097 1290
leaf_count=193 794 56 107 193 313 64 27817 61 105 306 5861 948 3126 180 746 345 324 252 2586 94 429 78 56 96 281 178 97 60 4097 1290
internal_value=-6.87435e-05 0.00857616 -0.000198302 0.00637339 0.0103162 -0.000450596 -0.000849943 -0.00102489 0.0112651 -0.00108492 0.000399707 0.000876549 -0.000473466 0.00872951 -0.000965798 0.0019875 0.00278982 0.0101042 0.00181344 0.00878132 0.00403516 0.00221254 0.00144805 0.00506547 0.00247573 0.0101709 0.00246388 0.011879 0.00211227 0.00102425
internal_weight=51133 755 50378 699 506 46017 35373 34150 166 33984 6167 10644 4805 244 4561 5839 4891 576 4315 439 1223 1435 1357 611 515 234 4361 157 4204 3876
internal_count=51133 755 50378 699 506 46017 35373 34150 166 33984 6167 10644 4805 244 4561 5839 4891 576 4315 439 1223 1435 1357 611 515 234 4361 157 4204 3876
is_linear=0
shrinkage=0.05


Tree=4
num_leaves=31
num_cat=0
split_feature=4 16 15 15 15 14 13 4 14 14 4 13 16 15 15 14 9 13 16 8 3 13 15 9 15 0 13 7 1 16
split_gain=34.7918 8.06126 20.5721 14.2711 15.8229 12.2416 9.71178 6.48854 6.20431 5.97645 5.75318 4.81917 4.37326 4.27243 8.92292 4.56846 3.91003 5.61973 6.98598 3.80959 5.09077 6.49893 3.7544 3.65107 3.62297 3.53834 3.33542 6.66819 3.32379 3.15125
threshold=0.030188843599261234 -0.035579500804644275 0.023796500876488883 -0.025947713901271593 -0.0027084324149250212 0.072256211824153885 16.510000228881839 0.019377778837325645 0.16537685982304043 0.26245601507157795 0.050619324769889888 19.085000038146976 -0.040573350661120271 -0.0046802217927204284 -0.0049999232062974399 -0.037855116903532098 0.33530003643000866 25.19999980926514 -0.0077836745017356148 -0.011312357330583942 -0.016631701692960684 19.98499965667725 -0.0046802217927204284 0.13230233137135752 -0.024986231241789388 -0.0084910712734988496 21.82499980926514 0.032153682054828721 0.019860990916205305 -0.0056680370522956261
decision_type=2 2 2 2 2 2 2 2 2 2 2 2 2 2 2 2 10 2 2 10 2 2 2 10 2 2 2 2 2 2
left_child=7 2 3 -2 5 6 -5 -1 24 16 25 12 -6 14 19 -15 29 22 -19 -9 21 -21 -18 -11 -7 -8 -17 -28 -16 -3
right_child=1 9 -4 4 11 8 10 13 -10 23 -12 -13 -14 15 28 26 17 18 -20 20 -22 -23 -24 -25 -26 -27 27 -29 -30 -31
leaf_value=-0.00010133926930190269 -0.0003620714677712454 -3.5044795745980243e-05 0.0019833172439543494 -0.00044674190811137718 0.00052220005575275453 0.00026935645926863511 0.0005061124974084151 -8.1594027640966845e-05 0.00062856140085255669 0.00013456688919199963 0.0013295509599870465 -0.00030195127007529086 0.00013308673668771908 9.6026251742308794e-06 0.00042738668352219981 -0.00010799817174054418 0.0005205480802180926 0.00031265181219724804 0.0025577703742352014 0.00020595925149594917 3.7858199638193803e-05 0.00045830098825753421 0.00013586324737378241 0.0013695237389167352 -2.0290994323750453e-05 0.00032731269557492764 -1.9841227790304972e-05 0.0011712756124457287 9.9334917593850005e-05 9.3148898184960892e-05
leaf_weight=8418 594 4756 61 68 51 91 254 2265 55 58 175 631 131 4691 105 9382 770 98 40 166 2781 54 2769 48 425 153 304 72 47 11449
leaf_count=8418 594 4756 61 68 51 91 254 2265 55 58 175 631 131 4691 105 9382 770 98 40 166 2781 54 2769 48 425 153 304 72 47 11449
internal_value=-2.96311e-05 0.00142942 0.00399963 0.00333333 0.00532448 0.00892301 0.0136154 -0.0011994 0.00358143 0.00108365 0.0157045 -7.9952e-05 0.00708791 -0.000706449 0.000490955 -0.00115544 0.00102052 0.00249252 0.0123913 0.00014622 0.00131456 0.00863636 0.00210653 0.0129245 0.00187984 0.0124447 -0.00177188 0.00284574 0.0124342 0.000686515
internal_weight=50962 22677 2689 2628 2034 1221 650 28285 571 19988 582 813 182 19867 5418 14449 19882 3677 138 5266 3001 220 3539 106 516 407 9758 376 152 16205
internal_count=50962 22677 2689 2628 2034 1221 650 28285 571 19988 582 813 182 19867 5418 14449 19882 3677 138 5266 3001 220 3539 106 516 407 9758 376 152 16205
is_linear=0
shrinkage=0.05


Tree=5
num_leaves=31
num_cat=0
split_feature=4 12 10 10 10 9 7 16 15 4 1 5 8 15 15 3 11 11 16 11 15 10 9 15 10 10 10 11 5 4
split_gain=30.4212 12.4853 11.1324 6.35291 6.56137 5.56147 5.17397 4.24561 14.4896 4.16613 4.15899 3.01961 2.97524 2.78444 5.63108 3.49091 3.20331 3.44103 4.66968 6.67973 2.76595 3.22457 6.7239 5.80555 5.4834 3.63565 9.9627 8.46139 5.08165 6.79457
threshold=0.027758580029481922 -0.075828258528587975 0.023991459337660673 -0.0018259871478111254 -0.01378806518059311 0.47001721776053512 -0.051815835610823417 -0.062773911532458856 -0.025947713901271593 0.019491923212269179 -0.075189026646443488 0.021947395779594828 -0.18711663434493467 -0.0046802217927204284 -0.0049999232062974399 -0.0042249356698833554 0.015047056175498954 1.0000000180025095e-35 -0.013735490346576893 0.0035059532242039952 0.029346593885506426 0.0078861973708463946 -0.19284207548887403 0.023305805593314081 0.0085213426073622606 0.0032283731128327502 0.003090576146287161 0.048369851131751858 0.032544047591872891 0.046516124939336927
decision_type=2 2 2 2 2 10 2 2 2 2 2 2 10 2 2 2 2 2 2 2 2 2 8 2 2 2 2 2 2 2
left_child=9 2 3 4 10 7 11 8 -3 -1 -2 -6 -13 14 16 -16 17 -11 19 -19 21 25 23 24 -23 26 -9 -28 -27 -30
right_child=1 5 -4 -5 6 -7 -8 20 -10 13 -12 12 -14 -15 15 -17 -18 18 -20 -21 -22 22 -24 -25 -26 28 27 -29 29 -31
leaf_value=-9.7696576182852279e-05 -0.00028821946949587673 -0.00013918892021603154 0.0016679371170659593 -0.00025523740031432217 0.00026525283425845637 0.00039127936029888694 0.00011600895455066226 5.4235329704550897e-05 0.0013472930510678442 -3.613926861075657e-05 0.00027874604678033803 0.00047286743542182883 0.00081325175129040659 -7.1042139698619848e-05 0.00079539810895173306 9.1340440283797854e-05 -0.0004789867989254548 0.00016026400196949344 7.4502692674053965e-05 0.00065378391287068606 -0.00021429914101545115 0.00061920805791468585 9.7345224463965397e-05 0.00071603831277344289 0.00019964262355973473 -0.00011292794405640003 0.00030770408048652365 0.0009091633060014046 0.00068600644200137427 0.00035680930760988139
leaf_weight=8719 115 194 60 172 62 2550 79 13876 116 2467 62 43 80 11512 44 66 327 58 1192 48 606 59 3485 55 287 4164 67 48 77 374
leaf_count=8719 115 194 60 172 62 2550 79 13876 116 2467 62 43 80 11512 44 66 327 58 1192 48 606 59 3485 55 287 4164 67 48 77 374
internal_value=-0.000113976 0.00105497 0.0077786 0.00576672 0.00894558 0.000880652 0.0139394 0.000639097 0.00645161 -0.00138808 0.00149717 0.0185135 0.0230488 -0.000901745 0.000199904 0.0113636 -0.000100197 0.000312084 0.00239599 0.0124528 0.000561086 0.000650897 0.00196088 0.00809227 0.00569364 0.000377296 0.000778714 0.0154348 -0.000839654 0.00420177
internal_weight=51064 26631 673 613 441 25958 264 23408 310 24433 177 185 123 15714 4202 110 4092 3765 1298 106 23098 22492 3886 401 346 18606 13991 115 4615 451
internal_count=51064 26631 673 613 441 25958 264 23408 310 24433 177 185 123 15714 4202 110 4092 3765 1298 106 23098 22492 3886 401 346 18606 13991 115 4615 451
is_linear=0
shrinkage=0.05


Tree=6
num_leaves=31
num_cat=0
split_feature=4 12 13 13 4 6 16 15 11 9 7 6 12 9 12 15 15 14 11 11 16 16 10 12 14 13 7 15 13 14
split_gain=30.4336 13.8321 12.6305 17.4074 5.67908 5.60748 4.75146 14.1786 10.1904 4.43892 5.16582 4.26498 6.10727 3.57093 3.10042 2.9492 7.14168 4.44078 3.78532 3.89292 5.42596 6.13777 6.71095 5.20218 4.61479 3.02916 5.80679 2.99387 5.42858 3.34555
threshold=0.029523441013906557 -0.075828258528587975 43.015001296997077 24.630000114440922 0.019377778837325645 -0.29762888106427571 -0.05155821190129966 -0.025947713901271593 -0.028866673855592325 -0.044098925906389246 -0.066249584173081674 0.31657235273232143 -0.05793872793170584 0.40630640777081034 -0.062212447341067838 -0.0046802217927204284 -0.0049999232062974399 -0.037855116903532098 0.015047056175498954 1.0000000180025095e-35 0.00023795238460544435 -0.0017435108549578857 -0.0019771286698093134 0.028230710168881127 0.034817373929807223 21.82499980926514 0.032730318396829501 -0.006107311622501165 14.835000038146974 0.13367786858228273
decision_type=2 2 2 2 2 2 2 2 2 8 2 2 2 10 2 2 2 2 2 2 2 2 2 2 2 2 2 2 2 2
left_child=4 2 3 -2 -1 -5 7 -3 -9 -10 -11 13 14 -8 -13 16 18 -17 19 -6 21 22 -21 -24 -23 -19 -27 29 -29 -22
right_child=1 6 -4 5 15 -7 11 8 9 10 -12 12 -14 -15 -16 17 -18 25 -20 20 27 24 23 -25 -26 26 -28 28 -30 -31
leaf_value=-9.2432997198681145e-05 -9.7064887274292766e-05 -0.00027591061048369699 -0.00041376069510895227 0.00082794495346052641 -2.8031424199071756e-05 0.00051628775135340618 2.191618718185469e-05 -2.0109242152026655e-05 0.00044546782674966955 0.0012754994634742282 0.00085869960372779203 0.00032142258484115855 0.00016621630127602359 0.00028172440442738352 0.00062505394982616215 9.3018200931761256e-06 0.00028494748994819732 -0.00010099674009482342 -0.00044670711878720291 -1.6961940437675585e-05 -6.0681100123770451e-05 7.7526849643627389e-05 0.00070775583286862738 0.00013699859234337305 0.00080987328809321987 -1.1123906053941516e-05 0.0012553991172608869 0.00067305805341474608 -0.00010449190511542869 0.00024877185053202497
leaf_weight=8525 150 279 162 214 2974 107 13906 115 80 68 108 68 6318 1913 103 4484 130 8959 381 332 864 52 68 74 54 286 62 49 74 66
leaf_count=8525 150 279 162 214 2974 107 13906 115 80 68 108 68 6318 1913 103 4484 130 8959 381 332 864 52 68 74 54 286 62 49 74 66
internal_value=-2.20492e-05 0.00129477 0.0085861 0.0127282 -0.00115441 0.0192991 0.00109374 0.00530769 0.0117116 0.0172656 0.0217045 0.000970951 0.00205039 0.000528161 0.0113743 -0.000671375 0.000353653 -0.00105177 5.21239e-05 0.00044823 0.00240967 0.0062931 0.00386076 0.0129577 0.0171698 -0.00167455 0.0029023 0.000270654 0.00760162 -0.000698926
internal_weight=51025 23591 633 471 27434 321 22958 650 371 256 176 22308 6489 15819 171 18909 5118 13791 4988 4607 1633 580 474 142 106 9307 348 1053 123 930
internal_count=51025 23591 633 471 27434 321 22958 650 371 256 176 22308 6489 15819 171 18909 5118 13791 4988 4607 1633 580 474 142 106 9307 348 1053 123 930
is_linear=0
shrinkage=0.05


Tree=7
num_leaves=31
num_cat=0
split_feature=4 12 11 10 11 5 15 15 9 15 15 11 11 10 12 14 1 11 11 10 10 14 11 14 8 11 11 12 12 12
split_gain=25.6543 10.0311 11.351 6.33686 5.01589 4.40456 4.30271 9.78631 7.34583 4.28093 6.39044 4.11487 8.56252 4.75344 6.44936 3.79805 3.68544 3.53173 4.47378 4.18031 17.9044 3.49293 3.21146 4.89148 3.79546 3.07888 5.96792 3.87017 17.2514 3.21595
threshold=0.027758580029481922 -0.075828258528587975 -0.040606283895635913 0.023991459337660673 -0.023324981642921735 0.032544047591872891 -0.0046802217927204284 -0.0048317884181032214 -0.037798262072852799 -0.0046802217927204284 -0.0049999232062974399 -0.023324981642921735 -0.026323618530511902 -1.4888588054484673e-05 0.025371468948423018 -0.0052640766517011986 0.0056442390552470254 0.013370949203247886 0.012589195808640931 -0.00098146470718468693 -0.00084886719909504904 -0.043806838804765429 0.02573480883905466 -0.067583665573298909 0.0053340885969489502 0.015047056175498954 0.01583058355048839 0.073733903664651171 0.078665410711505027 -0.050232690438178178
decision_type=2 2 2 2 2 2 2 2 10 2 2 2 2 2 2 2 2 2 2 2 2 2 2 2 10 2 2 2 2 2
left_child=9 2 -2 4 -4 6 7 8 -3 10 17 12 -10 -13 -15 -16 -12 18 19 -1 -21 22 -11 24 -24 27 -27 -8 -29 -28
right_child=1 5 3 -5 -6 -7 25 -9 11 21 16 13 -14 14 15 -17 -18 -19 -20 20 -22 -23 23 -25 -26 26 29 28 -30 -31
leaf_value=-2.6057026397354844e-05 -4.9956085509303611e-05 -2.3750343068136926e-05 0.00046788783102229216 0.0014409246705739918 3.5440403265523784e-05 0.00032324860140630886 -4.5642402588699493e-05 0.00051791647745777828 7.548438180707906e-05 -4.1383907850637704e-05 0.00033100602563258054 0.00015921067421805949 0.00071608381178462244 -0.00026333529361472017 0.00026153099135761085 0.0018591915025617566 8.3738856941141098e-05 -0.00030088941639967384 0.00058978819990396529 0.00069123095438695513 7.434861909289697e-05 -0.00010112432357940989 0.00039854475578798609 -6.3745371970198546e-05 2.5423816947705465e-05 0.00057402271958875348 0.00020725271476217976 0.0026437452165721234 -1.9991756408485088e-05 3.9289513666603057e-05
leaf_weight=5239 289 3261 217 62 104 3408 10508 82 332 4158 82 2547 196 58 64 51 94 516 55 40 443 13406 89 211 67 179 70 79 382 4819
leaf_count=5239 289 3261 217 62 104 3408 10508 82 332 4158 82 2547 196 58 64 51 94 516 55 40 443 13406 89 211 67 179 70 79 382 4819
internal_value=-0.000123074 0.000947655 0.00697917 0.012624 0.00979751 0.000791979 0.000539596 0.00161508 0.00139883 -0.00129508 -0.000192458 0.0030819 0.00712121 0.00229779 0.0103179 0.0171739 0.00920454 -0.000455269 -0.000101265 -0.00023768 0.00421325 -0.00169288 -0.000491714 0.00399182 0.0107051 9.75856e-05 0.00111681 -0.000373326 0.00411063 0.000788504
internal_weight=51108 26708 672 383 321 26036 22628 6591 6509 24400 6469 3248 528 2720 173 115 176 6293 5777 5722 483 17931 4525 367 156 16037 5068 10969 461 4889
internal_count=51108 26708 672 383 321 26036 22628 6591 6509 24400 6469 3248 528 2720 173 115 176 6293 5777 5722 483 17931 4525 367 156 16037 5068 10969 461 4889
is_linear=0
shrinkage=0.05


Tree=8
num_leaves=31
num_cat=0
split_feature=4 12 14 13 4 9 15 13 12 12 13 12 3 13 12 6 12 10 3 12 13 13 15 4 10 10 14 3 14 14
split_gain=22.2239 9.09998 11.3553 10.9689 8.20726 5.03054 4.55644 4.25853 3.94618 5.30272 3.73459 3.41114 3.38641 3.74416 6.82831 2.90897 3.21511 5.56917 4.36568 2.74332 5.23735 6.08349 3.19378 2.73097 2.44248 2.38896 3.09808 2.69958 2.38871 2.63418
threshold=0.026433480721391234 -0.075828258528587975 0.035592479952137442 24.630000114440922 0.057041631096184577 0.28120056582807812 -0.001953256611989362 14.920000076293947 -0.026837542037430936 -0.028754212853801194 15.355000019073488 0.062788552899160646 -0.010060811482632602 20.814999580383304 0.0037862010061723299 0.30165781821396553 -0.052281358654850445 -0.0027125726307745119 -0.0051938793499639582 -0.017626677985756452 21.555000305175785 22.330000877380375 -0.0071469125073423947 0.020160569741817173 0.023991459337660673 0.0083252944612894914 -0.081825770158787711 0.0023166373408973766 -0.093449770795740669 -0.077913276979976895
decision_type=2 2 2 2 2 10 2 2 2 2 2 2 2 2 2 2 2 2 2 2 2 2 2 2 2 2 2 2 2 2
left_child=12 2 3 -2 -5 15 7 -7 9 -8 -9 -12 13 -1 -15 -3 17 -17 -19 -18 25 22 -22 -14 -6 26 27 -21 -27 -30
right_child=1 5 -4 4 24 6 8 10 -10 -11 11 -13 23 14 -16 16 19 18 -20 20 21 -23 -24 -25 -26 28 -28 -29 29 -31
leaf_value=-6.3569313838806634e-07 -0.00010914504489546958 -1.1292177029296985e-06 -2.77100640668493e-05 0.00028485364521423274 0.00075020805241195784 -2.328634500354979e-05 0.00027449311898782161 0.001343530718391564 5.9334545208751557e-05 0.0024472860549984471 0.0003686697111768576 0.0011945647643927752 -9.1650965957744e-05 8.4353351273388263e-05 0.00030124437487888492 6.9708534969906838e-05 -0.00012067282017109152 0.00058592829181212426 0.00045325069970116153 6.0778430209714796e-05 0.00097900879430834649 0.00018805027120523911 0.00048411098773898229 -4.7298207319081987e-05 0.0017872743461180029 -1.8143275858838243e-05 2.6537799050499751e-05 0.00086292706252605485 0.00061230340131549973 0.00030101812696258596
leaf_weight=1169 107 16409 297 177 71 460 127 62 3594 44 1121 94 9598 132 70 188 1095 49 48 43 67 192 40 11100 43 330 3823 45 101 599
leaf_count=1169 107 16409 297 177 71 460 127 62 3594 44 1121 94 9598 132 70 188 1095 49 48 43 67 192 40 11100 43 330 3823 45 101 599
internal_value=-0.000118434 0.000785943 0.00643885 0.0119598 0.0169931 0.000648241 0.00200654 0.00412493 0.00102922 0.00845029 0.00561081 0.005 -0.0013161 0.00109044 0.00737624 0.000323721 0.00120846 0.00640351 0.016134 0.000974742 0.00145038 0.00787625 0.0174299 -0.00147551 0.0274561 0.00106152 0.000497314 0.00977273 0.00320388 0.00485714
internal_weight=51295 29226 695 398 291 28531 5502 1737 3765 171 1277 1215 22069 1371 202 23029 6620 285 97 6335 5240 299 107 20698 114 4941 3911 88 1030 700
internal_count=51295 29226 695 398 291 28531 5502 1737 3765 171 1277 1215 22069 1371 202 23029 6620 285 97 6335 5240 299 107 20698 114 4941 3911 88 1030 700
is_linear=0
shrinkage=0.05


Tree=9
num_leaves=31
num_cat=0
split_feature=4 12 10 13 13 14 12 10 11 10 16 11 10 11 4 15 14 3 10 4 16 15 6 12 12 5 13 8 16 12
split_gain=19.6928 6.97437 9.1287 5.42048 5.84836 4.16457 4.12483 7.56295 7.27901 4.56626 5.79831 7.2585 5.9815 6.07839 3.80269 3.77197 3.96437 4.69388 3.7307 3.64974 3.64144 14.6651 3.49894 4.39206 5.32037 3.03952 2.9097 2.64023 3.2615 6.99667
threshold=0.030188843599261234 -0.075828258528587975 0.023991459337660673 43.015001296997077 24.630000114440922 0.065588142690931509 -0.0075921435528307204 -0.0050682190267434804 -0.021243807178240256 -0.0055253029172103165 -0.011534190287907918 0.0019507060207528684 -0.0092548931155976826 -0.0047792055268489611 0.021957349752904389 -0.0074598852925036865 0.10333272396106032 -0.0038808002028735684 -0.0069332778537110609 0.023625877028050069 -0.062773911532458856 -0.025947713901271593 0.13808585984388669 -0.05793872793170584 -0.062212447341067838 0.020544989315379132 30.345000267028812 -0.018564686060761445 0.047138937064374005 -0.050232690438178178
decision_type=2 2 2 2 2 2 2 2 2 2 2 2 2 2 2 2 2 2 2 2 2 2 2 2 2 2 2 10 2 2
left_child=5 2 3 4 -2 19 7 -7 18 10 -10 12 13 -12 -15 -14 17 -17 -8 -1 21 -3 27 24 -24 -6 -27 28 -22 -30
right_child=1 20 -4 -5 25 6 8 -9 9 -11 11 -13 15 14 -16 16 -18 -19 -20 -21 22 -23 23 -25 -26 26 -28 -29 29 -31
leaf_value=-8.3157637767466649e-05 -3.6037186218715917e-05 -0.00016618528985539816 0.0012829008604164007 -0.00036650505892282581 1.5913481812993543e-05 -0.00016222588788127718 0.00017824671613485797 0.00023102329274370519 -0.0001057704671682023 -0.00011762452627373215 -0.00039255917809355949 -6.0924984921036921e-05 -8.5041916119010081e-05 0.00017280650836193538 0.00058879321485533372 0.00096568032369039676 2.0252249302723127e-05 0.00020329503734558781 0.00031148420891091602 -3.1104604173498576e-05 -7.5133911040057766e-05 0.0012111198779388651 -5.1649804105002009e-07 0.00013295308505191351 0.00064205550730783505 0.00066843964798369866 0.00021381857034283842 7.5529731252024497e-05 0.00044518754693848229 4.617970701699201e-05
leaf_weight=14342 149 193 61 165 55 1115 220 108 631 670 43 314 144 90 86 81 128 102 102 10141 5463 121 90 7358 107 99 105 7845 75 737
leaf_count=14342 149 193 61 165 55 1115 220 108 631 670 43 314 144 90 86 81 128 102 102 10141 5463 121 90 7358 107 99 105 7845 75 737
internal_value=-0.000150178 0.000949696 0.00611987 0.0041623 0.0072549 -0.00102889 0.00050339 -0.00189289 0.00162581 0.000635648 0.00207227 0.00446356 0.00738872 0.0141781 0.0182955 0.00412088 0.00721865 0.0119399 0.0086646 -0.00126884 0.000800626 0.0061465 0.000723182 0.00159166 0.00895939 0.0117954 0.0146078 0.000258497 -0.000505977 0.00245074
internal_weight=50940 22623 634 573 408 28317 3834 1223 2611 2289 1619 988 674 219 176 455 311 183 322 24483 21989 314 21675 7555 197 259 204 14120 6275 812
internal_count=50940 22623 634 573 408 28317 3834 1223 2611 2289 1619 988 674 219 176 455 311 183 322 24483 21989 314 21675 7555 197 259 204 14120 6275 812
is_linear=0
shrinkage=0.05


Tree=10
num_leaves=31
num_cat=0
split_feature=4 12 10 4 6 0 14 12 12 11 14 10 10 6 9 11 12 14 10 16 10 14 10 14 14 14 12 12 12 11
split_gain=18.4074 5.90657 9.78121 5.78298 3.88995 4.98986 3.78257 6.86409 5.28459 5.78921 4.89739 13.3047 3.54697 3.74125 3.46403 3.17706 3.94116 3.57033 3.62147 3.31475 3.41873 3.02323 2.9999 5.33669 4.16807 6.07668 4.46506 4.89446 8.02845 7.549
threshold=0.033412734859174363 -0.075828258528587975 0.023991459337660673 0.020160569741817173 -0.28345349638851419 -0.016149182189494234 0.065588142690931509 0.032816307706160404 0.040854106099518013 -0.0099347791487244246 0.069818776796141915 -0.0056282677308486786 -0.0019060348460245289 -0.29762888106427571 0.28120056582807812 -0.016157928863008927 -0.0075921435528307204 -0.16769008837329388 0.0094657292137089195 0.041754111928017819 0.0091157709324108955 0.057570789081387914 0.0078861973708463946 -0.10344834121785244 -0.037511825146214865 -0.038683719112648444 0.078665410711505027 0.017736391476984806 0.0053623366190914687 -0.00034708871175548323
decision_type=2 2 2 2 2 2 2 2 2 2 2 2 2 2 10 2 2 2 2 2 2 2 2 2 2 2 2 2 2 2
left_child=3 2 4 -1 5 21 22 10 12 -10 11 -8 13 -9 -3 16 -16 -17 19 20 -19 -2 -5 -24 25 26 27 28 -25 -30
right_child=1 14 -4 6 -6 -7 7 8 9 -11 -12 -13 -14 -15 15 17 -18 18 -20 -21 -22 -23 23 24 -26 -27 -28 -29 29 -31
leaf_value=-7.5886205900454074e-05 0.00046739656646280079 4.6423356477056803e-05 0.0015097785659470423 -5.4988491812436861e-05 -5.4540700502268316e-06 0.00013081319708890942 -0.00013075286347468074 0.00014766835533151833 0.00032384023007602983 -4.4289980371768178e-05 -3.6999369226768764e-05 0.00056152058096564292 6.0055668417260696e-05 0.0005977899421814952 0.00021166017630226447 0.0010098509398701971 0.0011630752069337815 0.00015826122050068047 -0.00042667730816617648 0.00057954058599812689 0.00056647172875100684 0.00015604277534206687 -0.00013998140939022115 6.2748672698462692e-05 -9.9243597962227908e-05 0.00043799691460622909 0.00043998916262862043 -2.0431720046280014e-05 0.0011077269670362177 0.00027767992183875748
leaf_weight=9894 49 13379 62 15999 281 145 149 72 59 242 2476 118 55 92 233 46 151 2657 430 497 56 61 883 661 937 66 64 1046 65 215
leaf_count=9894 49 13379 62 15999 281 145 149 72 59 242 2476 118 55 92 233 46 151 2657 430 497 56 61 883 661 937 66 64 1046 65 215
internal_value=-0.000133947 0.00115061 0.00603679 -0.000834468 0.00386194 0.00833333 -0.00040282 0.0011753 0.00644231 0.00214286 0.000176813 0.00661049 0.0123516 0.0160366 0.00098315 0.00226044 0.00658854 0.00180955 0.00163461 0.00221184 0.00152414 0.0163636 -0.000661117 0.00057531 0.00156516 0.00279405 0.0023135 0.00189482 0.00451116 0.0116071
internal_weight=51140 18047 598 33093 536 255 23199 3263 520 301 2743 267 219 164 17449 4070 384 3686 3640 3210 2713 110 19936 3937 3054 2117 2051 1987 941 280
internal_count=51140 18047 598 33093 536 255 23199 3263 520 301 2743 267 219 164 17449 4070 384 3686 3640 3210 2713 110 19936 3937 3054 2117 2051 1987 941 280
is_linear=0
shrinkage=0.05


Tree=11
num_leaves=31
num_cat=0
split_feature=4 5 10 12 15 15 9 11 11 12 12 10 11 15 15 15 12 16 10 0 16 11 11 15 6 1 15 9 10 7
split_gain=16.2958 6.90852 6.87852 10.6667 4.49098 11.1972 6.80739 5.56926 8.96996 5.85694 7.28598 7.29839 6.88068 13.5403 6.55969 8.00243 4.80354 4.54146 11.7896 3.59486 5.81983 3.26141 3.25418 3.77547 3.205 3.02285 2.9677 3.25198 3.403 4.17089
threshold=0.026433480721391234 0.032544047591872891 0.023991459337660673 -0.018483569638135518 -0.0046802217927204284 -0.0048317884181032214 -0.10425553722688906 -0.023324981642921735 -0.026323618530511902 -0.0063801556439739273 0.014344491575221776 -1.4888588054484673e-05 0.010281984282011216 -0.0091603441292236725 -0.0098936175827484246 -0.015683449000349233 -0.0013043868274282275 -0.0082952589045941477 -0.012508695077667052 -0.045243378139066863 -0.034321490035760675 -0.0088251851150741283 0.011258220737919157 -0.0063118270196650941 2.2926350985752584 0.0024322319908665073 -0.0044586982918248799 0.088676195257194959 -1.4888588054484673e-05 0.032153682054828721
decision_type=2 2 2 2 2 2 10 2 2 2 2 2 2 2 2 2 2 2 2 2 2 2 2 2 2 2 2 10 2 2
left_child=24 4 -3 -4 5 6 -2 8 -8 -9 12 17 14 -14 15 16 -11 -12 -19 -10 -21 -17 23 -13 26 -7 27 -1 -29 -30
right_child=1 2 3 -5 -6 25 7 9 19 10 11 22 13 -15 -16 21 -18 18 -20 20 -22 -23 -24 -25 -26 -27 -28 28 29 -31
leaf_value=-5.3949488310815355e-05 -4.788581162745345e-05 0.00029152103320390598 0.0012870727105592306 -0.00041134853814095299 -9.0784981154494344e-06 0.00043744814414522495 0.00013967090683677876 -0.00019652325579126657 0.0014284774999142064 0.0013420028672277071 -0.00023763623550597884 0.00032759783691013299 -1.1505338232046408e-05 0.0014276687601658135 -0.00011061276116481768 0.000292425167824208 -6.6756792549455042e-05 0.00041139499974563473 3.6831718371432652e-05 0.00047015307925022472 0.0001405698253035116 0.00073067519844953227 1.8472841541152761e-05 0.0016562618341602019 9.6052771988377827e-05 0.00049890233417623114 -7.8948670696469639e-05 3.4185191634747952e-05 0.00051651671243971244 -0.00011554081389666836
leaf_weight=3873 3068 3549 48 48 17915 55 555 889 40 57 584 50 47 46 341 89 192 46 1043 105 117 139 61 57 1138 42 15237 1570 80 45
leaf_count=3873 3068 3549 48 48 17915 55 555 889 40 57 584 50 47 46 341 89 192 46 1043 105 117 139 61 57 1138 42 15237 1570 80 45
internal_value=-0.000183469 0.000590582 0.00262688 0.0158333 0.000299944 0.00131641 0.00109886 0.00234634 0.00607711 0.0015092 0.00264898 0.000839217 0.00630626 0.0191935 0.00484107 0.00862683 0.00242972 -0.000158399 0.00174931 0.0137023 0.0112162 0.0153947 0.0107738 0.016028 -0.00121292 0.0181959 -0.00135424 -0.000366381 0.00146018 0.0094
internal_weight=51126 29183 3645 96 25538 7623 7526 4458 817 3641 2752 1841 911 93 818 477 249 1673 1089 262 222 228 168 107 21943 97 20805 5568 1695 125
internal_count=51126 29183 3645 96 25538 7623 7526 4458 817 3641 2752 1841 911 93 818 477 249 1673 1089 262 222 228 168 107 21943 97 20805 5568 1695 125
is_linear=0
shrinkage=0.05


Tree=12
num_leaves=31
num_cat=0
split_feature=4 5 10 6 15 11 15 13 11 11 11 11 8 16 16 13 15 16 10 16 9 10 11 15 13 11 11 13 13 11
split_gain=15.5351 6.47189 6.54197 8.47633 5.16308 7.4342 8.58262 22.7755 6.98029 15.6005 6.31063 8.17955 6.88338 5.94543 12.4206 5.54168 4.94599 4.39867 13.2115 4.40764 4.26287 12.9983 4.16619 6.93152 3.92905 3.6128 5.91723 4.91365 4.56704 4.08025
threshold=0.023430182643012158 0.032544047591872891 0.023991459337660673 -0.1089684537998729 -0.00081953059890682567 0.014774738031643421 -0.0012811947375340191 21.82499980926514 0.012589195808640931 0.013034509173491029 -0.023324981642921735 -0.025492153007652226 0.036512695772439659 -0.0038834446923878825 -0.0028565450195843218 17.530000686645511 -0.034029595956212459 0.018680303581101846 -0.00098146470718468693 0.0200473120242366 0.12378703237969214 0.00090086479202544656 0.00066761306825102739 -0.016964120841018556 21.555000305175785 0.015047056175498954 0.01583058355048839 15.234999656677248 12.994999885559084 0.031328768079461174
decision_type=2 2 2 2 2 2 2 2 2 2 2 2 10 2 2 2 2 2 2 2 10 2 2 2 2 2 2 2 2 2
left_child=-1 4 -3 -4 5 6 8 -8 10 -10 11 16 -13 20 15 -15 -2 22 19 -19 -12 -22 23 -16 -14 -6 -27 28 29 -28
right_child=1 2 3 -5 25 -7 7 -9 9 -11 13 12 24 14 17 -17 -18 18 -20 -21 21 -23 -24 -25 -26 26 27 -29 -30 -31
leaf_value=-6.071202215259896e-05 -0.00041246630497643723 0.0002663291101509978 0.0013888366594466352 0.00013806628240971178 -5.7829553929067435e-05 -0.00016483068957440564 0.00015278795458334785 0.0028130236669695816 0.0011857824621355874 0.00011341715812725859 -0.00011203099394575767 0.00025004164955920943 0.00028020604004347637 0.00020372701634013723 0.00036335302111667245 0.0004255249412362795 0.00014213395979627104 0.00038317379276458586 0.0012374165045055717 8.0155884962446349e-05 9.3667009925812298e-05 0.0015372095654349576 -5.3478032745652766e-05 0.00012503057353270656 0.00071915143282993749 0.00050997812933502545 5.1641659200641118e-05 9.8116524359541282e-05 -0.00018747111849831983 0.00053679735328103354
leaf_weight=15995 253 3512 46 57 12951 1436 197 56 42 108 3396 192 46 151 70 132 1123 82 74 576 1311 56 2069 649 64 243 651 3481 1833 54
leaf_count=15995 253 3512 46 57 12951 1436 197 56 42 108 3396 192 46 151 70 132 1123 82 74 576 1311 56 2069 649 64 243 651 3481 1833 54
internal_value=-0.000111579 0.000479647 0.00248271 0.0149029 0.000248273 0.0010581 0.00151357 0.0106126 0.00129209 0.012 0.0011353 0.00393921 0.0113907 0.000586037 0.00206021 0.0121378 0.00230378 0.00125 0.00469945 0.00244681 -0.000591015 0.00176664 0.000344332 0.00362309 0.0213636 -0.000261022 0.000725007 0.000416181 -0.0012569 0.00216312
internal_weight=50906 34911 3615 103 31296 12083 10647 253 10394 150 10244 1678 302 8566 3803 283 1376 3520 732 658 4763 1367 2788 719 110 19213 6262 6019 2538 705
internal_count=50906 34911 3615 103 31296 12083 10647 253 10394 150 10244 1678 302 8566 3803 283 1376 3520 732 658 4763 1367 2788 719 110 19213 6262 6019 2538 705
is_linear=0
shrinkage=0.05


Tree=13
num_leaves=31
num_cat=0
split_feature=4 5 12 6 14 12 15 15 15 15 12 13 13 12 14 2 16 15 12 12 15 14 14 15 15 14 14 15 16 16
split_gain=13.4427 4.90117 5.37341 3.26847 3.10345 3.95646 3.09236 3.56596 2.98923 8.11703 3.49482 5.61728 9.51303 3.70068 5.55037 3.6993 3.53707 9.83205 4.34066 8.08639 9.22007 8.76541 5.63455 7.43757 8.00159 3.41412 6.89708 14.3089 16.406 8.13137
threshold=0.02654679655757888 0.032544047591872891 -0.075828258528587975 1.9058039582679314 0.017639326626862298 -0.0800835440536906 -0.004598465161185227 -0.0049999232062974399 -0.0046802217927204284 -0.0048317884181032214 -0.028146521993507308 21.555000305175785 22.330000877380375 -0.075828258528587975 0.057570789081387914 0.1187247951611642 -0.047562386574093445 -0.025947713901271593 -0.00073998910017980524 0.01159583409138454 -0.015683449000349233 0.0080830591469587282 0.040467463007027978 -0.006107311622501165 -0.0098936175827484246 -0.024601750905799354 -0.027300254032733503 0.0035889971211937603 1.0000000180025095e-35 0.088156137015810723
decision_type=2 2 2 2 2 2 2 2 2 2 2 2 2 2 2 2 2 2 2 2 2 2 2 2 2 2 2 2 2 2
left_child=3 8 4 6 5 -3 7 -1 9 10 13 16 15 14 -2 -13 17 -12 -18 20 -20 -22 -23 24 -24 26 29 28 -28 -10
right_child=1 2 -4 -5 -6 -7 -8 -9 25 -11 11 12 -14 -15 -16 -17 18 -19 19 -21 21 22 23 -25 -26 -27 27 -29 -30 -31
leaf_value=-2.4842062337542819e-05 0.00034065587326386924 0.0013807859718378672 0.0002422173597036297 7.8260238120973324e-05 0.00020064954865638159 0.00037084212439069341 -7.4801159074193722e-05 0.00017659140521946988 1.4669007167168732e-05 0.00039190817124282298 -0.00050710684702814641 0.00038716943349950862 3.8981512089495616e-05 -0.00014922630589450159 -6.8211628693759001e-05 0.00089428034741476949 -0.00018937445749204018 0.00074983877403950476 -5.9518148053788855e-05 1.7652962398329364e-05 7.9428770495362661e-05 0.0012910508853643816 0.00056712284010128333 0.0012698109426760073 -0.00018028472921607049 -5.4467162721932654e-05 0.0004129905111304849 -0.00036876298537123851 0.0020950770368922309 0.00059953780985398317
leaf_weight=5199 133 44 3396 1569 100 43 15139 218 7938 98 130 227 417 1368 154 45 1005 157 267 3072 165 67 90 44 120 9267 127 156 80 62
leaf_count=5199 133 44 3396 1569 100 43 15139 218 7938 98 130 227 417 1368 154 45 1005 157 267 3072 165 67 90 44 120 9267 127 156 80 62
internal_value=-0.000186358 0.000526205 0.00225649 -0.001113 0.010508 0.0174138 -0.00128089 -0.000255678 0.000280081 0.00111192 0.000924138 0.00150189 0.0057402 -0.00110272 0.00405923 0.0130147 0.000931209 0.00632404 0.000610765 0.00137908 0.00602258 0.0101235 0.0149377 0.0115354 0.00761905 -7.65752e-05 0.000655864 0.00739669 0.0160145 0.000349999
internal_weight=50897 28772 3583 22125 187 87 20556 5417 25189 7559 7461 5806 689 1655 287 272 5117 287 4830 3825 753 486 321 254 210 17630 8363 363 207 8000
internal_count=50897 28772 3583 22125 187 87 20556 5417 25189 7559 7461 5806 689 1655 287 272 5117 287 4830 3825 753 486 321 254 210 17630 8363 363 207 8000
is_linear=0
shrinkage=0.05


Tree=14
num_leaves=31
num_cat=0
split_feature=4 4 4 12 14 13 13 13 11 5 12 6 8 16 16 16 16 13 2 13 11 11 16 12 14 2 4 13 14 12
split_gain=13.5496 4.37906 3.40167 4.39737 5.99133 4.02528 3.72261 3.91637 5.92371 3.67005 8.34575 2.98037 2.9054 4.48179 2.51098 2.25794 8.95673 9.33514 8.54213 4.18528 5.41122 3.69881 6.80493 4.09146 3.57645 2.86302 2.52799 2.25531 2.39328 2.96948
threshold=0.033716628690485466 0.021665902945646649 0.051240949847429093 -0.075828258528587975 0.035592479952137442 24.630000114440922 28.970000267028812 25.19999980926514 -0.015590131479171264 0.041509860096384694 0.023026586381748374 -0.59284202299560074 0.038328823540664476 -0.0088257972786735511 -0.062773911532458856 0.0051174841784852329 0.0045304602575880768 12.994999885559084 -0.0063561205057768291 24.385000228881839 0.021459782264152908 0.0035059532242039952 -0.013898818954499568 0.088559011453246086 -0.037855116903532098 -0.037600716318045173 0.027898001919820562 13.234999656677248 0.0037598780805861991 0.033074860381173139
decision_type=2 2 2 2 2 2 2 2 2 2 2 2 10 2 2 2 2 2 2 2 2 2 2 2 2 2 2 2 2 2
left_child=1 -1 9 4 5 -4 7 14 -9 -2 -11 -7 13 -10 -5 16 21 -18 -19 24 -21 23 25 -3 -17 -23 -20 -24 -29 -30
right_child=2 15 3 6 -6 11 -8 8 12 10 -12 -13 -14 -15 -16 19 17 18 26 20 -22 22 27 -25 -26 -27 -28 28 29 -31
leaf_value=-6.1226890881715065e-05 3.4396590567870615e-05 -3.1042056297432569e-05 4.6686235595642923e-05 0.0011108192742602539 4.4655388232600634e-05 0.0010873119751796958 -0.00021642799892890408 9.5464993710475077e-05 0.0010721399870682125 0.00089473684673690372 -0.00064803416732807037 0.00068458115500845873 0.0015843434869146974 6.9262839740827467e-05 0.00017970994989893892 2.9454120458054338e-05 -0.00036076448897883335 -0.00010789300862289456 0.0009232706841630563 -8.0741826052709801e-05 0.00060921960852493144 0.00042851680120699874 -0.00013150908180729 0.00039784489998803425 -8.6182014066650577e-05 0.001624107598180961 0.0013313715612114328 2.2236596738849603e-05 0.00011503815181701568 0.00020788527653782041
leaf_weight=12692 12542 8026 43 77 165 58 373 165 51 40 45 72 55 68 3897 2951 79 42 53 74 79 45 324 55 7855 41 51 701 274 157
leaf_count=12692 12542 8026 43 77 165 58 373 165 51 40 45 72 55 68 3897 2951 79 42 53 74 79 45 324 55 7855 41 51 701 274 157
internal_value=-0.000155426 -0.000746143 0.000965666 0.00206608 0.00757396 0.0140751 0.0016688 0.00208324 0.00724189 0.000527836 0.0108824 0.0184615 0.0136782 0.00928571 0.00164318 -0.00029966 0.000249796 0.0101111 0.0176027 -0.000793413 0.0074183 1.92236e-05 0.00226329 -0.000408985 -0.000909681 0.0159302 0.0252885 0.00145604 0.00250883 0.00544083
internal_weight=51150 33499 17651 5024 338 173 4686 4313 339 12627 85 130 174 119 3974 20807 9848 225 146 10959 153 9623 1542 8081 10806 86 104 1456 1132 431
internal_count=51150 33499 17651 5024 338 173 4686 4313 339 12627 85 130 174 119 3974 20807 9848 225 146 10959 153 9623 1542 8081 10806 86 104 1456 1132 431
is_linear=0
shrinkage=0.05


Tree=15
num_leaves=31
num_cat=0
split_feature=4 5 9 15 10 11 14 13 9 14 15 10 10 11 12 13 10 12 11 10 16 3 16 16 14 13 11 15 12 13
split_gain=11.1159 6.13915 4.23791 4.62619 4.79199 7.52301 8.2276 5.28109 4.85103 4.01901 5.81321 4.22025 5.18364 5.82778 3.71579 5.14661 3.58369 4.67007 3.49206 3.25459 3.72414 3.375 3.32364 4.19006 3.35284 3.15364 2.94352 4.95644 2.81654 9.17647
threshold=0.022724514217123081 0.032544047591872891 0.020877581297481521 -0.0044586982918248799 -0.0012320387254826091 0.012360939559302066 -0.0052640766517011986 15.425000190734865 0.25680916180075669 -0.037511825146214865 -0.0015577020658212313 0.014545936349149692 0.012020737458552368 0.023858955233929894 -0.031853189963288557 21.134999275207523 0.023991459337660673 -0.018483569638135518 0.010672166565218634 -0.023232598164511228 -0.062773911532458856 -0.0029381277663088064 -0.013590535360402943 -0.01105817378128404 0.048155268237130573 21.134999275207523 -0.023324981642921735 -0.011279159093201428 -0.0080789703777397453 17.180000305175785
decision_type=2 2 10 2 2 2 2 2 10 2 2 2 2 2 2 2 2 2 2 2 2 2 2 2 2 2 2 2 2 2
left_child=-1 2 -2 4 19 6 -6 -8 -9 10 18 12 25 -14 15 -11 -3 -18 -5 21 -21 -4 26 24 -24 28 27 -22 29 -12
right_child=1 16 3 9 5 -7 7 8 -10 14 11 -13 13 -15 -16 -17 17 -19 -20 20 22 -23 23 -25 -26 -27 -28 -29 -30 -31
leaf_value=-5.5799468102610722e-05 -2.9847505384474393e-05 0.00023835353050198215 2.7233484985099825e-05 8.0123671902645425e-05 0.00013636314313184513 -0.00051851853915324672 0.0013474712653886133 -1.5783212332753784e-05 0.00070454545786908314 0.00030749250235402771 0.00047397472216438753 -0.00015315718961791088 0.00070453045243535793 -0.00025809200918928445 -4.8853737300918406e-05 -0.00018167720101318547 0.001222524266119599 -6.4683135095038716e-05 0.00056892660562707516 0.00087489346529482943 2.3240504284670778e-05 0.00099440713307425376 0.00097222721156072867 0.00011608531952030253 0.00060733739889658471 -0.00021654758521357919 -0.00015793479322401109 0.00041216866779215971 7.8825913557797802e-05 -0.00014118913719730636
leaf_weight=14803 17669 3493 48 60 181 106 58 43 51 66 134 603 97 49 7200 85 52 43 66 140 347 48 43 1702 58 317 1175 62 2227 158
leaf_count=14803 17669 3493 48 60 181 106 58 43 51 66 134 603 97 49 7200 85 52 43 66 140 347 48 43 1702 58 317 1175 62 2227 158
internal_value=-0.000173298 0.00029672 8.1876e-05 0.000696243 0.00213934 0.00707289 0.0107658 0.0193421 0.0120213 0.000166334 0.00150768 0.00113668 0.00190811 0.0110959 -0.000510816 0.00725165 0.00226031 0.0118421 0.0120635 0.00154154 0.0012943 0.010625 0.000963979 0.00243206 0.0123267 0.00143512 -0.000707072 0.00294621 0.0020266 0.00664383
internal_weight=51184 36381 32793 15124 4062 439 333 152 94 11062 3711 3585 2982 146 7351 151 3588 95 126 3623 3527 96 3387 1803 101 2836 1584 409 2519 292
internal_count=51184 36381 32793 15124 4062 439 333 152 94 11062 3711 3585 2982 146 7351 151 3588 95 126 3623 3527 96 3387 1803 101 2836 1584 409 2519 292
is_linear=0
shrinkage=0.05


Tree=16
num_leaves=31
num_cat=0
split_feature=4 4 8 10 12 11 11 11 13 10 13 13 12 10 15 12 10 12 12 12 1 15 15 12 11 13 11 11 14 4
split_gain=10.5272 3.60692 2.57221 3.96699 3.40809 3.23091 4.33438 4.80297 4.14406 2.953 2.50942 9.63287 10.443 2.94331 2.80998 4.31806 4.45264 3.45154 4.05277 16.4323 5.75137 3.9318 10.071 7.2 6.00509 12.1181 5.64454 5.30476 4.62183 3.42285
threshold=0.033412734859174363 0.022724514217123081 -0.050025508108601173 -0.0064885542336663984 -0.0075921435528307204 0.0074730309850676866 -0.0047792055268489611 -0.017638953461458159 16.510000228881839 -0.0072745110629502388 16.125000000000004 16.260000228881839 0.001711050909807055 -0.0019995702881753781 -0.02634889214901209 -0.0075921435528307204 -0.023232598164511228 -0.050232690438178178 -0.028146521993507308 -0.027697520987391363 0.038397114390775984 -0.00076832211843746989 -0.0012811947375340191 0.042111108059458398 0.015980558357876488 24.385000228881839 0.017632958734851271 -0.023324981642921735 -0.029810288463271824 0.057041631096184577
decision_type=2 2 10 2 2 2 2 2 2 2 2 2 2 2 2 2 2 2 2 2 2 2 2 2 2 2 2 2 2 2
left_child=1 -1 -3 4 -4 6 7 9 -8 -6 -2 12 -12 -14 15 -13 -17 29 -19 20 -20 22 27 -24 -23 26 28 -21 -26 -16
right_child=10 2 3 -5 5 -7 8 -9 -10 -11 11 14 13 -15 17 16 -18 18 19 21 -22 24 23 -25 25 -27 -28 -29 -30 -31
leaf_value=-5.3263674943025821e-05 -8.8798857333780343e-06 -7.9015647509577574e-05 -3.0147812714517102e-05 -1.3416718447426376e-05 0.00016226524331288544 -5.0939043325888654e-05 0.00036453189261840977 -3.6441885766822715e-05 0.0001083832828326574 0.00025450279321042674 0.0013662872480098389 -0.0003833892255593134 -0.00015448819851759371 0.00045365298630923234 8.4394733295711593e-05 0.00094458299067870131 1.1835033473145451e-08 -0.00016726390224664332 0.0003071911496916187 0.00032585874745440495 0.0022539136328673234 -8.8092599385286422e-05 0.00091591666481150632 0.0026926895825851202 0.00061116149647967078 0.00079277929608321672 5.5393621777182709e-05 9.6714817682017496e-05 -0.00016672784594188488 0.0004292834111556728
leaf_weight=14659 5401 3774 612 12697 206 257 172 427 154 59 48 634 77 69 801 51 128 1470 50 387 47 3706 40 40 163 75 1488 2837 83 483
leaf_count=14659 5401 3774 612 12697 206 257 172 427 154 59 48 634 77 69 801 51 128 1470 50 387 47 3706 40 40 163 75 1488 2837 83 483
internal_value=-0.000142383 -0.000673442 -0.000206451 9.46231e-05 0.0022337 0.00370588 0.00497053 0.00273121 0.00972393 0.00801887 0.000827524 0.00121204 0.012268 0.00561644 0.00104021 -0.00180197 0.00505586 0.00123822 0.000935874 0.00133692 0.0218041 0.0011118 0.00247579 0.02 0.00029465 0.00265616 0.00180507 0.00204094 0.00882114 0.0036838
internal_weight=51095 33017 18358 14584 1887 1275 1018 692 326 265 18078 12677 194 146 12483 813 179 11670 10386 8916 97 8819 3304 80 5515 1809 1734 3224 246 1284
internal_count=51095 33017 18358 14584 1887 1275 1018 692 326 265 18078 12677 194 146 12483 813 179 11670 10386 8916 97 8819 3304 80 5515 1809 1734 3224 246 1284
is_linear=0
shrinkage=0.05


Tree=17
num_leaves=31
num_cat=0
split_feature=5 15 15 11 1 10 10 11 9 15 10 14 12 12 16 15 15 15 5 14 16 12 11 10 16 14 16 14 3 10
split_gain=7.76381 3.63367 9.23415 5.81901 4.93961 4.86924 16.5131 4.426 4.33852 8.98264 4.13529 5.42127 6.47 10.123 17.8172 7.29919 6.56861 10.1043 7.25174 4.08599 4.65092 3.95446 3.887 6.95631 5.43835 9.55943 11.8544 9.45543 4.5731 3.71627
threshold=0.020447320203285168 -0.0046802217927204284 -0.0048317884181032214 0.015047056175498954 0.013682069734415882 -0.00098146470718468693 -0.00084886719909504904 -0.043674023036412872 0.10172754303582422 -0.0063118270196650941 0.0086193665790624836 -0.10344834121785244 0.017736391476984806 -0.015853080145958594 -0.019184227262249939 0.014355833855017821 0.010307789242930855 0.0082776212568181923 0.012811387736215566 -0.073050802278400592 0.079590090223734103 -0.028146521993507308 -0.019621569956091153 -0.0069332778537110609 -0.0036792894769197 0.13367786858228273 1.0000000180025095e-35 0.034817373929807223 -0.013743858226756276 -0.0029934085869046663
decision_type=2 2 2 2 2 2 2 2 10 2 2 2 2 2 2 2 2 2 2 2 2 2 2 2 2 2 2 2 2 2
left_child=1 2 3 5 -4 21 -7 -3 -8 -10 -9 -12 13 -13 -15 -16 17 -14 -19 -17 -21 -1 23 -23 -24 26 27 -26 -25 -29
right_child=-2 7 4 -5 -6 6 8 10 9 -11 11 12 16 14 15 19 -18 18 -20 20 -22 22 24 28 25 -27 -28 29 -30 -31
leaf_value=-0.0001147559287618128 5.9166749272100055e-05 0.00023389842687851991 0.00026774318360090941 -0.00039479433906876071 -7.2145030212481667e-05 0.00073026617763538202 -3.0451563172156103e-05 -6.684758387112085e-05 7.6488593632393747e-05 0.0010660825072621723 -0.00012477171278360287 -6.0601221110091633e-05 -0.00035552809871564859 0.0012087885261642026 -0.00010911345735212812 -3.19557095385033e-06 -9.7030202496700544e-05 0.00010737318982158684 0.00052732299553990018 0.00030164565387493436 -0.00023747610354136803 4.0809356788793119e-05 -7.7499534814484648e-05 0.00026006189253276657 6.0006009818735954e-05 0.0002239033024949664 -4.7158637775443512e-05 0.00056329063359558348 0.00019518560403279824 0.0007543859335292643
leaf_weight=1426 16878 64 104 653 48 52 421 19889 120 59 1171 655 156 48 233 133 1813 80 113 466 58 907 2862 44 255 155 1827 137 260 45
leaf_count=1426 16878 64 104 653 48 52 421 19889 120 59 1171 655 156 48 233 133 1813 80 113 466 58 907 2862 44 255 155 1827 137 260 45
internal_value=-0.000195769 -0.000628249 0.000210665 9.2149e-06 0.0124342 0.000355891 0.0045092 -0.000944372 0.00216667 0.00868715 -0.00097824 0.000318716 0.00124501 0.0036629 0.0069936 0.00539326 -0.000536541 0.00574498 0.0133938 0.0080898 0.0100763 1.38912e-05 0.000537584 0.00309248 -4.82875e-05 0.00169698 0.000874557 0.00827231 0.00963816 0.016978
internal_weight=51132 34254 9375 9223 152 8570 652 24879 600 179 24815 4926 3755 1593 938 890 2162 349 193 657 524 7918 6492 1211 5281 2419 2264 437 304 182
internal_count=51132 34254 9375 9223 152 8570 652 24879 600 179 24815 4926 3755 1593 938 890 2162 349 193 657 524 7918 6492 1211 5281 2419 2264 437 304 182
is_linear=0
shrinkage=0.05


Tree=18
num_leaves=31
num_cat=0
split_feature=4 9 12 15 15 13 10 15 11 15 3 15 12 12 15 14 12 11 15 15 15 11 1 11 10 14 11 10 15 15
split_gain=8.17607 3.48505 4.7729 6.8215 20.6566 7.19995 4.84117 3.98095 5.17986 3.90469 3.76481 3.73238 5.27108 4.10717 6.13287 3.62143 3.60459 3.53852 14.7798 3.30409 6.77511 5.46105 4.2482 4.01796 7.19146 3.83409 3.45219 5.03113 3.42745 3.35042
threshold=0.03951050939856058 -0.021466441510772479 0.01609265809314964 0.014064595328595832 0.014355833855017821 14.904999732971193 -0.0066717648892578576 0.019934408482506053 0.012210489302713847 0.0031181041301072692 0.0024026420682238263 0.0026193076940523867 -0.017626677985756452 -0.0067438381246153192 -0.004598465161185227 0.01016731697942619 0.012058033695657168 0.010281984282011216 -0.0091603441292236725 0.012935412571500439 0.0077309450691882562 0.03197650803521624 0.041190823316926813 0.011915744624196202 0.0053455164524482965 0.0066946732173895915 0.0051016574870994544 0.0092143531748835068 0.0095683379712433476 0.0037177992705033085
decision_type=2 10 2 2 2 2 2 2 2 2 2 2 2 2 2 2 2 2 2 2 2 2 2 2 2 2 2 2 2 2
left_child=1 -1 3 9 -5 10 -4 8 -7 11 -6 13 -13 -3 17 19 -14 -15 -19 20 29 23 -23 24 28 -21 -26 -28 -22 -8
right_child=-2 2 6 4 5 7 15 -9 -10 -11 -12 12 16 14 -16 -17 -18 18 -20 25 21 22 -24 -25 26 -27 27 -29 -30 -31
leaf_value=-5.0724634779301731e-05 9.0088464021630387e-05 -7.1834915843249007e-05 8.8034639907699099e-05 0.0011580321623276743 -3.6131657667285333e-05 -7.6840478184030936e-05 4.5508941830692378e-06 -0.00027034882721579858 0.00028633304515877911 -7.9537912174116048e-05 0.00040106190735716258 0.00047823038972124275 -0.00015475549995096563 0.00016258075408684362 -4.3784503527126874e-05 -0.00013113287440849985 0.00047723315219497893 -0.00010793209200340387 0.00068082339056131549 -0.00013782757161559086 0.00031268609290966841 0.00022978879836392649 0.0006013031085571963 -3.2643926576721964e-05 -6.2872594414114396e-05 0.00036337420844231302 -7.6687260617096405e-05 0.00062200851364009341 0.0002803442347790144 -0.00013459518637727922
leaf_weight=17846 11623 1551 896 40 49 253 4451 280 193 1904 169 51 102 1326 1048 3729 89 97 73 2086 169 45 68 673 385 81 86 73 130 1609
leaf_count=17846 11623 1551 896 40 49 253 4451 280 193 1904 169 51 102 1326 1048 3729 89 97 73 2086 169 45 68 673 385 81 86 73 130 1609
internal_value=-0.000194921 -0.000537521 -0.000111952 0.000937715 0.00480691 0.00331568 -0.000635662 0.000922864 0.0038565 0.000327671 0.0112844 0.00115633 0.00719008 0.000799755 0.00203616 -0.000870447 0.00337696 0.00409091 0.0108824 -0.000368305 0.000117699 0.00298035 0.0135841 0.00218997 0.00448992 -0.00209276 0.00106618 0.00726415 0.0107191 -0.000651816
internal_weight=51175 39552 21706 7225 984 944 14481 726 446 6241 218 4337 242 4095 2544 13585 191 1496 170 9856 7689 1629 113 1516 843 2167 544 159 299 6060
internal_count=51175 39552 21706 7225 984 944 14481 726 446 6241 218 4337 242 4095 2544 13585 191 1496 170 9856 7689 1629 113 1516 843 2167 544 159 299 6060
is_linear=0
shrinkage=0.05


Tree=19
num_leaves=31
num_cat=0
split_feature=4 4 12 13 5 12 13 3 13 13 11 15 15 12 11 11 11 16 10 11 15 16 10 14 16 16 16 14 3 11
split_gain=9.37312 3.77795 4.04234 5.22942 3.30709 7.58336 3.21481 3.62773 2.99678 4.26132 5.29 2.77521 6.38998 15.2726 5.09121 7.50093 11.5333 3.67764 9.0515 4.62216 4.29526 4.03382 4.19151 3.68773 3.64588 3.19614 8.75161 6.19195 7.45077 3.91358
threshold=0.023625877028050069 0.053159868686507655 -0.075828258528587975 43.015001296997077 0.041509860096384694 -0.0087283994836974115 24.630000114440922 -0.011956742513043015 28.970000267028812 26.494999885559086 -0.020756014565235011 -0.00081953059890682567 -0.0012811947375340191 0.073733903664651171 0.014774738031643421 0.012589195808640931 0.013034509173491029 0.018680303581101846 -0.00098146470718468693 -0.023324981642921735 -0.011279159093201428 -0.022286806056670768 -0.01645938155843862 0.032869961540085708 0.0200473120242366 -0.0038834446923878825 -0.0028565450195843218 0.13367786858228273 -0.0080529266499163015 0.0035059532242039952
decision_type=2 2 2 2 2 2 2 2 2 2 2 2 2 2 2 2 2 2 2 2 2 2 2 2 2 2 2 2 2 2
left_child=-1 4 3 6 11 -6 -3 -8 9 -4 -11 12 14 -14 15 17 -17 19 24 20 21 -2 -23 -22 -19 29 -27 -28 -29 -21
right_child=1 2 8 -5 5 -7 7 -9 -10 10 -12 -13 13 -15 -16 16 -18 18 -20 25 23 22 -24 -25 -26 26 27 28 -30 -31
leaf_value=-4.7692820502644137e-05 4.7950989273546904e-05 3.1179713015632486e-05 0.00015948760932439098 -0.00021664304080931771 0.00077888293391689309 -0.00048045102386368638 1.3273557495082931e-05 0.00078713588964758629 -0.00020790298013107457 4.7826718531479513e-05 0.00099063062019252141 -2.2128848883740596e-05 0.0001558309659537569 0.002417246160232837 -0.00019024945599954159 0.0010512002894823838 0.0001670044301259619 0.00038366469765524399 0.00079773477160900307 -8.704366995978196e-05 0.0001636469565006981 0.0008903298775755497 8.6182355098815325e-05 0.00025801404500276441 6.9023619434114915e-05 0.00031199261301940914 -1.5172177495797207e-05 0.00033571899607359984 -7.2177819364950397e-05 0.00060037073212181296
leaf_weight=16526 1171 62 3535 87 41 47 42 122 353 100 80 18620 252 52 1335 40 106 82 77 4309 163 42 41 69 577 271 2571 67 70 209
leaf_count=16526 1171 62 3535 87 41 47 42 122 353 100 80 18620 252 52 1335 40 106 82 77 4309 163 42 41 69 577 271 2571 67 70 209
internal_value=-0.000174985 0.000292977 0.00166514 0.00714057 9.40012e-05 0.00977273 0.0111504 0.0148171 0.00124385 0.00166218 0.00916667 6.57271e-05 0.000676285 0.00782895 0.000482142 0.000874302 0.0121233 0.000705318 0.00410326 0.000426916 0.00297443 0.00181818 0.0124699 0.00922414 0.00220789 -7.80324e-05 0.00119335 0.00033604 0.0106934 -0.000916336
internal_weight=51119 34593 4381 313 30212 88 226 164 4068 3715 180 30124 11504 304 11200 9865 146 9719 736 8983 1486 1254 83 232 659 7497 2979 2708 137 4518
internal_count=51119 34593 4381 313 30212 88 226 164 4068 3715 180 30124 11504 304 11200 9865 146 9719 736 8983 1486 1254 83 232 659 7497 2979 2708 137 4518
is_linear=0
shrinkage=0.05


Tree=20
num_leaves=31
num_cat=0
split_feature=4 4 9 9 11 16 15 16 0 12 9 3 5 12 13 14 13 13 14 7 13 14 16 11 16 13 11 12 15 11
split_gain=8.55595 2.75061 2.45366 2.20492 2.27749 3.6385 2.13171 4.16287 5.86273 5.3833 5.34647 4.11212 3.50174 2.34559 4.62791 1.80526 2.98899 1.93718 2.25716 3.31174 3.05381 1.87231 1.76013 3.61425 3.35371 4.93342 10.1369 4.27584 3.27457 3.6459
threshold=0.033412734859174363 0.019491923212269179 0.68512536281538672 0.20606267073353626 -0.035697741943328191 -0.031094083371474898 -0.02634889214901209 -0.05155821190129966 -0.024291770775320794 -0.0800835440536906 -0.15548589689397638 -0.00073323001581132574 0.03834643707666003 -0.0067438381246153192 21.555000305175785 0.0091478412114857095 16.73499965667725 12.644999980926515 -0.0052640766517011986 -0.0049814476307654112 12.88000011444092 -0.023371909944973176 -0.0056680370522956261 0.0051016574870994544 0.00023795238460544435 17.530000686645511 0.0019507060207528684 0.019792477840811399 -0.0021965180474238228 -0.0076796209830086162
decision_type=2 2 10 10 2 2 2 2 2 2 10 2 2 2 2 2 2 2 2 2 2 2 2 2 2 2 2 2 2 2
left_child=1 -1 6 4 5 -3 13 8 10 12 -8 -12 -9 -2 -15 17 -17 -5 21 -20 -21 -19 23 -11 25 -24 28 -28 29 -27
right_child=2 3 -4 15 -6 -7 7 9 -10 22 11 -13 -14 14 -16 16 -18 18 19 20 -22 -23 24 -25 -26 26 27 -29 -30 -31
leaf_value=-5.6372898150985823e-05 -0.00035189316870501538 4.0913022610403241e-05 0.00034097660736213156 -0.0001101405671026312 -3.6163174489430736e-05 0.0003445106989194911 -8.9526470574176122e-06 0.00022654208995863574 2.6208602976086542e-05 -4.5004697614788939e-05 0.0004197366061885073 0.001281544041329612 0.00080902262643085723 -0.00015526608246999897 0.0010134304003725594 -9.3423606165116938e-05 0.00015230392312404228 0.00011492213554292985 0.00059448474877266133 0.00042647991473088653 9.2780354588399159e-05 -7.4199913089706654e-05 7.0739715631824648e-05 0.00098453271413965235 3.8327090745541534e-05 0.00046325550654426235 0.00092796452047330018 0.00032939039809008936 -0.00013447609407709845 -4.7327379828894197e-05
leaf_weight=8622 631 336 1373 400 19842 40 76 153 335 4989 80 71 44 134 46 1121 426 1085 56 53 398 627 663 50 8981 79 65 49 149 50
leaf_count=8622 631 336 1373 400 19842 40 76 153 335 4989 80 71 44 134 46 1121 426 1085 56 53 398 627 663 50 8981 79 65 49 149 50
internal_value=-0.00018756 -0.000665941 0.000688754 -0.000394522 -0.000610348 0.00324468 0.000521176 0.000649235 0.00487544 0.000493713 0.0110793 0.0165232 0.00870558 -0.00197904 0.00305555 0.000652903 -0.000701359 0.00145284 0.00203019 0.00496055 0.00353658 0.00116238 0.0003864 -0.000376068 0.00076923 0.00343602 0.00788265 0.0204386 0.00273381 0.00856589
internal_weight=51024 33006 18018 24384 20218 376 16645 15834 562 15272 227 151 197 811 180 4166 1547 2619 2219 507 451 1712 15075 5039 10036 1055 392 114 278 129
internal_count=51024 33006 18018 24384 20218 376 16645 15834 562 15272 227 151 197 811 180 4166 1547 2619 2219 507 451 1712 15075 5039 10036 1055 392 114 278 129
is_linear=0
shrinkage=0.05


Tree=21
num_leaves=31
num_cat=0
split_feature=4 16 12 10 16 14 12 14 12 10 13 14 13 10 14 13 13 10 15 16 13 12 4 12 16 6 16 16 10 16
split_gain=7.46167 3.21635 6.16517 9.73969 5.22564 6.97844 7.50089 8.92006 7.20927 4.83862 4.93326 3.82679 3.08523 5.40619 5.44749 2.77715 8.94217 8.80458 2.74042 4.14078 6.2723 3.90977 3.24432 3.21444 4.41394 2.67779 2.65025 7.54942 16.2596 3.23585
threshold=0.033716628690485466 0.0051174841784852329 0.092854768976221705 0.00097851086285993837 0.0024330409695448867 0.13367786858228273 0.046695400961737528 0.022588841649683337 0.048426875368409401 0.0069471165760636175 24.119999885559086 -0.086337752297859935 13.554999828338625 0.012396496477192877 -0.075454415356713087 16.125000000000004 16.260000228881839 0.003090576146287161 -0.02634889214901209 -0.05155821190129966 17.994999885559086 -0.0800835440536906 0.07159442451039115 -0.0075921435528307204 -0.026571747069602854 -0.70058355286302987 -0.027221665495718635 -0.027758269377802177 0.012020737458552368 -0.023167020468587648
decision_type=2 2 2 2 2 2 2 2 2 2 2 2 2 2 2 2 2 2 2 2 2 2 2 2 2 2 2 2 2 2
left_child=1 2 4 -4 26 6 -6 8 -8 11 12 -3 13 14 -11 -2 17 -17 23 20 -20 22 -21 -18 -25 -23 27 -1 -29 -28
right_child=15 9 3 -5 5 -7 7 -9 -10 10 -12 -13 -14 -15 -16 16 18 -19 19 21 -22 25 -24 24 -26 -27 29 28 -30 -31
leaf_value=1.0022152249271221e-05 -2.3476629757460461e-05 0.00017605364237073846 -0.00067400025806511974 0.00073373954297624498 -3.7766894092263934e-05 0.00020261361087856958 0.0002741695776246115 -0.00029557693612151698 0.0010357010712508947 0.00016620375741257794 0.00027376295658804498 -7.3873915439473848e-05 -1.9079839123397081e-05 0.00026125832288642837 -6.8613670457216833e-05 0.00018218565162812089 -0.00032202062699236413 0.00098659919249562719 0.0011976319997373816 0.00019466229630616105 0.00018005659737674339 -4.618408201186759e-05 0.00088710918880809814 -0.00028273833354289755 0.0012231864613088854 9.760898235646354e-05 -0.00030117710364083498 0.00011745215653787137 0.0011829914482516188 -2.7101868612980435e-05
leaf_weight=3522 5210 141 47 59 856 141 90 102 88 96 74 13111 3482 116 492 113 612 85 76 140 491 2586 47 113 64 8079 862 143 48 9899
leaf_count=3522 5210 141 47 59 856 141 90 102 88 96 74 13111 3482 116 492 113 612 85 76 140 491 2586 47 113 64 8079 862 143 48 9899
internal_value=-0.00011327 -0.00055276 -3.68934e-05 0.0119811 -0.000117771 0.00294832 0.00164613 0.00875 0.0155056 -0.00101987 0.000446008 -0.0014911 0.000219779 0.00323864 0.00129252 0.000719231 0.00112607 0.0116667 0.00095511 0.00115203 0.00531746 0.000934389 0.0081016 -0.0018948 0.00403955 0.000808719 -0.000388284 0.000763532 0.010445 -0.000785709
internal_weight=50985 33369 15857 106 15751 1277 1136 280 178 17512 4260 13252 4186 704 588 17616 12406 198 12208 11419 567 10852 187 789 177 10665 14474 3713 191 10761
internal_count=50985 33369 15857 106 15751 1277 1136 280 178 17512 4260 13252 4186 704 588 17616 12406 198 12208 11419 567 10852 187 789 177 10665 14474 3713 191 10761
is_linear=0
shrinkage=0.05


Tree=22
num_leaves=31
num_cat=0
split_feature=4 4 9 15 16 13 16 10 15 14 12 8 8 13 9 12 12 12 1 15 10 13 2 15 12 12 10 10 12 11
split_gain=6.91048 2.848 2.49825 2.39496 3.13767 2.79657 4.32024 3.06787 3.29461 3.08847 2.70838 2.52993 2.30941 2.21753 3.29154 2.14361 3.38133 10.9647 5.19844 3.24737 5.61834 4.21967 3.16523 2.11234 4.13525 4.82308 10.0311 8.56509 5.05278 4.88578
threshold=0.03951050939856058 0.019491923212269179 -0.073396642009949428 -0.02634889214901209 -0.035579500804644275 19.440000534057621 -0.062773911532458856 0.023991459337660673 0.0059715612641554347 0.02886495700878167 -0.0075921435528307204 0.037318572733659357 0.53434165929924549 18.444999694824222 0.19517063118293446 -0.050232690438178178 -0.028146521993507308 -0.027697520987391363 0.041190823316926813 0.002661722857901561 0.0054892456255208897 27.855000495910648 -0.12119510295079199 -0.0044586982918248799 -0.0075921435528307204 0.0065049739274190008 -0.0080075928939195556 -0.0027125726307745119 0.0037862010061723299 -0.0237759721784318
decision_type=2 2 10 2 2 2 2 2 2 2 2 10 10 2 8 2 2 2 2 2 2 2 2 2 2 2 2 2 2 2
left_child=1 -1 -3 10 5 6 -5 8 9 -7 -2 -12 15 -8 -15 19 -17 18 -18 -6 -21 -22 -23 24 -4 26 -26 28 -28 -27
right_child=3 2 23 4 12 7 13 -9 -10 -11 11 -13 -14 14 -16 16 17 -19 -20 20 21 22 -24 -25 25 29 27 -29 -30 -31
leaf_value=-4.8371018322515083e-05 -0.00034564718729478198 -4.4894641202311747e-05 -7.6642360427643151e-05 0.0014001159965038009 -6.8194106894473611e-05 0.00030392383412744246 0.00012204377196634326 0.00089080132297546287 -0.00084316093101195842 2.0262663666737418e-05 -0.00014627506947425409 0.0010386975247701385 0.00091689886383972694 0.00026254113484326381 0.0011428076253791773 -0.00020428228266049345 0.00024602503673800671 5.1598535368116433e-05 0.0022241674340758998 0.00070847286509596603 -0.00032315986260836066 0.00091600374673798512 0.00010311131341397885 -1.6048275747104813e-05 1.4766142532227924e-05 0.00025049463040326711 0.00034165169859502785 -9.8045023485420288e-05 0.00076296195933561414 3.9075590699330454e-05
leaf_weight=8663 516 12001 1292 43 194 222 243 55 228 369 91 45 193 78 49 966 40 7933 41 76 136 51 64 13939 368 52 128 82 70 2908
leaf_count=8663 516 12001 1292 43 194 222 243 55 228 369 91 45 193 78 49 966 40 7933 41 76 136 51 64 13939 368 52 128 82 70 2908
internal_value=-0.000212767 -0.000528189 -0.000303179 0.000858333 0.00103315 0.00335276 0.00674334 0.00175057 0.000982905 0.00295262 -0.00208589 0.00419118 0.00072519 0.005 0.0103543 0.000615197 0.000434297 0.000771149 0.0190741 0.0037332 0.0067737 0.00316733 0.0102174 5.59997e-05 0.000948978 0.00181818 0.00572531 0.0128571 0.0184848 0.000962837
internal_weight=51136 39503 30840 11633 10981 1287 413 874 819 591 652 136 9694 370 127 9501 8980 8014 81 521 327 251 115 18839 4900 3608 648 280 198 2960
internal_count=51136 39503 30840 11633 10981 1287 413 874 819 591 652 136 9694 370 127 9501 8980 8014 81 521 327 251 115 18839 4900 3608 648 280 198 2960
is_linear=0
shrinkage=0.05


Tree=23
num_leaves=31
num_cat=0
split_feature=4 16 10 10 13 13 13 11 13 6 10 6 13 13 10 9 15 13 14 15 15 4 12 15 10 14 16 14 5 4
split_gain=6.42853 2.86002 6.52817 14.1466 4.00205 4.27811 6.91608 3.32879 6.20278 2.97688 2.67637 3.60525 2.38858 6.26444 7.84704 2.56345 3.08241 3.86492 3.24451 2.44612 5.36685 2.9095 2.5761 2.17398 2.46826 6.22945 3.9138 4.42871 3.61232 5.0851
threshold=0.033875991543701134 -0.027221665495718635 0.012020737458552368 0.015605159278572868 13.414999961853029 16.510000228881839 18.719999313354496 -0.022310292973000797 18.675000190734867 0.50723026082839084 0.00057749123294836846 0.49027306354334627 16.125000000000004 16.260000228881839 0.003090576146287161 0.21729194968406831 0.0017888909441960978 25.19999980926514 0.030560716771395605 -0.0017168797889109408 -0.0082487658961080661 0.054473640507995851 0.04760809957201418 -0.02634889214901209 -0.0026563835490860939 -0.025186916390587507 -0.035579500804644275 0.068989760976132977 0.041509860096384694 0.050074756821916928
decision_type=2 2 2 2 2 2 2 2 2 2 2 2 2 2 2 10 2 2 2 2 2 2 2 2 2 2 2 2 2 2
left_child=1 2 4 -4 -1 -6 7 -7 10 -3 11 -9 -2 14 -14 23 18 -18 19 20 22 -22 -17 -15 25 -25 27 -27 -26 -30
right_child=12 9 3 -5 5 6 -8 8 -10 -11 -12 -13 13 15 -16 16 17 -19 -20 -21 21 -23 -24 24 28 26 -28 -29 29 -31
leaf_value=0.00016640158040965699 -2.7459554560414221e-05 -4.7985609506649743e-05 0.0010375068264761162 -0.00033992178892437415 -0.00012680103120228783 1.6705497258948898e-05 -3.3616288825783417e-05 0.00016933296353643359 0.00057735381185329917 7.8778551229694106e-06 -1.2449901292384105e-05 8.9901042485519486e-06 0.00010020311959764083 -0.00023029342447621333 0.00067778976086673467 -6.335421769497857e-05 4.0040744647889519e-06 0.0013449821224739604 0.00018477731936237255 0.00012967356109506401 0.00081414370631157501 0.0012724012533591458 0.0013818576274321451 0.00063328302163671369 -3.0532404138198816e-05 0.00037965518602173915 2.109288139847527e-05 4.1132494468780576e-05 0.00070213318277126424 0.00021612640174610456
leaf_weight=61 5214 22928 52 54 930 325 1783 210 52 6973 142 96 109 687 77 116 1514 84 837 136 89 62 62 84 5237 328 2029 379 52 392
leaf_count=61 5214 22928 52 54 930 325 1783 210 52 6973 142 96 109 687 77 116 1514 84 837 136 89 62 62 84 5237 328 2029 379 52 392
internal_value=-0.000210789 -0.000615367 0.000695006 0.0129245 0.000334814 0.000115883 0.00115414 0.00493939 0.0075 -0.000777734 0.00560268 0.00823529 0.000566673 0.00094753 0.0100538 0.000807411 0.00210345 0.000632039 0.00390937 0.00725806 0.00958966 0.0165232 0.00370786 0.000398344 0.000616985 0.00182624 0.00141447 0.0046181 1.67212e-05 0.00434685
internal_weight=51094 33606 3705 106 3599 3538 2608 825 500 29901 448 306 17488 12274 186 12088 2900 1598 1302 465 329 151 178 9188 8501 2820 2736 707 5681 444
internal_count=51094 33606 3705 106 3599 3538 2608 825 500 29901 448 306 17488 12274 186 12088 2900 1598 1302 465 329 151 178 9188 8501 2820 2736 707 5681 444
is_linear=0
shrinkage=0.05


Tree=24
num_leaves=31
num_cat=0
split_feature=5 3 15 13 15 10 5 11 11 11 13 14 7 16 13 8 3 10 15 13 10 16 16 15 10 10 11 10 13 15
split_gain=6.8497 3.00043 2.28562 2.48087 3.04106 2.52635 2.25352 2.20163 2.45326 7.54618 12.8187 3.95193 3.22476 2.53929 2.19862 5.94443 3.62662 2.24 5.72452 2.0668 2.26566 1.91774 1.90806 2.81368 4.593 5.84899 5.55763 5.60782 3.87973 3.63859
threshold=0.017244089619448216 -0.0098567582333999298 -0.025947713901271593 14.734999656677248 -0.024986231241789388 -0.016935534775352808 0.027415479997836834 0.057592534540540592 0.016536743017330883 0.021985340636656584 24.119999885559086 -0.051474636784154308 -0.025813364326366991 -0.035579500804644275 20.814999580383304 0.024989380243371721 -0.014607246751534629 9.4848672244407531e-05 -0.0046802217927204284 13.934999942779543 0.012161923601447857 -0.022774529549814956 0.0058663989866826203 0.0030786707126864159 0.00090086479202544656 0.0014013847331743048 0.0013310128060490813 0.0012830782027211109 12.454999923706056 0.0017460280894240345
decision_type=2 2 2 2 2 2 2 2 2 2 2 2 2 2 2 10 2 2 2 2 2 2 2 2 2 2 2 2 2 2
left_child=1 14 -2 19 5 -5 -6 8 13 10 11 -10 -11 -8 17 -16 -17 -1 -19 20 21 -4 23 24 -3 26 27 -26 -25 -27
right_child=2 22 3 4 6 -7 7 -9 9 12 -12 -13 -14 -15 15 16 -18 18 -20 -21 -22 -23 -24 28 25 29 -28 -29 -30 -31
leaf_value=-5.1973585531705755e-05 -0.00015436471535344582 -2.2267797993045763e-05 0.00022452175296826861 1.1360593740231478e-05 1.8965041326424642e-05 0.0010891047892752426 0.00030941800804774921 -0.0003007749994160462 0.00091325165119207586 0.00031083932149244728 0.00060172708772787188 0.00011883197781233891 2.0719980040173001e-05 5.9329989180053278e-05 2.0169627634786228e-05 0.00027712317998414564 6.8237782150295707e-05 0.0016811368363000322 5.1361518880996294e-05 -0.00013448744395039929 0.00039684882542376096 -2.8500478507329153e-05 -5.9327199879628382e-05 0.00033940644404463623 1.7419587205844252e-05 -6.854267432987034e-05 0.00057865396809439343 0.00038105064959442151 -8.3651765310051879e-05 0.00010320206795607353
leaf_weight=1289 1115 6489 85 62 13115 49 645 143 76 193 51 183 962 3621 239 41 48 40 480 1634 99 3070 12094 49 246 585 71 86 3766 534
leaf_count=1289 1115 6489 85 62 13115 49 645 143 76 193 51 183 962 3621 239 41 48 40 480 1634 99 3070 12094 49 246 585 71 86 3766 534
internal_value=-0.000237491 -0.000805351 0.000351949 0.00045481 0.000712041 0.00896396 0.000663804 0.0014777 0.0016306 0.0033959 0.0103226 0.00581081 0.0015368 0.00102438 0.000989704 0.0047561 0.0157865 0.000306798 0.00307692 -0.000550329 0.000178241 -5.54687e-05 -0.00096572 -0.000514123 1.80989e-05 0.00249014 0.00765509 0.00493976 -0.00163172 0.000630026
internal_weight=51160 26057 25103 23988 19100 111 18989 5874 5731 1465 310 259 1155 4266 2137 328 89 1809 520 4888 3254 3155 23920 11826 8011 1522 403 332 3815 1119
internal_count=51160 26057 25103 23988 19100 111 18989 5874 5731 1465 310 259 1155 4266 2137 328 89 1809 520 4888 3254 3155 23920 11826 8011 1522 403 332 3815 1119
is_linear=0
shrinkage=0.05


Tree=25
num_leaves=31
num_cat=0
split_feature=5 6 12 5 6 12 14 12 12 1 16 12 5 10 14 12 10 13 8 16 16 16 16 9 16 3 14 3 16 1
split_gain=5.11334 3.15068 2.90717 2.3034 2.21971 2.14114 5.36841 2.29907 4.71988 6.91538 2.82026 2.41432 2.49563 1.86878 3.46511 6.25761 3.32461 16.9205 3.31519 2.87768 10.1629 3.24374 5.34146 2.56968 2.52892 2.83511 2.52364 1.9434 2.74991 1.86694
threshold=0.020447320203285168 1.7849182486837598 0.01609265809314964 0.011867582462555567 0.96585807845537552 -0.0800835440536906 0.035592479952137442 -0.028146521993507308 -0.027697520987391363 0.039126919648388776 -0.049138310098659092 0.025122863139992905 0.022674643292499724 0.014545936349149692 -0.068623004427642229 -0.018805690577708031 0.0069471165760636175 24.385000228881839 -0.0011049578474198738 0.0048223161691893788 0.0042975134181607597 0.0024330409695448867 0.0038520933134809092 -0.26811337483894065 0.014707706370874265 0.00031941481388364506 -0.038140088306099655 0.015909418019806946 0.0048223161691893788 1.0000000180025095e-35
decision_type=2 2 2 2 2 2 2 2 2 2 2 2 2 2 2 2 2 2 10 2 2 2 2 8 2 2 2 2 2 2
left_child=1 3 -3 -1 5 6 -2 -7 9 -9 11 12 -10 14 15 -12 18 23 -16 20 21 -20 -23 29 -17 -26 27 28 -25 -18
right_child=4 2 -4 -5 -6 7 -8 8 10 -11 13 -13 -14 -15 16 24 17 -19 19 -21 -22 22 -24 26 25 -27 -28 -29 -30 -31
leaf_value=-4.7951822257241857e-05 0.00056259523974936494 0.00013960300955829605 -2.0246865093098592e-05 -2.4407324741110882e-05 0.00020937189168885006 -8.898354133233082e-05 -3.0836823060050949e-05 9.3664530221405711e-05 -4.3045241047529199e-05 0.0019373312860660693 0.00063920046136426822 -0.00048661316232145868 0.00074410632399315698 -0.00030179383662461899 -0.00013638147767780346 1.7725275962016524e-05 0.00044097278777500531 0.00054798816086865391 6.0017839459863626e-05 -3.4288082643533775e-05 0.0023219667552829572 0.00076555278386232321 -0.00020933212631307673 0.00043755968827562954 0.00067939907763161936 0.00017615420187108168 -0.000111126325696362 0.00047350027842951899 -7.341960883429328e-05 0.00012533979604864958
leaf_weight=7718 124 1151 1722 23633 2658 2318 159 64 47 43 65 51 146 401 3437 702 40 55 1885 2891 44 103 98 83 114 195 633 135 309 41
leaf_count=7718 124 1151 1722 23633 2658 2318 159 64 47 43 65 51 146 401 3437 702 40 55 1885 2891 44 103 98 83 114 195 633 135 309 41
internal_value=-0.000229611 -0.000580588 0.00100418 -0.000725815 0.00048364 0.000235139 0.00454063 0.000147481 0.000435157 0.0108878 0.000337689 0.00565574 0.00821243 0.000222152 0.000346259 0.00303903 4.92094e-05 0.00240741 -0.000312132 0.00050687 0.00190141 0.00139981 0.00743781 0.00120467 0.0020722 0.00584142 0.000603447 0.00315939 0.00137755 0.00981481
internal_weight=51065 34224 2873 31351 16841 14183 283 13900 11582 107 11475 244 193 11231 10830 1076 9754 1296 8458 5021 2130 2086 201 1241 1011 309 1160 527 392 81
internal_count=51065 34224 2873 31351 16841 14183 283 13900 11582 107 11475 244 193 11231 10830 1076 9754 1296 8458 5021 2130 2086 201 1241 1011 309 1160 527 392 81
is_linear=0
shrinkage=0.05


Tree=26
num_leaves=31
num_cat=0
split_feature=5 3 16 14 4 6 13 10 9 10 11 1 13 13 10 14 11 5 9 13 10 13 13 14 14 6 14 16 11 11
split_gain=4.73991 2.63103 2.68263 4.57269 3.31254 2.51265 2.12143 2.08309 1.73015 1.81182 4.82506 5.1902 2.89737 6.50038 4.05744 3.36152 2.84003 1.69463 1.6616 1.52971 1.27373 1.94126 2.39903 3.36371 6.33727 2.92063 1.47838 1.35383 1.24232 2.76387
threshold=0.016007277994233762 -0.010529989922932413 0.05697748579533813 -0.066405515647089006 0.02332027893064096 0.18505396862255072 29.835000038146976 0.0047561334202744785 -0.011046641045708792 0.0087442389326247722 0.029305093404121577 0.041190823316926813 19.814999580383304 20.500000000000004 0.009370850882597594 -0.056925165822572281 0.021985340636656584 0.030685053807727337 0.60802003122118853 26.494999885559086 0.0032283731128327502 12.494999885559084 13.414999961853029 0.0091478412114857095 -0.0044982788531557341 -0.13565207701902351 -0.022738080424884784 0.0056619933682090515 -0.024572919887126395 -0.028866673855592325
decision_type=2 2 2 2 2 2 2 2 10 2 2 2 2 2 2 2 2 2 10 2 2 2 2 2 2 2 2 2 2 2
left_child=1 28 8 4 -4 18 17 -5 -3 16 12 -12 14 -14 15 -11 20 -7 -2 -19 21 -10 23 24 26 -26 -23 -22 29 -1
right_child=5 2 3 7 -6 6 -8 -9 9 10 11 -13 13 -15 -16 -17 -18 19 -20 -21 27 22 -24 -25 25 -27 -28 -29 -30 -31
leaf_value=3.7664023011434545e-05 -1.6880139942689409e-05 -5.8580374617432891e-05 0.00037615112521947251 0.00013492482363696082 3.6627063306895364e-05 5.173567798590775e-05 -0.00023018857502701438 -9.3726108423184415e-05 -0.0001132228324286181 -4.7352653115478688e-05 1.057076217134299e-05 0.00044223491489215342 0.00084174816394769105 -8.2255189903479041e-05 -5.6435612779814329e-05 0.00035215535022150885 -0.00011938316908180565 0.0002875687258424219 0.00025577024731249405 0.00083559045772197544 -0.00015530911957373585 0.00013880464048547924 -2.1533959449891564e-05 -4.7533160623115686e-05 9.3639200229058542e-05 0.00065782379583693247 -0.00012459990172549929 -2.634823878863276e-05 4.1879058690565283e-05 0.00022813817404045814
leaf_weight=122 18553 9277 46 230 40 7736 372 290 516 103 49 50 55 80 1095 95 825 1264 924 62 948 209 4608 437 126 81 229 1334 1288 42
leaf_count=122 18553 9277 46 230 40 7736 372 290 516 103 49 50 55 80 1095 95 825 1264 924 62 948 209 4608 437 126 81 229 1334 1288 42
internal_value=-0.00024038 -0.000790306 -0.00093447 0.00234323 0.0130233 0.000181418 0.000851175 0.000576922 -0.00103321 -0.000604245 0.00099214 0.0116667 0.0002521 0.00722222 -0.000475639 0.00611111 -0.000865995 0.00100309 -0.00014299 0.0026546 -0.000593781 -0.000222367 4.39355e-05 0.00216266 0.00445736 0.0116667 0.00105023 -0.00160386 0.00126722 0.00536585
internal_weight=51086 22175 20723 606 86 28911 9434 520 20117 10840 1527 99 1428 135 1293 198 9313 9062 19477 1326 8488 6206 5690 1082 645 207 438 2282 1452 164
internal_count=51086 22175 20723 606 86 28911 9434 520 20117 10840 1527 99 1428 135 1293 198 9313 9062 19477 1326 8488 6206 5690 1082 645 207 438 2282 1452 164
is_linear=0
shrinkage=0.05


Tree=27
num_leaves=31
num_cat=0
split_feature=4 9 14 3 10 10 3 11 11 14 14 12 11 15 10 13 12 3 3 5 15 15 12 15 15 3 10 14 13 12
split_gain=4.7759 3.26712 2.5779 2.08867 1.9752 3.07518 2.31888 2.51298 3.91184 3.06731 2.89096 1.84148 2.2116 1.95618 4.84578 4.1672 2.94084 1.78812 1.76197 2.87269 2.88069 9.70974 2.69422 1.99877 3.17825 3.03599 2.55544 1.89593 4.74478 5.19765
threshold=0.021665902945646649 0.28120056582807812 0.26245601507157795 -0.015575737248385789 0.0094657292137089195 0.0079281319106555576 0.00061245622896088936 0.015629796183489589 0.018972561057233887 0.039367313902779928 -0.0028149085248330703 0.048152369041769456 0.0047087811443838898 -0.0021598023883145352 -0.0012648556783600438 15.295000076293947 0.028230710168881127 0.013171633009840812 0.0081234969577549405 0.032544047591872891 0.013267586227676877 0.014733520534598756 -0.051373899775069835 0.021862542660254228 0.020166472082417401 0.013171633009840812 0.018838465196602486 -0.083456210331023115 17.204999923706058 -0.019407613730768488
decision_type=2 10 2 2 2 2 2 2 2 2 2 2 2 2 2 2 2 2 2 2 2 2 2 2 2 2 2 2 2 2
left_child=3 18 4 -1 5 6 7 11 10 -10 -9 13 -13 14 -3 -16 -17 -7 -2 23 -21 -22 -23 24 26 -26 27 28 29 -20
right_child=1 2 -4 -5 -6 17 -8 8 9 -11 -12 12 -14 -15 15 16 -18 -19 19 20 21 22 -24 -25 25 -27 -28 -29 -30 -31
leaf_value=9.8928530380550133e-05 -2.1083279279093322e-05 8.3744868942119786e-05 0.00094815009769912855 -4.2016310877170658e-05 -0.00010539799883813682 0.00016949749961786908 8.9985806116071949e-08 0.00074564900749091558 -1.5063564402917253e-05 0.00163757326967354 0.00017416241154642897 0.0012731985774177071 0.00014815111239692766 -8.472076859593542e-05 -9.2420238285672321e-05 0.0010280139058825575 0.00033792507214208006 0.00089594999921709963 0.00060273808654677703 0.00015476496279610307 0.00057943067672144063 0.0012677533266546167 0.00011123872098658254 -0.0001270757326850499 2.4776885186457426e-05 0.00026643118638736623 0.00031797383410075557 -1.3585727416080783e-05 -0.00019019024566949361 0.0001421013242212394
leaf_weight=140 25374 861 40 12517 708 184 2636 108 278 66 84 46 122 774 56 57 43 136 50 386 47 84 210 929 75 68 66 4353 305 256
leaf_count=140 25374 861 40 12517 708 184 2636 108 278 66 84 46 122 774 56 57 43 136 50 386 47 84 210 929 75 68 66 4353 305 256
internal_value=-0.000231008 4.6611e-05 0.00109776 -0.00107332 0.00101559 0.00133829 0.00104171 0.00213427 0.00516791 0.00197674 0.0108854 0.00130424 0.00630952 0.000834728 0.0022763 0.0103846 0.0165 0.00609375 -0.000155732 0.000557181 0.0035282 0.00687683 0.0035034 0.000203211 0.000586699 0.00793706 0.000377732 0.000247783 0.00285597 0.0072549
internal_weight=51059 38402 6199 12657 6159 5451 5131 2495 536 344 192 1959 168 1791 1017 156 100 320 32203 6829 727 341 294 6102 5173 143 5030 4964 611 306
internal_count=51059 38402 6199 12657 6159 5451 5131 2495 536 344 192 1959 168 1791 1017 156 100 320 32203 6829 727 341 294 6102 5173 143 5030 4964 611 306
is_linear=0
shrinkage=0.05


Tree=28
num_leaves=31
num_cat=0
split_feature=4 3 10 10 16 13 11 3 15 11 16 16 2 12 10 15 10 15 11 11 2 15 13 10 10 12 10 12 12 3
split_gain=3.70682 2.01976 1.8589 7.77417 16.3375 5.12719 3.89137 3.68036 3.31672 2.55712 1.96165 10.251 8.08817 4.95785 8.32595 4.23199 4.28706 4.97964 5.77946 3.94695 4.24519 3.8705 3.23995 5.8112 3.25194 4.43459 3.26005 2.80198 5.66737 3.1811
threshold=0.033412734859174363 -0.010529989922932413 0.013844778774777857 0.012020737458552368 -0.020619674434312337 12.434999942779543 0.014319946344864666 0.0045937751973316185 0.037855542406651572 0.041951552464954973 0.0048223161691893788 0.0045304602575880768 -0.0063561205057768291 0.092854768976221705 0.00097851086285993837 0.0031181041301072692 0.00090086479202544656 0.0017460280894240345 -0.015590131479171264 0.012589195808640931 0.020613831350794646 -0.0055026973775331714 24.385000228881839 0.00040263082252767207 0.0078861973708463946 0.053746423182394205 0.010591445370862431 0.029535426722854145 0.023295828785468879 0.0090089706024278921
decision_type=2 2 2 2 2 2 2 2 2 2 2 2 2 2 2 2 2 2 2 2 2 2 2 2 2 2 2 2 2 2
left_child=1 -1 3 8 -5 -6 7 -7 10 -4 11 13 -13 15 -15 16 19 21 -19 -3 -21 -18 24 -24 -12 27 -27 28 -26 -30
right_child=-2 2 9 4 5 6 -8 -9 -10 -11 22 12 -14 14 -16 -17 17 18 -20 20 -22 -23 23 -25 25 26 -28 -29 29 -31
leaf_value=4.0581947303893894e-05 2.9596012805179964e-05 -2.4388390068893605e-05 -0.0001313992776202727 0.0010524347232246476 0.00040087302181197534 -6.2194990282478409e-05 -0.00018410263208147649 0.00022039101957074407 0.00027192734052830395 0.0002547171532447234 -6.4950558995296794e-05 -8.2595879958072369e-05 0.0010520634986457044 -0.00061018974860717128 0.00062689717437216001 -8.9925355996503913e-05 0.00034317547256165802 0.00055966733955588809 0.00011377171241037598 0.00065936386244770792 -3.786798178575596e-06 -3.2208046022998665e-05 -1.7996250598817568e-05 0.00054917366385507109 -9.5530986793842574e-06 0.00017014372971083778 0.00038587354151143108 -8.0763907526309499e-05 0.00016312886711473146 0.00033412178490768859
leaf_weight=2651 18064 7466 1241 47 57 107 250 179 49 73 12897 70 106 45 53 3499 79 46 852 51 66 807 86 46 741 167 45 1091 171 75
leaf_count=2651 18064 7466 1241 47 57 107 250 179 49 73 12897 70 106 45 53 3499 79 46 852 51 66 807 86 46 741 167 45 1091 171 75
internal_value=-0.00018143 -0.000495728 -0.000610926 -0.000527996 0.00492187 0.00267285 0.00115672 0.00513986 -0.000650345 -0.00245053 -0.000672723 -0.000224507 0.0117614 -0.000387227 0.0108163 -0.000472565 8.16685e-05 0.00228699 0.00491091 -0.000437163 0.00867521 -0.000372462 -0.00105719 0.00674242 -0.00112498 0.000611353 0.0075 -9.14353e-05 0.0018389 0.00841463
internal_weight=51177 33113 30462 29148 640 593 536 286 28508 1314 28459 13140 176 12964 98 12866 9367 1784 898 7583 117 886 15319 132 15187 2290 212 2078 987 246
internal_count=51177 33113 30462 29148 640 593 536 286 28508 1314 28459 13140 176 12964 98 12866 9367 1784 898 7583 117 886 15319 132 15187 2290 212 2078 987 246
is_linear=0
shrinkage=0.05


Tree=29
num_leaves=31
num_cat=0
split_feature=4 4 8 13 14 9 11 13 14 16 16 11 11 7 11 15 14 14 15 11 13 16 1 0 5 9 14 13 15 15
split_gain=4.26755 2.56776 2.21036 2.87678 5.42035 4.64425 5.54375 5.92886 3.66316 7.80311 3.31273 3.0312 15.9219 4.28295 3.67785 3.04043 5.16851 5.71072 2.84894 5.30993 2.78194 2.64098 2.42976 2.36386 2.20292 2.19738 2.26154 4.60847 2.19295 5.02167
threshold=0.019604330554227348 0.044303549389440644 -0.076652425534629573 19.010000228881839 -0.069744182185856193 0.37976615106121553 -0.0078810131978928593 22.625000000000004 -0.067583665573298909 0.0051851845278130257 0.022645864617796722 -0.004414694893693615 -0.0026633057658367871 0.038944429487474126 -0.023324981642921735 0.000839332905669954 -0.0044982788531557341 0.012431899030548645 0.010876925362229286 0.0086648662449935205 19.159999847412113 0.0345124392496673 0.0016749913589391154 0.0095226411713305054 0.016293183344919391 -0.13965042836007338 -0.086337752297859935 16.98499965667725 -0.0044586982918248799 -0.0091603441292236725
decision_type=2 2 10 2 2 8 2 2 2 2 2 2 2 2 2 2 2 2 2 2 2 2 2 2 2 10 2 2 2 2
left_child=-1 2 -2 25 -5 8 7 22 9 -6 -8 14 13 -13 -10 -14 18 -18 19 -17 24 -12 -7 -19 -16 26 27 -4 29 -27
right_child=1 -3 3 4 5 6 10 -9 11 -11 21 12 15 -15 20 16 17 23 -20 -21 -22 -23 -24 -25 -26 28 -28 -29 -30 -31
leaf_value=-4.1083012039087351e-05 -6.5558724685020161e-05 7.9762551805270503e-05 0.00021130553808160429 -0.00017276752111344579 0.00089717677882100548 0.00041672292273305252 -3.7836684563293227e-05 -0.00027388295380329349 9.077545771183165e-05 -0.00012053249219486832 0.00022258242620709558 0.00027312354688567336 -0.00019015453360518724 0.0022454167775333308 -6.3592162907614357e-05 0.00050837993063087834 0.00038092574779620718 0.00053498554432325528 -0.00029389514014843015 6.1179614798900803e-06 -0.00016926997002234936 4.855201117487693e-06 0.00040609104656781501 -0.00019096589347228306 0.00032051124329789013 -2.040618183323728e-05 -7.1823139717394589e-05 -0.00018831077808934997 -1.8703745006098354e-05 0.00016168992626174812
leaf_weight=8842 5236 8258 151 757 43 122 349 57 796 59 164 41 357 49 43 91 45 136 277 374 1509 113 120 51 47 2359 5452 144 13454 1528
leaf_count=8842 5236 8258 151 757 43 122 349 57 796 59 164 41 357 49 43 91 45 136 277 374 1509 113 120 51 47 2359 5452 144 13454 1528
internal_value=-0.000223817 -1.44623e-05 -0.000206934 -3.45104e-05 0.000982142 0.00159715 0.00478378 0.0103846 0.000844818 0.0101961 0.00210863 0.000594863 0.00242435 0.0227778 -0.000490607 0.00104808 0.00249487 0.00900862 0.00045822 0.00284946 -0.00187305 0.00619133 0.0138017 0.00516043 0.00666667 -0.0002811 -0.00112842 0.00313559 -2.89526e-07 0.00104579
internal_weight=51024 42182 33924 28688 5600 4843 925 299 3918 102 626 3816 1421 90 2395 1331 974 232 742 465 1599 277 242 187 90 23088 5747 295 17341 3887
internal_count=51024 42182 33924 28688 5600 4843 925 299 3918 102 626 3816 1421 90 2395 1331 974 232 742 465 1599 277 242 187 90 23088 5747 295 17341 3887
is_linear=0
shrinkage=0.05


Tree=30
num_leaves=31
num_cat=0
split_feature=9 13 13 6 16 16 15 11 13 12 15 16 13 15 12 8 6 4 12 12 11 16 1 12 16 3 12 11 6 12
split_gain=3.8449 2.86632 4.86199 2.47618 2.8489 6.29145 7.41973 3.30561 6.0455 8.61822 6.95389 3.1109 3.10899 3.48987 2.74385 6.76064 2.49587 2.39856 2.17355 4.41774 10.7534 5.40394 5.27083 3.19807 2.91747 2.59551 4.65304 3.45732 2.13046 2.11624
threshold=0.2288059542677027 20.375000000000004 20.500000000000004 1.8393220477717942 -0.027221665495718635 -0.027758269377802177 0.014064595328595832 -0.019621569956091153 18.719999313354496 0.051085048604070045 0.0026193076940523867 -0.024625938960262491 17.994999885559086 -0.024986231241789388 -0.052281358654850445 0.042984425768257346 0.26113098457316036 0.02422853704275885 -0.028146521993507308 -0.023427957262836582 0.041951552464954973 -0.014524284195484459 0.059648710241219212 -0.049048436065559579 -0.0088257972786735511 0.0053051561933150646 -0.062212447341067838 -0.0066597624727158236 0.01028232417568369 -0.0067438381246153192
decision_type=10 2 2 2 2 2 2 2 2 2 2 2 2 2 2 8 2 2 2 2 2 2 2 2 2 2 2 2 2 2
left_child=3 -2 -3 4 5 7 -7 8 10 14 12 -6 13 -1 15 -10 28 -13 23 20 21 -20 -22 24 -19 26 -26 -28 -15 -4
right_child=1 2 29 -5 11 6 -8 -9 9 -11 -12 17 -14 16 -16 -17 -18 18 19 -21 22 -23 -24 -25 25 -27 27 -29 -30 -31
leaf_value=0.00090374262937682336 3.4603034339222838e-05 0.00063106842506699715 0.00010753499898112436 7.4469132062848634e-05 -0.00027717557824932055 0.00020348704024111477 0.00097371929248889666 -7.2394768491936616e-05 1.9994020086999608e-05 0.00035988492672294598 0.00054649426575247939 -3.9154597969897344e-05 -3.1088849220211152e-05 9.3826846848875779e-05 -7.1935925357653074e-05 0.00046488392838116895 -2.3015423111855782e-05 0.00029960738886896076 0.0012101320753090214 -1.2744884046428373e-05 0.00052265994607097533 -2.5864936842646288e-05 0.0015975290874126761 -0.00018351637483084114 -0.00027852153662233587 -0.0003187553268544671 -6.3941160318308071e-05 0.00037392291290509793 0.00025970937618010861 0.00024468088077771844
leaf_weight=47 7963 42 621 3230 795 127 47 1875 882 51 49 13059 229 203 1602 83 109 181 59 16463 44 390 48 1844 204 250 96 143 44 287
leaf_count=47 7963 42 621 3230 795 127 47 1875 882 51 49 13059 229 203 1602 83 109 181 59 16463 44 390 48 1844 204 250 96 143 44 287
internal_value=-0.000171051 0.000772466 0.00336842 -0.000370547 -0.000480938 0.000590874 0.00994253 0.000276381 0.00122916 0.000137508 0.00542584 -0.000651657 0.00401899 0.00666253 -0.00026685 0.00183938 0.00497191 -0.000576707 -0.00022868 -1.88203e-05 0.00442699 0.00123608 0.02 -0.00154158 0.000949656 -0.000526697 0.00177201 0.00650627 0.00775304 0.00259912
internal_weight=51067 8913 950 42154 38924 5348 174 5174 3299 2618 681 33576 632 403 2567 965 356 32781 19722 17004 541 449 92 2718 874 693 443 239 247 908
internal_count=51067 8913 950 42154 38924 5348 174 5174 3299 2618 681 33576 632 403 2567 965 356 32781 19722 17004 541 449 92 2718 874 693 443 239 247 908
is_linear=0
shrinkage=0.05


Tree=31
num_leaves=31
num_cat=0
split_feature=6 4 9 14 14 15 15 15 12 14 15 9 8 3 13 12 12 15 7 13 12 12 0 8 9 9 8 13 13 10
split_gain=3.49846 2.74588 2.06999 1.85316 2.92409 2.17935 4.9694 2.94049 4.27085 4.49197 5.42447 6.86055 1.88578 1.80561 1.77091 1.66365 3.12776 2.72231 1.9801 1.94127 2.01458 2.44605 1.98872 2.59213 2.23535 1.66425 1.67782 1.64697 3.91979 3.55806
threshold=1.8393220477717942 0.027198643091048642 0.3094939569398753 0.026259504689798433 0.013234785210327617 -0.0027084324149250212 -0.0028850154808948143 -0.0091603441292236725 0.018681855298992137 0.11094551908227025 -0.0046802217927204284 0.096321660864802219 -0.0011049578474198738 -0.0036601194821170298 13.894999980926515 0.029689605968967085 0.037289246294732965 -0.011279159093201428 0.0070794865641692359 16.510000228881839 -0.0075921435528307204 0.019260487188196843 -0.0086960907058301045 0.04829213850092174 0.088676195257194959 -0.24903464699817432 -0.051100194269038661 13.554999828338625 13.525000095367433 0.0039394105391010745
decision_type=2 2 10 2 2 2 2 2 2 2 2 8 10 2 2 2 2 2 2 2 2 2 2 10 10 10 10 2 2 2
left_child=1 3 -3 4 27 6 7 15 9 10 11 -9 -13 -14 -10 19 18 -18 -17 -5 25 22 23 24 -22 26 -21 28 -1 -30
right_child=-2 2 -4 5 -6 -7 -8 8 14 -11 -12 12 13 -15 -16 16 17 -19 -20 20 21 -23 -24 -25 -26 -27 -28 -29 29 -31
leaf_value=-4.5210528128486255e-06 9.890375667806321e-05 -1.2597520295246104e-05 0.00010057921474382765 -0.00015569656635982531 -0.00011991001844807936 -5.7570355060781448e-05 0.00026689952649822996 0.00050443561994554414 0.00012618669092871531 -0.00032583670702910597 1.494876213570483e-05 4.228044312506863e-05 0.00086188639117528657 0.00013987003528866283 -2.8092455456490669e-05 -9.9993424742739193e-06 -0.00017504444624192201 0.00022246601495208649 0.00029877048040671784 -6.8639573620820444e-05 3.6311025452736373e-05 -0.00022439159502848466 2.1584317735794623e-06 0.00022303932516859945 0.00025772492967812292 -0.00019412381882084886 7.1918530048729136e-05 -4.4203701874199477e-05 -9.1348695237629206e-05 0.00019818204048357947
leaf_weight=3379 4038 21179 4337 700 1836 1823 64 83 64 92 177 87 55 78 540 41 218 50 88 154 205 185 251 58 56 500 175 10477 45 87
leaf_count=3379 4038 21179 4337 700 1836 1823 64 83 64 92 177 87 55 78 540 41 218 50 88 154 205 185 251 58 56 500 175 10477 45 87
internal_value=-0.000184071 -0.0003052 4.58524e-05 -0.000720513 -0.000999748 4.87453e-05 0.000712827 0.000483535 0.00256803 0.00566433 0.00760417 0.0116667 0.00704545 0.0107895 -0.00036424 -0.000430811 0.00255667 -0.000522389 0.00895349 -0.000950089 1.89382e-05 0.00188742 0.00350877 0.00612853 0.00400383 -0.00168275 0.00107903 -0.000753504 0.000183707 0.00863636
internal_weight=51122 47084 25516 21568 15824 5744 3921 3857 1176 572 480 303 220 133 604 2681 397 268 129 2284 1584 755 570 319 261 829 329 13988 3511 132
internal_count=51122 47084 25516 21568 15824 5744 3921 3857 1176 572 480 303 220 133 604 2681 397 268 129 2284 1584 755 570 319 261 829 329 13988 3511 132
is_linear=0
shrinkage=0.05


Tree=32
num_leaves=31
num_cat=0
split_feature=4 8 15 13 13 11 13 16 13 12 10 10 10 12 12 10 10 13 13 12 12 0 10 10 15 16 11 12 3 10
split_gain=3.83394 2.384 1.83163 2.74928 6.97448 9.19349 7.00044 5.51062 4.57578 2.57983 3.15777 3.46056 2.44391 2.34231 3.99487 2.26913 3.93642 3.63412 12.9191 4.03925 6.56322 5.93905 3.25151 7.75502 5.44662 3.13315 5.8824 5.87564 4.21862 4.0828
threshold=0.024026774214410993 0.53434165929924549 -0.02634889214901209 25.505000114440922 28.970000267028812 0.041951552464954973 26.494999885559086 -0.062773911532458856 26.85000038146973 -0.0075921435528307204 -0.023232598164511228 -0.029463592833469218 -0.0050682190267434804 -0.027314401107970562 -0.025840768177680992 -0.0064885542336663984 -0.0080075928939195556 24.385000228881839 24.695000648498539 -0.023427957262836582 -0.025044060788607044 -0.0020169781198456356 -0.0049765791871394507 -0.0047915944000584956 -0.013510003482223308 -0.0082952589045941477 0.00081108963534770606 0.011040694977268452 -0.017961994875178907 -0.015449557438202309
decision_type=2 10 2 2 2 2 2 2 2 2 2 2 2 2 2 2 2 2 2 2 2 2 2 2 2 2 2 2 2 2
left_child=-1 2 9 7 5 6 -5 12 -8 -2 11 -11 -4 -9 -15 16 25 19 -19 20 -17 -22 -21 24 -24 -16 27 -27 -29 -28
right_child=1 -3 3 4 -6 -7 8 13 -10 10 -12 -13 -14 14 15 17 -18 18 -20 22 21 -23 23 -25 -26 26 29 28 -30 -31
leaf_value=-3.0433559033123322e-05 -0.0002758652788267169 0.00084608700901969355 0.00045066540249473583 -0.00029741911433411351 -7.9473015420938157e-05 0.0016879367108645867 0.00059508519631092821 -7.5715474880166131e-05 0.00021288520756381599 -9.7938378807164615e-05 -8.7969486045768653e-05 0.00077802313229845634 0.00097798388202761477 0.00036715590257074701 -7.6615491144707096e-05 -0.00013956898570575849 0.00017549337022386533 0.00042193428467478987 1.4169653019497891e-05 -0.0002489116808537134 0.00064147313994480698 0.00030488943802178321 0.00010517921957574862 -1.3246505797838396e-05 0.000658121746496121 -0.00028586590427935414 0.00035278157721923414 0.00026890140630681268 0.00024227927272338357 -0.00018839869246238915
leaf_weight=17326 835 199 99 212 751 65 106 3401 417 44 267 48 42 243 1252 108 988 59 239 1230 43 100 118 21866 130 107 52 68 228 502
leaf_count=17326 835 199 99 212 751 65 106 3401 417 44 267 48 42 243 1252 108 988 59 239 1230 43 100 118 21866 130 107 52 68 228 502
internal_value=-0.00021361 9.62465e-05 6.39488e-05 0.000134767 0.00218891 0.0054375 0.00384354 3.15778e-05 0.00695029 -0.0018593 0.00168524 0.00967391 0.00989362 -1.36668e-05 0.000140305 8.30553e-05 0.00133406 -8.43355e-05 0.00540268 -0.000153635 0.00615538 0.0131818 -0.000221471 -8.2302e-05 0.00870968 0.000160705 0.00231452 0.00691067 0.0105405 -0.00102888
internal_weight=51145 33819 33620 32426 1551 800 735 30875 523 1194 359 92 141 30734 27333 27090 3197 23893 298 23595 251 143 23344 22114 248 2209 957 403 296 554
internal_count=51145 33819 33620 32426 1551 800 735 30875 523 1194 359 92 141 30734 27333 27090 3197 23893 298 23595 251 143 23344 22114 248 2209 957 403 296 554
is_linear=0
shrinkage=0.05


Tree=33
num_leaves=31
num_cat=0
split_feature=9 10 14 12 12 11 11 12 13 12 14 9 10 8 16 14 12 12 13 11 16 11 13 13 14 9 11 16 14 11
split_gain=4.04735 2.85472 6.16606 4.3459 8.25996 7.70986 7.51219 7.09322 9.88289 7.57517 7.49859 5.42902 3.91699 8.36423 3.82392 10.2182 5.32134 16.3432 11.7442 4.86719 11.6356 4.48797 4.28797 13.7266 4.43241 6.71553 4.2748 4.17259 3.60469 20.8883
threshold=0.42814924585808251 0.0078861973708463946 -0.10344834121785244 0.017736391476984806 0.014344491575221776 0.034590323148393838 0.012589195808640931 -0.015853080145958594 20.375000000000004 0.0011335726897910849 -0.093449770795740669 0.027538941444450241 0.010655378584307098 inf 0.0063270244013263763 -0.086337752297859935 0.073733903664651171 0.078665410711505027 12.88000011444092 0.0035059532242039952 -0.013735490346576893 0.048369851131751858 24.385000228881839 24.695000648498539 0.066380812843571571 -0.22532604462380881 0.0023967132721236521 0.0056619933682090515 0.0080830591469587282 0.012589195808640931
decision_type=10 2 2 2 2 2 2 2 2 2 2 8 2 8 2 2 2 2 2 2 2 2 2 2 2 10 2 2 2 2
left_child=1 14 -3 4 6 12 7 10 9 -9 -4 -6 13 -5 16 21 19 -18 -19 26 -21 -16 -17 -24 -25 -26 27 -1 -22 -30
right_child=-2 2 3 5 11 -7 -8 8 -10 -11 -12 -13 -14 -15 15 22 17 18 -20 20 28 -23 23 24 25 -27 -28 -29 29 -31
leaf_value=-1.6564834937688099e-05 0.00015577644691263775 -9.758509768853514e-05 0.00054761456550160451 1.2493691519063847e-05 0.00061050009325414707 0.00035403843547833822 -8.1840450416112898e-05 0.00043516087217574821 0.00089215037861293677 9.7004388077863703e-05 -0.00017219615809688164 0.00020654572209526285 -0.0001673473834741196 0.00056957985421094814 0.00017878057690411022 -6.7845228751447809e-05 0.0022913357888629383 0.00063758236001137014 -0.00028594141329164787 0.00087526746012163154 -6.4682570695521837e-06 0.00050055129760187751 0.00045250386629995857 -0.00018871307370264365 -1.1855807268878624e-05 0.0017284762724647622 -0.00040281549402609759 0.00036582977845701892 7.4969615639337395e-05 0.00089529305583524585
leaf_weight=16727 3145 1999 177 2311 41 320 936 231 61 470 545 141 1207 60 220 17048 63 60 236 115 2380 58 63 355 74 42 832 117 1112 66
leaf_count=16727 3145 1999 177 2311 41 320 936 231 61 470 545 141 1207 60 220 17048 63 60 236 115 2380 58 63 355 74 42 832 117 1112 66
internal_value=-0.000187653 -0.000301351 0.000530061 0.00127692 0.00285934 0.000220625 0.00208678 0.00429919 0.00766404 0.00598431 0.000747921 0.0131319 -0.000444384 0.000735975 -0.000479934 -0.00102184 -3.409e-05 0.00600278 0.00108108 -0.000135605 0.00152055 0.00848921 -0.00117222 0.0032397 0.000307854 0.0087931 -0.000479748 -0.000306935 0.00101461 0.00327674
internal_weight=51212 48067 8499 6500 2602 3898 2420 1484 762 701 722 182 3578 2371 39568 17860 21708 359 296 21349 3673 278 17582 534 471 116 17676 16844 3558 1178
internal_count=51212 48067 8499 6500 2602 3898 2420 1484 762 701 722 182 3578 2371 39568 17860 21708 359 296 21349 3673 278 17582 534 471 116 17676 16844 3558 1178
is_linear=0
shrinkage=0.05


Tree=34
num_leaves=31
num_cat=0
split_feature=5 9 14 15 15 10 16 14 11 11 8 14 12 15 13 10 10 14 16 16 13 13 11 16 12 11 15 15 14 10
split_gain=3.43431 2.02193 2.25736 2.70096 5.00615 3.50135 8.63389 7.5143 7.20791 5.52057 5.36503 5.90827 5.01923 3.85859 3.41368 5.20841 3.04974 2.42758 2.72765 2.67073 2.628 2.41774 8.49913 2.18253 4.69868 12.3884 3.37324 7.79985 5.18313 3.36387
threshold=0.021001034806850536 0.2288059542677027 0.026259504689798433 -0.015683449000349233 -0.0027084324149250212 -0.0050682190267434804 0.019235159460979648 0.037991361441833245 0.014774738031643421 0.012589195808640931 0.062685660173759886 0.080215061359134712 0.011040694977268452 -0.0049999232062974399 25.505000114440922 -0.0014592383155322961 -0.0037750757818245657 -0.037511825146214865 -0.032577672604407408 -0.023167020468587648 20.980000495910648 20.375000000000004 0.0044457003054257935 0.0048223161691893788 0.073733903664651171 0.0030141112553000453 0.0029839456360569732 0.0017460280894240345 -0.028449828861296097 0.0011106724976560625
decision_type=2 10 2 2 2 2 2 2 2 2 10 2 2 2 2 2 2 2 2 2 2 2 2 2 2 2 2 2 2 2
left_child=1 2 17 -4 5 10 7 9 -8 -7 13 -12 -13 -5 -6 -16 -9 20 -19 -20 21 -1 -23 24 26 -26 27 28 -21 -29
right_child=-2 -3 3 4 14 6 8 16 -10 -11 11 12 -14 -15 15 -17 -18 18 19 23 -22 22 -24 -25 25 -27 -28 29 -30 -31
leaf_value=-7.1700580276824158e-07 2.7137028471339389e-05 2.8118328440463544e-05 -6.3630478338905011e-05 -3.1013224036541139e-05 -7.4203205991898731e-05 0.0002187202532183625 0.0004833388877674869 9.5132501487738065e-05 0.00012194106904080964 0.00055862009434209047 -7.0259859947175839e-05 -0.00014278261104457298 0.00052505830847999265 0.00022669164401226125 -3.7818896109182439e-05 0.00053096730152524967 -0.000134617518987474 5.7920487785932219e-05 -0.00031801928343278479 0.00022728052575199969 -0.00016336338923877145 0.00082647638122202924 -4.3160945458772152e-05 -8.6599305948138123e-05 0.0012427829495589031 -0.00033862324803416886 -0.00012650873299810544 -2.9013564198367345e-05 -4.5456364064446734e-05 0.00021209876005559111
leaf_weight=6875 15873 4327 2552 1773 2374 106 88 342 147 41 176 47 170 168 112 67 460 829 560 103 818 43 124 8107 76 87 1767 150 2341 392
leaf_count=6875 15873 4327 2552 1773 2374 106 88 342 147 41 176 47 170 168 112 67 460 829 560 103 818 43 124 8107 76 87 1767 150 2341 392
internal_value=-0.000202076 -0.00047726 -0.000619033 6.78406e-05 0.000641574 0.00186469 0.00407939 0.00195469 0.0126596 0.0123469 0.000741216 0.0060687 0.0115899 -0.000337456 -0.00104387 0.00561452 4.98741e-05 -0.000884969 -0.00127047 -0.0014404 -0.000178118 0.000133484 0.00607784 -0.00129502 -0.000463793 0.00788343 -0.000750054 0.000274614 -0.000928806 0.00570111
internal_weight=51095 35222 30895 8623 6071 3518 1184 949 235 147 2334 393 217 1941 2553 179 802 22272 14412 13583 7860 7042 167 13023 4916 163 4753 2986 2444 542
internal_count=51095 35222 30895 8623 6071 3518 1184 949 235 147 2334 393 217 1941 2553 179 802 22272 14412 13583 7860 7042 167 13023 4916 163 4753 2986 2444 542
is_linear=0
shrinkage=0.05


Tree=35
num_leaves=31
num_cat=0
split_feature=4 9 14 10 14 9 13 13 4 14 10 10 2 11 11 10 10 14 11 12 0 8 14 10 9 12 13 10 8 12
split_gain=2.79594 1.87377 2.17847 1.99502 3.88546 4.05391 3.49173 3.3078 3.03475 2.92759 2.71041 7.56843 5.08828 2.40636 2.70513 3.83209 2.50556 4.09577 5.67167 4.23981 5.56032 2.47715 3.9585 2.24481 2.61001 2.24513 13.4486 2.2133 8.51411 2.50241
threshold=0.022933809326975252 0.19517063118293446 0.26245601507157795 0.0078861973708463946 -0.10344834121785244 -0.17751346852308278 18.510000228881839 17.914999961853031 0.076969852473984537 -0.098691693357393515 0.0032283731128327502 0.003090576146287161 -0.0054667334715035034 -0.019621569956091153 -0.011292664141508811 -0.016935534775352808 -0.0069332778537110609 0.004407866869301503 -0.022310292973000797 -0.0087283994836974115 -0.016501151985649273 0.53434165929924549 0.035592479952137442 0.0039394105391010745 -0.4219985715716979 -0.018805690577708031 24.385000228881839 0.010824112764753148 -0.27641839579916333 0.0086975784270316731
decision_type=2 10 2 2 2 8 2 2 2 2 2 2 2 2 2 2 2 2 2 2 2 8 2 2 10 2 2 2 10 2
left_child=-1 3 -3 10 -5 6 7 -6 -8 -7 11 13 -13 16 -15 -16 -2 18 -18 21 -21 22 -19 -12 -25 -26 -27 28 -11 -30
right_child=1 2 -4 4 5 9 8 -9 -10 27 23 12 -14 14 15 -17 17 19 -20 20 -22 -23 -24 24 25 26 -28 -29 29 -31
leaf_value=-2.8798294308620786e-05 4.0224053150347772e-06 3.9958132379345488e-05 0.00057057452977084971 -8.9534112964518138e-05 0.00032724332149451922 0.00042227710956178866 -0.00019672116331000399 0.00050001917981751275 0.00090365906653008159 0.00065889216614104678 -0.00027825481223406388 0.00038811072913908558 -5.9046542626025049e-05 -0.00013990348707642434 0.00032952549856453709 -1.5203343344993406e-05 -0.00014803879224185444 0.00018112581678261428 0.00059392509983205834 0.00086537206784827604 0.00016743751329974517 0.00054891246369407297 -0.00044462692671192974 6.8928088143103318e-05 -0.00047436288354018501 -9.1402706251797065e-05 0.00034947514508568725 -3.8951186600669121e-05 0.00021076884998908201 2.1652546633525264e-05
leaf_weight=15183 2099 8728 59 1385 186 46 148 51 70 49 923 68 48 1434 56 11955 437 217 65 82 98 48 157 916 501 2931 57 1526 448 1215
leaf_count=15183 2099 8728 59 1385 186 46 148 51 70 49 923 68 48 1434 56 11955 437 217 65 82 98 48 157 916 501 2931 57 1526 448 1215
internal_value=-0.000195953 4.40229e-05 0.000678843 -0.000160936 0.000727946 0.00156593 0.00598901 0.0101899 0.00142202 0.000953105 -0.000367102 -5.48807e-05 0.0126724 -0.000143562 -0.000436967 -0.000191909 0.00108804 0.0030163 -0.000318726 0.00579734 0.0122222 0.00305687 0.00168449 -0.00134948 -0.000879683 -0.0015033 -0.000983937 0.000775169 0.00200934 0.00140409
internal_weight=51186 36003 8787 27216 5124 3739 455 237 218 3284 22092 16764 116 16648 13445 12011 3203 1104 502 602 180 422 374 5328 4405 3489 2988 3238 1712 1663
internal_count=51186 36003 8787 27216 5124 3739 455 237 218 3284 22092 16764 116 16648 13445 12011 3203 1104 502 602 180 422 374 5328 4405 3489 2988 3238 1712 1663
is_linear=0
shrinkage=0.05


Tree=36
num_leaves=31
num_cat=0
split_feature=4 6 5 15 15 12 11 11 10 11 11 10 10 1 12 11 11 11 11 12 11 13 12 12 11 14 10 3 11 3
split_gain=3.2193 2.41905 2.39139 2.31213 6.24819 12.6483 6.27532 4.27835 11.9976 3.34391 6.28776 3.13914 5.02347 3.52588 2.78867 2.7796 5.69833 4.65203 7.2848 6.47712 4.52526 4.02876 6.80121 7.98317 6.02148 4.47601 3.35019 3.00882 2.84658 2.78623
threshold=0.053159868686507655 1.7849182486837598 0.042687319328810043 -0.00061218456098033325 -0.0012811947375340191 0.073733903664651171 0.01397341061460511 0.012589195808640931 -0.0027818426552366766 0.015047056175498954 0.015629796183489589 0.00038112321022931722 0.000540884636322292 0.025052572591145243 -0.012168103513504501 0.0035059532242039952 0.0015109510563884323 0.0069117178035681412 0.0058629672128354135 0.056550523071576715 1.0000000180025095e-35 16.510000228881839 -0.0067438381246153192 0.019260487188196843 -0.023324981642921735 -0.025765440759432264 -0.0037750757818245657 -0.0070320599458068558 0.0036681526021306037 -0.0044641113809684154
decision_type=2 2 2 2 2 2 2 2 2 2 2 2 2 2 2 2 2 2 2 2 2 2 2 2 2 2 2 2 2 2
left_child=1 2 3 4 6 -6 7 15 -9 -5 -11 -12 13 -13 -15 16 20 18 19 28 21 -1 -23 25 -25 -24 -27 -22 -17 -20
right_child=-2 -3 -4 9 5 -7 -8 8 -10 10 11 12 -14 14 -16 17 -18 -19 29 -21 27 22 23 24 -26 26 -28 -29 -30 -31
leaf_value=-8.3308621069385871e-05 0.00010307701781592266 5.860451879757361e-05 0.00049208244044609661 -6.0595332015212813e-05 7.0369286829470768e-05 0.0018475599872639595 -0.00014613379640351432 0.0008765682441460199 -4.6415175963003082e-05 0.00038813360705963903 -0.0001327885856921983 -4.8979645190523694e-05 -4.247570440513369e-06 0.001207773522834586 0.0003792273689466574 0.00037136213132565795 -0.00043283825590531647 3.9710624507464604e-06 0.0011862962807555962 0.00030706204696273365 0.00041883732520083976 -5.8969777491701843e-05 0.00033359292329290433 0.00032553089567114238 -7.8335524134454142e-05 0.00015329799993333759 -4.4355745864427591e-05 9.9488523480168969e-05 6.0490171157977318e-06 0.00018483273037224566
leaf_weight=2689 4441 3867 63 17867 794 56 2063 51 117 231 774 83 7171 67 79 60 880 2504 46 54 167 2829 62 54 1142 1316 309 401 748 112
leaf_count=2689 4441 3867 63 17867 794 56 2063 51 117 231 774 83 7171 67 79 60 880 2504 46 54 167 2829 62 54 1142 1316 309 401 748 112
internal_value=-0.00021792 -0.000340365 -0.000448598 -0.000462951 1.82207e-06 0.00417647 -0.000225584 0.000165792 0.00809524 -0.000754036 6.84105e-05 -0.000161489 0.000155404 0.00744541 0.0121233 6.61769e-05 -0.000365013 0.00127128 0.00411765 0.00230858 1.17058e-05 -0.000280325 0.000470937 0.00218002 -0.000944817 0.00439538 0.00389231 0.00433098 0.00118812 0.0139873
internal_weight=51097 46656 42789 42726 16454 850 15604 13541 168 26272 8405 8174 7400 229 146 13373 9849 3524 1020 862 8969 8401 5712 2883 1196 1687 1625 568 808 158
internal_count=51097 46656 42789 42726 16454 850 15604 13541 168 26272 8405 8174 7400 229 146 13373 9849 3524 1020 862 8969 8401 5712 2883 1196 1687 1625 568 808 158
is_linear=0
shrinkage=0.05


Tree=37
num_leaves=31
num_cat=0
split_feature=4 14 14 14 13 12 14 11 13 8 11 12 11 12 14 15 9 1 4 0 7 13 4 8 0 15 16 11 12 4
split_gain=3.26166 2.17376 2.76583 3.2837 10.8819 3.48128 2.19891 8.21003 2.68918 2.10591 3.61314 3.46098 2.16215 2.2313 2.45756 2.43251 2.08583 2.05234 2.18798 2.14558 2.01431 1.889 1.82567 1.75859 1.63069 1.62959 1.88363 5.63158 2.59257 4.55531
threshold=0.033412734859174363 0.040467463007027978 0.01016731697942619 0.0080830591469587282 12.925000190734865 0.048426875368409401 0.042306243871835354 0.010281984282011216 21.914999961853031 -0.018564686060761445 -0.022024026906729662 -0.0067438381246153192 0.010571725721311933 0.029689605968967085 0.048986719728816526 -0.0098936175827484246 0.20606267073353626 -0.0059879849793960651 0.030837753490642494 -0.017987637583168289 0.033885233867796412 14.765000343322756 0.021665902945646649 0.53434165929924549 -0.01012762694615593 -0.02634889214901209 -0.05155821190129966 -0.028866673855592325 -0.0800835440536906 0.057041631096184577
decision_type=2 2 2 2 2 2 2 2 2 10 2 2 2 2 2 2 10 2 2 2 2 2 2 10 2 2 2 2 2 2
left_child=1 2 3 16 22 -6 7 8 -3 -8 11 -11 13 14 15 -12 -1 -15 19 -19 -7 -16 -5 25 -13 -2 27 -27 29 -28
right_child=23 6 -4 4 5 20 9 -9 -10 10 12 24 -14 17 21 -17 -18 18 -20 -21 -22 -23 -24 -25 -26 26 28 -29 -30 -31
leaf_value=-3.2310995140235191e-05 -0.00014345608303710855 -6.6548604090887041e-05 -7.655553558599896e-05 0.00018488600759582324 -7.1664514477602295e-05 0.0002273883837467918 -3.7830101503254676e-05 0.00054897590822245823 0.00029429432043572625 5.103503914239147e-06 0.00090760748925365143 0.00021799896117879428 -7.9326569074668254e-05 -1.6367327105052058e-06 -0.00020999122666225833 4.7017740048870682e-05 3.1094544618621967e-05 0.00027486665394799441 -0.0001141457583590814 0.00018276832087268049 6.1557700662488932e-05 1.8208892497484347e-05 0.00055962680938667208 0.00079946018051872333 8.1340110052251658e-05 -4.245322873837846e-05 -1.4449241388056001e-05 0.00060170396198976756 1.5436352876460795e-05 0.00068676426478837187
leaf_weight=17110 867 162 5113 44 346 41 2486 50 42 184 52 114 846 329 415 74 3126 74 49 399 50 1776 54 187 87 366 108 221 16246 87
leaf_count=17110 867 162 5113 44 346 41 2486 50 42 184 52 114 846 329 415 74 3126 74 49 399 50 1776 54 187 87 366 108 221 16246 87
internal_value=-0.000203015 -0.000498593 -0.000711638 -0.000455203 0.00341121 3.43238e-05 0.000273847 0.00484252 0.000392156 0.0001053 0.000762672 0.00538961 0.000318883 0.000918559 0.000114371 0.00690476 -0.000557424 0.00310811 0.00505747 0.00609936 0.00873626 -0.000276131 0.0184694 0.000336798 0.00992537 0.000286392 0.000394056 0.00317717 0.000294689 0.00602564
internal_weight=51105 33023 25884 20771 535 437 7139 254 204 6885 4399 385 4014 3168 2317 126 20236 851 522 473 91 2191 98 18082 201 17895 17028 587 16441 195
internal_count=51105 33023 25884 20771 535 437 7139 254 204 6885 4399 385 4014 3168 2317 126 20236 851 522 473 91 2191 98 18082 201 17895 17028 587 16441 195
is_linear=0
shrinkage=0.05


Tree=38
num_leaves=31
num_cat=0
split_feature=4 10 14 12 3 10 11 13 12 15 12 14 13 2 16 15 10 15 10 16 11 14 12 14 10 12 11 14 11 4
split_gain=2.69195 1.83961 3.90991 4.08738 4.3375 4.07909 3.67361 3.54963 11.7316 2.67846 2.74175 2.58699 4.11859 3.74561 2.92091 4.16926 7.15147 6.88332 7.84783 6.17523 6.84476 6.80561 7.3847 6.42219 6.12334 4.65312 5.04172 4.2764 3.92558 3.70743
threshold=0.039261593450054096 0.0080340527889744013 -0.10344834121785244 0.030225139979897734 0.009821868974879246 0.009370850882597594 0.0098349607025450831 19.814999580383304 0.0061045845958173093 0.023305805593314081 -0.026837542037430936 -0.086337752297859935 17.32499980926514 -0.030025209196325838 0.0063270244013263763 0.0031181041301072692 0.00090086479202544656 0.0017460280894240345 0.00097851086285993837 -0.0038834446923878825 0.012589195808640931 -0.0241559957087869 0.073733903664651171 0.13367786858228273 -0.0029934085869046663 0.048426875368409401 -0.010867382103134591 0.068989760976132977 -0.017638953461458159 0.026976429353773521
decision_type=2 2 2 2 2 2 2 2 2 2 2 2 2 2 2 2 2 2 2 2 2 2 2 2 2 2 2 2 2 2
left_child=1 11 -3 4 7 6 -6 -4 -9 10 -7 12 13 -1 15 16 19 18 -18 28 21 22 -21 -23 -22 26 -19 -17 -13 -28
right_child=-2 2 3 -5 5 9 -8 8 -10 -11 -12 14 -14 -15 -16 27 17 25 -20 20 24 23 -24 -25 -26 -27 29 -29 -30 -31
leaf_value=0.00027641819546458637 2.8003633703163996e-05 -9.2946029404843578e-05 8.9422061190090628e-06 -4.3137804553468529e-05 0.00031853543512133452 -0.00019961916258541386 0.00027871461546034171 -0.00011259267989733808 0.00072309143359280698 -0.00012543743970982121 0.00023190160959409269 1.5318195278902886e-05 -0.00010896025855796097 9.8658902770809988e-05 -5.720049511005897e-05 -0.00010454281278404509 0.00078759502558677606 0.0005043738025944563 -1.8789290140521959e-05 0.00014238247064918933 0.00013910299154843963 -2.3481124294777735e-05 0.0018239808859412329 0.00018070541254935131 0.00066346171358439997 0.0003163109781692164 2.1062077777638235e-05 0.00021738134050390372 -9.975663873166581e-05 0.00024913777433008516
leaf_weight=76 11922 1337 1749 2301 139 86 74 150 104 152 253 3050 179 168 15301 3627 48 54 1104 474 51 2248 51 149 53 175 525 106 5205 243
leaf_count=76 11922 1337 1749 2301 139 86 74 150 104 152 253 3050 179 168 15301 3627 48 54 1104 474 51 2248 51 149 53 175 525 106 5205 243
internal_value=-0.000260391 -0.00046034 0.000319148 0.000960462 0.00227743 0.00565341 0.0114319 0.00109086 0.00661417 0.00314664 0.00561947 -0.000610729 0.00327423 0.0075 -0.000661349 -0.000213542 0.000197318 0.00284086 0.000208332 -0.000306268 0.00162591 0.00117727 0.00633333 4.79754e-05 0.0142308 0.00588265 0.00430657 -0.00169167 -0.00101454 0.00326823
internal_weight=51154 39232 6345 5008 2707 704 213 2003 254 491 339 32887 423 244 32464 17163 13430 2149 1152 11281 3026 2922 525 2397 104 997 822 3733 8255 768
internal_count=51154 39232 6345 5008 2707 704 213 2003 254 491 339 32887 423 244 32464 17163 13430 2149 1152 11281 3026 2922 525 2397 104 997 822 3733 8255 768
is_linear=0
shrinkage=0.05


Tree=39
num_leaves=31
num_cat=0
split_feature=6 5 9 3 11 11 14 13 0 12 12 13 13 14 14 11 13 10 14 7 2 11 8 11 10 11 11 13 13 13
split_gain=2.20333 2.50917 1.45463 1.93434 2.25394 2.7181 2.23711 4.01907 2.2013 2.15124 3.82058 1.8894 3.50991 4.06888 3.1728 3.13519 6.16333 1.92997 1.79171 1.70641 1.62936 1.46978 1.44776 2.3189 1.43427 1.42071 5.82748 5.73831 5.26503 3.15473
threshold=1.2262458632380313 0.01243191783051764 -0.021466441510772479 0.011111051904729498 -0.0055822524584005486 -0.0038430615531924168 -0.0044982788531557341 18.94999980926514 0.025250702480382862 0.014344491575221776 0.031500774247518855 14.444999694824221 13.894999980926515 -0.044507707542247747 -0.060408912479391223 -0.0021561208113907156 13.13000011444092 0.012727043065882683 -0.042495657697534488 -0.020148294456310108 0.03516127185817753 0.050492728349193612 0.034787210673518761 0.010137995050555572 0.0042234233454397927 0.010281984282011216 0.01081338505568419 15.905000209808351 25.505000114440922 14.684999942779543
decision_type=2 2 10 2 2 2 2 2 2 2 2 2 2 2 2 2 2 2 2 2 2 2 10 2 2 2 2 2 2 2
left_child=1 -1 3 -3 -5 8 9 22 -6 -7 18 12 13 14 -4 16 -15 -17 19 -11 -21 25 -8 -24 -16 29 27 -27 -28 -13
right_child=-2 2 11 4 5 6 7 -9 -10 10 -12 21 -14 15 24 17 -18 -19 -20 20 -22 -23 23 -25 -26 26 28 -29 -30 -31
leaf_value=-3.4564236923862144e-05 3.6926620652676841e-05 -3.3724422119898874e-05 -7.9811768102736931e-05 -0.00012715492350315861 0.0002989690503551782 -0.00017605995005179646 -3.6360445493068383e-05 0.00034231216902838997 0.0013074410963548274 9.9453080671950942e-05 -8.2031831201007682e-05 0.0002419458276220594 -0.00019096403844374435 -0.00019584851442437177 0.00015040265274989797 -6.1829987968278091e-05 0.00041620541643731871 0.0003319151466436657 8.6239365106341372e-05 0.00051356174103818313 0.00060441953252308642 -0.00034345756668481331 0.00041864039080246116 6.8319228438139569e-07 0.00053688508424138846 0.0005839698848079868 3.2198300363300542e-05 0.00013106898361590292 0.001468874152874076 -2.5074519676223482e-06
leaf_weight=8758 6614 14794 174 757 41 381 158 53 45 42 355 254 1029 120 187 3277 80 88 85 62 40 189 66 69 74 74 4310 115 43 8809
leaf_count=8758 6614 14794 174 757 41 381 158 53 45 42 355 254 1029 120 187 3277 80 88 85 62 40 189 66 69 74 74 4310 115 43 8809
internal_value=-0.000227109 -0.000353591 -0.000167875 -0.000503895 0.000896006 0.00208661 0.00152174 0.0049711 0.0106977 0.000284973 0.00219178 0.000134674 -0.00069497 -2.50012e-05 0.00454023 -0.000582049 0.0055 -0.000943538 0.00722707 0.010625 0.0141176 0.000437145 0.00267918 0.00648148 0.00802682 0.000497977 0.00121973 0.00981481 0.000846541 0.000136267
internal_weight=51143 44529 35771 16948 2154 1397 1311 346 86 965 584 18823 5029 4000 435 3565 200 3365 229 144 102 13794 293 135 261 13605 4542 189 4353 9063
internal_count=51143 44529 35771 16948 2154 1397 1311 346 86 965 584 18823 5029 4000 435 3565 200 3365 229 144 102 13794 293 135 261 13605 4542 189 4353 9063
is_linear=0
shrinkage=0.05


Tree=40
num_leaves=31
num_cat=0
split_feature=4 12 12 10 14 8 11 0 9 14 11 12 15 10 12 10 11 11 12 2 9 0 9 10 15 12 6 15 10 11
split_gain=2.14385 1.60283 10.9508 3.73895 3.31891 5.83444 2.93072 2.71896 2.6767 1.58957 12.2821 5.21712 5.82659 5.1386 6.55642 5.25118 3.82233 6.57087 5.45115 3.81613 3.39878 3.13436 2.41772 2.69849 4.89198 2.41458 3.0835 2.5593 6.31478 3.06918
threshold=0.022724514217123081 0.073733903664651171 0.076145654651098141 -0.0013159673486659027 -0.042495657697534488 -0.15224643734112289 0.0051016574870994544 0.0095226411713305054 0.35940014565702089 0.040467463007027978 0.041951552464954973 -0.0067438381246153192 -0.00081953059890682567 -0.00098146470718468693 0.034736828879240907 -0.023232598164511228 0.0015109510563884323 1.0000000180025095e-35 0.056550523071576715 -0.017203721378202249 0.77622119337272844 -0.00021314121593135613 inf 0.0039394105391010745 0.0021699647082250588 -0.0060576266270382919 0.19772294361122555 -0.015295461857083635 -0.010966446415133555 -0.017638953461458159
decision_type=2 2 2 2 2 10 2 2 8 2 2 2 2 2 2 2 2 2 2 2 8 2 8 2 2 2 2 2 2 2
left_child=-1 9 3 7 5 -4 8 -3 -6 22 11 20 13 15 21 -13 17 25 -18 -19 -11 -15 -2 -24 -25 26 -17 29 -29 -27
right_child=1 2 4 -5 6 -7 -8 -9 -10 10 -12 12 -14 14 -16 16 18 19 -20 -21 -22 -23 23 24 -26 27 -28 28 -30 -31
leaf_value=-2.5707497511137945e-05 -2.3077867314630725e-06 0.00048636771638127518 0.00064911311770342079 0.0020162877004356247 3.6471156898352001e-05 7.4119940693821354e-05 -0.00015776173008058564 -3.8071433019242515e-05 0.00094907996287439298 -0.00014293862752873894 0.0015034233205153667 0.00080203969647090932 -0.00010203301654413367 0.0010627778841015151 -7.1325575871231708e-05 0.00041451434635320067 -6.1216744210064821e-05 1.3529833916391094e-05 0.00037806168850518105 0.00056868324886776955 6.4592468692745795e-05 0.00034058930413248252 -0.0001391399043006085 0.00025212342933215407 -3.2123888652939718e-05 0.00010708270832437634 0.00016353697127275172 0.00049061356574000247 9.5250341876788419e-05 -0.00016788153499323812
leaf_weight=14715 21007 74 45 60 209 241 1276 45 48 2293 61 50 1096 47 67 66 1142 62 40 155 724 40 3276 186 1937 405 72 64 1047 523
leaf_count=14715 21007 74 45 60 209 241 1276 45 48 2293 61 50 1096 47 67 66 1142 62 40 155 724 40 3276 186 1937 405 72 64 1047 523
internal_value=-0.000226442 -2.03543e-05 0.00135636 0.0131564 0.000195161 0.00513986 -0.000727333 0.00802521 0.00414397 -0.000100409 0.000519234 0.000346508 0.00135767 0.00228836 0.0112338 0.00190844 0.00168344 0.00283208 -0.000642979 0.011129 -0.0012877 0.0202874 -0.000287057 -0.00123078 0.000157794 0.00200505 0.0084058 0.00157185 0.00319082 -0.000366381
internal_weight=51073 36358 1998 179 1819 286 1533 119 257 34360 7954 7893 4876 3780 154 3626 3576 2394 1182 217 3017 87 26406 5399 2123 2177 138 2039 1111 928
internal_count=51073 36358 1998 179 1819 286 1533 119 257 34360 7954 7893 4876 3780 154 3626 3576 2394 1182 217 3017 87 26406 5399 2123 2177 138 2039 1111 928
is_linear=0
shrinkage=0.05


Tree=41
num_leaves=31
num_cat=0
split_feature=5 13 11 12 12 13 11 16 16 3 9 14 16 13 9 12 12 2 9 15 14 4 12 13 3 12 12 13 15 14
split_gain=2.5586 2.37708 2.17067 2.12225 11.5147 3.68558 5.6816 2.46624 2.69254 2.41112 1.94702 2.53844 1.98373 1.93937 1.99003 1.86616 7.90759 3.17321 1.75706 3.43233 1.75442 2.42996 1.71904 1.68861 3.2633 1.68257 2.23402 2.47852 1.85099 2.69264
threshold=0.025477795878843735 14.734999656677248 0.0092823820114974493 -0.028146521993507308 -0.023427957262836582 24.385000228881839 0.035212885385391253 0.033825580675630913 0.029914389516629617 -0.011622938231902967 -0.021466441510772479 0.26245601507157795 0.058493424193382777 35.690000534057624 0.11005589803921413 0.073733903664651171 0.082959740110242888 0.093679065681436705 -0.21151926623035736 0.0094308963583541478 -0.069744182185856193 0.028121556969329869 0.0011335726897910849 18.035000801086429 -0.0016504357501896936 0.10123020179199861 0.092854768976221705 16.875000000000004 0.020472069337508895 -0.044507707542247747
decision_type=2 2 2 2 2 2 2 2 2 2 10 2 2 2 8 2 2 2 8 2 2 2 2 2 2 2 2 2 2 2
left_child=10 -2 -3 13 -5 7 -7 8 18 -8 12 25 15 14 -4 -1 17 -17 19 -6 21 -14 -13 24 -18 26 28 -28 29 -12
right_child=1 2 3 4 5 6 9 -9 -10 -11 11 22 20 -15 -16 16 23 -19 -20 -21 -22 -23 -24 -25 -26 -27 27 -29 -30 -31
leaf_value=-4.0149638383662587e-05 -0.00011870431241111574 1.3082698427506004e-05 -0.00024148218532149516 0.0014152384986189034 -0.00013437183863765375 0.00040119829722451065 0.00065368599759157249 6.6185992160362693e-06 0.00096992784557852331 -0.00021274041357725838 6.4689800625878166e-05 0.00029702954150449172 0.00034627797586742032 0.00043281481594570695 0.000231562184439525 0.00014358004919622482 0.0002117680180283348 0.0010516102660417933 0.00013997997924897153 0.000601358087472962 4.583891369334273e-05 6.3873918718459859e-05 -2.5813908130253087e-05 -0.00030008773099010611 -0.00015688616043930021 -0.00019826687275159842 0.00054899598150290796 0.00011531850290375607 -9.9594956229629735e-05 -1.3967125599278445e-05
leaf_weight=18110 1290 5095 316 60 43 52 45 1281 86 64 3504 98 43 49 102 62 44 67 737 40 458 66 57 267 82 334 43 139 1172 17335
leaf_count=18110 1290 5095 316 60 43 52 45 1281 86 64 3504 98 43 49 102 62 44 67 737 40 458 66 57 267 82 334 43 139 1172 17335
internal_value=-0.000233767 0.000518357 0.000840651 0.00193913 0.00253737 0.00198467 0.00928571 0.00144719 0.00344371 0.00279816 -0.000400063 -8.64133e-05 -0.000770614 -0.00114561 -0.00224881 -0.000859276 0.00208812 0.0128295 0.00256097 0.00945783 0.00214286 0.00784404 0.00629032 -0.00143766 0.00333333 -0.000130289 -7.72778e-05 0.00543956 -0.000122894 -1.41573e-05
internal_weight=51141 9260 7970 2875 2408 2348 161 2187 906 109 41881 22682 19199 467 418 18632 522 129 820 83 567 109 155 393 126 22527 22193 182 22011 20839
internal_count=51141 9260 7970 2875 2408 2348 161 2187 906 109 41881 22682 19199 467 418 18632 522 129 820 83 567 109 155 393 126 22527 22193 182 22011 20839
is_linear=0
shrinkage=0.05


end of trees

feature_importances:
spy_ret_20d=170
vix_level=151
spy_ret_5d=146
spy_ret_1d=140
sector_ret_1d=127
vix_chg_1d=117
sector_ret_5d=105
atr_pct=68
dist_ma200=60
overnight_gap=39
dist_ma50=31
parkinson_20=30
dvol_z_20=26
ret_5d=15
ret_1d=13
ret_20d=11
dist_ma20=11

parameters:
[boosting: gbdt]
[objective: quantile]
[metric: quantile]
[tree_learner: serial]
[device_type: cpu]
[data_sample_strategy: bagging]
[data: ]
[valid: ]
[num_iterations: 120]
[learning_rate: 0.05]
[num_leaves: 31]
[num_threads: -1]
[seed: 0]
[deterministic: 0]
[force_col_wise: 1]
[force_row_wise: 0]
[histogram_pool_size: -1]
[max_depth: -1]
[min_data_in_leaf: 40]
[min_sum_hessian_in_leaf: 0.001]
[bagging_fraction: 0.85]
[pos_bagging_fraction: 1]
[neg_bagging_fraction: 1]
[bagging_freq: 1]
[bagging_seed: 3]
[bagging_by_query: 0]
[feature_fraction: 0.85]
[feature_fraction_bynode: 1]
[feature_fraction_seed: 2]
[extra_trees: 0]
[extra_seed: 6]
[early_stopping_round: 0]
[early_stopping_min_delta: 0]
[first_metric_only: 0]
[max_delta_step: 0]
[lambda_l1: 0]
[lambda_l2: 0]
[linear_lambda: 0]
[min_gain_to_split: 0]
[drop_rate: 0.1]
[max_drop: 50]
[skip_drop: 0.5]
[xgboost_dart_mode: 0]
[uniform_drop: 0]
[drop_seed: 4]
[top_rate: 0.2]
[other_rate: 0.1]
[min_data_per_group: 100]
[max_cat_threshold: 32]
[cat_l2: 10]
[cat_smooth: 10]
[max_cat_to_onehot: 4]
[top_k: 20]
[monotone_constraints: ]
[monotone_constraints_method: basic]
[monotone_penalty: 0]
[feature_contri: ]
[forcedsplits_filename: ]
[refit_decay_rate: 0.9]
[cegb_tradeoff: 1]
[cegb_penalty_split: 0]
[cegb_penalty_feature_lazy: ]
[cegb_penalty_feature_coupled: ]
[path_smooth: 0]
[interaction_constraints: ]
[verbosity: -1]
[saved_feature_importance_type: 0]
[use_quantized_grad: 0]
[num_grad_quant_bins: 4]
[quant_train_renew_leaf: 0]
[stochastic_rounding: 1]
[linear_tree: 0]
[max_bin: 255]
[max_bin_by_feature: ]
[min_data_in_bin: 3]
[bin_construct_sample_cnt: 200000]
[data_random_seed: 1]
[is_enable_sparse: 1]
[enable_bundle: 1]
[use_missing: 1]
[zero_as_missing: 0]
[feature_pre_filter: 1]
[pre_partition: 0]
[two_round: 0]
[header: 0]
[label_column: ]
[weight_column: ]
[group_column: ]
[ignore_column: ]
[categorical_feature: ]
[forcedbins_filename: ]
[precise_float_parser: 0]
[parser_config_file: ]
[objective_seed: 5]
[num_class: 1]
[is_unbalance: 0]
[scale_pos_weight: 1]
[sigmoid: 1]
[boost_from_average: 1]
[reg_sqrt: 0]
[alpha: 0.9]
[fair_c: 1]
[poisson_max_delta_step: 0.7]
[tweedie_variance_power: 1.5]
[lambdarank_truncation_level: 30]
[lambdarank_norm: 1]
[label_gain: ]
[lambdarank_position_bias_regularization: 0]
[eval_at: ]
[multi_error_top_k: 1]
[auc_mu_weights: ]
[num_machines: 1]
[local_listen_port: 12400]
[time_out: 120]
[machine_list_filename: ]
[machines: ]
[gpu_platform_id: -1]
[gpu_device_id: -1]
[gpu_device_id_list: ]
[gpu_use_dp: 0]
[num_gpu: 1]

end of parameters

pandas_categorical:[]
