tree
version=v4
num_class=1
num_tree_per_iteration=1
label_index=0
max_feature_idx=16
objective=quantile
feature_names=ret_1d ret_5d ret_20d overnight_gap atr_pct parkinson_20 dvol_z_20 dist_ma20 dist_ma50 dist_ma200 spy_ret_1d spy_ret_5d spy_ret_20d vix_level vix_chg_1d sector_ret_1d sector_ret_5d
feature_infos=[-0.40658320903586309:0.27493755333054404] [-0.42683147142222677:0.39145845014154301] [-0.54474845152923901:0.64874761071680531] [-0.38803893431823377:0.23998059204988276] [0.010352402104951332:0.11546725591706666] [0.0065082266006874839:0.063671738144122914] [-2.9579700391227788:4.3372991983710314] [-0.41700788397640931:0.42573033812295069] [-0.45357258939776834:0.6860067912200476] [-0.62232796600807117:0.87315224581942941] [-0.058542971330535654:0.10501930183911301] [-0.11496151859245618:0.082843162776128354] [-0.1226559005192206:0.15756591020035837] [11.859999656677246:52.330001831054688] [-0.35753873962348437:0.74039073966007019] [-0.05484528635308028:0.043465174951121455] [-0.079035639478724384:0.068782341876153064]
tree_sizes=2876 2975 2982 2969 2990 3029 3007 3008 3004 3027 3018 3003 2995 3017 3024 3041 3029 3020 2997 3004 3027 3010 3022 3007 3010 3028 3015 3022 3047 2975 3017 3002 3030 3031 2990 3018 3007 3017

Tree=0
num_leaves=31
num_cat=0
split_feature=4 12 4 4 15 6 3 13 16 10 6 6 16 15 7 13 13 5 13 6 9 5 4 5 6 12 14 12 10 1
split_gain=66.7405 14.3138 11.721 9.67488 8.91232 5.82563 5.53475 4.78715 11.8099 8.13854 5.06318 3.88064 3.55909 3.24007 3 2.94415 2.80252 2.73281 2.43186 2.42597 2.3534 2.35294 2.27445 2.2263 2.03718 1.86263 1.85852 3.93425 3.47274 2.5368
threshold=0.029910413399145758 -0.075828258528587975 0.022818179143450728 0.038532961889324674 -0.010118577263932003 1.3911646882950575 0.011771060074750152 25.505000114440922 -0.0086632951696937171 -0.015449557438202309 -0.35058990880432583 0.34320542038594309 0.0250613802462234 -0.0053390662793996171 -0.013600250019319858 33.719999313354499 28.970000267028812 0.019910242586464403 24.695000648498539 -0.6560302023050848 -0.042524678860641422 0.017664930262013639 0.050728135276123049 0.023728717902277121 1.9455174792538168 -0.028936391066126051 0.012431899030548645 0.042793845432773876 0.0012069827106450106 -0.029364919430988009
decision_type=2 2 2 2 2 2 2 2 2 2 2 2 2 2 2 2 2 2 2 2 8 2 2 2 2 2 2 2 2 2
left_child=2 4 5 11 6 19 23 10 -9 -10 20 26 15 -6 -15 16 22 -13 -14 -1 -4 24 -5 -2 -12 -11 -3 -28 29 -29
right_child=1 3 7 12 13 -7 -8 8 9 25 21 17 18 14 -16 -17 -18 -19 -20 -21 -22 -23 -24 -25 -26 -27 27 28 -30 -31
leaf_value=0.019581244780789119 0.020528864940347624 0.019970442871668492 0.019945969696253351 0.020499189819725316 0.019126219404007307 0.019990797730440081 0.023932985539819641 0.019912518095277432 0.019843053103685428 0.020595208818013556 0.019913382747126639 0.020162659671766558 0.020232937137744145 0.020851282461203935 0.019911788662422415 0.020689696684223692 0.019764848433700754 0.020635256462079709 0.019473870020494388 0.019719879827549348 0.019729905634613555 0.020205493369804529 0.021060784466320492 0.021019742621466976 0.020186035912091803 0.02105433081316823 0.020090679140970735 0.020598037266851322 0.020990989153720996 0.020136025651387512
leaf_weight=4959 81 2791 1610 2289 64 1899 40 339 44 40 5110 989 241 100 50 79 126 713 129 11762 4116 1347 696 57 736 53 1369 57 47 140
leaf_count=4959 81 2791 1610 2289 64 1899 40 339 44 40 5110 989 241 100 50 79 126 713 129 11762 4116 1347 696 57 736 53 1369 57 47 140
internal_value=0.0198661 0.023419 0.0187499 0.0230391 0.0327853 0.0179384 0.0410518 0.0198778 0.0248022 0.037191 0.0196964 0.0218313 0.0251108 0.0259095 0.0299282 0.0256492 0.0254072 0.0238589 0.0204687 0.0176404 0.018587 0.0205795 0.0257155 0.036305 0.0201454 0.0455734 0.0210476 0.0223988 0.0282479 0.0253343
internal_weight=42073 10058 32015 9666 392 18620 178 13395 476 137 12919 6106 3560 214 150 3190 3111 1702 370 16721 5726 7193 2985 138 5846 93 4404 1613 244 197
internal_count=42073 10058 32015 9666 392 18620 178 13395 476 137 12919 6106 3560 214 150 3190 3111 1702 370 16721 5726 7193 2985 138 5846 93 4404 1613 244 197
is_linear=0
shrinkage=1


Tree=1
num_leaves=31
num_cat=0
split_feature=4 4 13 4 16 12 13 13 3 3 16 12 0 0 12 4 14 11 5 4 11 11 9 16 0 10 3 14 14 5
split_gain=64.9148 13.3815 12.1861 10.6659 4.50134 10.7665 4.31965 8.28405 5.41177 4.27843 3.96898 3.89492 3.8642 3.41588 2.93248 2.72663 2.4511 2.2611 2.2193 2.21719 2.07244 3.29146 2.21124 1.92045 1.88338 2.89206 1.8788 2.85634 1.81441 1.79369
threshold=0.030464818392421714 0.042047922244630241 33.719999313354499 0.023246708295245229 -0.039230145811535881 0.073733903664651171 25.505000114440922 26.494999885559086 0.0076731583340970974 0.0027457582060902434 0.023644127973902588 -0.028936391066126051 0.02551637728838119 0.028008961573318007 -0.075828258528587975 0.050728135276123049 0.009860755526874045 -0.043674023036412872 0.021545825627150527 0.018262003932744509 0.02573480883905466 0.030023740679380188 0.0015273441935708123 0.01300216541990429 0.034101618122546203 0.020281918733708996 -0.014415908639490381 0.10106771219531153 0.010891009150098998 0.016283281912094282
decision_type=2 2 2 2 2 2 2 2 2 2 2 2 2 2 2 2 2 2 2 2 2 2 8 2 2 2 2 2 2 2
left_child=3 4 10 12 5 -2 13 11 -9 15 14 -8 19 26 -3 -4 -14 -6 -19 -1 28 22 23 -22 -16 -26 27 -5 -21 -28
right_child=1 2 9 6 17 -7 7 8 -10 -11 -12 -13 16 -15 24 -17 -18 18 -20 20 21 -23 -24 -25 25 -27 29 -29 -30 -31
leaf_value=-0.00030591392498534271 0.00037899687536021675 0.0010524801585996557 0.00052269090940616043 7.1087863779194593e-05 0.00045453398398422843 0.0024284434880938125 0.00031490826464555918 -8.2282993423806781e-05 0.0010681032494135238 0.0039919039984822472 2.6960342522084314e-05 0.0010700758581851533 -4.3758430089900838e-05 0.00027415320950087039 0.000728844106080005 0.0011811342515766316 0.00060860141212157662 0.00015236009216518424 0.00035633293615292553 -0.00021523890734470257 0.00018961491788652471 -0.0001369108523866536 0.00015671665801735723 0.00097812359387712045 0.0013752395575482631 -0.00045266551997735359 -0.00010281215994802466 0.0011108551064181185 -9.6573233643306103e-05 2.5082522428390189e-05
leaf_weight=7464 184 97 50 328 63 55 53 341 51 42 301 47 374 686 1872 51 207 4064 2420 6452 44 652 260 44 191 42 6249 61 4037 5231
leaf_count=7464 184 97 50 328 63 55 53 341 51 42 301 47 374 686 1872 51 207 4064 2420 6452 44 652 260 44 191 42 6249 61 4037 5231
internal_value=9.16264e-06 0.003662 0.006678 -0.00104831 0.002486 0.00922594 5.8633e-05 0.00465447 0.00137755 0.0208741 0.00586696 0.0175 -0.00178765 -0.000121467 0.00660309 0.015297 0.00222891 0.00223996 0.00214836 -0.00191078 -0.00147489 0.000699999 0.00462644 0.0114773 0.0062114 0.0104506 -0.000319742 0.00309769 -0.00168224 -0.000435541
internal_weight=42013 9432 2646 32581 6786 239 13047 492 392 143 2503 100 19534 12555 2202 101 581 6547 6484 18953 11489 1000 348 88 2105 233 11869 389 10489 11480
internal_count=42013 9432 2646 32581 6786 239 13047 492 392 143 2503 100 19534 12555 2202 101 581 6547 6484 18953 11489 1000 348 88 2105 233 11869 389 10489 11480
is_linear=0
shrinkage=0.05


Tree=2
num_leaves=31
num_cat=0
split_feature=5 13 4 6 13 13 13 4 12 16 12 12 1 16 6 5 11 5 12 5 5 6 1 11 16 12 9 11 16 3
split_gain=53.7764 22.9543 13.0654 8.40031 6.28619 5.87122 5.84254 4.95686 4.67308 3.95011 10.1436 5.59604 4.31282 4.04083 4.01875 3.93728 3.58944 3.22835 2.93574 2.80406 2.72616 2.82985 2.55018 2.47754 4.53672 2.39905 2.12021 2.96869 2.63656 1.95488
threshold=0.01739731781409087 49.655000686645515 0.038532961889324674 0.34320542038594309 25.505000114440922 33.719999313354499 26.494999885559086 0.018341388660906208 -0.028936391066126051 -0.018619512064337981 0.051085048604070045 0.10123020179199861 -0.0304937587989163 -0.020460705849373591 0.091542245823641566 0.013755457954904845 0.057592534540540592 0.026226174335071208 -0.075828258528587975 0.019910242586464403 0.027309337962013468 -0.16111455803758057 -0.03479198782478387 -0.014526458794264228 0.013588686321563516 -0.071455509470426767 -0.058173837075547567 0.026483501755781628 0.0041995736633220213 0.019986408875497411
decision_type=2 2 2 2 2 2 2 2 2 2 2 2 2 2 2 2 2 2 2 2 2 2 2 2 2 2 8 2 2 2
left_child=3 2 9 4 15 16 8 -5 -6 10 13 12 -12 -2 23 -1 18 -7 22 -16 -20 -22 -4 24 -11 -8 27 -17 -29 -9
right_child=1 -3 5 7 6 17 25 29 -10 14 11 -13 -14 -15 19 26 -18 -19 20 -21 21 -23 -24 -25 -26 -27 -28 28 -30 -31
leaf_value=-0.00026386993519228799 0.00011289350452922695 0.0038658693767347138 0.0011003156265558007 -0.00022655904655205801 0.00013592652637383078 0.00042836998780528809 0.0003936204129917645 5.3833378835858386e-05 0.00084098567991257138 0.00019418986191421019 0.0018134474040269089 0.00034227876550238994 0.00073302656184598088 0.00061447242625171049 0.00018326807910180808 -3.0184033466172207e-05 -0.00052943550554430203 0.00091750879323697636 0.000398439667268567 0.00047195303369240303 0.00065683324721503415 0.0012741330983562461 0.00062997950935828116 -2.0937648036737139e-05 0.0009881634901142437 -0.00023136805639160067 -0.00015990538778262164 0.00049933785260355566 0.00025376192095482572 0.0004837093579852973
leaf_weight=11708 937 45 52 2102 52 69 79 6000 48 505 52 106 78 87 1429 1755 114 84 2127 941 745 534 60 4539 76 200 7030 57 152 264
leaf_count=11708 937 45 52 2102 52 69 79 6000 48 505 52 106 78 87 1429 1755 114 84 2127 941 745 534 60 4539 76 200 7030 57 152 264
internal_value=-4.96122e-05 0.0026868 0.00255883 -0.00121863 -0.00175063 0.00501321 0.00463061 0.000121921 0.015 0.00149714 0.0040873 0.0134322 0.0203846 0.00193359 0.00106141 -0.00186745 0.00460903 0.0146078 0.00489198 0.00276371 0.00463006 0.00645426 0.0128571 0.000273436 0.00334768 0.000913977 -0.00108072 0.000371689 0.00600478 0.000826946
internal_weight=42027 12580 12535 29447 21081 3785 379 8366 100 8750 1260 236 130 1024 7490 20702 3632 153 3518 2370 3406 1279 112 5120 581 279 8994 1964 209 6264
internal_count=42027 12580 12535 29447 21081 3785 379 8366 100 8750 1260 236 130 1024 7490 20702 3632 153 3518 2370 3406 1279 112 5120 581 279 8994 1964 209 6264
is_linear=0
shrinkage=0.05


Tree=3
num_leaves=31
num_cat=0
split_feature=9 13 6 3 0 13 9 13 13 11 12 16 12 13 11 6 16 11 11 3 12 14 7 14 12 16 10 2 3 0
split_gain=30.1033 11.2235 9.96171 8.3252 4.83416 4.99372 4.80738 4.35148 3.88306 3.88148 3.75618 3.51348 7.11082 3.29194 2.78871 2.95415 2.81765 3.0376 2.67799 3.75757 2.62575 2.54092 3.33358 2.44507 7.58226 6.50431 4.47362 2.888 2.41601 2.37768
threshold=-0.089135616795983683 33.719999313354499 -0.33610504850603318 0.0028604676747532314 0.032615774887370004 20.060000419616703 -0.34182694818174969 25.505000114440922 26.85000038146973 -0.055970662091911087 -0.075828258528587975 -0.039230145811535881 0.073733903664651171 20.154999732971195 0.024405077895535147 1.4784282246176608 -0.016002335246084406 0.030023740679380188 -0.055970662091911087 -0.0048388896315851851 -0.075828258528587975 0.004407866869301503 0.025755307466425185 0.0080830591469587282 0.040312415369648032 -0.019553797449337103 0.003711171639750988 -0.006091727157764181 -0.0066885404673591711 0.038276261699631837
decision_type=8 2 2 2 2 2 10 2 2 2 2 2 2 2 2 2 2 2 2 2 2 2 2 2 2 2 2 2 2 2
left_child=1 6 7 9 5 14 -1 -2 -9 -3 -10 12 -8 28 15 -4 -16 -18 19 -15 -13 -6 -23 29 -25 27 -27 -26 -7 -22
right_child=2 3 4 -5 21 13 11 8 10 -11 -12 20 -14 18 16 -17 17 -19 -20 -21 23 22 -24 24 25 26 -28 -29 -30 -31
leaf_value=0.0011494481400823764 -0.0001838401295074869 -0.00046492534272346906 -0.00010295445963935391 0.0036125512780736039 0.00020383356695274858 0.0010102928662935841 0.00015507717773322155 0.00049240363867179512 0.00060113102401562215 0.00081187039321223222 -0.00018374464044187898 0.00060410752886112828 0.0020980561988002649 8.994929457082089e-05 0.00061580062193669573 0.0001375417299277155 0.00027089244642886513 -9.5444193635322054e-05 9.3032482957522579e-05 0.0014183554943095313 8.2205962892196942e-05 0.0027024643490406288 0.00057143970579632999 0.00019818778613882597 0.00088169136793902396 0.00028956921152246138 0.0011455349395173926 0.0017508504837270352 3.6052728949733e-05 0.00083878834575185535
leaf_weight=498 15062 48 11223 41 658 42 93 105 74 75 255 147 47 49 76 2135 686 1028 2735 46 3852 75 252 1953 80 380 71 45 43 168
leaf_count=498 15062 48 11223 41 658 42 93 105 74 75 255 147 47 49 76 2135 686 1028 2735 46 3852 75 252 1953 80 380 71 45 43 168
internal_value=-7.63534e-05 0.00279541 -0.000699689 0.0157317 6.61475e-05 -0.000119859 0.00250613 -0.00164107 0.00329493 0.00922764 0.000623099 0.00216062 0.01 0.0017753 -0.000484554 -0.000732895 0.00136871 0.000950991 0.0014841 0.00973684 0.00199671 0.00347716 0.00707951 0.00184837 0.00306643 0.00810764 0.00531042 0.0182 0.0114706 0.00108209
internal_weight=42042 7498 34544 164 19048 18063 7334 15496 434 123 329 6836 140 2915 15148 13358 1790 1714 2830 95 6696 985 327 6549 2529 576 451 125 85 4020
internal_count=42042 7498 34544 164 19048 18063 7334 15496 434 123 329 6836 140 2915 15148 13358 1790 1714 2830 95 6696 985 327 6549 2529 576 451 125 85 4020
is_linear=0
shrinkage=0.05


Tree=4
num_leaves=31
num_cat=0
split_feature=4 13 4 4 6 6 13 16 16 16 16 14 0 14 13 3 15 5 5 9 15 5 13 0 15 3 13 15 5 14
split_gain=43.3715 17.9623 8.19613 8.14133 4.39745 4.09361 3.95469 6.32776 3.77911 3.4304 3.2219 3.88172 3.07852 2.82664 2.70711 2.44356 2.67093 2.39691 2.2952 2.26447 2.19614 2.14246 1.9521 1.82752 1.82425 2.65323 2.01771 1.93647 1.76749 1.75664
threshold=0.029910413399145758 49.655000686645515 0.046096367488750394 0.021984951180889136 -0.32950078945967104 0.21757849836009324 25.505000114440922 -0.0086632951696937171 0.0250613802462234 -0.0085792295215927888 -0.0099126335365240497 0.041398643260536445 0.044926510719722985 0.13367786858228273 27.365000724792484 0.0075049243950886533 -0.0078559212947454365 0.027884656057469533 0.021718518566510053 -0.095268850932864177 0.015689988052579377 0.010904795864295113 12.119999885559084 0.02551637728838119 -0.0090192253539713146 0.0019188507604482876 23.409999847412113 -0.010311886667299484 0.020883969248453777 -0.026973540467474796
decision_type=2 2 2 2 2 2 2 2 2 2 2 2 2 2 2 2 2 2 2 8 2 2 2 2 2 2 2 2 2 2
left_child=3 2 9 4 -1 6 19 -8 13 10 18 28 24 15 -9 29 -17 -15 -2 -5 -14 -6 -23 -24 25 26 27 -11 -12 -4
right_child=1 -3 8 5 21 -7 7 14 -10 12 11 -13 20 17 -16 16 -18 -19 -20 -21 -22 22 23 -25 -26 -27 -28 -29 -30 -31
leaf_value=-0.00025921729966435698 0.000181856794578223 0.0033852747752573043 0.00034606199213566881 5.1677453897727441e-05 -0.00021529654136791037 0.00013419657504416314 -1.5926485404827515e-06 0.00088808322219870162 -3.6982596813579913e-05 -0.00039670740965884027 -2.458178425269587e-05 0.0015036347654601577 0.0007478170770732896 0.00033515014775665114 0.00044806384816531051 -0.00013026881736000616 0.0011839982096277304 0.0010356085117612611 0.00053641174289819824 -0.00011526201071172907 0.0012321798633202988 0.00036970229683171499 -7.8589725317584167e-05 0.00030606638174103681 0.00010425091529648197 0.001013565663646175 0.00037213007409117273 0.00075141185248802755 0.00079284790456808836 0.00087468963805211223
leaf_weight=7469 1749 40 378 1609 3272 4876 192 54 195 186 69 62 133 46 48 45 302 81 1012 8579 48 64 5339 350 4873 68 61 55 55 605
leaf_count=7469 1749 40 378 1609 3272 4876 192 54 195 186 69 62 133 46 48 45 302 81 1012 8579 48 64 5339 350 4873 68 61 55 55 605
internal_value=-5.0699e-05 0.00281079 0.00267734 -0.000954729 -0.00172608 -0.00012632 -0.000683077 0.00503401 0.00589588 0.00204217 0.00341534 0.00978495 0.00129609 0.00677076 0.015098 0.00609022 0.00969741 0.0138976 0.00298624 -0.000848058 0.00770718 -0.000983381 -0.0004024 -0.000500089 0.00107477 0.00445946 0.00245033 0.00039419 0.00467742 0.00481689
internal_weight=41915 10063 10023 31852 16494 15358 10482 294 1652 8371 2947 186 5424 1457 102 1330 347 127 2761 10188 181 9025 5753 5689 5243 370 302 241 124 983
internal_count=41915 10063 10023 31852 16494 15358 10482 294 1652 8371 2947 186 5424 1457 102 1330 347 127 2761 10188 181 9025 5753 5689 5243 370 302 241 124 983
is_linear=0
shrinkage=0.05


Tree=5
num_leaves=31
num_cat=0
split_feature=4 11 3 6 5 5 6 4 9 16 16 6 10 3 5 7 5 7 0 11 11 3 16 12 11 11 10 10 12 1
split_gain=40.008 11.5856 12.6091 7.04935 6.32362 4.80198 3.43704 3.2505 3.10668 3.05737 2.87353 2.45609 2.26932 1.96914 1.96346 1.83479 1.7473 1.86102 1.74758 1.72658 2.81044 2.03106 1.71881 2.43401 1.62182 2.95747 1.59195 2.18348 1.88617 2.72278
threshold=0.029910413399145758 -0.055970662091911087 0.0082528396518176689 -0.25614673330130971 0.025475898343246112 0.0153536013836923 -0.52654585969297596 0.02054571885206069 -0.1325841307151128 0.030004315514623573 -0.039230145811535881 1.8778046872643692 -0.013327781970057238 -0.022746516184053264 0.010506470062190468 -0.095268558022285607 0.022586161979136824 -0.083460208299665592 0.031274425171374583 0.026101740885835282 0.030023740679380188 0.022827156715230727 -0.028017014135146286 0.057873618969341407 -0.0037227155807691976 -0.0038430615531924168 0.010000560194363352 0.0039443823367679718 0.0094949334570126904 -0.013436628864065268
decision_type=2 2 2 2 2 2 2 2 8 2 2 2 2 2 2 2 2 2 2 2 2 2 2 2 2 2 2 2 2 2
left_child=3 2 15 7 8 11 -6 -1 10 12 -3 14 -8 -10 -5 -2 -15 -18 -19 21 -21 24 23 -9 25 -16 27 28 -12 -30
right_child=1 4 -4 5 6 -7 9 22 13 -11 26 -13 -14 16 19 -17 17 18 -20 20 -22 -23 -24 -25 -26 -27 -28 -29 29 -31
leaf_value=-0.00026317693838657477 -0.00035932965766256864 0.0016680157146472662 0.0033126804847613575 -0.00026896338494848026 0.00028534928873077324 0.00013626749768465158 0.00075304900830484183 8.0036731294322337e-06 0.00041642337275440034 -9.7602886756213494e-05 0.00015530397061372633 0.00011782391421001246 0.00079416336462364298 4.9400686653648635e-05 -1.8119571457076355e-05 0.0011535361199716914 0.00055460958011791732 0.00018919211573091674 0.00057528136399123296 0.00044101476302540001 -6.1337986883345998e-05 0.00057504638841891244 -0.00013430880127497712 0.0008640116556315648 -0.00015242154588895941 0.00073646376157953796 0.00077978549178874153 -6.8956175809900311e-05 0.00082300855549604876 0.00022846313041166642
leaf_weight=6413 42 67 46 2153 890 4259 140 389 148 144 499 1682 1243 4360 2390 44 93 918 106 221 550 55 8848 72 4903 59 224 401 370 300
leaf_count=6413 42 67 46 2153 890 4259 140 389 148 144 499 1682 1243 4360 2390 44 93 918 106 221 550 55 8848 72 4903 59 224 401 370 300
internal_value=-0.000121227 0.00263328 0.0173485 -0.000985186 0.00243714 -0.000255655 0.00466074 -0.00174024 0.00171921 0.0061002 0.00349006 -0.000767087 0.00682212 0.00113333 -0.00105556 0.00604651 0.00097955 0.00274396 0.00212891 -0.000701884 0.00154993 -0.000936278 -0.00114352 0.00183297 -0.00100789 4.28735e-05 0.00311037 0.00254777 0.00363986 0.00537313
internal_weight=42029 10035 132 31994 9903 16272 2417 15722 7486 1527 1861 12013 1383 5625 10331 86 5477 1117 1024 8178 771 7407 9309 461 7352 2449 1794 1570 1169 670
internal_count=42029 10035 132 31994 9903 16272 2417 15722 7486 1527 1861 12013 1383 5625 10331 86 5477 1117 1024 8178 771 7407 9309 461 7352 2449 1794 1570 1169 670
is_linear=0
shrinkage=0.05


Tree=6
num_leaves=31
num_cat=0
split_feature=4 13 4 6 4 13 16 12 9 11 6 14 11 11 10 9 16 13 3 12 16 11 15 12 14 15 14 2 16 11
split_gain=36.2126 16.7212 9.05304 6.11429 3.88701 3.373 4.43692 3.35071 3.03481 2.44113 2.36935 2.1846 3.38187 1.96672 2.48596 2.17412 2.14741 2.09866 1.85344 1.80161 8.42749 4.22381 2.89294 5.70945 2.93004 4.0311 1.89673 1.72404 2.44722 2.81911
threshold=0.031184810360486256 49.655000686645515 0.019950559871741585 0.23185483596022835 0.040426300080958162 25.505000114440922 -0.0086632951696937171 -0.028936391066126051 -0.039665680953080533 0.057592534540540592 -0.32950078945967104 0.0037598780805861991 0.032599059043066377 -0.035697741943328191 -0.0018123772327252594 -0.34182694818174969 -0.022255994935524711 15.694999694824221 0.022827156715230727 0.024994032932905811 -0.020460705849373591 0.0033857060530237963 0.018574257663082742 0.089699149328903008 -0.075454415356713087 0.0085935178431497689 0.052814661982337315 -0.006091727157764181 -0.029171013540879972 0.026483501755781628
decision_type=2 2 2 2 2 2 2 2 8 2 2 2 2 2 2 8 2 2 2 2 2 2 2 2 2 2 2 2 2 2
left_child=2 4 10 5 19 8 -7 -8 27 13 -1 -5 18 14 16 17 -6 -15 -13 -2 21 -21 24 -24 25 -22 -26 -4 -29 -30
right_child=1 -3 3 11 9 6 7 -9 -10 -11 -12 12 -14 15 -16 -17 -18 -19 -20 20 22 -23 23 -25 26 -27 -28 28 29 -31
leaf_value=-0.00027820661025216236 0.00013224329217714333 0.0032056778632219732 -7.4952670158322699e-05 1.4185506538859337e-05 0.0010157645013816111 -8.1060769472988185e-06 0.00024333665787754454 0.00087169628322308174 -0.00014450679608181988 -0.00028732390610425665 -0.00016360339991373162 0.00016951726009480081 0.0005723930134064561 0.0015226603441239985 -0.00022670794144543109 0.00043599401125565926 0.00040677346413471648 0.0010263819558378735 0.00059129014980341562 0.0015559850329321442 0.0012471110211567948 0.00061686426555224421 0.00093255215249777668 -0.00025619995178649703 4.4030401476553551e-05 -0.00022797092575252135 0.00054825616157394878 0.00080154806670405256 3.3981429408099877e-05 0.00027057296941554297
leaf_weight=5282 3338 40 2246 3862 73 251 86 52 10821 94 6351 2744 62 95 43 2490 79 254 81 79 58 130 56 52 1455 45 189 57 1350 179
leaf_count=5282 3338 40 2246 3862 73 251 86 52 10821 94 6351 2744 62 95 43 2490 79 254 81 79 58 130 56 52 1455 45 189 57 1350 179
internal_value=-0.00015169 0.00274796 -0.000895166 -0.00029393 0.00259672 -0.000854941 0.00374036 0.010942 -0.000976934 0.00399936 -0.00202141 0.000956437 0.00199688 0.00424522 0.00910256 0.00391159 0.0121053 0.00760745 0.00174336 0.00178452 0.00294574 0.0124641 0.00187331 0.00981481 0.00138237 0.00956311 0.000869828 0.000232254 0.00149432 0.00111511
internal_weight=41994 8570 33424 21791 8530 15042 389 138 14653 3128 11633 6749 2887 3034 195 2839 152 349 2825 5402 2064 209 1855 108 1747 103 1644 3832 1586 1529
internal_count=41994 8570 33424 21791 8530 15042 389 138 14653 3128 11633 6749 2887 3034 195 2839 152 349 2825 5402 2064 209 1855 108 1747 103 1644 3832 1586 1529
is_linear=0
shrinkage=0.05


Tree=7
num_leaves=31
num_cat=0
split_feature=4 11 3 4 9 5 0 10 10 12 12 10 14 14 10 8 14 10 11 11 3 15 14 12 9 12 14 11 1 15
split_gain=34.401 7.15868 10.2666 6.9628 6.04191 3.19229 2.86766 2.47849 4.37121 3.09504 3.06837 2.83217 2.32112 2.25534 3.14015 3.4646 2.17372 4.12616 2.79021 2.51907 3.54712 2.48332 2.48731 3.59231 4.06525 2.27439 2.53803 2.25199 2.08903 2.45899
threshold=0.029910413399145758 -0.055970662091911087 0.0042705755835087409 0.022818179143450728 -0.1325841307151128 0.0232035904007756 0.016673113101082663 0.0097813604305170294 0.019174574190858999 0.024994032932905811 -0.0800835440536906 0.00576779418841289 -0.018674174310541299 0.010891009150098998 0.0012069827106450106 0.012370285820372475 0.0012326341754252958 0.0011106724976560625 -0.022672211523631577 -0.026323618530511902 -0.0072723556018743354 0.014262682235842263 0.012431899030548645 0.04102656469090827 -0.064620506847637912 0.014938847679140889 0.02886495700878167 0.035212885385391253 -0.029855817701703421 0.0040594287842573582
decision_type=2 2 2 2 8 2 2 2 2 2 2 2 2 2 2 10 2 2 2 2 2 2 2 2 8 2 2 2 2 2
left_child=3 2 -2 6 7 -6 13 9 28 10 -3 -11 -7 -1 -15 -16 -5 18 19 -18 -21 22 -19 25 -25 26 -24 -20 -9 -30
right_child=1 4 -4 16 5 12 -8 8 -10 11 -12 -13 -14 14 15 -17 17 21 27 20 -22 -23 23 24 -26 -27 -28 -29 29 -31
leaf_value=-0.00022055347564146118 0.00019987932041470492 0.00060356950444726595 0.0028994863879064558 -6.6786035180917946e-05 6.8732825404905983e-05 0.00018758714024148652 6.1117533854427832e-05 0.0012929244031612925 -5.1232329979088636e-05 0.00072850997007304361 0.00025268558731844827 -9.8714131180021331e-05 0.00057960039458359138 -0.00014945600378987517 0.00048266322026837476 -0.00014410802177872793 3.4663659105788038e-05 -6.7522808540358304e-05 -6.1558966316264442e-05 0.00055404328111886825 0.00021799446905474887 0.0020211506546011552 0.00082683285334245518 0.00067623840655467069 0.00035934122516745299 2.419470308845919e-05 -0.00050710087959731916 0.00040410390326761517 -0.00026938354621546846 0.0010551286448771062
leaf_weight=10742 73 53 55 7615 4830 963 1566 122 126 876 1421 170 1168 5271 486 545 457 330 3947 67 208 56 82 48 138 324 50 55 50 138
leaf_count=10742 73 53 55 7615 4830 963 1566 122 126 876 1421 170 1168 5271 486 545 457 330 3947 67 208 56 82 48 138 324 50 55 50 138
internal_value=-0.000160831 0.00239174 0.0141406 -0.000962423 0.00224009 0.00143586 -0.00158786 0.00413396 0.00761468 0.00353174 0.00205563 0.00561185 0.00304786 -0.00177599 -0.00102507 0.00149854 -9.23238e-05 0.000640401 1.68978e-05 0.00285519 0.00663636 0.00351167 0.00292181 0.0047352 0.0105914 0.00234649 0.00787879 -0.00050225 0.0108065 0.0075
internal_weight=42032 10045 128 31987 9917 6961 18610 2956 436 2520 1474 1046 2131 17044 6302 1031 13377 5762 4734 732 275 1028 972 642 186 456 132 4002 310 188
internal_count=42032 10045 128 31987 9917 6961 18610 2956 436 2520 1474 1046 2131 17044 6302 1031 13377 5762 4734 732 275 1028 972 642 186 456 132 4002 310 188
is_linear=0
shrinkage=0.05


Tree=8
num_leaves=31
num_cat=0
split_feature=4 4 11 3 6 0 9 6 11 14 11 11 10 14 10 3 13 11 11 9 13 2 14 10 11 15 15 15 14 10
split_gain=31.9053 9.69547 7.83634 7.82925 5.46083 3.32732 3.24612 3.21959 2.49824 3.60729 2.46761 2.12092 4.15986 2.01162 4.72747 4.00839 2.59412 2.00004 3.12783 1.78355 3.14971 2.01681 2.00474 4.35416 2.64649 3.17489 2.1889 1.98408 1.83797 1.7795
threshold=0.034576273392737313 0.021780005954381329 -0.055970662091911087 0.0035292807840600075 0.42419190175246968 -0.058570165412333224 -0.046863932182050975 1.3911646882950575 0.026483501755781628 0.025116667172691901 0.057592534540540592 0.02573480883905466 -0.0020521609912821921 0.0080830591469587282 0.00090086479202544656 0.00042270216247886078 16.095000267028812 -0.0037227155807691976 -0.0038430615531924168 -0.26231916726055571 16.935000419616703 0.012890785219989655 0.013406221047230662 -0.0010954591841218495 -0.024572919887126395 -0.008490654754163383 -0.0040628090835584931 -0.010311886667299484 0.017639326626862298 0.0046996475927222345
decision_type=2 2 2 2 2 2 8 2 2 2 2 2 2 2 2 2 2 2 2 8 2 2 2 2 2 2 2 2 2 2
left_child=1 7 3 -2 6 -4 8 11 13 -10 19 17 -13 -3 -15 -16 -17 18 -1 20 21 -7 -21 24 25 -24 -27 -22 -25 -14
right_child=2 4 5 -5 -6 10 -8 -9 9 -11 -12 12 29 14 15 16 -18 -19 -20 22 27 -23 23 28 -26 26 -28 -29 -30 -31
leaf_value=-0.00011061870396940903 0.0003795663791088711 -6.9690368720655196e-05 0.001033845666688523 0.0028718006093770938 0.00015902987346265625 0.0013846622511193612 -8.8580326095144169e-05 6.0987598990002879e-05 0.00020368250505734919 0.00061966769924070241 -0.00038539471540098645 0.000576066236013771 -0.00030996298916574454 4.439116879328612e-05 0.00022771966483894017 0.00043248062617345001 0.001329386021194801 -0.00023977709986839916 0.00066486289339240845 0.00022243876667773382 0.00094010878038221387 0.00022889139639400313 0.00011157191964507618 0.0013434092890607895 0.00020416037333372729 0.0015306262997079503 0.00085019557856292206 0.00019194896914524154 0.0008285025421230015 9.0370417687401041e-05
leaf_weight=3799 46 2226 206 43 5331 170 10767 1648 415 61 144 57 419 1268 171 40 45 9467 69 2948 73 70 146 45 1001 42 76 458 319 625
leaf_count=3799 46 2226 206 43 5331 170 10767 1648 415 61 144 57 419 1268 171 40 45 9467 69 2948 73 70 146 45 1001 42 76 458 319 625
internal_value=-0.000136866 -0.000685015 0.00331173 0.0180337 4.08372e-05 0.00308178 -0.000447877 -0.00160221 0.000726454 0.00413865 0.00284778 -0.00184123 0.000267937 0.000293332 0.00169291 0.00789062 0.0167647 -0.00201537 -0.0010574 0.00302169 0.00524643 0.01 0.00264693 0.00405463 0.00266798 0.00712121 0.0132203 0.00309793 0.00887363 -0.000450193
internal_weight=42195 36408 5787 89 20324 5698 14993 16084 4226 476 5492 14436 1101 3750 1524 256 85 13335 3868 5348 771 240 4577 1629 1265 264 118 531 364 1044
internal_count=42195 36408 5787 89 20324 5698 14993 16084 4226 476 5492 14436 1101 3750 1524 256 85 13335 3868 5348 771 240 4577 1629 1265 264 118 531 364 1044
is_linear=0
shrinkage=0.05


Tree=9
num_leaves=31
num_cat=0
split_feature=5 13 6 4 6 5 16 5 16 6 13 3 14 11 16 10 15 4 3 16 14 13 15 14 13 16 5 15 8 11
split_gain=27.8078 10.2182 5.96352 5.66254 3.82764 2.81815 2.59121 2.58911 2.1696 2.16685 2.09213 1.8636 2.53903 1.93069 2.30311 1.81266 2.22846 1.80821 1.77976 4.16927 2.80089 5.4608 4.67861 1.75577 3.38413 1.71774 1.71408 1.68198 1.65717 1.64011
threshold=0.01739731781409087 49.655000686645515 -0.32950078945967104 0.046096367488750394 0.20441410087450967 0.010904795864295113 0.023644127973902588 0.013500790226611666 0.02467512796267635 1.8778046872643692 24.630000114440922 0.022827156715230727 -0.01909405816599757 0.024405077895535147 -0.010762710337492097 -0.023232598164511228 -0.0020232981947855828 0.019748071444990346 0.00027004323236878852 -0.039230145811535881 -0.015515001009757 25.505000114440922 -0.0059881557856942816 0.004407866869301503 26.85000038146973 0.022762012315997841 0.019910242586464403 0.011685937663264203 0.038026882313773387 -0.0037227155807691976
decision_type=2 2 2 2 2 2 2 2 2 2 2 2 2 2 2 2 2 2 2 2 2 2 2 2 2 2 2 2 8 2
left_child=2 3 7 4 8 -4 15 -1 18 11 28 13 -13 29 -15 -5 -17 -11 25 -20 -21 27 -23 -12 -25 -2 -6 -22 -9 -7
right_child=1 -3 5 6 26 9 -8 10 -10 17 23 12 -14 14 -16 16 -18 -19 19 20 21 22 -24 24 -26 -27 -28 -29 -30 -31
leaf_value=-0.00021797921474513623 1.1740377965143259e-05 0.0026481777081437149 -0.0001789930833594394 0.00056609850419777296 0.00020996782714401862 2.1886452789914876e-05 -7.4872835296876898e-05 -7.5906957501093402e-05 -0.00020670107873498695 -0.00022350350372584606 -0.00022678839544191702 -4.6206391687379177e-05 0.00098353208708998286 0.00046148679498575728 7.8809828266582975e-05 0.00037194164618961813 0.00078667397761328123 0.00026269526940176009 0.0013472472007147432 2.844011174072673e-05 0.00018229311344468535 8.791749054831542e-05 0.0010234251656391275 0.00055568774888958795 -0.00011237450103784956 0.00064125045477034085 0.00046266628720089385 0.00043740587936505146 -0.00021144744644111948 -0.00010418903169865633
leaf_weight=6794 3632 41 3259 69 1591 3517 218 3974 806 286 100 54 40 97 1097 524 837 1426 53 1635 1288 45 44 84 83 69 1628 44 2079 6471
leaf_count=6794 3632 41 3259 69 1591 3517 218 3974 806 286 100 54 40 97 1097 524 837 1426 53 1635 1288 45 44 84 83 69 1628 44 2079 6471
internal_value=-0.000185629 0.00178697 -0.00102704 0.00170512 0.0012898 -0.000386842 0.00443568 -0.00182019 0.000678833 -5.69769e-05 -0.00109177 -0.000308621 0.00670213 -0.000367556 0.00153266 0.00520979 0.00480896 0.00160047 0.000969162 0.00185108 0.00160995 0.00323364 0.0152247 0.0032397 0.00637724 0.000228315 0.00273532 0.00243243 -0.00128284 -0.000594715
internal_weight=41885 12524 29361 12483 10835 16247 1648 13114 7616 12988 6320 11276 94 11182 1194 1430 1361 1712 6810 3109 3056 1421 89 267 167 3701 3219 1332 6053 9988
internal_count=41885 12524 29361 12483 10835 16247 1648 13114 7616 12988 6320 11276 94 11182 1194 1430 1361 1712 6810 3109 3056 1421 89 267 167 3701 3219 1332 6053 9988
is_linear=0
shrinkage=0.05


Tree=10
num_leaves=31
num_cat=0
split_feature=5 4 4 6 12 12 6 12 16 12 8 5 11 12 11 11 11 11 11 9 11 14 10 9 3 16 3 0 3 10
split_gain=26.1159 7.36487 3.97987 3.97182 3.93086 2.99186 2.92249 2.46833 2.85779 5.43586 2.44412 2.36001 2.26262 5.65454 3.63178 1.94983 1.94265 2.03247 1.79032 1.72544 3.15499 2.7302 2.02546 1.6183 1.42711 1.64848 1.41139 1.40799 1.62234 1.76278
threshold=0.016283281912094282 0.046096367488750394 0.017201094166127699 0.20441410087450967 -0.087458748104097359 -0.075828258528587975 -0.33610504850603318 -0.038043904409190692 -0.039230145811535881 0.073733903664651171 -0.08803685378212138 0.019910242586464403 -0.024572919887126395 -0.027854565117691407 -0.026323618530511902 0.057592534540540592 0.024405077895535147 0.030023740679380188 0.0069117178035681412 0.013976631800395658 0.026483501755781628 0.016378333086022993 0.0022328868061483047 -0.091038259020493381 -0.0039397882246610108 -0.039230145811535881 -0.0059262933977867185 -0.058570165412333224 0.0076731583340970974 0.00048355916176134889
decision_type=2 2 2 2 2 2 2 2 2 2 10 2 2 2 2 2 2 2 2 8 2 2 2 8 2 2 2 2 2 2
left_child=2 3 -1 5 -3 10 19 -7 9 -9 -2 -5 13 -10 -15 27 18 23 -8 20 -4 22 -22 -18 -13 -26 -16 -6 -29 -30
right_child=1 4 6 11 15 7 16 8 12 -11 -12 24 -14 14 26 -17 17 -19 -20 -21 21 -23 -24 -25 25 -27 -28 28 29 -31
leaf_value=-0.00023553425218982542 0.00091221630219413547 0.0019506956608763123 -9.8265428960496134e-05 0.00018866767145757788 0.0012173143983910449 -0.00017646782070025033 -4.6308963299467225e-06 2.3355354290429045e-05 0.00085719467101592417 0.0014392326934393948 0.00015180195654249142 0.00020931190841433182 3.8917577299212795e-05 -0.00013610768110729077 0.00073455840220207791 -0.00038206130218042109 0.00098288639936911924 -8.4031577864055531e-07 -0.00012839270281274606 -0.00017242407847525978 0.00047241891777477447 0.00052673051104847371 -6.8831348242390374e-05 0.00015602255230397712 0.0019711706732001575 0.0004674041156258375 0.0001578238489745462 0.0004363626013434467 2.1232814957347997e-05 0.00092325500521262243
leaf_weight=5368 53 55 2706 2689 102 904 6566 82 63 44 146 525 8379 205 41 76 40 758 3843 6196 45 45 144 431 44 1054 40 1041 86 267
leaf_count=5368 53 55 2706 2689 102 904 6566 82 63 44 146 525 8379 205 41 76 40 758 3843 6196 45 45 144 431 44 1054 40 1041 86 267
internal_value=-0.000197204 0.00140098 -0.001169 0.00103756 0.0045882 0.0004886 -0.000855397 0.000364828 0.000618928 0.00809524 0.00655779 0.00230519 0.000510998 0.00445559 0.00146853 0.0041285 -0.000329955 0.00155004 -0.000551927 -0.00152474 -0.000527212 0.00504273 0.00240741 0.00412951 0.00381084 0.00483606 0.0104321 0.0045254 0.00411047 0.00703966
internal_weight=42038 15896 26142 14269 1627 9957 20774 9758 8854 126 199 4312 8728 349 286 1572 11638 1229 10409 9136 2940 234 189 471 1623 1098 81 1496 1394 353
internal_count=42038 15896 26142 14269 1627 9957 20774 9758 8854 126 199 4312 8728 349 286 1572 11638 1229 10409 9136 2940 234 189 471 1623 1098 81 1496 1394 353
is_linear=0
shrinkage=0.05


Tree=11
num_leaves=31
num_cat=0
split_feature=4 6 11 9 5 5 5 5 1 4 0 8 9 10 1 10 10 11 15 10 10 10 16 10 5 10 16 10 6 10
split_gain=22.5091 6.02533 5.92276 4.62178 3.51058 3.42389 3.38007 3.27478 2.44562 2.40711 2.37269 1.84472 1.55944 1.85741 1.56461 1.50003 2.50421 1.8969 1.58218 1.48626 2.98445 2.49631 2.33178 3.75629 2.76037 1.84717 1.72434 2.73715 1.94673 1.51024
threshold=0.030176028850257455 -0.34373901248776473 -0.055970662091911087 -0.1325841307151128 0.0232035904007756 0.0153536013836923 0.022586161979136824 0.013709851485519028 -0.0057850823188859693 0.072706804379082723 0.031274425171374583 0.042556133593394392 0.087703830672439712 0.015549892737221739 -0.017580489241465765 0.0034066774365857371 0.0027133093769406984 0.03197650803521624 -0.001971728197919242 0.010000560194363352 0.010706298080283895 0.003711171639750988 -0.029171013540879972 -0.0012922180120633062 0.025475898343246112 -0.015449557438202309 -0.024364193205217041 -0.012001983030752781 0.85827026830895525 0.019174574190858999
decision_type=2 2 2 8 2 2 2 2 2 2 2 8 8 2 2 2 2 2 2 2 2 2 2 2 2 2 2 2 2 2
left_child=1 7 4 8 -2 12 -5 -1 19 -10 -8 15 13 -3 -14 16 17 -9 -18 21 -21 22 23 24 -4 -24 -27 -28 -29 -22
right_child=2 5 3 6 -6 -7 10 11 9 -11 -12 -13 14 -15 -16 -17 18 -19 -20 20 29 -23 25 -25 -26 26 27 28 -30 -31
leaf_value=-0.00019984032297863837 0.00067961290553980927 -2.8311548747145055e-05 -5.2952214190610456e-05 1.8085641142019697e-05 0.0024782586695170877 0.00010702965021887937 0.00024749213996670043 -2.8773131005417859e-05 0.00013329970856768589 0.0015389284096063312 0.00064665347608345919 -0.00016217626631873311 1.7952525145464014e-05 0.00037817846250529498 -0.00016132731581680452 -0.00013773427949287682 0.00087520051795322591 0.00031897834104326718 0.00028340522223614027 0.0012240121910474472 0.001151351688410753 8.8588541053128461e-05 -0.00015875843379699491 0.0023315948150743103 0.00086075363779557256 -0.00030686974849686386 0.0013962997068415956 0.0003118436595639742 0.00094715822118926192 -4.697264025395992e-05
leaf_weight=7047 79 6102 81 4254 45 4857 2160 2829 1185 48 300 2469 1536 162 5217 1884 42 146 79 41 119 345 88 50 67 67 41 553 126 76
leaf_count=7047 79 6102 81 4254 45 4857 2160 2829 1185 48 300 2469 1536 162 5217 1884 42 146 79 41 119 345 88 50 67 67 41 553 126 76
internal_value=-0.000225087 -0.000858821 0.00188432 0.00174409 0.0127419 -0.00024449 0.00102472 -0.00161631 0.00341704 0.00173155 0.0025 -0.000885355 -0.000667206 -9.89795e-05 -0.00119429 -0.000331326 0.000345606 5.88223e-05 0.00739669 0.00467352 0.00834746 0.00406206 0.00525163 0.0101515 0.00614865 0.00414286 0.00491105 0.005625 0.00486745 0.00576923
internal_weight=42095 32370 9725 9601 124 17874 6714 14496 2887 1233 2460 7449 13017 6264 6753 4980 3096 2975 121 1654 236 1418 1073 198 148 875 787 720 679 195
internal_count=42095 32370 9725 9601 124 17874 6714 14496 2887 1233 2460 7449 13017 6264 6753 4980 3096 2975 121 1654 236 1418 1073 198 148 875 787 720 679 195
is_linear=0
shrinkage=0.05


Tree=12
num_leaves=31
num_cat=0
split_feature=4 4 11 3 6 0 6 16 0 13 13 16 9 16 16 3 5 11 11 11 11 11 6 2 10 0 15 4 5 5
split_gain=21.0059 6.93036 5.98592 6.28598 3.3433 3.02304 2.9535 2.43455 2.09788 1.87114 5.19214 2.86047 1.86654 2.03692 3.39494 1.75902 1.75673 1.70867 2.71711 2.54065 1.64654 1.99017 1.51282 1.4315 1.41442 2.0443 2.54979 1.38745 1.34361 1.3422
threshold=0.034576273392737313 0.021630234086055366 -0.055970662091911087 0.0048557667821850234 -0.038991895714009746 -0.058570165412333224 0.40568441196815391 0.021150145437151994 0.034101618122546203 25.505000114440922 26.85000038146973 -0.0086632951696937171 -0.039665680953080533 -0.028659304940484628 -0.029711514498733601 0.0076731583340970974 0.022586161979136824 0.02573480883905466 0.030023740679380188 0.029305093404121577 0.026101740885835282 0.030023740679380188 -0.52654585969297596 -0.17231371039874424 0.031057656448531649 0.044926510719722985 0.0039377462931692317 0.059290233324308002 0.027309337962013468 0.026575306388446632
decision_type=2 2 2 2 2 2 2 2 2 2 2 2 8 2 2 2 2 2 2 2 2 2 2 2 2 2 2 2 2 2
left_child=1 4 3 -2 -1 27 8 16 9 12 11 -11 13 14 -3 -12 -7 -15 19 -19 -6 -22 23 29 25 28 -27 -4 -24 -18
right_child=2 6 5 -5 20 7 -8 -9 -10 10 15 -13 -14 17 -16 -17 22 18 -20 -21 21 -23 24 -25 -26 26 -28 -29 -30 -31
leaf_value=-0.00018359209460088735 0.00017988120595900561 9.1259971165290725e-05 0.00041548474934347012 0.0023904952090178892 -8.2863586005501525e-05 0.00012763810882574227 0.00010688407586189595 -6.0884789945922655e-05 0.00043291013958293126 4.5848362425926021e-05 -0.00017875945925901169 0.00058838108001912969 -9.285741873704624e-05 -2.7733244682760398e-05 0.00071973750062856142 0.00071370680297379568 0.00082501913327331304 0.00024547644216548994 5.0491224467642676e-05 0.00059742045454729074 0.00031055148262531889 -3.3200505588045294e-05 0.00033080191820119968 0.00016002961207499459 -0.0010745887067608732 0.0012173963815792746 0.0015000601014078128 0.0018466763297927272 0.00071032666777258837 0.00018329719965500763
leaf_weight=9395 49 214 161 42 5760 1777 5471 750 147 52 299 83 10069 3449 60 62 42 82 364 41 180 363 1063 902 41 65 81 45 655 91
leaf_count=9395 49 214 161 42 5760 1777 5471 750 147 52 299 83 10069 3449 60 62 42 82 364 41 180 363 1063 902 41 65 81 45 655 91
internal_value=-0.000195318 -0.000642959 0.00260756 0.0153297 -0.00143267 0.00240349 -3.50622e-05 0.00217944 -0.000399411 -0.000458546 0.00256048 0.0109259 -0.000563416 0.000320664 0.00448905 -0.000567868 0.00260017 3.04866e-05 0.00280287 0.00922764 -0.000541807 0.00209024 0.00335034 0.00181159 0.00418635 0.00438841 0.0100685 0.00834951 0.0039057 0.00665413
internal_weight=41855 36091 5764 91 15698 5673 20393 5467 14922 14775 496 135 14279 4210 274 361 4717 3936 487 123 6303 543 2940 1035 1905 1864 146 206 1718 133
internal_count=41855 36091 5764 91 15698 5673 20393 5467 14922 14775 496 135 14279 4210 274 361 4717 3936 487 123 6303 543 2940 1035 1905 1864 146 206 1718 133
is_linear=0
shrinkage=0.05


Tree=13
num_leaves=31
num_cat=0
split_feature=5 13 6 5 0 5 14 16 15 16 14 13 13 14 6 15 13 15 8 1 8 6 1 13 12 12 16 14 15 15
split_gain=18.5104 10.4157 4.45405 3.55061 2.83892 2.43643 2.00159 2.34822 3.41076 2.47793 5.27916 2.36776 2.60574 2.16738 1.9935 1.93371 1.70536 14.0491 2.04954 1.66683 1.50298 1.42526 1.54002 1.47161 1.39467 4.28821 1.38667 1.34417 1.99454 1.8737
threshold=0.01739731781409087 49.655000686645515 -0.32950078945967104 0.025475898343246112 -0.05028103082463075 0.010904795864295113 0.010891009150098998 0.019875001205198032 -0.0022032519274734481 -0.026943844681942161 0.024903216094988693 24.855000495910648 27.070000648498539 0.04320040155148664 0.08081530212047118 0.023573540581244171 12.230000019073488 0.0042451587764910101 0.024072521791161598 -0.025566140637875764 0.0040514479462043793 -0.52654585969297596 -0.01561868920586029 24.630000114440922 0.082959740110242888 0.073733903664651171 -0.00083460972679949552 1.0000000180025095e-35 -0.010311886667299484 -0.0048572816206771665
decision_type=2 2 2 2 2 2 2 2 2 2 2 2 2 2 2 2 2 2 8 2 10 2 2 2 2 2 2 2 2 2
left_child=2 3 6 14 26 -4 -1 9 -9 10 19 -11 -13 20 24 16 17 -7 -18 -8 -10 22 23 -6 25 27 -5 -2 -29 -30
right_child=1 -3 5 4 21 15 7 8 13 11 -12 12 -14 -15 -16 -17 18 -19 -20 -21 -22 -23 -24 -25 -26 -27 -28 28 29 -31
leaf_value=-0.00017788057096475296 -3.015133417413858e-05 0.0020971896441327213 -0.00016945429923375342 0.0014866295046494294 0.00038585757193919016 -0.00039056938869073347 0.00060105163210597261 0.0010338384877863823 0.00052552317546496218 -0.0001289201732150055 -6.7310432468214862e-05 0.00044278525006532875 -0.00018933920615055237 -0.00042882782661483486 0.00021008855490648004 0.0017769275747693348 2.3139256842373883e-05 0.0011485180236406128 -8.5753583757853272e-05 0.00064955339802759882 0.00022493553698551424 0.00048171742174517491 -5.4241061244735044e-05 0.00079642246122435751 -0.00028139142575894798 0.0012105113831596679 0.00056882994872492422 -0.00021492639366582278 0.00039677492249696425 0.00010359621430134844
leaf_weight=8633 3546 44 3263 63 246 115 40 69 61 3612 242 68 51 116 3492 67 7578 44 5209 45 125 1468 568 64 348 70 56 397 541 1633
leaf_count=8633 3546 44 3263 63 246 115 40 69 61 3612 242 68 51 116 3492 67 7578 44 5209 45 125 1468 568 64 348 70 56 397 541 1633
internal_value=-0.000210633 0.00139757 -0.000897813 0.00131204 0.00301217 -0.000345909 -0.00158552 -0.000721383 0.00308625 -0.00106949 0.00310397 -0.00143527 0.0055042 0.000794701 0.000894085 -3.9577e-05 -8.34246e-05 0.00506289 -0.000147417 0.0138235 0.00413978 0.00263001 0.00103645 0.00387097 0.000378729 0.000551963 0.0105462 0.000411148 0.0012816 0.00187672
internal_weight=41874 12536 29338 12492 2465 16276 13062 4429 371 4058 327 3731 119 302 10027 13013 12946 159 12787 85 186 2346 878 310 6535 6187 119 6117 2571 2174
internal_count=41874 12536 29338 12492 2465 16276 13062 4429 371 4058 327 3731 119 302 10027 13013 12946 159 12787 85 186 2346 878 310 6535 6187 119 6117 2571 2174
is_linear=0
shrinkage=0.05


Tree=14
num_leaves=31
num_cat=0
split_feature=5 13 6 5 5 4 11 11 12 8 14 8 11 11 0 16 14 11 14 4 11 14 16 16 16 6 13 11 11 16
split_gain=17.8305 7.43687 4.3615 4.28758 2.32525 2.29387 2.31301 2.52795 1.90271 2.74752 2.38621 1.90032 1.79763 3.34419 1.78526 1.7507 1.60452 2.21486 1.55877 1.80932 1.53313 1.77943 1.56154 1.50967 1.49663 1.6489 1.82521 1.47494 1.46866 2.32403
threshold=0.01739731781409087 49.655000686645515 -0.34373901248776473 0.0232035904007756 0.010128142229464808 0.017201094166127699 0.024405077895535147 0.030023740679380188 0.048152369041769456 -0.15551500225830714 -0.0054293361358405115 0.04403156309230661 0.0047087811443838898 0.0044457003054257935 -0.077528554982637873 -0.016002335246084406 -0.013693091090924312 0.029305093404121577 -0.13532199000438486 0.072706804379082723 0.026101740885835282 -0.01759756320211869 0.010769055384036276 0.029246040026932877 0.024284727215859617 2.4508775817238524 16.164999961853031 -0.024572919887126395 -0.0026633057658367871 0.012132072586841793
decision_type=2 2 2 2 2 2 2 2 2 10 2 8 2 2 2 2 2 2 2 2 2 2 2 2 2 2 2 2 2 2
left_child=2 3 4 24 -1 -4 12 8 10 -10 16 20 13 -7 -5 -9 17 -8 -16 27 -6 22 -22 -17 25 -2 -27 -20 29 -13
right_child=1 -3 5 14 11 6 7 15 9 -11 -12 28 -14 -15 18 23 -18 -19 19 -21 21 -23 -24 -25 -26 26 -28 -29 -30 -31
leaf_value=-0.00030048282478504801 7.8144239556557929e-05 0.0019189418980244373 -0.00016975446042003433 0.0013321512062788494 -0.00010589193163471926 1.0063384662840255e-05 7.4067118293483772e-06 0.00032063831973832858 7.6127399129523497e-05 0.00047389983965143829 -0.00016439477736899486 -0.00014225629362270238 -9.3046806593052782e-05 0.0014843917701515342 -0.00051054577663347763 -9.737582195135707e-05 0.00054594877893864458 0.00061329120149408907 0.00055332501577618355 0.0012290513665384833 0.00014354476947307473 0.00016908311488375398 -0.00026859630614158568 0.00033016619355795472 -0.00017835883720091787 -4.8772914552830778e-05 0.00070711984911234801 0.00029351994395370031 -0.00024338146233793533 0.00023859273478426301
leaf_weight=1375 7554 45 3006 62 7494 7058 131 43 54 56 177 733 5018 77 162 789 56 46 270 138 45 408 293 99 830 102 216 3127 2410 141
leaf_count=1375 7554 45 3006 62 7494 7058 131 43 54 56 177 733 5018 77 162 789 56 46 270 138 45 408 293 99 830 102 216 3127 2410 141
internal_value=-0.000205285 0.00137694 -0.000875836 0.00130367 -0.00156563 -0.000340158 -6.3953e-05 0.00182288 0.00461538 0.0104545 0.00304878 -0.00133374 -0.00028923 0.000220742 0.00271482 0.000263157 0.00637339 0.00403955 0.00257371 0.00279349 -0.000928399 0.00123324 -0.00144971 -0.000213965 0.000694092 0.000907011 0.00443396 0.0025655 -0.00235079 -0.000594967
internal_weight=42015 12506 29509 12461 12899 16610 13604 1451 520 110 410 11524 12153 7135 3759 931 233 177 3697 3535 8240 746 338 888 8702 7872 318 3397 3284 874
internal_count=42015 12506 29509 12461 12899 16610 13604 1451 520 110 410 11524 12153 7135 3759 931 233 177 3697 3535 8240 746 338 888 8702 7872 318 3397 3284 874
is_linear=0
shrinkage=0.05


Tree=15
num_leaves=31
num_cat=0
split_feature=5 13 5 5 14 10 11 11 3 16 14 10 15 11 15 3 13 16 14 14 2 16 11 11 13 12 9 3 9 11
split_gain=15.4803 6.73048 3.62244 3.29321 2.82447 7.10182 2.85722 4.38361 2.39159 2.29069 2.91421 4.90921 2.22306 2.12661 2.50794 2.63144 2.17398 2.31928 2.40066 2.14879 1.85211 1.84814 2.22454 3.02932 3.84032 3.81607 5.15131 2.55149 2.48631 1.85019
threshold=0.01739731781409087 49.655000686645515 0.010310927539731616 0.027884656057469533 -0.00059068116897192924 0.0011106724976560625 -0.002761626055579391 -0.0076796209830086162 -0.022746516184053264 -0.019553797449337103 0.052814661982337315 0.0053129722735428828 0.018031939597524142 -0.005167394522302581 -0.0079512156105439585 -0.010215000925274774 24.695000648498539 -0.0076926205790869276 -1.0000000180025095e-35 0.02426411528649575 -0.0037756521296515295 0.024284727215859617 0.02573480883905466 0.034061336593809395 14.84500026702881 -0.011339323936739419 -0.11608567484530445 0.0056278215165881393 -0.017472011727746314 -0.0071058525984615808
decision_type=2 2 2 2 2 2 2 2 2 2 2 2 2 2 2 2 2 2 2 2 2 2 2 2 2 2 10 2 10 2
left_child=2 3 -1 8 21 13 7 -7 -2 -8 12 -12 -11 14 19 -16 17 -15 -19 -6 -9 22 29 24 27 -26 -27 -24 -28 -4
right_child=1 -3 4 -5 5 6 9 20 -10 10 11 -13 -14 16 15 -17 -18 18 -20 -21 -22 -23 23 -25 25 26 28 -29 -30 -31
leaf_value=-0.00021098600778838981 0.00046482720653752592 0.0019528473872349192 9.1411183564580059e-07 0.00048539078632091012 0.00044723309221319086 -4.6277334651013448e-05 0.00055639207868106173 0.0013774509997525387 9.2161025150235641e-05 4.2795716995494355e-05 0.0011391277930759879 5.456368590832008e-06 0.001387031431110586 3.5497899369873581e-05 0.00035832026115138613 5.7406761885515979e-05 0.00022832527013500519 0.00025025516230252353 -0.00020985806367411708 -0.00020450056413468906 0.00058917445517235741 -0.00030380666418319634 -0.00014575387277413349 -0.00012040580154637849 -0.0001548059839537109 0.00014570445486002505 0.00069667811290677806 0.00022387422243519222 0.00050467119221184263 -0.00013979258528440909
leaf_weight=3994 283 45 2551 1462 53 93 88 69 10707 1768 53 73 97 1402 208 2337 61 76 4123 1135 50 1010 300 667 98 116 46 49 61 8992
leaf_count=3994 283 45 2551 1462 53 93 88 69 10707 1768 53 73 97 1402 208 2337 61 76 4123 1135 50 1010 300 667 98 116 46 49 61 8992
internal_value=-0.000221909 0.0012535 -0.000845453 0.00118374 -0.000626761 -5.39119e-05 0.00244216 0.0079717 0.000887169 0.00187831 0.00152938 0.00888889 0.00103217 -0.000662588 0.000263862 0.00114931 -0.0012734 -0.00137565 -0.00196356 -0.001633 0.0143277 -0.00110871 -0.000947206 0.000983544 0.00335821 0.00730529 0.0109193 -0.000272207 0.0188318 -0.00117084
internal_weight=42067 12497 29570 12452 25576 11686 2291 212 10990 2079 1991 126 1865 9395 3733 2545 5662 5601 4199 1188 119 13890 12880 1337 670 321 223 349 107 11543
internal_count=42067 12497 29570 12452 25576 11686 2291 212 10990 2079 1991 126 1865 9395 3733 2545 5662 5601 4199 1188 119 13890 12880 1337 670 321 223 349 107 11543
is_linear=0
shrinkage=0.05


Tree=16
num_leaves=31
num_cat=0
split_feature=4 13 6 4 13 11 6 12 11 10 14 12 15 11 11 12 0 13 11 14 10 12 6 13 13 13 11 3 14 1
split_gain=12.6181 8.71249 4.98817 3.49171 1.95545 4.40851 1.91708 2.26017 1.80017 1.69428 3.19056 2.08796 4.28039 3.9264 7.09091 4.71814 1.55621 1.72399 1.53721 2.01128 1.96429 2.36058 1.98639 1.75881 2.15719 5.29996 1.69277 1.63333 1.5486 1.47989
threshold=0.025705650713328563 49.655000686645515 -0.25614673330130971 0.046096367488750394 12.119999885559084 0.016424352534066825 0.95835399353404893 0.092854768976221705 0.024405077895535147 0.0031820809505899166 -0.093449770795740669 0.055910594976570589 -0.0029336528885612885 -0.004414694893693615 0.0013310128060490813 0.073733903664651171 -0.058570165412333224 20.865000724792484 0.0047087811443838898 -0.00071597997566119609 0.0018732766831597305 0.018878621288125678 1.3542308729971633 14.340000152587892 14.904999732971193 14.870000362396242 0.0044457003054257935 -0.00051584840302831825 -0.12635401997537379 -0.011270396729051444
decision_type=2 2 2 2 2 2 2 2 2 2 2 2 2 2 2 2 2 2 2 2 2 2 2 2 2 2 2 2 2 2
left_child=2 3 -1 6 5 -4 9 -8 18 10 -2 -12 13 -13 -15 -16 -5 -18 23 28 22 -22 -21 -6 25 27 -26 -25 -20 -19
right_child=1 -3 4 16 8 -7 7 -9 -10 -11 11 12 -14 14 15 -17 17 29 19 20 21 -23 -24 24 26 -27 -28 -29 -30 -31
leaf_value=-0.00013200281164848872 0.00029686068374150539 0.001894758511516147 -0.00012226826291854235 0.00084436401667657528 -0.00013423496085676365 0.00074950096677505688 0.00018058734589661133 0.00080773091914769924 8.057148052872659e-05 -3.8796717913625662e-05 2.9377415633490055e-05 -0.00052869670821487026 -5.8444362977108573e-05 0.0017028922781206835 0.00071017865547058623 0.00022843156486220445 0.00053815085706364113 0.0002104217659552669 0.00034127836235071826 -0.00018227798672711435 0.00037793196717092361 0.00011837090221037267 0.000125816070868675 -7.0273520187192145e-05 -4.3988869571268834e-06 0.0012067615004471971 0.0015711983445981744 0.00029955468105021682 -0.00021540867543259749 -0.00019523885707036236
leaf_weight=12390 75 48 75 100 1381 41 2294 113 1267 5072 6925 91 363 53 70 276 975 271 67 1105 43 602 243 240 4505 47 65 240 2724 275
leaf_count=12390 75 48 75 100 1381 41 2294 113 1267 5072 6925 91 363 53 70 276 975 271 67 1105 43 602 243 240 4505 47 65 240 2724 275
internal_value=-0.000239796 0.000811422 -0.000953666 0.000751193 -0.000255043 0.0062069 0.00051787 0.00181346 -0.000314871 0.000276595 0.00073666 0.000637695 0.00297186 0.00602041 0.00815789 0.00554913 0.00295805 0.00256081 -0.000515895 -0.00119565 1.75603e-05 0.00228682 -0.00106825 -1.38944e-05 0.000414949 0.00344402 6.56443e-05 0.001875 -0.00206199 0.000311354
internal_weight=42036 17001 25035 16953 12645 116 15332 2407 12529 12925 7853 7778 853 490 399 346 1621 1521 11262 4784 1993 645 1348 6478 5097 527 4570 480 2791 546
internal_count=42036 17001 25035 16953 12645 116 15332 2407 12529 12925 7853 7778 853 490 399 346 1621 1521 11262 4784 1993 645 1348 6478 5097 527 4570 480 2791 546
is_linear=0
shrinkage=0.05


Tree=17
num_leaves=31
num_cat=0
split_feature=5 11 5 6 16 6 5 9 11 11 5 12 16 12 16 12 2 11 3 15 15 14 14 3 15 10 15 14 16 10
split_gain=13.0519 3.65306 5.40823 3.63564 2.65713 3.01162 2.63034 2.62433 2.61727 4.02755 2.00486 1.78243 1.801 2.23537 1.78032 1.97215 1.61174 1.57242 1.72781 1.70262 2.97791 3.51675 1.59325 1.6922 1.50625 1.49823 1.46723 2.47386 1.62191 2.78526
threshold=0.017275726141061671 -0.055970662091911087 0.021883300257727393 -0.32950078945967104 0.02467512796267635 3.9897796053565684 0.022384649183753842 0.019676440601683835 0.026483501755781628 0.029571955445533264 0.012094433473225389 -0.038043904409190692 -0.038405887047177116 0.073733903664651171 -0.016651017176789181 0.013329890655183642 -0.15804656294095817 0.024405077895535147 0.019986408875497411 -0.010311886667299484 -0.0058696284824380487 -0.010446241084373918 0.009860755526874045 0.002330045390639413 0.0057409967655691627 0.00069579143919507047 -0.011835266142907806 0.009860755526874045 -0.026575774780520808 -0.00090813220521157579
decision_type=2 2 2 2 2 2 2 8 2 2 2 2 2 2 2 2 2 2 2 2 2 2 2 2 2 2 2 2 2 2
left_child=3 2 -2 7 5 6 11 8 -1 -10 14 16 13 -13 15 -5 -3 18 -12 -19 21 -21 -22 -24 -20 -11 -14 -28 29 -29
right_child=1 4 -4 10 -6 -7 -8 -9 9 25 17 12 26 -15 -16 -17 -18 19 24 20 22 -23 23 -25 -26 -27 27 28 -30 -31
leaf_value=-6.4679009585470176e-05 0.00011435955083388486 0.00059727681466612221 0.0018416340796932518 -0.00010864898363696929 -0.000139290051764089 0.0013450369707061966 0.00027282068726906285 -0.00014377480765826998 0.00044801732758567185 0.0003264874650767573 -1.9513011208124385e-05 0.00030210967126453804 -0.00020486209079716687 0.0010724797750770421 -0.00014506953311845355 0.00022381749151405693 -0.00016170855154553685 -0.00038321325387244323 0.00057209411006956901 0.0005910138432773486 1.2057748232858567e-05 0.00028244669662873554 0.00054233799063649693 -5.863291655968983e-05 -0.000410010584615824 -0.00012988486504881679 2.5773047996710819e-05 2.5210798145453094e-05 0.00021439705238519193 0.0011738003488023768
leaf_weight=3856 82 43 55 555 1261 52 3872 8762 77 63 9134 94 434 50 4732 410 725 96 156 57 688 108 102 67 51 216 4061 64 2090 50
leaf_count=3856 82 43 55 555 1261 52 3872 8762 77 63 9134 94 434 50 4732 410 725 96 156 57 688 108 102 67 51 216 4061 64 2090 50
internal_value=-0.000209568 0.00111227 0.00923358 -0.000796431 0.00102532 0.00126354 0.00120918 -0.00141976 -0.000394113 0.00370786 -0.000295867 0.000669425 0.000925762 0.00645833 -0.00105055 0.000906735 -0.00161458 0.000115211 -9.68859e-05 0.0018873 0.00248532 0.00863636 0.00130105 0.00565089 0.00442029 0.000913977 0.000806836 0.00100159 0.00235027 0.00815789
internal_weight=42063 12933 137 29130 12796 11535 11483 12974 4212 356 16156 7611 6843 144 5697 965 768 10459 9341 1118 1022 165 857 169 207 279 6699 6265 2204 114
internal_count=42063 12933 137 29130 12796 11535 11483 12974 4212 356 16156 7611 6843 144 5697 965 768 10459 9341 1118 1022 165 857 169 207 279 6699 6265 2204 114
is_linear=0
shrinkage=0.05


Tree=18
num_leaves=31
num_cat=0
split_feature=4 6 4 13 0 11 8 13 3 12 12 11 0 10 13 13 11 4 14 0 10 14 10 0 6 6 9 11 14 10
split_gain=12.6996 4.76399 3.07165 2.92469 1.91954 1.89622 1.86467 2.4748 4.22898 1.84145 2.84815 2.83219 2.61856 2.45512 1.9594 1.87618 1.83272 1.81761 1.60176 1.60152 1.6368 1.73389 1.61786 2.51495 1.38554 2.26885 2.10739 1.92361 2.71898 1.54741
threshold=0.034576273392737313 -0.62896429322399972 0.023246708295245229 46.145000457763679 0.02551637728838119 0.057592534540540592 0.024072521791161598 12.119999885559084 0.0025051722620583754 0.045723592601736203 0.04851916087108233 0.01079875175925993 0.00066423731619658099 0.011799208640730032 14.715000152587892 14.904999732971193 0.022371704579513211 0.017527517221819111 0.009860755526874045 -0.013505881330069634 -0.0020521609912821921 0.0012326341754252958 0.0046996475927222345 0.0087558719709859307 0.20441410087450967 0.24528897864990487 -0.1325841307151128 0.041951552464954973 -0.040011250304013861 0.020281918733708996
decision_type=2 2 2 2 2 2 8 2 2 2 2 2 2 2 2 2 2 2 2 2 2 2 2 2 2 2 10 2 2 2
left_child=1 17 4 5 6 24 16 8 -8 14 11 -11 -13 -12 -4 -16 -3 -1 -6 -18 -21 -22 -23 -24 26 -26 -2 29 -29 -27
right_child=3 2 9 -5 18 -7 7 -9 -10 10 13 12 -14 -15 15 -17 19 -19 -20 20 21 22 23 -25 25 27 -28 28 -30 -31
leaf_value=-0.00025395180968340163 0.00026888319735157235 -6.3553021657182645e-05 -0.00011795246189404028 0.001719540014298364 1.2223841599614004e-05 -0.00034016104443820595 -0.00028667427709245212 -0.00014198442793979263 0.00070856977991701903 3.1755459742523921e-05 0.00018846467893914487 0.00022598520823652511 0.00088761732300844686 -0.00052565596532617791 0.00035162026904309181 2.393058351355728e-05 -0.00025416125594918018 -9.0712101778925547e-05 0.0003487227026964957 0.00075425623433863034 2.4433358492011069e-05 0.00015969426386244575 0.00089785584082833787 4.5143048500085185e-05 0.00096674400253617121 0.00035993957370207417 4.6415313902042097e-05 0.0011831450899694635 0.00010370458842585643 -0.00067361202467788189
leaf_weight=1717 1878 6703 1907 58 369 140 43 5801 40 115 1390 40 57 217 274 8140 102 8448 201 40 511 98 55 40 67 1471 1997 41 59 81
leaf_count=1717 1878 6703 1907 58 369 140 43 5801 40 115 1390 40 57 217 274 8140 102 8448 201 40 511 98 55 40 67 1471 1997 41 59 81
internal_value=-0.000242281 -0.000589128 -0.000231994 0.00193197 -0.000736629 0.00181897 -0.000857218 -0.00152447 0.00704819 0.000350081 0.00181693 0.00726415 0.0135567 0.00109832 9.15597e-05 0.000419538 -0.000337132 -0.00150763 0.00210526 0.00185579 0.00266129 0.00210227 0.0061399 0.0107895 0.00196282 0.00314427 0.00143871 0.00277845 0.0095 0.00234536
internal_weight=42100 36308 26143 5792 14003 5734 13433 5884 83 12140 1819 212 97 1607 10321 8414 7549 10165 570 846 744 704 193 95 5594 1719 3875 1652 100 1552
internal_count=42100 36308 26143 5792 14003 5734 13433 5884 83 12140 1819 212 97 1607 10321 8414 7549 10165 570 846 744 704 193 95 5594 1719 3875 1652 100 1552
is_linear=0
shrinkage=0.05


Tree=19
num_leaves=31
num_cat=0
split_feature=4 13 5 5 8 14 10 16 15 14 14 14 1 13 13 10 14 16 15 12 14 10 12 10 15 11 10 13 11 13
split_gain=11.0175 8.51524 3.63885 2.66164 2.0883 1.96043 3.38938 2.45506 2.48596 2.23187 2.08892 1.72006 1.69701 1.60016 2.86148 2.34375 2.26032 1.70337 3.88169 2.36613 1.58673 3.99716 3.54474 5.99775 3.73737 2.21182 2.79049 2.18536 1.65074 1.50135
threshold=0.025705650713328563 49.655000686645515 0.022384649183753842 0.0098634674112941367 0.04403156309230661 0.0080830591469587282 -0.0010954591841218495 -0.023441325043272173 -0.004154525866522484 0.052814661982337315 0.020823614308890352 0.07643058808250093 0.043396195454274429 26.85000038146973 25.505000114440922 -0.015449557438202309 0.26245601507157795 0.0066069741030379001 -0.0018289833678029608 -0.0063801556439739273 0.010891009150098998 0.0012069827106450106 0.035088519804199254 0.0031820809505899166 -0.0031826360642533409 0.014880662239239896 0.0025359002095745047 16.095000267028812 0.032599059043066377 12.119999885559084
decision_type=2 2 2 2 8 2 2 2 2 2 2 2 2 2 2 2 2 2 2 2 2 2 2 2 2 2 2 2 2 2
left_child=3 2 5 -1 20 -2 13 10 -9 12 -8 -11 -10 14 16 -16 17 -7 19 -19 -5 28 25 24 -24 26 -23 -28 -22 -6
right_child=1 -3 -4 4 29 6 7 8 9 11 -12 -13 -14 -15 15 -17 -18 18 -20 -21 21 22 23 -25 -26 -27 27 -29 -30 -31
leaf_value=-0.00020270016828338145 -3.0147231975108804e-05 0.0017131305338222718 0.00024416895508603561 -7.7258438213317546e-05 0.0004849798608616365 -4.3833299362767823e-05 0.0012129352418430472 -0.00021699835509785361 0.00014706213543341299 0.00075854049910976636 0.00026691272518182795 0.0001175865962151911 0.00041852573453064908 -0.00019310221906319454 5.1215476230675172e-05 0.00089733789803059922 0.00065281131940362735 0.00096928642702377309 -3.9052742840701309e-05 0.00025843145912646704 -4.7484129926257451e-05 -0.00042851464863912533 0.001209915491719779 0.00021011157936359271 0.00037880570653415612 -0.00049411147437053307 0.00072867482790516403 0.00016827021157611032 0.0004376203883856812 -0.00013281246456488784
leaf_weight=2794 7643 49 4378 9546 76 2212 40 252 609 85 135 40 124 336 48 48 46 79 622 229 4670 127 65 283 56 183 70 152 81 6950
leaf_count=2794 7643 49 4378 9546 76 2212 40 252 609 85 135 40 124 336 48 48 46 79 622 229 4670 127 65 283 56 183 70 152 81 6950
internal_value=-0.000266252 0.00071723 0.000656976 -0.000932624 -0.000750035 0.000223939 0.00100408 0.00321012 0.00234234 0.00362471 0.00871428 0.0098 0.00257162 0.000220993 0.000557246 0.0090625 0.000301128 0.000140037 0.00193548 0.00652597 -0.000421126 0.00024002 0.00322649 0.00675742 0.0160744 0.000545112 0.00287965 0.00626126 -0.000348349 -0.00146314
internal_weight=42028 16975 16926 25053 22259 12548 4905 1285 1110 858 175 125 733 3620 3284 96 3188 3142 930 308 15233 5687 936 404 121 532 349 222 4751 7026
internal_count=42028 16975 16926 25053 22259 12548 4905 1285 1110 858 175 125 733 3620 3284 96 3188 3142 930 308 15233 5687 936 404 121 532 349 222 4751 7026
is_linear=0
shrinkage=0.05


Tree=20
num_leaves=31
num_cat=0
split_feature=5 13 9 16 5 13 12 13 13 0 11 16 16 16 12 16 15 12 15 13 13 13 11 11 16 3 16 12 14 13
split_gain=8.91794 7.93989 3.22035 2.36345 2.6325 2.32633 1.71899 1.99286 5.78674 1.5331 1.6191 3.68144 4.187 3.55286 2.21982 3.39528 3.34799 8.69303 10.5128 1.94222 2.72593 5.02248 1.8905 1.81536 1.62536 1.58003 1.42399 1.92617 1.42419 1.86687
threshold=0.016283281912094282 49.655000686645515 0.078989401580462762 0.0250613802462234 0.025475898343246112 25.505000114440922 -0.038043904409190692 25.505000114440922 27.070000648498539 0.020260728478727067 -0.0021561208113907156 0.013588686321563516 0.023644127973902588 0.019560991992862434 0.04760809957201418 -0.028017014135146286 0.0030433265650329226 0.05549664954164369 0.0065531459691857705 17.289999961853031 14.340000152587892 14.904999732971193 -0.0037227155807691976 0.0035059532242039952 0.017020412998215776 -0.019990238906309628 -0.038405887047177116 0.073733903664651171 0.16537685982304043 20.865000724792484
decision_type=2 2 8 2 2 2 2 2 2 2 2 2 2 2 2 2 2 2 2 2 2 2 2 2 2 2 2 2 2 2
left_child=2 3 9 4 6 -4 -2 26 -9 10 11 19 13 24 -12 -16 23 18 -18 20 -1 22 -22 -17 -13 -21 27 -8 29 -28
right_child=1 -3 5 -5 -6 -7 7 8 -10 -11 14 12 -14 -15 15 16 17 -19 -20 25 21 -23 -24 -25 -26 -27 28 -29 -30 -31
leaf_value=-0.00023984681853409431 -9.0166623134965438e-05 0.0015479065107440087 -0.00011625185048045426 -0.00013250227148848382 0.00038716620244553536 0.00012068632518575695 0.00010103815646249018 0.0010463182842182113 9.6391203547247575e-06 0.00014405027563121396 -0.00010984458367738881 0.00066435572563132558 -0.00016583434909167274 0.00087683713018127081 0.00076736981994920571 0.00016060361831478289 0.00090741709442867125 -0.00010469315763599221 0.00022499515835419407 0.00031475101357350652 0.00071854285017882683 8.4949406382467204e-05 0.00011750373861305255 -0.00023250539101637058 4.0129876713089572e-05 -0.00011551433742182315 9.9964639994224764e-05 0.001791737268733025 0.00042011395315240678 -0.00011971614640341026
leaf_weight=263 1397 48 13770 1504 2166 246 121 55 133 739 6221 77 155 76 55 168 82 347 139 51 114 762 60 738 101 1996 9014 69 160 1169
leaf_count=263 1397 48 13770 1504 2166 246 121 55 133 739 6221 77 155 76 55 168 82 347 139 51 114 762 60 738 101 1996 9014 69 160 1169
internal_value=-0.000199544 0.000736927 -0.000766439 0.000675195 0.000873704 -0.00128282 0.000586729 0.000801696 0.00590425 -0.000170456 -0.00031346 0.000554034 0.00502445 0.00897638 -0.000722582 0.000984302 0.000529171 0.00353873 0.0112896 -9.24334e-06 0.00158882 0.00285256 0.0105172 -0.00135762 0.00511236 -0.000945287 0.000710623 0.005 0.000631827 0.000558282
internal_weight=41996 15836 26160 15788 14284 14016 12118 10721 188 12144 11405 3655 409 254 7750 1529 1474 568 221 3246 1199 936 174 906 178 2047 10533 190 10343 10183
internal_count=41996 15836 26160 15788 14284 14016 12118 10721 188 12144 11405 3655 409 254 7750 1529 1474 568 221 3246 1199 936 174 906 178 2047 10533 190 10343 10183
is_linear=0
shrinkage=0.05


Tree=21
num_leaves=31
num_cat=0
split_feature=13 4 4 6 14 10 10 10 15 16 14 13 15 12 12 12 12 13 15 15 16 14 10 14 12 13 7 6 0 2
split_gain=7.834 7.03916 3.13424 2.02962 1.91891 5.16245 2.64901 7.18722 2.53456 4.98701 3.31213 2.47548 2.54847 2.3891 6.06952 2.21232 2.02956 2.01993 3.03752 2.31376 2.81282 2.31345 2.53651 2.24846 2.61469 2.8333 1.93933 1.92263 1.85 1.80097
threshold=49.655000686645515 0.022954804603025469 0.043843587321000681 -0.97035550157778105 0.0080830591469587282 0.00090086479202544656 0.0028970765900091515 0.0027133093769406984 -0.0096764566673943602 -0.036410960610829816 0.0012326341754252958 16.614999771118168 -0.001245205840767649 0.040312415369648032 0.048426875368409401 -0.075828258528587975 0.019260487188196843 14.340000152587892 -0.010311886667299484 -0.0048053077319405437 0.0066069741030379001 0.26245601507157795 -0.010112209824456707 0.032869961540085708 -0.026837542037430936 14.765000343322756 -0.014039966108311984 -0.33610504850603318 -0.012730880241084206 0.037566194609270805
decision_type=2 2 2 2 2 2 2 2 2 2 2 2 2 2 2 2 2 2 2 2 2 2 2 2 2 2 2 2 2 2
left_child=1 3 4 -1 8 17 7 11 9 -3 -11 -7 -13 -8 29 -10 -12 -6 -19 20 -20 22 -21 -24 -25 -26 -22 -17 -28 -15
right_child=-2 2 -4 -5 5 6 13 -9 15 10 16 12 -14 14 -16 27 -18 18 19 21 26 -23 23 24 25 -27 28 -29 -30 -31
leaf_value=-0.00017802148704690608 0.0014793811024780418 0.0016237320993878577 0.00028885301047235193 -7.1230136162927959e-05 -0.00021731346700220759 -9.2816721286879687e-06 -5.802075081515029e-05 0.0012124777212768781 0.00040331318399114435 4.4978440970870476e-06 0.00094137486168740375 0.0005860388223765257 -5.9437231079835185e-05 0.0021849549774008502 7.3445096369419171e-06 -0.00010254935156630268 3.0756908812172702e-05 -0.00015188278844903284 0.00017430411376443891 -0.00017966611947019625 2.8103969763307162e-05 0.00059384267164802867 -7.0778910258513278e-05 0.00035144894247396674 0.00067014325299919397 0.00010318972777703534 0.00088749766497996313 6.522329074591409e-06 0.0013710768423547542 0.00041961114407467403
leaf_weight=2202 55 44 2119 16669 696 224 438 71 94 636 68 204 89 44 170 5431 52 1179 1305 921 57 50 930 133 49 1307 42 6492 107 40
leaf_count=2202 55 44 2119 16669 696 224 438 71 94 636 68 204 89 44 170 5431 52 1179 1305 921 57 50 930 133 49 1307 42 6492 107 40
internal_value=-0.000221624 -0.0002464 0.000340987 -0.000962059 0.000154984 0.000759681 0.00367187 0.00613945 -0.000225093 0.0025 0.00154762 0.00409091 0.00711604 0.00157514 0.00543307 -0.000406509 0.00916667 0.000209562 0.000501644 0.00104978 0.00267703 0.000324483 0.000164669 0.00101488 0.00221961 0.00156342 0.00810679 -0.000466746 0.0111074 0.0164286
internal_weight=41918 41863 22992 18871 20873 8056 1280 588 12817 800 756 517 293 692 254 12017 120 6776 6080 4901 1511 3390 3340 2419 1489 1356 206 11923 149 84
internal_count=41918 41863 22992 18871 20873 8056 1280 588 12817 800 756 517 293 692 254 12017 120 6776 6080 4901 1511 3390 3340 2419 1489 1356 206 11923 149 84
is_linear=0
shrinkage=0.05


Tree=22
num_leaves=31
num_cat=0
split_feature=4 13 14 10 10 10 0 13 11 15 16 14 10 8 11 11 14 13 13 14 12 9 13 14 15 16 14 15 14 16
split_gain=7.77522 6.10151 2.71354 5.26655 4.06107 6.61231 3.5423 3.19807 2.52166 2.35004 2.31353 2.87319 2.21905 3.08073 2.10295 2.4454 2.07683 2.02821 2.28677 5.9801 1.79257 1.78976 2.30796 2.91014 2.38054 1.95319 1.92862 1.80181 2.55226 2.77656
threshold=0.03004887968920596 49.655000686645515 0.009860755526874045 0.002139856175938371 0.0028970765900091515 0.0027133093769406984 0.036080614670733098 14.244999885559084 0.041951552464954973 -0.010548576732434532 -0.016651017176789181 0.017639326626862298 0.0063853636382362753 -0.051709285915992213 -0.005167394522302581 -0.0055822524584005486 0.2082855213392413 20.865000724792484 20.375000000000004 -0.058539441914538297 0.04102656469090827 -0.1325841307151128 17.945000648498539 -0.068623004427642229 -0.0010681434796219744 0.0031336976055492687 -0.077913276979976895 0.011685937663264203 0.012431899030548645 -0.0076926205790869276
decision_type=2 2 2 2 2 2 2 2 2 2 2 2 2 8 2 2 2 2 2 2 2 8 2 2 2 2 2 2 2 2
left_child=2 17 -1 7 5 20 12 -4 9 -9 11 -11 -6 -14 15 -12 -13 18 21 -20 -5 22 23 26 25 -24 -2 28 -25 -30
right_child=1 -3 3 4 6 -7 -8 8 -10 10 14 16 13 -15 -16 -17 -18 -19 19 -21 -22 -23 24 27 -26 -27 -28 -29 29 -31
leaf_value=-8.5887423401502267e-05 0.00065444160520243229 0.0014565668529033572 -0.00020134585915618916 -3.6658548525479948e-05 -5.0914598154089547e-05 0.0010633762633630616 0.0024471704822502955 -0.00022768432285205409 0.00043398872639899429 0.00069515459110916055 7.0461559064298912e-05 4.9293508901947164e-05 0.00058890068918883594 0.00024473071648997089 -7.7019752333139745e-05 0.00024661718483958046 0.00051367645952974891 -2.3909597781079581e-05 0.0010274527526399231 0.00016631639134664499 0.00041960362390462127 7.3524338815111922e-05 2.1156955074818005e-05 1.1999402036350728e-05 -0.00027751928180074279 0.00068397903869381847 0.0011275476802372244 0.0010111358950310519 0.00096944538425508021 0.00025049484397909725
leaf_weight=20011 130 42 1829 170 900 136 41 1361 59 116 2322 1131 48 336 3565 46 62 2658 49 277 63 4878 220 680 320 92 63 114 156 224
leaf_count=20011 130 42 1829 170 900 136 41 1361 59 116 2322 1131 48 336 3565 46 62 2658 49 277 63 4878 220 680 320 92 63 114 156 224
internal_value=-0.000242168 0.000983034 -0.000619022 -3.07767e-05 0.00255608 0.00719512 0.00126415 -0.000448481 -4.73344e-05 -0.000117983 0.000240264 0.00214286 0.000802179 0.00398437 -0.000179506 0.000975506 0.0014124 0.000902037 0.00133764 0.00542945 0.00208154 0.00114367 0.0024037 0.00355889 -9.49379e-05 0.00301282 0.0092487 0.00262351 0.00198113 0.00526316
internal_weight=42099 9903 32196 12185 1694 369 1325 10491 8662 8603 7242 1309 1284 384 5933 2368 1193 9861 7203 326 233 6877 1999 1367 632 312 193 1174 1060 380
internal_count=42099 9903 32196 12185 1694 369 1325 10491 8662 8603 7242 1309 1284 384 5933 2368 1193 9861 7203 326 233 6877 1999 1367 632 312 193 1174 1060 380
is_linear=0
shrinkage=0.05


Tree=23
num_leaves=31
num_cat=0
split_feature=4 13 6 5 5 13 6 9 15 2 13 11 7 15 13 11 13 6 16 9 1 2 16 14 10 5 6 15 6 13
split_gain=7.7455 4.47322 3.60804 2.90077 1.79561 1.60109 1.59633 2.10507 2.19363 1.78564 1.55368 1.96941 1.52778 1.9978 1.87307 1.53653 1.48236 2.17422 1.43231 1.42266 1.39985 1.38695 1.97616 1.91401 1.61585 1.34668 1.41907 1.30253 1.2341 1.23391
threshold=0.025705650713328563 49.655000686645515 -0.17748553032128797 0.022384649183753842 0.010190855441311646 20.865000724792484 -0.94934163385899861 0.051444128826825704 -0.0057537895431226107 -0.0075173355802506938 17.615000724792484 -0.010255103003419084 0.014015537784092371 0.0055928276587673418 14.119999885559084 0.011605230504387444 20.375000000000004 0.059438497505383298 -0.0049519626989253931 -0.1325841307151128 0.0092590141729304038 -0.057426167092619156 -0.028659304940484628 0.017639326626862298 0.010000560194363352 0.031086896911990819 -0.55263019692324 0.0067370565311940531 2.0137373191159376 12.765000343322756
decision_type=2 2 2 2 2 2 2 8 2 2 2 2 2 2 2 2 2 2 2 8 2 2 2 2 2 2 2 2 2 2
left_child=2 3 6 19 -4 16 -1 8 -8 -10 11 -11 13 15 -15 20 25 -18 -7 21 -13 24 23 -23 -2 -5 -27 -26 -6 -21
right_child=1 -3 4 5 28 18 7 -9 9 10 -12 12 -14 14 -16 -17 17 -19 -20 29 -22 22 -24 -25 27 26 -28 -29 -30 -31
leaf_value=-0.00017149193680104368 -3.5208415229650792e-05 0.0011830937925619118 -0.00015265276895723394 0.00019166427442941832 -9.1026677772525518e-06 0.00020068595464586034 -0.00019245171172780696 -0.00012413163151005731 -6.5116272795067383e-05 0.0005705744614345219 -0.00013481494169522088 0.0002516205393306848 1.7227158316448367e-05 3.5064833746478211e-05 0.00041682972189235076 -0.00011159606279657906 0.00010224208585955947 0.00072621309922322075 -0.00018369603959405539 -0.00024014537700793581 0.0004688839806510684 0.0015692685133503832 0.00018495474387613057 0.0001874948722344774 0.0002721898769691479 2.5197100636667957e-05 0.001060516100916572 0.00080903318690634339 0.00018431733109644592 1.8390807504035629e-06
leaf_weight=3184 1028 48 1854 2346 8500 797 689 6350 1586 71 296 180 666 47 82 176 86 51 706 420 41 42 860 45 86 126 310 70 1261 9943
leaf_count=3184 1028 48 1854 2346 8500 797 689 6350 1586 71 296 180 666 47 82 176 86 51 706 420 41 42 860 45 86 126 310 70 1261 9943
internal_value=-0.000233272 0.000591251 -0.000793141 0.000548001 -0.000148516 0.00164857 -0.00135323 -0.00104772 -0.000122589 0.000437201 0.00163887 0.00240301 0.00192114 0.00393536 0.00934108 0.00217884 0.00233128 0.00740876 0.000322687 0.000158475 0.00495475 0.00133505 0.00276135 0.00994253 0.000194256 0.00208124 0.00463303 0.0049359 0.000122425 -8.34712e-05
internal_weight=41947 16964 24983 16916 11615 4422 13368 10184 3834 3145 1559 1263 1192 526 129 397 2919 137 1503 12494 221 2131 947 87 1184 2782 436 156 9761 10363
internal_count=41947 16964 24983 16916 11615 4422 13368 10184 3834 3145 1559 1263 1192 526 129 397 2919 137 1503 12494 221 2131 947 87 1184 2782 436 156 9761 10363
is_linear=0
shrinkage=0.05


Tree=24
num_leaves=31
num_cat=0
split_feature=5 13 6 5 3 0 13 7 15 6 8 13 10 16 5 6 14 11 11 15 1 15 10 16 15 2 3 16 13 0
split_gain=6.1746 4.12929 3.77965 2.55614 2.5035 1.78353 2.2129 2.09682 2.13478 1.68377 1.74439 1.48856 2.60672 1.38663 1.5144 1.56977 1.38523 1.27215 1.70492 1.3613 1.99588 1.33415 1.23583 1.71857 1.17835 1.1392 1.13343 1.68479 1.18627 1.12056
threshold=0.017275726141061671 49.655000686645515 1.2330255139648489 0.011517404515917715 -0.022746516184053264 0.038276261699631837 24.385000228881839 0.064192545459617625 0.018574257663082742 -0.94028568163713488 0.04403156309230661 12.230000019073488 0.0045002913127230046 0.02467512796267635 0.028487604550236845 -0.52654585969297596 0.0012326341754252958 0.026101740885835282 0.030023740679380188 0.0027056048211111521 0.022531351510110879 -0.0068442161113294589 0.013206622940740933 0.019599536865375192 0.014262682235842263 -0.053353805284146787 -0.00040022136158673888 0.022320873894585817 14.84500026702881 0.018985897690313339
decision_type=2 2 2 2 2 2 2 2 2 2 8 2 2 2 2 2 2 2 2 2 2 2 2 2 2 2 2 2 2 2
left_child=2 4 3 -1 -2 13 7 8 -7 -5 17 12 -12 14 26 -16 -4 29 21 20 -20 -19 -21 -24 -18 -23 27 -6 -29 -11
right_child=1 -3 16 9 5 6 -8 -9 -10 10 11 -13 -14 -15 15 -17 24 18 19 22 -22 25 23 -25 -26 -27 -28 28 -30 -31
leaf_value=-0.00015311878657375792 0.0004288567666768311 0.0013584345160135101 -1.282027306582504e-06 -0.0001289747139238042 -3.4299334245000077e-05 0.00070113523337596436 -0.00058619023712824033 3.7955403940227145e-05 0.0015663391558897568 -2.629124775701088e-05 -0.00029096721368707004 -0.00011610396546116388 0.00062112986918502527 -0.00012060199651556664 1.4244013285341746e-05 0.00065840469373210293 0.00017646292888284451 -0.00046516348567043171 3.7925798149984446e-05 -0.00024752833465443796 0.00042325791341931178 6.5024453012642816e-06 0.00039792301569041116 -0.00012268626745419071 0.0018336365269485623 0.00046664233476570937 0.00010109743055959459 -8.4413246476122464e-05 0.0005861466790306176 0.00014263391337836006
leaf_weight=6595 365 46 1987 2806 4540 274 74 221 59 9551 46 4753 41 1172 375 521 1578 52 285 356 97 49 49 67 57 167 5084 41 56 704
leaf_count=6595 365 46 1987 2806 4540 274 74 221 59 9551 46 4753 41 1172 375 521 1578 52 285 356 97 49 49 67 57 167 5084 41 56 704
internal_value=-0.00021608 0.000698471 -0.000617306 -0.000831057 0.000644655 0.000524683 0.00312102 0.00420577 0.00671171 -0.000536983 -0.00034131 -0.00113636 0.00534483 0.000386376 0.000566543 0.00253348 0.000894532 -3.07757e-06 0.00159536 0.000503512 0.00272251 0.00507463 -0.00129237 0.00318965 0.00197248 0.00680555 0.000385247 -0.000180075 0.0063402 -0.000177963
internal_weight=42068 12828 29240 25618 12782 12417 628 554 333 19023 16217 4840 87 11789 10617 896 3622 11377 1122 854 382 268 472 116 1635 216 9721 4637 97 10255
internal_count=42068 12828 29240 25618 12782 12417 628 554 333 19023 16217 4840 87 11789 10617 896 3622 11377 1122 854 382 268 472 116 1635 216 9721 4637 97 10255
is_linear=0
shrinkage=0.05


Tree=25
num_leaves=31
num_cat=0
split_feature=5 6 5 6 6 9 2 14 10 10 14 3 10 3 10 3 10 14 10 8 10 16 2 6 0 10 12 0 6 9
split_gain=5.37546 2.95356 2.38909 1.92416 1.67932 1.98136 1.63385 2.02047 2.51027 2.3387 2.74768 1.71729 1.58042 1.42296 3.09441 1.37998 1.37027 1.46127 1.50037 1.32804 1.71138 1.7852 2.07104 3.9019 1.31296 1.13512 1.1126 1.10346 1.77199 1.0723
threshold=0.018002332252443926 -0.94028568163713488 0.010128142229464808 -1.1356216434761375 1.3140429406970817 0.015261209752571283 -0.0037756521296515295 0.0080830591469587282 0.00090086479202544656 -0.0032352755768272896 -0.011298954547856009 0.0016936434579648554 0.010423682996265839 0.0096743364998134202 -0.015213589282174643 -0.022746516184053264 -0.01645938155843862 0.07643058808250093 -0.015213589282174643 0.04403156309230661 0.0088263757382542902 -0.0035140879987642921 -0.034543904481609149 -0.25614673330130971 0.034101618122546203 0.013014651212668095 0.092854768976221705 0.0067714857970027085 2.1804931463294492 -0.31504345725318444
decision_type=2 2 2 2 2 8 2 2 2 2 2 2 2 2 2 2 2 2 2 8 2 2 2 2 2 2 2 2 2 8
left_child=1 -1 -3 -2 5 6 7 9 -9 10 -4 -10 19 15 -15 29 -6 -18 -19 20 24 -22 23 -23 -7 -8 -16 28 -20 -5
right_child=3 2 4 13 16 12 25 8 11 -11 -12 -13 -14 14 26 -17 17 18 27 -21 21 22 -24 -25 -26 -27 -28 -29 -30 -31
leaf_value=-0.00014322470610261988 -0.00016197579930284577 -0.00013713907150959644 0.00063103664853499141 0.0014596477642104463 -0.000412254007187633 -2.9795651914388901e-05 6.2447710725488425e-05 5.8454104213762651e-06 0.00032973155029966835 -0.00013199572889925948 -2.2094820143022098e-05 0.00077700702636024225 -0.00020877182203318841 0.0011552035425097297 0.00018541894616528872 6.6029814637978319e-05 8.3580850324729909e-05 0.00037273947995055778 4.1967672365599638e-05 -0.00010763517466888622 -8.3151540270252192e-05 2.4337415337949073e-05 8.231525318058594e-05 0.00062637578773831097 0.00063828047420623978 0.00040603878401823158 0.00065002490660783267 -0.00011452987995665614 0.0008932644208379661 0.00029240041253355745
leaf_weight=3965 691 3092 52 43 155 6881 2753 1444 242 2409 79 71 1448 63 1212 8686 2693 70 110 4828 133 50 159 53 40 106 49 95 68 270
leaf_count=3965 691 3092 52 43 155 6881 2753 1444 242 2409 79 71 1448 63 1212 8686 2693 70 110 4828 133 50 159 53 40 106 49 95 68 270
internal_value=-0.000210665 -0.000547814 -0.000360883 0.00073815 -0.000191947 -0.00035618 0.000317215 -0.000299047 0.00100455 -0.00120079 0.00530534 0.0050639 -0.000710713 0.000909134 0.00243958 0.000683964 0.0008759 0.00111001 0.00418367 -0.00052454 -9.97825e-05 0.00310126 0.00549618 0.0110194 -0.000282475 0.00124344 0.00189929 0.00250916 0.00483146 0.00394569
internal_weight=42010 30996 27031 11014 23939 20748 7156 4297 1757 2540 131 313 13592 10323 1324 8999 3191 3036 343 12144 7316 395 262 103 6921 2859 1261 273 178 313
internal_count=42010 30996 27031 11014 23939 20748 7156 4297 1757 2540 131 313 13592 10323 1324 8999 3191 3036 343 12144 7316 395 262 103 6921 2859 1261 273 178 313
is_linear=0
shrinkage=0.05


Tree=26
num_leaves=31
num_cat=0
split_feature=4 13 6 6 5 13 5 13 13 10 8 11 11 3 11 11 6 13 14 14 10 16 10 13 13 9 14 13 14 9
split_gain=6.01517 3.79971 2.96439 2.25536 1.84744 1.60233 1.72899 1.63959 3.71165 2.72599 1.59735 1.57534 4.15118 2.19566 1.54332 1.84585 1.4585 1.45578 3.25512 1.7488 2.57528 2.73974 2.74362 1.3959 1.3011 2.82858 1.27639 1.16721 2.33724 1.74266
threshold=0.030314800355390092 49.655000686645515 -0.97035550157778105 1.3542308729971633 0.010310927539731616 20.865000724792484 0.029145565697133741 21.724999427795414 21.954999923706058 0.0042130189286166972 0.04403156309230661 -0.017686131484892616 -0.019307177891106305 -0.0021875262308344574 -0.028186654574093969 -0.030384470516343128 -0.51327237521552871 20.375000000000004 -0.058539441914538297 0.009860755526874045 -0.0010954591841218495 -0.0070776528588656898 0.00021013037674633142 13.84500026702881 12.230000019073488 0.098334867148706442 0.041398643260536445 17.945000648498539 -0.034895651013681799 -0.11608567484530445
decision_type=2 2 2 2 2 2 2 2 2 2 8 2 2 2 2 2 2 2 2 2 2 2 2 2 2 10 2 2 2 10
left_child=2 5 -1 4 -4 6 17 -7 9 -9 -6 12 26 -14 15 -10 -8 19 -19 27 -21 22 -22 -5 25 -13 -12 28 29 -2
right_child=1 -3 3 23 10 7 16 8 14 -11 11 24 13 -15 -16 -17 -18 18 -20 20 21 -23 -24 -25 -26 -27 -28 -29 -30 -31
leaf_value=-0.00014264603908844205 0.00052284864860786481 0.0012136753953693033 -0.0001358224712645468 -7.954401882826399e-05 -5.275296657481081e-06 -0.00038548939418602576 5.6868038537848123e-05 0.0014679366560280049 4.1360981130230347e-05 1.9698604546205834e-05 -0.00014660614717516591 0.00087540631657442045 0.00078049960457917582 0.00014188622886014807 -0.00010056906887839885 0.00087223048131107117 0.00089704473567974873 0.0008636619619975934 0.00011357505199973398 9.6853133015149489e-05 0.0011860607331000378 0.00025316406026102008 0.0002817299887552903 0.00016905975749732178 -0.00011597489281161436 -0.00042175421933364336 8.9226255581235594e-05 -0.00014979600413945191 -9.2375297273962102e-05 3.0526562385057074e-05
leaf_weight=3842 553 40 3089 711 15117 291 224 62 467 69 362 56 41 63 1588 68 436 43 250 1354 62 383 216 2903 5967 54 324 1003 1684 684
leaf_count=3842 553 40 3089 711 15117 291 224 62 467 69 362 56 41 63 1588 68 436 43 250 1354 62 383 216 2903 5967 54 324 1003 1684 684
internal_value=-0.000236396 0.00087211 -0.000559348 -0.00038467 -0.000552986 0.000806929 0.00120284 -0.000265227 0.000190771 0.00835878 -0.000392105 -0.00102447 0.00107595 0.0103846 -0.000313237 0.00200934 0.00363636 0.000945121 0.00438566 0.000775382 0.0019727 0.00453101 0.00830935 0.000783065 -0.00129752 0.00409091 -0.000335278 0.000160549 0.000665867 0.00231609
internal_weight=42006 9477 32529 28687 25073 9437 6892 2545 2254 131 21984 6867 790 104 2123 535 660 6232 293 5939 2015 661 278 3614 6077 110 686 3924 2921 1237
internal_count=42006 9477 32529 28687 25073 9437 6892 2545 2254 131 21984 6867 790 104 2123 535 660 6232 293 5939 2015 661 278 3614 6077 110 686 3924 2921 1237
is_linear=0
shrinkage=0.05


Tree=27
num_leaves=31
num_cat=0
split_feature=5 13 9 6 13 6 4 1 10 14 14 15 6 14 11 15 10 14 2 0 5 15 12 12 14 10 15 15 14 3
split_gain=6.04034 3.95767 2.50056 2.39784 1.91793 1.71799 1.71238 1.70342 2.24398 2.12056 3.30552 1.6928 2.25939 2.15737 1.65625 2.1714 2.04731 3.55306 1.51549 2.41429 1.43435 1.4229 1.36712 3.52263 3.97659 1.69331 2.70064 3.69957 3.14866 2.19668
threshold=0.013755457954904845 49.655000686645515 -0.1325841307151128 -0.90820335026391352 18.510000228881839 1.3140429406970817 0.072706804379082723 0.017613305371871561 0.0083489138297085947 -0.096084571305829466 -0.060408912479391223 0.010925229762235202 0.13537308261166595 0.0091478412114857095 -0.014526458794264228 -0.0096764566673943602 0.0033239655967035602 -0.043478201036805324 -0.19204677529917011 -0.0017512625964659632 0.0092977773502935703 0.0068341535089700986 0.039147441209038576 0.040743436804810747 -0.013287751267225366 0.010927080992059636 0.0030433265650329226 0.0047664401880693772 -0.043478201036805324 -0.0020049107196558054
decision_type=2 2 8 2 2 2 2 2 2 2 2 2 2 2 2 2 2 2 2 2 2 2 2 2 2 2 2 2 2 2
left_child=5 2 4 -4 6 20 7 8 11 -10 21 13 -13 -2 15 -5 17 -17 19 -16 -1 -11 -20 24 -24 26 -25 28 -28 -30
right_child=1 -3 3 14 -6 -7 -8 -9 9 10 -12 12 -14 -15 18 16 -18 -19 22 -21 -22 -23 23 25 -26 -27 27 -29 29 -31
leaf_value=-0.00017387982487295604 -2.0603470912145479e-05 0.0010463724339277135 -0.00011557412292789282 -0.00012827705000002611 -4.0703601799685869e-06 2.8363482799647669e-05 0.0012343525463469455 -6.4514638196835439e-06 0.00019501949736072007 0.00079625982519831637 0.00016207343060207826 0.00016464176505912663 0.00076133681736899371 0.00039071526604171549 -0.00028445032678088073 0.0006368635571820545 -8.166596858373844e-05 0.00020223963052884314 -3.931250890656317e-05 0.0006714378373468043 -8.1335553606425221e-05 0.0014888757420723005 -0.00011380738690568051 -2.7994282717709005e-05 0.0012804814038710828 -0.00034184690635382471 0.0011637652358888768 0.00010688557605200647 0.00058562468433740638 0.00012202501892715399
leaf_weight=1449 802 53 3009 647 1761 2046 71 776 89 65 77 62 40 607 63 43 626 1620 10943 42 13279 41 99 2099 102 393 77 765 44 151
leaf_count=1449 802 53 3009 647 1761 2046 71 776 89 65 77 62 40 607 63 43 626 1620 10943 42 13279 41 99 2099 102 393 77 765 44 151
internal_value=-0.000270739 0.000219135 0.000190331 -3.93295e-05 0.0012742 -0.00100572 0.00212928 0.00191676 0.00276781 0.00694853 0.0100273 0.00201522 0.00823529 0.00156494 0.00018234 0.00126703 0.00198995 0.0029074 -3.31586e-05 0.00595238 -0.00119432 0.0157547 -7.59911e-05 0.000750669 0.00718905 0.00038396 0.000771682 0.00285921 0.00786765 0.00448718
internal_weight=41941 25167 25114 20723 4391 16774 2630 2559 1783 272 183 1511 102 1409 17714 2936 2289 1663 14778 105 14728 106 14673 3730 201 3529 3136 1037 272 195
internal_count=41941 25167 25114 20723 4391 16774 2630 2559 1783 272 183 1511 102 1409 17714 2936 2289 1663 14778 105 14728 106 14673 3730 201 3529 3136 1037 272 195
is_linear=0
shrinkage=0.05


Tree=28
num_leaves=31
num_cat=0
split_feature=5 5 16 16 13 15 15 6 11 11 12 16 16 16 15 13 10 16 12 6 10 15 7 10 10 12 12 10 16 12
split_gain=5.25549 3.03289 2.02516 2.63131 6.93069 5.94815 5.92587 2.08186 1.98849 1.64845 1.85395 1.7618 1.59999 2.21583 1.49181 2.79394 2.013 4.17256 3.57989 1.86181 1.58233 1.98171 1.65887 1.58179 3.68998 2.0826 2.63093 3.24108 1.98429 2.36103
threshold=0.0232035904007756 0.011651700740191466 0.02467512796267635 0.022762012315997841 19.085000038146976 -0.0016639848572200797 -0.0035418357787727612 2.0137373191159376 -0.055970662091911087 0.026101740885835282 -0.0042212478114914123 0.019599536865375192 0.021150145437151994 0.020900946295768667 0.0029314890930188802 12.454999923706056 -0.012001983030752781 0.0066069741030379001 0.0011335726897910849 -0.038991895714009746 -0.020247544478179221 -0.010893446841575836 -0.013600250019319858 0.0018426398432722648 0.0017576086312266483 0.024994032932905811 0.028151180192127593 0.015549892737221739 -0.0065172293713135479 0.014344491575221776
decision_type=2 2 2 2 2 2 2 2 2 2 2 2 2 2 2 2 2 2 2 2 2 2 2 2 2 2 2 2 2 2
left_child=1 -1 3 7 5 6 -5 9 -2 12 11 -11 13 14 16 -16 17 18 -3 -19 -20 22 -22 24 28 -25 27 -27 29 -17
right_child=8 2 -4 4 -6 -7 -8 -9 -10 10 -12 -13 -14 -15 15 23 -18 19 20 -21 21 -23 -24 25 -26 26 -28 -29 -30 -31
leaf_value=-0.00010868182993810783 0.00095886338562264624 -9.6104973003021226e-05 -0.00013899187453868101 0.00012335456648437652 0.00053135058194788787 -0.00025564258297076426 0.0010397053005598165 0.00018677203662887737 0.00018499939671532458 0.00035280720655168956 4.7404869888009988e-05 -0.00061956197222454103 -0.00036092620824611818 0.00046603451437810558 0.00097617446961116789 0.00043770564087500761 -7.6593438408780745e-05 0.00065226561989585737 0.00060811874328216341 0.00016802127045308253 0.00013999667791741419 1.4697955057369522e-05 0.00098971330392180279 -0.0001164094031575553 0.00064305694097282064 0.00016581698386408477 2.8156528584349376e-05 0.00064606321873423309 1.213754852170305e-05 -2.752764153301624e-05
leaf_weight=8091 48 1206 2469 117 73 397 76 1704 3751 192 1846 66 366 54 59 241 13740 102 47 149 46 196 45 2901 67 168 2087 67 1510 174
leaf_count=8091 48 1206 2469 117 73 397 76 1704 3751 192 1846 66 366 54 59 241 13740 102 47 149 46 196 45 2901 67 168 2087 67 1510 174
internal_value=-0.000219357 -0.000395495 -0.000164927 -4.26066e-05 0.00306938 0.00127119 0.0084715 -0.00011893 0.00155436 -0.000232738 0.00110741 0.00507752 -0.000354145 -0.000301633 -0.000325588 0.000265327 -0.000602345 0.000974315 -1.19209e-09 0.00695219 0.00458084 0.00318815 0.00928571 0.000176714 0.0013755 -0.000280491 0.000835485 0.00585106 0.000974025 0.00403614
internal_weight=42055 38256 30165 27696 663 590 193 27033 3799 25329 2104 258 23225 22859 22805 7274 15531 1791 1540 251 334 287 91 7215 1992 5223 2322 235 1925 415
internal_count=42055 38256 30165 27696 663 590 193 27033 3799 25329 2104 258 23225 22859 22805 7274 15531 1791 1540 251 334 287 91 7215 1992 5223 2322 235 1925 415
is_linear=0
shrinkage=0.05


Tree=29
num_leaves=31
num_cat=0
split_feature=5 13 5 14 15 15 0 13 13 13 8 15 16 11 13 14 9 11 11 14 14 13 16 8 15 9 14 13 8 16
split_gain=5.08244 3.19502 2.35846 1.91553 2.67193 2.07 2.13127 1.91268 5.55959 3.40916 1.82967 2.10673 3.12477 1.80677 1.43044 1.96771 1.34703 3.98671 2.55972 2.54242 3.43894 2.48883 1.49726 1.48444 1.22163 1.6712 1.30667 1.40006 1.19758 1.94559
threshold=0.013623452662023852 49.655000686645515 0.022586161979136824 0.0080830591469587282 -0.0098778017747112572 0.018031939597524142 -0.0193281142022203 24.779999732971195 26.494999885559086 25.960000038146976 -0.059521603869658705 -0.0021657332069690556 0.01300216541990429 -0.0038430615531924168 30.345000267028812 -0.077913276979976895 -0.046863932182050975 0.010137995050555572 0.011525613692411897 0.02886495700878167 0.016378333086022993 16.614999771118168 -0.017567740008986085 -0.1002902687803252 -0.0096764566673943602 -0.47929243532035848 0.0012326341754252958 15.400000095367433 -0.053540034873377766 -0.029711514498733601
decision_type=2 2 2 2 2 2 2 2 2 2 8 2 2 2 2 2 8 2 2 2 2 2 2 8 2 10 2 2 10 2
left_child=-1 2 3 14 -5 6 10 16 9 -9 -6 12 13 -12 24 -16 17 22 -19 20 -20 -22 28 -18 25 -2 -27 -28 -8 -30
right_child=1 -3 -4 4 5 -7 7 8 -10 -11 11 -13 -14 -15 15 -17 23 18 19 -21 21 -23 -24 -25 -26 26 27 -29 29 -31
leaf_value=-6.9013915923228102e-05 0.00056313867994574112 0.0010254259194900576 0.0001653854805928531 -0.00012186280263078012 6.2822499747223532e-05 0.0017235290430168615 -6.3302799663440452e-07 0.0004415199192500279 -0.00013598031650175545 0.0010997409408061523 0.00011247456324393982 0.00012943864788563563 0.0010906033599261925 0.00053696489704779945 -0.0002425251765934852 0.00041395888264163434 0.00034679347448754487 0.00062521847382929251 -0.00010300386538671604 -0.00031413323223208948 0.00042002810759936412 0.00061790309927395185 -7.3793147503511632e-05 -2.6027471946176363e-05 -5.619958906779569e-05 -2.6664275281640515e-05 -5.124533589136915e-05 0.00080005625536546223 -0.00016394733304993201 0.00066335465355108066
leaf_weight=16214 89 55 4257 1507 331 73 123 113 205 45 134 218 47 146 47 52 89 69 84 142 69 54 915 3858 12206 596 55 65 40 68
leaf_count=16214 89 55 4257 1507 331 73 123 113 205 45 134 218 47 146 47 52 89 69 84 142 69 54 915 3858 12206 596 55 65 40 68
internal_value=-0.00020207 0.000234544 0.000208778 -4.66537e-06 0.000588234 0.00100909 0.000918517 0.000575416 0.00409091 0.0111392 0.00321918 0.005 0.00753823 0.00553571 -0.000381389 0.00560606 0.000343857 0.00158568 0.00576555 0.00402579 0.00756039 0.0128862 6.10808e-05 -0.000148215 -0.000426948 0.00145963 0.000656423 0.00541667 0.00365801 0.0075
internal_weight=41966 25752 25697 21440 8330 6823 6750 5874 363 158 876 545 327 280 13110 99 5511 1564 418 349 207 123 1146 3947 13011 805 716 120 231 108
internal_count=41966 25752 25697 21440 8330 6823 6750 5874 363 158 876 545 327 280 13110 99 5511 1564 418 349 207 123 1146 3947 13011 805 716 120 231 108
is_linear=0
shrinkage=0.05


Tree=30
num_leaves=31
num_cat=0
split_feature=4 6 9 6 16 13 15 11 15 12 15 3 11 11 16 13 12 8 13 13 3 11 8 0 12 12 12 11 16 11
split_gain=3.8855 2.83052 2.15662 1.94695 1.89499 1.77306 3.733 1.76854 1.72266 2.15135 1.63108 1.64746 1.52914 1.81709 1.69698 1.5142 1.34379 1.24568 1.35776 3.25706 1.20316 1.19337 1.84928 1.12177 1.45218 1.08588 1.07849 1.23166 1.35003 2.25403
threshold=0.034576273392737313 -0.94028568163713488 -0.051119035747943346 1.3911646882950575 0.01643596143648041 17.180000305175785 0.015689988052579377 -0.017686131484892616 -0.0079512156105439585 0.0011335726897910849 -0.0072645959567233511 -0.012874647448936292 0.02573480883905466 0.030023740679380188 0.0072124825726845873 15.085000038146974 -0.0042212478114914123 0.04403156309230661 12.119999885559084 12.00999975204468 -0.00078748127472466612 -0.018660876046821092 0.045628014190023387 0.032615774887370004 0.031890039061923899 -0.031612271859981604 0.054230156972347017 0.0074730309850676866 -0.0084693998545927723 0.010968316355360443
decision_type=2 2 8 2 2 2 2 2 2 2 2 2 2 2 2 2 2 8 2 2 2 2 10 2 2 2 2 2 2 2
left_child=1 -1 12 7 5 6 25 8 9 -4 20 -12 -3 14 -14 -5 -15 23 19 -19 -10 -13 -23 -9 -25 -2 27 -27 29 -29
right_child=4 2 3 15 -6 -7 -8 17 10 -11 11 21 13 16 -16 -17 -18 18 -20 -21 -22 22 -24 24 -26 26 -28 28 -30 -31
leaf_value=-0.00011248343199764116 0.000611101307957413 2.2842016722605921e-05 -0.00027640974424106459 -6.0540342825121738e-05 -7.2109411872923879e-05 8.8263445904312773e-05 0.0013583846304210487 -4.3861015105471553e-05 0.00010515054598942157 0.00011679091741797022 0.00035163640502154761 7.7455058283220785e-06 0.00014286723755734085 0.00040155009909331805 0.00044786144092886821 0.00016648799128716251 5.449386306253225e-05 -0.00046636322970579255 -0.00011373692325026462 0.00071122649577852037 0.00047296962586841889 3.8365602090072111e-05 0.00040315194318410664 -9.3230696486494929e-05 0.00074005109816702554 4.3769721150394751e-05 0.00087669452188062771 0.00092770199591901302 0.00024822185682758341 0.00032310082548584796
leaf_weight=4701 43 5555 529 1067 1158 3051 60 12293 57 175 65 1527 110 40 72 2040 442 50 7104 43 42 112 78 91 56 745 110 40 450 129
leaf_count=4701 43 5555 529 1067 1158 3051 60 12293 57 175 65 1527 110 40 72 2040 442 50 7104 43 42 112 78 91 56 745 110 40 450 129
internal_value=-0.000249198 -0.000441255 -0.0002707 -0.000475543 0.000954026 0.00140665 0.00276791 -0.000639458 0.000589941 -0.00151989 0.00137958 0.00103255 0.000563594 0.00283132 0.00708791 0.000696812 0.00122407 -0.000801295 -0.00132486 0.00467742 0.00762626 0.000736749 0.00447368 -0.000498393 0.00384354 0.00228411 0.00205563 0.00167155 0.00331987 0.00713018
internal_weight=42035 36249 31548 25329 5786 4628 1577 22222 2585 704 1881 1782 6219 664 182 3107 482 19637 7197 93 99 1717 190 12440 147 1517 1474 1364 619 169
internal_count=42035 36249 31548 25329 5786 4628 1577 22222 2585 704 1881 1782 6219 664 182 3107 482 19637 7197 93 99 1717 190 12440 147 1517 1474 1364 619 169
is_linear=0
shrinkage=0.05


Tree=31
num_leaves=31
num_cat=0
split_feature=4 6 14 10 0 10 14 12 6 14 15 10 12 14 14 9 13 15 12 13 12 10 15 13 13 13 1 4 4 4
split_gain=4.24209 2.84544 2.13935 6.13277 3.11126 3.36312 2.25839 3.23813 1.76401 1.68632 1.90531 1.56606 1.53506 2.59936 3.19995 1.78571 2.65631 2.05359 1.38342 4.12643 2.03591 1.96986 1.74744 4.2685 1.4448 2.07364 2.6 1.46531 1.36064 1.2937
threshold=0.031184810360486256 -0.6560302023050848 0.0012326341754252958 0.002139856175938371 0.036080614670733098 0.0028970765900091515 0.052814661982337315 0.018878621288125678 1.7451438074989893 -0.14356568835631797 0.020339564995024765 0.0034688455658229427 0.048426875368409401 0.02886495700878167 0.026259504689798433 0.050239627597450938 16.675000190734867 0.014262682235842263 0.051846022032751578 12.325000286102297 0.053746423182394205 0.0035872584015200775 -0.0051422797413216417 18.214999198913578 14.465000152587892 14.570000171661379 -0.0020959992263585021 0.018341388660906208 0.017361361828462849 0.035733491517226657
decision_type=2 2 2 2 2 2 2 2 2 2 2 2 2 2 2 10 2 2 2 2 2 2 2 2 2 2 2 2 2 2
left_child=1 -1 18 8 5 6 7 -5 -4 -2 -11 -7 13 14 15 16 17 -13 24 -20 21 -21 23 -22 -3 26 -26 -27 -9 -12
right_child=9 2 3 4 -6 11 -8 28 -10 10 29 12 -14 -15 -16 -17 -18 -19 19 20 22 -23 -24 -25 25 27 -28 -29 -30 -31
leaf_value=-9.5184202993616276e-05 -0.00037832945442736873 -0.00015654957696697907 -3.5682970667928991e-05 0.0005386954329087355 0.0017560805607608637 -0.00038449561635079695 0.0010449709142260283 0.00054969184106158002 0.00020737856841569546 8.7487605317025966e-05 0.00067699363040465619 0.00011186666700020664 -1.2564487275005864e-05 -0.00022598874616025022 0.00098992176845317799 6.0076817631565699e-06 0.00050512673760208504 0.0014246664789776757 0.00082212128134632209 0.00058759673881173739 0.00037937718722980325 -4.3289365836643047e-06 -0.00011019574447725073 -0.00016837271994079873 0.00063513802595220777 -0.00013350971439386302 2.0438902280383986e-05 -2.7833657740420271e-05 -0.00014258663328678919 0.00057903847837194441
leaf_weight=8908 347 3130 8445 58 60 172 90 43 1001 8160 41 229 370 226 73 207 48 45 72 72 68 71 1336 118 40 1611 104 6728 134 62
leaf_count=8908 347 3130 8445 58 60 172 90 43 1001 8160 41 229 370 226 73 207 48 45 72 72 68 71 1336 118 40 1611 104 6728 134 62
internal_value=-0.000269677 -0.000524374 -0.000246631 0.000262922 0.00297721 0.00258112 0.00715384 0.00457447 -0.000241373 0.000720092 0.000863487 0.00149635 0.00213689 0.00333333 0.00504983 0.00369565 0.00602484 0.00412409 -0.000674158 0.00064191 0.000135134 0.00583916 -0.00040079 0.00413978 -0.000871008 -0.000532242 0.00541667 -0.000634969 0.00121469 0.00762136
internal_weight=42069 33459 24551 11201 1755 1695 325 235 9446 8610 8263 1370 1198 828 602 529 322 274 13350 1737 1665 143 1522 186 11613 8483 144 8339 177 103
internal_count=42069 33459 24551 11201 1755 1695 325 235 9446 8610 8263 1370 1198 828 602 529 322 274 13350 1737 1665 143 1522 186 11613 8483 144 8339 177 103
is_linear=0
shrinkage=0.05


Tree=32
num_leaves=31
num_cat=0
split_feature=4 6 16 6 10 10 11 11 16 15 15 11 7 12 12 8 10 16 15 13 4 9 8 12 2 9 2 10 16 16
split_gain=3.82029 2.73752 1.81929 1.85187 1.24989 2.09006 1.52436 1.95606 2.69172 4.80719 2.90397 2.11356 3.04449 2.48872 4.56395 2.581 1.68192 1.52145 2.3148 2.87091 2.04597 1.67784 1.48374 1.35452 1.30592 1.26846 1.25908 1.24374 1.24804 1.96369
threshold=0.034576273392737313 -0.33610504850603318 0.01643596143648041 3.778570496680532 0.0031820809505899166 0.0042471425647833136 0.03197650803521624 0.013370949203247886 0.013588686321563516 0.0033174181354859171 -0.0058696284824380487 -0.014526458794264228 0.011646576825477208 0.035088519804199254 0.044320340975829382 0.039571298376022142 0.0028352322367303233 0.0012421786032896789 0.0029314890930188802 14.84500026702881 0.022818179143450728 0.10588812025712981 -0.025116835227511843 0.026461496943730015 0.020552290660030063 -0.017472011727746314 -0.042769702329409347 0.010289449151106191 -0.004068148679905014 0.020900946295768667
decision_type=2 2 2 2 2 2 2 2 2 2 2 2 2 2 2 10 2 2 2 2 2 8 10 2 2 8 2 2 2 2
left_child=1 4 3 -2 6 -6 7 8 16 10 -10 12 -12 23 15 -15 17 18 22 20 21 -20 -1 24 -13 -7 -21 28 -27 -30
right_child=2 -3 -4 -5 5 25 -8 -9 9 -11 11 13 -14 14 -16 -17 -18 -19 19 26 -22 -23 -24 -25 -26 27 -28 -29 29 -31
leaf_value=-0.00011388058703815648 0.00015610931312166386 -8.3777129650152353e-06 -5.0394535318226655e-05 0.00069259406800773284 -0.00027663167940605008 8.7080977197669472e-06 0.00019401383235418236 -0.00019876395391849665 -0.00045246953698531477 -0.00018690802655195687 0.00091005926559721909 -3.7426471115364321e-05 0.00022177298493820724 0.00062571893362339522 0.00013896697262535016 0.00059894009632240498 0.00024961446254595157 -0.00016362653741835607 0.00038852889386851037 0.00027288588992169981 0.00057501581014731762 -1.7390777025933842e-05 8.4645587821872121e-06 -0.00019747984331131875 0.00037115778205384719 -0.00014619676318814972 -6.1667591004859924e-05 -0.00023169077731076092 4.1459291773672142e-05 -0.00031856980561936483
leaf_weight=1757 4585 19922 1122 74 1039 1467 338 1942 106 483 45 90 51 50 157 59 48 1814 47 117 41 58 2281 130 107 1034 275 1084 1369 346
leaf_count=1757 4585 19922 1122 74 1039 1467 338 1942 106 483 45 90 51 50 157 59 48 1814 47 117 41 58 2281 130 107 1034 275 1084 1369 346
internal_value=-0.000286409 -0.000476737 0.000907281 0.00134256 -0.000956536 -0.00150576 -0.000608244 -0.000723754 -0.000366772 0.00172926 0.0041195 0.00530479 0.0121875 0.00419056 0.00778195 0.0156422 -0.000782853 -0.000852896 -0.000367134 0.00271375 0.00869863 0.005 -0.000777614 0.00126911 0.00388325 -0.00110377 0.000484693 -0.00158231 -0.00101673 -0.000189506
internal_weight=42038 36257 5781 4659 16335 6339 9996 9658 7716 1278 795 689 96 593 266 109 6438 6390 4576 538 146 105 4038 327 197 5300 392 3833 2749 1715
internal_count=42038 36257 5781 4659 16335 6339 9996 9658 7716 1278 795 689 96 593 266 109 6438 6390 4576 538 146 105 4038 327 197 5300 392 3833 2749 1715
is_linear=0
shrinkage=0.05


Tree=33
num_leaves=31
num_cat=0
split_feature=4 4 16 13 16 16 15 15 9 1 16 15 10 15 13 14 14 3 16 12 14 14 3 14 9 11 10 14 12 10
split_gain=4.4437 2.29246 2.01659 1.5762 1.49862 2.40974 3.88156 4.87983 3.01076 2.29479 2.11962 1.84566 3.57646 1.48971 3.17679 1.96825 5.42699 3.25424 1.96489 3.743 2.62503 3.10326 2.36811 2.20172 1.83501 1.81543 1.78153 3.34373 2.84739 3.23591
threshold=0.034576273392737313 0.017201094166127699 0.018500497065305547 46.145000457763679 0.02467512796267635 0.022320873894585817 0.0031120492417425765 0.00021013905576028338 0.065330031252428325 0.00036753283853641078 0.024021982762330921 0.023573540581244171 0.031057656448531649 0.0030433265650329226 12.454999923706056 -0.096084571305829466 -0.093449770795740669 0.0023906322868276768 -0.01774749378697232 0.013329890655183642 0.10106771219531153 0.10549228584154947 -0.0099455508921608687 -0.10344834121785244 -0.030058182435121258 0.040036417291261513 0.0042471425647833136 -0.037374592254897913 0.051085048604070045 -0.0016894339030639747
decision_type=2 2 2 2 2 2 2 2 8 2 2 2 2 2 2 2 2 2 2 2 2 2 2 2 10 2 2 2 2 2
left_child=1 -1 3 -2 5 11 7 8 9 -7 -11 13 -13 18 -15 -16 17 -17 19 23 25 22 -22 -3 -23 -20 27 -21 29 -29
right_child=2 4 -4 -5 -6 6 -8 -9 -10 10 -12 12 -14 14 15 16 -18 -19 20 26 21 24 -24 -25 -26 -27 -28 28 -30 -31
leaf_value=-0.00010514554810907918 0.00016023841390302155 0.0003984840006166228 -7.041839593015768e-05 0.00096008789844454281 -0.00013013833788035468 0.0010698010926387896 -4.898715384631476e-05 0.00044409640454100914 -0.00011128228601839673 -0.00014190230240811085 0.00090154942396945652 0.0020866431866588013 -0.00070713033027597902 0.00081050201050972151 -0.00011574250478927991 0.00012673708348349779 2.6205916792188956e-05 0.0009463481705260081 -8.2211127499172749e-05 0.00071234063265594131 0.0012805046832866031 -9.9392836292305818e-05 0.00030079131860828793 -0.00011673419473774332 0.00020979717052163095 0.00017163348224151853 -9.7250258278144971e-05 0.0002791870469047903 0.00034601595122465907 -0.00036845066178377045
leaf_weight=5463 4748 42 980 53 2548 40 474 81 148 48 47 46 47 64 1309 49 7347 59 13244 109 50 620 103 2095 561 176 343 592 354 281
leaf_count=5463 4748 42 980 53 2548 40 474 81 148 48 47 46 47 64 1309 49 7347 59 13244 109 50 620 103 2095 561 176 343 592 354 281
internal_value=-0.000190049 -0.000394883 0.00109756 0.00151947 -0.000227841 -0.000123373 0.0025179 0.0064011 0.00330389 0.0087037 0.00447368 -0.000203886 0.00682796 -0.000227755 0.000306977 0.000225923 0.000539905 0.0116667 -0.000481961 0.000529349 -0.000743528 0.00137181 0.00807189 -0.000858682 0.000503809 -0.000953801 0.00229601 0.00312126 0.00237571 0.000841923
internal_weight=42121 36340 5781 4801 30877 28329 838 364 283 135 95 27491 93 27398 8828 8764 7455 108 18570 3816 14754 1334 153 2137 1181 13420 1679 1336 1227 873
internal_count=42121 36340 5781 4801 30877 28329 838 364 283 135 95 27491 93 27398 8828 8764 7455 108 18570 3816 14754 1334 153 2137 1181 13420 1679 1336 1227 873
is_linear=0
shrinkage=0.05


Tree=34
num_leaves=31
num_cat=0
split_feature=5 5 13 15 9 11 14 10 9 14 10 11 13 5 16 6 15 13 6 13 16 2 9 12 13 10 14 6 12 12
split_gain=3.33038 2.07293 1.55449 2.32454 1.58066 1.55663 1.4987 2.75417 3.62237 2.1294 3.57639 1.9585 1.64394 2.44541 1.57822 1.42122 1.37633 2.03512 1.36751 1.33384 1.68783 1.44767 1.31882 1.29436 2.69572 1.74956 1.63908 1.46275 1.33282 2.01548
threshold=0.013755457954904845 0.025475898343246112 17.945000648498539 0.015689988052579377 -0.18009581163652741 -0.028866673855592325 0.020125848996620292 -0.0010954591841218495 -0.051119035747943346 0.027456401234134179 1.0000000180025095e-35 0.027231962502118127 13.59500026702881 0.019355484592451722 0.02467512796267635 -0.67715934827358049 -0.012883508964400768 14.244999885559084 0.20441410087450967 17.224999427795414 -0.010009000096321606 -0.052370954307683175 -0.21609306865101793 -0.05793872793170584 24.779999732971195 -0.013327781970057238 0.26245601507157795 0.018308097366945889 -0.017915825060591469 -0.017226382723054597
decision_type=2 2 2 2 8 2 2 2 8 2 2 2 2 2 2 2 2 2 2 2 2 2 10 2 2 2 2 2 2 2
left_child=15 6 3 4 22 18 14 16 9 12 -11 -12 -9 -14 -2 -1 19 -18 -4 20 21 -8 -3 -19 26 27 28 -26 -25 -30
right_child=1 2 5 -5 -6 -7 7 8 -10 10 11 -13 13 -15 -16 -17 17 23 -20 -21 -22 -23 -24 24 25 -27 -28 -29 29 -31
leaf_value=-9.9685725214481477e-05 -1.1458688756771119e-05 0.00062083004677886524 0.00030468552140401487 0.0018677597230063086 0.00019079438058565323 -9.777193031253035e-06 -0.00018247374913764531 0.00018570336369211997 3.15268587273986e-05 0.00082867187431444854 -3.4875545068895117e-05 0.0007102678855530095 0.00067561529942206067 0.00066376265291888826 -0.00016294497038691702 -4.1130285220405156e-05 -0.00041370399937562351 -0.00025567020756602459 0.0010218628284064549 -0.0002661872562424438 -0.0002975904245293363 0.00042194031219837305 0.00096663910263610007 -0.0001462180176425557 0.00067716254134286694 0.0001472438982384013 0.00048166777753332789 0.0004470563537208614 0.00097148224420484327 5.7158649740145059e-05
leaf_weight=4031 13852 257 116 48 676 1255 61 50 1047 68 266 57 63 48 1475 12756 389 368 42 639 109 104 43 634 60 168 52 53 75 3137
leaf_count=4031 13852 257 116 48 676 1255 61 50 1047 68 266 57 63 48 1475 12756 389 368 42 639 109 104 43 634 60 168 52 53 75 3137
internal_value=-0.000224887 0.000138425 0.00152441 0.00300781 0.00247951 0.000449397 -9.88045e-06 0.000571964 0.00241088 0.0056884 0.00369565 0.00150155 0.0105279 0.0139189 -0.000292622 -0.000770538 6.92414e-05 0.000399107 0.00512658 -0.00171413 0.00120438 0.00439394 0.0055 0.000696062 0.000946397 0.00567616 0.000605437 0.0104867 0.000486218 0.00089975
internal_weight=41999 25212 2437 1024 976 1413 22775 7448 1599 552 391 323 161 111 15327 16787 5849 4936 158 913 274 165 300 4547 4179 281 3898 113 3846 3212
internal_count=41999 25212 2437 1024 976 1413 22775 7448 1599 552 391 323 161 111 15327 16787 5849 4936 158 913 274 165 300 4547 4179 281 3898 113 3846 3212
is_linear=0
shrinkage=0.05


Tree=35
num_leaves=31
num_cat=0
split_feature=4 13 6 11 12 14 14 10 10 9 14 2 13 13 9 9 12 2 10 14 10 14 10 7 11 9 14 14 12 10
split_gain=3.1888 2.50213 2.09397 1.27732 1.6023 2.22864 3.42325 5.33958 2.20349 2.81143 3.08084 1.68282 2.22359 1.26621 1.50263 1.24797 1.34709 1.7164 1.35733 2.64875 3.15096 1.87705 1.36288 1.34784 1.20811 1.1364 1.11851 1.65149 2.05154 3.29267
threshold=0.025705650713328563 49.655000686645515 0.34320542038594309 -0.0037227155807691976 0.038546150430795463 -0.0022749768251851816 -1.0000000180025095e-35 0.0094779140604006624 0.0017576086312266483 0.059790339037120062 0.025116667172691901 -0.0045449525986389063 13.174999713897707 12.765000343322756 -0.19741929199446998 -0.059813225942384023 -0.040334954813934058 0.04280725816472309 0.000540884636322292 0.026259504689798433 0.002139856175938371 -0.025685626403374347 -0.015213589282174643 0.010839364500577322 0.0035059532242039952 -0.17293903419738085 -0.13532199000438486 -0.093449770795740669 -0.017915825060591469 0.015821665920311759
decision_type=2 2 2 2 2 2 2 2 2 8 2 2 2 2 8 10 2 2 2 2 2 2 2 2 2 8 2 2 2 2
left_child=2 13 3 15 -5 24 7 -7 -8 10 11 -10 -13 14 -2 25 17 -17 22 20 21 23 -18 -20 -6 -1 -15 28 29 -28
right_child=1 -3 -4 4 5 6 8 -9 9 -11 -12 12 -14 26 -16 16 18 -19 19 -21 -22 -23 -24 -25 -26 -27 27 -29 -30 -31
leaf_value=0.00035474780216001813 0.0019478632362430791 0.00090470921053202851 1.0341065272808481e-05 -0.00011656814156740155 5.7557002079948347e-05 0.00064239611759304819 -0.00010354178687403261 -0.00014727085020768989 -6.5241989476245508e-05 -9.8691338718810183e-06 0.00059329109035524262 0.00012826472823951565 0.00085809480483383771 -0.00018021204347087999 -0.00027421619472170364 0.00029345275634115538 0.00019556356643526441 -0.00017197620002485986 0.00039967526651453342 0.0010314851054202281 -7.8697263165712226e-05 -2.5339166745149165e-06 -7.5251197035657215e-05 0.00036540793743090254 -0.00014332520743390718 -9.9176563898494767e-05 0.00046966488270084304 3.1462608775423001e-05 4.9626527436834377e-05 2.5621870004283507e-05
leaf_weight=75 41 48 6923 9212 392 79 909 61 87 348 44 67 46 665 550 172 201 49 74 54 525 75 1393 46 2035 2244 167 14908 474 168
leaf_count=75 41 48 6923 9212 392 79 909 61 87 348 44 67 46 665 550 172 201 49 74 54 525 75 1393 46 2035 2244 167 14908 474 168
internal_value=-0.000261323 0.000267022 -0.000619451 -0.000901145 -0.00115587 -0.000329401 0.00109384 0.00857143 0.000396401 0.00277027 0.00688524 0.00425 0.00827434 0.000234783 -0.00203892 -0.0002119 0.000542679 0.00427602 0.000194256 0.00191214 0.00111111 0.00653846 -0.000639901 0.0104167 -0.00129172 -0.00105433 0.00031681 0.000401793 0.00260198 0.00559701
internal_weight=42132 17021 25111 18188 13280 4068 1641 140 1501 592 244 200 113 16973 591 4908 2589 221 2368 774 720 195 1594 120 2427 2319 16382 15717 809 335
internal_count=42132 17021 25111 18188 13280 4068 1641 140 1501 592 244 200 113 16973 591 4908 2589 221 2368 774 720 195 1594 120 2427 2319 16382 15717 809 335
is_linear=0
shrinkage=0.05


Tree=36
num_leaves=31
num_cat=0
split_feature=4 6 12 6 14 14 11 10 9 10 15 12 14 10 4 14 14 13 11 11 12 9 1 9 8 12 11 11 9 5
split_gain=2.47589 2.27134 1.72807 1.75498 1.54002 3.05759 4.11335 1.9461 3.26238 2.19765 1.93625 4.24398 2.29974 2.69456 1.85725 1.8432 3.99846 4.05447 1.91337 3.37841 2.62029 2.03419 1.89037 1.68794 3.19791 1.64081 1.62166 1.72666 1.52026 1.48286
threshold=0.034576273392737313 -0.69190604175389259 -0.075828258528587975 3.9897796053565684 -0.015515001009757 -0.011298954547856009 0.027231962502118127 0.00021013037674633142 0.13421983597794732 -0.0021138805299539261 0.018574257663082742 0.040312415369648032 -0.0059106162699663059 0.00090086479202544656 0.023376796975577475 0.013406221047230662 0.021982133330242685 15.295000076293947 0.00036209902272010824 -0.0047792055268489611 0.035088519804199254 -0.071486025294209152 0.010647014041690108 0.11233950272215056 0.01039963485242912 0.048426875368409401 0.032599059043066377 0.013034509173491029 -0.019000392530675144 0.012223225414353505
decision_type=2 2 2 2 2 2 2 2 8 2 2 2 2 2 2 2 2 2 2 2 2 8 2 8 10 2 2 2 10 2
left_child=1 29 -2 -4 -3 6 7 8 9 -6 12 -12 -7 26 -13 -15 17 -17 19 -18 -20 22 -22 24 -19 -23 27 -14 -8 -1
right_child=2 4 3 -5 5 10 28 -9 -10 -11 11 14 13 15 -16 16 18 23 20 -21 21 25 -24 -25 -26 -27 -28 -29 -30 -31
leaf_value=-0.00014579164473493977 0.00047613183021204893 -6.3407163942446151e-05 5.1453915340741121e-05 0.00062298046485490801 0.00053374266280145741 -0.00022439291096961757 0.00064628402912042299 -2.062596457375834e-05 -0.00023354374620458996 0.00021964104086758877 -2.7429084425181609e-05 0.00084763249874579701 -9.8649270355262998e-06 1.9828147313407668e-05 0.0019012942804597596 -0.00035850765440827615 -0.0004024439767939729 0.00072837236086963162 -0.00018351069814059038 0.00096084392058750376 0.00014490685821088589 0.00042065403175022556 0.00054979912141322942 0.00023348552518661299 0.0011827010817571048 -5.8096726520250665e-05 0.00044704062901174986 -0.00018317031947689047 0.00036332462259979208 -4.2968839231145202e-05
leaf_weight=2384 278 11002 5462 46 53 1342 42 446 79 120 141 44 9184 1863 40 61 71 57 513 88 49 244 42 67 51 310 126 1280 53 6477
leaf_count=2384 278 11002 5462 46 53 1342 42 446 79 120 141 44 9184 1863 40 61 71 57 513 88 49 244 42 67 51 310 126 1280 53 6477
internal_value=-0.000274308 -0.000427697 0.000686138 0.00049201 -0.000202427 0.000105095 0.00313367 0.00180516 0.00531746 0.00916185 -4.91247e-05 0.00455555 -0.000116629 7.28247e-05 0.0134524 0.00129391 0.002566 0.00855932 0.00149203 0.00663522 0.000785836 0.00290698 0.00983516 0.0124286 0.0162963 0.00176895 -0.000321059 -0.000388954 0.0128947 -0.00112346
internal_weight=42015 36229 5786 5508 27368 16366 793 698 252 173 15573 225 15348 14006 84 3416 1553 236 1317 159 1158 645 91 175 108 554 10590 10464 95 8861
internal_count=42015 36229 5786 5508 27368 16366 793 698 252 173 15573 225 15348 14006 84 3416 1553 236 1317 159 1158 645 91 175 108 554 10590 10464 95 8861
is_linear=0
shrinkage=0.05


Tree=37
num_leaves=31
num_cat=0
split_feature=4 9 4 8 12 12 13 11 12 1 16 16 16 15 0 11 14 9 14 2 15 14 14 3 16 11 13 13 15 8
split_gain=3.1611 1.93064 1.7497 1.73414 1.81164 1.98717 1.84406 1.71024 2.31185 2.23287 1.84482 3.90116 1.58305 1.33039 1.47214 1.21145 1.18323 1.42311 1.875 1.30296 1.10799 1.31513 1.63233 1.70552 1.6366 1.10285 1.25716 3.1877 1.57637 1.14153
threshold=0.033438370509162901 0.018270994728948668 0.015520081269450639 -0.019297738116440807 0.04760809957201418 0.047942658028525827 12.230000019073488 -0.002761626055579391 0.027464748071709514 -0.016371633746067978 -0.0082788442057651328 -0.0099126335365240497 -0.028017014135146286 0.0089259826401779669 0.017388380673848184 0.057592534540540592 0.021982133330242685 -0.039665680953080533 0.02886495700878167 0.12850962583932771 0.0070380087521010335 -0.048976395362543328 -0.093449770795740669 0.0033874286674254743 0.013110252496348231 0.0070762794177224872 18.719999313354496 19.105000495910648 -0.0054675086591082769 0.02055284036159
decision_type=2 8 2 10 2 2 2 2 2 2 2 2 2 2 2 2 2 10 2 2 2 2 2 2 2 2 2 2 2 8
left_child=1 3 -3 -1 7 -6 -7 8 -5 -10 11 -9 -8 14 20 -2 19 18 -18 -14 25 22 -22 24 -24 -4 -27 29 -29 -28
right_child=15 2 13 4 5 6 12 10 9 -11 -12 -13 16 -15 -16 -17 17 -19 -20 -21 21 -23 23 -25 -26 26 27 28 -30 -31
leaf_value=-3.3015779184368531e-05 9.9730535809006154e-05 -0.00014559387763869386 -1.6613147061498086e-05 7.3917189784794343e-05 0.00056992691319797764 0.00087712236618704947 0.00067052009599034195 9.5213638471280306e-06 0.00053329385386643384 0.00025736961997627504 -6.8494716041755157e-05 0.00040602176048344586 -8.4676736714556656e-05 -0.00013236883332673474 7.4267612292952735e-05 -0.00028008523625350841 0.00053245768994738738 -7.8190581479032779e-05 5.3105281531396673e-05 0.0003944801951442378 -0.00018913065535440049 -1.4282215168739634e-05 1.5988039995178386e-05 0.00048091480659600362 0.00065600671659788541 -0.00011863854194891295 0.00041141776931315742 0.00012729009606057091 -0.00021516947327535453 0.00016901155738550719
leaf_weight=6701 6499 2135 9153 1232 57 57 40 488 53 114 2774 127 609 2595 1524 151 60 88 60 63 71 488 94 41 48 5923 89 232 381 80
leaf_count=6701 6499 2135 9153 1232 57 57 40 488 53 114 2774 127 609 2595 1524 151 60 88 60 63 71 488 94 41 48 5923 89 232 381 80
internal_value=-0.000248294 -0.000436302 -0.000709724 6.26835e-05 0.000693918 0.00259188 0.00206243 0.000284042 0.00175482 0.00727545 -0.000323105 0.00215447 0.00152174 -0.000569285 -0.000417679 0.000751879 0.00107954 0.004375 0.00791667 5.95226e-05 -0.000554218 0.00133423 0.00425197 0.00674863 0.00415493 -0.000642579 -0.00112976 0.000754475 -0.000921698 0.00683432
internal_weight=42027 35377 22854 12523 5822 1034 977 4788 1399 167 3389 615 920 20719 18124 6650 880 208 120 672 16600 742 254 183 142 15858 6705 782 613 169
internal_count=42027 35377 22854 12523 5822 1034 977 4788 1399 167 3389 615 920 20719 18124 6650 880 208 120 672 16600 742 254 183 142 15858 6705 782 613 169
is_linear=0
shrinkage=0.05


end of trees

feature_importances:
vix_level=127
spy_ret_5d=120
vix_chg_1d=114
sector_ret_5d=101
spy_ret_1d=99
spy_ret_20d=89
sector_ret_1d=81
dvol_z_20=77
parkinson_20=70
atr_pct=60
dist_ma200=52
overnight_gap=45
ret_1d=34
dist_ma50=24
ret_20d=19
ret_5d=18
dist_ma20=10

parameters:
[boosting: gbdt]
[objective: quantile]
[metric: quantile]
[tree_learner: serial]
[device_type: cpu]
[data_sample_strategy: bagging]
[data: ]
[valid: ]
[num_iterations: 120]
[learning_rate: 0.05]
[num_leaves: 31]
[num_threads: -1]
[seed: 0]
[deterministic: 0]
[force_col_wise: 1]
[force_row_wise: 0]
[histogram_pool_size: -1]
[max_depth: -1]
[min_data_in_leaf: 40]
[min_sum_hessian_in_leaf: 0.001]
[bagging_fraction: 0.85]
[pos_bagging_fraction: 1]
[neg_bagging_fraction: 1]
[bagging_freq: 1]
[bagging_seed: 3]
[bagging_by_query: 0]
[feature_fraction: 0.85]
[feature_fraction_bynode: 1]
[feature_fraction_seed: 2]
[extra_trees: 0]
[extra_seed: 6]
[early_stopping_round: 0]
[early_stopping_min_delta: 0]
[first_metric_only: 0]
[max_delta_step: 0]
[lambda_l1: 0]
[lambda_l2: 0]
[linear_lambda: 0]
[min_gain_to_split: 0]
[drop_rate: 0.1]
[max_drop: 50]
[skip_drop: 0.5]
[xgboost_dart_mode: 0]
[uniform_drop: 0]
[drop_seed: 4]
[top_rate: 0.2]
[other_rate: 0.1]
[min_data_per_group: 100]
[max_cat_threshold: 32]
[cat_l2: 10]
[cat_smooth: 10]
[max_cat_to_onehot: 4]
[top_k: 20]
[monotone_constraints: ]
[monotone_constraints_method: basic]
[monotone_penalty: 0]
[feature_contri: ]
[forcedsplits_filename: ]
[refit_decay_rate: 0.9]
[cegb_tradeoff: 1]
[cegb_penalty_split: 0]
[cegb_penalty_feature_lazy: ]
[cegb_penalty_feature_coupled: ]
[path_smooth: 0]
[interaction_constraints: ]
[verbosity: -1]
[saved_feature_importance_type: 0]
[use_quantized_grad: 0]
[num_grad_quant_bins: 4]
[quant_train_renew_leaf: 0]
[stochastic_rounding: 1]
[linear_tree: 0]
[max_bin: 255]
[max_bin_by_feature: ]
[min_data_in_bin: 3]
[bin_construct_sample_cnt: 200000]
[data_random_seed: 1]
[is_enable_sparse: 1]
[enable_bundle: 1]
[use_missing: 1]
[zero_as_missing: 0]
[feature_pre_filter: 1]
[pre_partition: 0]
[two_round: 0]
[header: 0]
[label_column: ]
[weight_column: ]
[group_column: ]
[ignore_column: ]
[categorical_feature: ]
[forcedbins_filename: ]
[precise_float_parser: 0]
[parser_config_file: ]
[objective_seed: 5]
[num_class: 1]
[is_unbalance: 0]
[scale_pos_weight: 1]
[sigmoid: 1]
[boost_from_average: 1]
[reg_sqrt: 0]
[alpha: 0.9]
[fair_c: 1]
[poisson_max_delta_step: 0.7]
[tweedie_variance_power: 1.5]
[lambdarank_truncation_level: 30]
[lambdarank_norm: 1]
[label_gain: ]
[lambdarank_position_bias_regularization: 0]
[eval_at: ]
[multi_error_top_k: 1]
[auc_mu_weights: ]
[num_machines: 1]
[local_listen_port: 12400]
[time_out: 120]
[machine_list_filename: ]
[machines: ]
[gpu_platform_id: -1]
[gpu_device_id: -1]
[gpu_device_id_list: ]
[gpu_use_dp: 0]
[num_gpu: 1]

end of parameters

pandas_categorical:[]
